t_sec,pose_x,pose_y,pose_z,pose_roll,pose_pitch,pose_yaw,status_battery_voltage,raw_battery_voltage,filt_battery_voltage,cmd_x,cmd_y,cmd_z,cmd_yaw,est_vx,est_vy,est_vz,est_ax,est_ay,est_az,gyro_x,gyro_y,gyro_z,angAcc_x,angAcc_y,angAcc_z,velDes_vx,velDes_vy,velDes_vz,attDes_roll,attDes_pitch,attDes_yaw,motor_f1,motor_f2,motor_f3,motor_f4,motor_f1_scaled,motor_f2_scaled,motor_f3_scaled,motor_f4_scaled,bodyInFx,bodyInFy,bodyInFz,droneWorldFx,droneWorldFy,droneWorldFz,droneWorldFx_scaled,droneWorldFy_scaled,droneWorldFz_scaled,zero_bias_count,rateDes_roll,rateDes_pitch,rateDes_yaw,age_pose,age_status,age_cf_voltage,age_cmd_position,age_stateEstimate_velocity,age_stateEstimate_acc,age_gyro_feedback,age_vel_des,age_att_des,age_rate_des,age_cf_motor_force,age_cf_motor_force_scaled,age_cf_body_input_force,age_cf_world_force,age_cf_F_input_scaled,age_cf_zero_bias_dbg,validity_bitmask
1779041160.7090580463,nan,nan,nan,nan,nan,nan,nan,nan,nan,nan,nan,nan,nan,nan,nan,nan,nan,nan,nan,nan,nan,nan,nan,nan,nan,nan,nan,nan,nan,nan,nan,nan,nan,nan,nan,nan,nan,nan,nan,nan,nan,nan,nan,nan,nan,nan,nan,nan,nan,nan,nan,nan,inf,inf,inf,inf,inf,inf,inf,inf,inf,inf,inf,inf,inf,inf,inf,inf,1
1779041160.7190694809,nan,nan,nan,nan,nan,nan,nan,nan,nan,nan,nan,nan,nan,nan,nan,nan,nan,nan,nan,nan,nan,nan,nan,nan,nan,nan,nan,nan,nan,nan,nan,nan,nan,nan,nan,nan,nan,nan,nan,nan,nan,nan,nan,nan,nan,nan,nan,nan,nan,nan,nan,nan,inf,inf,inf,inf,inf,inf,inf,inf,inf,inf,inf,inf,inf,inf,inf,inf,3
1779041160.7290306091,nan,nan,nan,nan,nan,nan,nan,nan,nan,nan,nan,nan,nan,nan,nan,nan,nan,nan,nan,nan,nan,nan,nan,nan,nan,nan,nan,nan,nan,nan,nan,nan,nan,nan,nan,nan,nan,nan,nan,nan,nan,nan,nan,nan,nan,nan,nan,nan,nan,nan,nan,nan,inf,inf,inf,inf,inf,inf,inf,inf,inf,inf,inf,inf,inf,inf,inf,inf,3
1779041160.7390820980,nan,nan,nan,nan,nan,nan,nan,nan,nan,nan,nan,nan,nan,nan,nan,nan,nan,nan,nan,nan,nan,nan,nan,nan,nan,nan,nan,nan,nan,nan,nan,nan,nan,nan,nan,nan,nan,nan,nan,nan,nan,nan,nan,nan,nan,nan,nan,nan,nan,nan,nan,nan,inf,inf,inf,inf,inf,inf,inf,inf,inf,inf,inf,inf,inf,inf,inf,inf,3
1779041160.7490892410,nan,nan,nan,nan,nan,nan,nan,nan,nan,nan,nan,nan,nan,nan,nan,nan,nan,nan,nan,nan,nan,nan,nan,nan,nan,nan,nan,nan,nan,nan,nan,nan,nan,nan,nan,nan,nan,nan,nan,nan,nan,nan,nan,nan,nan,nan,nan,nan,nan,nan,nan,nan,inf,inf,inf,inf,inf,inf,inf,inf,inf,inf,inf,inf,inf,inf,inf,inf,3
1779041160.7590756416,nan,nan,nan,nan,nan,nan,nan,nan,nan,nan,nan,nan,nan,nan,nan,nan,nan,nan,nan,nan,nan,nan,nan,nan,nan,nan,nan,nan,nan,nan,nan,nan,nan,nan,nan,nan,nan,nan,nan,nan,nan,nan,nan,nan,nan,nan,nan,nan,nan,nan,nan,nan,inf,inf,inf,inf,inf,inf,inf,inf,inf,inf,inf,inf,inf,inf,inf,inf,3
1779041160.7690703869,nan,nan,nan,nan,nan,nan,nan,nan,nan,nan,nan,nan,nan,nan,nan,nan,nan,nan,nan,nan,nan,nan,nan,nan,nan,nan,nan,nan,nan,nan,nan,nan,nan,nan,nan,nan,nan,nan,nan,nan,nan,nan,nan,nan,nan,nan,nan,nan,nan,nan,nan,nan,inf,inf,inf,inf,inf,inf,inf,inf,inf,inf,inf,inf,inf,inf,inf,inf,3
1779041160.7791121006,0.0421192273,0.0287940074,0.0909859091,-0.0083026475,0.0000000000,0.0000000000,nan,nan,nan,nan,nan,nan,nan,nan,nan,nan,nan,nan,nan,nan,nan,nan,nan,nan,nan,nan,nan,nan,nan,nan,nan,nan,nan,nan,nan,nan,nan,nan,nan,nan,nan,nan,nan,nan,nan,nan,nan,nan,nan,nan,nan,nan,0.0000116825,inf,inf,inf,inf,inf,inf,inf,inf,inf,inf,inf,inf,inf,inf,inf,7
1779041160.7890944481,0.0421196818,0.0287844501,0.0909896418,-0.0083026475,0.0000000000,0.0000000000,nan,nan,nan,nan,nan,nan,nan,nan,nan,nan,nan,nan,nan,nan,nan,nan,nan,nan,nan,nan,nan,nan,nan,nan,nan,nan,nan,nan,nan,nan,nan,nan,nan,nan,nan,nan,nan,nan,nan,nan,nan,nan,nan,nan,nan,nan,0.0000073910,inf,inf,inf,inf,inf,inf,inf,inf,inf,inf,inf,inf,inf,inf,inf,7
1779041160.7990787029,0.0421196818,0.0287844501,0.0909896418,-0.0083026475,0.0000000000,0.0000000000,nan,nan,nan,nan,nan,nan,nan,nan,nan,nan,nan,nan,nan,nan,nan,nan,nan,nan,nan,nan,nan,nan,nan,nan,nan,nan,nan,nan,nan,nan,nan,nan,nan,nan,nan,nan,nan,nan,nan,nan,nan,nan,nan,nan,nan,nan,0.0099916458,inf,inf,inf,inf,inf,inf,inf,inf,inf,inf,inf,inf,inf,inf,inf,7
1779041160.8090581894,0.0421211496,0.0287818462,0.0909955129,-0.0083026475,0.0000000000,0.0000000000,nan,nan,nan,nan,nan,nan,nan,nan,nan,nan,nan,nan,nan,nan,nan,nan,nan,nan,nan,nan,nan,nan,nan,nan,nan,nan,nan,nan,nan,nan,nan,nan,nan,nan,nan,nan,nan,nan,nan,nan,nan,nan,nan,nan,nan,nan,0.0000064373,inf,inf,inf,inf,inf,inf,inf,inf,inf,inf,inf,inf,inf,inf,inf,7
1779041160.8190894127,0.0421211496,0.0287818462,0.0909955129,-0.0083026475,0.0000000000,0.0000000000,nan,nan,nan,nan,nan,nan,nan,nan,nan,nan,nan,nan,nan,nan,nan,nan,nan,nan,nan,nan,nan,nan,nan,nan,nan,nan,nan,nan,nan,nan,nan,nan,nan,nan,nan,nan,nan,nan,nan,nan,nan,nan,nan,nan,nan,nan,0.0100376606,inf,inf,inf,inf,inf,inf,inf,inf,inf,inf,inf,inf,inf,inf,inf,7
1779041160.8290553093,0.0421211496,0.0287818462,0.0909955129,-0.0083026475,0.0000000000,0.0000000000,nan,nan,nan,nan,nan,nan,nan,nan,nan,nan,nan,nan,nan,nan,nan,nan,nan,nan,nan,nan,nan,nan,nan,nan,nan,nan,nan,nan,nan,nan,nan,nan,nan,nan,nan,nan,nan,nan,nan,nan,nan,nan,nan,nan,nan,nan,0.0200035572,inf,inf,inf,inf,inf,inf,inf,inf,inf,inf,inf,inf,inf,inf,inf,7
1779041160.8390662670,0.0421211496,0.0287818462,0.0909955129,-0.0083026475,0.0000000000,0.0000000000,nan,nan,nan,nan,nan,nan,nan,nan,nan,nan,nan,nan,nan,nan,nan,nan,nan,nan,nan,nan,nan,nan,nan,nan,nan,nan,nan,nan,nan,nan,nan,nan,nan,nan,nan,nan,nan,nan,nan,nan,nan,nan,nan,nan,nan,nan,0.0300145149,inf,inf,inf,inf,inf,inf,inf,inf,inf,inf,inf,inf,inf,inf,inf,7
1779041160.8490777016,0.0421211496,0.0287818462,0.0909955129,-0.0083026475,0.0000000000,0.0000000000,nan,nan,nan,nan,nan,nan,nan,nan,nan,nan,nan,nan,nan,nan,nan,nan,nan,nan,nan,nan,nan,nan,nan,nan,nan,nan,nan,nan,nan,nan,nan,nan,nan,nan,nan,nan,nan,nan,nan,nan,nan,nan,nan,nan,nan,nan,0.0400259495,inf,inf,inf,inf,inf,inf,inf,inf,inf,inf,inf,inf,inf,inf,inf,7
1779041160.8591282368,0.0421214364,0.0287839454,0.0910025090,-0.0083026475,0.0000000000,0.0000000000,nan,nan,nan,nan,nan,nan,nan,nan,nan,nan,nan,nan,nan,nan,nan,nan,nan,nan,nan,nan,nan,nan,nan,nan,nan,nan,nan,nan,nan,nan,nan,nan,nan,nan,nan,nan,nan,nan,nan,nan,nan,nan,nan,nan,nan,nan,0.0000088215,inf,inf,inf,inf,inf,inf,inf,inf,inf,inf,inf,inf,inf,inf,inf,7
1779041160.8690149784,0.0421214364,0.0287839454,0.0910025090,-0.0083026475,0.0000000000,0.0000000000,nan,nan,nan,nan,nan,nan,nan,nan,nan,nan,nan,nan,nan,nan,nan,nan,nan,nan,nan,nan,nan,nan,nan,nan,nan,nan,nan,nan,nan,nan,nan,nan,nan,nan,nan,nan,nan,nan,nan,nan,nan,nan,nan,nan,nan,nan,0.0098955631,inf,inf,inf,inf,inf,inf,inf,inf,inf,inf,inf,inf,inf,inf,inf,7
1779041160.8790185452,0.0421214364,0.0287839454,0.0910025090,-0.0083026475,0.0000000000,0.0000000000,nan,nan,nan,nan,nan,nan,nan,nan,nan,nan,nan,nan,nan,nan,nan,nan,nan,nan,nan,nan,nan,nan,nan,nan,nan,nan,nan,nan,nan,nan,nan,nan,nan,nan,nan,nan,nan,nan,nan,nan,nan,nan,nan,nan,nan,nan,0.0198991299,inf,inf,inf,inf,inf,inf,inf,inf,inf,inf,inf,inf,inf,inf,inf,7
1779041160.8891131878,0.0421214364,0.0287839454,0.0910025090,-0.0083026475,0.0000000000,0.0000000000,nan,nan,nan,nan,nan,nan,nan,nan,nan,nan,nan,nan,nan,nan,nan,nan,nan,nan,nan,nan,nan,nan,nan,nan,nan,nan,nan,nan,nan,nan,nan,nan,nan,nan,nan,nan,nan,nan,nan,nan,nan,nan,nan,nan,nan,nan,0.0299937725,inf,inf,inf,inf,inf,inf,inf,inf,inf,inf,inf,inf,inf,inf,inf,7
1779041160.8990356922,0.0421214364,0.0287839454,0.0910025090,-0.0083026475,0.0000000000,0.0000000000,nan,nan,nan,nan,nan,nan,nan,nan,nan,nan,nan,nan,nan,nan,nan,nan,nan,nan,nan,nan,nan,nan,nan,nan,nan,nan,nan,nan,nan,nan,nan,nan,nan,nan,nan,nan,nan,nan,nan,nan,nan,nan,nan,nan,nan,nan,0.0399162769,inf,inf,inf,inf,inf,inf,inf,inf,inf,inf,inf,inf,inf,inf,inf,7
1779041160.9090275764,0.0422454067,0.0285333842,0.0909974277,-0.0083026475,0.0000000000,0.0000000000,nan,nan,nan,nan,nan,nan,nan,nan,nan,nan,nan,nan,nan,nan,nan,nan,nan,nan,nan,nan,nan,nan,nan,nan,nan,nan,nan,nan,nan,nan,nan,nan,nan,nan,nan,nan,nan,nan,nan,nan,nan,nan,nan,nan,nan,nan,0.0000064373,inf,inf,inf,inf,inf,inf,inf,inf,inf,inf,inf,inf,inf,inf,inf,7
1779041160.9190795422,0.0422454067,0.0285333842,0.0909974277,-0.0083026475,0.0000000000,0.0000000000,nan,nan,nan,nan,nan,nan,nan,nan,nan,nan,nan,nan,nan,nan,nan,nan,nan,nan,nan,nan,nan,nan,nan,nan,nan,nan,nan,nan,nan,nan,nan,nan,nan,nan,nan,nan,nan,nan,nan,nan,nan,nan,nan,nan,nan,nan,0.0100584030,inf,inf,inf,inf,inf,inf,inf,inf,inf,inf,inf,inf,inf,inf,inf,7
1779041160.9290952682,0.0422454067,0.0285333842,0.0909974277,-0.0083026475,0.0000000000,0.0000000000,nan,nan,nan,nan,nan,nan,nan,nan,nan,nan,nan,nan,nan,nan,nan,nan,nan,nan,nan,nan,nan,nan,nan,nan,nan,nan,nan,nan,nan,nan,nan,nan,nan,nan,nan,nan,nan,nan,nan,nan,nan,nan,nan,nan,nan,nan,0.0200741291,inf,inf,inf,inf,inf,inf,inf,inf,inf,inf,inf,inf,inf,inf,inf,7
1779041160.9390599728,0.0422454067,0.0285333842,0.0909974277,-0.0083026475,0.0000000000,0.0000000000,nan,nan,nan,nan,nan,nan,nan,nan,nan,nan,nan,nan,nan,nan,nan,nan,nan,nan,nan,nan,nan,nan,nan,nan,nan,nan,nan,nan,nan,nan,nan,nan,nan,nan,nan,nan,nan,nan,nan,nan,nan,nan,nan,nan,nan,nan,0.0300388336,inf,inf,inf,inf,inf,inf,inf,inf,inf,inf,inf,inf,inf,inf,inf,7
1779041160.9490878582,0.0422454067,0.0285333842,0.0909974277,-0.0083026475,0.0000000000,0.0000000000,nan,nan,nan,nan,nan,nan,nan,nan,nan,nan,nan,nan,nan,nan,nan,nan,nan,nan,nan,nan,nan,nan,nan,nan,nan,nan,nan,nan,nan,nan,nan,nan,nan,nan,nan,nan,nan,nan,nan,nan,nan,nan,nan,nan,nan,nan,0.0400667191,inf,inf,inf,inf,inf,inf,inf,inf,inf,inf,inf,inf,inf,inf,inf,7
1779041160.9590392113,0.0421106219,0.0287982486,0.0910032243,-0.0083026475,0.0000000000,0.0000000000,nan,nan,nan,nan,nan,nan,nan,nan,nan,nan,nan,nan,nan,nan,nan,nan,nan,nan,nan,nan,nan,nan,nan,nan,nan,nan,nan,nan,nan,nan,nan,nan,nan,nan,nan,nan,nan,nan,nan,nan,nan,nan,nan,nan,nan,nan,0.0000071526,inf,inf,inf,inf,inf,inf,inf,inf,inf,inf,inf,inf,inf,inf,inf,7
1779041160.9690740108,0.0421106219,0.0287982486,0.0910032243,-0.0083026475,0.0000000000,0.0000000000,nan,nan,nan,nan,nan,nan,nan,nan,nan,nan,nan,nan,nan,nan,nan,nan,nan,nan,nan,nan,nan,nan,nan,nan,nan,nan,nan,nan,nan,nan,nan,nan,nan,nan,nan,nan,nan,nan,nan,nan,nan,nan,nan,nan,nan,nan,0.0100419521,inf,inf,inf,inf,inf,inf,inf,inf,inf,inf,inf,inf,inf,inf,inf,7
1779041160.9791281223,0.0421106219,0.0287982486,0.0910032243,-0.0083026475,0.0000000000,0.0000000000,nan,nan,nan,nan,nan,nan,nan,nan,nan,nan,nan,nan,nan,nan,nan,nan,nan,nan,nan,nan,nan,nan,nan,nan,nan,nan,nan,nan,nan,nan,nan,nan,nan,nan,nan,nan,nan,nan,nan,nan,nan,nan,nan,nan,nan,nan,0.0200960636,inf,inf,inf,inf,inf,inf,inf,inf,inf,inf,inf,inf,inf,inf,inf,7
1779041160.9891128540,0.0421106219,0.0287982486,0.0910032243,-0.0083026475,0.0000000000,0.0000000000,nan,nan,nan,nan,nan,nan,nan,nan,nan,nan,nan,nan,nan,nan,nan,nan,nan,nan,nan,nan,nan,nan,nan,nan,nan,nan,nan,nan,nan,nan,nan,nan,nan,nan,nan,nan,nan,nan,nan,nan,nan,nan,nan,nan,nan,nan,0.0300807953,inf,inf,inf,inf,inf,inf,inf,inf,inf,inf,inf,inf,inf,inf,inf,7
1779041160.9990966320,0.0421106219,0.0287982486,0.0910032243,-0.0083026475,0.0000000000,0.0000000000,nan,nan,nan,nan,nan,nan,nan,nan,nan,nan,nan,nan,nan,nan,nan,nan,nan,nan,nan,nan,nan,nan,nan,nan,nan,nan,nan,nan,nan,nan,nan,nan,nan,nan,nan,nan,nan,nan,nan,nan,nan,nan,nan,nan,nan,nan,0.0400645733,inf,inf,inf,inf,inf,inf,inf,inf,inf,inf,inf,inf,inf,inf,inf,7
1779041161.0090639591,0.0421081819,0.0288012102,0.0910014808,-0.0083026475,0.0000000000,0.0000000000,nan,nan,nan,nan,nan,nan,nan,nan,nan,nan,nan,nan,nan,nan,nan,nan,nan,nan,nan,nan,nan,nan,nan,nan,nan,nan,nan,nan,nan,nan,nan,nan,nan,nan,nan,nan,nan,nan,nan,nan,nan,nan,nan,nan,nan,nan,0.0000107288,inf,inf,inf,inf,inf,inf,inf,inf,inf,inf,inf,inf,inf,inf,inf,7
1779041161.0192508698,0.0421081819,0.0288012102,0.0910014808,-0.0083026475,0.0000000000,0.0000000000,nan,nan,nan,nan,nan,nan,nan,nan,nan,nan,nan,nan,nan,nan,nan,nan,nan,nan,nan,nan,nan,nan,nan,nan,nan,nan,nan,nan,nan,nan,nan,nan,nan,nan,nan,nan,nan,nan,nan,nan,nan,nan,nan,nan,nan,nan,0.0101976395,inf,inf,inf,inf,inf,inf,inf,inf,inf,inf,inf,inf,inf,inf,inf,7
1779041161.0291643143,0.0421081819,0.0288012102,0.0910014808,-0.0083026475,0.0000000000,0.0000000000,nan,nan,nan,nan,nan,nan,nan,nan,nan,nan,nan,nan,nan,nan,nan,nan,nan,nan,nan,nan,nan,nan,nan,nan,nan,nan,nan,nan,nan,nan,nan,nan,nan,nan,nan,nan,nan,nan,nan,nan,nan,nan,nan,nan,nan,nan,0.0201110840,inf,inf,inf,inf,inf,inf,inf,inf,inf,inf,inf,inf,inf,inf,inf,7
1779041161.0390927792,0.0421081819,0.0288012102,0.0910014808,-0.0083026475,0.0000000000,0.0000000000,nan,nan,nan,nan,nan,nan,nan,nan,nan,nan,nan,nan,nan,nan,nan,nan,nan,nan,nan,nan,nan,nan,nan,nan,nan,nan,nan,nan,nan,nan,nan,nan,nan,nan,nan,nan,nan,nan,nan,nan,nan,nan,nan,nan,nan,nan,0.0300395489,inf,inf,inf,inf,inf,inf,inf,inf,inf,inf,inf,inf,inf,inf,inf,7
1779041161.0491502285,0.0421081819,0.0288012102,0.0910014808,-0.0083026475,0.0000000000,0.0000000000,nan,nan,nan,nan,nan,nan,nan,nan,nan,nan,nan,nan,nan,nan,nan,nan,nan,nan,nan,nan,nan,nan,nan,nan,nan,nan,nan,nan,nan,nan,nan,nan,nan,nan,nan,nan,nan,nan,nan,nan,nan,nan,nan,nan,nan,nan,0.0400969982,inf,inf,inf,inf,inf,inf,inf,inf,inf,inf,inf,inf,inf,inf,inf,7
1779041161.0590944290,0.0420968644,0.0288005583,0.0909979492,-0.0083026475,0.0000000000,0.0000000000,nan,nan,nan,nan,nan,nan,nan,nan,nan,nan,nan,nan,nan,nan,nan,nan,nan,nan,nan,nan,nan,nan,nan,nan,nan,nan,nan,nan,nan,nan,nan,nan,nan,nan,nan,nan,nan,nan,nan,nan,nan,nan,nan,nan,nan,nan,0.0000133514,inf,inf,inf,inf,inf,inf,inf,inf,inf,inf,inf,inf,inf,inf,inf,7
1779041161.0690889359,0.0420968644,0.0288005583,0.0909979492,-0.0083026475,0.0000000000,0.0000000000,nan,nan,nan,nan,nan,nan,nan,nan,nan,nan,nan,nan,nan,nan,nan,nan,nan,nan,nan,nan,nan,nan,nan,nan,nan,nan,nan,nan,nan,nan,nan,nan,nan,nan,nan,nan,nan,nan,nan,nan,nan,nan,nan,nan,nan,nan,0.0100078583,inf,inf,inf,inf,inf,inf,inf,inf,inf,inf,inf,inf,inf,inf,inf,7
1779041161.0790948868,0.0420968644,0.0288005583,0.0909979492,-0.0083026475,0.0000000000,0.0000000000,nan,nan,nan,nan,nan,nan,nan,nan,nan,nan,nan,nan,nan,nan,nan,nan,nan,nan,nan,nan,nan,nan,nan,nan,nan,nan,nan,nan,nan,nan,nan,nan,nan,nan,nan,nan,nan,nan,nan,nan,nan,nan,nan,nan,nan,nan,0.0200138092,inf,inf,inf,inf,inf,inf,inf,inf,inf,inf,inf,inf,inf,inf,inf,7
1779041161.0890791416,0.0420968644,0.0288005583,0.0909979492,-0.0083026475,0.0000000000,0.0000000000,nan,nan,nan,nan,nan,nan,nan,nan,nan,nan,nan,nan,nan,nan,nan,nan,nan,nan,nan,nan,nan,nan,nan,nan,nan,nan,nan,nan,nan,nan,nan,nan,nan,nan,nan,nan,nan,nan,nan,nan,nan,nan,nan,nan,nan,nan,0.0299980640,inf,inf,inf,inf,inf,inf,inf,inf,inf,inf,inf,inf,inf,inf,inf,7
1779041161.0991039276,0.0420968644,0.0288005583,0.0909979492,-0.0083026475,0.0000000000,0.0000000000,nan,nan,nan,nan,nan,nan,nan,nan,nan,nan,nan,nan,nan,nan,nan,nan,nan,nan,nan,nan,nan,nan,nan,nan,nan,nan,nan,nan,nan,nan,nan,nan,nan,nan,nan,nan,nan,nan,nan,nan,nan,nan,nan,nan,nan,nan,0.0400228500,inf,inf,inf,inf,inf,inf,inf,inf,inf,inf,inf,inf,inf,inf,inf,7
1779041161.1091015339,0.0421049818,0.0287949126,0.0910012871,-0.0083026475,0.0000000000,0.0000000000,nan,nan,nan,nan,nan,nan,nan,nan,nan,nan,nan,nan,nan,nan,nan,nan,nan,nan,nan,nan,nan,nan,nan,nan,nan,nan,nan,nan,nan,nan,nan,nan,nan,nan,nan,nan,nan,nan,nan,nan,nan,nan,nan,nan,nan,nan,0.0000104904,inf,inf,inf,inf,inf,inf,inf,inf,inf,inf,inf,inf,inf,inf,inf,7
1779041161.1191017628,0.0421049818,0.0287949126,0.0910012871,-0.0083026475,0.0000000000,0.0000000000,nan,nan,nan,nan,nan,nan,nan,nan,nan,nan,nan,nan,nan,nan,nan,nan,nan,nan,nan,nan,nan,nan,nan,nan,nan,nan,nan,nan,nan,nan,nan,nan,nan,nan,nan,nan,nan,nan,nan,nan,nan,nan,nan,nan,nan,nan,0.0100107193,inf,inf,inf,inf,inf,inf,inf,inf,inf,inf,inf,inf,inf,inf,inf,7
1779041161.1290404797,0.0421049818,0.0287949126,0.0910012871,-0.0083026475,0.0000000000,0.0000000000,nan,nan,nan,nan,nan,nan,nan,nan,nan,nan,nan,nan,nan,nan,nan,nan,nan,nan,nan,nan,nan,nan,nan,nan,nan,nan,nan,nan,nan,nan,nan,nan,nan,nan,nan,nan,nan,nan,nan,nan,nan,nan,nan,nan,nan,nan,0.0199494362,inf,inf,inf,inf,inf,inf,inf,inf,inf,inf,inf,inf,inf,inf,inf,7
1779041161.1390340328,0.0421049818,0.0287949126,0.0910012871,-0.0083026475,0.0000000000,0.0000000000,nan,nan,nan,nan,nan,nan,nan,nan,nan,nan,nan,nan,nan,nan,nan,nan,nan,nan,nan,nan,nan,nan,nan,nan,nan,nan,nan,nan,nan,nan,nan,nan,nan,nan,nan,nan,nan,nan,nan,nan,nan,nan,nan,nan,nan,nan,0.0299429893,inf,inf,inf,inf,inf,inf,inf,inf,inf,inf,inf,inf,inf,inf,inf,7
1779041161.1490664482,0.0421049818,0.0287949126,0.0910012871,-0.0083026475,0.0000000000,0.0000000000,nan,nan,nan,nan,nan,nan,nan,nan,nan,nan,nan,nan,nan,nan,nan,nan,nan,nan,nan,nan,nan,nan,nan,nan,nan,nan,nan,nan,nan,nan,nan,nan,nan,nan,nan,nan,nan,nan,nan,nan,nan,nan,nan,nan,nan,nan,0.0399754047,inf,inf,inf,inf,inf,inf,inf,inf,inf,inf,inf,inf,inf,inf,inf,7
1779041161.1590688229,0.0421157405,0.0287956856,0.0909963772,-0.0083026475,0.0000000000,0.0000000000,nan,nan,nan,nan,nan,nan,nan,nan,nan,nan,nan,nan,nan,nan,nan,nan,nan,nan,nan,nan,nan,nan,nan,nan,nan,nan,nan,nan,nan,nan,nan,nan,nan,nan,nan,nan,nan,nan,nan,nan,nan,nan,nan,nan,nan,nan,0.0000121593,inf,inf,inf,inf,inf,inf,inf,inf,inf,inf,inf,inf,inf,inf,inf,7
1779041161.1690833569,0.0421157405,0.0287956856,0.0909963772,-0.0083026475,0.0000000000,0.0000000000,nan,nan,nan,nan,nan,nan,nan,nan,nan,nan,nan,nan,nan,nan,nan,nan,nan,nan,nan,nan,nan,nan,nan,nan,nan,nan,nan,nan,nan,nan,nan,nan,nan,nan,nan,nan,nan,nan,nan,nan,nan,nan,nan,nan,nan,nan,0.0100266933,inf,inf,inf,inf,inf,inf,inf,inf,inf,inf,inf,inf,inf,inf,inf,7
1779041161.1790938377,0.0421157405,0.0287956856,0.0909963772,-0.0083026475,0.0000000000,0.0000000000,nan,nan,nan,nan,nan,nan,nan,nan,nan,nan,nan,nan,nan,nan,nan,nan,nan,nan,nan,nan,nan,nan,nan,nan,nan,nan,nan,nan,nan,nan,nan,nan,nan,nan,nan,nan,nan,nan,nan,nan,nan,nan,nan,nan,nan,nan,0.0200371742,inf,inf,inf,inf,inf,inf,inf,inf,inf,inf,inf,inf,inf,inf,inf,7
1779041161.1891055107,0.0421157405,0.0287956856,0.0909963772,-0.0083026475,0.0000000000,0.0000000000,nan,nan,nan,nan,nan,nan,nan,nan,nan,nan,nan,nan,nan,nan,nan,nan,nan,nan,nan,nan,nan,nan,nan,nan,nan,nan,nan,nan,nan,nan,nan,nan,nan,nan,nan,nan,nan,nan,nan,nan,nan,nan,nan,nan,nan,nan,0.0300488472,inf,inf,inf,inf,inf,inf,inf,inf,inf,inf,inf,inf,inf,inf,inf,7
1779041161.1991090775,0.0421157405,0.0287956856,0.0909963772,-0.0083026475,0.0000000000,0.0000000000,nan,nan,nan,nan,nan,nan,nan,nan,nan,nan,nan,nan,nan,nan,nan,nan,nan,nan,nan,nan,nan,nan,nan,nan,nan,nan,nan,nan,nan,nan,nan,nan,nan,nan,nan,nan,nan,nan,nan,nan,nan,nan,nan,nan,nan,nan,0.0400524139,inf,inf,inf,inf,inf,inf,inf,inf,inf,inf,inf,inf,inf,inf,inf,7
1779041161.2090868950,0.0421193689,0.0287905615,0.0909904465,-0.0083026475,0.0000000000,0.0000000000,nan,nan,nan,nan,nan,nan,nan,nan,nan,nan,nan,nan,nan,nan,nan,nan,nan,nan,nan,nan,nan,nan,nan,nan,nan,nan,nan,nan,nan,nan,nan,nan,nan,nan,nan,nan,nan,nan,nan,nan,nan,nan,nan,nan,nan,nan,0.0000121593,inf,inf,inf,inf,inf,inf,inf,inf,inf,inf,inf,inf,inf,inf,inf,7
1779041161.2190704346,0.0421193689,0.0287905615,0.0909904465,-0.0083026475,0.0000000000,0.0000000000,nan,nan,nan,nan,nan,nan,nan,nan,nan,nan,nan,nan,nan,nan,nan,nan,nan,nan,nan,nan,nan,nan,nan,nan,nan,nan,nan,nan,nan,nan,nan,nan,nan,nan,nan,nan,nan,nan,nan,nan,nan,nan,nan,nan,nan,nan,0.0099956989,inf,inf,inf,inf,inf,inf,inf,inf,inf,inf,inf,inf,inf,inf,inf,7
1779041161.2290737629,0.0421193689,0.0287905615,0.0909904465,-0.0083026475,0.0000000000,0.0000000000,nan,nan,nan,nan,nan,nan,nan,nan,nan,nan,nan,nan,nan,nan,nan,nan,nan,nan,nan,nan,nan,nan,nan,nan,nan,nan,nan,nan,nan,nan,nan,nan,nan,nan,nan,nan,nan,nan,nan,nan,nan,nan,nan,nan,nan,nan,0.0199990273,inf,inf,inf,inf,inf,inf,inf,inf,inf,inf,inf,inf,inf,inf,inf,7
1779041161.2390608788,0.0421193689,0.0287905615,0.0909904465,-0.0083026475,0.0000000000,0.0000000000,nan,nan,nan,nan,nan,nan,nan,nan,nan,nan,nan,nan,nan,nan,nan,nan,nan,nan,nan,nan,nan,nan,nan,nan,nan,nan,nan,nan,nan,nan,nan,nan,nan,nan,nan,nan,nan,nan,nan,nan,nan,nan,nan,nan,nan,nan,0.0299861431,inf,inf,inf,inf,inf,inf,inf,inf,inf,inf,inf,inf,inf,inf,inf,7
1779041161.2490196228,0.0421193689,0.0287905615,0.0909904465,-0.0083026475,0.0000000000,0.0000000000,nan,nan,nan,nan,nan,nan,nan,nan,nan,nan,nan,nan,nan,nan,nan,nan,nan,nan,nan,nan,nan,nan,nan,nan,nan,nan,nan,nan,nan,nan,nan,nan,nan,nan,nan,nan,nan,nan,nan,nan,nan,nan,nan,nan,nan,nan,0.0399448872,inf,inf,inf,inf,inf,inf,inf,inf,inf,inf,inf,inf,inf,inf,inf,7
1779041161.2590348721,0.0421223640,0.0287903808,0.0909901708,-0.0083026475,0.0000000000,0.0000000000,nan,nan,nan,nan,nan,nan,nan,nan,nan,nan,nan,nan,nan,nan,nan,nan,nan,nan,nan,nan,nan,nan,nan,nan,nan,nan,nan,nan,nan,nan,nan,nan,nan,nan,nan,nan,nan,nan,nan,nan,nan,nan,nan,nan,nan,nan,0.0000083447,inf,inf,inf,inf,inf,inf,inf,inf,inf,inf,inf,inf,inf,inf,inf,7
1779041161.2691104412,0.0421223640,0.0287903808,0.0909901708,-0.0083026475,0.0000000000,0.0000000000,nan,nan,nan,nan,nan,nan,nan,nan,nan,nan,nan,nan,nan,nan,nan,nan,nan,nan,nan,nan,nan,nan,nan,nan,nan,nan,nan,nan,nan,nan,nan,nan,nan,nan,nan,nan,nan,nan,nan,nan,nan,nan,nan,nan,nan,nan,0.0100839138,inf,inf,inf,inf,inf,inf,inf,inf,inf,inf,inf,inf,inf,inf,inf,7
1779041161.2790925503,0.0421223640,0.0287903808,0.0909901708,-0.0083026475,0.0000000000,0.0000000000,nan,nan,nan,nan,nan,nan,nan,nan,nan,nan,nan,nan,nan,nan,nan,nan,nan,nan,nan,nan,nan,nan,nan,nan,nan,nan,nan,nan,nan,nan,nan,nan,nan,nan,nan,nan,nan,nan,nan,nan,nan,nan,nan,nan,nan,nan,0.0200660229,inf,inf,inf,inf,inf,inf,inf,inf,inf,inf,inf,inf,inf,inf,inf,7
1779041161.2890808582,0.0421223640,0.0287903808,0.0909901708,-0.0083026475,0.0000000000,0.0000000000,nan,nan,nan,nan,nan,nan,nan,nan,nan,nan,nan,nan,nan,nan,nan,nan,nan,nan,nan,nan,nan,nan,nan,nan,nan,nan,nan,nan,nan,nan,nan,nan,nan,nan,nan,nan,nan,nan,nan,nan,nan,nan,nan,nan,nan,nan,0.0300543308,inf,inf,inf,inf,inf,inf,inf,inf,inf,inf,inf,inf,inf,inf,inf,7
1779041161.2990882397,0.0421223640,0.0287903808,0.0909901708,-0.0083026475,0.0000000000,0.0000000000,nan,nan,nan,nan,nan,nan,nan,nan,nan,nan,nan,nan,nan,nan,nan,nan,nan,nan,nan,nan,nan,nan,nan,nan,nan,nan,nan,nan,nan,nan,nan,nan,nan,nan,nan,nan,nan,nan,nan,nan,nan,nan,nan,nan,nan,nan,0.0400617123,inf,inf,inf,inf,inf,inf,inf,inf,inf,inf,inf,inf,inf,inf,inf,7
1779041161.3090386391,0.0421224535,0.0287850276,0.0909779370,-0.0083026475,0.0000000000,0.0000000000,nan,nan,nan,nan,nan,nan,nan,nan,nan,nan,nan,nan,nan,nan,nan,nan,nan,nan,nan,nan,nan,nan,nan,nan,nan,nan,nan,nan,nan,nan,nan,nan,nan,nan,nan,nan,nan,nan,nan,nan,nan,nan,nan,nan,nan,nan,0.0000076294,inf,inf,inf,inf,inf,inf,inf,inf,inf,inf,inf,inf,inf,inf,inf,7
1779041161.3190941811,0.0421224535,0.0287850276,0.0909779370,-0.0083026475,0.0000000000,0.0000000000,nan,nan,nan,nan,nan,nan,nan,nan,nan,nan,nan,nan,nan,nan,nan,nan,nan,nan,nan,nan,nan,nan,nan,nan,nan,nan,nan,nan,nan,nan,nan,nan,nan,nan,nan,nan,nan,nan,nan,nan,nan,nan,nan,nan,nan,nan,0.0100631714,inf,inf,inf,inf,inf,inf,inf,inf,inf,inf,inf,inf,inf,inf,inf,7
1779041161.3291227818,0.0421224535,0.0287850276,0.0909779370,-0.0083026475,0.0000000000,0.0000000000,nan,nan,nan,nan,nan,nan,nan,nan,nan,nan,nan,nan,nan,nan,nan,nan,nan,nan,nan,nan,nan,nan,nan,nan,nan,nan,nan,nan,nan,nan,nan,nan,nan,nan,nan,nan,nan,nan,nan,nan,nan,nan,nan,nan,nan,nan,0.0200917721,inf,inf,inf,inf,inf,inf,inf,inf,inf,inf,inf,inf,inf,inf,inf,7
1779041161.3390965462,0.0421224535,0.0287850276,0.0909779370,-0.0083026475,0.0000000000,0.0000000000,nan,nan,nan,nan,nan,nan,nan,nan,nan,nan,nan,nan,nan,nan,nan,nan,nan,nan,nan,nan,nan,nan,nan,nan,nan,nan,nan,nan,nan,nan,nan,nan,nan,nan,nan,nan,nan,nan,nan,nan,nan,nan,nan,nan,nan,nan,0.0300655365,inf,inf,inf,inf,inf,inf,inf,inf,inf,inf,inf,inf,inf,inf,inf,7
1779041161.3491127491,0.0421224535,0.0287850276,0.0909779370,-0.0083026475,0.0000000000,0.0000000000,nan,nan,nan,nan,nan,nan,nan,nan,nan,nan,nan,nan,nan,nan,nan,nan,nan,nan,nan,nan,nan,nan,nan,nan,nan,nan,nan,nan,nan,nan,nan,nan,nan,nan,nan,nan,nan,nan,nan,nan,nan,nan,nan,nan,nan,nan,0.0400817394,inf,inf,inf,inf,inf,inf,inf,inf,inf,inf,inf,inf,inf,inf,inf,7
1779041161.3590776920,0.0421160720,0.0287895296,0.0909712315,-0.0083026475,0.0000000000,0.0000000000,nan,nan,nan,nan,nan,nan,nan,nan,nan,nan,nan,nan,nan,nan,nan,nan,nan,nan,nan,nan,nan,nan,nan,nan,nan,nan,nan,nan,nan,nan,nan,nan,nan,nan,nan,nan,nan,nan,nan,nan,nan,nan,nan,nan,nan,nan,0.0000112057,inf,inf,inf,inf,inf,inf,inf,inf,inf,inf,inf,inf,inf,inf,inf,7
1779041161.3691203594,0.0421160720,0.0287895296,0.0909712315,-0.0083026475,0.0000000000,0.0000000000,nan,nan,nan,nan,nan,nan,nan,nan,nan,nan,nan,nan,nan,nan,nan,nan,nan,nan,nan,nan,nan,nan,nan,nan,nan,nan,nan,nan,nan,nan,nan,nan,nan,nan,nan,nan,nan,nan,nan,nan,nan,nan,nan,nan,nan,nan,0.0100538731,inf,inf,inf,inf,inf,inf,inf,inf,inf,inf,inf,inf,inf,inf,inf,7
1779041161.3791086674,0.0421160720,0.0287895296,0.0909712315,-0.0083026475,0.0000000000,0.0000000000,nan,nan,nan,nan,nan,nan,nan,nan,nan,nan,nan,nan,nan,nan,nan,nan,nan,nan,nan,nan,nan,nan,nan,nan,nan,nan,nan,nan,nan,nan,nan,nan,nan,nan,nan,nan,nan,nan,nan,nan,nan,nan,nan,nan,nan,nan,0.0200421810,inf,inf,inf,inf,inf,inf,inf,inf,inf,inf,inf,inf,inf,inf,inf,7
1779041161.3891255856,0.0421160720,0.0287895296,0.0909712315,-0.0083026475,0.0000000000,0.0000000000,nan,nan,nan,nan,nan,nan,nan,nan,nan,nan,nan,nan,nan,nan,nan,nan,nan,nan,nan,nan,nan,nan,nan,nan,nan,nan,nan,nan,nan,nan,nan,nan,nan,nan,nan,nan,nan,nan,nan,nan,nan,nan,nan,nan,nan,nan,0.0300590992,inf,inf,inf,inf,inf,inf,inf,inf,inf,inf,inf,inf,inf,inf,inf,7
1779041161.3991003036,0.0421160720,0.0287895296,0.0909712315,-0.0083026475,0.0000000000,0.0000000000,nan,nan,nan,nan,nan,nan,nan,nan,nan,nan,nan,nan,nan,nan,nan,nan,nan,nan,nan,nan,nan,nan,nan,nan,nan,nan,nan,nan,nan,nan,nan,nan,nan,nan,nan,nan,nan,nan,nan,nan,nan,nan,nan,nan,nan,nan,0.0400338173,inf,inf,inf,inf,inf,inf,inf,inf,inf,inf,inf,inf,inf,inf,inf,7
1779041161.4090290070,0.0421140827,0.0287918821,0.0909685344,-0.0083026475,0.0000000000,0.0000000000,nan,nan,nan,nan,nan,nan,nan,nan,nan,nan,nan,nan,nan,nan,nan,nan,nan,nan,nan,nan,nan,nan,nan,nan,nan,nan,nan,nan,nan,nan,nan,nan,nan,nan,nan,nan,nan,nan,nan,nan,nan,nan,nan,nan,nan,nan,0.0000069141,inf,inf,inf,inf,inf,inf,inf,inf,inf,inf,inf,inf,inf,inf,inf,7
1779041161.4190709591,0.0421140827,0.0287918821,0.0909685344,-0.0083026475,0.0000000000,0.0000000000,nan,nan,nan,nan,nan,nan,nan,nan,nan,nan,nan,nan,nan,nan,nan,nan,nan,nan,nan,nan,nan,nan,nan,nan,nan,nan,nan,nan,nan,nan,nan,nan,nan,nan,nan,nan,nan,nan,nan,nan,nan,nan,nan,nan,nan,nan,0.0100488663,inf,inf,inf,inf,inf,inf,inf,inf,inf,inf,inf,inf,inf,inf,inf,7
1779041161.4290735722,0.0421140827,0.0287918821,0.0909685344,-0.0083026475,0.0000000000,0.0000000000,nan,nan,nan,nan,nan,nan,nan,nan,nan,nan,nan,nan,nan,nan,nan,nan,nan,nan,nan,nan,nan,nan,nan,nan,nan,nan,nan,nan,nan,nan,nan,nan,nan,nan,nan,nan,nan,nan,nan,nan,nan,nan,nan,nan,nan,nan,0.0200514793,inf,inf,inf,inf,inf,inf,inf,inf,inf,inf,inf,inf,inf,inf,inf,7
1779041161.4390904903,0.0421140827,0.0287918821,0.0909685344,-0.0083026475,0.0000000000,0.0000000000,nan,nan,nan,nan,nan,nan,nan,nan,nan,nan,nan,nan,nan,nan,nan,nan,nan,nan,nan,nan,nan,nan,nan,nan,nan,nan,nan,nan,nan,nan,nan,nan,nan,nan,nan,nan,nan,nan,nan,nan,nan,nan,nan,nan,nan,nan,0.0300683975,inf,inf,inf,inf,inf,inf,inf,inf,inf,inf,inf,inf,inf,inf,inf,7
1779041161.4491164684,0.0421140827,0.0287918821,0.0909685344,-0.0083026475,0.0000000000,0.0000000000,nan,nan,nan,nan,nan,nan,nan,nan,nan,nan,nan,nan,nan,nan,nan,nan,nan,nan,nan,nan,nan,nan,nan,nan,nan,nan,nan,nan,nan,nan,nan,nan,nan,nan,nan,nan,nan,nan,nan,nan,nan,nan,nan,nan,nan,nan,0.0400943756,inf,inf,inf,inf,inf,inf,inf,inf,inf,inf,inf,inf,inf,inf,inf,7
1779041161.4590985775,0.0421131849,0.0287808292,0.0909760371,-0.0083026475,0.0000000000,0.0000000000,nan,nan,nan,nan,nan,nan,nan,nan,nan,nan,nan,nan,nan,nan,nan,nan,nan,nan,nan,nan,nan,nan,nan,nan,nan,nan,nan,nan,nan,nan,nan,nan,nan,nan,nan,nan,nan,nan,nan,nan,nan,nan,nan,nan,nan,nan,0.0000126362,inf,inf,inf,inf,inf,inf,inf,inf,inf,inf,inf,inf,inf,inf,inf,7
1779041161.4690997601,0.0421131849,0.0287808292,0.0909760371,-0.0083026475,0.0000000000,0.0000000000,3.2990000248,nan,nan,nan,nan,nan,nan,nan,nan,nan,nan,nan,nan,nan,nan,nan,nan,nan,nan,nan,nan,nan,nan,nan,nan,nan,nan,nan,nan,nan,nan,nan,nan,nan,nan,nan,nan,nan,nan,nan,nan,nan,nan,nan,nan,nan,0.0100138187,0.0000107288,inf,inf,inf,inf,inf,inf,inf,inf,inf,inf,inf,inf,inf,inf,15
1779041161.4791181087,0.0421131849,0.0287808292,0.0909760371,-0.0083026475,0.0000000000,0.0000000000,3.2990000248,nan,nan,nan,nan,nan,nan,nan,nan,nan,nan,nan,nan,nan,nan,nan,nan,nan,nan,nan,nan,nan,nan,nan,nan,nan,nan,nan,nan,nan,nan,nan,nan,nan,nan,nan,nan,nan,nan,nan,nan,nan,nan,nan,nan,nan,0.0200321674,0.0100290775,inf,inf,inf,inf,inf,inf,inf,inf,inf,inf,inf,inf,inf,inf,15
1779041161.4890854359,0.0421131849,0.0287808292,0.0909760371,-0.0083026475,0.0000000000,0.0000000000,3.2990000248,nan,nan,nan,nan,nan,nan,nan,nan,nan,nan,nan,nan,nan,nan,nan,nan,nan,nan,nan,nan,nan,nan,nan,nan,nan,nan,nan,nan,nan,nan,nan,nan,nan,nan,nan,nan,nan,nan,nan,nan,nan,nan,nan,nan,nan,0.0299994946,0.0199964046,inf,inf,inf,inf,inf,inf,inf,inf,inf,inf,inf,inf,inf,inf,15
1779041161.4991250038,0.0421131849,0.0287808292,0.0909760371,-0.0083026475,0.0000000000,0.0000000000,3.2990000248,nan,nan,nan,nan,nan,nan,nan,nan,nan,nan,nan,nan,nan,nan,nan,nan,nan,nan,nan,nan,nan,nan,nan,nan,nan,nan,nan,nan,nan,nan,nan,nan,nan,nan,nan,nan,nan,nan,nan,nan,nan,nan,nan,nan,nan,0.0400390625,0.0300359726,inf,inf,inf,inf,inf,inf,inf,inf,inf,inf,inf,inf,inf,inf,15
1779041161.5090627670,0.0421075113,0.0287638213,0.0909757540,-0.0055350897,0.0000000000,0.0000000000,3.2990000248,nan,nan,nan,nan,nan,nan,nan,nan,nan,nan,nan,nan,nan,nan,nan,nan,nan,nan,nan,nan,nan,nan,nan,nan,nan,nan,nan,nan,nan,nan,nan,nan,nan,nan,nan,nan,nan,nan,nan,nan,nan,nan,nan,nan,nan,0.0000097752,0.0399737358,inf,inf,inf,inf,inf,inf,inf,inf,inf,inf,inf,inf,inf,inf,15
1779041161.5191106796,0.0421075113,0.0287638213,0.0909757540,-0.0055350897,0.0000000000,0.0000000000,3.2990000248,nan,nan,nan,nan,nan,nan,nan,nan,nan,nan,nan,nan,nan,nan,nan,nan,nan,nan,nan,nan,nan,nan,nan,nan,nan,nan,nan,nan,nan,nan,nan,nan,nan,nan,nan,nan,nan,nan,nan,nan,nan,nan,nan,nan,nan,0.0100576878,0.0500216484,inf,inf,inf,inf,inf,inf,inf,inf,inf,inf,inf,inf,inf,inf,15
1779041161.5291280746,0.0421075113,0.0287638213,0.0909757540,-0.0055350897,0.0000000000,0.0000000000,3.2990000248,nan,nan,nan,nan,nan,nan,nan,nan,nan,nan,nan,nan,nan,nan,nan,nan,nan,nan,nan,nan,nan,nan,nan,nan,nan,nan,nan,nan,nan,nan,nan,nan,nan,nan,nan,nan,nan,nan,nan,nan,nan,nan,nan,nan,nan,0.0200750828,0.0600390434,inf,inf,inf,inf,inf,inf,inf,inf,inf,inf,inf,inf,inf,inf,15
1779041161.5391938686,0.0421075113,0.0287638213,0.0909757540,-0.0055350897,0.0000000000,0.0000000000,3.2990000248,nan,nan,nan,nan,nan,nan,nan,nan,nan,nan,nan,nan,nan,nan,nan,nan,nan,nan,nan,nan,nan,nan,nan,nan,nan,nan,nan,nan,nan,nan,nan,nan,nan,nan,nan,nan,nan,nan,nan,nan,nan,nan,nan,nan,nan,0.0301408768,0.0701048374,inf,inf,inf,inf,inf,inf,inf,inf,inf,inf,inf,inf,inf,inf,15
1779041161.5491850376,0.0421075113,0.0287638213,0.0909757540,-0.0055350897,0.0000000000,0.0000000000,3.2990000248,nan,nan,nan,nan,nan,nan,nan,nan,nan,nan,nan,nan,nan,nan,nan,nan,nan,nan,nan,nan,nan,nan,nan,nan,nan,nan,nan,nan,nan,nan,nan,nan,nan,nan,nan,nan,nan,nan,nan,nan,nan,nan,nan,nan,nan,0.0401320457,0.0800960064,inf,inf,inf,inf,inf,inf,inf,inf,inf,inf,inf,inf,inf,inf,15
1779041161.5591390133,0.0421084762,0.0287611037,0.0909807011,-0.0083026475,0.0000000000,0.0000000000,3.2990000248,nan,nan,nan,nan,nan,nan,nan,nan,nan,nan,nan,nan,nan,nan,nan,nan,nan,nan,nan,nan,nan,nan,nan,nan,nan,nan,nan,nan,nan,nan,nan,nan,nan,nan,nan,nan,nan,nan,nan,nan,nan,nan,nan,nan,nan,0.0000181198,0.0900499821,inf,inf,inf,inf,inf,inf,inf,inf,inf,inf,inf,inf,inf,inf,15
1779041161.5691800117,0.0421084762,0.0287611037,0.0909807011,-0.0083026475,0.0000000000,0.0000000000,3.2990000248,nan,nan,nan,nan,nan,nan,nan,nan,nan,nan,nan,nan,nan,nan,nan,nan,nan,nan,nan,nan,nan,nan,nan,nan,nan,nan,nan,nan,nan,nan,nan,nan,nan,nan,nan,nan,nan,nan,nan,nan,nan,nan,nan,nan,nan,0.0100591183,0.1000909805,inf,inf,inf,inf,inf,inf,inf,inf,inf,inf,inf,inf,inf,inf,15
1779041161.5791208744,0.0421084762,0.0287611037,0.0909807011,-0.0083026475,0.0000000000,0.0000000000,3.2990000248,nan,nan,nan,nan,nan,nan,nan,nan,nan,nan,nan,nan,nan,nan,nan,nan,nan,nan,nan,nan,nan,nan,nan,nan,nan,nan,nan,nan,nan,nan,nan,nan,nan,nan,nan,nan,nan,nan,nan,nan,nan,nan,nan,nan,nan,0.0199999809,0.1100318432,inf,inf,inf,inf,inf,inf,inf,inf,inf,inf,inf,inf,inf,inf,15
1779041161.5892276764,0.0421084762,0.0287611037,0.0909807011,-0.0083026475,0.0000000000,0.0000000000,3.2990000248,nan,nan,nan,nan,nan,nan,nan,nan,nan,nan,nan,nan,nan,nan,nan,nan,nan,nan,nan,nan,nan,nan,nan,nan,nan,nan,nan,nan,nan,nan,nan,nan,nan,nan,nan,nan,nan,nan,nan,nan,nan,nan,nan,nan,nan,0.0301067829,0.1201386452,inf,inf,inf,inf,inf,inf,inf,inf,inf,inf,inf,inf,inf,inf,15
1779041161.5993127823,0.0421084762,0.0287611037,0.0909807011,-0.0083026475,0.0000000000,0.0000000000,3.2990000248,nan,nan,nan,nan,nan,nan,nan,nan,nan,nan,nan,nan,nan,nan,nan,nan,nan,nan,nan,nan,nan,nan,nan,nan,nan,nan,nan,nan,nan,nan,nan,nan,nan,nan,nan,nan,nan,nan,nan,nan,nan,nan,nan,nan,nan,0.0401918888,0.1302237511,inf,inf,inf,inf,inf,inf,inf,inf,inf,inf,inf,inf,inf,inf,15
1779041161.6090872288,0.0426500589,0.0276915692,0.0909827873,-0.0055350897,0.0000000000,0.0000000000,3.2990000248,nan,nan,nan,nan,nan,nan,nan,nan,nan,nan,nan,nan,nan,nan,nan,nan,nan,nan,nan,nan,nan,nan,nan,nan,nan,nan,nan,nan,nan,nan,nan,nan,nan,nan,nan,nan,nan,nan,nan,nan,nan,nan,nan,nan,nan,0.0000147820,0.1399981976,inf,inf,inf,inf,inf,inf,inf,inf,inf,inf,inf,inf,inf,inf,15
1779041161.6191177368,0.0426500589,0.0276915692,0.0909827873,-0.0055350897,0.0000000000,0.0000000000,3.2990000248,nan,nan,nan,nan,nan,nan,nan,nan,nan,nan,nan,nan,nan,nan,nan,nan,nan,nan,nan,nan,nan,nan,nan,nan,nan,nan,nan,nan,nan,nan,nan,nan,nan,nan,nan,nan,nan,nan,nan,nan,nan,nan,nan,nan,nan,0.0100452900,0.1500287056,inf,inf,inf,inf,inf,inf,inf,inf,inf,inf,inf,inf,inf,inf,15
1779041161.6290876865,0.0426500589,0.0276915692,0.0909827873,-0.0055350897,0.0000000000,0.0000000000,3.2990000248,nan,nan,nan,nan,nan,nan,nan,nan,nan,nan,nan,nan,nan,nan,nan,nan,nan,nan,nan,nan,nan,nan,nan,nan,nan,nan,nan,nan,nan,nan,nan,nan,nan,nan,nan,nan,nan,nan,nan,nan,nan,nan,nan,nan,nan,0.0200152397,0.1599986553,inf,inf,inf,inf,inf,inf,inf,inf,inf,inf,inf,inf,inf,inf,15
1779041161.6390790939,0.0426500589,0.0276915692,0.0909827873,-0.0055350897,0.0000000000,0.0000000000,3.2990000248,nan,nan,nan,nan,nan,nan,nan,nan,nan,nan,nan,nan,nan,nan,nan,nan,nan,nan,nan,nan,nan,nan,nan,nan,nan,nan,nan,nan,nan,nan,nan,nan,nan,nan,nan,nan,nan,nan,nan,nan,nan,nan,nan,nan,nan,0.0300066471,0.1699900627,inf,inf,inf,inf,inf,inf,inf,inf,inf,inf,inf,inf,inf,inf,15
1779041161.6490750313,0.0426500589,0.0276915692,0.0909827873,-0.0055350897,0.0000000000,0.0000000000,3.2990000248,nan,nan,nan,nan,nan,nan,nan,nan,nan,nan,nan,nan,nan,nan,nan,nan,nan,nan,nan,nan,nan,nan,nan,nan,nan,nan,nan,nan,nan,nan,nan,nan,nan,nan,nan,nan,nan,nan,nan,nan,nan,nan,nan,nan,nan,0.0400025845,0.1799860001,inf,inf,inf,inf,inf,inf,inf,inf,inf,inf,inf,inf,inf,inf,15
1779041161.6590700150,0.0420598201,0.0288718846,0.0909937844,-0.0083026475,0.0000000000,0.0000000000,3.2990000248,nan,nan,nan,nan,nan,nan,nan,nan,nan,nan,nan,nan,nan,nan,nan,nan,nan,nan,nan,nan,nan,nan,nan,nan,nan,nan,nan,nan,nan,nan,nan,nan,nan,nan,nan,nan,nan,nan,nan,nan,nan,nan,nan,nan,nan,0.0000123978,0.1899809837,inf,inf,inf,inf,inf,inf,inf,inf,inf,inf,inf,inf,inf,inf,15
1779041161.6690940857,0.0420598201,0.0288718846,0.0909937844,-0.0083026475,0.0000000000,0.0000000000,3.2990000248,nan,nan,nan,nan,nan,nan,nan,nan,nan,nan,nan,nan,nan,nan,nan,nan,nan,nan,nan,nan,nan,nan,nan,nan,nan,nan,nan,nan,nan,nan,nan,nan,nan,nan,nan,nan,nan,nan,nan,nan,nan,nan,nan,nan,nan,0.0100364685,0.2000050545,inf,inf,inf,inf,inf,inf,inf,inf,inf,inf,inf,inf,inf,inf,15
1779041161.6790540218,0.0420598201,0.0288718846,0.0909937844,-0.0083026475,0.0000000000,0.0000000000,3.2990000248,nan,nan,nan,nan,nan,nan,nan,nan,nan,nan,nan,nan,nan,nan,nan,nan,nan,nan,nan,nan,nan,nan,nan,nan,nan,nan,nan,nan,nan,nan,nan,nan,nan,nan,nan,nan,nan,nan,nan,nan,nan,nan,nan,nan,nan,0.0199964046,0.2099649906,inf,inf,inf,inf,inf,inf,inf,inf,inf,inf,inf,inf,inf,inf,15
1779041161.6890501976,0.0420598201,0.0288718846,0.0909937844,-0.0083026475,0.0000000000,0.0000000000,3.2990000248,nan,nan,nan,nan,nan,nan,nan,nan,nan,nan,nan,nan,nan,nan,nan,nan,nan,nan,nan,nan,nan,nan,nan,nan,nan,nan,nan,nan,nan,nan,nan,nan,nan,nan,nan,nan,nan,nan,nan,nan,nan,nan,nan,nan,nan,0.0299925804,0.2199611664,inf,inf,inf,inf,inf,inf,inf,inf,inf,inf,inf,inf,inf,inf,15
1779041161.6990449429,0.0420598201,0.0288718846,0.0909937844,-0.0083026475,0.0000000000,0.0000000000,3.2990000248,nan,nan,nan,nan,nan,nan,nan,nan,nan,nan,nan,nan,nan,nan,nan,nan,nan,nan,nan,nan,nan,nan,nan,nan,nan,nan,nan,nan,nan,nan,nan,nan,nan,nan,nan,nan,nan,nan,nan,nan,nan,nan,nan,nan,nan,0.0399873257,0.2299559116,inf,inf,inf,inf,inf,inf,inf,inf,inf,inf,inf,inf,inf,inf,15
1779041161.7090797424,0.0421097986,0.0287788175,0.0909868181,-0.0083026475,0.0000000000,0.0000000000,3.2990000248,nan,nan,nan,nan,nan,nan,nan,nan,nan,nan,nan,nan,nan,nan,nan,nan,nan,nan,nan,nan,nan,nan,nan,nan,nan,nan,nan,nan,nan,nan,nan,nan,nan,nan,nan,nan,nan,nan,nan,nan,nan,nan,nan,nan,nan,0.0000109673,0.2399907112,inf,inf,inf,inf,inf,inf,inf,inf,inf,inf,inf,inf,inf,inf,15
1779041161.7190754414,0.0421097986,0.0287788175,0.0909868181,-0.0083026475,0.0000000000,0.0000000000,3.2990000248,nan,nan,nan,nan,nan,nan,nan,nan,nan,nan,nan,nan,nan,nan,nan,nan,nan,nan,nan,nan,nan,nan,nan,nan,nan,nan,nan,nan,nan,nan,nan,nan,nan,nan,nan,nan,nan,nan,nan,nan,nan,nan,nan,nan,nan,0.0100066662,0.2499864101,inf,inf,inf,inf,inf,inf,inf,inf,inf,inf,inf,inf,inf,inf,15
1779041161.7291457653,0.0421097986,0.0287788175,0.0909868181,-0.0083026475,0.0000000000,0.0000000000,3.2990000248,nan,nan,nan,nan,nan,nan,nan,nan,nan,nan,nan,nan,nan,nan,nan,nan,nan,nan,nan,nan,nan,nan,nan,nan,nan,nan,nan,nan,nan,nan,nan,nan,nan,nan,nan,nan,nan,nan,nan,nan,nan,nan,nan,nan,nan,0.0200769901,0.2600567341,inf,inf,inf,inf,inf,inf,inf,inf,inf,inf,inf,inf,inf,inf,15
1779041161.7391390800,0.0421097986,0.0287788175,0.0909868181,-0.0083026475,0.0000000000,0.0000000000,3.2990000248,nan,nan,nan,nan,nan,nan,nan,nan,nan,nan,nan,nan,nan,nan,nan,nan,nan,nan,nan,nan,nan,nan,nan,nan,nan,nan,nan,nan,nan,nan,nan,nan,nan,nan,nan,nan,nan,nan,nan,nan,nan,nan,nan,nan,nan,0.0300703049,0.2700500488,inf,inf,inf,inf,inf,inf,inf,inf,inf,inf,inf,inf,inf,inf,15
1779041161.7491269112,0.0421097986,0.0287788175,0.0909868181,-0.0083026475,0.0000000000,0.0000000000,3.2990000248,nan,nan,nan,nan,nan,nan,nan,nan,nan,nan,nan,nan,nan,nan,nan,nan,nan,nan,nan,nan,nan,nan,nan,nan,nan,nan,nan,nan,nan,nan,nan,nan,nan,nan,nan,nan,nan,nan,nan,nan,nan,nan,nan,nan,nan,0.0400581360,0.2800378799,inf,inf,inf,inf,inf,inf,inf,inf,inf,inf,inf,inf,inf,inf,15
1779041161.7591016293,0.0421116762,0.0287771691,0.0909759551,-0.0083026475,0.0000000000,0.0000000000,3.2990000248,nan,nan,nan,nan,nan,nan,nan,nan,nan,nan,nan,nan,nan,nan,nan,nan,nan,nan,nan,nan,nan,nan,nan,nan,nan,nan,nan,nan,nan,nan,nan,nan,nan,nan,nan,nan,nan,nan,nan,nan,nan,nan,nan,nan,nan,0.0000188351,0.2900125980,inf,inf,inf,inf,inf,inf,inf,inf,inf,inf,inf,inf,inf,inf,15
1779041161.7690954208,0.0421116762,0.0287771691,0.0909759551,-0.0083026475,0.0000000000,0.0000000000,3.2990000248,nan,nan,nan,nan,nan,nan,nan,nan,nan,nan,nan,nan,nan,nan,nan,nan,nan,nan,nan,nan,nan,nan,nan,nan,nan,nan,nan,nan,nan,nan,nan,nan,nan,nan,nan,nan,nan,nan,nan,nan,nan,nan,nan,nan,nan,0.0100126266,0.3000063896,inf,inf,inf,inf,inf,inf,inf,inf,inf,inf,inf,inf,inf,inf,15
1779041161.7791225910,0.0421116762,0.0287771691,0.0909759551,-0.0083026475,0.0000000000,0.0000000000,3.2990000248,nan,nan,nan,nan,nan,nan,nan,nan,nan,nan,nan,nan,nan,nan,nan,nan,nan,nan,nan,nan,nan,nan,nan,nan,nan,nan,nan,nan,nan,nan,nan,nan,nan,nan,nan,nan,nan,nan,nan,nan,nan,nan,nan,nan,nan,0.0200397968,0.3100335598,inf,inf,inf,inf,inf,inf,inf,inf,inf,inf,inf,inf,inf,inf,15
1779041161.7890789509,0.0421116762,0.0287771691,0.0909759551,-0.0083026475,0.0000000000,0.0000000000,3.2990000248,nan,nan,nan,nan,nan,nan,nan,nan,nan,nan,nan,nan,nan,nan,nan,nan,nan,nan,nan,nan,nan,nan,nan,nan,nan,nan,nan,nan,nan,nan,nan,nan,nan,nan,nan,nan,nan,nan,nan,nan,nan,nan,nan,nan,nan,0.0299961567,0.3199899197,inf,inf,inf,inf,inf,inf,inf,inf,inf,inf,inf,inf,inf,inf,15
1779041161.7990922928,0.0421116762,0.0287771691,0.0909759551,-0.0083026475,0.0000000000,0.0000000000,3.2990000248,nan,nan,nan,nan,nan,nan,nan,nan,nan,nan,nan,nan,nan,nan,nan,nan,nan,nan,nan,nan,nan,nan,nan,nan,nan,nan,nan,nan,nan,nan,nan,nan,nan,nan,nan,nan,nan,nan,nan,nan,nan,nan,nan,nan,nan,0.0400094986,0.3300032616,inf,inf,inf,inf,inf,inf,inf,inf,inf,inf,inf,inf,inf,inf,15
1779041161.8090441227,0.0421136692,0.0287797023,0.0909767970,-0.0083026475,0.0000000000,0.0000000000,3.2990000248,nan,nan,nan,nan,nan,nan,nan,nan,nan,nan,nan,nan,nan,nan,nan,nan,nan,nan,nan,nan,nan,nan,nan,nan,nan,nan,nan,nan,nan,nan,nan,nan,nan,nan,nan,nan,nan,nan,nan,nan,nan,nan,nan,nan,nan,0.0000095367,0.3399550915,inf,inf,inf,inf,inf,inf,inf,inf,inf,inf,inf,inf,inf,inf,15
1779041161.8191113472,0.0421136692,0.0287797023,0.0909767970,-0.0083026475,0.0000000000,0.0000000000,3.2990000248,nan,nan,nan,nan,nan,nan,nan,nan,nan,nan,nan,nan,nan,nan,nan,nan,nan,nan,nan,nan,nan,nan,nan,nan,nan,nan,nan,nan,nan,nan,nan,nan,nan,nan,nan,nan,nan,nan,nan,nan,nan,nan,nan,nan,nan,0.0100767612,0.3500223160,inf,inf,inf,inf,inf,inf,inf,inf,inf,inf,inf,inf,inf,inf,15
1779041161.8291077614,0.0421136692,0.0287797023,0.0909767970,-0.0083026475,0.0000000000,0.0000000000,3.2990000248,nan,nan,nan,nan,nan,nan,nan,nan,nan,nan,nan,nan,nan,nan,nan,nan,nan,nan,nan,nan,nan,nan,nan,nan,nan,nan,nan,nan,nan,nan,nan,nan,nan,nan,nan,nan,nan,nan,nan,nan,nan,nan,nan,nan,nan,0.0200731754,0.3600187302,inf,inf,inf,inf,inf,inf,inf,inf,inf,inf,inf,inf,inf,inf,15
1779041161.8390760422,0.0421136692,0.0287797023,0.0909767970,-0.0083026475,0.0000000000,0.0000000000,3.2990000248,nan,nan,nan,nan,nan,nan,nan,nan,nan,nan,nan,nan,nan,nan,nan,nan,nan,nan,nan,nan,nan,nan,nan,nan,nan,nan,nan,nan,nan,nan,nan,nan,nan,nan,nan,nan,nan,nan,nan,nan,nan,nan,nan,nan,nan,0.0300414562,0.3699870110,inf,inf,inf,inf,inf,inf,inf,inf,inf,inf,inf,inf,inf,inf,15
1779041161.8490893841,0.0421136692,0.0287797023,0.0909767970,-0.0083026475,0.0000000000,0.0000000000,3.2990000248,nan,nan,nan,nan,nan,nan,nan,nan,nan,nan,nan,nan,nan,nan,nan,nan,nan,nan,nan,nan,nan,nan,nan,nan,nan,nan,nan,nan,nan,nan,nan,nan,nan,nan,nan,nan,nan,nan,nan,nan,nan,nan,nan,nan,nan,0.0400547981,0.3800003529,inf,inf,inf,inf,inf,inf,inf,inf,inf,inf,inf,inf,inf,inf,15
1779041161.8590745926,0.0421220325,0.0287871826,0.0909678861,-0.0083026475,0.0000000000,0.0000000000,3.2990000248,nan,nan,nan,nan,nan,nan,nan,nan,nan,nan,nan,nan,nan,nan,nan,nan,nan,nan,nan,nan,nan,nan,nan,nan,nan,nan,nan,nan,nan,nan,nan,nan,nan,nan,nan,nan,nan,nan,nan,nan,nan,nan,nan,nan,nan,0.0000119209,0.3899855614,inf,inf,inf,inf,inf,inf,inf,inf,inf,inf,inf,inf,inf,inf,15
1779041161.8690788746,0.0421220325,0.0287871826,0.0909678861,-0.0083026475,0.0000000000,0.0000000000,3.2990000248,nan,nan,nan,nan,nan,nan,nan,nan,nan,nan,nan,nan,nan,nan,nan,nan,nan,nan,nan,nan,nan,nan,nan,nan,nan,nan,nan,nan,nan,nan,nan,nan,nan,nan,nan,nan,nan,nan,nan,nan,nan,nan,nan,nan,nan,0.0100162029,0.3999898434,inf,inf,inf,inf,inf,inf,inf,inf,inf,inf,inf,inf,inf,inf,15
1779041161.8791003227,0.0421220325,0.0287871826,0.0909678861,-0.0083026475,0.0000000000,0.0000000000,3.2990000248,nan,nan,nan,nan,nan,nan,nan,nan,nan,nan,nan,nan,nan,nan,nan,nan,nan,nan,nan,nan,nan,nan,nan,nan,nan,nan,nan,nan,nan,nan,nan,nan,nan,nan,nan,nan,nan,nan,nan,nan,nan,nan,nan,nan,nan,0.0200376511,0.4100112915,inf,inf,inf,inf,inf,inf,inf,inf,inf,inf,inf,inf,inf,inf,15
1779041161.8890864849,0.0421220325,0.0287871826,0.0909678861,-0.0083026475,0.0000000000,0.0000000000,3.2990000248,nan,nan,nan,nan,nan,nan,nan,nan,nan,nan,nan,nan,nan,nan,nan,nan,nan,nan,nan,nan,nan,nan,nan,nan,nan,nan,nan,nan,nan,nan,nan,nan,nan,nan,nan,nan,nan,nan,nan,nan,nan,nan,nan,nan,nan,0.0300238132,0.4199974537,inf,inf,inf,inf,inf,inf,inf,inf,inf,inf,inf,inf,inf,inf,15
1779041161.8990678787,0.0421220325,0.0287871826,0.0909678861,-0.0083026475,0.0000000000,0.0000000000,3.2990000248,nan,nan,nan,nan,nan,nan,nan,nan,nan,nan,nan,nan,nan,nan,nan,nan,nan,nan,nan,nan,nan,nan,nan,nan,nan,nan,nan,nan,nan,nan,nan,nan,nan,nan,nan,nan,nan,nan,nan,nan,nan,nan,nan,nan,nan,0.0400052071,0.4299788475,inf,inf,inf,inf,inf,inf,inf,inf,inf,inf,inf,inf,inf,inf,15
1779041161.9090960026,0.0421179868,0.0287851915,0.0909700468,-0.0055350897,0.0000000000,0.0000000000,3.2990000248,nan,nan,nan,nan,nan,nan,nan,nan,nan,nan,nan,nan,nan,nan,nan,nan,nan,nan,nan,nan,nan,nan,nan,nan,nan,nan,nan,nan,nan,nan,nan,nan,nan,nan,nan,nan,nan,nan,nan,nan,nan,nan,nan,nan,nan,0.0000121593,0.4400069714,inf,inf,inf,inf,inf,inf,inf,inf,inf,inf,inf,inf,inf,inf,15
1779041161.9190733433,0.0421179868,0.0287851915,0.0909700468,-0.0055350897,0.0000000000,0.0000000000,3.2990000248,nan,nan,nan,nan,nan,nan,nan,nan,nan,nan,nan,nan,nan,nan,nan,nan,nan,nan,nan,nan,nan,nan,nan,nan,nan,nan,nan,nan,nan,nan,nan,nan,nan,nan,nan,nan,nan,nan,nan,nan,nan,nan,nan,nan,nan,0.0099895000,0.4499843121,inf,inf,inf,inf,inf,inf,inf,inf,inf,inf,inf,inf,inf,inf,15
1779041161.9291021824,0.0421179868,0.0287851915,0.0909700468,-0.0055350897,0.0000000000,0.0000000000,3.2990000248,nan,nan,nan,nan,nan,nan,nan,nan,nan,nan,nan,nan,nan,nan,nan,nan,nan,nan,nan,nan,nan,nan,nan,nan,nan,nan,nan,nan,nan,nan,nan,nan,nan,nan,nan,nan,nan,nan,nan,nan,nan,nan,nan,nan,nan,0.0200183392,0.4600131512,inf,inf,inf,inf,inf,inf,inf,inf,inf,inf,inf,inf,inf,inf,15
1779041161.9390816689,0.0421179868,0.0287851915,0.0909700468,-0.0055350897,0.0000000000,0.0000000000,3.2990000248,nan,nan,nan,nan,nan,nan,nan,nan,nan,nan,nan,nan,nan,nan,nan,nan,nan,nan,nan,nan,nan,nan,nan,nan,nan,nan,nan,nan,nan,nan,nan,nan,nan,nan,nan,nan,nan,nan,nan,nan,nan,nan,nan,nan,nan,0.0299978256,0.4699926376,inf,inf,inf,inf,inf,inf,inf,inf,inf,inf,inf,inf,inf,inf,15
1779041161.9490814209,0.0421179868,0.0287851915,0.0909700468,-0.0055350897,0.0000000000,0.0000000000,3.2990000248,nan,nan,nan,nan,nan,nan,nan,nan,nan,nan,nan,nan,nan,nan,nan,nan,nan,nan,nan,nan,nan,nan,nan,nan,nan,nan,nan,nan,nan,nan,nan,nan,nan,nan,nan,nan,nan,nan,nan,nan,nan,nan,nan,nan,nan,0.0399975777,0.4799923897,inf,inf,inf,inf,inf,inf,inf,inf,inf,inf,inf,inf,inf,inf,15
1779041161.9590647221,0.0426543616,0.0277217422,0.0909765437,-0.0055350897,0.0000000000,0.0000000000,3.2990000248,nan,nan,nan,nan,nan,nan,nan,nan,nan,nan,nan,nan,nan,nan,nan,nan,nan,nan,nan,nan,nan,nan,nan,nan,nan,nan,nan,nan,nan,nan,nan,nan,nan,nan,nan,nan,nan,nan,nan,nan,nan,nan,nan,nan,nan,0.0000112057,0.4899756908,inf,inf,inf,inf,inf,inf,inf,inf,inf,inf,inf,inf,inf,inf,15
1779041161.9691064358,0.0426543616,0.0277217422,0.0909765437,-0.0055350897,0.0000000000,0.0000000000,3.2990000248,nan,nan,nan,nan,nan,nan,nan,nan,nan,nan,nan,nan,nan,nan,nan,nan,nan,nan,nan,nan,nan,nan,nan,nan,nan,nan,nan,nan,nan,nan,nan,nan,nan,nan,nan,nan,nan,nan,nan,nan,nan,nan,nan,nan,nan,0.0100529194,0.5000174046,inf,inf,inf,inf,inf,inf,inf,inf,inf,inf,inf,inf,inf,inf,15
1779041161.9791011810,0.0426543616,0.0277217422,0.0909765437,-0.0055350897,0.0000000000,0.0000000000,3.2990000248,nan,nan,nan,nan,nan,nan,nan,nan,nan,nan,nan,nan,nan,nan,nan,nan,nan,nan,nan,nan,nan,nan,nan,nan,nan,nan,nan,nan,nan,nan,nan,nan,nan,nan,nan,nan,nan,nan,nan,nan,nan,nan,nan,nan,nan,0.0200476646,0.5100121498,inf,inf,inf,inf,inf,inf,inf,inf,inf,inf,inf,inf,inf,inf,15
1779041161.9890792370,0.0426543616,0.0277217422,0.0909765437,-0.0055350897,0.0000000000,0.0000000000,3.2990000248,nan,nan,nan,nan,nan,nan,nan,nan,nan,nan,nan,nan,nan,nan,nan,nan,nan,nan,nan,nan,nan,nan,nan,nan,nan,nan,nan,nan,nan,nan,nan,nan,nan,nan,nan,nan,nan,nan,nan,nan,nan,nan,nan,nan,nan,0.0300257206,0.5199902058,inf,inf,inf,inf,inf,inf,inf,inf,inf,inf,inf,inf,inf,inf,15
1779041161.9990813732,0.0426543616,0.0277217422,0.0909765437,-0.0055350897,0.0000000000,0.0000000000,3.2990000248,nan,nan,nan,nan,nan,nan,nan,nan,nan,nan,nan,nan,nan,nan,nan,nan,nan,nan,nan,nan,nan,nan,nan,nan,nan,nan,nan,nan,nan,nan,nan,nan,nan,nan,nan,nan,nan,nan,nan,nan,nan,nan,nan,nan,nan,0.0400278568,0.5299923420,inf,inf,inf,inf,inf,inf,inf,inf,inf,inf,inf,inf,inf,inf,15
1779041162.0090630054,0.0421581157,0.0286991876,0.0909734890,-0.0083026475,0.0000000000,0.0000000000,3.2990000248,nan,nan,nan,nan,nan,nan,nan,nan,nan,nan,nan,nan,nan,nan,nan,nan,nan,nan,nan,nan,nan,nan,nan,nan,nan,nan,nan,nan,nan,nan,nan,nan,nan,nan,nan,nan,nan,nan,nan,nan,nan,nan,nan,nan,nan,0.0000104904,0.5399739742,inf,inf,inf,inf,inf,inf,inf,inf,inf,inf,inf,inf,inf,inf,15
1779041162.0190830231,0.0421581157,0.0286991876,0.0909734890,-0.0083026475,0.0000000000,0.0000000000,3.2990000248,nan,nan,nan,nan,nan,nan,nan,nan,nan,nan,nan,nan,nan,nan,nan,nan,nan,nan,nan,nan,nan,nan,nan,nan,nan,nan,nan,nan,nan,nan,nan,nan,nan,nan,nan,nan,nan,nan,nan,nan,nan,nan,nan,nan,nan,0.0100305080,0.5499939919,inf,inf,inf,inf,inf,inf,inf,inf,inf,inf,inf,inf,inf,inf,15
1779041162.0291118622,0.0421581157,0.0286991876,0.0909734890,-0.0083026475,0.0000000000,0.0000000000,3.2990000248,nan,nan,nan,nan,nan,nan,nan,nan,nan,nan,nan,nan,nan,nan,nan,nan,nan,nan,nan,nan,nan,nan,nan,nan,nan,nan,nan,nan,nan,nan,nan,nan,nan,nan,nan,nan,nan,nan,nan,nan,nan,nan,nan,nan,nan,0.0200593472,0.5600228310,inf,inf,inf,inf,inf,inf,inf,inf,inf,inf,inf,inf,inf,inf,15
1779041162.0390794277,0.0421581157,0.0286991876,0.0909734890,-0.0083026475,0.0000000000,0.0000000000,3.2990000248,nan,nan,nan,nan,nan,nan,nan,nan,nan,nan,nan,nan,nan,nan,nan,nan,nan,nan,nan,nan,nan,nan,nan,nan,nan,nan,nan,nan,nan,nan,nan,nan,nan,nan,nan,nan,nan,nan,nan,nan,nan,nan,nan,nan,nan,0.0300269127,0.5699903965,inf,inf,inf,inf,inf,inf,inf,inf,inf,inf,inf,inf,inf,inf,15
1779041162.0490918159,0.0421581157,0.0286991876,0.0909734890,-0.0083026475,0.0000000000,0.0000000000,3.2990000248,nan,nan,nan,nan,nan,nan,nan,nan,nan,nan,nan,nan,nan,nan,nan,nan,nan,nan,nan,nan,nan,nan,nan,nan,nan,nan,nan,nan,nan,nan,nan,nan,nan,nan,nan,nan,nan,nan,nan,nan,nan,nan,nan,nan,nan,0.0400393009,0.5800027847,inf,inf,inf,inf,inf,inf,inf,inf,inf,inf,inf,inf,inf,inf,15
1779041162.0590922832,0.0421102345,0.0287891030,0.0909661949,-0.0083026475,0.0000000000,0.0000000000,3.2990000248,nan,nan,nan,nan,nan,nan,nan,nan,nan,nan,nan,nan,nan,nan,nan,nan,nan,nan,nan,nan,nan,nan,nan,nan,nan,nan,nan,nan,nan,nan,nan,nan,nan,nan,nan,nan,nan,nan,nan,nan,nan,nan,nan,nan,nan,0.0000109673,0.5900032520,inf,inf,inf,inf,inf,inf,inf,inf,inf,inf,inf,inf,inf,inf,15
1779041162.0690982342,0.0421102345,0.0287891030,0.0909661949,-0.0083026475,0.0000000000,0.0000000000,3.2990000248,nan,nan,nan,nan,nan,nan,nan,nan,nan,nan,nan,nan,nan,nan,nan,nan,nan,nan,nan,nan,nan,nan,nan,nan,nan,nan,nan,nan,nan,nan,nan,nan,nan,nan,nan,nan,nan,nan,nan,nan,nan,nan,nan,nan,nan,0.0100169182,0.6000092030,inf,inf,inf,inf,inf,inf,inf,inf,inf,inf,inf,inf,inf,inf,15
1779041162.0790796280,0.0421102345,0.0287891030,0.0909661949,-0.0083026475,0.0000000000,0.0000000000,3.2990000248,nan,nan,nan,nan,nan,nan,nan,nan,nan,nan,nan,nan,nan,nan,nan,nan,nan,nan,nan,nan,nan,nan,nan,nan,nan,nan,nan,nan,nan,nan,nan,nan,nan,nan,nan,nan,nan,nan,nan,nan,nan,nan,nan,nan,nan,0.0199983120,0.6099905968,inf,inf,inf,inf,inf,inf,inf,inf,inf,inf,inf,inf,inf,inf,15
1779041162.0890700817,0.0421102345,0.0287891030,0.0909661949,-0.0083026475,0.0000000000,0.0000000000,3.2990000248,nan,nan,nan,nan,nan,nan,nan,nan,nan,nan,nan,nan,nan,nan,nan,nan,nan,nan,nan,nan,nan,nan,nan,nan,nan,nan,nan,nan,nan,nan,nan,nan,nan,nan,nan,nan,nan,nan,nan,nan,nan,nan,nan,nan,nan,0.0299887657,0.6199810505,inf,inf,inf,inf,inf,inf,inf,inf,inf,inf,inf,inf,inf,inf,15
1779041162.0990805626,0.0421102345,0.0287891030,0.0909661949,-0.0083026475,0.0000000000,0.0000000000,3.2990000248,nan,nan,nan,nan,nan,nan,nan,nan,nan,nan,nan,nan,nan,nan,nan,nan,nan,nan,nan,nan,nan,nan,nan,nan,nan,nan,nan,nan,nan,nan,nan,nan,nan,nan,nan,nan,nan,nan,nan,nan,nan,nan,nan,nan,nan,0.0399992466,0.6299915314,inf,inf,inf,inf,inf,inf,inf,inf,inf,inf,inf,inf,inf,inf,15
1779041162.1090595722,0.0421079695,0.0287830699,0.0909625366,-0.0055350897,0.0000000000,0.0000000000,3.2990000248,nan,nan,nan,nan,nan,nan,nan,nan,nan,nan,nan,nan,nan,nan,nan,nan,nan,nan,nan,nan,nan,nan,nan,nan,nan,nan,nan,nan,nan,nan,nan,nan,nan,nan,nan,nan,nan,nan,nan,nan,nan,nan,nan,nan,nan,0.0000112057,0.6399705410,inf,inf,inf,inf,inf,inf,inf,inf,inf,inf,inf,inf,inf,inf,15
1779041162.1191105843,0.0421079695,0.0287830699,0.0909625366,-0.0055350897,0.0000000000,0.0000000000,3.2990000248,nan,nan,nan,nan,nan,nan,nan,nan,nan,nan,nan,nan,nan,nan,nan,nan,nan,nan,nan,nan,nan,nan,nan,nan,nan,nan,nan,nan,nan,nan,nan,nan,nan,nan,nan,nan,nan,nan,nan,nan,nan,nan,nan,nan,nan,0.0100622177,0.6500215530,inf,inf,inf,inf,inf,inf,inf,inf,inf,inf,inf,inf,inf,inf,15
1779041162.1290838718,0.0421079695,0.0287830699,0.0909625366,-0.0055350897,0.0000000000,0.0000000000,3.2990000248,nan,nan,nan,nan,nan,nan,nan,nan,nan,nan,nan,nan,nan,nan,nan,nan,nan,nan,nan,nan,nan,nan,nan,nan,nan,nan,nan,nan,nan,nan,nan,nan,nan,nan,nan,nan,nan,nan,nan,nan,nan,nan,nan,nan,nan,0.0200355053,0.6599948406,inf,inf,inf,inf,inf,inf,inf,inf,inf,inf,inf,inf,inf,inf,15
1779041162.1390879154,0.0421079695,0.0287830699,0.0909625366,-0.0055350897,0.0000000000,0.0000000000,3.2990000248,nan,nan,nan,nan,nan,nan,nan,nan,nan,nan,nan,nan,nan,nan,nan,nan,nan,nan,nan,nan,nan,nan,nan,nan,nan,nan,nan,nan,nan,nan,nan,nan,nan,nan,nan,nan,nan,nan,nan,nan,nan,nan,nan,nan,nan,0.0300395489,0.6699988842,inf,inf,inf,inf,inf,inf,inf,inf,inf,inf,inf,inf,inf,inf,15
1779041162.1491050720,0.0421079695,0.0287830699,0.0909625366,-0.0055350897,0.0000000000,0.0000000000,3.2990000248,nan,nan,nan,nan,nan,nan,nan,nan,nan,nan,nan,nan,nan,nan,nan,nan,nan,nan,nan,nan,nan,nan,nan,nan,nan,nan,nan,nan,nan,nan,nan,nan,nan,nan,nan,nan,nan,nan,nan,nan,nan,nan,nan,nan,nan,0.0400567055,0.6800160408,inf,inf,inf,inf,inf,inf,inf,inf,inf,inf,inf,inf,inf,inf,15
1779041162.1590490341,0.0421057306,0.0287669729,0.0909685940,-0.0055350897,0.0000000000,0.0000000000,3.2990000248,nan,nan,nan,nan,nan,nan,nan,nan,nan,nan,nan,nan,nan,nan,nan,nan,nan,nan,nan,nan,nan,nan,nan,nan,nan,nan,nan,nan,nan,nan,nan,nan,nan,nan,nan,nan,nan,nan,nan,nan,nan,nan,nan,nan,nan,0.0000104904,0.6899600029,inf,inf,inf,inf,inf,inf,inf,inf,inf,inf,inf,inf,inf,inf,15
1779041162.1690831184,0.0421057306,0.0287669729,0.0909685940,-0.0055350897,0.0000000000,0.0000000000,3.2990000248,nan,nan,nan,nan,nan,nan,nan,nan,nan,nan,nan,nan,nan,nan,nan,nan,nan,nan,nan,nan,nan,nan,nan,nan,nan,nan,nan,nan,nan,nan,nan,nan,nan,nan,nan,nan,nan,nan,nan,nan,nan,nan,nan,nan,nan,0.0100445747,0.6999940872,inf,inf,inf,inf,inf,inf,inf,inf,inf,inf,inf,inf,inf,inf,15
1779041162.1790943146,0.0421057306,0.0287669729,0.0909685940,-0.0055350897,0.0000000000,0.0000000000,3.2990000248,nan,nan,nan,nan,nan,nan,nan,nan,nan,nan,nan,nan,nan,nan,nan,nan,nan,nan,nan,nan,nan,nan,nan,nan,nan,nan,nan,nan,nan,nan,nan,nan,nan,nan,nan,nan,nan,nan,nan,nan,nan,nan,nan,nan,nan,0.0200557709,0.7100052834,inf,inf,inf,inf,inf,inf,inf,inf,inf,inf,inf,inf,inf,inf,15
1779041162.1892313957,0.0421057306,0.0287669729,0.0909685940,-0.0055350897,0.0000000000,0.0000000000,3.2990000248,nan,nan,nan,nan,nan,nan,nan,nan,nan,nan,nan,nan,nan,nan,nan,nan,nan,nan,nan,nan,nan,nan,nan,nan,nan,nan,nan,nan,nan,nan,nan,nan,nan,nan,nan,nan,nan,nan,nan,nan,nan,nan,nan,nan,nan,0.0301928520,0.7201423645,inf,inf,inf,inf,inf,inf,inf,inf,inf,inf,inf,inf,inf,inf,15
1779041162.1990785599,0.0421057306,0.0287669729,0.0909685940,-0.0055350897,0.0000000000,0.0000000000,3.2990000248,nan,nan,nan,nan,nan,nan,nan,nan,nan,nan,nan,nan,nan,nan,nan,nan,nan,nan,nan,nan,nan,nan,nan,nan,nan,nan,nan,nan,nan,nan,nan,nan,nan,nan,nan,nan,nan,nan,nan,nan,nan,nan,nan,nan,nan,0.0400400162,0.7299895287,inf,inf,inf,inf,inf,inf,inf,inf,inf,inf,inf,inf,inf,inf,15
1779041162.2090590000,0.0420956202,0.0287874099,0.0909645259,-0.0055350897,0.0000000000,0.0000000000,3.2990000248,nan,nan,nan,nan,nan,nan,nan,nan,nan,nan,nan,nan,nan,nan,nan,nan,nan,nan,nan,nan,nan,nan,nan,nan,nan,nan,nan,nan,nan,nan,nan,nan,nan,nan,nan,nan,nan,nan,nan,nan,nan,nan,nan,nan,nan,0.0000104904,0.7399699688,inf,inf,inf,inf,inf,inf,inf,inf,inf,inf,inf,inf,inf,inf,15
1779041162.2190833092,0.0420956202,0.0287874099,0.0909645259,-0.0055350897,0.0000000000,0.0000000000,3.2990000248,nan,nan,nan,nan,nan,nan,nan,nan,nan,nan,nan,nan,nan,nan,nan,nan,nan,nan,nan,nan,nan,nan,nan,nan,nan,nan,nan,nan,nan,nan,nan,nan,nan,nan,nan,nan,nan,nan,nan,nan,nan,nan,nan,nan,nan,0.0100347996,0.7499942780,inf,inf,inf,inf,inf,inf,inf,inf,inf,inf,inf,inf,inf,inf,15
1779041162.2290914059,0.0420956202,0.0287874099,0.0909645259,-0.0055350897,0.0000000000,0.0000000000,3.2990000248,nan,nan,nan,nan,nan,nan,nan,nan,nan,nan,nan,nan,nan,nan,nan,nan,nan,nan,nan,nan,nan,nan,nan,nan,nan,nan,nan,nan,nan,nan,nan,nan,nan,nan,nan,nan,nan,nan,nan,nan,nan,nan,nan,nan,nan,0.0200428963,0.7600023746,inf,inf,inf,inf,inf,inf,inf,inf,inf,inf,inf,inf,inf,inf,15
1779041162.2390909195,0.0420956202,0.0287874099,0.0909645259,-0.0055350897,0.0000000000,0.0000000000,3.2990000248,nan,nan,nan,nan,nan,nan,nan,nan,nan,nan,nan,nan,nan,nan,nan,nan,nan,nan,nan,nan,nan,nan,nan,nan,nan,nan,nan,nan,nan,nan,nan,nan,nan,nan,nan,nan,nan,nan,nan,nan,nan,nan,nan,nan,nan,0.0300424099,0.7700018883,inf,inf,inf,inf,inf,inf,inf,inf,inf,inf,inf,inf,inf,inf,15
1779041162.2490863800,0.0420956202,0.0287874099,0.0909645259,-0.0055350897,0.0000000000,0.0000000000,3.2990000248,nan,nan,nan,nan,nan,nan,nan,nan,nan,nan,nan,nan,nan,nan,nan,nan,nan,nan,nan,nan,nan,nan,nan,nan,nan,nan,nan,nan,nan,nan,nan,nan,nan,nan,nan,nan,nan,nan,nan,nan,nan,nan,nan,nan,nan,0.0400378704,0.7799973488,inf,inf,inf,inf,inf,inf,inf,inf,inf,inf,inf,inf,inf,inf,15
1779041162.2590727806,0.0420995541,0.0287931468,0.0909680948,-0.0055350897,0.0000000000,0.0000000000,3.2990000248,nan,nan,nan,nan,nan,nan,nan,nan,nan,nan,nan,nan,nan,nan,nan,nan,nan,nan,nan,nan,nan,nan,nan,nan,nan,nan,nan,nan,nan,nan,nan,nan,nan,nan,nan,nan,nan,nan,nan,nan,nan,nan,nan,nan,nan,0.0000126362,0.7899837494,inf,inf,inf,inf,inf,inf,inf,inf,inf,inf,inf,inf,inf,inf,15
1779041162.2690794468,0.0420995541,0.0287931468,0.0909680948,-0.0055350897,0.0000000000,0.0000000000,3.2990000248,nan,nan,nan,nan,nan,nan,nan,nan,nan,nan,nan,nan,nan,nan,nan,nan,nan,nan,nan,nan,nan,nan,nan,nan,nan,nan,nan,nan,nan,nan,nan,nan,nan,nan,nan,nan,nan,nan,nan,nan,nan,nan,nan,nan,nan,0.0100193024,0.7999904156,inf,inf,inf,inf,inf,inf,inf,inf,inf,inf,inf,inf,inf,inf,15
1779041162.2790563107,0.0420995541,0.0287931468,0.0909680948,-0.0055350897,0.0000000000,0.0000000000,3.2990000248,nan,nan,nan,nan,nan,nan,nan,nan,nan,nan,nan,nan,nan,nan,nan,nan,nan,nan,nan,nan,nan,nan,nan,nan,nan,nan,nan,nan,nan,nan,nan,nan,nan,nan,nan,nan,nan,nan,nan,nan,nan,nan,nan,nan,nan,0.0199961662,0.8099672794,inf,inf,inf,inf,inf,inf,inf,inf,inf,inf,inf,inf,inf,inf,15
1779041162.2890565395,0.0420995541,0.0287931468,0.0909680948,-0.0055350897,0.0000000000,0.0000000000,3.2990000248,nan,nan,nan,nan,nan,nan,nan,nan,nan,nan,nan,nan,nan,nan,nan,nan,nan,nan,nan,nan,nan,nan,nan,nan,nan,nan,nan,nan,nan,nan,nan,nan,nan,nan,nan,nan,nan,nan,nan,nan,nan,nan,nan,nan,nan,0.0299963951,0.8199675083,inf,inf,inf,inf,inf,inf,inf,inf,inf,inf,inf,inf,inf,inf,15
1779041162.2991206646,0.0420995541,0.0287931468,0.0909680948,-0.0055350897,0.0000000000,0.0000000000,3.2990000248,nan,nan,nan,nan,nan,nan,nan,nan,nan,nan,nan,nan,nan,nan,nan,nan,nan,nan,nan,nan,nan,nan,nan,nan,nan,nan,nan,nan,nan,nan,nan,nan,nan,nan,nan,nan,nan,nan,nan,nan,nan,nan,nan,nan,nan,0.0400605202,0.8300316334,inf,inf,inf,inf,inf,inf,inf,inf,inf,inf,inf,inf,inf,inf,15
1779041162.3090941906,0.0421134308,0.0287837945,0.0909699202,-0.0055350897,0.0000000000,0.0000000000,3.2990000248,nan,nan,nan,nan,nan,nan,nan,nan,nan,nan,nan,nan,nan,nan,nan,nan,nan,nan,nan,nan,nan,nan,nan,nan,nan,nan,nan,nan,nan,nan,nan,nan,nan,nan,nan,nan,nan,nan,nan,nan,nan,nan,nan,nan,nan,0.0000157356,0.8400051594,inf,inf,inf,inf,inf,inf,inf,inf,inf,inf,inf,inf,inf,inf,15
1779041162.3190922737,0.0421134308,0.0287837945,0.0909699202,-0.0055350897,0.0000000000,0.0000000000,3.2990000248,nan,nan,nan,nan,nan,nan,nan,nan,nan,nan,nan,nan,nan,nan,nan,nan,nan,nan,nan,nan,nan,nan,nan,nan,nan,nan,nan,nan,nan,nan,nan,nan,nan,nan,nan,nan,nan,nan,nan,nan,nan,nan,nan,nan,nan,0.0100138187,0.8500032425,inf,inf,inf,inf,inf,inf,inf,inf,inf,inf,inf,inf,inf,inf,15
1779041162.3290860653,0.0421134308,0.0287837945,0.0909699202,-0.0055350897,0.0000000000,0.0000000000,3.2990000248,nan,nan,nan,nan,nan,nan,nan,nan,nan,nan,nan,nan,nan,nan,nan,nan,nan,nan,nan,nan,nan,nan,nan,nan,nan,nan,nan,nan,nan,nan,nan,nan,nan,nan,nan,nan,nan,nan,nan,nan,nan,nan,nan,nan,nan,0.0200076103,0.8599970341,inf,inf,inf,inf,inf,inf,inf,inf,inf,inf,inf,inf,inf,inf,15
1779041162.3390848637,0.0421134308,0.0287837945,0.0909699202,-0.0055350897,0.0000000000,0.0000000000,3.2990000248,nan,nan,nan,nan,nan,nan,nan,nan,nan,nan,nan,nan,nan,nan,nan,nan,nan,nan,nan,nan,nan,nan,nan,nan,nan,nan,nan,nan,nan,nan,nan,nan,nan,nan,nan,nan,nan,nan,nan,nan,nan,nan,nan,nan,nan,0.0300064087,0.8699958324,inf,inf,inf,inf,inf,inf,inf,inf,inf,inf,inf,inf,inf,inf,15
1779041162.3490827084,0.0421134308,0.0287837945,0.0909699202,-0.0055350897,0.0000000000,0.0000000000,3.2990000248,nan,nan,nan,nan,nan,nan,nan,nan,nan,nan,nan,nan,nan,nan,nan,nan,nan,nan,nan,nan,nan,nan,nan,nan,nan,nan,nan,nan,nan,nan,nan,nan,nan,nan,nan,nan,nan,nan,nan,nan,nan,nan,nan,nan,nan,0.0400042534,0.8799936771,inf,inf,inf,inf,inf,inf,inf,inf,inf,inf,inf,inf,inf,inf,15
1779041162.3590581417,0.0421181768,0.0287874993,0.0909779891,-0.0055350897,0.0000000000,0.0000000000,3.2990000248,nan,nan,nan,nan,nan,nan,nan,nan,nan,nan,nan,nan,nan,nan,nan,nan,nan,nan,nan,nan,nan,nan,nan,nan,nan,nan,nan,nan,nan,nan,nan,nan,nan,nan,nan,nan,nan,nan,nan,nan,nan,nan,nan,nan,nan,0.0000121593,0.8899691105,inf,inf,inf,inf,inf,inf,inf,inf,inf,inf,inf,inf,inf,inf,15
1779041162.3691196442,0.0421181768,0.0287874993,0.0909779891,-0.0055350897,0.0000000000,0.0000000000,3.2990000248,nan,nan,nan,nan,nan,nan,nan,nan,nan,nan,nan,nan,nan,nan,nan,nan,nan,nan,nan,nan,nan,nan,nan,nan,nan,nan,nan,nan,nan,nan,nan,nan,nan,nan,nan,nan,nan,nan,nan,nan,nan,nan,nan,nan,nan,0.0100736618,0.9000306129,inf,inf,inf,inf,inf,inf,inf,inf,inf,inf,inf,inf,inf,inf,15
1779041162.3791151047,0.0421181768,0.0287874993,0.0909779891,-0.0055350897,0.0000000000,0.0000000000,3.2990000248,nan,nan,nan,nan,nan,nan,nan,nan,nan,nan,nan,nan,nan,nan,nan,nan,nan,nan,nan,nan,nan,nan,nan,nan,nan,nan,nan,nan,nan,nan,nan,nan,nan,nan,nan,nan,nan,nan,nan,nan,nan,nan,nan,nan,nan,0.0200691223,0.9100260735,inf,inf,inf,inf,inf,inf,inf,inf,inf,inf,inf,inf,inf,inf,15
1779041162.3891565800,0.0421181768,0.0287874993,0.0909779891,-0.0055350897,0.0000000000,0.0000000000,3.2990000248,nan,nan,nan,nan,nan,nan,nan,nan,nan,nan,nan,nan,nan,nan,nan,nan,nan,nan,nan,nan,nan,nan,nan,nan,nan,nan,nan,nan,nan,nan,nan,nan,nan,nan,nan,nan,nan,nan,nan,nan,nan,nan,nan,nan,nan,0.0301105976,0.9200675488,inf,inf,inf,inf,inf,inf,inf,inf,inf,inf,inf,inf,inf,inf,15
1779041162.3990988731,0.0421181768,0.0287874993,0.0909779891,-0.0055350897,0.0000000000,0.0000000000,3.2990000248,nan,nan,nan,nan,nan,nan,nan,nan,nan,nan,nan,nan,nan,nan,nan,nan,nan,nan,nan,nan,nan,nan,nan,nan,nan,nan,nan,nan,nan,nan,nan,nan,nan,nan,nan,nan,nan,nan,nan,nan,nan,nan,nan,nan,nan,0.0400528908,0.9300098419,inf,inf,inf,inf,inf,inf,inf,inf,inf,inf,inf,inf,inf,inf,15
1779041162.4090738297,0.0421230346,0.0287833922,0.0909725502,-0.0055350897,0.0000000000,0.0000000000,3.2990000248,nan,nan,nan,nan,nan,nan,nan,nan,nan,nan,nan,nan,nan,nan,nan,nan,nan,nan,nan,nan,nan,nan,nan,nan,nan,nan,nan,nan,nan,nan,nan,nan,nan,nan,nan,nan,nan,nan,nan,nan,nan,nan,nan,nan,nan,0.0000135899,0.9399847984,inf,inf,inf,inf,inf,inf,inf,inf,inf,inf,inf,inf,inf,inf,15
1779041162.4191050529,0.0421230346,0.0287833922,0.0909725502,-0.0055350897,0.0000000000,0.0000000000,3.2990000248,nan,nan,nan,nan,nan,nan,nan,nan,nan,nan,nan,nan,nan,nan,nan,nan,nan,nan,nan,nan,nan,nan,nan,nan,nan,nan,nan,nan,nan,nan,nan,nan,nan,nan,nan,nan,nan,nan,nan,nan,nan,nan,nan,nan,nan,0.0100448132,0.9500160217,inf,inf,inf,inf,inf,inf,inf,inf,inf,inf,inf,inf,inf,inf,15
1779041162.4290790558,0.0421230346,0.0287833922,0.0909725502,-0.0055350897,0.0000000000,0.0000000000,3.2990000248,nan,nan,nan,nan,nan,nan,nan,nan,nan,nan,nan,nan,nan,nan,nan,nan,nan,nan,nan,nan,nan,nan,nan,nan,nan,nan,nan,nan,nan,nan,nan,nan,nan,nan,nan,nan,nan,nan,nan,nan,nan,nan,nan,nan,nan,0.0200188160,0.9599900246,inf,inf,inf,inf,inf,inf,inf,inf,inf,inf,inf,inf,inf,inf,15
1779041162.4390766621,0.0421230346,0.0287833922,0.0909725502,-0.0055350897,0.0000000000,0.0000000000,3.2990000248,nan,nan,nan,nan,nan,nan,nan,nan,nan,nan,nan,nan,nan,nan,nan,nan,nan,nan,nan,nan,nan,nan,nan,nan,nan,nan,nan,nan,nan,nan,nan,nan,nan,nan,nan,nan,nan,nan,nan,nan,nan,nan,nan,nan,nan,0.0300164223,0.9699876308,inf,inf,inf,inf,inf,inf,inf,inf,inf,inf,inf,inf,inf,inf,15
1779041162.4490716457,0.0421230346,0.0287833922,0.0909725502,-0.0055350897,0.0000000000,0.0000000000,3.2990000248,nan,nan,nan,nan,nan,nan,nan,nan,nan,nan,nan,nan,nan,nan,nan,nan,nan,nan,nan,nan,nan,nan,nan,nan,nan,nan,nan,nan,nan,nan,nan,nan,nan,nan,nan,nan,nan,nan,nan,nan,nan,nan,nan,nan,nan,0.0400114059,0.9799826145,inf,inf,inf,inf,inf,inf,inf,inf,inf,inf,inf,inf,inf,inf,15
1779041162.4590699673,0.0420566872,0.0289031956,0.0909866840,-0.0055350897,0.0000000000,0.0000000000,3.2990000248,nan,nan,nan,nan,nan,nan,nan,nan,nan,nan,nan,nan,nan,nan,nan,nan,nan,nan,nan,nan,nan,nan,nan,nan,nan,nan,nan,nan,nan,nan,nan,nan,nan,nan,nan,nan,nan,nan,nan,nan,nan,nan,nan,nan,nan,0.0000114441,0.9899809361,inf,inf,inf,inf,inf,inf,inf,inf,inf,inf,inf,inf,inf,inf,15
1779041162.4690506458,0.0420566872,0.0289031956,0.0909866840,-0.0055350897,0.0000000000,0.0000000000,3.2929999828,nan,nan,nan,nan,nan,nan,nan,nan,nan,nan,nan,nan,nan,nan,nan,nan,nan,nan,nan,nan,nan,nan,nan,nan,nan,nan,nan,nan,nan,nan,nan,nan,nan,nan,nan,nan,nan,nan,nan,nan,nan,nan,nan,nan,nan,0.0099921227,0.0000102520,inf,inf,inf,inf,inf,inf,inf,inf,inf,inf,inf,inf,inf,inf,15
1779041162.4790773392,0.0420566872,0.0289031956,0.0909866840,-0.0055350897,0.0000000000,0.0000000000,3.2929999828,nan,nan,nan,nan,nan,nan,nan,nan,nan,nan,nan,nan,nan,nan,nan,nan,nan,nan,nan,nan,nan,nan,nan,nan,nan,nan,nan,nan,nan,nan,nan,nan,nan,nan,nan,nan,nan,nan,nan,nan,nan,nan,nan,nan,nan,0.0200188160,0.0100369453,inf,inf,inf,inf,inf,inf,inf,inf,inf,inf,inf,inf,inf,inf,15
1779041162.4890787601,0.0420566872,0.0289031956,0.0909866840,-0.0055350897,0.0000000000,0.0000000000,3.2929999828,nan,nan,nan,nan,nan,nan,nan,nan,nan,nan,nan,nan,nan,nan,nan,nan,nan,nan,nan,nan,nan,nan,nan,nan,nan,nan,nan,nan,nan,nan,nan,nan,nan,nan,nan,nan,nan,nan,nan,nan,nan,nan,nan,nan,nan,0.0300202370,0.0200383663,inf,inf,inf,inf,inf,inf,inf,inf,inf,inf,inf,inf,inf,inf,15
1779041162.4990794659,0.0420566872,0.0289031956,0.0909866840,-0.0055350897,0.0000000000,0.0000000000,3.2929999828,nan,nan,nan,nan,nan,nan,nan,nan,nan,nan,nan,nan,nan,nan,nan,nan,nan,nan,nan,nan,nan,nan,nan,nan,nan,nan,nan,nan,nan,nan,nan,nan,nan,nan,nan,nan,nan,nan,nan,nan,nan,nan,nan,nan,nan,0.0400209427,0.0300390720,inf,inf,inf,inf,inf,inf,inf,inf,inf,inf,inf,inf,inf,inf,15
1779041162.5090577602,0.0421084315,0.0287915654,0.0909757242,-0.0055350897,0.0000000000,0.0000000000,3.2929999828,nan,nan,nan,nan,nan,nan,nan,nan,nan,nan,nan,nan,nan,nan,nan,nan,nan,nan,nan,nan,nan,nan,nan,nan,nan,nan,nan,nan,nan,nan,nan,nan,nan,nan,nan,nan,nan,nan,nan,nan,nan,nan,nan,nan,nan,0.0000104904,0.0400173664,inf,inf,inf,inf,inf,inf,inf,inf,inf,inf,inf,inf,inf,inf,15
1779041162.5191025734,0.0421084315,0.0287915654,0.0909757242,-0.0055350897,0.0000000000,0.0000000000,3.2929999828,nan,nan,nan,nan,nan,nan,nan,nan,nan,nan,nan,nan,nan,nan,nan,nan,nan,nan,nan,nan,nan,nan,nan,nan,nan,nan,nan,nan,nan,nan,nan,nan,nan,nan,nan,nan,nan,nan,nan,nan,nan,nan,nan,nan,nan,0.0100553036,0.0500621796,inf,inf,inf,inf,inf,inf,inf,inf,inf,inf,inf,inf,inf,inf,15
1779041162.5290882587,0.0421084315,0.0287915654,0.0909757242,-0.0055350897,0.0000000000,0.0000000000,3.2929999828,nan,nan,nan,nan,nan,nan,nan,nan,nan,nan,nan,nan,nan,nan,nan,nan,nan,nan,nan,nan,nan,nan,nan,nan,nan,nan,nan,nan,nan,nan,nan,nan,nan,nan,nan,nan,nan,nan,nan,nan,nan,nan,nan,nan,nan,0.0200409889,0.0600478649,inf,inf,inf,inf,inf,inf,inf,inf,inf,inf,inf,inf,inf,inf,15
1779041162.5390799046,0.0421084315,0.0287915654,0.0909757242,-0.0055350897,0.0000000000,0.0000000000,3.2929999828,nan,nan,nan,nan,nan,nan,nan,nan,nan,nan,nan,nan,nan,nan,nan,nan,nan,nan,nan,nan,nan,nan,nan,nan,nan,nan,nan,nan,nan,nan,nan,nan,nan,nan,nan,nan,nan,nan,nan,nan,nan,nan,nan,nan,nan,0.0300326347,0.0700395107,inf,inf,inf,inf,inf,inf,inf,inf,inf,inf,inf,inf,inf,inf,15
1779041162.5490851402,0.0421084315,0.0287915654,0.0909757242,-0.0055350897,0.0000000000,0.0000000000,3.2929999828,nan,nan,nan,nan,nan,nan,nan,nan,nan,nan,nan,nan,nan,nan,nan,nan,nan,nan,nan,nan,nan,nan,nan,nan,nan,nan,nan,nan,nan,nan,nan,nan,nan,nan,nan,nan,nan,nan,nan,nan,nan,nan,nan,nan,nan,0.0400378704,0.0800447464,inf,inf,inf,inf,inf,inf,inf,inf,inf,inf,inf,inf,inf,inf,15
1779041162.5590555668,0.0420516841,0.0288982354,0.0909885690,-0.0055350897,0.0000000000,0.0000000000,3.2929999828,nan,nan,nan,nan,nan,nan,nan,nan,nan,nan,nan,nan,nan,nan,nan,nan,nan,nan,nan,nan,nan,nan,nan,nan,nan,nan,nan,nan,nan,nan,nan,nan,nan,nan,nan,nan,nan,nan,nan,nan,nan,nan,nan,nan,nan,0.0000107288,0.0900151730,inf,inf,inf,inf,inf,inf,inf,inf,inf,inf,inf,inf,inf,inf,15
1779041162.5690772533,0.0420516841,0.0288982354,0.0909885690,-0.0055350897,0.0000000000,0.0000000000,3.2929999828,nan,nan,nan,nan,nan,nan,nan,nan,nan,nan,nan,nan,nan,nan,nan,nan,nan,nan,nan,nan,nan,nan,nan,nan,nan,nan,nan,nan,nan,nan,nan,nan,nan,nan,nan,nan,nan,nan,nan,nan,nan,nan,nan,nan,nan,0.0100324154,0.1000368595,inf,inf,inf,inf,inf,inf,inf,inf,inf,inf,inf,inf,inf,inf,15
1779041162.5790731907,0.0420516841,0.0288982354,0.0909885690,-0.0055350897,0.0000000000,0.0000000000,3.2929999828,nan,nan,nan,nan,nan,nan,nan,nan,nan,nan,nan,nan,nan,nan,nan,nan,nan,nan,nan,nan,nan,nan,nan,nan,nan,nan,nan,nan,nan,nan,nan,nan,nan,nan,nan,nan,nan,nan,nan,nan,nan,nan,nan,nan,nan,0.0200283527,0.1100327969,inf,inf,inf,inf,inf,inf,inf,inf,inf,inf,inf,inf,inf,inf,15
1779041162.5903408527,0.0420516841,0.0288982354,0.0909885690,-0.0055350897,0.0000000000,0.0000000000,3.2929999828,nan,nan,nan,nan,nan,nan,nan,nan,nan,nan,nan,nan,nan,nan,nan,nan,nan,nan,nan,nan,nan,nan,nan,nan,nan,nan,nan,nan,nan,nan,nan,nan,nan,nan,nan,nan,nan,nan,nan,nan,nan,nan,nan,nan,nan,0.0312960148,0.1213004589,inf,inf,inf,inf,inf,inf,inf,inf,inf,inf,inf,inf,inf,inf,15
1779041162.5990903378,0.0420516841,0.0288982354,0.0909885690,-0.0055350897,0.0000000000,0.0000000000,3.2929999828,nan,nan,nan,nan,nan,nan,nan,nan,nan,nan,nan,nan,nan,nan,nan,nan,nan,nan,nan,nan,nan,nan,nan,nan,nan,nan,nan,nan,nan,nan,nan,nan,nan,nan,nan,nan,nan,nan,nan,nan,nan,nan,nan,nan,nan,0.0400454998,0.1300499439,inf,inf,inf,inf,inf,inf,inf,inf,inf,inf,inf,inf,inf,inf,15
1779041162.6090674400,0.0420504026,0.0288951490,0.0909864679,-0.0055350897,0.0000000000,0.0000000000,3.2929999828,nan,nan,nan,nan,nan,nan,nan,nan,nan,nan,nan,nan,nan,nan,nan,nan,nan,nan,nan,nan,nan,nan,nan,nan,nan,nan,nan,nan,nan,nan,nan,nan,nan,nan,nan,nan,nan,nan,nan,nan,nan,nan,nan,nan,nan,0.0000104904,0.1400270462,inf,inf,inf,inf,inf,inf,inf,inf,inf,inf,inf,inf,inf,inf,15
1779041162.6191027164,0.0420504026,0.0288951490,0.0909864679,-0.0055350897,0.0000000000,0.0000000000,3.2929999828,nan,nan,nan,nan,nan,nan,nan,nan,nan,nan,nan,nan,nan,nan,nan,nan,nan,nan,nan,nan,nan,nan,nan,nan,nan,nan,nan,nan,nan,nan,nan,nan,nan,nan,nan,nan,nan,nan,nan,nan,nan,nan,nan,nan,nan,0.0100457668,0.1500623226,inf,inf,inf,inf,inf,inf,inf,inf,inf,inf,inf,inf,inf,inf,15
1779041162.6291131973,0.0420504026,0.0288951490,0.0909864679,-0.0055350897,0.0000000000,0.0000000000,3.2929999828,nan,nan,nan,nan,nan,nan,nan,nan,nan,nan,nan,nan,nan,nan,nan,nan,nan,nan,nan,nan,nan,nan,nan,nan,nan,nan,nan,nan,nan,nan,nan,nan,nan,nan,nan,nan,nan,nan,nan,nan,nan,nan,nan,nan,nan,0.0200562477,0.1600728035,inf,inf,inf,inf,inf,inf,inf,inf,inf,inf,inf,inf,inf,inf,15
1779041162.6390717030,0.0420504026,0.0288951490,0.0909864679,-0.0055350897,0.0000000000,0.0000000000,3.2929999828,nan,nan,nan,nan,nan,nan,nan,nan,nan,nan,nan,nan,nan,nan,nan,nan,nan,nan,nan,nan,nan,nan,nan,nan,nan,nan,nan,nan,nan,nan,nan,nan,nan,nan,nan,nan,nan,nan,nan,nan,nan,nan,nan,nan,nan,0.0300147533,0.1700313091,inf,inf,inf,inf,inf,inf,inf,inf,inf,inf,inf,inf,inf,inf,15
1779041162.6490764618,0.0420504026,0.0288951490,0.0909864679,-0.0055350897,0.0000000000,0.0000000000,3.2929999828,nan,nan,nan,nan,nan,nan,nan,nan,nan,nan,nan,nan,nan,nan,nan,nan,nan,nan,nan,nan,nan,nan,nan,nan,nan,nan,nan,nan,nan,nan,nan,nan,nan,nan,nan,nan,nan,nan,nan,nan,nan,nan,nan,nan,nan,0.0400195122,0.1800360680,inf,inf,inf,inf,inf,inf,inf,inf,inf,inf,inf,inf,inf,inf,15
1779041162.6590492725,0.0420529321,0.0288960263,0.0909848586,-0.0055350897,0.0000000000,0.0000000000,3.2929999828,nan,nan,nan,nan,nan,nan,nan,nan,nan,nan,nan,nan,nan,nan,nan,nan,nan,nan,nan,nan,nan,nan,nan,nan,nan,nan,nan,nan,nan,nan,nan,nan,nan,nan,nan,nan,nan,nan,nan,nan,nan,nan,nan,nan,nan,0.0000104904,0.1900088787,inf,inf,inf,inf,inf,inf,inf,inf,inf,inf,inf,inf,inf,inf,15
1779041162.6691527367,0.0420529321,0.0288960263,0.0909848586,-0.0055350897,0.0000000000,0.0000000000,3.2929999828,nan,nan,nan,nan,nan,nan,nan,nan,nan,nan,nan,nan,nan,nan,nan,nan,nan,nan,nan,nan,nan,nan,nan,nan,nan,nan,nan,nan,nan,nan,nan,nan,nan,nan,nan,nan,nan,nan,nan,nan,nan,nan,nan,nan,nan,0.0101139545,0.2001123428,inf,inf,inf,inf,inf,inf,inf,inf,inf,inf,inf,inf,inf,inf,15
1779041162.6791329384,0.0420529321,0.0288960263,0.0909848586,-0.0055350897,0.0000000000,0.0000000000,3.2929999828,nan,nan,nan,nan,nan,nan,nan,nan,nan,nan,nan,nan,nan,nan,nan,nan,nan,nan,nan,nan,nan,nan,nan,nan,nan,nan,nan,nan,nan,nan,nan,nan,nan,nan,nan,nan,nan,nan,nan,nan,nan,nan,nan,nan,nan,0.0200941563,0.2100925446,inf,inf,inf,inf,inf,inf,inf,inf,inf,inf,inf,inf,inf,inf,15
1779041162.6891098022,0.0420529321,0.0288960263,0.0909848586,-0.0055350897,0.0000000000,0.0000000000,3.2929999828,nan,nan,nan,nan,nan,nan,nan,nan,nan,nan,nan,nan,nan,nan,nan,nan,nan,nan,nan,nan,nan,nan,nan,nan,nan,nan,nan,nan,nan,nan,nan,nan,nan,nan,nan,nan,nan,nan,nan,nan,nan,nan,nan,nan,nan,0.0300710201,0.2200694084,inf,inf,inf,inf,inf,inf,inf,inf,inf,inf,inf,inf,inf,inf,15
1779041162.6991374493,0.0420529321,0.0288960263,0.0909848586,-0.0055350897,0.0000000000,0.0000000000,3.2929999828,nan,nan,nan,nan,nan,nan,nan,nan,nan,nan,nan,nan,nan,nan,nan,nan,nan,nan,nan,nan,nan,nan,nan,nan,nan,nan,nan,nan,nan,nan,nan,nan,nan,nan,nan,nan,nan,nan,nan,nan,nan,nan,nan,nan,nan,0.0400986671,0.2300970554,inf,inf,inf,inf,inf,inf,inf,inf,inf,inf,inf,inf,inf,inf,15
1779041162.7090737820,0.0420442298,0.0289064422,0.0909879059,-0.0055350897,0.0000000000,0.0000000000,3.2929999828,nan,nan,nan,nan,nan,nan,nan,nan,nan,nan,nan,nan,nan,nan,nan,nan,nan,nan,nan,nan,nan,nan,nan,nan,nan,nan,nan,nan,nan,nan,nan,nan,nan,nan,nan,nan,nan,nan,nan,nan,nan,nan,nan,nan,nan,0.0000147820,0.2400333881,inf,inf,inf,inf,inf,inf,inf,inf,inf,inf,inf,inf,inf,inf,15
1779041162.7190847397,0.0420442298,0.0289064422,0.0909879059,-0.0055350897,0.0000000000,0.0000000000,3.2929999828,nan,nan,nan,nan,nan,nan,nan,nan,nan,nan,nan,nan,nan,nan,nan,nan,nan,nan,nan,nan,nan,nan,nan,nan,nan,nan,nan,nan,nan,nan,nan,nan,nan,nan,nan,nan,nan,nan,nan,nan,nan,nan,nan,nan,nan,0.0100257397,0.2500443459,inf,inf,inf,inf,inf,inf,inf,inf,inf,inf,inf,inf,inf,inf,15
1779041162.7290575504,0.0420442298,0.0289064422,0.0909879059,-0.0055350897,0.0000000000,0.0000000000,3.2929999828,nan,nan,nan,nan,nan,nan,nan,nan,nan,nan,nan,nan,nan,nan,nan,nan,nan,nan,nan,nan,nan,nan,nan,nan,nan,nan,nan,nan,nan,nan,nan,nan,nan,nan,nan,nan,nan,nan,nan,nan,nan,nan,nan,nan,nan,0.0199985504,0.2600171566,inf,inf,inf,inf,inf,inf,inf,inf,inf,inf,inf,inf,inf,inf,15
1779041162.7391119003,0.0420442298,0.0289064422,0.0909879059,-0.0055350897,0.0000000000,0.0000000000,3.2929999828,nan,nan,nan,nan,nan,nan,nan,nan,nan,nan,nan,nan,nan,nan,nan,nan,nan,nan,nan,nan,nan,nan,nan,nan,nan,nan,nan,nan,nan,nan,nan,nan,nan,nan,nan,nan,nan,nan,nan,nan,nan,nan,nan,nan,nan,0.0300529003,0.2700715065,inf,inf,inf,inf,inf,inf,inf,inf,inf,inf,inf,inf,inf,inf,15
1779041162.7492139339,0.0420442298,0.0289064422,0.0909879059,-0.0055350897,0.0000000000,0.0000000000,3.2929999828,nan,nan,nan,nan,nan,nan,nan,nan,nan,nan,nan,nan,nan,nan,nan,nan,nan,nan,nan,nan,nan,nan,nan,nan,nan,nan,nan,nan,nan,nan,nan,nan,nan,nan,nan,nan,nan,nan,nan,nan,nan,nan,nan,nan,nan,0.0401549339,0.2801735401,inf,inf,inf,inf,inf,inf,inf,inf,inf,inf,inf,inf,inf,inf,15
1779041162.7591228485,0.0423096307,0.0283731986,0.0909858942,-0.0055350897,0.0000000000,0.0000000000,3.2929999828,nan,nan,nan,nan,nan,nan,nan,nan,nan,nan,nan,nan,nan,nan,nan,nan,nan,nan,nan,nan,nan,nan,nan,nan,nan,nan,nan,nan,nan,nan,nan,nan,nan,nan,nan,nan,nan,nan,nan,nan,nan,nan,nan,nan,nan,0.0000233650,0.2900824547,inf,inf,inf,inf,inf,inf,inf,inf,inf,inf,inf,inf,inf,inf,15
1779041162.7691280842,0.0423096307,0.0283731986,0.0909858942,-0.0055350897,0.0000000000,0.0000000000,3.2929999828,nan,nan,nan,nan,nan,nan,nan,nan,nan,nan,nan,nan,nan,nan,nan,nan,nan,nan,nan,nan,nan,nan,nan,nan,nan,nan,nan,nan,nan,nan,nan,nan,nan,nan,nan,nan,nan,nan,nan,nan,nan,nan,nan,nan,nan,0.0100286007,0.3000876904,inf,inf,inf,inf,inf,inf,inf,inf,inf,inf,inf,inf,inf,inf,15
1779041162.7791676521,0.0423096307,0.0283731986,0.0909858942,-0.0055350897,0.0000000000,0.0000000000,3.2929999828,nan,nan,nan,nan,nan,nan,nan,nan,nan,nan,nan,nan,nan,nan,nan,nan,nan,nan,nan,nan,nan,nan,nan,nan,nan,nan,nan,nan,nan,nan,nan,nan,nan,nan,nan,nan,nan,nan,nan,nan,nan,nan,nan,nan,nan,0.0200681686,0.3101272583,inf,inf,inf,inf,inf,inf,inf,inf,inf,inf,inf,inf,inf,inf,15
1779041162.7891125679,0.0423096307,0.0283731986,0.0909858942,-0.0055350897,0.0000000000,0.0000000000,3.2929999828,nan,nan,nan,nan,nan,nan,nan,nan,nan,nan,nan,nan,nan,nan,nan,nan,nan,nan,nan,nan,nan,nan,nan,nan,nan,nan,nan,nan,nan,nan,nan,nan,nan,nan,nan,nan,nan,nan,nan,nan,nan,nan,nan,nan,nan,0.0300130844,0.3200721741,inf,inf,inf,inf,inf,inf,inf,inf,inf,inf,inf,inf,inf,inf,15
1779041162.7991786003,0.0423096307,0.0283731986,0.0909858942,-0.0055350897,0.0000000000,0.0000000000,3.2929999828,nan,nan,nan,nan,nan,nan,nan,nan,nan,nan,nan,nan,nan,nan,nan,nan,nan,nan,nan,nan,nan,nan,nan,nan,nan,nan,nan,nan,nan,nan,nan,nan,nan,nan,nan,nan,nan,nan,nan,nan,nan,nan,nan,nan,nan,0.0400791168,0.3301382065,inf,inf,inf,inf,inf,inf,inf,inf,inf,inf,inf,inf,inf,inf,15
1779041162.8091490269,0.0420554392,0.0288852397,0.0909844562,-0.0055350897,0.0000000000,0.0000000000,3.2929999828,nan,nan,nan,nan,nan,nan,nan,nan,nan,nan,nan,nan,nan,nan,nan,nan,nan,nan,nan,nan,nan,nan,nan,nan,nan,nan,nan,nan,nan,nan,nan,nan,nan,nan,nan,nan,nan,nan,nan,nan,nan,nan,nan,nan,nan,0.0000174046,0.3401086330,inf,inf,inf,inf,inf,inf,inf,inf,inf,inf,inf,inf,inf,inf,15
1779041162.8191456795,0.0420554392,0.0288852397,0.0909844562,-0.0055350897,0.0000000000,0.0000000000,3.2929999828,nan,nan,nan,nan,nan,nan,nan,nan,nan,nan,nan,nan,nan,nan,nan,nan,nan,nan,nan,nan,nan,nan,nan,nan,nan,nan,nan,nan,nan,nan,nan,nan,nan,nan,nan,nan,nan,nan,nan,nan,nan,nan,nan,nan,nan,0.0100140572,0.3501052856,inf,inf,inf,inf,inf,inf,inf,inf,inf,inf,inf,inf,inf,inf,15
1779041162.8291158676,0.0420554392,0.0288852397,0.0909844562,-0.0055350897,0.0000000000,0.0000000000,3.2929999828,nan,nan,nan,nan,nan,nan,nan,nan,nan,nan,nan,nan,nan,nan,nan,nan,nan,nan,nan,nan,nan,nan,nan,nan,nan,nan,nan,nan,nan,nan,nan,nan,nan,nan,nan,nan,nan,nan,nan,nan,nan,nan,nan,nan,nan,0.0199842453,0.3600754738,inf,inf,inf,inf,inf,inf,inf,inf,inf,inf,inf,inf,inf,inf,15
1779041162.8390858173,0.0420554392,0.0288852397,0.0909844562,-0.0055350897,0.0000000000,0.0000000000,3.2929999828,nan,nan,nan,nan,nan,nan,nan,nan,nan,nan,nan,nan,nan,nan,nan,nan,nan,nan,nan,nan,nan,nan,nan,nan,nan,nan,nan,nan,nan,nan,nan,nan,nan,nan,nan,nan,nan,nan,nan,nan,nan,nan,nan,nan,nan,0.0299541950,0.3700454235,inf,inf,inf,inf,inf,inf,inf,inf,inf,inf,inf,inf,inf,inf,15
1779041162.8490931988,0.0420554392,0.0288852397,0.0909844562,-0.0055350897,0.0000000000,0.0000000000,3.2929999828,nan,nan,nan,nan,nan,nan,nan,nan,nan,nan,nan,nan,nan,nan,nan,nan,nan,nan,nan,nan,nan,nan,nan,nan,nan,nan,nan,nan,nan,nan,nan,nan,nan,nan,nan,nan,nan,nan,nan,nan,nan,nan,nan,nan,nan,0.0399615765,0.3800528049,inf,inf,inf,inf,inf,inf,inf,inf,inf,inf,inf,inf,inf,inf,15
1779041162.8590779305,0.0420465805,0.0288943946,0.0909906328,-0.0055350897,0.0000000000,0.0000000000,3.2929999828,nan,nan,nan,nan,nan,nan,nan,nan,nan,nan,nan,nan,nan,nan,nan,nan,nan,nan,nan,nan,nan,nan,nan,nan,nan,nan,nan,nan,nan,nan,nan,nan,nan,nan,nan,nan,nan,nan,nan,nan,nan,nan,nan,nan,nan,0.0000104904,0.3900375366,inf,inf,inf,inf,inf,inf,inf,inf,inf,inf,inf,inf,inf,inf,15
1779041162.8690526485,0.0420465805,0.0288943946,0.0909906328,-0.0055350897,0.0000000000,0.0000000000,3.2929999828,nan,nan,nan,nan,nan,nan,nan,nan,nan,nan,nan,nan,nan,nan,nan,nan,nan,nan,nan,nan,nan,nan,nan,nan,nan,nan,nan,nan,nan,nan,nan,nan,nan,nan,nan,nan,nan,nan,nan,nan,nan,nan,nan,nan,nan,0.0099852085,0.4000122547,inf,inf,inf,inf,inf,inf,inf,inf,inf,inf,inf,inf,inf,inf,15
1779041162.8791165352,0.0420465805,0.0288943946,0.0909906328,-0.0055350897,0.0000000000,0.0000000000,3.2929999828,nan,nan,nan,nan,nan,nan,nan,nan,nan,nan,nan,nan,nan,nan,nan,nan,nan,nan,nan,nan,nan,nan,nan,nan,nan,nan,nan,nan,nan,nan,nan,nan,nan,nan,nan,nan,nan,nan,nan,nan,nan,nan,nan,nan,nan,0.0200490952,0.4100761414,inf,inf,inf,inf,inf,inf,inf,inf,inf,inf,inf,inf,inf,inf,15
1779041162.8890728951,0.0420465805,0.0288943946,0.0909906328,-0.0055350897,0.0000000000,0.0000000000,3.2929999828,nan,nan,nan,nan,nan,nan,nan,nan,nan,nan,nan,nan,nan,nan,nan,nan,nan,nan,nan,nan,nan,nan,nan,nan,nan,nan,nan,nan,nan,nan,nan,nan,nan,nan,nan,nan,nan,nan,nan,nan,nan,nan,nan,nan,nan,0.0300054550,0.4200325012,inf,inf,inf,inf,inf,inf,inf,inf,inf,inf,inf,inf,inf,inf,15
1779041162.8990781307,0.0420465805,0.0288943946,0.0909906328,-0.0055350897,0.0000000000,0.0000000000,3.2929999828,nan,nan,nan,nan,nan,nan,nan,nan,nan,nan,nan,nan,nan,nan,nan,nan,nan,nan,nan,nan,nan,nan,nan,nan,nan,nan,nan,nan,nan,nan,nan,nan,nan,nan,nan,nan,nan,nan,nan,nan,nan,nan,nan,nan,nan,0.0400106907,0.4300377369,inf,inf,inf,inf,inf,inf,inf,inf,inf,inf,inf,inf,inf,inf,15
1779041162.9090616703,0.0420475677,0.0288945492,0.0909964219,-0.0055350897,0.0000000000,0.0000000000,3.2929999828,nan,nan,nan,nan,nan,nan,nan,nan,nan,nan,nan,nan,nan,nan,nan,nan,nan,nan,nan,nan,nan,nan,nan,nan,nan,nan,nan,nan,nan,nan,nan,nan,nan,nan,nan,nan,nan,nan,nan,nan,nan,nan,nan,nan,nan,0.0000112057,0.4400212765,inf,inf,inf,inf,inf,inf,inf,inf,inf,inf,inf,inf,inf,inf,15
1779041162.9190697670,0.0420475677,0.0288945492,0.0909964219,-0.0055350897,0.0000000000,0.0000000000,3.2929999828,nan,nan,nan,nan,nan,nan,nan,nan,nan,nan,nan,nan,nan,nan,nan,nan,nan,nan,nan,nan,nan,nan,nan,nan,nan,nan,nan,nan,nan,nan,nan,nan,nan,nan,nan,nan,nan,nan,nan,nan,nan,nan,nan,nan,nan,0.0100193024,0.4500293732,inf,inf,inf,inf,inf,inf,inf,inf,inf,inf,inf,inf,inf,inf,15
1779041162.9290897846,0.0420475677,0.0288945492,0.0909964219,-0.0055350897,0.0000000000,0.0000000000,3.2929999828,nan,nan,nan,nan,nan,nan,nan,nan,nan,nan,nan,nan,nan,nan,nan,nan,nan,nan,nan,nan,nan,nan,nan,nan,nan,nan,nan,nan,nan,nan,nan,nan,nan,nan,nan,nan,nan,nan,nan,nan,nan,nan,nan,nan,nan,0.0200393200,0.4600493908,inf,inf,inf,inf,inf,inf,inf,inf,inf,inf,inf,inf,inf,inf,15
1779041162.9390673637,0.0420475677,0.0288945492,0.0909964219,-0.0055350897,0.0000000000,0.0000000000,3.2929999828,nan,nan,nan,nan,nan,nan,nan,nan,nan,nan,nan,nan,nan,nan,nan,nan,nan,nan,nan,nan,nan,nan,nan,nan,nan,nan,nan,nan,nan,nan,nan,nan,nan,nan,nan,nan,nan,nan,nan,nan,nan,nan,nan,nan,nan,0.0300168991,0.4700269699,inf,inf,inf,inf,inf,inf,inf,inf,inf,inf,inf,inf,inf,inf,15
1779041162.9491004944,0.0420475677,0.0288945492,0.0909964219,-0.0055350897,0.0000000000,0.0000000000,3.2929999828,nan,nan,nan,nan,nan,nan,nan,nan,nan,nan,nan,nan,nan,nan,nan,nan,nan,nan,nan,nan,nan,nan,nan,nan,nan,nan,nan,nan,nan,nan,nan,nan,nan,nan,nan,nan,nan,nan,nan,nan,nan,nan,nan,nan,nan,0.0400500298,0.4800601006,inf,inf,inf,inf,inf,inf,inf,inf,inf,inf,inf,inf,inf,inf,15
1779041162.9591159821,0.0420485809,0.0288946033,0.0909973755,-0.0055350897,0.0000000000,0.0000000000,3.2929999828,nan,nan,nan,nan,nan,nan,nan,nan,nan,nan,nan,nan,nan,nan,nan,nan,nan,nan,nan,nan,nan,nan,nan,nan,nan,nan,nan,nan,nan,nan,nan,nan,nan,nan,nan,nan,nan,nan,nan,nan,nan,nan,nan,nan,nan,0.0000193119,0.4900755882,inf,inf,inf,inf,inf,inf,inf,inf,inf,inf,inf,inf,inf,inf,15
1779041162.9691865444,0.0420485809,0.0288946033,0.0909973755,-0.0055350897,0.0000000000,0.0000000000,3.2929999828,nan,nan,nan,nan,nan,nan,nan,nan,nan,nan,nan,nan,nan,nan,nan,nan,nan,nan,nan,nan,nan,nan,nan,nan,nan,nan,nan,nan,nan,nan,nan,nan,nan,nan,nan,nan,nan,nan,nan,nan,nan,nan,nan,nan,nan,0.0100898743,0.5001461506,inf,inf,inf,inf,inf,inf,inf,inf,inf,inf,inf,inf,inf,inf,15
1779041162.9791293144,0.0420485809,0.0288946033,0.0909973755,-0.0055350897,0.0000000000,0.0000000000,3.2929999828,nan,nan,nan,nan,nan,nan,nan,nan,nan,nan,nan,nan,nan,nan,nan,nan,nan,nan,nan,nan,nan,nan,nan,nan,nan,nan,nan,nan,nan,nan,nan,nan,nan,nan,nan,nan,nan,nan,nan,nan,nan,nan,nan,nan,nan,0.0200326443,0.5100889206,inf,inf,inf,inf,inf,inf,inf,inf,inf,inf,inf,inf,inf,inf,15
1779041162.9891147614,0.0420485809,0.0288946033,0.0909973755,-0.0055350897,0.0000000000,0.0000000000,3.2929999828,nan,nan,nan,nan,nan,nan,nan,nan,nan,nan,nan,nan,nan,nan,nan,nan,nan,nan,nan,nan,nan,nan,nan,nan,nan,nan,nan,nan,nan,nan,nan,nan,nan,nan,nan,nan,nan,nan,nan,nan,nan,nan,nan,nan,nan,0.0300180912,0.5200743675,inf,inf,inf,inf,inf,inf,inf,inf,inf,inf,inf,inf,inf,inf,15
1779041162.9990878105,0.0420485809,0.0288946033,0.0909973755,-0.0055350897,0.0000000000,0.0000000000,3.2929999828,nan,nan,nan,nan,nan,nan,nan,nan,nan,nan,nan,nan,nan,nan,nan,nan,nan,nan,nan,nan,nan,nan,nan,nan,nan,nan,nan,nan,nan,nan,nan,nan,nan,nan,nan,nan,nan,nan,nan,nan,nan,nan,nan,nan,nan,0.0399911404,0.5300474167,inf,inf,inf,inf,inf,inf,inf,inf,inf,inf,inf,inf,inf,inf,15
1779041163.0090975761,0.0420470200,0.0288938228,0.0909939334,-0.0055350897,0.0000000000,0.0000000000,3.2929999828,nan,nan,nan,nan,nan,nan,nan,nan,nan,nan,nan,nan,nan,nan,nan,nan,nan,nan,nan,nan,nan,nan,nan,nan,nan,nan,nan,nan,nan,nan,nan,nan,nan,nan,nan,nan,nan,nan,nan,nan,nan,nan,nan,nan,nan,0.0000147820,0.5400571823,inf,inf,inf,inf,inf,inf,inf,inf,inf,inf,inf,inf,inf,inf,15
1779041163.0191006660,0.0420470200,0.0288938228,0.0909939334,-0.0055350897,0.0000000000,0.0000000000,3.2929999828,nan,nan,nan,nan,nan,nan,nan,nan,nan,nan,nan,nan,nan,nan,nan,nan,nan,nan,nan,nan,nan,nan,nan,nan,nan,nan,nan,nan,nan,nan,nan,nan,nan,nan,nan,nan,nan,nan,nan,nan,nan,nan,nan,nan,nan,0.0100178719,0.5500602722,inf,inf,inf,inf,inf,inf,inf,inf,inf,inf,inf,inf,inf,inf,15
1779041163.0292379856,0.0420470200,0.0288938228,0.0909939334,-0.0055350897,0.0000000000,0.0000000000,3.2929999828,nan,nan,nan,nan,nan,nan,nan,nan,nan,nan,nan,nan,nan,nan,nan,nan,nan,nan,nan,nan,nan,nan,nan,nan,nan,nan,nan,nan,nan,nan,nan,nan,nan,nan,nan,nan,nan,nan,nan,nan,nan,nan,nan,nan,nan,0.0201551914,0.5601975918,inf,inf,inf,inf,inf,inf,inf,inf,inf,inf,inf,inf,inf,inf,15
1779041163.0391085148,0.0420470200,0.0288938228,0.0909939334,-0.0055350897,0.0000000000,0.0000000000,3.2929999828,nan,nan,nan,nan,nan,nan,nan,nan,nan,nan,nan,nan,nan,nan,nan,nan,nan,nan,nan,nan,nan,nan,nan,nan,nan,nan,nan,nan,nan,nan,nan,nan,nan,nan,nan,nan,nan,nan,nan,nan,nan,nan,nan,nan,nan,0.0300257206,0.5700681210,inf,inf,inf,inf,inf,inf,inf,inf,inf,inf,inf,inf,inf,inf,15
1779041163.0490989685,0.0420470200,0.0288938228,0.0909939334,-0.0055350897,0.0000000000,0.0000000000,3.2929999828,nan,nan,nan,nan,nan,nan,nan,nan,nan,nan,nan,nan,nan,nan,nan,nan,nan,nan,nan,nan,nan,nan,nan,nan,nan,nan,nan,nan,nan,nan,nan,nan,nan,nan,nan,nan,nan,nan,nan,nan,nan,nan,nan,nan,nan,0.0400161743,0.5800585747,inf,inf,inf,inf,inf,inf,inf,inf,inf,inf,inf,inf,inf,inf,15
1779041163.0591521263,0.0420502573,0.0288941115,0.0909938216,-0.0055350897,0.0000000000,0.0000000000,3.2929999828,nan,nan,nan,nan,nan,nan,nan,nan,nan,nan,nan,nan,nan,nan,nan,nan,nan,nan,nan,nan,nan,nan,nan,nan,nan,nan,nan,nan,nan,nan,nan,nan,nan,nan,nan,nan,nan,nan,nan,nan,nan,nan,nan,nan,nan,0.0000240803,0.5901117325,inf,inf,inf,inf,inf,inf,inf,inf,inf,inf,inf,inf,inf,inf,15
1779041163.0691483021,0.0420502573,0.0288941115,0.0909938216,-0.0055350897,0.0000000000,0.0000000000,3.2929999828,nan,nan,nan,nan,nan,nan,nan,nan,nan,nan,nan,nan,nan,nan,nan,nan,nan,nan,nan,nan,nan,nan,nan,nan,nan,nan,nan,nan,nan,nan,nan,nan,nan,nan,nan,nan,nan,nan,nan,nan,nan,nan,nan,nan,nan,0.0100202560,0.6001079082,inf,inf,inf,inf,inf,inf,inf,inf,inf,inf,inf,inf,inf,inf,15
1779041163.0791704655,0.0420502573,0.0288941115,0.0909938216,-0.0055350897,0.0000000000,0.0000000000,3.2929999828,nan,nan,nan,nan,nan,nan,nan,nan,nan,nan,nan,nan,nan,nan,nan,nan,nan,nan,nan,nan,nan,nan,nan,nan,nan,nan,nan,nan,nan,nan,nan,nan,nan,nan,nan,nan,nan,nan,nan,nan,nan,nan,nan,nan,nan,0.0200424194,0.6101300716,inf,inf,inf,inf,inf,inf,inf,inf,inf,inf,inf,inf,inf,inf,15
1779041163.0891425610,0.0420502573,0.0288941115,0.0909938216,-0.0055350897,0.0000000000,0.0000000000,3.2929999828,nan,nan,nan,nan,nan,nan,nan,nan,nan,nan,nan,nan,nan,nan,nan,nan,nan,nan,nan,nan,nan,nan,nan,nan,nan,nan,nan,nan,nan,nan,nan,nan,nan,nan,nan,nan,nan,nan,nan,nan,nan,nan,nan,nan,nan,0.0300145149,0.6201021671,inf,inf,inf,inf,inf,inf,inf,inf,inf,inf,inf,inf,inf,inf,15
1779041163.0991744995,0.0420502573,0.0288941115,0.0909938216,-0.0055350897,0.0000000000,0.0000000000,3.2929999828,nan,nan,nan,nan,nan,nan,nan,nan,nan,nan,nan,nan,nan,nan,nan,nan,nan,nan,nan,nan,nan,nan,nan,nan,nan,nan,nan,nan,nan,nan,nan,nan,nan,nan,nan,nan,nan,nan,nan,nan,nan,nan,nan,nan,nan,0.0400464535,0.6301341057,inf,inf,inf,inf,inf,inf,inf,inf,inf,inf,inf,inf,inf,inf,15
1779041163.1091470718,0.0420548245,0.0288970787,0.0909910575,-0.0055350897,0.0000000000,0.0000000000,3.2929999828,nan,nan,nan,nan,nan,nan,nan,nan,nan,nan,nan,nan,nan,nan,nan,nan,nan,nan,nan,nan,nan,nan,nan,nan,nan,nan,nan,nan,nan,nan,nan,nan,nan,nan,nan,nan,nan,nan,nan,nan,nan,nan,nan,nan,nan,0.0000219345,0.6401066780,inf,inf,inf,inf,inf,inf,inf,inf,inf,inf,inf,inf,inf,inf,15
1779041163.1191275120,0.0420548245,0.0288970787,0.0909910575,-0.0055350897,0.0000000000,0.0000000000,3.2929999828,nan,nan,nan,nan,nan,nan,nan,nan,nan,nan,nan,nan,nan,nan,nan,nan,nan,nan,nan,nan,nan,nan,nan,nan,nan,nan,nan,nan,nan,nan,nan,nan,nan,nan,nan,nan,nan,nan,nan,nan,nan,nan,nan,nan,nan,0.0100023746,0.6500871181,inf,inf,inf,inf,inf,inf,inf,inf,inf,inf,inf,inf,inf,inf,15
1779041163.1290962696,0.0420548245,0.0288970787,0.0909910575,-0.0055350897,0.0000000000,0.0000000000,3.2929999828,nan,nan,nan,nan,nan,nan,nan,nan,nan,nan,nan,nan,nan,nan,nan,nan,nan,nan,nan,nan,nan,nan,nan,nan,nan,nan,nan,nan,nan,nan,nan,nan,nan,nan,nan,nan,nan,nan,nan,nan,nan,nan,nan,nan,nan,0.0199711323,0.6600558758,inf,inf,inf,inf,inf,inf,inf,inf,inf,inf,inf,inf,inf,inf,15
1779041163.1391086578,0.0420548245,0.0288970787,0.0909910575,-0.0055350897,0.0000000000,0.0000000000,3.2929999828,nan,nan,nan,nan,nan,nan,nan,nan,nan,nan,nan,nan,nan,nan,nan,nan,nan,nan,nan,nan,nan,nan,nan,nan,nan,nan,nan,nan,nan,nan,nan,nan,nan,nan,nan,nan,nan,nan,nan,nan,nan,nan,nan,nan,nan,0.0299835205,0.6700682640,inf,inf,inf,inf,inf,inf,inf,inf,inf,inf,inf,inf,inf,inf,15
1779041163.1490933895,0.0420548245,0.0288970787,0.0909910575,-0.0055350897,0.0000000000,0.0000000000,3.2929999828,nan,nan,nan,nan,nan,nan,nan,nan,nan,nan,nan,nan,nan,nan,nan,nan,nan,nan,nan,nan,nan,nan,nan,nan,nan,nan,nan,nan,nan,nan,nan,nan,nan,nan,nan,nan,nan,nan,nan,nan,nan,nan,nan,nan,nan,0.0399682522,0.6800529957,inf,inf,inf,inf,inf,inf,inf,inf,inf,inf,inf,inf,inf,inf,15
1779041163.1590921879,0.0420540310,0.0288954545,0.0909919217,-0.0055350897,0.0000000000,0.0000000000,3.2929999828,nan,nan,nan,nan,nan,nan,nan,nan,nan,nan,nan,nan,nan,nan,nan,nan,nan,nan,nan,nan,nan,nan,nan,nan,nan,nan,nan,nan,nan,nan,nan,nan,nan,nan,nan,nan,nan,nan,nan,nan,nan,nan,nan,nan,nan,0.0000143051,0.6900517941,inf,inf,inf,inf,inf,inf,inf,inf,inf,inf,inf,inf,inf,inf,15
1779041163.1691105366,0.0420540310,0.0288954545,0.0909919217,-0.0055350897,0.0000000000,0.0000000000,3.2929999828,nan,nan,nan,nan,nan,nan,nan,nan,nan,nan,nan,nan,nan,nan,nan,nan,nan,nan,nan,nan,nan,nan,nan,nan,nan,nan,nan,nan,nan,nan,nan,nan,nan,nan,nan,nan,nan,nan,nan,nan,nan,nan,nan,nan,nan,0.0100326538,0.7000701427,inf,inf,inf,inf,inf,inf,inf,inf,inf,inf,inf,inf,inf,inf,15
1779041163.1791062355,0.0420540310,0.0288954545,0.0909919217,-0.0055350897,0.0000000000,0.0000000000,3.2929999828,nan,nan,nan,nan,nan,nan,nan,nan,nan,nan,nan,nan,nan,nan,nan,nan,nan,nan,nan,nan,nan,nan,nan,nan,nan,nan,nan,nan,nan,nan,nan,nan,nan,nan,nan,nan,nan,nan,nan,nan,nan,nan,nan,nan,nan,0.0200283527,0.7100658417,inf,inf,inf,inf,inf,inf,inf,inf,inf,inf,inf,inf,inf,inf,15
1779041163.1890864372,0.0420540310,0.0288954545,0.0909919217,-0.0055350897,0.0000000000,0.0000000000,3.2929999828,nan,nan,nan,nan,nan,nan,nan,nan,nan,nan,nan,nan,nan,nan,nan,nan,nan,nan,nan,nan,nan,nan,nan,nan,nan,nan,nan,nan,nan,nan,nan,nan,nan,nan,nan,nan,nan,nan,nan,nan,nan,nan,nan,nan,nan,0.0300085545,0.7200460434,inf,inf,inf,inf,inf,inf,inf,inf,inf,inf,inf,inf,inf,inf,15
1779041163.1990838051,0.0420540310,0.0288954545,0.0909919217,-0.0055350897,0.0000000000,0.0000000000,3.2929999828,nan,nan,nan,nan,nan,nan,nan,nan,nan,nan,nan,nan,nan,nan,nan,nan,nan,nan,nan,nan,nan,nan,nan,nan,nan,nan,nan,nan,nan,nan,nan,nan,nan,nan,nan,nan,nan,nan,nan,nan,nan,nan,nan,nan,nan,0.0400059223,0.7300434113,inf,inf,inf,inf,inf,inf,inf,inf,inf,inf,inf,inf,inf,inf,15
1779041163.2090809345,0.0420545414,0.0288935639,0.0909914002,-0.0055350897,0.0000000000,0.0000000000,3.2929999828,nan,nan,nan,nan,nan,nan,nan,nan,nan,nan,nan,nan,nan,nan,nan,nan,nan,nan,nan,nan,nan,nan,nan,nan,nan,nan,nan,nan,nan,nan,nan,nan,nan,nan,nan,nan,nan,nan,nan,nan,nan,nan,nan,nan,nan,0.0000164509,0.7400405407,inf,inf,inf,inf,inf,inf,inf,inf,inf,inf,inf,inf,inf,inf,15
1779041163.2191050053,0.0420545414,0.0288935639,0.0909914002,-0.0055350897,0.0000000000,0.0000000000,3.2929999828,nan,nan,nan,nan,nan,nan,nan,nan,nan,nan,nan,nan,nan,nan,nan,nan,nan,nan,nan,nan,nan,nan,nan,nan,nan,nan,nan,nan,nan,nan,nan,nan,nan,nan,nan,nan,nan,nan,nan,nan,nan,nan,nan,nan,nan,0.0100405216,0.7500646114,inf,inf,inf,inf,inf,inf,inf,inf,inf,inf,inf,inf,inf,inf,15
1779041163.2291111946,0.0420545414,0.0288935639,0.0909914002,-0.0055350897,0.0000000000,0.0000000000,3.2929999828,nan,nan,nan,nan,nan,nan,nan,nan,nan,nan,nan,nan,nan,nan,nan,nan,nan,nan,nan,nan,nan,nan,nan,nan,nan,nan,nan,nan,nan,nan,nan,nan,nan,nan,nan,nan,nan,nan,nan,nan,nan,nan,nan,nan,nan,0.0200467110,0.7600708008,inf,inf,inf,inf,inf,inf,inf,inf,inf,inf,inf,inf,inf,inf,15
1779041163.2390866280,0.0420545414,0.0288935639,0.0909914002,-0.0055350897,0.0000000000,0.0000000000,3.2929999828,nan,nan,nan,nan,nan,nan,nan,nan,nan,nan,nan,nan,nan,nan,nan,nan,nan,nan,nan,nan,nan,nan,nan,nan,nan,nan,nan,nan,nan,nan,nan,nan,nan,nan,nan,nan,nan,nan,nan,nan,nan,nan,nan,nan,nan,0.0300221443,0.7700462341,inf,inf,inf,inf,inf,inf,inf,inf,inf,inf,inf,inf,inf,inf,15
1779041163.2490952015,0.0420545414,0.0288935639,0.0909914002,-0.0055350897,0.0000000000,0.0000000000,3.2929999828,nan,nan,nan,nan,nan,nan,nan,nan,nan,nan,nan,nan,nan,nan,nan,nan,nan,nan,nan,nan,nan,nan,nan,nan,nan,nan,nan,nan,nan,nan,nan,nan,nan,nan,nan,nan,nan,nan,nan,nan,nan,nan,nan,nan,nan,0.0400307178,0.7800548077,inf,inf,inf,inf,inf,inf,inf,inf,inf,inf,inf,inf,inf,inf,15
1779041163.2590758801,0.0420546234,0.0288928431,0.0909872204,-0.0055350897,0.0000000000,0.0000000000,3.2929999828,nan,nan,nan,nan,nan,nan,nan,nan,nan,nan,nan,nan,nan,nan,nan,nan,nan,nan,nan,nan,nan,nan,nan,nan,nan,nan,nan,nan,nan,nan,nan,nan,nan,nan,nan,nan,nan,nan,nan,nan,nan,nan,nan,nan,nan,0.0000128746,0.7900354862,inf,inf,inf,inf,inf,inf,inf,inf,inf,inf,inf,inf,inf,inf,15
1779041163.2690894604,0.0420546234,0.0288928431,0.0909872204,-0.0055350897,0.0000000000,0.0000000000,3.2929999828,nan,nan,nan,nan,nan,nan,nan,nan,nan,nan,nan,nan,nan,nan,nan,nan,nan,nan,nan,nan,nan,nan,nan,nan,nan,nan,nan,nan,nan,nan,nan,nan,nan,nan,nan,nan,nan,nan,nan,nan,nan,nan,nan,nan,nan,0.0100264549,0.8000490665,inf,inf,inf,inf,inf,inf,inf,inf,inf,inf,inf,inf,inf,inf,15
1779041163.2790942192,0.0420546234,0.0288928431,0.0909872204,-0.0055350897,0.0000000000,0.0000000000,3.2929999828,nan,nan,nan,nan,nan,nan,nan,nan,nan,nan,nan,nan,nan,nan,nan,nan,nan,nan,nan,nan,nan,nan,nan,nan,nan,nan,nan,nan,nan,nan,nan,nan,nan,nan,nan,nan,nan,nan,nan,nan,nan,nan,nan,nan,nan,0.0200312138,0.8100538254,inf,inf,inf,inf,inf,inf,inf,inf,inf,inf,inf,inf,inf,inf,15
1779041163.2890837193,0.0420546234,0.0288928431,0.0909872204,-0.0055350897,0.0000000000,0.0000000000,3.2929999828,nan,nan,nan,nan,nan,nan,nan,nan,nan,nan,nan,nan,nan,nan,nan,nan,nan,nan,nan,nan,nan,nan,nan,nan,nan,nan,nan,nan,nan,nan,nan,nan,nan,nan,nan,nan,nan,nan,nan,nan,nan,nan,nan,nan,nan,0.0300207138,0.8200433254,inf,inf,inf,inf,inf,inf,inf,inf,inf,inf,inf,inf,inf,inf,15
1779041163.2991213799,0.0420546234,0.0288928431,0.0909872204,-0.0055350897,0.0000000000,0.0000000000,3.2929999828,nan,nan,nan,nan,nan,nan,nan,nan,nan,nan,nan,nan,nan,nan,nan,nan,nan,nan,nan,nan,nan,nan,nan,nan,nan,nan,nan,nan,nan,nan,nan,nan,nan,nan,nan,nan,nan,nan,nan,nan,nan,nan,nan,nan,nan,0.0400583744,0.8300809860,inf,inf,inf,inf,inf,inf,inf,inf,inf,inf,inf,inf,inf,inf,15
1779041163.3090820312,0.0420544818,0.0288926698,0.0909888223,-0.0055350897,0.0000000000,0.0000000000,3.2929999828,nan,nan,nan,nan,nan,nan,nan,nan,nan,nan,nan,nan,nan,nan,nan,nan,nan,nan,nan,nan,nan,nan,nan,nan,nan,nan,nan,nan,nan,nan,nan,nan,nan,nan,nan,nan,nan,nan,nan,nan,nan,nan,nan,nan,nan,0.0000114441,0.8400416374,inf,inf,inf,inf,inf,inf,inf,inf,inf,inf,inf,inf,inf,inf,15
1779041163.3190851212,0.0420544818,0.0288926698,0.0909888223,-0.0055350897,0.0000000000,0.0000000000,3.2929999828,nan,nan,nan,nan,nan,nan,nan,nan,nan,nan,nan,nan,nan,nan,nan,nan,nan,nan,nan,nan,nan,nan,nan,nan,nan,nan,nan,nan,nan,nan,nan,nan,nan,nan,nan,nan,nan,nan,nan,nan,nan,nan,nan,nan,nan,0.0100145340,0.8500447273,inf,inf,inf,inf,inf,inf,inf,inf,inf,inf,inf,inf,inf,inf,15
1779041163.3290798664,0.0420544818,0.0288926698,0.0909888223,-0.0055350897,0.0000000000,0.0000000000,3.2929999828,nan,nan,nan,nan,nan,nan,nan,nan,nan,nan,nan,nan,nan,nan,nan,nan,nan,nan,nan,nan,nan,nan,nan,nan,nan,nan,nan,nan,nan,nan,nan,nan,nan,nan,nan,nan,nan,nan,nan,nan,nan,nan,nan,nan,nan,0.0200092793,0.8600394726,inf,inf,inf,inf,inf,inf,inf,inf,inf,inf,inf,inf,inf,inf,15
1779041163.3390905857,0.0420544818,0.0288926698,0.0909888223,-0.0055350897,0.0000000000,0.0000000000,3.2929999828,nan,nan,nan,nan,nan,nan,nan,nan,nan,nan,nan,nan,nan,nan,nan,nan,nan,nan,nan,nan,nan,nan,nan,nan,nan,nan,nan,nan,nan,nan,nan,nan,nan,nan,nan,nan,nan,nan,nan,nan,nan,nan,nan,nan,nan,0.0300199986,0.8700501919,inf,inf,inf,inf,inf,inf,inf,inf,inf,inf,inf,inf,inf,inf,15
1779041163.3490955830,0.0420544818,0.0288926698,0.0909888223,-0.0055350897,0.0000000000,0.0000000000,3.2929999828,nan,nan,nan,nan,nan,nan,nan,nan,nan,nan,nan,nan,nan,nan,nan,nan,nan,nan,nan,nan,nan,nan,nan,nan,nan,nan,nan,nan,nan,nan,nan,nan,nan,nan,nan,nan,nan,nan,nan,nan,nan,nan,nan,nan,nan,0.0400249958,0.8800551891,inf,inf,inf,inf,inf,inf,inf,inf,inf,inf,inf,inf,inf,inf,15
1779041163.3590855598,0.0423118584,0.0283813570,0.0909886509,-0.0055350897,0.0000000000,0.0000000000,3.2929999828,nan,nan,nan,nan,nan,nan,nan,nan,nan,nan,nan,nan,nan,nan,nan,nan,nan,nan,nan,nan,nan,nan,nan,nan,nan,nan,nan,nan,nan,nan,nan,nan,nan,nan,nan,nan,nan,nan,nan,nan,nan,nan,nan,nan,nan,0.0000128746,0.8900451660,inf,inf,inf,inf,inf,inf,inf,inf,inf,inf,inf,inf,inf,inf,15
1779041163.3690757751,0.0423118584,0.0283813570,0.0909886509,-0.0055350897,0.0000000000,0.0000000000,3.2929999828,nan,nan,nan,nan,nan,nan,nan,nan,nan,nan,nan,nan,nan,nan,nan,nan,nan,nan,nan,nan,nan,nan,nan,nan,nan,nan,nan,nan,nan,nan,nan,nan,nan,nan,nan,nan,nan,nan,nan,nan,nan,nan,nan,nan,nan,0.0100030899,0.9000353813,inf,inf,inf,inf,inf,inf,inf,inf,inf,inf,inf,inf,inf,inf,15
1779041163.3790836334,0.0423118584,0.0283813570,0.0909886509,-0.0055350897,0.0000000000,0.0000000000,3.2929999828,nan,nan,nan,nan,nan,nan,nan,nan,nan,nan,nan,nan,nan,nan,nan,nan,nan,nan,nan,nan,nan,nan,nan,nan,nan,nan,nan,nan,nan,nan,nan,nan,nan,nan,nan,nan,nan,nan,nan,nan,nan,nan,nan,nan,nan,0.0200109482,0.9100432396,inf,inf,inf,inf,inf,inf,inf,inf,inf,inf,inf,inf,inf,inf,15
1779041163.3890697956,0.0423118584,0.0283813570,0.0909886509,-0.0055350897,0.0000000000,0.0000000000,3.2929999828,nan,nan,nan,nan,nan,nan,nan,nan,nan,nan,nan,nan,nan,nan,nan,nan,nan,nan,nan,nan,nan,nan,nan,nan,nan,nan,nan,nan,nan,nan,nan,nan,nan,nan,nan,nan,nan,nan,nan,nan,nan,nan,nan,nan,nan,0.0299971104,0.9200294018,inf,inf,inf,inf,inf,inf,inf,inf,inf,inf,inf,inf,inf,inf,15
1779041163.3991160393,0.0423118584,0.0283813570,0.0909886509,-0.0055350897,0.0000000000,0.0000000000,3.2929999828,nan,nan,nan,nan,nan,nan,nan,nan,nan,nan,nan,nan,nan,nan,nan,nan,nan,nan,nan,nan,nan,nan,nan,nan,nan,nan,nan,nan,nan,nan,nan,nan,nan,nan,nan,nan,nan,nan,nan,nan,nan,nan,nan,nan,nan,0.0400433540,0.9300756454,inf,inf,inf,inf,inf,inf,inf,inf,inf,inf,inf,inf,inf,inf,15
1779041163.4090540409,0.0420599654,0.0288951062,0.0909898579,-0.0055350897,0.0000000000,0.0000000000,3.2929999828,nan,nan,nan,nan,nan,nan,nan,nan,nan,nan,nan,nan,nan,nan,nan,nan,nan,nan,nan,nan,nan,nan,nan,nan,nan,nan,nan,nan,nan,nan,nan,nan,nan,nan,nan,nan,nan,nan,nan,nan,nan,nan,nan,nan,nan,0.0000104904,0.9400136471,inf,inf,inf,inf,inf,inf,inf,inf,inf,inf,inf,inf,inf,inf,15
1779041163.4191021919,0.0420599654,0.0288951062,0.0909898579,-0.0055350897,0.0000000000,0.0000000000,3.2929999828,nan,nan,nan,nan,nan,nan,nan,nan,nan,nan,nan,nan,nan,nan,nan,nan,nan,nan,nan,nan,nan,nan,nan,nan,nan,nan,nan,nan,nan,nan,nan,nan,nan,nan,nan,nan,nan,nan,nan,nan,nan,nan,nan,nan,nan,0.0100586414,0.9500617981,inf,inf,inf,inf,inf,inf,inf,inf,inf,inf,inf,inf,inf,inf,15
1779041163.4290761948,0.0420599654,0.0288951062,0.0909898579,-0.0055350897,0.0000000000,0.0000000000,3.2929999828,nan,nan,nan,nan,nan,nan,nan,nan,nan,nan,nan,nan,nan,nan,nan,nan,nan,nan,nan,nan,nan,nan,nan,nan,nan,nan,nan,nan,nan,nan,nan,nan,nan,nan,nan,nan,nan,nan,nan,nan,nan,nan,nan,nan,nan,0.0200326443,0.9600358009,inf,inf,inf,inf,inf,inf,inf,inf,inf,inf,inf,inf,inf,inf,15
1779041163.4390487671,0.0420599654,0.0288951062,0.0909898579,-0.0055350897,0.0000000000,0.0000000000,3.2929999828,nan,nan,nan,nan,nan,nan,nan,nan,nan,nan,nan,nan,nan,nan,nan,nan,nan,nan,nan,nan,nan,nan,nan,nan,nan,nan,nan,nan,nan,nan,nan,nan,nan,nan,nan,nan,nan,nan,nan,nan,nan,nan,nan,nan,nan,0.0300052166,0.9700083733,inf,inf,inf,inf,inf,inf,inf,inf,inf,inf,inf,inf,inf,inf,15
1779041163.4490511417,0.0420599654,0.0288951062,0.0909898579,-0.0055350897,0.0000000000,0.0000000000,3.2929999828,nan,nan,nan,nan,nan,nan,nan,nan,nan,nan,nan,nan,nan,nan,nan,nan,nan,nan,nan,nan,nan,nan,nan,nan,nan,nan,nan,nan,nan,nan,nan,nan,nan,nan,nan,nan,nan,nan,nan,nan,nan,nan,nan,nan,nan,0.0400075912,0.9800107479,inf,inf,inf,inf,inf,inf,inf,inf,inf,inf,inf,inf,inf,inf,15
1779041163.4590699673,0.0420562737,0.0289012548,0.0909916013,-0.0055350897,0.0000000000,0.0000000000,3.2929999828,nan,nan,nan,nan,nan,nan,nan,nan,nan,nan,nan,nan,nan,nan,nan,nan,nan,nan,nan,nan,nan,nan,nan,nan,nan,nan,nan,nan,nan,nan,nan,nan,nan,nan,nan,nan,nan,nan,nan,nan,nan,nan,nan,nan,nan,0.0000202656,0.9900295734,inf,inf,inf,inf,inf,inf,inf,inf,inf,inf,inf,inf,inf,inf,15
1779041163.4691066742,0.0420562737,0.0289012548,0.0909916013,-0.0055350897,0.0000000000,0.0000000000,3.2929999828,nan,nan,nan,nan,nan,nan,nan,nan,nan,nan,nan,nan,nan,nan,nan,nan,nan,nan,nan,nan,nan,nan,nan,nan,nan,nan,nan,nan,nan,nan,nan,nan,nan,nan,nan,nan,nan,nan,nan,nan,nan,nan,nan,nan,nan,0.0100569725,0.0000150204,inf,inf,inf,inf,inf,inf,inf,inf,inf,inf,inf,inf,inf,inf,15
1779041163.4790956974,0.0420562737,0.0289012548,0.0909916013,-0.0055350897,0.0000000000,0.0000000000,3.2929999828,nan,nan,nan,nan,nan,nan,nan,nan,nan,nan,nan,nan,nan,nan,nan,nan,nan,nan,nan,nan,nan,nan,nan,nan,nan,nan,nan,nan,nan,nan,nan,nan,nan,nan,nan,nan,nan,nan,nan,nan,nan,nan,nan,nan,nan,0.0200459957,0.0100040436,inf,inf,inf,inf,inf,inf,inf,inf,inf,inf,inf,inf,inf,inf,15
1779041163.4891049862,0.0420562737,0.0289012548,0.0909916013,-0.0055350897,0.0000000000,0.0000000000,3.2929999828,nan,nan,nan,nan,nan,nan,nan,nan,nan,nan,nan,nan,nan,nan,nan,nan,nan,nan,nan,nan,nan,nan,nan,nan,nan,nan,nan,nan,nan,nan,nan,nan,nan,nan,nan,nan,nan,nan,nan,nan,nan,nan,nan,nan,nan,0.0300552845,0.0200133324,inf,inf,inf,inf,inf,inf,inf,inf,inf,inf,inf,inf,inf,inf,15
1779041163.4991440773,0.0420562737,0.0289012548,0.0909916013,-0.0055350897,0.0000000000,0.0000000000,3.2929999828,nan,nan,nan,nan,nan,nan,nan,nan,nan,nan,nan,nan,nan,nan,nan,nan,nan,nan,nan,nan,nan,nan,nan,nan,nan,nan,nan,nan,nan,nan,nan,nan,nan,nan,nan,nan,nan,nan,nan,nan,nan,nan,nan,nan,nan,0.0400943756,0.0300524235,inf,inf,inf,inf,inf,inf,inf,inf,inf,inf,inf,inf,inf,inf,15
1779041163.5091276169,0.0420475826,0.0289130397,0.0909926146,-0.0055350897,0.0000000000,0.0000000000,3.2929999828,nan,nan,nan,nan,nan,nan,nan,nan,nan,nan,nan,nan,nan,nan,nan,nan,nan,nan,nan,nan,nan,nan,nan,nan,nan,nan,nan,nan,nan,nan,nan,nan,nan,nan,nan,nan,nan,nan,nan,nan,nan,nan,nan,nan,nan,0.0000205040,0.0400359631,inf,inf,inf,inf,inf,inf,inf,inf,inf,inf,inf,inf,inf,inf,15
1779041163.5191464424,0.0420475826,0.0289130397,0.0909926146,-0.0055350897,0.0000000000,0.0000000000,3.2929999828,nan,nan,nan,nan,nan,nan,nan,nan,nan,nan,nan,nan,nan,nan,nan,nan,nan,nan,nan,nan,nan,nan,nan,nan,nan,nan,nan,nan,nan,nan,nan,nan,nan,nan,nan,nan,nan,nan,nan,nan,nan,nan,nan,nan,nan,0.0100393295,0.0500547886,inf,inf,inf,inf,inf,inf,inf,inf,inf,inf,inf,inf,inf,inf,15
1779041163.5291194916,0.0420475826,0.0289130397,0.0909926146,-0.0055350897,0.0000000000,0.0000000000,3.2929999828,nan,nan,nan,nan,nan,nan,nan,nan,nan,nan,nan,nan,nan,nan,nan,nan,nan,nan,nan,nan,nan,nan,nan,nan,nan,nan,nan,nan,nan,nan,nan,nan,nan,nan,nan,nan,nan,nan,nan,nan,nan,nan,nan,nan,nan,0.0200123787,0.0600278378,inf,inf,inf,inf,inf,inf,inf,inf,inf,inf,inf,inf,inf,inf,15
1779041163.5391051769,0.0420475826,0.0289130397,0.0909926146,-0.0055350897,0.0000000000,0.0000000000,3.2929999828,nan,nan,nan,nan,nan,nan,nan,nan,nan,nan,nan,nan,nan,nan,nan,nan,nan,nan,nan,nan,nan,nan,nan,nan,nan,nan,nan,nan,nan,nan,nan,nan,nan,nan,nan,nan,nan,nan,nan,nan,nan,nan,nan,nan,nan,0.0299980640,0.0700135231,inf,inf,inf,inf,inf,inf,inf,inf,inf,inf,inf,inf,inf,inf,15
1779041163.5491263866,0.0420475826,0.0289130397,0.0909926146,-0.0055350897,0.0000000000,0.0000000000,3.2929999828,nan,nan,nan,nan,nan,nan,nan,nan,nan,nan,nan,nan,nan,nan,nan,nan,nan,nan,nan,nan,nan,nan,nan,nan,nan,nan,nan,nan,nan,nan,nan,nan,nan,nan,nan,nan,nan,nan,nan,nan,nan,nan,nan,nan,nan,0.0400192738,0.0800347328,inf,inf,inf,inf,inf,inf,inf,inf,inf,inf,inf,inf,inf,inf,15
1779041163.5591070652,0.0420523919,0.0288993698,0.0909895971,-0.0055350897,0.0000000000,0.0000000000,3.2929999828,nan,nan,nan,nan,nan,nan,nan,nan,nan,nan,nan,nan,nan,nan,nan,nan,nan,nan,nan,nan,nan,nan,nan,nan,nan,nan,nan,nan,nan,nan,nan,nan,nan,nan,nan,nan,nan,nan,nan,nan,nan,nan,nan,nan,nan,0.0000174046,0.0900154114,inf,inf,inf,inf,inf,inf,inf,inf,inf,inf,inf,inf,inf,inf,15
1779041163.5690934658,0.0420523919,0.0288993698,0.0909895971,-0.0055350897,0.0000000000,0.0000000000,3.2929999828,nan,nan,nan,nan,nan,nan,nan,nan,nan,nan,nan,nan,nan,nan,nan,nan,nan,nan,nan,nan,nan,nan,nan,nan,nan,nan,nan,nan,nan,nan,nan,nan,nan,nan,nan,nan,nan,nan,nan,nan,nan,nan,nan,nan,nan,0.0100038052,0.1000018120,inf,inf,inf,inf,inf,inf,inf,inf,inf,inf,inf,inf,inf,inf,15
1779041163.5791287422,0.0420523919,0.0288993698,0.0909895971,-0.0055350897,0.0000000000,0.0000000000,3.2929999828,nan,nan,nan,nan,nan,nan,nan,nan,nan,nan,nan,nan,nan,nan,nan,nan,nan,nan,nan,nan,nan,nan,nan,nan,nan,nan,nan,nan,nan,nan,nan,nan,nan,nan,nan,nan,nan,nan,nan,nan,nan,nan,nan,nan,nan,0.0200390816,0.1100370884,inf,inf,inf,inf,inf,inf,inf,inf,inf,inf,inf,inf,inf,inf,15
1779041163.5891320705,0.0420523919,0.0288993698,0.0909895971,-0.0055350897,0.0000000000,0.0000000000,3.2929999828,nan,nan,nan,nan,nan,nan,nan,nan,nan,nan,nan,nan,nan,nan,nan,nan,nan,nan,nan,nan,nan,nan,nan,nan,nan,nan,nan,nan,nan,nan,nan,nan,nan,nan,nan,nan,nan,nan,nan,nan,nan,nan,nan,nan,nan,0.0300424099,0.1200404167,inf,inf,inf,inf,inf,inf,inf,inf,inf,inf,inf,inf,inf,inf,15
1779041163.5991306305,0.0420523919,0.0288993698,0.0909895971,-0.0055350897,0.0000000000,0.0000000000,3.2929999828,nan,nan,nan,nan,nan,nan,nan,nan,nan,nan,nan,nan,nan,nan,nan,nan,nan,nan,nan,nan,nan,nan,nan,nan,nan,nan,nan,nan,nan,nan,nan,nan,nan,nan,nan,nan,nan,nan,nan,nan,nan,nan,nan,nan,nan,0.0400409698,0.1300389767,inf,inf,inf,inf,inf,inf,inf,inf,inf,inf,inf,inf,inf,inf,15
1779041163.6091032028,0.0420568138,0.0289022271,0.0909929872,-0.0055350897,0.0000000000,0.0000000000,3.2929999828,nan,nan,nan,nan,nan,nan,nan,nan,nan,nan,nan,nan,nan,nan,nan,nan,nan,nan,nan,nan,nan,nan,nan,nan,nan,nan,nan,nan,nan,nan,nan,nan,nan,nan,nan,nan,nan,nan,nan,nan,nan,nan,nan,nan,nan,0.0000166893,0.1400115490,inf,inf,inf,inf,inf,inf,inf,inf,inf,inf,inf,inf,inf,inf,15
1779041163.6191017628,0.0420568138,0.0289022271,0.0909929872,-0.0055350897,0.0000000000,0.0000000000,3.2929999828,nan,nan,nan,nan,nan,nan,nan,nan,nan,nan,nan,nan,nan,nan,nan,nan,nan,nan,nan,nan,nan,nan,nan,nan,nan,nan,nan,nan,nan,nan,nan,nan,nan,nan,nan,nan,nan,nan,nan,nan,nan,nan,nan,nan,nan,0.0100152493,0.1500101089,inf,inf,inf,inf,inf,inf,inf,inf,inf,inf,inf,inf,inf,inf,15
1779041163.6292319298,0.0420568138,0.0289022271,0.0909929872,-0.0055350897,0.0000000000,0.0000000000,3.2929999828,nan,nan,nan,nan,nan,nan,nan,nan,nan,nan,nan,nan,nan,nan,nan,nan,nan,nan,nan,nan,nan,nan,nan,nan,nan,nan,nan,nan,nan,nan,nan,nan,nan,nan,nan,nan,nan,nan,nan,nan,nan,nan,nan,nan,nan,0.0201454163,0.1601402760,inf,inf,inf,inf,inf,inf,inf,inf,inf,inf,inf,inf,inf,inf,15
1779041163.6390912533,0.0420568138,0.0289022271,0.0909929872,-0.0055350897,0.0000000000,0.0000000000,3.2929999828,nan,nan,nan,nan,nan,nan,nan,nan,nan,nan,nan,nan,nan,nan,nan,nan,nan,nan,nan,nan,nan,nan,nan,nan,nan,nan,nan,nan,nan,nan,nan,nan,nan,nan,nan,nan,nan,nan,nan,nan,nan,nan,nan,nan,nan,0.0300047398,0.1699995995,inf,inf,inf,inf,inf,inf,inf,inf,inf,inf,inf,inf,inf,inf,15
1779041163.6490912437,0.0420568138,0.0289022271,0.0909929872,-0.0055350897,0.0000000000,0.0000000000,3.2929999828,nan,nan,nan,nan,nan,nan,nan,nan,nan,nan,nan,nan,nan,nan,nan,nan,nan,nan,nan,nan,nan,nan,nan,nan,nan,nan,nan,nan,nan,nan,nan,nan,nan,nan,nan,nan,nan,nan,nan,nan,nan,nan,nan,nan,nan,0.0400047302,0.1799995899,inf,inf,inf,inf,inf,inf,inf,inf,inf,inf,inf,inf,inf,inf,15
1779041163.6591236591,0.0420550555,0.0289039053,0.0909944475,-0.0055350897,0.0000000000,0.0000000000,3.2929999828,nan,nan,nan,nan,nan,nan,nan,nan,nan,nan,nan,nan,nan,nan,nan,nan,nan,nan,nan,nan,nan,nan,nan,nan,nan,nan,nan,nan,nan,nan,nan,nan,nan,nan,nan,nan,nan,nan,nan,nan,nan,nan,nan,nan,nan,0.0000185966,0.1900320053,inf,inf,inf,inf,inf,inf,inf,inf,inf,inf,inf,inf,inf,inf,15
1779041163.6690890789,0.0420550555,0.0289039053,0.0909944475,-0.0055350897,0.0000000000,0.0000000000,3.2929999828,nan,nan,nan,nan,nan,nan,nan,nan,nan,nan,nan,nan,nan,nan,nan,nan,nan,nan,nan,nan,nan,nan,nan,nan,nan,nan,nan,nan,nan,nan,nan,nan,nan,nan,nan,nan,nan,nan,nan,nan,nan,nan,nan,nan,nan,0.0099840164,0.1999974251,inf,inf,inf,inf,inf,inf,inf,inf,inf,inf,inf,inf,inf,inf,15
1779041163.6790626049,0.0420550555,0.0289039053,0.0909944475,-0.0055350897,0.0000000000,0.0000000000,3.2929999828,nan,nan,nan,nan,nan,nan,nan,nan,nan,nan,nan,nan,nan,nan,nan,nan,nan,nan,nan,nan,nan,nan,nan,nan,nan,nan,nan,nan,nan,nan,nan,nan,nan,nan,nan,nan,nan,nan,nan,nan,nan,nan,nan,nan,nan,0.0199575424,0.2099709511,inf,inf,inf,inf,inf,inf,inf,inf,inf,inf,inf,inf,inf,inf,15
1779041163.6890447140,0.0420550555,0.0289039053,0.0909944475,-0.0055350897,0.0000000000,0.0000000000,3.2929999828,nan,nan,nan,nan,nan,nan,nan,nan,nan,nan,nan,nan,nan,nan,nan,nan,nan,nan,nan,nan,nan,nan,nan,nan,nan,nan,nan,nan,nan,nan,nan,nan,nan,nan,nan,nan,nan,nan,nan,nan,nan,nan,nan,nan,nan,0.0299396515,0.2199530602,inf,inf,inf,inf,inf,inf,inf,inf,inf,inf,inf,inf,inf,inf,15
1779041163.6990592480,0.0420550555,0.0289039053,0.0909944475,-0.0055350897,0.0000000000,0.0000000000,3.2929999828,nan,nan,nan,nan,nan,nan,nan,nan,nan,nan,nan,nan,nan,nan,nan,nan,nan,nan,nan,nan,nan,nan,nan,nan,nan,nan,nan,nan,nan,nan,nan,nan,nan,nan,nan,nan,nan,nan,nan,nan,nan,nan,nan,nan,nan,0.0399541855,0.2299675941,inf,inf,inf,inf,inf,inf,inf,inf,inf,inf,inf,inf,inf,inf,15
1779041163.7090618610,0.0420424901,0.0289163776,0.0909977630,-0.0055350897,0.0000000000,0.0000000000,3.2929999828,nan,nan,nan,nan,nan,nan,nan,nan,nan,nan,nan,nan,nan,nan,nan,nan,nan,nan,nan,nan,nan,nan,nan,nan,nan,nan,nan,nan,nan,nan,nan,nan,nan,nan,nan,nan,nan,nan,nan,nan,nan,nan,nan,nan,nan,0.0000083447,0.2399702072,inf,inf,inf,inf,inf,inf,inf,inf,inf,inf,inf,inf,inf,inf,15
1779041163.7190892696,0.0420424901,0.0289163776,0.0909977630,-0.0055350897,0.0000000000,0.0000000000,3.2929999828,nan,nan,nan,nan,nan,nan,nan,nan,nan,nan,nan,nan,nan,nan,nan,nan,nan,nan,nan,nan,nan,nan,nan,nan,nan,nan,nan,nan,nan,nan,nan,nan,nan,nan,nan,nan,nan,nan,nan,nan,nan,nan,nan,nan,nan,0.0100357533,0.2499976158,inf,inf,inf,inf,inf,inf,inf,inf,inf,inf,inf,inf,inf,inf,15
1779041163.7291121483,0.0420424901,0.0289163776,0.0909977630,-0.0055350897,0.0000000000,0.0000000000,3.2929999828,nan,nan,nan,nan,nan,nan,nan,nan,nan,nan,nan,nan,nan,nan,nan,nan,nan,nan,nan,nan,nan,nan,nan,nan,nan,nan,nan,nan,nan,nan,nan,nan,nan,nan,nan,nan,nan,nan,nan,nan,nan,nan,nan,nan,nan,0.0200586319,0.2600204945,inf,inf,inf,inf,inf,inf,inf,inf,inf,inf,inf,inf,inf,inf,15
1779041163.7390604019,0.0420424901,0.0289163776,0.0909977630,-0.0055350897,0.0000000000,0.0000000000,3.2929999828,nan,nan,nan,nan,nan,nan,nan,nan,nan,nan,nan,nan,nan,nan,nan,nan,nan,nan,nan,nan,nan,nan,nan,nan,nan,nan,nan,nan,nan,nan,nan,nan,nan,nan,nan,nan,nan,nan,nan,nan,nan,nan,nan,nan,nan,0.0300068855,0.2699687481,inf,inf,inf,inf,inf,inf,inf,inf,inf,inf,inf,inf,inf,inf,15
1779041163.7490811348,0.0420424901,0.0289163776,0.0909977630,-0.0055350897,0.0000000000,0.0000000000,3.2929999828,nan,nan,nan,nan,nan,nan,nan,nan,nan,nan,nan,nan,nan,nan,nan,nan,nan,nan,nan,nan,nan,nan,nan,nan,nan,nan,nan,nan,nan,nan,nan,nan,nan,nan,nan,nan,nan,nan,nan,nan,nan,nan,nan,nan,nan,0.0400276184,0.2799894810,inf,inf,inf,inf,inf,inf,inf,inf,inf,inf,inf,inf,inf,inf,15
1779041163.7590351105,0.0420460328,0.0289082211,0.0909956172,-0.0055350897,0.0000000000,0.0000000000,3.2929999828,nan,nan,nan,nan,nan,nan,nan,nan,nan,nan,nan,nan,nan,nan,nan,nan,nan,nan,nan,nan,nan,nan,nan,nan,nan,nan,nan,nan,nan,nan,nan,nan,nan,nan,nan,nan,nan,nan,nan,nan,nan,nan,nan,nan,nan,0.0000078678,0.2899434566,inf,inf,inf,inf,inf,inf,inf,inf,inf,inf,inf,inf,inf,inf,15
1779041163.7690501213,0.0420460328,0.0289082211,0.0909956172,-0.0055350897,0.0000000000,0.0000000000,3.2929999828,nan,nan,nan,nan,nan,nan,nan,nan,nan,nan,nan,nan,nan,nan,nan,nan,nan,nan,nan,nan,nan,nan,nan,nan,nan,nan,nan,nan,nan,nan,nan,nan,nan,nan,nan,nan,nan,nan,nan,nan,nan,nan,nan,nan,nan,0.0100228786,0.2999584675,inf,inf,inf,inf,inf,inf,inf,inf,inf,inf,inf,inf,inf,inf,15
1779041163.7791080475,0.0420460328,0.0289082211,0.0909956172,-0.0055350897,0.0000000000,0.0000000000,3.2929999828,nan,nan,nan,nan,nan,nan,nan,nan,nan,nan,nan,nan,nan,nan,nan,nan,nan,nan,nan,nan,nan,nan,nan,nan,nan,nan,nan,nan,nan,nan,nan,nan,nan,nan,nan,nan,nan,nan,nan,nan,nan,nan,nan,nan,nan,0.0200808048,0.3100163937,inf,inf,inf,inf,inf,inf,inf,inf,inf,inf,inf,inf,inf,inf,15
1779041163.7890546322,0.0420460328,0.0289082211,0.0909956172,-0.0055350897,0.0000000000,0.0000000000,3.2929999828,nan,nan,nan,nan,nan,nan,nan,nan,nan,nan,nan,nan,nan,nan,nan,nan,nan,nan,nan,nan,nan,nan,nan,nan,nan,nan,nan,nan,nan,nan,nan,nan,nan,nan,nan,nan,nan,nan,nan,nan,nan,nan,nan,nan,nan,0.0300273895,0.3199629784,inf,inf,inf,inf,inf,inf,inf,inf,inf,inf,inf,inf,inf,inf,15
1779041163.7990510464,0.0420460328,0.0289082211,0.0909956172,-0.0055350897,0.0000000000,0.0000000000,3.2929999828,nan,nan,nan,nan,nan,nan,nan,nan,nan,nan,nan,nan,nan,nan,nan,nan,nan,nan,nan,nan,nan,nan,nan,nan,nan,nan,nan,nan,nan,nan,nan,nan,nan,nan,nan,nan,nan,nan,nan,nan,nan,nan,nan,nan,nan,0.0400238037,0.3299593925,inf,inf,inf,inf,inf,inf,inf,inf,inf,inf,inf,inf,inf,inf,15
1779041163.8090343475,0.0420504212,0.0288984925,0.0909941643,-0.0055350897,0.0000000000,0.0000000000,3.2929999828,nan,nan,nan,nan,nan,nan,nan,nan,nan,nan,nan,nan,nan,nan,nan,nan,nan,nan,nan,nan,nan,nan,nan,nan,nan,nan,nan,nan,nan,nan,nan,nan,nan,nan,nan,nan,nan,nan,nan,nan,nan,nan,nan,nan,nan,0.0000102520,0.3399426937,inf,inf,inf,inf,inf,inf,inf,inf,inf,inf,inf,inf,inf,inf,15
1779041163.8190751076,0.0420504212,0.0288984925,0.0909941643,-0.0055350897,0.0000000000,0.0000000000,3.2929999828,nan,nan,nan,nan,nan,nan,nan,nan,nan,nan,nan,nan,nan,nan,nan,nan,nan,nan,nan,nan,nan,nan,nan,nan,nan,nan,nan,nan,nan,nan,nan,nan,nan,nan,nan,nan,nan,nan,nan,nan,nan,nan,nan,nan,nan,0.0100510120,0.3499834538,inf,inf,inf,inf,inf,inf,inf,inf,inf,inf,inf,inf,inf,inf,15
1779041163.8290810585,0.0420504212,0.0288984925,0.0909941643,-0.0055350897,0.0000000000,0.0000000000,3.2929999828,nan,nan,nan,nan,nan,nan,nan,nan,nan,nan,nan,nan,nan,nan,nan,nan,nan,nan,nan,nan,nan,nan,nan,nan,nan,nan,nan,nan,nan,nan,nan,nan,nan,nan,nan,nan,nan,nan,nan,nan,nan,nan,nan,nan,nan,0.0200569630,0.3599894047,inf,inf,inf,inf,inf,inf,inf,inf,inf,inf,inf,inf,inf,inf,15
1779041163.8390877247,0.0420504212,0.0288984925,0.0909941643,-0.0055350897,0.0000000000,0.0000000000,3.2929999828,nan,nan,nan,nan,nan,nan,nan,nan,nan,nan,nan,nan,nan,nan,nan,nan,nan,nan,nan,nan,nan,nan,nan,nan,nan,nan,nan,nan,nan,nan,nan,nan,nan,nan,nan,nan,nan,nan,nan,nan,nan,nan,nan,nan,nan,0.0300636292,0.3699960709,inf,inf,inf,inf,inf,inf,inf,inf,inf,inf,inf,inf,inf,inf,15
1779041163.8490734100,0.0420504212,0.0288984925,0.0909941643,-0.0055350897,0.0000000000,0.0000000000,3.2929999828,nan,nan,nan,nan,nan,nan,nan,nan,nan,nan,nan,nan,nan,nan,nan,nan,nan,nan,nan,nan,nan,nan,nan,nan,nan,nan,nan,nan,nan,nan,nan,nan,nan,nan,nan,nan,nan,nan,nan,nan,nan,nan,nan,nan,nan,0.0400493145,0.3799817562,inf,inf,inf,inf,inf,inf,inf,inf,inf,inf,inf,inf,inf,inf,15
1779041163.8590419292,0.0420546830,0.0288993046,0.0909908563,-0.0055350897,0.0000000000,0.0000000000,3.2929999828,nan,nan,nan,nan,nan,nan,nan,nan,nan,nan,nan,nan,nan,nan,nan,nan,nan,nan,nan,nan,nan,nan,nan,nan,nan,nan,nan,nan,nan,nan,nan,nan,nan,nan,nan,nan,nan,nan,nan,nan,nan,nan,nan,nan,nan,0.0000097752,0.3899502754,inf,inf,inf,inf,inf,inf,inf,inf,inf,inf,inf,inf,inf,inf,15
1779041163.8691005707,0.0420546830,0.0288993046,0.0909908563,-0.0055350897,0.0000000000,0.0000000000,3.2929999828,nan,nan,nan,nan,nan,nan,nan,nan,nan,nan,nan,nan,nan,nan,nan,nan,nan,nan,nan,nan,nan,nan,nan,nan,nan,nan,nan,nan,nan,nan,nan,nan,nan,nan,nan,nan,nan,nan,nan,nan,nan,nan,nan,nan,nan,0.0100684166,0.4000089169,inf,inf,inf,inf,inf,inf,inf,inf,inf,inf,inf,inf,inf,inf,15
1779041163.8790919781,0.0420546830,0.0288993046,0.0909908563,-0.0055350897,0.0000000000,0.0000000000,3.2929999828,nan,nan,nan,nan,nan,nan,nan,nan,nan,nan,nan,nan,nan,nan,nan,nan,nan,nan,nan,nan,nan,nan,nan,nan,nan,nan,nan,nan,nan,nan,nan,nan,nan,nan,nan,nan,nan,nan,nan,nan,nan,nan,nan,nan,nan,0.0200598240,0.4100003242,inf,inf,inf,inf,inf,inf,inf,inf,inf,inf,inf,inf,inf,inf,15
1779041163.8890795708,0.0420546830,0.0288993046,0.0909908563,-0.0055350897,0.0000000000,0.0000000000,3.2929999828,nan,nan,nan,nan,nan,nan,nan,nan,nan,nan,nan,nan,nan,nan,nan,nan,nan,nan,nan,nan,nan,nan,nan,nan,nan,nan,nan,nan,nan,nan,nan,nan,nan,nan,nan,nan,nan,nan,nan,nan,nan,nan,nan,nan,nan,0.0300474167,0.4199879169,inf,inf,inf,inf,inf,inf,inf,inf,inf,inf,inf,inf,inf,inf,15
1779041163.8991022110,0.0420546830,0.0288993046,0.0909908563,-0.0055350897,0.0000000000,0.0000000000,3.2929999828,nan,nan,nan,nan,nan,nan,nan,nan,nan,nan,nan,nan,nan,nan,nan,nan,nan,nan,nan,nan,nan,nan,nan,nan,nan,nan,nan,nan,nan,nan,nan,nan,nan,nan,nan,nan,nan,nan,nan,nan,nan,nan,nan,nan,nan,0.0400700569,0.4300105572,inf,inf,inf,inf,inf,inf,inf,inf,inf,inf,inf,inf,inf,inf,15
1779041163.9090335369,0.0420539565,0.0289021395,0.0909865052,-0.0055350897,0.0000000000,0.0000000000,3.2929999828,nan,nan,nan,nan,nan,nan,nan,nan,nan,nan,nan,nan,nan,nan,nan,nan,nan,nan,nan,nan,nan,nan,nan,nan,nan,nan,nan,nan,nan,nan,nan,nan,nan,nan,nan,nan,nan,nan,nan,nan,nan,nan,nan,nan,nan,0.0000076294,0.4399418831,inf,inf,inf,inf,inf,inf,inf,inf,inf,inf,inf,inf,inf,inf,15
1779041163.9190361500,0.0420539565,0.0289021395,0.0909865052,-0.0055350897,0.0000000000,0.0000000000,3.2929999828,nan,nan,nan,nan,nan,nan,nan,nan,nan,nan,nan,nan,nan,nan,nan,nan,nan,nan,nan,nan,nan,nan,nan,nan,nan,nan,nan,nan,nan,nan,nan,nan,nan,nan,nan,nan,nan,nan,nan,nan,nan,nan,nan,nan,nan,0.0100102425,0.4499444962,inf,inf,inf,inf,inf,inf,inf,inf,inf,inf,inf,inf,inf,inf,15
1779041163.9291689396,0.0420539565,0.0289021395,0.0909865052,-0.0055350897,0.0000000000,0.0000000000,3.2929999828,nan,nan,nan,nan,nan,nan,nan,nan,nan,nan,nan,nan,nan,nan,nan,nan,nan,nan,nan,nan,nan,nan,nan,nan,nan,nan,nan,nan,nan,nan,nan,nan,nan,nan,nan,nan,nan,nan,nan,nan,nan,nan,nan,nan,nan,0.0201430321,0.4600772858,inf,inf,inf,inf,inf,inf,inf,inf,inf,inf,inf,inf,inf,inf,15
1779041163.9390761852,0.0420539565,0.0289021395,0.0909865052,-0.0055350897,0.0000000000,0.0000000000,3.2929999828,nan,nan,nan,nan,nan,nan,nan,nan,nan,nan,nan,nan,nan,nan,nan,nan,nan,nan,nan,nan,nan,nan,nan,nan,nan,nan,nan,nan,nan,nan,nan,nan,nan,nan,nan,nan,nan,nan,nan,nan,nan,nan,nan,nan,nan,0.0300502777,0.4699845314,inf,inf,inf,inf,inf,inf,inf,inf,inf,inf,inf,inf,inf,inf,15
1779041163.9490454197,0.0420539565,0.0289021395,0.0909865052,-0.0055350897,0.0000000000,0.0000000000,3.2929999828,nan,nan,nan,nan,nan,nan,nan,nan,nan,nan,nan,nan,nan,nan,nan,nan,nan,nan,nan,nan,nan,nan,nan,nan,nan,nan,nan,nan,nan,nan,nan,nan,nan,nan,nan,nan,nan,nan,nan,nan,nan,nan,nan,nan,nan,0.0400195122,0.4799537659,inf,inf,inf,inf,inf,inf,inf,inf,inf,inf,inf,inf,inf,inf,15
1779041163.9590225220,0.0420530550,0.0288995802,0.0909841284,-0.0055350897,0.0000000000,0.0000000000,3.2929999828,nan,nan,nan,nan,nan,nan,nan,nan,nan,nan,nan,nan,nan,nan,nan,nan,nan,nan,nan,nan,nan,nan,nan,nan,nan,nan,nan,nan,nan,nan,nan,nan,nan,nan,nan,nan,nan,nan,nan,nan,nan,nan,nan,nan,nan,0.0000085831,0.4899308681,inf,inf,inf,inf,inf,inf,inf,inf,inf,inf,inf,inf,inf,inf,15
1779041163.9690537453,0.0420530550,0.0288995802,0.0909841284,-0.0055350897,0.0000000000,0.0000000000,3.2929999828,nan,nan,nan,nan,nan,nan,nan,nan,nan,nan,nan,nan,nan,nan,nan,nan,nan,nan,nan,nan,nan,nan,nan,nan,nan,nan,nan,nan,nan,nan,nan,nan,nan,nan,nan,nan,nan,nan,nan,nan,nan,nan,nan,nan,nan,0.0100398064,0.4999620914,inf,inf,inf,inf,inf,inf,inf,inf,inf,inf,inf,inf,inf,inf,15
1779041163.9790482521,0.0420530550,0.0288995802,0.0909841284,-0.0055350897,0.0000000000,0.0000000000,3.2929999828,nan,nan,nan,nan,nan,nan,nan,nan,nan,nan,nan,nan,nan,nan,nan,nan,nan,nan,nan,nan,nan,nan,nan,nan,nan,nan,nan,nan,nan,nan,nan,nan,nan,nan,nan,nan,nan,nan,nan,nan,nan,nan,nan,nan,nan,0.0200343132,0.5099565983,inf,inf,inf,inf,inf,inf,inf,inf,inf,inf,inf,inf,inf,inf,15
1779041163.9890422821,0.0420530550,0.0288995802,0.0909841284,-0.0055350897,0.0000000000,0.0000000000,3.2929999828,nan,nan,nan,nan,nan,nan,nan,nan,nan,nan,nan,nan,nan,nan,nan,nan,nan,nan,nan,nan,nan,nan,nan,nan,nan,nan,nan,nan,nan,nan,nan,nan,nan,nan,nan,nan,nan,nan,nan,nan,nan,nan,nan,nan,nan,0.0300283432,0.5199506283,inf,inf,inf,inf,inf,inf,inf,inf,inf,inf,inf,inf,inf,inf,15
1779041163.9990854263,0.0420530550,0.0288995802,0.0909841284,-0.0055350897,0.0000000000,0.0000000000,3.2929999828,nan,nan,nan,nan,nan,nan,nan,nan,nan,nan,nan,nan,nan,nan,nan,nan,nan,nan,nan,nan,nan,nan,nan,nan,nan,nan,nan,nan,nan,nan,nan,nan,nan,nan,nan,nan,nan,nan,nan,nan,nan,nan,nan,nan,nan,0.0400714874,0.5299937725,inf,inf,inf,inf,inf,inf,inf,inf,inf,inf,inf,inf,inf,inf,15
1779041164.0090651512,0.0420572162,0.0288937837,0.0909855962,-0.0055350897,0.0000000000,0.0000000000,3.2929999828,nan,nan,nan,nan,nan,nan,nan,nan,nan,nan,nan,nan,nan,nan,nan,nan,nan,nan,nan,nan,nan,nan,nan,nan,nan,nan,nan,nan,nan,nan,nan,nan,nan,nan,nan,nan,nan,nan,nan,nan,nan,nan,nan,nan,nan,0.0000126362,0.5399734974,inf,inf,inf,inf,inf,inf,inf,inf,inf,inf,inf,inf,inf,inf,15
1779041164.0190804005,0.0420572162,0.0288937837,0.0909855962,-0.0055350897,0.0000000000,0.0000000000,3.2929999828,nan,nan,nan,nan,nan,nan,nan,nan,nan,nan,nan,nan,nan,nan,nan,nan,nan,nan,nan,nan,nan,nan,nan,nan,nan,nan,nan,nan,nan,nan,nan,nan,nan,nan,nan,nan,nan,nan,nan,nan,nan,nan,nan,nan,nan,0.0100278854,0.5499887466,inf,inf,inf,inf,inf,inf,inf,inf,inf,inf,inf,inf,inf,inf,15
1779041164.0290989876,0.0420572162,0.0288937837,0.0909855962,-0.0055350897,0.0000000000,0.0000000000,3.2929999828,nan,nan,nan,nan,nan,nan,nan,nan,nan,nan,nan,nan,nan,nan,nan,nan,nan,nan,nan,nan,nan,nan,nan,nan,nan,nan,nan,nan,nan,nan,nan,nan,nan,nan,nan,nan,nan,nan,nan,nan,nan,nan,nan,nan,nan,0.0200464725,0.5600073338,inf,inf,inf,inf,inf,inf,inf,inf,inf,inf,inf,inf,inf,inf,15
1779041164.0390834808,0.0420572162,0.0288937837,0.0909855962,-0.0055350897,0.0000000000,0.0000000000,3.2929999828,nan,nan,nan,nan,nan,nan,nan,nan,nan,nan,nan,nan,nan,nan,nan,nan,nan,nan,nan,nan,nan,nan,nan,nan,nan,nan,nan,nan,nan,nan,nan,nan,nan,nan,nan,nan,nan,nan,nan,nan,nan,nan,nan,nan,nan,0.0300309658,0.5699918270,inf,inf,inf,inf,inf,inf,inf,inf,inf,inf,inf,inf,inf,inf,15
1779041164.0490787029,0.0420572162,0.0288937837,0.0909855962,-0.0055350897,0.0000000000,0.0000000000,3.2929999828,nan,nan,nan,nan,nan,nan,nan,nan,nan,nan,nan,nan,nan,nan,nan,nan,nan,nan,nan,nan,nan,nan,nan,nan,nan,nan,nan,nan,nan,nan,nan,nan,nan,nan,nan,nan,nan,nan,nan,nan,nan,nan,nan,nan,nan,0.0400261879,0.5799870491,inf,inf,inf,inf,inf,inf,inf,inf,inf,inf,inf,inf,inf,inf,15
1779041164.0590543747,0.0420614667,0.0288895816,0.0909870341,-0.0055350897,0.0000000000,0.0000000000,3.2929999828,nan,nan,nan,nan,nan,nan,nan,nan,nan,nan,nan,nan,nan,nan,nan,nan,nan,nan,nan,nan,nan,nan,nan,nan,nan,nan,nan,nan,nan,nan,nan,nan,nan,nan,nan,nan,nan,nan,nan,nan,nan,nan,nan,nan,nan,0.0000104904,0.5899627209,inf,inf,inf,inf,inf,inf,inf,inf,inf,inf,inf,inf,inf,inf,15
1779041164.0690734386,0.0420614667,0.0288895816,0.0909870341,-0.0055350897,0.0000000000,0.0000000000,3.2929999828,nan,nan,nan,nan,nan,nan,nan,nan,nan,nan,nan,nan,nan,nan,nan,nan,nan,nan,nan,nan,nan,nan,nan,nan,nan,nan,nan,nan,nan,nan,nan,nan,nan,nan,nan,nan,nan,nan,nan,nan,nan,nan,nan,nan,nan,0.0100295544,0.5999817848,inf,inf,inf,inf,inf,inf,inf,inf,inf,inf,inf,inf,inf,inf,15
1779041164.0790982246,0.0420614667,0.0288895816,0.0909870341,-0.0055350897,0.0000000000,0.0000000000,3.2929999828,nan,nan,nan,nan,nan,nan,nan,nan,nan,nan,nan,nan,nan,nan,nan,nan,nan,nan,nan,nan,nan,nan,nan,nan,nan,nan,nan,nan,nan,nan,nan,nan,nan,nan,nan,nan,nan,nan,nan,nan,nan,nan,nan,nan,nan,0.0200543404,0.6100065708,inf,inf,inf,inf,inf,inf,inf,inf,inf,inf,inf,inf,inf,inf,15
1779041164.0890762806,0.0420614667,0.0288895816,0.0909870341,-0.0055350897,0.0000000000,0.0000000000,3.2929999828,nan,nan,nan,nan,nan,nan,nan,nan,nan,nan,nan,nan,nan,nan,nan,nan,nan,nan,nan,nan,nan,nan,nan,nan,nan,nan,nan,nan,nan,nan,nan,nan,nan,nan,nan,nan,nan,nan,nan,nan,nan,nan,nan,nan,nan,0.0300323963,0.6199846268,inf,inf,inf,inf,inf,inf,inf,inf,inf,inf,inf,inf,inf,inf,15
1779041164.0990545750,0.0420614667,0.0288895816,0.0909870341,-0.0055350897,0.0000000000,0.0000000000,3.2929999828,nan,nan,nan,nan,nan,nan,nan,nan,nan,nan,nan,nan,nan,nan,nan,nan,nan,nan,nan,nan,nan,nan,nan,nan,nan,nan,nan,nan,nan,nan,nan,nan,nan,nan,nan,nan,nan,nan,nan,nan,nan,nan,nan,nan,nan,0.0400106907,0.6299629211,inf,inf,inf,inf,inf,inf,inf,inf,inf,inf,inf,inf,inf,inf,15
1779041164.1090288162,0.0420605093,0.0288867150,0.0909915343,-0.0055350897,0.0000000000,0.0000000000,3.2929999828,nan,nan,nan,nan,nan,nan,nan,nan,nan,nan,nan,nan,nan,nan,nan,nan,nan,nan,nan,nan,nan,nan,nan,nan,nan,nan,nan,nan,nan,nan,nan,nan,nan,nan,nan,nan,nan,nan,nan,nan,nan,nan,nan,nan,nan,0.0000085831,0.6399371624,inf,inf,inf,inf,inf,inf,inf,inf,inf,inf,inf,inf,inf,inf,15
1779041164.1190803051,0.0420605093,0.0288867150,0.0909915343,-0.0055350897,0.0000000000,0.0000000000,3.2929999828,nan,nan,nan,nan,nan,nan,nan,nan,nan,nan,nan,nan,nan,nan,nan,nan,nan,nan,nan,nan,nan,nan,nan,nan,nan,nan,nan,nan,nan,nan,nan,nan,nan,nan,nan,nan,nan,nan,nan,nan,nan,nan,nan,nan,nan,0.0100600719,0.6499886513,inf,inf,inf,inf,inf,inf,inf,inf,inf,inf,inf,inf,inf,inf,15
1779041164.1290495396,0.0420605093,0.0288867150,0.0909915343,-0.0055350897,0.0000000000,0.0000000000,3.2929999828,nan,nan,nan,nan,nan,nan,nan,nan,nan,nan,nan,nan,nan,nan,nan,nan,nan,nan,nan,nan,nan,nan,nan,nan,nan,nan,nan,nan,nan,nan,nan,nan,nan,nan,nan,nan,nan,nan,nan,nan,nan,nan,nan,nan,nan,0.0200293064,0.6599578857,inf,inf,inf,inf,inf,inf,inf,inf,inf,inf,inf,inf,inf,inf,15
1779041164.1391053200,0.0420605093,0.0288867150,0.0909915343,-0.0055350897,0.0000000000,0.0000000000,3.2929999828,nan,nan,nan,nan,nan,nan,nan,nan,nan,nan,nan,nan,nan,nan,nan,nan,nan,nan,nan,nan,nan,nan,nan,nan,nan,nan,nan,nan,nan,nan,nan,nan,nan,nan,nan,nan,nan,nan,nan,nan,nan,nan,nan,nan,nan,0.0300850868,0.6700136662,inf,inf,inf,inf,inf,inf,inf,inf,inf,inf,inf,inf,inf,inf,15
1779041164.1490805149,0.0420605093,0.0288867150,0.0909915343,-0.0055350897,0.0000000000,0.0000000000,3.2929999828,nan,nan,nan,nan,nan,nan,nan,nan,nan,nan,nan,nan,nan,nan,nan,nan,nan,nan,nan,nan,nan,nan,nan,nan,nan,nan,nan,nan,nan,nan,nan,nan,nan,nan,nan,nan,nan,nan,nan,nan,nan,nan,nan,nan,nan,0.0400602818,0.6799888611,inf,inf,inf,inf,inf,inf,inf,inf,inf,inf,inf,inf,inf,inf,15
1779041164.1590404510,0.0420618877,0.0288873073,0.0909947753,-0.0055350897,0.0000000000,0.0000000000,3.2929999828,nan,nan,nan,nan,nan,nan,nan,nan,nan,nan,nan,nan,nan,nan,nan,nan,nan,nan,nan,nan,nan,nan,nan,nan,nan,nan,nan,nan,nan,nan,nan,nan,nan,nan,nan,nan,nan,nan,nan,nan,nan,nan,nan,nan,nan,0.0000104904,0.6899487972,inf,inf,inf,inf,inf,inf,inf,inf,inf,inf,inf,inf,inf,inf,15
1779041164.1690685749,0.0420618877,0.0288873073,0.0909947753,-0.0055350897,0.0000000000,0.0000000000,3.2929999828,nan,nan,nan,nan,nan,nan,nan,nan,nan,nan,nan,nan,nan,nan,nan,nan,nan,nan,nan,nan,nan,nan,nan,nan,nan,nan,nan,nan,nan,nan,nan,nan,nan,nan,nan,nan,nan,nan,nan,nan,nan,nan,nan,nan,nan,0.0100386143,0.6999769211,inf,inf,inf,inf,inf,inf,inf,inf,inf,inf,inf,inf,inf,inf,15
1779041164.1790516376,0.0420618877,0.0288873073,0.0909947753,-0.0055350897,0.0000000000,0.0000000000,3.2929999828,nan,nan,nan,nan,nan,nan,nan,nan,nan,nan,nan,nan,nan,nan,nan,nan,nan,nan,nan,nan,nan,nan,nan,nan,nan,nan,nan,nan,nan,nan,nan,nan,nan,nan,nan,nan,nan,nan,nan,nan,nan,nan,nan,nan,nan,0.0200216770,0.7099599838,inf,inf,inf,inf,inf,inf,inf,inf,inf,inf,inf,inf,inf,inf,15
1779041164.1890764236,0.0420618877,0.0288873073,0.0909947753,-0.0055350897,0.0000000000,0.0000000000,3.2929999828,nan,nan,nan,nan,nan,nan,nan,nan,nan,nan,nan,nan,nan,nan,nan,nan,nan,nan,nan,nan,nan,nan,nan,nan,nan,nan,nan,nan,nan,nan,nan,nan,nan,nan,nan,nan,nan,nan,nan,nan,nan,nan,nan,nan,nan,0.0300464630,0.7199847698,inf,inf,inf,inf,inf,inf,inf,inf,inf,inf,inf,inf,inf,inf,15
1779041164.1990981102,0.0420618877,0.0288873073,0.0909947753,-0.0055350897,0.0000000000,0.0000000000,3.2929999828,nan,nan,nan,nan,nan,nan,nan,nan,nan,nan,nan,nan,nan,nan,nan,nan,nan,nan,nan,nan,nan,nan,nan,nan,nan,nan,nan,nan,nan,nan,nan,nan,nan,nan,nan,nan,nan,nan,nan,nan,nan,nan,nan,nan,nan,0.0400681496,0.7300064564,inf,inf,inf,inf,inf,inf,inf,inf,inf,inf,inf,inf,inf,inf,15
1779041164.2090573311,0.0420616977,0.0288856905,0.0909910500,-0.0055350897,0.0000000000,0.0000000000,3.2929999828,nan,nan,nan,nan,nan,nan,nan,nan,nan,nan,nan,nan,nan,nan,nan,nan,nan,nan,nan,nan,nan,nan,nan,nan,nan,nan,nan,nan,nan,nan,nan,nan,nan,nan,nan,nan,nan,nan,nan,nan,nan,nan,nan,nan,nan,0.0000076294,0.7399656773,inf,inf,inf,inf,inf,inf,inf,inf,inf,inf,inf,inf,inf,inf,15
1779041164.2190713882,0.0420616977,0.0288856905,0.0909910500,-0.0055350897,0.0000000000,0.0000000000,3.2929999828,nan,nan,nan,nan,nan,nan,nan,nan,nan,nan,nan,nan,nan,nan,nan,nan,nan,nan,nan,nan,nan,nan,nan,nan,nan,nan,nan,nan,nan,nan,nan,nan,nan,nan,nan,nan,nan,nan,nan,nan,nan,nan,nan,nan,nan,0.0100216866,0.7499797344,inf,inf,inf,inf,inf,inf,inf,inf,inf,inf,inf,inf,inf,inf,15
1779041164.2290680408,0.0420616977,0.0288856905,0.0909910500,-0.0055350897,0.0000000000,0.0000000000,3.2929999828,nan,nan,nan,nan,nan,nan,nan,nan,nan,nan,nan,nan,nan,nan,nan,nan,nan,nan,nan,nan,nan,nan,nan,nan,nan,nan,nan,nan,nan,nan,nan,nan,nan,nan,nan,nan,nan,nan,nan,nan,nan,nan,nan,nan,nan,0.0200183392,0.7599763870,inf,inf,inf,inf,inf,inf,inf,inf,inf,inf,inf,inf,inf,inf,15
1779041164.2390599251,0.0420616977,0.0288856905,0.0909910500,-0.0055350897,0.0000000000,0.0000000000,3.2929999828,nan,nan,nan,nan,nan,nan,nan,nan,nan,nan,nan,nan,nan,nan,nan,nan,nan,nan,nan,nan,nan,nan,nan,nan,nan,nan,nan,nan,nan,nan,nan,nan,nan,nan,nan,nan,nan,nan,nan,nan,nan,nan,nan,nan,nan,0.0300102234,0.7699682713,inf,inf,inf,inf,inf,inf,inf,inf,inf,inf,inf,inf,inf,inf,15
1779041164.2490410805,0.0420616977,0.0288856905,0.0909910500,-0.0055350897,0.0000000000,0.0000000000,3.2929999828,nan,nan,nan,nan,nan,nan,nan,nan,nan,nan,nan,nan,nan,nan,nan,nan,nan,nan,nan,nan,nan,nan,nan,nan,nan,nan,nan,nan,nan,nan,nan,nan,nan,nan,nan,nan,nan,nan,nan,nan,nan,nan,nan,nan,nan,0.0399913788,0.7799494267,inf,inf,inf,inf,inf,inf,inf,inf,inf,inf,inf,inf,inf,inf,15
1779041164.2590725422,0.0420645550,0.0288860518,0.0909857452,-0.0055350897,0.0000000000,0.0000000000,3.2929999828,nan,nan,nan,nan,nan,nan,nan,nan,nan,nan,nan,nan,nan,nan,nan,nan,nan,nan,nan,nan,nan,nan,nan,nan,nan,nan,nan,nan,nan,nan,nan,nan,nan,nan,nan,nan,nan,nan,nan,nan,nan,nan,nan,nan,nan,0.0000114441,0.7899808884,inf,inf,inf,inf,inf,inf,inf,inf,inf,inf,inf,inf,inf,inf,15
1779041164.2691206932,0.0420645550,0.0288860518,0.0909857452,-0.0055350897,0.0000000000,0.0000000000,3.2929999828,nan,nan,nan,nan,nan,nan,nan,nan,nan,nan,nan,nan,nan,nan,nan,nan,nan,nan,nan,nan,nan,nan,nan,nan,nan,nan,nan,nan,nan,nan,nan,nan,nan,nan,nan,nan,nan,nan,nan,nan,nan,nan,nan,nan,nan,0.0100595951,0.8000290394,inf,inf,inf,inf,inf,inf,inf,inf,inf,inf,inf,inf,inf,inf,15
1779041164.2790811062,0.0420645550,0.0288860518,0.0909857452,-0.0055350897,0.0000000000,0.0000000000,3.2929999828,nan,nan,nan,nan,nan,nan,nan,nan,nan,nan,nan,nan,nan,nan,nan,nan,nan,nan,nan,nan,nan,nan,nan,nan,nan,nan,nan,nan,nan,nan,nan,nan,nan,nan,nan,nan,nan,nan,nan,nan,nan,nan,nan,nan,nan,0.0200200081,0.8099894524,inf,inf,inf,inf,inf,inf,inf,inf,inf,inf,inf,inf,inf,inf,15
1779041164.2890884876,0.0420645550,0.0288860518,0.0909857452,-0.0055350897,0.0000000000,0.0000000000,3.2929999828,nan,nan,nan,nan,nan,nan,nan,nan,nan,nan,nan,nan,nan,nan,nan,nan,nan,nan,nan,nan,nan,nan,nan,nan,nan,nan,nan,nan,nan,nan,nan,nan,nan,nan,nan,nan,nan,nan,nan,nan,nan,nan,nan,nan,nan,0.0300273895,0.8199968338,inf,inf,inf,inf,inf,inf,inf,inf,inf,inf,inf,inf,inf,inf,15
1779041164.2990791798,0.0420645550,0.0288860518,0.0909857452,-0.0055350897,0.0000000000,0.0000000000,3.2929999828,nan,nan,nan,nan,nan,nan,nan,nan,nan,nan,nan,nan,nan,nan,nan,nan,nan,nan,nan,nan,nan,nan,nan,nan,nan,nan,nan,nan,nan,nan,nan,nan,nan,nan,nan,nan,nan,nan,nan,nan,nan,nan,nan,nan,nan,0.0400180817,0.8299875259,inf,inf,inf,inf,inf,inf,inf,inf,inf,inf,inf,inf,inf,inf,15
1779041164.3090574741,0.0420693718,0.0288862064,0.0909917876,-0.0055350897,0.0000000000,0.0000000000,3.2929999828,nan,nan,nan,nan,nan,nan,nan,nan,nan,nan,nan,nan,nan,nan,nan,nan,nan,nan,nan,nan,nan,nan,nan,nan,nan,nan,nan,nan,nan,nan,nan,nan,nan,nan,nan,nan,nan,nan,nan,nan,nan,nan,nan,nan,nan,0.0000104904,0.8399658203,inf,inf,inf,inf,inf,inf,inf,inf,inf,inf,inf,inf,inf,inf,15
1779041164.3190922737,0.0420693718,0.0288862064,0.0909917876,-0.0055350897,0.0000000000,0.0000000000,3.2929999828,nan,nan,nan,nan,nan,nan,nan,nan,nan,nan,nan,nan,nan,nan,nan,nan,nan,nan,nan,nan,nan,nan,nan,nan,nan,nan,nan,nan,nan,nan,nan,nan,nan,nan,nan,nan,nan,nan,nan,nan,nan,nan,nan,nan,nan,0.0100452900,0.8500006199,inf,inf,inf,inf,inf,inf,inf,inf,inf,inf,inf,inf,inf,inf,15
1779041164.3290920258,0.0420693718,0.0288862064,0.0909917876,-0.0055350897,0.0000000000,0.0000000000,3.2929999828,nan,nan,nan,nan,nan,nan,nan,nan,nan,nan,nan,nan,nan,nan,nan,nan,nan,nan,nan,nan,nan,nan,nan,nan,nan,nan,nan,nan,nan,nan,nan,nan,nan,nan,nan,nan,nan,nan,nan,nan,nan,nan,nan,nan,nan,0.0200450420,0.8600003719,inf,inf,inf,inf,inf,inf,inf,inf,inf,inf,inf,inf,inf,inf,15
1779041164.3390867710,0.0420693718,0.0288862064,0.0909917876,-0.0055350897,0.0000000000,0.0000000000,3.2929999828,nan,nan,nan,nan,nan,nan,nan,nan,nan,nan,nan,nan,nan,nan,nan,nan,nan,nan,nan,nan,nan,nan,nan,nan,nan,nan,nan,nan,nan,nan,nan,nan,nan,nan,nan,nan,nan,nan,nan,nan,nan,nan,nan,nan,nan,0.0300397873,0.8699951172,inf,inf,inf,inf,inf,inf,inf,inf,inf,inf,inf,inf,inf,inf,15
1779041164.3491244316,0.0420693718,0.0288862064,0.0909917876,-0.0055350897,0.0000000000,0.0000000000,3.2929999828,nan,nan,nan,nan,nan,nan,nan,nan,nan,nan,nan,nan,nan,nan,nan,nan,nan,nan,nan,nan,nan,nan,nan,nan,nan,nan,nan,nan,nan,nan,nan,nan,nan,nan,nan,nan,nan,nan,nan,nan,nan,nan,nan,nan,nan,0.0400774479,0.8800327778,inf,inf,inf,inf,inf,inf,inf,inf,inf,inf,inf,inf,inf,inf,15
1779041164.3590383530,0.0420696475,0.0288897790,0.0909950584,-0.0055350897,0.0000000000,0.0000000000,3.2929999828,nan,nan,nan,nan,nan,nan,nan,nan,nan,nan,nan,nan,nan,nan,nan,nan,nan,nan,nan,nan,nan,nan,nan,nan,nan,nan,nan,nan,nan,nan,nan,nan,nan,nan,nan,nan,nan,nan,nan,nan,nan,nan,nan,nan,nan,0.0000097752,0.8899466991,inf,inf,inf,inf,inf,inf,inf,inf,inf,inf,inf,inf,inf,inf,15
1779041164.3690733910,0.0420696475,0.0288897790,0.0909950584,-0.0055350897,0.0000000000,0.0000000000,3.2929999828,nan,nan,nan,nan,nan,nan,nan,nan,nan,nan,nan,nan,nan,nan,nan,nan,nan,nan,nan,nan,nan,nan,nan,nan,nan,nan,nan,nan,nan,nan,nan,nan,nan,nan,nan,nan,nan,nan,nan,nan,nan,nan,nan,nan,nan,0.0100448132,0.8999817371,inf,inf,inf,inf,inf,inf,inf,inf,inf,inf,inf,inf,inf,inf,15
1779041164.3791410923,0.0420696475,0.0288897790,0.0909950584,-0.0055350897,0.0000000000,0.0000000000,3.2929999828,nan,nan,nan,nan,nan,nan,nan,nan,nan,nan,nan,nan,nan,nan,nan,nan,nan,nan,nan,nan,nan,nan,nan,nan,nan,nan,nan,nan,nan,nan,nan,nan,nan,nan,nan,nan,nan,nan,nan,nan,nan,nan,nan,nan,nan,0.0201125145,0.9100494385,inf,inf,inf,inf,inf,inf,inf,inf,inf,inf,inf,inf,inf,inf,15
1779041164.3891005516,0.0420696475,0.0288897790,0.0909950584,-0.0055350897,0.0000000000,0.0000000000,3.2929999828,nan,nan,nan,nan,nan,nan,nan,nan,nan,nan,nan,nan,nan,nan,nan,nan,nan,nan,nan,nan,nan,nan,nan,nan,nan,nan,nan,nan,nan,nan,nan,nan,nan,nan,nan,nan,nan,nan,nan,nan,nan,nan,nan,nan,nan,0.0300719738,0.9200088978,inf,inf,inf,inf,inf,inf,inf,inf,inf,inf,inf,inf,inf,inf,15
1779041164.3990948200,0.0420696475,0.0288897790,0.0909950584,-0.0055350897,0.0000000000,0.0000000000,3.2929999828,nan,nan,nan,nan,nan,nan,nan,nan,nan,nan,nan,nan,nan,nan,nan,nan,nan,nan,nan,nan,nan,nan,nan,nan,nan,nan,nan,nan,nan,nan,nan,nan,nan,nan,nan,nan,nan,nan,nan,nan,nan,nan,nan,nan,nan,0.0400662422,0.9300031662,inf,inf,inf,inf,inf,inf,inf,inf,inf,inf,inf,inf,inf,inf,15
1779041164.4090783596,0.0420695283,0.0288880281,0.0909959897,-0.0055350897,0.0000000000,0.0000000000,3.2929999828,nan,nan,nan,nan,nan,nan,nan,nan,nan,nan,nan,nan,nan,nan,nan,nan,nan,nan,nan,nan,nan,nan,nan,nan,nan,nan,nan,nan,nan,nan,nan,nan,nan,nan,nan,nan,nan,nan,nan,nan,nan,nan,nan,nan,nan,0.0000150204,0.9399867058,inf,inf,inf,inf,inf,inf,inf,inf,inf,inf,inf,inf,inf,inf,15
1779041164.4191019535,0.0420695283,0.0288880281,0.0909959897,-0.0055350897,0.0000000000,0.0000000000,3.2929999828,nan,nan,nan,nan,nan,nan,nan,nan,nan,nan,nan,nan,nan,nan,nan,nan,nan,nan,nan,nan,nan,nan,nan,nan,nan,nan,nan,nan,nan,nan,nan,nan,nan,nan,nan,nan,nan,nan,nan,nan,nan,nan,nan,nan,nan,0.0100386143,0.9500102997,inf,inf,inf,inf,inf,inf,inf,inf,inf,inf,inf,inf,inf,inf,15
1779041164.4290678501,0.0420695283,0.0288880281,0.0909959897,-0.0055350897,0.0000000000,0.0000000000,3.2929999828,nan,nan,nan,nan,nan,nan,nan,nan,nan,nan,nan,nan,nan,nan,nan,nan,nan,nan,nan,nan,nan,nan,nan,nan,nan,nan,nan,nan,nan,nan,nan,nan,nan,nan,nan,nan,nan,nan,nan,nan,nan,nan,nan,nan,nan,0.0200045109,0.9599761963,inf,inf,inf,inf,inf,inf,inf,inf,inf,inf,inf,inf,inf,inf,15
1779041164.4390869141,0.0420695283,0.0288880281,0.0909959897,-0.0055350897,0.0000000000,0.0000000000,3.2929999828,nan,nan,nan,nan,nan,nan,nan,nan,nan,nan,nan,nan,nan,nan,nan,nan,nan,nan,nan,nan,nan,nan,nan,nan,nan,nan,nan,nan,nan,nan,nan,nan,nan,nan,nan,nan,nan,nan,nan,nan,nan,nan,nan,nan,nan,0.0300235748,0.9699952602,inf,inf,inf,inf,inf,inf,inf,inf,inf,inf,inf,inf,inf,inf,15
1779041164.4490697384,0.0420695283,0.0288880281,0.0909959897,-0.0055350897,0.0000000000,0.0000000000,3.2929999828,nan,nan,nan,nan,nan,nan,nan,nan,nan,nan,nan,nan,nan,nan,nan,nan,nan,nan,nan,nan,nan,nan,nan,nan,nan,nan,nan,nan,nan,nan,nan,nan,nan,nan,nan,nan,nan,nan,nan,nan,nan,nan,nan,nan,nan,0.0400063992,0.9799780846,inf,inf,inf,inf,inf,inf,inf,inf,inf,inf,inf,inf,inf,inf,15
1779041164.4590570927,0.0420665294,0.0288835131,0.0909956470,-0.0055350897,0.0000000000,0.0000000000,3.2929999828,nan,nan,nan,nan,nan,nan,nan,nan,nan,nan,nan,nan,nan,nan,nan,nan,nan,nan,nan,nan,nan,nan,nan,nan,nan,nan,nan,nan,nan,nan,nan,nan,nan,nan,nan,nan,nan,nan,nan,nan,nan,nan,nan,nan,nan,0.0000078678,0.9899654388,inf,inf,inf,inf,inf,inf,inf,inf,inf,inf,inf,inf,inf,inf,15
1779041164.4690256119,0.0420665294,0.0288835131,0.0909956470,-0.0055350897,0.0000000000,0.0000000000,3.2880001068,nan,nan,nan,nan,nan,nan,nan,nan,nan,nan,nan,nan,nan,nan,nan,nan,nan,nan,nan,nan,nan,nan,nan,nan,nan,nan,nan,nan,nan,nan,nan,nan,nan,nan,nan,nan,nan,nan,nan,nan,nan,nan,nan,nan,nan,0.0099763870,0.0000081062,inf,inf,inf,inf,inf,inf,inf,inf,inf,inf,inf,inf,inf,inf,15
1779041164.4790616035,0.0420665294,0.0288835131,0.0909956470,-0.0055350897,0.0000000000,0.0000000000,3.2880001068,nan,nan,nan,nan,nan,nan,nan,nan,nan,nan,nan,nan,nan,nan,nan,nan,nan,nan,nan,nan,nan,nan,nan,nan,nan,nan,nan,nan,nan,nan,nan,nan,nan,nan,nan,nan,nan,nan,nan,nan,nan,nan,nan,nan,nan,0.0200123787,0.0100440979,inf,inf,inf,inf,inf,inf,inf,inf,inf,inf,inf,inf,inf,inf,15
1779041164.4890747070,0.0420665294,0.0288835131,0.0909956470,-0.0055350897,0.0000000000,0.0000000000,3.2880001068,nan,nan,nan,nan,nan,nan,nan,nan,nan,nan,nan,nan,nan,nan,nan,nan,nan,nan,nan,nan,nan,nan,nan,nan,nan,nan,nan,nan,nan,nan,nan,nan,nan,nan,nan,nan,nan,nan,nan,nan,nan,nan,nan,nan,nan,0.0300254822,0.0200572014,inf,inf,inf,inf,inf,inf,inf,inf,inf,inf,inf,inf,inf,inf,15
1779041164.4990513325,0.0420665294,0.0288835131,0.0909956470,-0.0055350897,0.0000000000,0.0000000000,3.2880001068,nan,nan,nan,nan,nan,nan,nan,nan,nan,nan,nan,nan,nan,nan,nan,nan,nan,nan,nan,nan,nan,nan,nan,nan,nan,nan,nan,nan,nan,nan,nan,nan,nan,nan,nan,nan,nan,nan,nan,nan,nan,nan,nan,nan,nan,0.0400021076,0.0300338268,inf,inf,inf,inf,inf,inf,inf,inf,inf,inf,inf,inf,inf,inf,15
1779041164.5090668201,0.0420619398,0.0288832374,0.0909954831,-0.0055350897,0.0000000000,0.0000000000,3.2880001068,nan,nan,nan,nan,nan,nan,nan,nan,nan,nan,nan,nan,nan,nan,nan,nan,nan,nan,nan,nan,nan,nan,nan,nan,nan,nan,nan,nan,nan,nan,nan,nan,nan,nan,nan,nan,nan,nan,nan,nan,nan,nan,nan,nan,nan,0.0000119209,0.0400493145,inf,inf,inf,inf,inf,inf,inf,inf,inf,inf,inf,inf,inf,inf,15
1779041164.5190510750,0.0420619398,0.0288832374,0.0909954831,-0.0055350897,0.0000000000,0.0000000000,3.2880001068,nan,nan,nan,nan,nan,nan,nan,nan,nan,nan,nan,nan,nan,nan,nan,nan,nan,nan,nan,nan,nan,nan,nan,nan,nan,nan,nan,nan,nan,nan,nan,nan,nan,nan,nan,nan,nan,nan,nan,nan,nan,nan,nan,nan,nan,0.0099961758,0.0500335693,inf,inf,inf,inf,inf,inf,inf,inf,inf,inf,inf,inf,inf,inf,15
1779041164.5290656090,0.0420619398,0.0288832374,0.0909954831,-0.0055350897,0.0000000000,0.0000000000,3.2880001068,nan,nan,nan,nan,nan,nan,nan,nan,nan,nan,nan,nan,nan,nan,nan,nan,nan,nan,nan,nan,nan,nan,nan,nan,nan,nan,nan,nan,nan,nan,nan,nan,nan,nan,nan,nan,nan,nan,nan,nan,nan,nan,nan,nan,nan,0.0200107098,0.0600481033,inf,inf,inf,inf,inf,inf,inf,inf,inf,inf,inf,inf,inf,inf,15
1779041164.5390791893,0.0420619398,0.0288832374,0.0909954831,-0.0055350897,0.0000000000,0.0000000000,3.2880001068,nan,nan,nan,nan,nan,nan,nan,nan,nan,nan,nan,nan,nan,nan,nan,nan,nan,nan,nan,nan,nan,nan,nan,nan,nan,nan,nan,nan,nan,nan,nan,nan,nan,nan,nan,nan,nan,nan,nan,nan,nan,nan,nan,nan,nan,0.0300242901,0.0700616837,inf,inf,inf,inf,inf,inf,inf,inf,inf,inf,inf,inf,inf,inf,15
1779041164.5490999222,0.0420619398,0.0288832374,0.0909954831,-0.0055350897,0.0000000000,0.0000000000,3.2880001068,nan,nan,nan,nan,nan,nan,nan,nan,nan,nan,nan,nan,nan,nan,nan,nan,nan,nan,nan,nan,nan,nan,nan,nan,nan,nan,nan,nan,nan,nan,nan,nan,nan,nan,nan,nan,nan,nan,nan,nan,nan,nan,nan,nan,nan,0.0400450230,0.0800824165,inf,inf,inf,inf,inf,inf,inf,inf,inf,inf,inf,inf,inf,inf,15
1779041164.5590860844,0.0420609787,0.0288837515,0.0909943059,-0.0055350897,0.0000000000,0.0000000000,3.2880001068,nan,nan,nan,nan,nan,nan,nan,nan,nan,nan,nan,nan,nan,nan,nan,nan,nan,nan,nan,nan,nan,nan,nan,nan,nan,nan,nan,nan,nan,nan,nan,nan,nan,nan,nan,nan,nan,nan,nan,nan,nan,nan,nan,nan,nan,0.0000104904,0.0900685787,inf,inf,inf,inf,inf,inf,inf,inf,inf,inf,inf,inf,inf,inf,15
1779041164.5690784454,0.0420609787,0.0288837515,0.0909943059,-0.0055350897,0.0000000000,0.0000000000,3.2880001068,nan,nan,nan,nan,nan,nan,nan,nan,nan,nan,nan,nan,nan,nan,nan,nan,nan,nan,nan,nan,nan,nan,nan,nan,nan,nan,nan,nan,nan,nan,nan,nan,nan,nan,nan,nan,nan,nan,nan,nan,nan,nan,nan,nan,nan,0.0100028515,0.1000609398,inf,inf,inf,inf,inf,inf,inf,inf,inf,inf,inf,inf,inf,inf,15
1779041164.5791366100,0.0420609787,0.0288837515,0.0909943059,-0.0055350897,0.0000000000,0.0000000000,3.2880001068,nan,nan,nan,nan,nan,nan,nan,nan,nan,nan,nan,nan,nan,nan,nan,nan,nan,nan,nan,nan,nan,nan,nan,nan,nan,nan,nan,nan,nan,nan,nan,nan,nan,nan,nan,nan,nan,nan,nan,nan,nan,nan,nan,nan,nan,0.0200610161,0.1101191044,inf,inf,inf,inf,inf,inf,inf,inf,inf,inf,inf,inf,inf,inf,15
1779041164.5891332626,0.0420609787,0.0288837515,0.0909943059,-0.0055350897,0.0000000000,0.0000000000,3.2880001068,nan,nan,nan,nan,nan,nan,nan,nan,nan,nan,nan,nan,nan,nan,nan,nan,nan,nan,nan,nan,nan,nan,nan,nan,nan,nan,nan,nan,nan,nan,nan,nan,nan,nan,nan,nan,nan,nan,nan,nan,nan,nan,nan,nan,nan,0.0300576687,0.1201157570,inf,inf,inf,inf,inf,inf,inf,inf,inf,inf,inf,inf,inf,inf,15
1779041164.5991642475,0.0420609787,0.0288837515,0.0909943059,-0.0055350897,0.0000000000,0.0000000000,3.2880001068,nan,nan,nan,nan,nan,nan,nan,nan,nan,nan,nan,nan,nan,nan,nan,nan,nan,nan,nan,nan,nan,nan,nan,nan,nan,nan,nan,nan,nan,nan,nan,nan,nan,nan,nan,nan,nan,nan,nan,nan,nan,nan,nan,nan,nan,0.0400886536,0.1301467419,inf,inf,inf,inf,inf,inf,inf,inf,inf,inf,inf,inf,inf,inf,15
1779041164.6091620922,0.0420582406,0.0288825221,0.0909936279,-0.0055350897,0.0000000000,0.0000000000,3.2880001068,nan,nan,nan,nan,nan,nan,nan,nan,nan,nan,nan,nan,nan,nan,nan,nan,nan,nan,nan,nan,nan,nan,nan,nan,nan,nan,nan,nan,nan,nan,nan,nan,nan,nan,nan,nan,nan,nan,nan,nan,nan,nan,nan,nan,nan,0.0000212193,0.1401445866,inf,inf,inf,inf,inf,inf,inf,inf,inf,inf,inf,inf,inf,inf,15
1779041164.6191296577,0.0420582406,0.0288825221,0.0909936279,-0.0055350897,0.0000000000,0.0000000000,3.2880001068,nan,nan,nan,nan,nan,nan,nan,nan,nan,nan,nan,nan,nan,nan,nan,nan,nan,nan,nan,nan,nan,nan,nan,nan,nan,nan,nan,nan,nan,nan,nan,nan,nan,nan,nan,nan,nan,nan,nan,nan,nan,nan,nan,nan,nan,0.0099887848,0.1501121521,inf,inf,inf,inf,inf,inf,inf,inf,inf,inf,inf,inf,inf,inf,15
1779041164.6291520596,0.0420582406,0.0288825221,0.0909936279,-0.0055350897,0.0000000000,0.0000000000,3.2880001068,nan,nan,nan,nan,nan,nan,nan,nan,nan,nan,nan,nan,nan,nan,nan,nan,nan,nan,nan,nan,nan,nan,nan,nan,nan,nan,nan,nan,nan,nan,nan,nan,nan,nan,nan,nan,nan,nan,nan,nan,nan,nan,nan,nan,nan,0.0200111866,0.1601345539,inf,inf,inf,inf,inf,inf,inf,inf,inf,inf,inf,inf,inf,inf,15
1779041164.6391451359,0.0420582406,0.0288825221,0.0909936279,-0.0055350897,0.0000000000,0.0000000000,3.2880001068,nan,nan,nan,nan,nan,nan,nan,nan,nan,nan,nan,nan,nan,nan,nan,nan,nan,nan,nan,nan,nan,nan,nan,nan,nan,nan,nan,nan,nan,nan,nan,nan,nan,nan,nan,nan,nan,nan,nan,nan,nan,nan,nan,nan,nan,0.0300042629,0.1701276302,inf,inf,inf,inf,inf,inf,inf,inf,inf,inf,inf,inf,inf,inf,15
1779041164.6491410732,0.0420582406,0.0288825221,0.0909936279,-0.0055350897,0.0000000000,0.0000000000,3.2880001068,nan,nan,nan,nan,nan,nan,nan,nan,nan,nan,nan,nan,nan,nan,nan,nan,nan,nan,nan,nan,nan,nan,nan,nan,nan,nan,nan,nan,nan,nan,nan,nan,nan,nan,nan,nan,nan,nan,nan,nan,nan,nan,nan,nan,nan,0.0400002003,0.1801235676,inf,inf,inf,inf,inf,inf,inf,inf,inf,inf,inf,inf,inf,inf,15
1779041164.6590902805,0.0420597494,0.0288783144,0.0909927338,-0.0055350897,0.0000000000,0.0000000000,3.2880001068,nan,nan,nan,nan,nan,nan,nan,nan,nan,nan,nan,nan,nan,nan,nan,nan,nan,nan,nan,nan,nan,nan,nan,nan,nan,nan,nan,nan,nan,nan,nan,nan,nan,nan,nan,nan,nan,nan,nan,nan,nan,nan,nan,nan,nan,0.0000166893,0.1900727749,inf,inf,inf,inf,inf,inf,inf,inf,inf,inf,inf,inf,inf,inf,15
1779041164.6691300869,0.0420597494,0.0288783144,0.0909927338,-0.0055350897,0.0000000000,0.0000000000,3.2880001068,nan,nan,nan,nan,nan,nan,nan,nan,nan,nan,nan,nan,nan,nan,nan,nan,nan,nan,nan,nan,nan,nan,nan,nan,nan,nan,nan,nan,nan,nan,nan,nan,nan,nan,nan,nan,nan,nan,nan,nan,nan,nan,nan,nan,nan,0.0100564957,0.2001125813,inf,inf,inf,inf,inf,inf,inf,inf,inf,inf,inf,inf,inf,inf,15
1779041164.6790962219,0.0420597494,0.0288783144,0.0909927338,-0.0055350897,0.0000000000,0.0000000000,3.2880001068,nan,nan,nan,nan,nan,nan,nan,nan,nan,nan,nan,nan,nan,nan,nan,nan,nan,nan,nan,nan,nan,nan,nan,nan,nan,nan,nan,nan,nan,nan,nan,nan,nan,nan,nan,nan,nan,nan,nan,nan,nan,nan,nan,nan,nan,0.0200226307,0.2100787163,inf,inf,inf,inf,inf,inf,inf,inf,inf,inf,inf,inf,inf,inf,15
1779041164.6890702248,0.0420597494,0.0288783144,0.0909927338,-0.0055350897,0.0000000000,0.0000000000,3.2880001068,nan,nan,nan,nan,nan,nan,nan,nan,nan,nan,nan,nan,nan,nan,nan,nan,nan,nan,nan,nan,nan,nan,nan,nan,nan,nan,nan,nan,nan,nan,nan,nan,nan,nan,nan,nan,nan,nan,nan,nan,nan,nan,nan,nan,nan,0.0299966335,0.2200527191,inf,inf,inf,inf,inf,inf,inf,inf,inf,inf,inf,inf,inf,inf,15
1779041164.6991343498,0.0420597494,0.0288783144,0.0909927338,-0.0055350897,0.0000000000,0.0000000000,3.2880001068,nan,nan,nan,nan,nan,nan,nan,nan,nan,nan,nan,nan,nan,nan,nan,nan,nan,nan,nan,nan,nan,nan,nan,nan,nan,nan,nan,nan,nan,nan,nan,nan,nan,nan,nan,nan,nan,nan,nan,nan,nan,nan,nan,nan,nan,0.0400607586,0.2301168442,inf,inf,inf,inf,inf,inf,inf,inf,inf,inf,inf,inf,inf,inf,15
1779041164.7091314793,0.0420598499,0.0288794581,0.0909918100,-0.0055350897,0.0000000000,0.0000000000,3.2880001068,nan,nan,nan,nan,nan,nan,nan,nan,nan,nan,nan,nan,nan,nan,nan,nan,nan,nan,nan,nan,nan,nan,nan,nan,nan,nan,nan,nan,nan,nan,nan,nan,nan,nan,nan,nan,nan,nan,nan,nan,nan,nan,nan,nan,nan,0.0000183582,0.2401139736,inf,inf,inf,inf,inf,inf,inf,inf,inf,inf,inf,inf,inf,inf,15
1779041164.7191195488,0.0420598499,0.0288794581,0.0909918100,-0.0055350897,0.0000000000,0.0000000000,3.2880001068,nan,nan,nan,nan,nan,nan,nan,nan,nan,nan,nan,nan,nan,nan,nan,nan,nan,nan,nan,nan,nan,nan,nan,nan,nan,nan,nan,nan,nan,nan,nan,nan,nan,nan,nan,nan,nan,nan,nan,nan,nan,nan,nan,nan,nan,0.0100064278,0.2501020432,inf,inf,inf,inf,inf,inf,inf,inf,inf,inf,inf,inf,inf,inf,15
1779041164.7290804386,0.0420598499,0.0288794581,0.0909918100,-0.0055350897,0.0000000000,0.0000000000,3.2880001068,nan,nan,nan,nan,nan,nan,nan,nan,nan,nan,nan,nan,nan,nan,nan,nan,nan,nan,nan,nan,nan,nan,nan,nan,nan,nan,nan,nan,nan,nan,nan,nan,nan,nan,nan,nan,nan,nan,nan,nan,nan,nan,nan,nan,nan,0.0199673176,0.2600629330,inf,inf,inf,inf,inf,inf,inf,inf,inf,inf,inf,inf,inf,inf,15
1779041164.7391078472,0.0420598499,0.0288794581,0.0909918100,-0.0055350897,0.0000000000,0.0000000000,3.2880001068,nan,nan,nan,nan,nan,nan,nan,nan,nan,nan,nan,nan,nan,nan,nan,nan,nan,nan,nan,nan,nan,nan,nan,nan,nan,nan,nan,nan,nan,nan,nan,nan,nan,nan,nan,nan,nan,nan,nan,nan,nan,nan,nan,nan,nan,0.0299947262,0.2700903416,inf,inf,inf,inf,inf,inf,inf,inf,inf,inf,inf,inf,inf,inf,15
1779041164.7490804195,0.0420598499,0.0288794581,0.0909918100,-0.0055350897,0.0000000000,0.0000000000,3.2880001068,nan,nan,nan,nan,nan,nan,nan,nan,nan,nan,nan,nan,nan,nan,nan,nan,nan,nan,nan,nan,nan,nan,nan,nan,nan,nan,nan,nan,nan,nan,nan,nan,nan,nan,nan,nan,nan,nan,nan,nan,nan,nan,nan,nan,nan,0.0399672985,0.2800629139,inf,inf,inf,inf,inf,inf,inf,inf,inf,inf,inf,inf,inf,inf,15
1779041164.7590718269,0.0423175804,0.0283700414,0.0909941196,-0.0055350897,0.0000000000,0.0000000000,3.2880001068,nan,nan,nan,nan,nan,nan,nan,nan,nan,nan,nan,nan,nan,nan,nan,nan,nan,nan,nan,nan,nan,nan,nan,nan,nan,nan,nan,nan,nan,nan,nan,nan,nan,nan,nan,nan,nan,nan,nan,nan,nan,nan,nan,nan,nan,0.0000107288,0.2900543213,inf,inf,inf,inf,inf,inf,inf,inf,inf,inf,inf,inf,inf,inf,15
1779041164.7690608501,0.0423175804,0.0283700414,0.0909941196,-0.0055350897,0.0000000000,0.0000000000,3.2880001068,nan,nan,nan,nan,nan,nan,nan,nan,nan,nan,nan,nan,nan,nan,nan,nan,nan,nan,nan,nan,nan,nan,nan,nan,nan,nan,nan,nan,nan,nan,nan,nan,nan,nan,nan,nan,nan,nan,nan,nan,nan,nan,nan,nan,nan,0.0099997520,0.3000433445,inf,inf,inf,inf,inf,inf,inf,inf,inf,inf,inf,inf,inf,inf,15
1779041164.7790720463,0.0423175804,0.0283700414,0.0909941196,-0.0055350897,0.0000000000,0.0000000000,3.2880001068,nan,nan,nan,nan,nan,nan,nan,nan,nan,nan,nan,nan,nan,nan,nan,nan,nan,nan,nan,nan,nan,nan,nan,nan,nan,nan,nan,nan,nan,nan,nan,nan,nan,nan,nan,nan,nan,nan,nan,nan,nan,nan,nan,nan,nan,0.0200109482,0.3100545406,inf,inf,inf,inf,inf,inf,inf,inf,inf,inf,inf,inf,inf,inf,15
1779041164.7890923023,0.0423175804,0.0283700414,0.0909941196,-0.0055350897,0.0000000000,0.0000000000,3.2880001068,nan,nan,nan,nan,nan,nan,nan,nan,nan,nan,nan,nan,nan,nan,nan,nan,nan,nan,nan,nan,nan,nan,nan,nan,nan,nan,nan,nan,nan,nan,nan,nan,nan,nan,nan,nan,nan,nan,nan,nan,nan,nan,nan,nan,nan,0.0300312042,0.3200747967,inf,inf,inf,inf,inf,inf,inf,inf,inf,inf,inf,inf,inf,inf,15
1779041164.7991092205,0.0423175804,0.0283700414,0.0909941196,-0.0055350897,0.0000000000,0.0000000000,3.2880001068,nan,nan,nan,nan,nan,nan,nan,nan,nan,nan,nan,nan,nan,nan,nan,nan,nan,nan,nan,nan,nan,nan,nan,nan,nan,nan,nan,nan,nan,nan,nan,nan,nan,nan,nan,nan,nan,nan,nan,nan,nan,nan,nan,nan,nan,0.0400481224,0.3300917149,inf,inf,inf,inf,inf,inf,inf,inf,inf,inf,inf,inf,inf,inf,15
1779041164.8090655804,0.0420655161,0.0288802907,0.0909937397,-0.0055350897,0.0000000000,0.0000000000,3.2880001068,nan,nan,nan,nan,nan,nan,nan,nan,nan,nan,nan,nan,nan,nan,nan,nan,nan,nan,nan,nan,nan,nan,nan,nan,nan,nan,nan,nan,nan,nan,nan,nan,nan,nan,nan,nan,nan,nan,nan,nan,nan,nan,nan,nan,nan,0.0000109673,0.3400480747,inf,inf,inf,inf,inf,inf,inf,inf,inf,inf,inf,inf,inf,inf,15
1779041164.8191158772,0.0420655161,0.0288802907,0.0909937397,-0.0055350897,0.0000000000,0.0000000000,3.2880001068,nan,nan,nan,nan,nan,nan,nan,nan,nan,nan,nan,nan,nan,nan,nan,nan,nan,nan,nan,nan,nan,nan,nan,nan,nan,nan,nan,nan,nan,nan,nan,nan,nan,nan,nan,nan,nan,nan,nan,nan,nan,nan,nan,nan,nan,0.0100612640,0.3500983715,inf,inf,inf,inf,inf,inf,inf,inf,inf,inf,inf,inf,inf,inf,15
1779041164.8291196823,0.0420655161,0.0288802907,0.0909937397,-0.0055350897,0.0000000000,0.0000000000,3.2880001068,nan,nan,nan,nan,nan,nan,nan,nan,nan,nan,nan,nan,nan,nan,nan,nan,nan,nan,nan,nan,nan,nan,nan,nan,nan,nan,nan,nan,nan,nan,nan,nan,nan,nan,nan,nan,nan,nan,nan,nan,nan,nan,nan,nan,nan,0.0200650692,0.3601021767,inf,inf,inf,inf,inf,inf,inf,inf,inf,inf,inf,inf,inf,inf,15
1779041164.8390865326,0.0420655161,0.0288802907,0.0909937397,-0.0055350897,0.0000000000,0.0000000000,3.2880001068,nan,nan,nan,nan,nan,nan,nan,nan,nan,nan,nan,nan,nan,nan,nan,nan,nan,nan,nan,nan,nan,nan,nan,nan,nan,nan,nan,nan,nan,nan,nan,nan,nan,nan,nan,nan,nan,nan,nan,nan,nan,nan,nan,nan,nan,0.0300319195,0.3700690269,inf,inf,inf,inf,inf,inf,inf,inf,inf,inf,inf,inf,inf,inf,15
1779041164.8490860462,0.0420655161,0.0288802907,0.0909937397,-0.0055350897,0.0000000000,0.0000000000,3.2880001068,nan,nan,nan,nan,nan,nan,nan,nan,nan,nan,nan,nan,nan,nan,nan,nan,nan,nan,nan,nan,nan,nan,nan,nan,nan,nan,nan,nan,nan,nan,nan,nan,nan,nan,nan,nan,nan,nan,nan,nan,nan,nan,nan,nan,nan,0.0400314331,0.3800685406,inf,inf,inf,inf,inf,inf,inf,inf,inf,inf,inf,inf,inf,inf,15
1779041164.8590588570,0.0420647673,0.0288874116,0.0909942761,-0.0055350897,0.0000000000,0.0000000000,3.2880001068,nan,nan,nan,nan,nan,nan,nan,nan,nan,nan,nan,nan,nan,nan,nan,nan,nan,nan,nan,nan,nan,nan,nan,nan,nan,nan,nan,nan,nan,nan,nan,nan,nan,nan,nan,nan,nan,nan,nan,nan,nan,nan,nan,nan,nan,0.0000104904,0.3900413513,inf,inf,inf,inf,inf,inf,inf,inf,inf,inf,inf,inf,inf,inf,15
1779041164.8690879345,0.0420647673,0.0288874116,0.0909942761,-0.0055350897,0.0000000000,0.0000000000,3.2880001068,nan,nan,nan,nan,nan,nan,nan,nan,nan,nan,nan,nan,nan,nan,nan,nan,nan,nan,nan,nan,nan,nan,nan,nan,nan,nan,nan,nan,nan,nan,nan,nan,nan,nan,nan,nan,nan,nan,nan,nan,nan,nan,nan,nan,nan,0.0100395679,0.4000704288,inf,inf,inf,inf,inf,inf,inf,inf,inf,inf,inf,inf,inf,inf,15
1779041164.8790817261,0.0420647673,0.0288874116,0.0909942761,-0.0055350897,0.0000000000,0.0000000000,3.2880001068,nan,nan,nan,nan,nan,nan,nan,nan,nan,nan,nan,nan,nan,nan,nan,nan,nan,nan,nan,nan,nan,nan,nan,nan,nan,nan,nan,nan,nan,nan,nan,nan,nan,nan,nan,nan,nan,nan,nan,nan,nan,nan,nan,nan,nan,0.0200333595,0.4100642204,inf,inf,inf,inf,inf,inf,inf,inf,inf,inf,inf,inf,inf,inf,15
1779041164.8890779018,0.0420647673,0.0288874116,0.0909942761,-0.0055350897,0.0000000000,0.0000000000,3.2880001068,nan,nan,nan,nan,nan,nan,nan,nan,nan,nan,nan,nan,nan,nan,nan,nan,nan,nan,nan,nan,nan,nan,nan,nan,nan,nan,nan,nan,nan,nan,nan,nan,nan,nan,nan,nan,nan,nan,nan,nan,nan,nan,nan,nan,nan,0.0300295353,0.4200603962,inf,inf,inf,inf,inf,inf,inf,inf,inf,inf,inf,inf,inf,inf,15
1779041164.8990905285,0.0420647673,0.0288874116,0.0909942761,-0.0055350897,0.0000000000,0.0000000000,3.2880001068,nan,nan,nan,nan,nan,nan,nan,nan,nan,nan,nan,nan,nan,nan,nan,nan,nan,nan,nan,nan,nan,nan,nan,nan,nan,nan,nan,nan,nan,nan,nan,nan,nan,nan,nan,nan,nan,nan,nan,nan,nan,nan,nan,nan,nan,0.0400421619,0.4300730228,inf,inf,inf,inf,inf,inf,inf,inf,inf,inf,inf,inf,inf,inf,15
1779041164.9090545177,0.0420682840,0.0288867764,0.0909922123,-0.0055350897,0.0000000000,0.0000000000,3.2880001068,nan,nan,nan,nan,nan,nan,nan,nan,nan,nan,nan,nan,nan,nan,nan,nan,nan,nan,nan,nan,nan,nan,nan,nan,nan,nan,nan,nan,nan,nan,nan,nan,nan,nan,nan,nan,nan,nan,nan,nan,nan,nan,nan,nan,nan,0.0000109673,0.4400370121,inf,inf,inf,inf,inf,inf,inf,inf,inf,inf,inf,inf,inf,inf,15
1779041164.9190826416,0.0420682840,0.0288867764,0.0909922123,-0.0055350897,0.0000000000,0.0000000000,3.2880001068,nan,nan,nan,nan,nan,nan,nan,nan,nan,nan,nan,nan,nan,nan,nan,nan,nan,nan,nan,nan,nan,nan,nan,nan,nan,nan,nan,nan,nan,nan,nan,nan,nan,nan,nan,nan,nan,nan,nan,nan,nan,nan,nan,nan,nan,0.0100390911,0.4500651360,inf,inf,inf,inf,inf,inf,inf,inf,inf,inf,inf,inf,inf,inf,15
1779041164.9290857315,0.0420682840,0.0288867764,0.0909922123,-0.0055350897,0.0000000000,0.0000000000,3.2880001068,nan,nan,nan,nan,nan,nan,nan,nan,nan,nan,nan,nan,nan,nan,nan,nan,nan,nan,nan,nan,nan,nan,nan,nan,nan,nan,nan,nan,nan,nan,nan,nan,nan,nan,nan,nan,nan,nan,nan,nan,nan,nan,nan,nan,nan,0.0200421810,0.4600682259,inf,inf,inf,inf,inf,inf,inf,inf,inf,inf,inf,inf,inf,inf,15
1779041164.9390926361,0.0420682840,0.0288867764,0.0909922123,-0.0055350897,0.0000000000,0.0000000000,3.2880001068,nan,nan,nan,nan,nan,nan,nan,nan,nan,nan,nan,nan,nan,nan,nan,nan,nan,nan,nan,nan,nan,nan,nan,nan,nan,nan,nan,nan,nan,nan,nan,nan,nan,nan,nan,nan,nan,nan,nan,nan,nan,nan,nan,nan,nan,0.0300490856,0.4700751305,inf,inf,inf,inf,inf,inf,inf,inf,inf,inf,inf,inf,inf,inf,15
1779041164.9490883350,0.0420682840,0.0288867764,0.0909922123,-0.0055350897,0.0000000000,0.0000000000,3.2880001068,nan,nan,nan,nan,nan,nan,nan,nan,nan,nan,nan,nan,nan,nan,nan,nan,nan,nan,nan,nan,nan,nan,nan,nan,nan,nan,nan,nan,nan,nan,nan,nan,nan,nan,nan,nan,nan,nan,nan,nan,nan,nan,nan,nan,nan,0.0400447845,0.4800708294,inf,inf,inf,inf,inf,inf,inf,inf,inf,inf,inf,inf,inf,inf,15
1779041164.9590840340,0.0421935990,0.0286456123,0.0909904763,-0.0055350897,0.0000000000,0.0000000000,3.2880001068,nan,nan,nan,nan,nan,nan,nan,nan,nan,nan,nan,nan,nan,nan,nan,nan,nan,nan,nan,nan,nan,nan,nan,nan,nan,nan,nan,nan,nan,nan,nan,nan,nan,nan,nan,nan,nan,nan,nan,nan,nan,nan,nan,nan,nan,0.0000092983,0.4900665283,inf,inf,inf,inf,inf,inf,inf,inf,inf,inf,inf,inf,inf,inf,15
1779041164.9690790176,0.0421935990,0.0286456123,0.0909904763,-0.0055350897,0.0000000000,0.0000000000,3.2880001068,nan,nan,nan,nan,nan,nan,nan,nan,nan,nan,nan,nan,nan,nan,nan,nan,nan,nan,nan,nan,nan,nan,nan,nan,nan,nan,nan,nan,nan,nan,nan,nan,nan,nan,nan,nan,nan,nan,nan,nan,nan,nan,nan,nan,nan,0.0100042820,0.5000615120,inf,inf,inf,inf,inf,inf,inf,inf,inf,inf,inf,inf,inf,inf,15
1779041164.9790956974,0.0421935990,0.0286456123,0.0909904763,-0.0055350897,0.0000000000,0.0000000000,3.2880001068,nan,nan,nan,nan,nan,nan,nan,nan,nan,nan,nan,nan,nan,nan,nan,nan,nan,nan,nan,nan,nan,nan,nan,nan,nan,nan,nan,nan,nan,nan,nan,nan,nan,nan,nan,nan,nan,nan,nan,nan,nan,nan,nan,nan,nan,0.0200209618,0.5100781918,inf,inf,inf,inf,inf,inf,inf,inf,inf,inf,inf,inf,inf,inf,15
1779041164.9890983105,0.0421935990,0.0286456123,0.0909904763,-0.0055350897,0.0000000000,0.0000000000,3.2880001068,nan,nan,nan,nan,nan,nan,nan,nan,nan,nan,nan,nan,nan,nan,nan,nan,nan,nan,nan,nan,nan,nan,nan,nan,nan,nan,nan,nan,nan,nan,nan,nan,nan,nan,nan,nan,nan,nan,nan,nan,nan,nan,nan,nan,nan,0.0300235748,0.5200808048,inf,inf,inf,inf,inf,inf,inf,inf,inf,inf,inf,inf,inf,inf,15
1779041164.9990801811,0.0421935990,0.0286456123,0.0909904763,-0.0055350897,0.0000000000,0.0000000000,3.2880001068,nan,nan,nan,nan,nan,nan,nan,nan,nan,nan,nan,nan,nan,nan,nan,nan,nan,nan,nan,nan,nan,nan,nan,nan,nan,nan,nan,nan,nan,nan,nan,nan,nan,nan,nan,nan,nan,nan,nan,nan,nan,nan,nan,nan,nan,0.0400054455,0.5300626755,inf,inf,inf,inf,inf,inf,inf,inf,inf,inf,inf,inf,inf,inf,15
1779041165.0091040134,0.0420662984,0.0288976077,0.0909975022,-0.0055350897,0.0000000000,0.0000000000,3.2880001068,nan,nan,nan,nan,nan,nan,nan,nan,nan,nan,nan,nan,nan,nan,nan,nan,nan,nan,nan,nan,nan,nan,nan,nan,nan,nan,nan,nan,nan,nan,nan,nan,nan,nan,nan,nan,nan,nan,nan,nan,nan,nan,nan,nan,nan,0.0000114441,0.5400865078,inf,inf,inf,inf,inf,inf,inf,inf,inf,inf,inf,inf,inf,inf,15
1779041165.0191159248,0.0420662984,0.0288976077,0.0909975022,-0.0055350897,0.0000000000,0.0000000000,3.2880001068,nan,nan,nan,nan,nan,nan,nan,nan,nan,nan,nan,nan,nan,nan,nan,nan,nan,nan,nan,nan,nan,nan,nan,nan,nan,nan,nan,nan,nan,nan,nan,nan,nan,nan,nan,nan,nan,nan,nan,nan,nan,nan,nan,nan,nan,0.0100233555,0.5500984192,inf,inf,inf,inf,inf,inf,inf,inf,inf,inf,inf,inf,inf,inf,15
1779041165.0290858746,0.0420662984,0.0288976077,0.0909975022,-0.0055350897,0.0000000000,0.0000000000,3.2880001068,nan,nan,nan,nan,nan,nan,nan,nan,nan,nan,nan,nan,nan,nan,nan,nan,nan,nan,nan,nan,nan,nan,nan,nan,nan,nan,nan,nan,nan,nan,nan,nan,nan,nan,nan,nan,nan,nan,nan,nan,nan,nan,nan,nan,nan,0.0199933052,0.5600683689,inf,inf,inf,inf,inf,inf,inf,inf,inf,inf,inf,inf,inf,inf,15
1779041165.0391087532,0.0420662984,0.0288976077,0.0909975022,-0.0055350897,0.0000000000,0.0000000000,3.2880001068,nan,nan,nan,nan,nan,nan,nan,nan,nan,nan,nan,nan,nan,nan,nan,nan,nan,nan,nan,nan,nan,nan,nan,nan,nan,nan,nan,nan,nan,nan,nan,nan,nan,nan,nan,nan,nan,nan,nan,nan,nan,nan,nan,nan,nan,0.0300161839,0.5700912476,inf,inf,inf,inf,inf,inf,inf,inf,inf,inf,inf,inf,inf,inf,15
1779041165.0490851402,0.0420662984,0.0288976077,0.0909975022,-0.0055350897,0.0000000000,0.0000000000,3.2880001068,nan,nan,nan,nan,nan,nan,nan,nan,nan,nan,nan,nan,nan,nan,nan,nan,nan,nan,nan,nan,nan,nan,nan,nan,nan,nan,nan,nan,nan,nan,nan,nan,nan,nan,nan,nan,nan,nan,nan,nan,nan,nan,nan,nan,nan,0.0399925709,0.5800676346,inf,inf,inf,inf,inf,inf,inf,inf,inf,inf,inf,inf,inf,inf,15
1779041165.0590631962,0.0420639515,0.0289013498,0.0909938067,-0.0055350897,0.0000000000,0.0000000000,3.2880001068,nan,nan,nan,nan,nan,nan,nan,nan,nan,nan,nan,nan,nan,nan,nan,nan,nan,nan,nan,nan,nan,nan,nan,nan,nan,nan,nan,nan,nan,nan,nan,nan,nan,nan,nan,nan,nan,nan,nan,nan,nan,nan,nan,nan,nan,0.0000112057,0.5900456905,inf,inf,inf,inf,inf,inf,inf,inf,inf,inf,inf,inf,inf,inf,15
1779041165.0690793991,0.0420639515,0.0289013498,0.0909938067,-0.0055350897,0.0000000000,0.0000000000,3.2880001068,nan,nan,nan,nan,nan,nan,nan,nan,nan,nan,nan,nan,nan,nan,nan,nan,nan,nan,nan,nan,nan,nan,nan,nan,nan,nan,nan,nan,nan,nan,nan,nan,nan,nan,nan,nan,nan,nan,nan,nan,nan,nan,nan,nan,nan,0.0100274086,0.6000618935,inf,inf,inf,inf,inf,inf,inf,inf,inf,inf,inf,inf,inf,inf,15
1779041165.0790941715,0.0420639515,0.0289013498,0.0909938067,-0.0055350897,0.0000000000,0.0000000000,3.2880001068,nan,nan,nan,nan,nan,nan,nan,nan,nan,nan,nan,nan,nan,nan,nan,nan,nan,nan,nan,nan,nan,nan,nan,nan,nan,nan,nan,nan,nan,nan,nan,nan,nan,nan,nan,nan,nan,nan,nan,nan,nan,nan,nan,nan,nan,0.0200421810,0.6100766659,inf,inf,inf,inf,inf,inf,inf,inf,inf,inf,inf,inf,inf,inf,15
1779041165.0890824795,0.0420639515,0.0289013498,0.0909938067,-0.0055350897,0.0000000000,0.0000000000,3.2880001068,nan,nan,nan,nan,nan,nan,nan,nan,nan,nan,nan,nan,nan,nan,nan,nan,nan,nan,nan,nan,nan,nan,nan,nan,nan,nan,nan,nan,nan,nan,nan,nan,nan,nan,nan,nan,nan,nan,nan,nan,nan,nan,nan,nan,nan,0.0300304890,0.6200649738,inf,inf,inf,inf,inf,inf,inf,inf,inf,inf,inf,inf,inf,inf,15
1779041165.0990650654,0.0420639515,0.0289013498,0.0909938067,-0.0055350897,0.0000000000,0.0000000000,3.2880001068,nan,nan,nan,nan,nan,nan,nan,nan,nan,nan,nan,nan,nan,nan,nan,nan,nan,nan,nan,nan,nan,nan,nan,nan,nan,nan,nan,nan,nan,nan,nan,nan,nan,nan,nan,nan,nan,nan,nan,nan,nan,nan,nan,nan,nan,0.0400130749,0.6300475597,inf,inf,inf,inf,inf,inf,inf,inf,inf,inf,inf,inf,inf,inf,15
1779041165.1090598106,0.0420622937,0.0289001763,0.0909922868,-0.0055350897,0.0000000000,0.0000000000,3.2880001068,nan,nan,nan,nan,nan,nan,nan,nan,nan,nan,nan,nan,nan,nan,nan,nan,nan,nan,nan,nan,nan,nan,nan,nan,nan,nan,nan,nan,nan,nan,nan,nan,nan,nan,nan,nan,nan,nan,nan,nan,nan,nan,nan,nan,nan,0.0000100136,0.6400423050,inf,inf,inf,inf,inf,inf,inf,inf,inf,inf,inf,inf,inf,inf,15
1779041165.1190917492,0.0420622937,0.0289001763,0.0909922868,-0.0055350897,0.0000000000,0.0000000000,3.2880001068,nan,nan,nan,nan,nan,nan,nan,nan,nan,nan,nan,nan,nan,nan,nan,nan,nan,nan,nan,nan,nan,nan,nan,nan,nan,nan,nan,nan,nan,nan,nan,nan,nan,nan,nan,nan,nan,nan,nan,nan,nan,nan,nan,nan,nan,0.0100419521,0.6500742435,inf,inf,inf,inf,inf,inf,inf,inf,inf,inf,inf,inf,inf,inf,15
1779041165.1290814877,0.0420622937,0.0289001763,0.0909922868,-0.0055350897,0.0000000000,0.0000000000,3.2880001068,nan,nan,nan,nan,nan,nan,nan,nan,nan,nan,nan,nan,nan,nan,nan,nan,nan,nan,nan,nan,nan,nan,nan,nan,nan,nan,nan,nan,nan,nan,nan,nan,nan,nan,nan,nan,nan,nan,nan,nan,nan,nan,nan,nan,nan,0.0200316906,0.6600639820,inf,inf,inf,inf,inf,inf,inf,inf,inf,inf,inf,inf,inf,inf,15
1779041165.1390779018,0.0420622937,0.0289001763,0.0909922868,-0.0055350897,0.0000000000,0.0000000000,3.2880001068,nan,nan,nan,nan,nan,nan,nan,nan,nan,nan,nan,nan,nan,nan,nan,nan,nan,nan,nan,nan,nan,nan,nan,nan,nan,nan,nan,nan,nan,nan,nan,nan,nan,nan,nan,nan,nan,nan,nan,nan,nan,nan,nan,nan,nan,0.0300281048,0.6700603962,inf,inf,inf,inf,inf,inf,inf,inf,inf,inf,inf,inf,inf,inf,15
1779041165.1491031647,0.0420622937,0.0289001763,0.0909922868,-0.0055350897,0.0000000000,0.0000000000,3.2880001068,nan,nan,nan,nan,nan,nan,nan,nan,nan,nan,nan,nan,nan,nan,nan,nan,nan,nan,nan,nan,nan,nan,nan,nan,nan,nan,nan,nan,nan,nan,nan,nan,nan,nan,nan,nan,nan,nan,nan,nan,nan,nan,nan,nan,nan,0.0400533676,0.6800856590,inf,inf,inf,inf,inf,inf,inf,inf,inf,inf,inf,inf,inf,inf,15
1779041165.1590826511,0.0420631692,0.0289007854,0.0909951478,-0.0055350897,0.0000000000,0.0000000000,3.2880001068,nan,nan,nan,nan,nan,nan,nan,nan,nan,nan,nan,nan,nan,nan,nan,nan,nan,nan,nan,nan,nan,nan,nan,nan,nan,nan,nan,nan,nan,nan,nan,nan,nan,nan,nan,nan,nan,nan,nan,nan,nan,nan,nan,nan,nan,0.0000133514,0.6900651455,inf,inf,inf,inf,inf,inf,inf,inf,inf,inf,inf,inf,inf,inf,15
1779041165.1691207886,0.0420631692,0.0289007854,0.0909951478,-0.0055350897,0.0000000000,0.0000000000,3.2880001068,nan,nan,nan,nan,nan,nan,nan,nan,nan,nan,nan,nan,nan,nan,nan,nan,nan,nan,nan,nan,nan,nan,nan,nan,nan,nan,nan,nan,nan,nan,nan,nan,nan,nan,nan,nan,nan,nan,nan,nan,nan,nan,nan,nan,nan,0.0100514889,0.7001032829,inf,inf,inf,inf,inf,inf,inf,inf,inf,inf,inf,inf,inf,inf,15
1779041165.1790838242,0.0420631692,0.0289007854,0.0909951478,-0.0055350897,0.0000000000,0.0000000000,3.2880001068,nan,nan,nan,nan,nan,nan,nan,nan,nan,nan,nan,nan,nan,nan,nan,nan,nan,nan,nan,nan,nan,nan,nan,nan,nan,nan,nan,nan,nan,nan,nan,nan,nan,nan,nan,nan,nan,nan,nan,nan,nan,nan,nan,nan,nan,0.0200145245,0.7100663185,inf,inf,inf,inf,inf,inf,inf,inf,inf,inf,inf,inf,inf,inf,15
1779041165.1890571117,0.0420631692,0.0289007854,0.0909951478,-0.0055350897,0.0000000000,0.0000000000,3.2880001068,nan,nan,nan,nan,nan,nan,nan,nan,nan,nan,nan,nan,nan,nan,nan,nan,nan,nan,nan,nan,nan,nan,nan,nan,nan,nan,nan,nan,nan,nan,nan,nan,nan,nan,nan,nan,nan,nan,nan,nan,nan,nan,nan,nan,nan,0.0299878120,0.7200396061,inf,inf,inf,inf,inf,inf,inf,inf,inf,inf,inf,inf,inf,inf,15
1779041165.1990749836,0.0420631692,0.0289007854,0.0909951478,-0.0055350897,0.0000000000,0.0000000000,3.2880001068,nan,nan,nan,nan,nan,nan,nan,nan,nan,nan,nan,nan,nan,nan,nan,nan,nan,nan,nan,nan,nan,nan,nan,nan,nan,nan,nan,nan,nan,nan,nan,nan,nan,nan,nan,nan,nan,nan,nan,nan,nan,nan,nan,nan,nan,0.0400056839,0.7300574780,inf,inf,inf,inf,inf,inf,inf,inf,inf,inf,inf,inf,inf,inf,15
1779041165.2090363503,0.0420647487,0.0288979132,0.0909909159,-0.0055350897,0.0000000000,0.0000000000,3.2880001068,nan,nan,nan,nan,nan,nan,nan,nan,nan,nan,nan,nan,nan,nan,nan,nan,nan,nan,nan,nan,nan,nan,nan,nan,nan,nan,nan,nan,nan,nan,nan,nan,nan,nan,nan,nan,nan,nan,nan,nan,nan,nan,nan,nan,nan,0.0000076294,0.7400188446,inf,inf,inf,inf,inf,inf,inf,inf,inf,inf,inf,inf,inf,inf,15
1779041165.2190644741,0.0420647487,0.0288979132,0.0909909159,-0.0055350897,0.0000000000,0.0000000000,3.2880001068,nan,nan,nan,nan,nan,nan,nan,nan,nan,nan,nan,nan,nan,nan,nan,nan,nan,nan,nan,nan,nan,nan,nan,nan,nan,nan,nan,nan,nan,nan,nan,nan,nan,nan,nan,nan,nan,nan,nan,nan,nan,nan,nan,nan,nan,0.0100357533,0.7500469685,inf,inf,inf,inf,inf,inf,inf,inf,inf,inf,inf,inf,inf,inf,15
1779041165.2290978432,0.0420647487,0.0288979132,0.0909909159,-0.0055350897,0.0000000000,0.0000000000,3.2880001068,nan,nan,nan,nan,nan,nan,nan,nan,nan,nan,nan,nan,nan,nan,nan,nan,nan,nan,nan,nan,nan,nan,nan,nan,nan,nan,nan,nan,nan,nan,nan,nan,nan,nan,nan,nan,nan,nan,nan,nan,nan,nan,nan,nan,nan,0.0200691223,0.7600803375,inf,inf,inf,inf,inf,inf,inf,inf,inf,inf,inf,inf,inf,inf,15
1779041165.2390820980,0.0420647487,0.0288979132,0.0909909159,-0.0055350897,0.0000000000,0.0000000000,3.2880001068,nan,nan,nan,nan,nan,nan,nan,nan,nan,nan,nan,nan,nan,nan,nan,nan,nan,nan,nan,nan,nan,nan,nan,nan,nan,nan,nan,nan,nan,nan,nan,nan,nan,nan,nan,nan,nan,nan,nan,nan,nan,nan,nan,nan,nan,0.0300533772,0.7700645924,inf,inf,inf,inf,inf,inf,inf,inf,inf,inf,inf,inf,inf,inf,15
1779041165.2490513325,0.0420647487,0.0288979132,0.0909909159,-0.0055350897,0.0000000000,0.0000000000,3.2880001068,nan,nan,nan,nan,nan,nan,nan,nan,nan,nan,nan,nan,nan,nan,nan,nan,nan,nan,nan,nan,nan,nan,nan,nan,nan,nan,nan,nan,nan,nan,nan,nan,nan,nan,nan,nan,nan,nan,nan,nan,nan,nan,nan,nan,nan,0.0400226116,0.7800338268,inf,inf,inf,inf,inf,inf,inf,inf,inf,inf,inf,inf,inf,inf,15
1779041165.2590315342,0.0420643948,0.0288994182,0.0909918174,-0.0055350897,0.0000000000,0.0000000000,3.2880001068,nan,nan,nan,nan,nan,nan,nan,nan,nan,nan,nan,nan,nan,nan,nan,nan,nan,nan,nan,nan,nan,nan,nan,nan,nan,nan,nan,nan,nan,nan,nan,nan,nan,nan,nan,nan,nan,nan,nan,nan,nan,nan,nan,nan,nan,0.0000078678,0.7900140285,inf,inf,inf,inf,inf,inf,inf,inf,inf,inf,inf,inf,inf,inf,15
1779041165.2690477371,0.0420643948,0.0288994182,0.0909918174,-0.0055350897,0.0000000000,0.0000000000,3.2880001068,nan,nan,nan,nan,nan,nan,nan,nan,nan,nan,nan,nan,nan,nan,nan,nan,nan,nan,nan,nan,nan,nan,nan,nan,nan,nan,nan,nan,nan,nan,nan,nan,nan,nan,nan,nan,nan,nan,nan,nan,nan,nan,nan,nan,nan,0.0100240707,0.8000302315,inf,inf,inf,inf,inf,inf,inf,inf,inf,inf,inf,inf,inf,inf,15
1779041165.2791318893,0.0420643948,0.0288994182,0.0909918174,-0.0055350897,0.0000000000,0.0000000000,3.2880001068,nan,nan,nan,nan,nan,nan,nan,nan,nan,nan,nan,nan,nan,nan,nan,nan,nan,nan,nan,nan,nan,nan,nan,nan,nan,nan,nan,nan,nan,nan,nan,nan,nan,nan,nan,nan,nan,nan,nan,nan,nan,nan,nan,nan,nan,0.0201082230,0.8101143837,inf,inf,inf,inf,inf,inf,inf,inf,inf,inf,inf,inf,inf,inf,15
1779041165.2890529633,0.0420643948,0.0288994182,0.0909918174,-0.0055350897,0.0000000000,0.0000000000,3.2880001068,nan,nan,nan,nan,nan,nan,nan,nan,nan,nan,nan,nan,nan,nan,nan,nan,nan,nan,nan,nan,nan,nan,nan,nan,nan,nan,nan,nan,nan,nan,nan,nan,nan,nan,nan,nan,nan,nan,nan,nan,nan,nan,nan,nan,nan,0.0300292969,0.8200354576,inf,inf,inf,inf,inf,inf,inf,inf,inf,inf,inf,inf,inf,inf,15
1779041165.2990524769,0.0420643948,0.0288994182,0.0909918174,-0.0055350897,0.0000000000,0.0000000000,3.2880001068,nan,nan,nan,nan,nan,nan,nan,nan,nan,nan,nan,nan,nan,nan,nan,nan,nan,nan,nan,nan,nan,nan,nan,nan,nan,nan,nan,nan,nan,nan,nan,nan,nan,nan,nan,nan,nan,nan,nan,nan,nan,nan,nan,nan,nan,0.0400288105,0.8300349712,inf,inf,inf,inf,inf,inf,inf,inf,inf,inf,inf,inf,inf,inf,15
1779041165.3090796471,0.0420640856,0.0289007667,0.0909957215,-0.0055350897,0.0000000000,0.0000000000,3.2880001068,nan,nan,nan,nan,nan,nan,nan,nan,nan,nan,nan,nan,nan,nan,nan,nan,nan,nan,nan,nan,nan,nan,nan,nan,nan,nan,nan,nan,nan,nan,nan,nan,nan,nan,nan,nan,nan,nan,nan,nan,nan,nan,nan,nan,nan,0.0000107288,0.8400621414,inf,inf,inf,inf,inf,inf,inf,inf,inf,inf,inf,inf,inf,inf,15
1779041165.3190906048,0.0420640856,0.0289007667,0.0909957215,-0.0055350897,0.0000000000,0.0000000000,3.2880001068,nan,nan,nan,nan,nan,nan,nan,nan,nan,nan,nan,nan,nan,nan,nan,nan,nan,nan,nan,nan,nan,nan,nan,nan,nan,nan,nan,nan,nan,nan,nan,nan,nan,nan,nan,nan,nan,nan,nan,nan,nan,nan,nan,nan,nan,0.0100216866,0.8500730991,inf,inf,inf,inf,inf,inf,inf,inf,inf,inf,inf,inf,inf,inf,15
1779041165.3290491104,0.0420640856,0.0289007667,0.0909957215,-0.0055350897,0.0000000000,0.0000000000,3.2880001068,nan,nan,nan,nan,nan,nan,nan,nan,nan,nan,nan,nan,nan,nan,nan,nan,nan,nan,nan,nan,nan,nan,nan,nan,nan,nan,nan,nan,nan,nan,nan,nan,nan,nan,nan,nan,nan,nan,nan,nan,nan,nan,nan,nan,nan,0.0199801922,0.8600316048,inf,inf,inf,inf,inf,inf,inf,inf,inf,inf,inf,inf,inf,inf,15
1779041165.3390529156,0.0420640856,0.0289007667,0.0909957215,-0.0055350897,0.0000000000,0.0000000000,3.2880001068,nan,nan,nan,nan,nan,nan,nan,nan,nan,nan,nan,nan,nan,nan,nan,nan,nan,nan,nan,nan,nan,nan,nan,nan,nan,nan,nan,nan,nan,nan,nan,nan,nan,nan,nan,nan,nan,nan,nan,nan,nan,nan,nan,nan,nan,0.0299839973,0.8700354099,inf,inf,inf,inf,inf,inf,inf,inf,inf,inf,inf,inf,inf,inf,15
1779041165.3490879536,0.0420640856,0.0289007667,0.0909957215,-0.0055350897,0.0000000000,0.0000000000,3.2880001068,nan,nan,nan,nan,nan,nan,nan,nan,nan,nan,nan,nan,nan,nan,nan,nan,nan,nan,nan,nan,nan,nan,nan,nan,nan,nan,nan,nan,nan,nan,nan,nan,nan,nan,nan,nan,nan,nan,nan,nan,nan,nan,nan,nan,nan,0.0400190353,0.8800704479,inf,inf,inf,inf,inf,inf,inf,inf,inf,inf,inf,inf,inf,inf,15
1779041165.3590238094,0.0420615152,0.0289015565,0.0909955278,-0.0055350897,0.0000000000,0.0000000000,3.2880001068,nan,nan,nan,nan,nan,nan,nan,nan,nan,nan,nan,nan,nan,nan,nan,nan,nan,nan,nan,nan,nan,nan,nan,nan,nan,nan,nan,nan,nan,nan,nan,nan,nan,nan,nan,nan,nan,nan,nan,nan,nan,nan,nan,nan,nan,0.0000078678,0.8900063038,inf,inf,inf,inf,inf,inf,inf,inf,inf,inf,inf,inf,inf,inf,15
1779041165.3690600395,0.0420615152,0.0289015565,0.0909955278,-0.0055350897,0.0000000000,0.0000000000,3.2880001068,nan,nan,nan,nan,nan,nan,nan,nan,nan,nan,nan,nan,nan,nan,nan,nan,nan,nan,nan,nan,nan,nan,nan,nan,nan,nan,nan,nan,nan,nan,nan,nan,nan,nan,nan,nan,nan,nan,nan,nan,nan,nan,nan,nan,nan,0.0100440979,0.9000425339,inf,inf,inf,inf,inf,inf,inf,inf,inf,inf,inf,inf,inf,inf,15
1779041165.3790566921,0.0420615152,0.0289015565,0.0909955278,-0.0055350897,0.0000000000,0.0000000000,3.2880001068,nan,nan,nan,nan,nan,nan,nan,nan,nan,nan,nan,nan,nan,nan,nan,nan,nan,nan,nan,nan,nan,nan,nan,nan,nan,nan,nan,nan,nan,nan,nan,nan,nan,nan,nan,nan,nan,nan,nan,nan,nan,nan,nan,nan,nan,0.0200407505,0.9100391865,inf,inf,inf,inf,inf,inf,inf,inf,inf,inf,inf,inf,inf,inf,15
1779041165.3890542984,0.0420615152,0.0289015565,0.0909955278,-0.0055350897,0.0000000000,0.0000000000,3.2880001068,nan,nan,nan,nan,nan,nan,nan,nan,nan,nan,nan,nan,nan,nan,nan,nan,nan,nan,nan,nan,nan,nan,nan,nan,nan,nan,nan,nan,nan,nan,nan,nan,nan,nan,nan,nan,nan,nan,nan,nan,nan,nan,nan,nan,nan,0.0300383568,0.9200367928,inf,inf,inf,inf,inf,inf,inf,inf,inf,inf,inf,inf,inf,inf,15
1779041165.3990485668,0.0420615152,0.0289015565,0.0909955278,-0.0055350897,0.0000000000,0.0000000000,3.2880001068,nan,nan,nan,nan,nan,nan,nan,nan,nan,nan,nan,nan,nan,nan,nan,nan,nan,nan,nan,nan,nan,nan,nan,nan,nan,nan,nan,nan,nan,nan,nan,nan,nan,nan,nan,nan,nan,nan,nan,nan,nan,nan,nan,nan,nan,0.0400326252,0.9300310612,inf,inf,inf,inf,inf,inf,inf,inf,inf,inf,inf,inf,inf,inf,15
1779041165.4090318680,0.0420629233,0.0289021712,0.0909973308,-0.0055350897,0.0000000000,0.0000000000,3.2880001068,nan,nan,nan,nan,nan,nan,nan,nan,nan,nan,nan,nan,nan,nan,nan,nan,nan,nan,nan,nan,nan,nan,nan,nan,nan,nan,nan,nan,nan,nan,nan,nan,nan,nan,nan,nan,nan,nan,nan,nan,nan,nan,nan,nan,nan,0.0000085831,0.9400143623,inf,inf,inf,inf,inf,inf,inf,inf,inf,inf,inf,inf,inf,inf,15
1779041165.4191184044,0.0420629233,0.0289021712,0.0909973308,-0.0055350897,0.0000000000,0.0000000000,3.2880001068,nan,nan,nan,nan,nan,nan,nan,nan,nan,nan,nan,nan,nan,nan,nan,nan,nan,nan,nan,nan,nan,nan,nan,nan,nan,nan,nan,nan,nan,nan,nan,nan,nan,nan,nan,nan,nan,nan,nan,nan,nan,nan,nan,nan,nan,0.0100951195,0.9501008987,inf,inf,inf,inf,inf,inf,inf,inf,inf,inf,inf,inf,inf,inf,15
1779041165.4290840626,0.0420629233,0.0289021712,0.0909973308,-0.0055350897,0.0000000000,0.0000000000,3.2880001068,nan,nan,nan,nan,nan,nan,nan,nan,nan,nan,nan,nan,nan,nan,nan,nan,nan,nan,nan,nan,nan,nan,nan,nan,nan,nan,nan,nan,nan,nan,nan,nan,nan,nan,nan,nan,nan,nan,nan,nan,nan,nan,nan,nan,nan,0.0200607777,0.9600665569,inf,inf,inf,inf,inf,inf,inf,inf,inf,inf,inf,inf,inf,inf,15
1779041165.4390676022,0.0420629233,0.0289021712,0.0909973308,-0.0055350897,0.0000000000,0.0000000000,3.2880001068,nan,nan,nan,nan,nan,nan,nan,nan,nan,nan,nan,nan,nan,nan,nan,nan,nan,nan,nan,nan,nan,nan,nan,nan,nan,nan,nan,nan,nan,nan,nan,nan,nan,nan,nan,nan,nan,nan,nan,nan,nan,nan,nan,nan,nan,0.0300443172,0.9700500965,inf,inf,inf,inf,inf,inf,inf,inf,inf,inf,inf,inf,inf,inf,15
1779041165.4491012096,0.0420629233,0.0289021712,0.0909973308,-0.0055350897,0.0000000000,0.0000000000,3.2880001068,nan,nan,nan,nan,nan,nan,nan,nan,nan,nan,nan,nan,nan,nan,nan,nan,nan,nan,nan,nan,nan,nan,nan,nan,nan,nan,nan,nan,nan,nan,nan,nan,nan,nan,nan,nan,nan,nan,nan,nan,nan,nan,nan,nan,nan,0.0400779247,0.9800837040,inf,inf,inf,inf,inf,inf,inf,inf,inf,inf,inf,inf,inf,inf,15
1779041165.4590590000,0.0420646146,0.0289038010,0.0909981430,-0.0055350897,0.0000000000,0.0000000000,3.2880001068,nan,nan,nan,nan,nan,nan,nan,nan,nan,nan,nan,nan,nan,nan,nan,nan,nan,nan,nan,nan,nan,nan,nan,nan,nan,nan,nan,nan,nan,nan,nan,nan,nan,nan,nan,nan,nan,nan,nan,nan,nan,nan,nan,nan,nan,0.0000112057,0.9900414944,inf,inf,inf,inf,inf,inf,inf,inf,inf,inf,inf,inf,inf,inf,15
1779041165.4690563679,0.0420646146,0.0289038010,0.0909981430,-0.0055350897,0.0000000000,0.0000000000,3.2829999924,nan,nan,nan,nan,nan,nan,nan,nan,nan,nan,nan,nan,nan,nan,nan,nan,nan,nan,nan,nan,nan,nan,nan,nan,nan,nan,nan,nan,nan,nan,nan,nan,nan,nan,nan,nan,nan,nan,nan,nan,nan,nan,nan,nan,nan,0.0100085735,0.0000116825,inf,inf,inf,inf,inf,inf,inf,inf,inf,inf,inf,inf,inf,inf,15
1779041165.4790830612,0.0420646146,0.0289038010,0.0909981430,-0.0055350897,0.0000000000,0.0000000000,3.2829999924,nan,nan,nan,nan,nan,nan,nan,nan,nan,nan,nan,nan,nan,nan,nan,nan,nan,nan,nan,nan,nan,nan,nan,nan,nan,nan,nan,nan,nan,nan,nan,nan,nan,nan,nan,nan,nan,nan,nan,nan,nan,nan,nan,nan,nan,0.0200352669,0.0100383759,inf,inf,inf,inf,inf,inf,inf,inf,inf,inf,inf,inf,inf,inf,15
1779041165.4890737534,0.0420646146,0.0289038010,0.0909981430,-0.0055350897,0.0000000000,0.0000000000,3.2829999924,nan,nan,nan,nan,nan,nan,nan,nan,nan,nan,nan,nan,nan,nan,nan,nan,nan,nan,nan,nan,nan,nan,nan,nan,nan,nan,nan,nan,nan,nan,nan,nan,nan,nan,nan,nan,nan,nan,nan,nan,nan,nan,nan,nan,nan,0.0300259590,0.0200290680,inf,inf,inf,inf,inf,inf,inf,inf,inf,inf,inf,inf,inf,inf,15
1779041165.4990689754,0.0420646146,0.0289038010,0.0909981430,-0.0055350897,0.0000000000,0.0000000000,3.2829999924,nan,nan,nan,nan,nan,nan,nan,nan,nan,nan,nan,nan,nan,nan,nan,nan,nan,nan,nan,nan,nan,nan,nan,nan,nan,nan,nan,nan,nan,nan,nan,nan,nan,nan,nan,nan,nan,nan,nan,nan,nan,nan,nan,nan,nan,0.0400211811,0.0300242901,inf,inf,inf,inf,inf,inf,inf,inf,inf,inf,inf,inf,inf,inf,15
1779041165.5090298653,0.0420654230,0.0289069191,0.0909962058,-0.0055350897,0.0000000000,0.0000000000,3.2829999924,nan,nan,nan,nan,nan,nan,nan,nan,nan,nan,nan,nan,nan,nan,nan,nan,nan,nan,nan,nan,nan,nan,nan,nan,nan,nan,nan,nan,nan,nan,nan,nan,nan,nan,nan,nan,nan,nan,nan,nan,nan,nan,nan,nan,nan,0.0000092983,0.0399851799,inf,inf,inf,inf,inf,inf,inf,inf,inf,inf,inf,inf,inf,inf,15
1779041165.5190510750,0.0420654230,0.0289069191,0.0909962058,-0.0055350897,0.0000000000,0.0000000000,3.2829999924,nan,nan,nan,nan,nan,nan,nan,nan,nan,nan,nan,nan,nan,nan,nan,nan,nan,nan,nan,nan,nan,nan,nan,nan,nan,nan,nan,nan,nan,nan,nan,nan,nan,nan,nan,nan,nan,nan,nan,nan,nan,nan,nan,nan,nan,0.0100305080,0.0500063896,inf,inf,inf,inf,inf,inf,inf,inf,inf,inf,inf,inf,inf,inf,15
1779041165.5290889740,0.0420654230,0.0289069191,0.0909962058,-0.0055350897,0.0000000000,0.0000000000,3.2829999924,nan,nan,nan,nan,nan,nan,nan,nan,nan,nan,nan,nan,nan,nan,nan,nan,nan,nan,nan,nan,nan,nan,nan,nan,nan,nan,nan,nan,nan,nan,nan,nan,nan,nan,nan,nan,nan,nan,nan,nan,nan,nan,nan,nan,nan,0.0200684071,0.0600442886,inf,inf,inf,inf,inf,inf,inf,inf,inf,inf,inf,inf,inf,inf,15
1779041165.5390758514,0.0420654230,0.0289069191,0.0909962058,-0.0055350897,0.0000000000,0.0000000000,3.2829999924,nan,nan,nan,nan,nan,nan,nan,nan,nan,nan,nan,nan,nan,nan,nan,nan,nan,nan,nan,nan,nan,nan,nan,nan,nan,nan,nan,nan,nan,nan,nan,nan,nan,nan,nan,nan,nan,nan,nan,nan,nan,nan,nan,nan,nan,0.0300552845,0.0700311661,inf,inf,inf,inf,inf,inf,inf,inf,inf,inf,inf,inf,inf,inf,15
1779041165.5490782261,0.0420654230,0.0289069191,0.0909962058,-0.0055350897,0.0000000000,0.0000000000,3.2829999924,nan,nan,nan,nan,nan,nan,nan,nan,nan,nan,nan,nan,nan,nan,nan,nan,nan,nan,nan,nan,nan,nan,nan,nan,nan,nan,nan,nan,nan,nan,nan,nan,nan,nan,nan,nan,nan,nan,nan,nan,nan,nan,nan,nan,nan,0.0400576591,0.0800335407,inf,inf,inf,inf,inf,inf,inf,inf,inf,inf,inf,inf,inf,inf,15
1779041165.5590405464,0.0420687087,0.0289028734,0.0909958780,-0.0055350897,0.0000000000,0.0000000000,3.2829999924,nan,nan,nan,nan,nan,nan,nan,nan,nan,nan,nan,nan,nan,nan,nan,nan,nan,nan,nan,nan,nan,nan,nan,nan,nan,nan,nan,nan,nan,nan,nan,nan,nan,nan,nan,nan,nan,nan,nan,nan,nan,nan,nan,nan,nan,0.0000073910,0.0899958611,inf,inf,inf,inf,inf,inf,inf,inf,inf,inf,inf,inf,inf,inf,15
1779041165.5690875053,0.0420687087,0.0289028734,0.0909958780,-0.0055350897,0.0000000000,0.0000000000,3.2829999924,nan,nan,nan,nan,nan,nan,nan,nan,nan,nan,nan,nan,nan,nan,nan,nan,nan,nan,nan,nan,nan,nan,nan,nan,nan,nan,nan,nan,nan,nan,nan,nan,nan,nan,nan,nan,nan,nan,nan,nan,nan,nan,nan,nan,nan,0.0100543499,0.1000428200,inf,inf,inf,inf,inf,inf,inf,inf,inf,inf,inf,inf,inf,inf,15
1779041165.5790741444,0.0420687087,0.0289028734,0.0909958780,-0.0055350897,0.0000000000,0.0000000000,3.2829999924,nan,nan,nan,nan,nan,nan,nan,nan,nan,nan,nan,nan,nan,nan,nan,nan,nan,nan,nan,nan,nan,nan,nan,nan,nan,nan,nan,nan,nan,nan,nan,nan,nan,nan,nan,nan,nan,nan,nan,nan,nan,nan,nan,nan,nan,0.0200409889,0.1100294590,inf,inf,inf,inf,inf,inf,inf,inf,inf,inf,inf,inf,inf,inf,15
1779041165.5890588760,0.0420687087,0.0289028734,0.0909958780,-0.0055350897,0.0000000000,0.0000000000,3.2829999924,nan,nan,nan,nan,nan,nan,nan,nan,nan,nan,nan,nan,nan,nan,nan,nan,nan,nan,nan,nan,nan,nan,nan,nan,nan,nan,nan,nan,nan,nan,nan,nan,nan,nan,nan,nan,nan,nan,nan,nan,nan,nan,nan,nan,nan,0.0300257206,0.1200141907,inf,inf,inf,inf,inf,inf,inf,inf,inf,inf,inf,inf,inf,inf,15
1779041165.5990731716,0.0420687087,0.0289028734,0.0909958780,-0.0055350897,0.0000000000,0.0000000000,3.2829999924,nan,nan,nan,nan,nan,nan,nan,nan,nan,nan,nan,nan,nan,nan,nan,nan,nan,nan,nan,nan,nan,nan,nan,nan,nan,nan,nan,nan,nan,nan,nan,nan,nan,nan,nan,nan,nan,nan,nan,nan,nan,nan,nan,nan,nan,0.0400400162,0.1300284863,inf,inf,inf,inf,inf,inf,inf,inf,inf,inf,inf,inf,inf,inf,15
1779041165.6090521812,0.0420672335,0.0289011821,0.0909956321,-0.0055350897,0.0000000000,0.0000000000,3.2829999924,nan,nan,nan,nan,nan,nan,nan,nan,nan,nan,nan,nan,nan,nan,nan,nan,nan,nan,nan,nan,nan,nan,nan,nan,nan,nan,nan,nan,nan,nan,nan,nan,nan,nan,nan,nan,nan,nan,nan,nan,nan,nan,nan,nan,nan,0.0000116825,0.1400074959,inf,inf,inf,inf,inf,inf,inf,inf,inf,inf,inf,inf,inf,inf,15
1779041165.6190879345,0.0420672335,0.0289011821,0.0909956321,-0.0055350897,0.0000000000,0.0000000000,3.2829999924,nan,nan,nan,nan,nan,nan,nan,nan,nan,nan,nan,nan,nan,nan,nan,nan,nan,nan,nan,nan,nan,nan,nan,nan,nan,nan,nan,nan,nan,nan,nan,nan,nan,nan,nan,nan,nan,nan,nan,nan,nan,nan,nan,nan,nan,0.0100474358,0.1500432491,inf,inf,inf,inf,inf,inf,inf,inf,inf,inf,inf,inf,inf,inf,15
1779041165.6290738583,0.0420672335,0.0289011821,0.0909956321,-0.0055350897,0.0000000000,0.0000000000,3.2829999924,nan,nan,nan,nan,nan,nan,nan,nan,nan,nan,nan,nan,nan,nan,nan,nan,nan,nan,nan,nan,nan,nan,nan,nan,nan,nan,nan,nan,nan,nan,nan,nan,nan,nan,nan,nan,nan,nan,nan,nan,nan,nan,nan,nan,nan,0.0200333595,0.1600291729,inf,inf,inf,inf,inf,inf,inf,inf,inf,inf,inf,inf,inf,inf,15
1779041165.6390829086,0.0420672335,0.0289011821,0.0909956321,-0.0055350897,0.0000000000,0.0000000000,3.2829999924,nan,nan,nan,nan,nan,nan,nan,nan,nan,nan,nan,nan,nan,nan,nan,nan,nan,nan,nan,nan,nan,nan,nan,nan,nan,nan,nan,nan,nan,nan,nan,nan,nan,nan,nan,nan,nan,nan,nan,nan,nan,nan,nan,nan,nan,0.0300424099,0.1700382233,inf,inf,inf,inf,inf,inf,inf,inf,inf,inf,inf,inf,inf,inf,15
1779041165.6490724087,0.0420672335,0.0289011821,0.0909956321,-0.0055350897,0.0000000000,0.0000000000,3.2829999924,nan,nan,nan,nan,nan,nan,nan,nan,nan,nan,nan,nan,nan,nan,nan,nan,nan,nan,nan,nan,nan,nan,nan,nan,nan,nan,nan,nan,nan,nan,nan,nan,nan,nan,nan,nan,nan,nan,nan,nan,nan,nan,nan,nan,nan,0.0400319099,0.1800277233,inf,inf,inf,inf,inf,inf,inf,inf,inf,inf,inf,inf,inf,inf,15
1779041165.6590514183,0.0420701317,0.0289005674,0.0909950733,-0.0055350897,0.0000000000,0.0000000000,3.2829999924,nan,nan,nan,nan,nan,nan,nan,nan,nan,nan,nan,nan,nan,nan,nan,nan,nan,nan,nan,nan,nan,nan,nan,nan,nan,nan,nan,nan,nan,nan,nan,nan,nan,nan,nan,nan,nan,nan,nan,nan,nan,nan,nan,nan,nan,0.0000085831,0.1900067329,inf,inf,inf,inf,inf,inf,inf,inf,inf,inf,inf,inf,inf,inf,15
1779041165.6690642834,0.0420701317,0.0289005674,0.0909950733,-0.0055350897,0.0000000000,0.0000000000,3.2829999924,nan,nan,nan,nan,nan,nan,nan,nan,nan,nan,nan,nan,nan,nan,nan,nan,nan,nan,nan,nan,nan,nan,nan,nan,nan,nan,nan,nan,nan,nan,nan,nan,nan,nan,nan,nan,nan,nan,nan,nan,nan,nan,nan,nan,nan,0.0100214481,0.2000195980,inf,inf,inf,inf,inf,inf,inf,inf,inf,inf,inf,inf,inf,inf,15
1779041165.6790535450,0.0420701317,0.0289005674,0.0909950733,-0.0055350897,0.0000000000,0.0000000000,3.2829999924,nan,nan,nan,nan,nan,nan,nan,nan,nan,nan,nan,nan,nan,nan,nan,nan,nan,nan,nan,nan,nan,nan,nan,nan,nan,nan,nan,nan,nan,nan,nan,nan,nan,nan,nan,nan,nan,nan,nan,nan,nan,nan,nan,nan,nan,0.0200107098,0.2100088596,inf,inf,inf,inf,inf,inf,inf,inf,inf,inf,inf,inf,inf,inf,15
1779041165.6890749931,0.0420701317,0.0289005674,0.0909950733,-0.0055350897,0.0000000000,0.0000000000,3.2829999924,nan,nan,nan,nan,nan,nan,nan,nan,nan,nan,nan,nan,nan,nan,nan,nan,nan,nan,nan,nan,nan,nan,nan,nan,nan,nan,nan,nan,nan,nan,nan,nan,nan,nan,nan,nan,nan,nan,nan,nan,nan,nan,nan,nan,nan,0.0300321579,0.2200303078,inf,inf,inf,inf,inf,inf,inf,inf,inf,inf,inf,inf,inf,inf,15
1779041165.6990537643,0.0420701317,0.0289005674,0.0909950733,-0.0055350897,0.0000000000,0.0000000000,3.2829999924,nan,nan,nan,nan,nan,nan,nan,nan,nan,nan,nan,nan,nan,nan,nan,nan,nan,nan,nan,nan,nan,nan,nan,nan,nan,nan,nan,nan,nan,nan,nan,nan,nan,nan,nan,nan,nan,nan,nan,nan,nan,nan,nan,nan,nan,0.0400109291,0.2300090790,inf,inf,inf,inf,inf,inf,inf,inf,inf,inf,inf,inf,inf,inf,15
1779041165.7090303898,0.0420714691,0.0288930293,0.0909960940,-0.0055350897,0.0000000000,0.0000000000,3.2829999924,nan,nan,nan,nan,nan,nan,nan,nan,nan,nan,nan,nan,nan,nan,nan,nan,nan,nan,nan,nan,nan,nan,nan,nan,nan,nan,nan,nan,nan,nan,nan,nan,nan,nan,nan,nan,nan,nan,nan,nan,nan,nan,nan,nan,nan,0.0000085831,0.2399857044,inf,inf,inf,inf,inf,inf,inf,inf,inf,inf,inf,inf,inf,inf,15
1779041165.7190816402,0.0420714691,0.0288930293,0.0909960940,-0.0055350897,0.0000000000,0.0000000000,3.2829999924,nan,nan,nan,nan,nan,nan,nan,nan,nan,nan,nan,nan,nan,nan,nan,nan,nan,nan,nan,nan,nan,nan,nan,nan,nan,nan,nan,nan,nan,nan,nan,nan,nan,nan,nan,nan,nan,nan,nan,nan,nan,nan,nan,nan,nan,0.0100598335,0.2500369549,inf,inf,inf,inf,inf,inf,inf,inf,inf,inf,inf,inf,inf,inf,15
1779041165.7290711403,0.0420714691,0.0288930293,0.0909960940,-0.0055350897,0.0000000000,0.0000000000,3.2829999924,nan,nan,nan,nan,nan,nan,nan,nan,nan,nan,nan,nan,nan,nan,nan,nan,nan,nan,nan,nan,nan,nan,nan,nan,nan,nan,nan,nan,nan,nan,nan,nan,nan,nan,nan,nan,nan,nan,nan,nan,nan,nan,nan,nan,nan,0.0200493336,0.2600264549,inf,inf,inf,inf,inf,inf,inf,inf,inf,inf,inf,inf,inf,inf,15
1779041165.7390859127,0.0420714691,0.0288930293,0.0909960940,-0.0055350897,0.0000000000,0.0000000000,3.2829999924,nan,nan,nan,nan,nan,nan,nan,nan,nan,nan,nan,nan,nan,nan,nan,nan,nan,nan,nan,nan,nan,nan,nan,nan,nan,nan,nan,nan,nan,nan,nan,nan,nan,nan,nan,nan,nan,nan,nan,nan,nan,nan,nan,nan,nan,0.0300641060,0.2700412273,inf,inf,inf,inf,inf,inf,inf,inf,inf,inf,inf,inf,inf,inf,15
1779041165.7490530014,0.0420714691,0.0288930293,0.0909960940,-0.0055350897,0.0000000000,0.0000000000,3.2829999924,nan,nan,nan,nan,nan,nan,nan,nan,nan,nan,nan,nan,nan,nan,nan,nan,nan,nan,nan,nan,nan,nan,nan,nan,nan,nan,nan,nan,nan,nan,nan,nan,nan,nan,nan,nan,nan,nan,nan,nan,nan,nan,nan,nan,nan,0.0400311947,0.2800083160,inf,inf,inf,inf,inf,inf,inf,inf,inf,inf,inf,inf,inf,inf,15
1779041165.7590465546,0.0420708060,0.0288900286,0.0909969732,-0.0055350897,0.0000000000,0.0000000000,3.2829999924,nan,nan,nan,nan,nan,nan,nan,nan,nan,nan,nan,nan,nan,nan,nan,nan,nan,nan,nan,nan,nan,nan,nan,nan,nan,nan,nan,nan,nan,nan,nan,nan,nan,nan,nan,nan,nan,nan,nan,nan,nan,nan,nan,nan,nan,0.0000090599,0.2900018692,inf,inf,inf,inf,inf,inf,inf,inf,inf,inf,inf,inf,inf,inf,15
1779041165.7690784931,0.0420708060,0.0288900286,0.0909969732,-0.0055350897,0.0000000000,0.0000000000,3.2829999924,nan,nan,nan,nan,nan,nan,nan,nan,nan,nan,nan,nan,nan,nan,nan,nan,nan,nan,nan,nan,nan,nan,nan,nan,nan,nan,nan,nan,nan,nan,nan,nan,nan,nan,nan,nan,nan,nan,nan,nan,nan,nan,nan,nan,nan,0.0100409985,0.3000338078,inf,inf,inf,inf,inf,inf,inf,inf,inf,inf,inf,inf,inf,inf,15
1779041165.7790629864,0.0420708060,0.0288900286,0.0909969732,-0.0055350897,0.0000000000,0.0000000000,3.2829999924,nan,nan,nan,nan,nan,nan,nan,nan,nan,nan,nan,nan,nan,nan,nan,nan,nan,nan,nan,nan,nan,nan,nan,nan,nan,nan,nan,nan,nan,nan,nan,nan,nan,nan,nan,nan,nan,nan,nan,nan,nan,nan,nan,nan,nan,0.0200254917,0.3100183010,inf,inf,inf,inf,inf,inf,inf,inf,inf,inf,inf,inf,inf,inf,15
1779041165.7890946865,0.0420708060,0.0288900286,0.0909969732,-0.0055350897,0.0000000000,0.0000000000,3.2829999924,nan,nan,nan,nan,nan,nan,nan,nan,nan,nan,nan,nan,nan,nan,nan,nan,nan,nan,nan,nan,nan,nan,nan,nan,nan,nan,nan,nan,nan,nan,nan,nan,nan,nan,nan,nan,nan,nan,nan,nan,nan,nan,nan,nan,nan,0.0300571918,0.3200500011,inf,inf,inf,inf,inf,inf,inf,inf,inf,inf,inf,inf,inf,inf,15
1779041165.7990801334,0.0420708060,0.0288900286,0.0909969732,-0.0055350897,0.0000000000,0.0000000000,3.2829999924,nan,nan,nan,nan,nan,nan,nan,nan,nan,nan,nan,nan,nan,nan,nan,nan,nan,nan,nan,nan,nan,nan,nan,nan,nan,nan,nan,nan,nan,nan,nan,nan,nan,nan,nan,nan,nan,nan,nan,nan,nan,nan,nan,nan,nan,0.0400426388,0.3300354481,inf,inf,inf,inf,inf,inf,inf,inf,inf,inf,inf,inf,inf,inf,15
1779041165.8090806007,0.0420702510,0.0288906470,0.0909934044,-0.0055350897,0.0000000000,0.0000000000,3.2829999924,nan,nan,nan,nan,nan,nan,nan,nan,nan,nan,nan,nan,nan,nan,nan,nan,nan,nan,nan,nan,nan,nan,nan,nan,nan,nan,nan,nan,nan,nan,nan,nan,nan,nan,nan,nan,nan,nan,nan,nan,nan,nan,nan,nan,nan,0.0000133514,0.3400359154,inf,inf,inf,inf,inf,inf,inf,inf,inf,inf,inf,inf,inf,inf,15
1779041165.8190817833,0.0420702510,0.0288906470,0.0909934044,-0.0055350897,0.0000000000,0.0000000000,3.2829999924,nan,nan,nan,nan,nan,nan,nan,nan,nan,nan,nan,nan,nan,nan,nan,nan,nan,nan,nan,nan,nan,nan,nan,nan,nan,nan,nan,nan,nan,nan,nan,nan,nan,nan,nan,nan,nan,nan,nan,nan,nan,nan,nan,nan,nan,0.0100145340,0.3500370979,inf,inf,inf,inf,inf,inf,inf,inf,inf,inf,inf,inf,inf,inf,15
1779041165.8290634155,0.0420702510,0.0288906470,0.0909934044,-0.0055350897,0.0000000000,0.0000000000,3.2829999924,nan,nan,nan,nan,nan,nan,nan,nan,nan,nan,nan,nan,nan,nan,nan,nan,nan,nan,nan,nan,nan,nan,nan,nan,nan,nan,nan,nan,nan,nan,nan,nan,nan,nan,nan,nan,nan,nan,nan,nan,nan,nan,nan,nan,nan,0.0199961662,0.3600187302,inf,inf,inf,inf,inf,inf,inf,inf,inf,inf,inf,inf,inf,inf,15
1779041165.8390791416,0.0420702510,0.0288906470,0.0909934044,-0.0055350897,0.0000000000,0.0000000000,3.2829999924,nan,nan,nan,nan,nan,nan,nan,nan,nan,nan,nan,nan,nan,nan,nan,nan,nan,nan,nan,nan,nan,nan,nan,nan,nan,nan,nan,nan,nan,nan,nan,nan,nan,nan,nan,nan,nan,nan,nan,nan,nan,nan,nan,nan,nan,0.0300118923,0.3700344563,inf,inf,inf,inf,inf,inf,inf,inf,inf,inf,inf,inf,inf,inf,15
1779041165.8490788937,0.0420702510,0.0288906470,0.0909934044,-0.0055350897,0.0000000000,0.0000000000,3.2829999924,nan,nan,nan,nan,nan,nan,nan,nan,nan,nan,nan,nan,nan,nan,nan,nan,nan,nan,nan,nan,nan,nan,nan,nan,nan,nan,nan,nan,nan,nan,nan,nan,nan,nan,nan,nan,nan,nan,nan,nan,nan,nan,nan,nan,nan,0.0400116444,0.3800342083,inf,inf,inf,inf,inf,inf,inf,inf,inf,inf,inf,inf,inf,inf,15
1779041165.8590452671,0.0420600101,0.0289087649,0.0909961239,-0.0055350897,0.0000000000,0.0000000000,3.2829999924,nan,nan,nan,nan,nan,nan,nan,nan,nan,nan,nan,nan,nan,nan,nan,nan,nan,nan,nan,nan,nan,nan,nan,nan,nan,nan,nan,nan,nan,nan,nan,nan,nan,nan,nan,nan,nan,nan,nan,nan,nan,nan,nan,nan,nan,0.0000073910,0.3900005817,inf,inf,inf,inf,inf,inf,inf,inf,inf,inf,inf,inf,inf,inf,15
1779041165.8690931797,0.0420600101,0.0289087649,0.0909961239,-0.0055350897,0.0000000000,0.0000000000,3.2829999924,nan,nan,nan,nan,nan,nan,nan,nan,nan,nan,nan,nan,nan,nan,nan,nan,nan,nan,nan,nan,nan,nan,nan,nan,nan,nan,nan,nan,nan,nan,nan,nan,nan,nan,nan,nan,nan,nan,nan,nan,nan,nan,nan,nan,nan,0.0100553036,0.4000484943,inf,inf,inf,inf,inf,inf,inf,inf,inf,inf,inf,inf,inf,inf,15
1779041165.8790948391,0.0420600101,0.0289087649,0.0909961239,-0.0055350897,0.0000000000,0.0000000000,3.2829999924,nan,nan,nan,nan,nan,nan,nan,nan,nan,nan,nan,nan,nan,nan,nan,nan,nan,nan,nan,nan,nan,nan,nan,nan,nan,nan,nan,nan,nan,nan,nan,nan,nan,nan,nan,nan,nan,nan,nan,nan,nan,nan,nan,nan,nan,0.0200569630,0.4100501537,inf,inf,inf,inf,inf,inf,inf,inf,inf,inf,inf,inf,inf,inf,15
1779041165.8890798092,0.0420600101,0.0289087649,0.0909961239,-0.0055350897,0.0000000000,0.0000000000,3.2829999924,nan,nan,nan,nan,nan,nan,nan,nan,nan,nan,nan,nan,nan,nan,nan,nan,nan,nan,nan,nan,nan,nan,nan,nan,nan,nan,nan,nan,nan,nan,nan,nan,nan,nan,nan,nan,nan,nan,nan,nan,nan,nan,nan,nan,nan,0.0300419331,0.4200351238,inf,inf,inf,inf,inf,inf,inf,inf,inf,inf,inf,inf,inf,inf,15
1779041165.8990516663,0.0420600101,0.0289087649,0.0909961239,-0.0055350897,0.0000000000,0.0000000000,3.2829999924,nan,nan,nan,nan,nan,nan,nan,nan,nan,nan,nan,nan,nan,nan,nan,nan,nan,nan,nan,nan,nan,nan,nan,nan,nan,nan,nan,nan,nan,nan,nan,nan,nan,nan,nan,nan,nan,nan,nan,nan,nan,nan,nan,nan,nan,0.0400137901,0.4300069809,inf,inf,inf,inf,inf,inf,inf,inf,inf,inf,inf,inf,inf,inf,15
1779041165.9090156555,0.0420586020,0.0289092083,0.0909943804,-0.0055350897,0.0000000000,0.0000000000,3.2829999924,nan,nan,nan,nan,nan,nan,nan,nan,nan,nan,nan,nan,nan,nan,nan,nan,nan,nan,nan,nan,nan,nan,nan,nan,nan,nan,nan,nan,nan,nan,nan,nan,nan,nan,nan,nan,nan,nan,nan,nan,nan,nan,nan,nan,nan,0.0000069141,0.4399709702,inf,inf,inf,inf,inf,inf,inf,inf,inf,inf,inf,inf,inf,inf,15
1779041165.9191021919,0.0420586020,0.0289092083,0.0909943804,-0.0055350897,0.0000000000,0.0000000000,3.2829999924,nan,nan,nan,nan,nan,nan,nan,nan,nan,nan,nan,nan,nan,nan,nan,nan,nan,nan,nan,nan,nan,nan,nan,nan,nan,nan,nan,nan,nan,nan,nan,nan,nan,nan,nan,nan,nan,nan,nan,nan,nan,nan,nan,nan,nan,0.0100934505,0.4500575066,inf,inf,inf,inf,inf,inf,inf,inf,inf,inf,inf,inf,inf,inf,15
1779041165.9290792942,0.0420586020,0.0289092083,0.0909943804,-0.0055350897,0.0000000000,0.0000000000,3.2829999924,nan,nan,nan,nan,nan,nan,nan,nan,nan,nan,nan,nan,nan,nan,nan,nan,nan,nan,nan,nan,nan,nan,nan,nan,nan,nan,nan,nan,nan,nan,nan,nan,nan,nan,nan,nan,nan,nan,nan,nan,nan,nan,nan,nan,nan,0.0200705528,0.4600346088,inf,inf,inf,inf,inf,inf,inf,inf,inf,inf,inf,inf,inf,inf,15
1779041165.9390473366,0.0420586020,0.0289092083,0.0909943804,-0.0055350897,0.0000000000,0.0000000000,3.2829999924,nan,nan,nan,nan,nan,nan,nan,nan,nan,nan,nan,nan,nan,nan,nan,nan,nan,nan,nan,nan,nan,nan,nan,nan,nan,nan,nan,nan,nan,nan,nan,nan,nan,nan,nan,nan,nan,nan,nan,nan,nan,nan,nan,nan,nan,0.0300385952,0.4700026512,inf,inf,inf,inf,inf,inf,inf,inf,inf,inf,inf,inf,inf,inf,15
1779041165.9490721226,0.0420586020,0.0289092083,0.0909943804,-0.0055350897,0.0000000000,0.0000000000,3.2829999924,nan,nan,nan,nan,nan,nan,nan,nan,nan,nan,nan,nan,nan,nan,nan,nan,nan,nan,nan,nan,nan,nan,nan,nan,nan,nan,nan,nan,nan,nan,nan,nan,nan,nan,nan,nan,nan,nan,nan,nan,nan,nan,nan,nan,nan,0.0400633812,0.4800274372,inf,inf,inf,inf,inf,inf,inf,inf,inf,inf,inf,inf,inf,inf,15
1779041165.9590501785,0.0420687087,0.0288942717,0.0909917951,-0.0055350897,0.0000000000,0.0000000000,3.2829999924,nan,nan,nan,nan,nan,nan,nan,nan,nan,nan,nan,nan,nan,nan,nan,nan,nan,nan,nan,nan,nan,nan,nan,nan,nan,nan,nan,nan,nan,nan,nan,nan,nan,nan,nan,nan,nan,nan,nan,nan,nan,nan,nan,nan,nan,0.0000076294,0.4900054932,inf,inf,inf,inf,inf,inf,inf,inf,inf,inf,inf,inf,inf,inf,15
1779041165.9690835476,0.0420687087,0.0288942717,0.0909917951,-0.0055350897,0.0000000000,0.0000000000,3.2829999924,nan,nan,nan,nan,nan,nan,nan,nan,nan,nan,nan,nan,nan,nan,nan,nan,nan,nan,nan,nan,nan,nan,nan,nan,nan,nan,nan,nan,nan,nan,nan,nan,nan,nan,nan,nan,nan,nan,nan,nan,nan,nan,nan,nan,nan,0.0100409985,0.5000388622,inf,inf,inf,inf,inf,inf,inf,inf,inf,inf,inf,inf,inf,inf,15
1779041165.9790563583,0.0420687087,0.0288942717,0.0909917951,-0.0055350897,0.0000000000,0.0000000000,3.2829999924,nan,nan,nan,nan,nan,nan,nan,nan,nan,nan,nan,nan,nan,nan,nan,nan,nan,nan,nan,nan,nan,nan,nan,nan,nan,nan,nan,nan,nan,nan,nan,nan,nan,nan,nan,nan,nan,nan,nan,nan,nan,nan,nan,nan,nan,0.0200138092,0.5100116730,inf,inf,inf,inf,inf,inf,inf,inf,inf,inf,inf,inf,inf,inf,15
1779041165.9890782833,0.0420687087,0.0288942717,0.0909917951,-0.0055350897,0.0000000000,0.0000000000,3.2829999924,nan,nan,nan,nan,nan,nan,nan,nan,nan,nan,nan,nan,nan,nan,nan,nan,nan,nan,nan,nan,nan,nan,nan,nan,nan,nan,nan,nan,nan,nan,nan,nan,nan,nan,nan,nan,nan,nan,nan,nan,nan,nan,nan,nan,nan,0.0300357342,0.5200335979,inf,inf,inf,inf,inf,inf,inf,inf,inf,inf,inf,inf,inf,inf,15
1779041165.9990620613,0.0420687087,0.0288942717,0.0909917951,-0.0055350897,0.0000000000,0.0000000000,3.2829999924,nan,nan,nan,nan,nan,nan,nan,nan,nan,nan,nan,nan,nan,nan,nan,nan,nan,nan,nan,nan,nan,nan,nan,nan,nan,nan,nan,nan,nan,nan,nan,nan,nan,nan,nan,nan,nan,nan,nan,nan,nan,nan,nan,nan,nan,0.0400195122,0.5300173759,inf,inf,inf,inf,inf,inf,inf,inf,inf,inf,inf,inf,inf,inf,15
1779041166.0090403557,0.0420666374,0.0288922880,0.0909880474,-0.0055350897,0.0000000000,0.0000000000,3.2829999924,nan,nan,nan,nan,nan,nan,nan,nan,nan,nan,nan,nan,nan,nan,nan,nan,nan,nan,nan,nan,nan,nan,nan,nan,nan,nan,nan,nan,nan,nan,nan,nan,nan,nan,nan,nan,nan,nan,nan,nan,nan,nan,nan,nan,nan,0.0000097752,0.5399956703,inf,inf,inf,inf,inf,inf,inf,inf,inf,inf,inf,inf,inf,inf,15
1779041166.0190563202,0.0420666374,0.0288922880,0.0909880474,-0.0055350897,0.0000000000,0.0000000000,3.2829999924,nan,nan,nan,nan,nan,nan,nan,nan,nan,nan,nan,nan,nan,nan,nan,nan,nan,nan,nan,nan,nan,nan,nan,nan,nan,nan,nan,nan,nan,nan,nan,nan,nan,nan,nan,nan,nan,nan,nan,nan,nan,nan,nan,nan,nan,0.0100257397,0.5500116348,inf,inf,inf,inf,inf,inf,inf,inf,inf,inf,inf,inf,inf,inf,15
1779041166.0290532112,0.0420666374,0.0288922880,0.0909880474,-0.0055350897,0.0000000000,0.0000000000,3.2829999924,nan,nan,nan,nan,nan,nan,nan,nan,nan,nan,nan,nan,nan,nan,nan,nan,nan,nan,nan,nan,nan,nan,nan,nan,nan,nan,nan,nan,nan,nan,nan,nan,nan,nan,nan,nan,nan,nan,nan,nan,nan,nan,nan,nan,nan,0.0200226307,0.5600085258,inf,inf,inf,inf,inf,inf,inf,inf,inf,inf,inf,inf,inf,inf,15
1779041166.0390543938,0.0420666374,0.0288922880,0.0909880474,-0.0055350897,0.0000000000,0.0000000000,3.2829999924,nan,nan,nan,nan,nan,nan,nan,nan,nan,nan,nan,nan,nan,nan,nan,nan,nan,nan,nan,nan,nan,nan,nan,nan,nan,nan,nan,nan,nan,nan,nan,nan,nan,nan,nan,nan,nan,nan,nan,nan,nan,nan,nan,nan,nan,0.0300238132,0.5700097084,inf,inf,inf,inf,inf,inf,inf,inf,inf,inf,inf,inf,inf,inf,15
1779041166.0490529537,0.0420666374,0.0288922880,0.0909880474,-0.0055350897,0.0000000000,0.0000000000,3.2829999924,nan,nan,nan,nan,nan,nan,nan,nan,nan,nan,nan,nan,nan,nan,nan,nan,nan,nan,nan,nan,nan,nan,nan,nan,nan,nan,nan,nan,nan,nan,nan,nan,nan,nan,nan,nan,nan,nan,nan,nan,nan,nan,nan,nan,nan,0.0400223732,0.5800082684,inf,inf,inf,inf,inf,inf,inf,inf,inf,inf,inf,inf,inf,inf,15
1779041166.0590665340,0.0420663431,0.0288941879,0.0909903422,-0.0055350897,0.0000000000,0.0000000000,3.2829999924,nan,nan,nan,nan,nan,nan,nan,nan,nan,nan,nan,nan,nan,nan,nan,nan,nan,nan,nan,nan,nan,nan,nan,nan,nan,nan,nan,nan,nan,nan,nan,nan,nan,nan,nan,nan,nan,nan,nan,nan,nan,nan,nan,nan,nan,0.0000104904,0.5900218487,inf,inf,inf,inf,inf,inf,inf,inf,inf,inf,inf,inf,inf,inf,15
1779041166.0690848827,0.0420663431,0.0288941879,0.0909903422,-0.0055350897,0.0000000000,0.0000000000,3.2829999924,nan,nan,nan,nan,nan,nan,nan,nan,nan,nan,nan,nan,nan,nan,nan,nan,nan,nan,nan,nan,nan,nan,nan,nan,nan,nan,nan,nan,nan,nan,nan,nan,nan,nan,nan,nan,nan,nan,nan,nan,nan,nan,nan,nan,nan,0.0100288391,0.6000401974,inf,inf,inf,inf,inf,inf,inf,inf,inf,inf,inf,inf,inf,inf,15
1779041166.0791299343,0.0420663431,0.0288941879,0.0909903422,-0.0055350897,0.0000000000,0.0000000000,3.2829999924,nan,nan,nan,nan,nan,nan,nan,nan,nan,nan,nan,nan,nan,nan,nan,nan,nan,nan,nan,nan,nan,nan,nan,nan,nan,nan,nan,nan,nan,nan,nan,nan,nan,nan,nan,nan,nan,nan,nan,nan,nan,nan,nan,nan,nan,0.0200738907,0.6100852489,inf,inf,inf,inf,inf,inf,inf,inf,inf,inf,inf,inf,inf,inf,15
1779041166.0891106129,0.0420663431,0.0288941879,0.0909903422,-0.0055350897,0.0000000000,0.0000000000,3.2829999924,nan,nan,nan,nan,nan,nan,nan,nan,nan,nan,nan,nan,nan,nan,nan,nan,nan,nan,nan,nan,nan,nan,nan,nan,nan,nan,nan,nan,nan,nan,nan,nan,nan,nan,nan,nan,nan,nan,nan,nan,nan,nan,nan,nan,nan,0.0300545692,0.6200659275,inf,inf,inf,inf,inf,inf,inf,inf,inf,inf,inf,inf,inf,inf,15
1779041166.0990808010,0.0420663431,0.0288941879,0.0909903422,-0.0055350897,0.0000000000,0.0000000000,3.2829999924,nan,nan,nan,nan,nan,nan,nan,nan,nan,nan,nan,nan,nan,nan,nan,nan,nan,nan,nan,nan,nan,nan,nan,nan,nan,nan,nan,nan,nan,nan,nan,nan,nan,nan,nan,nan,nan,nan,nan,nan,nan,nan,nan,nan,nan,0.0400247574,0.6300361156,inf,inf,inf,inf,inf,inf,inf,inf,inf,inf,inf,inf,inf,inf,15
1779041166.1090831757,0.0420559011,0.0289070439,0.0909922868,-0.0055350897,0.0000000000,0.0000000000,3.2829999924,nan,nan,nan,nan,nan,nan,nan,nan,nan,nan,nan,nan,nan,nan,nan,nan,nan,nan,nan,nan,nan,nan,nan,nan,nan,nan,nan,nan,nan,nan,nan,nan,nan,nan,nan,nan,nan,nan,nan,nan,nan,nan,nan,nan,nan,0.0000092983,0.6400384903,inf,inf,inf,inf,inf,inf,inf,inf,inf,inf,inf,inf,inf,inf,15
1779041166.1190509796,0.0420559011,0.0289070439,0.0909922868,-0.0055350897,0.0000000000,0.0000000000,3.2829999924,nan,nan,nan,nan,nan,nan,nan,nan,nan,nan,nan,nan,nan,nan,nan,nan,nan,nan,nan,nan,nan,nan,nan,nan,nan,nan,nan,nan,nan,nan,nan,nan,nan,nan,nan,nan,nan,nan,nan,nan,nan,nan,nan,nan,nan,0.0099771023,0.6500062943,inf,inf,inf,inf,inf,inf,inf,inf,inf,inf,inf,inf,inf,inf,15
1779041166.1290900707,0.0420559011,0.0289070439,0.0909922868,-0.0055350897,0.0000000000,0.0000000000,3.2829999924,nan,nan,nan,nan,nan,nan,nan,nan,nan,nan,nan,nan,nan,nan,nan,nan,nan,nan,nan,nan,nan,nan,nan,nan,nan,nan,nan,nan,nan,nan,nan,nan,nan,nan,nan,nan,nan,nan,nan,nan,nan,nan,nan,nan,nan,0.0200161934,0.6600453854,inf,inf,inf,inf,inf,inf,inf,inf,inf,inf,inf,inf,inf,inf,15
1779041166.1390895844,0.0420559011,0.0289070439,0.0909922868,-0.0055350897,0.0000000000,0.0000000000,3.2829999924,nan,nan,nan,nan,nan,nan,nan,nan,nan,nan,nan,nan,nan,nan,nan,nan,nan,nan,nan,nan,nan,nan,nan,nan,nan,nan,nan,nan,nan,nan,nan,nan,nan,nan,nan,nan,nan,nan,nan,nan,nan,nan,nan,nan,nan,0.0300157070,0.6700448990,inf,inf,inf,inf,inf,inf,inf,inf,inf,inf,inf,inf,inf,inf,15
1779041166.1490678787,0.0420559011,0.0289070439,0.0909922868,-0.0055350897,0.0000000000,0.0000000000,3.2829999924,nan,nan,nan,nan,nan,nan,nan,nan,nan,nan,nan,nan,nan,nan,nan,nan,nan,nan,nan,nan,nan,nan,nan,nan,nan,nan,nan,nan,nan,nan,nan,nan,nan,nan,nan,nan,nan,nan,nan,nan,nan,nan,nan,nan,nan,0.0399940014,0.6800231934,inf,inf,inf,inf,inf,inf,inf,inf,inf,inf,inf,inf,inf,inf,15
1779041166.1590261459,0.0420676768,0.0288914815,0.0909856930,-0.0055350897,0.0000000000,0.0000000000,3.2829999924,nan,nan,nan,nan,nan,nan,nan,nan,nan,nan,nan,nan,nan,nan,nan,nan,nan,nan,nan,nan,nan,nan,nan,nan,nan,nan,nan,nan,nan,nan,nan,nan,nan,nan,nan,nan,nan,nan,nan,nan,nan,nan,nan,nan,nan,0.0000088215,0.6899814606,inf,inf,inf,inf,inf,inf,inf,inf,inf,inf,inf,inf,inf,inf,15
1779041166.1690771580,0.0420676768,0.0288914815,0.0909856930,-0.0055350897,0.0000000000,0.0000000000,3.2829999924,nan,nan,nan,nan,nan,nan,nan,nan,nan,nan,nan,nan,nan,nan,nan,nan,nan,nan,nan,nan,nan,nan,nan,nan,nan,nan,nan,nan,nan,nan,nan,nan,nan,nan,nan,nan,nan,nan,nan,nan,nan,nan,nan,nan,nan,0.0100598335,0.7000324726,inf,inf,inf,inf,inf,inf,inf,inf,inf,inf,inf,inf,inf,inf,15
1779041166.1790719032,0.0420676768,0.0288914815,0.0909856930,-0.0055350897,0.0000000000,0.0000000000,3.2829999924,nan,nan,nan,nan,nan,nan,nan,nan,nan,nan,nan,nan,nan,nan,nan,nan,nan,nan,nan,nan,nan,nan,nan,nan,nan,nan,nan,nan,nan,nan,nan,nan,nan,nan,nan,nan,nan,nan,nan,nan,nan,nan,nan,nan,nan,0.0200545788,0.7100272179,inf,inf,inf,inf,inf,inf,inf,inf,inf,inf,inf,inf,inf,inf,15
1779041166.1890490055,0.0420676768,0.0288914815,0.0909856930,-0.0055350897,0.0000000000,0.0000000000,3.2829999924,nan,nan,nan,nan,nan,nan,nan,nan,nan,nan,nan,nan,nan,nan,nan,nan,nan,nan,nan,nan,nan,nan,nan,nan,nan,nan,nan,nan,nan,nan,nan,nan,nan,nan,nan,nan,nan,nan,nan,nan,nan,nan,nan,nan,nan,0.0300316811,0.7200043201,inf,inf,inf,inf,inf,inf,inf,inf,inf,inf,inf,inf,inf,inf,15
1779041166.1990582943,0.0420676768,0.0288914815,0.0909856930,-0.0055350897,0.0000000000,0.0000000000,3.2829999924,nan,nan,nan,nan,nan,nan,nan,nan,nan,nan,nan,nan,nan,nan,nan,nan,nan,nan,nan,nan,nan,nan,nan,nan,nan,nan,nan,nan,nan,nan,nan,nan,nan,nan,nan,nan,nan,nan,nan,nan,nan,nan,nan,nan,nan,0.0400409698,0.7300136089,inf,inf,inf,inf,inf,inf,inf,inf,inf,inf,inf,inf,inf,inf,15
1779041166.2090709209,0.0420657136,0.0288889576,0.0909906253,-0.0055350897,0.0000000000,0.0000000000,3.2829999924,nan,nan,nan,nan,nan,nan,nan,nan,nan,nan,nan,nan,nan,nan,nan,nan,nan,nan,nan,nan,nan,nan,nan,nan,nan,nan,nan,nan,nan,nan,nan,nan,nan,nan,nan,nan,nan,nan,nan,nan,nan,nan,nan,nan,nan,0.0000090599,0.7400262356,inf,inf,inf,inf,inf,inf,inf,inf,inf,inf,inf,inf,inf,inf,15
1779041166.2190835476,0.0420657136,0.0288889576,0.0909906253,-0.0055350897,0.0000000000,0.0000000000,3.2829999924,nan,nan,nan,nan,nan,nan,nan,nan,nan,nan,nan,nan,nan,nan,nan,nan,nan,nan,nan,nan,nan,nan,nan,nan,nan,nan,nan,nan,nan,nan,nan,nan,nan,nan,nan,nan,nan,nan,nan,nan,nan,nan,nan,nan,nan,0.0100216866,0.7500388622,inf,inf,inf,inf,inf,inf,inf,inf,inf,inf,inf,inf,inf,inf,15
1779041166.2292234898,0.0420657136,0.0288889576,0.0909906253,-0.0055350897,0.0000000000,0.0000000000,3.2829999924,nan,nan,nan,nan,nan,nan,nan,nan,nan,nan,nan,nan,nan,nan,nan,nan,nan,nan,nan,nan,nan,nan,nan,nan,nan,nan,nan,nan,nan,nan,nan,nan,nan,nan,nan,nan,nan,nan,nan,nan,nan,nan,nan,nan,nan,0.0201616287,0.7601788044,inf,inf,inf,inf,inf,inf,inf,inf,inf,inf,inf,inf,inf,inf,15
1779041166.2390964031,0.0420657136,0.0288889576,0.0909906253,-0.0055350897,0.0000000000,0.0000000000,3.2829999924,nan,nan,nan,nan,nan,nan,nan,nan,nan,nan,nan,nan,nan,nan,nan,nan,nan,nan,nan,nan,nan,nan,nan,nan,nan,nan,nan,nan,nan,nan,nan,nan,nan,nan,nan,nan,nan,nan,nan,nan,nan,nan,nan,nan,nan,0.0300345421,0.7700517178,inf,inf,inf,inf,inf,inf,inf,inf,inf,inf,inf,inf,inf,inf,15
1779041166.2490746975,0.0420657136,0.0288889576,0.0909906253,-0.0055350897,0.0000000000,0.0000000000,3.2829999924,nan,nan,nan,nan,nan,nan,nan,nan,nan,nan,nan,nan,nan,nan,nan,nan,nan,nan,nan,nan,nan,nan,nan,nan,nan,nan,nan,nan,nan,nan,nan,nan,nan,nan,nan,nan,nan,nan,nan,nan,nan,nan,nan,nan,nan,0.0400128365,0.7800300121,inf,inf,inf,inf,inf,inf,inf,inf,inf,inf,inf,inf,inf,inf,15
1779041166.2590591908,0.0420623422,0.0288896915,0.0909956470,-0.0055350897,0.0000000000,0.0000000000,3.2829999924,nan,nan,nan,nan,nan,nan,nan,nan,nan,nan,nan,nan,nan,nan,nan,nan,nan,nan,nan,nan,nan,nan,nan,nan,nan,nan,nan,nan,nan,nan,nan,nan,nan,nan,nan,nan,nan,nan,nan,nan,nan,nan,nan,nan,nan,0.0000116825,0.7900145054,inf,inf,inf,inf,inf,inf,inf,inf,inf,inf,inf,inf,inf,inf,15
1779041166.2690904140,0.0420623422,0.0288896915,0.0909956470,-0.0055350897,0.0000000000,0.0000000000,3.2829999924,nan,nan,nan,nan,nan,nan,nan,nan,nan,nan,nan,nan,nan,nan,nan,nan,nan,nan,nan,nan,nan,nan,nan,nan,nan,nan,nan,nan,nan,nan,nan,nan,nan,nan,nan,nan,nan,nan,nan,nan,nan,nan,nan,nan,nan,0.0100429058,0.8000457287,inf,inf,inf,inf,inf,inf,inf,inf,inf,inf,inf,inf,inf,inf,15
1779041166.2790751457,0.0420623422,0.0288896915,0.0909956470,-0.0055350897,0.0000000000,0.0000000000,3.2829999924,nan,nan,nan,nan,nan,nan,nan,nan,nan,nan,nan,nan,nan,nan,nan,nan,nan,nan,nan,nan,nan,nan,nan,nan,nan,nan,nan,nan,nan,nan,nan,nan,nan,nan,nan,nan,nan,nan,nan,nan,nan,nan,nan,nan,nan,0.0200276375,0.8100304604,inf,inf,inf,inf,inf,inf,inf,inf,inf,inf,inf,inf,inf,inf,15
1779041166.2890806198,0.0420623422,0.0288896915,0.0909956470,-0.0055350897,0.0000000000,0.0000000000,3.2829999924,nan,nan,nan,nan,nan,nan,nan,nan,nan,nan,nan,nan,nan,nan,nan,nan,nan,nan,nan,nan,nan,nan,nan,nan,nan,nan,nan,nan,nan,nan,nan,nan,nan,nan,nan,nan,nan,nan,nan,nan,nan,nan,nan,nan,nan,0.0300331116,0.8200359344,inf,inf,inf,inf,inf,inf,inf,inf,inf,inf,inf,inf,inf,inf,15
1779041166.2991106510,0.0420623422,0.0288896915,0.0909956470,-0.0055350897,0.0000000000,0.0000000000,3.2829999924,nan,nan,nan,nan,nan,nan,nan,nan,nan,nan,nan,nan,nan,nan,nan,nan,nan,nan,nan,nan,nan,nan,nan,nan,nan,nan,nan,nan,nan,nan,nan,nan,nan,nan,nan,nan,nan,nan,nan,nan,nan,nan,nan,nan,nan,0.0400631428,0.8300659657,inf,inf,inf,inf,inf,inf,inf,inf,inf,inf,inf,inf,inf,inf,15
1779041166.3090724945,0.0420702621,0.0288818404,0.0909992903,-0.0055350897,0.0000000000,0.0000000000,3.2829999924,nan,nan,nan,nan,nan,nan,nan,nan,nan,nan,nan,nan,nan,nan,nan,nan,nan,nan,nan,nan,nan,nan,nan,nan,nan,nan,nan,nan,nan,nan,nan,nan,nan,nan,nan,nan,nan,nan,nan,nan,nan,nan,nan,nan,nan,0.0000116825,0.8400278091,inf,inf,inf,inf,inf,inf,inf,inf,inf,inf,inf,inf,inf,inf,15
1779041166.3190779686,0.0420702621,0.0288818404,0.0909992903,-0.0055350897,0.0000000000,0.0000000000,3.2829999924,nan,nan,nan,nan,nan,nan,nan,nan,nan,nan,nan,nan,nan,nan,nan,nan,nan,nan,nan,nan,nan,nan,nan,nan,nan,nan,nan,nan,nan,nan,nan,nan,nan,nan,nan,nan,nan,nan,nan,nan,nan,nan,nan,nan,nan,0.0100171566,0.8500332832,inf,inf,inf,inf,inf,inf,inf,inf,inf,inf,inf,inf,inf,inf,15
1779041166.3290820122,0.0420702621,0.0288818404,0.0909992903,-0.0055350897,0.0000000000,0.0000000000,3.2829999924,nan,nan,nan,nan,nan,nan,nan,nan,nan,nan,nan,nan,nan,nan,nan,nan,nan,nan,nan,nan,nan,nan,nan,nan,nan,nan,nan,nan,nan,nan,nan,nan,nan,nan,nan,nan,nan,nan,nan,nan,nan,nan,nan,nan,nan,0.0200212002,0.8600373268,inf,inf,inf,inf,inf,inf,inf,inf,inf,inf,inf,inf,inf,inf,15
1779041166.3390645981,0.0420702621,0.0288818404,0.0909992903,-0.0055350897,0.0000000000,0.0000000000,3.2829999924,nan,nan,nan,nan,nan,nan,nan,nan,nan,nan,nan,nan,nan,nan,nan,nan,nan,nan,nan,nan,nan,nan,nan,nan,nan,nan,nan,nan,nan,nan,nan,nan,nan,nan,nan,nan,nan,nan,nan,nan,nan,nan,nan,nan,nan,0.0300037861,0.8700199127,inf,inf,inf,inf,inf,inf,inf,inf,inf,inf,inf,inf,inf,inf,15
1779041166.3490693569,0.0420702621,0.0288818404,0.0909992903,-0.0055350897,0.0000000000,0.0000000000,3.2829999924,nan,nan,nan,nan,nan,nan,nan,nan,nan,nan,nan,nan,nan,nan,nan,nan,nan,nan,nan,nan,nan,nan,nan,nan,nan,nan,nan,nan,nan,nan,nan,nan,nan,nan,nan,nan,nan,nan,nan,nan,nan,nan,nan,nan,nan,0.0400085449,0.8800246716,inf,inf,inf,inf,inf,inf,inf,inf,inf,inf,inf,inf,inf,inf,15
1779041166.3590736389,0.0420782864,0.0288721863,0.0910006687,-0.0055350897,0.0000000000,0.0000000000,3.2829999924,nan,nan,nan,nan,nan,nan,nan,nan,nan,nan,nan,nan,nan,nan,nan,nan,nan,nan,nan,nan,nan,nan,nan,nan,nan,nan,nan,nan,nan,nan,nan,nan,nan,nan,nan,nan,nan,nan,nan,nan,nan,nan,nan,nan,nan,0.0000097752,0.8900289536,inf,inf,inf,inf,inf,inf,inf,inf,inf,inf,inf,inf,inf,inf,15
1779041166.3691072464,0.0420782864,0.0288721863,0.0910006687,-0.0055350897,0.0000000000,0.0000000000,3.2829999924,nan,nan,nan,nan,nan,nan,nan,nan,nan,nan,nan,nan,nan,nan,nan,nan,nan,nan,nan,nan,nan,nan,nan,nan,nan,nan,nan,nan,nan,nan,nan,nan,nan,nan,nan,nan,nan,nan,nan,nan,nan,nan,nan,nan,nan,0.0100433826,0.9000625610,inf,inf,inf,inf,inf,inf,inf,inf,inf,inf,inf,inf,inf,inf,15
1779041166.3791165352,0.0420782864,0.0288721863,0.0910006687,-0.0055350897,0.0000000000,0.0000000000,3.2829999924,nan,nan,nan,nan,nan,nan,nan,nan,nan,nan,nan,nan,nan,nan,nan,nan,nan,nan,nan,nan,nan,nan,nan,nan,nan,nan,nan,nan,nan,nan,nan,nan,nan,nan,nan,nan,nan,nan,nan,nan,nan,nan,nan,nan,nan,0.0200526714,0.9100718498,inf,inf,inf,inf,inf,inf,inf,inf,inf,inf,inf,inf,inf,inf,15
1779041166.3890898228,0.0420782864,0.0288721863,0.0910006687,-0.0055350897,0.0000000000,0.0000000000,3.2829999924,nan,nan,nan,nan,nan,nan,nan,nan,nan,nan,nan,nan,nan,nan,nan,nan,nan,nan,nan,nan,nan,nan,nan,nan,nan,nan,nan,nan,nan,nan,nan,nan,nan,nan,nan,nan,nan,nan,nan,nan,nan,nan,nan,nan,nan,0.0300259590,0.9200451374,inf,inf,inf,inf,inf,inf,inf,inf,inf,inf,inf,inf,inf,inf,15
1779041166.3990774155,0.0420782864,0.0288721863,0.0910006687,-0.0055350897,0.0000000000,0.0000000000,3.2829999924,nan,nan,nan,nan,nan,nan,nan,nan,nan,nan,nan,nan,nan,nan,nan,nan,nan,nan,nan,nan,nan,nan,nan,nan,nan,nan,nan,nan,nan,nan,nan,nan,nan,nan,nan,nan,nan,nan,nan,nan,nan,nan,nan,nan,nan,0.0400135517,0.9300327301,inf,inf,inf,inf,inf,inf,inf,inf,inf,inf,inf,inf,inf,inf,15
1779041166.4090342522,0.0420723557,0.0288865026,0.0910001919,-0.0055350897,0.0000000000,0.0000000000,3.2829999924,nan,nan,nan,nan,nan,nan,nan,nan,nan,nan,nan,nan,nan,nan,nan,nan,nan,nan,nan,nan,nan,nan,nan,nan,nan,nan,nan,nan,nan,nan,nan,nan,nan,nan,nan,nan,nan,nan,nan,nan,nan,nan,nan,nan,nan,0.0000088215,0.9399895668,inf,inf,inf,inf,inf,inf,inf,inf,inf,inf,inf,inf,inf,inf,15
1779041166.4190504551,0.0420723557,0.0288865026,0.0910001919,-0.0055350897,0.0000000000,0.0000000000,3.2829999924,nan,nan,nan,nan,nan,nan,nan,nan,nan,nan,nan,nan,nan,nan,nan,nan,nan,nan,nan,nan,nan,nan,nan,nan,nan,nan,nan,nan,nan,nan,nan,nan,nan,nan,nan,nan,nan,nan,nan,nan,nan,nan,nan,nan,nan,0.0100250244,0.9500057697,inf,inf,inf,inf,inf,inf,inf,inf,inf,inf,inf,inf,inf,inf,15
1779041166.4290866852,0.0420723557,0.0288865026,0.0910001919,-0.0055350897,0.0000000000,0.0000000000,3.2829999924,nan,nan,nan,nan,nan,nan,nan,nan,nan,nan,nan,nan,nan,nan,nan,nan,nan,nan,nan,nan,nan,nan,nan,nan,nan,nan,nan,nan,nan,nan,nan,nan,nan,nan,nan,nan,nan,nan,nan,nan,nan,nan,nan,nan,nan,0.0200612545,0.9600419998,inf,inf,inf,inf,inf,inf,inf,inf,inf,inf,inf,inf,inf,inf,15
1779041166.4390521049,0.0420723557,0.0288865026,0.0910001919,-0.0055350897,0.0000000000,0.0000000000,3.2829999924,nan,nan,nan,nan,nan,nan,nan,nan,nan,nan,nan,nan,nan,nan,nan,nan,nan,nan,nan,nan,nan,nan,nan,nan,nan,nan,nan,nan,nan,nan,nan,nan,nan,nan,nan,nan,nan,nan,nan,nan,nan,nan,nan,nan,nan,0.0300266743,0.9700074196,inf,inf,inf,inf,inf,inf,inf,inf,inf,inf,inf,inf,inf,inf,15
1779041166.4490568638,0.0420723557,0.0288865026,0.0910001919,-0.0055350897,0.0000000000,0.0000000000,3.2829999924,nan,nan,nan,nan,nan,nan,nan,nan,nan,nan,nan,nan,nan,nan,nan,nan,nan,nan,nan,nan,nan,nan,nan,nan,nan,nan,nan,nan,nan,nan,nan,nan,nan,nan,nan,nan,nan,nan,nan,nan,nan,nan,nan,nan,nan,0.0400314331,0.9800121784,inf,inf,inf,inf,inf,inf,inf,inf,inf,inf,inf,inf,inf,inf,15
1779041166.4590408802,0.0420714915,0.0288835932,0.0910007283,-0.0055350897,0.0000000000,0.0000000000,3.2829999924,nan,nan,nan,nan,nan,nan,nan,nan,nan,nan,nan,nan,nan,nan,nan,nan,nan,nan,nan,nan,nan,nan,nan,nan,nan,nan,nan,nan,nan,nan,nan,nan,nan,nan,nan,nan,nan,nan,nan,nan,nan,nan,nan,nan,nan,0.0000097752,0.9899961948,inf,inf,inf,inf,inf,inf,inf,inf,inf,inf,inf,inf,inf,inf,15
1779041166.4690563679,0.0420714915,0.0288835932,0.0910007283,-0.0055350897,0.0000000000,0.0000000000,3.2780001163,nan,nan,nan,nan,nan,nan,nan,nan,nan,nan,nan,nan,nan,nan,nan,nan,nan,nan,nan,nan,nan,nan,nan,nan,nan,nan,nan,nan,nan,nan,nan,nan,nan,nan,nan,nan,nan,nan,nan,nan,nan,nan,nan,nan,nan,0.0100252628,0.0000100136,inf,inf,inf,inf,inf,inf,inf,inf,inf,inf,inf,inf,inf,inf,15
1779041166.4790532589,0.0420714915,0.0288835932,0.0910007283,-0.0055350897,0.0000000000,0.0000000000,3.2780001163,nan,nan,nan,nan,nan,nan,nan,nan,nan,nan,nan,nan,nan,nan,nan,nan,nan,nan,nan,nan,nan,nan,nan,nan,nan,nan,nan,nan,nan,nan,nan,nan,nan,nan,nan,nan,nan,nan,nan,nan,nan,nan,nan,nan,nan,0.0200221539,0.0100069046,inf,inf,inf,inf,inf,inf,inf,inf,inf,inf,inf,inf,inf,inf,15
1779041166.4890823364,0.0420714915,0.0288835932,0.0910007283,-0.0055350897,0.0000000000,0.0000000000,3.2780001163,nan,nan,nan,nan,nan,nan,nan,nan,nan,nan,nan,nan,nan,nan,nan,nan,nan,nan,nan,nan,nan,nan,nan,nan,nan,nan,nan,nan,nan,nan,nan,nan,nan,nan,nan,nan,nan,nan,nan,nan,nan,nan,nan,nan,nan,0.0300512314,0.0200359821,inf,inf,inf,inf,inf,inf,inf,inf,inf,inf,inf,inf,inf,inf,15
1779041166.4990525246,0.0420714915,0.0288835932,0.0910007283,-0.0055350897,0.0000000000,0.0000000000,3.2780001163,nan,nan,nan,nan,nan,nan,nan,nan,nan,nan,nan,nan,nan,nan,nan,nan,nan,nan,nan,nan,nan,nan,nan,nan,nan,nan,nan,nan,nan,nan,nan,nan,nan,nan,nan,nan,nan,nan,nan,nan,nan,nan,nan,nan,nan,0.0400214195,0.0300061703,inf,inf,inf,inf,inf,inf,inf,inf,inf,inf,inf,inf,inf,inf,15
1779041166.5090389252,0.0420708060,0.0288818479,0.0910002515,-0.0055350897,0.0000000000,0.0000000000,3.2780001163,nan,nan,nan,nan,nan,nan,nan,nan,nan,nan,nan,nan,nan,nan,nan,nan,nan,nan,nan,nan,nan,nan,nan,nan,nan,nan,nan,nan,nan,nan,nan,nan,nan,nan,nan,nan,nan,nan,nan,nan,nan,nan,nan,nan,nan,0.0000073910,0.0399925709,inf,inf,inf,inf,inf,inf,inf,inf,inf,inf,inf,inf,inf,inf,15
1779041166.5190951824,0.0420708060,0.0288818479,0.0910002515,-0.0055350897,0.0000000000,0.0000000000,3.2780001163,nan,nan,nan,nan,nan,nan,nan,nan,nan,nan,nan,nan,nan,nan,nan,nan,nan,nan,nan,nan,nan,nan,nan,nan,nan,nan,nan,nan,nan,nan,nan,nan,nan,nan,nan,nan,nan,nan,nan,nan,nan,nan,nan,nan,nan,0.0100636482,0.0500488281,inf,inf,inf,inf,inf,inf,inf,inf,inf,inf,inf,inf,inf,inf,15
1779041166.5290653706,0.0420708060,0.0288818479,0.0910002515,-0.0055350897,0.0000000000,0.0000000000,3.2780001163,nan,nan,nan,nan,nan,nan,nan,nan,nan,nan,nan,nan,nan,nan,nan,nan,nan,nan,nan,nan,nan,nan,nan,nan,nan,nan,nan,nan,nan,nan,nan,nan,nan,nan,nan,nan,nan,nan,nan,nan,nan,nan,nan,nan,nan,0.0200338364,0.0600190163,inf,inf,inf,inf,inf,inf,inf,inf,inf,inf,inf,inf,inf,inf,15
1779041166.5390481949,0.0420708060,0.0288818479,0.0910002515,-0.0055350897,0.0000000000,0.0000000000,3.2780001163,nan,nan,nan,nan,nan,nan,nan,nan,nan,nan,nan,nan,nan,nan,nan,nan,nan,nan,nan,nan,nan,nan,nan,nan,nan,nan,nan,nan,nan,nan,nan,nan,nan,nan,nan,nan,nan,nan,nan,nan,nan,nan,nan,nan,nan,0.0300166607,0.0700018406,inf,inf,inf,inf,inf,inf,inf,inf,inf,inf,inf,inf,inf,inf,15
1779041166.5490312576,0.0420708060,0.0288818479,0.0910002515,-0.0055350897,0.0000000000,0.0000000000,3.2780001163,nan,nan,nan,nan,nan,nan,nan,nan,nan,nan,nan,nan,nan,nan,nan,nan,nan,nan,nan,nan,nan,nan,nan,nan,nan,nan,nan,nan,nan,nan,nan,nan,nan,nan,nan,nan,nan,nan,nan,nan,nan,nan,nan,nan,nan,0.0399997234,0.0799849033,inf,inf,inf,inf,inf,inf,inf,inf,inf,inf,inf,inf,inf,inf,15
1779041166.5590772629,0.0420739949,0.0288823731,0.0909967870,-0.0055350897,0.0000000000,0.0000000000,3.2780001163,nan,nan,nan,nan,nan,nan,nan,nan,nan,nan,nan,nan,nan,nan,nan,nan,nan,nan,nan,nan,nan,nan,nan,nan,nan,nan,nan,nan,nan,nan,nan,nan,nan,nan,nan,nan,nan,nan,nan,nan,nan,nan,nan,nan,nan,0.0000109673,0.0900309086,inf,inf,inf,inf,inf,inf,inf,inf,inf,inf,inf,inf,inf,inf,15
1779041166.5690865517,0.0420739949,0.0288823731,0.0909967870,-0.0055350897,0.0000000000,0.0000000000,3.2780001163,nan,nan,nan,nan,nan,nan,nan,nan,nan,nan,nan,nan,nan,nan,nan,nan,nan,nan,nan,nan,nan,nan,nan,nan,nan,nan,nan,nan,nan,nan,nan,nan,nan,nan,nan,nan,nan,nan,nan,nan,nan,nan,nan,nan,nan,0.0100202560,0.1000401974,inf,inf,inf,inf,inf,inf,inf,inf,inf,inf,inf,inf,inf,inf,15
1779041166.5791141987,0.0420739949,0.0288823731,0.0909967870,-0.0055350897,0.0000000000,0.0000000000,3.2780001163,nan,nan,nan,nan,nan,nan,nan,nan,nan,nan,nan,nan,nan,nan,nan,nan,nan,nan,nan,nan,nan,nan,nan,nan,nan,nan,nan,nan,nan,nan,nan,nan,nan,nan,nan,nan,nan,nan,nan,nan,nan,nan,nan,nan,nan,0.0200479031,0.1100678444,inf,inf,inf,inf,inf,inf,inf,inf,inf,inf,inf,inf,inf,inf,15
1779041166.5890886784,0.0420739949,0.0288823731,0.0909967870,-0.0055350897,0.0000000000,0.0000000000,3.2780001163,nan,nan,nan,nan,nan,nan,nan,nan,nan,nan,nan,nan,nan,nan,nan,nan,nan,nan,nan,nan,nan,nan,nan,nan,nan,nan,nan,nan,nan,nan,nan,nan,nan,nan,nan,nan,nan,nan,nan,nan,nan,nan,nan,nan,nan,0.0300223827,0.1200423241,inf,inf,inf,inf,inf,inf,inf,inf,inf,inf,inf,inf,inf,inf,15
1779041166.5990850925,0.0420739949,0.0288823731,0.0909967870,-0.0055350897,0.0000000000,0.0000000000,3.2780001163,nan,nan,nan,nan,nan,nan,nan,nan,nan,nan,nan,nan,nan,nan,nan,nan,nan,nan,nan,nan,nan,nan,nan,nan,nan,nan,nan,nan,nan,nan,nan,nan,nan,nan,nan,nan,nan,nan,nan,nan,nan,nan,nan,nan,nan,0.0400187969,0.1300387383,inf,inf,inf,inf,inf,inf,inf,inf,inf,inf,inf,inf,inf,inf,15
1779041166.6090781689,0.0420731269,0.0288770609,0.0909888744,-0.0055350897,0.0000000000,0.0000000000,3.2780001163,nan,nan,nan,nan,nan,nan,nan,nan,nan,nan,nan,nan,nan,nan,nan,nan,nan,nan,nan,nan,nan,nan,nan,nan,nan,nan,nan,nan,nan,nan,nan,nan,nan,nan,nan,nan,nan,nan,nan,nan,nan,nan,nan,nan,nan,0.0000112057,0.1400318146,inf,inf,inf,inf,inf,inf,inf,inf,inf,inf,inf,inf,inf,inf,15
1779041166.6190831661,0.0420731269,0.0288770609,0.0909888744,-0.0055350897,0.0000000000,0.0000000000,3.2780001163,nan,nan,nan,nan,nan,nan,nan,nan,nan,nan,nan,nan,nan,nan,nan,nan,nan,nan,nan,nan,nan,nan,nan,nan,nan,nan,nan,nan,nan,nan,nan,nan,nan,nan,nan,nan,nan,nan,nan,nan,nan,nan,nan,nan,nan,0.0100162029,0.1500368118,inf,inf,inf,inf,inf,inf,inf,inf,inf,inf,inf,inf,inf,inf,15
1779041166.6291167736,0.0420731269,0.0288770609,0.0909888744,-0.0055350897,0.0000000000,0.0000000000,3.2780001163,nan,nan,nan,nan,nan,nan,nan,nan,nan,nan,nan,nan,nan,nan,nan,nan,nan,nan,nan,nan,nan,nan,nan,nan,nan,nan,nan,nan,nan,nan,nan,nan,nan,nan,nan,nan,nan,nan,nan,nan,nan,nan,nan,nan,nan,0.0200498104,0.1600704193,inf,inf,inf,inf,inf,inf,inf,inf,inf,inf,inf,inf,inf,inf,15
1779041166.6390812397,0.0420731269,0.0288770609,0.0909888744,-0.0055350897,0.0000000000,0.0000000000,3.2780001163,nan,nan,nan,nan,nan,nan,nan,nan,nan,nan,nan,nan,nan,nan,nan,nan,nan,nan,nan,nan,nan,nan,nan,nan,nan,nan,nan,nan,nan,nan,nan,nan,nan,nan,nan,nan,nan,nan,nan,nan,nan,nan,nan,nan,nan,0.0300142765,0.1700348854,inf,inf,inf,inf,inf,inf,inf,inf,inf,inf,inf,inf,inf,inf,15
1779041166.6490821838,0.0420731269,0.0288770609,0.0909888744,-0.0055350897,0.0000000000,0.0000000000,3.2780001163,nan,nan,nan,nan,nan,nan,nan,nan,nan,nan,nan,nan,nan,nan,nan,nan,nan,nan,nan,nan,nan,nan,nan,nan,nan,nan,nan,nan,nan,nan,nan,nan,nan,nan,nan,nan,nan,nan,nan,nan,nan,nan,nan,nan,nan,0.0400152206,0.1800358295,inf,inf,inf,inf,inf,inf,inf,inf,inf,inf,inf,inf,inf,inf,15
1779041166.6590616703,0.0420668311,0.0288749263,0.0909843594,-0.0055350897,0.0000000000,0.0000000000,3.2780001163,nan,nan,nan,nan,nan,nan,nan,nan,nan,nan,nan,nan,nan,nan,nan,nan,nan,nan,nan,nan,nan,nan,nan,nan,nan,nan,nan,nan,nan,nan,nan,nan,nan,nan,nan,nan,nan,nan,nan,nan,nan,nan,nan,nan,nan,0.0000109673,0.1900153160,inf,inf,inf,inf,inf,inf,inf,inf,inf,inf,inf,inf,inf,inf,15
1779041166.6690893173,0.0420668311,0.0288749263,0.0909843594,-0.0055350897,0.0000000000,0.0000000000,3.2780001163,nan,nan,nan,nan,nan,nan,nan,nan,nan,nan,nan,nan,nan,nan,nan,nan,nan,nan,nan,nan,nan,nan,nan,nan,nan,nan,nan,nan,nan,nan,nan,nan,nan,nan,nan,nan,nan,nan,nan,nan,nan,nan,nan,nan,nan,0.0100386143,0.2000429630,inf,inf,inf,inf,inf,inf,inf,inf,inf,inf,inf,inf,inf,inf,15
1779041166.6790831089,0.0420668311,0.0288749263,0.0909843594,-0.0055350897,0.0000000000,0.0000000000,3.2780001163,nan,nan,nan,nan,nan,nan,nan,nan,nan,nan,nan,nan,nan,nan,nan,nan,nan,nan,nan,nan,nan,nan,nan,nan,nan,nan,nan,nan,nan,nan,nan,nan,nan,nan,nan,nan,nan,nan,nan,nan,nan,nan,nan,nan,nan,0.0200324059,0.2100367546,inf,inf,inf,inf,inf,inf,inf,inf,inf,inf,inf,inf,inf,inf,15
1779041166.6890771389,0.0420668311,0.0288749263,0.0909843594,-0.0055350897,0.0000000000,0.0000000000,3.2780001163,nan,nan,nan,nan,nan,nan,nan,nan,nan,nan,nan,nan,nan,nan,nan,nan,nan,nan,nan,nan,nan,nan,nan,nan,nan,nan,nan,nan,nan,nan,nan,nan,nan,nan,nan,nan,nan,nan,nan,nan,nan,nan,nan,nan,nan,0.0300264359,0.2200307846,inf,inf,inf,inf,inf,inf,inf,inf,inf,inf,inf,inf,inf,inf,15
1779041166.6990978718,0.0420668311,0.0288749263,0.0909843594,-0.0055350897,0.0000000000,0.0000000000,3.2780001163,nan,nan,nan,nan,nan,nan,nan,nan,nan,nan,nan,nan,nan,nan,nan,nan,nan,nan,nan,nan,nan,nan,nan,nan,nan,nan,nan,nan,nan,nan,nan,nan,nan,nan,nan,nan,nan,nan,nan,nan,nan,nan,nan,nan,nan,0.0400471687,0.2300515175,inf,inf,inf,inf,inf,inf,inf,inf,inf,inf,inf,inf,inf,inf,15
1779041166.7090544701,0.0420625024,0.0288728047,0.0909840092,-0.0055350897,0.0000000000,0.0000000000,3.2780001163,nan,nan,nan,nan,nan,nan,nan,nan,nan,nan,nan,nan,nan,nan,nan,nan,nan,nan,nan,nan,nan,nan,nan,nan,nan,nan,nan,nan,nan,nan,nan,nan,nan,nan,nan,nan,nan,nan,nan,nan,nan,nan,nan,nan,nan,0.0000104904,0.2400081158,inf,inf,inf,inf,inf,inf,inf,inf,inf,inf,inf,inf,inf,inf,15
1779041166.7191219330,0.0420625024,0.0288728047,0.0909840092,-0.0055350897,0.0000000000,0.0000000000,3.2780001163,nan,nan,nan,nan,nan,nan,nan,nan,nan,nan,nan,nan,nan,nan,nan,nan,nan,nan,nan,nan,nan,nan,nan,nan,nan,nan,nan,nan,nan,nan,nan,nan,nan,nan,nan,nan,nan,nan,nan,nan,nan,nan,nan,nan,nan,0.0100779533,0.2500755787,inf,inf,inf,inf,inf,inf,inf,inf,inf,inf,inf,inf,inf,inf,15
1779041166.7290794849,0.0420625024,0.0288728047,0.0909840092,-0.0055350897,0.0000000000,0.0000000000,3.2780001163,nan,nan,nan,nan,nan,nan,nan,nan,nan,nan,nan,nan,nan,nan,nan,nan,nan,nan,nan,nan,nan,nan,nan,nan,nan,nan,nan,nan,nan,nan,nan,nan,nan,nan,nan,nan,nan,nan,nan,nan,nan,nan,nan,nan,nan,0.0200355053,0.2600331306,inf,inf,inf,inf,inf,inf,inf,inf,inf,inf,inf,inf,inf,inf,15
1779041166.7390928268,0.0420625024,0.0288728047,0.0909840092,-0.0055350897,0.0000000000,0.0000000000,3.2780001163,nan,nan,nan,nan,nan,nan,nan,nan,nan,nan,nan,nan,nan,nan,nan,nan,nan,nan,nan,nan,nan,nan,nan,nan,nan,nan,nan,nan,nan,nan,nan,nan,nan,nan,nan,nan,nan,nan,nan,nan,nan,nan,nan,nan,nan,0.0300488472,0.2700464725,inf,inf,inf,inf,inf,inf,inf,inf,inf,inf,inf,inf,inf,inf,15
1779041166.7490913868,0.0420625024,0.0288728047,0.0909840092,-0.0055350897,0.0000000000,0.0000000000,3.2780001163,nan,nan,nan,nan,nan,nan,nan,nan,nan,nan,nan,nan,nan,nan,nan,nan,nan,nan,nan,nan,nan,nan,nan,nan,nan,nan,nan,nan,nan,nan,nan,nan,nan,nan,nan,nan,nan,nan,nan,nan,nan,nan,nan,nan,nan,0.0400474072,0.2800450325,inf,inf,inf,inf,inf,inf,inf,inf,inf,inf,inf,inf,inf,inf,15
1779041166.7590942383,0.0420654565,0.0288710538,0.0909872055,-0.0055350897,0.0000000000,0.0000000000,3.2780001163,nan,nan,nan,nan,nan,nan,nan,nan,nan,nan,nan,nan,nan,nan,nan,nan,nan,nan,nan,nan,nan,nan,nan,nan,nan,nan,nan,nan,nan,nan,nan,nan,nan,nan,nan,nan,nan,nan,nan,nan,nan,nan,nan,nan,nan,0.0000150204,0.2900478840,inf,inf,inf,inf,inf,inf,inf,inf,inf,inf,inf,inf,inf,inf,15
1779041166.7690908909,0.0420654565,0.0288710538,0.0909872055,-0.0055350897,0.0000000000,0.0000000000,3.2780001163,nan,nan,nan,nan,nan,nan,nan,nan,nan,nan,nan,nan,nan,nan,nan,nan,nan,nan,nan,nan,nan,nan,nan,nan,nan,nan,nan,nan,nan,nan,nan,nan,nan,nan,nan,nan,nan,nan,nan,nan,nan,nan,nan,nan,nan,0.0100116730,0.3000445366,inf,inf,inf,inf,inf,inf,inf,inf,inf,inf,inf,inf,inf,inf,15
1779041166.7791085243,0.0420654565,0.0288710538,0.0909872055,-0.0055350897,0.0000000000,0.0000000000,3.2780001163,nan,nan,nan,nan,nan,nan,nan,nan,nan,nan,nan,nan,nan,nan,nan,nan,nan,nan,nan,nan,nan,nan,nan,nan,nan,nan,nan,nan,nan,nan,nan,nan,nan,nan,nan,nan,nan,nan,nan,nan,nan,nan,nan,nan,nan,0.0200293064,0.3100621700,inf,inf,inf,inf,inf,inf,inf,inf,inf,inf,inf,inf,inf,inf,15
1779041166.7890908718,0.0420654565,0.0288710538,0.0909872055,-0.0055350897,0.0000000000,0.0000000000,3.2780001163,nan,nan,nan,nan,nan,nan,nan,nan,nan,nan,nan,nan,nan,nan,nan,nan,nan,nan,nan,nan,nan,nan,nan,nan,nan,nan,nan,nan,nan,nan,nan,nan,nan,nan,nan,nan,nan,nan,nan,nan,nan,nan,nan,nan,nan,0.0300116539,0.3200445175,inf,inf,inf,inf,inf,inf,inf,inf,inf,inf,inf,inf,inf,inf,15
1779041166.7990798950,0.0420654565,0.0288710538,0.0909872055,-0.0055350897,0.0000000000,0.0000000000,3.2780001163,nan,nan,nan,nan,nan,nan,nan,nan,nan,nan,nan,nan,nan,nan,nan,nan,nan,nan,nan,nan,nan,nan,nan,nan,nan,nan,nan,nan,nan,nan,nan,nan,nan,nan,nan,nan,nan,nan,nan,nan,nan,nan,nan,nan,nan,0.0400006771,0.3300335407,inf,inf,inf,inf,inf,inf,inf,inf,inf,inf,inf,inf,inf,inf,15
1779041166.8090598583,0.0420650914,0.0288722813,0.0909865201,-0.0055350897,0.0000000000,0.0000000000,3.2780001163,nan,nan,nan,nan,nan,nan,nan,nan,nan,nan,nan,nan,nan,nan,nan,nan,nan,nan,nan,nan,nan,nan,nan,nan,nan,nan,nan,nan,nan,nan,nan,nan,nan,nan,nan,nan,nan,nan,nan,nan,nan,nan,nan,nan,nan,0.0000109673,0.3400135040,inf,inf,inf,inf,inf,inf,inf,inf,inf,inf,inf,inf,inf,inf,15
1779041166.8190867901,0.0420650914,0.0288722813,0.0909865201,-0.0055350897,0.0000000000,0.0000000000,3.2780001163,nan,nan,nan,nan,nan,nan,nan,nan,nan,nan,nan,nan,nan,nan,nan,nan,nan,nan,nan,nan,nan,nan,nan,nan,nan,nan,nan,nan,nan,nan,nan,nan,nan,nan,nan,nan,nan,nan,nan,nan,nan,nan,nan,nan,nan,0.0100378990,0.3500404358,inf,inf,inf,inf,inf,inf,inf,inf,inf,inf,inf,inf,inf,inf,15
1779041166.8290784359,0.0420650914,0.0288722813,0.0909865201,-0.0055350897,0.0000000000,0.0000000000,3.2780001163,nan,nan,nan,nan,nan,nan,nan,nan,nan,nan,nan,nan,nan,nan,nan,nan,nan,nan,nan,nan,nan,nan,nan,nan,nan,nan,nan,nan,nan,nan,nan,nan,nan,nan,nan,nan,nan,nan,nan,nan,nan,nan,nan,nan,nan,0.0200295448,0.3600320816,inf,inf,inf,inf,inf,inf,inf,inf,inf,inf,inf,inf,inf,inf,15
1779041166.8390734196,0.0420650914,0.0288722813,0.0909865201,-0.0055350897,0.0000000000,0.0000000000,3.2780001163,nan,nan,nan,nan,nan,nan,nan,nan,nan,nan,nan,nan,nan,nan,nan,nan,nan,nan,nan,nan,nan,nan,nan,nan,nan,nan,nan,nan,nan,nan,nan,nan,nan,nan,nan,nan,nan,nan,nan,nan,nan,nan,nan,nan,nan,0.0300245285,0.3700270653,inf,inf,inf,inf,inf,inf,inf,inf,inf,inf,inf,inf,inf,inf,15
1779041166.8490767479,0.0420650914,0.0288722813,0.0909865201,-0.0055350897,0.0000000000,0.0000000000,3.2780001163,nan,nan,nan,nan,nan,nan,nan,nan,nan,nan,nan,nan,nan,nan,nan,nan,nan,nan,nan,nan,nan,nan,nan,nan,nan,nan,nan,nan,nan,nan,nan,nan,nan,nan,nan,nan,nan,nan,nan,nan,nan,nan,nan,nan,nan,0.0400278568,0.3800303936,inf,inf,inf,inf,inf,inf,inf,inf,inf,inf,inf,inf,inf,inf,15
1779041166.8590612411,0.0420656800,0.0288717654,0.0909852087,-0.0055350897,0.0000000000,0.0000000000,3.2780001163,nan,nan,nan,nan,nan,nan,nan,nan,nan,nan,nan,nan,nan,nan,nan,nan,nan,nan,nan,nan,nan,nan,nan,nan,nan,nan,nan,nan,nan,nan,nan,nan,nan,nan,nan,nan,nan,nan,nan,nan,nan,nan,nan,nan,nan,0.0000114441,0.3900148869,inf,inf,inf,inf,inf,inf,inf,inf,inf,inf,inf,inf,inf,inf,15
1779041166.8690743446,0.0420656800,0.0288717654,0.0909852087,-0.0055350897,0.0000000000,0.0000000000,3.2780001163,nan,nan,nan,nan,nan,nan,nan,nan,nan,nan,nan,nan,nan,nan,nan,nan,nan,nan,nan,nan,nan,nan,nan,nan,nan,nan,nan,nan,nan,nan,nan,nan,nan,nan,nan,nan,nan,nan,nan,nan,nan,nan,nan,nan,nan,0.0100245476,0.4000279903,inf,inf,inf,inf,inf,inf,inf,inf,inf,inf,inf,inf,inf,inf,15
1779041166.8791117668,0.0420656800,0.0288717654,0.0909852087,-0.0055350897,0.0000000000,0.0000000000,3.2780001163,nan,nan,nan,nan,nan,nan,nan,nan,nan,nan,nan,nan,nan,nan,nan,nan,nan,nan,nan,nan,nan,nan,nan,nan,nan,nan,nan,nan,nan,nan,nan,nan,nan,nan,nan,nan,nan,nan,nan,nan,nan,nan,nan,nan,nan,0.0200619698,0.4100654125,inf,inf,inf,inf,inf,inf,inf,inf,inf,inf,inf,inf,inf,inf,15
1779041166.8890912533,0.0420656800,0.0288717654,0.0909852087,-0.0055350897,0.0000000000,0.0000000000,3.2780001163,nan,nan,nan,nan,nan,nan,nan,nan,nan,nan,nan,nan,nan,nan,nan,nan,nan,nan,nan,nan,nan,nan,nan,nan,nan,nan,nan,nan,nan,nan,nan,nan,nan,nan,nan,nan,nan,nan,nan,nan,nan,nan,nan,nan,nan,0.0300414562,0.4200448990,inf,inf,inf,inf,inf,inf,inf,inf,inf,inf,inf,inf,inf,inf,15
1779041166.8991148472,0.0420656800,0.0288717654,0.0909852087,-0.0055350897,0.0000000000,0.0000000000,3.2780001163,nan,nan,nan,nan,nan,nan,nan,nan,nan,nan,nan,nan,nan,nan,nan,nan,nan,nan,nan,nan,nan,nan,nan,nan,nan,nan,nan,nan,nan,nan,nan,nan,nan,nan,nan,nan,nan,nan,nan,nan,nan,nan,nan,nan,nan,0.0400650501,0.4300684929,inf,inf,inf,inf,inf,inf,inf,inf,inf,inf,inf,inf,inf,inf,15
1779041166.9090733528,0.0420647897,0.0288742185,0.0909828171,-0.0055350897,0.0000000000,0.0000000000,3.2780001163,nan,nan,nan,nan,nan,nan,nan,nan,nan,nan,nan,nan,nan,nan,nan,nan,nan,nan,nan,nan,nan,nan,nan,nan,nan,nan,nan,nan,nan,nan,nan,nan,nan,nan,nan,nan,nan,nan,nan,nan,nan,nan,nan,nan,nan,0.0000107288,0.4400269985,inf,inf,inf,inf,inf,inf,inf,inf,inf,inf,inf,inf,inf,inf,15
1779041166.9191179276,0.0420647897,0.0288742185,0.0909828171,-0.0055350897,0.0000000000,0.0000000000,3.2780001163,nan,nan,nan,nan,nan,nan,nan,nan,nan,nan,nan,nan,nan,nan,nan,nan,nan,nan,nan,nan,nan,nan,nan,nan,nan,nan,nan,nan,nan,nan,nan,nan,nan,nan,nan,nan,nan,nan,nan,nan,nan,nan,nan,nan,nan,0.0100553036,0.4500715733,inf,inf,inf,inf,inf,inf,inf,inf,inf,inf,inf,inf,inf,inf,15
1779041166.9291000366,0.0420647897,0.0288742185,0.0909828171,-0.0055350897,0.0000000000,0.0000000000,3.2780001163,nan,nan,nan,nan,nan,nan,nan,nan,nan,nan,nan,nan,nan,nan,nan,nan,nan,nan,nan,nan,nan,nan,nan,nan,nan,nan,nan,nan,nan,nan,nan,nan,nan,nan,nan,nan,nan,nan,nan,nan,nan,nan,nan,nan,nan,0.0200374126,0.4600536823,inf,inf,inf,inf,inf,inf,inf,inf,inf,inf,inf,inf,inf,inf,15
1779041166.9390945435,0.0420647897,0.0288742185,0.0909828171,-0.0055350897,0.0000000000,0.0000000000,3.2780001163,nan,nan,nan,nan,nan,nan,nan,nan,nan,nan,nan,nan,nan,nan,nan,nan,nan,nan,nan,nan,nan,nan,nan,nan,nan,nan,nan,nan,nan,nan,nan,nan,nan,nan,nan,nan,nan,nan,nan,nan,nan,nan,nan,nan,nan,0.0300319195,0.4700481892,inf,inf,inf,inf,inf,inf,inf,inf,inf,inf,inf,inf,inf,inf,15
1779041166.9490821362,0.0420647897,0.0288742185,0.0909828171,-0.0055350897,0.0000000000,0.0000000000,3.2780001163,nan,nan,nan,nan,nan,nan,nan,nan,nan,nan,nan,nan,nan,nan,nan,nan,nan,nan,nan,nan,nan,nan,nan,nan,nan,nan,nan,nan,nan,nan,nan,nan,nan,nan,nan,nan,nan,nan,nan,nan,nan,nan,nan,nan,nan,0.0400195122,0.4800357819,inf,inf,inf,inf,inf,inf,inf,inf,inf,inf,inf,inf,inf,inf,15
1779041166.9590525627,0.0420666412,0.0288716983,0.0909847021,-0.0055350897,0.0000000000,0.0000000000,3.2780001163,nan,nan,nan,nan,nan,nan,nan,nan,nan,nan,nan,nan,nan,nan,nan,nan,nan,nan,nan,nan,nan,nan,nan,nan,nan,nan,nan,nan,nan,nan,nan,nan,nan,nan,nan,nan,nan,nan,nan,nan,nan,nan,nan,nan,nan,0.0000107288,0.4900062084,inf,inf,inf,inf,inf,inf,inf,inf,inf,inf,inf,inf,inf,inf,15
1779041166.9690885544,0.0420666412,0.0288716983,0.0909847021,-0.0055350897,0.0000000000,0.0000000000,3.2780001163,nan,nan,nan,nan,nan,nan,nan,nan,nan,nan,nan,nan,nan,nan,nan,nan,nan,nan,nan,nan,nan,nan,nan,nan,nan,nan,nan,nan,nan,nan,nan,nan,nan,nan,nan,nan,nan,nan,nan,nan,nan,nan,nan,nan,nan,0.0100467205,0.5000422001,inf,inf,inf,inf,inf,inf,inf,inf,inf,inf,inf,inf,inf,inf,15
1779041166.9791104794,0.0420666412,0.0288716983,0.0909847021,-0.0055350897,0.0000000000,0.0000000000,3.2780001163,nan,nan,nan,nan,nan,nan,nan,nan,nan,nan,nan,nan,nan,nan,nan,nan,nan,nan,nan,nan,nan,nan,nan,nan,nan,nan,nan,nan,nan,nan,nan,nan,nan,nan,nan,nan,nan,nan,nan,nan,nan,nan,nan,nan,nan,0.0200686455,0.5100641251,inf,inf,inf,inf,inf,inf,inf,inf,inf,inf,inf,inf,inf,inf,15
1779041166.9890737534,0.0420666412,0.0288716983,0.0909847021,-0.0055350897,0.0000000000,0.0000000000,3.2780001163,nan,nan,nan,nan,nan,nan,nan,nan,nan,nan,nan,nan,nan,nan,nan,nan,nan,nan,nan,nan,nan,nan,nan,nan,nan,nan,nan,nan,nan,nan,nan,nan,nan,nan,nan,nan,nan,nan,nan,nan,nan,nan,nan,nan,nan,0.0300319195,0.5200273991,inf,inf,inf,inf,inf,inf,inf,inf,inf,inf,inf,inf,inf,inf,15
1779041166.9990715981,0.0420666412,0.0288716983,0.0909847021,-0.0055350897,0.0000000000,0.0000000000,3.2780001163,nan,nan,nan,nan,nan,nan,nan,nan,nan,nan,nan,nan,nan,nan,nan,nan,nan,nan,nan,nan,nan,nan,nan,nan,nan,nan,nan,nan,nan,nan,nan,nan,nan,nan,nan,nan,nan,nan,nan,nan,nan,nan,nan,nan,nan,0.0400297642,0.5300252438,inf,inf,inf,inf,inf,inf,inf,inf,inf,inf,inf,inf,inf,inf,15
1779041167.0091035366,0.0420659482,0.0288666300,0.0909851119,-0.0055350897,0.0000000000,0.0000000000,3.2780001163,nan,nan,nan,nan,nan,nan,nan,nan,nan,nan,nan,nan,nan,nan,nan,nan,nan,nan,nan,nan,nan,nan,nan,nan,nan,nan,nan,nan,nan,nan,nan,nan,nan,nan,nan,nan,nan,nan,nan,nan,nan,nan,nan,nan,nan,0.0000114441,0.5400571823,inf,inf,inf,inf,inf,inf,inf,inf,inf,inf,inf,inf,inf,inf,15
1779041167.0190880299,0.0420659482,0.0288666300,0.0909851119,-0.0055350897,0.0000000000,0.0000000000,3.2780001163,nan,nan,nan,nan,nan,nan,nan,nan,nan,nan,nan,nan,nan,nan,nan,nan,nan,nan,nan,nan,nan,nan,nan,nan,nan,nan,nan,nan,nan,nan,nan,nan,nan,nan,nan,nan,nan,nan,nan,nan,nan,nan,nan,nan,nan,0.0099959373,0.5500416756,inf,inf,inf,inf,inf,inf,inf,inf,inf,inf,inf,inf,inf,inf,15
1779041167.0291194916,0.0420659482,0.0288666300,0.0909851119,-0.0055350897,0.0000000000,0.0000000000,3.2780001163,nan,nan,nan,nan,nan,nan,nan,nan,nan,nan,nan,nan,nan,nan,nan,nan,nan,nan,nan,nan,nan,nan,nan,nan,nan,nan,nan,nan,nan,nan,nan,nan,nan,nan,nan,nan,nan,nan,nan,nan,nan,nan,nan,nan,nan,0.0200273991,0.5600731373,inf,inf,inf,inf,inf,inf,inf,inf,inf,inf,inf,inf,inf,inf,15
1779041167.0390834808,0.0420659482,0.0288666300,0.0909851119,-0.0055350897,0.0000000000,0.0000000000,3.2780001163,nan,nan,nan,nan,nan,nan,nan,nan,nan,nan,nan,nan,nan,nan,nan,nan,nan,nan,nan,nan,nan,nan,nan,nan,nan,nan,nan,nan,nan,nan,nan,nan,nan,nan,nan,nan,nan,nan,nan,nan,nan,nan,nan,nan,nan,0.0299913883,0.5700371265,inf,inf,inf,inf,inf,inf,inf,inf,inf,inf,inf,inf,inf,inf,15
1779041167.0491092205,0.0420659482,0.0288666300,0.0909851119,-0.0055350897,0.0000000000,0.0000000000,3.2780001163,nan,nan,nan,nan,nan,nan,nan,nan,nan,nan,nan,nan,nan,nan,nan,nan,nan,nan,nan,nan,nan,nan,nan,nan,nan,nan,nan,nan,nan,nan,nan,nan,nan,nan,nan,nan,nan,nan,nan,nan,nan,nan,nan,nan,nan,0.0400171280,0.5800628662,inf,inf,inf,inf,inf,inf,inf,inf,inf,inf,inf,inf,inf,inf,15
1779041167.0590751171,0.0420700796,0.0288620200,0.0909877941,-0.0055350897,0.0000000000,0.0000000000,3.2780001163,nan,nan,nan,nan,nan,nan,nan,nan,nan,nan,nan,nan,nan,nan,nan,nan,nan,nan,nan,nan,nan,nan,nan,nan,nan,nan,nan,nan,nan,nan,nan,nan,nan,nan,nan,nan,nan,nan,nan,nan,nan,nan,nan,nan,nan,0.0000112057,0.5900287628,inf,inf,inf,inf,inf,inf,inf,inf,inf,inf,inf,inf,inf,inf,15
1779041167.0690991879,0.0420700796,0.0288620200,0.0909877941,-0.0055350897,0.0000000000,0.0000000000,3.2780001163,nan,nan,nan,nan,nan,nan,nan,nan,nan,nan,nan,nan,nan,nan,nan,nan,nan,nan,nan,nan,nan,nan,nan,nan,nan,nan,nan,nan,nan,nan,nan,nan,nan,nan,nan,nan,nan,nan,nan,nan,nan,nan,nan,nan,nan,0.0100352764,0.6000528336,inf,inf,inf,inf,inf,inf,inf,inf,inf,inf,inf,inf,inf,inf,15
1779041167.0791141987,0.0420700796,0.0288620200,0.0909877941,-0.0055350897,0.0000000000,0.0000000000,3.2780001163,nan,nan,nan,nan,nan,nan,nan,nan,nan,nan,nan,nan,nan,nan,nan,nan,nan,nan,nan,nan,nan,nan,nan,nan,nan,nan,nan,nan,nan,nan,nan,nan,nan,nan,nan,nan,nan,nan,nan,nan,nan,nan,nan,nan,nan,0.0200502872,0.6100678444,inf,inf,inf,inf,inf,inf,inf,inf,inf,inf,inf,inf,inf,inf,15
1779041167.0890827179,0.0420700796,0.0288620200,0.0909877941,-0.0055350897,0.0000000000,0.0000000000,3.2780001163,nan,nan,nan,nan,nan,nan,nan,nan,nan,nan,nan,nan,nan,nan,nan,nan,nan,nan,nan,nan,nan,nan,nan,nan,nan,nan,nan,nan,nan,nan,nan,nan,nan,nan,nan,nan,nan,nan,nan,nan,nan,nan,nan,nan,nan,0.0300188065,0.6200363636,inf,inf,inf,inf,inf,inf,inf,inf,inf,inf,inf,inf,inf,inf,15
1779041167.0991022587,0.0420700796,0.0288620200,0.0909877941,-0.0055350897,0.0000000000,0.0000000000,3.2780001163,nan,nan,nan,nan,nan,nan,nan,nan,nan,nan,nan,nan,nan,nan,nan,nan,nan,nan,nan,nan,nan,nan,nan,nan,nan,nan,nan,nan,nan,nan,nan,nan,nan,nan,nan,nan,nan,nan,nan,nan,nan,nan,nan,nan,nan,0.0400383472,0.6300559044,inf,inf,inf,inf,inf,inf,inf,inf,inf,inf,inf,inf,inf,inf,15
1779041167.1090867519,0.0420714356,0.0288607012,0.0909936354,-0.0055350897,0.0000000000,0.0000000000,3.2780001163,nan,nan,nan,nan,nan,nan,nan,nan,nan,nan,nan,nan,nan,nan,nan,nan,nan,nan,nan,nan,nan,nan,nan,nan,nan,nan,nan,nan,nan,nan,nan,nan,nan,nan,nan,nan,nan,nan,nan,nan,nan,nan,nan,nan,nan,0.0000176430,0.6400403976,inf,inf,inf,inf,inf,inf,inf,inf,inf,inf,inf,inf,inf,inf,15
1779041167.1191167831,0.0420714356,0.0288607012,0.0909936354,-0.0055350897,0.0000000000,0.0000000000,3.2780001163,nan,nan,nan,nan,nan,nan,nan,nan,nan,nan,nan,nan,nan,nan,nan,nan,nan,nan,nan,nan,nan,nan,nan,nan,nan,nan,nan,nan,nan,nan,nan,nan,nan,nan,nan,nan,nan,nan,nan,nan,nan,nan,nan,nan,nan,0.0100476742,0.6500704288,inf,inf,inf,inf,inf,inf,inf,inf,inf,inf,inf,inf,inf,inf,15
1779041167.1291365623,0.0420714356,0.0288607012,0.0909936354,-0.0055350897,0.0000000000,0.0000000000,3.2780001163,nan,nan,nan,nan,nan,nan,nan,nan,nan,nan,nan,nan,nan,nan,nan,nan,nan,nan,nan,nan,nan,nan,nan,nan,nan,nan,nan,nan,nan,nan,nan,nan,nan,nan,nan,nan,nan,nan,nan,nan,nan,nan,nan,nan,nan,0.0200674534,0.6600902081,inf,inf,inf,inf,inf,inf,inf,inf,inf,inf,inf,inf,inf,inf,15
1779041167.1391522884,0.0420714356,0.0288607012,0.0909936354,-0.0055350897,0.0000000000,0.0000000000,3.2780001163,nan,nan,nan,nan,nan,nan,nan,nan,nan,nan,nan,nan,nan,nan,nan,nan,nan,nan,nan,nan,nan,nan,nan,nan,nan,nan,nan,nan,nan,nan,nan,nan,nan,nan,nan,nan,nan,nan,nan,nan,nan,nan,nan,nan,nan,0.0300831795,0.6701059341,inf,inf,inf,inf,inf,inf,inf,inf,inf,inf,inf,inf,inf,inf,15
1779041167.1491248608,0.0420714356,0.0288607012,0.0909936354,-0.0055350897,0.0000000000,0.0000000000,3.2780001163,nan,nan,nan,nan,nan,nan,nan,nan,nan,nan,nan,nan,nan,nan,nan,nan,nan,nan,nan,nan,nan,nan,nan,nan,nan,nan,nan,nan,nan,nan,nan,nan,nan,nan,nan,nan,nan,nan,nan,nan,nan,nan,nan,nan,nan,0.0400557518,0.6800785065,inf,inf,inf,inf,inf,inf,inf,inf,inf,inf,inf,inf,inf,inf,15
1779041167.1591370106,0.0420700423,0.0288600568,0.0909939259,-0.0055350897,0.0000000000,0.0000000000,3.2780001163,nan,nan,nan,nan,nan,nan,nan,nan,nan,nan,nan,nan,nan,nan,nan,nan,nan,nan,nan,nan,nan,nan,nan,nan,nan,nan,nan,nan,nan,nan,nan,nan,nan,nan,nan,nan,nan,nan,nan,nan,nan,nan,nan,nan,nan,0.0000202656,0.6900906563,inf,inf,inf,inf,inf,inf,inf,inf,inf,inf,inf,inf,inf,inf,15
1779041167.1691524982,0.0420700423,0.0288600568,0.0909939259,-0.0055350897,0.0000000000,0.0000000000,3.2780001163,nan,nan,nan,nan,nan,nan,nan,nan,nan,nan,nan,nan,nan,nan,nan,nan,nan,nan,nan,nan,nan,nan,nan,nan,nan,nan,nan,nan,nan,nan,nan,nan,nan,nan,nan,nan,nan,nan,nan,nan,nan,nan,nan,nan,nan,0.0100357533,0.7001061440,inf,inf,inf,inf,inf,inf,inf,inf,inf,inf,inf,inf,inf,inf,15
1779041167.1791360378,0.0420700423,0.0288600568,0.0909939259,-0.0055350897,0.0000000000,0.0000000000,3.2780001163,nan,nan,nan,nan,nan,nan,nan,nan,nan,nan,nan,nan,nan,nan,nan,nan,nan,nan,nan,nan,nan,nan,nan,nan,nan,nan,nan,nan,nan,nan,nan,nan,nan,nan,nan,nan,nan,nan,nan,nan,nan,nan,nan,nan,nan,0.0200192928,0.7100896835,inf,inf,inf,inf,inf,inf,inf,inf,inf,inf,inf,inf,inf,inf,15
1779041167.1891312599,0.0420700423,0.0288600568,0.0909939259,-0.0055350897,0.0000000000,0.0000000000,3.2780001163,nan,nan,nan,nan,nan,nan,nan,nan,nan,nan,nan,nan,nan,nan,nan,nan,nan,nan,nan,nan,nan,nan,nan,nan,nan,nan,nan,nan,nan,nan,nan,nan,nan,nan,nan,nan,nan,nan,nan,nan,nan,nan,nan,nan,nan,0.0300145149,0.7200849056,inf,inf,inf,inf,inf,inf,inf,inf,inf,inf,inf,inf,inf,inf,15
1779041167.1991271973,0.0420700423,0.0288600568,0.0909939259,-0.0055350897,0.0000000000,0.0000000000,3.2780001163,nan,nan,nan,nan,nan,nan,nan,nan,nan,nan,nan,nan,nan,nan,nan,nan,nan,nan,nan,nan,nan,nan,nan,nan,nan,nan,nan,nan,nan,nan,nan,nan,nan,nan,nan,nan,nan,nan,nan,nan,nan,nan,nan,nan,nan,0.0400104523,0.7300808430,inf,inf,inf,inf,inf,inf,inf,inf,inf,inf,inf,inf,inf,inf,15
1779041167.2091219425,0.0420686938,0.0288622752,0.0909954756,-0.0055350897,0.0000000000,0.0000000000,3.2780001163,nan,nan,nan,nan,nan,nan,nan,nan,nan,nan,nan,nan,nan,nan,nan,nan,nan,nan,nan,nan,nan,nan,nan,nan,nan,nan,nan,nan,nan,nan,nan,nan,nan,nan,nan,nan,nan,nan,nan,nan,nan,nan,nan,nan,nan,0.0000162125,0.7400755882,inf,inf,inf,inf,inf,inf,inf,inf,inf,inf,inf,inf,inf,inf,15
1779041167.2191028595,0.0420686938,0.0288622752,0.0909954756,-0.0055350897,0.0000000000,0.0000000000,3.2780001163,nan,nan,nan,nan,nan,nan,nan,nan,nan,nan,nan,nan,nan,nan,nan,nan,nan,nan,nan,nan,nan,nan,nan,nan,nan,nan,nan,nan,nan,nan,nan,nan,nan,nan,nan,nan,nan,nan,nan,nan,nan,nan,nan,nan,nan,0.0099971294,0.7500565052,inf,inf,inf,inf,inf,inf,inf,inf,inf,inf,inf,inf,inf,inf,15
1779041167.2290983200,0.0420686938,0.0288622752,0.0909954756,-0.0055350897,0.0000000000,0.0000000000,3.2780001163,nan,nan,nan,nan,nan,nan,nan,nan,nan,nan,nan,nan,nan,nan,nan,nan,nan,nan,nan,nan,nan,nan,nan,nan,nan,nan,nan,nan,nan,nan,nan,nan,nan,nan,nan,nan,nan,nan,nan,nan,nan,nan,nan,nan,nan,0.0199925900,0.7600519657,inf,inf,inf,inf,inf,inf,inf,inf,inf,inf,inf,inf,inf,inf,15
1779041167.2390465736,0.0420686938,0.0288622752,0.0909954756,-0.0055350897,0.0000000000,0.0000000000,3.2780001163,nan,nan,nan,nan,nan,nan,nan,nan,nan,nan,nan,nan,nan,nan,nan,nan,nan,nan,nan,nan,nan,nan,nan,nan,nan,nan,nan,nan,nan,nan,nan,nan,nan,nan,nan,nan,nan,nan,nan,nan,nan,nan,nan,nan,nan,0.0299408436,0.7700002193,inf,inf,inf,inf,inf,inf,inf,inf,inf,inf,inf,inf,inf,inf,15
1779041167.2490568161,0.0420686938,0.0288622752,0.0909954756,-0.0055350897,0.0000000000,0.0000000000,3.2780001163,nan,nan,nan,nan,nan,nan,nan,nan,nan,nan,nan,nan,nan,nan,nan,nan,nan,nan,nan,nan,nan,nan,nan,nan,nan,nan,nan,nan,nan,nan,nan,nan,nan,nan,nan,nan,nan,nan,nan,nan,nan,nan,nan,nan,nan,0.0399510860,0.7800104618,inf,inf,inf,inf,inf,inf,inf,inf,inf,inf,inf,inf,inf,inf,15
1779041167.2590391636,0.0420708619,0.0288633145,0.0909966230,-0.0055350897,0.0000000000,0.0000000000,3.2780001163,nan,nan,nan,nan,nan,nan,nan,nan,nan,nan,nan,nan,nan,nan,nan,nan,nan,nan,nan,nan,nan,nan,nan,nan,nan,nan,nan,nan,nan,nan,nan,nan,nan,nan,nan,nan,nan,nan,nan,nan,nan,nan,nan,nan,nan,0.0000078678,0.7899928093,inf,inf,inf,inf,inf,inf,inf,inf,inf,inf,inf,inf,inf,inf,15
1779041167.2690668106,0.0420708619,0.0288633145,0.0909966230,-0.0055350897,0.0000000000,0.0000000000,3.2780001163,nan,nan,nan,nan,nan,nan,nan,nan,nan,nan,nan,nan,nan,nan,nan,nan,nan,nan,nan,nan,nan,nan,nan,nan,nan,nan,nan,nan,nan,nan,nan,nan,nan,nan,nan,nan,nan,nan,nan,nan,nan,nan,nan,nan,nan,0.0100355148,0.8000204563,inf,inf,inf,inf,inf,inf,inf,inf,inf,inf,inf,inf,inf,inf,15
1779041167.2790439129,0.0420708619,0.0288633145,0.0909966230,-0.0055350897,0.0000000000,0.0000000000,3.2780001163,nan,nan,-0.1000000015,0.0000000000,-0.0399999991,0.0000000000,nan,nan,nan,nan,nan,nan,nan,nan,nan,nan,nan,nan,nan,nan,nan,nan,nan,nan,nan,nan,nan,nan,nan,nan,nan,nan,nan,nan,nan,nan,nan,nan,nan,nan,nan,nan,nan,nan,nan,0.0200126171,0.8099975586,inf,0.0000107288,inf,inf,inf,inf,inf,inf,inf,inf,inf,inf,inf,inf,47
1779041167.2890641689,0.0420708619,0.0288633145,0.0909966230,-0.0055350897,0.0000000000,0.0000000000,3.2780001163,nan,nan,-0.1000000015,0.0000000000,-0.0399999991,0.0000000000,nan,nan,nan,nan,nan,nan,nan,nan,nan,nan,nan,nan,nan,nan,nan,nan,nan,nan,nan,nan,nan,nan,nan,nan,nan,nan,nan,nan,nan,nan,nan,nan,nan,nan,nan,nan,nan,nan,nan,0.0300328732,0.8200178146,inf,0.0100309849,inf,inf,inf,inf,inf,inf,inf,inf,inf,inf,inf,inf,47
1779041167.2990512848,0.0420708619,0.0288633145,0.0909966230,-0.0055350897,0.0000000000,0.0000000000,3.2780001163,nan,nan,-0.1000000015,0.0000000000,-0.0399999991,0.0000000000,nan,nan,nan,nan,nan,nan,nan,nan,nan,nan,nan,nan,nan,nan,nan,nan,nan,nan,nan,nan,nan,nan,nan,nan,nan,nan,nan,nan,nan,nan,nan,nan,nan,nan,nan,nan,nan,nan,nan,0.0400199890,0.8300049305,inf,0.0200181007,inf,inf,inf,inf,inf,inf,inf,inf,inf,inf,inf,inf,47
1779041167.3090288639,0.0420693718,0.0288612861,0.0909962207,-0.0055350897,0.0000000000,0.0000000000,3.2780001163,nan,nan,-0.1000000015,0.0000000000,-0.0399999991,0.0000000000,nan,nan,nan,nan,nan,nan,nan,nan,nan,nan,nan,nan,nan,nan,nan,nan,nan,nan,nan,nan,nan,nan,nan,nan,nan,nan,nan,nan,nan,nan,nan,nan,nan,nan,nan,nan,nan,nan,nan,0.0000092983,0.8399825096,inf,0.0299956799,inf,inf,inf,inf,inf,inf,inf,inf,inf,inf,inf,inf,47
1779041167.3190381527,0.0420693718,0.0288612861,0.0909962207,-0.0055350897,0.0000000000,0.0000000000,3.2780001163,nan,nan,-0.1000000015,0.0000000000,-0.0399999991,0.0000000000,nan,nan,nan,nan,nan,nan,nan,nan,nan,nan,nan,nan,nan,nan,nan,nan,nan,nan,nan,nan,nan,nan,nan,nan,nan,nan,nan,nan,nan,nan,nan,nan,nan,nan,nan,nan,nan,nan,nan,0.0100185871,0.8499917984,inf,0.0400049686,inf,inf,inf,inf,inf,inf,inf,inf,inf,inf,inf,inf,47
1779041167.3290250301,0.0420693718,0.0288612861,0.0909962207,-0.0055350897,0.0000000000,0.0000000000,3.2780001163,nan,nan,-0.1000000015,0.0000000000,-0.0399999991,0.0000000000,nan,nan,nan,nan,nan,nan,nan,nan,nan,nan,nan,nan,nan,nan,nan,nan,nan,nan,nan,nan,nan,nan,nan,nan,nan,nan,nan,nan,nan,nan,nan,nan,nan,nan,nan,nan,nan,nan,nan,0.0200054646,0.8599786758,inf,0.0000081062,inf,inf,inf,inf,inf,inf,inf,inf,inf,inf,inf,inf,47
1779041167.3390614986,0.0420693718,0.0288612861,0.0909962207,-0.0055350897,0.0000000000,0.0000000000,3.2780001163,nan,nan,-0.1000000015,0.0000000000,-0.0399999991,0.0000000000,nan,nan,nan,nan,nan,nan,nan,nan,nan,nan,nan,nan,nan,nan,nan,nan,nan,nan,nan,nan,nan,nan,nan,nan,nan,nan,nan,nan,nan,nan,nan,nan,nan,nan,nan,nan,nan,nan,nan,0.0300419331,0.8700151443,inf,0.0100445747,inf,inf,inf,inf,inf,inf,inf,inf,inf,inf,inf,inf,47
1779041167.3490536213,0.0420693718,0.0288612861,0.0909962207,-0.0055350897,0.0000000000,0.0000000000,3.2780001163,nan,nan,-0.1000000015,0.0000000000,-0.0399999991,0.0000000000,nan,nan,nan,nan,nan,nan,nan,nan,nan,nan,nan,nan,nan,nan,nan,nan,nan,nan,nan,nan,nan,nan,nan,nan,nan,nan,nan,nan,nan,nan,nan,nan,nan,nan,nan,nan,nan,nan,nan,0.0400340557,0.8800072670,inf,0.0200366974,inf,inf,inf,inf,inf,inf,inf,inf,inf,inf,inf,inf,47
1779041167.3590552807,0.0420669429,0.0288630910,0.0909954533,-0.0055350897,0.0000000000,0.0000000000,3.2780001163,nan,nan,-0.1000000015,0.0000000000,-0.0399999991,0.0000000000,nan,nan,nan,nan,nan,nan,nan,nan,nan,nan,nan,nan,nan,nan,nan,nan,nan,nan,nan,nan,nan,nan,nan,nan,nan,nan,nan,nan,nan,nan,nan,nan,nan,nan,nan,nan,nan,nan,nan,0.0000085831,0.8900089264,inf,0.0300383568,inf,inf,inf,inf,inf,inf,inf,inf,inf,inf,inf,inf,47
1779041167.3691120148,0.0420669429,0.0288630910,0.0909954533,-0.0055350897,0.0000000000,0.0000000000,3.2780001163,nan,nan,-0.1000000015,0.0000000000,-0.0399999991,0.0000000000,nan,nan,nan,nan,nan,nan,nan,nan,nan,nan,nan,nan,nan,nan,nan,nan,nan,nan,nan,nan,nan,nan,nan,nan,nan,nan,nan,nan,nan,nan,nan,nan,nan,nan,nan,nan,nan,nan,nan,0.0100653172,0.9000656605,inf,0.0400950909,inf,inf,inf,inf,inf,inf,inf,inf,inf,inf,inf,inf,47
1779041167.3790600300,0.0420669429,0.0288630910,0.0909954533,-0.0055350897,0.0000000000,0.0000000000,3.2780001163,nan,nan,-0.1000000015,0.0000000000,-0.0399999991,0.0000000000,nan,nan,nan,nan,nan,nan,nan,nan,nan,nan,nan,nan,nan,nan,nan,nan,nan,nan,nan,nan,nan,nan,nan,nan,nan,nan,nan,nan,nan,nan,nan,nan,nan,nan,nan,nan,nan,nan,nan,0.0200133324,0.9100136757,inf,0.0000145435,inf,inf,inf,inf,inf,inf,inf,inf,inf,inf,inf,inf,47
1779041167.3890688419,0.0420669429,0.0288630910,0.0909954533,-0.0055350897,0.0000000000,0.0000000000,3.2780001163,nan,nan,-0.1000000015,0.0000000000,-0.0399999991,0.0000000000,nan,nan,nan,nan,nan,nan,nan,nan,nan,nan,nan,nan,nan,nan,nan,nan,nan,nan,nan,nan,nan,nan,nan,nan,nan,nan,nan,nan,nan,nan,nan,nan,nan,nan,nan,nan,nan,nan,nan,0.0300221443,0.9200224876,inf,0.0100233555,inf,inf,inf,inf,inf,inf,inf,inf,inf,inf,inf,inf,47
1779041167.3990750313,0.0420669429,0.0288630910,0.0909954533,-0.0055350897,0.0000000000,0.0000000000,3.2780001163,nan,nan,-0.1000000015,0.0000000000,-0.0399999991,0.0000000000,nan,nan,nan,nan,nan,nan,nan,nan,nan,nan,nan,nan,nan,nan,nan,nan,nan,nan,nan,nan,nan,nan,nan,nan,nan,nan,nan,nan,nan,nan,nan,nan,nan,nan,nan,nan,nan,nan,nan,0.0400283337,0.9300286770,inf,0.0200295448,inf,inf,inf,inf,inf,inf,inf,inf,inf,inf,inf,inf,47
1779041167.4090678692,0.0420603603,0.0288984869,0.0909941271,-0.0055350897,0.0000000000,0.0000000000,3.2780001163,nan,nan,-0.1000000015,0.0000000000,-0.0399999991,0.0000000000,nan,nan,nan,nan,nan,nan,nan,nan,nan,nan,nan,nan,nan,nan,nan,nan,nan,nan,nan,nan,nan,nan,nan,nan,nan,nan,nan,nan,nan,nan,nan,nan,nan,nan,nan,nan,nan,nan,nan,0.0000107288,0.9400215149,inf,0.0300223827,inf,inf,inf,inf,inf,inf,inf,inf,inf,inf,inf,inf,47
1779041167.4190962315,0.0420603603,0.0288984869,0.0909941271,-0.0055350897,0.0000000000,0.0000000000,3.2780001163,nan,nan,-0.1000000015,0.0000000000,-0.0399999991,0.0000000000,nan,nan,nan,nan,nan,nan,nan,nan,nan,nan,nan,nan,nan,nan,nan,nan,nan,nan,nan,nan,nan,nan,nan,nan,nan,nan,nan,nan,nan,nan,nan,nan,nan,nan,nan,nan,nan,nan,nan,0.0100390911,0.9500498772,inf,0.0400507450,inf,inf,inf,inf,inf,inf,inf,inf,inf,inf,inf,inf,47
1779041167.4290285110,0.0420603603,0.0288984869,0.0909941271,-0.0055350897,0.0000000000,0.0000000000,3.2780001163,nan,nan,-0.1000000015,0.0000000000,-0.0399999991,0.0000000000,nan,nan,nan,nan,nan,nan,nan,nan,nan,nan,nan,nan,nan,nan,nan,nan,nan,nan,nan,nan,nan,nan,nan,nan,nan,nan,nan,nan,nan,nan,nan,nan,nan,nan,nan,nan,nan,nan,nan,0.0199713707,0.9599821568,inf,0.0000076294,inf,inf,inf,inf,inf,inf,inf,inf,inf,inf,inf,inf,47
1779041167.4390563965,0.0420603603,0.0288984869,0.0909941271,-0.0055350897,0.0000000000,0.0000000000,3.2780001163,nan,nan,-0.1000000015,0.0000000000,-0.0399999991,0.0000000000,nan,nan,nan,nan,nan,nan,nan,nan,nan,nan,nan,nan,nan,nan,nan,nan,nan,nan,nan,nan,nan,nan,nan,nan,nan,nan,nan,nan,nan,nan,nan,nan,nan,nan,nan,nan,nan,nan,nan,0.0299992561,0.9700100422,inf,0.0100355148,inf,inf,inf,inf,inf,inf,inf,inf,inf,inf,inf,inf,47
1779041167.4496319294,0.0420603603,0.0288984869,0.0909941271,-0.0055350897,0.0000000000,0.0000000000,3.2780001163,nan,nan,-0.1000000015,0.0000000000,-0.0399999991,0.0000000000,nan,nan,nan,nan,nan,nan,nan,nan,nan,nan,nan,nan,nan,nan,nan,nan,nan,nan,nan,nan,nan,nan,nan,nan,nan,nan,nan,nan,nan,nan,nan,nan,nan,nan,nan,nan,nan,nan,nan,0.0405747890,0.9805855751,inf,0.0206110477,inf,inf,inf,inf,inf,inf,inf,inf,inf,inf,inf,inf,47
1779041167.4590797424,0.0420467593,0.0289480202,0.0909939185,-0.0055350897,0.0000000000,0.0000000000,3.2780001163,nan,nan,-0.1000000015,0.0000000000,-0.0399999991,0.0000000000,nan,nan,nan,nan,nan,nan,nan,nan,nan,nan,nan,nan,nan,nan,nan,nan,nan,nan,nan,nan,nan,nan,nan,nan,nan,nan,nan,nan,nan,nan,nan,nan,nan,nan,nan,nan,nan,nan,nan,0.0000121593,0.9900333881,inf,0.0300588608,inf,inf,inf,inf,inf,inf,inf,inf,inf,inf,inf,inf,47
1779041167.4690661430,0.0420467593,0.0289480202,0.0909939185,-0.0055350897,0.0000000000,0.0000000000,3.1089999676,nan,nan,-0.1000000015,0.0000000000,-0.0399999991,0.0000000000,nan,nan,nan,nan,nan,nan,nan,nan,nan,nan,nan,nan,nan,nan,nan,nan,nan,nan,nan,nan,nan,nan,nan,nan,nan,nan,nan,nan,nan,nan,nan,nan,nan,nan,nan,nan,nan,nan,nan,0.0099985600,0.0000107288,inf,0.0400452614,inf,inf,inf,inf,inf,inf,inf,inf,inf,inf,inf,inf,47
1779041167.4790616035,0.0420467593,0.0289480202,0.0909939185,-0.0055350897,0.0000000000,0.0000000000,3.1089999676,nan,nan,-0.1000000015,0.0000000000,-0.0399999991,0.0000000000,nan,nan,nan,nan,nan,nan,nan,nan,nan,nan,nan,nan,nan,nan,nan,nan,nan,nan,nan,nan,nan,nan,nan,nan,nan,nan,nan,nan,nan,nan,nan,nan,nan,nan,nan,nan,nan,nan,nan,0.0199940205,0.0100061893,inf,0.0000116825,inf,inf,inf,inf,inf,inf,inf,inf,inf,inf,inf,inf,47
1779041167.4890794754,0.0420467593,0.0289480202,0.0909939185,-0.0055350897,0.0000000000,0.0000000000,3.1089999676,nan,nan,-0.1000000015,0.0000000000,-0.0399999991,0.0000000000,nan,nan,nan,nan,nan,nan,nan,nan,nan,nan,nan,nan,nan,nan,nan,nan,nan,nan,nan,nan,nan,nan,nan,nan,nan,nan,nan,nan,nan,nan,nan,nan,nan,nan,nan,nan,nan,nan,nan,0.0300118923,0.0200240612,inf,0.0100295544,inf,inf,inf,inf,inf,inf,inf,inf,inf,inf,inf,inf,47
1779041167.4990792274,0.0420467593,0.0289480202,0.0909939185,-0.0055350897,0.0000000000,0.0000000000,3.1089999676,nan,nan,-0.1000000015,0.0000000000,-0.0399999991,0.0000000000,nan,nan,nan,nan,nan,nan,nan,nan,nan,nan,nan,nan,nan,nan,nan,nan,nan,nan,nan,nan,nan,nan,nan,nan,nan,nan,nan,nan,nan,nan,nan,nan,nan,nan,nan,nan,nan,nan,nan,0.0400116444,0.0300238132,inf,0.0200293064,inf,inf,inf,inf,inf,inf,inf,inf,inf,inf,inf,inf,47
1779041167.5090725422,0.0420500077,0.0289731678,0.0909936577,-0.0055350897,0.0000000000,0.0000000000,3.1089999676,nan,nan,-0.1000000015,0.0000000000,-0.0399999991,0.0000000000,nan,nan,nan,nan,nan,nan,nan,nan,nan,nan,nan,nan,nan,nan,nan,nan,nan,nan,nan,nan,nan,nan,nan,nan,nan,nan,nan,nan,nan,nan,nan,nan,nan,nan,nan,nan,nan,nan,nan,0.0000114441,0.0400171280,inf,0.0300226212,inf,inf,inf,inf,inf,inf,inf,inf,inf,inf,inf,inf,47
1779041167.5191063881,0.0420500077,0.0289731678,0.0909936577,-0.0055350897,0.0000000000,0.0000000000,3.1089999676,nan,nan,-0.1000000015,0.0000000000,-0.0399999991,0.0000000000,nan,nan,nan,nan,nan,nan,nan,nan,nan,nan,nan,nan,nan,nan,nan,nan,nan,nan,nan,nan,nan,nan,nan,nan,nan,nan,nan,nan,nan,nan,nan,nan,nan,nan,nan,nan,nan,nan,nan,0.0100452900,0.0500509739,inf,0.0400564671,inf,inf,inf,inf,inf,inf,inf,inf,inf,inf,inf,inf,47
1779041167.5290520191,0.0420500077,0.0289731678,0.0909936577,-0.0055350897,0.0000000000,0.0000000000,3.1089999676,nan,nan,-0.1000000015,0.0000000000,-0.0399999991,0.0000000000,nan,nan,nan,nan,nan,nan,nan,nan,nan,nan,nan,nan,nan,nan,nan,nan,nan,nan,nan,nan,nan,nan,nan,nan,nan,nan,nan,nan,nan,nan,nan,nan,nan,nan,nan,nan,nan,nan,nan,0.0199909210,0.0599966049,inf,0.0000100136,inf,inf,inf,inf,inf,inf,inf,inf,inf,inf,inf,inf,47
1779041167.5391068459,0.0420500077,0.0289731678,0.0909936577,-0.0055350897,0.0000000000,0.0000000000,3.1089999676,nan,nan,-0.1000000015,0.0000000000,-0.0399999991,0.0000000000,nan,nan,nan,nan,nan,nan,nan,nan,nan,nan,nan,nan,nan,nan,nan,nan,nan,nan,nan,nan,nan,nan,nan,nan,nan,nan,nan,nan,nan,nan,nan,nan,nan,nan,nan,nan,nan,nan,nan,0.0300457478,0.0700514317,inf,0.0100648403,inf,inf,inf,inf,inf,inf,inf,inf,inf,inf,inf,inf,47
1779041167.5490880013,0.0420500077,0.0289731678,0.0909936577,-0.0055350897,0.0000000000,0.0000000000,3.1089999676,nan,nan,-0.1000000015,0.0000000000,-0.0399999991,0.0000000000,nan,nan,nan,nan,nan,nan,nan,nan,nan,nan,nan,nan,nan,nan,nan,nan,nan,nan,nan,nan,nan,nan,nan,nan,nan,nan,nan,nan,nan,nan,nan,nan,nan,nan,nan,nan,nan,nan,nan,0.0400269032,0.0800325871,inf,0.0200459957,inf,inf,inf,inf,inf,inf,inf,inf,inf,inf,inf,inf,47
1779041167.5590946674,0.0420500077,0.0289731678,0.0909936577,-0.0055350897,0.0000000000,0.0000000000,3.1089999676,nan,nan,-0.1000000015,0.0000000000,-0.0399999991,0.0000000000,nan,nan,nan,nan,nan,nan,nan,nan,nan,nan,nan,nan,nan,nan,nan,nan,nan,nan,nan,nan,nan,nan,nan,nan,nan,nan,nan,nan,nan,nan,nan,nan,nan,nan,nan,nan,nan,nan,nan,0.0500335693,0.0900392532,inf,0.0300526619,inf,inf,inf,inf,inf,inf,inf,inf,inf,inf,inf,inf,47
1779041167.5690705776,0.0420474708,0.0290010534,0.0909950063,-0.0055351056,0.0027675316,-0.0000076593,3.1089999676,nan,nan,-0.1000000015,0.0000000000,-0.0399999991,0.0000000000,nan,nan,nan,nan,nan,nan,nan,nan,nan,nan,nan,nan,nan,nan,nan,nan,nan,nan,nan,nan,nan,nan,nan,nan,nan,nan,nan,nan,nan,nan,nan,nan,nan,nan,nan,nan,nan,nan,nan,0.0000107288,0.1000151634,inf,0.0400285721,inf,inf,inf,inf,inf,inf,inf,inf,inf,inf,inf,inf,47
1779041167.5790560246,0.0420474708,0.0290010534,0.0909950063,-0.0055351056,0.0027675316,-0.0000076593,3.1089999676,nan,nan,-0.1000000015,0.0000000000,-0.0399999991,0.0000000000,nan,nan,nan,nan,nan,nan,nan,nan,nan,nan,nan,nan,nan,nan,nan,nan,nan,nan,nan,nan,nan,nan,nan,nan,nan,nan,nan,nan,nan,nan,nan,nan,nan,nan,nan,nan,nan,nan,nan,0.0099961758,0.1100006104,inf,0.0000078678,inf,inf,inf,inf,inf,inf,inf,inf,inf,inf,inf,inf,47
1779041167.5890460014,0.0420474708,0.0290010534,0.0909950063,-0.0055351056,0.0027675316,-0.0000076593,3.1089999676,nan,nan,-0.1000000015,0.0000000000,-0.0399999991,0.0000000000,nan,nan,nan,nan,nan,nan,nan,nan,nan,nan,nan,nan,nan,nan,nan,nan,nan,nan,nan,nan,nan,nan,nan,nan,nan,nan,nan,nan,nan,nan,nan,nan,nan,nan,nan,nan,nan,nan,nan,0.0199861526,0.1199905872,inf,0.0099978447,inf,inf,inf,inf,inf,inf,inf,inf,inf,inf,inf,inf,47
1779041167.5990767479,0.0420474708,0.0290010534,0.0909950063,-0.0055351056,0.0027675316,-0.0000076593,3.1089999676,nan,nan,-0.1000000015,0.0000000000,-0.0399999991,0.0000000000,nan,nan,nan,nan,nan,nan,nan,nan,nan,nan,nan,nan,nan,nan,nan,nan,nan,nan,nan,nan,nan,nan,nan,nan,nan,nan,nan,nan,nan,nan,nan,nan,nan,nan,nan,nan,nan,nan,nan,0.0300168991,0.1300213337,inf,0.0200285912,inf,inf,inf,inf,inf,inf,inf,inf,inf,inf,inf,inf,47
1779041167.6090521812,0.0421044528,0.0289075840,0.0910002515,-0.0055351056,0.0027675316,-0.0000076593,3.1089999676,nan,nan,-0.1000000015,0.0000000000,-0.0399999991,0.0000000000,nan,nan,nan,nan,nan,nan,nan,nan,nan,nan,nan,nan,nan,nan,nan,nan,nan,nan,nan,nan,nan,nan,nan,nan,nan,nan,nan,nan,nan,nan,nan,nan,nan,nan,nan,nan,nan,nan,nan,0.0000112057,0.1399967670,inf,0.0300040245,inf,inf,inf,inf,inf,inf,inf,inf,inf,inf,inf,inf,47
1779041167.6190850735,0.0421044528,0.0289075840,0.0910002515,-0.0055351056,0.0027675316,-0.0000076593,3.1089999676,nan,nan,-0.1000000015,0.0000000000,-0.0399999991,0.0000000000,nan,nan,nan,nan,nan,nan,nan,nan,nan,nan,nan,nan,nan,nan,nan,nan,nan,nan,nan,nan,nan,nan,nan,nan,nan,nan,nan,nan,nan,nan,nan,nan,nan,nan,nan,nan,nan,nan,nan,0.0100440979,0.1500296593,inf,0.0400369167,inf,inf,inf,inf,inf,inf,inf,inf,inf,inf,inf,inf,47
1779041167.6290392876,0.0421044528,0.0289075840,0.0910002515,-0.0055351056,0.0027675316,-0.0000076593,3.1089999676,nan,nan,-0.1000000015,0.0000000000,-0.0399999991,0.0000000000,nan,nan,nan,nan,nan,nan,nan,nan,nan,nan,nan,nan,nan,nan,nan,nan,nan,nan,nan,nan,nan,nan,nan,nan,nan,nan,nan,nan,nan,nan,nan,nan,nan,nan,nan,nan,nan,nan,nan,0.0199983120,0.1599838734,inf,0.0000081062,inf,inf,inf,inf,inf,inf,inf,inf,inf,inf,inf,inf,47
1779041167.6390740871,0.0421044528,0.0289075840,0.0910002515,-0.0055351056,0.0027675316,-0.0000076593,3.1089999676,nan,nan,-0.1000000015,0.0000000000,-0.0399999991,0.0000000000,nan,nan,nan,nan,nan,nan,nan,nan,nan,nan,nan,nan,nan,nan,nan,nan,nan,nan,nan,nan,nan,nan,nan,nan,nan,nan,nan,nan,nan,nan,nan,nan,nan,nan,nan,nan,nan,nan,nan,0.0300331116,0.1700186729,inf,0.0100429058,inf,inf,inf,inf,inf,inf,inf,inf,inf,inf,inf,inf,47
1779041167.6490595341,0.0421044528,0.0289075840,0.0910002515,-0.0055351056,0.0027675316,-0.0000076593,3.1089999676,nan,nan,-0.1000000015,0.0000000000,-0.0399999991,0.0000000000,nan,nan,nan,nan,nan,nan,nan,nan,nan,nan,nan,nan,nan,nan,nan,nan,nan,nan,nan,nan,nan,nan,nan,nan,nan,nan,nan,nan,nan,nan,nan,nan,nan,nan,nan,nan,nan,nan,nan,0.0400185585,0.1800041199,inf,0.0200283527,inf,inf,inf,inf,inf,inf,inf,inf,inf,inf,inf,inf,47
1779041167.6590478420,0.0420367755,0.0290500410,0.0909960940,-0.0055350897,0.0000000000,0.0000000000,3.1089999676,nan,nan,-0.1000000015,0.0000000000,-0.0399999991,0.0000000000,nan,nan,nan,nan,nan,nan,nan,nan,nan,nan,nan,nan,nan,nan,nan,nan,nan,nan,nan,nan,nan,nan,nan,nan,nan,nan,nan,nan,nan,nan,nan,nan,nan,nan,nan,nan,nan,nan,nan,0.0000078678,0.1899924278,inf,0.0300166607,inf,inf,inf,inf,inf,inf,inf,inf,inf,inf,inf,inf,47
1779041167.6690783501,0.0420367755,0.0290500410,0.0909960940,-0.0055350897,0.0000000000,0.0000000000,3.1089999676,nan,nan,-0.1000000015,0.0000000000,-0.0399999991,0.0000000000,nan,nan,nan,nan,nan,nan,nan,nan,nan,nan,nan,nan,nan,nan,nan,nan,nan,nan,nan,nan,nan,nan,nan,nan,nan,nan,nan,nan,nan,nan,nan,nan,nan,nan,nan,nan,nan,nan,nan,0.0100383759,0.2000229359,inf,0.0400471687,inf,inf,inf,inf,inf,inf,inf,inf,inf,inf,inf,inf,47
1779041167.6790587902,0.0420367755,0.0290500410,0.0909960940,-0.0055350897,0.0000000000,0.0000000000,3.1089999676,nan,nan,-0.1000000015,0.0000000000,-0.0399999991,0.0000000000,nan,nan,nan,nan,nan,nan,nan,nan,nan,nan,nan,nan,nan,nan,nan,nan,nan,nan,nan,nan,nan,nan,nan,nan,nan,nan,nan,nan,nan,nan,nan,nan,nan,nan,nan,nan,nan,nan,nan,0.0200188160,0.2100033760,inf,0.0000126362,inf,inf,inf,inf,inf,inf,inf,inf,inf,inf,inf,inf,47
1779041167.6890819073,0.0420367755,0.0290500410,0.0909960940,-0.0055350897,0.0000000000,0.0000000000,3.1089999676,nan,nan,-0.1000000015,0.0000000000,-0.0399999991,0.0000000000,nan,nan,nan,nan,nan,nan,nan,nan,nan,nan,nan,nan,nan,nan,nan,nan,nan,nan,nan,nan,nan,nan,nan,nan,nan,nan,nan,nan,nan,nan,nan,nan,nan,nan,nan,nan,nan,nan,nan,0.0300419331,0.2200264931,inf,0.0100357533,inf,inf,inf,inf,inf,inf,inf,inf,inf,inf,inf,inf,47
1779041167.6990537643,0.0420367755,0.0290500410,0.0909960940,-0.0055350897,0.0000000000,0.0000000000,3.1089999676,nan,nan,-0.1000000015,0.0000000000,-0.0399999991,0.0000000000,nan,nan,nan,nan,nan,nan,nan,nan,nan,nan,nan,nan,nan,nan,nan,nan,nan,nan,nan,nan,nan,nan,nan,nan,nan,nan,nan,nan,nan,nan,nan,nan,nan,nan,nan,nan,nan,nan,nan,0.0400137901,0.2299983501,inf,0.0200076103,inf,inf,inf,inf,inf,inf,inf,inf,inf,inf,inf,inf,47
1779041167.7090659142,0.0420367755,0.0290500410,0.0909960940,-0.0055350897,0.0000000000,0.0000000000,3.1089999676,nan,nan,-0.1000000015,0.0000000000,-0.0399999991,0.0000000000,nan,nan,nan,nan,nan,nan,nan,nan,nan,nan,nan,nan,nan,nan,nan,nan,nan,nan,nan,nan,nan,nan,nan,nan,nan,nan,nan,nan,nan,nan,nan,nan,nan,nan,nan,nan,nan,nan,nan,0.0500259399,0.2400105000,inf,0.0300197601,inf,inf,inf,inf,inf,inf,inf,inf,inf,inf,inf,inf,47
1779041167.7190515995,0.0420359820,0.0290702060,0.0909706652,-0.0055350685,0.0000153186,0.0055350685,3.1089999676,nan,nan,-0.1000000015,0.0000000000,-0.0399999991,0.0000000000,nan,nan,nan,nan,nan,nan,nan,nan,nan,nan,nan,nan,nan,nan,nan,nan,nan,nan,nan,nan,nan,nan,nan,nan,nan,nan,nan,nan,nan,nan,nan,nan,nan,nan,nan,nan,nan,nan,nan,0.0000083447,0.2499961853,inf,0.0400054455,inf,inf,inf,inf,inf,inf,inf,inf,inf,inf,inf,inf,47
1779041167.7290289402,0.0420359820,0.0290702060,0.0909706652,-0.0055350685,0.0000153186,0.0055350685,3.1089999676,nan,nan,-0.1000000015,0.0000000000,-0.0399999991,0.0000000000,nan,nan,nan,nan,nan,nan,nan,nan,nan,nan,nan,nan,nan,nan,nan,nan,nan,nan,nan,nan,nan,nan,nan,nan,nan,nan,nan,nan,nan,nan,nan,nan,nan,nan,nan,nan,nan,nan,nan,0.0099856853,0.2599735260,inf,0.0000078678,inf,inf,inf,inf,inf,inf,inf,inf,inf,inf,inf,inf,47
1779041167.7390558720,0.0420359820,0.0290702060,0.0909706652,-0.0055350685,0.0000153186,0.0055350685,3.1089999676,nan,nan,-0.1000000015,0.0000000000,-0.0399999991,0.0000000000,nan,nan,nan,nan,nan,nan,nan,nan,nan,nan,nan,nan,nan,nan,nan,nan,nan,nan,nan,nan,nan,nan,nan,nan,nan,nan,nan,nan,nan,nan,nan,nan,nan,nan,nan,nan,nan,nan,nan,0.0200126171,0.2700004578,inf,0.0100347996,inf,inf,inf,inf,inf,inf,inf,inf,inf,inf,inf,inf,47
1779041167.7490992546,0.0420359820,0.0290702060,0.0909706652,-0.0055350685,0.0000153186,0.0055350685,3.1089999676,nan,nan,-0.1000000015,0.0000000000,-0.0399999991,0.0000000000,nan,nan,nan,nan,nan,nan,nan,nan,nan,nan,nan,nan,nan,nan,nan,nan,nan,nan,nan,nan,nan,nan,nan,nan,nan,nan,nan,nan,nan,nan,nan,nan,nan,nan,nan,nan,nan,nan,nan,0.0300559998,0.2800438404,inf,0.0200781822,inf,inf,inf,inf,inf,inf,inf,inf,inf,inf,inf,inf,47
1779041167.7590787411,0.0420312621,0.0290813800,0.0909463167,-0.0055350419,0.0000229779,0.0083026155,3.1089999676,nan,nan,-0.1000000015,0.0000000000,-0.0399999991,0.0000000000,nan,nan,nan,nan,nan,nan,nan,nan,nan,nan,nan,nan,nan,nan,nan,nan,nan,nan,nan,nan,nan,nan,nan,nan,nan,nan,nan,nan,nan,nan,nan,nan,nan,nan,nan,nan,nan,nan,nan,0.0000135899,0.2900233269,inf,0.0300576687,inf,inf,inf,inf,inf,inf,inf,inf,inf,inf,inf,inf,47
1779041167.7690949440,0.0420312621,0.0290813800,0.0909463167,-0.0055350419,0.0000229779,0.0083026155,3.1089999676,nan,nan,-0.1000000015,0.0000000000,-0.0399999991,0.0000000000,nan,nan,nan,nan,nan,nan,nan,nan,nan,nan,nan,nan,nan,nan,nan,nan,nan,nan,nan,nan,nan,nan,nan,nan,nan,nan,nan,nan,nan,nan,nan,nan,nan,nan,nan,nan,nan,nan,nan,0.0100297928,0.3000395298,inf,0.0400738716,inf,inf,inf,inf,inf,inf,inf,inf,inf,inf,inf,inf,47
1779041167.7790503502,0.0420312621,0.0290813800,0.0909463167,-0.0055350419,0.0000229779,0.0083026155,3.1089999676,nan,nan,-0.1000000015,0.0000000000,-0.0399999991,0.0000000000,nan,nan,nan,nan,nan,nan,nan,nan,nan,nan,nan,nan,nan,nan,nan,nan,nan,nan,nan,nan,nan,nan,nan,nan,nan,nan,nan,nan,nan,nan,nan,nan,nan,nan,nan,nan,nan,nan,nan,0.0199851990,0.3099949360,inf,0.0000109673,inf,inf,inf,inf,inf,inf,inf,inf,inf,inf,inf,inf,47
1779041167.7891159058,0.0420312621,0.0290813800,0.0909463167,-0.0055350419,0.0000229779,0.0083026155,3.1089999676,nan,nan,-0.1000000015,0.0000000000,-0.0399999991,0.0000000000,nan,nan,nan,nan,nan,nan,nan,nan,nan,nan,nan,nan,nan,nan,nan,nan,nan,nan,nan,nan,nan,nan,nan,nan,nan,nan,nan,nan,nan,nan,nan,nan,nan,nan,nan,nan,nan,nan,nan,0.0300507545,0.3200604916,inf,0.0100765228,inf,inf,inf,inf,inf,inf,inf,inf,inf,inf,inf,inf,47
1779041167.7991092205,0.0420312621,0.0290813800,0.0909463167,-0.0055350419,0.0000229779,0.0083026155,3.1089999676,nan,nan,-0.1000000015,0.0000000000,-0.0399999991,0.0000000000,nan,nan,nan,nan,nan,nan,nan,nan,nan,nan,nan,nan,nan,nan,nan,nan,nan,nan,nan,nan,nan,nan,nan,nan,nan,nan,nan,nan,nan,nan,nan,nan,nan,nan,nan,nan,nan,nan,nan,0.0400440693,0.3300538063,inf,0.0200698376,inf,inf,inf,inf,inf,inf,inf,inf,inf,inf,inf,inf,47
1779041167.8091490269,0.0420312621,0.0290813800,0.0909463167,-0.0055350419,0.0000229779,0.0083026155,3.1089999676,nan,nan,-0.1000000015,0.0000000000,-0.0399999991,0.0000000000,nan,nan,nan,nan,nan,nan,nan,nan,nan,nan,nan,nan,nan,nan,nan,nan,nan,nan,nan,nan,nan,nan,nan,nan,nan,nan,nan,nan,nan,nan,nan,nan,nan,nan,nan,nan,nan,nan,nan,0.0500838757,0.3400936127,inf,0.0301096439,inf,inf,inf,inf,inf,inf,inf,inf,inf,inf,inf,inf,47
1779041167.8191428185,0.0422824807,0.0275464486,0.0912717208,-0.0055965364,-0.0110393709,0.0111013254,3.1089999676,nan,nan,-0.1000000015,0.0000000000,-0.0399999991,0.0000000000,nan,nan,nan,nan,nan,nan,nan,nan,nan,nan,nan,nan,nan,nan,nan,nan,nan,nan,nan,nan,nan,nan,nan,nan,nan,nan,nan,nan,nan,nan,nan,nan,nan,nan,nan,nan,nan,nan,nan,0.0000207424,0.3500874043,inf,0.0401034355,inf,inf,inf,inf,inf,inf,inf,inf,inf,inf,inf,inf,47
1779041167.8291516304,0.0422824807,0.0275464486,0.0912717208,-0.0055965364,-0.0110393709,0.0111013254,3.1089999676,nan,nan,-0.1000000015,0.0000000000,-0.0399999991,0.0000000000,nan,nan,nan,nan,nan,nan,nan,nan,nan,nan,nan,nan,nan,nan,nan,nan,nan,nan,nan,nan,nan,nan,nan,nan,nan,nan,nan,nan,nan,nan,nan,nan,nan,nan,nan,nan,nan,nan,nan,0.0100295544,0.3600962162,inf,0.0000185966,inf,inf,inf,inf,inf,inf,inf,inf,inf,inf,inf,inf,47
1779041167.8391172886,0.0422824807,0.0275464486,0.0912717208,-0.0055965364,-0.0110393709,0.0111013254,3.1089999676,nan,nan,-0.1000000015,0.0000000000,-0.0399999991,0.0000000000,nan,nan,nan,nan,nan,nan,nan,nan,nan,nan,nan,nan,nan,nan,nan,nan,nan,nan,nan,nan,nan,nan,nan,nan,nan,nan,nan,nan,nan,nan,nan,nan,nan,nan,nan,nan,nan,nan,nan,0.0199952126,0.3700618744,inf,0.0099842548,inf,inf,inf,inf,inf,inf,inf,inf,inf,inf,inf,inf,47
1779041167.8491113186,0.0422824807,0.0275464486,0.0912717208,-0.0055965364,-0.0110393709,0.0111013254,3.1089999676,nan,nan,-0.1000000015,0.0000000000,-0.0399999991,0.0000000000,nan,nan,nan,nan,nan,nan,nan,nan,nan,nan,nan,nan,nan,nan,nan,nan,nan,nan,nan,nan,nan,nan,nan,nan,nan,nan,nan,nan,nan,nan,nan,nan,nan,nan,nan,nan,nan,nan,nan,0.0299892426,0.3800559044,inf,0.0199782848,inf,inf,inf,inf,inf,inf,inf,inf,inf,inf,inf,inf,47
1779041167.8591623306,0.0401632302,0.0280683767,0.0925284028,-0.0057476061,-0.0304049697,0.0139268583,3.1089999676,nan,nan,-0.1000000015,0.0000000000,-0.0399999991,0.0000000000,nan,nan,nan,nan,nan,nan,nan,nan,nan,nan,nan,nan,nan,nan,nan,nan,nan,nan,nan,nan,nan,nan,nan,nan,nan,nan,nan,nan,nan,nan,nan,nan,nan,nan,nan,nan,nan,nan,nan,0.0000178814,0.3901069164,inf,0.0300292969,inf,inf,inf,inf,inf,inf,inf,inf,inf,inf,inf,inf,47
1779041167.8691072464,0.0401632302,0.0280683767,0.0925284028,-0.0057476061,-0.0304049697,0.0139268583,3.1089999676,nan,nan,-0.1000000015,0.0000000000,-0.0399999991,0.0000000000,nan,nan,nan,nan,nan,nan,nan,nan,nan,nan,nan,nan,nan,nan,nan,nan,nan,nan,nan,nan,nan,nan,nan,nan,nan,nan,nan,nan,nan,nan,nan,nan,nan,nan,nan,nan,nan,nan,nan,0.0099627972,0.4000518322,inf,0.0399742126,inf,inf,inf,inf,inf,inf,inf,inf,inf,inf,inf,inf,47
1779041167.8790926933,0.0401632302,0.0280683767,0.0925284028,-0.0057476061,-0.0304049697,0.0139268583,3.1089999676,nan,nan,-0.1000000015,0.0000000000,-0.0399999991,0.0000000000,nan,nan,nan,nan,nan,nan,nan,nan,nan,nan,nan,nan,nan,nan,nan,nan,nan,nan,nan,nan,nan,nan,nan,nan,nan,nan,nan,nan,nan,nan,nan,nan,nan,nan,nan,nan,nan,nan,nan,0.0199482441,0.4100372791,inf,0.0000169277,inf,inf,inf,inf,inf,inf,inf,inf,inf,inf,inf,inf,47
1779041167.8891112804,0.0401632302,0.0280683767,0.0925284028,-0.0057476061,-0.0304049697,0.0139268583,3.1089999676,nan,nan,-0.1000000015,0.0000000000,-0.0399999991,0.0000000000,nan,nan,nan,nan,nan,nan,nan,nan,nan,nan,nan,nan,nan,nan,nan,nan,nan,nan,nan,nan,nan,nan,nan,nan,nan,nan,nan,nan,nan,nan,nan,nan,nan,nan,nan,nan,nan,nan,nan,0.0299668312,0.4200558662,inf,0.0100355148,inf,inf,inf,inf,inf,inf,inf,inf,inf,inf,inf,inf,47
1779041167.8991289139,0.0401632302,0.0280683767,0.0925284028,-0.0057476061,-0.0304049697,0.0139268583,3.1089999676,nan,nan,-0.1000000015,0.0000000000,-0.0399999991,0.0000000000,nan,nan,nan,nan,nan,nan,nan,nan,nan,nan,nan,nan,nan,nan,nan,nan,nan,nan,nan,nan,nan,nan,nan,nan,nan,nan,nan,nan,nan,nan,nan,nan,nan,nan,nan,nan,nan,nan,nan,0.0399844646,0.4300734997,inf,0.0200531483,inf,inf,inf,inf,inf,inf,inf,inf,inf,inf,inf,inf,47
1779041167.9091410637,0.0401632302,0.0280683767,0.0925284028,-0.0057476061,-0.0304049697,0.0139268583,3.1089999676,nan,nan,-0.1000000015,0.0000000000,-0.0399999991,0.0000000000,nan,nan,nan,nan,nan,nan,nan,nan,nan,nan,nan,nan,nan,nan,nan,nan,nan,nan,nan,nan,nan,nan,nan,nan,nan,nan,nan,nan,nan,nan,nan,nan,nan,nan,nan,nan,nan,nan,nan,0.0499966145,0.4400856495,inf,0.0300652981,inf,inf,inf,inf,inf,inf,inf,inf,inf,inf,inf,inf,47
1779041167.9191515446,0.0383921228,0.0290749148,0.0930325463,-0.0060607480,-0.0469881298,0.0222894135,3.1089999676,nan,nan,-0.1000000015,0.0000000000,-0.0399999991,0.0000000000,nan,nan,nan,nan,nan,nan,nan,nan,nan,nan,nan,nan,nan,nan,nan,nan,nan,nan,nan,nan,nan,nan,nan,nan,nan,nan,nan,nan,nan,nan,nan,nan,nan,nan,nan,nan,nan,nan,nan,0.0000185966,0.4500961304,inf,0.0400757790,inf,inf,inf,inf,inf,inf,inf,inf,inf,inf,inf,inf,47
1779041167.9291043282,0.0383921228,0.0290749148,0.0930325463,-0.0060607480,-0.0469881298,0.0222894135,3.1089999676,nan,nan,-0.1000000015,0.0000000000,-0.0399999991,0.0000000000,nan,nan,nan,nan,nan,nan,nan,nan,nan,nan,nan,nan,nan,nan,nan,nan,nan,nan,nan,nan,nan,nan,nan,nan,nan,nan,nan,nan,nan,nan,nan,nan,nan,nan,nan,nan,nan,nan,nan,0.0099713802,0.4600489140,inf,0.0000154972,inf,inf,inf,inf,inf,inf,inf,inf,inf,inf,inf,inf,47
1779041167.9391188622,0.0383921228,0.0290749148,0.0930325463,-0.0060607480,-0.0469881298,0.0222894135,3.1089999676,nan,nan,-0.1000000015,0.0000000000,-0.0399999991,0.0000000000,nan,nan,nan,nan,nan,nan,nan,nan,nan,nan,nan,nan,nan,nan,nan,nan,nan,nan,nan,nan,nan,nan,nan,nan,nan,nan,nan,nan,nan,nan,nan,nan,nan,nan,nan,nan,nan,nan,nan,0.0199859142,0.4700634480,inf,0.0100300312,inf,inf,inf,inf,inf,inf,inf,inf,inf,inf,inf,inf,47
1779041167.9490892887,0.0383921228,0.0290749148,0.0930325463,-0.0060607480,-0.0469881298,0.0222894135,3.1089999676,nan,nan,-0.1000000015,0.0000000000,-0.0399999991,0.0000000000,nan,nan,nan,nan,nan,nan,nan,nan,nan,nan,nan,nan,nan,nan,nan,nan,nan,nan,nan,nan,nan,nan,nan,nan,nan,nan,nan,nan,nan,nan,nan,nan,nan,nan,nan,nan,nan,nan,nan,0.0299563408,0.4800338745,inf,0.0200004578,inf,inf,inf,inf,inf,inf,inf,inf,inf,inf,inf,inf,47
1779041167.9590818882,0.0376193747,0.0291053969,0.0929827169,-0.0062689306,-0.0525074014,0.0278505945,3.1089999676,nan,nan,-0.1000000015,0.0000000000,-0.0399999991,0.0000000000,nan,nan,nan,nan,nan,nan,nan,nan,nan,nan,nan,nan,nan,nan,nan,nan,nan,nan,nan,nan,nan,nan,nan,nan,nan,nan,nan,nan,nan,nan,nan,nan,nan,nan,nan,nan,nan,nan,nan,0.0000152588,0.4900264740,inf,0.0299930573,inf,inf,inf,inf,inf,inf,inf,inf,inf,inf,inf,inf,47
1779041167.9691267014,0.0376193747,0.0291053969,0.0929827169,-0.0062689306,-0.0525074014,0.0278505945,3.1089999676,nan,nan,-0.1000000015,0.0000000000,-0.0399999991,0.0000000000,nan,nan,nan,nan,nan,nan,nan,nan,nan,nan,nan,nan,nan,nan,nan,nan,nan,nan,nan,nan,nan,nan,nan,nan,nan,nan,nan,nan,nan,nan,nan,nan,nan,nan,nan,nan,nan,nan,nan,0.0100600719,0.5000712872,inf,0.0400378704,inf,inf,inf,inf,inf,inf,inf,inf,inf,inf,inf,inf,47
1779041167.9791073799,0.0376193747,0.0291053969,0.0929827169,-0.0062689306,-0.0525074014,0.0278505945,3.1089999676,nan,nan,-0.1000000015,0.0000000000,0.1599999964,0.0000000000,nan,nan,nan,nan,nan,nan,nan,nan,nan,nan,nan,nan,nan,nan,nan,nan,nan,nan,nan,nan,nan,nan,nan,nan,nan,nan,nan,nan,nan,nan,nan,nan,nan,nan,nan,nan,nan,nan,nan,0.0200407505,0.5100519657,inf,0.0000152588,inf,inf,inf,inf,inf,inf,inf,inf,inf,inf,inf,inf,47
1779041167.9891152382,0.0376193747,0.0291053969,0.0929827169,-0.0062689306,-0.0525074014,0.0278505945,3.1089999676,nan,nan,-0.1000000015,0.0000000000,0.1599999964,0.0000000000,nan,nan,nan,nan,nan,nan,nan,nan,nan,nan,nan,nan,nan,nan,nan,nan,nan,nan,nan,nan,nan,nan,nan,nan,nan,nan,nan,nan,nan,nan,nan,nan,nan,nan,nan,nan,nan,nan,nan,0.0300486088,0.5200598240,inf,0.0100231171,inf,inf,inf,inf,inf,inf,inf,inf,inf,inf,inf,inf,47
1779041167.9990963936,0.0376193747,0.0291053969,0.0929827169,-0.0062689306,-0.0525074014,0.0278505945,3.1089999676,nan,nan,-0.1000000015,0.0000000000,0.1599999964,0.0000000000,nan,nan,nan,nan,nan,nan,nan,nan,nan,nan,nan,nan,nan,nan,nan,nan,nan,nan,nan,nan,nan,nan,nan,nan,nan,nan,nan,nan,nan,nan,nan,nan,nan,nan,nan,nan,nan,nan,nan,0.0400297642,0.5300409794,inf,0.0200042725,inf,inf,inf,inf,inf,inf,inf,inf,inf,inf,inf,inf,47
1779041168.0090994835,0.0376193747,0.0291053969,0.0929827169,-0.0062689306,-0.0525074014,0.0278505945,3.1089999676,nan,nan,-0.1000000015,0.0000000000,0.1599999964,0.0000000000,nan,nan,nan,nan,nan,nan,nan,nan,nan,nan,nan,nan,nan,nan,nan,nan,nan,nan,nan,nan,nan,nan,nan,nan,nan,nan,nan,nan,nan,nan,nan,nan,nan,nan,nan,nan,nan,nan,nan,0.0500328541,0.5400440693,inf,0.0300073624,inf,inf,inf,inf,inf,inf,inf,inf,inf,inf,inf,inf,47
1779041168.0190441608,0.0364595540,0.0291024484,0.0929364413,-0.0037899831,-0.0525257185,0.0388609983,3.1089999676,nan,nan,-0.1000000015,0.0000000000,0.1599999964,0.0000000000,nan,nan,nan,nan,nan,nan,nan,nan,nan,nan,nan,nan,nan,nan,nan,nan,nan,nan,nan,nan,nan,nan,nan,nan,nan,nan,nan,nan,nan,nan,nan,nan,nan,nan,nan,nan,nan,nan,nan,0.0000107288,0.5499887466,inf,0.0399520397,inf,inf,inf,inf,inf,inf,inf,inf,inf,inf,inf,inf,47
1779041168.0290834904,0.0364595540,0.0291024484,0.0929364413,-0.0037899831,-0.0525257185,0.0388609983,3.1089999676,nan,nan,-0.1000000015,0.0000000000,0.1599999964,0.0000000000,nan,nan,nan,nan,nan,nan,nan,nan,nan,nan,nan,nan,nan,nan,nan,nan,nan,nan,nan,nan,nan,nan,nan,nan,nan,nan,nan,nan,nan,nan,nan,nan,nan,nan,nan,nan,nan,nan,nan,0.0100500584,0.5600280762,inf,0.0000095367,inf,inf,inf,inf,inf,inf,inf,inf,inf,inf,inf,inf,47
1779041168.0390653610,0.0364595540,0.0291024484,0.0929364413,-0.0037899831,-0.0525257185,0.0388609983,3.1089999676,nan,nan,-0.1000000015,0.0000000000,0.1599999964,0.0000000000,nan,nan,nan,nan,nan,nan,nan,nan,nan,nan,nan,nan,nan,nan,nan,nan,nan,nan,nan,nan,nan,nan,nan,nan,nan,nan,nan,nan,nan,nan,nan,nan,nan,nan,nan,nan,nan,nan,nan,0.0200319290,0.5700099468,inf,0.0099914074,inf,inf,inf,inf,inf,inf,inf,inf,inf,inf,inf,inf,47
1779041168.0490579605,0.0364595540,0.0291024484,0.0929364413,-0.0037899831,-0.0525257185,0.0388609983,3.1089999676,nan,nan,-0.1000000015,0.0000000000,0.1599999964,0.0000000000,nan,nan,nan,nan,nan,nan,nan,nan,nan,nan,nan,nan,nan,nan,nan,nan,nan,nan,nan,nan,nan,nan,nan,nan,nan,nan,nan,nan,nan,nan,nan,nan,nan,nan,nan,nan,nan,nan,nan,0.0300245285,0.5800025463,inf,0.0199840069,inf,inf,inf,inf,inf,inf,inf,inf,inf,inf,inf,inf,47
1779041168.0590956211,0.0340523235,0.0286081806,0.0939289033,-0.0049893825,-0.0884933870,0.0500907762,3.1089999676,nan,nan,-0.1000000015,0.0000000000,0.1599999964,0.0000000000,nan,nan,nan,nan,nan,nan,nan,nan,nan,nan,nan,nan,nan,nan,nan,nan,nan,nan,nan,nan,nan,nan,nan,nan,nan,nan,nan,nan,nan,nan,nan,nan,nan,nan,nan,nan,nan,nan,nan,0.0000114441,0.5900402069,inf,0.0300216675,inf,inf,inf,inf,inf,inf,inf,inf,inf,inf,inf,inf,47
1779041168.0690586567,0.0340523235,0.0286081806,0.0939289033,-0.0049893825,-0.0884933870,0.0500907762,3.1089999676,nan,nan,-0.1000000015,0.0000000000,0.1599999964,0.0000000000,nan,nan,nan,nan,nan,nan,nan,nan,nan,nan,nan,nan,nan,nan,nan,nan,nan,nan,nan,nan,nan,nan,nan,nan,nan,nan,nan,nan,nan,nan,nan,nan,nan,nan,nan,nan,nan,nan,nan,0.0099744797,0.6000032425,inf,0.0399847031,inf,inf,inf,inf,inf,inf,inf,inf,inf,inf,inf,inf,47
1779041168.0790531635,0.0340523235,0.0286081806,0.0939289033,-0.0049893825,-0.0884933870,0.0500907762,3.1089999676,nan,nan,-0.1000000015,0.0000000000,0.1599999964,0.0000000000,nan,nan,nan,nan,nan,nan,nan,nan,nan,nan,nan,nan,nan,nan,nan,nan,nan,nan,nan,nan,nan,nan,nan,nan,nan,nan,nan,nan,nan,nan,nan,nan,nan,nan,nan,nan,nan,nan,nan,0.0199689865,0.6099977493,inf,0.0000081062,inf,inf,inf,inf,inf,inf,inf,inf,inf,inf,inf,inf,47
1779041168.0890498161,0.0340523235,0.0286081806,0.0939289033,-0.0049893825,-0.0884933870,0.0500907762,3.1089999676,nan,nan,-0.1000000015,0.0000000000,0.1599999964,0.0000000000,nan,nan,nan,nan,nan,nan,nan,nan,nan,nan,nan,nan,nan,nan,nan,nan,nan,nan,nan,nan,nan,nan,nan,nan,nan,nan,nan,nan,nan,nan,nan,nan,nan,nan,nan,nan,nan,nan,nan,0.0299656391,0.6199944019,inf,0.0100047588,inf,inf,inf,inf,inf,inf,inf,inf,inf,inf,inf,inf,47
1779041168.0991230011,0.0340523235,0.0286081806,0.0939289033,-0.0049893825,-0.0884933870,0.0500907762,3.1089999676,nan,nan,-0.1000000015,0.0000000000,0.1599999964,0.0000000000,nan,nan,nan,nan,nan,nan,nan,nan,nan,nan,nan,nan,nan,nan,nan,nan,nan,nan,nan,nan,nan,nan,nan,nan,nan,nan,nan,nan,nan,nan,nan,nan,nan,nan,nan,nan,nan,nan,nan,0.0400388241,0.6300675869,inf,0.0200779438,inf,inf,inf,inf,inf,inf,inf,inf,inf,inf,inf,inf,47
1779041168.1090433598,0.0298343394,0.0275830533,0.0962404683,0.0036469835,-0.1470020148,0.0635681777,3.1089999676,nan,nan,-0.1000000015,0.0000000000,0.1599999964,0.0000000000,nan,nan,nan,nan,nan,nan,nan,nan,nan,nan,nan,nan,nan,nan,nan,nan,nan,nan,nan,nan,nan,nan,nan,nan,nan,nan,nan,nan,nan,nan,nan,nan,nan,nan,nan,nan,nan,nan,nan,0.0000104904,0.6399879456,inf,0.0299983025,inf,inf,inf,inf,inf,inf,inf,inf,inf,inf,inf,inf,47
1779041168.1190803051,0.0298343394,0.0275830533,0.0962404683,0.0036469835,-0.1470020148,0.0635681777,3.1089999676,nan,nan,-0.1000000015,0.0000000000,0.1599999964,0.0000000000,nan,nan,nan,nan,nan,nan,nan,nan,nan,nan,nan,nan,nan,nan,nan,nan,nan,nan,nan,nan,nan,nan,nan,nan,nan,nan,nan,nan,nan,nan,nan,nan,nan,nan,nan,nan,nan,nan,nan,0.0100474358,0.6500248909,inf,0.0400352478,inf,inf,inf,inf,inf,inf,inf,inf,inf,inf,inf,inf,47
1779041168.1290416718,0.0298343394,0.0275830533,0.0962404683,0.0036469835,-0.1470020148,0.0635681777,3.1089999676,nan,nan,-0.1000000015,0.0000000000,0.3600000143,0.0000000000,nan,nan,nan,nan,nan,nan,nan,nan,nan,nan,nan,nan,nan,nan,nan,nan,nan,nan,nan,nan,nan,nan,nan,nan,nan,nan,nan,nan,nan,nan,nan,nan,nan,nan,nan,nan,nan,nan,nan,0.0200088024,0.6599862576,inf,0.0000100136,inf,inf,inf,inf,inf,inf,inf,inf,inf,inf,inf,inf,47
1779041168.1390612125,0.0298343394,0.0275830533,0.0962404683,0.0036469835,-0.1470020148,0.0635681777,3.1089999676,nan,nan,-0.1000000015,0.0000000000,0.3600000143,0.0000000000,nan,nan,nan,nan,nan,nan,nan,nan,nan,nan,nan,nan,nan,nan,nan,nan,nan,nan,nan,nan,nan,nan,nan,nan,nan,nan,nan,nan,nan,nan,nan,nan,nan,nan,nan,nan,nan,nan,nan,0.0300283432,0.6700057983,inf,0.0100295544,inf,inf,inf,inf,inf,inf,inf,inf,inf,inf,inf,inf,47
1779041168.1491186619,0.0298343394,0.0275830533,0.0962404683,0.0036469835,-0.1470020148,0.0635681777,3.1089999676,nan,nan,-0.1000000015,0.0000000000,0.3600000143,0.0000000000,nan,nan,nan,nan,nan,nan,nan,nan,nan,nan,nan,nan,nan,nan,nan,nan,nan,nan,nan,nan,nan,nan,nan,nan,nan,nan,nan,nan,nan,nan,nan,nan,nan,nan,nan,nan,nan,nan,nan,0.0400857925,0.6800632477,inf,0.0200870037,inf,inf,inf,inf,inf,inf,inf,inf,inf,inf,inf,inf,47
1779041168.1590797901,0.0217755623,0.0269237142,0.0980734229,0.0270232737,-0.1812040416,0.0698194543,3.1089999676,nan,nan,-0.1000000015,0.0000000000,0.3600000143,0.0000000000,nan,nan,nan,nan,nan,nan,nan,nan,nan,nan,nan,nan,nan,nan,nan,nan,nan,nan,nan,nan,nan,nan,nan,nan,nan,nan,nan,nan,nan,nan,nan,nan,nan,nan,nan,nan,nan,nan,nan,0.0000112057,0.6900243759,inf,0.0300481319,inf,inf,inf,inf,inf,inf,inf,inf,inf,inf,inf,inf,47
1779041168.1690788269,0.0217755623,0.0269237142,0.0980734229,0.0270232737,-0.1812040416,0.0698194543,3.1089999676,nan,nan,-0.1000000015,0.0000000000,0.3600000143,0.0000000000,nan,nan,nan,nan,nan,nan,nan,nan,nan,nan,nan,nan,nan,nan,nan,nan,nan,nan,nan,nan,nan,nan,nan,nan,nan,nan,nan,nan,nan,nan,nan,nan,nan,nan,nan,nan,nan,nan,nan,0.0100102425,0.7000234127,inf,0.0400471687,inf,inf,inf,inf,inf,inf,inf,inf,inf,inf,inf,inf,47
1779041168.1790733337,0.0217755623,0.0269237142,0.0980734229,0.0270232737,-0.1812040416,0.0698194543,3.1089999676,nan,nan,-0.1000000015,0.0000000000,0.3600000143,0.0000000000,nan,nan,nan,nan,nan,nan,nan,nan,nan,nan,nan,nan,nan,nan,nan,nan,nan,nan,nan,nan,nan,nan,nan,nan,nan,nan,nan,nan,nan,nan,nan,nan,nan,nan,nan,nan,nan,nan,nan,0.0200047493,0.7100179195,inf,0.0000095367,inf,inf,inf,inf,inf,inf,inf,inf,inf,inf,inf,inf,47
1779041168.1890869141,0.0217755623,0.0269237142,0.0980734229,0.0270232737,-0.1812040416,0.0698194543,3.1089999676,nan,nan,-0.1000000015,0.0000000000,0.3600000143,0.0000000000,nan,nan,nan,nan,nan,nan,nan,nan,nan,nan,nan,nan,nan,nan,nan,nan,nan,nan,nan,nan,nan,nan,nan,nan,nan,nan,nan,nan,nan,nan,nan,nan,nan,nan,nan,nan,nan,nan,nan,0.0300183296,0.7200314999,inf,0.0100231171,inf,inf,inf,inf,inf,inf,inf,inf,inf,inf,inf,inf,47
1779041168.1990599632,0.0217755623,0.0269237142,0.0980734229,0.0270232737,-0.1812040416,0.0698194543,3.1089999676,nan,nan,-0.1000000015,0.0000000000,0.3600000143,0.0000000000,nan,nan,nan,nan,nan,nan,nan,nan,nan,nan,nan,nan,nan,nan,nan,nan,nan,nan,nan,nan,nan,nan,nan,nan,nan,nan,nan,nan,nan,nan,nan,nan,nan,nan,nan,nan,nan,nan,nan,0.0399913788,0.7300045490,inf,0.0199961662,inf,inf,inf,inf,inf,inf,inf,inf,inf,inf,inf,inf,47
1779041168.2091040611,0.0106622884,0.0246180296,0.1008519530,0.0453848544,-0.1959545455,0.0762261860,3.1089999676,nan,nan,-0.1000000015,0.0000000000,0.3600000143,0.0000000000,nan,nan,nan,nan,nan,nan,nan,nan,nan,nan,nan,nan,nan,nan,nan,nan,nan,nan,nan,nan,nan,nan,nan,nan,nan,nan,nan,nan,nan,nan,nan,nan,nan,nan,nan,nan,nan,nan,nan,0.0000133514,0.7400486469,inf,0.0300402641,inf,inf,inf,inf,inf,inf,inf,inf,inf,inf,inf,inf,47
1779041168.2190985680,0.0106622884,0.0246180296,0.1008519530,0.0453848544,-0.1959545455,0.0762261860,3.1089999676,nan,nan,-0.1000000015,0.0000000000,0.3600000143,0.0000000000,nan,nan,nan,nan,nan,nan,nan,nan,nan,nan,nan,nan,nan,nan,nan,nan,nan,nan,nan,nan,nan,nan,nan,nan,nan,nan,nan,nan,nan,nan,nan,nan,nan,nan,nan,nan,nan,nan,nan,0.0100078583,0.7500431538,inf,0.0400347710,inf,inf,inf,inf,inf,inf,inf,inf,inf,inf,inf,inf,47
1779041168.2290639877,0.0106622884,0.0246180296,0.1008519530,0.0453848544,-0.1959545455,0.0762261860,3.1089999676,nan,nan,-0.1000000015,0.0000000000,0.3600000143,0.0000000000,nan,nan,nan,nan,nan,nan,nan,nan,nan,nan,nan,nan,nan,nan,nan,nan,nan,nan,nan,nan,nan,nan,nan,nan,nan,nan,nan,nan,nan,nan,nan,nan,nan,nan,nan,nan,nan,nan,nan,0.0199732780,0.7600085735,inf,0.0000104904,inf,inf,inf,inf,inf,inf,inf,inf,inf,inf,inf,inf,47
1779041168.2390711308,0.0106622884,0.0246180296,0.1008519530,0.0453848544,-0.1959545455,0.0762261860,3.1089999676,nan,nan,-0.1000000015,0.0000000000,0.3600000143,0.0000000000,nan,nan,nan,nan,nan,nan,nan,nan,nan,nan,nan,nan,nan,nan,nan,nan,nan,nan,nan,nan,nan,nan,nan,nan,nan,nan,nan,nan,nan,nan,nan,nan,nan,nan,nan,nan,nan,nan,nan,0.0299804211,0.7700157166,inf,0.0100176334,inf,inf,inf,inf,inf,inf,inf,inf,inf,inf,inf,inf,47
1779041168.2491075993,0.0106622884,0.0246180296,0.1008519530,0.0453848544,-0.1959545455,0.0762261860,3.1089999676,nan,nan,-0.1000000015,0.0000000000,0.3600000143,0.0000000000,nan,nan,nan,nan,nan,nan,nan,nan,nan,nan,nan,nan,nan,nan,nan,nan,nan,nan,nan,nan,nan,nan,nan,nan,nan,nan,nan,nan,nan,nan,nan,nan,nan,nan,nan,nan,nan,nan,nan,0.0400168896,0.7800521851,inf,0.0200541019,inf,inf,inf,inf,inf,inf,inf,inf,inf,inf,inf,inf,47
1779041168.2590537071,-0.0053289980,0.0206106566,0.1075398624,0.0377165885,-0.1816948480,0.0744090971,3.1089999676,nan,nan,-0.1000000015,0.0000000000,0.3600000143,0.0000000000,nan,nan,nan,nan,nan,nan,nan,nan,nan,nan,nan,nan,nan,nan,nan,nan,nan,nan,nan,nan,nan,nan,nan,nan,nan,nan,nan,nan,nan,nan,nan,nan,nan,nan,nan,nan,nan,nan,nan,0.0000104904,0.7899982929,inf,0.0300002098,inf,inf,inf,inf,inf,inf,inf,inf,inf,inf,inf,inf,47
1779041168.2690453529,-0.0053289980,0.0206106566,0.1075398624,0.0377165885,-0.1816948480,0.0744090971,3.1089999676,nan,nan,-0.1000000015,0.0000000000,0.3600000143,0.0000000000,nan,nan,nan,nan,nan,nan,nan,nan,nan,nan,nan,nan,nan,nan,nan,nan,nan,nan,nan,nan,nan,nan,nan,nan,nan,nan,nan,nan,nan,nan,nan,nan,nan,nan,nan,nan,nan,nan,nan,0.0100021362,0.7999899387,inf,0.0399918556,inf,inf,inf,inf,inf,inf,inf,inf,inf,inf,inf,inf,47
1779041168.2790589333,-0.0053289980,0.0206106566,0.1075398624,0.0377165885,-0.1816948480,0.0744090971,3.1089999676,nan,nan,-0.1000000015,0.0000000000,0.3600000143,0.0000000000,nan,nan,nan,nan,nan,nan,nan,nan,nan,nan,nan,nan,nan,nan,nan,nan,nan,nan,nan,nan,nan,nan,nan,nan,nan,nan,nan,nan,nan,nan,nan,nan,nan,nan,nan,nan,nan,nan,nan,0.0200157166,0.8100035191,inf,0.0000109673,inf,inf,inf,inf,inf,inf,inf,inf,inf,inf,inf,inf,47
1779041168.2890558243,-0.0053289980,0.0206106566,0.1075398624,0.0377165885,-0.1816948480,0.0744090971,3.1089999676,nan,nan,-0.1000000015,0.0000000000,0.3600000143,0.0000000000,nan,nan,nan,nan,nan,nan,nan,nan,nan,nan,nan,nan,nan,nan,nan,nan,nan,nan,nan,nan,nan,nan,nan,nan,nan,nan,nan,nan,nan,nan,nan,nan,nan,nan,nan,nan,nan,nan,nan,0.0300126076,0.8200004101,inf,0.0100078583,inf,inf,inf,inf,inf,inf,inf,inf,inf,inf,inf,inf,47
1779041168.2990679741,-0.0053289980,0.0206106566,0.1075398624,0.0377165885,-0.1816948480,0.0744090971,3.1089999676,nan,nan,-0.1000000015,0.0000000000,0.3600000143,0.0000000000,nan,nan,nan,nan,nan,nan,nan,nan,nan,nan,nan,nan,nan,nan,nan,nan,nan,nan,nan,nan,nan,nan,nan,nan,nan,nan,nan,nan,nan,nan,nan,nan,nan,nan,nan,nan,nan,nan,nan,0.0400247574,0.8300125599,inf,0.0200200081,inf,inf,inf,inf,inf,inf,inf,inf,inf,inf,inf,inf,47
1779041168.3090496063,-0.0053289980,0.0206106566,0.1075398624,0.0377165885,-0.1816948480,0.0744090971,3.1089999676,nan,nan,-0.1000000015,0.0000000000,0.3600000143,0.0000000000,nan,nan,nan,nan,nan,nan,nan,nan,nan,nan,nan,nan,nan,nan,nan,nan,nan,nan,nan,nan,nan,nan,nan,nan,nan,nan,nan,nan,nan,nan,nan,nan,nan,nan,nan,nan,nan,nan,nan,0.0500063896,0.8399941921,inf,0.0300016403,inf,inf,inf,inf,inf,inf,inf,inf,inf,inf,inf,inf,47
1779041168.3190798759,-0.0053289980,0.0206106566,0.1075398624,0.0377165885,-0.1816948480,0.0744090971,3.1089999676,nan,nan,-0.1000000015,0.0000000000,0.3600000143,0.0000000000,nan,nan,nan,nan,nan,nan,nan,nan,nan,nan,nan,nan,nan,nan,nan,nan,nan,nan,nan,nan,nan,nan,nan,nan,nan,nan,nan,nan,nan,nan,nan,nan,nan,nan,nan,nan,nan,nan,nan,0.0600366592,0.8500244617,inf,0.0400319099,inf,inf,inf,inf,inf,inf,inf,inf,inf,inf,inf,inf,47
1779041168.3290536404,-0.0053289980,0.0206106566,0.1075398624,0.0377165885,-0.1816948480,0.0744090971,3.1089999676,nan,nan,-0.1000000015,0.0000000000,0.3600000143,0.0000000000,nan,nan,nan,nan,nan,nan,nan,nan,nan,nan,nan,nan,nan,nan,nan,nan,nan,nan,nan,nan,nan,nan,nan,nan,nan,nan,nan,nan,nan,nan,nan,nan,nan,nan,nan,nan,nan,nan,nan,0.0700104237,0.8599982262,inf,0.0000092983,inf,inf,inf,inf,inf,inf,inf,inf,inf,inf,inf,inf,47
1779041168.3390634060,-0.0053289980,0.0206106566,0.1075398624,0.0377165885,-0.1816948480,0.0744090971,3.1089999676,nan,nan,-0.1000000015,0.0000000000,0.3600000143,0.0000000000,nan,nan,nan,nan,nan,nan,nan,nan,nan,nan,nan,nan,nan,nan,nan,nan,nan,nan,nan,nan,nan,nan,nan,nan,nan,nan,nan,nan,nan,nan,nan,nan,nan,nan,nan,nan,nan,nan,nan,0.0800201893,0.8700079918,inf,0.0100190639,inf,inf,inf,inf,inf,inf,inf,inf,inf,inf,inf,inf,47
1779041168.3490843773,-0.0053289980,0.0206106566,0.1075398624,0.0377165885,-0.1816948480,0.0744090971,3.1089999676,nan,nan,-0.1000000015,0.0000000000,0.3600000143,0.0000000000,nan,nan,nan,nan,nan,nan,nan,nan,nan,nan,nan,nan,nan,nan,nan,nan,nan,nan,nan,nan,nan,nan,nan,nan,nan,nan,nan,nan,nan,nan,nan,nan,nan,nan,nan,nan,nan,nan,nan,0.0900411606,0.8800289631,inf,0.0200400352,inf,inf,inf,inf,inf,inf,inf,inf,inf,inf,inf,inf,47
1779041168.3590779305,-0.0053289980,0.0206106566,0.1075398624,0.0377165885,-0.1816948480,0.0744090971,3.1089999676,nan,nan,-0.1000000015,0.0000000000,0.3600000143,0.0000000000,nan,nan,nan,nan,nan,nan,nan,nan,nan,nan,nan,nan,nan,nan,nan,nan,nan,nan,nan,nan,nan,nan,nan,nan,nan,nan,nan,nan,nan,nan,nan,nan,nan,nan,nan,nan,nan,nan,nan,0.1000347137,0.8900225163,inf,0.0300335884,inf,inf,inf,inf,inf,inf,inf,inf,inf,inf,inf,inf,47
1779041168.3690638542,-0.0053289980,0.0206106566,0.1075398624,0.0377165885,-0.1816948480,0.0744090971,3.1089999676,nan,nan,-0.1000000015,0.0000000000,0.3600000143,0.0000000000,nan,nan,nan,nan,nan,nan,nan,nan,nan,nan,nan,nan,nan,nan,nan,nan,nan,nan,nan,nan,nan,nan,nan,nan,nan,nan,nan,nan,nan,nan,nan,nan,nan,nan,nan,nan,nan,nan,nan,0.1100206375,0.9000084400,inf,0.0400195122,inf,inf,inf,inf,inf,inf,inf,inf,inf,inf,inf,inf,47
1779041168.3790962696,-0.0053289980,0.0206106566,0.1075398624,0.0377165885,-0.1816948480,0.0744090971,3.1089999676,nan,nan,-0.1000000015,0.0000000000,0.3600000143,0.0000000000,nan,nan,nan,nan,nan,nan,nan,nan,nan,nan,nan,nan,nan,nan,nan,nan,nan,nan,nan,nan,nan,nan,nan,nan,nan,nan,nan,nan,nan,nan,nan,nan,nan,nan,nan,nan,nan,nan,nan,0.1200530529,0.9100408554,inf,0.0000126362,inf,inf,inf,inf,inf,inf,inf,inf,inf,inf,inf,inf,47
1779041168.3890771866,-0.0053289980,0.0206106566,0.1075398624,0.0377165885,-0.1816948480,0.0744090971,3.1089999676,nan,nan,-0.1000000015,0.0000000000,0.3600000143,0.0000000000,nan,nan,nan,nan,nan,nan,nan,nan,nan,nan,nan,nan,nan,nan,nan,nan,nan,nan,nan,nan,nan,nan,nan,nan,nan,nan,nan,nan,nan,nan,nan,nan,nan,nan,nan,nan,nan,nan,nan,0.1300339699,0.9200217724,inf,0.0099935532,inf,inf,inf,inf,inf,inf,inf,inf,inf,inf,inf,inf,47
1779041168.3990592957,-0.0053289980,0.0206106566,0.1075398624,0.0377165885,-0.1816948480,0.0744090971,3.1089999676,nan,nan,-0.1000000015,0.0000000000,0.3600000143,0.0000000000,nan,nan,nan,nan,nan,nan,nan,nan,nan,nan,nan,nan,nan,nan,nan,nan,nan,nan,nan,nan,nan,nan,nan,nan,nan,nan,nan,nan,nan,nan,nan,nan,nan,nan,nan,nan,nan,nan,nan,0.1400160789,0.9300038815,inf,0.0199756622,inf,inf,inf,inf,inf,inf,inf,inf,inf,inf,inf,inf,47
1779041168.4090595245,-0.0053289980,0.0206106566,0.1075398624,0.0377165885,-0.1816948480,0.0744090971,3.1089999676,nan,nan,-0.1000000015,0.0000000000,0.3600000143,0.0000000000,nan,nan,nan,nan,nan,nan,nan,nan,nan,nan,nan,nan,nan,nan,nan,nan,nan,nan,nan,nan,nan,nan,nan,nan,nan,nan,nan,nan,nan,nan,nan,nan,nan,nan,nan,nan,nan,nan,nan,0.1500163078,0.9400041103,inf,0.0299758911,inf,inf,inf,inf,inf,inf,inf,inf,inf,inf,inf,inf,47
1779041168.4190697670,-0.0053289980,0.0206106566,0.1075398624,0.0377165885,-0.1816948480,0.0744090971,3.1089999676,nan,nan,-0.1000000015,0.0000000000,0.3600000143,0.0000000000,nan,nan,nan,nan,nan,nan,nan,nan,nan,nan,nan,nan,nan,nan,nan,nan,nan,nan,nan,nan,nan,nan,nan,nan,nan,nan,nan,nan,nan,nan,nan,nan,nan,nan,nan,nan,nan,nan,nan,0.1600265503,0.9500143528,inf,0.0399861336,inf,inf,inf,inf,inf,inf,inf,inf,inf,inf,inf,inf,47
1779041168.4290540218,-0.0053289980,0.0206106566,0.1075398624,0.0377165885,-0.1816948480,0.0744090971,3.1089999676,nan,nan,-0.1000000015,0.0000000000,0.3600000143,0.0000000000,nan,nan,nan,nan,nan,nan,nan,nan,nan,nan,nan,nan,nan,nan,nan,nan,nan,nan,nan,nan,nan,nan,nan,nan,nan,nan,nan,nan,nan,nan,nan,nan,nan,nan,nan,nan,nan,nan,nan,0.1700108051,0.9599986076,inf,0.0000081062,inf,inf,inf,inf,inf,inf,inf,inf,inf,inf,inf,inf,47
1779041168.4390575886,-0.0053289980,0.0206106566,0.1075398624,0.0377165885,-0.1816948480,0.0744090971,3.1089999676,nan,nan,-0.1000000015,0.0000000000,0.3600000143,0.0000000000,nan,nan,nan,nan,nan,nan,nan,nan,nan,nan,nan,nan,nan,nan,nan,nan,nan,nan,nan,nan,nan,nan,nan,nan,nan,nan,nan,nan,nan,nan,nan,nan,nan,nan,nan,nan,nan,nan,nan,0.1800143719,0.9700021744,inf,0.0100116730,inf,inf,inf,inf,inf,inf,inf,inf,inf,inf,inf,inf,47
1779041168.4490504265,-0.0053289980,0.0206106566,0.1075398624,0.0377165885,-0.1816948480,0.0744090971,3.1089999676,nan,nan,-0.1000000015,0.0000000000,0.3600000143,0.0000000000,nan,nan,nan,nan,nan,nan,nan,nan,nan,nan,nan,nan,nan,nan,nan,nan,nan,nan,nan,nan,nan,nan,nan,nan,nan,nan,nan,nan,nan,nan,nan,nan,nan,nan,nan,nan,nan,nan,nan,0.1900072098,0.9799950123,inf,0.0200045109,inf,inf,inf,inf,inf,inf,inf,inf,inf,inf,inf,inf,47
1779041168.4590814114,-0.0053289980,0.0206106566,0.1075398624,0.0377165885,-0.1816948480,0.0744090971,3.1089999676,nan,nan,-0.1000000015,0.0000000000,0.3600000143,0.0000000000,nan,nan,nan,nan,nan,nan,nan,nan,nan,nan,nan,nan,nan,nan,nan,nan,nan,nan,nan,nan,nan,nan,nan,nan,nan,nan,nan,nan,nan,nan,nan,nan,nan,nan,nan,nan,nan,nan,nan,0.2000381947,0.9900259972,inf,0.0300354958,inf,inf,inf,inf,inf,inf,inf,inf,inf,inf,inf,inf,47
1779041168.4690644741,-0.0053289980,0.0206106566,0.1075398624,0.0377165885,-0.1816948480,0.0744090971,3.1089999676,nan,nan,-0.1000000015,0.0000000000,0.3600000143,0.0000000000,nan,nan,nan,nan,nan,nan,nan,nan,nan,nan,nan,nan,nan,nan,nan,nan,nan,nan,nan,nan,nan,nan,nan,nan,nan,nan,nan,nan,nan,nan,nan,nan,nan,nan,nan,nan,nan,nan,nan,0.2100212574,1.0000090599,inf,0.0400185585,inf,inf,inf,inf,inf,inf,inf,inf,inf,inf,inf,inf,47
1779041168.4790668488,-0.0053289980,0.0206106566,0.1075398624,0.0377165885,-0.1816948480,0.0744090971,3.1089999676,nan,nan,-0.1000000015,0.0000000000,0.3600000143,0.0000000000,nan,nan,nan,nan,nan,nan,nan,nan,nan,nan,nan,nan,nan,nan,nan,nan,nan,nan,nan,nan,nan,nan,nan,nan,nan,nan,nan,nan,nan,nan,nan,nan,nan,nan,nan,nan,nan,nan,nan,0.2200236320,1.0100114346,inf,0.0000085831,inf,inf,inf,inf,inf,inf,inf,inf,inf,inf,inf,inf,47
1779041168.4890794754,-0.0053289980,0.0206106566,0.1075398624,0.0377165885,-0.1816948480,0.0744090971,3.1089999676,nan,nan,-0.1000000015,0.0000000000,0.3600000143,0.0000000000,nan,nan,nan,nan,nan,nan,nan,nan,nan,nan,nan,nan,nan,nan,nan,nan,nan,nan,nan,nan,nan,nan,nan,nan,nan,nan,nan,nan,nan,nan,nan,nan,nan,nan,nan,nan,nan,nan,nan,0.2300362587,1.0200240612,inf,0.0100212097,inf,inf,inf,inf,inf,inf,inf,inf,inf,inf,inf,inf,47
1779041168.4990763664,-0.0053289980,0.0206106566,0.1075398624,0.0377165885,-0.1816948480,0.0744090971,3.1089999676,nan,nan,-0.1000000015,0.0000000000,0.3600000143,0.0000000000,nan,nan,nan,nan,nan,nan,nan,nan,nan,nan,nan,nan,nan,nan,nan,nan,nan,nan,nan,nan,nan,nan,nan,nan,nan,nan,nan,nan,nan,nan,nan,nan,nan,nan,nan,nan,nan,nan,nan,0.2400331497,1.0300209522,inf,0.0200181007,inf,inf,inf,inf,inf,inf,inf,inf,inf,inf,inf,inf,47
1779041168.5091049671,-0.0053289980,0.0206106566,0.1075398624,0.0377165885,-0.1816948480,0.0744090971,3.1089999676,nan,nan,-0.1000000015,0.0000000000,0.3600000143,0.0000000000,nan,nan,nan,nan,nan,nan,nan,nan,nan,nan,nan,nan,nan,nan,nan,nan,nan,nan,nan,nan,nan,nan,nan,nan,nan,nan,nan,nan,nan,nan,nan,nan,nan,nan,nan,nan,nan,nan,nan,0.2500617504,1.0400495529,inf,0.0300467014,inf,inf,inf,inf,inf,inf,inf,inf,inf,inf,inf,inf,47
1779041168.5190892220,-0.0053289980,0.0206106566,0.1075398624,0.0377165885,-0.1816948480,0.0744090971,3.1089999676,nan,nan,-0.1000000015,0.0000000000,0.3600000143,0.0000000000,nan,nan,nan,nan,nan,nan,nan,nan,nan,nan,nan,nan,nan,nan,nan,nan,nan,nan,nan,nan,nan,nan,nan,nan,nan,nan,nan,nan,nan,nan,nan,nan,nan,nan,nan,nan,nan,nan,nan,0.2600460052,1.0500338078,inf,0.0400309563,inf,inf,inf,inf,inf,inf,inf,inf,inf,inf,inf,inf,47
1779041168.5290827751,-0.0053289980,0.0206106566,0.1075398624,0.0377165885,-0.1816948480,0.0744090971,3.1089999676,nan,nan,-0.1000000015,0.0000000000,0.3600000143,0.0000000000,nan,nan,nan,nan,nan,nan,nan,nan,nan,nan,nan,nan,nan,nan,nan,nan,nan,nan,nan,nan,nan,nan,nan,nan,nan,nan,nan,nan,nan,nan,nan,nan,nan,nan,nan,nan,nan,nan,nan,0.2700395584,1.0600273609,inf,0.0000114441,inf,inf,inf,inf,inf,inf,inf,inf,inf,inf,inf,inf,47
1779041168.5390858650,-0.0053289980,0.0206106566,0.1075398624,0.0377165885,-0.1816948480,0.0744090971,3.1089999676,nan,nan,-0.1000000015,0.0000000000,0.3600000143,0.0000000000,nan,nan,nan,nan,nan,nan,nan,nan,nan,nan,nan,nan,nan,nan,nan,nan,nan,nan,nan,nan,nan,nan,nan,nan,nan,nan,nan,nan,nan,nan,nan,nan,nan,nan,nan,nan,nan,nan,nan,0.2800426483,1.0700304508,inf,0.0100145340,inf,inf,inf,inf,inf,inf,inf,inf,inf,inf,inf,inf,47
1779041168.5491075516,-0.0053289980,0.0206106566,0.1075398624,0.0377165885,-0.1816948480,0.0744090971,3.1089999676,nan,nan,-0.1000000015,0.0000000000,0.3600000143,0.0000000000,nan,nan,nan,nan,nan,nan,nan,nan,nan,nan,nan,nan,nan,nan,nan,nan,nan,nan,nan,nan,nan,nan,nan,nan,nan,nan,nan,nan,nan,nan,nan,nan,nan,nan,nan,nan,nan,nan,nan,0.2900643349,1.0800521374,inf,0.0200362206,inf,inf,inf,inf,inf,inf,inf,inf,inf,inf,inf,inf,47
1779041168.5590794086,-0.0053289980,0.0206106566,0.1075398624,0.0377165885,-0.1816948480,0.0744090971,3.1089999676,nan,nan,-0.1000000015,0.0000000000,0.3600000143,0.0000000000,nan,nan,nan,nan,nan,nan,nan,nan,nan,nan,nan,nan,nan,nan,nan,nan,nan,nan,nan,nan,nan,nan,nan,nan,nan,nan,nan,nan,nan,nan,nan,nan,nan,nan,nan,nan,nan,nan,nan,0.3000361919,1.0900239944,inf,0.0300080776,inf,inf,inf,inf,inf,inf,inf,inf,inf,inf,inf,inf,47
1779041168.5690751076,-0.0053289980,0.0206106566,0.1075398624,0.0377165885,-0.1816948480,0.0744090971,3.1089999676,nan,nan,-0.1000000015,0.0000000000,0.3600000143,0.0000000000,nan,nan,nan,nan,nan,nan,nan,nan,nan,nan,nan,nan,nan,nan,nan,nan,nan,nan,nan,nan,nan,nan,nan,nan,nan,nan,nan,nan,nan,nan,nan,nan,nan,nan,nan,nan,nan,nan,nan,0.3100318909,1.1000196934,inf,0.0400037766,inf,inf,inf,inf,inf,inf,inf,inf,inf,inf,inf,inf,47
1779041168.5790729523,-0.0053289980,0.0206106566,0.1075398624,0.0377165885,-0.1816948480,0.0744090971,3.1089999676,nan,nan,-0.1000000015,0.0000000000,0.3600000143,0.0000000000,nan,nan,nan,nan,nan,nan,nan,nan,nan,nan,nan,nan,nan,nan,nan,nan,nan,nan,nan,nan,nan,nan,nan,nan,nan,nan,nan,nan,nan,nan,nan,nan,nan,nan,nan,nan,nan,nan,nan,0.3200297356,1.1100175381,inf,0.0000102520,inf,inf,inf,inf,inf,inf,inf,inf,inf,inf,inf,inf,47
1779041168.5890765190,-0.0053289980,0.0206106566,0.1075398624,0.0377165885,-0.1816948480,0.0744090971,3.1089999676,nan,nan,-0.1000000015,0.0000000000,0.3600000143,0.0000000000,nan,nan,nan,nan,nan,nan,nan,nan,nan,nan,nan,nan,nan,nan,nan,nan,nan,nan,nan,nan,nan,nan,nan,nan,nan,nan,nan,nan,nan,nan,nan,nan,nan,nan,nan,nan,nan,nan,nan,0.3300333023,1.1200211048,inf,0.0100138187,inf,inf,inf,inf,inf,inf,inf,inf,inf,inf,inf,inf,47
1779041168.5990817547,-0.0053289980,0.0206106566,0.1075398624,0.0377165885,-0.1816948480,0.0744090971,3.1089999676,nan,nan,-0.1000000015,0.0000000000,0.3600000143,0.0000000000,nan,nan,nan,nan,nan,nan,nan,nan,nan,nan,nan,nan,nan,nan,nan,nan,nan,nan,nan,nan,nan,nan,nan,nan,nan,nan,nan,nan,nan,nan,nan,nan,nan,nan,nan,nan,nan,nan,nan,0.3400385380,1.1300263405,inf,0.0200190544,inf,inf,inf,inf,inf,inf,inf,inf,inf,inf,inf,inf,47
1779041168.6091055870,-0.0053289980,0.0206106566,0.1075398624,0.0377165885,-0.1816948480,0.0744090971,3.1089999676,nan,nan,-0.1000000015,0.0000000000,0.3600000143,0.0000000000,nan,nan,nan,nan,nan,nan,nan,nan,nan,nan,nan,nan,nan,nan,nan,nan,nan,nan,nan,nan,nan,nan,nan,nan,nan,nan,nan,nan,nan,nan,nan,nan,nan,nan,nan,nan,nan,nan,nan,0.3500623703,1.1400501728,inf,0.0300428867,inf,inf,inf,inf,inf,inf,inf,inf,inf,inf,inf,inf,47
1779041168.6190941334,-0.0053289980,0.0206106566,0.1075398624,0.0377165885,-0.1816948480,0.0744090971,3.1089999676,nan,nan,-0.1000000015,0.0000000000,0.3600000143,0.0000000000,nan,nan,nan,nan,nan,nan,nan,nan,nan,nan,nan,nan,nan,nan,nan,nan,nan,nan,nan,nan,nan,nan,nan,nan,nan,nan,nan,nan,nan,nan,nan,nan,nan,nan,nan,nan,nan,nan,nan,0.3600509167,1.1500387192,inf,0.0400314331,inf,inf,inf,inf,inf,inf,inf,inf,inf,inf,inf,inf,47
1779041168.6290647984,-0.0053289980,0.0206106566,0.1075398624,0.0377165885,-0.1816948480,0.0744090971,3.1089999676,nan,nan,-0.1000000015,0.0000000000,0.3600000143,0.0000000000,nan,nan,nan,nan,nan,nan,nan,nan,nan,nan,nan,nan,nan,nan,nan,nan,nan,nan,nan,nan,nan,nan,nan,nan,nan,nan,nan,nan,nan,nan,nan,nan,nan,nan,nan,nan,nan,nan,nan,0.3700215816,1.1600093842,inf,0.0000107288,inf,inf,inf,inf,inf,inf,inf,inf,inf,inf,inf,inf,47
1779041168.6390793324,-0.0053289980,0.0206106566,0.1075398624,0.0377165885,-0.1816948480,0.0744090971,3.1089999676,nan,nan,-0.1000000015,0.0000000000,0.3600000143,0.0000000000,nan,nan,nan,nan,nan,nan,nan,nan,nan,nan,nan,nan,nan,nan,nan,nan,nan,nan,nan,nan,nan,nan,nan,nan,nan,nan,nan,nan,nan,nan,nan,nan,nan,nan,nan,nan,nan,nan,nan,0.3800361156,1.1700239182,inf,0.0100252628,inf,inf,inf,inf,inf,inf,inf,inf,inf,inf,inf,inf,47
1779041168.6490817070,-0.0053289980,0.0206106566,0.1075398624,0.0377165885,-0.1816948480,0.0744090971,3.1089999676,nan,nan,-0.1000000015,0.0000000000,0.3600000143,0.0000000000,nan,nan,nan,nan,nan,nan,nan,nan,nan,nan,nan,nan,nan,nan,nan,nan,nan,nan,nan,nan,nan,nan,nan,nan,nan,nan,nan,nan,nan,nan,nan,nan,nan,nan,nan,nan,nan,nan,nan,0.3900384903,1.1800262928,inf,0.0200276375,inf,inf,inf,inf,inf,inf,inf,inf,inf,inf,inf,inf,47
1779041168.6590797901,-0.0053289980,0.0206106566,0.1075398624,0.0377165885,-0.1816948480,0.0744090971,3.1089999676,nan,nan,-0.1000000015,0.0000000000,0.3600000143,0.0000000000,nan,nan,nan,nan,nan,nan,nan,nan,nan,nan,nan,nan,nan,nan,nan,nan,nan,nan,nan,nan,nan,nan,nan,nan,nan,nan,nan,nan,nan,nan,nan,nan,nan,nan,nan,nan,nan,nan,nan,0.4000365734,1.1900243759,inf,0.0300257206,inf,inf,inf,inf,inf,inf,inf,inf,inf,inf,inf,inf,47
1779041168.6690943241,-0.0053289980,0.0206106566,0.1075398624,0.0377165885,-0.1816948480,0.0744090971,3.1089999676,nan,nan,-0.1000000015,0.0000000000,0.3600000143,0.0000000000,nan,nan,nan,nan,nan,nan,nan,nan,nan,nan,nan,nan,nan,nan,nan,nan,nan,nan,nan,nan,nan,nan,nan,nan,nan,nan,nan,nan,nan,nan,nan,nan,nan,nan,nan,nan,nan,nan,nan,0.4100511074,1.2000389099,inf,0.0400402546,inf,inf,inf,inf,inf,inf,inf,inf,inf,inf,inf,inf,47
1779041168.6790308952,-0.0053289980,0.0206106566,0.1075398624,0.0377165885,-0.1816948480,0.0744090971,3.1089999676,nan,nan,-0.1000000015,0.0000000000,0.3600000143,0.0000000000,nan,nan,nan,nan,nan,nan,nan,nan,nan,nan,nan,nan,nan,nan,nan,nan,nan,nan,nan,nan,nan,nan,nan,nan,nan,nan,nan,nan,nan,nan,nan,nan,nan,nan,nan,nan,nan,nan,nan,0.4199876785,1.2099754810,inf,0.0000092983,inf,inf,inf,inf,inf,inf,inf,inf,inf,inf,inf,inf,47
1779041168.6890680790,-0.0053289980,0.0206106566,0.1075398624,0.0377165885,-0.1816948480,0.0744090971,3.1089999676,nan,nan,-0.1000000015,0.0000000000,0.3600000143,0.0000000000,nan,nan,nan,nan,nan,nan,nan,nan,nan,nan,nan,nan,nan,nan,nan,nan,nan,nan,nan,nan,nan,nan,nan,nan,nan,nan,nan,nan,nan,nan,nan,nan,nan,nan,nan,nan,nan,nan,nan,0.4300248623,1.2200126648,inf,0.0100464821,inf,inf,inf,inf,inf,inf,inf,inf,inf,inf,inf,inf,47
1779041168.6990950108,-0.0053289980,0.0206106566,0.1075398624,0.0377165885,-0.1816948480,0.0744090971,3.1089999676,nan,nan,-0.1000000015,0.0000000000,0.3600000143,0.0000000000,nan,nan,nan,nan,nan,nan,nan,nan,nan,nan,nan,nan,nan,nan,nan,nan,nan,nan,nan,nan,nan,nan,nan,nan,nan,nan,nan,nan,nan,nan,nan,nan,nan,nan,nan,nan,nan,nan,nan,0.4400517941,1.2300395966,inf,0.0200734138,inf,inf,inf,inf,inf,inf,inf,inf,inf,inf,inf,inf,47
1779041168.7090992928,-0.0053289980,0.0206106566,0.1075398624,0.0377165885,-0.1816948480,0.0744090971,3.1089999676,nan,nan,-0.1000000015,0.0000000000,0.3600000143,0.0000000000,nan,nan,nan,nan,nan,nan,nan,nan,nan,nan,nan,nan,nan,nan,nan,nan,nan,nan,nan,nan,nan,nan,nan,nan,nan,nan,nan,nan,nan,nan,nan,nan,nan,nan,nan,nan,nan,nan,nan,0.4500560760,1.2400438786,inf,0.0300776958,inf,inf,inf,inf,inf,inf,inf,inf,inf,inf,inf,inf,47
1779041168.7190999985,-0.0053289980,0.0206106566,0.1075398624,0.0377165885,-0.1816948480,0.0744090971,3.1089999676,nan,nan,-0.1000000015,0.0000000000,0.3600000143,0.0000000000,nan,nan,nan,nan,nan,nan,nan,nan,nan,nan,nan,nan,nan,nan,nan,nan,nan,nan,nan,nan,nan,nan,nan,nan,nan,nan,nan,nan,nan,nan,nan,nan,nan,nan,nan,nan,nan,nan,nan,0.4600567818,1.2500445843,inf,0.0400784016,inf,inf,inf,inf,inf,inf,inf,inf,inf,inf,inf,inf,47
1779041168.7290370464,-0.0053289980,0.0206106566,0.1075398624,0.0377165885,-0.1816948480,0.0744090971,3.1089999676,nan,nan,-0.1000000015,0.0000000000,0.3600000143,0.0000000000,nan,nan,nan,nan,nan,nan,nan,nan,nan,nan,nan,nan,nan,nan,nan,nan,nan,nan,nan,nan,nan,nan,nan,nan,nan,nan,nan,nan,nan,nan,nan,nan,nan,nan,nan,nan,nan,nan,nan,0.4699938297,1.2599816322,inf,0.0000102520,inf,inf,inf,inf,inf,inf,inf,inf,inf,inf,inf,inf,47
1779041168.7390711308,-0.0053289980,0.0206106566,0.1075398624,0.0377165885,-0.1816948480,0.0744090971,3.1089999676,nan,nan,-0.1000000015,0.0000000000,0.3600000143,0.0000000000,nan,nan,nan,nan,nan,nan,nan,nan,nan,nan,nan,nan,nan,nan,nan,nan,nan,nan,nan,nan,nan,nan,nan,nan,nan,nan,nan,nan,nan,nan,nan,nan,nan,nan,nan,nan,nan,nan,nan,0.4800279140,1.2700157166,inf,0.0100443363,inf,inf,inf,inf,inf,inf,inf,inf,inf,inf,inf,inf,47
1779041168.7490541935,-0.0053289980,0.0206106566,0.1075398624,0.0377165885,-0.1816948480,0.0744090971,3.1089999676,nan,nan,-0.1000000015,0.0000000000,0.3600000143,0.0000000000,nan,nan,nan,nan,nan,nan,nan,nan,nan,nan,nan,nan,nan,nan,nan,nan,nan,nan,nan,nan,nan,nan,nan,nan,nan,nan,nan,nan,nan,nan,nan,nan,nan,nan,nan,nan,nan,nan,nan,0.4900109768,1.2799987793,inf,0.0200273991,inf,inf,inf,inf,inf,inf,inf,inf,inf,inf,inf,inf,47
1779041168.7591300011,-0.0053289980,0.0206106566,0.1075398624,0.0377165885,-0.1816948480,0.0744090971,3.1089999676,nan,nan,-0.1000000015,0.0000000000,0.3600000143,0.0000000000,nan,nan,nan,nan,nan,nan,nan,nan,nan,nan,nan,nan,nan,nan,nan,nan,nan,nan,nan,nan,nan,nan,nan,nan,nan,nan,nan,nan,nan,nan,nan,nan,nan,nan,nan,nan,nan,nan,nan,0.5000867844,1.2900745869,inf,0.0301032066,inf,inf,inf,inf,inf,inf,inf,inf,inf,inf,inf,inf,47
1779041168.7690522671,-0.0053289980,0.0206106566,0.1075398624,0.0377165885,-0.1816948480,0.0744090971,3.1089999676,nan,nan,-0.1000000015,0.0000000000,0.3600000143,0.0000000000,nan,nan,nan,nan,nan,nan,nan,nan,nan,nan,nan,nan,nan,nan,nan,nan,nan,nan,nan,nan,nan,nan,nan,nan,nan,nan,nan,nan,nan,nan,nan,nan,nan,nan,nan,nan,nan,nan,nan,0.5100090504,1.2999968529,inf,0.0400254726,inf,inf,inf,inf,inf,inf,inf,inf,inf,inf,inf,inf,47
1779041168.7790780067,-0.0053289980,0.0206106566,0.1075398624,0.0377165885,-0.1816948480,0.0744090971,3.1089999676,nan,nan,-0.1000000015,0.0000000000,0.3600000143,0.0000000000,nan,nan,nan,nan,nan,nan,nan,nan,nan,nan,nan,nan,nan,nan,nan,nan,nan,nan,nan,nan,nan,nan,nan,nan,nan,nan,nan,nan,nan,nan,nan,nan,nan,nan,nan,nan,nan,nan,nan,0.5200347900,1.3100225925,inf,0.0000088215,inf,inf,inf,inf,inf,inf,inf,inf,inf,inf,inf,inf,47
1779041168.7890682220,-0.0053289980,0.0206106566,0.1075398624,0.0377165885,-0.1816948480,0.0744090971,3.1089999676,nan,nan,-0.1000000015,0.0000000000,0.3600000143,0.0000000000,nan,nan,nan,nan,nan,nan,nan,nan,nan,nan,nan,nan,nan,nan,nan,nan,nan,nan,nan,nan,nan,nan,nan,nan,nan,nan,nan,nan,nan,nan,nan,nan,nan,nan,nan,nan,nan,nan,nan,0.5300250053,1.3200128078,inf,0.0099990368,inf,inf,inf,inf,inf,inf,inf,inf,inf,inf,inf,inf,47
1779041168.7990937233,-0.0053289980,0.0206106566,0.1075398624,0.0377165885,-0.1816948480,0.0744090971,3.1089999676,nan,nan,-0.1000000015,0.0000000000,0.3600000143,0.0000000000,nan,nan,nan,nan,nan,nan,nan,nan,nan,nan,nan,nan,nan,nan,nan,nan,nan,nan,nan,nan,nan,nan,nan,nan,nan,nan,nan,nan,nan,nan,nan,nan,nan,nan,nan,nan,nan,nan,nan,0.5400505066,1.3300383091,inf,0.0200245380,inf,inf,inf,inf,inf,inf,inf,inf,inf,inf,inf,inf,47
1779041168.8090777397,-0.0053289980,0.0206106566,0.1075398624,0.0377165885,-0.1816948480,0.0744090971,3.1089999676,nan,nan,-0.1000000015,0.0000000000,0.3600000143,0.0000000000,nan,nan,nan,nan,nan,nan,nan,nan,nan,nan,nan,nan,nan,nan,nan,nan,nan,nan,nan,nan,nan,nan,nan,nan,nan,nan,nan,nan,nan,nan,nan,nan,nan,nan,nan,nan,nan,nan,nan,0.5500345230,1.3400223255,inf,0.0300085545,inf,inf,inf,inf,inf,inf,inf,inf,inf,inf,inf,inf,47
1779041168.8190984726,-0.0053289980,0.0206106566,0.1075398624,0.0377165885,-0.1816948480,0.0744090971,3.1089999676,nan,nan,-0.1000000015,0.0000000000,0.3600000143,0.0000000000,nan,nan,nan,nan,nan,nan,nan,nan,nan,nan,nan,nan,nan,nan,nan,nan,nan,nan,nan,nan,nan,nan,nan,nan,nan,nan,nan,nan,nan,nan,nan,nan,nan,nan,nan,nan,nan,nan,nan,0.5600552559,1.3500430584,inf,0.0400292873,inf,inf,inf,inf,inf,inf,inf,inf,inf,inf,inf,inf,47
1779041168.8291149139,-0.0053289980,0.0206106566,0.1075398624,0.0377165885,-0.1816948480,0.0744090971,3.1089999676,nan,nan,-0.1000000015,0.0000000000,0.3600000143,0.0000000000,nan,nan,nan,nan,nan,nan,nan,nan,nan,nan,nan,nan,nan,nan,nan,nan,nan,nan,nan,nan,nan,nan,nan,nan,nan,nan,nan,nan,nan,nan,nan,nan,nan,nan,nan,nan,nan,nan,nan,0.5700716972,1.3600594997,inf,0.0000157356,inf,inf,inf,inf,inf,inf,inf,inf,inf,inf,inf,inf,47
1779041168.8390855789,-0.0053289980,0.0206106566,0.1075398624,0.0377165885,-0.1816948480,0.0744090971,3.1089999676,nan,nan,-0.1000000015,0.0000000000,0.3600000143,0.0000000000,nan,nan,nan,nan,nan,nan,nan,nan,nan,nan,nan,nan,nan,nan,nan,nan,nan,nan,nan,nan,nan,nan,nan,nan,nan,nan,nan,nan,nan,nan,nan,nan,nan,nan,nan,nan,nan,nan,nan,0.5800423622,1.3700301647,inf,0.0099864006,inf,inf,inf,inf,inf,inf,inf,inf,inf,inf,inf,inf,47
1779041168.8491008282,-0.0053289980,0.0206106566,0.1075398624,0.0377165885,-0.1816948480,0.0744090971,3.1089999676,nan,nan,-0.1000000015,0.0000000000,0.3600000143,0.0000000000,nan,nan,nan,nan,nan,nan,nan,nan,nan,nan,nan,nan,nan,nan,nan,nan,nan,nan,nan,nan,nan,nan,nan,nan,nan,nan,nan,nan,nan,nan,nan,nan,nan,nan,nan,nan,nan,nan,nan,0.5900576115,1.3800454140,inf,0.0200016499,inf,inf,inf,inf,inf,inf,inf,inf,inf,inf,inf,inf,47
1779041168.8590631485,-0.0053289980,0.0206106566,0.1075398624,0.0377165885,-0.1816948480,0.0744090971,3.1089999676,nan,nan,-0.1000000015,0.0000000000,0.3600000143,0.0000000000,nan,nan,nan,nan,nan,nan,nan,nan,nan,nan,nan,nan,nan,nan,nan,nan,nan,nan,nan,nan,nan,nan,nan,nan,nan,nan,nan,nan,nan,nan,nan,nan,nan,nan,nan,nan,nan,nan,nan,0.6000199318,1.3900077343,inf,0.0299639702,inf,inf,inf,inf,inf,inf,inf,inf,inf,inf,inf,inf,47
1779041168.8690807819,-0.0053289980,0.0206106566,0.1075398624,0.0377165885,-0.1816948480,0.0744090971,3.1089999676,nan,nan,-0.1000000015,0.0000000000,0.3600000143,0.0000000000,nan,nan,nan,nan,nan,nan,nan,nan,nan,nan,nan,nan,nan,nan,nan,nan,nan,nan,nan,nan,nan,nan,nan,nan,nan,nan,nan,nan,nan,nan,nan,nan,nan,nan,nan,nan,nan,nan,nan,0.6100375652,1.4000253677,inf,0.0399816036,inf,inf,inf,inf,inf,inf,inf,inf,inf,inf,inf,inf,47
1779041168.8791377544,-0.0053289980,0.0206106566,0.1075398624,0.0377165885,-0.1816948480,0.0744090971,3.1089999676,nan,nan,-0.1000000015,0.0000000000,0.3600000143,0.0000000000,nan,nan,nan,nan,nan,nan,nan,nan,nan,nan,nan,nan,nan,nan,nan,nan,nan,nan,nan,nan,nan,nan,nan,nan,nan,nan,nan,nan,nan,nan,nan,nan,nan,nan,nan,nan,nan,nan,nan,0.6200945377,1.4100823402,inf,0.0000228882,inf,inf,inf,inf,inf,inf,inf,inf,inf,inf,inf,inf,47
1779041168.8891530037,-0.0053289980,0.0206106566,0.1075398624,0.0377165885,-0.1816948480,0.0744090971,3.1089999676,nan,nan,-0.1000000015,0.0000000000,0.3600000143,0.0000000000,nan,nan,nan,nan,nan,nan,nan,nan,nan,nan,nan,nan,nan,nan,nan,nan,nan,nan,nan,nan,nan,nan,nan,nan,nan,nan,nan,nan,nan,nan,nan,nan,nan,nan,nan,nan,nan,nan,nan,0.6301097870,1.4200975895,inf,0.0100381374,inf,inf,inf,inf,inf,inf,inf,inf,inf,inf,inf,inf,47
1779041168.8991200924,-0.0053289980,0.0206106566,0.1075398624,0.0377165885,-0.1816948480,0.0744090971,3.1089999676,nan,nan,-0.1000000015,0.0000000000,0.3600000143,0.0000000000,nan,nan,nan,nan,nan,nan,nan,nan,nan,nan,nan,nan,nan,nan,nan,nan,nan,nan,nan,nan,nan,nan,nan,nan,nan,nan,nan,nan,nan,nan,nan,nan,nan,nan,nan,nan,nan,nan,nan,0.6400768757,1.4300646782,inf,0.0200052261,inf,inf,inf,inf,inf,inf,inf,inf,inf,inf,inf,inf,47
1779041168.9090950489,-0.0053289980,0.0206106566,0.1075398624,0.0377165885,-0.1816948480,0.0744090971,3.1089999676,nan,nan,-0.1000000015,0.0000000000,0.3600000143,0.0000000000,nan,nan,nan,nan,nan,nan,nan,nan,nan,nan,nan,nan,nan,nan,nan,nan,nan,nan,nan,nan,nan,nan,nan,nan,nan,nan,nan,nan,nan,nan,nan,nan,nan,nan,nan,nan,nan,nan,nan,0.6500518322,1.4400396347,inf,0.0299801826,inf,inf,inf,inf,inf,inf,inf,inf,inf,inf,inf,inf,47
1779041168.9190862179,-0.0053289980,0.0206106566,0.1075398624,0.0377165885,-0.1816948480,0.0744090971,3.1089999676,nan,nan,-0.1000000015,0.0000000000,0.3600000143,0.0000000000,nan,nan,nan,nan,nan,nan,nan,nan,nan,nan,nan,nan,nan,nan,nan,nan,nan,nan,nan,nan,nan,nan,nan,nan,nan,nan,nan,nan,nan,nan,nan,nan,nan,nan,nan,nan,nan,nan,nan,0.6600430012,1.4500308037,inf,0.0399713516,inf,inf,inf,inf,inf,inf,inf,inf,inf,inf,inf,inf,47
1779041168.9290692806,-0.0053289980,0.0206106566,0.1075398624,0.0377165885,-0.1816948480,0.0744090971,3.1089999676,nan,nan,-0.1000000015,0.0000000000,0.3600000143,0.0000000000,nan,nan,nan,nan,nan,nan,nan,nan,nan,nan,nan,nan,nan,nan,nan,nan,nan,nan,nan,nan,nan,nan,nan,nan,nan,nan,nan,nan,nan,nan,nan,nan,nan,nan,nan,nan,nan,nan,nan,0.6700260639,1.4600138664,inf,0.0000138283,inf,inf,inf,inf,inf,inf,inf,inf,inf,inf,inf,inf,47
1779041168.9390640259,-0.0053289980,0.0206106566,0.1075398624,0.0377165885,-0.1816948480,0.0744090971,3.1089999676,nan,nan,-0.1000000015,0.0000000000,0.3600000143,0.0000000000,nan,nan,nan,nan,nan,nan,nan,nan,nan,nan,nan,nan,nan,nan,nan,nan,nan,nan,nan,nan,nan,nan,nan,nan,nan,nan,nan,nan,nan,nan,nan,nan,nan,nan,nan,nan,nan,nan,nan,0.6800208092,1.4700086117,inf,0.0100085735,inf,inf,inf,inf,inf,inf,inf,inf,inf,inf,inf,inf,47
1779041168.9490623474,-0.0053289980,0.0206106566,0.1075398624,0.0377165885,-0.1816948480,0.0744090971,3.1089999676,nan,nan,-0.1000000015,0.0000000000,0.3600000143,0.0000000000,nan,nan,nan,nan,nan,nan,nan,nan,nan,nan,nan,nan,nan,nan,nan,nan,nan,nan,nan,nan,nan,nan,nan,nan,nan,nan,nan,nan,nan,nan,nan,nan,nan,nan,nan,nan,nan,nan,nan,0.6900191307,1.4800069332,inf,0.0200068951,inf,inf,inf,inf,inf,inf,inf,inf,inf,inf,inf,inf,47
1779041168.9590690136,-0.0053289980,0.0206106566,0.1075398624,0.0377165885,-0.1816948480,0.0744090971,3.1089999676,nan,nan,-0.1000000015,0.0000000000,0.3600000143,0.0000000000,nan,nan,nan,nan,nan,nan,nan,nan,nan,nan,nan,nan,nan,nan,nan,nan,nan,nan,nan,nan,nan,nan,nan,nan,nan,nan,nan,nan,nan,nan,nan,nan,nan,nan,nan,nan,nan,nan,nan,0.7000257969,1.4900135994,inf,0.0300135612,inf,inf,inf,inf,inf,inf,inf,inf,inf,inf,inf,inf,47
1779041168.9690716267,-0.0053289980,0.0206106566,0.1075398624,0.0377165885,-0.1816948480,0.0744090971,3.1089999676,nan,nan,-0.1000000015,0.0000000000,0.3600000143,0.0000000000,nan,nan,nan,nan,nan,nan,nan,nan,nan,nan,nan,nan,nan,nan,nan,nan,nan,nan,nan,nan,nan,nan,nan,nan,nan,nan,nan,nan,nan,nan,nan,nan,nan,nan,nan,nan,nan,nan,nan,0.7100284100,1.5000162125,inf,0.0400161743,inf,inf,inf,inf,inf,inf,inf,inf,inf,inf,inf,inf,47
1779041168.9790599346,-0.0053289980,0.0206106566,0.1075398624,0.0377165885,-0.1816948480,0.0744090971,3.1089999676,nan,nan,-0.1000000015,0.0000000000,0.3600000143,0.0000000000,nan,nan,nan,nan,nan,nan,nan,nan,nan,nan,nan,nan,nan,nan,nan,nan,nan,nan,nan,nan,nan,nan,nan,nan,nan,nan,nan,nan,nan,nan,nan,nan,nan,nan,nan,nan,nan,nan,nan,0.7200167179,1.5100045204,inf,0.0000119209,inf,inf,inf,inf,inf,inf,inf,inf,inf,inf,inf,inf,47
1779041168.9891088009,-0.0053289980,0.0206106566,0.1075398624,0.0377165885,-0.1816948480,0.0744090971,3.1089999676,nan,nan,-0.1000000015,0.0000000000,0.3600000143,0.0000000000,nan,nan,nan,nan,nan,nan,nan,nan,nan,nan,nan,nan,nan,nan,nan,nan,nan,nan,nan,nan,nan,nan,nan,nan,nan,nan,nan,nan,nan,nan,nan,nan,nan,nan,nan,nan,nan,nan,nan,0.7300655842,1.5200533867,inf,0.0100607872,inf,inf,inf,inf,inf,inf,inf,inf,inf,inf,inf,inf,47
1779041168.9990496635,-0.0053289980,0.0206106566,0.1075398624,0.0377165885,-0.1816948480,0.0744090971,3.1089999676,nan,nan,-0.1000000015,0.0000000000,0.3600000143,0.0000000000,nan,nan,nan,nan,nan,nan,nan,nan,nan,nan,nan,nan,nan,nan,nan,nan,nan,nan,nan,nan,nan,nan,nan,nan,nan,nan,nan,nan,nan,nan,nan,nan,nan,nan,nan,nan,nan,nan,nan,0.7400064468,1.5299942493,inf,0.0200016499,inf,inf,inf,inf,inf,inf,inf,inf,inf,inf,inf,inf,47
1779041169.0090539455,-0.0053289980,0.0206106566,0.1075398624,0.0377165885,-0.1816948480,0.0744090971,3.1089999676,nan,nan,-0.1000000015,0.0000000000,0.3600000143,0.0000000000,nan,nan,nan,nan,nan,nan,nan,nan,nan,nan,nan,nan,nan,nan,nan,nan,nan,nan,nan,nan,nan,nan,nan,nan,nan,nan,nan,nan,nan,nan,nan,nan,nan,nan,nan,nan,nan,nan,nan,0.7500107288,1.5399985313,inf,0.0300059319,inf,inf,inf,inf,inf,inf,inf,inf,inf,inf,inf,inf,47
1779041169.0190649033,-0.0053289980,0.0206106566,0.1075398624,0.0377165885,-0.1816948480,0.0744090971,3.1089999676,nan,nan,-0.1000000015,0.0000000000,0.3600000143,0.0000000000,nan,nan,nan,nan,nan,nan,nan,nan,nan,nan,nan,nan,nan,nan,nan,nan,nan,nan,nan,nan,nan,nan,nan,nan,nan,nan,nan,nan,nan,nan,nan,nan,nan,nan,nan,nan,nan,nan,nan,0.7600216866,1.5500094891,inf,0.0400168896,inf,inf,inf,inf,inf,inf,inf,inf,inf,inf,inf,inf,47
1779041169.0290687084,-0.0053289980,0.0206106566,0.1075398624,0.0377165885,-0.1816948480,0.0744090971,3.1089999676,nan,nan,-0.1000000015,0.0000000000,0.3600000143,0.0000000000,nan,nan,nan,nan,nan,nan,nan,nan,nan,nan,nan,nan,nan,nan,nan,nan,nan,nan,nan,nan,nan,nan,nan,nan,nan,nan,nan,nan,nan,nan,nan,nan,nan,nan,nan,nan,nan,nan,nan,0.7700254917,1.5600132942,inf,0.0000102520,inf,inf,inf,inf,inf,inf,inf,inf,inf,inf,inf,inf,47
1779041169.0390503407,-0.0053289980,0.0206106566,0.1075398624,0.0377165885,-0.1816948480,0.0744090971,3.1089999676,nan,nan,-0.1000000015,0.0000000000,0.3600000143,0.0000000000,nan,nan,nan,nan,nan,nan,nan,nan,nan,nan,nan,nan,nan,nan,nan,nan,nan,nan,nan,nan,nan,nan,nan,nan,nan,nan,nan,nan,nan,nan,nan,nan,nan,nan,nan,nan,nan,nan,nan,0.7800071239,1.5699949265,inf,0.0099918842,inf,inf,inf,inf,inf,inf,inf,inf,inf,inf,inf,inf,47
1779041169.0490393639,-0.0053289980,0.0206106566,0.1075398624,0.0377165885,-0.1816948480,0.0744090971,3.1089999676,nan,nan,-0.1000000015,0.0000000000,0.3600000143,0.0000000000,nan,nan,nan,nan,nan,nan,nan,nan,nan,nan,nan,nan,nan,nan,nan,nan,nan,nan,nan,nan,nan,nan,nan,nan,nan,nan,nan,nan,nan,nan,nan,nan,nan,nan,nan,nan,nan,nan,nan,0.7899961472,1.5799839497,inf,0.0199809074,inf,inf,inf,inf,inf,inf,inf,inf,inf,inf,inf,inf,47
1779041169.0590472221,-0.0053289980,0.0206106566,0.1075398624,0.0377165885,-0.1816948480,0.0744090971,3.1089999676,nan,nan,-0.1000000015,0.0000000000,0.3600000143,0.0000000000,nan,nan,nan,nan,nan,nan,nan,nan,nan,nan,nan,nan,nan,nan,nan,nan,nan,nan,nan,nan,nan,nan,nan,nan,nan,nan,nan,nan,nan,nan,nan,nan,nan,nan,nan,nan,nan,nan,nan,0.8000040054,1.5899918079,inf,0.0299887657,inf,inf,inf,inf,inf,inf,inf,inf,inf,inf,inf,inf,47
1779041169.0690433979,-0.0053289980,0.0206106566,0.1075398624,0.0377165885,-0.1816948480,0.0744090971,3.1089999676,nan,nan,-0.1000000015,0.0000000000,0.3600000143,0.0000000000,nan,nan,nan,nan,nan,nan,nan,nan,nan,nan,nan,nan,nan,nan,nan,nan,nan,nan,nan,nan,nan,nan,nan,nan,nan,nan,nan,nan,nan,nan,nan,nan,nan,nan,nan,nan,nan,nan,nan,0.8100001812,1.5999879837,inf,0.0399849415,inf,inf,inf,inf,inf,inf,inf,inf,inf,inf,inf,inf,47
1779041169.0790262222,-0.0053289980,0.0206106566,0.1075398624,0.0377165885,-0.1816948480,0.0744090971,3.1089999676,nan,nan,-0.1000000015,0.0000000000,0.3600000143,0.0000000000,nan,nan,nan,nan,nan,nan,nan,nan,nan,nan,nan,nan,nan,nan,nan,nan,nan,nan,nan,nan,nan,nan,nan,nan,nan,nan,nan,nan,nan,nan,nan,nan,nan,nan,nan,nan,nan,nan,nan,0.8199830055,1.6099708080,inf,0.0000097752,inf,inf,inf,inf,inf,inf,inf,inf,inf,inf,inf,inf,47
1779041169.0890841484,-0.0053289980,0.0206106566,0.1075398624,0.0377165885,-0.1816948480,0.0744090971,3.1089999676,nan,nan,-0.1000000015,0.0000000000,0.3600000143,0.0000000000,nan,nan,nan,nan,nan,nan,nan,nan,nan,nan,nan,nan,nan,nan,nan,nan,nan,nan,nan,nan,nan,nan,nan,nan,nan,nan,nan,nan,nan,nan,nan,nan,nan,nan,nan,nan,nan,nan,nan,0.8300409317,1.6200287342,inf,0.0100677013,inf,inf,inf,inf,inf,inf,inf,inf,inf,inf,inf,inf,47
1779041169.0990726948,-0.0053289980,0.0206106566,0.1075398624,0.0377165885,-0.1816948480,0.0744090971,3.1089999676,nan,nan,-0.1000000015,0.0000000000,0.3600000143,0.0000000000,nan,nan,nan,nan,nan,nan,nan,nan,nan,nan,nan,nan,nan,nan,nan,nan,nan,nan,nan,nan,nan,nan,nan,nan,nan,nan,nan,nan,nan,nan,nan,nan,nan,nan,nan,nan,nan,nan,nan,0.8400294781,1.6300172806,inf,0.0200562477,inf,inf,inf,inf,inf,inf,inf,inf,inf,inf,inf,inf,47
1779041169.1090545654,-0.0053289980,0.0206106566,0.1075398624,0.0377165885,-0.1816948480,0.0744090971,3.1089999676,nan,nan,-0.1000000015,0.0000000000,0.3600000143,0.0000000000,nan,nan,nan,nan,nan,nan,nan,nan,nan,nan,nan,nan,nan,nan,nan,nan,nan,nan,nan,nan,nan,nan,nan,nan,nan,nan,nan,nan,nan,nan,nan,nan,nan,nan,nan,nan,nan,nan,nan,0.8500113487,1.6399991512,inf,0.0300381184,inf,inf,inf,inf,inf,inf,inf,inf,inf,inf,inf,inf,47
1779041169.1190805435,-0.0053289980,0.0206106566,0.1075398624,0.0377165885,-0.1816948480,0.0744090971,3.1089999676,nan,nan,-0.1000000015,0.0000000000,0.3600000143,0.0000000000,nan,nan,nan,nan,nan,nan,nan,nan,nan,nan,nan,nan,nan,nan,nan,nan,nan,nan,nan,nan,nan,nan,nan,nan,nan,nan,nan,nan,nan,nan,nan,nan,nan,nan,nan,nan,nan,nan,nan,0.8600373268,1.6500251293,inf,0.0400640965,inf,inf,inf,inf,inf,inf,inf,inf,inf,inf,inf,inf,47
1779041169.1290149689,-0.0053289980,0.0206106566,0.1075398624,0.0377165885,-0.1816948480,0.0744090971,3.1089999676,nan,nan,-0.1000000015,0.0000000000,0.3600000143,0.0000000000,nan,nan,nan,nan,nan,nan,nan,nan,nan,nan,nan,nan,nan,nan,nan,nan,nan,nan,nan,nan,nan,nan,nan,nan,nan,nan,nan,nan,nan,nan,nan,nan,nan,nan,nan,nan,nan,nan,nan,0.8699717522,1.6599595547,inf,0.0000066757,inf,inf,inf,inf,inf,inf,inf,inf,inf,inf,inf,inf,47
1779041169.1390862465,-0.0053289980,0.0206106566,0.1075398624,0.0377165885,-0.1816948480,0.0744090971,3.1089999676,nan,nan,-0.1000000015,0.0000000000,0.3600000143,0.0000000000,nan,nan,nan,nan,nan,nan,nan,nan,nan,nan,nan,nan,nan,nan,nan,nan,nan,nan,nan,nan,nan,nan,nan,nan,nan,nan,nan,nan,nan,nan,nan,nan,nan,nan,nan,nan,nan,nan,nan,0.8800430298,1.6700308323,inf,0.0100779533,inf,inf,inf,inf,inf,inf,inf,inf,inf,inf,inf,inf,47
1779041169.1490616798,-0.0053289980,0.0206106566,0.1075398624,0.0377165885,-0.1816948480,0.0744090971,3.1089999676,nan,nan,-0.1000000015,0.0000000000,0.3600000143,0.0000000000,nan,nan,nan,nan,nan,nan,nan,nan,nan,nan,nan,nan,nan,nan,nan,nan,nan,nan,nan,nan,nan,nan,nan,nan,nan,nan,nan,nan,nan,nan,nan,nan,nan,nan,nan,nan,nan,nan,nan,0.8900184631,1.6800062656,inf,0.0200533867,inf,inf,inf,inf,inf,inf,inf,inf,inf,inf,inf,inf,47
1779041169.1590847969,-0.0053289980,0.0206106566,0.1075398624,0.0377165885,-0.1816948480,0.0744090971,3.1089999676,nan,nan,-0.1000000015,0.0000000000,0.3600000143,0.0000000000,nan,nan,nan,nan,nan,nan,nan,nan,nan,nan,nan,nan,nan,nan,nan,nan,nan,nan,nan,nan,nan,nan,nan,nan,nan,nan,nan,nan,nan,nan,nan,nan,nan,nan,nan,nan,nan,nan,nan,0.9000415802,1.6900293827,inf,0.0300765038,inf,inf,inf,inf,inf,inf,inf,inf,inf,inf,inf,inf,47
1779041169.1690654755,-0.0053289980,0.0206106566,0.1075398624,0.0377165885,-0.1816948480,0.0744090971,3.1089999676,nan,nan,-0.1000000015,0.0000000000,0.3600000143,0.0000000000,nan,nan,nan,nan,nan,nan,nan,nan,nan,nan,nan,nan,nan,nan,nan,nan,nan,nan,nan,nan,nan,nan,nan,nan,nan,nan,nan,nan,nan,nan,nan,nan,nan,nan,nan,nan,nan,nan,nan,0.9100222588,1.7000100613,inf,0.0400571823,inf,inf,inf,inf,inf,inf,inf,inf,inf,inf,inf,inf,47
1779041169.1790452003,-0.0053289980,0.0206106566,0.1075398624,0.0377165885,-0.1816948480,0.0744090971,3.1089999676,nan,nan,-0.1000000015,0.0000000000,0.3600000143,0.0000000000,nan,nan,nan,nan,nan,nan,nan,nan,nan,nan,nan,nan,nan,nan,nan,nan,nan,nan,nan,nan,nan,nan,nan,nan,nan,nan,nan,nan,nan,nan,nan,nan,nan,nan,nan,nan,nan,nan,nan,0.9200019836,1.7099897861,inf,0.0000102520,inf,inf,inf,inf,inf,inf,inf,inf,inf,inf,inf,inf,47
1779041169.1890761852,-0.0053289980,0.0206106566,0.1075398624,0.0377165885,-0.1816948480,0.0744090971,3.1089999676,nan,nan,-0.1000000015,0.0000000000,0.3600000143,0.0000000000,nan,nan,nan,nan,nan,nan,nan,nan,nan,nan,nan,nan,nan,nan,nan,nan,nan,nan,nan,nan,nan,nan,nan,nan,nan,nan,nan,nan,nan,nan,nan,nan,nan,nan,nan,nan,nan,nan,nan,0.9300329685,1.7200207710,inf,0.0100412369,inf,inf,inf,inf,inf,inf,inf,inf,inf,inf,inf,inf,47
1779041169.1990957260,-0.0053289980,0.0206106566,0.1075398624,0.0377165885,-0.1816948480,0.0744090971,3.1089999676,nan,nan,-0.1000000015,0.0000000000,0.3600000143,0.0000000000,nan,nan,nan,nan,nan,nan,nan,nan,nan,nan,nan,nan,nan,nan,nan,nan,nan,nan,nan,nan,nan,nan,nan,nan,nan,nan,nan,nan,nan,nan,nan,nan,nan,nan,nan,nan,nan,nan,nan,0.9400525093,1.7300403118,inf,0.0200607777,inf,inf,inf,inf,inf,inf,inf,inf,inf,inf,inf,inf,47
1779041169.2090969086,-0.0053289980,0.0206106566,0.1075398624,0.0377165885,-0.1816948480,0.0744090971,3.1089999676,nan,nan,-0.1000000015,0.0000000000,0.3600000143,0.0000000000,nan,nan,nan,nan,nan,nan,nan,nan,nan,nan,nan,nan,nan,nan,nan,nan,nan,nan,nan,nan,nan,nan,nan,nan,nan,nan,nan,nan,nan,nan,nan,nan,nan,nan,nan,nan,nan,nan,nan,0.9500536919,1.7400414944,inf,0.0300619602,inf,inf,inf,inf,inf,inf,inf,inf,inf,inf,inf,inf,47
1779041169.2190797329,-0.0053289980,0.0206106566,0.1075398624,0.0377165885,-0.1816948480,0.0744090971,3.1089999676,nan,nan,-0.1000000015,0.0000000000,0.3600000143,0.0000000000,nan,nan,nan,nan,nan,nan,nan,nan,nan,nan,nan,nan,nan,nan,nan,nan,nan,nan,nan,nan,nan,nan,nan,nan,nan,nan,nan,nan,nan,nan,nan,nan,nan,nan,nan,nan,nan,nan,nan,0.9600365162,1.7500243187,inf,0.0400447845,inf,inf,inf,inf,inf,inf,inf,inf,inf,inf,inf,inf,47
1779041169.2290577888,-0.0053289980,0.0206106566,0.1075398624,0.0377165885,-0.1816948480,0.0744090971,3.1089999676,nan,nan,-0.1000000015,0.0000000000,0.3600000143,0.0000000000,nan,nan,nan,nan,nan,nan,nan,nan,nan,nan,nan,nan,nan,nan,nan,nan,nan,nan,nan,nan,nan,nan,nan,nan,nan,nan,nan,nan,nan,nan,nan,nan,nan,nan,nan,nan,nan,nan,nan,0.9700145721,1.7600023746,inf,0.0000107288,inf,inf,inf,inf,inf,inf,inf,inf,inf,inf,inf,inf,47
1779041169.2390971184,-0.0053289980,0.0206106566,0.1075398624,0.0377165885,-0.1816948480,0.0744090971,3.1089999676,nan,nan,-0.1000000015,0.0000000000,0.3600000143,0.0000000000,nan,nan,nan,nan,nan,nan,nan,nan,nan,nan,nan,nan,nan,nan,nan,nan,nan,nan,nan,nan,nan,nan,nan,nan,nan,nan,nan,nan,nan,nan,nan,nan,nan,nan,nan,nan,nan,nan,nan,0.9800539017,1.7700417042,inf,0.0100500584,inf,inf,inf,inf,inf,inf,inf,inf,inf,inf,inf,inf,47
1779041169.2490758896,-0.0053289980,0.0206106566,0.1075398624,0.0377165885,-0.1816948480,0.0744090971,3.1089999676,nan,nan,-0.1000000015,0.0000000000,0.3600000143,0.0000000000,nan,nan,nan,nan,nan,nan,nan,nan,nan,nan,nan,nan,nan,nan,nan,nan,nan,nan,nan,nan,nan,nan,nan,nan,nan,nan,nan,nan,nan,nan,nan,nan,nan,nan,nan,nan,nan,nan,nan,0.9900326729,1.7800204754,inf,0.0200288296,inf,inf,inf,inf,inf,inf,inf,inf,inf,inf,inf,inf,47
1779041169.2590930462,-0.0053289980,0.0206106566,0.1075398624,0.0377165885,-0.1816948480,0.0744090971,3.1089999676,nan,nan,-0.1000000015,0.0000000000,0.3600000143,0.0000000000,nan,nan,nan,nan,nan,nan,nan,nan,nan,nan,nan,nan,nan,nan,nan,nan,nan,nan,nan,nan,nan,nan,nan,nan,nan,nan,nan,nan,nan,nan,nan,nan,nan,nan,nan,nan,nan,nan,nan,1.0000498295,1.7900376320,inf,0.0300459862,inf,inf,inf,inf,inf,inf,inf,inf,inf,inf,inf,inf,47
1779041169.2690770626,-0.0053289980,0.0206106566,0.1075398624,0.0377165885,-0.1816948480,0.0744090971,3.1089999676,nan,nan,-0.1000000015,0.0000000000,0.3600000143,0.0000000000,nan,nan,nan,nan,nan,nan,nan,nan,nan,nan,nan,nan,nan,nan,nan,nan,nan,nan,nan,nan,nan,nan,nan,nan,nan,nan,nan,nan,nan,nan,nan,nan,nan,nan,nan,nan,nan,nan,nan,1.0100338459,1.8000216484,inf,0.0400300026,inf,inf,inf,inf,inf,inf,inf,inf,inf,inf,inf,inf,47
1779041169.2790737152,-0.0053289980,0.0206106566,0.1075398624,0.0377165885,-0.1816948480,0.0744090971,3.1089999676,nan,nan,-0.1000000015,0.0000000000,0.3600000143,0.0000000000,nan,nan,nan,nan,nan,nan,nan,nan,nan,nan,nan,nan,nan,nan,nan,nan,nan,nan,nan,nan,nan,nan,nan,nan,nan,nan,nan,nan,nan,nan,nan,nan,nan,nan,nan,nan,nan,nan,nan,1.0200304985,1.8100183010,inf,0.0000100136,inf,inf,inf,inf,inf,inf,inf,inf,inf,inf,inf,inf,47
1779041169.2890744209,-0.0053289980,0.0206106566,0.1075398624,0.0377165885,-0.1816948480,0.0744090971,3.1089999676,nan,nan,-0.1000000015,0.0000000000,0.3600000143,0.0000000000,nan,nan,nan,nan,nan,nan,nan,nan,nan,nan,nan,nan,nan,nan,nan,nan,nan,nan,nan,nan,nan,nan,nan,nan,nan,nan,nan,nan,nan,nan,nan,nan,nan,nan,nan,nan,nan,nan,nan,1.0300312042,1.8200190067,inf,0.0100107193,inf,inf,inf,inf,inf,inf,inf,inf,inf,inf,inf,inf,47
1779041169.2990961075,-0.0053289980,0.0206106566,0.1075398624,0.0377165885,-0.1816948480,0.0744090971,3.1089999676,nan,nan,-0.1000000015,0.0000000000,0.3600000143,0.0000000000,nan,nan,nan,nan,nan,nan,nan,nan,nan,nan,nan,nan,nan,nan,nan,nan,nan,nan,nan,nan,nan,nan,nan,nan,nan,nan,nan,nan,nan,nan,nan,nan,nan,nan,nan,nan,nan,nan,nan,1.0400528908,1.8300406933,inf,0.0200324059,inf,inf,inf,inf,inf,inf,inf,inf,inf,inf,inf,inf,47
1779041169.3091368675,-0.0053289980,0.0206106566,0.1075398624,0.0377165885,-0.1816948480,0.0744090971,3.1089999676,nan,nan,-0.1000000015,0.0000000000,0.3600000143,0.0000000000,nan,nan,nan,nan,nan,nan,nan,nan,nan,nan,nan,nan,nan,nan,nan,nan,nan,nan,nan,nan,nan,nan,nan,nan,nan,nan,nan,nan,nan,nan,nan,nan,nan,nan,nan,nan,nan,nan,nan,1.0500936508,1.8400814533,inf,0.0300731659,inf,inf,inf,inf,inf,inf,inf,inf,inf,inf,inf,inf,47
1779041169.3190941811,-0.0053289980,0.0206106566,0.1075398624,0.0377165885,-0.1816948480,0.0744090971,3.1089999676,nan,nan,-0.1000000015,0.0000000000,0.3600000143,0.0000000000,nan,nan,nan,nan,nan,nan,nan,nan,nan,nan,nan,nan,nan,nan,nan,nan,nan,nan,nan,nan,nan,nan,nan,nan,nan,nan,nan,nan,nan,nan,nan,nan,nan,nan,nan,nan,nan,nan,nan,1.0600509644,1.8500387669,inf,0.0400304794,inf,inf,inf,inf,inf,inf,inf,inf,inf,inf,inf,inf,47
1779041169.3290798664,-0.0053289980,0.0206106566,0.1075398624,0.0377165885,-0.1816948480,0.0744090971,3.1089999676,nan,nan,-0.1000000015,0.0000000000,0.3600000143,0.0000000000,nan,nan,nan,nan,nan,nan,nan,nan,nan,nan,nan,nan,nan,nan,nan,nan,nan,nan,nan,nan,nan,nan,nan,nan,nan,nan,nan,nan,nan,nan,nan,nan,nan,nan,nan,nan,nan,nan,nan,1.0700366497,1.8600244522,inf,0.0000119209,inf,inf,inf,inf,inf,inf,inf,inf,inf,inf,inf,inf,47
1779041169.3391015530,-0.0053289980,0.0206106566,0.1075398624,0.0377165885,-0.1816948480,0.0744090971,3.1089999676,nan,nan,-0.1000000015,0.0000000000,0.3600000143,0.0000000000,nan,nan,nan,nan,nan,nan,nan,nan,nan,nan,nan,nan,nan,nan,nan,nan,nan,nan,nan,nan,nan,nan,nan,nan,nan,nan,nan,nan,nan,nan,nan,nan,nan,nan,nan,nan,nan,nan,nan,1.0800583363,1.8700461388,inf,0.0100336075,inf,inf,inf,inf,inf,inf,inf,inf,inf,inf,inf,inf,47
1779041169.3490645885,-0.0053289980,0.0206106566,0.1075398624,0.0377165885,-0.1816948480,0.0744090971,3.1089999676,nan,nan,-0.1000000015,0.0000000000,0.3600000143,0.0000000000,nan,nan,nan,nan,nan,nan,nan,nan,nan,nan,nan,nan,nan,nan,nan,nan,nan,nan,nan,nan,nan,nan,nan,nan,nan,nan,nan,nan,nan,nan,nan,nan,nan,nan,nan,nan,nan,nan,nan,1.0900213718,1.8800091743,inf,0.0199966431,inf,inf,inf,inf,inf,inf,inf,inf,inf,inf,inf,inf,47
1779041169.3590703011,-0.0053289980,0.0206106566,0.1075398624,0.0377165885,-0.1816948480,0.0744090971,3.1089999676,nan,nan,-0.1000000015,0.0000000000,0.3600000143,0.0000000000,nan,nan,nan,nan,nan,nan,nan,nan,nan,nan,nan,nan,nan,nan,nan,nan,nan,nan,nan,nan,nan,nan,nan,nan,nan,nan,nan,nan,nan,nan,nan,nan,nan,nan,nan,nan,nan,nan,nan,1.1000270844,1.8900148869,inf,0.0300023556,inf,inf,inf,inf,inf,inf,inf,inf,inf,inf,inf,inf,47
1779041169.3690745831,-0.0053289980,0.0206106566,0.1075398624,0.0377165885,-0.1816948480,0.0744090971,3.1089999676,nan,nan,-0.1000000015,0.0000000000,0.3600000143,0.0000000000,nan,nan,nan,nan,nan,nan,nan,nan,nan,nan,nan,nan,nan,nan,nan,nan,nan,nan,nan,nan,nan,nan,nan,nan,nan,nan,nan,nan,nan,nan,nan,nan,nan,nan,nan,nan,nan,nan,nan,1.1100313663,1.9000191689,inf,0.0400066376,inf,inf,inf,inf,inf,inf,inf,inf,inf,inf,inf,inf,47
1779041169.3790287971,-0.0053289980,0.0206106566,0.1075398624,0.0377165885,-0.1816948480,0.0744090971,3.1089999676,nan,nan,-0.1000000015,0.0000000000,0.3600000143,0.0000000000,nan,nan,nan,nan,nan,nan,nan,nan,nan,nan,nan,nan,nan,nan,nan,nan,nan,nan,nan,nan,nan,nan,nan,nan,nan,nan,nan,nan,nan,nan,nan,nan,nan,nan,nan,nan,nan,nan,nan,1.1199855804,1.9099733829,inf,0.0000085831,inf,inf,inf,inf,inf,inf,inf,inf,inf,inf,inf,inf,47
1779041169.3890821934,-0.0053289980,0.0206106566,0.1075398624,0.0377165885,-0.1816948480,0.0744090971,3.1089999676,nan,nan,-0.1000000015,0.0000000000,0.3600000143,0.0000000000,nan,nan,nan,nan,nan,nan,nan,nan,nan,nan,nan,nan,nan,nan,nan,nan,nan,nan,nan,nan,nan,nan,nan,nan,nan,nan,nan,nan,nan,nan,nan,nan,nan,nan,nan,nan,nan,nan,nan,1.1300389767,1.9200267792,inf,0.0100619793,inf,inf,inf,inf,inf,inf,inf,inf,inf,inf,inf,inf,47
1779041169.3990712166,-0.0053289980,0.0206106566,0.1075398624,0.0377165885,-0.1816948480,0.0744090971,3.1089999676,nan,nan,-0.1000000015,0.0000000000,0.3600000143,0.0000000000,nan,nan,nan,nan,nan,nan,nan,nan,nan,nan,nan,nan,nan,nan,nan,nan,nan,nan,nan,nan,nan,nan,nan,nan,nan,nan,nan,nan,nan,nan,nan,nan,nan,nan,nan,nan,nan,nan,nan,1.1400279999,1.9300158024,inf,0.0200510025,inf,inf,inf,inf,inf,inf,inf,inf,inf,inf,inf,inf,47
1779041169.4090819359,-0.0053289980,0.0206106566,0.1075398624,0.0377165885,-0.1816948480,0.0744090971,3.1089999676,nan,nan,-0.1000000015,0.0000000000,0.3600000143,0.0000000000,nan,nan,nan,nan,nan,nan,nan,nan,nan,nan,nan,nan,nan,nan,nan,nan,nan,nan,nan,nan,nan,nan,nan,nan,nan,nan,nan,nan,nan,nan,nan,nan,nan,nan,nan,nan,nan,nan,nan,1.1500387192,1.9400265217,inf,0.0300617218,inf,inf,inf,inf,inf,inf,inf,inf,inf,inf,inf,inf,47
1779041169.4190943241,-0.0053289980,0.0206106566,0.1075398624,0.0377165885,-0.1816948480,0.0744090971,3.1089999676,nan,nan,-0.1000000015,0.0000000000,0.3600000143,0.0000000000,nan,nan,nan,nan,nan,nan,nan,nan,nan,nan,nan,nan,nan,nan,nan,nan,nan,nan,nan,nan,nan,nan,nan,nan,nan,nan,nan,nan,nan,nan,nan,nan,nan,nan,nan,nan,nan,nan,nan,1.1600511074,1.9500389099,inf,0.0400741100,inf,inf,inf,inf,inf,inf,inf,inf,inf,inf,inf,inf,47
1779041169.4290623665,-0.0053289980,0.0206106566,0.1075398624,0.0377165885,-0.1816948480,0.0744090971,3.1089999676,nan,nan,-0.1000000015,0.0000000000,0.3600000143,0.0000000000,nan,nan,nan,nan,nan,nan,nan,nan,nan,nan,nan,nan,nan,nan,nan,nan,nan,nan,nan,nan,nan,nan,nan,nan,nan,nan,nan,nan,nan,nan,nan,nan,nan,nan,nan,nan,nan,nan,nan,1.1700191498,1.9600069523,inf,0.0000107288,inf,inf,inf,inf,inf,inf,inf,inf,inf,inf,inf,inf,47
1779041169.4390542507,-0.0053289980,0.0206106566,0.1075398624,0.0377165885,-0.1816948480,0.0744090971,3.1089999676,nan,nan,-0.1000000015,0.0000000000,0.3600000143,0.0000000000,nan,nan,nan,nan,nan,nan,nan,nan,nan,nan,nan,nan,nan,nan,nan,nan,nan,nan,nan,nan,nan,nan,nan,nan,nan,nan,nan,nan,nan,nan,nan,nan,nan,nan,nan,nan,nan,nan,nan,1.1800110340,1.9699988365,inf,0.0100026131,inf,inf,inf,inf,inf,inf,inf,inf,inf,inf,inf,inf,47
1779041169.4491009712,-0.0053289980,0.0206106566,0.1075398624,0.0377165885,-0.1816948480,0.0744090971,3.1089999676,nan,nan,-0.1000000015,0.0000000000,0.3600000143,0.0000000000,nan,nan,nan,nan,nan,nan,nan,nan,nan,nan,nan,nan,nan,nan,nan,nan,nan,nan,nan,nan,nan,nan,nan,nan,nan,nan,nan,nan,nan,nan,nan,nan,nan,nan,nan,nan,nan,nan,nan,1.1900577545,1.9800455570,inf,0.0200493336,inf,inf,inf,inf,inf,inf,inf,inf,inf,inf,inf,inf,47
1779041169.4590804577,-0.0053289980,0.0206106566,0.1075398624,0.0377165885,-0.1816948480,0.0744090971,3.1089999676,nan,nan,-0.1000000015,0.0000000000,0.3600000143,0.0000000000,nan,nan,nan,nan,nan,nan,nan,nan,nan,nan,nan,nan,nan,nan,nan,nan,nan,nan,nan,nan,nan,nan,nan,nan,nan,nan,nan,nan,nan,nan,nan,nan,nan,nan,nan,nan,nan,nan,nan,1.2000372410,1.9900250435,inf,0.0300288200,inf,inf,inf,inf,inf,inf,inf,inf,inf,inf,inf,inf,47
1779041169.4690821171,-0.0053289980,0.0206106566,0.1075398624,0.0377165885,-0.1816948480,0.0744090971,3.1089999676,nan,nan,-0.1000000015,0.0000000000,0.3600000143,0.0000000000,nan,nan,nan,nan,nan,nan,nan,nan,nan,nan,nan,nan,nan,nan,nan,nan,nan,nan,nan,nan,nan,nan,nan,nan,nan,nan,nan,nan,nan,nan,nan,nan,nan,nan,nan,nan,nan,nan,nan,1.2100389004,2.0000267029,inf,0.0400304794,inf,inf,inf,inf,inf,inf,inf,inf,inf,inf,inf,inf,39
1779041169.4790625572,-0.0053289980,0.0206106566,0.1075398624,0.0377165885,-0.1816948480,0.0744090971,3.1089999676,nan,nan,-0.1000000015,0.0000000000,0.3600000143,0.0000000000,nan,nan,nan,nan,nan,nan,nan,nan,nan,nan,nan,nan,nan,nan,nan,nan,nan,nan,nan,nan,nan,nan,nan,nan,nan,nan,nan,nan,nan,nan,nan,nan,nan,nan,nan,nan,nan,nan,nan,1.2200193405,2.0100071430,inf,0.0000102520,inf,inf,inf,inf,inf,inf,inf,inf,inf,inf,inf,inf,39
1779041169.4890553951,-0.0053289980,0.0206106566,0.1075398624,0.0377165885,-0.1816948480,0.0744090971,3.1089999676,nan,nan,-0.1000000015,0.0000000000,0.3600000143,0.0000000000,nan,nan,nan,nan,nan,nan,nan,nan,nan,nan,nan,nan,nan,nan,nan,nan,nan,nan,nan,nan,nan,nan,nan,nan,nan,nan,nan,nan,nan,nan,nan,nan,nan,nan,nan,nan,nan,nan,nan,1.2300121784,2.0199999809,inf,0.0100030899,inf,inf,inf,inf,inf,inf,inf,inf,inf,inf,inf,inf,39
1779041169.4990897179,-0.0053289980,0.0206106566,0.1075398624,0.0377165885,-0.1816948480,0.0744090971,3.1089999676,nan,nan,-0.1000000015,0.0000000000,0.3600000143,0.0000000000,nan,nan,nan,nan,nan,nan,nan,nan,nan,nan,nan,nan,nan,nan,nan,nan,nan,nan,nan,nan,nan,nan,nan,nan,nan,nan,nan,nan,nan,nan,nan,nan,nan,nan,nan,nan,nan,nan,nan,1.2400465012,2.0300343037,inf,0.0200374126,inf,inf,inf,inf,inf,inf,inf,inf,inf,inf,inf,inf,39
1779041169.5090568066,-0.0053289980,0.0206106566,0.1075398624,0.0377165885,-0.1816948480,0.0744090971,3.1089999676,nan,nan,-0.1000000015,0.0000000000,0.3600000143,0.0000000000,nan,nan,nan,nan,nan,nan,nan,nan,nan,nan,nan,nan,nan,nan,nan,nan,nan,nan,nan,nan,nan,nan,nan,nan,nan,nan,nan,nan,nan,nan,nan,nan,nan,nan,nan,nan,nan,nan,nan,1.2500135899,2.0400013924,inf,0.0300045013,inf,inf,inf,inf,inf,inf,inf,inf,inf,inf,inf,inf,39
1779041169.5191037655,-0.0053289980,0.0206106566,0.1075398624,0.0377165885,-0.1816948480,0.0744090971,3.1089999676,nan,nan,-0.1000000015,0.0000000000,0.3600000143,0.0000000000,nan,nan,nan,nan,nan,nan,nan,nan,nan,nan,nan,nan,nan,nan,nan,nan,nan,nan,nan,nan,nan,nan,nan,nan,nan,nan,nan,nan,nan,nan,nan,nan,nan,nan,nan,nan,nan,nan,nan,1.2600605488,2.0500483513,inf,0.0400514603,inf,inf,inf,inf,inf,inf,inf,inf,inf,inf,inf,inf,39
1779041169.5290668011,-0.0053289980,0.0206106566,0.1075398624,0.0377165885,-0.1816948480,0.0744090971,3.1089999676,nan,nan,-0.1000000015,0.0000000000,0.3600000143,0.0000000000,nan,nan,nan,nan,nan,nan,nan,nan,nan,nan,nan,nan,nan,nan,nan,nan,nan,nan,nan,nan,nan,nan,nan,nan,nan,nan,nan,nan,nan,nan,nan,nan,nan,nan,nan,nan,nan,nan,nan,1.2700235844,2.0600113869,inf,0.0000123978,inf,inf,inf,inf,inf,inf,inf,inf,inf,inf,inf,inf,39
1779041169.5390734673,-0.0053289980,0.0206106566,0.1075398624,0.0377165885,-0.1816948480,0.0744090971,3.1089999676,nan,nan,-0.1000000015,0.0000000000,0.3600000143,0.0000000000,nan,nan,nan,nan,nan,nan,nan,nan,nan,nan,nan,nan,nan,nan,nan,nan,nan,nan,nan,nan,nan,nan,nan,nan,nan,nan,nan,nan,nan,nan,nan,nan,nan,nan,nan,nan,nan,nan,nan,1.2800302505,2.0700180531,inf,0.0100190639,inf,inf,inf,inf,inf,inf,inf,inf,inf,inf,inf,inf,39
1779041169.5490484238,-0.0053289980,0.0206106566,0.1075398624,0.0377165885,-0.1816948480,0.0744090971,3.1089999676,nan,nan,-0.1000000015,0.0000000000,0.3600000143,0.0000000000,nan,nan,nan,nan,nan,nan,nan,nan,nan,nan,nan,nan,nan,nan,nan,nan,nan,nan,nan,nan,nan,nan,nan,nan,nan,nan,nan,nan,nan,nan,nan,nan,nan,nan,nan,nan,nan,nan,nan,1.2900052071,2.0799930096,inf,0.0199940205,inf,inf,inf,inf,inf,inf,inf,inf,inf,inf,inf,inf,39
1779041169.5591270924,-0.0053289980,0.0206106566,0.1075398624,0.0377165885,-0.1816948480,0.0744090971,3.1089999676,nan,nan,-0.1000000015,0.0000000000,0.3600000143,0.0000000000,nan,nan,nan,nan,nan,nan,nan,nan,nan,nan,nan,nan,nan,nan,nan,nan,nan,nan,nan,nan,nan,nan,nan,nan,nan,nan,nan,nan,nan,nan,nan,nan,nan,nan,nan,nan,nan,nan,nan,1.3000838757,2.0900716782,inf,0.0300726891,inf,inf,inf,inf,inf,inf,inf,inf,inf,inf,inf,inf,39
1779041169.5691099167,-0.0053289980,0.0206106566,0.1075398624,0.0377165885,-0.1816948480,0.0744090971,3.1089999676,nan,nan,-0.1000000015,0.0000000000,0.3600000143,0.0000000000,nan,nan,nan,nan,nan,nan,nan,nan,nan,nan,nan,nan,nan,nan,nan,nan,nan,nan,nan,nan,nan,nan,nan,nan,nan,nan,nan,nan,nan,nan,nan,nan,nan,nan,nan,nan,nan,nan,nan,1.3100667000,2.1000545025,inf,0.0400555134,inf,inf,inf,inf,inf,inf,inf,inf,inf,inf,inf,inf,39
1779041169.5790944099,-0.0053289980,0.0206106566,0.1075398624,0.0377165885,-0.1816948480,0.0744090971,3.1089999676,nan,nan,-0.1000000015,0.0000000000,0.3600000143,0.0000000000,nan,nan,nan,nan,nan,nan,nan,nan,nan,nan,nan,nan,nan,nan,nan,nan,nan,nan,nan,nan,nan,nan,nan,nan,nan,nan,nan,nan,nan,nan,nan,nan,nan,nan,nan,nan,nan,nan,nan,1.3200511932,2.1100389957,inf,0.0000162125,inf,inf,inf,inf,inf,inf,inf,inf,inf,inf,inf,inf,39
1779041169.5890884399,-0.0053289980,0.0206106566,0.1075398624,0.0377165885,-0.1816948480,0.0744090971,3.1089999676,nan,nan,-0.1000000015,0.0000000000,0.3600000143,0.0000000000,nan,nan,nan,nan,nan,nan,nan,nan,nan,nan,nan,nan,nan,nan,nan,nan,nan,nan,nan,nan,nan,nan,nan,nan,nan,nan,nan,nan,nan,nan,nan,nan,nan,nan,nan,nan,nan,nan,nan,1.3300452232,2.1200330257,inf,0.0100102425,inf,inf,inf,inf,inf,inf,inf,inf,inf,inf,inf,inf,39
1779041169.5990831852,-0.0053289980,0.0206106566,0.1075398624,0.0377165885,-0.1816948480,0.0744090971,3.1089999676,nan,nan,-0.1000000015,0.0000000000,0.3600000143,0.0000000000,nan,nan,nan,nan,nan,nan,nan,nan,nan,nan,nan,nan,nan,nan,nan,nan,nan,nan,nan,nan,nan,nan,nan,nan,nan,nan,nan,nan,nan,nan,nan,nan,nan,nan,nan,nan,nan,nan,nan,1.3400399685,2.1300277710,inf,0.0200049877,inf,inf,inf,inf,inf,inf,inf,inf,inf,inf,inf,inf,39
1779041169.6090948582,-0.0053289980,0.0206106566,0.1075398624,0.0377165885,-0.1816948480,0.0744090971,3.1089999676,nan,nan,-0.1000000015,0.0000000000,0.3600000143,0.0000000000,nan,nan,nan,nan,nan,nan,nan,nan,nan,nan,nan,nan,nan,nan,nan,nan,nan,nan,nan,nan,nan,nan,nan,nan,nan,nan,nan,nan,nan,nan,nan,nan,nan,nan,nan,nan,nan,nan,nan,1.3500516415,2.1400394440,inf,0.0300166607,inf,inf,inf,inf,inf,inf,inf,inf,inf,inf,inf,inf,39
1779041169.6190750599,-0.0053289980,0.0206106566,0.1075398624,0.0377165885,-0.1816948480,0.0744090971,3.1089999676,nan,nan,-0.1000000015,0.0000000000,0.3600000143,0.0000000000,nan,nan,nan,nan,nan,nan,nan,nan,nan,nan,nan,nan,nan,nan,nan,nan,nan,nan,nan,nan,nan,nan,nan,nan,nan,nan,nan,nan,nan,nan,nan,nan,nan,nan,nan,nan,nan,nan,nan,1.3600318432,2.1500196457,inf,0.0399968624,inf,inf,inf,inf,inf,inf,inf,inf,inf,inf,inf,inf,39
1779041169.6291358471,-0.0053289980,0.0206106566,0.1075398624,0.0377165885,-0.1816948480,0.0744090971,3.1089999676,nan,nan,-0.1000000015,0.0000000000,0.3600000143,0.0000000000,nan,nan,nan,nan,nan,nan,nan,nan,nan,nan,nan,nan,nan,nan,nan,nan,nan,nan,nan,nan,nan,nan,nan,nan,nan,nan,nan,nan,nan,nan,nan,nan,nan,nan,nan,nan,nan,nan,nan,1.3700926304,2.1600804329,inf,0.0000200272,inf,inf,inf,inf,inf,inf,inf,inf,inf,inf,inf,inf,39
1779041169.6391057968,-0.0053289980,0.0206106566,0.1075398624,0.0377165885,-0.1816948480,0.0744090971,3.1089999676,nan,nan,-0.1000000015,0.0000000000,0.3600000143,0.0000000000,nan,nan,nan,nan,nan,nan,nan,nan,nan,nan,nan,nan,nan,nan,nan,nan,nan,nan,nan,nan,nan,nan,nan,nan,nan,nan,nan,nan,nan,nan,nan,nan,nan,nan,nan,nan,nan,nan,nan,1.3800625801,2.1700503826,inf,0.0099899769,inf,inf,inf,inf,inf,inf,inf,inf,inf,inf,inf,inf,39
1779041169.6490783691,-0.0053289980,0.0206106566,0.1075398624,0.0377165885,-0.1816948480,0.0744090971,3.1089999676,nan,nan,-0.1000000015,0.0000000000,0.3600000143,0.0000000000,nan,nan,nan,nan,nan,nan,nan,nan,nan,nan,nan,nan,nan,nan,nan,nan,nan,nan,nan,nan,nan,nan,nan,nan,nan,nan,nan,nan,nan,nan,nan,nan,nan,nan,nan,nan,nan,nan,nan,1.3900351524,2.1800229549,inf,0.0199625492,inf,inf,inf,inf,inf,inf,inf,inf,inf,inf,inf,inf,39
1779041169.6590931416,-0.0053289980,0.0206106566,0.1075398624,0.0377165885,-0.1816948480,0.0744090971,3.1089999676,nan,nan,-0.1000000015,0.0000000000,0.3600000143,0.0000000000,nan,nan,nan,nan,nan,nan,nan,nan,nan,nan,nan,nan,nan,nan,nan,nan,nan,nan,nan,nan,nan,nan,nan,nan,nan,nan,nan,nan,nan,nan,nan,nan,nan,nan,nan,nan,nan,nan,nan,1.4000499249,2.1900377274,inf,0.0299773216,inf,inf,inf,inf,inf,inf,inf,inf,inf,inf,inf,inf,39
1779041169.6690676212,-0.0053289980,0.0206106566,0.1075398624,0.0377165885,-0.1816948480,0.0744090971,3.1089999676,nan,nan,-0.1000000015,0.0000000000,0.3600000143,0.0000000000,nan,nan,nan,nan,nan,nan,nan,nan,nan,nan,nan,nan,nan,nan,nan,nan,nan,nan,nan,nan,nan,nan,nan,nan,nan,nan,nan,nan,nan,nan,nan,nan,nan,nan,nan,nan,nan,nan,nan,1.4100244045,2.2000122070,inf,0.0399518013,inf,inf,inf,inf,inf,inf,inf,inf,inf,inf,inf,inf,39
1779041169.6790378094,-0.0053289980,0.0206106566,0.1075398624,0.0377165885,-0.1816948480,0.0744090971,3.1089999676,nan,nan,-0.1000000015,0.0000000000,0.3600000143,0.0000000000,nan,nan,nan,nan,nan,nan,nan,nan,nan,nan,nan,nan,nan,nan,nan,nan,nan,nan,nan,nan,nan,nan,nan,nan,nan,nan,nan,nan,nan,nan,nan,nan,nan,nan,nan,nan,nan,nan,nan,1.4199945927,2.2099823952,inf,0.0000085831,inf,inf,inf,inf,inf,inf,inf,inf,inf,inf,inf,inf,39
1779041169.6890518665,-0.0053289980,0.0206106566,0.1075398624,0.0377165885,-0.1816948480,0.0744090971,3.1089999676,nan,nan,-0.1000000015,0.0000000000,0.3600000143,0.0000000000,nan,nan,nan,nan,nan,nan,nan,nan,nan,nan,nan,nan,nan,nan,nan,nan,nan,nan,nan,nan,nan,nan,nan,nan,nan,nan,nan,nan,nan,nan,nan,nan,nan,nan,nan,nan,nan,nan,nan,1.4300086498,2.2199964523,inf,0.0100226402,inf,inf,inf,inf,inf,inf,inf,inf,inf,inf,inf,inf,39
1779041169.6990747452,-0.0053289980,0.0206106566,0.1075398624,0.0377165885,-0.1816948480,0.0744090971,3.1089999676,nan,nan,-0.1000000015,0.0000000000,0.3600000143,0.0000000000,nan,nan,nan,nan,nan,nan,nan,nan,nan,nan,nan,nan,nan,nan,nan,nan,nan,nan,nan,nan,nan,nan,nan,nan,nan,nan,nan,nan,nan,nan,nan,nan,nan,nan,nan,nan,nan,nan,nan,1.4400315285,2.2300193310,inf,0.0200455189,inf,inf,inf,inf,inf,inf,inf,inf,inf,inf,inf,inf,39
1779041169.7090818882,-0.0053289980,0.0206106566,0.1075398624,0.0377165885,-0.1816948480,0.0744090971,3.1089999676,nan,nan,-0.1000000015,0.0000000000,0.3600000143,0.0000000000,nan,nan,nan,nan,nan,nan,nan,nan,nan,nan,nan,nan,nan,nan,nan,nan,nan,nan,nan,nan,nan,nan,nan,nan,nan,nan,nan,nan,nan,nan,nan,nan,nan,nan,nan,nan,nan,nan,nan,1.4500386715,2.2400264740,inf,0.0300526619,inf,inf,inf,inf,inf,inf,inf,inf,inf,inf,inf,inf,39
1779041169.7190618515,-0.0053289980,0.0206106566,0.1075398624,0.0377165885,-0.1816948480,0.0744090971,3.1089999676,nan,nan,-0.1000000015,0.0000000000,0.3600000143,0.0000000000,nan,nan,nan,nan,nan,nan,nan,nan,nan,nan,nan,nan,nan,nan,nan,nan,nan,nan,nan,nan,nan,nan,nan,nan,nan,nan,nan,nan,nan,nan,nan,nan,nan,nan,nan,nan,nan,nan,nan,1.4600186348,2.2500064373,inf,0.0400326252,inf,inf,inf,inf,inf,inf,inf,inf,inf,inf,inf,inf,39
1779041169.7290575504,-0.0053289980,0.0206106566,0.1075398624,0.0377165885,-0.1816948480,0.0744090971,3.1089999676,nan,nan,-0.1000000015,0.0000000000,0.3600000143,0.0000000000,nan,nan,nan,nan,nan,nan,nan,nan,nan,nan,nan,nan,nan,nan,nan,nan,nan,nan,nan,nan,nan,nan,nan,nan,nan,nan,nan,nan,nan,nan,nan,nan,nan,nan,nan,nan,nan,nan,nan,1.4700143337,2.2600021362,inf,0.0000076294,inf,inf,inf,inf,inf,inf,inf,inf,inf,inf,inf,inf,39
1779041169.7390778065,-0.0053289980,0.0206106566,0.1075398624,0.0377165885,-0.1816948480,0.0744090971,3.1089999676,nan,nan,-0.1000000015,0.0000000000,0.3600000143,0.0000000000,nan,nan,nan,nan,nan,nan,nan,nan,nan,nan,nan,nan,nan,nan,nan,nan,nan,nan,nan,nan,nan,nan,nan,nan,nan,nan,nan,nan,nan,nan,nan,nan,nan,nan,nan,nan,nan,nan,nan,1.4800345898,2.2700223923,inf,0.0100278854,inf,inf,inf,inf,inf,inf,inf,inf,inf,inf,inf,inf,39
1779041169.7490484715,-0.0053289980,0.0206106566,0.1075398624,0.0377165885,-0.1816948480,0.0744090971,3.1089999676,nan,nan,-0.1000000015,0.0000000000,0.3600000143,0.0000000000,nan,nan,nan,nan,nan,nan,nan,nan,nan,nan,nan,nan,nan,nan,nan,nan,nan,nan,nan,nan,nan,nan,nan,nan,nan,nan,nan,nan,nan,nan,nan,nan,nan,nan,nan,nan,nan,nan,nan,1.4900052547,2.2799930573,inf,0.0199985504,inf,inf,inf,inf,inf,inf,inf,inf,inf,inf,inf,inf,39
1779041169.7590875626,-0.0053289980,0.0206106566,0.1075398624,0.0377165885,-0.1816948480,0.0744090971,3.1089999676,nan,nan,-0.1000000015,0.0000000000,0.3600000143,0.0000000000,nan,nan,nan,nan,nan,nan,nan,nan,nan,nan,nan,nan,nan,nan,nan,nan,nan,nan,nan,nan,nan,nan,nan,nan,nan,nan,nan,nan,nan,nan,nan,nan,nan,nan,nan,nan,nan,nan,nan,1.5000443459,2.2900321484,inf,0.0300376415,inf,inf,inf,inf,inf,inf,inf,inf,inf,inf,inf,inf,39
1779041169.7690610886,-0.0053289980,0.0206106566,0.1075398624,0.0377165885,-0.1816948480,0.0744090971,3.1089999676,nan,nan,-0.1000000015,0.0000000000,0.3600000143,0.0000000000,nan,nan,nan,nan,nan,nan,nan,nan,nan,nan,nan,nan,nan,nan,nan,nan,nan,nan,nan,nan,nan,nan,nan,nan,nan,nan,nan,nan,nan,nan,nan,nan,nan,nan,nan,nan,nan,nan,nan,1.5100178719,2.3000056744,inf,0.0400111675,inf,inf,inf,inf,inf,inf,inf,inf,inf,inf,inf,inf,39
1779041169.7790575027,-0.0053289980,0.0206106566,0.1075398624,0.0377165885,-0.1816948480,0.0744090971,3.1089999676,nan,nan,-0.1000000015,0.0000000000,0.3600000143,0.0000000000,nan,nan,nan,nan,nan,nan,nan,nan,nan,nan,nan,nan,nan,nan,nan,nan,nan,nan,nan,nan,nan,nan,nan,nan,nan,nan,nan,nan,nan,nan,nan,nan,nan,nan,nan,nan,nan,nan,nan,1.5200142860,2.3100020885,inf,0.0000112057,inf,inf,inf,inf,inf,inf,inf,inf,inf,inf,inf,inf,39
1779041169.7891099453,-0.0053289980,0.0206106566,0.1075398624,0.0377165885,-0.1816948480,0.0744090971,3.1089999676,nan,nan,-0.1000000015,0.0000000000,0.3600000143,0.0000000000,nan,nan,nan,nan,nan,nan,nan,nan,nan,nan,nan,nan,nan,nan,nan,nan,nan,nan,nan,nan,nan,nan,nan,nan,nan,nan,nan,nan,nan,nan,nan,nan,nan,nan,nan,nan,nan,nan,nan,1.5300667286,2.3200545311,inf,0.0100636482,inf,inf,inf,inf,inf,inf,inf,inf,inf,inf,inf,inf,39
1779041169.7990944386,-0.0053289980,0.0206106566,0.1075398624,0.0377165885,-0.1816948480,0.0744090971,3.1089999676,nan,nan,-0.1000000015,0.0000000000,0.3600000143,0.0000000000,nan,nan,nan,nan,nan,nan,nan,nan,nan,nan,nan,nan,nan,nan,nan,nan,nan,nan,nan,nan,nan,nan,nan,nan,nan,nan,nan,nan,nan,nan,nan,nan,nan,nan,nan,nan,nan,nan,nan,1.5400512218,2.3300390244,inf,0.0200481415,inf,inf,inf,inf,inf,inf,inf,inf,inf,inf,inf,inf,39
1779041169.8090975285,-0.0053289980,0.0206106566,0.1075398624,0.0377165885,-0.1816948480,0.0744090971,3.1089999676,nan,nan,-0.1000000015,0.0000000000,0.3600000143,0.0000000000,nan,nan,nan,nan,nan,nan,nan,nan,nan,nan,nan,nan,nan,nan,nan,nan,nan,nan,nan,nan,nan,nan,nan,nan,nan,nan,nan,nan,nan,nan,nan,nan,nan,nan,nan,nan,nan,nan,nan,1.5500543118,2.3400421143,inf,0.0300512314,inf,inf,inf,inf,inf,inf,inf,inf,inf,inf,inf,inf,39
1779041169.8191063404,-0.0053289980,0.0206106566,0.1075398624,0.0377165885,-0.1816948480,0.0744090971,3.1089999676,nan,nan,-0.1000000015,0.0000000000,0.3600000143,0.0000000000,nan,nan,nan,nan,nan,nan,nan,nan,nan,nan,nan,nan,nan,nan,nan,nan,nan,nan,nan,nan,nan,nan,nan,nan,nan,nan,nan,nan,nan,nan,nan,nan,nan,nan,nan,nan,nan,nan,nan,1.5600631237,2.3500509262,inf,0.0400600433,inf,inf,inf,inf,inf,inf,inf,inf,inf,inf,inf,inf,39
1779041169.8290541172,-0.0053289980,0.0206106566,0.1075398624,0.0377165885,-0.1816948480,0.0744090971,3.1089999676,nan,nan,-0.1000000015,0.0000000000,0.3600000143,0.0000000000,nan,nan,nan,nan,nan,nan,nan,nan,nan,nan,nan,nan,nan,nan,nan,nan,nan,nan,nan,nan,nan,nan,nan,nan,nan,nan,nan,nan,nan,nan,nan,nan,nan,nan,nan,nan,nan,nan,nan,1.5700109005,2.3599987030,inf,0.0000121593,inf,inf,inf,inf,inf,inf,inf,inf,inf,inf,inf,inf,39
1779041169.8390893936,-0.0053289980,0.0206106566,0.1075398624,0.0377165885,-0.1816948480,0.0744090971,3.1089999676,nan,nan,-0.1000000015,0.0000000000,0.3600000143,0.0000000000,nan,nan,nan,nan,nan,nan,nan,nan,nan,nan,nan,nan,nan,nan,nan,nan,nan,nan,nan,nan,nan,nan,nan,nan,nan,nan,nan,nan,nan,nan,nan,nan,nan,nan,nan,nan,nan,nan,nan,1.5800461769,2.3700339794,inf,0.0100474358,inf,inf,inf,inf,inf,inf,inf,inf,inf,inf,inf,inf,39
1779041169.8490998745,-0.0053289980,0.0206106566,0.1075398624,0.0377165885,-0.1816948480,0.0744090971,3.1089999676,nan,nan,-0.1000000015,0.0000000000,0.3600000143,0.0000000000,nan,nan,nan,nan,nan,nan,nan,nan,nan,nan,nan,nan,nan,nan,nan,nan,nan,nan,nan,nan,nan,nan,nan,nan,nan,nan,nan,nan,nan,nan,nan,nan,nan,nan,nan,nan,nan,nan,nan,1.5900566578,2.3800444603,inf,0.0200579166,inf,inf,inf,inf,inf,inf,inf,inf,inf,inf,inf,inf,39
1779041169.8591146469,-0.0053289980,0.0206106566,0.1075398624,0.0377165885,-0.1816948480,0.0744090971,3.1089999676,nan,nan,-0.1000000015,0.0000000000,0.3600000143,0.0000000000,nan,nan,nan,nan,nan,nan,nan,nan,nan,nan,nan,nan,nan,nan,nan,nan,nan,nan,nan,nan,nan,nan,nan,nan,nan,nan,nan,nan,nan,nan,nan,nan,nan,nan,nan,nan,nan,nan,nan,1.6000714302,2.3900592327,inf,0.0300726891,inf,inf,inf,inf,inf,inf,inf,inf,inf,inf,inf,inf,39
1779041169.8691029549,-0.0053289980,0.0206106566,0.1075398624,0.0377165885,-0.1816948480,0.0744090971,3.1089999676,nan,nan,-0.1000000015,0.0000000000,0.3600000143,0.0000000000,nan,nan,nan,nan,nan,nan,nan,nan,nan,nan,nan,nan,nan,nan,nan,nan,nan,nan,nan,nan,nan,nan,nan,nan,nan,nan,nan,nan,nan,nan,nan,nan,nan,nan,nan,nan,nan,nan,nan,1.6100597382,2.4000475407,inf,0.0400609970,inf,inf,inf,inf,inf,inf,inf,inf,inf,inf,inf,inf,39
1779041169.8790881634,-0.0053289980,0.0206106566,0.1075398624,0.0377165885,-0.1816948480,0.0744090971,3.1089999676,nan,nan,-0.1000000015,0.0000000000,0.3600000143,0.0000000000,nan,nan,nan,nan,nan,nan,nan,nan,nan,nan,nan,nan,nan,nan,nan,nan,nan,nan,nan,nan,nan,nan,nan,nan,nan,nan,nan,nan,nan,nan,nan,nan,nan,nan,nan,nan,nan,nan,nan,1.6200449467,2.4100327492,inf,0.0000123978,inf,inf,inf,inf,inf,inf,inf,inf,inf,inf,inf,inf,39
1779041169.8891041279,-0.0053289980,0.0206106566,0.1075398624,0.0377165885,-0.1816948480,0.0744090971,3.1089999676,nan,nan,-0.1000000015,0.0000000000,0.3600000143,0.0000000000,nan,nan,nan,nan,nan,nan,nan,nan,nan,nan,nan,nan,nan,nan,nan,nan,nan,nan,nan,nan,nan,nan,nan,nan,nan,nan,nan,nan,nan,nan,nan,nan,nan,nan,nan,nan,nan,nan,nan,1.6300609112,2.4200487137,inf,0.0100283623,inf,inf,inf,inf,inf,inf,inf,inf,inf,inf,inf,inf,39
1779041169.8991184235,-0.0053289980,0.0206106566,0.1075398624,0.0377165885,-0.1816948480,0.0744090971,3.1089999676,nan,nan,-0.1000000015,0.0000000000,0.3600000143,0.0000000000,nan,nan,nan,nan,nan,nan,nan,nan,nan,nan,nan,nan,nan,nan,nan,nan,nan,nan,nan,nan,nan,nan,nan,nan,nan,nan,nan,nan,nan,nan,nan,nan,nan,nan,nan,nan,nan,nan,nan,1.6400752068,2.4300630093,inf,0.0200426579,inf,inf,inf,inf,inf,inf,inf,inf,inf,inf,inf,inf,39
1779041169.9091544151,-0.0053289980,0.0206106566,0.1075398624,0.0377165885,-0.1816948480,0.0744090971,3.1089999676,nan,nan,-0.1000000015,0.0000000000,0.3600000143,0.0000000000,nan,nan,nan,nan,nan,nan,nan,nan,nan,nan,nan,nan,nan,nan,nan,nan,nan,nan,nan,nan,nan,nan,nan,nan,nan,nan,nan,nan,nan,nan,nan,nan,nan,nan,nan,nan,nan,nan,nan,1.6501111984,2.4400990009,inf,0.0300786495,inf,inf,inf,inf,inf,inf,inf,inf,inf,inf,inf,inf,39
1779041169.9191284180,-0.0053289980,0.0206106566,0.1075398624,0.0377165885,-0.1816948480,0.0744090971,3.1089999676,nan,nan,-0.1000000015,0.0000000000,0.3600000143,0.0000000000,nan,nan,nan,nan,nan,nan,nan,nan,nan,nan,nan,nan,nan,nan,nan,nan,nan,nan,nan,nan,nan,nan,nan,nan,nan,nan,nan,nan,nan,nan,nan,nan,nan,nan,nan,nan,nan,nan,nan,1.6600852013,2.4500730038,inf,0.0400526524,inf,inf,inf,inf,inf,inf,inf,inf,inf,inf,inf,inf,39
1779041169.9291045666,-0.0053289980,0.0206106566,0.1075398624,0.0377165885,-0.1816948480,0.0744090971,3.1089999676,nan,nan,-0.1000000015,0.0000000000,0.3600000143,0.0000000000,nan,nan,nan,nan,nan,nan,nan,nan,nan,nan,nan,nan,nan,nan,nan,nan,nan,nan,nan,nan,nan,nan,nan,nan,nan,nan,nan,nan,nan,nan,nan,nan,nan,nan,nan,nan,nan,nan,nan,1.6700613499,2.4600491524,inf,0.0000174046,inf,inf,inf,inf,inf,inf,inf,inf,inf,inf,inf,inf,39
1779041169.9391257763,-0.0053289980,0.0206106566,0.1075398624,0.0377165885,-0.1816948480,0.0744090971,3.1089999676,nan,nan,-0.1000000015,0.0000000000,0.3600000143,0.0000000000,nan,nan,nan,nan,nan,nan,nan,nan,nan,nan,nan,nan,nan,nan,nan,nan,nan,nan,nan,nan,nan,nan,nan,nan,nan,nan,nan,nan,nan,nan,nan,nan,nan,nan,nan,nan,nan,nan,nan,1.6800825596,2.4700703621,inf,0.0100386143,inf,inf,inf,inf,inf,inf,inf,inf,inf,inf,inf,inf,39
1779041169.9491031170,-0.0053289980,0.0206106566,0.1075398624,0.0377165885,-0.1816948480,0.0744090971,3.1089999676,nan,nan,-0.1000000015,0.0000000000,0.3600000143,0.0000000000,nan,nan,nan,nan,nan,nan,nan,nan,nan,nan,nan,nan,nan,nan,nan,nan,nan,nan,nan,nan,nan,nan,nan,nan,nan,nan,nan,nan,nan,nan,nan,nan,nan,nan,nan,nan,nan,nan,nan,1.6900599003,2.4800477028,inf,0.0200159550,inf,inf,inf,inf,inf,inf,inf,inf,inf,inf,inf,inf,39
1779041169.9590756893,-0.0053289980,0.0206106566,0.1075398624,0.0377165885,-0.1816948480,0.0744090971,3.1089999676,nan,nan,-0.1000000015,0.0000000000,0.3600000143,0.0000000000,nan,nan,nan,nan,nan,nan,nan,nan,nan,nan,nan,nan,nan,nan,nan,nan,nan,nan,nan,nan,nan,nan,nan,nan,nan,nan,nan,nan,nan,nan,nan,nan,nan,nan,nan,nan,nan,nan,nan,1.7000324726,2.4900202751,inf,0.0299885273,inf,inf,inf,inf,inf,inf,inf,inf,inf,inf,inf,inf,39
1779041169.9691197872,-0.0053289980,0.0206106566,0.1075398624,0.0377165885,-0.1816948480,0.0744090971,3.1089999676,nan,nan,-0.1000000015,0.0000000000,0.3600000143,0.0000000000,nan,nan,nan,nan,nan,nan,nan,nan,nan,nan,nan,nan,nan,nan,nan,nan,nan,nan,nan,nan,nan,nan,nan,nan,nan,nan,nan,nan,nan,nan,nan,nan,nan,nan,nan,nan,nan,nan,nan,1.7100765705,2.5000643730,inf,0.0400326252,inf,inf,inf,inf,inf,inf,inf,inf,inf,inf,inf,inf,39
1779041169.9791162014,-0.0053289980,0.0206106566,0.1075398624,0.0377165885,-0.1816948480,0.0744090971,3.1089999676,nan,nan,-0.1000000015,0.0000000000,0.3600000143,0.0000000000,nan,nan,nan,nan,nan,nan,nan,nan,nan,nan,nan,nan,nan,nan,nan,nan,nan,nan,nan,nan,nan,nan,nan,nan,nan,nan,nan,nan,nan,nan,nan,nan,nan,nan,nan,nan,nan,nan,nan,1.7200729847,2.5100607872,inf,0.0000195503,inf,inf,inf,inf,inf,inf,inf,inf,inf,inf,inf,inf,39
1779041169.9890882969,-0.0053289980,0.0206106566,0.1075398624,0.0377165885,-0.1816948480,0.0744090971,3.1089999676,nan,nan,-0.1000000015,0.0000000000,0.3600000143,0.0000000000,nan,nan,nan,nan,nan,nan,nan,nan,nan,nan,nan,nan,nan,nan,nan,nan,nan,nan,nan,nan,nan,nan,nan,nan,nan,nan,nan,nan,nan,nan,nan,nan,nan,nan,nan,nan,nan,nan,nan,1.7300450802,2.5200328827,inf,0.0099916458,inf,inf,inf,inf,inf,inf,inf,inf,inf,inf,inf,inf,39
1779041169.9991509914,-0.0053289980,0.0206106566,0.1075398624,0.0377165885,-0.1816948480,0.0744090971,3.1089999676,nan,nan,-0.1000000015,0.0000000000,0.3600000143,0.0000000000,nan,nan,nan,nan,nan,nan,nan,nan,nan,nan,nan,nan,nan,nan,nan,nan,nan,nan,nan,nan,nan,nan,nan,nan,nan,nan,nan,nan,nan,nan,nan,nan,nan,nan,nan,nan,nan,nan,nan,1.7401077747,2.5300955772,inf,0.0200543404,inf,inf,inf,inf,inf,inf,inf,inf,inf,inf,inf,inf,39
1779041170.0090751648,-0.0053289980,0.0206106566,0.1075398624,0.0377165885,-0.1816948480,0.0744090971,3.1089999676,nan,nan,-0.1000000015,0.0000000000,0.3600000143,0.0000000000,nan,nan,nan,nan,nan,nan,nan,nan,nan,nan,nan,nan,nan,nan,nan,nan,nan,nan,nan,nan,nan,nan,nan,nan,nan,nan,nan,nan,nan,nan,nan,nan,nan,nan,nan,nan,nan,nan,nan,1.7500319481,2.5400197506,inf,0.0299785137,inf,inf,inf,inf,inf,inf,inf,inf,inf,inf,inf,inf,39
1779041170.0191218853,-0.0053289980,0.0206106566,0.1075398624,0.0377165885,-0.1816948480,0.0744090971,3.1089999676,nan,nan,-0.1000000015,0.0000000000,0.3600000143,0.0000000000,nan,nan,nan,nan,nan,nan,nan,nan,nan,nan,nan,nan,nan,nan,nan,nan,nan,nan,nan,nan,nan,nan,nan,nan,nan,nan,nan,nan,nan,nan,nan,nan,nan,nan,nan,nan,nan,nan,nan,1.7600786686,2.5500664711,inf,0.0400252342,inf,inf,inf,inf,inf,inf,inf,inf,inf,inf,inf,inf,39
1779041170.0291416645,-0.0053289980,0.0206106566,0.1075398624,0.0377165885,-0.1816948480,0.0744090971,3.1089999676,nan,nan,-0.1000000015,0.0000000000,0.3600000143,0.0000000000,nan,nan,nan,nan,nan,nan,nan,nan,nan,nan,nan,nan,nan,nan,nan,nan,nan,nan,nan,nan,nan,nan,nan,nan,nan,nan,nan,nan,nan,nan,nan,nan,nan,nan,nan,nan,nan,nan,nan,1.7700984478,2.5600862503,inf,0.0000202656,inf,inf,inf,inf,inf,inf,inf,inf,inf,inf,inf,inf,39
1779041170.0391581059,-0.0053289980,0.0206106566,0.1075398624,0.0377165885,-0.1816948480,0.0744090971,3.1089999676,nan,nan,-0.1000000015,0.0000000000,0.3600000143,0.0000000000,nan,nan,nan,nan,nan,nan,nan,nan,nan,nan,nan,nan,nan,nan,nan,nan,nan,nan,nan,nan,nan,nan,nan,nan,nan,nan,nan,nan,nan,nan,nan,nan,nan,nan,nan,nan,nan,nan,nan,1.7801148891,2.5701026917,inf,0.0100367069,inf,inf,inf,inf,inf,inf,inf,inf,inf,inf,inf,inf,39
1779041170.0491507053,-0.0053289980,0.0206106566,0.1075398624,0.0377165885,-0.1816948480,0.0744090971,3.1089999676,nan,nan,-0.1000000015,0.0000000000,0.3600000143,0.0000000000,nan,nan,nan,nan,nan,nan,nan,nan,nan,nan,nan,nan,nan,nan,nan,nan,nan,nan,nan,nan,nan,nan,nan,nan,nan,nan,nan,nan,nan,nan,nan,nan,nan,nan,nan,nan,nan,nan,nan,1.7901074886,2.5800952911,inf,0.0200293064,inf,inf,inf,inf,inf,inf,inf,inf,inf,inf,inf,inf,39
1779041170.0591669083,-0.0053289980,0.0206106566,0.1075398624,0.0377165885,-0.1816948480,0.0744090971,3.1089999676,nan,nan,-0.1000000015,0.0000000000,0.3600000143,0.0000000000,nan,nan,nan,nan,nan,nan,nan,nan,nan,nan,nan,nan,nan,nan,nan,nan,nan,nan,nan,nan,nan,nan,nan,nan,nan,nan,nan,nan,nan,nan,nan,nan,nan,nan,nan,nan,nan,nan,nan,1.8001236916,2.5901114941,inf,0.0300455093,inf,inf,inf,inf,inf,inf,inf,inf,inf,inf,inf,inf,39
1779041170.0691328049,-0.0053289980,0.0206106566,0.1075398624,0.0377165885,-0.1816948480,0.0744090971,3.1089999676,nan,nan,-0.1000000015,0.0000000000,0.3600000143,0.0000000000,nan,nan,nan,nan,nan,nan,nan,nan,nan,nan,nan,nan,nan,nan,nan,nan,nan,nan,nan,nan,nan,nan,nan,nan,nan,nan,nan,nan,nan,nan,nan,nan,nan,nan,nan,nan,nan,nan,nan,1.8100895882,2.6000773907,inf,0.0400114059,inf,inf,inf,inf,inf,inf,inf,inf,inf,inf,inf,inf,39
1779041170.0791342258,-0.0053289980,0.0206106566,0.1075398624,0.0377165885,-0.1816948480,0.0744090971,3.1089999676,nan,nan,-0.1000000015,0.0000000000,0.3600000143,0.0000000000,nan,nan,nan,nan,nan,nan,nan,nan,nan,nan,nan,nan,nan,nan,nan,nan,nan,nan,nan,nan,nan,nan,nan,nan,nan,nan,nan,nan,nan,nan,nan,nan,nan,nan,nan,nan,nan,nan,nan,1.8200910091,2.6100788116,inf,0.0000207424,inf,inf,inf,inf,inf,inf,inf,inf,inf,inf,inf,inf,39
1779041170.0891404152,-0.0053289980,0.0206106566,0.1075398624,0.0377165885,-0.1816948480,0.0744090971,3.1089999676,nan,nan,-0.1000000015,0.0000000000,0.3600000143,0.0000000000,nan,nan,nan,nan,nan,nan,nan,nan,nan,nan,nan,nan,nan,nan,nan,nan,nan,nan,nan,nan,nan,nan,nan,nan,nan,nan,nan,nan,nan,nan,nan,nan,nan,nan,nan,nan,nan,nan,nan,1.8300971985,2.6200850010,inf,0.0100269318,inf,inf,inf,inf,inf,inf,inf,inf,inf,inf,inf,inf,39
1779041170.0991191864,-0.0053289980,0.0206106566,0.1075398624,0.0377165885,-0.1816948480,0.0744090971,3.1089999676,nan,nan,-0.1000000015,0.0000000000,0.3600000143,0.0000000000,nan,nan,nan,nan,nan,nan,nan,nan,nan,nan,nan,nan,nan,nan,nan,nan,nan,nan,nan,nan,nan,nan,nan,nan,nan,nan,nan,nan,nan,nan,nan,nan,nan,nan,nan,nan,nan,nan,nan,1.8400759697,2.6300637722,inf,0.0200057030,inf,inf,inf,inf,inf,inf,inf,inf,inf,inf,inf,inf,39
1779041170.1091620922,-0.0053289980,0.0206106566,0.1075398624,0.0377165885,-0.1816948480,0.0744090971,3.1089999676,nan,nan,-0.1000000015,0.0000000000,0.3600000143,0.0000000000,nan,nan,nan,nan,nan,nan,nan,nan,nan,nan,nan,nan,nan,nan,nan,nan,nan,nan,nan,nan,nan,nan,nan,nan,nan,nan,nan,nan,nan,nan,nan,nan,nan,nan,nan,nan,nan,nan,nan,1.8501188755,2.6401066780,inf,0.0300486088,inf,inf,inf,inf,inf,inf,inf,inf,inf,inf,inf,inf,39
1779041170.1191399097,-0.0053289980,0.0206106566,0.1075398624,0.0377165885,-0.1816948480,0.0744090971,3.1089999676,nan,nan,-0.1000000015,0.0000000000,0.3600000143,0.0000000000,nan,nan,nan,nan,nan,nan,nan,nan,nan,nan,nan,nan,nan,nan,nan,nan,nan,nan,nan,nan,nan,nan,nan,nan,nan,nan,nan,nan,nan,nan,nan,nan,nan,nan,nan,nan,nan,nan,nan,1.8600966930,2.6500844955,inf,0.0400264263,inf,inf,inf,inf,inf,inf,inf,inf,inf,inf,inf,inf,39
1779041170.1291449070,-0.0053289980,0.0206106566,0.1075398624,0.0377165885,-0.1816948480,0.0744090971,3.1089999676,nan,nan,-0.1000000015,0.0000000000,0.3600000143,0.0000000000,nan,nan,nan,nan,nan,nan,nan,nan,nan,nan,nan,nan,nan,nan,nan,nan,nan,nan,nan,nan,nan,nan,nan,nan,nan,nan,nan,nan,nan,nan,nan,nan,nan,nan,nan,nan,nan,nan,nan,1.8701016903,2.6600894928,inf,0.0000185966,inf,inf,inf,inf,inf,inf,inf,inf,inf,inf,inf,inf,39
1779041170.1391241550,-0.0053289980,0.0206106566,0.1075398624,0.0377165885,-0.1816948480,0.0744090971,3.1089999676,nan,nan,-0.1000000015,0.0000000000,0.3600000143,0.0000000000,nan,nan,nan,nan,nan,nan,nan,nan,nan,nan,nan,nan,nan,nan,nan,nan,nan,nan,nan,nan,nan,nan,nan,nan,nan,nan,nan,nan,nan,nan,nan,nan,nan,nan,nan,nan,nan,nan,nan,1.8800809383,2.6700687408,inf,0.0099978447,inf,inf,inf,inf,inf,inf,inf,inf,inf,inf,inf,inf,39
1779041170.1491458416,-0.0053289980,0.0206106566,0.1075398624,0.0377165885,-0.1816948480,0.0744090971,3.1089999676,nan,nan,-0.1000000015,0.0000000000,0.3600000143,0.0000000000,nan,nan,nan,nan,nan,nan,nan,nan,nan,nan,nan,nan,nan,nan,nan,nan,nan,nan,nan,nan,nan,nan,nan,nan,nan,nan,nan,nan,nan,nan,nan,nan,nan,nan,nan,nan,nan,nan,nan,1.8901026249,2.6800904274,inf,0.0200195312,inf,inf,inf,inf,inf,inf,inf,inf,inf,inf,inf,inf,39
1779041170.1591560841,-0.0053289980,0.0206106566,0.1075398624,0.0377165885,-0.1816948480,0.0744090971,3.1089999676,nan,nan,-0.1000000015,0.0000000000,0.3600000143,0.0000000000,nan,nan,nan,nan,nan,nan,nan,nan,nan,nan,nan,nan,nan,nan,nan,nan,nan,nan,nan,nan,nan,nan,nan,nan,nan,nan,nan,nan,nan,nan,nan,nan,nan,nan,nan,nan,nan,nan,nan,1.9001128674,2.6901006699,inf,0.0300297737,inf,inf,inf,inf,inf,inf,inf,inf,inf,inf,inf,inf,39
1779041170.1691141129,-0.0053289980,0.0206106566,0.1075398624,0.0377165885,-0.1816948480,0.0744090971,3.1089999676,nan,nan,-0.1000000015,0.0000000000,0.3600000143,0.0000000000,nan,nan,nan,nan,nan,nan,nan,nan,nan,nan,nan,nan,nan,nan,nan,nan,nan,nan,nan,nan,nan,nan,nan,nan,nan,nan,nan,nan,nan,nan,nan,nan,nan,nan,nan,nan,nan,nan,nan,1.9100708961,2.7000586987,inf,0.0399878025,inf,inf,inf,inf,inf,inf,inf,inf,inf,inf,inf,inf,39
1779041170.1791632175,-0.0053289980,0.0206106566,0.1075398624,0.0377165885,-0.1816948480,0.0744090971,3.1089999676,nan,nan,-0.1000000015,0.0000000000,0.3600000143,0.0000000000,nan,nan,nan,nan,nan,nan,nan,nan,nan,nan,nan,nan,nan,nan,nan,nan,nan,nan,nan,nan,nan,nan,nan,nan,nan,nan,nan,nan,nan,nan,nan,nan,nan,nan,nan,nan,nan,nan,nan,1.9201200008,2.7101078033,inf,0.0000221729,inf,inf,inf,inf,inf,inf,inf,inf,inf,inf,inf,inf,39
1779041170.1891379356,-0.0053289980,0.0206106566,0.1075398624,0.0377165885,-0.1816948480,0.0744090971,3.1089999676,nan,nan,-0.1000000015,0.0000000000,0.3600000143,0.0000000000,nan,nan,nan,nan,nan,nan,nan,nan,nan,nan,nan,nan,nan,nan,nan,nan,nan,nan,nan,nan,nan,nan,nan,nan,nan,nan,nan,nan,nan,nan,nan,nan,nan,nan,nan,nan,nan,nan,nan,1.9300947189,2.7200825214,inf,0.0099968910,inf,inf,inf,inf,inf,inf,inf,inf,inf,inf,inf,inf,39
1779041170.1991043091,-0.0053289980,0.0206106566,0.1075398624,0.0377165885,-0.1816948480,0.0744090971,3.1089999676,nan,nan,-0.1000000015,0.0000000000,0.3600000143,0.0000000000,nan,nan,nan,nan,nan,nan,nan,nan,nan,nan,nan,nan,nan,nan,nan,nan,nan,nan,nan,nan,nan,nan,nan,nan,nan,nan,nan,nan,nan,nan,nan,nan,nan,nan,nan,nan,nan,nan,nan,1.9400610924,2.7300488949,inf,0.0199632645,inf,inf,inf,inf,inf,inf,inf,inf,inf,inf,inf,inf,39
1779041170.2091295719,-0.0053289980,0.0206106566,0.1075398624,0.0377165885,-0.1816948480,0.0744090971,3.1089999676,nan,nan,-0.1000000015,0.0000000000,0.3600000143,0.0000000000,nan,nan,nan,nan,nan,nan,nan,nan,nan,nan,nan,nan,nan,nan,nan,nan,nan,nan,nan,nan,nan,nan,nan,nan,nan,nan,nan,nan,nan,nan,nan,nan,nan,nan,nan,nan,nan,nan,nan,1.9500863552,2.7400741577,inf,0.0299885273,inf,inf,inf,inf,inf,inf,inf,inf,inf,inf,inf,inf,39
1779041170.2191205025,-0.0053289980,0.0206106566,0.1075398624,0.0377165885,-0.1816948480,0.0744090971,3.1089999676,nan,nan,-0.1000000015,0.0000000000,0.3600000143,0.0000000000,nan,nan,nan,nan,nan,nan,nan,nan,nan,nan,nan,nan,nan,nan,nan,nan,nan,nan,nan,nan,nan,nan,nan,nan,nan,nan,nan,nan,nan,nan,nan,nan,nan,nan,nan,nan,nan,nan,nan,1.9600772858,2.7500650883,inf,0.0399794579,inf,inf,inf,inf,inf,inf,inf,inf,inf,inf,inf,inf,39
1779041170.2291281223,-0.0053289980,0.0206106566,0.1075398624,0.0377165885,-0.1816948480,0.0744090971,3.1089999676,nan,nan,-0.1000000015,0.0000000000,0.3600000143,0.0000000000,nan,nan,nan,nan,nan,nan,nan,nan,nan,nan,nan,nan,nan,nan,nan,nan,nan,nan,nan,nan,nan,nan,nan,nan,nan,nan,nan,nan,nan,nan,nan,nan,nan,nan,nan,nan,nan,nan,nan,1.9700849056,2.7600727081,inf,0.0499870777,inf,inf,inf,inf,inf,inf,inf,inf,inf,inf,inf,inf,39
1779041170.2391316891,-0.0053289980,0.0206106566,0.1075398624,0.0377165885,-0.1816948480,0.0744090971,3.1089999676,nan,nan,-0.1000000015,0.0000000000,0.3600000143,0.0000000000,nan,nan,nan,nan,nan,nan,nan,nan,nan,nan,nan,nan,nan,nan,nan,nan,nan,nan,nan,nan,nan,nan,nan,nan,nan,nan,nan,nan,nan,nan,nan,nan,nan,nan,nan,nan,nan,nan,nan,1.9800884724,2.7700762749,inf,0.0599906445,inf,inf,inf,inf,inf,inf,inf,inf,inf,inf,inf,inf,39
1779041170.2491323948,-0.0053289980,0.0206106566,0.1075398624,0.0377165885,-0.1816948480,0.0744090971,3.1089999676,nan,nan,-0.1000000015,0.0000000000,0.3600000143,0.0000000000,nan,nan,nan,nan,nan,nan,nan,nan,nan,nan,nan,nan,nan,nan,nan,nan,nan,nan,nan,nan,nan,nan,nan,nan,nan,nan,nan,nan,nan,nan,nan,nan,nan,nan,nan,nan,nan,nan,nan,1.9900891781,2.7800769806,inf,0.0699913502,inf,inf,inf,inf,inf,inf,inf,inf,inf,inf,inf,inf,39
1779041170.2591228485,-0.0053289980,0.0206106566,0.1075398624,0.0377165885,-0.1816948480,0.0744090971,3.1089999676,nan,nan,-0.1000000015,0.0000000000,0.3600000143,0.0000000000,nan,nan,nan,nan,nan,nan,nan,nan,nan,nan,nan,nan,nan,nan,nan,nan,nan,nan,nan,nan,nan,nan,nan,nan,nan,nan,nan,nan,nan,nan,nan,nan,nan,nan,nan,nan,nan,nan,nan,2.0000796318,2.7900674343,inf,0.0799818039,inf,inf,inf,inf,inf,inf,inf,inf,inf,inf,inf,inf,35
1779041170.2691233158,-0.0053289980,0.0206106566,0.1075398624,0.0377165885,-0.1816948480,0.0744090971,3.1089999676,nan,nan,-0.1000000015,0.0000000000,0.3600000143,0.0000000000,nan,nan,nan,nan,nan,nan,nan,nan,nan,nan,nan,nan,nan,nan,nan,nan,nan,nan,nan,nan,nan,nan,nan,nan,nan,nan,nan,nan,nan,nan,nan,nan,nan,nan,nan,nan,nan,nan,nan,2.0100800991,2.8000679016,inf,0.0899822712,inf,inf,inf,inf,inf,inf,inf,inf,inf,inf,inf,inf,35
1779041170.2791025639,-0.0053289980,0.0206106566,0.1075398624,0.0377165885,-0.1816948480,0.0744090971,3.1089999676,nan,nan,-0.1000000015,0.0000000000,0.3600000143,0.0000000000,nan,nan,nan,nan,nan,nan,nan,nan,nan,nan,nan,nan,nan,nan,nan,nan,nan,nan,nan,nan,nan,nan,nan,nan,nan,nan,nan,nan,nan,nan,nan,nan,nan,nan,nan,nan,nan,nan,nan,2.0200593472,2.8100471497,inf,0.0999615192,inf,inf,inf,inf,inf,inf,inf,inf,inf,inf,inf,inf,35
1779041170.2890896797,-0.0053289980,0.0206106566,0.1075398624,0.0377165885,-0.1816948480,0.0744090971,3.1089999676,nan,nan,-0.1000000015,0.0000000000,0.3600000143,0.0000000000,nan,nan,nan,nan,nan,nan,nan,nan,nan,nan,nan,nan,nan,nan,nan,nan,nan,nan,nan,nan,nan,nan,nan,nan,nan,nan,nan,nan,nan,nan,nan,nan,nan,nan,nan,nan,nan,nan,nan,2.0300464630,2.8200342655,inf,0.1099486351,inf,inf,inf,inf,inf,inf,inf,inf,inf,inf,inf,inf,35
1779041170.2990694046,-0.0053289980,0.0206106566,0.1075398624,0.0377165885,-0.1816948480,0.0744090971,3.1089999676,nan,nan,-0.1000000015,0.0000000000,0.3600000143,0.0000000000,nan,nan,nan,nan,nan,nan,nan,nan,nan,nan,nan,nan,nan,nan,nan,nan,nan,nan,nan,nan,nan,nan,nan,nan,nan,nan,nan,nan,nan,nan,nan,nan,nan,nan,nan,nan,nan,nan,nan,2.0400261879,2.8300139904,inf,0.1199283600,inf,inf,inf,inf,inf,inf,inf,inf,inf,inf,inf,inf,35
1779041170.3090527058,-0.0053289980,0.0206106566,0.1075398624,0.0377165885,-0.1816948480,0.0744090971,3.1089999676,nan,nan,-0.1000000015,0.0000000000,0.3600000143,0.0000000000,nan,nan,nan,nan,nan,nan,nan,nan,nan,nan,nan,nan,nan,nan,nan,nan,nan,nan,nan,nan,nan,nan,nan,nan,nan,nan,nan,nan,nan,nan,nan,nan,nan,nan,nan,nan,nan,nan,nan,2.0500094891,2.8399972916,inf,0.1299116611,inf,inf,inf,inf,inf,inf,inf,inf,inf,inf,inf,inf,35
1779041170.3190734386,-0.0053289980,0.0206106566,0.1075398624,0.0377165885,-0.1816948480,0.0744090971,3.1089999676,nan,nan,-0.1000000015,0.0000000000,0.3600000143,0.0000000000,nan,nan,nan,nan,nan,nan,nan,nan,nan,nan,nan,nan,nan,nan,nan,nan,nan,nan,nan,nan,nan,nan,nan,nan,nan,nan,nan,nan,nan,nan,nan,nan,nan,nan,nan,nan,nan,nan,nan,2.0600302219,2.8500180244,inf,0.1399323940,inf,inf,inf,inf,inf,inf,inf,inf,inf,inf,inf,inf,35
1779041170.3290414810,-0.0053289980,0.0206106566,0.1075398624,0.0377165885,-0.1816948480,0.0744090971,3.1089999676,nan,nan,-0.1000000015,0.0000000000,0.3600000143,0.0000000000,nan,nan,nan,nan,nan,nan,nan,nan,nan,nan,nan,nan,nan,nan,nan,nan,nan,nan,nan,nan,nan,nan,nan,nan,nan,nan,nan,nan,nan,nan,nan,nan,nan,nan,nan,nan,nan,nan,nan,2.0699982643,2.8599860668,inf,0.1499004364,inf,inf,inf,inf,inf,inf,inf,inf,inf,inf,inf,inf,35
1779041170.3391609192,-0.0053289980,0.0206106566,0.1075398624,0.0377165885,-0.1816948480,0.0744090971,3.1089999676,nan,nan,-0.1000000015,0.0000000000,0.3600000143,0.0000000000,nan,nan,nan,nan,nan,nan,nan,nan,nan,nan,nan,nan,nan,nan,nan,nan,nan,nan,nan,nan,nan,nan,nan,nan,nan,nan,nan,nan,nan,nan,nan,nan,nan,nan,nan,nan,nan,nan,nan,2.0801177025,2.8701055050,inf,0.1600198746,inf,inf,inf,inf,inf,inf,inf,inf,inf,inf,inf,inf,35
1779041170.3491308689,-0.0053289980,0.0206106566,0.1075398624,0.0377165885,-0.1816948480,0.0744090971,3.1089999676,nan,nan,-0.1000000015,0.0000000000,0.3600000143,0.0000000000,nan,nan,nan,nan,nan,nan,nan,nan,nan,nan,nan,nan,nan,nan,nan,nan,nan,nan,nan,nan,nan,nan,nan,nan,nan,nan,nan,nan,nan,nan,nan,nan,nan,nan,nan,nan,nan,nan,nan,2.0900876522,2.8800754547,inf,0.1699898243,inf,inf,inf,inf,inf,inf,inf,inf,inf,inf,inf,inf,35
1779041170.3591129780,-0.0053289980,0.0206106566,0.1075398624,0.0377165885,-0.1816948480,0.0744090971,3.1089999676,nan,nan,-0.1000000015,0.0000000000,0.3600000143,0.0000000000,nan,nan,nan,nan,nan,nan,nan,nan,nan,nan,nan,nan,nan,nan,nan,nan,nan,nan,nan,nan,nan,nan,nan,nan,nan,nan,nan,nan,nan,nan,nan,nan,nan,nan,nan,nan,nan,nan,nan,2.1000697613,2.8900575638,inf,0.1799719334,inf,inf,inf,inf,inf,inf,inf,inf,inf,inf,inf,inf,35
1779041170.3691084385,-0.0053289980,0.0206106566,0.1075398624,0.0377165885,-0.1816948480,0.0744090971,3.1089999676,nan,nan,-0.1000000015,0.0000000000,0.3600000143,0.0000000000,nan,nan,nan,nan,nan,nan,nan,nan,nan,nan,nan,nan,nan,nan,nan,nan,nan,nan,nan,nan,nan,nan,nan,nan,nan,nan,nan,nan,nan,nan,nan,nan,nan,nan,nan,nan,nan,nan,nan,2.1100652218,2.9000530243,inf,0.1899673939,inf,inf,inf,inf,inf,inf,inf,inf,inf,inf,inf,inf,35
1779041170.3791167736,-0.0053289980,0.0206106566,0.1075398624,0.0377165885,-0.1816948480,0.0744090971,3.1089999676,nan,nan,-0.1000000015,0.0000000000,0.3600000143,0.0000000000,nan,nan,nan,nan,nan,nan,nan,nan,nan,nan,nan,nan,nan,nan,nan,nan,nan,nan,nan,nan,nan,nan,nan,nan,nan,nan,nan,nan,nan,nan,nan,nan,nan,nan,nan,nan,nan,nan,nan,2.1200735569,2.9100613594,inf,0.1999757290,inf,inf,inf,inf,inf,inf,inf,inf,inf,inf,inf,inf,35
1779041170.3891179562,-0.0053289980,0.0206106566,0.1075398624,0.0377165885,-0.1816948480,0.0744090971,3.1089999676,nan,nan,-0.1000000015,0.0000000000,0.3600000143,0.0000000000,nan,nan,nan,nan,nan,nan,nan,nan,nan,nan,nan,nan,nan,nan,nan,nan,nan,nan,nan,nan,nan,nan,nan,nan,nan,nan,nan,nan,nan,nan,nan,nan,nan,nan,nan,nan,nan,nan,nan,2.1300747395,2.9200625420,inf,0.2099769115,inf,inf,inf,inf,inf,inf,inf,inf,inf,inf,inf,inf,35
1779041170.3991515636,-0.0053289980,0.0206106566,0.1075398624,0.0377165885,-0.1816948480,0.0744090971,3.1089999676,nan,nan,-0.1000000015,0.0000000000,0.3600000143,0.0000000000,nan,nan,nan,nan,nan,nan,nan,nan,nan,nan,nan,nan,nan,nan,nan,nan,nan,nan,nan,nan,nan,nan,nan,nan,nan,nan,nan,nan,nan,nan,nan,nan,nan,nan,nan,nan,nan,nan,nan,2.1401083469,2.9300961494,inf,0.2200105190,inf,inf,inf,inf,inf,inf,inf,inf,inf,inf,inf,inf,35
1779041170.4090988636,-0.0053289980,0.0206106566,0.1075398624,0.0377165885,-0.1816948480,0.0744090971,3.1089999676,nan,nan,-0.1000000015,0.0000000000,0.3600000143,0.0000000000,nan,nan,nan,nan,nan,nan,nan,nan,nan,nan,nan,nan,nan,nan,nan,nan,nan,nan,nan,nan,nan,nan,nan,nan,nan,nan,nan,nan,nan,nan,nan,nan,nan,nan,nan,nan,nan,nan,nan,2.1500556469,2.9400434494,inf,0.2299578190,inf,inf,inf,inf,inf,inf,inf,inf,inf,inf,inf,inf,35
1779041170.4191124439,-0.0053289980,0.0206106566,0.1075398624,0.0377165885,-0.1816948480,0.0744090971,3.1089999676,nan,nan,-0.1000000015,0.0000000000,0.3600000143,0.0000000000,nan,nan,nan,nan,nan,nan,nan,nan,nan,nan,nan,nan,nan,nan,nan,nan,nan,nan,nan,nan,nan,nan,nan,nan,nan,nan,nan,nan,nan,nan,nan,nan,nan,nan,nan,nan,nan,nan,nan,2.1600692272,2.9500570297,inf,0.2399713993,inf,inf,inf,inf,inf,inf,inf,inf,inf,inf,inf,inf,35
1779041170.4291076660,-0.0053289980,0.0206106566,0.1075398624,0.0377165885,-0.1816948480,0.0744090971,3.1089999676,nan,nan,-0.1000000015,0.0000000000,0.3600000143,0.0000000000,nan,nan,nan,nan,nan,nan,nan,nan,nan,nan,nan,nan,nan,nan,nan,nan,nan,nan,nan,nan,nan,nan,nan,nan,nan,nan,nan,nan,nan,nan,nan,nan,nan,nan,nan,nan,nan,nan,nan,2.1700644493,2.9600522518,inf,0.2499666214,inf,inf,inf,inf,inf,inf,inf,inf,inf,inf,inf,inf,35
1779041170.4391458035,-0.0053289980,0.0206106566,0.1075398624,0.0377165885,-0.1816948480,0.0744090971,3.1089999676,nan,nan,-0.1000000015,0.0000000000,0.3600000143,0.0000000000,nan,nan,nan,nan,nan,nan,nan,nan,nan,nan,nan,nan,nan,nan,nan,nan,nan,nan,nan,nan,nan,nan,nan,nan,nan,nan,nan,nan,nan,nan,nan,nan,nan,nan,nan,nan,nan,nan,nan,2.1801025867,2.9700903893,inf,0.2600047588,inf,inf,inf,inf,inf,inf,inf,inf,inf,inf,inf,inf,35
1779041170.4491510391,-0.0053289980,0.0206106566,0.1075398624,0.0377165885,-0.1816948480,0.0744090971,3.1089999676,nan,nan,-0.1000000015,0.0000000000,0.3600000143,0.0000000000,nan,nan,nan,nan,nan,nan,nan,nan,nan,nan,nan,nan,nan,nan,nan,nan,nan,nan,nan,nan,nan,nan,nan,nan,nan,nan,nan,nan,nan,nan,nan,nan,nan,nan,nan,nan,nan,nan,nan,2.1901078224,2.9800956249,inf,0.2700099945,inf,inf,inf,inf,inf,inf,inf,inf,inf,inf,inf,inf,35
1779041170.4591453075,-0.0053289980,0.0206106566,0.1075398624,0.0377165885,-0.1816948480,0.0744090971,3.1089999676,nan,nan,-0.1000000015,0.0000000000,0.3600000143,0.0000000000,nan,nan,nan,nan,nan,nan,nan,nan,nan,nan,nan,nan,nan,nan,nan,nan,nan,nan,nan,nan,nan,nan,nan,nan,nan,nan,nan,nan,nan,nan,nan,nan,nan,nan,nan,nan,nan,nan,nan,2.2001020908,2.9900898933,inf,0.2800042629,inf,inf,inf,inf,inf,inf,inf,inf,inf,inf,inf,inf,35
1779041170.4691593647,-0.0053289980,0.0206106566,0.1075398624,0.0377165885,-0.1816948480,0.0744090971,3.1089999676,nan,nan,-0.1000000015,0.0000000000,0.3600000143,0.0000000000,nan,nan,nan,nan,nan,nan,nan,nan,nan,nan,nan,nan,nan,nan,nan,nan,nan,nan,nan,nan,nan,nan,nan,nan,nan,nan,nan,nan,nan,nan,nan,nan,nan,nan,nan,nan,nan,nan,nan,2.2101161480,3.0001039505,inf,0.2900183201,inf,inf,inf,inf,inf,inf,inf,inf,inf,inf,inf,inf,35
1779041170.4791526794,-0.0053289980,0.0206106566,0.1075398624,0.0377165885,-0.1816948480,0.0744090971,3.1089999676,nan,nan,-0.1000000015,0.0000000000,0.3600000143,0.0000000000,nan,nan,nan,nan,nan,nan,nan,nan,nan,nan,nan,nan,nan,nan,nan,nan,nan,nan,nan,nan,nan,nan,nan,nan,nan,nan,nan,nan,nan,nan,nan,nan,nan,nan,nan,nan,nan,nan,nan,2.2201094627,3.0100972652,inf,0.3000116348,inf,inf,inf,inf,inf,inf,inf,inf,inf,inf,inf,inf,35
1779041170.4891555309,-0.0053289980,0.0206106566,0.1075398624,0.0377165885,-0.1816948480,0.0744090971,3.1089999676,nan,nan,-0.1000000015,0.0000000000,0.3600000143,0.0000000000,nan,nan,nan,nan,nan,nan,nan,nan,nan,nan,nan,nan,nan,nan,nan,nan,nan,nan,nan,nan,nan,nan,nan,nan,nan,nan,nan,nan,nan,nan,nan,nan,nan,nan,nan,nan,nan,nan,nan,2.2301123142,3.0201001167,inf,0.3100144863,inf,inf,inf,inf,inf,inf,inf,inf,inf,inf,inf,inf,35
1779041170.4991507530,-0.0053289980,0.0206106566,0.1075398624,0.0377165885,-0.1816948480,0.0744090971,3.1089999676,nan,nan,-0.1000000015,0.0000000000,0.3600000143,0.0000000000,nan,nan,nan,nan,nan,nan,nan,nan,nan,nan,nan,nan,nan,nan,nan,nan,nan,nan,nan,nan,nan,nan,nan,nan,nan,nan,nan,nan,nan,nan,nan,nan,nan,nan,nan,nan,nan,nan,nan,2.2401075363,3.0300953388,inf,0.3200097084,inf,inf,inf,inf,inf,inf,inf,inf,inf,inf,inf,inf,35
1779041170.5091404915,-0.0053289980,0.0206106566,0.1075398624,0.0377165885,-0.1816948480,0.0744090971,3.1089999676,nan,nan,-0.1000000015,0.0000000000,0.3600000143,0.0000000000,nan,nan,nan,nan,nan,nan,nan,nan,nan,nan,nan,nan,nan,nan,nan,nan,nan,nan,nan,nan,nan,nan,nan,nan,nan,nan,nan,nan,nan,nan,nan,nan,nan,nan,nan,nan,nan,nan,nan,2.2500972748,3.0400850773,inf,0.3299994469,inf,inf,inf,inf,inf,inf,inf,inf,inf,inf,inf,inf,35
1779041170.5191903114,-0.0053289980,0.0206106566,0.1075398624,0.0377165885,-0.1816948480,0.0744090971,3.1089999676,nan,nan,-0.1000000015,0.0000000000,0.3600000143,0.0000000000,nan,nan,nan,nan,nan,nan,nan,nan,nan,nan,nan,nan,nan,nan,nan,nan,nan,nan,nan,nan,nan,nan,nan,nan,nan,nan,nan,nan,nan,nan,nan,nan,nan,nan,nan,nan,nan,nan,nan,2.2601470947,3.0501348972,inf,0.3400492668,inf,inf,inf,inf,inf,inf,inf,inf,inf,inf,inf,inf,35
1779041170.5291192532,-0.0053289980,0.0206106566,0.1075398624,0.0377165885,-0.1816948480,0.0744090971,3.1089999676,nan,nan,-0.1000000015,0.0000000000,0.3600000143,0.0000000000,nan,nan,nan,nan,nan,nan,nan,nan,nan,nan,nan,nan,nan,nan,nan,nan,nan,nan,nan,nan,nan,nan,nan,nan,nan,nan,nan,nan,nan,nan,nan,nan,nan,nan,nan,nan,nan,nan,nan,2.2700760365,3.0600638390,inf,0.3499782085,inf,inf,inf,inf,inf,inf,inf,inf,inf,inf,inf,inf,35
1779041170.5391047001,-0.0053289980,0.0206106566,0.1075398624,0.0377165885,-0.1816948480,0.0744090971,3.1089999676,nan,nan,-0.1000000015,0.0000000000,0.3600000143,0.0000000000,nan,nan,nan,nan,nan,nan,nan,nan,nan,nan,nan,nan,nan,nan,nan,nan,nan,nan,nan,nan,nan,nan,nan,nan,nan,nan,nan,nan,nan,nan,nan,nan,nan,nan,nan,nan,nan,nan,nan,2.2800614834,3.0700492859,inf,0.3599636555,inf,inf,inf,inf,inf,inf,inf,inf,inf,inf,inf,inf,35
1779041170.5491404533,-0.0053289980,0.0206106566,0.1075398624,0.0377165885,-0.1816948480,0.0744090971,3.1089999676,nan,nan,-0.1000000015,0.0000000000,0.3600000143,0.0000000000,nan,nan,nan,nan,nan,nan,nan,nan,nan,nan,nan,nan,nan,nan,nan,nan,nan,nan,nan,nan,nan,nan,nan,nan,nan,nan,nan,nan,nan,nan,nan,nan,nan,nan,nan,nan,nan,nan,nan,2.2900972366,3.0800850391,inf,0.3699994087,inf,inf,inf,inf,inf,inf,inf,inf,inf,inf,inf,inf,35
1779041170.5591406822,-0.0053289980,0.0206106566,0.1075398624,0.0377165885,-0.1816948480,0.0744090971,3.1089999676,nan,nan,-0.1000000015,0.0000000000,0.3600000143,0.0000000000,nan,nan,nan,nan,nan,nan,nan,nan,nan,nan,nan,nan,nan,nan,nan,nan,nan,nan,nan,nan,nan,nan,nan,nan,nan,nan,nan,nan,nan,nan,nan,nan,nan,nan,nan,nan,nan,nan,nan,2.3000974655,3.0900852680,inf,0.3799996376,inf,inf,inf,inf,inf,inf,inf,inf,inf,inf,inf,inf,35
1779041170.5691688061,-0.0053289980,0.0206106566,0.1075398624,0.0377165885,-0.1816948480,0.0744090971,3.1089999676,nan,nan,-0.1000000015,0.0000000000,0.3600000143,0.0000000000,nan,nan,nan,nan,nan,nan,nan,nan,nan,nan,nan,nan,nan,nan,nan,nan,nan,nan,nan,nan,nan,nan,nan,nan,nan,nan,nan,nan,nan,nan,nan,nan,nan,nan,nan,nan,nan,nan,nan,2.3101255894,3.1001133919,inf,0.3900277615,inf,inf,inf,inf,inf,inf,inf,inf,inf,inf,inf,inf,35
1779041170.5791494846,-0.0053289980,0.0206106566,0.1075398624,0.0377165885,-0.1816948480,0.0744090971,3.1089999676,nan,nan,-0.1000000015,0.0000000000,0.3600000143,0.0000000000,nan,nan,nan,nan,nan,nan,nan,nan,nan,nan,nan,nan,nan,nan,nan,nan,nan,nan,nan,nan,nan,nan,nan,nan,nan,nan,nan,nan,nan,nan,nan,nan,nan,nan,nan,nan,nan,nan,nan,2.3201062679,3.1100940704,inf,0.4000084400,inf,inf,inf,inf,inf,inf,inf,inf,inf,inf,inf,inf,35
1779041170.5891494751,-0.0053289980,0.0206106566,0.1075398624,0.0377165885,-0.1816948480,0.0744090971,3.1089999676,nan,nan,-0.1000000015,0.0000000000,0.3600000143,0.0000000000,nan,nan,nan,nan,nan,nan,nan,nan,nan,nan,nan,nan,nan,nan,nan,nan,nan,nan,nan,nan,nan,nan,nan,nan,nan,nan,nan,nan,nan,nan,nan,nan,nan,nan,nan,nan,nan,nan,nan,2.3301062584,3.1200940609,inf,0.4100084305,inf,inf,inf,inf,inf,inf,inf,inf,inf,inf,inf,inf,35
1779041170.5991611481,-0.0053289980,0.0206106566,0.1075398624,0.0377165885,-0.1816948480,0.0744090971,3.1089999676,nan,nan,-0.1000000015,0.0000000000,0.3600000143,0.0000000000,nan,nan,nan,nan,nan,nan,nan,nan,nan,nan,nan,nan,nan,nan,nan,nan,nan,nan,nan,nan,nan,nan,nan,nan,nan,nan,nan,nan,nan,nan,nan,nan,nan,nan,nan,nan,nan,nan,nan,2.3401179314,3.1301057339,inf,0.4200201035,inf,inf,inf,inf,inf,inf,inf,inf,inf,inf,inf,inf,35
1779041170.6091461182,-0.0053289980,0.0206106566,0.1075398624,0.0377165885,-0.1816948480,0.0744090971,3.1089999676,nan,nan,-0.1000000015,0.0000000000,0.3600000143,0.0000000000,nan,nan,nan,nan,nan,nan,nan,nan,nan,nan,nan,nan,nan,nan,nan,nan,nan,nan,nan,nan,nan,nan,nan,nan,nan,nan,nan,nan,nan,nan,nan,nan,nan,nan,nan,nan,nan,nan,nan,2.3501029015,3.1400907040,inf,0.4300050735,inf,inf,inf,inf,inf,inf,inf,inf,inf,inf,inf,inf,35
1779041170.6191897392,-0.0053289980,0.0206106566,0.1075398624,0.0377165885,-0.1816948480,0.0744090971,3.1089999676,nan,nan,-0.1000000015,0.0000000000,0.3600000143,0.0000000000,nan,nan,nan,nan,nan,nan,nan,nan,nan,nan,nan,nan,nan,nan,nan,nan,nan,nan,nan,nan,nan,nan,nan,nan,nan,nan,nan,nan,nan,nan,nan,nan,nan,nan,nan,nan,nan,nan,nan,2.3601465225,3.1501343250,inf,0.4400486946,inf,inf,inf,inf,inf,inf,inf,inf,inf,inf,inf,inf,35
1779041170.6291403770,-0.0053289980,0.0206106566,0.1075398624,0.0377165885,-0.1816948480,0.0744090971,3.1089999676,nan,nan,-0.1000000015,0.0000000000,0.3600000143,0.0000000000,nan,nan,nan,nan,nan,nan,nan,nan,nan,nan,nan,nan,nan,nan,nan,nan,nan,nan,nan,nan,nan,nan,nan,nan,nan,nan,nan,nan,nan,nan,nan,nan,nan,nan,nan,nan,nan,nan,nan,2.3700971603,3.1600849628,inf,0.4499993324,inf,inf,inf,inf,inf,inf,inf,inf,inf,inf,inf,inf,35
1779041170.6391229630,-0.0053289980,0.0206106566,0.1075398624,0.0377165885,-0.1816948480,0.0744090971,3.1089999676,nan,nan,-0.1000000015,0.0000000000,0.3600000143,0.0000000000,nan,nan,nan,nan,nan,nan,nan,nan,nan,nan,nan,nan,nan,nan,nan,nan,nan,nan,nan,nan,nan,nan,nan,nan,nan,nan,nan,nan,nan,nan,nan,nan,nan,nan,nan,nan,nan,nan,nan,2.3800797462,3.1700675488,inf,0.4599819183,inf,inf,inf,inf,inf,inf,inf,inf,inf,inf,inf,inf,35
1779041170.6491346359,-0.0053289980,0.0206106566,0.1075398624,0.0377165885,-0.1816948480,0.0744090971,3.1089999676,nan,nan,-0.1000000015,0.0000000000,0.3600000143,0.0000000000,nan,nan,nan,nan,nan,nan,nan,nan,nan,nan,nan,nan,nan,nan,nan,nan,nan,nan,nan,nan,nan,nan,nan,nan,nan,nan,nan,nan,nan,nan,nan,nan,nan,nan,nan,nan,nan,nan,nan,2.3900914192,3.1800792217,inf,0.4699935913,inf,inf,inf,inf,inf,inf,inf,inf,inf,inf,inf,inf,35
1779041170.6591289043,-0.0053289980,0.0206106566,0.1075398624,0.0377165885,-0.1816948480,0.0744090971,3.1089999676,nan,nan,-0.1000000015,0.0000000000,0.3600000143,0.0000000000,nan,nan,nan,nan,nan,nan,nan,nan,nan,nan,nan,nan,nan,nan,nan,nan,nan,nan,nan,nan,nan,nan,nan,nan,nan,nan,nan,nan,nan,nan,nan,nan,nan,nan,nan,nan,nan,nan,nan,2.4000856876,3.1900734901,inf,0.4799878597,inf,inf,inf,inf,inf,inf,inf,inf,inf,inf,inf,inf,35
1779041170.6691186428,-0.0053289980,0.0206106566,0.1075398624,0.0377165885,-0.1816948480,0.0744090971,3.1089999676,nan,nan,-0.1000000015,0.0000000000,0.3600000143,0.0000000000,nan,nan,nan,nan,nan,nan,nan,nan,nan,nan,nan,nan,nan,nan,nan,nan,nan,nan,nan,nan,nan,nan,nan,nan,nan,nan,nan,nan,nan,nan,nan,nan,nan,nan,nan,nan,nan,nan,nan,2.4100754261,3.2000632286,inf,0.4899775982,inf,inf,inf,inf,inf,inf,inf,inf,inf,inf,inf,inf,35
1779041170.6791055202,-0.0053289980,0.0206106566,0.1075398624,0.0377165885,-0.1816948480,0.0744090971,3.1089999676,nan,nan,-0.1000000015,0.0000000000,0.3600000143,0.0000000000,nan,nan,nan,nan,nan,nan,nan,nan,nan,nan,nan,nan,nan,nan,nan,nan,nan,nan,nan,nan,nan,nan,nan,nan,nan,nan,nan,nan,nan,nan,nan,nan,nan,nan,nan,nan,nan,nan,nan,2.4200623035,3.2100501060,inf,0.4999644756,inf,inf,inf,inf,inf,inf,inf,inf,inf,inf,inf,inf,35
1779041170.6891489029,-0.0053289980,0.0206106566,0.1075398624,0.0377165885,-0.1816948480,0.0744090971,3.1089999676,nan,nan,-0.1000000015,0.0000000000,0.3600000143,0.0000000000,nan,nan,nan,nan,nan,nan,nan,nan,nan,nan,nan,nan,nan,nan,nan,nan,nan,nan,nan,nan,nan,nan,nan,nan,nan,nan,nan,nan,nan,nan,nan,nan,nan,nan,nan,nan,nan,nan,nan,2.4301056862,3.2200934887,inf,0.5100078583,inf,inf,inf,inf,inf,inf,inf,inf,inf,inf,inf,inf,35
1779041170.6991314888,-0.0053289980,0.0206106566,0.1075398624,0.0377165885,-0.1816948480,0.0744090971,3.1089999676,nan,nan,-0.1000000015,0.0000000000,0.3600000143,0.0000000000,nan,nan,nan,nan,nan,nan,nan,nan,nan,nan,nan,nan,nan,nan,nan,nan,nan,nan,nan,nan,nan,nan,nan,nan,nan,nan,nan,nan,nan,nan,nan,nan,nan,nan,nan,nan,nan,nan,nan,2.4400882721,3.2300760746,inf,0.5199904442,inf,inf,inf,inf,inf,inf,inf,inf,inf,inf,inf,inf,35
1779041170.7091112137,-0.0053289980,0.0206106566,0.1075398624,0.0377165885,-0.1816948480,0.0744090971,3.1089999676,nan,nan,-0.1000000015,0.0000000000,0.3600000143,0.0000000000,nan,nan,nan,nan,nan,nan,nan,nan,nan,nan,nan,nan,nan,nan,nan,nan,nan,nan,nan,nan,nan,nan,nan,nan,nan,nan,nan,nan,nan,nan,nan,nan,nan,nan,nan,nan,nan,nan,nan,2.4500679970,3.2400557995,inf,0.5299701691,inf,inf,inf,inf,inf,inf,inf,inf,inf,inf,inf,inf,35
1779041170.7191357613,-0.0053289980,0.0206106566,0.1075398624,0.0377165885,-0.1816948480,0.0744090971,3.1089999676,nan,nan,-0.1000000015,0.0000000000,0.3600000143,0.0000000000,nan,nan,nan,nan,nan,nan,nan,nan,nan,nan,nan,nan,nan,nan,nan,nan,nan,nan,nan,nan,nan,nan,nan,nan,nan,nan,nan,nan,nan,nan,nan,nan,nan,nan,nan,nan,nan,nan,nan,2.4600925446,3.2500803471,inf,0.5399947166,inf,inf,inf,inf,inf,inf,inf,inf,inf,inf,inf,inf,35
1779041170.7291352749,-0.0053289980,0.0206106566,0.1075398624,0.0377165885,-0.1816948480,0.0744090971,3.1089999676,nan,nan,-0.1000000015,0.0000000000,0.3600000143,0.0000000000,nan,nan,nan,nan,nan,nan,nan,nan,nan,nan,nan,nan,nan,nan,nan,nan,nan,nan,nan,nan,nan,nan,nan,nan,nan,nan,nan,nan,nan,nan,nan,nan,nan,nan,nan,nan,nan,nan,nan,2.4700920582,3.2600798607,inf,0.5499942303,inf,inf,inf,inf,inf,inf,inf,inf,inf,inf,inf,inf,35
1779041170.7391476631,-0.0053289980,0.0206106566,0.1075398624,0.0377165885,-0.1816948480,0.0744090971,3.1089999676,nan,nan,-0.1000000015,0.0000000000,0.3600000143,0.0000000000,nan,nan,nan,nan,nan,nan,nan,nan,nan,nan,nan,nan,nan,nan,nan,nan,nan,nan,nan,nan,nan,nan,nan,nan,nan,nan,nan,nan,nan,nan,nan,nan,nan,nan,nan,nan,nan,nan,nan,2.4801044464,3.2700922489,inf,0.5600066185,inf,inf,inf,inf,inf,inf,inf,inf,inf,inf,inf,inf,35
1779041170.7491538525,-0.0053289980,0.0206106566,0.1075398624,0.0377165885,-0.1816948480,0.0744090971,3.1089999676,nan,nan,-0.1000000015,0.0000000000,0.3600000143,0.0000000000,nan,nan,nan,nan,nan,nan,nan,nan,nan,nan,nan,nan,nan,nan,nan,nan,nan,nan,nan,nan,nan,nan,nan,nan,nan,nan,nan,nan,nan,nan,nan,nan,nan,nan,nan,nan,nan,nan,nan,2.4901106358,3.2800984383,inf,0.5700128078,inf,inf,inf,inf,inf,inf,inf,inf,inf,inf,inf,inf,35
1779041170.7591478825,-0.0053289980,0.0206106566,0.1075398624,0.0377165885,-0.1816948480,0.0744090971,3.1089999676,nan,nan,-0.1000000015,0.0000000000,0.3600000143,0.0000000000,nan,nan,nan,nan,nan,nan,nan,nan,nan,nan,nan,nan,nan,nan,nan,nan,nan,nan,nan,nan,nan,nan,nan,nan,nan,nan,nan,nan,nan,nan,nan,nan,nan,nan,nan,nan,nan,nan,nan,2.5001046658,3.2900924683,inf,0.5800068378,inf,inf,inf,inf,inf,inf,inf,inf,inf,inf,inf,inf,35
1779041170.7691366673,-0.0053289980,0.0206106566,0.1075398624,0.0377165885,-0.1816948480,0.0744090971,3.1089999676,nan,nan,-0.1000000015,0.0000000000,0.3600000143,0.0000000000,nan,nan,nan,nan,nan,nan,nan,nan,nan,nan,nan,nan,nan,nan,nan,nan,nan,nan,nan,nan,nan,nan,nan,nan,nan,nan,nan,nan,nan,nan,nan,nan,nan,nan,nan,nan,nan,nan,nan,2.5100934505,3.3000812531,inf,0.5899956226,inf,inf,inf,inf,inf,inf,inf,inf,inf,inf,inf,inf,35
1779041170.7791309357,-0.0053289980,0.0206106566,0.1075398624,0.0377165885,-0.1816948480,0.0744090971,3.1089999676,nan,nan,-0.1000000015,0.0000000000,0.3600000143,0.0000000000,nan,nan,nan,nan,nan,nan,nan,nan,nan,nan,nan,nan,nan,nan,nan,nan,nan,nan,nan,nan,nan,nan,nan,nan,nan,nan,nan,nan,nan,nan,nan,nan,nan,nan,nan,nan,nan,nan,nan,2.5200877190,3.3100755215,inf,0.5999898911,inf,inf,inf,inf,inf,inf,inf,inf,inf,inf,inf,inf,35
1779041170.7891199589,-0.0053289980,0.0206106566,0.1075398624,0.0377165885,-0.1816948480,0.0744090971,3.1089999676,nan,nan,-0.1000000015,0.0000000000,0.3600000143,0.0000000000,nan,nan,nan,nan,nan,nan,nan,nan,nan,nan,nan,nan,nan,nan,nan,nan,nan,nan,nan,nan,nan,nan,nan,nan,nan,nan,nan,nan,nan,nan,nan,nan,nan,nan,nan,nan,nan,nan,nan,2.5300767422,3.3200645447,inf,0.6099789143,inf,inf,inf,inf,inf,inf,inf,inf,inf,inf,inf,inf,35
1779041170.7991254330,-0.0053289980,0.0206106566,0.1075398624,0.0377165885,-0.1816948480,0.0744090971,3.1089999676,nan,nan,-0.1000000015,0.0000000000,0.3600000143,0.0000000000,nan,nan,nan,nan,nan,nan,nan,nan,nan,nan,nan,nan,nan,nan,nan,nan,nan,nan,nan,nan,nan,nan,nan,nan,nan,nan,nan,nan,nan,nan,nan,nan,nan,nan,nan,nan,nan,nan,nan,2.5400822163,3.3300700188,inf,0.6199843884,inf,inf,inf,inf,inf,inf,inf,inf,inf,inf,inf,inf,35
1779041170.8091423512,-0.0053289980,0.0206106566,0.1075398624,0.0377165885,-0.1816948480,0.0744090971,3.1089999676,nan,nan,-0.1000000015,0.0000000000,0.3600000143,0.0000000000,nan,nan,nan,nan,nan,nan,nan,nan,nan,nan,nan,nan,nan,nan,nan,nan,nan,nan,nan,nan,nan,nan,nan,nan,nan,nan,nan,nan,nan,nan,nan,nan,nan,nan,nan,nan,nan,nan,nan,2.5500991344,3.3400869370,inf,0.6300013065,inf,inf,inf,inf,inf,inf,inf,inf,inf,inf,inf,inf,35
1779041170.8191542625,-0.0053289980,0.0206106566,0.1075398624,0.0377165885,-0.1816948480,0.0744090971,3.1089999676,nan,nan,-0.1000000015,0.0000000000,0.3600000143,0.0000000000,nan,nan,nan,nan,nan,nan,nan,nan,nan,nan,nan,nan,nan,nan,nan,nan,nan,nan,nan,nan,nan,nan,nan,nan,nan,nan,nan,nan,nan,nan,nan,nan,nan,nan,nan,nan,nan,nan,nan,2.5601110458,3.3500988483,inf,0.6400132179,inf,inf,inf,inf,inf,inf,inf,inf,inf,inf,inf,inf,35
1779041170.8291509151,-0.0053289980,0.0206106566,0.1075398624,0.0377165885,-0.1816948480,0.0744090971,3.1089999676,nan,nan,-0.1000000015,0.0000000000,0.3600000143,0.0000000000,nan,nan,nan,nan,nan,nan,nan,nan,nan,nan,nan,nan,nan,nan,nan,nan,nan,nan,nan,nan,nan,nan,nan,nan,nan,nan,nan,nan,nan,nan,nan,nan,nan,nan,nan,nan,nan,nan,nan,2.5701076984,3.3600955009,inf,0.6500098705,inf,inf,inf,inf,inf,inf,inf,inf,inf,inf,inf,inf,35
1779041170.8391399384,-0.0053289980,0.0206106566,0.1075398624,0.0377165885,-0.1816948480,0.0744090971,3.1089999676,nan,nan,-0.1000000015,0.0000000000,0.3600000143,0.0000000000,nan,nan,nan,nan,nan,nan,nan,nan,nan,nan,nan,nan,nan,nan,nan,nan,nan,nan,nan,nan,nan,nan,nan,nan,nan,nan,nan,nan,nan,nan,nan,nan,nan,nan,nan,nan,nan,nan,nan,2.5800967216,3.3700845242,inf,0.6599988937,inf,inf,inf,inf,inf,inf,inf,inf,inf,inf,inf,inf,35
1779041170.8491401672,-0.0053289980,0.0206106566,0.1075398624,0.0377165885,-0.1816948480,0.0744090971,3.1089999676,nan,nan,-0.1000000015,0.0000000000,0.3600000143,0.0000000000,nan,nan,nan,nan,nan,nan,nan,nan,nan,nan,nan,nan,nan,nan,nan,nan,nan,nan,nan,nan,nan,nan,nan,nan,nan,nan,nan,nan,nan,nan,nan,nan,nan,nan,nan,nan,nan,nan,nan,2.5900969505,3.3800847530,inf,0.6699991226,inf,inf,inf,inf,inf,inf,inf,inf,inf,inf,inf,inf,35
1779041170.8590204716,-0.0053289980,0.0206106566,0.1075398624,0.0377165885,-0.1816948480,0.0744090971,3.1089999676,nan,nan,-0.1000000015,0.0000000000,0.3600000143,0.0000000000,nan,nan,nan,nan,nan,nan,nan,nan,nan,nan,nan,nan,nan,nan,nan,nan,nan,nan,nan,nan,nan,nan,nan,nan,nan,nan,nan,nan,nan,nan,nan,nan,nan,nan,nan,nan,nan,nan,nan,2.5999772549,3.3899650574,inf,0.6798794270,inf,inf,inf,inf,inf,inf,inf,inf,inf,inf,inf,inf,35
1779041170.8690485954,-0.0053289980,0.0206106566,0.1075398624,0.0377165885,-0.1816948480,0.0744090971,3.1089999676,nan,nan,-0.1000000015,0.0000000000,0.3600000143,0.0000000000,nan,nan,nan,nan,nan,nan,nan,nan,nan,nan,nan,nan,nan,nan,nan,nan,nan,nan,nan,nan,nan,nan,nan,nan,nan,nan,nan,nan,nan,nan,nan,nan,nan,nan,nan,nan,nan,nan,nan,2.6100053787,3.3999931812,inf,0.6899075508,inf,inf,inf,inf,inf,inf,inf,inf,inf,inf,inf,inf,35
1779041170.8790845871,-0.0053289980,0.0206106566,0.1075398624,0.0377165885,-0.1816948480,0.0744090971,3.1089999676,nan,nan,-0.1000000015,0.0000000000,0.3600000143,0.0000000000,nan,nan,nan,nan,nan,nan,nan,nan,nan,nan,nan,nan,nan,nan,nan,nan,nan,nan,nan,nan,nan,nan,nan,nan,nan,nan,nan,nan,nan,nan,nan,nan,nan,nan,nan,nan,nan,nan,nan,2.6200413704,3.4100291729,inf,0.6999435425,inf,inf,inf,inf,inf,inf,inf,inf,inf,inf,inf,inf,35
1779041170.8890492916,-0.0053289980,0.0206106566,0.1075398624,0.0377165885,-0.1816948480,0.0744090971,3.1089999676,nan,nan,-0.1000000015,0.0000000000,0.3600000143,0.0000000000,nan,nan,nan,nan,nan,nan,nan,nan,nan,nan,nan,nan,nan,nan,nan,nan,nan,nan,nan,nan,nan,nan,nan,nan,nan,nan,nan,nan,nan,nan,nan,nan,nan,nan,nan,nan,nan,nan,nan,2.6300060749,3.4199938774,inf,0.7099082470,inf,inf,inf,inf,inf,inf,inf,inf,inf,inf,inf,inf,35
1779041170.8990855217,-0.0053289980,0.0206106566,0.1075398624,0.0377165885,-0.1816948480,0.0744090971,3.1089999676,nan,nan,-0.1000000015,0.0000000000,0.3600000143,0.0000000000,nan,nan,nan,nan,nan,nan,nan,nan,nan,nan,nan,nan,nan,nan,nan,nan,nan,nan,nan,nan,nan,nan,nan,nan,nan,nan,nan,nan,nan,nan,nan,nan,nan,nan,nan,nan,nan,nan,nan,2.6400423050,3.4300301075,inf,0.7199444771,inf,inf,inf,inf,inf,inf,inf,inf,inf,inf,inf,inf,35
1779041170.9090859890,-0.0053289980,0.0206106566,0.1075398624,0.0377165885,-0.1816948480,0.0744090971,3.1089999676,nan,nan,-0.1000000015,0.0000000000,0.3600000143,0.0000000000,nan,nan,nan,nan,nan,nan,nan,nan,nan,nan,nan,nan,nan,nan,nan,nan,nan,nan,nan,nan,nan,nan,nan,nan,nan,nan,nan,nan,nan,nan,nan,nan,nan,nan,nan,nan,nan,nan,nan,2.6500427723,3.4400305748,inf,0.7299449444,inf,inf,inf,inf,inf,inf,inf,inf,inf,inf,inf,inf,35
1779041170.9190680981,-0.0053289980,0.0206106566,0.1075398624,0.0377165885,-0.1816948480,0.0744090971,3.1089999676,nan,nan,-0.1000000015,0.0000000000,0.3600000143,0.0000000000,nan,nan,nan,nan,nan,nan,nan,nan,nan,nan,nan,nan,nan,nan,nan,nan,nan,nan,nan,nan,nan,nan,nan,nan,nan,nan,nan,nan,nan,nan,nan,nan,nan,nan,nan,nan,nan,nan,nan,2.6600248814,3.4500126839,inf,0.7399270535,inf,inf,inf,inf,inf,inf,inf,inf,inf,inf,inf,inf,35
1779041170.9290518761,-0.0053289980,0.0206106566,0.1075398624,0.0377165885,-0.1816948480,0.0744090971,3.1089999676,nan,nan,-0.1000000015,0.0000000000,0.3600000143,0.0000000000,nan,nan,nan,nan,nan,nan,nan,nan,nan,nan,nan,nan,nan,nan,nan,nan,nan,nan,nan,nan,nan,nan,nan,nan,nan,nan,nan,nan,nan,nan,nan,nan,nan,nan,nan,nan,nan,nan,nan,2.6700086594,3.4599964619,inf,0.7499108315,inf,inf,inf,inf,inf,inf,inf,inf,inf,inf,inf,inf,35
1779041170.9390625954,-0.0053289980,0.0206106566,0.1075398624,0.0377165885,-0.1816948480,0.0744090971,3.1089999676,nan,nan,-0.1000000015,0.0000000000,0.3600000143,0.0000000000,nan,nan,nan,nan,nan,nan,nan,nan,nan,nan,nan,nan,nan,nan,nan,nan,nan,nan,nan,nan,nan,nan,nan,nan,nan,nan,nan,nan,nan,nan,nan,nan,nan,nan,nan,nan,nan,nan,nan,2.6800193787,3.4700071812,inf,0.7599215508,inf,inf,inf,inf,inf,inf,inf,inf,inf,inf,inf,inf,35
1779041170.9490942955,-0.0053289980,0.0206106566,0.1075398624,0.0377165885,-0.1816948480,0.0744090971,3.1089999676,nan,nan,-0.1000000015,0.0000000000,0.3600000143,0.0000000000,nan,nan,nan,nan,nan,nan,nan,nan,nan,nan,nan,nan,nan,nan,nan,nan,nan,nan,nan,nan,nan,nan,nan,nan,nan,nan,nan,nan,nan,nan,nan,nan,nan,nan,nan,nan,nan,nan,nan,2.6900510788,3.4800388813,inf,0.7699532509,inf,inf,inf,inf,inf,inf,inf,inf,inf,inf,inf,inf,35
1779041170.9590587616,-0.0053289980,0.0206106566,0.1075398624,0.0377165885,-0.1816948480,0.0744090971,3.1089999676,nan,nan,-0.1000000015,0.0000000000,0.3600000143,0.0000000000,nan,nan,nan,nan,nan,nan,nan,nan,nan,nan,nan,nan,nan,nan,nan,nan,nan,nan,nan,nan,nan,nan,nan,nan,nan,nan,nan,nan,nan,nan,nan,nan,nan,nan,nan,nan,nan,nan,nan,2.7000155449,3.4900033474,inf,0.7799177170,inf,inf,inf,inf,inf,inf,inf,inf,inf,inf,inf,inf,35
1779041170.9691026211,-0.0053289980,0.0206106566,0.1075398624,0.0377165885,-0.1816948480,0.0744090971,3.1089999676,nan,nan,-0.1000000015,0.0000000000,0.3600000143,0.0000000000,nan,nan,nan,nan,nan,nan,nan,nan,nan,nan,nan,nan,nan,nan,nan,nan,nan,nan,nan,nan,nan,nan,nan,nan,nan,nan,nan,nan,nan,nan,nan,nan,nan,nan,nan,nan,nan,nan,nan,2.7100594044,3.5000472069,inf,0.7899615765,inf,inf,inf,inf,inf,inf,inf,inf,inf,inf,inf,inf,35
1779041170.9790740013,-0.0053289980,0.0206106566,0.1075398624,0.0377165885,-0.1816948480,0.0744090971,3.1089999676,nan,nan,-0.1000000015,0.0000000000,0.3600000143,0.0000000000,nan,nan,nan,nan,nan,nan,nan,nan,nan,nan,nan,nan,nan,nan,nan,nan,nan,nan,nan,nan,nan,nan,nan,nan,nan,nan,nan,nan,nan,nan,nan,nan,nan,nan,nan,nan,nan,nan,nan,2.7200307846,3.5100185871,inf,0.7999329567,inf,inf,inf,inf,inf,inf,inf,inf,inf,inf,inf,inf,35
1779041170.9890658855,-0.0053289980,0.0206106566,0.1075398624,0.0377165885,-0.1816948480,0.0744090971,3.1089999676,nan,nan,-0.1000000015,0.0000000000,0.3600000143,0.0000000000,nan,nan,nan,nan,nan,nan,nan,nan,nan,nan,nan,nan,nan,nan,nan,nan,nan,nan,nan,nan,nan,nan,nan,nan,nan,nan,nan,nan,nan,nan,nan,nan,nan,nan,nan,nan,nan,nan,nan,2.7300226688,3.5200104713,inf,0.8099248409,inf,inf,inf,inf,inf,inf,inf,inf,inf,inf,inf,inf,35
1779041170.9990603924,-0.0053289980,0.0206106566,0.1075398624,0.0377165885,-0.1816948480,0.0744090971,3.1089999676,nan,nan,-0.1000000015,0.0000000000,0.3600000143,0.0000000000,nan,nan,nan,nan,nan,nan,nan,nan,nan,nan,nan,nan,nan,nan,nan,nan,nan,nan,nan,nan,nan,nan,nan,nan,nan,nan,nan,nan,nan,nan,nan,nan,nan,nan,nan,nan,nan,nan,nan,2.7400171757,3.5300049782,inf,0.8199193478,inf,inf,inf,inf,inf,inf,inf,inf,inf,inf,inf,inf,35
1779041171.0090897083,-0.0053289980,0.0206106566,0.1075398624,0.0377165885,-0.1816948480,0.0744090971,3.1089999676,nan,nan,-0.1000000015,0.0000000000,0.3600000143,0.0000000000,nan,nan,nan,nan,nan,nan,nan,nan,nan,nan,nan,nan,nan,nan,nan,nan,nan,nan,nan,nan,nan,nan,nan,nan,nan,nan,nan,nan,nan,nan,nan,nan,nan,nan,nan,nan,nan,nan,nan,2.7500464916,3.5400342941,inf,0.8299486637,inf,inf,inf,inf,inf,inf,inf,inf,inf,inf,inf,inf,35
1779041171.0190501213,-0.0053289980,0.0206106566,0.1075398624,0.0377165885,-0.1816948480,0.0744090971,3.1089999676,nan,nan,-0.1000000015,0.0000000000,0.3600000143,0.0000000000,nan,nan,nan,nan,nan,nan,nan,nan,nan,nan,nan,nan,nan,nan,nan,nan,nan,nan,nan,nan,nan,nan,nan,nan,nan,nan,nan,nan,nan,nan,nan,nan,nan,nan,nan,nan,nan,nan,nan,2.7600069046,3.5499947071,inf,0.8399090767,inf,inf,inf,inf,inf,inf,inf,inf,inf,inf,inf,inf,35
1779041171.0290539265,-0.0053289980,0.0206106566,0.1075398624,0.0377165885,-0.1816948480,0.0744090971,3.1089999676,nan,nan,-0.1000000015,0.0000000000,0.3600000143,0.0000000000,nan,nan,nan,nan,nan,nan,nan,nan,nan,nan,nan,nan,nan,nan,nan,nan,nan,nan,nan,nan,nan,nan,nan,nan,nan,nan,nan,nan,nan,nan,nan,nan,nan,nan,nan,nan,nan,nan,nan,2.7700107098,3.5599985123,inf,0.8499128819,inf,inf,inf,inf,inf,inf,inf,inf,inf,inf,inf,inf,35
1779041171.0390508175,-0.0053289980,0.0206106566,0.1075398624,0.0377165885,-0.1816948480,0.0744090971,3.1089999676,nan,nan,-0.1000000015,0.0000000000,0.3600000143,0.0000000000,nan,nan,nan,nan,nan,nan,nan,nan,nan,nan,nan,nan,nan,nan,nan,nan,nan,nan,nan,nan,nan,nan,nan,nan,nan,nan,nan,nan,nan,nan,nan,nan,nan,nan,nan,nan,nan,nan,nan,2.7800076008,3.5699954033,inf,0.8599097729,inf,inf,inf,inf,inf,inf,inf,inf,inf,inf,inf,inf,35
1779041171.0490834713,-0.0053289980,0.0206106566,0.1075398624,0.0377165885,-0.1816948480,0.0744090971,3.1089999676,nan,nan,-0.1000000015,0.0000000000,0.3600000143,0.0000000000,nan,nan,nan,nan,nan,nan,nan,nan,nan,nan,nan,nan,nan,nan,nan,nan,nan,nan,nan,nan,nan,nan,nan,nan,nan,nan,nan,nan,nan,nan,nan,nan,nan,nan,nan,nan,nan,nan,nan,2.7900402546,3.5800280571,inf,0.8699424267,inf,inf,inf,inf,inf,inf,inf,inf,inf,inf,inf,inf,35
1779041171.0590379238,-0.0053289980,0.0206106566,0.1075398624,0.0377165885,-0.1816948480,0.0744090971,3.1089999676,nan,nan,-0.1000000015,0.0000000000,0.3600000143,0.0000000000,nan,nan,nan,nan,nan,nan,nan,nan,nan,nan,nan,nan,nan,nan,nan,nan,nan,nan,nan,nan,nan,nan,nan,nan,nan,nan,nan,nan,nan,nan,nan,nan,nan,nan,nan,nan,nan,nan,nan,2.7999947071,3.5899825096,inf,0.8798968792,inf,inf,inf,inf,inf,inf,inf,inf,inf,inf,inf,inf,35
1779041171.0690639019,-0.0053289980,0.0206106566,0.1075398624,0.0377165885,-0.1816948480,0.0744090971,3.1089999676,nan,nan,-0.1000000015,0.0000000000,0.3600000143,0.0000000000,nan,nan,nan,nan,nan,nan,nan,nan,nan,nan,nan,nan,nan,nan,nan,nan,nan,nan,nan,nan,nan,nan,nan,nan,nan,nan,nan,nan,nan,nan,nan,nan,nan,nan,nan,nan,nan,nan,nan,2.8100206852,3.6000084877,inf,0.8899228573,inf,inf,inf,inf,inf,inf,inf,inf,inf,inf,inf,inf,35
1779041171.0790410042,-0.0053289980,0.0206106566,0.1075398624,0.0377165885,-0.1816948480,0.0744090971,3.1089999676,nan,nan,-0.1000000015,0.0000000000,0.3600000143,0.0000000000,nan,nan,nan,nan,nan,nan,nan,nan,nan,nan,nan,nan,nan,nan,nan,nan,nan,nan,nan,nan,nan,nan,nan,nan,nan,nan,nan,nan,nan,nan,nan,nan,nan,nan,nan,nan,nan,nan,nan,2.8199977875,3.6099855900,inf,0.8998999596,inf,inf,inf,inf,inf,inf,inf,inf,inf,inf,inf,inf,35
1779041171.0890552998,-0.0053289980,0.0206106566,0.1075398624,0.0377165885,-0.1816948480,0.0744090971,3.1089999676,nan,nan,-0.1000000015,0.0000000000,0.3600000143,0.0000000000,nan,nan,nan,nan,nan,nan,nan,nan,nan,nan,nan,nan,nan,nan,nan,nan,nan,nan,nan,nan,nan,nan,nan,nan,nan,nan,nan,nan,nan,nan,nan,nan,nan,nan,nan,nan,nan,nan,nan,2.8300120831,3.6199998856,inf,0.9099142551,inf,inf,inf,inf,inf,inf,inf,inf,inf,inf,inf,inf,35
1779041171.0990645885,-0.0053289980,0.0206106566,0.1075398624,0.0377165885,-0.1816948480,0.0744090971,3.1089999676,nan,nan,-0.1000000015,0.0000000000,0.3600000143,0.0000000000,nan,nan,nan,nan,nan,nan,nan,nan,nan,nan,nan,nan,nan,nan,nan,nan,nan,nan,nan,nan,nan,nan,nan,nan,nan,nan,nan,nan,nan,nan,nan,nan,nan,nan,nan,nan,nan,nan,nan,2.8400213718,3.6300091743,inf,0.9199235439,inf,inf,inf,inf,inf,inf,inf,inf,inf,inf,inf,inf,35
1779041171.1090736389,-0.0053289980,0.0206106566,0.1075398624,0.0377165885,-0.1816948480,0.0744090971,3.1089999676,nan,nan,-0.1000000015,0.0000000000,0.3600000143,0.0000000000,nan,nan,nan,nan,nan,nan,nan,nan,nan,nan,nan,nan,nan,nan,nan,nan,nan,nan,nan,nan,nan,nan,nan,nan,nan,nan,nan,nan,nan,nan,nan,nan,nan,nan,nan,nan,nan,nan,nan,2.8500304222,3.6400182247,inf,0.9299325943,inf,inf,inf,inf,inf,inf,inf,inf,inf,inf,inf,inf,35
1779041171.1190490723,-0.0053289980,0.0206106566,0.1075398624,0.0377165885,-0.1816948480,0.0744090971,3.1089999676,nan,nan,-0.1000000015,0.0000000000,0.3600000143,0.0000000000,nan,nan,nan,nan,nan,nan,nan,nan,nan,nan,nan,nan,nan,nan,nan,nan,nan,nan,nan,nan,nan,nan,nan,nan,nan,nan,nan,nan,nan,nan,nan,nan,nan,nan,nan,nan,nan,nan,nan,2.8600058556,3.6499936581,inf,0.9399080276,inf,inf,inf,inf,inf,inf,inf,inf,inf,inf,inf,inf,35
1779041171.1290464401,-0.0053289980,0.0206106566,0.1075398624,0.0377165885,-0.1816948480,0.0744090971,3.1089999676,nan,nan,-0.1000000015,0.0000000000,0.3600000143,0.0000000000,nan,nan,nan,nan,nan,nan,nan,nan,nan,nan,nan,nan,nan,nan,nan,nan,nan,nan,nan,nan,nan,nan,nan,nan,nan,nan,nan,nan,nan,nan,nan,nan,nan,nan,nan,nan,nan,nan,nan,2.8700032234,3.6599910259,inf,0.9499053955,inf,inf,inf,inf,inf,inf,inf,inf,inf,inf,inf,inf,35
1779041171.1390321255,-0.0053289980,0.0206106566,0.1075398624,0.0377165885,-0.1816948480,0.0744090971,3.1089999676,nan,nan,-0.1000000015,0.0000000000,0.3600000143,0.0000000000,nan,nan,nan,nan,nan,nan,nan,nan,nan,nan,nan,nan,nan,nan,nan,nan,nan,nan,nan,nan,nan,nan,nan,nan,nan,nan,nan,nan,nan,nan,nan,nan,nan,nan,nan,nan,nan,nan,nan,2.8799889088,3.6699767113,inf,0.9598910809,inf,inf,inf,inf,inf,inf,inf,inf,inf,inf,inf,inf,35
1779041171.1490392685,-0.0053289980,0.0206106566,0.1075398624,0.0377165885,-0.1816948480,0.0744090971,3.1089999676,nan,nan,-0.1000000015,0.0000000000,0.3600000143,0.0000000000,nan,nan,nan,nan,nan,nan,nan,nan,nan,nan,nan,nan,nan,nan,nan,nan,nan,nan,nan,nan,nan,nan,nan,nan,nan,nan,nan,nan,nan,nan,nan,nan,nan,nan,nan,nan,nan,nan,nan,2.8899960518,3.6799838543,inf,0.9698982239,inf,inf,inf,inf,inf,inf,inf,inf,inf,inf,inf,inf,35
1779041171.1590454578,-0.0053289980,0.0206106566,0.1075398624,0.0377165885,-0.1816948480,0.0744090971,3.1089999676,nan,nan,-0.1000000015,0.0000000000,0.3600000143,0.0000000000,nan,nan,nan,nan,nan,nan,nan,nan,nan,nan,nan,nan,nan,nan,nan,nan,nan,nan,nan,nan,nan,nan,nan,nan,nan,nan,nan,nan,nan,nan,nan,nan,nan,nan,nan,nan,nan,nan,nan,2.9000022411,3.6899900436,inf,0.9799044132,inf,inf,inf,inf,inf,inf,inf,inf,inf,inf,inf,inf,35
1779041171.1690523624,-0.0053289980,0.0206106566,0.1075398624,0.0377165885,-0.1816948480,0.0744090971,3.1089999676,nan,nan,-0.1000000015,0.0000000000,0.3600000143,0.0000000000,nan,nan,nan,nan,nan,nan,nan,nan,nan,nan,nan,nan,nan,nan,nan,nan,nan,nan,nan,nan,nan,nan,nan,nan,nan,nan,nan,nan,nan,nan,nan,nan,nan,nan,nan,nan,nan,nan,nan,2.9100091457,3.6999969482,inf,0.9899113178,inf,inf,inf,inf,inf,inf,inf,inf,inf,inf,inf,inf,35
1779041171.1790504456,-0.0053289980,0.0206106566,0.1075398624,0.0377165885,-0.1816948480,0.0744090971,3.1089999676,nan,nan,-0.1000000015,0.0000000000,0.3600000143,0.0000000000,nan,nan,nan,nan,nan,nan,nan,nan,nan,nan,nan,nan,nan,nan,nan,nan,nan,nan,nan,nan,nan,nan,nan,nan,nan,nan,nan,nan,nan,nan,nan,nan,nan,nan,nan,nan,nan,nan,nan,2.9200072289,3.7099950314,inf,0.9999094009,inf,inf,inf,inf,inf,inf,inf,inf,inf,inf,inf,inf,35
1779041171.1890513897,-0.0053289980,0.0206106566,0.1075398624,0.0377165885,-0.1816948480,0.0744090971,3.1089999676,nan,nan,-0.1000000015,0.0000000000,0.3600000143,0.0000000000,nan,nan,nan,nan,nan,nan,nan,nan,nan,nan,nan,nan,nan,nan,nan,nan,nan,nan,nan,nan,nan,nan,nan,nan,nan,nan,nan,nan,nan,nan,nan,nan,nan,nan,nan,nan,nan,nan,nan,2.9300081730,3.7199959755,inf,1.0099103451,inf,inf,inf,inf,inf,inf,inf,inf,inf,inf,inf,inf,35
1779041171.1990563869,-0.0053289980,0.0206106566,0.1075398624,0.0377165885,-0.1816948480,0.0744090971,3.1089999676,nan,nan,-0.1000000015,0.0000000000,0.3600000143,0.0000000000,nan,nan,nan,nan,nan,nan,nan,nan,nan,nan,nan,nan,nan,nan,nan,nan,nan,nan,nan,nan,nan,nan,nan,nan,nan,nan,nan,nan,nan,nan,nan,nan,nan,nan,nan,nan,nan,nan,nan,2.9400131702,3.7300009727,inf,1.0199153423,inf,inf,inf,inf,inf,inf,inf,inf,inf,inf,inf,inf,35
1779041171.2090651989,-0.0053289980,0.0206106566,0.1075398624,0.0377165885,-0.1816948480,0.0744090971,3.1089999676,nan,nan,-0.1000000015,0.0000000000,0.3600000143,0.0000000000,nan,nan,nan,nan,nan,nan,nan,nan,nan,nan,nan,nan,nan,nan,nan,nan,nan,nan,nan,nan,nan,nan,nan,nan,nan,nan,nan,nan,nan,nan,nan,nan,nan,nan,nan,nan,nan,nan,nan,2.9500219822,3.7400097847,inf,1.0299241543,inf,inf,inf,inf,inf,inf,inf,inf,inf,inf,inf,inf,35
1779041171.2191090584,-0.0053289980,0.0206106566,0.1075398624,0.0377165885,-0.1816948480,0.0744090971,3.1089999676,nan,nan,-0.1000000015,0.0000000000,0.3600000143,0.0000000000,nan,nan,nan,nan,nan,nan,nan,nan,nan,nan,nan,nan,nan,nan,nan,nan,nan,nan,nan,nan,nan,nan,nan,nan,nan,nan,nan,nan,nan,nan,nan,nan,nan,nan,nan,nan,nan,nan,nan,2.9600658417,3.7500536442,inf,1.0399680138,inf,inf,inf,inf,inf,inf,inf,inf,inf,inf,inf,inf,35
1779041171.2290961742,-0.0053289980,0.0206106566,0.1075398624,0.0377165885,-0.1816948480,0.0744090971,3.1089999676,nan,nan,-0.1000000015,0.0000000000,0.3600000143,0.0000000000,nan,nan,nan,nan,nan,nan,nan,nan,nan,nan,nan,nan,nan,nan,nan,nan,nan,nan,nan,nan,nan,nan,nan,nan,nan,nan,nan,nan,nan,nan,nan,nan,nan,nan,nan,nan,nan,nan,nan,2.9700529575,3.7600407600,inf,1.0499551296,inf,inf,inf,inf,inf,inf,inf,inf,inf,inf,inf,inf,35
1779041171.2390947342,-0.0053289980,0.0206106566,0.1075398624,0.0377165885,-0.1816948480,0.0744090971,3.1089999676,nan,nan,-0.1000000015,0.0000000000,0.3600000143,0.0000000000,nan,nan,nan,nan,nan,nan,nan,nan,nan,nan,nan,nan,nan,nan,nan,nan,nan,nan,nan,nan,nan,nan,nan,nan,nan,nan,nan,nan,nan,nan,nan,nan,nan,nan,nan,nan,nan,nan,nan,2.9800515175,3.7700393200,inf,1.0599536896,inf,inf,inf,inf,inf,inf,inf,inf,inf,inf,inf,inf,35
1779041171.2490780354,-0.0053289980,0.0206106566,0.1075398624,0.0377165885,-0.1816948480,0.0744090971,3.1089999676,nan,nan,-0.1000000015,0.0000000000,0.3600000143,0.0000000000,nan,nan,nan,nan,nan,nan,nan,nan,nan,nan,nan,nan,nan,nan,nan,nan,nan,nan,nan,nan,nan,nan,nan,nan,nan,nan,nan,nan,nan,nan,nan,nan,nan,nan,nan,nan,nan,nan,nan,2.9900348186,3.7800226212,inf,1.0699369907,inf,inf,inf,inf,inf,inf,inf,inf,inf,inf,inf,inf,35
1779041171.2590820789,-0.0053289980,0.0206106566,0.1075398624,0.0377165885,-0.1816948480,0.0744090971,3.1089999676,nan,nan,-0.1000000015,0.0000000000,0.3600000143,0.0000000000,nan,nan,nan,nan,nan,nan,nan,nan,nan,nan,nan,nan,nan,nan,nan,nan,nan,nan,nan,nan,nan,nan,nan,nan,nan,nan,nan,nan,nan,nan,nan,nan,nan,nan,nan,nan,nan,nan,nan,3.0000388622,3.7900266647,inf,1.0799410343,inf,inf,inf,inf,inf,inf,inf,inf,inf,inf,inf,inf,35
1779041171.2691338062,-0.0053289980,0.0206106566,0.1075398624,0.0377165885,-0.1816948480,0.0744090971,3.1089999676,nan,nan,-0.1000000015,0.0000000000,0.3600000143,0.0000000000,nan,nan,nan,nan,nan,nan,nan,nan,nan,nan,nan,nan,nan,nan,nan,nan,nan,nan,nan,nan,nan,nan,nan,nan,nan,nan,nan,nan,nan,nan,nan,nan,nan,nan,nan,nan,nan,nan,nan,3.0100905895,3.8000783920,inf,1.0899927616,inf,inf,inf,inf,inf,inf,inf,inf,inf,inf,inf,inf,35
1779041171.2790899277,-0.0053289980,0.0206106566,0.1075398624,0.0377165885,-0.1816948480,0.0744090971,3.1089999676,nan,nan,-0.1000000015,0.0000000000,0.3600000143,0.0000000000,nan,nan,nan,nan,nan,nan,nan,nan,nan,nan,nan,nan,nan,nan,nan,nan,nan,nan,nan,nan,nan,nan,nan,nan,nan,nan,nan,nan,nan,nan,nan,nan,nan,nan,nan,nan,nan,nan,nan,3.0200467110,3.8100345135,inf,1.0999488831,inf,inf,inf,inf,inf,inf,inf,inf,inf,inf,inf,inf,35
1779041171.2890996933,-0.0053289980,0.0206106566,0.1075398624,0.0377165885,-0.1816948480,0.0744090971,3.1089999676,nan,nan,-0.1000000015,0.0000000000,0.3600000143,0.0000000000,nan,nan,nan,nan,nan,nan,nan,nan,nan,nan,nan,nan,nan,nan,nan,nan,nan,nan,nan,nan,nan,nan,nan,nan,nan,nan,nan,nan,nan,nan,nan,nan,nan,nan,nan,nan,nan,nan,nan,3.0300564766,3.8200442791,inf,1.1099586487,inf,inf,inf,inf,inf,inf,inf,inf,inf,inf,inf,inf,35
1779041171.2990870476,-0.0053289980,0.0206106566,0.1075398624,0.0377165885,-0.1816948480,0.0744090971,3.1089999676,nan,nan,-0.1000000015,0.0000000000,0.3600000143,0.0000000000,nan,nan,nan,nan,nan,nan,nan,nan,nan,nan,nan,nan,nan,nan,nan,nan,nan,nan,nan,nan,nan,nan,nan,nan,nan,nan,nan,nan,nan,nan,nan,nan,nan,nan,nan,nan,nan,nan,nan,3.0400438309,3.8300316334,inf,1.1199460030,inf,inf,inf,inf,inf,inf,inf,inf,inf,inf,inf,inf,35
1779041171.3090832233,-0.0053289980,0.0206106566,0.1075398624,0.0377165885,-0.1816948480,0.0744090971,3.1089999676,nan,nan,-0.1000000015,0.0000000000,0.3600000143,0.0000000000,nan,nan,nan,nan,nan,nan,nan,nan,nan,nan,nan,nan,nan,nan,nan,nan,nan,nan,nan,nan,nan,nan,nan,nan,nan,nan,nan,nan,nan,nan,nan,nan,nan,nan,nan,nan,nan,nan,nan,3.0500400066,3.8400278091,inf,1.1299421787,inf,inf,inf,inf,inf,inf,inf,inf,inf,inf,inf,inf,35
1779041171.3190951347,-0.0053289980,0.0206106566,0.1075398624,0.0377165885,-0.1816948480,0.0744090971,3.1089999676,nan,nan,-0.1000000015,0.0000000000,0.3600000143,0.0000000000,nan,nan,nan,nan,nan,nan,nan,nan,nan,nan,nan,nan,nan,nan,nan,nan,nan,nan,nan,nan,nan,nan,nan,nan,nan,nan,nan,nan,nan,nan,nan,nan,nan,nan,nan,nan,nan,nan,nan,3.0600519180,3.8500397205,inf,1.1399540901,inf,inf,inf,inf,inf,inf,inf,inf,inf,inf,inf,inf,35
1779041171.3291177750,-0.0053289980,0.0206106566,0.1075398624,0.0377165885,-0.1816948480,0.0744090971,3.1089999676,nan,nan,-0.1000000015,0.0000000000,0.3600000143,0.0000000000,nan,nan,nan,nan,nan,nan,nan,nan,nan,nan,nan,nan,nan,nan,nan,nan,nan,nan,nan,nan,nan,nan,nan,nan,nan,nan,nan,nan,nan,nan,nan,nan,nan,nan,nan,nan,nan,nan,nan,3.0700745583,3.8600623608,inf,1.1499767303,inf,inf,inf,inf,inf,inf,inf,inf,inf,inf,inf,inf,35
1779041171.3391265869,-0.0053289980,0.0206106566,0.1075398624,0.0377165885,-0.1816948480,0.0744090971,3.1089999676,nan,nan,-0.1000000015,0.0000000000,0.3600000143,0.0000000000,nan,nan,nan,nan,nan,nan,nan,nan,nan,nan,nan,nan,nan,nan,nan,nan,nan,nan,nan,nan,nan,nan,nan,nan,nan,nan,nan,nan,nan,nan,nan,nan,nan,nan,nan,nan,nan,nan,nan,3.0800833702,3.8700711727,inf,1.1599855423,inf,inf,inf,inf,inf,inf,inf,inf,inf,inf,inf,inf,35
1779041171.3491218090,-0.0053289980,0.0206106566,0.1075398624,0.0377165885,-0.1816948480,0.0744090971,3.1089999676,nan,nan,-0.1000000015,0.0000000000,0.3600000143,0.0000000000,nan,nan,nan,nan,nan,nan,nan,nan,nan,nan,nan,nan,nan,nan,nan,nan,nan,nan,nan,nan,nan,nan,nan,nan,nan,nan,nan,nan,nan,nan,nan,nan,nan,nan,nan,nan,nan,nan,nan,3.0900785923,3.8800663948,inf,1.1699807644,inf,inf,inf,inf,inf,inf,inf,inf,inf,inf,inf,inf,35
1779041171.3591527939,-0.0053289980,0.0206106566,0.1075398624,0.0377165885,-0.1816948480,0.0744090971,3.1089999676,nan,nan,-0.1000000015,0.0000000000,0.3600000143,0.0000000000,nan,nan,nan,nan,nan,nan,nan,nan,nan,nan,nan,nan,nan,nan,nan,nan,nan,nan,nan,nan,nan,nan,nan,nan,nan,nan,nan,nan,nan,nan,nan,nan,nan,nan,nan,nan,nan,nan,nan,3.1001095772,3.8900973797,inf,1.1800117493,inf,inf,inf,inf,inf,inf,inf,inf,inf,inf,inf,inf,35
1779041171.3691320419,-0.0053289980,0.0206106566,0.1075398624,0.0377165885,-0.1816948480,0.0744090971,3.1089999676,nan,nan,-0.1000000015,0.0000000000,0.3600000143,0.0000000000,nan,nan,nan,nan,nan,nan,nan,nan,nan,nan,nan,nan,nan,nan,nan,nan,nan,nan,nan,nan,nan,nan,nan,nan,nan,nan,nan,nan,nan,nan,nan,nan,nan,nan,nan,nan,nan,nan,nan,3.1100888252,3.9000766277,inf,1.1899909973,inf,inf,inf,inf,inf,inf,inf,inf,inf,inf,inf,inf,35
1779041171.3791210651,-0.0053289980,0.0206106566,0.1075398624,0.0377165885,-0.1816948480,0.0744090971,3.1089999676,nan,nan,-0.1000000015,0.0000000000,0.3600000143,0.0000000000,nan,nan,nan,nan,nan,nan,nan,nan,nan,nan,nan,nan,nan,nan,nan,nan,nan,nan,nan,nan,nan,nan,nan,nan,nan,nan,nan,nan,nan,nan,nan,nan,nan,nan,nan,nan,nan,nan,nan,3.1200778484,3.9100656509,inf,1.1999800205,inf,inf,inf,inf,inf,inf,inf,inf,inf,inf,inf,inf,35
1779041171.3891384602,-0.0053289980,0.0206106566,0.1075398624,0.0377165885,-0.1816948480,0.0744090971,3.1089999676,nan,nan,-0.1000000015,0.0000000000,0.3600000143,0.0000000000,nan,nan,nan,nan,nan,nan,nan,nan,nan,nan,nan,nan,nan,nan,nan,nan,nan,nan,nan,nan,nan,nan,nan,nan,nan,nan,nan,nan,nan,nan,nan,nan,nan,nan,nan,nan,nan,nan,nan,3.1300952435,3.9200830460,inf,1.2099974155,inf,inf,inf,inf,inf,inf,inf,inf,inf,inf,inf,inf,35
1779041171.3991360664,-0.0053289980,0.0206106566,0.1075398624,0.0377165885,-0.1816948480,0.0744090971,3.1089999676,nan,nan,-0.1000000015,0.0000000000,0.3600000143,0.0000000000,nan,nan,nan,nan,nan,nan,nan,nan,nan,nan,nan,nan,nan,nan,nan,nan,nan,nan,nan,nan,nan,nan,nan,nan,nan,nan,nan,nan,nan,nan,nan,nan,nan,nan,nan,nan,nan,nan,nan,3.1400928497,3.9300806522,inf,1.2199950218,inf,inf,inf,inf,inf,inf,inf,inf,inf,inf,inf,inf,35
1779041171.4091315269,-0.0053289980,0.0206106566,0.1075398624,0.0377165885,-0.1816948480,0.0744090971,3.1089999676,nan,nan,-0.1000000015,0.0000000000,0.3600000143,0.0000000000,nan,nan,nan,nan,nan,nan,nan,nan,nan,nan,nan,nan,nan,nan,nan,nan,nan,nan,nan,nan,nan,nan,nan,nan,nan,nan,nan,nan,nan,nan,nan,nan,nan,nan,nan,nan,nan,nan,nan,3.1500883102,3.9400761127,inf,1.2299904823,inf,inf,inf,inf,inf,inf,inf,inf,inf,inf,inf,inf,35
1779041171.4191339016,-0.0053289980,0.0206106566,0.1075398624,0.0377165885,-0.1816948480,0.0744090971,3.1089999676,nan,nan,-0.1000000015,0.0000000000,0.3600000143,0.0000000000,nan,nan,nan,nan,nan,nan,nan,nan,nan,nan,nan,nan,nan,nan,nan,nan,nan,nan,nan,nan,nan,nan,nan,nan,nan,nan,nan,nan,nan,nan,nan,nan,nan,nan,nan,nan,nan,nan,nan,3.1600906849,3.9500784874,inf,1.2399928570,inf,inf,inf,inf,inf,inf,inf,inf,inf,inf,inf,inf,35
1779041171.4291927814,-0.0053289980,0.0206106566,0.1075398624,0.0377165885,-0.1816948480,0.0744090971,3.1089999676,nan,nan,-0.1000000015,0.0000000000,0.3600000143,0.0000000000,nan,nan,nan,nan,nan,nan,nan,nan,nan,nan,nan,nan,nan,nan,nan,nan,nan,nan,nan,nan,nan,nan,nan,nan,nan,nan,nan,nan,nan,nan,nan,nan,nan,nan,nan,nan,nan,nan,nan,3.1701495647,3.9601373672,inf,1.2500517368,inf,inf,inf,inf,inf,inf,inf,inf,inf,inf,inf,inf,35
1779041171.4391226768,-0.0053289980,0.0206106566,0.1075398624,0.0377165885,-0.1816948480,0.0744090971,3.1089999676,nan,nan,-0.1000000015,0.0000000000,0.3600000143,0.0000000000,nan,nan,nan,nan,nan,nan,nan,nan,nan,nan,nan,nan,nan,nan,nan,nan,nan,nan,nan,nan,nan,nan,nan,nan,nan,nan,nan,nan,nan,nan,nan,nan,nan,nan,nan,nan,nan,nan,nan,3.1800794601,3.9700672626,inf,1.2599816322,inf,inf,inf,inf,inf,inf,inf,inf,inf,inf,inf,inf,35
1779041171.4491620064,-0.0053289980,0.0206106566,0.1075398624,0.0377165885,-0.1816948480,0.0744090971,3.1089999676,nan,nan,-0.1000000015,0.0000000000,0.3600000143,0.0000000000,nan,nan,nan,nan,nan,nan,nan,nan,nan,nan,nan,nan,nan,nan,nan,nan,nan,nan,nan,nan,nan,nan,nan,nan,nan,nan,nan,nan,nan,nan,nan,nan,nan,nan,nan,nan,nan,nan,nan,3.1901187897,3.9801065922,inf,1.2700209618,inf,inf,inf,inf,inf,inf,inf,inf,inf,inf,inf,inf,35
1779041171.4591369629,-0.0053289980,0.0206106566,0.1075398624,0.0377165885,-0.1816948480,0.0744090971,3.1089999676,nan,nan,-0.1000000015,0.0000000000,0.3600000143,0.0000000000,nan,nan,nan,nan,nan,nan,nan,nan,nan,nan,nan,nan,nan,nan,nan,nan,nan,nan,nan,nan,nan,nan,nan,nan,nan,nan,nan,nan,nan,nan,nan,nan,nan,nan,nan,nan,nan,nan,nan,3.2000937462,3.9900815487,inf,1.2799959183,inf,inf,inf,inf,inf,inf,inf,inf,inf,inf,inf,inf,35
1779041171.4691338539,-0.0053289980,0.0206106566,0.1075398624,0.0377165885,-0.1816948480,0.0744090971,3.1089999676,nan,nan,-0.1000000015,0.0000000000,0.3600000143,0.0000000000,nan,nan,nan,nan,nan,nan,nan,nan,nan,nan,nan,nan,nan,nan,nan,nan,nan,nan,nan,nan,nan,nan,nan,nan,nan,nan,nan,nan,nan,nan,nan,nan,nan,nan,nan,nan,nan,nan,nan,3.2100906372,4.0000784397,inf,1.2899928093,inf,inf,inf,inf,inf,inf,inf,inf,inf,inf,inf,inf,35
1779041171.4791107178,-0.0053289980,0.0206106566,0.1075398624,0.0377165885,-0.1816948480,0.0744090971,3.1089999676,nan,nan,-0.1000000015,0.0000000000,0.3600000143,0.0000000000,nan,nan,nan,nan,nan,nan,nan,nan,nan,nan,nan,nan,nan,nan,nan,nan,nan,nan,nan,nan,nan,nan,nan,nan,nan,nan,nan,nan,nan,nan,nan,nan,nan,nan,nan,nan,nan,nan,nan,3.2200675011,4.0100553036,inf,1.2999696732,inf,inf,inf,inf,inf,inf,inf,inf,inf,inf,inf,inf,35
1779041171.4891598225,-0.0053289980,0.0206106566,0.1075398624,0.0377165885,-0.1816948480,0.0744090971,3.1089999676,nan,nan,-0.1000000015,0.0000000000,0.3600000143,0.0000000000,nan,nan,nan,nan,nan,nan,nan,nan,nan,nan,nan,nan,nan,nan,nan,nan,nan,nan,nan,nan,nan,nan,nan,nan,nan,nan,nan,nan,nan,nan,nan,nan,nan,nan,nan,nan,nan,nan,nan,3.2301166058,4.0201044083,inf,1.3100187778,inf,inf,inf,inf,inf,inf,inf,inf,inf,inf,inf,inf,35
1779041171.4991531372,-0.0053289980,0.0206106566,0.1075398624,0.0377165885,-0.1816948480,0.0744090971,3.1089999676,nan,nan,-0.1000000015,0.0000000000,0.3600000143,0.0000000000,nan,nan,nan,nan,nan,nan,nan,nan,nan,nan,nan,nan,nan,nan,nan,nan,nan,nan,nan,nan,nan,nan,nan,nan,nan,nan,nan,nan,nan,nan,nan,nan,nan,nan,nan,nan,nan,nan,nan,3.2401099205,4.0300977230,inf,1.3200120926,inf,inf,inf,inf,inf,inf,inf,inf,inf,inf,inf,inf,35
1779041171.5091230869,-0.0053289980,0.0206106566,0.1075398624,0.0377165885,-0.1816948480,0.0744090971,3.1089999676,nan,nan,-0.1000000015,0.0000000000,0.3600000143,0.0000000000,nan,nan,nan,nan,nan,nan,nan,nan,nan,nan,nan,nan,nan,nan,nan,nan,nan,nan,nan,nan,nan,nan,nan,nan,nan,nan,nan,nan,nan,nan,nan,nan,nan,nan,nan,nan,nan,nan,nan,3.2500798702,4.0400676727,inf,1.3299820423,inf,inf,inf,inf,inf,inf,inf,inf,inf,inf,inf,inf,35
1779041171.5191347599,-0.0053289980,0.0206106566,0.1075398624,0.0377165885,-0.1816948480,0.0744090971,3.1089999676,nan,nan,-0.1000000015,0.0000000000,0.3600000143,0.0000000000,nan,nan,nan,nan,nan,nan,nan,nan,nan,nan,nan,nan,nan,nan,nan,nan,nan,nan,nan,nan,nan,nan,nan,nan,nan,nan,nan,nan,nan,nan,nan,nan,nan,nan,nan,nan,nan,nan,nan,3.2600915432,4.0500793457,inf,1.3399937153,inf,inf,inf,inf,inf,inf,inf,inf,inf,inf,inf,inf,35
1779041171.5291223526,-0.0053289980,0.0206106566,0.1075398624,0.0377165885,-0.1816948480,0.0744090971,3.1089999676,nan,nan,-0.1000000015,0.0000000000,0.3600000143,0.0000000000,nan,nan,nan,nan,nan,nan,nan,nan,nan,nan,nan,nan,nan,nan,nan,nan,nan,nan,nan,nan,nan,nan,nan,nan,nan,nan,nan,nan,nan,nan,nan,nan,nan,nan,nan,nan,nan,nan,nan,3.2700791359,4.0600669384,inf,1.3499813080,inf,inf,inf,inf,inf,inf,inf,inf,inf,inf,inf,inf,35
1779041171.5391216278,-0.0053289980,0.0206106566,0.1075398624,0.0377165885,-0.1816948480,0.0744090971,3.1089999676,nan,nan,-0.1000000015,0.0000000000,0.3600000143,0.0000000000,nan,nan,nan,nan,nan,nan,nan,nan,nan,nan,nan,nan,nan,nan,nan,nan,nan,nan,nan,nan,nan,nan,nan,nan,nan,nan,nan,nan,nan,nan,nan,nan,nan,nan,nan,nan,nan,nan,nan,3.2800784111,4.0700662136,inf,1.3599805832,inf,inf,inf,inf,inf,inf,inf,inf,inf,inf,inf,inf,35
1779041171.5491361618,-0.0053289980,0.0206106566,0.1075398624,0.0377165885,-0.1816948480,0.0744090971,3.1089999676,nan,nan,-0.1000000015,0.0000000000,0.3600000143,0.0000000000,nan,nan,nan,nan,nan,nan,nan,nan,nan,nan,nan,nan,nan,nan,nan,nan,nan,nan,nan,nan,nan,nan,nan,nan,nan,nan,nan,nan,nan,nan,nan,nan,nan,nan,nan,nan,nan,nan,nan,3.2900929451,4.0800807476,inf,1.3699951172,inf,inf,inf,inf,inf,inf,inf,inf,inf,inf,inf,inf,35
1779041171.5591325760,-0.0053289980,0.0206106566,0.1075398624,0.0377165885,-0.1816948480,0.0744090971,3.1089999676,nan,nan,-0.1000000015,0.0000000000,0.3600000143,0.0000000000,nan,nan,nan,nan,nan,nan,nan,nan,nan,nan,nan,nan,nan,nan,nan,nan,nan,nan,nan,nan,nan,nan,nan,nan,nan,nan,nan,nan,nan,nan,nan,nan,nan,nan,nan,nan,nan,nan,nan,3.3000893593,4.0900771618,inf,1.3799915314,inf,inf,inf,inf,inf,inf,inf,inf,inf,inf,inf,inf,35
1779041171.5691051483,-0.0053289980,0.0206106566,0.1075398624,0.0377165885,-0.1816948480,0.0744090971,3.1089999676,nan,nan,-0.1000000015,0.0000000000,0.3600000143,0.0000000000,nan,nan,nan,nan,nan,nan,nan,nan,nan,nan,nan,nan,nan,nan,nan,nan,nan,nan,nan,nan,nan,nan,nan,nan,nan,nan,nan,nan,nan,nan,nan,nan,nan,nan,nan,nan,nan,nan,nan,3.3100619316,4.1000497341,inf,1.3899641037,inf,inf,inf,inf,inf,inf,inf,inf,inf,inf,inf,inf,35
1779041171.5790901184,-0.0053289980,0.0206106566,0.1075398624,0.0377165885,-0.1816948480,0.0744090971,3.1089999676,nan,nan,-0.1000000015,0.0000000000,0.3600000143,0.0000000000,nan,nan,nan,nan,nan,nan,nan,nan,nan,nan,nan,nan,nan,nan,nan,nan,nan,nan,nan,nan,nan,nan,nan,nan,nan,nan,nan,nan,nan,nan,nan,nan,nan,nan,nan,nan,nan,nan,nan,3.3200469017,4.1100347042,inf,1.3999490738,inf,inf,inf,inf,inf,inf,inf,inf,inf,inf,inf,inf,35
1779041171.5890808105,-0.0053289980,0.0206106566,0.1075398624,0.0377165885,-0.1816948480,0.0744090971,3.1089999676,nan,nan,-0.1000000015,0.0000000000,0.3600000143,0.0000000000,nan,nan,nan,nan,nan,nan,nan,nan,nan,nan,nan,nan,nan,nan,nan,nan,nan,nan,nan,nan,nan,nan,nan,nan,nan,nan,nan,nan,nan,nan,nan,nan,nan,nan,nan,nan,nan,nan,nan,3.3300375938,4.1200253963,inf,1.4099397659,inf,inf,inf,inf,inf,inf,inf,inf,inf,inf,inf,inf,35
1779041171.5990810394,-0.0053289980,0.0206106566,0.1075398624,0.0377165885,-0.1816948480,0.0744090971,3.1089999676,nan,nan,-0.1000000015,0.0000000000,0.3600000143,0.0000000000,nan,nan,nan,nan,nan,nan,nan,nan,nan,nan,nan,nan,nan,nan,nan,nan,nan,nan,nan,nan,nan,nan,nan,nan,nan,nan,nan,nan,nan,nan,nan,nan,nan,nan,nan,nan,nan,nan,nan,3.3400378227,4.1300256252,inf,1.4199399948,inf,inf,inf,inf,inf,inf,inf,inf,inf,inf,inf,inf,35
1779041171.6090800762,-0.0053289980,0.0206106566,0.1075398624,0.0377165885,-0.1816948480,0.0744090971,3.1089999676,nan,nan,-0.1000000015,0.0000000000,0.3600000143,0.0000000000,nan,nan,nan,nan,nan,nan,nan,nan,nan,nan,nan,nan,nan,nan,nan,nan,nan,nan,nan,nan,nan,nan,nan,nan,nan,nan,nan,nan,nan,nan,nan,nan,nan,nan,nan,nan,nan,nan,nan,3.3500368595,4.1400246620,inf,1.4299390316,inf,inf,inf,inf,inf,inf,inf,inf,inf,inf,inf,inf,35
1779041171.6190760136,-0.0053289980,0.0206106566,0.1075398624,0.0377165885,-0.1816948480,0.0744090971,3.1089999676,nan,nan,-0.1000000015,0.0000000000,0.3600000143,0.0000000000,nan,nan,nan,nan,nan,nan,nan,nan,nan,nan,nan,nan,nan,nan,nan,nan,nan,nan,nan,nan,nan,nan,nan,nan,nan,nan,nan,nan,nan,nan,nan,nan,nan,nan,nan,nan,nan,nan,nan,3.3600327969,4.1500205994,inf,1.4399349689,inf,inf,inf,inf,inf,inf,inf,inf,inf,inf,inf,inf,35
1779041171.6290767193,-0.0053289980,0.0206106566,0.1075398624,0.0377165885,-0.1816948480,0.0744090971,3.1089999676,nan,nan,-0.1000000015,0.0000000000,0.3600000143,0.0000000000,nan,nan,nan,nan,nan,nan,nan,nan,nan,nan,nan,nan,nan,nan,nan,nan,nan,nan,nan,nan,nan,nan,nan,nan,nan,nan,nan,nan,nan,nan,nan,nan,nan,nan,nan,nan,nan,nan,nan,3.3700335026,4.1600213051,inf,1.4499356747,inf,inf,inf,inf,inf,inf,inf,inf,inf,inf,inf,inf,35
1779041171.6391050816,-0.0053289980,0.0206106566,0.1075398624,0.0377165885,-0.1816948480,0.0744090971,3.1089999676,nan,nan,-0.1000000015,0.0000000000,0.3600000143,0.0000000000,nan,nan,nan,nan,nan,nan,nan,nan,nan,nan,nan,nan,nan,nan,nan,nan,nan,nan,nan,nan,nan,nan,nan,nan,nan,nan,nan,nan,nan,nan,nan,nan,nan,nan,nan,nan,nan,nan,nan,3.3800618649,4.1700496674,inf,1.4599640369,inf,inf,inf,inf,inf,inf,inf,inf,inf,inf,inf,inf,35
1779041171.6490843296,-0.0053289980,0.0206106566,0.1075398624,0.0377165885,-0.1816948480,0.0744090971,3.1089999676,nan,nan,-0.1000000015,0.0000000000,0.3600000143,0.0000000000,nan,nan,nan,nan,nan,nan,nan,nan,nan,nan,nan,nan,nan,nan,nan,nan,nan,nan,nan,nan,nan,nan,nan,nan,nan,nan,nan,nan,nan,nan,nan,nan,nan,nan,nan,nan,nan,nan,nan,3.3900411129,4.1800289154,inf,1.4699432850,inf,inf,inf,inf,inf,inf,inf,inf,inf,inf,inf,inf,35
1779041171.6590921879,-0.0053289980,0.0206106566,0.1075398624,0.0377165885,-0.1816948480,0.0744090971,3.1089999676,nan,nan,-0.1000000015,0.0000000000,0.3600000143,0.0000000000,nan,nan,nan,nan,nan,nan,nan,nan,nan,nan,nan,nan,nan,nan,nan,nan,nan,nan,nan,nan,nan,nan,nan,nan,nan,nan,nan,nan,nan,nan,nan,nan,nan,nan,nan,nan,nan,nan,nan,3.4000489712,4.1900367737,inf,1.4799511433,inf,inf,inf,inf,inf,inf,inf,inf,inf,inf,inf,inf,35
1779041171.6691267490,-0.0053289980,0.0206106566,0.1075398624,0.0377165885,-0.1816948480,0.0744090971,3.1089999676,nan,nan,-0.1000000015,0.0000000000,0.3600000143,0.0000000000,nan,nan,nan,nan,nan,nan,nan,nan,nan,nan,nan,nan,nan,nan,nan,nan,nan,nan,nan,nan,nan,nan,nan,nan,nan,nan,nan,nan,nan,nan,nan,nan,nan,nan,nan,nan,nan,nan,nan,3.4100835323,4.2000713348,inf,1.4899857044,inf,inf,inf,inf,inf,inf,inf,inf,inf,inf,inf,inf,35
1779041171.6790843010,-0.0053289980,0.0206106566,0.1075398624,0.0377165885,-0.1816948480,0.0744090971,3.1089999676,nan,nan,-0.1000000015,0.0000000000,0.3600000143,0.0000000000,nan,nan,nan,nan,nan,nan,nan,nan,nan,nan,nan,nan,nan,nan,nan,nan,nan,nan,nan,nan,nan,nan,nan,nan,nan,nan,nan,nan,nan,nan,nan,nan,nan,nan,nan,nan,nan,nan,nan,3.4200410843,4.2100288868,inf,1.4999432564,inf,inf,inf,inf,inf,inf,inf,inf,inf,inf,inf,inf,35
1779041171.6891422272,-0.0053289980,0.0206106566,0.1075398624,0.0377165885,-0.1816948480,0.0744090971,3.1089999676,nan,nan,-0.1000000015,0.0000000000,0.3600000143,0.0000000000,nan,nan,nan,nan,nan,nan,nan,nan,nan,nan,nan,nan,nan,nan,nan,nan,nan,nan,nan,nan,nan,nan,nan,nan,nan,nan,nan,nan,nan,nan,nan,nan,nan,nan,nan,nan,nan,nan,nan,3.4300990105,4.2200868130,inf,1.5100011826,inf,inf,inf,inf,inf,inf,inf,inf,inf,inf,inf,inf,35
