t_sec,pose_x,pose_y,pose_z,pose_roll,pose_pitch,pose_yaw,status_battery_voltage,raw_battery_voltage,filt_battery_voltage,cmd_x,cmd_y,cmd_z,cmd_yaw,est_vx,est_vy,est_vz,est_ax,est_ay,est_az,gyro_x,gyro_y,gyro_z,angAcc_x,angAcc_y,angAcc_z,velDes_vx,velDes_vy,velDes_vz,attDes_roll,attDes_pitch,attDes_yaw,motor_f1,motor_f2,motor_f3,motor_f4,motor_f1_scaled,motor_f2_scaled,motor_f3_scaled,motor_f4_scaled,bodyInFx,bodyInFy,bodyInFz,droneWorldFx,droneWorldFy,droneWorldFz,droneWorldFx_scaled,droneWorldFy_scaled,droneWorldFz_scaled,zero_bias_count,rateDes_roll,rateDes_pitch,rateDes_yaw,age_pose,age_status,age_cf_voltage,age_cmd_position,age_stateEstimate_velocity,age_stateEstimate_acc,age_gyro_feedback,age_vel_des,age_att_des,age_rate_des,age_cf_motor_force,age_cf_motor_force_scaled,age_cf_body_input_force,age_cf_world_force,age_cf_F_input_scaled,age_cf_zero_bias_dbg,validity_bitmask
1779239076.4713840485,nan,nan,nan,nan,nan,nan,nan,nan,nan,nan,nan,nan,nan,nan,nan,nan,nan,nan,nan,nan,nan,nan,nan,nan,nan,nan,nan,nan,nan,nan,nan,nan,nan,nan,nan,nan,nan,nan,nan,nan,nan,nan,nan,nan,nan,nan,nan,nan,nan,nan,nan,nan,inf,inf,inf,inf,inf,inf,inf,inf,inf,inf,inf,inf,inf,inf,inf,inf,1
1779239076.4814291000,nan,nan,nan,nan,nan,nan,nan,nan,nan,nan,nan,nan,nan,nan,nan,nan,nan,nan,nan,nan,nan,nan,nan,nan,nan,nan,nan,nan,nan,nan,nan,nan,nan,nan,nan,nan,nan,nan,nan,nan,nan,nan,nan,nan,nan,nan,nan,nan,nan,nan,nan,nan,inf,inf,inf,inf,inf,inf,inf,inf,inf,inf,inf,inf,inf,inf,inf,inf,3
1779239076.4914343357,nan,nan,nan,nan,nan,nan,nan,nan,nan,nan,nan,nan,nan,nan,nan,nan,nan,nan,nan,nan,nan,nan,nan,nan,nan,nan,nan,nan,nan,nan,nan,nan,nan,nan,nan,nan,nan,nan,nan,nan,nan,nan,nan,nan,nan,nan,nan,nan,nan,nan,nan,nan,inf,inf,inf,inf,inf,inf,inf,inf,inf,inf,inf,inf,inf,inf,inf,inf,3
1779239076.5013983250,nan,nan,nan,nan,nan,nan,nan,nan,nan,nan,nan,nan,nan,nan,nan,nan,nan,nan,nan,nan,nan,nan,nan,nan,nan,nan,nan,nan,nan,nan,nan,nan,nan,nan,nan,nan,nan,nan,nan,nan,nan,nan,nan,nan,nan,nan,nan,nan,nan,nan,nan,nan,inf,inf,inf,inf,inf,inf,inf,inf,inf,inf,inf,inf,inf,inf,inf,inf,3
1779239076.5114557743,-0.0393488742,0.1138387695,0.0924710184,-0.0083026475,0.0000000000,0.0000000000,nan,nan,nan,nan,nan,nan,nan,nan,nan,nan,nan,nan,nan,nan,nan,nan,nan,nan,nan,nan,nan,nan,0.0000000000,0.0000000000,0.0412453786,nan,nan,nan,nan,nan,nan,nan,nan,nan,nan,nan,nan,nan,nan,nan,nan,nan,nan,nan,nan,nan,0.0000460148,inf,inf,inf,inf,inf,inf,inf,0.0000059605,inf,inf,inf,inf,inf,inf,inf,1031
1779239076.5214045048,-0.0393488742,0.1138387695,0.0924710184,-0.0083026475,0.0000000000,0.0000000000,nan,nan,nan,nan,nan,nan,nan,nan,nan,nan,nan,nan,nan,nan,nan,nan,nan,nan,nan,nan,nan,nan,0.0000000000,0.0000000000,0.0412453786,nan,nan,nan,nan,nan,nan,nan,nan,nan,nan,nan,nan,nan,nan,nan,nan,nan,nan,nan,nan,nan,0.0099947453,inf,inf,inf,inf,inf,inf,inf,0.0099546909,inf,inf,inf,inf,inf,inf,inf,1031
1779239076.5314042568,-0.0393488742,0.1138387695,0.0924710184,-0.0083026475,0.0000000000,0.0000000000,nan,nan,nan,nan,nan,nan,nan,nan,nan,nan,nan,nan,nan,nan,nan,nan,nan,nan,nan,nan,nan,nan,0.0000000000,0.0000000000,0.0412453786,nan,nan,nan,nan,nan,nan,nan,nan,nan,nan,nan,nan,nan,nan,nan,nan,nan,nan,nan,nan,nan,0.0199944973,inf,inf,inf,inf,inf,inf,inf,0.0199544430,inf,inf,inf,inf,inf,inf,inf,1031
1779239076.5414299965,-0.0393488742,0.1138387695,0.0924710184,-0.0083026475,0.0000000000,0.0000000000,nan,nan,nan,nan,nan,nan,nan,nan,nan,nan,nan,nan,nan,nan,nan,nan,nan,nan,nan,nan,nan,nan,0.0000000000,0.0000000000,0.0412453786,nan,nan,nan,nan,nan,nan,nan,nan,nan,nan,nan,nan,nan,nan,nan,nan,nan,nan,nan,nan,nan,0.0300202370,inf,inf,inf,inf,inf,inf,inf,0.0299801826,inf,inf,inf,inf,inf,inf,inf,1031
1779239076.5514161587,-0.0393488742,0.1138387695,0.0924710184,-0.0083026475,0.0000000000,0.0000000000,nan,nan,nan,nan,nan,nan,nan,nan,nan,nan,nan,nan,nan,nan,nan,nan,nan,nan,nan,nan,nan,nan,0.0000000000,0.0000000000,0.0412453786,nan,nan,nan,nan,nan,nan,nan,nan,nan,nan,nan,nan,nan,nan,nan,nan,nan,nan,nan,nan,nan,0.0400063992,inf,inf,inf,inf,inf,inf,inf,0.0399663448,inf,inf,inf,inf,inf,inf,inf,1031
1779239076.5613911152,-0.0394699536,0.1137987375,0.0926211923,-0.0083026475,0.0000000000,0.0000000000,nan,nan,nan,nan,nan,nan,nan,nan,nan,nan,nan,nan,nan,nan,nan,nan,nan,nan,nan,0.0000000000,0.0000000000,0.0000000000,0.0000000000,0.0000000000,0.0412453786,nan,nan,nan,nan,nan,nan,nan,nan,nan,nan,nan,nan,nan,nan,nan,nan,nan,nan,nan,nan,nan,0.0000238419,inf,inf,inf,inf,inf,inf,0.0000054836,0.0499413013,inf,inf,inf,inf,inf,inf,inf,1543
1779239076.5714623928,-0.0394699536,0.1137987375,0.0926211923,-0.0083026475,0.0000000000,0.0000000000,nan,nan,nan,nan,nan,nan,nan,nan,nan,nan,nan,nan,nan,nan,nan,nan,nan,nan,nan,0.0000000000,0.0000000000,0.0000000000,0.0000000000,0.0000000000,0.0412453786,nan,nan,nan,nan,nan,nan,nan,nan,nan,nan,nan,nan,nan,nan,nan,nan,nan,nan,nan,nan,nan,0.0100951195,inf,inf,inf,inf,inf,inf,0.0100767612,0.0600125790,inf,inf,inf,inf,inf,inf,inf,1543
1779239076.5814352036,-0.0394699536,0.1137987375,0.0926211923,-0.0083026475,0.0000000000,0.0000000000,nan,nan,nan,nan,nan,nan,nan,nan,nan,nan,nan,nan,nan,nan,nan,nan,nan,nan,nan,0.0000000000,0.0000000000,0.0000000000,0.0000000000,0.0000000000,0.0412453786,nan,nan,nan,nan,nan,nan,nan,nan,nan,nan,nan,nan,nan,nan,nan,nan,nan,nan,nan,nan,nan,0.0200679302,inf,inf,inf,inf,inf,inf,0.0200495720,0.0699853897,inf,inf,inf,inf,inf,inf,inf,1543
1779239076.5914595127,-0.0394699536,0.1137987375,0.0926211923,-0.0083026475,0.0000000000,0.0000000000,nan,nan,nan,nan,nan,nan,nan,nan,nan,nan,nan,nan,nan,nan,nan,nan,nan,nan,nan,0.0000000000,0.0000000000,0.0000000000,0.0000000000,0.0000000000,0.0412453786,nan,nan,nan,nan,nan,nan,nan,nan,nan,nan,nan,nan,nan,nan,nan,nan,nan,nan,nan,nan,nan,0.0300922394,inf,inf,inf,inf,inf,inf,0.0300738811,0.0800096989,inf,inf,inf,inf,inf,inf,inf,1543
1779239076.6014318466,-0.0394699536,0.1137987375,0.0926211923,-0.0083026475,0.0000000000,0.0000000000,nan,nan,nan,nan,nan,nan,nan,nan,nan,nan,nan,nan,nan,nan,nan,nan,nan,nan,nan,0.0000000000,0.0000000000,0.0000000000,0.0000000000,0.0000000000,0.0412453786,nan,nan,nan,nan,nan,nan,nan,nan,nan,nan,nan,nan,nan,nan,nan,nan,nan,nan,nan,nan,nan,0.0400645733,inf,inf,inf,inf,inf,inf,0.0400462151,0.0899820328,inf,inf,inf,inf,inf,inf,inf,1543
1779239076.6114087105,-0.0390198007,0.1139963791,0.0920142531,-0.0083026475,0.0000000000,0.0000000000,nan,nan,nan,nan,nan,nan,nan,nan,nan,nan,nan,nan,nan,nan,nan,nan,nan,nan,nan,0.0000000000,0.0000000000,0.0000000000,0.0000000000,0.0000000000,0.0412989818,nan,nan,nan,nan,nan,nan,nan,nan,nan,nan,nan,nan,nan,nan,nan,nan,nan,nan,nan,nan,nan,0.0000231266,inf,inf,inf,inf,inf,inf,0.0500230789,0.0000066757,inf,inf,inf,inf,inf,inf,inf,1543
1779239076.6214241982,-0.0390198007,0.1139963791,0.0920142531,-0.0083026475,0.0000000000,0.0000000000,nan,nan,nan,nan,nan,nan,nan,nan,nan,nan,nan,nan,nan,nan,nan,nan,nan,nan,nan,0.0000000000,0.0000000000,0.0000000000,0.0000000000,0.0000000000,0.0412989818,nan,nan,nan,nan,nan,nan,nan,nan,nan,nan,nan,nan,nan,nan,nan,nan,nan,nan,nan,nan,nan,0.0100386143,inf,inf,inf,inf,inf,inf,0.0600385666,0.0100221634,inf,inf,inf,inf,inf,inf,inf,1543
1779239076.6314241886,-0.0390198007,0.1139963791,0.0920142531,-0.0083026475,0.0000000000,0.0000000000,nan,nan,nan,nan,nan,nan,nan,nan,nan,nan,nan,nan,nan,nan,nan,nan,nan,nan,nan,0.0000000000,0.0000000000,0.0000000000,0.0000000000,0.0000000000,0.0412989818,nan,nan,nan,nan,nan,nan,nan,nan,nan,nan,nan,nan,nan,nan,nan,nan,nan,nan,nan,nan,nan,0.0200386047,inf,inf,inf,inf,inf,inf,0.0700385571,0.0200221539,inf,inf,inf,inf,inf,inf,inf,1543
1779239076.6414220333,-0.0390198007,0.1139963791,0.0920142531,-0.0083026475,0.0000000000,0.0000000000,nan,nan,nan,nan,nan,nan,nan,nan,nan,nan,nan,nan,nan,nan,nan,nan,nan,nan,nan,0.0000000000,0.0000000000,0.0000000000,0.0000000000,0.0000000000,0.0412989818,nan,nan,nan,nan,nan,nan,nan,nan,nan,nan,nan,nan,nan,nan,nan,nan,nan,nan,nan,nan,nan,0.0300364494,inf,inf,inf,inf,inf,inf,0.0800364017,0.0300199986,inf,inf,inf,inf,inf,inf,inf,1543
1779239076.6514146328,-0.0390198007,0.1139963791,0.0920142531,-0.0083026475,0.0000000000,0.0000000000,nan,nan,nan,nan,nan,nan,nan,nan,nan,nan,nan,nan,nan,nan,nan,nan,nan,nan,nan,0.0000000000,0.0000000000,0.0000000000,0.0000000000,0.0000000000,0.0412989818,nan,nan,nan,nan,nan,nan,nan,nan,nan,nan,nan,nan,nan,nan,nan,nan,nan,nan,nan,nan,nan,0.0400290489,inf,inf,inf,inf,inf,inf,0.0900290012,0.0400125980,inf,inf,inf,inf,inf,inf,inf,1543
1779239076.6613919735,-0.0390711725,0.1140268743,0.0920381248,-0.0083026475,0.0000000000,0.0000000000,nan,nan,nan,nan,nan,nan,nan,nan,nan,nan,nan,nan,nan,nan,nan,nan,nan,nan,nan,0.0000000000,0.0000000000,0.0000000000,0.0000000000,0.0000000000,0.0412989818,nan,nan,nan,nan,nan,nan,nan,nan,nan,nan,nan,nan,nan,nan,nan,nan,nan,nan,nan,nan,nan,0.0000195503,inf,inf,inf,inf,inf,inf,0.0000059605,0.0499899387,inf,inf,inf,inf,inf,inf,inf,1543
1779239076.6714541912,-0.0390711725,0.1140268743,0.0920381248,-0.0083026475,0.0000000000,0.0000000000,nan,nan,nan,nan,nan,nan,nan,nan,nan,nan,nan,nan,nan,nan,nan,nan,nan,nan,nan,0.0000000000,0.0000000000,0.0000000000,0.0000000000,0.0000000000,0.0412989818,nan,nan,nan,nan,nan,nan,nan,nan,nan,nan,nan,nan,nan,nan,nan,nan,nan,nan,nan,nan,nan,0.0100817680,inf,inf,inf,inf,inf,inf,0.0100681782,0.0600521564,inf,inf,inf,inf,inf,inf,inf,1543
1779239076.6814095974,-0.0390711725,0.1140268743,0.0920381248,-0.0083026475,0.0000000000,0.0000000000,nan,nan,nan,nan,nan,nan,nan,nan,nan,nan,nan,nan,nan,nan,nan,nan,nan,nan,nan,0.0000000000,0.0000000000,0.0000000000,0.0000000000,0.0000000000,0.0412989818,nan,nan,nan,nan,nan,nan,nan,nan,nan,nan,nan,nan,nan,nan,nan,nan,nan,nan,nan,nan,nan,0.0200371742,inf,inf,inf,inf,inf,inf,0.0200235844,0.0700075626,inf,inf,inf,inf,inf,inf,inf,1543
1779239076.6914095879,-0.0390711725,0.1140268743,0.0920381248,-0.0083026475,0.0000000000,0.0000000000,nan,nan,nan,nan,nan,nan,nan,nan,nan,nan,nan,nan,nan,nan,nan,nan,nan,nan,nan,0.0000000000,0.0000000000,0.0000000000,0.0000000000,0.0000000000,0.0412989818,nan,nan,nan,nan,nan,nan,nan,nan,nan,nan,nan,nan,nan,nan,nan,nan,nan,nan,nan,nan,nan,0.0300371647,inf,inf,inf,inf,inf,inf,0.0300235748,0.0800075531,inf,inf,inf,inf,inf,inf,inf,1543
1779239076.7014093399,-0.0390711725,0.1140268743,0.0920381248,-0.0083026475,0.0000000000,0.0000000000,nan,nan,nan,nan,nan,nan,nan,nan,nan,nan,nan,nan,nan,nan,nan,nan,nan,nan,nan,0.0000000000,0.0000000000,0.0000000000,0.0000000000,0.0000000000,0.0412989818,nan,nan,nan,nan,nan,nan,nan,nan,nan,nan,nan,nan,nan,nan,nan,nan,nan,nan,nan,nan,nan,0.0400369167,inf,inf,inf,inf,inf,inf,0.0400233269,0.0900073051,inf,inf,inf,inf,inf,inf,inf,1543
1779239076.7114212513,-0.0391399302,0.1140477136,0.0920655429,-0.0083026475,0.0000000000,0.0000000000,nan,nan,nan,nan,nan,nan,nan,nan,nan,nan,nan,nan,nan,nan,nan,nan,nan,nan,nan,0.0000000000,0.0000000000,0.0000000000,0.0000000000,0.0000000000,0.0403123088,nan,nan,nan,nan,nan,nan,nan,nan,nan,nan,nan,nan,nan,nan,nan,nan,nan,nan,nan,nan,nan,0.0000262260,inf,inf,inf,inf,inf,inf,0.0500352383,0.0000066757,inf,inf,inf,inf,inf,inf,inf,1543
1779239076.7214188576,-0.0391399302,0.1140477136,0.0920655429,-0.0083026475,0.0000000000,0.0000000000,nan,nan,nan,nan,nan,nan,nan,nan,nan,nan,nan,nan,nan,nan,nan,nan,nan,nan,nan,0.0000000000,0.0000000000,0.0000000000,0.0000000000,0.0000000000,0.0403123088,nan,nan,nan,nan,nan,nan,nan,nan,nan,nan,nan,nan,nan,nan,nan,nan,nan,nan,nan,nan,nan,0.0100238323,inf,inf,inf,inf,inf,inf,0.0600328445,0.0100042820,inf,inf,inf,inf,inf,inf,inf,1543
1779239076.7314126492,-0.0391399302,0.1140477136,0.0920655429,-0.0083026475,0.0000000000,0.0000000000,nan,nan,nan,nan,nan,nan,nan,nan,nan,nan,nan,nan,nan,nan,nan,nan,nan,nan,nan,0.0000000000,0.0000000000,0.0000000000,0.0000000000,0.0000000000,0.0403123088,nan,nan,nan,nan,nan,nan,nan,nan,nan,nan,nan,nan,nan,nan,nan,nan,nan,nan,nan,nan,nan,0.0200176239,inf,inf,inf,inf,inf,inf,0.0700266361,0.0199980736,inf,inf,inf,inf,inf,inf,inf,1543
1779239076.7413976192,-0.0391399302,0.1140477136,0.0920655429,-0.0083026475,0.0000000000,0.0000000000,nan,nan,nan,nan,nan,nan,nan,nan,nan,nan,nan,nan,nan,nan,nan,nan,nan,nan,nan,0.0000000000,0.0000000000,0.0000000000,0.0000000000,0.0000000000,0.0403123088,nan,nan,nan,nan,nan,nan,nan,nan,nan,nan,nan,nan,nan,nan,nan,nan,nan,nan,nan,nan,nan,0.0300025940,inf,inf,inf,inf,inf,inf,0.0800116062,0.0299830437,inf,inf,inf,inf,inf,inf,inf,1543
1779239076.7514014244,-0.0391399302,0.1140477136,0.0920655429,-0.0083026475,0.0000000000,0.0000000000,nan,nan,nan,nan,nan,nan,nan,nan,nan,nan,nan,nan,nan,nan,nan,nan,nan,nan,nan,0.0000000000,0.0000000000,0.0000000000,0.0000000000,0.0000000000,0.0403123088,nan,nan,nan,nan,nan,nan,nan,nan,nan,nan,nan,nan,nan,nan,nan,nan,nan,nan,nan,nan,nan,0.0400063992,inf,inf,inf,inf,inf,inf,0.0900154114,0.0399868488,inf,inf,inf,inf,inf,inf,inf,1543
1779239076.7614731789,-0.0391070470,0.1140477881,0.0920480266,-0.0083026475,0.0000000000,0.0000000000,nan,nan,nan,nan,nan,nan,nan,nan,nan,nan,nan,nan,nan,nan,nan,nan,nan,nan,nan,0.0000000000,0.0000000000,0.0000000000,0.0000000000,0.0000000000,0.0403123088,nan,nan,nan,nan,nan,nan,nan,nan,nan,nan,nan,nan,nan,nan,nan,nan,nan,nan,nan,nan,nan,0.0000350475,inf,inf,inf,inf,inf,inf,0.0000121593,0.0500586033,inf,inf,inf,inf,inf,inf,inf,1543
1779239076.7714874744,-0.0391070470,0.1140477881,0.0920480266,-0.0083026475,0.0000000000,0.0000000000,nan,nan,nan,nan,nan,nan,nan,nan,nan,nan,nan,nan,nan,nan,nan,nan,nan,nan,nan,0.0000000000,0.0000000000,0.0000000000,0.0000000000,0.0000000000,0.0403123088,nan,nan,nan,nan,nan,nan,nan,nan,nan,nan,nan,nan,nan,nan,nan,nan,nan,nan,nan,nan,nan,0.0100493431,inf,inf,inf,inf,inf,inf,0.0100264549,0.0600728989,inf,inf,inf,inf,inf,inf,inf,1543
1779239076.7814745903,-0.0391070470,0.1140477881,0.0920480266,-0.0083026475,0.0000000000,0.0000000000,nan,nan,nan,nan,nan,nan,nan,nan,nan,nan,nan,nan,nan,nan,nan,nan,nan,nan,nan,0.0000000000,0.0000000000,0.0000000000,0.0000000000,0.0000000000,0.0403123088,nan,nan,nan,nan,nan,nan,nan,nan,nan,nan,nan,nan,nan,nan,nan,nan,nan,nan,nan,nan,nan,0.0200364590,inf,inf,inf,inf,inf,inf,0.0200135708,0.0700600147,inf,inf,inf,inf,inf,inf,inf,1543
1779239076.7914938927,-0.0391070470,0.1140477881,0.0920480266,-0.0083026475,0.0000000000,0.0000000000,nan,nan,nan,nan,nan,nan,nan,nan,nan,nan,nan,nan,nan,nan,nan,nan,nan,nan,nan,0.0000000000,0.0000000000,0.0000000000,0.0000000000,0.0000000000,0.0403123088,nan,nan,nan,nan,nan,nan,nan,nan,nan,nan,nan,nan,nan,nan,nan,nan,nan,nan,nan,nan,nan,0.0300557613,inf,inf,inf,inf,inf,inf,0.0300328732,0.0800793171,inf,inf,inf,inf,inf,inf,inf,1543
1779239076.8014290333,-0.0391070470,0.1140477881,0.0920480266,-0.0083026475,0.0000000000,0.0000000000,nan,nan,nan,nan,nan,nan,nan,nan,nan,nan,nan,nan,nan,nan,nan,nan,nan,nan,nan,0.0000000000,0.0000000000,0.0000000000,0.0000000000,0.0000000000,0.0403123088,nan,nan,nan,nan,nan,nan,nan,nan,nan,nan,nan,nan,nan,nan,nan,nan,nan,nan,nan,nan,nan,0.0399909019,inf,inf,inf,inf,inf,inf,0.0399680138,0.0900144577,inf,inf,inf,inf,inf,inf,inf,1543
1779239076.8114576340,-0.0391859189,0.1140840352,0.0920559689,-0.0083026475,0.0000000000,0.0000000000,nan,nan,nan,nan,nan,nan,nan,nan,nan,nan,nan,nan,nan,nan,nan,nan,nan,nan,nan,0.0000000000,0.0000000000,0.0000000000,0.0000000000,0.0000000000,0.0366977155,nan,nan,nan,nan,nan,nan,nan,nan,nan,nan,nan,nan,nan,nan,nan,nan,nan,nan,nan,nan,nan,0.0000278950,inf,inf,inf,inf,inf,inf,0.0499966145,0.0000092983,inf,inf,inf,inf,inf,inf,inf,1543
1779239076.8216347694,-0.0391859189,0.1140840352,0.0920559689,-0.0083026475,0.0000000000,0.0000000000,nan,nan,nan,nan,nan,nan,nan,nan,nan,nan,nan,nan,nan,nan,nan,nan,nan,nan,nan,0.0000000000,0.0000000000,0.0000000000,0.0000000000,0.0000000000,0.0366977155,nan,nan,nan,nan,nan,nan,nan,nan,nan,nan,nan,nan,nan,nan,nan,nan,nan,nan,nan,nan,nan,0.0102050304,inf,inf,inf,inf,inf,inf,0.0601737499,0.0101864338,inf,inf,inf,inf,inf,inf,inf,1543
1779239076.8314476013,-0.0391859189,0.1140840352,0.0920559689,-0.0083026475,0.0000000000,0.0000000000,nan,nan,nan,nan,nan,nan,nan,nan,nan,nan,nan,nan,nan,nan,nan,nan,nan,nan,nan,0.0000000000,0.0000000000,0.0000000000,0.0000000000,0.0000000000,0.0366977155,nan,nan,nan,nan,nan,nan,nan,nan,nan,nan,nan,nan,nan,nan,nan,nan,nan,nan,nan,nan,nan,0.0200178623,inf,inf,inf,inf,inf,inf,0.0699865818,0.0199992657,inf,inf,inf,inf,inf,inf,inf,1543
1779239076.8414101601,-0.0391859189,0.1140840352,0.0920559689,-0.0083026475,0.0000000000,0.0000000000,nan,nan,nan,nan,nan,nan,nan,nan,nan,nan,nan,nan,nan,nan,nan,nan,nan,nan,nan,0.0000000000,0.0000000000,0.0000000000,0.0000000000,0.0000000000,0.0366977155,nan,nan,nan,nan,nan,nan,nan,nan,nan,nan,nan,nan,nan,nan,nan,nan,nan,nan,nan,nan,nan,0.0299804211,inf,inf,inf,inf,inf,inf,0.0799491405,0.0299618244,inf,inf,inf,inf,inf,inf,inf,1543
1779239076.8513970375,-0.0391859189,0.1140840352,0.0920559689,-0.0083026475,0.0000000000,0.0000000000,nan,nan,nan,nan,nan,nan,nan,nan,nan,nan,nan,nan,nan,nan,nan,nan,nan,nan,nan,0.0000000000,0.0000000000,0.0000000000,0.0000000000,0.0000000000,0.0366977155,nan,nan,nan,nan,nan,nan,nan,nan,nan,nan,nan,nan,nan,nan,nan,nan,nan,nan,nan,nan,nan,0.0399672985,inf,inf,inf,inf,inf,inf,0.0899360180,0.0399487019,inf,inf,inf,inf,inf,inf,inf,1543
1779239076.8614180088,-0.0393010527,0.1141283065,0.0920735747,-0.0083026475,0.0000000000,0.0000000000,nan,nan,nan,nan,nan,nan,nan,nan,nan,nan,nan,nan,nan,nan,nan,nan,nan,nan,nan,0.0000000000,0.0000000000,0.0000000000,0.0000000000,0.0000000000,0.0366977155,nan,nan,nan,nan,nan,nan,nan,nan,nan,nan,nan,nan,nan,nan,nan,nan,nan,nan,nan,nan,nan,0.0000295639,inf,inf,inf,inf,inf,inf,0.0000081062,0.0499696732,inf,inf,inf,inf,inf,inf,inf,1543
1779239076.8714087009,-0.0393010527,0.1141283065,0.0920735747,-0.0083026475,0.0000000000,0.0000000000,nan,nan,nan,nan,nan,nan,nan,nan,nan,nan,nan,nan,nan,nan,nan,nan,nan,nan,nan,0.0000000000,0.0000000000,0.0000000000,0.0000000000,0.0000000000,0.0366977155,nan,nan,nan,nan,nan,nan,nan,nan,nan,nan,nan,nan,nan,nan,nan,nan,nan,nan,nan,nan,nan,0.0100202560,inf,inf,inf,inf,inf,inf,0.0099987984,0.0599603653,inf,inf,inf,inf,inf,inf,inf,1543
1779239076.8814010620,-0.0393010527,0.1141283065,0.0920735747,-0.0083026475,0.0000000000,0.0000000000,nan,nan,nan,nan,nan,nan,nan,nan,nan,nan,nan,nan,nan,nan,nan,nan,nan,nan,nan,0.0000000000,0.0000000000,0.0000000000,0.0000000000,0.0000000000,0.0366977155,nan,nan,nan,nan,nan,nan,nan,nan,nan,nan,nan,nan,nan,nan,nan,nan,nan,nan,nan,nan,nan,0.0200126171,inf,inf,inf,inf,inf,inf,0.0199911594,0.0699527264,inf,inf,inf,inf,inf,inf,inf,1543
1779239076.8914160728,-0.0393010527,0.1141283065,0.0920735747,-0.0083026475,0.0000000000,0.0000000000,nan,nan,nan,nan,nan,nan,nan,nan,nan,nan,nan,nan,nan,nan,nan,nan,nan,nan,nan,0.0000000000,0.0000000000,0.0000000000,0.0000000000,0.0000000000,0.0366977155,nan,nan,nan,nan,nan,nan,nan,nan,nan,nan,nan,nan,nan,nan,nan,nan,nan,nan,nan,nan,nan,0.0300276279,inf,inf,inf,inf,inf,inf,0.0300061703,0.0799677372,inf,inf,inf,inf,inf,inf,inf,1543
1779239076.9014155865,-0.0393010527,0.1141283065,0.0920735747,-0.0083026475,0.0000000000,0.0000000000,nan,nan,nan,nan,nan,nan,nan,nan,nan,nan,nan,nan,nan,nan,nan,nan,nan,nan,nan,0.0000000000,0.0000000000,0.0000000000,0.0000000000,0.0000000000,0.0366977155,nan,nan,nan,nan,nan,nan,nan,nan,nan,nan,nan,nan,nan,nan,nan,nan,nan,nan,nan,nan,nan,0.0400271416,inf,inf,inf,inf,inf,inf,0.0400056839,0.0899672508,inf,inf,inf,inf,inf,inf,inf,1543
1779239076.9114148617,-0.0394299291,0.1141391546,0.0920971408,-0.0083026475,0.0000000000,0.0000000000,nan,nan,nan,nan,nan,nan,nan,nan,nan,nan,nan,nan,nan,nan,nan,nan,nan,nan,nan,0.0000000000,0.0000000000,0.0000000000,0.0000000000,0.0000000000,0.0341261737,nan,nan,nan,nan,nan,nan,nan,nan,nan,nan,nan,nan,nan,nan,nan,nan,nan,nan,nan,nan,nan,0.0000197887,inf,inf,inf,inf,inf,inf,0.0500049591,0.0000050068,inf,inf,inf,inf,inf,inf,inf,1543
1779239076.9214098454,-0.0394299291,0.1141391546,0.0920971408,-0.0083026475,0.0000000000,0.0000000000,nan,nan,nan,nan,nan,nan,nan,nan,nan,nan,nan,nan,nan,nan,nan,nan,nan,nan,nan,0.0000000000,0.0000000000,0.0000000000,0.0000000000,0.0000000000,0.0341261737,nan,nan,nan,nan,nan,nan,nan,nan,nan,nan,nan,nan,nan,nan,nan,nan,nan,nan,nan,nan,nan,0.0100147724,inf,inf,inf,inf,inf,inf,0.0599999428,0.0099999905,inf,inf,inf,inf,inf,inf,inf,1543
1779239076.9314124584,-0.0394299291,0.1141391546,0.0920971408,-0.0083026475,0.0000000000,0.0000000000,nan,nan,nan,nan,nan,nan,nan,nan,nan,nan,nan,nan,nan,nan,nan,nan,nan,nan,nan,0.0000000000,0.0000000000,0.0000000000,0.0000000000,0.0000000000,0.0341261737,nan,nan,nan,nan,nan,nan,nan,nan,nan,nan,nan,nan,nan,nan,nan,nan,nan,nan,nan,nan,nan,0.0200173855,inf,inf,inf,inf,inf,inf,0.0700025558,0.0200026035,inf,inf,inf,inf,inf,inf,inf,1543
1779239076.9414052963,-0.0394299291,0.1141391546,0.0920971408,-0.0083026475,0.0000000000,0.0000000000,nan,nan,nan,nan,nan,nan,nan,nan,nan,nan,nan,nan,nan,nan,nan,nan,nan,nan,nan,0.0000000000,0.0000000000,0.0000000000,0.0000000000,0.0000000000,0.0341261737,nan,nan,nan,nan,nan,nan,nan,nan,nan,nan,nan,nan,nan,nan,nan,nan,nan,nan,nan,nan,nan,0.0300102234,inf,inf,inf,inf,inf,inf,0.0799953938,0.0299954414,inf,inf,inf,inf,inf,inf,inf,1543
1779239076.9513905048,-0.0394299291,0.1141391546,0.0920971408,-0.0083026475,0.0000000000,0.0000000000,nan,nan,nan,nan,nan,nan,nan,nan,nan,nan,nan,nan,nan,nan,nan,nan,nan,nan,nan,0.0000000000,0.0000000000,0.0000000000,0.0000000000,0.0000000000,0.0341261737,nan,nan,nan,nan,nan,nan,nan,nan,nan,nan,nan,nan,nan,nan,nan,nan,nan,nan,nan,nan,nan,0.0399954319,inf,inf,inf,inf,inf,inf,0.0899806023,0.0399806499,inf,inf,inf,inf,inf,inf,inf,1543
1779239076.9613969326,-0.0395826027,0.1141095608,0.0921351463,-0.0083026475,0.0000000000,0.0000000000,nan,nan,nan,nan,nan,nan,nan,nan,nan,nan,nan,nan,nan,nan,nan,nan,nan,nan,nan,0.0000000000,0.0000000000,0.0000000000,0.0000000000,0.0000000000,0.0341261737,nan,nan,nan,nan,nan,nan,nan,nan,nan,nan,nan,nan,nan,nan,nan,nan,nan,nan,nan,nan,nan,0.0000267029,inf,inf,inf,inf,inf,inf,0.0000076294,0.0499870777,inf,inf,inf,inf,inf,inf,inf,1543
1779239076.9714305401,-0.0395826027,0.1141095608,0.0921351463,-0.0083026475,0.0000000000,0.0000000000,nan,nan,nan,nan,nan,nan,nan,nan,nan,nan,nan,nan,nan,nan,nan,nan,nan,nan,nan,0.0000000000,0.0000000000,0.0000000000,0.0000000000,0.0000000000,0.0341261737,nan,nan,nan,nan,nan,nan,nan,nan,nan,nan,nan,nan,nan,nan,nan,nan,nan,nan,nan,nan,nan,0.0100603104,inf,inf,inf,inf,inf,inf,0.0100412369,0.0600206852,inf,inf,inf,inf,inf,inf,inf,1543
1779239076.9814004898,-0.0395826027,0.1141095608,0.0921351463,-0.0083026475,0.0000000000,0.0000000000,nan,nan,nan,nan,nan,nan,nan,nan,nan,nan,nan,nan,nan,nan,nan,nan,nan,nan,nan,0.0000000000,0.0000000000,0.0000000000,0.0000000000,0.0000000000,0.0341261737,nan,nan,nan,nan,nan,nan,nan,nan,nan,nan,nan,nan,nan,nan,nan,nan,nan,nan,nan,nan,nan,0.0200302601,inf,inf,inf,inf,inf,inf,0.0200111866,0.0699906349,inf,inf,inf,inf,inf,inf,inf,1543
1779239076.9914636612,-0.0395826027,0.1141095608,0.0921351463,-0.0083026475,0.0000000000,0.0000000000,nan,nan,nan,nan,nan,nan,nan,nan,nan,nan,nan,nan,nan,nan,nan,nan,nan,nan,nan,0.0000000000,0.0000000000,0.0000000000,0.0000000000,0.0000000000,0.0341261737,nan,nan,nan,nan,nan,nan,nan,nan,nan,nan,nan,nan,nan,nan,nan,nan,nan,nan,nan,nan,nan,0.0300934315,inf,inf,inf,inf,inf,inf,0.0300743580,0.0800538063,inf,inf,inf,inf,inf,inf,inf,1543
1779239077.0013773441,-0.0395826027,0.1141095608,0.0921351463,-0.0083026475,0.0000000000,0.0000000000,nan,nan,nan,nan,nan,nan,nan,nan,nan,nan,nan,nan,nan,nan,nan,nan,nan,nan,nan,0.0000000000,0.0000000000,0.0000000000,0.0000000000,0.0000000000,0.0341261737,nan,nan,nan,nan,nan,nan,nan,nan,nan,nan,nan,nan,nan,nan,nan,nan,nan,nan,nan,nan,nan,0.0400071144,inf,inf,inf,inf,inf,inf,0.0399880409,0.0899674892,inf,inf,inf,inf,inf,inf,inf,1543
1779239077.0114145279,-0.0397668816,0.1140376553,0.0921924636,-0.0083026475,0.0000000000,0.0000000000,nan,nan,nan,nan,nan,nan,nan,nan,nan,nan,nan,nan,nan,nan,nan,nan,nan,nan,nan,0.0000000000,0.0000000000,0.0000000000,0.0000000000,0.0000000000,0.0346726291,nan,nan,nan,nan,nan,nan,nan,nan,nan,nan,nan,nan,nan,nan,nan,nan,nan,nan,nan,nan,nan,0.0000209808,inf,inf,inf,inf,inf,inf,0.0500252247,0.0000061989,inf,inf,inf,inf,inf,inf,inf,1543
1779239077.0214946270,-0.0397668816,0.1140376553,0.0921924636,-0.0083026475,0.0000000000,0.0000000000,nan,nan,nan,nan,nan,nan,nan,nan,nan,nan,nan,nan,nan,nan,nan,nan,nan,nan,nan,0.0000000000,0.0000000000,0.0000000000,0.0000000000,0.0000000000,0.0346726291,nan,nan,nan,nan,nan,nan,nan,nan,nan,nan,nan,nan,nan,nan,nan,nan,nan,nan,nan,nan,nan,0.0101010799,inf,inf,inf,inf,inf,inf,0.0601053238,0.0100862980,inf,inf,inf,inf,inf,inf,inf,1543
1779239077.0314967632,-0.0397668816,0.1140376553,0.0921924636,-0.0083026475,0.0000000000,0.0000000000,nan,nan,nan,nan,nan,nan,nan,nan,nan,nan,nan,nan,nan,nan,nan,nan,nan,nan,nan,0.0000000000,0.0000000000,0.0000000000,0.0000000000,0.0000000000,0.0346726291,nan,nan,nan,nan,nan,nan,nan,nan,nan,nan,nan,nan,nan,nan,nan,nan,nan,nan,nan,nan,nan,0.0201032162,inf,inf,inf,inf,inf,inf,0.0701074600,0.0200884342,inf,inf,inf,inf,inf,inf,inf,1543
1779239077.0414664745,-0.0397668816,0.1140376553,0.0921924636,-0.0083026475,0.0000000000,0.0000000000,nan,nan,nan,nan,nan,nan,nan,nan,nan,nan,nan,nan,nan,nan,nan,nan,nan,nan,nan,0.0000000000,0.0000000000,0.0000000000,0.0000000000,0.0000000000,0.0346726291,nan,nan,nan,nan,nan,nan,nan,nan,nan,nan,nan,nan,nan,nan,nan,nan,nan,nan,nan,nan,nan,0.0300729275,inf,inf,inf,inf,inf,inf,0.0800771713,0.0300581455,inf,inf,inf,inf,inf,inf,inf,1543
1779239077.0514571667,-0.0397668816,0.1140376553,0.0921924636,-0.0083026475,0.0000000000,0.0000000000,nan,nan,nan,nan,nan,nan,nan,nan,nan,nan,nan,nan,nan,nan,nan,nan,nan,nan,nan,0.0000000000,0.0000000000,0.0000000000,0.0000000000,0.0000000000,0.0346726291,nan,nan,nan,nan,nan,nan,nan,nan,nan,nan,nan,nan,nan,nan,nan,nan,nan,nan,nan,nan,nan,0.0400636196,inf,inf,inf,inf,inf,inf,0.0900678635,0.0400488377,inf,inf,inf,inf,inf,inf,inf,1543
1779239077.0615000725,-0.0399810299,0.1139411554,0.0922872126,-0.0083026475,0.0000000000,0.0000000000,nan,nan,nan,nan,nan,nan,nan,nan,nan,nan,nan,nan,nan,nan,nan,nan,nan,nan,nan,0.0000000000,0.0000000000,0.0000000000,0.0000000000,0.0000000000,0.0346726291,nan,nan,nan,nan,nan,nan,nan,nan,nan,nan,nan,nan,nan,nan,nan,nan,nan,nan,nan,nan,nan,0.0000312328,inf,inf,inf,inf,inf,inf,0.0000078678,0.0500917435,inf,inf,inf,inf,inf,inf,inf,1543
1779239077.0714547634,-0.0399810299,0.1139411554,0.0922872126,-0.0083026475,0.0000000000,0.0000000000,nan,nan,nan,nan,nan,nan,nan,nan,nan,nan,nan,nan,nan,nan,nan,nan,nan,nan,nan,0.0000000000,0.0000000000,0.0000000000,0.0000000000,0.0000000000,0.0346726291,nan,nan,nan,nan,nan,nan,nan,nan,nan,nan,nan,nan,nan,nan,nan,nan,nan,nan,nan,nan,nan,0.0099859238,inf,inf,inf,inf,inf,inf,0.0099625587,0.0600464344,inf,inf,inf,inf,inf,inf,inf,1543
1779239077.0815083981,-0.0399810299,0.1139411554,0.0922872126,-0.0083026475,0.0000000000,0.0000000000,nan,nan,nan,nan,nan,nan,nan,nan,nan,nan,nan,nan,nan,nan,nan,nan,nan,nan,nan,0.0000000000,0.0000000000,0.0000000000,0.0000000000,0.0000000000,0.0346726291,nan,nan,nan,nan,nan,nan,nan,nan,nan,nan,nan,nan,nan,nan,nan,nan,nan,nan,nan,nan,nan,0.0200395584,inf,inf,inf,inf,inf,inf,0.0200161934,0.0701000690,inf,inf,inf,inf,inf,inf,inf,1543
1779239077.0914504528,-0.0399810299,0.1139411554,0.0922872126,-0.0083026475,0.0000000000,0.0000000000,nan,nan,nan,nan,nan,nan,nan,nan,nan,nan,nan,nan,nan,nan,nan,nan,nan,nan,nan,0.0000000000,0.0000000000,0.0000000000,0.0000000000,0.0000000000,0.0346726291,nan,nan,nan,nan,nan,nan,nan,nan,nan,nan,nan,nan,nan,nan,nan,nan,nan,nan,nan,nan,nan,0.0299816132,inf,inf,inf,inf,inf,inf,0.0299582481,0.0800421238,inf,inf,inf,inf,inf,inf,inf,1543
1779239077.1014192104,-0.0399810299,0.1139411554,0.0922872126,-0.0083026475,0.0000000000,0.0000000000,nan,nan,nan,nan,nan,nan,nan,nan,nan,nan,nan,nan,nan,nan,nan,nan,nan,nan,nan,0.0000000000,0.0000000000,0.0000000000,0.0000000000,0.0000000000,0.0346726291,nan,nan,nan,nan,nan,nan,nan,nan,nan,nan,nan,nan,nan,nan,nan,nan,nan,nan,nan,nan,nan,0.0399503708,inf,inf,inf,inf,inf,inf,0.0399270058,0.0900108814,inf,inf,inf,inf,inf,inf,inf,1543
1779239077.1114416122,-0.0402213410,0.1138161793,0.0924106091,-0.0083026475,0.0000000000,0.0000000000,nan,nan,nan,nan,nan,nan,nan,nan,nan,nan,nan,nan,nan,nan,nan,nan,nan,nan,nan,0.0000000000,0.0000000000,0.0000000000,0.0000000000,0.0000000000,0.0340582691,nan,nan,nan,nan,nan,nan,nan,nan,nan,nan,nan,nan,nan,nan,nan,nan,nan,nan,nan,nan,nan,0.0000264645,inf,inf,inf,inf,inf,inf,0.0499494076,0.0000085831,inf,inf,inf,inf,inf,inf,inf,1543
1779239077.1214618683,-0.0402213410,0.1138161793,0.0924106091,-0.0083026475,0.0000000000,0.0000000000,nan,nan,nan,nan,nan,nan,nan,nan,nan,nan,nan,nan,nan,nan,nan,nan,nan,nan,nan,0.0000000000,0.0000000000,0.0000000000,0.0000000000,0.0000000000,0.0340582691,nan,nan,nan,nan,nan,nan,nan,nan,nan,nan,nan,nan,nan,nan,nan,nan,nan,nan,nan,nan,nan,0.0100467205,inf,inf,inf,inf,inf,inf,0.0599696636,0.0100288391,inf,inf,inf,inf,inf,inf,inf,1543
1779239077.1314697266,-0.0402213410,0.1138161793,0.0924106091,-0.0083026475,0.0000000000,0.0000000000,nan,nan,nan,nan,nan,nan,nan,nan,nan,nan,nan,nan,nan,nan,nan,nan,nan,nan,nan,0.0000000000,0.0000000000,0.0000000000,0.0000000000,0.0000000000,0.0340582691,nan,nan,nan,nan,nan,nan,nan,nan,nan,nan,nan,nan,nan,nan,nan,nan,nan,nan,nan,nan,nan,0.0200545788,inf,inf,inf,inf,inf,inf,0.0699775219,0.0200366974,inf,inf,inf,inf,inf,inf,inf,1543
1779239077.1415479183,-0.0402213410,0.1138161793,0.0924106091,-0.0083026475,0.0000000000,0.0000000000,nan,nan,nan,nan,nan,nan,nan,nan,nan,nan,nan,nan,nan,nan,nan,nan,nan,nan,nan,0.0000000000,0.0000000000,0.0000000000,0.0000000000,0.0000000000,0.0340582691,nan,nan,nan,nan,nan,nan,nan,nan,nan,nan,nan,nan,nan,nan,nan,nan,nan,nan,nan,nan,nan,0.0301327705,inf,inf,inf,inf,inf,inf,0.0800557137,0.0301148891,inf,inf,inf,inf,inf,inf,inf,1543
1779239077.1514649391,-0.0402213410,0.1138161793,0.0924106091,-0.0083026475,0.0000000000,0.0000000000,nan,nan,nan,nan,nan,nan,nan,nan,nan,nan,nan,nan,nan,nan,nan,nan,nan,nan,nan,0.0000000000,0.0000000000,0.0000000000,0.0000000000,0.0000000000,0.0340582691,nan,nan,nan,nan,nan,nan,nan,nan,nan,nan,nan,nan,nan,nan,nan,nan,nan,nan,nan,nan,nan,0.0400497913,inf,inf,inf,inf,inf,inf,0.0899727345,0.0400319099,inf,inf,inf,inf,inf,inf,inf,1543
1779239077.1614499092,-0.0404682271,0.1136832386,0.0925492644,-0.0083026475,0.0000000000,0.0000000000,nan,nan,nan,nan,nan,nan,nan,nan,nan,nan,nan,nan,nan,nan,nan,nan,nan,nan,nan,0.0000000000,0.0000000000,0.0000000000,0.0000000000,0.0000000000,0.0340582691,nan,nan,nan,nan,nan,nan,nan,nan,nan,nan,nan,nan,nan,nan,nan,nan,nan,nan,nan,nan,nan,0.0000295639,inf,inf,inf,inf,inf,inf,0.0000092983,0.0500168800,inf,inf,inf,inf,inf,inf,inf,1543
1779239077.1714403629,-0.0404682271,0.1136832386,0.0925492644,-0.0083026475,0.0000000000,0.0000000000,3.6630001068,nan,nan,nan,nan,nan,nan,nan,nan,nan,nan,nan,nan,nan,nan,nan,nan,nan,nan,0.0000000000,0.0000000000,0.0000000000,0.0000000000,0.0000000000,0.0340582691,nan,nan,nan,nan,nan,nan,nan,nan,nan,nan,nan,nan,nan,nan,nan,nan,nan,nan,nan,nan,nan,0.0100200176,0.0000107288,inf,inf,inf,inf,inf,0.0099997520,0.0600073338,inf,inf,inf,inf,inf,inf,inf,1551
1779239077.1814396381,-0.0404682271,0.1136832386,0.0925492644,-0.0083026475,0.0000000000,0.0000000000,3.6630001068,nan,nan,nan,nan,nan,nan,nan,nan,nan,nan,nan,nan,nan,nan,nan,nan,nan,nan,0.0000000000,0.0000000000,0.0000000000,0.0000000000,0.0000000000,0.0340582691,nan,nan,nan,nan,nan,nan,nan,nan,nan,nan,nan,nan,nan,nan,nan,nan,nan,nan,nan,nan,nan,0.0200192928,0.0100100040,inf,inf,inf,inf,inf,0.0199990273,0.0700066090,inf,inf,inf,inf,inf,inf,inf,1551
1779239077.1914315224,-0.0404682271,0.1136832386,0.0925492644,-0.0083026475,0.0000000000,0.0000000000,3.6630001068,nan,nan,nan,nan,nan,nan,nan,nan,nan,nan,nan,nan,nan,nan,nan,nan,nan,nan,0.0000000000,0.0000000000,0.0000000000,0.0000000000,0.0000000000,0.0340582691,nan,nan,nan,nan,nan,nan,nan,nan,nan,nan,nan,nan,nan,nan,nan,nan,nan,nan,nan,nan,nan,0.0300111771,0.0200018883,inf,inf,inf,inf,inf,0.0299909115,0.0799984932,inf,inf,inf,inf,inf,inf,inf,1551
1779239077.2013921738,-0.0404682271,0.1136832386,0.0925492644,-0.0083026475,0.0000000000,0.0000000000,3.6630001068,nan,nan,nan,nan,nan,nan,nan,nan,nan,nan,nan,nan,nan,nan,nan,nan,nan,nan,0.0000000000,0.0000000000,0.0000000000,0.0000000000,0.0000000000,0.0340582691,nan,nan,nan,nan,nan,nan,nan,nan,nan,nan,nan,nan,nan,nan,nan,nan,nan,nan,nan,nan,nan,0.0399718285,0.0299625397,inf,inf,inf,inf,inf,0.0399515629,0.0899591446,inf,inf,inf,inf,inf,inf,inf,1551
1779239077.2113931179,-0.0407406352,0.1135187596,0.0926877931,-0.0083026475,0.0000000000,0.0000000000,3.6630001068,nan,nan,nan,nan,nan,nan,nan,nan,nan,nan,nan,nan,nan,nan,nan,nan,nan,nan,0.0000000000,0.0000000000,0.0000000000,0.0000000000,0.0000000000,0.0337795205,nan,nan,nan,nan,nan,nan,nan,nan,nan,nan,nan,nan,nan,nan,nan,nan,nan,nan,nan,nan,nan,0.0000205040,0.0399634838,inf,inf,inf,inf,inf,0.0499525070,0.0000057220,inf,inf,inf,inf,inf,inf,inf,1551
1779239077.2214236259,-0.0407406352,0.1135187596,0.0926877931,-0.0083026475,0.0000000000,0.0000000000,3.6630001068,nan,nan,nan,nan,nan,nan,nan,nan,nan,nan,nan,nan,nan,nan,nan,nan,nan,nan,0.0000000000,0.0000000000,0.0000000000,0.0000000000,0.0000000000,0.0337795205,nan,nan,nan,nan,nan,nan,nan,nan,nan,nan,nan,nan,nan,nan,nan,nan,nan,nan,nan,nan,nan,0.0100510120,0.0499939919,inf,inf,inf,inf,inf,0.0599830151,0.0100362301,inf,inf,inf,inf,inf,inf,inf,1551
1779239077.2314264774,-0.0407406352,0.1135187596,0.0926877931,-0.0083026475,0.0000000000,0.0000000000,3.6630001068,nan,nan,nan,nan,nan,nan,nan,nan,nan,nan,nan,nan,nan,nan,nan,nan,nan,nan,0.0000000000,0.0000000000,0.0000000000,0.0000000000,0.0000000000,0.0337795205,nan,nan,nan,nan,nan,nan,nan,nan,nan,nan,nan,nan,nan,nan,nan,nan,nan,nan,nan,nan,nan,0.0200538635,0.0599968433,inf,inf,inf,inf,inf,0.0699858665,0.0200390816,inf,inf,inf,inf,inf,inf,inf,1551
1779239077.2414364815,-0.0407406352,0.1135187596,0.0926877931,-0.0083026475,0.0000000000,0.0000000000,3.6630001068,nan,nan,nan,nan,nan,nan,nan,nan,nan,nan,nan,nan,nan,nan,nan,nan,nan,nan,0.0000000000,0.0000000000,0.0000000000,0.0000000000,0.0000000000,0.0337795205,nan,nan,nan,nan,nan,nan,nan,nan,nan,nan,nan,nan,nan,nan,nan,nan,nan,nan,nan,nan,nan,0.0300638676,0.0700068474,inf,inf,inf,inf,inf,0.0799958706,0.0300490856,inf,inf,inf,inf,inf,inf,inf,1551
1779239077.2514345646,-0.0407406352,0.1135187596,0.0926877931,-0.0083026475,0.0000000000,0.0000000000,3.6630001068,nan,nan,nan,nan,nan,nan,nan,nan,nan,nan,nan,nan,nan,nan,nan,nan,nan,nan,0.0000000000,0.0000000000,0.0000000000,0.0000000000,0.0000000000,0.0337795205,nan,nan,nan,nan,nan,nan,nan,nan,nan,nan,nan,nan,nan,nan,nan,nan,nan,nan,nan,nan,nan,0.0400619507,0.0800049305,inf,inf,inf,inf,inf,0.0899939537,0.0400471687,inf,inf,inf,inf,inf,inf,inf,1551
1779239077.2614481449,-0.0390396602,0.1139291748,0.0920336843,-0.0083026475,0.0000000000,0.0000000000,3.6630001068,nan,nan,nan,nan,nan,nan,nan,nan,nan,nan,nan,nan,nan,nan,nan,nan,nan,nan,0.0000000000,0.0000000000,0.0000000000,0.0000000000,0.0000000000,0.0337795205,nan,nan,nan,nan,nan,nan,nan,nan,nan,nan,nan,nan,nan,nan,nan,nan,nan,nan,nan,nan,nan,0.0000355244,0.0900185108,inf,inf,inf,inf,inf,0.0000102520,0.0500607491,inf,inf,inf,inf,inf,inf,inf,1551
1779239077.2714619637,-0.0390396602,0.1139291748,0.0920336843,-0.0083026475,0.0000000000,0.0000000000,3.6630001068,nan,nan,nan,nan,nan,nan,nan,nan,nan,nan,nan,nan,nan,nan,nan,nan,nan,nan,0.0000000000,0.0000000000,0.0000000000,0.0000000000,0.0000000000,0.0337795205,nan,nan,nan,nan,nan,nan,nan,nan,nan,nan,nan,nan,nan,nan,nan,nan,nan,nan,nan,nan,nan,0.0100493431,0.1000323296,inf,inf,inf,inf,inf,0.0100240707,0.0600745678,inf,inf,inf,inf,inf,inf,inf,1551
1779239077.2814273834,-0.0390396602,0.1139291748,0.0920336843,-0.0083026475,0.0000000000,0.0000000000,3.6630001068,nan,nan,nan,nan,nan,nan,nan,nan,nan,nan,nan,nan,nan,nan,nan,nan,nan,nan,0.0000000000,0.0000000000,0.0000000000,0.0000000000,0.0000000000,0.0337795205,nan,nan,nan,nan,nan,nan,nan,nan,nan,nan,nan,nan,nan,nan,nan,nan,nan,nan,nan,nan,nan,0.0200147629,0.1099977493,inf,inf,inf,inf,inf,0.0199894905,0.0700399876,inf,inf,inf,inf,inf,inf,inf,1551
1779239077.2914865017,-0.0390396602,0.1139291748,0.0920336843,-0.0083026475,0.0000000000,0.0000000000,3.6630001068,nan,nan,nan,nan,nan,nan,nan,nan,nan,nan,nan,nan,nan,nan,nan,nan,nan,nan,0.0000000000,0.0000000000,0.0000000000,0.0000000000,0.0000000000,0.0337795205,nan,nan,nan,nan,nan,nan,nan,nan,nan,nan,nan,nan,nan,nan,nan,nan,nan,nan,nan,nan,nan,0.0300738811,0.1200568676,inf,inf,inf,inf,inf,0.0300486088,0.0800991058,inf,inf,inf,inf,inf,inf,inf,1551
1779239077.3014864922,-0.0390396602,0.1139291748,0.0920336843,-0.0083026475,0.0000000000,0.0000000000,3.6630001068,nan,nan,nan,nan,nan,nan,nan,nan,nan,nan,nan,nan,nan,nan,nan,nan,nan,nan,0.0000000000,0.0000000000,0.0000000000,0.0000000000,0.0000000000,0.0337795205,nan,nan,nan,nan,nan,nan,nan,nan,nan,nan,nan,nan,nan,nan,nan,nan,nan,nan,nan,nan,nan,0.0400738716,0.1300568581,inf,inf,inf,inf,inf,0.0400485992,0.0900990963,inf,inf,inf,inf,inf,inf,inf,1551
1779239077.3115785122,-0.0391122438,0.1137661785,0.0921082720,-0.0083026475,0.0000000000,0.0000000000,3.6630001068,nan,nan,nan,nan,nan,nan,nan,nan,nan,nan,nan,nan,nan,nan,nan,nan,nan,nan,0.0000000000,0.0000000000,0.0000000000,0.0000000000,0.0000000000,0.0325882174,nan,nan,nan,nan,nan,nan,nan,nan,nan,nan,nan,nan,nan,nan,nan,nan,nan,nan,nan,nan,nan,0.0000662804,0.1401488781,inf,inf,inf,inf,inf,0.0501406193,0.0000207424,inf,inf,inf,inf,inf,inf,inf,1551
1779239077.3215632439,-0.0391122438,0.1137661785,0.0921082720,-0.0083026475,0.0000000000,0.0000000000,3.6630001068,nan,nan,nan,nan,nan,nan,nan,nan,nan,nan,nan,nan,nan,nan,nan,nan,nan,nan,0.0000000000,0.0000000000,0.0000000000,0.0000000000,0.0000000000,0.0325882174,nan,nan,nan,nan,nan,nan,nan,nan,nan,nan,nan,nan,nan,nan,nan,nan,nan,nan,nan,nan,nan,0.0100510120,0.1501336098,inf,inf,inf,inf,inf,0.0601253510,0.0100054741,inf,inf,inf,inf,inf,inf,inf,1551
1779239077.3315227032,-0.0391122438,0.1137661785,0.0921082720,-0.0083026475,0.0000000000,0.0000000000,3.6630001068,nan,nan,nan,nan,nan,nan,nan,nan,nan,nan,nan,nan,nan,nan,nan,nan,nan,nan,0.0000000000,0.0000000000,0.0000000000,0.0000000000,0.0000000000,0.0325882174,nan,nan,nan,nan,nan,nan,nan,nan,nan,nan,nan,nan,nan,nan,nan,nan,nan,nan,nan,nan,nan,0.0200104713,0.1600930691,inf,inf,inf,inf,inf,0.0700848103,0.0199649334,inf,inf,inf,inf,inf,inf,inf,1551
1779239077.3415703773,-0.0391122438,0.1137661785,0.0921082720,-0.0083026475,0.0000000000,0.0000000000,3.6630001068,nan,nan,nan,nan,nan,nan,nan,nan,nan,nan,nan,nan,nan,nan,nan,nan,nan,nan,0.0000000000,0.0000000000,0.0000000000,0.0000000000,0.0000000000,0.0325882174,nan,nan,nan,nan,nan,nan,nan,nan,nan,nan,nan,nan,nan,nan,nan,nan,nan,nan,nan,nan,nan,0.0300581455,0.1701407433,inf,inf,inf,inf,inf,0.0801324844,0.0300126076,inf,inf,inf,inf,inf,inf,inf,1551
1779239077.3521063328,-0.0391122438,0.1137661785,0.0921082720,-0.0083026475,0.0000000000,0.0000000000,3.6630001068,nan,nan,nan,nan,nan,nan,nan,nan,nan,nan,nan,nan,nan,nan,nan,nan,nan,nan,0.0000000000,0.0000000000,0.0000000000,0.0000000000,0.0000000000,0.0325882174,nan,nan,nan,nan,nan,nan,nan,nan,nan,nan,nan,nan,nan,nan,nan,nan,nan,nan,nan,nan,nan,0.0405941010,0.1806766987,inf,inf,inf,inf,inf,0.0906684399,0.0405485630,inf,inf,inf,inf,inf,inf,inf,1551
1779239077.3616001606,-0.0390841030,0.1138068959,0.0920557231,-0.0083026475,0.0000000000,0.0000000000,3.6630001068,nan,nan,nan,nan,nan,nan,nan,nan,nan,nan,nan,nan,nan,nan,nan,nan,nan,nan,0.0000000000,0.0000000000,0.0000000000,0.0000000000,0.0000000000,0.0325882174,nan,nan,nan,nan,nan,nan,nan,nan,nan,nan,nan,nan,nan,nan,nan,nan,nan,nan,nan,nan,nan,0.0000679493,0.1901705265,inf,inf,inf,inf,inf,0.0000231266,0.0500423908,inf,inf,inf,inf,inf,inf,inf,1551
1779239077.3715450764,-0.0390841030,0.1138068959,0.0920557231,-0.0083026475,0.0000000000,0.0000000000,3.6630001068,nan,nan,nan,nan,nan,nan,nan,nan,nan,nan,nan,nan,nan,nan,nan,nan,nan,nan,0.0000000000,0.0000000000,0.0000000000,0.0000000000,0.0000000000,0.0325882174,nan,nan,nan,nan,nan,nan,nan,nan,nan,nan,nan,nan,nan,nan,nan,nan,nan,nan,nan,nan,nan,0.0100128651,0.2001154423,inf,inf,inf,inf,inf,0.0099680424,0.0599873066,inf,inf,inf,inf,inf,inf,inf,1551
1779239077.3815600872,-0.0390841030,0.1138068959,0.0920557231,-0.0083026475,0.0000000000,0.0000000000,3.6630001068,nan,nan,nan,nan,nan,nan,nan,nan,nan,nan,nan,nan,nan,nan,nan,nan,nan,nan,0.0000000000,0.0000000000,0.0000000000,0.0000000000,0.0000000000,0.0325882174,nan,nan,nan,nan,nan,nan,nan,nan,nan,nan,nan,nan,nan,nan,nan,nan,nan,nan,nan,nan,nan,0.0200278759,0.2101304531,inf,inf,inf,inf,inf,0.0199830532,0.0700023174,inf,inf,inf,inf,inf,inf,inf,1551
1779239077.3915138245,-0.0390841030,0.1138068959,0.0920557231,-0.0083026475,0.0000000000,0.0000000000,3.6630001068,nan,nan,nan,nan,nan,nan,nan,nan,nan,nan,nan,nan,nan,nan,nan,nan,nan,nan,0.0000000000,0.0000000000,0.0000000000,0.0000000000,0.0000000000,0.0325882174,nan,nan,nan,nan,nan,nan,nan,nan,nan,nan,nan,nan,nan,nan,nan,nan,nan,nan,nan,nan,nan,0.0299816132,0.2200841904,inf,inf,inf,inf,inf,0.0299367905,0.0799560547,inf,inf,inf,inf,inf,inf,inf,1551
1779239077.4015614986,-0.0390841030,0.1138068959,0.0920557231,-0.0083026475,0.0000000000,0.0000000000,3.6630001068,nan,nan,nan,nan,nan,nan,nan,nan,nan,nan,nan,nan,nan,nan,nan,nan,nan,nan,0.0000000000,0.0000000000,0.0000000000,0.0000000000,0.0000000000,0.0325882174,nan,nan,nan,nan,nan,nan,nan,nan,nan,nan,nan,nan,nan,nan,nan,nan,nan,nan,nan,nan,nan,0.0400292873,0.2301318645,inf,inf,inf,inf,inf,0.0399844646,0.0900037289,inf,inf,inf,inf,inf,inf,inf,1551
1779239077.4115304947,-0.0391654633,0.1136276647,0.0921067894,-0.0083026475,0.0000000000,0.0000000000,3.6630001068,nan,nan,nan,nan,nan,nan,nan,nan,nan,nan,nan,nan,nan,nan,nan,nan,nan,nan,0.0000000000,0.0000000000,0.0000000000,0.0000000000,0.0000000000,0.0363401473,nan,nan,nan,nan,nan,nan,nan,nan,nan,nan,nan,nan,nan,nan,nan,nan,nan,nan,nan,nan,nan,0.0000531673,0.2401008606,inf,inf,inf,inf,inf,0.0499534607,0.0000166893,inf,inf,inf,inf,inf,inf,inf,1551
1779239077.4215013981,-0.0391654633,0.1136276647,0.0921067894,-0.0083026475,0.0000000000,0.0000000000,3.6630001068,nan,nan,nan,nan,nan,nan,nan,nan,nan,nan,nan,nan,nan,nan,nan,nan,nan,nan,0.0000000000,0.0000000000,0.0000000000,0.0000000000,0.0000000000,0.0363401473,nan,nan,nan,nan,nan,nan,nan,nan,nan,nan,nan,nan,nan,nan,nan,nan,nan,nan,nan,nan,nan,0.0100240707,0.2500717640,inf,inf,inf,inf,inf,0.0599243641,0.0099875927,inf,inf,inf,inf,inf,inf,inf,1551
1779239077.4314885139,-0.0391654633,0.1136276647,0.0921067894,-0.0083026475,0.0000000000,0.0000000000,3.6630001068,nan,nan,nan,nan,nan,nan,nan,nan,nan,nan,nan,nan,nan,nan,nan,nan,nan,nan,0.0000000000,0.0000000000,0.0000000000,0.0000000000,0.0000000000,0.0363401473,nan,nan,nan,nan,nan,nan,nan,nan,nan,nan,nan,nan,nan,nan,nan,nan,nan,nan,nan,nan,nan,0.0200111866,0.2600588799,inf,inf,inf,inf,inf,0.0699114799,0.0199747086,inf,inf,inf,inf,inf,inf,inf,1551
1779239077.4414989948,-0.0391654633,0.1136276647,0.0921067894,-0.0083026475,0.0000000000,0.0000000000,3.6630001068,nan,nan,nan,nan,nan,nan,nan,nan,nan,nan,nan,nan,nan,nan,nan,nan,nan,nan,0.0000000000,0.0000000000,0.0000000000,0.0000000000,0.0000000000,0.0363401473,nan,nan,nan,nan,nan,nan,nan,nan,nan,nan,nan,nan,nan,nan,nan,nan,nan,nan,nan,nan,nan,0.0300216675,0.2700693607,inf,inf,inf,inf,inf,0.0799219608,0.0299851894,inf,inf,inf,inf,inf,inf,inf,1551
1779239077.4515104294,-0.0391654633,0.1136276647,0.0921067894,-0.0083026475,0.0000000000,0.0000000000,3.6630001068,nan,nan,nan,nan,nan,nan,nan,nan,nan,nan,nan,nan,nan,nan,nan,nan,nan,nan,0.0000000000,0.0000000000,0.0000000000,0.0000000000,0.0000000000,0.0363401473,nan,nan,nan,nan,nan,nan,nan,nan,nan,nan,nan,nan,nan,nan,nan,nan,nan,nan,nan,nan,nan,0.0400331020,0.2800807953,inf,inf,inf,inf,inf,0.0899333954,0.0399966240,inf,inf,inf,inf,inf,inf,inf,1551
1779239077.4615669250,-0.0392775908,0.1134443656,0.0921935141,-0.0083026713,0.0027675183,-0.0000114890,3.6630001068,nan,nan,nan,nan,nan,nan,nan,nan,nan,nan,nan,nan,nan,nan,nan,nan,nan,nan,0.0000000000,0.0000000000,0.0000000000,0.0000000000,0.0000000000,0.0363401473,nan,nan,nan,nan,nan,nan,nan,nan,nan,nan,nan,nan,nan,nan,nan,nan,nan,nan,nan,nan,nan,0.0000739098,0.2901372910,inf,inf,inf,inf,inf,0.0000240803,0.0500531197,inf,inf,inf,inf,inf,inf,inf,1551
1779239077.4715785980,-0.0392775908,0.1134443656,0.0921935141,-0.0083026713,0.0027675183,-0.0000114890,3.6630001068,nan,nan,nan,nan,nan,nan,nan,nan,nan,nan,nan,nan,nan,nan,nan,nan,nan,nan,0.0000000000,0.0000000000,0.0000000000,0.0000000000,0.0000000000,0.0363401473,nan,nan,nan,nan,nan,nan,nan,nan,nan,nan,nan,nan,nan,nan,nan,nan,nan,nan,nan,nan,nan,0.0100855827,0.3001489639,inf,inf,inf,inf,inf,0.0100357533,0.0600647926,inf,inf,inf,inf,inf,inf,inf,1551
1779239077.4816429615,-0.0392775908,0.1134443656,0.0921935141,-0.0083026713,0.0027675183,-0.0000114890,3.6630001068,nan,nan,nan,nan,nan,nan,nan,nan,nan,nan,nan,nan,nan,nan,nan,nan,nan,nan,0.0000000000,0.0000000000,0.0000000000,0.0000000000,0.0000000000,0.0363401473,nan,nan,nan,nan,nan,nan,nan,nan,nan,nan,nan,nan,nan,nan,nan,nan,nan,nan,nan,nan,nan,0.0201499462,0.3102133274,inf,inf,inf,inf,inf,0.0201001167,0.0701291561,inf,inf,inf,inf,inf,inf,inf,1551
1779239077.4915864468,-0.0392775908,0.1134443656,0.0921935141,-0.0083026713,0.0027675183,-0.0000114890,3.6630001068,nan,nan,nan,nan,nan,nan,nan,nan,nan,nan,nan,nan,nan,nan,nan,nan,nan,nan,0.0000000000,0.0000000000,0.0000000000,0.0000000000,0.0000000000,0.0363401473,nan,nan,nan,nan,nan,nan,nan,nan,nan,nan,nan,nan,nan,nan,nan,nan,nan,nan,nan,nan,nan,0.0300934315,0.3201568127,inf,inf,inf,inf,inf,0.0300436020,0.0800726414,inf,inf,inf,inf,inf,inf,inf,1551
1779239077.5015606880,-0.0392775908,0.1134443656,0.0921935141,-0.0083026713,0.0027675183,-0.0000114890,3.6630001068,nan,nan,nan,nan,nan,nan,nan,nan,nan,nan,nan,nan,nan,nan,nan,nan,nan,nan,0.0000000000,0.0000000000,0.0000000000,0.0000000000,0.0000000000,0.0363401473,nan,nan,nan,nan,nan,nan,nan,nan,nan,nan,nan,nan,nan,nan,nan,nan,nan,nan,nan,nan,nan,0.0400676727,0.3301310539,inf,inf,inf,inf,inf,0.0400178432,0.0900468826,inf,inf,inf,inf,inf,inf,inf,1551
1779239077.5115442276,-0.0393985882,0.1132534891,0.0923063532,-0.0083026475,0.0000000000,0.0000000000,3.6630001068,nan,nan,nan,nan,nan,nan,nan,nan,nan,nan,nan,nan,nan,nan,nan,nan,nan,nan,0.0000000000,0.0000000000,0.0000000000,0.0000000000,0.0000000000,0.0329237543,nan,nan,nan,nan,nan,nan,nan,nan,nan,nan,nan,nan,nan,nan,nan,nan,nan,nan,nan,nan,nan,0.0000414848,0.3401145935,inf,inf,inf,inf,inf,0.0500013828,0.0000147820,inf,inf,inf,inf,inf,inf,inf,1551
1779239077.5215158463,-0.0393985882,0.1132534891,0.0923063532,-0.0083026475,0.0000000000,0.0000000000,3.6630001068,nan,nan,nan,nan,nan,nan,nan,nan,nan,nan,nan,nan,nan,nan,nan,nan,nan,nan,0.0000000000,0.0000000000,0.0000000000,0.0000000000,0.0000000000,0.0329237543,nan,nan,nan,nan,nan,nan,nan,nan,nan,nan,nan,nan,nan,nan,nan,nan,nan,nan,nan,nan,nan,0.0100131035,0.3500862122,inf,inf,inf,inf,inf,0.0599730015,0.0099864006,inf,inf,inf,inf,inf,inf,inf,1551
1779239077.5315108299,-0.0393985882,0.1132534891,0.0923063532,-0.0083026475,0.0000000000,0.0000000000,3.6630001068,nan,nan,nan,nan,nan,nan,nan,nan,nan,nan,nan,nan,nan,nan,nan,nan,nan,nan,0.0000000000,0.0000000000,0.0000000000,0.0000000000,0.0000000000,0.0329237543,nan,nan,nan,nan,nan,nan,nan,nan,nan,nan,nan,nan,nan,nan,nan,nan,nan,nan,nan,nan,nan,0.0200080872,0.3600811958,inf,inf,inf,inf,inf,0.0699679852,0.0199813843,inf,inf,inf,inf,inf,inf,inf,1551
1779239077.5414986610,-0.0393985882,0.1132534891,0.0923063532,-0.0083026475,0.0000000000,0.0000000000,3.6630001068,nan,nan,nan,nan,nan,nan,nan,nan,nan,nan,nan,nan,nan,nan,nan,nan,nan,nan,0.0000000000,0.0000000000,0.0000000000,0.0000000000,0.0000000000,0.0329237543,nan,nan,nan,nan,nan,nan,nan,nan,nan,nan,nan,nan,nan,nan,nan,nan,nan,nan,nan,nan,nan,0.0299959183,0.3700690269,inf,inf,inf,inf,inf,0.0799558163,0.0299692154,inf,inf,inf,inf,inf,inf,inf,1551
1779239077.5514981747,-0.0393985882,0.1132534891,0.0923063532,-0.0083026475,0.0000000000,0.0000000000,3.6630001068,nan,nan,nan,nan,nan,nan,nan,nan,nan,nan,nan,nan,nan,nan,nan,nan,nan,nan,0.0000000000,0.0000000000,0.0000000000,0.0000000000,0.0000000000,0.0329237543,nan,nan,nan,nan,nan,nan,nan,nan,nan,nan,nan,nan,nan,nan,nan,nan,nan,nan,nan,nan,nan,0.0399954319,0.3800685406,inf,inf,inf,inf,inf,0.0000174046,0.0399687290,inf,inf,inf,inf,inf,inf,inf,1551
1779239077.5614924431,-0.0395684466,0.1130458117,0.0924262032,-0.0083026713,0.0027675183,-0.0000114890,3.6630001068,nan,nan,nan,nan,nan,nan,nan,nan,nan,nan,nan,nan,nan,nan,nan,nan,nan,nan,0.0000000000,0.0000000000,0.0000000000,0.0000000000,0.0000000000,0.0329237543,nan,nan,nan,nan,nan,nan,nan,nan,nan,nan,nan,nan,nan,nan,nan,nan,nan,nan,nan,nan,nan,0.0000159740,0.3900628090,inf,inf,inf,inf,inf,0.0100116730,0.0499629974,inf,inf,inf,inf,inf,inf,inf,1551
1779239077.5714905262,-0.0395684466,0.1130458117,0.0924262032,-0.0083026713,0.0027675183,-0.0000114890,3.6630001068,nan,nan,nan,nan,nan,nan,nan,nan,nan,nan,nan,nan,nan,nan,nan,nan,nan,nan,0.0000000000,0.0000000000,0.0000000000,0.0000000000,0.0000000000,0.0329237543,nan,nan,nan,nan,nan,nan,nan,nan,nan,nan,nan,nan,nan,nan,nan,nan,nan,nan,nan,nan,nan,0.0100140572,0.4000608921,inf,inf,inf,inf,inf,0.0200097561,0.0599610806,inf,inf,inf,inf,inf,inf,inf,1551
1779239077.5815017223,-0.0395684466,0.1130458117,0.0924262032,-0.0083026713,0.0027675183,-0.0000114890,3.6630001068,nan,nan,nan,nan,nan,nan,nan,nan,nan,nan,nan,nan,nan,nan,nan,nan,nan,nan,0.0000000000,0.0000000000,0.0000000000,0.0000000000,0.0000000000,0.0329237543,nan,nan,nan,nan,nan,nan,nan,nan,nan,nan,nan,nan,nan,nan,nan,nan,nan,nan,nan,nan,nan,0.0200252533,0.4100720882,inf,inf,inf,inf,inf,0.0300209522,0.0699722767,inf,inf,inf,inf,inf,inf,inf,1551
1779239077.5915586948,-0.0395684466,0.1130458117,0.0924262032,-0.0083026713,0.0027675183,-0.0000114890,3.6630001068,nan,nan,nan,nan,nan,nan,nan,nan,nan,nan,nan,nan,nan,nan,nan,nan,nan,nan,0.0000000000,0.0000000000,0.0000000000,0.0000000000,0.0000000000,0.0329237543,nan,nan,nan,nan,nan,nan,nan,nan,nan,nan,nan,nan,nan,nan,nan,nan,nan,nan,nan,nan,nan,0.0300822258,0.4201290607,inf,inf,inf,inf,inf,0.0400779247,0.0800292492,inf,inf,inf,inf,inf,inf,inf,1551
1779239077.6016242504,-0.0395684466,0.1130458117,0.0924262032,-0.0083026713,0.0027675183,-0.0000114890,3.6630001068,nan,nan,nan,nan,nan,nan,nan,nan,nan,nan,nan,nan,nan,nan,nan,nan,nan,nan,0.0000000000,0.0000000000,0.0000000000,0.0000000000,0.0000000000,0.0329237543,nan,nan,nan,nan,nan,nan,nan,nan,nan,nan,nan,nan,nan,nan,nan,nan,nan,nan,nan,nan,nan,0.0401477814,0.4301946163,inf,inf,inf,inf,inf,0.0501434803,0.0900948048,inf,inf,inf,inf,inf,inf,inf,1551
1779239077.6115562916,-0.0397721827,0.1128069311,0.0925311595,-0.0083026713,0.0027675183,-0.0000114890,3.6630001068,nan,nan,nan,nan,nan,nan,nan,nan,nan,nan,nan,nan,nan,nan,nan,nan,nan,nan,0.0000000000,0.0000000000,0.0000000000,0.0000000000,0.0000000000,0.0357642658,nan,nan,nan,nan,nan,nan,nan,nan,nan,nan,nan,nan,nan,nan,nan,nan,nan,nan,nan,nan,nan,0.0000481606,0.4401266575,inf,inf,inf,inf,inf,0.0600755215,0.0000162125,inf,inf,inf,inf,inf,inf,inf,1551
1779239077.6215698719,-0.0397721827,0.1128069311,0.0925311595,-0.0083026713,0.0027675183,-0.0000114890,3.6630001068,nan,nan,nan,nan,nan,nan,nan,nan,nan,nan,nan,nan,nan,nan,nan,nan,nan,nan,0.0000000000,0.0000000000,0.0000000000,0.0000000000,0.0000000000,0.0357642658,nan,nan,nan,nan,nan,nan,nan,nan,nan,nan,nan,nan,nan,nan,nan,nan,nan,nan,nan,nan,nan,0.0100617409,0.4501402378,inf,inf,inf,inf,inf,0.0700891018,0.0100297928,inf,inf,inf,inf,inf,inf,inf,1551
1779239077.6315836906,-0.0397721827,0.1128069311,0.0925311595,-0.0083026713,0.0027675183,-0.0000114890,3.6630001068,nan,nan,nan,nan,nan,nan,nan,nan,nan,nan,nan,nan,nan,nan,nan,nan,nan,nan,0.0000000000,0.0000000000,0.0000000000,0.0000000000,0.0000000000,0.0357642658,nan,nan,nan,nan,nan,nan,nan,nan,nan,nan,nan,nan,nan,nan,nan,nan,nan,nan,nan,nan,nan,0.0200755596,0.4601540565,inf,inf,inf,inf,inf,0.0801029205,0.0200436115,inf,inf,inf,inf,inf,inf,inf,1551
1779239077.6415698528,-0.0397721827,0.1128069311,0.0925311595,-0.0083026713,0.0027675183,-0.0000114890,3.6630001068,nan,nan,nan,nan,nan,nan,nan,nan,nan,nan,nan,nan,nan,nan,nan,nan,nan,nan,0.0000000000,0.0000000000,0.0000000000,0.0000000000,0.0000000000,0.0357642658,nan,nan,nan,nan,nan,nan,nan,nan,nan,nan,nan,nan,nan,nan,nan,nan,nan,nan,nan,nan,nan,0.0300617218,0.4701402187,inf,inf,inf,inf,inf,0.0900890827,0.0300297737,inf,inf,inf,inf,inf,inf,inf,1551
1779239077.6515772343,-0.0397721827,0.1128069311,0.0925311595,-0.0083026713,0.0027675183,-0.0000114890,3.6630001068,nan,nan,nan,nan,nan,nan,nan,nan,nan,nan,nan,nan,nan,nan,nan,nan,nan,nan,0.0000000000,0.0000000000,0.0000000000,0.0000000000,0.0000000000,0.0357642658,nan,nan,nan,nan,nan,nan,nan,nan,nan,nan,nan,nan,nan,nan,nan,nan,nan,nan,nan,nan,nan,0.0400691032,0.4801476002,inf,inf,inf,inf,inf,0.1000964642,0.0400371552,inf,inf,inf,inf,inf,inf,inf,1551
1779239077.6616151333,-0.0391118154,0.1139248535,0.0920211300,-0.0083026713,0.0027675183,-0.0000114890,3.6630001068,nan,nan,nan,nan,nan,nan,nan,nan,nan,nan,nan,nan,nan,nan,nan,nan,nan,nan,0.0000000000,0.0000000000,0.0000000000,0.0000000000,0.0000000000,0.0357642658,nan,nan,nan,nan,nan,nan,nan,nan,nan,nan,nan,nan,nan,nan,nan,nan,nan,nan,nan,nan,nan,0.0000765324,0.4901854992,inf,inf,inf,inf,inf,0.0000243187,0.0500750542,inf,inf,inf,inf,inf,inf,inf,1551
1779239077.6715350151,-0.0391118154,0.1139248535,0.0920211300,-0.0083026713,0.0027675183,-0.0000114890,3.6630001068,nan,nan,nan,nan,nan,nan,nan,nan,nan,nan,nan,nan,nan,nan,nan,nan,nan,nan,0.0000000000,0.0000000000,0.0000000000,0.0000000000,0.0000000000,0.0357642658,nan,nan,nan,nan,nan,nan,nan,nan,nan,nan,nan,nan,nan,nan,nan,nan,nan,nan,nan,nan,nan,0.0099964142,0.5001053810,inf,inf,inf,inf,inf,0.0099442005,0.0599949360,inf,inf,inf,inf,inf,inf,inf,1551
1779239077.6816020012,-0.0391118154,0.1139248535,0.0920211300,-0.0083026713,0.0027675183,-0.0000114890,3.6630001068,nan,nan,nan,nan,nan,nan,nan,nan,nan,nan,nan,nan,nan,nan,nan,nan,nan,nan,0.0000000000,0.0000000000,0.0000000000,0.0000000000,0.0000000000,0.0357642658,nan,nan,nan,nan,nan,nan,nan,nan,nan,nan,nan,nan,nan,nan,nan,nan,nan,nan,nan,nan,nan,0.0200634003,0.5101723671,inf,inf,inf,inf,inf,0.0200111866,0.0700619221,inf,inf,inf,inf,inf,inf,inf,1551
1779239077.6916098595,-0.0391118154,0.1139248535,0.0920211300,-0.0083026713,0.0027675183,-0.0000114890,3.6630001068,nan,nan,nan,nan,nan,nan,nan,nan,nan,nan,nan,nan,nan,nan,nan,nan,nan,nan,0.0000000000,0.0000000000,0.0000000000,0.0000000000,0.0000000000,0.0357642658,nan,nan,nan,nan,nan,nan,nan,nan,nan,nan,nan,nan,nan,nan,nan,nan,nan,nan,nan,nan,nan,0.0300712585,0.5201802254,inf,inf,inf,inf,inf,0.0300190449,0.0800697803,inf,inf,inf,inf,inf,inf,inf,1551
1779239077.7015898228,-0.0391118154,0.1139248535,0.0920211300,-0.0083026713,0.0027675183,-0.0000114890,3.6630001068,nan,nan,nan,nan,nan,nan,nan,nan,nan,nan,nan,nan,nan,nan,nan,nan,nan,nan,0.0000000000,0.0000000000,0.0000000000,0.0000000000,0.0000000000,0.0357642658,nan,nan,nan,nan,nan,nan,nan,nan,nan,nan,nan,nan,nan,nan,nan,nan,nan,nan,nan,nan,nan,0.0400512218,0.5301601887,inf,inf,inf,inf,inf,0.0399990082,0.0900497437,inf,inf,inf,inf,inf,inf,inf,1551
1779239077.7115879059,-0.0392065011,0.1139127612,0.0919951648,-0.0083026713,0.0027675183,-0.0000114890,3.6630001068,nan,nan,nan,nan,nan,nan,nan,nan,nan,nan,nan,nan,nan,nan,nan,nan,nan,nan,0.0000000000,0.0000000000,0.0000000000,0.0000000000,0.0000000000,0.0357642658,nan,nan,nan,nan,nan,nan,nan,nan,nan,nan,nan,nan,nan,nan,nan,nan,nan,nan,nan,nan,nan,0.0000252724,0.5401582718,inf,inf,inf,inf,inf,0.0499970913,0.1000478268,inf,inf,inf,inf,inf,inf,inf,1551
1779239077.7216191292,-0.0392065011,0.1139127612,0.0919951648,-0.0083026713,0.0027675183,-0.0000114890,3.6630001068,nan,nan,nan,nan,nan,nan,nan,nan,nan,nan,nan,nan,nan,nan,nan,nan,nan,nan,0.0000000000,0.0000000000,0.0000000000,0.0000000000,0.0000000000,0.0376478024,nan,nan,nan,nan,nan,nan,nan,nan,nan,nan,nan,nan,nan,nan,nan,nan,nan,nan,nan,nan,nan,0.0100564957,0.5501894951,inf,inf,inf,inf,inf,0.0600283146,0.0000250340,inf,inf,inf,inf,inf,inf,inf,1551
1779239077.7315154076,-0.0392065011,0.1139127612,0.0919951648,-0.0083026713,0.0027675183,-0.0000114890,3.6630001068,nan,nan,nan,nan,nan,nan,nan,nan,nan,nan,nan,nan,nan,nan,nan,nan,nan,nan,0.0000000000,0.0000000000,0.0000000000,0.0000000000,0.0000000000,0.0376478024,nan,nan,nan,nan,nan,nan,nan,nan,nan,nan,nan,nan,nan,nan,nan,nan,nan,nan,nan,nan,nan,0.0199527740,0.5600857735,inf,inf,inf,inf,inf,0.0699245930,0.0099213123,inf,inf,inf,inf,inf,inf,inf,1551
1779239077.7415344715,-0.0392065011,0.1139127612,0.0919951648,-0.0083026713,0.0027675183,-0.0000114890,3.6630001068,nan,nan,nan,nan,nan,nan,nan,nan,nan,nan,nan,nan,nan,nan,nan,nan,nan,nan,0.0000000000,0.0000000000,0.0000000000,0.0000000000,0.0000000000,0.0376478024,nan,nan,nan,nan,nan,nan,nan,nan,nan,nan,nan,nan,nan,nan,nan,nan,nan,nan,nan,nan,nan,0.0299718380,0.5701048374,inf,inf,inf,inf,inf,0.0799436569,0.0199403763,inf,inf,inf,inf,inf,inf,inf,1551
1779239077.7514998913,-0.0392065011,0.1139127612,0.0919951648,-0.0083026713,0.0027675183,-0.0000114890,3.6630001068,nan,nan,nan,nan,nan,nan,nan,nan,nan,nan,nan,nan,nan,nan,nan,nan,nan,nan,0.0000000000,0.0000000000,0.0000000000,0.0000000000,0.0000000000,0.0376478024,nan,nan,nan,nan,nan,nan,nan,nan,nan,nan,nan,nan,nan,nan,nan,nan,nan,nan,nan,nan,nan,0.0399372578,0.5800702572,inf,inf,inf,inf,inf,0.0899090767,0.0299057961,inf,inf,inf,inf,inf,inf,inf,1551
1779239077.7615063190,-0.0390322022,0.1139866561,0.0919863358,-0.0083026713,0.0027675183,-0.0000114890,3.6630001068,nan,nan,nan,nan,nan,nan,nan,nan,nan,nan,nan,nan,nan,nan,nan,nan,nan,nan,0.0000000000,0.0000000000,0.0000000000,0.0000000000,0.0000000000,0.0376478024,nan,nan,nan,nan,nan,nan,nan,nan,nan,nan,nan,nan,nan,nan,nan,nan,nan,nan,nan,nan,nan,0.0000514984,0.5900766850,inf,inf,inf,inf,inf,0.0000164509,0.0399122238,inf,inf,inf,inf,inf,inf,inf,1551
1779239077.7714900970,-0.0390322022,0.1139866561,0.0919863358,-0.0083026713,0.0027675183,-0.0000114890,3.6630001068,nan,nan,nan,nan,nan,nan,nan,nan,nan,nan,nan,nan,nan,nan,nan,nan,nan,nan,0.0000000000,0.0000000000,0.0000000000,0.0000000000,0.0000000000,0.0376478024,nan,nan,nan,nan,nan,nan,nan,nan,nan,nan,nan,nan,nan,nan,nan,nan,nan,nan,nan,nan,nan,0.0100352764,0.6000604630,inf,inf,inf,inf,inf,0.0100002289,0.0498960018,inf,inf,inf,inf,inf,inf,inf,1551
1779239077.7815084457,-0.0390322022,0.1139866561,0.0919863358,-0.0083026713,0.0027675183,-0.0000114890,3.6630001068,nan,nan,nan,nan,nan,nan,nan,nan,nan,nan,nan,nan,nan,nan,nan,nan,nan,nan,0.0000000000,0.0000000000,0.0000000000,0.0000000000,0.0000000000,0.0376478024,nan,nan,nan,nan,nan,nan,nan,nan,nan,nan,nan,nan,nan,nan,nan,nan,nan,nan,nan,nan,nan,0.0200536251,0.6100788116,inf,inf,inf,inf,inf,0.0200185776,0.0599143505,inf,inf,inf,inf,inf,inf,inf,1551
1779239077.7915070057,-0.0390322022,0.1139866561,0.0919863358,-0.0083026713,0.0027675183,-0.0000114890,3.6630001068,nan,nan,nan,nan,nan,nan,nan,nan,nan,nan,nan,nan,nan,nan,nan,nan,nan,nan,0.0000000000,0.0000000000,0.0000000000,0.0000000000,0.0000000000,0.0376478024,nan,nan,nan,nan,nan,nan,nan,nan,nan,nan,nan,nan,nan,nan,nan,nan,nan,nan,nan,nan,nan,0.0300521851,0.6200773716,inf,inf,inf,inf,inf,0.0300171375,0.0699129105,inf,inf,inf,inf,inf,inf,inf,1551
1779239077.8015351295,-0.0390322022,0.1139866561,0.0919863358,-0.0083026713,0.0027675183,-0.0000114890,3.6630001068,nan,nan,nan,nan,nan,nan,nan,nan,nan,nan,nan,nan,nan,nan,nan,nan,nan,nan,0.0000000000,0.0000000000,0.0000000000,0.0000000000,0.0000000000,0.0376478024,nan,nan,nan,nan,nan,nan,nan,nan,nan,nan,nan,nan,nan,nan,nan,nan,nan,nan,nan,nan,nan,0.0400803089,0.6301054955,inf,inf,inf,inf,inf,0.0400452614,0.0799410343,inf,inf,inf,inf,inf,inf,inf,1551
1779239077.8115007877,-0.0390851945,0.1139463931,0.0919585004,-0.0083026713,0.0027675183,-0.0000114890,3.6630001068,nan,nan,nan,nan,nan,nan,nan,nan,nan,nan,nan,nan,nan,nan,nan,nan,nan,nan,0.0000000000,0.0000000000,0.0000000000,0.0000000000,0.0000000000,0.0358433761,nan,nan,nan,nan,nan,nan,nan,nan,nan,nan,nan,nan,nan,nan,nan,nan,nan,nan,nan,nan,nan,0.0000443459,0.6400711536,inf,inf,inf,inf,inf,0.0500109196,0.0000166893,inf,inf,inf,inf,inf,inf,inf,1551
1779239077.8214893341,-0.0390851945,0.1139463931,0.0919585004,-0.0083026713,0.0027675183,-0.0000114890,3.6630001068,nan,nan,nan,nan,nan,nan,nan,nan,nan,nan,nan,nan,nan,nan,nan,nan,nan,nan,0.0000000000,0.0000000000,0.0000000000,0.0000000000,0.0000000000,0.0358433761,nan,nan,nan,nan,nan,nan,nan,nan,nan,nan,nan,nan,nan,nan,nan,nan,nan,nan,nan,nan,nan,0.0100328922,0.6500597000,inf,inf,inf,inf,inf,0.0599994659,0.0100052357,inf,inf,inf,inf,inf,inf,inf,1551
1779239077.8314726353,-0.0390851945,0.1139463931,0.0919585004,-0.0083026713,0.0027675183,-0.0000114890,3.6630001068,nan,nan,nan,nan,nan,nan,nan,nan,nan,nan,nan,nan,nan,nan,nan,nan,nan,nan,0.0000000000,0.0000000000,0.0000000000,0.0000000000,0.0000000000,0.0358433761,nan,nan,nan,nan,nan,nan,nan,nan,nan,nan,nan,nan,nan,nan,nan,nan,nan,nan,nan,nan,nan,0.0200161934,0.6600430012,inf,inf,inf,inf,inf,0.0699827671,0.0199885368,inf,inf,inf,inf,inf,inf,inf,1551
1779239077.8414747715,-0.0390851945,0.1139463931,0.0919585004,-0.0083026713,0.0027675183,-0.0000114890,3.6630001068,nan,nan,nan,nan,nan,nan,nan,nan,nan,nan,nan,nan,nan,nan,nan,nan,nan,nan,0.0000000000,0.0000000000,0.0000000000,0.0000000000,0.0000000000,0.0358433761,nan,nan,nan,nan,nan,nan,nan,nan,nan,nan,nan,nan,nan,nan,nan,nan,nan,nan,nan,nan,nan,0.0300183296,0.6700451374,inf,inf,inf,inf,inf,0.0799849033,0.0299906731,inf,inf,inf,inf,inf,inf,inf,1551
1779239077.8514733315,-0.0390851945,0.1139463931,0.0919585004,-0.0083026713,0.0027675183,-0.0000114890,3.6630001068,nan,nan,nan,nan,nan,nan,nan,nan,nan,nan,nan,nan,nan,nan,nan,nan,nan,nan,0.0000000000,0.0000000000,0.0000000000,0.0000000000,0.0000000000,0.0358433761,nan,nan,nan,nan,nan,nan,nan,nan,nan,nan,nan,nan,nan,nan,nan,nan,nan,nan,nan,nan,nan,0.0400168896,0.6800436974,inf,inf,inf,inf,inf,0.0000174046,0.0399892330,inf,inf,inf,inf,inf,inf,inf,1551
1779239077.8615410328,-0.0390538573,0.1139633581,0.0919888839,-0.0083026713,0.0027675183,-0.0000114890,3.6630001068,nan,nan,nan,nan,nan,nan,nan,nan,nan,nan,nan,nan,nan,nan,nan,nan,nan,nan,0.0000000000,0.0000000000,0.0000000000,0.0000000000,0.0000000000,0.0358433761,nan,nan,nan,nan,nan,nan,nan,nan,nan,nan,nan,nan,nan,nan,nan,nan,nan,nan,nan,nan,nan,0.0000216961,0.6901113987,inf,inf,inf,inf,inf,0.0100851059,0.0500569344,inf,inf,inf,inf,inf,inf,inf,1551
1779239077.8715260029,-0.0390538573,0.1139633581,0.0919888839,-0.0083026713,0.0027675183,-0.0000114890,3.6630001068,nan,nan,nan,nan,nan,nan,nan,nan,nan,nan,nan,nan,nan,nan,nan,nan,nan,nan,0.0000000000,0.0000000000,0.0000000000,0.0000000000,0.0000000000,0.0358433761,nan,nan,nan,nan,nan,nan,nan,nan,nan,nan,nan,nan,nan,nan,nan,nan,nan,nan,nan,nan,nan,0.0100066662,0.7000963688,inf,inf,inf,inf,inf,0.0200700760,0.0600419044,inf,inf,inf,inf,inf,inf,inf,1551
1779239077.8815424442,-0.0390538573,0.1139633581,0.0919888839,-0.0083026713,0.0027675183,-0.0000114890,3.6630001068,nan,nan,nan,nan,nan,nan,nan,nan,nan,nan,nan,nan,nan,nan,nan,nan,nan,nan,0.0000000000,0.0000000000,0.0000000000,0.0000000000,0.0000000000,0.0358433761,nan,nan,nan,nan,nan,nan,nan,nan,nan,nan,nan,nan,nan,nan,nan,nan,nan,nan,nan,nan,nan,0.0200231075,0.7101128101,inf,inf,inf,inf,inf,0.0300865173,0.0700583458,inf,inf,inf,inf,inf,inf,inf,1551
1779239077.8915061951,-0.0390538573,0.1139633581,0.0919888839,-0.0083026713,0.0027675183,-0.0000114890,3.6630001068,nan,nan,nan,nan,nan,nan,nan,nan,nan,nan,nan,nan,nan,nan,nan,nan,nan,nan,0.0000000000,0.0000000000,0.0000000000,0.0000000000,0.0000000000,0.0358433761,nan,nan,nan,nan,nan,nan,nan,nan,nan,nan,nan,nan,nan,nan,nan,nan,nan,nan,nan,nan,nan,0.0299868584,0.7200765610,inf,inf,inf,inf,inf,0.0400502682,0.0800220966,inf,inf,inf,inf,inf,inf,inf,1551
1779239077.9015421867,-0.0390538573,0.1139633581,0.0919888839,-0.0083026713,0.0027675183,-0.0000114890,3.6630001068,nan,nan,nan,nan,nan,nan,nan,nan,nan,nan,nan,nan,nan,nan,nan,nan,nan,nan,0.0000000000,0.0000000000,0.0000000000,0.0000000000,0.0000000000,0.0358433761,nan,nan,nan,nan,nan,nan,nan,nan,nan,nan,nan,nan,nan,nan,nan,nan,nan,nan,nan,nan,nan,0.0400228500,0.7301125526,inf,inf,inf,inf,inf,0.0500862598,0.0900580883,inf,inf,inf,inf,inf,inf,inf,1551
1779239077.9115343094,-0.0391181931,0.1139123291,0.0920213237,-0.0083026713,0.0027675183,-0.0000114890,3.6630001068,nan,nan,nan,nan,nan,nan,nan,nan,nan,nan,nan,nan,nan,nan,nan,nan,nan,nan,0.0000000000,0.0000000000,0.0000000000,0.0000000000,0.0000000000,0.0362017266,nan,nan,nan,nan,nan,nan,nan,nan,nan,nan,nan,nan,nan,nan,nan,nan,nan,nan,nan,nan,nan,0.0000536442,0.7401046753,inf,inf,inf,inf,inf,0.0600783825,0.0000181198,inf,inf,inf,inf,inf,inf,inf,1551
1779239077.9214720726,-0.0391181931,0.1139123291,0.0920213237,-0.0083026713,0.0027675183,-0.0000114890,3.6630001068,nan,nan,nan,nan,nan,nan,nan,nan,nan,nan,nan,nan,nan,nan,nan,nan,nan,nan,0.0000000000,0.0000000000,0.0000000000,0.0000000000,0.0000000000,0.0362017266,nan,nan,nan,nan,nan,nan,nan,nan,nan,nan,nan,nan,nan,nan,nan,nan,nan,nan,nan,nan,nan,0.0099914074,0.7500424385,inf,inf,inf,inf,inf,0.0700161457,0.0099558830,inf,inf,inf,inf,inf,inf,inf,1551
1779239077.9314699173,-0.0391181931,0.1139123291,0.0920213237,-0.0083026713,0.0027675183,-0.0000114890,3.6630001068,nan,nan,nan,nan,nan,nan,nan,nan,nan,nan,nan,nan,nan,nan,nan,nan,nan,nan,0.0000000000,0.0000000000,0.0000000000,0.0000000000,0.0000000000,0.0362017266,nan,nan,nan,nan,nan,nan,nan,nan,nan,nan,nan,nan,nan,nan,nan,nan,nan,nan,nan,nan,nan,0.0199892521,0.7600402832,inf,inf,inf,inf,inf,0.0800139904,0.0199537277,inf,inf,inf,inf,inf,inf,inf,1551
1779239077.9414718151,-0.0391181931,0.1139123291,0.0920213237,-0.0083026713,0.0027675183,-0.0000114890,3.6630001068,nan,nan,nan,nan,nan,nan,nan,nan,nan,nan,nan,nan,nan,nan,nan,nan,nan,nan,0.0000000000,0.0000000000,0.0000000000,0.0000000000,0.0000000000,0.0362017266,nan,nan,nan,nan,nan,nan,nan,nan,nan,nan,nan,nan,nan,nan,nan,nan,nan,nan,nan,nan,nan,0.0299911499,0.7700421810,inf,inf,inf,inf,inf,0.0900158882,0.0299556255,inf,inf,inf,inf,inf,inf,inf,1551
1779239077.9514806271,-0.0391181931,0.1139123291,0.0920213237,-0.0083026713,0.0027675183,-0.0000114890,3.6630001068,nan,nan,nan,nan,nan,nan,nan,nan,nan,nan,nan,nan,nan,nan,nan,nan,nan,nan,0.0000000000,0.0000000000,0.0000000000,0.0000000000,0.0000000000,0.0362017266,nan,nan,nan,nan,nan,nan,nan,nan,nan,nan,nan,nan,nan,nan,nan,nan,nan,nan,nan,nan,nan,0.0399999619,0.7800509930,inf,inf,inf,inf,inf,0.0000176430,0.0399644375,inf,inf,inf,inf,inf,inf,inf,1551
1779239077.9614744186,-0.0392039306,0.1138262153,0.0920622051,-0.0083026713,0.0027675183,-0.0000114890,3.6630001068,nan,nan,nan,nan,nan,nan,nan,nan,nan,nan,nan,nan,nan,nan,nan,nan,nan,nan,0.0000000000,0.0000000000,0.0000000000,0.0000000000,0.0000000000,0.0362017266,nan,nan,nan,nan,nan,nan,nan,nan,nan,nan,nan,nan,nan,nan,nan,nan,nan,nan,nan,nan,nan,0.0000166893,0.7900447845,inf,inf,inf,inf,inf,0.0100114346,0.0499582291,inf,inf,inf,inf,inf,inf,inf,1551
1779239077.9714772701,-0.0392039306,0.1138262153,0.0920622051,-0.0083026713,0.0027675183,-0.0000114890,3.6630001068,nan,nan,nan,nan,nan,nan,nan,nan,nan,nan,nan,nan,nan,nan,nan,nan,nan,nan,0.0000000000,0.0000000000,0.0000000000,0.0000000000,0.0000000000,0.0362017266,nan,nan,nan,nan,nan,nan,nan,nan,nan,nan,nan,nan,nan,nan,nan,nan,nan,nan,nan,nan,nan,0.0100195408,0.8000476360,inf,inf,inf,inf,inf,0.0200142860,0.0599610806,inf,inf,inf,inf,inf,inf,inf,1551
1779239077.9814975262,-0.0392039306,0.1138262153,0.0920622051,-0.0083026713,0.0027675183,-0.0000114890,3.6630001068,nan,nan,nan,nan,nan,nan,nan,nan,nan,nan,nan,nan,nan,nan,nan,nan,nan,nan,0.0000000000,0.0000000000,0.0000000000,0.0000000000,0.0000000000,0.0362017266,nan,nan,nan,nan,nan,nan,nan,nan,nan,nan,nan,nan,nan,nan,nan,nan,nan,nan,nan,nan,nan,0.0200397968,0.8100678921,inf,inf,inf,inf,inf,0.0300345421,0.0699813366,inf,inf,inf,inf,inf,inf,inf,1551
1779239077.9914891720,-0.0392039306,0.1138262153,0.0920622051,-0.0083026713,0.0027675183,-0.0000114890,3.6630001068,nan,nan,nan,nan,nan,nan,nan,nan,nan,nan,nan,nan,nan,nan,nan,nan,nan,nan,0.0000000000,0.0000000000,0.0000000000,0.0000000000,0.0000000000,0.0362017266,nan,nan,nan,nan,nan,nan,nan,nan,nan,nan,nan,nan,nan,nan,nan,nan,nan,nan,nan,nan,nan,0.0300314426,0.8200595379,inf,inf,inf,inf,inf,0.0400261879,0.0799729824,inf,inf,inf,inf,inf,inf,inf,1551
1779239078.0014784336,-0.0392039306,0.1138262153,0.0920622051,-0.0083026713,0.0027675183,-0.0000114890,3.6630001068,nan,nan,nan,nan,nan,nan,nan,nan,nan,nan,nan,nan,nan,nan,nan,nan,nan,nan,0.0000000000,0.0000000000,0.0000000000,0.0000000000,0.0000000000,0.0362017266,nan,nan,nan,nan,nan,nan,nan,nan,nan,nan,nan,nan,nan,nan,nan,nan,nan,nan,nan,nan,nan,0.0400207043,0.8300487995,inf,inf,inf,inf,inf,0.0500154495,0.0899622440,inf,inf,inf,inf,inf,inf,inf,1551
1779239078.0115714073,-0.0392986611,0.1137254238,0.0920919254,-0.0083026713,0.0027675183,-0.0000114890,3.6630001068,nan,nan,nan,nan,nan,nan,nan,nan,nan,nan,nan,nan,nan,nan,nan,nan,nan,nan,0.0000000000,0.0000000000,0.0000000000,0.0000000000,0.0000000000,0.0388464443,nan,nan,nan,nan,nan,nan,nan,nan,nan,nan,nan,nan,nan,nan,nan,nan,nan,nan,nan,nan,nan,0.0000629425,0.8401417732,inf,inf,inf,inf,inf,0.0601084232,0.0000224113,inf,inf,inf,inf,inf,inf,inf,1551
1779239078.0215249062,-0.0392986611,0.1137254238,0.0920919254,-0.0083026713,0.0027675183,-0.0000114890,3.6630001068,nan,nan,nan,nan,nan,nan,nan,nan,nan,nan,nan,nan,nan,nan,nan,nan,nan,nan,0.0000000000,0.0000000000,0.0000000000,0.0000000000,0.0000000000,0.0388464443,nan,nan,nan,nan,nan,nan,nan,nan,nan,nan,nan,nan,nan,nan,nan,nan,nan,nan,nan,nan,nan,0.0100164413,0.8500952721,inf,inf,inf,inf,inf,0.0700619221,0.0099759102,inf,inf,inf,inf,inf,inf,inf,1551
1779239078.0315527916,-0.0392986611,0.1137254238,0.0920919254,-0.0083026713,0.0027675183,-0.0000114890,3.6630001068,nan,nan,nan,nan,nan,nan,nan,nan,nan,nan,nan,nan,nan,nan,nan,nan,nan,nan,0.0000000000,0.0000000000,0.0000000000,0.0000000000,0.0000000000,0.0388464443,nan,nan,nan,nan,nan,nan,nan,nan,nan,nan,nan,nan,nan,nan,nan,nan,nan,nan,nan,nan,nan,0.0200443268,0.8601231575,inf,inf,inf,inf,inf,0.0800898075,0.0200037956,inf,inf,inf,inf,inf,inf,inf,1551
1779239078.0415134430,-0.0392986611,0.1137254238,0.0920919254,-0.0083026713,0.0027675183,-0.0000114890,3.6630001068,nan,nan,nan,nan,nan,nan,nan,nan,nan,nan,nan,nan,nan,nan,nan,nan,nan,nan,0.0000000000,0.0000000000,0.0000000000,0.0000000000,0.0000000000,0.0388464443,nan,nan,nan,nan,nan,nan,nan,nan,nan,nan,nan,nan,nan,nan,nan,nan,nan,nan,nan,nan,nan,0.0300049782,0.8700838089,inf,inf,inf,inf,inf,0.0900504589,0.0299644470,inf,inf,inf,inf,inf,inf,inf,1551
1779239078.0515210629,-0.0392986611,0.1137254238,0.0920919254,-0.0083026713,0.0027675183,-0.0000114890,3.6630001068,nan,nan,nan,nan,nan,nan,nan,nan,nan,nan,nan,nan,nan,nan,nan,nan,nan,nan,0.0000000000,0.0000000000,0.0000000000,0.0000000000,0.0000000000,0.0388464443,nan,nan,nan,nan,nan,nan,nan,nan,nan,nan,nan,nan,nan,nan,nan,nan,nan,nan,nan,nan,nan,0.0400125980,0.8800914288,inf,inf,inf,inf,inf,0.1000580788,0.0399720669,inf,inf,inf,inf,inf,inf,inf,1551
1779239078.0615212917,-0.0394072421,0.1136118248,0.0921200365,-0.0083026713,0.0027675183,-0.0000114890,3.6630001068,nan,nan,nan,nan,nan,nan,nan,nan,nan,nan,nan,nan,nan,nan,nan,nan,nan,nan,0.0000000000,0.0000000000,0.0000000000,0.0000000000,0.0000000000,0.0388464443,nan,nan,nan,nan,nan,nan,nan,nan,nan,nan,nan,nan,nan,nan,nan,nan,nan,nan,nan,nan,nan,0.0000510216,0.8900916576,inf,inf,inf,inf,inf,0.0000166893,0.0499722958,inf,inf,inf,inf,inf,inf,inf,1551
1779239078.0715498924,-0.0394072421,0.1136118248,0.0921200365,-0.0083026713,0.0027675183,-0.0000114890,3.6630001068,nan,nan,nan,nan,nan,nan,nan,nan,nan,nan,nan,nan,nan,nan,nan,nan,nan,nan,0.0000000000,0.0000000000,0.0000000000,0.0000000000,0.0000000000,0.0388464443,nan,nan,nan,nan,nan,nan,nan,nan,nan,nan,nan,nan,nan,nan,nan,nan,nan,nan,nan,nan,nan,0.0100796223,0.9001202583,inf,inf,inf,inf,inf,0.0100452900,0.0600008965,inf,inf,inf,inf,inf,inf,inf,1551
1779239078.0814988613,-0.0394072421,0.1136118248,0.0921200365,-0.0083026713,0.0027675183,-0.0000114890,3.6630001068,nan,nan,nan,nan,nan,nan,nan,nan,nan,nan,nan,nan,nan,nan,nan,nan,nan,nan,0.0000000000,0.0000000000,0.0000000000,0.0000000000,0.0000000000,0.0388464443,nan,nan,nan,nan,nan,nan,nan,nan,nan,nan,nan,nan,nan,nan,nan,nan,nan,nan,nan,nan,nan,0.0200285912,0.9100692272,inf,inf,inf,inf,inf,0.0199942589,0.0699498653,inf,inf,inf,inf,inf,inf,inf,1551
1779239078.0914726257,-0.0394072421,0.1136118248,0.0921200365,-0.0083026713,0.0027675183,-0.0000114890,3.6630001068,nan,nan,nan,nan,nan,nan,nan,nan,nan,nan,nan,nan,nan,nan,nan,nan,nan,nan,0.0000000000,0.0000000000,0.0000000000,0.0000000000,0.0000000000,0.0388464443,nan,nan,nan,nan,nan,nan,nan,nan,nan,nan,nan,nan,nan,nan,nan,nan,nan,nan,nan,nan,nan,0.0300023556,0.9200429916,inf,inf,inf,inf,inf,0.0299680233,0.0799236298,inf,inf,inf,inf,inf,inf,inf,1551
1779239078.1015384197,-0.0394072421,0.1136118248,0.0921200365,-0.0083026713,0.0027675183,-0.0000114890,3.6630001068,nan,nan,nan,nan,nan,nan,nan,nan,nan,nan,nan,nan,nan,nan,nan,nan,nan,nan,0.0000000000,0.0000000000,0.0000000000,0.0000000000,0.0000000000,0.0388464443,nan,nan,nan,nan,nan,nan,nan,nan,nan,nan,nan,nan,nan,nan,nan,nan,nan,nan,nan,nan,nan,0.0400681496,0.9301087856,inf,inf,inf,inf,inf,0.0400338173,0.0899894238,inf,inf,inf,inf,inf,inf,inf,1551
1779239078.1115441322,-0.0395269580,0.1134721339,0.0921837240,-0.0083026713,0.0027675183,-0.0000114890,3.6630001068,nan,nan,nan,nan,nan,nan,nan,nan,nan,nan,nan,nan,nan,nan,nan,nan,nan,nan,0.0000000000,0.0000000000,0.0000000000,0.0000000000,0.0000000000,0.0388608016,nan,nan,nan,nan,nan,nan,nan,nan,nan,nan,nan,nan,nan,nan,nan,nan,nan,nan,nan,nan,nan,0.0000452995,0.9401144981,inf,inf,inf,inf,inf,0.0500395298,0.0000157356,inf,inf,inf,inf,inf,inf,inf,1551
1779239078.1214749813,-0.0395269580,0.1134721339,0.0921837240,-0.0083026713,0.0027675183,-0.0000114890,3.6630001068,nan,nan,nan,nan,nan,nan,nan,nan,nan,nan,nan,nan,nan,nan,nan,nan,nan,nan,0.0000000000,0.0000000000,0.0000000000,0.0000000000,0.0000000000,0.0388608016,nan,nan,nan,nan,nan,nan,nan,nan,nan,nan,nan,nan,nan,nan,nan,nan,nan,nan,nan,nan,nan,0.0099761486,0.9500453472,inf,inf,inf,inf,inf,0.0599703789,0.0099465847,inf,inf,inf,inf,inf,inf,inf,1551
1779239078.1315376759,-0.0395269580,0.1134721339,0.0921837240,-0.0083026713,0.0027675183,-0.0000114890,3.6630001068,nan,nan,nan,nan,nan,nan,nan,nan,nan,nan,nan,nan,nan,nan,nan,nan,nan,nan,0.0000000000,0.0000000000,0.0000000000,0.0000000000,0.0000000000,0.0388608016,nan,nan,nan,nan,nan,nan,nan,nan,nan,nan,nan,nan,nan,nan,nan,nan,nan,nan,nan,nan,nan,0.0200388432,0.9601080418,inf,inf,inf,inf,inf,0.0700330734,0.0200092793,inf,inf,inf,inf,inf,inf,inf,1551
1779239078.1415290833,-0.0395269580,0.1134721339,0.0921837240,-0.0083026713,0.0027675183,-0.0000114890,3.6630001068,nan,nan,nan,nan,nan,nan,nan,nan,nan,nan,nan,nan,nan,nan,nan,nan,nan,nan,0.0000000000,0.0000000000,0.0000000000,0.0000000000,0.0000000000,0.0388608016,nan,nan,nan,nan,nan,nan,nan,nan,nan,nan,nan,nan,nan,nan,nan,nan,nan,nan,nan,nan,nan,0.0300302505,0.9700994492,inf,inf,inf,inf,inf,0.0800244808,0.0300006866,inf,inf,inf,inf,inf,inf,inf,1551
1779239078.1515374184,-0.0395269580,0.1134721339,0.0921837240,-0.0083026713,0.0027675183,-0.0000114890,3.6630001068,nan,nan,nan,nan,nan,nan,nan,nan,nan,nan,nan,nan,nan,nan,nan,nan,nan,nan,0.0000000000,0.0000000000,0.0000000000,0.0000000000,0.0000000000,0.0388608016,nan,nan,nan,nan,nan,nan,nan,nan,nan,nan,nan,nan,nan,nan,nan,nan,nan,nan,nan,nan,nan,0.0400385857,0.9801077843,inf,inf,inf,inf,inf,0.0900328159,0.0400090218,inf,inf,inf,inf,inf,inf,inf,1551
1779239078.1615650654,-0.0396632962,0.1133186668,0.0922478363,-0.0083026713,0.0027675183,-0.0000114890,3.6630001068,nan,nan,nan,nan,nan,nan,nan,nan,nan,nan,nan,nan,nan,nan,nan,nan,nan,nan,0.0000000000,0.0000000000,0.0000000000,0.0000000000,0.0000000000,0.0388608016,nan,nan,nan,nan,nan,nan,nan,nan,nan,nan,nan,nan,nan,nan,nan,nan,nan,nan,nan,nan,nan,0.0000586510,0.9901354313,inf,inf,inf,inf,inf,0.0000188351,0.0500366688,inf,inf,inf,inf,inf,inf,inf,1551
1779239078.1714885235,-0.0396632962,0.1133186668,0.0922478363,-0.0083026713,0.0027675183,-0.0000114890,3.6630001068,nan,nan,nan,nan,nan,nan,nan,nan,nan,nan,nan,nan,nan,nan,nan,nan,nan,nan,0.0000000000,0.0000000000,0.0000000000,0.0000000000,0.0000000000,0.0388608016,nan,nan,nan,nan,nan,nan,nan,nan,nan,nan,nan,nan,nan,nan,nan,nan,nan,nan,nan,nan,nan,0.0099821091,0.0000178814,inf,inf,inf,inf,inf,0.0099422932,0.0599601269,inf,inf,inf,inf,inf,inf,inf,1551
1779239078.1815373898,-0.0396632962,0.1133186668,0.0922478363,-0.0083026713,0.0027675183,-0.0000114890,3.6630001068,nan,nan,nan,nan,nan,nan,nan,nan,nan,nan,nan,nan,nan,nan,nan,nan,nan,nan,0.0000000000,0.0000000000,0.0000000000,0.0000000000,0.0000000000,0.0388608016,nan,nan,nan,nan,nan,nan,nan,nan,nan,nan,nan,nan,nan,nan,nan,nan,nan,nan,nan,nan,nan,0.0200309753,0.0100667477,inf,inf,inf,inf,inf,0.0199911594,0.0700089931,inf,inf,inf,inf,inf,inf,inf,1551
1779239078.1918048859,-0.0396632962,0.1133186668,0.0922478363,-0.0083026713,0.0027675183,-0.0000114890,3.6630001068,nan,nan,nan,nan,nan,nan,nan,nan,nan,nan,nan,nan,nan,nan,nan,nan,nan,nan,0.0000000000,0.0000000000,0.0000000000,0.0000000000,0.0000000000,0.0388608016,nan,nan,nan,nan,nan,nan,nan,nan,nan,nan,nan,nan,nan,nan,nan,nan,nan,nan,nan,nan,nan,0.0302984715,0.0203342438,inf,inf,inf,inf,inf,0.0302586555,0.0802764893,inf,inf,inf,inf,inf,inf,inf,1551
1779239078.2015337944,-0.0396632962,0.1133186668,0.0922478363,-0.0083026713,0.0027675183,-0.0000114890,3.6630001068,nan,nan,nan,nan,nan,nan,nan,nan,nan,nan,nan,nan,nan,nan,nan,nan,nan,nan,0.0000000000,0.0000000000,0.0000000000,0.0000000000,0.0000000000,0.0388608016,nan,nan,nan,nan,nan,nan,nan,nan,nan,nan,nan,nan,nan,nan,nan,nan,nan,nan,nan,nan,nan,0.0400273800,0.0300631523,inf,inf,inf,inf,inf,0.0399875641,0.0900053978,inf,inf,inf,inf,inf,inf,inf,1551
1779239078.2115306854,-0.0398151316,0.1131348833,0.0923287719,-0.0083026475,0.0000000000,0.0000000000,3.6630001068,nan,nan,nan,nan,nan,nan,nan,nan,nan,nan,nan,nan,nan,nan,nan,nan,nan,nan,0.0000000000,0.0000000000,0.0000000000,0.0000000000,0.0000000000,0.0418584794,nan,nan,nan,nan,nan,nan,nan,nan,nan,nan,nan,nan,nan,nan,nan,nan,nan,nan,nan,nan,nan,0.0000526905,0.0400600433,inf,inf,inf,inf,inf,0.0499844551,0.0000171661,inf,inf,inf,inf,inf,inf,inf,1551
1779239078.2214951515,-0.0398151316,0.1131348833,0.0923287719,-0.0083026475,0.0000000000,0.0000000000,3.6630001068,nan,nan,nan,nan,nan,nan,nan,nan,nan,nan,nan,nan,nan,nan,nan,nan,nan,nan,0.0000000000,0.0000000000,0.0000000000,0.0000000000,0.0000000000,0.0418584794,nan,nan,nan,nan,nan,nan,nan,nan,nan,nan,nan,nan,nan,nan,nan,nan,nan,nan,nan,nan,nan,0.0100171566,0.0500245094,inf,inf,inf,inf,inf,0.0599489212,0.0099816322,inf,inf,inf,inf,inf,inf,inf,1551
1779239078.2315714359,-0.0398151316,0.1131348833,0.0923287719,-0.0083026475,0.0000000000,0.0000000000,3.6630001068,nan,nan,nan,nan,nan,nan,nan,nan,nan,nan,nan,nan,nan,nan,nan,nan,nan,nan,0.0000000000,0.0000000000,0.0000000000,0.0000000000,0.0000000000,0.0418584794,nan,nan,nan,nan,nan,nan,nan,nan,nan,nan,nan,nan,nan,nan,nan,nan,nan,nan,nan,nan,nan,0.0200934410,0.0601007938,inf,inf,inf,inf,inf,0.0700252056,0.0200579166,inf,inf,inf,inf,inf,inf,inf,1551
1779239078.2415642738,-0.0398151316,0.1131348833,0.0923287719,-0.0083026475,0.0000000000,0.0000000000,3.6630001068,nan,nan,nan,nan,nan,nan,nan,nan,nan,nan,nan,nan,nan,nan,nan,nan,nan,nan,0.0000000000,0.0000000000,0.0000000000,0.0000000000,0.0000000000,0.0418584794,nan,nan,nan,nan,nan,nan,nan,nan,nan,nan,nan,nan,nan,nan,nan,nan,nan,nan,nan,nan,nan,0.0300862789,0.0700936317,inf,inf,inf,inf,inf,0.0800180435,0.0300507545,inf,inf,inf,inf,inf,inf,inf,1551
1779239078.2514486313,-0.0398151316,0.1131348833,0.0923287719,-0.0083026475,0.0000000000,0.0000000000,3.6630001068,nan,nan,nan,nan,nan,nan,nan,nan,nan,nan,nan,nan,nan,nan,nan,nan,nan,nan,0.0000000000,0.0000000000,0.0000000000,0.0000000000,0.0000000000,0.0418584794,nan,nan,nan,nan,nan,nan,nan,nan,nan,nan,nan,nan,nan,nan,nan,nan,nan,nan,nan,nan,nan,0.0399706364,0.0799779892,inf,inf,inf,inf,inf,0.0899024010,0.0399351120,inf,inf,inf,inf,inf,inf,inf,1551
1779239078.2614309788,-0.0399860516,0.1129077524,0.0923952162,-0.0083026475,0.0000000000,0.0000000000,3.6630001068,nan,nan,nan,nan,nan,nan,nan,nan,nan,nan,nan,nan,nan,nan,nan,nan,nan,nan,0.0000000000,0.0000000000,0.0000000000,0.0000000000,0.0000000000,0.0418584794,nan,nan,nan,nan,nan,nan,nan,nan,nan,nan,nan,nan,nan,nan,nan,nan,nan,nan,nan,nan,nan,0.0000257492,0.0899603367,inf,inf,inf,inf,inf,0.0000073910,0.0499174595,inf,inf,inf,inf,inf,inf,inf,1551
1779239078.2714779377,-0.0399860516,0.1129077524,0.0923952162,-0.0083026475,0.0000000000,0.0000000000,3.6630001068,nan,nan,nan,nan,nan,nan,nan,nan,nan,nan,nan,nan,nan,nan,nan,nan,nan,nan,0.0000000000,0.0000000000,0.0000000000,0.0000000000,0.0000000000,0.0418584794,nan,nan,nan,nan,nan,nan,nan,nan,nan,nan,nan,nan,nan,nan,nan,nan,nan,nan,nan,nan,nan,0.0100727081,0.1000072956,inf,inf,inf,inf,inf,0.0100543499,0.0599644184,inf,inf,inf,inf,inf,inf,inf,1551
1779239078.2815086842,-0.0399860516,0.1129077524,0.0923952162,-0.0083026475,0.0000000000,0.0000000000,3.6630001068,nan,nan,nan,nan,nan,nan,nan,nan,nan,nan,nan,nan,nan,nan,nan,nan,nan,nan,0.0000000000,0.0000000000,0.0000000000,0.0000000000,0.0000000000,0.0418584794,nan,nan,nan,nan,nan,nan,nan,nan,nan,nan,nan,nan,nan,nan,nan,nan,nan,nan,nan,nan,nan,0.0201034546,0.1100380421,inf,inf,inf,inf,inf,0.0200850964,0.0699951649,inf,inf,inf,inf,inf,inf,inf,1551
1779239078.2915141582,-0.0399860516,0.1129077524,0.0923952162,-0.0083026475,0.0000000000,0.0000000000,3.6630001068,nan,nan,nan,nan,nan,nan,nan,nan,nan,nan,nan,nan,nan,nan,nan,nan,nan,nan,0.0000000000,0.0000000000,0.0000000000,0.0000000000,0.0000000000,0.0418584794,nan,nan,nan,nan,nan,nan,nan,nan,nan,nan,nan,nan,nan,nan,nan,nan,nan,nan,nan,nan,nan,0.0301089287,0.1200435162,inf,inf,inf,inf,inf,0.0300905704,0.0800006390,inf,inf,inf,inf,inf,inf,inf,1551
1779239078.3015000820,-0.0399860516,0.1129077524,0.0923952162,-0.0083026475,0.0000000000,0.0000000000,3.6630001068,nan,nan,nan,nan,nan,nan,nan,nan,nan,nan,nan,nan,nan,nan,nan,nan,nan,nan,0.0000000000,0.0000000000,0.0000000000,0.0000000000,0.0000000000,0.0418584794,nan,nan,nan,nan,nan,nan,nan,nan,nan,nan,nan,nan,nan,nan,nan,nan,nan,nan,nan,nan,nan,0.0400948524,0.1300294399,inf,inf,inf,inf,inf,0.0400764942,0.0899865627,inf,inf,inf,inf,inf,inf,inf,1551
1779239078.3115472794,-0.0401695594,0.1126367599,0.0924765393,-0.0083026475,0.0000000000,0.0000000000,3.6630001068,nan,nan,nan,nan,nan,nan,nan,nan,nan,nan,nan,nan,nan,nan,nan,nan,nan,nan,0.0000000000,0.0000000000,0.0000000000,0.0000000000,0.0000000000,0.0448804051,nan,nan,nan,nan,nan,nan,nan,nan,nan,nan,nan,nan,nan,nan,nan,nan,nan,nan,nan,nan,nan,0.0000550747,0.1400766373,inf,inf,inf,inf,inf,0.0501236916,0.0000164509,inf,inf,inf,inf,inf,inf,inf,1551
1779239078.3215157986,-0.0401695594,0.1126367599,0.0924765393,-0.0083026475,0.0000000000,0.0000000000,3.6630001068,nan,nan,nan,nan,nan,nan,nan,nan,nan,nan,nan,nan,nan,nan,nan,nan,nan,nan,0.0000000000,0.0000000000,0.0000000000,0.0000000000,0.0000000000,0.0448804051,nan,nan,nan,nan,nan,nan,nan,nan,nan,nan,nan,nan,nan,nan,nan,nan,nan,nan,nan,nan,nan,0.0100235939,0.1500451565,inf,inf,inf,inf,inf,0.0600922108,0.0099849701,inf,inf,inf,inf,inf,inf,inf,1551
1779239078.3314878941,-0.0401695594,0.1126367599,0.0924765393,-0.0083026475,0.0000000000,0.0000000000,3.6630001068,nan,nan,nan,nan,nan,nan,nan,nan,nan,nan,nan,nan,nan,nan,nan,nan,nan,nan,0.0000000000,0.0000000000,0.0000000000,0.0000000000,0.0000000000,0.0448804051,nan,nan,nan,nan,nan,nan,nan,nan,nan,nan,nan,nan,nan,nan,nan,nan,nan,nan,nan,nan,nan,0.0199956894,0.1600172520,inf,inf,inf,inf,inf,0.0700643063,0.0199570656,inf,inf,inf,inf,inf,inf,inf,1551
1779239078.3414800167,-0.0401695594,0.1126367599,0.0924765393,-0.0083026475,0.0000000000,0.0000000000,3.6630001068,nan,nan,nan,nan,nan,nan,nan,nan,nan,nan,nan,nan,nan,nan,nan,nan,nan,nan,0.0000000000,0.0000000000,0.0000000000,0.0000000000,0.0000000000,0.0448804051,nan,nan,nan,nan,nan,nan,nan,nan,nan,nan,nan,nan,nan,nan,nan,nan,nan,nan,nan,nan,nan,0.0299878120,0.1700093746,inf,inf,inf,inf,inf,0.0800564289,0.0299491882,inf,inf,inf,inf,inf,inf,inf,1551
1779239078.3515183926,-0.0401695594,0.1126367599,0.0924765393,-0.0083026475,0.0000000000,0.0000000000,3.6630001068,nan,nan,nan,nan,nan,nan,nan,nan,nan,nan,nan,nan,nan,nan,nan,nan,nan,nan,0.0000000000,0.0000000000,0.0000000000,0.0000000000,0.0000000000,0.0448804051,nan,nan,nan,nan,nan,nan,nan,nan,nan,nan,nan,nan,nan,nan,nan,nan,nan,nan,nan,nan,nan,0.0400261879,0.1800477505,inf,inf,inf,inf,inf,0.0900948048,0.0399875641,inf,inf,inf,inf,inf,inf,inf,1551
1779239078.3615434170,-0.0403616764,0.1123301163,0.0925722867,-0.0083026475,0.0000000000,0.0000000000,3.6630001068,nan,nan,nan,nan,nan,nan,nan,nan,nan,nan,nan,nan,nan,nan,nan,nan,nan,nan,0.0000000000,0.0000000000,0.0000000000,0.0000000000,0.0000000000,0.0448804051,nan,nan,nan,nan,nan,nan,nan,nan,nan,nan,nan,nan,nan,nan,nan,nan,nan,nan,nan,nan,nan,0.0000550747,0.1900727749,inf,inf,inf,inf,inf,0.0000166893,0.0500125885,inf,inf,inf,inf,inf,inf,inf,1551
1779239078.3715281487,-0.0403616764,0.1123301163,0.0925722867,-0.0083026475,0.0000000000,0.0000000000,3.6630001068,nan,nan,nan,nan,nan,nan,nan,nan,nan,nan,nan,nan,nan,nan,nan,nan,nan,nan,0.0000000000,0.0000000000,0.0000000000,0.0000000000,0.0000000000,0.0448804051,nan,nan,nan,nan,nan,nan,nan,nan,nan,nan,nan,nan,nan,nan,nan,nan,nan,nan,nan,nan,nan,0.0100398064,0.2000575066,inf,inf,inf,inf,inf,0.0100014210,0.0599973202,inf,inf,inf,inf,inf,inf,inf,1551
1779239078.3815176487,-0.0403616764,0.1123301163,0.0925722867,-0.0083026475,0.0000000000,0.0000000000,3.6630001068,nan,nan,nan,nan,nan,nan,nan,nan,nan,nan,nan,nan,nan,nan,nan,nan,nan,nan,0.0000000000,0.0000000000,0.0000000000,0.0000000000,0.0000000000,0.0448804051,nan,nan,nan,nan,nan,nan,nan,nan,nan,nan,nan,nan,nan,nan,nan,nan,nan,nan,nan,nan,nan,0.0200293064,0.2100470066,inf,inf,inf,inf,inf,0.0199909210,0.0699868202,inf,inf,inf,inf,inf,inf,inf,1551
1779239078.3915457726,-0.0403616764,0.1123301163,0.0925722867,-0.0083026475,0.0000000000,0.0000000000,3.6630001068,nan,nan,nan,nan,nan,nan,nan,nan,nan,nan,nan,nan,nan,nan,nan,nan,nan,nan,0.0000000000,0.0000000000,0.0000000000,0.0000000000,0.0000000000,0.0448804051,nan,nan,nan,nan,nan,nan,nan,nan,nan,nan,nan,nan,nan,nan,nan,nan,nan,nan,nan,nan,nan,0.0300574303,0.2200751305,inf,inf,inf,inf,inf,0.0300190449,0.0800149441,inf,inf,inf,inf,inf,inf,inf,1551
1779239078.4015829563,-0.0403616764,0.1123301163,0.0925722867,-0.0083026475,0.0000000000,0.0000000000,3.6630001068,nan,nan,nan,nan,nan,nan,nan,nan,nan,nan,nan,nan,nan,nan,nan,nan,nan,nan,0.0000000000,0.0000000000,0.0000000000,0.0000000000,0.0000000000,0.0448804051,nan,nan,nan,nan,nan,nan,nan,nan,nan,nan,nan,nan,nan,nan,nan,nan,nan,nan,nan,nan,nan,0.0400946140,0.2301123142,inf,inf,inf,inf,inf,0.0400562286,0.0900521278,inf,inf,inf,inf,inf,inf,inf,1551
1779239078.4115428925,-0.0405575223,0.1119807884,0.0926691219,-0.0083026475,0.0000000000,0.0000000000,3.6630001068,nan,nan,nan,nan,nan,nan,nan,nan,nan,nan,nan,nan,nan,nan,nan,nan,nan,nan,0.0000000000,0.0000000000,0.0000000000,0.0000000000,0.0000000000,0.0434365906,nan,nan,nan,nan,nan,nan,nan,nan,nan,nan,nan,nan,nan,nan,nan,nan,nan,nan,nan,nan,nan,0.0000584126,0.2400722504,inf,inf,inf,inf,inf,0.0500161648,0.0000162125,inf,inf,inf,inf,inf,inf,inf,1551
1779239078.4215004444,-0.0405575223,0.1119807884,0.0926691219,-0.0083026475,0.0000000000,0.0000000000,3.6630001068,nan,nan,nan,nan,nan,nan,nan,nan,nan,nan,nan,nan,nan,nan,nan,nan,nan,nan,0.0000000000,0.0000000000,0.0000000000,0.0000000000,0.0000000000,0.0434365906,nan,nan,nan,nan,nan,nan,nan,nan,nan,nan,nan,nan,nan,nan,nan,nan,nan,nan,nan,nan,nan,0.0100159645,0.2500298023,inf,inf,inf,inf,inf,0.0599737167,0.0099737644,inf,inf,inf,inf,inf,inf,inf,1551
1779239078.4315109253,-0.0405575223,0.1119807884,0.0926691219,-0.0083026475,0.0000000000,0.0000000000,3.6630001068,nan,nan,nan,nan,nan,nan,nan,nan,nan,nan,nan,nan,nan,nan,nan,nan,nan,nan,0.0000000000,0.0000000000,0.0000000000,0.0000000000,0.0000000000,0.0434365906,nan,nan,nan,nan,nan,nan,nan,nan,nan,nan,nan,nan,nan,nan,nan,nan,nan,nan,nan,nan,nan,0.0200264454,0.2600402832,inf,inf,inf,inf,inf,0.0699841976,0.0199842453,inf,inf,inf,inf,inf,inf,inf,1551
1779239078.4415221214,-0.0405575223,0.1119807884,0.0926691219,-0.0083026475,0.0000000000,0.0000000000,3.6630001068,nan,nan,nan,nan,nan,nan,nan,nan,nan,nan,nan,nan,nan,nan,nan,nan,nan,nan,0.0000000000,0.0000000000,0.0000000000,0.0000000000,0.0000000000,0.0434365906,nan,nan,nan,nan,nan,nan,nan,nan,nan,nan,nan,nan,nan,nan,nan,nan,nan,nan,nan,nan,nan,0.0300376415,0.2700514793,inf,inf,inf,inf,inf,0.0799953938,0.0299954414,inf,inf,inf,inf,inf,inf,inf,1551
1779239078.4515209198,-0.0405575223,0.1119807884,0.0926691219,-0.0083026475,0.0000000000,0.0000000000,3.6630001068,nan,nan,nan,nan,nan,nan,nan,nan,nan,nan,nan,nan,nan,nan,nan,nan,nan,nan,0.0000000000,0.0000000000,0.0000000000,0.0000000000,0.0000000000,0.0434365906,nan,nan,nan,nan,nan,nan,nan,nan,nan,nan,nan,nan,nan,nan,nan,nan,nan,nan,nan,nan,nan,0.0400364399,0.2800502777,inf,inf,inf,inf,inf,0.0899941921,0.0399942398,inf,inf,inf,inf,inf,inf,inf,1551
1779239078.4615347385,-0.0390225947,0.1139281765,0.0920212045,-0.0083026475,0.0000000000,0.0000000000,3.6630001068,nan,nan,nan,nan,nan,nan,nan,nan,nan,nan,nan,nan,nan,nan,nan,nan,nan,nan,0.0000000000,0.0000000000,0.0000000000,0.0000000000,0.0000000000,0.0434365906,nan,nan,nan,nan,nan,nan,nan,nan,nan,nan,nan,nan,nan,nan,nan,nan,nan,nan,nan,nan,nan,0.0000560284,0.2900640965,inf,inf,inf,inf,inf,0.0000178814,0.0500080585,inf,inf,inf,inf,inf,inf,inf,1551
1779239078.4714953899,-0.0390225947,0.1139281765,0.0920212045,-0.0083026475,0.0000000000,0.0000000000,3.6630001068,nan,nan,nan,nan,nan,nan,nan,nan,nan,nan,nan,nan,nan,nan,nan,nan,nan,nan,0.0000000000,0.0000000000,0.0000000000,0.0000000000,0.0000000000,0.0434365906,nan,nan,nan,nan,nan,nan,nan,nan,nan,nan,nan,nan,nan,nan,nan,nan,nan,nan,nan,nan,nan,0.0100166798,0.3000247478,inf,inf,inf,inf,inf,0.0099785328,0.0599687099,inf,inf,inf,inf,inf,inf,inf,1551
1779239078.4814686775,-0.0390225947,0.1139281765,0.0920212045,-0.0083026475,0.0000000000,0.0000000000,3.6630001068,nan,nan,nan,nan,nan,nan,nan,nan,nan,nan,nan,nan,nan,nan,nan,nan,nan,nan,0.0000000000,0.0000000000,0.0000000000,0.0000000000,0.0000000000,0.0434365906,nan,nan,nan,nan,nan,nan,nan,nan,nan,nan,nan,nan,nan,nan,nan,nan,nan,nan,nan,nan,nan,0.0199899673,0.3099980354,inf,inf,inf,inf,inf,0.0199518204,0.0699419975,inf,inf,inf,inf,inf,inf,inf,1551
1779239078.4914391041,-0.0390225947,0.1139281765,0.0920212045,-0.0083026475,0.0000000000,0.0000000000,3.6630001068,nan,nan,nan,nan,nan,nan,nan,nan,nan,nan,nan,nan,nan,nan,nan,nan,nan,nan,0.0000000000,0.0000000000,0.0000000000,0.0000000000,0.0000000000,0.0434365906,nan,nan,nan,nan,nan,nan,nan,nan,nan,nan,nan,nan,nan,nan,nan,nan,nan,nan,nan,nan,nan,0.0299603939,0.3199684620,inf,inf,inf,inf,inf,0.0299222469,0.0799124241,inf,inf,inf,inf,inf,inf,inf,1551
1779239078.5014560223,-0.0390225947,0.1139281765,0.0920212045,-0.0083026475,0.0000000000,0.0000000000,3.6630001068,nan,nan,nan,nan,nan,nan,nan,nan,nan,nan,nan,nan,nan,nan,nan,nan,nan,nan,0.0000000000,0.0000000000,0.0000000000,0.0000000000,0.0000000000,0.0434365906,nan,nan,nan,nan,nan,nan,nan,nan,nan,nan,nan,nan,nan,nan,nan,nan,nan,nan,nan,nan,nan,0.0399773121,0.3299853802,inf,inf,inf,inf,inf,0.0399391651,0.0899293423,inf,inf,inf,inf,inf,inf,inf,1551
1779239078.5114274025,-0.0390524045,0.1137813926,0.0920741707,-0.0083026475,0.0000000000,0.0000000000,3.6630001068,nan,nan,nan,nan,nan,nan,nan,nan,nan,nan,nan,nan,nan,nan,nan,nan,nan,nan,0.0000000000,0.0000000000,0.0000000000,0.0000000000,0.0000000000,0.0440179184,nan,nan,nan,nan,nan,nan,nan,nan,nan,nan,nan,nan,nan,nan,nan,nan,nan,nan,nan,nan,nan,0.0000255108,0.3399567604,inf,inf,inf,inf,inf,0.0499105453,0.0000073910,inf,inf,inf,inf,inf,inf,inf,1551
1779239078.5214612484,-0.0390524045,0.1137813926,0.0920741707,-0.0083026475,0.0000000000,0.0000000000,3.6630001068,nan,nan,nan,nan,nan,nan,nan,nan,nan,nan,nan,nan,nan,nan,nan,nan,nan,nan,0.0000000000,0.0000000000,0.0000000000,0.0000000000,0.0000000000,0.0440179184,nan,nan,nan,nan,nan,nan,nan,nan,nan,nan,nan,nan,nan,nan,nan,nan,nan,nan,nan,nan,nan,0.0100593567,0.3499906063,inf,inf,inf,inf,inf,0.0599443913,0.0100412369,inf,inf,inf,inf,inf,inf,inf,1551
1779239078.5315115452,-0.0390524045,0.1137813926,0.0920741707,-0.0083026475,0.0000000000,0.0000000000,3.6630001068,nan,nan,nan,nan,nan,nan,nan,nan,nan,nan,nan,nan,nan,nan,nan,nan,nan,nan,0.0000000000,0.0000000000,0.0000000000,0.0000000000,0.0000000000,0.0440179184,nan,nan,nan,nan,nan,nan,nan,nan,nan,nan,nan,nan,nan,nan,nan,nan,nan,nan,nan,nan,nan,0.0201096535,0.3600409031,inf,inf,inf,inf,inf,0.0699946880,0.0200915337,inf,inf,inf,inf,inf,inf,inf,1551
1779239078.5414917469,-0.0390524045,0.1137813926,0.0920741707,-0.0083026475,0.0000000000,0.0000000000,3.6630001068,nan,nan,nan,nan,nan,nan,nan,nan,nan,nan,nan,nan,nan,nan,nan,nan,nan,nan,0.0000000000,0.0000000000,0.0000000000,0.0000000000,0.0000000000,0.0440179184,nan,nan,nan,nan,nan,nan,nan,nan,nan,nan,nan,nan,nan,nan,nan,nan,nan,nan,nan,nan,nan,0.0300898552,0.3700211048,inf,inf,inf,inf,inf,0.0799748898,0.0300717354,inf,inf,inf,inf,inf,inf,inf,1551
1779239078.5514273643,-0.0390524045,0.1137813926,0.0920741707,-0.0083026475,0.0000000000,0.0000000000,3.6630001068,nan,nan,nan,nan,nan,nan,nan,nan,nan,nan,nan,nan,nan,nan,nan,nan,nan,nan,0.0000000000,0.0000000000,0.0000000000,0.0000000000,0.0000000000,0.0440179184,nan,nan,nan,nan,nan,nan,nan,nan,nan,nan,nan,nan,nan,nan,nan,nan,nan,nan,nan,nan,nan,0.0400254726,0.3799567223,inf,inf,inf,inf,inf,0.0899105072,0.0400073528,inf,inf,inf,inf,inf,inf,inf,1551
1779239078.5614924431,-0.0390075110,0.1139771342,0.0920084938,-0.0083026475,0.0000000000,0.0000000000,3.6630001068,nan,nan,nan,nan,nan,nan,nan,nan,nan,nan,nan,nan,nan,nan,nan,nan,nan,nan,0.0000000000,0.0000000000,0.0000000000,0.0000000000,0.0000000000,0.0440179184,nan,nan,nan,nan,nan,nan,nan,nan,nan,nan,nan,nan,nan,nan,nan,nan,nan,nan,nan,nan,nan,0.0000436306,0.3900218010,inf,inf,inf,inf,inf,0.0000133514,0.0500724316,inf,inf,inf,inf,inf,inf,inf,1551
1779239078.5714905262,-0.0390075110,0.1139771342,0.0920084938,-0.0083026475,0.0000000000,0.0000000000,3.6630001068,nan,nan,nan,nan,nan,nan,nan,nan,nan,nan,nan,nan,nan,nan,nan,nan,nan,nan,0.0000000000,0.0000000000,0.0000000000,0.0000000000,0.0000000000,0.0440179184,nan,nan,nan,nan,nan,nan,nan,nan,nan,nan,nan,nan,nan,nan,nan,nan,nan,nan,nan,nan,nan,0.0100417137,0.4000198841,inf,inf,inf,inf,inf,0.0100114346,0.0600705147,inf,inf,inf,inf,inf,inf,inf,1551
1779239078.5814692974,-0.0390075110,0.1139771342,0.0920084938,-0.0083026475,0.0000000000,0.0000000000,3.6630001068,nan,nan,nan,nan,nan,nan,nan,nan,nan,nan,nan,nan,nan,nan,nan,nan,nan,nan,0.0000000000,0.0000000000,0.0000000000,0.0000000000,0.0000000000,0.0440179184,nan,nan,nan,nan,nan,nan,nan,nan,nan,nan,nan,nan,nan,nan,nan,nan,nan,nan,nan,nan,nan,0.0200204849,0.4099986553,inf,inf,inf,inf,inf,0.0199902058,0.0700492859,inf,inf,inf,inf,inf,inf,inf,1551
1779239078.5914692879,-0.0390075110,0.1139771342,0.0920084938,-0.0083026475,0.0000000000,0.0000000000,3.6630001068,nan,nan,nan,nan,nan,nan,nan,nan,nan,nan,nan,nan,nan,nan,nan,nan,nan,nan,0.0000000000,0.0000000000,0.0000000000,0.0000000000,0.0000000000,0.0440179184,nan,nan,nan,nan,nan,nan,nan,nan,nan,nan,nan,nan,nan,nan,nan,nan,nan,nan,nan,nan,nan,0.0300204754,0.4199986458,inf,inf,inf,inf,inf,0.0299901962,0.0800492764,inf,inf,inf,inf,inf,inf,inf,1551
1779239078.6014351845,-0.0390075110,0.1139771342,0.0920084938,-0.0083026475,0.0000000000,0.0000000000,3.6630001068,nan,nan,nan,nan,nan,nan,nan,nan,nan,nan,nan,nan,nan,nan,nan,nan,nan,nan,0.0000000000,0.0000000000,0.0000000000,0.0000000000,0.0000000000,0.0440179184,nan,nan,nan,nan,nan,nan,nan,nan,nan,nan,nan,nan,nan,nan,nan,nan,nan,nan,nan,nan,nan,0.0399863720,0.4299645424,inf,inf,inf,inf,inf,0.0399560928,0.0900151730,inf,inf,inf,inf,inf,inf,inf,1551
1779239078.6114695072,-0.0390385687,0.1139027625,0.0920316949,-0.0083026475,0.0000000000,0.0000000000,3.6630001068,nan,nan,nan,nan,nan,nan,nan,nan,nan,nan,nan,nan,nan,nan,nan,nan,nan,nan,0.0000000000,0.0000000000,0.0000000000,0.0000000000,0.0000000000,0.0434803106,nan,nan,nan,nan,nan,nan,nan,nan,nan,nan,nan,nan,nan,nan,nan,nan,nan,nan,nan,nan,nan,0.0000324249,0.4399988651,inf,inf,inf,inf,inf,0.0499904156,0.0000100136,inf,inf,inf,inf,inf,inf,inf,1551
1779239078.6214704514,-0.0390385687,0.1139027625,0.0920316949,-0.0083026475,0.0000000000,0.0000000000,3.6630001068,nan,nan,nan,nan,nan,nan,nan,nan,nan,nan,nan,nan,nan,nan,nan,nan,nan,nan,0.0000000000,0.0000000000,0.0000000000,0.0000000000,0.0000000000,0.0434803106,nan,nan,nan,nan,nan,nan,nan,nan,nan,nan,nan,nan,nan,nan,nan,nan,nan,nan,nan,nan,nan,0.0100333691,0.4499998093,inf,inf,inf,inf,inf,0.0599913597,0.0100109577,inf,inf,inf,inf,inf,inf,inf,1551
1779239078.6314828396,-0.0390385687,0.1139027625,0.0920316949,-0.0083026475,0.0000000000,0.0000000000,3.6630001068,nan,nan,nan,nan,nan,nan,nan,nan,nan,nan,nan,nan,nan,nan,nan,nan,nan,nan,0.0000000000,0.0000000000,0.0000000000,0.0000000000,0.0000000000,0.0434803106,nan,nan,nan,nan,nan,nan,nan,nan,nan,nan,nan,nan,nan,nan,nan,nan,nan,nan,nan,nan,nan,0.0200457573,0.4600121975,inf,inf,inf,inf,inf,0.0700037479,0.0200233459,inf,inf,inf,inf,inf,inf,inf,1551
1779239078.6415052414,-0.0390385687,0.1139027625,0.0920316949,-0.0083026475,0.0000000000,0.0000000000,3.6630001068,nan,nan,nan,nan,nan,nan,nan,nan,nan,nan,nan,nan,nan,nan,nan,nan,nan,nan,0.0000000000,0.0000000000,0.0000000000,0.0000000000,0.0000000000,0.0434803106,nan,nan,nan,nan,nan,nan,nan,nan,nan,nan,nan,nan,nan,nan,nan,nan,nan,nan,nan,nan,nan,0.0300681591,0.4700345993,inf,inf,inf,inf,inf,0.0800261497,0.0300457478,inf,inf,inf,inf,inf,inf,inf,1551
1779239078.6515321732,-0.0390385687,0.1139027625,0.0920316949,-0.0083026475,0.0000000000,0.0000000000,3.6630001068,nan,nan,nan,nan,nan,nan,nan,nan,nan,nan,nan,nan,nan,nan,nan,nan,nan,nan,0.0000000000,0.0000000000,0.0000000000,0.0000000000,0.0000000000,0.0434803106,nan,nan,nan,nan,nan,nan,nan,nan,nan,nan,nan,nan,nan,nan,nan,nan,nan,nan,nan,nan,nan,0.0400950909,0.4800615311,inf,inf,inf,inf,inf,0.0900530815,0.0400726795,inf,inf,inf,inf,inf,inf,inf,1551
1779239078.6615862846,-0.0390267260,0.1139331385,0.0920191109,-0.0083026475,0.0000000000,0.0000000000,3.6630001068,nan,nan,nan,nan,nan,nan,nan,nan,nan,nan,nan,nan,nan,nan,nan,nan,nan,nan,0.0000000000,0.0000000000,0.0000000000,0.0000000000,0.0000000000,0.0434803106,nan,nan,nan,nan,nan,nan,nan,nan,nan,nan,nan,nan,nan,nan,nan,nan,nan,nan,nan,nan,nan,0.0000689030,0.4901156425,inf,inf,inf,inf,inf,0.0000226498,0.0501267910,inf,inf,inf,inf,inf,inf,inf,1551
1779239078.6715362072,-0.0390267260,0.1139331385,0.0920191109,-0.0083026475,0.0000000000,0.0000000000,3.6630001068,nan,nan,nan,nan,nan,nan,nan,nan,nan,nan,nan,nan,nan,nan,nan,nan,nan,nan,0.0000000000,0.0000000000,0.0000000000,0.0000000000,0.0000000000,0.0434803106,nan,nan,nan,nan,nan,nan,nan,nan,nan,nan,nan,nan,nan,nan,nan,nan,nan,nan,nan,nan,nan,0.0100188255,0.5000655651,inf,inf,inf,inf,inf,0.0099725723,0.0600767136,inf,inf,inf,inf,inf,inf,inf,1551
1779239078.6815242767,-0.0390267260,0.1139331385,0.0920191109,-0.0083026475,0.0000000000,0.0000000000,3.6630001068,nan,nan,nan,nan,nan,nan,nan,nan,nan,nan,nan,nan,nan,nan,nan,nan,nan,nan,0.0000000000,0.0000000000,0.0000000000,0.0000000000,0.0000000000,0.0434803106,nan,nan,nan,nan,nan,nan,nan,nan,nan,nan,nan,nan,nan,nan,nan,nan,nan,nan,nan,nan,nan,0.0200068951,0.5100536346,inf,inf,inf,inf,inf,0.0199606419,0.0700647831,inf,inf,inf,inf,inf,inf,inf,1551
1779239078.6915442944,-0.0390267260,0.1139331385,0.0920191109,-0.0083026475,0.0000000000,0.0000000000,3.6630001068,nan,nan,nan,nan,nan,nan,nan,nan,nan,nan,nan,nan,nan,nan,nan,nan,nan,nan,0.0000000000,0.0000000000,0.0000000000,0.0000000000,0.0000000000,0.0434803106,nan,nan,nan,nan,nan,nan,nan,nan,nan,nan,nan,nan,nan,nan,nan,nan,nan,nan,nan,nan,nan,0.0300269127,0.5200736523,inf,inf,inf,inf,inf,0.0299806595,0.0800848007,inf,inf,inf,inf,inf,inf,inf,1551
1779239078.7015321255,-0.0390267260,0.1139331385,0.0920191109,-0.0083026475,0.0000000000,0.0000000000,3.6630001068,nan,nan,nan,nan,nan,nan,nan,nan,nan,nan,nan,nan,nan,nan,nan,nan,nan,nan,0.0000000000,0.0000000000,0.0000000000,0.0000000000,0.0000000000,0.0434803106,nan,nan,nan,nan,nan,nan,nan,nan,nan,nan,nan,nan,nan,nan,nan,nan,nan,nan,nan,nan,nan,0.0400147438,0.5300614834,inf,inf,inf,inf,inf,0.0399684906,0.0900726318,inf,inf,inf,inf,inf,inf,inf,1551
1779239078.7115366459,-0.0390770249,0.1138588265,0.0920507014,-0.0083026475,0.0000000000,0.0000000000,3.6630001068,nan,nan,nan,nan,nan,nan,nan,nan,nan,nan,nan,nan,nan,nan,nan,nan,nan,nan,0.0000000000,0.0000000000,0.0000000000,0.0000000000,0.0000000000,0.0454437956,nan,nan,nan,nan,nan,nan,nan,nan,nan,nan,nan,nan,nan,nan,nan,nan,nan,nan,nan,nan,nan,0.0000555515,0.5400660038,inf,inf,inf,inf,inf,0.0499730110,0.0000171661,inf,inf,inf,inf,inf,inf,inf,1551
1779239078.7214918137,-0.0390770249,0.1138588265,0.0920507014,-0.0083026475,0.0000000000,0.0000000000,3.6630001068,nan,nan,nan,nan,nan,nan,nan,nan,nan,nan,nan,nan,nan,nan,nan,nan,nan,nan,0.0000000000,0.0000000000,0.0000000000,0.0000000000,0.0000000000,0.0454437956,nan,nan,nan,nan,nan,nan,nan,nan,nan,nan,nan,nan,nan,nan,nan,nan,nan,nan,nan,nan,nan,0.0100107193,0.5500211716,inf,inf,inf,inf,inf,0.0599281788,0.0099723339,inf,inf,inf,inf,inf,inf,inf,1551
1779239078.7314679623,-0.0390770249,0.1138588265,0.0920507014,-0.0083026475,0.0000000000,0.0000000000,3.6630001068,nan,nan,nan,nan,nan,nan,nan,nan,nan,nan,nan,nan,nan,nan,nan,nan,nan,nan,0.0000000000,0.0000000000,0.0000000000,0.0000000000,0.0000000000,0.0454437956,nan,nan,nan,nan,nan,nan,nan,nan,nan,nan,nan,nan,nan,nan,nan,nan,nan,nan,nan,nan,nan,0.0199868679,0.5599973202,inf,inf,inf,inf,inf,0.0699043274,0.0199484825,inf,inf,inf,inf,inf,inf,inf,1551
1779239078.7414498329,-0.0390770249,0.1138588265,0.0920507014,-0.0083026475,0.0000000000,0.0000000000,3.6630001068,nan,nan,nan,nan,nan,nan,nan,nan,nan,nan,nan,nan,nan,nan,nan,nan,nan,nan,0.0000000000,0.0000000000,0.0000000000,0.0000000000,0.0000000000,0.0454437956,nan,nan,nan,nan,nan,nan,nan,nan,nan,nan,nan,nan,nan,nan,nan,nan,nan,nan,nan,nan,nan,0.0299687386,0.5699791908,inf,inf,inf,inf,inf,0.0798861980,0.0299303532,inf,inf,inf,inf,inf,inf,inf,1551
1779239078.7514307499,-0.0390770249,0.1138588265,0.0920507014,-0.0083026475,0.0000000000,0.0000000000,3.6630001068,nan,nan,nan,nan,nan,nan,nan,nan,nan,nan,nan,nan,nan,nan,nan,nan,nan,nan,0.0000000000,0.0000000000,0.0000000000,0.0000000000,0.0000000000,0.0454437956,nan,nan,nan,nan,nan,nan,nan,nan,nan,nan,nan,nan,nan,nan,nan,nan,nan,nan,nan,nan,nan,0.0399496555,0.5799601078,inf,inf,inf,inf,inf,0.0000107288,0.0399112701,inf,inf,inf,inf,inf,inf,inf,1551
1779239078.7614417076,-0.0391594283,0.1137495786,0.0921026990,-0.0083026475,0.0000000000,0.0000000000,3.6630001068,nan,nan,nan,nan,nan,nan,nan,nan,nan,nan,nan,nan,nan,nan,nan,nan,nan,nan,0.0000000000,0.0000000000,0.0000000000,0.0000000000,0.0000000000,0.0454437956,nan,nan,nan,nan,nan,nan,nan,nan,nan,nan,nan,nan,nan,nan,nan,nan,nan,nan,nan,nan,nan,0.0000109673,0.5899710655,inf,inf,inf,inf,inf,0.0100216866,0.0499222279,inf,inf,inf,inf,inf,inf,inf,1551
1779239078.7714688778,-0.0391594283,0.1137495786,0.0921026990,-0.0083026475,0.0000000000,0.0000000000,3.6630001068,nan,nan,nan,nan,nan,nan,nan,nan,nan,nan,nan,nan,nan,nan,nan,nan,nan,nan,0.0000000000,0.0000000000,0.0000000000,0.0000000000,0.0000000000,0.0454437956,nan,nan,nan,nan,nan,nan,nan,nan,nan,nan,nan,nan,nan,nan,nan,nan,nan,nan,nan,nan,nan,0.0100381374,0.5999982357,inf,inf,inf,inf,inf,0.0200488567,0.0599493980,inf,inf,inf,inf,inf,inf,inf,1551
1779239078.7814800739,-0.0391594283,0.1137495786,0.0921026990,-0.0083026475,0.0000000000,0.0000000000,3.6630001068,nan,nan,nan,nan,nan,nan,nan,nan,nan,nan,nan,nan,nan,nan,nan,nan,nan,nan,0.0000000000,0.0000000000,0.0000000000,0.0000000000,0.0000000000,0.0454437956,nan,nan,nan,nan,nan,nan,nan,nan,nan,nan,nan,nan,nan,nan,nan,nan,nan,nan,nan,nan,nan,0.0200493336,0.6100094318,inf,inf,inf,inf,inf,0.0300600529,0.0699605942,inf,inf,inf,inf,inf,inf,inf,1551
1779239078.7914659977,-0.0391594283,0.1137495786,0.0921026990,-0.0083026475,0.0000000000,0.0000000000,3.6630001068,nan,nan,nan,nan,nan,nan,nan,nan,nan,nan,nan,nan,nan,nan,nan,nan,nan,nan,0.0000000000,0.0000000000,0.0000000000,0.0000000000,0.0000000000,0.0454437956,nan,nan,nan,nan,nan,nan,nan,nan,nan,nan,nan,nan,nan,nan,nan,nan,nan,nan,nan,nan,nan,0.0300352573,0.6199953556,inf,inf,inf,inf,inf,0.0400459766,0.0799465179,inf,inf,inf,inf,inf,inf,inf,1551
1779239078.8014295101,-0.0391594283,0.1137495786,0.0921026990,-0.0083026475,0.0000000000,0.0000000000,3.6630001068,nan,nan,nan,nan,nan,nan,nan,nan,nan,nan,nan,nan,nan,nan,nan,nan,nan,nan,0.0000000000,0.0000000000,0.0000000000,0.0000000000,0.0000000000,0.0454437956,nan,nan,nan,nan,nan,nan,nan,nan,nan,nan,nan,nan,nan,nan,nan,nan,nan,nan,nan,nan,nan,0.0399987698,0.6299588680,inf,inf,inf,inf,inf,0.0500094891,0.0899100304,inf,inf,inf,inf,inf,inf,inf,1551
1779239078.8114066124,-0.0392555073,0.1136298478,0.0921627954,-0.0083026475,0.0000000000,0.0000000000,3.6630001068,nan,nan,nan,nan,nan,nan,nan,nan,nan,nan,nan,nan,nan,nan,nan,nan,nan,nan,0.0000000000,0.0000000000,0.0000000000,0.0000000000,0.0000000000,0.0464430377,nan,nan,nan,nan,nan,nan,nan,nan,nan,nan,nan,nan,nan,nan,nan,nan,nan,nan,nan,nan,nan,0.0000216961,0.6399359703,inf,inf,inf,inf,inf,0.0599865913,0.0000066757,inf,inf,inf,inf,inf,inf,inf,1551
1779239078.8214910030,-0.0392555073,0.1136298478,0.0921627954,-0.0083026475,0.0000000000,0.0000000000,3.6630001068,nan,nan,nan,nan,nan,nan,nan,nan,nan,nan,nan,nan,nan,nan,nan,nan,nan,nan,0.0000000000,0.0000000000,0.0000000000,0.0000000000,0.0000000000,0.0464430377,nan,nan,nan,nan,nan,nan,nan,nan,nan,nan,nan,nan,nan,nan,nan,nan,nan,nan,nan,nan,nan,0.0101060867,0.6500203609,inf,inf,inf,inf,inf,0.0700709820,0.0100910664,inf,inf,inf,inf,inf,inf,inf,1551
1779239078.8314340115,-0.0392555073,0.1136298478,0.0921627954,-0.0083026475,0.0000000000,0.0000000000,3.6630001068,nan,nan,nan,nan,nan,nan,nan,nan,nan,nan,nan,nan,nan,nan,nan,nan,nan,nan,0.0000000000,0.0000000000,0.0000000000,0.0000000000,0.0000000000,0.0464430377,nan,nan,nan,nan,nan,nan,nan,nan,nan,nan,nan,nan,nan,nan,nan,nan,nan,nan,nan,nan,nan,0.0200490952,0.6599633694,inf,inf,inf,inf,inf,0.0800139904,0.0200340748,inf,inf,inf,inf,inf,inf,inf,1551
1779239078.8414409161,-0.0392555073,0.1136298478,0.0921627954,-0.0083026475,0.0000000000,0.0000000000,3.6630001068,nan,nan,nan,nan,nan,nan,nan,nan,nan,nan,nan,nan,nan,nan,nan,nan,nan,nan,0.0000000000,0.0000000000,0.0000000000,0.0000000000,0.0000000000,0.0464430377,nan,nan,nan,nan,nan,nan,nan,nan,nan,nan,nan,nan,nan,nan,nan,nan,nan,nan,nan,nan,nan,0.0300559998,0.6699702740,inf,inf,inf,inf,inf,0.0900208950,0.0300409794,inf,inf,inf,inf,inf,inf,inf,1551
1779239078.8514456749,-0.0392555073,0.1136298478,0.0921627954,-0.0083026475,0.0000000000,0.0000000000,3.6630001068,nan,nan,nan,nan,nan,nan,nan,nan,nan,nan,nan,nan,nan,nan,nan,nan,nan,nan,0.0000000000,0.0000000000,0.0000000000,0.0000000000,0.0000000000,0.0464430377,nan,nan,nan,nan,nan,nan,nan,nan,nan,nan,nan,nan,nan,nan,nan,nan,nan,nan,nan,nan,nan,0.0400607586,0.6799750328,inf,inf,inf,inf,inf,0.1000256538,0.0400457382,inf,inf,inf,inf,inf,inf,inf,1551
1779239078.8614451885,-0.0390534960,0.1139380634,0.0920180529,-0.0083026475,0.0000000000,0.0000000000,3.6630001068,nan,nan,nan,nan,nan,nan,nan,nan,nan,nan,nan,nan,nan,nan,nan,nan,nan,nan,0.0000000000,0.0000000000,0.0000000000,0.0000000000,0.0000000000,0.0464430377,nan,nan,nan,nan,nan,nan,nan,nan,nan,nan,nan,nan,nan,nan,nan,nan,nan,nan,nan,nan,nan,0.0000259876,0.6899745464,inf,inf,inf,inf,inf,0.0000097752,0.0500452518,inf,inf,inf,inf,inf,inf,inf,1551
1779239078.8714351654,-0.0390534960,0.1139380634,0.0920180529,-0.0083026475,0.0000000000,0.0000000000,3.6630001068,nan,nan,nan,nan,nan,nan,nan,nan,nan,nan,nan,nan,nan,nan,nan,nan,nan,nan,0.0000000000,0.0000000000,0.0000000000,0.0000000000,0.0000000000,0.0464430377,nan,nan,nan,nan,nan,nan,nan,nan,nan,nan,nan,nan,nan,nan,nan,nan,nan,nan,nan,nan,nan,0.0100159645,0.6999645233,inf,inf,inf,inf,inf,0.0099997520,0.0600352287,inf,inf,inf,inf,inf,inf,inf,1551
1779239078.8814799786,-0.0390534960,0.1139380634,0.0920180529,-0.0083026475,0.0000000000,0.0000000000,3.6630001068,nan,nan,nan,nan,nan,nan,nan,nan,nan,nan,nan,nan,nan,nan,nan,nan,nan,nan,0.0000000000,0.0000000000,0.0000000000,0.0000000000,0.0000000000,0.0464430377,nan,nan,nan,nan,nan,nan,nan,nan,nan,nan,nan,nan,nan,nan,nan,nan,nan,nan,nan,nan,nan,0.0200607777,0.7100093365,inf,inf,inf,inf,inf,0.0200445652,0.0700800419,inf,inf,inf,inf,inf,inf,inf,1551
1779239078.8914916515,-0.0390534960,0.1139380634,0.0920180529,-0.0083026475,0.0000000000,0.0000000000,3.6630001068,nan,nan,nan,nan,nan,nan,nan,nan,nan,nan,nan,nan,nan,nan,nan,nan,nan,nan,0.0000000000,0.0000000000,0.0000000000,0.0000000000,0.0000000000,0.0464430377,nan,nan,nan,nan,nan,nan,nan,nan,nan,nan,nan,nan,nan,nan,nan,nan,nan,nan,nan,nan,nan,0.0300724506,0.7200210094,inf,inf,inf,inf,inf,0.0300562382,0.0800917149,inf,inf,inf,inf,inf,inf,inf,1551
1779239078.9014806747,-0.0390534960,0.1139380634,0.0920180529,-0.0083026475,0.0000000000,0.0000000000,3.6630001068,nan,nan,nan,nan,nan,nan,nan,nan,nan,nan,nan,nan,nan,nan,nan,nan,nan,nan,0.0000000000,0.0000000000,0.0000000000,0.0000000000,0.0000000000,0.0464430377,nan,nan,nan,nan,nan,nan,nan,nan,nan,nan,nan,nan,nan,nan,nan,nan,nan,nan,nan,nan,nan,0.0400614738,0.7300100327,inf,inf,inf,inf,inf,0.0400452614,0.0900807381,inf,inf,inf,inf,inf,inf,inf,1551
1779239078.9115397930,-0.0391364843,0.1138636470,0.0920149460,-0.0083026475,0.0000000000,0.0000000000,3.6630001068,nan,nan,nan,nan,nan,nan,nan,nan,nan,nan,nan,nan,nan,nan,nan,nan,nan,nan,0.0000000000,0.0000000000,0.0000000000,0.0000000000,0.0000000000,0.0497694127,nan,nan,nan,nan,nan,nan,nan,nan,nan,nan,nan,nan,nan,nan,nan,nan,nan,nan,nan,nan,nan,0.0000522137,0.7400691509,inf,inf,inf,inf,inf,0.0501043797,0.0000169277,inf,inf,inf,inf,inf,inf,inf,1551
1779239078.9214634895,-0.0391364843,0.1138636470,0.0920149460,-0.0083026475,0.0000000000,0.0000000000,3.6630001068,nan,nan,nan,nan,nan,nan,nan,nan,nan,nan,nan,nan,nan,nan,nan,nan,nan,nan,0.0000000000,0.0000000000,0.0000000000,0.0000000000,0.0000000000,0.0497694127,nan,nan,nan,nan,nan,nan,nan,nan,nan,nan,nan,nan,nan,nan,nan,nan,nan,nan,nan,nan,nan,0.0099759102,0.7499928474,inf,inf,inf,inf,inf,0.0600280762,0.0099406242,inf,inf,inf,inf,inf,inf,inf,1551
1779239078.9314703941,-0.0391364843,0.1138636470,0.0920149460,-0.0083026475,0.0000000000,0.0000000000,3.6630001068,nan,nan,nan,nan,nan,nan,nan,nan,nan,nan,nan,nan,nan,nan,nan,nan,nan,nan,0.0000000000,0.0000000000,0.0000000000,0.0000000000,0.0000000000,0.0497694127,nan,nan,nan,nan,nan,nan,nan,nan,nan,nan,nan,nan,nan,nan,nan,nan,nan,nan,nan,nan,nan,0.0199828148,0.7599997520,inf,inf,inf,inf,inf,0.0700349808,0.0199475288,inf,inf,inf,inf,inf,inf,inf,1551
1779239078.9415655136,-0.0391364843,0.1138636470,0.0920149460,-0.0083026475,0.0000000000,0.0000000000,3.6630001068,nan,nan,nan,nan,nan,nan,nan,nan,nan,nan,nan,nan,nan,nan,nan,nan,nan,nan,0.0000000000,0.0000000000,0.0000000000,0.0000000000,0.0000000000,0.0497694127,nan,nan,nan,nan,nan,nan,nan,nan,nan,nan,nan,nan,nan,nan,nan,nan,nan,nan,nan,nan,nan,0.0300779343,0.7700948715,inf,inf,inf,inf,inf,0.0801301003,0.0300426483,inf,inf,inf,inf,inf,inf,inf,1551
1779239078.9515330791,-0.0391364843,0.1138636470,0.0920149460,-0.0083026475,0.0000000000,0.0000000000,3.6630001068,nan,nan,nan,nan,nan,nan,nan,nan,nan,nan,nan,nan,nan,nan,nan,nan,nan,nan,0.0000000000,0.0000000000,0.0000000000,0.0000000000,0.0000000000,0.0497694127,nan,nan,nan,nan,nan,nan,nan,nan,nan,nan,nan,nan,nan,nan,nan,nan,nan,nan,nan,nan,nan,0.0400454998,0.7800624371,inf,inf,inf,inf,inf,0.0900976658,0.0400102139,inf,inf,inf,inf,inf,inf,inf,1551
1779239078.9615738392,-0.0392395146,0.1137745976,0.0920204297,-0.0083026475,0.0000000000,0.0000000000,3.6630001068,nan,nan,nan,nan,nan,nan,nan,nan,nan,nan,nan,nan,nan,nan,nan,nan,nan,nan,0.0000000000,0.0000000000,0.0000000000,0.0000000000,0.0000000000,0.0497694127,nan,nan,nan,nan,nan,nan,nan,nan,nan,nan,nan,nan,nan,nan,nan,nan,nan,nan,nan,nan,nan,0.0000653267,0.7901031971,inf,inf,inf,inf,inf,0.0000207424,0.0500509739,inf,inf,inf,inf,inf,inf,inf,1551
1779239078.9715037346,-0.0392395146,0.1137745976,0.0920204297,-0.0083026475,0.0000000000,0.0000000000,3.6630001068,nan,nan,nan,nan,nan,nan,nan,nan,nan,nan,nan,nan,nan,nan,nan,nan,nan,nan,0.0000000000,0.0000000000,0.0000000000,0.0000000000,0.0000000000,0.0497694127,nan,nan,nan,nan,nan,nan,nan,nan,nan,nan,nan,nan,nan,nan,nan,nan,nan,nan,nan,nan,nan,0.0099952221,0.8000330925,inf,inf,inf,inf,inf,0.0099506378,0.0599808693,inf,inf,inf,inf,inf,inf,inf,1551
1779239078.9815123081,-0.0392395146,0.1137745976,0.0920204297,-0.0083026475,0.0000000000,0.0000000000,3.6630001068,nan,nan,nan,nan,nan,nan,nan,nan,nan,nan,nan,nan,nan,nan,nan,nan,nan,nan,0.0000000000,0.0000000000,0.0000000000,0.0000000000,0.0000000000,0.0497694127,nan,nan,nan,nan,nan,nan,nan,nan,nan,nan,nan,nan,nan,nan,nan,nan,nan,nan,nan,nan,nan,0.0200037956,0.8100416660,inf,inf,inf,inf,inf,0.0199592113,0.0699894428,inf,inf,inf,inf,inf,inf,inf,1551
1779239078.9915177822,-0.0392395146,0.1137745976,0.0920204297,-0.0083026475,0.0000000000,0.0000000000,3.6630001068,nan,nan,nan,nan,nan,nan,nan,nan,nan,nan,nan,nan,nan,nan,nan,nan,nan,nan,0.0000000000,0.0000000000,0.0000000000,0.0000000000,0.0000000000,0.0497694127,nan,nan,nan,nan,nan,nan,nan,nan,nan,nan,nan,nan,nan,nan,nan,nan,nan,nan,nan,nan,nan,0.0300092697,0.8200471401,inf,inf,inf,inf,inf,0.0299646854,0.0799949169,inf,inf,inf,inf,inf,inf,inf,1551
1779239079.0015351772,-0.0392395146,0.1137745976,0.0920204297,-0.0083026475,0.0000000000,0.0000000000,3.6630001068,nan,nan,nan,nan,nan,nan,nan,nan,nan,nan,nan,nan,nan,nan,nan,nan,nan,nan,0.0000000000,0.0000000000,0.0000000000,0.0000000000,0.0000000000,0.0497694127,nan,nan,nan,nan,nan,nan,nan,nan,nan,nan,nan,nan,nan,nan,nan,nan,nan,nan,nan,nan,nan,0.0400266647,0.8300645351,inf,inf,inf,inf,inf,0.0399820805,0.0900123119,inf,inf,inf,inf,inf,inf,inf,1551
1779239079.0115733147,-0.0393705927,0.1136651039,0.0920446739,-0.0083026475,0.0000000000,0.0000000000,3.6630001068,nan,nan,nan,nan,nan,nan,nan,nan,nan,nan,nan,nan,nan,nan,nan,nan,nan,nan,0.0000000000,0.0000000000,0.0000000000,0.0000000000,0.0000000000,0.0494215600,nan,nan,nan,nan,nan,nan,nan,nan,nan,nan,nan,nan,nan,nan,nan,nan,nan,nan,nan,nan,nan,0.0000603199,0.8401026726,inf,inf,inf,inf,inf,0.0500202179,0.0000188351,inf,inf,inf,inf,inf,inf,inf,1551
1779239079.0215315819,-0.0393705927,0.1136651039,0.0920446739,-0.0083026475,0.0000000000,0.0000000000,3.6630001068,nan,nan,nan,nan,nan,nan,nan,nan,nan,nan,nan,nan,nan,nan,nan,nan,nan,nan,0.0000000000,0.0000000000,0.0000000000,0.0000000000,0.0000000000,0.0494215600,nan,nan,nan,nan,nan,nan,nan,nan,nan,nan,nan,nan,nan,nan,nan,nan,nan,nan,nan,nan,nan,0.0100185871,0.8500609398,inf,inf,inf,inf,inf,0.0599784851,0.0099771023,inf,inf,inf,inf,inf,inf,inf,1551
1779239079.0315101147,-0.0393705927,0.1136651039,0.0920446739,-0.0083026475,0.0000000000,0.0000000000,3.6630001068,nan,nan,nan,nan,nan,nan,nan,nan,nan,nan,nan,nan,nan,nan,nan,nan,nan,nan,0.0000000000,0.0000000000,0.0000000000,0.0000000000,0.0000000000,0.0494215600,nan,nan,nan,nan,nan,nan,nan,nan,nan,nan,nan,nan,nan,nan,nan,nan,nan,nan,nan,nan,nan,0.0199971199,0.8600394726,inf,inf,inf,inf,inf,0.0699570179,0.0199556351,inf,inf,inf,inf,inf,inf,inf,1551
1779239079.0415155888,-0.0393705927,0.1136651039,0.0920446739,-0.0083026475,0.0000000000,0.0000000000,3.6630001068,nan,nan,nan,nan,nan,nan,nan,nan,nan,nan,nan,nan,nan,nan,nan,nan,nan,nan,0.0000000000,0.0000000000,0.0000000000,0.0000000000,0.0000000000,0.0494215600,nan,nan,nan,nan,nan,nan,nan,nan,nan,nan,nan,nan,nan,nan,nan,nan,nan,nan,nan,nan,nan,0.0300025940,0.8700449467,inf,inf,inf,inf,inf,0.0799624920,0.0299611092,inf,inf,inf,inf,inf,inf,inf,1551
1779239079.0515043736,-0.0393705927,0.1136651039,0.0920446739,-0.0083026475,0.0000000000,0.0000000000,3.6630001068,nan,nan,nan,nan,nan,nan,nan,nan,nan,nan,nan,nan,nan,nan,nan,nan,nan,nan,0.0000000000,0.0000000000,0.0000000000,0.0000000000,0.0000000000,0.0494215600,nan,nan,nan,nan,nan,nan,nan,nan,nan,nan,nan,nan,nan,nan,nan,nan,nan,nan,nan,nan,nan,0.0399913788,0.8800337315,inf,inf,inf,inf,inf,0.0899512768,0.0399498940,inf,inf,inf,inf,inf,inf,inf,1551
1779239079.0614974499,-0.0395335816,0.1135528982,0.0920935050,-0.0083026475,0.0000000000,0.0000000000,3.6630001068,nan,nan,nan,nan,nan,nan,nan,nan,nan,nan,nan,nan,nan,nan,nan,nan,nan,nan,0.0000000000,0.0000000000,0.0000000000,0.0000000000,0.0000000000,0.0494215600,nan,nan,nan,nan,nan,nan,nan,nan,nan,nan,nan,nan,nan,nan,nan,nan,nan,nan,nan,nan,nan,0.0000426769,0.8900268078,inf,inf,inf,inf,inf,0.0000138283,0.0499429703,inf,inf,inf,inf,inf,inf,inf,1551
1779239079.0714831352,-0.0395335816,0.1135528982,0.0920935050,-0.0083026475,0.0000000000,0.0000000000,3.6630001068,nan,nan,nan,nan,nan,nan,nan,nan,nan,nan,nan,nan,nan,nan,nan,nan,nan,nan,0.0000000000,0.0000000000,0.0000000000,0.0000000000,0.0000000000,0.0494215600,nan,nan,nan,nan,nan,nan,nan,nan,nan,nan,nan,nan,nan,nan,nan,nan,nan,nan,nan,nan,nan,0.0100283623,0.9000124931,inf,inf,inf,inf,inf,0.0099995136,0.0599286556,inf,inf,inf,inf,inf,inf,inf,1551
1779239079.0814645290,-0.0395335816,0.1135528982,0.0920935050,-0.0083026475,0.0000000000,0.0000000000,3.6630001068,nan,nan,nan,nan,nan,nan,nan,nan,nan,nan,nan,nan,nan,nan,nan,nan,nan,nan,0.0000000000,0.0000000000,0.0000000000,0.0000000000,0.0000000000,0.0494215600,nan,nan,nan,nan,nan,nan,nan,nan,nan,nan,nan,nan,nan,nan,nan,nan,nan,nan,nan,nan,nan,0.0200097561,0.9099938869,inf,inf,inf,inf,inf,0.0199809074,0.0699100494,inf,inf,inf,inf,inf,inf,inf,1551
1779239079.0914778709,-0.0395335816,0.1135528982,0.0920935050,-0.0083026475,0.0000000000,0.0000000000,3.6630001068,nan,nan,nan,nan,nan,nan,nan,nan,nan,nan,nan,nan,nan,nan,nan,nan,nan,nan,0.0000000000,0.0000000000,0.0000000000,0.0000000000,0.0000000000,0.0494215600,nan,nan,nan,nan,nan,nan,nan,nan,nan,nan,nan,nan,nan,nan,nan,nan,nan,nan,nan,nan,nan,0.0300230980,0.9200072289,inf,inf,inf,inf,inf,0.0299942493,0.0799233913,inf,inf,inf,inf,inf,inf,inf,1551
1779239079.1014573574,-0.0395335816,0.1135528982,0.0920935050,-0.0083026475,0.0000000000,0.0000000000,3.6630001068,nan,nan,nan,nan,nan,nan,nan,nan,nan,nan,nan,nan,nan,nan,nan,nan,nan,nan,0.0000000000,0.0000000000,0.0000000000,0.0000000000,0.0000000000,0.0494215600,nan,nan,nan,nan,nan,nan,nan,nan,nan,nan,nan,nan,nan,nan,nan,nan,nan,nan,nan,nan,nan,0.0400025845,0.9299867153,inf,inf,inf,inf,inf,0.0399737358,0.0899028778,inf,inf,inf,inf,inf,inf,inf,1551
1779239079.1114742756,-0.0397231914,0.1134480014,0.0921710730,-0.0083026475,0.0000000000,0.0000000000,3.6630001068,nan,nan,nan,nan,nan,nan,nan,nan,nan,nan,nan,nan,nan,nan,nan,nan,nan,nan,0.0000000000,0.0000000000,0.0000000000,0.0000000000,0.0000000000,0.0462044403,nan,nan,nan,nan,nan,nan,nan,nan,nan,nan,nan,nan,nan,nan,nan,nan,nan,nan,nan,nan,nan,0.0000360012,0.9400036335,inf,inf,inf,inf,inf,0.0499906540,0.0000114441,inf,inf,inf,inf,inf,inf,inf,1551
1779239079.1214666367,-0.0397231914,0.1134480014,0.0921710730,-0.0083026475,0.0000000000,0.0000000000,3.6630001068,nan,nan,nan,nan,nan,nan,nan,nan,nan,nan,nan,nan,nan,nan,nan,nan,nan,nan,0.0000000000,0.0000000000,0.0000000000,0.0000000000,0.0000000000,0.0462044403,nan,nan,nan,nan,nan,nan,nan,nan,nan,nan,nan,nan,nan,nan,nan,nan,nan,nan,nan,nan,nan,0.0100283623,0.9499959946,inf,inf,inf,inf,inf,0.0599830151,0.0100038052,inf,inf,inf,inf,inf,inf,inf,1551
1779239079.1314749718,-0.0397231914,0.1134480014,0.0921710730,-0.0083026475,0.0000000000,0.0000000000,3.6630001068,nan,nan,nan,nan,nan,nan,nan,nan,nan,nan,nan,nan,nan,nan,nan,nan,nan,nan,0.0000000000,0.0000000000,0.0000000000,0.0000000000,0.0000000000,0.0462044403,nan,nan,nan,nan,nan,nan,nan,nan,nan,nan,nan,nan,nan,nan,nan,nan,nan,nan,nan,nan,nan,0.0200366974,0.9600043297,inf,inf,inf,inf,inf,0.0699913502,0.0200121403,inf,inf,inf,inf,inf,inf,inf,1551
1779239079.1414604187,-0.0397231914,0.1134480014,0.0921710730,-0.0083026475,0.0000000000,0.0000000000,3.6630001068,nan,nan,nan,nan,nan,nan,nan,nan,nan,nan,nan,nan,nan,nan,nan,nan,nan,nan,0.0000000000,0.0000000000,0.0000000000,0.0000000000,0.0000000000,0.0462044403,nan,nan,nan,nan,nan,nan,nan,nan,nan,nan,nan,nan,nan,nan,nan,nan,nan,nan,nan,nan,nan,0.0300221443,0.9699897766,inf,inf,inf,inf,inf,0.0799767971,0.0299975872,inf,inf,inf,inf,inf,inf,inf,1551
1779239079.1514537334,-0.0397231914,0.1134480014,0.0921710730,-0.0083026475,0.0000000000,0.0000000000,3.6630001068,nan,nan,nan,nan,nan,nan,nan,nan,nan,nan,nan,nan,nan,nan,nan,nan,nan,nan,0.0000000000,0.0000000000,0.0000000000,0.0000000000,0.0000000000,0.0462044403,nan,nan,nan,nan,nan,nan,nan,nan,nan,nan,nan,nan,nan,nan,nan,nan,nan,nan,nan,nan,nan,0.0400154591,0.9799830914,inf,inf,inf,inf,inf,0.0899701118,0.0399909019,inf,inf,inf,inf,inf,inf,inf,1551
1779239079.1614580154,-0.0399327800,0.1133245528,0.0922512487,-0.0083026475,0.0000000000,0.0000000000,3.6630001068,nan,nan,nan,nan,nan,nan,nan,nan,nan,nan,nan,nan,nan,nan,nan,nan,nan,nan,0.0000000000,0.0000000000,0.0000000000,0.0000000000,0.0000000000,0.0462044403,nan,nan,nan,nan,nan,nan,nan,nan,nan,nan,nan,nan,nan,nan,nan,nan,nan,nan,nan,nan,nan,0.0000333786,0.9899873734,inf,inf,inf,inf,inf,0.0000107288,0.0499951839,inf,inf,inf,inf,inf,inf,inf,1551
1779239079.1714839935,-0.0399327800,0.1133245528,0.0922512487,-0.0083026475,0.0000000000,0.0000000000,3.6630001068,nan,nan,nan,nan,nan,nan,nan,nan,nan,nan,nan,nan,nan,nan,nan,nan,nan,nan,0.0000000000,0.0000000000,0.0000000000,0.0000000000,0.0000000000,0.0462044403,nan,nan,nan,nan,nan,nan,nan,nan,nan,nan,nan,nan,nan,nan,nan,nan,nan,nan,nan,nan,nan,0.0100593567,0.0000140667,inf,inf,inf,inf,inf,0.0100367069,0.0600211620,inf,inf,inf,inf,inf,inf,inf,1551
1779239079.1814970970,-0.0399327800,0.1133245528,0.0922512487,-0.0083026475,0.0000000000,0.0000000000,3.6630001068,nan,nan,nan,nan,nan,nan,nan,nan,nan,nan,nan,nan,nan,nan,nan,nan,nan,nan,0.0000000000,0.0000000000,0.0000000000,0.0000000000,0.0000000000,0.0462044403,nan,nan,nan,nan,nan,nan,nan,nan,nan,nan,nan,nan,nan,nan,nan,nan,nan,nan,nan,nan,nan,0.0200724602,0.0100271702,inf,inf,inf,inf,inf,0.0200498104,0.0700342655,inf,inf,inf,inf,inf,inf,inf,1551
1779239079.1915004253,-0.0399327800,0.1133245528,0.0922512487,-0.0083026475,0.0000000000,0.0000000000,3.6630001068,nan,nan,nan,nan,nan,nan,nan,nan,nan,nan,nan,nan,nan,nan,nan,nan,nan,nan,0.0000000000,0.0000000000,0.0000000000,0.0000000000,0.0000000000,0.0462044403,nan,nan,nan,nan,nan,nan,nan,nan,nan,nan,nan,nan,nan,nan,nan,nan,nan,nan,nan,nan,nan,0.0300757885,0.0200304985,inf,inf,inf,inf,inf,0.0300531387,0.0800375938,inf,inf,inf,inf,inf,inf,inf,1551
1779239079.2015690804,-0.0399327800,0.1133245528,0.0922512487,-0.0083026475,0.0000000000,0.0000000000,3.6630001068,nan,nan,nan,nan,nan,nan,nan,nan,nan,nan,nan,nan,nan,nan,nan,nan,nan,nan,0.0000000000,0.0000000000,0.0000000000,0.0000000000,0.0000000000,0.0462044403,nan,nan,nan,nan,nan,nan,nan,nan,nan,nan,nan,nan,nan,nan,nan,nan,nan,nan,nan,nan,nan,0.0401444435,0.0300991535,inf,inf,inf,inf,inf,0.0401217937,0.0901062489,inf,inf,inf,inf,inf,inf,inf,1551
1779239079.2114970684,-0.0401884764,0.1131804213,0.0923376009,-0.0083026475,0.0000000000,0.0000000000,3.6630001068,nan,nan,nan,nan,nan,nan,nan,nan,nan,nan,nan,nan,nan,nan,nan,nan,nan,nan,0.0000000000,0.0000000000,0.0000000000,0.0000000000,0.0000000000,0.0448039100,nan,nan,nan,nan,nan,nan,nan,nan,nan,nan,nan,nan,nan,nan,nan,nan,nan,nan,nan,nan,nan,0.0000436306,0.0400271416,inf,inf,inf,inf,inf,0.0500497818,0.0000145435,inf,inf,inf,inf,inf,inf,inf,1551
1779239079.2214691639,-0.0401884764,0.1131804213,0.0923376009,-0.0083026475,0.0000000000,0.0000000000,3.6630001068,nan,nan,nan,nan,nan,nan,nan,nan,nan,nan,nan,nan,nan,nan,nan,nan,nan,nan,0.0000000000,0.0000000000,0.0000000000,0.0000000000,0.0000000000,0.0448039100,nan,nan,nan,nan,nan,nan,nan,nan,nan,nan,nan,nan,nan,nan,nan,nan,nan,nan,nan,nan,nan,0.0100157261,0.0499992371,inf,inf,inf,inf,inf,0.0600218773,0.0099866390,inf,inf,inf,inf,inf,inf,inf,1551
1779239079.2314736843,-0.0401884764,0.1131804213,0.0923376009,-0.0083026475,0.0000000000,0.0000000000,3.6630001068,nan,nan,nan,nan,nan,nan,nan,nan,nan,nan,nan,nan,nan,nan,nan,nan,nan,nan,0.0000000000,0.0000000000,0.0000000000,0.0000000000,0.0000000000,0.0448039100,nan,nan,nan,nan,nan,nan,nan,nan,nan,nan,nan,nan,nan,nan,nan,nan,nan,nan,nan,nan,nan,0.0200202465,0.0600037575,inf,inf,inf,inf,inf,0.0700263977,0.0199911594,inf,inf,inf,inf,inf,inf,inf,1551
1779239079.2414591312,-0.0401884764,0.1131804213,0.0923376009,-0.0083026475,0.0000000000,0.0000000000,3.6630001068,nan,nan,nan,nan,nan,nan,nan,nan,nan,nan,nan,nan,nan,nan,nan,nan,nan,nan,0.0000000000,0.0000000000,0.0000000000,0.0000000000,0.0000000000,0.0448039100,nan,nan,nan,nan,nan,nan,nan,nan,nan,nan,nan,nan,nan,nan,nan,nan,nan,nan,nan,nan,nan,0.0300056934,0.0699892044,inf,inf,inf,inf,inf,0.0800118446,0.0299766064,inf,inf,inf,inf,inf,inf,inf,1551
1779239079.2514450550,-0.0401884764,0.1131804213,0.0923376009,-0.0083026475,0.0000000000,0.0000000000,3.6630001068,nan,nan,nan,nan,nan,nan,nan,nan,nan,nan,nan,nan,nan,nan,nan,nan,nan,nan,0.0000000000,0.0000000000,0.0000000000,0.0000000000,0.0000000000,0.0448039100,nan,nan,nan,nan,nan,nan,nan,nan,nan,nan,nan,nan,nan,nan,nan,nan,nan,nan,nan,nan,nan,0.0399916172,0.0799751282,inf,inf,inf,inf,inf,0.0000152588,0.0399625301,inf,inf,inf,inf,inf,inf,inf,1551
1779239079.2614502907,-0.0401884764,0.1131804213,0.0923376009,-0.0083026475,0.0000000000,0.0000000000,3.6630001068,nan,nan,nan,nan,nan,nan,nan,nan,nan,nan,nan,nan,nan,nan,nan,nan,nan,nan,0.0000000000,0.0000000000,0.0000000000,0.0000000000,0.0000000000,0.0448039100,nan,nan,nan,nan,nan,nan,nan,nan,nan,nan,nan,nan,nan,nan,nan,nan,nan,nan,nan,nan,nan,0.0499968529,0.0899803638,inf,inf,inf,inf,inf,0.0100204945,0.0499677658,inf,inf,inf,inf,inf,inf,inf,1551
1779239079.2714061737,-0.0404977612,0.1130455881,0.0924218744,-0.0083026475,0.0000000000,0.0000000000,3.6630001068,nan,nan,nan,nan,nan,nan,nan,nan,nan,nan,nan,nan,nan,nan,nan,nan,nan,nan,0.0000000000,0.0000000000,0.0000000000,0.0000000000,0.0000000000,0.0448039100,nan,nan,nan,nan,nan,nan,nan,nan,nan,nan,nan,nan,nan,nan,nan,nan,nan,nan,nan,nan,nan,0.0000085831,0.0999362469,inf,inf,inf,inf,inf,0.0199763775,0.0599236488,inf,inf,inf,inf,inf,inf,inf,1551
1779239079.2814342976,-0.0404977612,0.1130455881,0.0924218744,-0.0083026475,0.0000000000,0.0000000000,3.6630001068,nan,nan,nan,nan,nan,nan,nan,nan,nan,nan,nan,nan,nan,nan,nan,nan,nan,nan,0.0000000000,0.0000000000,0.0000000000,0.0000000000,0.0000000000,0.0448039100,nan,nan,nan,nan,nan,nan,nan,nan,nan,nan,nan,nan,nan,nan,nan,nan,nan,nan,nan,nan,nan,0.0100367069,0.1099643707,inf,inf,inf,inf,inf,0.0300045013,0.0699517727,inf,inf,inf,inf,inf,inf,inf,1551
1779239079.2914876938,-0.0404977612,0.1130455881,0.0924218744,-0.0083026475,0.0000000000,0.0000000000,3.6630001068,nan,nan,nan,nan,nan,nan,nan,nan,nan,nan,nan,nan,nan,nan,nan,nan,nan,nan,0.0000000000,0.0000000000,0.0000000000,0.0000000000,0.0000000000,0.0448039100,nan,nan,nan,nan,nan,nan,nan,nan,nan,nan,nan,nan,nan,nan,nan,nan,nan,nan,nan,nan,nan,0.0200901031,0.1200177670,inf,inf,inf,inf,inf,0.0400578976,0.0800051689,inf,inf,inf,inf,inf,inf,inf,1551
1779239079.3014750481,-0.0404977612,0.1130455881,0.0924218744,-0.0083026475,0.0000000000,0.0000000000,3.6630001068,nan,nan,nan,nan,nan,nan,nan,nan,nan,nan,nan,nan,nan,nan,nan,nan,nan,nan,0.0000000000,0.0000000000,0.0000000000,0.0000000000,0.0000000000,0.0448039100,nan,nan,nan,nan,nan,nan,nan,nan,nan,nan,nan,nan,nan,nan,nan,nan,nan,nan,nan,nan,nan,0.0300774574,0.1300051212,inf,inf,inf,inf,inf,0.0500452518,0.0899925232,inf,inf,inf,inf,inf,inf,inf,1551
1779239079.3114984035,-0.0391125120,0.1140208840,0.0920237079,-0.0083026475,0.0000000000,0.0000000000,3.6630001068,nan,nan,nan,nan,nan,nan,nan,nan,nan,nan,nan,nan,nan,nan,nan,nan,nan,nan,0.0000000000,0.0000000000,0.0000000000,0.0000000000,0.0000000000,0.0492842458,nan,nan,nan,nan,nan,nan,nan,nan,nan,nan,nan,nan,nan,nan,nan,nan,nan,nan,nan,nan,nan,0.0000441074,0.1400284767,inf,inf,inf,inf,inf,0.0600686073,0.0000154972,inf,inf,inf,inf,inf,inf,inf,1551
1779239079.3215651512,-0.0391125120,0.1140208840,0.0920237079,-0.0083026475,0.0000000000,0.0000000000,3.6630001068,nan,nan,nan,nan,nan,nan,nan,nan,nan,nan,nan,nan,nan,nan,nan,nan,nan,nan,0.0000000000,0.0000000000,0.0000000000,0.0000000000,0.0000000000,0.0492842458,nan,nan,nan,nan,nan,nan,nan,nan,nan,nan,nan,nan,nan,nan,nan,nan,nan,nan,nan,nan,nan,0.0101108551,0.1500952244,inf,inf,inf,inf,inf,0.0701353550,0.0100822449,inf,inf,inf,inf,inf,inf,inf,1551
1779239079.3315324783,-0.0391125120,0.1140208840,0.0920237079,-0.0083026475,0.0000000000,0.0000000000,3.6630001068,nan,nan,nan,nan,nan,nan,nan,nan,nan,nan,nan,nan,nan,nan,nan,nan,nan,nan,0.0000000000,0.0000000000,0.0000000000,0.0000000000,0.0000000000,0.0492842458,nan,nan,nan,nan,nan,nan,nan,nan,nan,nan,nan,nan,nan,nan,nan,nan,nan,nan,nan,nan,nan,0.0200781822,0.1600625515,inf,inf,inf,inf,inf,0.0801026821,0.0200495720,inf,inf,inf,inf,inf,inf,inf,1551
1779239079.3415365219,-0.0391125120,0.1140208840,0.0920237079,-0.0083026475,0.0000000000,0.0000000000,3.6630001068,nan,nan,nan,nan,nan,nan,nan,nan,nan,nan,nan,nan,nan,nan,nan,nan,nan,nan,0.0000000000,0.0000000000,0.0000000000,0.0000000000,0.0000000000,0.0492842458,nan,nan,nan,nan,nan,nan,nan,nan,nan,nan,nan,nan,nan,nan,nan,nan,nan,nan,nan,nan,nan,0.0300822258,0.1700665951,inf,inf,inf,inf,inf,0.0901067257,0.0300536156,inf,inf,inf,inf,inf,inf,inf,1551
1779239079.3515322208,-0.0391125120,0.1140208840,0.0920237079,-0.0083026475,0.0000000000,0.0000000000,3.6630001068,nan,nan,nan,nan,nan,nan,nan,nan,nan,nan,nan,nan,nan,nan,nan,nan,nan,nan,0.0000000000,0.0000000000,0.0000000000,0.0000000000,0.0000000000,0.0492842458,nan,nan,nan,nan,nan,nan,nan,nan,nan,nan,nan,nan,nan,nan,nan,nan,nan,nan,nan,nan,nan,0.0400779247,0.1800622940,inf,inf,inf,inf,inf,0.1001024246,0.0400493145,inf,inf,inf,inf,inf,inf,inf,1551
1779239079.3614842892,-0.0392302424,0.1140450016,0.0920489281,-0.0083026475,0.0000000000,0.0000000000,3.6630001068,nan,nan,nan,nan,nan,nan,nan,nan,nan,nan,nan,nan,nan,nan,nan,nan,nan,nan,0.0000000000,0.0000000000,0.0000000000,0.0000000000,0.0000000000,0.0492842458,nan,nan,nan,nan,nan,nan,nan,nan,nan,nan,nan,nan,nan,nan,nan,nan,nan,nan,nan,nan,nan,0.0000424385,0.1900143623,inf,inf,inf,inf,inf,0.0000145435,0.0500013828,inf,inf,inf,inf,inf,inf,inf,1551
1779239079.3714857101,-0.0392302424,0.1140450016,0.0920489281,-0.0083026475,0.0000000000,0.0000000000,3.6630001068,nan,nan,nan,nan,nan,nan,nan,nan,nan,nan,nan,nan,nan,nan,nan,nan,nan,nan,0.0000000000,0.0000000000,0.0000000000,0.0000000000,0.0000000000,0.0492842458,nan,nan,nan,nan,nan,nan,nan,nan,nan,nan,nan,nan,nan,nan,nan,nan,nan,nan,nan,nan,nan,0.0100438595,0.2000157833,inf,inf,inf,inf,inf,0.0100159645,0.0600028038,inf,inf,inf,inf,inf,inf,inf,1551
1779239079.3814992905,-0.0392302424,0.1140450016,0.0920489281,-0.0083026475,0.0000000000,0.0000000000,3.6630001068,nan,nan,nan,nan,nan,nan,nan,nan,nan,nan,nan,nan,nan,nan,nan,nan,nan,nan,0.0000000000,0.0000000000,0.0000000000,0.0000000000,0.0000000000,0.0492842458,nan,nan,nan,nan,nan,nan,nan,nan,nan,nan,nan,nan,nan,nan,nan,nan,nan,nan,nan,nan,nan,0.0200574398,0.2100293636,inf,inf,inf,inf,inf,0.0200295448,0.0700163841,inf,inf,inf,inf,inf,inf,inf,1551
1779239079.3914849758,-0.0392302424,0.1140450016,0.0920489281,-0.0083026475,0.0000000000,0.0000000000,3.6630001068,nan,nan,nan,nan,nan,nan,nan,nan,nan,nan,nan,nan,nan,nan,nan,nan,nan,nan,0.0000000000,0.0000000000,0.0000000000,0.0000000000,0.0000000000,0.0492842458,nan,nan,nan,nan,nan,nan,nan,nan,nan,nan,nan,nan,nan,nan,nan,nan,nan,nan,nan,nan,nan,0.0300431252,0.2200150490,inf,inf,inf,inf,inf,0.0300152302,0.0800020695,inf,inf,inf,inf,inf,inf,inf,1551
1779239079.4015109539,-0.0392302424,0.1140450016,0.0920489281,-0.0083026475,0.0000000000,0.0000000000,3.6630001068,nan,nan,nan,nan,nan,nan,nan,nan,nan,nan,nan,nan,nan,nan,nan,nan,nan,nan,0.0000000000,0.0000000000,0.0000000000,0.0000000000,0.0000000000,0.0492842458,nan,nan,nan,nan,nan,nan,nan,nan,nan,nan,nan,nan,nan,nan,nan,nan,nan,nan,nan,nan,nan,0.0400691032,0.2300410271,inf,inf,inf,inf,inf,0.0400412083,0.0900280476,inf,inf,inf,inf,inf,inf,inf,1551
1779239079.4114921093,-0.0391697474,0.1140388101,0.0920592919,-0.0083026475,0.0000000000,0.0000000000,3.6630001068,nan,nan,nan,nan,nan,nan,nan,nan,nan,nan,nan,nan,nan,nan,nan,nan,nan,nan,0.0000000000,0.0000000000,0.0000000000,0.0000000000,0.0000000000,0.0525503606,nan,nan,nan,nan,nan,nan,nan,nan,nan,nan,nan,nan,nan,nan,nan,nan,nan,nan,nan,nan,nan,0.0000419617,0.2400221825,inf,inf,inf,inf,inf,0.0500223637,0.0000121593,inf,inf,inf,inf,inf,inf,inf,1551
1779239079.4214751720,-0.0391697474,0.1140388101,0.0920592919,-0.0083026475,0.0000000000,0.0000000000,3.6630001068,nan,nan,nan,nan,nan,nan,nan,nan,nan,nan,nan,nan,nan,nan,nan,nan,nan,nan,0.0000000000,0.0000000000,0.0000000000,0.0000000000,0.0000000000,0.0525503606,nan,nan,nan,nan,nan,nan,nan,nan,nan,nan,nan,nan,nan,nan,nan,nan,nan,nan,nan,nan,nan,0.0100250244,0.2500052452,inf,inf,inf,inf,inf,0.0600054264,0.0099952221,inf,inf,inf,inf,inf,inf,inf,1551
1779239079.4315018654,-0.0391697474,0.1140388101,0.0920592919,-0.0083026475,0.0000000000,0.0000000000,3.6630001068,nan,nan,nan,nan,nan,nan,nan,nan,nan,nan,nan,nan,nan,nan,nan,nan,nan,nan,0.0000000000,0.0000000000,0.0000000000,0.0000000000,0.0000000000,0.0525503606,nan,nan,nan,nan,nan,nan,nan,nan,nan,nan,nan,nan,nan,nan,nan,nan,nan,nan,nan,nan,nan,0.0200517178,0.2600319386,inf,inf,inf,inf,inf,0.0700321198,0.0200219154,inf,inf,inf,inf,inf,inf,inf,1551
1779239079.4414887428,-0.0391697474,0.1140388101,0.0920592919,-0.0083026475,0.0000000000,0.0000000000,3.6630001068,nan,nan,nan,nan,nan,nan,nan,nan,nan,nan,nan,nan,nan,nan,nan,nan,nan,nan,0.0000000000,0.0000000000,0.0000000000,0.0000000000,0.0000000000,0.0525503606,nan,nan,nan,nan,nan,nan,nan,nan,nan,nan,nan,nan,nan,nan,nan,nan,nan,nan,nan,nan,nan,0.0300385952,0.2700188160,inf,inf,inf,inf,inf,0.0800189972,0.0300087929,inf,inf,inf,inf,inf,inf,inf,1551
1779239079.4515082836,-0.0391697474,0.1140388101,0.0920592919,-0.0083026475,0.0000000000,0.0000000000,3.6630001068,nan,nan,nan,nan,nan,nan,nan,nan,nan,nan,nan,nan,nan,nan,nan,nan,nan,nan,0.0000000000,0.0000000000,0.0000000000,0.0000000000,0.0000000000,0.0525503606,nan,nan,nan,nan,nan,nan,nan,nan,nan,nan,nan,nan,nan,nan,nan,nan,nan,nan,nan,nan,nan,0.0400581360,0.2800383568,inf,inf,inf,inf,inf,0.0000224113,0.0400283337,inf,inf,inf,inf,inf,inf,inf,1551
1779239079.4614918232,-0.0392644443,0.1140412390,0.0921052098,-0.0083026475,0.0000000000,0.0000000000,3.6630001068,nan,nan,nan,nan,nan,nan,nan,nan,nan,nan,nan,nan,nan,nan,nan,nan,nan,nan,0.0000000000,0.0000000000,0.0000000000,0.0000000000,0.0000000000,0.0525503606,nan,nan,nan,nan,nan,nan,nan,nan,nan,nan,nan,nan,nan,nan,nan,nan,nan,nan,nan,nan,nan,0.0000202656,0.2900218964,inf,inf,inf,inf,inf,0.0100059509,0.0500118732,inf,inf,inf,inf,inf,inf,inf,1551
1779239079.4715075493,-0.0392644443,0.1140412390,0.0921052098,-0.0083026475,0.0000000000,0.0000000000,3.6630001068,nan,nan,nan,nan,nan,nan,nan,nan,nan,nan,nan,nan,nan,nan,nan,nan,nan,nan,0.0000000000,0.0000000000,0.0000000000,0.0000000000,0.0000000000,0.0525503606,nan,nan,nan,nan,nan,nan,nan,nan,nan,nan,nan,nan,nan,nan,nan,nan,nan,nan,nan,nan,nan,0.0100359917,0.3000376225,inf,inf,inf,inf,inf,0.0200216770,0.0600275993,inf,inf,inf,inf,inf,inf,inf,1551
1779239079.4815442562,-0.0392644443,0.1140412390,0.0921052098,-0.0083026475,0.0000000000,0.0000000000,3.6630001068,nan,nan,nan,nan,nan,nan,nan,nan,nan,nan,nan,nan,nan,nan,nan,nan,nan,nan,0.0000000000,0.0000000000,0.0000000000,0.0000000000,0.0000000000,0.0525503606,nan,nan,nan,nan,nan,nan,nan,nan,nan,nan,nan,nan,nan,nan,nan,nan,nan,nan,nan,nan,nan,0.0200726986,0.3100743294,inf,inf,inf,inf,inf,0.0300583839,0.0700643063,inf,inf,inf,inf,inf,inf,inf,1551
1779239079.4915349483,-0.0392644443,0.1140412390,0.0921052098,-0.0083026475,0.0000000000,0.0000000000,3.6630001068,nan,nan,nan,nan,nan,nan,nan,nan,nan,nan,nan,nan,nan,nan,nan,nan,nan,nan,0.0000000000,0.0000000000,0.0000000000,0.0000000000,0.0000000000,0.0525503606,nan,nan,nan,nan,nan,nan,nan,nan,nan,nan,nan,nan,nan,nan,nan,nan,nan,nan,nan,nan,nan,0.0300633907,0.3200650215,inf,inf,inf,inf,inf,0.0400490761,0.0800549984,inf,inf,inf,inf,inf,inf,inf,1551
1779239079.5015337467,-0.0392644443,0.1140412390,0.0921052098,-0.0083026475,0.0000000000,0.0000000000,3.6630001068,nan,nan,nan,nan,nan,nan,nan,nan,nan,nan,nan,nan,nan,nan,nan,nan,nan,nan,0.0000000000,0.0000000000,0.0000000000,0.0000000000,0.0000000000,0.0525503606,nan,nan,nan,nan,nan,nan,nan,nan,nan,nan,nan,nan,nan,nan,nan,nan,nan,nan,nan,nan,nan,0.0400621891,0.3300638199,inf,inf,inf,inf,inf,0.0500478745,0.0900537968,inf,inf,inf,inf,inf,inf,inf,1551
1779239079.5116217136,-0.0393935069,0.1140189692,0.0921557695,-0.0083026475,0.0000000000,0.0000000000,3.6630001068,nan,nan,nan,nan,nan,nan,nan,nan,nan,nan,nan,nan,nan,nan,nan,nan,nan,nan,0.0000000000,0.0000000000,0.0000000000,0.0000000000,0.0000000000,0.0563170686,nan,nan,nan,nan,nan,nan,nan,nan,nan,nan,nan,nan,nan,nan,nan,nan,nan,nan,nan,nan,nan,0.0000746250,0.3401517868,inf,inf,inf,inf,inf,0.0601358414,0.0000247955,inf,inf,inf,inf,inf,inf,inf,1551
1779239079.5215237141,-0.0393935069,0.1140189692,0.0921557695,-0.0083026475,0.0000000000,0.0000000000,3.6630001068,nan,nan,nan,nan,nan,nan,nan,nan,nan,nan,nan,nan,nan,nan,nan,nan,nan,nan,0.0000000000,0.0000000000,0.0000000000,0.0000000000,0.0000000000,0.0563170686,nan,nan,nan,nan,nan,nan,nan,nan,nan,nan,nan,nan,nan,nan,nan,nan,nan,nan,nan,nan,nan,0.0099766254,0.3500537872,inf,inf,inf,inf,inf,0.0700378418,0.0099267960,inf,inf,inf,inf,inf,inf,inf,1551
1779239079.5315699577,-0.0393935069,0.1140189692,0.0921557695,-0.0083026475,0.0000000000,0.0000000000,3.6630001068,nan,nan,nan,nan,nan,nan,nan,nan,nan,nan,nan,nan,nan,nan,nan,nan,nan,nan,0.0000000000,0.0000000000,0.0000000000,0.0000000000,0.0000000000,0.0563170686,nan,nan,nan,nan,nan,nan,nan,nan,nan,nan,nan,nan,nan,nan,nan,nan,nan,nan,nan,nan,nan,0.0200228691,0.3601000309,inf,inf,inf,inf,inf,0.0800840855,0.0199730396,inf,inf,inf,inf,inf,inf,inf,1551
1779239079.5414903164,-0.0393935069,0.1140189692,0.0921557695,-0.0083026475,0.0000000000,0.0000000000,3.6630001068,nan,nan,nan,nan,nan,nan,nan,nan,nan,nan,nan,nan,nan,nan,nan,nan,nan,nan,0.0000000000,0.0000000000,0.0000000000,0.0000000000,0.0000000000,0.0563170686,nan,nan,nan,nan,nan,nan,nan,nan,nan,nan,nan,nan,nan,nan,nan,nan,nan,nan,nan,nan,nan,0.0299432278,0.3700203896,inf,inf,inf,inf,inf,0.0900044441,0.0298933983,inf,inf,inf,inf,inf,inf,inf,1551
1779239079.5514838696,-0.0393935069,0.1140189692,0.0921557695,-0.0083026475,0.0000000000,0.0000000000,3.6630001068,nan,nan,nan,nan,nan,nan,nan,nan,nan,nan,nan,nan,nan,nan,nan,nan,nan,nan,0.0000000000,0.0000000000,0.0000000000,0.0000000000,0.0000000000,0.0563170686,nan,nan,nan,nan,nan,nan,nan,nan,nan,nan,nan,nan,nan,nan,nan,nan,nan,nan,nan,nan,nan,0.0399367809,0.3800139427,inf,inf,inf,inf,inf,0.0000183582,0.0398869514,inf,inf,inf,inf,inf,inf,inf,1551
1779239079.5615406036,-0.0395464227,0.1139579192,0.0922092199,-0.0083026475,0.0000000000,0.0000000000,3.6630001068,nan,nan,nan,nan,nan,nan,nan,nan,nan,nan,nan,nan,nan,nan,nan,nan,nan,nan,0.0000000000,0.0000000000,0.0000000000,0.0000000000,0.0000000000,0.0563170686,nan,nan,nan,nan,nan,nan,nan,nan,nan,nan,nan,nan,nan,nan,nan,nan,nan,nan,nan,nan,nan,0.0000209808,0.3900706768,inf,inf,inf,inf,inf,0.0100750923,0.0499436855,inf,inf,inf,inf,inf,inf,inf,1551
1779239079.5715382099,-0.0395464227,0.1139579192,0.0922092199,-0.0083026475,0.0000000000,0.0000000000,3.6630001068,nan,nan,nan,nan,nan,nan,nan,nan,nan,nan,nan,nan,nan,nan,nan,nan,nan,nan,0.0000000000,0.0000000000,0.0000000000,0.0000000000,0.0000000000,0.0563170686,nan,nan,nan,nan,nan,nan,nan,nan,nan,nan,nan,nan,nan,nan,nan,nan,nan,nan,nan,nan,nan,0.0100185871,0.4000682831,inf,inf,inf,inf,inf,0.0200726986,0.0599412918,inf,inf,inf,inf,inf,inf,inf,1551
1779239079.5815160275,-0.0395464227,0.1139579192,0.0922092199,-0.0083026475,0.0000000000,0.0000000000,3.6630001068,nan,nan,nan,nan,nan,nan,nan,nan,nan,nan,nan,nan,nan,nan,nan,nan,nan,nan,0.0000000000,0.0000000000,0.0000000000,0.0000000000,0.0000000000,0.0563170686,nan,nan,nan,nan,nan,nan,nan,nan,nan,nan,nan,nan,nan,nan,nan,nan,nan,nan,nan,nan,nan,0.0199964046,0.4100461006,inf,inf,inf,inf,inf,0.0300505161,0.0699191093,inf,inf,inf,inf,inf,inf,inf,1551
1779239079.5914809704,-0.0395464227,0.1139579192,0.0922092199,-0.0083026475,0.0000000000,0.0000000000,3.6630001068,nan,nan,nan,nan,nan,nan,nan,nan,nan,nan,nan,nan,nan,nan,nan,nan,nan,nan,0.0000000000,0.0000000000,0.0000000000,0.0000000000,0.0000000000,0.0563170686,nan,nan,nan,nan,nan,nan,nan,nan,nan,nan,nan,nan,nan,nan,nan,nan,nan,nan,nan,nan,nan,0.0299613476,0.4200110435,inf,inf,inf,inf,inf,0.0400154591,0.0798840523,inf,inf,inf,inf,inf,inf,inf,1551
1779239079.6014740467,-0.0395464227,0.1139579192,0.0922092199,-0.0083026475,0.0000000000,0.0000000000,3.6630001068,nan,nan,nan,nan,nan,nan,nan,nan,nan,nan,nan,nan,nan,nan,nan,nan,nan,nan,0.0000000000,0.0000000000,0.0000000000,0.0000000000,0.0000000000,0.0563170686,nan,nan,nan,nan,nan,nan,nan,nan,nan,nan,nan,nan,nan,nan,nan,nan,nan,nan,nan,nan,nan,0.0399544239,0.4300041199,inf,inf,inf,inf,inf,0.0500085354,0.0898771286,inf,inf,inf,inf,inf,inf,inf,1551
1779239079.6114895344,-0.0391085818,0.1139329076,0.0920263082,-0.0083026475,0.0000000000,0.0000000000,3.6630001068,nan,nan,nan,nan,nan,nan,nan,nan,nan,nan,nan,nan,nan,nan,nan,nan,nan,nan,0.0000000000,0.0000000000,0.0000000000,0.0000000000,0.0000000000,0.0557559207,nan,nan,nan,nan,nan,nan,nan,nan,nan,nan,nan,nan,nan,nan,nan,nan,nan,nan,nan,nan,nan,0.0000381470,0.4400196075,inf,inf,inf,inf,inf,0.0600240231,0.0000119209,inf,inf,inf,inf,inf,inf,inf,1551
1779239079.6214680672,-0.0391085818,0.1139329076,0.0920263082,-0.0083026475,0.0000000000,0.0000000000,3.6630001068,nan,nan,nan,nan,nan,nan,nan,nan,nan,nan,nan,nan,nan,nan,nan,nan,nan,nan,0.0000000000,0.0000000000,0.0000000000,0.0000000000,0.0000000000,0.0557559207,nan,nan,nan,nan,nan,nan,nan,nan,nan,nan,nan,nan,nan,nan,nan,nan,nan,nan,nan,nan,nan,0.0100166798,0.4499981403,inf,inf,inf,inf,inf,0.0700025558,0.0099904537,inf,inf,inf,inf,inf,inf,inf,1551
1779239079.6314399242,-0.0391085818,0.1139329076,0.0920263082,-0.0083026475,0.0000000000,0.0000000000,3.6630001068,nan,nan,nan,nan,nan,nan,nan,nan,nan,nan,nan,nan,nan,nan,nan,nan,nan,nan,0.0000000000,0.0000000000,0.0000000000,0.0000000000,0.0000000000,0.0557559207,nan,nan,nan,nan,nan,nan,nan,nan,nan,nan,nan,nan,nan,nan,nan,nan,nan,nan,nan,nan,nan,0.0199885368,0.4599699974,inf,inf,inf,inf,inf,0.0799744129,0.0199623108,inf,inf,inf,inf,inf,inf,inf,1551
1779239079.6414916515,-0.0391085818,0.1139329076,0.0920263082,-0.0083026475,0.0000000000,0.0000000000,3.6630001068,nan,nan,nan,nan,nan,nan,nan,nan,nan,nan,nan,nan,nan,nan,nan,nan,nan,nan,0.0000000000,0.0000000000,0.0000000000,0.0000000000,0.0000000000,0.0557559207,nan,nan,nan,nan,nan,nan,nan,nan,nan,nan,nan,nan,nan,nan,nan,nan,nan,nan,nan,nan,nan,0.0300402641,0.4700217247,inf,inf,inf,inf,inf,0.0900261402,0.0300140381,inf,inf,inf,inf,inf,inf,inf,1551
1779239079.6514949799,-0.0391085818,0.1139329076,0.0920263082,-0.0083026475,0.0000000000,0.0000000000,3.6630001068,nan,nan,nan,nan,nan,nan,nan,nan,nan,nan,nan,nan,nan,nan,nan,nan,nan,nan,0.0000000000,0.0000000000,0.0000000000,0.0000000000,0.0000000000,0.0557559207,nan,nan,nan,nan,nan,nan,nan,nan,nan,nan,nan,nan,nan,nan,nan,nan,nan,nan,nan,nan,nan,0.0400435925,0.4800250530,inf,inf,inf,inf,inf,0.0000188351,0.0400173664,inf,inf,inf,inf,inf,inf,inf,1551
1779239079.6615266800,-0.0392007083,0.1138409972,0.0920436531,-0.0083026475,0.0000000000,0.0000000000,3.6630001068,nan,nan,nan,nan,nan,nan,nan,nan,nan,nan,nan,nan,nan,nan,nan,nan,nan,nan,0.0000000000,0.0000000000,0.0000000000,0.0000000000,0.0000000000,0.0557559207,nan,nan,nan,nan,nan,nan,nan,nan,nan,nan,nan,nan,nan,nan,nan,nan,nan,nan,nan,nan,nan,0.0000193119,0.4900567532,inf,inf,inf,inf,inf,0.0100505352,0.0500490665,inf,inf,inf,inf,inf,inf,inf,1551
1779239079.6715407372,-0.0392007083,0.1138409972,0.0920436531,-0.0083026475,0.0000000000,0.0000000000,3.6630001068,nan,nan,nan,nan,nan,nan,nan,nan,nan,nan,nan,nan,nan,nan,nan,nan,nan,nan,0.0000000000,0.0000000000,0.0000000000,0.0000000000,0.0000000000,0.0557559207,nan,nan,nan,nan,nan,nan,nan,nan,nan,nan,nan,nan,nan,nan,nan,nan,nan,nan,nan,nan,nan,0.0100333691,0.5000708103,inf,inf,inf,inf,inf,0.0200645924,0.0600631237,inf,inf,inf,inf,inf,inf,inf,1551
1779239079.6815414429,-0.0392007083,0.1138409972,0.0920436531,-0.0083026475,0.0000000000,0.0000000000,3.6630001068,nan,nan,nan,nan,nan,nan,nan,nan,nan,nan,nan,nan,nan,nan,nan,nan,nan,nan,0.0000000000,0.0000000000,0.0000000000,0.0000000000,0.0000000000,0.0557559207,nan,nan,nan,nan,nan,nan,nan,nan,nan,nan,nan,nan,nan,nan,nan,nan,nan,nan,nan,nan,nan,0.0200340748,0.5100715160,inf,inf,inf,inf,inf,0.0300652981,0.0700638294,inf,inf,inf,inf,inf,inf,inf,1551
1779239079.6915032864,-0.0392007083,0.1138409972,0.0920436531,-0.0083026475,0.0000000000,0.0000000000,3.6630001068,nan,nan,nan,nan,nan,nan,nan,nan,nan,nan,nan,nan,nan,nan,nan,nan,nan,nan,0.0000000000,0.0000000000,0.0000000000,0.0000000000,0.0000000000,0.0557559207,nan,nan,nan,nan,nan,nan,nan,nan,nan,nan,nan,nan,nan,nan,nan,nan,nan,nan,nan,nan,nan,0.0299959183,0.5200333595,inf,inf,inf,inf,inf,0.0400271416,0.0800256729,inf,inf,inf,inf,inf,inf,inf,1551
1779239079.7015249729,-0.0392007083,0.1138409972,0.0920436531,-0.0083026475,0.0000000000,0.0000000000,3.6630001068,nan,nan,nan,nan,nan,nan,nan,nan,nan,nan,nan,nan,nan,nan,nan,nan,nan,nan,0.0000000000,0.0000000000,0.0000000000,0.0000000000,0.0000000000,0.0557559207,nan,nan,nan,nan,nan,nan,nan,nan,nan,nan,nan,nan,nan,nan,nan,nan,nan,nan,nan,nan,nan,0.0400176048,0.5300550461,inf,inf,inf,inf,inf,0.0500488281,0.0900473595,inf,inf,inf,inf,inf,inf,inf,1551
1779239079.7115440369,-0.0393093713,0.1137014255,0.0920506343,-0.0083026475,0.0000000000,0.0000000000,3.6630001068,nan,nan,nan,nan,nan,nan,nan,nan,nan,nan,nan,nan,nan,nan,nan,nan,nan,nan,0.0000000000,0.0000000000,0.0000000000,0.0000000000,0.0000000000,0.0577044040,nan,nan,nan,nan,nan,nan,nan,nan,nan,nan,nan,nan,nan,nan,nan,nan,nan,nan,nan,nan,nan,0.0000562668,0.5400741100,inf,inf,inf,inf,inf,0.0600678921,0.0000178814,inf,inf,inf,inf,inf,inf,inf,1551
1779239079.7214860916,-0.0393093713,0.1137014255,0.0920506343,-0.0083026475,0.0000000000,0.0000000000,3.6630001068,nan,nan,nan,nan,nan,nan,nan,nan,nan,nan,nan,nan,nan,nan,nan,nan,nan,nan,0.0000000000,0.0000000000,0.0000000000,0.0000000000,0.0000000000,0.0577044040,nan,nan,nan,nan,nan,nan,nan,nan,nan,nan,nan,nan,nan,nan,nan,nan,nan,nan,nan,nan,nan,0.0099983215,0.5500161648,inf,inf,inf,inf,inf,0.0700099468,0.0099599361,inf,inf,inf,inf,inf,inf,inf,1551
1779239079.7315099239,-0.0393093713,0.1137014255,0.0920506343,-0.0083026475,0.0000000000,0.0000000000,3.6630001068,nan,nan,nan,nan,nan,nan,nan,nan,nan,nan,nan,nan,nan,nan,nan,nan,nan,nan,0.0000000000,0.0000000000,0.0000000000,0.0000000000,0.0000000000,0.0577044040,nan,nan,nan,nan,nan,nan,nan,nan,nan,nan,nan,nan,nan,nan,nan,nan,nan,nan,nan,nan,nan,0.0200221539,0.5600399971,inf,inf,inf,inf,inf,0.0800337791,0.0199837685,inf,inf,inf,inf,inf,inf,inf,1551
1779239079.7415070534,-0.0393093713,0.1137014255,0.0920506343,-0.0083026475,0.0000000000,0.0000000000,3.6630001068,nan,nan,nan,nan,nan,nan,nan,nan,nan,nan,nan,nan,nan,nan,nan,nan,nan,nan,0.0000000000,0.0000000000,0.0000000000,0.0000000000,0.0000000000,0.0577044040,nan,nan,nan,nan,nan,nan,nan,nan,nan,nan,nan,nan,nan,nan,nan,nan,nan,nan,nan,nan,nan,0.0300192833,0.5700371265,inf,inf,inf,inf,inf,0.0900309086,0.0299808979,inf,inf,inf,inf,inf,inf,inf,1551
1779239079.7514836788,-0.0393093713,0.1137014255,0.0920506343,-0.0083026475,0.0000000000,0.0000000000,3.6630001068,nan,nan,nan,nan,nan,nan,nan,nan,nan,nan,nan,nan,nan,nan,nan,nan,nan,nan,0.0000000000,0.0000000000,0.0000000000,0.0000000000,0.0000000000,0.0577044040,nan,nan,nan,nan,nan,nan,nan,nan,nan,nan,nan,nan,nan,nan,nan,nan,nan,nan,nan,nan,nan,0.0399959087,0.5800137520,inf,inf,inf,inf,inf,0.0000188351,0.0399575233,inf,inf,inf,inf,inf,inf,inf,1551
1779239079.7615072727,-0.0394502729,0.1135241836,0.0920605212,-0.0083026475,0.0000000000,0.0000000000,3.6630001068,nan,nan,nan,nan,nan,nan,nan,nan,nan,nan,nan,nan,nan,nan,nan,nan,nan,nan,0.0000000000,0.0000000000,0.0000000000,0.0000000000,0.0000000000,0.0577044040,nan,nan,nan,nan,nan,nan,nan,nan,nan,nan,nan,nan,nan,nan,nan,nan,nan,nan,nan,nan,nan,0.0000193119,0.5900373459,inf,inf,inf,inf,inf,0.0100424290,0.0499811172,inf,inf,inf,inf,inf,inf,inf,1551
1779239079.7715075016,-0.0394502729,0.1135241836,0.0920605212,-0.0083026475,0.0000000000,0.0000000000,3.6630001068,nan,nan,nan,nan,nan,nan,nan,nan,nan,nan,nan,nan,nan,nan,nan,nan,nan,nan,0.0000000000,0.0000000000,0.0000000000,0.0000000000,0.0000000000,0.0577044040,nan,nan,nan,nan,nan,nan,nan,nan,nan,nan,nan,nan,nan,nan,nan,nan,nan,nan,nan,nan,nan,0.0100195408,0.6000375748,inf,inf,inf,inf,inf,0.0200426579,0.0599813461,inf,inf,inf,inf,inf,inf,inf,1551
1779239079.7814736366,-0.0394502729,0.1135241836,0.0920605212,-0.0083026475,0.0000000000,0.0000000000,3.6630001068,nan,nan,nan,nan,nan,nan,nan,nan,nan,nan,nan,nan,nan,nan,nan,nan,nan,nan,0.0000000000,0.0000000000,0.0000000000,0.0000000000,0.0000000000,0.0577044040,nan,nan,nan,nan,nan,nan,nan,nan,nan,nan,nan,nan,nan,nan,nan,nan,nan,nan,nan,nan,nan,0.0199856758,0.6100037098,inf,inf,inf,inf,inf,0.0300087929,0.0699474812,inf,inf,inf,inf,inf,inf,inf,1551
1779239079.7914898396,-0.0394502729,0.1135241836,0.0920605212,-0.0083026475,0.0000000000,0.0000000000,3.6630001068,nan,nan,nan,nan,nan,nan,nan,nan,nan,nan,nan,nan,nan,nan,nan,nan,nan,nan,0.0000000000,0.0000000000,0.0000000000,0.0000000000,0.0000000000,0.0577044040,nan,nan,nan,nan,nan,nan,nan,nan,nan,nan,nan,nan,nan,nan,nan,nan,nan,nan,nan,nan,nan,0.0300018787,0.6200199127,inf,inf,inf,inf,inf,0.0400249958,0.0799636841,inf,inf,inf,inf,inf,inf,inf,1551
1779239079.8014850616,-0.0394502729,0.1135241836,0.0920605212,-0.0083026475,0.0000000000,0.0000000000,3.6630001068,nan,nan,nan,nan,nan,nan,nan,nan,nan,nan,nan,nan,nan,nan,nan,nan,nan,nan,0.0000000000,0.0000000000,0.0000000000,0.0000000000,0.0000000000,0.0577044040,nan,nan,nan,nan,nan,nan,nan,nan,nan,nan,nan,nan,nan,nan,nan,nan,nan,nan,nan,nan,nan,0.0399971008,0.6300151348,inf,inf,inf,inf,inf,0.0500202179,0.0899589062,inf,inf,inf,inf,inf,inf,inf,1551
1779239079.8115072250,-0.0396166295,0.1133208498,0.0921088755,-0.0083026475,0.0000000000,0.0000000000,3.6630001068,nan,nan,nan,nan,nan,nan,nan,nan,nan,nan,nan,nan,nan,nan,nan,nan,nan,nan,0.0000000000,0.0000000000,0.0000000000,0.0000000000,0.0000000000,0.0595333651,nan,nan,nan,nan,nan,nan,nan,nan,nan,nan,nan,nan,nan,nan,nan,nan,nan,nan,nan,nan,nan,0.0000455379,0.6400372982,inf,inf,inf,inf,inf,0.0600423813,0.0000154972,inf,inf,inf,inf,inf,inf,inf,1551
1779239079.8215241432,-0.0396166295,0.1133208498,0.0921088755,-0.0083026475,0.0000000000,0.0000000000,3.6630001068,nan,nan,nan,nan,nan,nan,nan,nan,nan,nan,nan,nan,nan,nan,nan,nan,nan,nan,0.0000000000,0.0000000000,0.0000000000,0.0000000000,0.0000000000,0.0595333651,nan,nan,nan,nan,nan,nan,nan,nan,nan,nan,nan,nan,nan,nan,nan,nan,nan,nan,nan,nan,nan,0.0100624561,0.6500542164,inf,inf,inf,inf,inf,0.0700592995,0.0100324154,inf,inf,inf,inf,inf,inf,inf,1551
1779239079.8315246105,-0.0396166295,0.1133208498,0.0921088755,-0.0083026475,0.0000000000,0.0000000000,3.6630001068,nan,nan,nan,nan,nan,nan,nan,nan,nan,nan,nan,nan,nan,nan,nan,nan,nan,nan,0.0000000000,0.0000000000,0.0000000000,0.0000000000,0.0000000000,0.0595333651,nan,nan,nan,nan,nan,nan,nan,nan,nan,nan,nan,nan,nan,nan,nan,nan,nan,nan,nan,nan,nan,0.0200629234,0.6600546837,inf,inf,inf,inf,inf,0.0800597668,0.0200328827,inf,inf,inf,inf,inf,inf,inf,1551
1779239079.8415203094,-0.0396166295,0.1133208498,0.0921088755,-0.0083026475,0.0000000000,0.0000000000,3.6630001068,nan,nan,nan,nan,nan,nan,nan,nan,nan,nan,nan,nan,nan,nan,nan,nan,nan,nan,0.0000000000,0.0000000000,0.0000000000,0.0000000000,0.0000000000,0.0595333651,nan,nan,nan,nan,nan,nan,nan,nan,nan,nan,nan,nan,nan,nan,nan,nan,nan,nan,nan,nan,nan,0.0300586224,0.6700503826,inf,inf,inf,inf,inf,0.0900554657,0.0300285816,inf,inf,inf,inf,inf,inf,inf,1551
1779239079.8515071869,-0.0396166295,0.1133208498,0.0921088755,-0.0083026475,0.0000000000,0.0000000000,3.6630001068,nan,nan,nan,nan,nan,nan,nan,nan,nan,nan,nan,nan,nan,nan,nan,nan,nan,nan,0.0000000000,0.0000000000,0.0000000000,0.0000000000,0.0000000000,0.0595333651,nan,nan,nan,nan,nan,nan,nan,nan,nan,nan,nan,nan,nan,nan,nan,nan,nan,nan,nan,nan,nan,0.0400454998,0.6800372601,inf,inf,inf,inf,inf,0.0000197887,0.0400154591,inf,inf,inf,inf,inf,inf,inf,1551
1779239079.8615064621,-0.0397765525,0.1130793989,0.0921733007,-0.0083026475,0.0000000000,0.0000000000,3.6630001068,nan,nan,nan,nan,nan,nan,nan,nan,nan,nan,nan,nan,nan,nan,nan,nan,nan,nan,0.0000000000,0.0000000000,0.0000000000,0.0000000000,0.0000000000,0.0595333651,nan,nan,nan,nan,nan,nan,nan,nan,nan,nan,nan,nan,nan,nan,nan,nan,nan,nan,nan,nan,nan,0.0000195503,0.6900365353,inf,inf,inf,inf,inf,0.0100190639,0.0500147343,inf,inf,inf,inf,inf,inf,inf,1551
1779239079.8715105057,-0.0397765525,0.1130793989,0.0921733007,-0.0083026475,0.0000000000,0.0000000000,3.6630001068,nan,nan,nan,nan,nan,nan,nan,nan,nan,nan,nan,nan,nan,nan,nan,nan,nan,nan,0.0000000000,0.0000000000,0.0000000000,0.0000000000,0.0000000000,0.0595333651,nan,nan,nan,nan,nan,nan,nan,nan,nan,nan,nan,nan,nan,nan,nan,nan,nan,nan,nan,nan,nan,0.0100235939,0.7000405788,inf,inf,inf,inf,inf,0.0200231075,0.0600187778,inf,inf,inf,inf,inf,inf,inf,1551
1779239079.8815009594,-0.0397765525,0.1130793989,0.0921733007,-0.0083026475,0.0000000000,0.0000000000,3.6630001068,nan,nan,nan,nan,nan,nan,nan,nan,nan,nan,nan,nan,nan,nan,nan,nan,nan,nan,0.0000000000,0.0000000000,0.0000000000,0.0000000000,0.0000000000,0.0595333651,nan,nan,nan,nan,nan,nan,nan,nan,nan,nan,nan,nan,nan,nan,nan,nan,nan,nan,nan,nan,nan,0.0200140476,0.7100310326,inf,inf,inf,inf,inf,0.0300135612,0.0700092316,inf,inf,inf,inf,inf,inf,inf,1551
1779239079.8915362358,-0.0397765525,0.1130793989,0.0921733007,-0.0083026475,0.0000000000,0.0000000000,3.6630001068,nan,nan,nan,nan,nan,nan,nan,nan,nan,nan,nan,nan,nan,nan,nan,nan,nan,nan,0.0000000000,0.0000000000,0.0000000000,0.0000000000,0.0000000000,0.0595333651,nan,nan,nan,nan,nan,nan,nan,nan,nan,nan,nan,nan,nan,nan,nan,nan,nan,nan,nan,nan,nan,0.0300493240,0.7200663090,inf,inf,inf,inf,inf,0.0400488377,0.0800445080,inf,inf,inf,inf,inf,inf,inf,1551
1779239079.9015111923,-0.0397765525,0.1130793989,0.0921733007,-0.0083026475,0.0000000000,0.0000000000,3.6630001068,nan,nan,nan,nan,nan,nan,nan,nan,nan,nan,nan,nan,nan,nan,nan,nan,nan,nan,0.0000000000,0.0000000000,0.0000000000,0.0000000000,0.0000000000,0.0595333651,nan,nan,nan,nan,nan,nan,nan,nan,nan,nan,nan,nan,nan,nan,nan,nan,nan,nan,nan,nan,nan,0.0400242805,0.7300412655,inf,inf,inf,inf,inf,0.0500237942,0.0900194645,inf,inf,inf,inf,inf,inf,inf,1551
1779239079.9115307331,-0.0399375632,0.1128315404,0.0922433361,-0.0083026475,0.0000000000,0.0000000000,3.6630001068,nan,nan,nan,nan,nan,nan,nan,nan,nan,nan,nan,nan,nan,nan,nan,nan,nan,nan,0.0000000000,0.0000000000,0.0000000000,0.0000000000,0.0000000000,0.0572086796,nan,nan,nan,nan,nan,nan,nan,nan,nan,nan,nan,nan,nan,nan,nan,nan,nan,nan,nan,nan,nan,0.0000529289,0.7400608063,inf,inf,inf,inf,inf,0.0600433350,0.0000169277,inf,inf,inf,inf,inf,inf,inf,1551
1779239079.9215238094,-0.0399375632,0.1128315404,0.0922433361,-0.0083026475,0.0000000000,0.0000000000,3.6630001068,nan,nan,nan,nan,nan,nan,nan,nan,nan,nan,nan,nan,nan,nan,nan,nan,nan,nan,0.0000000000,0.0000000000,0.0000000000,0.0000000000,0.0000000000,0.0572086796,nan,nan,nan,nan,nan,nan,nan,nan,nan,nan,nan,nan,nan,nan,nan,nan,nan,nan,nan,nan,nan,0.0100460052,0.7500538826,inf,inf,inf,inf,inf,0.0700364113,0.0100100040,inf,inf,inf,inf,inf,inf,inf,1551
1779239079.9314920902,-0.0399375632,0.1128315404,0.0922433361,-0.0083026475,0.0000000000,0.0000000000,3.6630001068,nan,nan,nan,nan,nan,nan,nan,nan,nan,nan,nan,nan,nan,nan,nan,nan,nan,nan,0.0000000000,0.0000000000,0.0000000000,0.0000000000,0.0000000000,0.0572086796,nan,nan,nan,nan,nan,nan,nan,nan,nan,nan,nan,nan,nan,nan,nan,nan,nan,nan,nan,nan,nan,0.0200142860,0.7600221634,inf,inf,inf,inf,inf,0.0800046921,0.0199782848,inf,inf,inf,inf,inf,inf,inf,1551
1779239079.9415063858,-0.0399375632,0.1128315404,0.0922433361,-0.0083026475,0.0000000000,0.0000000000,3.6630001068,nan,nan,nan,nan,nan,nan,nan,nan,nan,nan,nan,nan,nan,nan,nan,nan,nan,nan,0.0000000000,0.0000000000,0.0000000000,0.0000000000,0.0000000000,0.0572086796,nan,nan,nan,nan,nan,nan,nan,nan,nan,nan,nan,nan,nan,nan,nan,nan,nan,nan,nan,nan,nan,0.0300285816,0.7700364590,inf,inf,inf,inf,inf,0.0900189877,0.0299925804,inf,inf,inf,inf,inf,inf,inf,1551
1779239079.9515326023,-0.0399375632,0.1128315404,0.0922433361,-0.0083026475,0.0000000000,0.0000000000,3.6630001068,nan,nan,nan,nan,nan,nan,nan,nan,nan,nan,nan,nan,nan,nan,nan,nan,nan,nan,0.0000000000,0.0000000000,0.0000000000,0.0000000000,0.0000000000,0.0572086796,nan,nan,nan,nan,nan,nan,nan,nan,nan,nan,nan,nan,nan,nan,nan,nan,nan,nan,nan,nan,nan,0.0400547981,0.7800626755,inf,inf,inf,inf,inf,0.1000452042,0.0400187969,inf,inf,inf,inf,inf,inf,inf,1551
1779239079.9615573883,-0.0401457325,0.1125736311,0.0923119932,-0.0083026475,0.0000000000,0.0000000000,3.6630001068,nan,nan,nan,nan,nan,nan,nan,nan,nan,nan,nan,nan,nan,nan,nan,nan,nan,nan,0.0000000000,0.0000000000,0.0000000000,0.0000000000,0.0000000000,0.0572086796,nan,nan,nan,nan,nan,nan,nan,nan,nan,nan,nan,nan,nan,nan,nan,nan,nan,nan,nan,nan,nan,0.0000708103,0.7900874615,inf,inf,inf,inf,inf,0.0000181198,0.0500435829,inf,inf,inf,inf,inf,inf,inf,1551
1779239079.9715235233,-0.0401457325,0.1125736311,0.0923119932,-0.0083026475,0.0000000000,0.0000000000,3.6630001068,nan,nan,nan,nan,nan,nan,nan,nan,nan,nan,nan,nan,nan,nan,nan,nan,nan,nan,0.0000000000,0.0000000000,0.0000000000,0.0000000000,0.0000000000,0.0572086796,nan,nan,nan,nan,nan,nan,nan,nan,nan,nan,nan,nan,nan,nan,nan,nan,nan,nan,nan,nan,nan,0.0100369453,0.8000535965,inf,inf,inf,inf,inf,0.0099842548,0.0600097179,inf,inf,inf,inf,inf,inf,inf,1551
1779239079.9815273285,-0.0401457325,0.1125736311,0.0923119932,-0.0083026475,0.0000000000,0.0000000000,3.6630001068,nan,nan,nan,nan,nan,nan,nan,nan,nan,nan,nan,nan,nan,nan,nan,nan,nan,nan,0.0000000000,0.0000000000,0.0000000000,0.0000000000,0.0000000000,0.0572086796,nan,nan,nan,nan,nan,nan,nan,nan,nan,nan,nan,nan,nan,nan,nan,nan,nan,nan,nan,nan,nan,0.0200407505,0.8100574017,inf,inf,inf,inf,inf,0.0199880600,0.0700135231,inf,inf,inf,inf,inf,inf,inf,1551
1779239079.9915175438,-0.0401457325,0.1125736311,0.0923119932,-0.0083026475,0.0000000000,0.0000000000,3.6630001068,nan,nan,nan,nan,nan,nan,nan,nan,nan,nan,nan,nan,nan,nan,nan,nan,nan,nan,0.0000000000,0.0000000000,0.0000000000,0.0000000000,0.0000000000,0.0572086796,nan,nan,nan,nan,nan,nan,nan,nan,nan,nan,nan,nan,nan,nan,nan,nan,nan,nan,nan,nan,nan,0.0300309658,0.8200476170,inf,inf,inf,inf,inf,0.0299782753,0.0800037384,inf,inf,inf,inf,inf,inf,inf,1551
1779239080.0014913082,-0.0401457325,0.1125736311,0.0923119932,-0.0083026475,0.0000000000,0.0000000000,3.6630001068,nan,nan,nan,nan,nan,nan,nan,nan,nan,nan,nan,nan,nan,nan,nan,nan,nan,nan,0.0000000000,0.0000000000,0.0000000000,0.0000000000,0.0000000000,0.0572086796,nan,nan,nan,nan,nan,nan,nan,nan,nan,nan,nan,nan,nan,nan,nan,nan,nan,nan,nan,nan,nan,0.0400047302,0.8300213814,inf,inf,inf,inf,inf,0.0399520397,0.0899775028,inf,inf,inf,inf,inf,inf,inf,1551
1779239080.0115370750,-0.0403853580,0.1122882068,0.0923908204,-0.0083026475,0.0000000000,0.0000000000,3.6630001068,nan,nan,nan,nan,nan,nan,nan,nan,nan,nan,nan,nan,nan,nan,nan,nan,nan,nan,0.0000000000,0.0000000000,0.0000000000,0.0000000000,0.0000000000,0.0581892729,nan,nan,nan,nan,nan,nan,nan,nan,nan,nan,nan,nan,nan,nan,nan,nan,nan,nan,nan,nan,nan,0.0000574589,0.8400671482,inf,inf,inf,inf,inf,0.0499978065,0.0000195503,inf,inf,inf,inf,inf,inf,inf,1551
1779239080.0215134621,-0.0403853580,0.1122882068,0.0923908204,-0.0083026475,0.0000000000,0.0000000000,3.6630001068,nan,nan,nan,nan,nan,nan,nan,nan,nan,nan,nan,nan,nan,nan,nan,nan,nan,nan,0.0000000000,0.0000000000,0.0000000000,0.0000000000,0.0000000000,0.0581892729,nan,nan,nan,nan,nan,nan,nan,nan,nan,nan,nan,nan,nan,nan,nan,nan,nan,nan,nan,nan,nan,0.0100338459,0.8500435352,inf,inf,inf,inf,inf,0.0599741936,0.0099959373,inf,inf,inf,inf,inf,inf,inf,1551
1779239080.0314996243,-0.0403853580,0.1122882068,0.0923908204,-0.0083026475,0.0000000000,0.0000000000,3.6630001068,nan,nan,nan,nan,nan,nan,nan,nan,nan,nan,nan,nan,nan,nan,nan,nan,nan,nan,0.0000000000,0.0000000000,0.0000000000,0.0000000000,0.0000000000,0.0581892729,nan,nan,nan,nan,nan,nan,nan,nan,nan,nan,nan,nan,nan,nan,nan,nan,nan,nan,nan,nan,nan,0.0200200081,0.8600296974,inf,inf,inf,inf,inf,0.0699603558,0.0199820995,inf,inf,inf,inf,inf,inf,inf,1551
1779239080.0415353775,-0.0403853580,0.1122882068,0.0923908204,-0.0083026475,0.0000000000,0.0000000000,3.6630001068,nan,nan,nan,nan,nan,nan,nan,nan,nan,nan,nan,nan,nan,nan,nan,nan,nan,nan,0.0000000000,0.0000000000,0.0000000000,0.0000000000,0.0000000000,0.0581892729,nan,nan,nan,nan,nan,nan,nan,nan,nan,nan,nan,nan,nan,nan,nan,nan,nan,nan,nan,nan,nan,0.0300557613,0.8700654507,inf,inf,inf,inf,inf,0.0799961090,0.0300178528,inf,inf,inf,inf,inf,inf,inf,1551
1779239080.0515389442,-0.0403853580,0.1122882068,0.0923908204,-0.0083026475,0.0000000000,0.0000000000,3.6630001068,nan,nan,nan,nan,nan,nan,nan,nan,nan,nan,nan,nan,nan,nan,nan,nan,nan,nan,0.0000000000,0.0000000000,0.0000000000,0.0000000000,0.0000000000,0.0581892729,nan,nan,nan,nan,nan,nan,nan,nan,nan,nan,nan,nan,nan,nan,nan,nan,nan,nan,nan,nan,nan,0.0400593281,0.8800690174,inf,inf,inf,inf,inf,0.0000224113,0.0400214195,inf,inf,inf,inf,inf,inf,inf,1551
1779239080.0615479946,-0.0406617001,0.1119698063,0.0924912095,-0.0083026475,0.0000000000,0.0000000000,3.6630001068,nan,nan,nan,nan,nan,nan,nan,nan,nan,nan,nan,nan,nan,nan,nan,nan,nan,nan,0.0000000000,0.0000000000,0.0000000000,0.0000000000,0.0000000000,0.0581892729,nan,nan,nan,nan,nan,nan,nan,nan,nan,nan,nan,nan,nan,nan,nan,nan,nan,nan,nan,nan,nan,0.0000228882,0.8900780678,inf,inf,inf,inf,inf,0.0100314617,0.0500304699,inf,inf,inf,inf,inf,inf,inf,1551
1779239080.0715513229,-0.0406617001,0.1119698063,0.0924912095,-0.0083026475,0.0000000000,0.0000000000,3.6630001068,nan,nan,nan,nan,nan,nan,nan,nan,nan,nan,nan,nan,nan,nan,nan,nan,nan,nan,0.0000000000,0.0000000000,0.0000000000,0.0000000000,0.0000000000,0.0581892729,nan,nan,nan,nan,nan,nan,nan,nan,nan,nan,nan,nan,nan,nan,nan,nan,nan,nan,nan,nan,nan,0.0100262165,0.9000813961,inf,inf,inf,inf,inf,0.0200347900,0.0600337982,inf,inf,inf,inf,inf,inf,inf,1551
1779239080.0815312862,-0.0406617001,0.1119698063,0.0924912095,-0.0083026475,0.0000000000,0.0000000000,3.6630001068,nan,nan,nan,nan,nan,nan,nan,nan,nan,nan,nan,nan,nan,nan,nan,nan,nan,nan,0.0000000000,0.0000000000,0.0000000000,0.0000000000,0.0000000000,0.0581892729,nan,nan,nan,nan,nan,nan,nan,nan,nan,nan,nan,nan,nan,nan,nan,nan,nan,nan,nan,nan,nan,0.0200061798,0.9100613594,inf,inf,inf,inf,inf,0.0300147533,0.0700137615,inf,inf,inf,inf,inf,inf,inf,1551
1779239080.0915379524,-0.0406617001,0.1119698063,0.0924912095,-0.0083026475,0.0000000000,0.0000000000,3.6630001068,nan,nan,nan,nan,nan,nan,nan,nan,nan,nan,nan,nan,nan,nan,nan,nan,nan,nan,0.0000000000,0.0000000000,0.0000000000,0.0000000000,0.0000000000,0.0581892729,nan,nan,nan,nan,nan,nan,nan,nan,nan,nan,nan,nan,nan,nan,nan,nan,nan,nan,nan,nan,nan,0.0300128460,0.9200680256,inf,inf,inf,inf,inf,0.0400214195,0.0800204277,inf,inf,inf,inf,inf,inf,inf,1551
1779239080.1015839577,-0.0406617001,0.1119698063,0.0924912095,-0.0083026475,0.0000000000,0.0000000000,3.6630001068,nan,nan,nan,nan,nan,nan,nan,nan,nan,nan,nan,nan,nan,nan,nan,nan,nan,nan,0.0000000000,0.0000000000,0.0000000000,0.0000000000,0.0000000000,0.0581892729,nan,nan,nan,nan,nan,nan,nan,nan,nan,nan,nan,nan,nan,nan,nan,nan,nan,nan,nan,nan,nan,0.0400588512,0.9301140308,inf,inf,inf,inf,inf,0.0500674248,0.0900664330,inf,inf,inf,inf,inf,inf,inf,1551
1779239080.1115603447,-0.0409667194,0.1116311252,0.0926100612,-0.0083026475,0.0000000000,0.0000000000,3.6630001068,nan,nan,nan,nan,nan,nan,nan,nan,nan,nan,nan,nan,nan,nan,nan,nan,nan,nan,0.0000000000,0.0000000000,0.0000000000,0.0000000000,0.0000000000,0.0569894277,nan,nan,nan,nan,nan,nan,nan,nan,nan,nan,nan,nan,nan,nan,nan,nan,nan,nan,nan,nan,nan,0.0000569820,0.9400904179,inf,inf,inf,inf,inf,0.0600438118,0.0000188351,inf,inf,inf,inf,inf,inf,inf,1551
1779239080.1215064526,-0.0409667194,0.1116311252,0.0926100612,-0.0083026475,0.0000000000,0.0000000000,3.6630001068,nan,nan,nan,nan,nan,nan,nan,nan,nan,nan,nan,nan,nan,nan,nan,nan,nan,nan,0.0000000000,0.0000000000,0.0000000000,0.0000000000,0.0000000000,0.0569894277,nan,nan,nan,nan,nan,nan,nan,nan,nan,nan,nan,nan,nan,nan,nan,nan,nan,nan,nan,nan,nan,0.0100030899,0.9500365257,inf,inf,inf,inf,inf,0.0699899197,0.0099649429,inf,inf,inf,inf,inf,inf,inf,1551
1779239080.1314976215,-0.0409667194,0.1116311252,0.0926100612,-0.0083026475,0.0000000000,0.0000000000,3.6630001068,nan,nan,nan,nan,nan,nan,nan,nan,nan,nan,nan,nan,nan,nan,nan,nan,nan,nan,0.0000000000,0.0000000000,0.0000000000,0.0000000000,0.0000000000,0.0569894277,nan,nan,nan,nan,nan,nan,nan,nan,nan,nan,nan,nan,nan,nan,nan,nan,nan,nan,nan,nan,nan,0.0199942589,0.9600276947,inf,inf,inf,inf,inf,0.0799810886,0.0199561119,inf,inf,inf,inf,inf,inf,inf,1551
1779239080.1414866447,-0.0409667194,0.1116311252,0.0926100612,-0.0083026475,0.0000000000,0.0000000000,3.6630001068,nan,nan,nan,nan,nan,nan,nan,nan,nan,nan,nan,nan,nan,nan,nan,nan,nan,nan,0.0000000000,0.0000000000,0.0000000000,0.0000000000,0.0000000000,0.0569894277,nan,nan,nan,nan,nan,nan,nan,nan,nan,nan,nan,nan,nan,nan,nan,nan,nan,nan,nan,nan,nan,0.0299832821,0.9700167179,inf,inf,inf,inf,inf,0.0899701118,0.0299451351,inf,inf,inf,inf,inf,inf,inf,1551
1779239080.1514639854,-0.0409667194,0.1116311252,0.0926100612,-0.0083026475,0.0000000000,0.0000000000,3.6630001068,nan,nan,nan,nan,nan,nan,nan,nan,nan,nan,nan,nan,nan,nan,nan,nan,nan,nan,0.0000000000,0.0000000000,0.0000000000,0.0000000000,0.0000000000,0.0569894277,nan,nan,nan,nan,nan,nan,nan,nan,nan,nan,nan,nan,nan,nan,nan,nan,nan,nan,nan,nan,nan,0.0399606228,0.9799940586,inf,inf,inf,inf,inf,0.0999474525,0.0399224758,inf,inf,inf,inf,inf,inf,inf,1551
1779239080.1614625454,-0.0413015448,0.1112674698,0.0927335322,-0.0083026475,0.0000000000,0.0000000000,3.6630001068,nan,nan,nan,nan,nan,nan,nan,nan,nan,nan,nan,nan,nan,nan,nan,nan,nan,nan,0.0000000000,0.0000000000,0.0000000000,0.0000000000,0.0000000000,0.0569894277,nan,nan,nan,nan,nan,nan,nan,nan,nan,nan,nan,nan,nan,nan,nan,nan,nan,nan,nan,nan,nan,0.0000345707,0.9899926186,inf,inf,inf,inf,inf,0.0000107288,0.0499210358,inf,inf,inf,inf,inf,inf,inf,1551
1779239080.1714332104,-0.0413015448,0.1112674698,0.0927335322,-0.0083026475,0.0000000000,0.0000000000,3.6630001068,nan,nan,nan,nan,nan,nan,nan,nan,nan,nan,nan,nan,nan,nan,nan,nan,nan,nan,0.0000000000,0.0000000000,0.0000000000,0.0000000000,0.0000000000,0.0569894277,nan,nan,nan,nan,nan,nan,nan,nan,nan,nan,nan,nan,nan,nan,nan,nan,nan,nan,nan,nan,nan,0.0100052357,0.0000102520,inf,inf,inf,inf,inf,0.0099813938,0.0598917007,inf,inf,inf,inf,inf,inf,inf,1551
1779239080.1814556122,-0.0413015448,0.1112674698,0.0927335322,-0.0083026475,0.0000000000,0.0000000000,3.6630001068,nan,nan,nan,nan,nan,nan,nan,nan,nan,nan,nan,nan,nan,nan,nan,nan,nan,nan,0.0000000000,0.0000000000,0.0000000000,0.0000000000,0.0000000000,0.0569894277,nan,nan,nan,nan,nan,nan,nan,nan,nan,nan,nan,nan,nan,nan,nan,nan,nan,nan,nan,nan,nan,0.0200276375,0.0100326538,inf,inf,inf,inf,inf,0.0200037956,0.0699141026,inf,inf,inf,inf,inf,inf,inf,1551
1779239080.1914656162,-0.0413015448,0.1112674698,0.0927335322,-0.0083026475,0.0000000000,0.0000000000,3.6630001068,nan,nan,nan,nan,nan,nan,nan,nan,nan,nan,nan,nan,nan,nan,nan,nan,nan,nan,0.0000000000,0.0000000000,0.0000000000,0.0000000000,0.0000000000,0.0569894277,nan,nan,nan,nan,nan,nan,nan,nan,nan,nan,nan,nan,nan,nan,nan,nan,nan,nan,nan,nan,nan,0.0300376415,0.0200426579,inf,inf,inf,inf,inf,0.0300137997,0.0799241066,inf,inf,inf,inf,inf,inf,inf,1551
1779239080.2014858723,-0.0413015448,0.1112674698,0.0927335322,-0.0083026475,0.0000000000,0.0000000000,3.6630001068,nan,nan,nan,nan,nan,nan,nan,nan,nan,nan,nan,nan,nan,nan,nan,nan,nan,nan,0.0000000000,0.0000000000,0.0000000000,0.0000000000,0.0000000000,0.0569894277,nan,nan,nan,nan,nan,nan,nan,nan,nan,nan,nan,nan,nan,nan,nan,nan,nan,nan,nan,nan,nan,0.0400578976,0.0300629139,inf,inf,inf,inf,inf,0.0400340557,0.0899443626,inf,inf,inf,inf,inf,inf,inf,1551
1779239080.2114522457,-0.0390769094,0.1139426678,0.0920372978,-0.0083026713,0.0027675183,-0.0000114890,3.6630001068,nan,nan,nan,nan,nan,nan,nan,nan,nan,nan,nan,nan,nan,nan,nan,nan,nan,nan,0.0000000000,0.0000000000,0.0000000000,0.0000000000,0.0000000000,0.0600974374,nan,nan,nan,nan,nan,nan,nan,nan,nan,nan,nan,nan,nan,nan,nan,nan,nan,nan,nan,nan,nan,0.0000309944,0.0400292873,inf,inf,inf,inf,inf,0.0500004292,0.0000092983,inf,inf,inf,inf,inf,inf,inf,1551
1779239080.2214279175,-0.0390769094,0.1139426678,0.0920372978,-0.0083026713,0.0027675183,-0.0000114890,3.6630001068,nan,nan,nan,nan,nan,nan,nan,nan,nan,nan,nan,nan,nan,nan,nan,nan,nan,nan,0.0000000000,0.0000000000,0.0000000000,0.0000000000,0.0000000000,0.0600974374,nan,nan,nan,nan,nan,nan,nan,nan,nan,nan,nan,nan,nan,nan,nan,nan,nan,nan,nan,nan,nan,0.0100066662,0.0500049591,inf,inf,inf,inf,inf,0.0599761009,0.0099849701,inf,inf,inf,inf,inf,inf,inf,1551
1779239080.2314774990,-0.0390769094,0.1139426678,0.0920372978,-0.0083026713,0.0027675183,-0.0000114890,3.6630001068,nan,nan,nan,nan,nan,nan,nan,nan,nan,nan,nan,nan,nan,nan,nan,nan,nan,nan,0.0000000000,0.0000000000,0.0000000000,0.0000000000,0.0000000000,0.0600974374,nan,nan,nan,nan,nan,nan,nan,nan,nan,nan,nan,nan,nan,nan,nan,nan,nan,nan,nan,nan,nan,0.0200562477,0.0600545406,inf,inf,inf,inf,inf,0.0700256824,0.0200345516,inf,inf,inf,inf,inf,inf,inf,1551
1779239080.2414712906,-0.0390769094,0.1139426678,0.0920372978,-0.0083026713,0.0027675183,-0.0000114890,3.6630001068,nan,nan,nan,nan,nan,nan,nan,nan,nan,nan,nan,nan,nan,nan,nan,nan,nan,nan,0.0000000000,0.0000000000,0.0000000000,0.0000000000,0.0000000000,0.0600974374,nan,nan,nan,nan,nan,nan,nan,nan,nan,nan,nan,nan,nan,nan,nan,nan,nan,nan,nan,nan,nan,0.0300500393,0.0700483322,inf,inf,inf,inf,inf,0.0800194740,0.0300283432,inf,inf,inf,inf,inf,inf,inf,1551
1779239080.2514553070,-0.0390769094,0.1139426678,0.0920372978,-0.0083026713,0.0027675183,-0.0000114890,3.6630001068,nan,nan,nan,nan,nan,nan,nan,nan,nan,nan,nan,nan,nan,nan,nan,nan,nan,nan,0.0000000000,0.0000000000,0.0000000000,0.0000000000,0.0000000000,0.0600974374,nan,nan,nan,nan,nan,nan,nan,nan,nan,nan,nan,nan,nan,nan,nan,nan,nan,nan,nan,nan,nan,0.0400340557,0.0800323486,inf,inf,inf,inf,inf,0.0900034904,0.0400123596,inf,inf,inf,inf,inf,inf,inf,1551
1779239080.2614529133,-0.0391992591,0.1139027476,0.0920907483,-0.0083026713,0.0027675183,-0.0000114890,3.6630001068,nan,nan,nan,nan,nan,nan,nan,nan,nan,nan,nan,nan,nan,nan,nan,nan,nan,nan,0.0000000000,0.0000000000,0.0000000000,0.0000000000,0.0000000000,0.0600974374,nan,nan,nan,nan,nan,nan,nan,nan,nan,nan,nan,nan,nan,nan,nan,nan,nan,nan,nan,nan,nan,0.0000329018,0.0900299549,inf,inf,inf,inf,inf,0.0000102520,0.0500099659,inf,inf,inf,inf,inf,inf,inf,1551
1779239080.2714555264,-0.0391992591,0.1139027476,0.0920907483,-0.0083026713,0.0027675183,-0.0000114890,3.6630001068,nan,nan,nan,nan,nan,nan,nan,nan,nan,nan,nan,nan,nan,nan,nan,nan,nan,nan,0.0000000000,0.0000000000,0.0000000000,0.0000000000,0.0000000000,0.0600974374,nan,nan,nan,nan,nan,nan,nan,nan,nan,nan,nan,nan,nan,nan,nan,nan,nan,nan,nan,nan,nan,0.0100355148,0.1000325680,inf,inf,inf,inf,inf,0.0100128651,0.0600125790,inf,inf,inf,inf,inf,inf,inf,1551
1779239080.2814512253,-0.0391992591,0.1139027476,0.0920907483,-0.0083026713,0.0027675183,-0.0000114890,3.6630001068,nan,nan,nan,nan,nan,nan,nan,nan,nan,nan,nan,nan,nan,nan,nan,nan,nan,nan,0.0000000000,0.0000000000,0.0000000000,0.0000000000,0.0000000000,0.0600974374,nan,nan,nan,nan,nan,nan,nan,nan,nan,nan,nan,nan,nan,nan,nan,nan,nan,nan,nan,nan,nan,0.0200312138,0.1100282669,inf,inf,inf,inf,inf,0.0200085640,0.0700082779,inf,inf,inf,inf,inf,inf,inf,1551
1779239080.2914538383,-0.0391992591,0.1139027476,0.0920907483,-0.0083026713,0.0027675183,-0.0000114890,3.6630001068,nan,nan,nan,nan,nan,nan,nan,nan,nan,nan,nan,nan,nan,nan,nan,nan,nan,nan,0.0000000000,0.0000000000,0.0000000000,0.0000000000,0.0000000000,0.0600974374,nan,nan,nan,nan,nan,nan,nan,nan,nan,nan,nan,nan,nan,nan,nan,nan,nan,nan,nan,nan,nan,0.0300338268,0.1200308800,inf,inf,inf,inf,inf,0.0300111771,0.0800108910,inf,inf,inf,inf,inf,inf,inf,1551
1779239080.3014378548,-0.0391992591,0.1139027476,0.0920907483,-0.0083026713,0.0027675183,-0.0000114890,3.6630001068,nan,nan,nan,nan,nan,nan,nan,nan,nan,nan,nan,nan,nan,nan,nan,nan,nan,nan,0.0000000000,0.0000000000,0.0000000000,0.0000000000,0.0000000000,0.0600974374,nan,nan,nan,nan,nan,nan,nan,nan,nan,nan,nan,nan,nan,nan,nan,nan,nan,nan,nan,nan,nan,0.0400178432,0.1300148964,inf,inf,inf,inf,inf,0.0399951935,0.0899949074,inf,inf,inf,inf,inf,inf,inf,1551
1779239080.3114855289,-0.0393478386,0.1138916090,0.0921403542,-0.0083026713,0.0027675183,-0.0000114890,3.6630001068,nan,nan,nan,nan,nan,nan,nan,nan,nan,nan,nan,nan,nan,nan,nan,nan,nan,nan,0.0000000000,0.0000000000,0.0000000000,0.0000000000,0.0000000000,0.0648416877,nan,nan,nan,nan,nan,nan,nan,nan,nan,nan,nan,nan,nan,nan,nan,nan,nan,nan,nan,nan,nan,0.0000374317,0.1400625706,inf,inf,inf,inf,inf,0.0500428677,0.0000114441,inf,inf,inf,inf,inf,inf,inf,1551
1779239080.3214814663,-0.0393478386,0.1138916090,0.0921403542,-0.0083026713,0.0027675183,-0.0000114890,3.6630001068,nan,nan,nan,nan,nan,nan,nan,nan,nan,nan,nan,nan,nan,nan,nan,nan,nan,nan,0.0000000000,0.0000000000,0.0000000000,0.0000000000,0.0000000000,0.0648416877,nan,nan,nan,nan,nan,nan,nan,nan,nan,nan,nan,nan,nan,nan,nan,nan,nan,nan,nan,nan,nan,0.0100333691,0.1500585079,inf,inf,inf,inf,inf,0.0600388050,0.0100073814,inf,inf,inf,inf,inf,inf,inf,1551
1779239080.3314809799,-0.0393478386,0.1138916090,0.0921403542,-0.0083026713,0.0027675183,-0.0000114890,3.6630001068,nan,nan,nan,nan,nan,nan,nan,nan,nan,nan,nan,nan,nan,nan,nan,nan,nan,nan,0.0000000000,0.0000000000,0.0000000000,0.0000000000,0.0000000000,0.0648416877,nan,nan,nan,nan,nan,nan,nan,nan,nan,nan,nan,nan,nan,nan,nan,nan,nan,nan,nan,nan,nan,0.0200328827,0.1600580215,inf,inf,inf,inf,inf,0.0700383186,0.0200068951,inf,inf,inf,inf,inf,inf,inf,1551
1779239080.3414890766,-0.0393478386,0.1138916090,0.0921403542,-0.0083026713,0.0027675183,-0.0000114890,3.6630001068,nan,nan,nan,nan,nan,nan,nan,nan,nan,nan,nan,nan,nan,nan,nan,nan,nan,nan,0.0000000000,0.0000000000,0.0000000000,0.0000000000,0.0000000000,0.0648416877,nan,nan,nan,nan,nan,nan,nan,nan,nan,nan,nan,nan,nan,nan,nan,nan,nan,nan,nan,nan,nan,0.0300409794,0.1700661182,inf,inf,inf,inf,inf,0.0800464153,0.0300149918,inf,inf,inf,inf,inf,inf,inf,1551
1779239080.3514552116,-0.0393478386,0.1138916090,0.0921403542,-0.0083026713,0.0027675183,-0.0000114890,3.6630001068,nan,nan,nan,nan,nan,nan,nan,nan,nan,nan,nan,nan,nan,nan,nan,nan,nan,nan,0.0000000000,0.0000000000,0.0000000000,0.0000000000,0.0000000000,0.0648416877,nan,nan,nan,nan,nan,nan,nan,nan,nan,nan,nan,nan,nan,nan,nan,nan,nan,nan,nan,nan,nan,0.0400071144,0.1800322533,inf,inf,inf,inf,inf,0.0000121593,0.0399811268,inf,inf,inf,inf,inf,inf,inf,1551
1779239080.3614282608,-0.0395098627,0.1138745844,0.0922043920,-0.0083026713,0.0027675183,-0.0000114890,3.6630001068,nan,nan,nan,nan,nan,nan,nan,nan,nan,nan,nan,nan,nan,nan,nan,nan,nan,nan,0.0000000000,0.0000000000,0.0000000000,0.0000000000,0.0000000000,0.0648416877,nan,nan,nan,nan,nan,nan,nan,nan,nan,nan,nan,nan,nan,nan,nan,nan,nan,nan,nan,nan,nan,0.0000100136,0.1900053024,inf,inf,inf,inf,inf,0.0099852085,0.0499541759,inf,inf,inf,inf,inf,inf,inf,1551
1779239080.3714401722,-0.0395098627,0.1138745844,0.0922043920,-0.0083026713,0.0027675183,-0.0000114890,3.6630001068,nan,nan,nan,nan,nan,nan,nan,nan,nan,nan,nan,nan,nan,nan,nan,nan,nan,nan,0.0000000000,0.0000000000,0.0000000000,0.0000000000,0.0000000000,0.0648416877,nan,nan,nan,nan,nan,nan,nan,nan,nan,nan,nan,nan,nan,nan,nan,nan,nan,nan,nan,nan,nan,0.0100219250,0.2000172138,inf,inf,inf,inf,inf,0.0199971199,0.0599660873,inf,inf,inf,inf,inf,inf,inf,1551
1779239080.3815140724,-0.0395098627,0.1138745844,0.0922043920,-0.0083026713,0.0027675183,-0.0000114890,3.6630001068,nan,nan,nan,nan,nan,nan,nan,nan,nan,nan,nan,nan,nan,nan,nan,nan,nan,nan,0.0000000000,0.0000000000,0.0000000000,0.0000000000,0.0000000000,0.0648416877,nan,nan,nan,nan,nan,nan,nan,nan,nan,nan,nan,nan,nan,nan,nan,nan,nan,nan,nan,nan,nan,0.0200958252,0.2100911140,inf,inf,inf,inf,inf,0.0300710201,0.0700399876,inf,inf,inf,inf,inf,inf,inf,1551
1779239080.3915023804,-0.0395098627,0.1138745844,0.0922043920,-0.0083026713,0.0027675183,-0.0000114890,3.6630001068,nan,nan,nan,nan,nan,nan,nan,nan,nan,nan,nan,nan,nan,nan,nan,nan,nan,nan,0.0000000000,0.0000000000,0.0000000000,0.0000000000,0.0000000000,0.0648416877,nan,nan,nan,nan,nan,nan,nan,nan,nan,nan,nan,nan,nan,nan,nan,nan,nan,nan,nan,nan,nan,0.0300841331,0.2200794220,inf,inf,inf,inf,inf,0.0400593281,0.0800282955,inf,inf,inf,inf,inf,inf,inf,1551
1779239080.4014968872,-0.0395098627,0.1138745844,0.0922043920,-0.0083026713,0.0027675183,-0.0000114890,3.6630001068,nan,nan,nan,nan,nan,nan,nan,nan,nan,nan,nan,nan,nan,nan,nan,nan,nan,nan,0.0000000000,0.0000000000,0.0000000000,0.0000000000,0.0000000000,0.0648416877,nan,nan,nan,nan,nan,nan,nan,nan,nan,nan,nan,nan,nan,nan,nan,nan,nan,nan,nan,nan,nan,0.0400786400,0.2300739288,inf,inf,inf,inf,inf,0.0500538349,0.0900228024,inf,inf,inf,inf,inf,inf,inf,1551
1779239080.4115657806,-0.0390997007,0.1139795706,0.0920386836,-0.0083026713,0.0027675183,-0.0000114890,3.6630001068,nan,nan,nan,nan,nan,nan,nan,nan,nan,nan,nan,nan,nan,nan,nan,nan,nan,nan,0.0000000000,0.0000000000,0.0000000000,0.0000000000,0.0000000000,0.0660393611,nan,nan,nan,nan,nan,nan,nan,nan,nan,nan,nan,nan,nan,nan,nan,nan,nan,nan,nan,nan,nan,0.0000653267,0.2401428223,inf,inf,inf,inf,inf,0.0601227283,0.0000238419,inf,inf,inf,inf,inf,inf,inf,1551
1779239080.4215388298,-0.0390997007,0.1139795706,0.0920386836,-0.0083026713,0.0027675183,-0.0000114890,3.6630001068,nan,nan,nan,nan,nan,nan,nan,nan,nan,nan,nan,nan,nan,nan,nan,nan,nan,nan,0.0000000000,0.0000000000,0.0000000000,0.0000000000,0.0000000000,0.0660393611,nan,nan,nan,nan,nan,nan,nan,nan,nan,nan,nan,nan,nan,nan,nan,nan,nan,nan,nan,nan,nan,0.0100383759,0.2501158714,inf,inf,inf,inf,inf,0.0700957775,0.0099968910,inf,inf,inf,inf,inf,inf,inf,1551
1779239080.4314692020,-0.0390997007,0.1139795706,0.0920386836,-0.0083026713,0.0027675183,-0.0000114890,3.6630001068,nan,nan,nan,nan,nan,nan,nan,nan,nan,nan,nan,nan,nan,nan,nan,nan,nan,nan,0.0000000000,0.0000000000,0.0000000000,0.0000000000,0.0000000000,0.0660393611,nan,nan,nan,nan,nan,nan,nan,nan,nan,nan,nan,nan,nan,nan,nan,nan,nan,nan,nan,nan,nan,0.0199687481,0.2600462437,inf,inf,inf,inf,inf,0.0800261497,0.0199272633,inf,inf,inf,inf,inf,inf,inf,1551
1779239080.4414484501,-0.0390997007,0.1139795706,0.0920386836,-0.0083026713,0.0027675183,-0.0000114890,3.6630001068,nan,nan,nan,nan,nan,nan,nan,nan,nan,nan,nan,nan,nan,nan,nan,nan,nan,nan,0.0000000000,0.0000000000,0.0000000000,0.0000000000,0.0000000000,0.0660393611,nan,nan,nan,nan,nan,nan,nan,nan,nan,nan,nan,nan,nan,nan,nan,nan,nan,nan,nan,nan,nan,0.0299479961,0.2700254917,inf,inf,inf,inf,inf,0.0900053978,0.0299065113,inf,inf,inf,inf,inf,inf,inf,1551
1779239080.4514276981,-0.0390997007,0.1139795706,0.0920386836,-0.0083026713,0.0027675183,-0.0000114890,3.6630001068,nan,nan,nan,nan,nan,nan,nan,nan,nan,nan,nan,nan,nan,nan,nan,nan,nan,nan,0.0000000000,0.0000000000,0.0000000000,0.0000000000,0.0000000000,0.0660393611,nan,nan,nan,nan,nan,nan,nan,nan,nan,nan,nan,nan,nan,nan,nan,nan,nan,nan,nan,nan,nan,0.0399272442,0.2800047398,inf,inf,inf,inf,inf,0.0000126362,0.0398857594,inf,inf,inf,inf,inf,inf,inf,1551
1779239080.4614105225,-0.0391584449,0.1139607057,0.0920717269,-0.0083026713,0.0027675183,-0.0000114890,3.6630001068,nan,nan,nan,nan,nan,nan,nan,nan,nan,nan,nan,nan,nan,nan,nan,nan,nan,nan,0.0000000000,0.0000000000,0.0000000000,0.0000000000,0.0000000000,0.0660393611,nan,nan,nan,nan,nan,nan,nan,nan,nan,nan,nan,nan,nan,nan,nan,nan,nan,nan,nan,nan,nan,0.0000090599,0.2899875641,inf,inf,inf,inf,inf,0.0099954605,0.0498685837,inf,inf,inf,inf,inf,inf,inf,1551
1779239080.4714355469,-0.0391584449,0.1139607057,0.0920717269,-0.0083026713,0.0027675183,-0.0000114890,3.6630001068,nan,nan,nan,nan,nan,nan,nan,nan,nan,nan,nan,nan,nan,nan,nan,nan,nan,nan,0.0000000000,0.0000000000,0.0000000000,0.0000000000,0.0000000000,0.0660393611,nan,nan,nan,nan,nan,nan,nan,nan,nan,nan,nan,nan,nan,nan,nan,nan,nan,nan,nan,nan,nan,0.0100340843,0.3000125885,inf,inf,inf,inf,inf,0.0200204849,0.0598936081,inf,inf,inf,inf,inf,inf,inf,1551
1779239080.4814383984,-0.0391584449,0.1139607057,0.0920717269,-0.0083026713,0.0027675183,-0.0000114890,3.6630001068,nan,nan,nan,nan,nan,nan,nan,nan,nan,nan,nan,nan,nan,nan,nan,nan,nan,nan,0.0000000000,0.0000000000,0.0000000000,0.0000000000,0.0000000000,0.0660393611,nan,nan,nan,nan,nan,nan,nan,nan,nan,nan,nan,nan,nan,nan,nan,nan,nan,nan,nan,nan,nan,0.0200369358,0.3100154400,inf,inf,inf,inf,inf,0.0300233364,0.0698964596,inf,inf,inf,inf,inf,inf,inf,1551
1779239080.4914360046,-0.0391584449,0.1139607057,0.0920717269,-0.0083026713,0.0027675183,-0.0000114890,3.6630001068,nan,nan,nan,nan,nan,nan,nan,nan,nan,nan,nan,nan,nan,nan,nan,nan,nan,nan,0.0000000000,0.0000000000,0.0000000000,0.0000000000,0.0000000000,0.0660393611,nan,nan,nan,nan,nan,nan,nan,nan,nan,nan,nan,nan,nan,nan,nan,nan,nan,nan,nan,nan,nan,0.0300345421,0.3200130463,inf,inf,inf,inf,inf,0.0400209427,0.0798940659,inf,inf,inf,inf,inf,inf,inf,1551
1779239080.5014419556,-0.0391584449,0.1139607057,0.0920717269,-0.0083026713,0.0027675183,-0.0000114890,3.6630001068,nan,nan,nan,nan,nan,nan,nan,nan,nan,nan,nan,nan,nan,nan,nan,nan,nan,nan,0.0000000000,0.0000000000,0.0000000000,0.0000000000,0.0000000000,0.0660393611,nan,nan,nan,nan,nan,nan,nan,nan,nan,nan,nan,nan,nan,nan,nan,nan,nan,nan,nan,nan,nan,0.0400404930,0.3300189972,inf,inf,inf,inf,inf,0.0500268936,0.0899000168,inf,inf,inf,inf,inf,inf,inf,1551
1779239080.5114562511,-0.0392367132,0.1139182448,0.0921172127,-0.0083026713,0.0027675183,-0.0000114890,3.6630001068,nan,nan,nan,nan,nan,nan,nan,nan,nan,nan,nan,nan,nan,nan,nan,nan,nan,nan,0.0000000000,0.0000000000,0.0000000000,0.0000000000,0.0000000000,0.0698987469,nan,nan,nan,nan,nan,nan,nan,nan,nan,nan,nan,nan,nan,nan,nan,nan,nan,nan,nan,nan,nan,0.0000314713,0.3400332928,inf,inf,inf,inf,inf,0.0600411892,0.0000100136,inf,inf,inf,inf,inf,inf,inf,1551
1779239080.5214612484,-0.0392367132,0.1139182448,0.0921172127,-0.0083026713,0.0027675183,-0.0000114890,3.6630001068,nan,nan,nan,nan,nan,nan,nan,nan,nan,nan,nan,nan,nan,nan,nan,nan,nan,nan,0.0000000000,0.0000000000,0.0000000000,0.0000000000,0.0000000000,0.0698987469,nan,nan,nan,nan,nan,nan,nan,nan,nan,nan,nan,nan,nan,nan,nan,nan,nan,nan,nan,nan,nan,0.0100364685,0.3500382900,inf,inf,inf,inf,inf,0.0700461864,0.0100150108,inf,inf,inf,inf,inf,inf,inf,1551
1779239080.5314598083,-0.0392367132,0.1139182448,0.0921172127,-0.0083026713,0.0027675183,-0.0000114890,3.6630001068,nan,nan,nan,nan,nan,nan,nan,nan,nan,nan,nan,nan,nan,nan,nan,nan,nan,nan,0.0000000000,0.0000000000,0.0000000000,0.0000000000,0.0000000000,0.0698987469,nan,nan,nan,nan,nan,nan,nan,nan,nan,nan,nan,nan,nan,nan,nan,nan,nan,nan,nan,nan,nan,0.0200350285,0.3600368500,inf,inf,inf,inf,inf,0.0800447464,0.0200135708,inf,inf,inf,inf,inf,inf,inf,1551
1779239080.5414595604,-0.0392367132,0.1139182448,0.0921172127,-0.0083026713,0.0027675183,-0.0000114890,3.6630001068,nan,nan,nan,nan,nan,nan,nan,nan,nan,nan,nan,nan,nan,nan,nan,nan,nan,nan,0.0000000000,0.0000000000,0.0000000000,0.0000000000,0.0000000000,0.0698987469,nan,nan,nan,nan,nan,nan,nan,nan,nan,nan,nan,nan,nan,nan,nan,nan,nan,nan,nan,nan,nan,0.0300347805,0.3700366020,inf,inf,inf,inf,inf,0.0900444984,0.0300133228,inf,inf,inf,inf,inf,inf,inf,1551
1779239080.5514566898,-0.0392367132,0.1139182448,0.0921172127,-0.0083026713,0.0027675183,-0.0000114890,3.6630001068,nan,nan,nan,nan,nan,nan,nan,nan,nan,nan,nan,nan,nan,nan,nan,nan,nan,nan,0.0000000000,0.0000000000,0.0000000000,0.0000000000,0.0000000000,0.0698987469,nan,nan,nan,nan,nan,nan,nan,nan,nan,nan,nan,nan,nan,nan,nan,nan,nan,nan,nan,nan,nan,0.0400319099,0.3800337315,inf,inf,inf,inf,inf,0.1000416279,0.0400104523,inf,inf,inf,inf,inf,inf,inf,1551
1779239080.5615136623,-0.0393586047,0.1138454974,0.0921731666,-0.0083026713,0.0027675183,-0.0000114890,3.6630001068,nan,nan,nan,nan,nan,nan,nan,nan,nan,nan,nan,nan,nan,nan,nan,nan,nan,nan,0.0000000000,0.0000000000,0.0000000000,0.0000000000,0.0000000000,0.0698987469,nan,nan,nan,nan,nan,nan,nan,nan,nan,nan,nan,nan,nan,nan,nan,nan,nan,nan,nan,nan,nan,0.0000405312,0.3900907040,inf,inf,inf,inf,inf,0.0000121593,0.0500674248,inf,inf,inf,inf,inf,inf,inf,1551
1779239080.5714690685,-0.0393586047,0.1138454974,0.0921731666,-0.0083026713,0.0027675183,-0.0000114890,3.6630001068,nan,nan,nan,nan,nan,nan,nan,nan,nan,nan,nan,nan,nan,nan,nan,nan,nan,nan,0.0000000000,0.0000000000,0.0000000000,0.0000000000,0.0000000000,0.0698987469,nan,nan,nan,nan,nan,nan,nan,nan,nan,nan,nan,nan,nan,nan,nan,nan,nan,nan,nan,nan,nan,0.0099959373,0.4000461102,inf,inf,inf,inf,inf,0.0099675655,0.0600228310,inf,inf,inf,inf,inf,inf,inf,1551
1779239080.5814797878,-0.0393586047,0.1138454974,0.0921731666,-0.0083026713,0.0027675183,-0.0000114890,3.6630001068,nan,nan,nan,nan,nan,nan,nan,nan,nan,nan,nan,nan,nan,nan,nan,nan,nan,nan,0.0000000000,0.0000000000,0.0000000000,0.0000000000,0.0000000000,0.0698987469,nan,nan,nan,nan,nan,nan,nan,nan,nan,nan,nan,nan,nan,nan,nan,nan,nan,nan,nan,nan,nan,0.0200066566,0.4100568295,inf,inf,inf,inf,inf,0.0199782848,0.0700335503,inf,inf,inf,inf,inf,inf,inf,1551
1779239080.5914597511,-0.0393586047,0.1138454974,0.0921731666,-0.0083026713,0.0027675183,-0.0000114890,3.6630001068,nan,nan,nan,nan,nan,nan,nan,nan,nan,nan,nan,nan,nan,nan,nan,nan,nan,nan,0.0000000000,0.0000000000,0.0000000000,0.0000000000,0.0000000000,0.0698987469,nan,nan,nan,nan,nan,nan,nan,nan,nan,nan,nan,nan,nan,nan,nan,nan,nan,nan,nan,nan,nan,0.0299866199,0.4200367928,inf,inf,inf,inf,inf,0.0299582481,0.0800135136,inf,inf,inf,inf,inf,inf,inf,1551
1779239080.6014318466,-0.0393586047,0.1138454974,0.0921731666,-0.0083026713,0.0027675183,-0.0000114890,3.6630001068,nan,nan,nan,nan,nan,nan,nan,nan,nan,nan,nan,nan,nan,nan,nan,nan,nan,nan,0.0000000000,0.0000000000,0.0000000000,0.0000000000,0.0000000000,0.0698987469,nan,nan,nan,nan,nan,nan,nan,nan,nan,nan,nan,nan,nan,nan,nan,nan,nan,nan,nan,nan,nan,0.0399587154,0.4300088882,inf,inf,inf,inf,inf,0.0399303436,0.0899856091,inf,inf,inf,inf,inf,inf,inf,1551
1779239080.6114518642,-0.0390629098,0.1139474586,0.0920266584,-0.0083026713,0.0027675183,-0.0000114890,3.6630001068,nan,nan,nan,nan,nan,nan,nan,nan,nan,nan,nan,nan,nan,nan,nan,nan,nan,nan,0.0000000000,0.0000000000,0.0000000000,0.0000000000,0.0000000000,0.0670956224,nan,nan,nan,nan,nan,nan,nan,nan,nan,nan,nan,nan,nan,nan,nan,nan,nan,nan,nan,nan,nan,0.0000348091,0.4400289059,inf,inf,inf,inf,inf,0.0499503613,0.0000090599,inf,inf,inf,inf,inf,inf,inf,1551
1779239080.6214525700,-0.0390629098,0.1139474586,0.0920266584,-0.0083026713,0.0027675183,-0.0000114890,3.6630001068,nan,nan,nan,nan,nan,nan,nan,nan,nan,nan,nan,nan,nan,nan,nan,nan,nan,nan,0.0000000000,0.0000000000,0.0000000000,0.0000000000,0.0000000000,0.0670956224,nan,nan,nan,nan,nan,nan,nan,nan,nan,nan,nan,nan,nan,nan,nan,nan,nan,nan,nan,nan,nan,0.0100355148,0.4500296116,inf,inf,inf,inf,inf,0.0599510670,0.0100097656,inf,inf,inf,inf,inf,inf,inf,1551
1779239080.6314513683,-0.0390629098,0.1139474586,0.0920266584,-0.0083026713,0.0027675183,-0.0000114890,3.6630001068,nan,nan,nan,nan,nan,nan,nan,nan,nan,nan,nan,nan,nan,nan,nan,nan,nan,nan,0.0000000000,0.0000000000,0.0000000000,0.0000000000,0.0000000000,0.0670956224,nan,nan,nan,nan,nan,nan,nan,nan,nan,nan,nan,nan,nan,nan,nan,nan,nan,nan,nan,nan,nan,0.0200343132,0.4600284100,inf,inf,inf,inf,inf,0.0699498653,0.0200085640,inf,inf,inf,inf,inf,inf,inf,1551
1779239080.6414484978,-0.0390629098,0.1139474586,0.0920266584,-0.0083026713,0.0027675183,-0.0000114890,3.6630001068,nan,nan,nan,nan,nan,nan,nan,nan,nan,nan,nan,nan,nan,nan,nan,nan,nan,nan,0.0000000000,0.0000000000,0.0000000000,0.0000000000,0.0000000000,0.0670956224,nan,nan,nan,nan,nan,nan,nan,nan,nan,nan,nan,nan,nan,nan,nan,nan,nan,nan,nan,nan,nan,0.0300314426,0.4700255394,inf,inf,inf,inf,inf,0.0799469948,0.0300056934,inf,inf,inf,inf,inf,inf,inf,1551
1779239080.6514148712,-0.0390629098,0.1139474586,0.0920266584,-0.0083026713,0.0027675183,-0.0000114890,3.6630001068,nan,nan,nan,nan,nan,nan,nan,nan,nan,nan,nan,nan,nan,nan,nan,nan,nan,nan,0.0000000000,0.0000000000,0.0000000000,0.0000000000,0.0000000000,0.0670956224,nan,nan,nan,nan,nan,nan,nan,nan,nan,nan,nan,nan,nan,nan,nan,nan,nan,nan,nan,nan,nan,0.0399978161,0.4799919128,inf,inf,inf,inf,inf,0.0000090599,0.0399720669,inf,inf,inf,inf,inf,inf,inf,1551
1779239080.6614389420,-0.0391349234,0.1138559431,0.0920568332,-0.0083026713,0.0027675183,-0.0000114890,3.6630001068,nan,nan,nan,nan,nan,nan,nan,nan,nan,nan,nan,nan,nan,nan,nan,nan,nan,nan,0.0000000000,0.0000000000,0.0000000000,0.0000000000,0.0000000000,0.0670956224,nan,nan,nan,nan,nan,nan,nan,nan,nan,nan,nan,nan,nan,nan,nan,nan,nan,nan,nan,nan,nan,0.0000114441,0.4900159836,inf,inf,inf,inf,inf,0.0100331306,0.0499961376,inf,inf,inf,inf,inf,inf,inf,1551
1779239080.6714539528,-0.0391349234,0.1138559431,0.0920568332,-0.0083026713,0.0027675183,-0.0000114890,3.6630001068,nan,nan,nan,nan,nan,nan,nan,nan,nan,nan,nan,nan,nan,nan,nan,nan,nan,nan,0.0000000000,0.0000000000,0.0000000000,0.0000000000,0.0000000000,0.0670956224,nan,nan,nan,nan,nan,nan,nan,nan,nan,nan,nan,nan,nan,nan,nan,nan,nan,nan,nan,nan,nan,0.0100264549,0.5000309944,inf,inf,inf,inf,inf,0.0200481415,0.0600111485,inf,inf,inf,inf,inf,inf,inf,1551
1779239080.6814684868,-0.0391349234,0.1138559431,0.0920568332,-0.0083026713,0.0027675183,-0.0000114890,3.6630001068,nan,nan,nan,nan,nan,nan,nan,nan,nan,nan,nan,nan,nan,nan,nan,nan,nan,nan,0.0000000000,0.0000000000,0.0000000000,0.0000000000,0.0000000000,0.0670956224,nan,nan,nan,nan,nan,nan,nan,nan,nan,nan,nan,nan,nan,nan,nan,nan,nan,nan,nan,nan,nan,0.0200409889,0.5100455284,inf,inf,inf,inf,inf,0.0300626755,0.0700256824,inf,inf,inf,inf,inf,inf,inf,1551
1779239080.6914730072,-0.0391349234,0.1138559431,0.0920568332,-0.0083026713,0.0027675183,-0.0000114890,3.6630001068,nan,nan,nan,nan,nan,nan,nan,nan,nan,nan,nan,nan,nan,nan,nan,nan,nan,nan,0.0000000000,0.0000000000,0.0000000000,0.0000000000,0.0000000000,0.0670956224,nan,nan,nan,nan,nan,nan,nan,nan,nan,nan,nan,nan,nan,nan,nan,nan,nan,nan,nan,nan,nan,0.0300455093,0.5200500488,inf,inf,inf,inf,inf,0.0400671959,0.0800302029,inf,inf,inf,inf,inf,inf,inf,1551
1779239080.7014510632,-0.0391349234,0.1138559431,0.0920568332,-0.0083026713,0.0027675183,-0.0000114890,3.6630001068,nan,nan,nan,nan,nan,nan,nan,nan,nan,nan,nan,nan,nan,nan,nan,nan,nan,nan,0.0000000000,0.0000000000,0.0000000000,0.0000000000,0.0000000000,0.0670956224,nan,nan,nan,nan,nan,nan,nan,nan,nan,nan,nan,nan,nan,nan,nan,nan,nan,nan,nan,nan,nan,0.0400235653,0.5300281048,inf,inf,inf,inf,inf,0.0500452518,0.0900082588,inf,inf,inf,inf,inf,inf,inf,1551
1779239080.7114520073,-0.0390069559,0.1139926985,0.0920021534,-0.0083026713,0.0027675183,-0.0000114890,3.6630001068,nan,nan,nan,nan,nan,nan,nan,nan,nan,nan,nan,nan,nan,nan,nan,nan,nan,nan,0.0000000000,0.0000000000,0.0000000000,0.0000000000,0.0000000000,0.0669710711,nan,nan,nan,nan,nan,nan,nan,nan,nan,nan,nan,nan,nan,nan,nan,nan,nan,nan,nan,nan,nan,0.0000343323,0.5400290489,inf,inf,inf,inf,inf,0.0600461960,0.0000095367,inf,inf,inf,inf,inf,inf,inf,1551
1779239080.7214577198,-0.0390069559,0.1139926985,0.0920021534,-0.0083026713,0.0027675183,-0.0000114890,3.6630001068,nan,nan,nan,nan,nan,nan,nan,nan,nan,nan,nan,nan,nan,nan,nan,nan,nan,nan,0.0000000000,0.0000000000,0.0000000000,0.0000000000,0.0000000000,0.0669710711,nan,nan,nan,nan,nan,nan,nan,nan,nan,nan,nan,nan,nan,nan,nan,nan,nan,nan,nan,nan,nan,0.0100400448,0.5500347614,inf,inf,inf,inf,inf,0.0700519085,0.0100152493,inf,inf,inf,inf,inf,inf,inf,1551
1779239080.7314562798,-0.0390069559,0.1139926985,0.0920021534,-0.0083026713,0.0027675183,-0.0000114890,3.6630001068,nan,nan,nan,nan,nan,nan,nan,nan,nan,nan,nan,nan,nan,nan,nan,nan,nan,nan,0.0000000000,0.0000000000,0.0000000000,0.0000000000,0.0000000000,0.0669710711,nan,nan,nan,nan,nan,nan,nan,nan,nan,nan,nan,nan,nan,nan,nan,nan,nan,nan,nan,nan,nan,0.0200386047,0.5600333214,inf,inf,inf,inf,inf,0.0800504684,0.0200138092,inf,inf,inf,inf,inf,inf,inf,1551
1779239080.7414593697,-0.0390069559,0.1139926985,0.0920021534,-0.0083026713,0.0027675183,-0.0000114890,3.6630001068,nan,nan,nan,nan,nan,nan,nan,nan,nan,nan,nan,nan,nan,nan,nan,nan,nan,nan,0.0000000000,0.0000000000,0.0000000000,0.0000000000,0.0000000000,0.0669710711,nan,nan,nan,nan,nan,nan,nan,nan,nan,nan,nan,nan,nan,nan,nan,nan,nan,nan,nan,nan,nan,0.0300416946,0.5700364113,inf,inf,inf,inf,inf,0.0900535583,0.0300168991,inf,inf,inf,inf,inf,inf,inf,1551
1779239080.7514533997,-0.0390069559,0.1139926985,0.0920021534,-0.0083026713,0.0027675183,-0.0000114890,3.6630001068,nan,nan,nan,nan,nan,nan,nan,nan,nan,nan,nan,nan,nan,nan,nan,nan,nan,nan,0.0000000000,0.0000000000,0.0000000000,0.0000000000,0.0000000000,0.0669710711,nan,nan,nan,nan,nan,nan,nan,nan,nan,nan,nan,nan,nan,nan,nan,nan,nan,nan,nan,nan,nan,0.0400357246,0.5800304413,inf,inf,inf,inf,inf,0.0000138283,0.0400109291,inf,inf,inf,inf,inf,inf,inf,1551
1779239080.7614576817,-0.0390543379,0.1139412746,0.0920211896,-0.0083026713,0.0027675183,-0.0000114890,3.6630001068,nan,nan,nan,nan,nan,nan,nan,nan,nan,nan,nan,nan,nan,nan,nan,nan,nan,nan,0.0000000000,0.0000000000,0.0000000000,0.0000000000,0.0000000000,0.0669710711,nan,nan,nan,nan,nan,nan,nan,nan,nan,nan,nan,nan,nan,nan,nan,nan,nan,nan,nan,nan,nan,0.0000133514,0.5900347233,inf,inf,inf,inf,inf,0.0100181103,0.0500152111,inf,inf,inf,inf,inf,inf,inf,1551
1779239080.7714588642,-0.0390543379,0.1139412746,0.0920211896,-0.0083026713,0.0027675183,-0.0000114890,3.6630001068,nan,nan,nan,nan,nan,nan,nan,nan,nan,nan,nan,nan,nan,nan,nan,nan,nan,nan,0.0000000000,0.0000000000,0.0000000000,0.0000000000,0.0000000000,0.0669710711,nan,nan,nan,nan,nan,nan,nan,nan,nan,nan,nan,nan,nan,nan,nan,nan,nan,nan,nan,nan,nan,0.0100145340,0.6000359058,inf,inf,inf,inf,inf,0.0200192928,0.0600163937,inf,inf,inf,inf,inf,inf,inf,1551
1779239080.7814640999,-0.0390543379,0.1139412746,0.0920211896,-0.0083026713,0.0027675183,-0.0000114890,3.6630001068,nan,nan,nan,nan,nan,nan,nan,nan,nan,nan,nan,nan,nan,nan,nan,nan,nan,nan,0.0000000000,0.0000000000,0.0000000000,0.0000000000,0.0000000000,0.0669710711,nan,nan,nan,nan,nan,nan,nan,nan,nan,nan,nan,nan,nan,nan,nan,nan,nan,nan,nan,nan,nan,0.0200197697,0.6100411415,inf,inf,inf,inf,inf,0.0300245285,0.0700216293,inf,inf,inf,inf,inf,inf,inf,1551
1779239080.7914571762,-0.0390543379,0.1139412746,0.0920211896,-0.0083026713,0.0027675183,-0.0000114890,3.6630001068,nan,nan,nan,nan,nan,nan,nan,nan,nan,nan,nan,nan,nan,nan,nan,nan,nan,nan,0.0000000000,0.0000000000,0.0000000000,0.0000000000,0.0000000000,0.0669710711,nan,nan,nan,nan,nan,nan,nan,nan,nan,nan,nan,nan,nan,nan,nan,nan,nan,nan,nan,nan,nan,0.0300128460,0.6200342178,inf,inf,inf,inf,inf,0.0400176048,0.0800147057,inf,inf,inf,inf,inf,inf,inf,1551
1779239080.8014538288,-0.0390543379,0.1139412746,0.0920211896,-0.0083026713,0.0027675183,-0.0000114890,3.6630001068,nan,nan,nan,nan,nan,nan,nan,nan,nan,nan,nan,nan,nan,nan,nan,nan,nan,nan,0.0000000000,0.0000000000,0.0000000000,0.0000000000,0.0000000000,0.0669710711,nan,nan,nan,nan,nan,nan,nan,nan,nan,nan,nan,nan,nan,nan,nan,nan,nan,nan,nan,nan,nan,0.0400094986,0.6300308704,inf,inf,inf,inf,inf,0.0500142574,0.0900113583,inf,inf,inf,inf,inf,inf,inf,1551
1779239080.8114802837,-0.0391043946,0.1138838008,0.0920723602,-0.0083026713,0.0027675183,-0.0000114890,3.6630001068,nan,nan,nan,nan,nan,nan,nan,nan,nan,nan,nan,nan,nan,nan,nan,nan,nan,nan,0.0000000000,0.0000000000,0.0000000000,0.0000000000,0.0000000000,0.0675280392,nan,nan,nan,nan,nan,nan,nan,nan,nan,nan,nan,nan,nan,nan,nan,nan,nan,nan,nan,nan,nan,0.0000352859,0.6400573254,inf,inf,inf,inf,inf,0.0600407124,0.0000104904,inf,inf,inf,inf,inf,inf,inf,1551
1779239080.8214488029,-0.0391043946,0.1138838008,0.0920723602,-0.0083026713,0.0027675183,-0.0000114890,3.6630001068,nan,nan,nan,nan,nan,nan,nan,nan,nan,nan,nan,nan,nan,nan,nan,nan,nan,nan,0.0000000000,0.0000000000,0.0000000000,0.0000000000,0.0000000000,0.0675280392,nan,nan,nan,nan,nan,nan,nan,nan,nan,nan,nan,nan,nan,nan,nan,nan,nan,nan,nan,nan,nan,0.0100038052,0.6500258446,inf,inf,inf,inf,inf,0.0700092316,0.0099790096,inf,inf,inf,inf,inf,inf,inf,1551
1779239080.8314363956,-0.0391043946,0.1138838008,0.0920723602,-0.0083026713,0.0027675183,-0.0000114890,3.6630001068,nan,nan,nan,nan,nan,nan,nan,nan,nan,nan,nan,nan,nan,nan,nan,nan,nan,nan,0.0000000000,0.0000000000,0.0000000000,0.0000000000,0.0000000000,0.0675280392,nan,nan,nan,nan,nan,nan,nan,nan,nan,nan,nan,nan,nan,nan,nan,nan,nan,nan,nan,nan,nan,0.0199913979,0.6600134373,inf,inf,inf,inf,inf,0.0799968243,0.0199666023,inf,inf,inf,inf,inf,inf,inf,1551
1779239080.8414583206,-0.0391043946,0.1138838008,0.0920723602,-0.0083026713,0.0027675183,-0.0000114890,3.6630001068,nan,nan,nan,nan,nan,nan,nan,nan,nan,nan,nan,nan,nan,nan,nan,nan,nan,nan,0.0000000000,0.0000000000,0.0000000000,0.0000000000,0.0000000000,0.0675280392,nan,nan,nan,nan,nan,nan,nan,nan,nan,nan,nan,nan,nan,nan,nan,nan,nan,nan,nan,nan,nan,0.0300133228,0.6700353622,inf,inf,inf,inf,inf,0.0900187492,0.0299885273,inf,inf,inf,inf,inf,inf,inf,1551
1779239080.8514370918,-0.0391043946,0.1138838008,0.0920723602,-0.0083026713,0.0027675183,-0.0000114890,3.6630001068,nan,nan,nan,nan,nan,nan,nan,nan,nan,nan,nan,nan,nan,nan,nan,nan,nan,nan,0.0000000000,0.0000000000,0.0000000000,0.0000000000,0.0000000000,0.0675280392,nan,nan,nan,nan,nan,nan,nan,nan,nan,nan,nan,nan,nan,nan,nan,nan,nan,nan,nan,nan,nan,0.0399920940,0.6800141335,inf,inf,inf,inf,inf,0.0000143051,0.0399672985,inf,inf,inf,inf,inf,inf,inf,1551
1779239080.8614253998,-0.0391464829,0.1138165817,0.0921483487,-0.0083026713,0.0027675183,-0.0000114890,3.6630001068,nan,nan,nan,nan,nan,nan,nan,nan,nan,nan,nan,nan,nan,nan,nan,nan,nan,nan,0.0000000000,0.0000000000,0.0000000000,0.0000000000,0.0000000000,0.0675280392,nan,nan,nan,nan,nan,nan,nan,nan,nan,nan,nan,nan,nan,nan,nan,nan,nan,nan,nan,nan,nan,0.0000102520,0.6900024414,inf,inf,inf,inf,inf,0.0100026131,0.0499556065,inf,inf,inf,inf,inf,inf,inf,1551
1779239080.8714480400,-0.0391464829,0.1138165817,0.0921483487,-0.0083026713,0.0027675183,-0.0000114890,3.6630001068,nan,nan,nan,nan,nan,nan,nan,nan,nan,nan,nan,nan,nan,nan,nan,nan,nan,nan,0.0000000000,0.0000000000,0.0000000000,0.0000000000,0.0000000000,0.0675280392,nan,nan,nan,nan,nan,nan,nan,nan,nan,nan,nan,nan,nan,nan,nan,nan,nan,nan,nan,nan,nan,0.0100328922,0.7000250816,inf,inf,inf,inf,inf,0.0200252533,0.0599782467,inf,inf,inf,inf,inf,inf,inf,1551
1779239080.8814740181,-0.0391464829,0.1138165817,0.0921483487,-0.0083026713,0.0027675183,-0.0000114890,3.6630001068,nan,nan,nan,nan,nan,nan,nan,nan,nan,nan,nan,nan,nan,nan,nan,nan,nan,nan,0.0000000000,0.0000000000,0.0000000000,0.0000000000,0.0000000000,0.0675280392,nan,nan,nan,nan,nan,nan,nan,nan,nan,nan,nan,nan,nan,nan,nan,nan,nan,nan,nan,nan,nan,0.0200588703,0.7100510597,inf,inf,inf,inf,inf,0.0300512314,0.0700042248,inf,inf,inf,inf,inf,inf,inf,1551
1779239080.8914587498,-0.0391464829,0.1138165817,0.0921483487,-0.0083026713,0.0027675183,-0.0000114890,3.6630001068,nan,nan,nan,nan,nan,nan,nan,nan,nan,nan,nan,nan,nan,nan,nan,nan,nan,nan,0.0000000000,0.0000000000,0.0000000000,0.0000000000,0.0000000000,0.0675280392,nan,nan,nan,nan,nan,nan,nan,nan,nan,nan,nan,nan,nan,nan,nan,nan,nan,nan,nan,nan,nan,0.0300436020,0.7200357914,inf,inf,inf,inf,inf,0.0400359631,0.0799889565,inf,inf,inf,inf,inf,inf,inf,1551
1779239080.9014456272,-0.0391464829,0.1138165817,0.0921483487,-0.0083026713,0.0027675183,-0.0000114890,3.6630001068,nan,nan,nan,nan,nan,nan,nan,nan,nan,nan,nan,nan,nan,nan,nan,nan,nan,nan,0.0000000000,0.0000000000,0.0000000000,0.0000000000,0.0000000000,0.0675280392,nan,nan,nan,nan,nan,nan,nan,nan,nan,nan,nan,nan,nan,nan,nan,nan,nan,nan,nan,nan,nan,0.0400304794,0.7300226688,inf,inf,inf,inf,inf,0.0500228405,0.0899758339,inf,inf,inf,inf,inf,inf,inf,1551
1779239080.9114181995,-0.0390400924,0.1139413789,0.0920308083,-0.0083026713,0.0027675183,-0.0000114890,3.6630001068,nan,nan,nan,nan,nan,nan,nan,nan,nan,nan,nan,nan,nan,nan,nan,nan,nan,nan,0.0000000000,0.0000000000,0.0000000000,0.0000000000,0.0000000000,0.0719084442,nan,nan,nan,nan,nan,nan,nan,nan,nan,nan,nan,nan,nan,nan,nan,nan,nan,nan,nan,nan,nan,0.0000257492,0.7399952412,inf,inf,inf,inf,inf,0.0599954128,0.0000076294,inf,inf,inf,inf,inf,inf,inf,1551
1779239080.9214301109,-0.0390400924,0.1139413789,0.0920308083,-0.0083026713,0.0027675183,-0.0000114890,3.6630001068,nan,nan,nan,nan,nan,nan,nan,nan,nan,nan,nan,nan,nan,nan,nan,nan,nan,nan,0.0000000000,0.0000000000,0.0000000000,0.0000000000,0.0000000000,0.0719084442,nan,nan,nan,nan,nan,nan,nan,nan,nan,nan,nan,nan,nan,nan,nan,nan,nan,nan,nan,nan,nan,0.0100376606,0.7500071526,inf,inf,inf,inf,inf,0.0700073242,0.0100195408,inf,inf,inf,inf,inf,inf,inf,1551
1779239080.9314241409,-0.0390400924,0.1139413789,0.0920308083,-0.0083026713,0.0027675183,-0.0000114890,3.6630001068,nan,nan,nan,nan,nan,nan,nan,nan,nan,nan,nan,nan,nan,nan,nan,nan,nan,nan,0.0000000000,0.0000000000,0.0000000000,0.0000000000,0.0000000000,0.0719084442,nan,nan,nan,nan,nan,nan,nan,nan,nan,nan,nan,nan,nan,nan,nan,nan,nan,nan,nan,nan,nan,0.0200316906,0.7600011826,inf,inf,inf,inf,inf,0.0800013542,0.0200135708,inf,inf,inf,inf,inf,inf,inf,1551
1779239080.9414331913,-0.0390400924,0.1139413789,0.0920308083,-0.0083026713,0.0027675183,-0.0000114890,3.6630001068,nan,nan,nan,nan,nan,nan,nan,nan,nan,nan,nan,nan,nan,nan,nan,nan,nan,nan,0.0000000000,0.0000000000,0.0000000000,0.0000000000,0.0000000000,0.0719084442,nan,nan,nan,nan,nan,nan,nan,nan,nan,nan,nan,nan,nan,nan,nan,nan,nan,nan,nan,nan,nan,0.0300407410,0.7700102329,inf,inf,inf,inf,inf,0.0900104046,0.0300226212,inf,inf,inf,inf,inf,inf,inf,1551
1779239080.9513919353,-0.0390400924,0.1139413789,0.0920308083,-0.0083026713,0.0027675183,-0.0000114890,3.6630001068,nan,nan,nan,nan,nan,nan,nan,nan,nan,nan,nan,nan,nan,nan,nan,nan,nan,nan,0.0000000000,0.0000000000,0.0000000000,0.0000000000,0.0000000000,0.0719084442,nan,nan,nan,nan,nan,nan,nan,nan,nan,nan,nan,nan,nan,nan,nan,nan,nan,nan,nan,nan,nan,0.0399994850,0.7799689770,inf,inf,inf,inf,inf,0.0000083447,0.0399813652,inf,inf,inf,inf,inf,inf,inf,1551
1779239080.9614052773,-0.0390848257,0.1138630211,0.0920638889,-0.0083026713,0.0027675183,-0.0000114890,3.6630001068,nan,nan,nan,nan,nan,nan,nan,nan,nan,nan,nan,nan,nan,nan,nan,nan,nan,nan,0.0000000000,0.0000000000,0.0000000000,0.0000000000,0.0000000000,0.0719084442,nan,nan,nan,nan,nan,nan,nan,nan,nan,nan,nan,nan,nan,nan,nan,nan,nan,nan,nan,nan,nan,0.0000083447,0.7899823189,inf,inf,inf,inf,inf,0.0100216866,0.0499947071,inf,inf,inf,inf,inf,inf,inf,1551
1779239080.9714908600,-0.0390848257,0.1138630211,0.0920638889,-0.0083026713,0.0027675183,-0.0000114890,3.6630001068,nan,nan,nan,nan,nan,nan,nan,nan,nan,nan,nan,nan,nan,nan,nan,nan,nan,nan,0.0000000000,0.0000000000,0.0000000000,0.0000000000,0.0000000000,0.0719084442,nan,nan,nan,nan,nan,nan,nan,nan,nan,nan,nan,nan,nan,nan,nan,nan,nan,nan,nan,nan,nan,0.0100939274,0.8000679016,inf,inf,inf,inf,inf,0.0201072693,0.0600802898,inf,inf,inf,inf,inf,inf,inf,1551
1779239080.9814589024,-0.0390848257,0.1138630211,0.0920638889,-0.0083026713,0.0027675183,-0.0000114890,3.6630001068,nan,nan,nan,nan,nan,nan,nan,nan,nan,nan,nan,nan,nan,nan,nan,nan,nan,nan,0.0000000000,0.0000000000,0.0000000000,0.0000000000,0.0000000000,0.0719084442,nan,nan,nan,nan,nan,nan,nan,nan,nan,nan,nan,nan,nan,nan,nan,nan,nan,nan,nan,nan,nan,0.0200619698,0.8100359440,inf,inf,inf,inf,inf,0.0300753117,0.0700483322,inf,inf,inf,inf,inf,inf,inf,1551
1779239080.9914622307,-0.0390848257,0.1138630211,0.0920638889,-0.0083026713,0.0027675183,-0.0000114890,3.6630001068,nan,nan,nan,nan,nan,nan,nan,nan,nan,nan,nan,nan,nan,nan,nan,nan,nan,nan,0.0000000000,0.0000000000,0.0000000000,0.0000000000,0.0000000000,0.0719084442,nan,nan,nan,nan,nan,nan,nan,nan,nan,nan,nan,nan,nan,nan,nan,nan,nan,nan,nan,nan,nan,0.0300652981,0.8200392723,inf,inf,inf,inf,inf,0.0400786400,0.0800516605,inf,inf,inf,inf,inf,inf,inf,1551
1779239081.0014700890,-0.0390848257,0.1138630211,0.0920638889,-0.0083026713,0.0027675183,-0.0000114890,3.6630001068,nan,nan,nan,nan,nan,nan,nan,nan,nan,nan,nan,nan,nan,nan,nan,nan,nan,nan,0.0000000000,0.0000000000,0.0000000000,0.0000000000,0.0000000000,0.0719084442,nan,nan,nan,nan,nan,nan,nan,nan,nan,nan,nan,nan,nan,nan,nan,nan,nan,nan,nan,nan,nan,0.0400731564,0.8300471306,inf,inf,inf,inf,inf,0.0500864983,0.0900595188,inf,inf,inf,inf,inf,inf,inf,1551
1779239081.0114710331,-0.0391245000,0.1137721762,0.0921158940,-0.0083026713,0.0027675183,-0.0000114890,3.6630001068,nan,nan,-0.1000000015,0.0000000000,-0.0399999991,0.0000000000,nan,nan,nan,nan,nan,nan,nan,nan,nan,nan,nan,nan,0.0000000000,0.0000000000,0.0000000000,0.0000000000,0.0000000000,0.0719084442,nan,nan,nan,nan,nan,nan,nan,nan,nan,nan,nan,nan,nan,nan,nan,nan,nan,nan,nan,nan,nan,0.0000362396,0.8400480747,inf,0.0000097752,inf,inf,inf,0.0600874424,0.1000604630,inf,inf,inf,inf,inf,inf,inf,1583
1779239081.0214462280,-0.0391245000,0.1137721762,0.0921158940,-0.0083026713,0.0027675183,-0.0000114890,3.6630001068,nan,nan,-0.1000000015,0.0000000000,-0.0399999991,0.0000000000,nan,nan,nan,nan,nan,nan,nan,nan,nan,nan,nan,nan,0.0000000000,0.0000000000,0.0000000000,0.0000000000,0.0000000000,0.0754784718,nan,nan,nan,nan,nan,nan,nan,nan,nan,nan,nan,nan,nan,nan,nan,nan,nan,nan,nan,nan,nan,0.0100114346,0.8500232697,inf,0.0099849701,inf,inf,inf,0.0700626373,0.0000107288,inf,inf,inf,inf,inf,inf,inf,1583
1779239081.0314629078,-0.0391245000,0.1137721762,0.0921158940,-0.0083026713,0.0027675183,-0.0000114890,3.6630001068,nan,nan,-0.1000000015,0.0000000000,-0.0399999991,0.0000000000,nan,nan,nan,nan,nan,nan,nan,nan,nan,nan,nan,nan,0.0000000000,0.0000000000,0.0000000000,0.0000000000,0.0000000000,0.0754784718,nan,nan,nan,nan,nan,nan,nan,nan,nan,nan,nan,nan,nan,nan,nan,nan,nan,nan,nan,nan,nan,0.0200281143,0.8600399494,inf,0.0200016499,inf,inf,inf,0.0800793171,0.0100274086,inf,inf,inf,inf,inf,inf,inf,1583
1779239081.0414929390,-0.0391245000,0.1137721762,0.0921158940,-0.0083026713,0.0027675183,-0.0000114890,3.6630001068,nan,nan,-0.1000000015,0.0000000000,-0.0399999991,0.0000000000,nan,nan,nan,nan,nan,nan,nan,nan,nan,nan,nan,nan,0.0000000000,0.0000000000,0.0000000000,0.0000000000,0.0000000000,0.0754784718,nan,nan,nan,nan,nan,nan,nan,nan,nan,nan,nan,nan,nan,nan,nan,nan,nan,nan,nan,nan,nan,0.0300581455,0.8700699806,inf,0.0300316811,inf,inf,inf,0.0901093483,0.0200574398,inf,inf,inf,inf,inf,inf,inf,1583
1779239081.0515465736,-0.0391245000,0.1137721762,0.0921158940,-0.0083026713,0.0027675183,-0.0000114890,3.6630001068,nan,nan,-0.1000000015,0.0000000000,-0.0399999991,0.0000000000,nan,nan,nan,nan,nan,nan,nan,nan,nan,nan,nan,nan,0.0000000000,0.0000000000,0.0000000000,0.0000000000,0.0000000000,0.0754784718,nan,nan,nan,nan,nan,nan,nan,nan,nan,nan,nan,nan,nan,nan,nan,nan,nan,nan,nan,nan,nan,0.0401117802,0.8801236153,inf,0.0400853157,inf,inf,inf,0.0000262260,0.0301110744,inf,inf,inf,inf,inf,inf,inf,1583
1779239081.0616099834,-0.0391442627,0.1136727557,0.0921747535,-0.0082988338,0.0027790046,0.0027560373,3.6630001068,nan,nan,-0.1000000015,0.0000000000,-0.0399999991,0.0000000000,nan,nan,nan,nan,nan,nan,nan,nan,nan,nan,nan,nan,0.0000000000,0.0000000000,0.0000000000,0.0000000000,0.0000000000,0.0754784718,nan,nan,nan,nan,nan,nan,nan,nan,nan,nan,nan,nan,nan,nan,nan,nan,nan,nan,nan,nan,nan,0.0000650883,0.8901870251,inf,0.0000243187,inf,inf,inf,0.0100896358,0.0401744843,inf,inf,inf,inf,inf,inf,inf,1583
1779239081.0715248585,-0.0391442627,0.1136727557,0.0921747535,-0.0082988338,0.0027790046,0.0027560373,3.6630001068,nan,nan,-0.1000000015,0.0000000000,-0.0399999991,0.0000000000,nan,nan,nan,nan,nan,nan,nan,nan,nan,nan,nan,nan,0.0000000000,0.0000000000,0.0000000000,0.0000000000,0.0000000000,0.0754784718,nan,nan,nan,nan,nan,nan,nan,nan,nan,nan,nan,nan,nan,nan,nan,nan,nan,nan,nan,nan,nan,0.0099799633,0.9001019001,inf,0.0099391937,inf,inf,inf,0.0200045109,0.0500893593,inf,inf,inf,inf,inf,inf,inf,1583
1779239081.0814902782,-0.0391442627,0.1136727557,0.0921747535,-0.0082988338,0.0027790046,0.0027560373,3.6630001068,nan,nan,-0.1000000015,0.0000000000,-0.0399999991,0.0000000000,nan,nan,nan,nan,nan,nan,nan,nan,nan,nan,nan,nan,0.0000000000,0.0000000000,0.0000000000,0.0000000000,0.0000000000,0.0754784718,nan,nan,nan,nan,nan,nan,nan,nan,nan,nan,nan,nan,nan,nan,nan,nan,nan,nan,nan,nan,nan,0.0199453831,0.9100673199,inf,0.0199046135,inf,inf,inf,0.0299699306,0.0600547791,inf,inf,inf,inf,inf,inf,inf,1583
1779239081.0914664268,-0.0391442627,0.1136727557,0.0921747535,-0.0082988338,0.0027790046,0.0027560373,3.6630001068,nan,nan,-0.1000000015,0.0000000000,-0.0399999991,0.0000000000,nan,nan,nan,nan,nan,nan,nan,nan,nan,nan,nan,nan,0.0000000000,0.0000000000,0.0000000000,0.0000000000,0.0000000000,0.0754784718,nan,nan,nan,nan,nan,nan,nan,nan,nan,nan,nan,nan,nan,nan,nan,nan,nan,nan,nan,nan,nan,0.0299215317,0.9200434685,inf,0.0298807621,inf,inf,inf,0.0399460793,0.0700309277,inf,inf,inf,inf,inf,inf,inf,1583
1779239081.1014728546,-0.0391442627,0.1136727557,0.0921747535,-0.0082988338,0.0027790046,0.0027560373,3.6630001068,nan,nan,-0.1000000015,0.0000000000,-0.0399999991,0.0000000000,nan,nan,nan,nan,nan,nan,nan,nan,nan,nan,nan,nan,0.0000000000,0.0000000000,0.0000000000,0.0000000000,0.0000000000,0.0754784718,nan,nan,nan,nan,nan,nan,nan,nan,nan,nan,nan,nan,nan,nan,nan,nan,nan,nan,nan,nan,nan,0.0399279594,0.9300498962,inf,0.0398871899,inf,inf,inf,0.0499525070,0.0800373554,inf,inf,inf,inf,inf,inf,inf,1583
1779239081.1114950180,-0.0391536020,0.1135703400,0.0922404900,-0.0082988338,0.0027790046,0.0027560373,3.6630001068,nan,nan,-0.1000000015,0.0000000000,-0.0399999991,0.0000000000,nan,nan,nan,nan,nan,nan,nan,nan,nan,nan,nan,nan,0.0000000000,0.0000000000,0.0000000000,0.0000000000,0.0000000000,0.0800277367,nan,nan,nan,nan,nan,nan,nan,nan,nan,nan,nan,nan,nan,nan,nan,nan,nan,nan,nan,nan,nan,0.0000569820,0.9400720596,inf,0.0000348091,inf,inf,inf,0.0599746704,0.0000128746,inf,inf,inf,inf,inf,inf,inf,1583
1779239081.1214349270,-0.0391536020,0.1135703400,0.0922404900,-0.0082988338,0.0027790046,0.0027560373,3.6630001068,nan,nan,-0.1000000015,0.0000000000,-0.0399999991,0.0000000000,nan,nan,nan,nan,nan,nan,nan,nan,nan,nan,nan,nan,0.0000000000,0.0000000000,0.0000000000,0.0000000000,0.0000000000,0.0800277367,nan,nan,nan,nan,nan,nan,nan,nan,nan,nan,nan,nan,nan,nan,nan,nan,nan,nan,nan,nan,nan,0.0099968910,0.9500119686,inf,0.0099747181,inf,inf,inf,0.0699145794,0.0099527836,inf,inf,inf,inf,inf,inf,inf,1583
1779239081.1314914227,-0.0391536020,0.1135703400,0.0922404900,-0.0082988338,0.0027790046,0.0027560373,3.6630001068,nan,nan,-0.1000000015,0.0000000000,-0.0399999991,0.0000000000,nan,nan,nan,nan,nan,nan,nan,nan,nan,nan,nan,nan,0.0000000000,0.0000000000,0.0000000000,0.0000000000,0.0000000000,0.0800277367,nan,nan,nan,nan,nan,nan,nan,nan,nan,nan,nan,nan,nan,nan,nan,nan,nan,nan,nan,nan,nan,0.0200533867,0.9600684643,inf,0.0200312138,inf,inf,inf,0.0799710751,0.0200092793,inf,inf,inf,inf,inf,inf,inf,1583
1779239081.1414575577,-0.0391536020,0.1135703400,0.0922404900,-0.0082988338,0.0027790046,0.0027560373,3.6630001068,nan,nan,-0.1000000015,0.0000000000,-0.0399999991,0.0000000000,nan,nan,nan,nan,nan,nan,nan,nan,nan,nan,nan,nan,0.0000000000,0.0000000000,0.0000000000,0.0000000000,0.0000000000,0.0800277367,nan,nan,nan,nan,nan,nan,nan,nan,nan,nan,nan,nan,nan,nan,nan,nan,nan,nan,nan,nan,nan,0.0300195217,0.9700345993,inf,0.0299973488,inf,inf,inf,0.0899372101,0.0299754143,inf,inf,inf,inf,inf,inf,inf,1583
1779239081.1514487267,-0.0391536020,0.1135703400,0.0922404900,-0.0082988338,0.0027790046,0.0027560373,3.6630001068,nan,nan,-0.1000000015,0.0000000000,-0.0399999991,0.0000000000,nan,nan,nan,nan,nan,nan,nan,nan,nan,nan,nan,nan,0.0000000000,0.0000000000,0.0000000000,0.0000000000,0.0000000000,0.0800277367,nan,nan,nan,nan,nan,nan,nan,nan,nan,nan,nan,nan,nan,nan,nan,nan,nan,nan,nan,nan,nan,0.0400106907,0.9800257683,inf,0.0399885178,inf,inf,inf,0.0999283791,0.0399665833,inf,inf,inf,inf,inf,inf,inf,1583
1779239081.1615819931,-0.0391520597,0.1134666055,0.0922971666,-0.0083026713,0.0027675183,-0.0000114890,3.6630001068,nan,nan,-0.1000000015,0.0000000000,-0.0399999991,0.0000000000,nan,nan,nan,nan,nan,nan,nan,nan,nan,nan,nan,nan,0.0000000000,0.0000000000,0.0000000000,0.0000000000,0.0000000000,0.0800277367,nan,nan,nan,nan,nan,nan,nan,nan,nan,nan,nan,nan,nan,nan,nan,nan,nan,nan,nan,nan,nan,0.0000917912,0.9901590347,inf,0.0000567436,inf,inf,inf,0.0000200272,0.0500998497,inf,inf,inf,inf,inf,inf,inf,1583
1779239081.1715126038,-0.0391520597,0.1134666055,0.0922971666,-0.0083026713,0.0027675183,-0.0000114890,3.6579999924,nan,nan,-0.1000000015,0.0000000000,-0.0399999991,0.0000000000,nan,nan,nan,nan,nan,nan,nan,nan,nan,nan,nan,nan,0.0000000000,0.0000000000,0.0000000000,0.0000000000,0.0000000000,0.0800277367,nan,nan,nan,nan,nan,nan,nan,nan,nan,nan,nan,nan,nan,nan,nan,nan,nan,nan,nan,nan,nan,0.0100224018,0.0000202656,inf,0.0099873543,inf,inf,inf,0.0099506378,0.0600304604,inf,inf,inf,inf,inf,inf,inf,1583
1779239081.1815199852,-0.0391520597,0.1134666055,0.0922971666,-0.0083026713,0.0027675183,-0.0000114890,3.6579999924,nan,nan,-0.1000000015,0.0000000000,-0.0399999991,0.0000000000,nan,nan,nan,nan,nan,nan,nan,nan,nan,nan,nan,nan,0.0000000000,0.0000000000,0.0000000000,0.0000000000,0.0000000000,0.0800277367,nan,nan,nan,nan,nan,nan,nan,nan,nan,nan,nan,nan,nan,nan,nan,nan,nan,nan,nan,nan,nan,0.0200297832,0.0100276470,inf,0.0199947357,inf,inf,inf,0.0199580193,0.0700378418,inf,inf,inf,inf,inf,inf,inf,1583
1779239081.1915185452,-0.0391520597,0.1134666055,0.0922971666,-0.0083026713,0.0027675183,-0.0000114890,3.6579999924,nan,nan,-0.1000000015,0.0000000000,-0.0399999991,0.0000000000,nan,nan,nan,nan,nan,nan,nan,nan,nan,nan,nan,nan,0.0000000000,0.0000000000,0.0000000000,0.0000000000,0.0000000000,0.0800277367,nan,nan,nan,nan,nan,nan,nan,nan,nan,nan,nan,nan,nan,nan,nan,nan,nan,nan,nan,nan,nan,0.0300283432,0.0200262070,inf,0.0299932957,inf,inf,inf,0.0299565792,0.0800364017,inf,inf,inf,inf,inf,inf,inf,1583
1779239081.2015306950,-0.0391520597,0.1134666055,0.0922971666,-0.0083026713,0.0027675183,-0.0000114890,3.6579999924,nan,nan,-0.1000000015,0.0000000000,-0.0399999991,0.0000000000,nan,nan,nan,nan,nan,nan,nan,nan,nan,nan,nan,nan,0.0000000000,0.0000000000,0.0000000000,0.0000000000,0.0000000000,0.0800277367,nan,nan,nan,nan,nan,nan,nan,nan,nan,nan,nan,nan,nan,nan,nan,nan,nan,nan,nan,nan,nan,0.0400404930,0.0300383568,inf,0.0400054455,inf,inf,inf,0.0399687290,0.0900485516,inf,inf,inf,inf,inf,inf,inf,1583
1779239081.2116003036,-0.0391716473,0.1133158877,0.0923725143,-0.0083026713,0.0027675183,-0.0000114890,3.6579999924,nan,nan,-0.1000000015,0.0000000000,-0.0399999991,0.0000000000,nan,nan,nan,nan,nan,nan,nan,nan,nan,nan,nan,nan,0.0000000000,0.0000000000,0.0000000000,0.0000000000,0.0000000000,0.0774703249,nan,nan,nan,nan,nan,nan,nan,nan,nan,nan,nan,nan,nan,nan,nan,nan,nan,nan,nan,nan,nan,0.0000927448,0.0401079655,inf,0.0000562668,inf,inf,inf,0.0500383377,0.0000200272,inf,inf,inf,inf,inf,inf,inf,1583
1779239081.2215082645,-0.0391716473,0.1133158877,0.0923725143,-0.0083026713,0.0027675183,-0.0000114890,3.6579999924,nan,nan,-0.1000000015,0.0000000000,-0.0399999991,0.0000000000,nan,nan,nan,nan,nan,nan,nan,nan,nan,nan,nan,nan,0.0000000000,0.0000000000,0.0000000000,0.0000000000,0.0000000000,0.0774703249,nan,nan,nan,nan,nan,nan,nan,nan,nan,nan,nan,nan,nan,nan,nan,nan,nan,nan,nan,nan,nan,0.0100007057,0.0500159264,inf,0.0099642277,inf,inf,inf,0.0599462986,0.0099279881,inf,inf,inf,inf,inf,inf,inf,1583
1779239081.2315158844,-0.0391716473,0.1133158877,0.0923725143,-0.0083026713,0.0027675183,-0.0000114890,3.6579999924,nan,nan,-0.1000000015,0.0000000000,-0.0399999991,0.0000000000,nan,nan,nan,nan,nan,nan,nan,nan,nan,nan,nan,nan,0.0000000000,0.0000000000,0.0000000000,0.0000000000,0.0000000000,0.0774703249,nan,nan,nan,nan,nan,nan,nan,nan,nan,nan,nan,nan,nan,nan,nan,nan,nan,nan,nan,nan,nan,0.0200083256,0.0600235462,inf,0.0199718475,inf,inf,inf,0.0699539185,0.0199356079,inf,inf,inf,inf,inf,inf,inf,1583
1779239081.2414999008,-0.0391716473,0.1133158877,0.0923725143,-0.0083026713,0.0027675183,-0.0000114890,3.6579999924,nan,nan,-0.1000000015,0.0000000000,-0.0399999991,0.0000000000,nan,nan,nan,nan,nan,nan,nan,nan,nan,nan,nan,nan,0.0000000000,0.0000000000,0.0000000000,0.0000000000,0.0000000000,0.0774703249,nan,nan,nan,nan,nan,nan,nan,nan,nan,nan,nan,nan,nan,nan,nan,nan,nan,nan,nan,nan,nan,0.0299923420,0.0700075626,inf,0.0299558640,inf,inf,inf,0.0799379349,0.0299196243,inf,inf,inf,inf,inf,inf,inf,1583
1779239081.2514801025,-0.0391716473,0.1133158877,0.0923725143,-0.0083026713,0.0027675183,-0.0000114890,3.6579999924,nan,nan,-0.1000000015,0.0000000000,-0.0399999991,0.0000000000,nan,nan,nan,nan,nan,nan,nan,nan,nan,nan,nan,nan,0.0000000000,0.0000000000,0.0000000000,0.0000000000,0.0000000000,0.0774703249,nan,nan,nan,nan,nan,nan,nan,nan,nan,nan,nan,nan,nan,nan,nan,nan,nan,nan,nan,nan,nan,0.0399725437,0.0799877644,inf,0.0399360657,inf,inf,inf,0.0899181366,0.0398998260,inf,inf,inf,inf,inf,inf,inf,1583
1779239081.2615470886,-0.0392145850,0.1131293029,0.0924513265,-0.0083026713,0.0027675183,-0.0000114890,3.6579999924,nan,nan,-0.1000000015,0.0000000000,-0.0399999991,0.0000000000,nan,nan,nan,nan,nan,nan,nan,nan,nan,nan,nan,nan,0.0000000000,0.0000000000,0.0000000000,0.0000000000,0.0000000000,0.0774703249,nan,nan,nan,nan,nan,nan,nan,nan,nan,nan,nan,nan,nan,nan,nan,nan,nan,nan,nan,nan,nan,0.0000767708,0.0900547504,inf,0.0000469685,inf,inf,inf,0.0000164509,0.0499668121,inf,inf,inf,inf,inf,inf,inf,1583
1779239081.2714760303,-0.0392145850,0.1131293029,0.0924513265,-0.0083026713,0.0027675183,-0.0000114890,3.6579999924,nan,nan,-0.1000000015,0.0000000000,-0.0399999991,0.0000000000,nan,nan,nan,nan,nan,nan,nan,nan,nan,nan,nan,nan,0.0000000000,0.0000000000,0.0000000000,0.0000000000,0.0000000000,0.0774703249,nan,nan,nan,nan,nan,nan,nan,nan,nan,nan,nan,nan,nan,nan,nan,nan,nan,nan,nan,nan,nan,0.0100057125,0.0999836922,inf,0.0099759102,inf,inf,inf,0.0099453926,0.0598957539,inf,inf,inf,inf,inf,inf,inf,1583
1779239081.2814505100,-0.0392145850,0.1131293029,0.0924513265,-0.0083026713,0.0027675183,-0.0000114890,3.6579999924,nan,nan,-0.1000000015,0.0000000000,-0.0399999991,0.0000000000,nan,nan,nan,nan,nan,nan,nan,nan,nan,nan,nan,nan,0.0000000000,0.0000000000,0.0000000000,0.0000000000,0.0000000000,0.0774703249,nan,nan,nan,nan,nan,nan,nan,nan,nan,nan,nan,nan,nan,nan,nan,nan,nan,nan,nan,nan,nan,0.0199801922,0.1099581718,inf,0.0199503899,inf,inf,inf,0.0199198723,0.0698702335,inf,inf,inf,inf,inf,inf,inf,1583
1779239081.2914581299,-0.0392145850,0.1131293029,0.0924513265,-0.0083026713,0.0027675183,-0.0000114890,3.6579999924,nan,nan,-0.1000000015,0.0000000000,-0.0399999991,0.0000000000,nan,nan,nan,nan,nan,nan,nan,nan,nan,nan,nan,nan,0.0000000000,0.0000000000,0.0000000000,0.0000000000,0.0000000000,0.0774703249,nan,nan,nan,nan,nan,nan,nan,nan,nan,nan,nan,nan,nan,nan,nan,nan,nan,nan,nan,nan,nan,0.0299878120,0.1199657917,inf,0.0299580097,inf,inf,inf,0.0299274921,0.0798778534,inf,inf,inf,inf,inf,inf,inf,1583
1779239081.3014481068,-0.0392145850,0.1131293029,0.0924513265,-0.0083026713,0.0027675183,-0.0000114890,3.6579999924,nan,nan,-0.1000000015,0.0000000000,-0.0399999991,0.0000000000,nan,nan,nan,nan,nan,nan,nan,nan,nan,nan,nan,nan,0.0000000000,0.0000000000,0.0000000000,0.0000000000,0.0000000000,0.0774703249,nan,nan,nan,nan,nan,nan,nan,nan,nan,nan,nan,nan,nan,nan,nan,nan,nan,nan,nan,nan,nan,0.0399777889,0.1299557686,inf,0.0399479866,inf,inf,inf,0.0399174690,0.0898678303,inf,inf,inf,inf,inf,inf,inf,1583
1779239081.3114612103,-0.0392635614,0.1129111350,0.0925457776,-0.0083026713,0.0027675183,-0.0000114890,3.6579999924,nan,nan,-0.1000000015,0.0000000000,-0.0399999991,0.0000000000,nan,nan,nan,nan,nan,nan,nan,nan,nan,nan,nan,nan,0.0000000000,0.0000000000,0.0000000000,0.0000000000,0.0000000000,0.0756347179,nan,nan,nan,nan,nan,nan,nan,nan,nan,nan,nan,nan,nan,nan,nan,nan,nan,nan,nan,nan,nan,0.0000445843,0.1399688721,inf,0.0000269413,inf,inf,inf,0.0499305725,0.0000088215,inf,inf,inf,inf,inf,inf,inf,1583
1779239081.3214673996,-0.0392635614,0.1129111350,0.0925457776,-0.0083026713,0.0027675183,-0.0000114890,3.6579999924,nan,nan,-0.1000000015,0.0000000000,-0.0399999991,0.0000000000,nan,nan,nan,nan,nan,nan,nan,nan,nan,nan,nan,nan,0.0000000000,0.0000000000,0.0000000000,0.0000000000,0.0000000000,0.0756347179,nan,nan,nan,nan,nan,nan,nan,nan,nan,nan,nan,nan,nan,nan,nan,nan,nan,nan,nan,nan,nan,0.0100507736,0.1499750614,inf,0.0100331306,inf,inf,inf,0.0599367619,0.0100150108,inf,inf,inf,inf,inf,inf,inf,1583
1779239081.3314733505,-0.0392635614,0.1129111350,0.0925457776,-0.0083026713,0.0027675183,-0.0000114890,3.6579999924,nan,nan,-0.1000000015,0.0000000000,-0.0399999991,0.0000000000,nan,nan,nan,nan,nan,nan,nan,nan,nan,nan,nan,nan,0.0000000000,0.0000000000,0.0000000000,0.0000000000,0.0000000000,0.0756347179,nan,nan,nan,nan,nan,nan,nan,nan,nan,nan,nan,nan,nan,nan,nan,nan,nan,nan,nan,nan,nan,0.0200567245,0.1599810123,inf,0.0200390816,inf,inf,inf,0.0699427128,0.0200209618,inf,inf,inf,inf,inf,inf,inf,1583
1779239081.3414697647,-0.0392635614,0.1129111350,0.0925457776,-0.0083026713,0.0027675183,-0.0000114890,3.6579999924,nan,nan,-0.1000000015,0.0000000000,-0.0399999991,0.0000000000,nan,nan,nan,nan,nan,nan,nan,nan,nan,nan,nan,nan,0.0000000000,0.0000000000,0.0000000000,0.0000000000,0.0000000000,0.0756347179,nan,nan,nan,nan,nan,nan,nan,nan,nan,nan,nan,nan,nan,nan,nan,nan,nan,nan,nan,nan,nan,0.0300531387,0.1699774265,inf,0.0300354958,inf,inf,inf,0.0799391270,0.0300173759,inf,inf,inf,inf,inf,inf,inf,1583
1779239081.3514623642,-0.0392635614,0.1129111350,0.0925457776,-0.0083026713,0.0027675183,-0.0000114890,3.6579999924,nan,nan,-0.1000000015,0.0000000000,-0.0399999991,0.0000000000,nan,nan,nan,nan,nan,nan,nan,nan,nan,nan,nan,nan,0.0000000000,0.0000000000,0.0000000000,0.0000000000,0.0000000000,0.0756347179,nan,nan,nan,nan,nan,nan,nan,nan,nan,nan,nan,nan,nan,nan,nan,nan,nan,nan,nan,nan,nan,0.0400457382,0.1799700260,inf,0.0400280952,inf,inf,inf,0.0899317265,0.0400099754,inf,inf,inf,inf,inf,inf,inf,1583
1779239081.3615021706,-0.0390053578,0.1139744520,0.0920111015,-0.0082988338,0.0027790046,0.0027560373,3.6579999924,nan,nan,-0.1000000015,0.0000000000,-0.0399999991,0.0000000000,nan,nan,nan,nan,nan,nan,nan,nan,nan,nan,nan,nan,0.0000000000,0.0000000000,0.0000000000,0.0000000000,0.0000000000,0.0756347179,nan,nan,nan,nan,nan,nan,nan,nan,nan,nan,nan,nan,nan,nan,nan,nan,nan,nan,nan,nan,nan,0.0000534058,0.1900098324,inf,0.0000331402,inf,inf,inf,0.0000104904,0.0500497818,inf,inf,inf,inf,inf,inf,inf,1583
1779239081.3714537621,-0.0390053578,0.1139744520,0.0920111015,-0.0082988338,0.0027790046,0.0027560373,3.6579999924,nan,nan,-0.1000000015,0.0000000000,-0.0399999991,0.0000000000,nan,nan,nan,nan,nan,nan,nan,nan,nan,nan,nan,nan,0.0000000000,0.0000000000,0.0000000000,0.0000000000,0.0000000000,0.0756347179,nan,nan,nan,nan,nan,nan,nan,nan,nan,nan,nan,nan,nan,nan,nan,nan,nan,nan,nan,nan,nan,0.0100049973,0.1999614239,inf,0.0099847317,inf,inf,inf,0.0099620819,0.0600013733,inf,inf,inf,inf,inf,inf,inf,1583
1779239081.3814647198,-0.0390053578,0.1139744520,0.0920111015,-0.0082988338,0.0027790046,0.0027560373,3.6579999924,nan,nan,-0.1000000015,0.0000000000,-0.0399999991,0.0000000000,nan,nan,nan,nan,nan,nan,nan,nan,nan,nan,nan,nan,0.0000000000,0.0000000000,0.0000000000,0.0000000000,0.0000000000,0.0756347179,nan,nan,nan,nan,nan,nan,nan,nan,nan,nan,nan,nan,nan,nan,nan,nan,nan,nan,nan,nan,nan,0.0200159550,0.2099723816,inf,0.0199956894,inf,inf,inf,0.0199730396,0.0700123310,inf,inf,inf,inf,inf,inf,inf,1583
1779239081.3914573193,-0.0390053578,0.1139744520,0.0920111015,-0.0082988338,0.0027790046,0.0027560373,3.6579999924,nan,nan,-0.1000000015,0.0000000000,-0.0399999991,0.0000000000,nan,nan,nan,nan,nan,nan,nan,nan,nan,nan,nan,nan,0.0000000000,0.0000000000,0.0000000000,0.0000000000,0.0000000000,0.0756347179,nan,nan,nan,nan,nan,nan,nan,nan,nan,nan,nan,nan,nan,nan,nan,nan,nan,nan,nan,nan,nan,0.0300085545,0.2199649811,inf,0.0299882889,inf,inf,inf,0.0299656391,0.0800049305,inf,inf,inf,inf,inf,inf,inf,1583
1779239081.4014263153,-0.0390053578,0.1139744520,0.0920111015,-0.0082988338,0.0027790046,0.0027560373,3.6579999924,nan,nan,-0.1000000015,0.0000000000,-0.0399999991,0.0000000000,nan,nan,nan,nan,nan,nan,nan,nan,nan,nan,nan,nan,0.0000000000,0.0000000000,0.0000000000,0.0000000000,0.0000000000,0.0756347179,nan,nan,nan,nan,nan,nan,nan,nan,nan,nan,nan,nan,nan,nan,nan,nan,nan,nan,nan,nan,nan,0.0399775505,0.2299339771,inf,0.0399572849,inf,inf,inf,0.0399346352,0.0899739265,inf,inf,inf,inf,inf,inf,inf,1583
1779239081.4114630222,-0.0390051194,0.1139636040,0.0920177773,-0.0082988338,0.0027790046,0.0027560373,3.6579999924,nan,nan,-0.1000000015,0.0000000000,-0.0399999991,0.0000000000,nan,nan,nan,nan,nan,nan,nan,nan,nan,nan,nan,nan,0.0000000000,0.0000000000,0.0000000000,3.7274534702,1.1040225029,0.0000000000,nan,nan,nan,nan,nan,nan,nan,nan,nan,nan,nan,nan,nan,nan,nan,nan,nan,nan,nan,nan,nan,0.0000483990,0.2399706841,inf,0.0000293255,inf,inf,inf,0.0499713421,0.0000119209,inf,inf,inf,inf,inf,inf,inf,1583
1779239081.4214591980,-0.0390051194,0.1139636040,0.0920177773,-0.0082988338,0.0027790046,0.0027560373,3.6579999924,nan,nan,-0.1000000015,0.0000000000,-0.0399999991,0.0000000000,nan,nan,nan,nan,nan,nan,nan,nan,nan,nan,nan,nan,0.0000000000,0.0000000000,0.0000000000,3.7274534702,1.1040225029,0.0000000000,nan,nan,nan,nan,nan,nan,nan,nan,nan,nan,nan,nan,nan,nan,nan,nan,nan,nan,nan,nan,nan,0.0100445747,0.2499668598,inf,0.0100255013,inf,inf,inf,0.0599675179,0.0100080967,inf,inf,inf,inf,inf,inf,inf,1583
1779239081.4314525127,-0.0390051194,0.1139636040,0.0920177773,-0.0082988338,0.0027790046,0.0027560373,3.6579999924,nan,nan,-0.1000000015,0.0000000000,-0.0399999991,0.0000000000,nan,nan,nan,nan,nan,nan,nan,nan,nan,nan,nan,nan,0.0000000000,0.0000000000,0.0000000000,3.7274534702,1.1040225029,0.0000000000,nan,nan,nan,nan,nan,nan,nan,nan,nan,nan,nan,nan,nan,nan,nan,nan,nan,nan,nan,nan,nan,0.0200378895,0.2599601746,inf,0.0200188160,inf,inf,inf,0.0699608326,0.0200014114,inf,inf,inf,inf,inf,inf,inf,1583
1779239081.4414379597,-0.0390051194,0.1139636040,0.0920177773,-0.0082988338,0.0027790046,0.0027560373,3.6579999924,nan,nan,-0.1000000015,0.0000000000,-0.0399999991,0.0000000000,nan,nan,nan,nan,nan,nan,nan,nan,nan,nan,nan,nan,0.0000000000,0.0000000000,0.0000000000,3.7274534702,1.1040225029,0.0000000000,nan,nan,nan,nan,nan,nan,nan,nan,nan,nan,nan,nan,nan,nan,nan,nan,nan,nan,nan,nan,nan,0.0300233364,0.2699456215,inf,0.0300042629,inf,inf,inf,0.0799462795,0.0299868584,inf,inf,inf,inf,inf,inf,inf,1583
1779239081.4514141083,-0.0390051194,0.1139636040,0.0920177773,-0.0082988338,0.0027790046,0.0027560373,3.6579999924,nan,nan,-0.1000000015,0.0000000000,-0.0399999991,0.0000000000,nan,nan,nan,nan,nan,nan,nan,nan,nan,nan,nan,nan,-0.0793520957,-0.1934566498,-0.2644191682,3.7274534702,1.1040225029,0.0000000000,nan,nan,nan,nan,nan,nan,nan,nan,nan,nan,nan,nan,nan,nan,nan,nan,nan,nan,nan,nan,nan,0.0399994850,0.2799217701,inf,0.0399804115,inf,inf,inf,0.0000095367,0.0399630070,inf,inf,inf,inf,inf,inf,inf,1583
1779239081.4614458084,-0.0390370674,0.1139374748,0.0920808464,-0.0082988338,0.0027790046,0.0027560373,3.6579999924,nan,nan,-0.1000000015,0.0000000000,-0.0399999991,0.0000000000,nan,nan,nan,nan,nan,nan,nan,nan,nan,nan,nan,nan,-0.0793520957,-0.1934566498,-0.2644191682,3.7274534702,1.1040225029,0.0000000000,nan,nan,nan,nan,nan,nan,nan,nan,nan,nan,nan,nan,nan,nan,nan,nan,nan,nan,nan,nan,nan,0.0000281334,0.2899534702,inf,0.0000100136,inf,inf,inf,0.0100412369,0.0499947071,inf,inf,inf,inf,inf,inf,inf,1583
1779239081.4714481831,-0.0390370674,0.1139374748,0.0920808464,-0.0082988338,0.0027790046,0.0027560373,3.6579999924,nan,nan,-0.1000000015,0.0000000000,-0.0399999991,0.0000000000,nan,nan,nan,nan,nan,nan,nan,nan,nan,nan,nan,nan,-0.0793520957,-0.1934566498,-0.2644191682,3.7274534702,1.1040225029,0.0000000000,nan,nan,nan,nan,nan,nan,nan,nan,nan,nan,nan,nan,nan,nan,nan,nan,nan,nan,nan,nan,nan,0.0100305080,0.2999558449,inf,0.0100123882,inf,inf,inf,0.0200436115,0.0599970818,inf,inf,inf,inf,inf,inf,inf,1583
1779239081.4814441204,-0.0390370674,0.1139374748,0.0920808464,-0.0082988338,0.0027790046,0.0027560373,3.6579999924,nan,nan,-0.1000000015,0.0000000000,-0.0399999991,0.0000000000,nan,nan,nan,nan,nan,nan,nan,nan,nan,nan,nan,nan,-0.0793520957,-0.1934566498,-0.2644191682,3.7274534702,1.1040225029,0.0000000000,nan,nan,nan,nan,nan,nan,nan,nan,nan,nan,nan,nan,nan,nan,nan,nan,nan,nan,nan,nan,nan,0.0200264454,0.3099517822,inf,0.0200083256,inf,inf,inf,0.0300395489,0.0699930191,inf,inf,inf,inf,inf,inf,inf,1583
1779239081.4914522171,-0.0390370674,0.1139374748,0.0920808464,-0.0082988338,0.0027790046,0.0027560373,3.6579999924,nan,nan,-0.1000000015,0.0000000000,-0.0399999991,0.0000000000,nan,nan,nan,nan,nan,nan,nan,nan,nan,nan,nan,nan,-0.0793520957,-0.1934566498,-0.2644191682,3.7274534702,1.1040225029,0.0000000000,nan,nan,nan,nan,nan,nan,nan,nan,nan,nan,nan,nan,nan,nan,nan,nan,nan,nan,nan,nan,nan,0.0300345421,0.3199598789,inf,0.0300164223,inf,inf,inf,0.0400476456,0.0800011158,inf,inf,inf,inf,inf,inf,inf,1583
1779239081.5014576912,-0.0390370674,0.1139374748,0.0920808464,-0.0082988338,0.0027790046,0.0027560373,3.6579999924,nan,nan,-0.1000000015,0.0000000000,-0.0399999991,0.0000000000,nan,nan,nan,nan,nan,nan,nan,nan,nan,nan,nan,nan,-0.0793520957,-0.1934566498,-0.2644191682,3.7274534702,1.1040225029,0.0000000000,nan,nan,nan,nan,nan,nan,nan,nan,nan,nan,nan,nan,nan,nan,nan,nan,nan,nan,nan,nan,nan,0.0400400162,0.3299653530,inf,0.0400218964,inf,inf,inf,0.0500531197,0.0900065899,inf,inf,inf,inf,inf,inf,inf,1583
1779239081.5114471912,-0.0390444435,0.1140696034,0.0921586379,-0.0082988338,0.0027790046,0.0027560373,3.6579999924,nan,nan,-0.1000000015,0.0000000000,-0.0399999991,0.0000000000,nan,nan,nan,nan,nan,nan,nan,nan,nan,nan,nan,nan,-0.0793520957,-0.1934566498,-0.2644191682,4.0681948662,1.1324515343,0.0000000000,nan,nan,nan,nan,nan,nan,nan,nan,nan,nan,nan,nan,nan,nan,nan,nan,nan,nan,nan,nan,nan,0.0000445843,0.3399548531,inf,0.0000283718,inf,inf,inf,0.0600426197,0.0000078678,inf,inf,inf,inf,inf,inf,inf,1583
1779239081.5214450359,-0.0390444435,0.1140696034,0.0921586379,-0.0082988338,0.0027790046,0.0027560373,3.6579999924,nan,nan,-0.1000000015,0.0000000000,-0.0399999991,0.0000000000,nan,nan,nan,nan,nan,nan,nan,nan,nan,nan,nan,nan,-0.0793520957,-0.1934566498,-0.2644191682,4.0681948662,1.1324515343,0.0000000000,nan,nan,nan,nan,nan,nan,nan,nan,nan,nan,nan,nan,nan,nan,nan,nan,nan,nan,nan,nan,nan,0.0100424290,0.3499526978,inf,0.0100262165,inf,inf,inf,0.0700404644,0.0100057125,inf,inf,inf,inf,inf,inf,inf,1583
1779239081.5314440727,-0.0390444435,0.1140696034,0.0921586379,-0.0082988338,0.0027790046,0.0027560373,3.6579999924,nan,nan,-0.1000000015,0.0000000000,-0.0399999991,0.0000000000,nan,nan,nan,nan,nan,nan,nan,nan,nan,nan,nan,nan,-0.0793520957,-0.1934566498,-0.2644191682,4.0681948662,1.1324515343,0.0000000000,nan,nan,nan,nan,nan,nan,nan,nan,nan,nan,nan,nan,nan,nan,nan,nan,nan,nan,nan,nan,nan,0.0200414658,0.3599517345,inf,0.0200252533,inf,inf,inf,0.0800395012,0.0200047493,inf,inf,inf,inf,inf,inf,inf,1583
1779239081.5414841175,-0.0390444435,0.1140696034,0.0921586379,-0.0082988338,0.0027790046,0.0027560373,3.6579999924,nan,nan,-0.1000000015,0.0000000000,-0.0399999991,0.0000000000,nan,nan,nan,nan,nan,nan,nan,nan,nan,nan,nan,nan,-0.0793520957,-0.1934566498,-0.2644191682,4.0681948662,1.1324515343,0.0000000000,nan,nan,nan,nan,nan,nan,nan,nan,nan,nan,nan,nan,nan,nan,nan,nan,nan,nan,nan,nan,nan,0.0300815105,0.3699917793,inf,0.0300652981,inf,inf,inf,0.0900795460,0.0300447941,inf,inf,inf,inf,inf,inf,inf,1583
1779239081.5514485836,-0.0390444435,0.1140696034,0.0921586379,-0.0082988338,0.0027790046,0.0027560373,3.6579999924,nan,nan,-0.1000000015,0.0000000000,-0.0399999991,0.0000000000,nan,nan,nan,nan,nan,nan,nan,nan,nan,nan,nan,nan,-0.0802037865,-0.1955478340,-0.2647177577,4.0681948662,1.1324515343,0.0000000000,nan,nan,nan,nan,nan,nan,nan,nan,nan,nan,nan,nan,nan,nan,nan,nan,nan,nan,nan,nan,nan,0.0400459766,0.3799562454,inf,0.0400297642,inf,inf,inf,0.0000123978,0.0400092602,inf,inf,inf,inf,inf,inf,inf,1583
1779239081.5614669323,-0.0390163735,0.1143933013,0.0922392681,-0.0082988338,0.0027790046,0.0027560373,3.6579999924,nan,nan,-0.1000000015,0.0000000000,-0.0399999991,0.0000000000,nan,nan,nan,nan,nan,nan,nan,nan,nan,nan,nan,nan,-0.0802037865,-0.1955478340,-0.2647177577,4.0681948662,1.1324515343,0.0000000000,nan,nan,nan,nan,nan,nan,nan,nan,nan,nan,nan,nan,nan,nan,nan,nan,nan,nan,nan,nan,nan,0.0000293255,0.3899745941,inf,0.0000116825,inf,inf,inf,0.0100307465,0.0500276089,inf,inf,inf,inf,inf,inf,inf,1583
1779239081.5714404583,-0.0390163735,0.1143933013,0.0922392681,-0.0082988338,0.0027790046,0.0027560373,3.6579999924,nan,nan,-0.1000000015,0.0000000000,-0.0399999991,0.0000000000,nan,nan,nan,nan,nan,nan,nan,nan,nan,nan,nan,nan,-0.0802037865,-0.1955478340,-0.2647177577,4.0681948662,1.1324515343,0.0000000000,nan,nan,nan,nan,nan,nan,nan,nan,nan,nan,nan,nan,nan,nan,nan,nan,nan,nan,nan,nan,nan,0.0100028515,0.3999481201,inf,0.0099852085,inf,inf,inf,0.0200042725,0.0600011349,inf,inf,inf,inf,inf,inf,inf,1583
1779239081.5814604759,-0.0390163735,0.1143933013,0.0922392681,-0.0082988338,0.0027790046,0.0027560373,3.6579999924,nan,nan,-0.1000000015,0.0000000000,-0.0399999991,0.0000000000,nan,nan,nan,nan,nan,nan,nan,nan,nan,nan,nan,nan,-0.0802037865,-0.1955478340,-0.2647177577,4.0681948662,1.1324515343,0.0000000000,nan,nan,nan,nan,nan,nan,nan,nan,nan,nan,nan,nan,nan,nan,nan,nan,nan,nan,nan,nan,nan,0.0200228691,0.4099681377,inf,0.0200052261,inf,inf,inf,0.0300242901,0.0700211525,inf,inf,inf,inf,inf,inf,inf,1583
1779239081.5914554596,-0.0390163735,0.1143933013,0.0922392681,-0.0082988338,0.0027790046,0.0027560373,3.6579999924,nan,nan,-0.1000000015,0.0000000000,-0.0399999991,0.0000000000,nan,nan,nan,nan,nan,nan,nan,nan,nan,nan,nan,nan,-0.0802037865,-0.1955478340,-0.2647177577,4.0681948662,1.1324515343,0.0000000000,nan,nan,nan,nan,nan,nan,nan,nan,nan,nan,nan,nan,nan,nan,nan,nan,nan,nan,nan,nan,nan,0.0300178528,0.4199631214,inf,0.0300002098,inf,inf,inf,0.0400192738,0.0800161362,inf,inf,inf,inf,inf,inf,inf,1583
1779239081.6015162468,-0.0390163735,0.1143933013,0.0922392681,-0.0082988338,0.0027790046,0.0027560373,3.6579999924,nan,nan,-0.1000000015,0.0000000000,-0.0399999991,0.0000000000,nan,nan,nan,nan,nan,nan,nan,nan,nan,nan,nan,nan,-0.0802037865,-0.1955478340,-0.2647177577,4.0681948662,1.1324515343,0.0000000000,nan,nan,nan,nan,nan,nan,nan,nan,nan,nan,nan,nan,nan,nan,nan,nan,nan,nan,nan,nan,nan,0.0400786400,0.4300239086,inf,0.0400609970,inf,inf,inf,0.0500800610,0.0900769234,inf,inf,inf,inf,inf,inf,inf,1583
1779239081.6115818024,-0.0389387198,0.1149061695,0.0923828259,-0.0083027427,0.0055350419,-0.0000229782,3.6579999924,nan,nan,-0.1000000015,0.0000000000,-0.0399999991,0.0000000000,nan,nan,nan,nan,nan,nan,nan,nan,nan,nan,nan,nan,-0.0802037865,-0.1955478340,-0.2647177577,4.2738938332,1.2004531622,0.0000000000,nan,nan,nan,nan,nan,nan,nan,nan,nan,nan,nan,nan,nan,nan,nan,nan,nan,nan,nan,nan,nan,0.0000841618,0.4400894642,inf,0.0000541210,inf,inf,inf,0.0601456165,0.0000226498,inf,inf,inf,inf,inf,inf,inf,1583
1779239081.6215143204,-0.0389387198,0.1149061695,0.0923828259,-0.0083027427,0.0055350419,-0.0000229782,3.6579999924,nan,nan,-0.1000000015,0.0000000000,-0.0399999991,0.0000000000,nan,nan,nan,nan,nan,nan,nan,nan,nan,nan,nan,nan,-0.0802037865,-0.1955478340,-0.2647177577,4.2738938332,1.2004531622,0.0000000000,nan,nan,nan,nan,nan,nan,nan,nan,nan,nan,nan,nan,nan,nan,nan,nan,nan,nan,nan,nan,nan,0.0100166798,0.4500219822,inf,0.0099866390,inf,inf,inf,0.0700781345,0.0099551678,inf,inf,inf,inf,inf,inf,inf,1583
1779239081.6314842701,-0.0389387198,0.1149061695,0.0923828259,-0.0083027427,0.0055350419,-0.0000229782,3.6579999924,nan,nan,-0.1000000015,0.0000000000,-0.0399999991,0.0000000000,nan,nan,nan,nan,nan,nan,nan,nan,nan,nan,nan,nan,-0.0802037865,-0.1955478340,-0.2647177577,4.2738938332,1.2004531622,0.0000000000,nan,nan,nan,nan,nan,nan,nan,nan,nan,nan,nan,nan,nan,nan,nan,nan,nan,nan,nan,nan,nan,0.0199866295,0.4599919319,inf,0.0199565887,inf,inf,inf,0.0800480843,0.0199251175,inf,inf,inf,inf,inf,inf,inf,1583
1779239081.6415331364,-0.0389387198,0.1149061695,0.0923828259,-0.0083027427,0.0055350419,-0.0000229782,3.6579999924,nan,nan,-0.1000000015,0.0000000000,-0.0399999991,0.0000000000,nan,nan,nan,nan,nan,nan,nan,nan,nan,nan,nan,nan,-0.0802037865,-0.1955478340,-0.2647177577,4.2738938332,1.2004531622,0.0000000000,nan,nan,nan,nan,nan,nan,nan,nan,nan,nan,nan,nan,nan,nan,nan,nan,nan,nan,nan,nan,nan,0.0300354958,0.4700407982,inf,0.0300054550,inf,inf,inf,0.0900969505,0.0299739838,inf,inf,inf,inf,inf,inf,inf,1583
1779239081.6515107155,-0.0389387198,0.1149061695,0.0923828259,-0.0083027427,0.0055350419,-0.0000229782,3.6579999924,nan,nan,-0.1000000015,0.0000000000,-0.0399999991,0.0000000000,nan,nan,nan,nan,nan,nan,nan,nan,nan,nan,nan,nan,-0.0802037865,-0.1955478340,-0.2647177577,4.2738938332,1.2004531622,0.0000000000,nan,nan,nan,nan,nan,nan,nan,nan,nan,nan,nan,nan,nan,nan,nan,nan,nan,nan,nan,nan,nan,0.0400130749,0.4800183773,inf,0.0399830341,inf,inf,inf,0.1000745296,0.0399515629,inf,inf,inf,inf,inf,inf,inf,1583
1779239081.6615781784,-0.0387566574,0.1156069040,0.0925962552,-0.0083143428,0.0082910783,-0.0028020576,3.6579999924,nan,nan,-0.1000000015,0.0000000000,-0.0399999991,0.0000000000,nan,nan,nan,nan,nan,nan,nan,nan,nan,nan,nan,nan,-0.0787750632,-0.1984862834,-0.2658868432,4.2738938332,1.2004531622,0.0000000000,nan,nan,nan,nan,nan,nan,nan,nan,nan,nan,nan,nan,nan,nan,nan,nan,nan,nan,nan,nan,nan,0.0000805855,0.4900858402,inf,0.0000507832,inf,inf,inf,0.0000202656,0.0500190258,inf,inf,inf,inf,inf,inf,inf,1583
1779239081.6714870930,-0.0387566574,0.1156069040,0.0925962552,-0.0083143428,0.0082910783,-0.0028020576,3.6579999924,nan,nan,-0.1000000015,0.0000000000,-0.0399999991,0.0000000000,nan,nan,nan,nan,nan,nan,nan,nan,nan,nan,nan,nan,-0.0787750632,-0.1984862834,-0.2658868432,4.2738938332,1.2004531622,0.0000000000,nan,nan,nan,nan,nan,nan,nan,nan,nan,nan,nan,nan,nan,nan,nan,nan,nan,nan,nan,nan,nan,0.0099895000,0.4999947548,inf,0.0099596977,inf,inf,inf,0.0099291801,0.0599279404,inf,inf,inf,inf,inf,inf,inf,1583
1779239081.6815044880,-0.0387566574,0.1156069040,0.0925962552,-0.0083143428,0.0082910783,-0.0028020576,3.6579999924,nan,nan,-0.1000000015,0.0000000000,-0.0399999991,0.0000000000,nan,nan,nan,nan,nan,nan,nan,nan,nan,nan,nan,nan,-0.0787750632,-0.1984862834,-0.2658868432,4.2738938332,1.2004531622,0.0000000000,nan,nan,nan,nan,nan,nan,nan,nan,nan,nan,nan,nan,nan,nan,nan,nan,nan,nan,nan,nan,nan,0.0200068951,0.5100121498,inf,0.0199770927,inf,inf,inf,0.0199465752,0.0699453354,inf,inf,inf,inf,inf,inf,inf,1583
1779239081.6914670467,-0.0387566574,0.1156069040,0.0925962552,-0.0083143428,0.0082910783,-0.0028020576,3.6579999924,nan,nan,-0.1000000015,0.0000000000,-0.0399999991,0.0000000000,nan,nan,nan,nan,nan,nan,nan,nan,nan,nan,nan,nan,-0.0787750632,-0.1984862834,-0.2658868432,4.2738938332,1.2004531622,0.0000000000,nan,nan,nan,nan,nan,nan,nan,nan,nan,nan,nan,nan,nan,nan,nan,nan,nan,nan,nan,nan,nan,0.0299694538,0.5199747086,inf,0.0299396515,inf,inf,inf,0.0299091339,0.0799078941,inf,inf,inf,inf,inf,inf,inf,1583
1779239081.7014513016,-0.0387566574,0.1156069040,0.0925962552,-0.0083143428,0.0082910783,-0.0028020576,3.6579999924,nan,nan,-0.1000000015,0.0000000000,-0.0399999991,0.0000000000,nan,nan,nan,nan,nan,nan,nan,nan,nan,nan,nan,nan,-0.0787750632,-0.1984862834,-0.2658868432,4.2738938332,1.2004531622,0.0000000000,nan,nan,nan,nan,nan,nan,nan,nan,nan,nan,nan,nan,nan,nan,nan,nan,nan,nan,nan,nan,nan,0.0399537086,0.5299589634,inf,0.0399239063,inf,inf,inf,0.0398933887,0.0898921490,inf,inf,inf,inf,inf,inf,inf,1583
1779239081.7114698887,-0.0383194946,0.1164703965,0.0929065794,-0.0111162029,0.0304283077,-0.0029370436,3.6579999924,nan,nan,-0.1000000015,0.0000000000,-0.0399999991,0.0000000000,nan,nan,nan,nan,nan,nan,nan,nan,nan,nan,nan,nan,-0.0787750632,-0.1984862834,-0.2658868432,4.4795951843,1.5745215416,0.0000000000,nan,nan,nan,nan,nan,nan,nan,nan,nan,nan,nan,nan,nan,nan,nan,nan,nan,nan,nan,nan,nan,0.0000503063,0.5399775505,inf,0.0000302792,inf,inf,inf,0.0499119759,0.0000095367,inf,inf,inf,inf,inf,inf,inf,1583
1779239081.7214605808,-0.0383194946,0.1164703965,0.0929065794,-0.0111162029,0.0304283077,-0.0029370436,3.6579999924,nan,nan,-0.1000000015,0.0000000000,-0.0399999991,0.0000000000,nan,nan,nan,nan,nan,nan,nan,nan,nan,nan,nan,nan,-0.0787750632,-0.1984862834,-0.2658868432,4.4795951843,1.5745215416,0.0000000000,nan,nan,nan,nan,nan,nan,nan,nan,nan,nan,nan,nan,nan,nan,nan,nan,nan,nan,nan,nan,nan,0.0100409985,0.5499682426,inf,0.0100209713,inf,inf,inf,0.0599026680,0.0100002289,inf,inf,inf,inf,inf,inf,inf,1583
1779239081.7314531803,-0.0383194946,0.1164703965,0.0929065794,-0.0111162029,0.0304283077,-0.0029370436,3.6579999924,nan,nan,-0.1000000015,0.0000000000,-0.0399999991,0.0000000000,nan,nan,nan,nan,nan,nan,nan,nan,nan,nan,nan,nan,-0.0787750632,-0.1984862834,-0.2658868432,4.4795951843,1.5745215416,0.0000000000,nan,nan,nan,nan,nan,nan,nan,nan,nan,nan,nan,nan,nan,nan,nan,nan,nan,nan,nan,nan,nan,0.0200335979,0.5599608421,inf,0.0200135708,inf,inf,inf,0.0698952675,0.0199928284,inf,inf,inf,inf,inf,inf,inf,1583
1779239081.7415001392,-0.0383194946,0.1164703965,0.0929065794,-0.0111162029,0.0304283077,-0.0029370436,3.6579999924,nan,nan,-0.1000000015,0.0000000000,-0.0399999991,0.0000000000,nan,nan,nan,nan,nan,nan,nan,nan,nan,nan,nan,nan,-0.0787750632,-0.1984862834,-0.2658868432,4.4795951843,1.5745215416,0.0000000000,nan,nan,nan,nan,nan,nan,nan,nan,nan,nan,nan,nan,nan,nan,nan,nan,nan,nan,nan,nan,nan,0.0300805569,0.5700078011,inf,0.0300605297,inf,inf,inf,0.0799422264,0.0300397873,inf,inf,inf,inf,inf,inf,inf,1583
1779239081.7515108585,-0.0383194946,0.1164703965,0.0929065794,-0.0111162029,0.0304283077,-0.0029370436,3.6579999924,nan,nan,-0.1000000015,0.0000000000,-0.0399999991,0.0000000000,nan,nan,nan,nan,nan,nan,nan,nan,nan,nan,nan,nan,-0.0829346776,-0.2036300302,-0.2680902779,4.4795951843,1.5745215416,0.0000000000,nan,nan,nan,nan,nan,nan,nan,nan,nan,nan,nan,nan,nan,nan,nan,nan,nan,nan,nan,nan,nan,0.0400912762,0.5800185204,inf,0.0400712490,inf,inf,inf,0.0000207424,0.0400505066,inf,inf,inf,inf,inf,inf,inf,1583
1779239081.7615051270,-0.0371105038,0.1175833642,0.0933394432,-0.0279537098,0.0774259911,-0.0066225634,3.6579999924,nan,nan,-0.1000000015,0.0000000000,-0.0399999991,0.0000000000,nan,nan,nan,nan,nan,nan,nan,nan,nan,nan,nan,nan,-0.0829346776,-0.2036300302,-0.2680902779,4.4795951843,1.5745215416,0.0000000000,nan,nan,nan,nan,nan,nan,nan,nan,nan,nan,nan,nan,nan,nan,nan,nan,nan,nan,nan,nan,nan,0.0000460148,0.5900127888,inf,0.0000164509,inf,inf,inf,0.0100150108,0.0500447750,inf,inf,inf,inf,inf,inf,inf,1583
1779239081.7715096474,-0.0371105038,0.1175833642,0.0933394432,-0.0279537098,0.0774259911,-0.0066225634,3.6579999924,nan,nan,-0.1000000015,0.0000000000,-0.0399999991,0.0000000000,nan,nan,nan,nan,nan,nan,nan,nan,nan,nan,nan,nan,-0.0829346776,-0.2036300302,-0.2680902779,4.4795951843,1.5745215416,0.0000000000,nan,nan,nan,nan,nan,nan,nan,nan,nan,nan,nan,nan,nan,nan,nan,nan,nan,nan,nan,nan,nan,0.0100505352,0.6000173092,inf,0.0100209713,inf,inf,inf,0.0200195312,0.0600492954,inf,inf,inf,inf,inf,inf,inf,1583
1779239081.7815096378,-0.0371105038,0.1175833642,0.0933394432,-0.0279537098,0.0774259911,-0.0066225634,3.6579999924,nan,nan,-0.1000000015,0.0000000000,-0.0399999991,0.0000000000,nan,nan,nan,nan,nan,nan,nan,nan,nan,nan,nan,nan,-0.0829346776,-0.2036300302,-0.2680902779,4.4795951843,1.5745215416,0.0000000000,nan,nan,nan,nan,nan,nan,nan,nan,nan,nan,nan,nan,nan,nan,nan,nan,nan,nan,nan,nan,nan,0.0200505257,0.6100172997,inf,0.0200209618,inf,inf,inf,0.0300195217,0.0700492859,inf,inf,inf,inf,inf,inf,inf,1583
1779239081.7915070057,-0.0371105038,0.1175833642,0.0933394432,-0.0279537098,0.0774259911,-0.0066225634,3.6579999924,nan,nan,-0.1000000015,0.0000000000,-0.0399999991,0.0000000000,nan,nan,nan,nan,nan,nan,nan,nan,nan,nan,nan,nan,-0.0829346776,-0.2036300302,-0.2680902779,4.4795951843,1.5745215416,0.0000000000,nan,nan,nan,nan,nan,nan,nan,nan,nan,nan,nan,nan,nan,nan,nan,nan,nan,nan,nan,nan,nan,0.0300478935,0.6200146675,inf,0.0300183296,inf,inf,inf,0.0400168896,0.0800466537,inf,inf,inf,inf,inf,inf,inf,1583
1779239081.8014690876,-0.0371105038,0.1175833642,0.0933394432,-0.0279537098,0.0774259911,-0.0066225634,3.6579999924,nan,nan,-0.1000000015,0.0000000000,-0.0399999991,0.0000000000,nan,nan,nan,nan,nan,nan,nan,nan,nan,nan,nan,nan,-0.0829346776,-0.2036300302,-0.2680902779,4.4795951843,1.5745215416,0.0000000000,nan,nan,nan,nan,nan,nan,nan,nan,nan,nan,nan,nan,nan,nan,nan,nan,nan,nan,nan,nan,nan,0.0400099754,0.6299767494,inf,0.0399804115,inf,inf,inf,0.0499789715,0.0900087357,inf,inf,inf,inf,inf,inf,inf,1583
1779239081.8115587234,-0.0340384580,0.1193003207,0.0937773809,-0.0482247977,0.1437308976,-0.0145744254,3.6579999924,nan,nan,-0.1000000015,0.0000000000,-0.0399999991,0.0000000000,nan,nan,nan,nan,nan,nan,nan,nan,nan,nan,nan,nan,-0.0829346776,-0.2036300302,-0.2680902779,5.5781331062,3.9586606026,0.0000000000,nan,nan,nan,nan,nan,nan,nan,nan,nan,nan,nan,nan,nan,nan,nan,nan,nan,nan,nan,nan,nan,0.0000767708,0.6400663853,inf,0.0000472069,inf,inf,inf,0.0600686073,0.0000169277,inf,inf,inf,inf,inf,inf,inf,1583
1779239081.8214943409,-0.0340384580,0.1193003207,0.0937773809,-0.0482247977,0.1437308976,-0.0145744254,3.6579999924,nan,nan,-0.1000000015,0.0000000000,-0.0399999991,0.0000000000,nan,nan,nan,nan,nan,nan,nan,nan,nan,nan,nan,nan,-0.0829346776,-0.2036300302,-0.2680902779,5.5781331062,3.9586606026,0.0000000000,nan,nan,nan,nan,nan,nan,nan,nan,nan,nan,nan,nan,nan,nan,nan,nan,nan,nan,nan,nan,nan,0.0100123882,0.6500020027,inf,0.0099828243,inf,inf,inf,0.0700042248,0.0099525452,inf,inf,inf,inf,inf,inf,inf,1583
1779239081.8314876556,-0.0340384580,0.1193003207,0.0937773809,-0.0482247977,0.1437308976,-0.0145744254,3.6579999924,nan,nan,-0.1000000015,0.0000000000,-0.0399999991,0.0000000000,nan,nan,nan,nan,nan,nan,nan,nan,nan,nan,nan,nan,-0.0829346776,-0.2036300302,-0.2680902779,5.5781331062,3.9586606026,0.0000000000,nan,nan,nan,nan,nan,nan,nan,nan,nan,nan,nan,nan,nan,nan,nan,nan,nan,nan,nan,nan,nan,0.0200057030,0.6599953175,inf,0.0199761391,inf,inf,inf,0.0799975395,0.0199458599,inf,inf,inf,inf,inf,inf,inf,1583
1779239081.8415153027,-0.0340384580,0.1193003207,0.0937773809,-0.0482247977,0.1437308976,-0.0145744254,3.6579999924,nan,nan,-0.1000000015,0.0000000000,-0.0399999991,0.0000000000,nan,nan,nan,nan,nan,nan,nan,nan,nan,nan,nan,nan,-0.0829346776,-0.2036300302,-0.2680902779,5.5781331062,3.9586606026,0.0000000000,nan,nan,nan,nan,nan,nan,nan,nan,nan,nan,nan,nan,nan,nan,nan,nan,nan,nan,nan,nan,nan,0.0300333500,0.6700229645,inf,0.0300037861,inf,inf,inf,0.0900251865,0.0299735069,inf,inf,inf,inf,inf,inf,inf,1583
1779239081.8514883518,-0.0340384580,0.1193003207,0.0937773809,-0.0482247977,0.1437308976,-0.0145744254,3.6579999924,nan,nan,-0.1000000015,0.0000000000,-0.0399999991,0.0000000000,nan,nan,nan,nan,nan,nan,nan,nan,nan,nan,nan,nan,-0.1184322610,-0.1875363290,-0.2526125610,5.5781331062,3.9586606026,0.0000000000,nan,nan,nan,nan,nan,nan,nan,nan,nan,nan,nan,nan,nan,nan,nan,nan,nan,nan,nan,nan,nan,0.0400063992,0.6799960136,inf,0.0399768353,inf,inf,inf,0.0000174046,0.0399465561,inf,inf,inf,inf,inf,inf,inf,1583
1779239081.8614461422,-0.0265251752,0.1175028756,0.0917773321,-0.0578723322,0.2158070021,-0.0201952357,3.6579999924,nan,nan,-0.1000000015,0.0000000000,-0.0399999991,0.0000000000,nan,nan,nan,nan,nan,nan,nan,nan,nan,nan,nan,nan,-0.1184322610,-0.1875363290,-0.2526125610,5.5781331062,3.9586606026,0.0000000000,nan,nan,nan,nan,nan,nan,nan,nan,nan,nan,nan,nan,nan,nan,nan,nan,nan,nan,nan,nan,nan,0.0000271797,0.6899538040,inf,0.0000097752,inf,inf,inf,0.0099751949,0.0499043465,inf,inf,inf,inf,inf,inf,inf,1583
1779239081.8714523315,-0.0265251752,0.1175028756,0.0917773321,-0.0578723322,0.2158070021,-0.0201952357,3.6579999924,nan,nan,-0.1000000015,0.0000000000,-0.0399999991,0.0000000000,nan,nan,nan,nan,nan,nan,nan,nan,nan,nan,nan,nan,-0.1184322610,-0.1875363290,-0.2526125610,5.5781331062,3.9586606026,0.0000000000,nan,nan,nan,nan,nan,nan,nan,nan,nan,nan,nan,nan,nan,nan,nan,nan,nan,nan,nan,nan,nan,0.0100333691,0.6999599934,inf,0.0100159645,inf,inf,inf,0.0199813843,0.0599105358,inf,inf,inf,inf,inf,inf,inf,1583
1779239081.8815102577,-0.0265251752,0.1175028756,0.0917773321,-0.0578723322,0.2158070021,-0.0201952357,3.6579999924,nan,nan,-0.1000000015,0.0000000000,-0.0399999991,0.0000000000,nan,nan,nan,nan,nan,nan,nan,nan,nan,nan,nan,nan,-0.1184322610,-0.1875363290,-0.2526125610,5.5781331062,3.9586606026,0.0000000000,nan,nan,nan,nan,nan,nan,nan,nan,nan,nan,nan,nan,nan,nan,nan,nan,nan,nan,nan,nan,nan,0.0200912952,0.7100179195,inf,0.0200738907,inf,inf,inf,0.0300393105,0.0699684620,inf,inf,inf,inf,inf,inf,inf,1583
1779239081.8914947510,-0.0265251752,0.1175028756,0.0917773321,-0.0578723322,0.2158070021,-0.0201952357,3.6579999924,nan,nan,-0.1000000015,0.0000000000,-0.0399999991,0.0000000000,nan,nan,nan,nan,nan,nan,nan,nan,nan,nan,nan,nan,-0.1184322610,-0.1875363290,-0.2526125610,5.5781331062,3.9586606026,0.0000000000,nan,nan,nan,nan,nan,nan,nan,nan,nan,nan,nan,nan,nan,nan,nan,nan,nan,nan,nan,nan,nan,0.0300757885,0.7200024128,inf,0.0300583839,inf,inf,inf,0.0400238037,0.0799529552,inf,inf,inf,inf,inf,inf,inf,1583
1779239081.9015316963,-0.0265251752,0.1175028756,0.0917773321,-0.0578723322,0.2158070021,-0.0201952357,3.6579999924,nan,nan,-0.1000000015,0.0000000000,-0.0399999991,0.0000000000,nan,nan,nan,nan,nan,nan,nan,nan,nan,nan,nan,nan,-0.1184322610,-0.1875363290,-0.2526125610,5.5781331062,3.9586606026,0.0000000000,nan,nan,nan,nan,nan,nan,nan,nan,nan,nan,nan,nan,nan,nan,nan,nan,nan,nan,nan,nan,nan,0.0401127338,0.7300393581,inf,0.0400953293,inf,inf,inf,0.0500607491,0.0899899006,inf,inf,inf,inf,inf,inf,inf,1583
1779239081.9115746021,-0.0148728453,0.1207516566,0.0901895687,-0.0504933553,0.2800126990,-0.0210963533,3.6579999924,nan,nan,-0.1000000015,0.0000000000,-0.0399999991,0.0000000000,nan,nan,nan,nan,nan,nan,nan,nan,nan,nan,nan,nan,-0.1184322610,-0.1875363290,-0.2526125610,6.5598058701,9.0047168732,0.0000000000,nan,nan,nan,nan,nan,nan,nan,nan,nan,nan,nan,nan,nan,nan,nan,nan,nan,nan,nan,nan,nan,0.0000786781,0.7400822639,inf,0.0000491142,inf,inf,inf,0.0601036549,0.0000176430,inf,inf,inf,inf,inf,inf,inf,1583
1779239081.9214966297,-0.0148728453,0.1207516566,0.0901895687,-0.0504933553,0.2800126990,-0.0210963533,3.6579999924,nan,nan,-0.1000000015,0.0000000000,-0.0399999991,0.0000000000,nan,nan,nan,nan,nan,nan,nan,nan,nan,nan,nan,nan,-0.1184322610,-0.1875363290,-0.2526125610,6.5598058701,9.0047168732,0.0000000000,nan,nan,nan,nan,nan,nan,nan,nan,nan,nan,nan,nan,nan,nan,nan,nan,nan,nan,nan,nan,nan,0.0100007057,0.7500042915,inf,0.0099711418,inf,inf,inf,0.0700256824,0.0099396706,inf,inf,inf,inf,inf,inf,inf,1583
1779239081.9315505028,-0.0148728453,0.1207516566,0.0901895687,-0.0504933553,0.2800126990,-0.0210963533,3.6579999924,nan,nan,-0.1000000015,0.0000000000,-0.0399999991,0.0000000000,nan,nan,nan,nan,nan,nan,nan,nan,nan,nan,nan,nan,-0.1184322610,-0.1875363290,-0.2526125610,6.5598058701,9.0047168732,0.0000000000,nan,nan,nan,nan,nan,nan,nan,nan,nan,nan,nan,nan,nan,nan,nan,nan,nan,nan,nan,nan,nan,0.0200545788,0.7600581646,inf,0.0200250149,inf,inf,inf,0.0800795555,0.0199935436,inf,inf,inf,inf,inf,inf,inf,1583
1779239081.9415314198,-0.0148728453,0.1207516566,0.0901895687,-0.0504933553,0.2800126990,-0.0210963533,3.6579999924,nan,nan,-0.1000000015,0.0000000000,-0.0399999991,0.0000000000,nan,nan,nan,nan,nan,nan,nan,nan,nan,nan,nan,nan,-0.1184322610,-0.1875363290,-0.2526125610,6.5598058701,9.0047168732,0.0000000000,nan,nan,nan,nan,nan,nan,nan,nan,nan,nan,nan,nan,nan,nan,nan,nan,nan,nan,nan,nan,nan,0.0300354958,0.7700390816,inf,0.0300059319,inf,inf,inf,0.0900604725,0.0299744606,inf,inf,inf,inf,inf,inf,inf,1583
1779239081.9515204430,-0.0148728453,0.1207516566,0.0901895687,-0.0504933553,0.2800126990,-0.0210963533,3.6579999924,nan,nan,-0.1000000015,0.0000000000,-0.0399999991,0.0000000000,nan,nan,nan,nan,nan,nan,nan,nan,nan,nan,nan,nan,-0.1050708890,-0.1864365786,-0.2596635818,6.5598058701,9.0047168732,0.0000000000,nan,nan,nan,nan,nan,nan,nan,nan,nan,nan,nan,nan,nan,nan,nan,nan,nan,nan,nan,nan,nan,0.0400245190,0.7800281048,inf,0.0399949551,inf,inf,inf,0.0000209808,0.0399634838,inf,inf,inf,inf,inf,inf,inf,1583
1779239081.9615101814,-0.0058285519,0.1194983125,0.0883328468,-0.0460912202,0.3501055291,-0.0222094279,3.6579999924,nan,nan,-0.1000000015,0.0000000000,-0.0399999991,0.0000000000,nan,nan,nan,nan,nan,nan,nan,nan,nan,nan,nan,nan,-0.1050708890,-0.1864365786,-0.2596635818,6.5598058701,9.0047168732,0.0000000000,nan,nan,nan,nan,nan,nan,nan,nan,nan,nan,nan,nan,nan,nan,nan,nan,nan,nan,nan,nan,nan,0.0000417233,0.7900178432,inf,0.0000159740,inf,inf,inf,0.0100107193,0.0499532223,inf,inf,inf,inf,inf,inf,inf,1583
1779239081.9715442657,-0.0058285519,0.1194983125,0.0883328468,-0.0460912202,0.3501055291,-0.0222094279,3.6579999924,nan,nan,-0.1000000015,0.0000000000,-0.0399999991,0.0000000000,nan,nan,nan,nan,nan,nan,nan,nan,nan,nan,nan,nan,-0.1050708890,-0.1864365786,-0.2596635818,6.5598058701,9.0047168732,0.0000000000,nan,nan,nan,nan,nan,nan,nan,nan,nan,nan,nan,nan,nan,nan,nan,nan,nan,nan,nan,nan,nan,0.0100758076,0.8000519276,inf,0.0100500584,inf,inf,inf,0.0200448036,0.0599873066,inf,inf,inf,inf,inf,inf,inf,1583
1779239081.9815297127,-0.0058285519,0.1194983125,0.0883328468,-0.0460912202,0.3501055291,-0.0222094279,3.6579999924,nan,nan,-0.1000000015,0.0000000000,-0.0399999991,0.0000000000,nan,nan,nan,nan,nan,nan,nan,nan,nan,nan,nan,nan,-0.1050708890,-0.1864365786,-0.2596635818,6.5598058701,9.0047168732,0.0000000000,nan,nan,nan,nan,nan,nan,nan,nan,nan,nan,nan,nan,nan,nan,nan,nan,nan,nan,nan,nan,nan,0.0200612545,0.8100373745,inf,0.0200355053,inf,inf,inf,0.0300302505,0.0699727535,inf,inf,inf,inf,inf,inf,inf,1583
1779239081.9915356636,-0.0058285519,0.1194983125,0.0883328468,-0.0460912202,0.3501055291,-0.0222094279,3.6579999924,nan,nan,-0.1000000015,0.0000000000,-0.0399999991,0.0000000000,nan,nan,nan,nan,nan,nan,nan,nan,nan,nan,nan,nan,-0.1050708890,-0.1864365786,-0.2596635818,6.5598058701,9.0047168732,0.0000000000,nan,nan,nan,nan,nan,nan,nan,nan,nan,nan,nan,nan,nan,nan,nan,nan,nan,nan,nan,nan,nan,0.0300672054,0.8200433254,inf,0.0300414562,inf,inf,inf,0.0400362015,0.0799787045,inf,inf,inf,inf,inf,inf,inf,1583
1779239082.0015299320,-0.0058285519,0.1194983125,0.0883328468,-0.0460912202,0.3501055291,-0.0222094279,3.6579999924,nan,nan,-0.1000000015,0.0000000000,-0.0399999991,0.0000000000,nan,nan,nan,nan,nan,nan,nan,nan,nan,nan,nan,nan,-0.1050708890,-0.1864365786,-0.2596635818,6.5598058701,9.0047168732,0.0000000000,nan,nan,nan,nan,nan,nan,nan,nan,nan,nan,nan,nan,nan,nan,nan,nan,nan,nan,nan,nan,nan,0.0400614738,0.8300375938,inf,0.0400357246,inf,inf,inf,0.0500304699,0.0899729729,inf,inf,inf,inf,inf,inf,inf,1583
1779239082.0115799904,0.0183033887,0.1231666878,0.0821149349,-0.0465257259,0.3980373200,-0.0206814015,3.6579999924,nan,nan,-0.1000000015,0.0000000000,-0.0399999991,0.0000000000,nan,nan,nan,nan,nan,nan,nan,nan,nan,nan,nan,nan,-0.1050708890,-0.1864365786,-0.2596635818,6.7729229927,15.0031938553,0.0000000000,nan,nan,nan,nan,nan,nan,nan,nan,nan,nan,nan,nan,nan,nan,nan,nan,nan,nan,nan,nan,nan,0.0000822544,0.8400876522,inf,0.0000510216,inf,inf,inf,0.0600805283,0.0000185966,inf,inf,inf,inf,inf,inf,inf,1583
1779239082.0215101242,0.0183033887,0.1231666878,0.0821149349,-0.0465257259,0.3980373200,-0.0206814015,3.6579999924,nan,nan,-0.1000000015,0.0000000000,-0.0399999991,0.0000000000,nan,nan,nan,nan,nan,nan,nan,nan,nan,nan,nan,nan,-0.1050708890,-0.1864365786,-0.2596635818,6.7729229927,15.0031938553,0.0000000000,nan,nan,nan,nan,nan,nan,nan,nan,nan,nan,nan,nan,nan,nan,nan,nan,nan,nan,nan,nan,nan,0.0100123882,0.8500177860,inf,0.0099811554,inf,inf,inf,0.0700106621,0.0099487305,inf,inf,inf,inf,inf,inf,inf,1583
1779239082.0315220356,0.0183033887,0.1231666878,0.0821149349,-0.0465257259,0.3980373200,-0.0206814015,3.6579999924,nan,nan,-0.1000000015,0.0000000000,-0.0399999991,0.0000000000,nan,nan,nan,nan,nan,nan,nan,nan,nan,nan,nan,nan,-0.1050708890,-0.1864365786,-0.2596635818,6.7729229927,15.0031938553,0.0000000000,nan,nan,nan,nan,nan,nan,nan,nan,nan,nan,nan,nan,nan,nan,nan,nan,nan,nan,nan,nan,nan,0.0200242996,0.8600296974,inf,0.0199930668,inf,inf,inf,0.0800225735,0.0199606419,inf,inf,inf,inf,inf,inf,inf,1583
1779239082.0414874554,0.0183033887,0.1231666878,0.0821149349,-0.0465257259,0.3980373200,-0.0206814015,3.6579999924,nan,nan,-0.1000000015,0.0000000000,-0.0399999991,0.0000000000,nan,nan,nan,nan,nan,nan,nan,nan,nan,nan,nan,nan,-0.1050708890,-0.1864365786,-0.2596635818,6.7729229927,15.0031938553,0.0000000000,nan,nan,nan,nan,nan,nan,nan,nan,nan,nan,nan,nan,nan,nan,nan,nan,nan,nan,nan,nan,nan,0.0299897194,0.8699951172,inf,0.0299584866,inf,inf,inf,0.0899879932,0.0299260616,inf,inf,inf,inf,inf,inf,inf,1583
1779239082.0514547825,0.0183033887,0.1231666878,0.0821149349,-0.0465257259,0.3980373200,-0.0206814015,3.6579999924,nan,nan,-0.1000000015,0.0000000000,-0.0399999991,0.0000000000,nan,nan,nan,nan,nan,nan,nan,nan,nan,nan,nan,nan,-0.0086160973,-0.1726980358,-0.2740262449,6.7729229927,15.0031938553,0.0000000000,nan,nan,nan,nan,nan,nan,nan,nan,nan,nan,nan,nan,nan,nan,nan,nan,nan,nan,nan,nan,nan,0.0399570465,0.8799624443,inf,0.0399258137,inf,inf,inf,0.0000131130,0.0398933887,inf,inf,inf,inf,inf,inf,inf,1583
1779239082.0614678860,0.0069108205,0.1188973635,0.0831093043,-0.0437539218,0.4377225756,-0.0182408819,3.6579999924,nan,nan,-0.1000000015,0.0000000000,-0.0399999991,0.0000000000,nan,nan,nan,nan,nan,nan,nan,nan,nan,nan,nan,nan,-0.0086160973,-0.1726980358,-0.2740262449,6.7729229927,15.0031938553,0.0000000000,nan,nan,nan,nan,nan,nan,nan,nan,nan,nan,nan,nan,nan,nan,nan,nan,nan,nan,nan,nan,nan,0.0000326633,0.8899755478,inf,0.0000119209,inf,inf,inf,0.0100262165,0.0499064922,inf,inf,inf,inf,inf,inf,inf,1583
1779239082.0715103149,0.0069108205,0.1188973635,0.0831093043,-0.0437539218,0.4377225756,-0.0182408819,3.6579999924,nan,nan,-0.1000000015,0.0000000000,-0.0399999991,0.0000000000,nan,nan,nan,nan,nan,nan,nan,nan,nan,nan,nan,nan,-0.0086160973,-0.1726980358,-0.2740262449,6.7729229927,15.0031938553,0.0000000000,nan,nan,nan,nan,nan,nan,nan,nan,nan,nan,nan,nan,nan,nan,nan,nan,nan,nan,nan,nan,nan,0.0100750923,0.9000179768,inf,0.0100543499,inf,inf,inf,0.0200686455,0.0599489212,inf,inf,inf,inf,inf,inf,inf,1583
1779239082.0814940929,0.0069108205,0.1188973635,0.0831093043,-0.0437539218,0.4377225756,-0.0182408819,3.6579999924,nan,nan,-0.1000000015,0.0000000000,-0.0399999991,0.0000000000,nan,nan,nan,nan,nan,nan,nan,nan,nan,nan,nan,nan,-0.0086160973,-0.1726980358,-0.2740262449,6.7729229927,15.0031938553,0.0000000000,nan,nan,nan,nan,nan,nan,nan,nan,nan,nan,nan,nan,nan,nan,nan,nan,nan,nan,nan,nan,nan,0.0200588703,0.9100017548,inf,0.0200381279,inf,inf,inf,0.0300524235,0.0699326992,inf,inf,inf,inf,inf,inf,inf,1583
1779239082.0914781094,0.0069108205,0.1188973635,0.0831093043,-0.0437539218,0.4377225756,-0.0182408819,3.6579999924,nan,nan,-0.1000000015,0.0000000000,-0.0399999991,0.0000000000,nan,nan,nan,nan,nan,nan,nan,nan,nan,nan,nan,nan,-0.0086160973,-0.1726980358,-0.2740262449,6.7729229927,15.0031938553,0.0000000000,nan,nan,nan,nan,nan,nan,nan,nan,nan,nan,nan,nan,nan,nan,nan,nan,nan,nan,nan,nan,nan,0.0300428867,0.9199857712,inf,0.0300221443,inf,inf,inf,0.0400364399,0.0799167156,inf,inf,inf,inf,inf,inf,inf,1583
1779239082.1014809608,0.0069108205,0.1188973635,0.0831093043,-0.0437539218,0.4377225756,-0.0182408819,3.6579999924,nan,nan,-0.1000000015,0.0000000000,-0.0399999991,0.0000000000,nan,nan,nan,nan,nan,nan,nan,nan,nan,nan,nan,nan,-0.0086160973,-0.1726980358,-0.2740262449,6.7729229927,15.0031938553,0.0000000000,nan,nan,nan,nan,nan,nan,nan,nan,nan,nan,nan,nan,nan,nan,nan,nan,nan,nan,nan,nan,nan,0.0400457382,0.9299886227,inf,0.0400249958,inf,inf,inf,0.0500392914,0.0899195671,inf,inf,inf,inf,inf,inf,inf,1583
1779239082.1114895344,0.0309874713,0.1211722568,0.0742047355,-0.0450751126,0.4577538229,-0.0105023355,3.6579999924,nan,nan,-0.1000000015,0.0000000000,-0.0399999991,0.0000000000,nan,nan,nan,nan,nan,nan,nan,nan,nan,nan,nan,nan,-0.0086160973,-0.1726980358,-0.2740262449,5.8428153992,17.8203754425,0.0000000000,nan,nan,nan,nan,nan,nan,nan,nan,nan,nan,nan,nan,nan,nan,nan,nan,nan,nan,nan,nan,nan,0.0000522137,0.9399971962,inf,0.0000331402,inf,inf,inf,0.0600478649,0.0000116825,inf,inf,inf,inf,inf,inf,inf,1583
1779239082.1214492321,0.0309874713,0.1211722568,0.0742047355,-0.0450751126,0.4577538229,-0.0105023355,3.6579999924,nan,nan,-0.1000000015,0.0000000000,-0.0399999991,0.0000000000,nan,nan,nan,nan,nan,nan,nan,nan,nan,nan,nan,nan,-0.0086160973,-0.1726980358,-0.2740262449,5.8428153992,17.8203754425,0.0000000000,nan,nan,nan,nan,nan,nan,nan,nan,nan,nan,nan,nan,nan,nan,nan,nan,nan,nan,nan,nan,nan,0.0100119114,0.9499568939,inf,0.0099928379,inf,inf,inf,0.0700075626,0.0099713802,inf,inf,inf,inf,inf,inf,inf,1583
1779239082.1314373016,0.0309874713,0.1211722568,0.0742047355,-0.0450751126,0.4577538229,-0.0105023355,3.6579999924,nan,nan,-0.1000000015,0.0000000000,-0.0399999991,0.0000000000,nan,nan,nan,nan,nan,nan,nan,nan,nan,nan,nan,nan,-0.0086160973,-0.1726980358,-0.2740262449,5.8428153992,17.8203754425,0.0000000000,nan,nan,nan,nan,nan,nan,nan,nan,nan,nan,nan,nan,nan,nan,nan,nan,nan,nan,nan,nan,nan,0.0199999809,0.9599449635,inf,0.0199809074,inf,inf,inf,0.0799956322,0.0199594498,inf,inf,inf,inf,inf,inf,inf,1583
1779239082.1414458752,0.0309874713,0.1211722568,0.0742047355,-0.0450751126,0.4577538229,-0.0105023355,3.6579999924,nan,nan,-0.1000000015,0.0000000000,-0.0399999991,0.0000000000,nan,nan,nan,nan,nan,nan,nan,nan,nan,nan,nan,nan,-0.0086160973,-0.1726980358,-0.2740262449,5.8428153992,17.8203754425,0.0000000000,nan,nan,nan,nan,nan,nan,nan,nan,nan,nan,nan,nan,nan,nan,nan,nan,nan,nan,nan,nan,nan,0.0300085545,0.9699535370,inf,0.0299894810,inf,inf,inf,0.0900042057,0.0299680233,inf,inf,inf,inf,inf,inf,inf,1583
1779239082.1514267921,0.0309874713,0.1211722568,0.0742047355,-0.0450751126,0.4577538229,-0.0105023355,3.6579999924,nan,nan,-0.1000000015,0.0000000000,-0.0399999991,0.0000000000,nan,nan,nan,nan,nan,nan,nan,nan,nan,nan,nan,nan,-0.3461863399,-0.2181511968,-0.1505218446,5.8428153992,17.8203754425,0.0000000000,nan,nan,nan,nan,nan,nan,nan,nan,nan,nan,nan,nan,nan,nan,nan,nan,nan,nan,nan,nan,nan,0.0399894714,0.9799344540,inf,0.0399703979,inf,inf,inf,0.0000107288,0.0399489403,inf,inf,inf,inf,inf,inf,inf,1583
1779239082.1614573002,0.0691638812,0.1245333925,0.0591462329,-0.0242683470,0.4665000080,0.0056133373,3.6579999924,nan,nan,-0.1000000015,0.0000000000,-0.0399999991,0.0000000000,nan,nan,nan,nan,nan,nan,nan,nan,nan,nan,nan,nan,-0.3461863399,-0.2181511968,-0.1505218446,5.8428153992,17.8203754425,0.0000000000,nan,nan,nan,nan,nan,nan,nan,nan,nan,nan,nan,nan,nan,nan,nan,nan,nan,nan,nan,nan,nan,0.0000271797,0.9899649620,inf,0.0000095367,inf,inf,inf,0.0100412369,0.0499794483,inf,inf,inf,inf,inf,inf,inf,1583
1779239082.1714308262,0.0691638812,0.1245333925,0.0591462329,-0.0242683470,0.4665000080,0.0056133373,3.2780001163,nan,nan,-0.1000000015,0.0000000000,-0.0399999991,0.0000000000,nan,nan,nan,nan,nan,nan,nan,nan,nan,nan,nan,nan,-0.3461863399,-0.2181511968,-0.1505218446,5.8428153992,17.8203754425,0.0000000000,nan,nan,nan,nan,nan,nan,nan,nan,nan,nan,nan,nan,nan,nan,nan,nan,nan,nan,nan,nan,nan,0.0100007057,0.0000143051,inf,0.0099830627,inf,inf,inf,0.0200147629,0.0599529743,inf,inf,inf,inf,inf,inf,inf,1583
1779239082.1814565659,0.0691638812,0.1245333925,0.0591462329,-0.0242683470,0.4665000080,0.0056133373,3.2780001163,nan,nan,-0.1000000015,0.0000000000,-0.0399999991,0.0000000000,nan,nan,nan,nan,nan,nan,nan,nan,nan,nan,nan,nan,-0.3461863399,-0.2181511968,-0.1505218446,5.8428153992,17.8203754425,0.0000000000,nan,nan,nan,nan,nan,nan,nan,nan,nan,nan,nan,nan,nan,nan,nan,nan,nan,nan,nan,nan,nan,0.0200264454,0.0100400448,inf,0.0200088024,inf,inf,inf,0.0300405025,0.0699787140,inf,inf,inf,inf,inf,inf,inf,1583
1779239082.1914522648,0.0691638812,0.1245333925,0.0591462329,-0.0242683470,0.4665000080,0.0056133373,3.2780001163,nan,nan,-0.1000000015,0.0000000000,-0.0399999991,0.0000000000,nan,nan,nan,nan,nan,nan,nan,nan,nan,nan,nan,nan,-0.3461863399,-0.2181511968,-0.1505218446,5.8428153992,17.8203754425,0.0000000000,nan,nan,nan,nan,nan,nan,nan,nan,nan,nan,nan,nan,nan,nan,nan,nan,nan,nan,nan,nan,nan,0.0300221443,0.0200357437,inf,0.0300045013,inf,inf,inf,0.0400362015,0.0799744129,inf,inf,inf,inf,inf,inf,inf,1583
1779239082.2014191151,0.0691638812,0.1245333925,0.0591462329,-0.0242683470,0.4665000080,0.0056133373,3.2780001163,nan,nan,-0.1000000015,0.0000000000,-0.0399999991,0.0000000000,nan,nan,nan,nan,nan,nan,nan,nan,nan,nan,nan,nan,-0.3461863399,-0.2181511968,-0.1505218446,5.8428153992,17.8203754425,0.0000000000,nan,nan,nan,nan,nan,nan,nan,nan,nan,nan,nan,nan,nan,nan,nan,nan,nan,nan,nan,nan,nan,0.0399889946,0.0300025940,inf,0.0399713516,inf,inf,inf,0.0500030518,0.0899412632,inf,inf,inf,inf,inf,inf,inf,1583
1779239082.2114565372,0.1167890280,0.1282054633,0.0403081924,0.0122595046,0.4380619365,-0.0086123602,3.2780001163,nan,nan,-0.1000000015,0.0000000000,-0.0399999991,0.0000000000,nan,nan,nan,nan,nan,nan,nan,nan,nan,nan,nan,nan,-0.3461863399,-0.2181511968,-0.1505218446,6.9269928932,20.0000000000,0.0000000000,nan,nan,nan,nan,nan,nan,nan,nan,nan,nan,nan,nan,nan,nan,nan,nan,nan,nan,nan,nan,nan,0.0000514984,0.0400400162,inf,0.0000321865,inf,inf,inf,0.0600404739,0.0000088215,inf,inf,inf,inf,inf,inf,inf,1583
1779239082.2214796543,0.1167890280,0.1282054633,0.0403081924,0.0122595046,0.4380619365,-0.0086123602,3.2780001163,nan,nan,-0.1000000015,0.0000000000,-0.0399999991,0.0000000000,nan,nan,nan,nan,nan,nan,nan,nan,nan,nan,nan,nan,-0.3461863399,-0.2181511968,-0.1505218446,6.9269928932,20.0000000000,0.0000000000,nan,nan,nan,nan,nan,nan,nan,nan,nan,nan,nan,nan,nan,nan,nan,nan,nan,nan,nan,nan,nan,0.0100746155,0.0500631332,inf,0.0100553036,inf,inf,inf,0.0700635910,0.0100319386,inf,inf,inf,inf,inf,inf,inf,1583
1779239082.2314527035,0.1167890280,0.1282054633,0.0403081924,0.0122595046,0.4380619365,-0.0086123602,3.2780001163,nan,nan,-0.1000000015,0.0000000000,-0.0399999991,0.0000000000,nan,nan,nan,nan,nan,nan,nan,nan,nan,nan,nan,nan,-0.3461863399,-0.2181511968,-0.1505218446,6.9269928932,20.0000000000,0.0000000000,nan,nan,nan,nan,nan,nan,nan,nan,nan,nan,nan,nan,nan,nan,nan,nan,nan,nan,nan,nan,nan,0.0200476646,0.0600361824,inf,0.0200283527,inf,inf,inf,0.0800366402,0.0200049877,inf,inf,inf,inf,inf,inf,inf,1583
1779239082.2414295673,0.1167890280,0.1282054633,0.0403081924,0.0122595046,0.4380619365,-0.0086123602,3.2780001163,nan,nan,-0.1000000015,0.0000000000,-0.0399999991,0.0000000000,nan,nan,nan,nan,nan,nan,nan,nan,nan,nan,nan,nan,-0.3461863399,-0.2181511968,-0.1505218446,6.9269928932,20.0000000000,0.0000000000,nan,nan,nan,nan,nan,nan,nan,nan,nan,nan,nan,nan,nan,nan,nan,nan,nan,nan,nan,nan,nan,0.0300245285,0.0700130463,inf,0.0300052166,inf,inf,inf,0.0900135040,0.0299818516,inf,inf,inf,inf,inf,inf,inf,1583
1779239082.2514638901,0.1167890280,0.1282054633,0.0403081924,0.0122595046,0.4380619365,-0.0086123602,3.2780001163,nan,nan,-0.1000000015,0.0000000000,-0.0399999991,0.0000000000,nan,nan,nan,nan,nan,nan,nan,nan,nan,nan,nan,nan,-0.3461863399,-0.2181511968,-0.1505218446,6.9269928932,20.0000000000,0.0000000000,nan,nan,nan,nan,nan,nan,nan,nan,nan,nan,nan,nan,nan,nan,nan,nan,nan,nan,nan,nan,nan,0.0400588512,0.0800473690,inf,0.0400395393,inf,inf,inf,0.1000478268,0.0400161743,inf,inf,inf,inf,inf,inf,inf,1583
1779239082.2614598274,0.0171413086,0.1138605475,0.0813374519,0.0643267819,0.3027727011,-0.0742374012,3.2780001163,nan,nan,-0.1000000015,0.0000000000,-0.0399999991,0.0000000000,nan,nan,nan,nan,nan,nan,nan,nan,nan,nan,nan,nan,0.5269099474,-0.1149288267,-0.5016103387,6.9269928932,20.0000000000,0.0000000000,nan,nan,nan,nan,nan,nan,nan,nan,nan,nan,nan,nan,nan,nan,nan,nan,nan,nan,nan,nan,nan,0.0000455379,0.0900433064,inf,0.0000283718,inf,inf,inf,0.0000102520,0.0500121117,inf,inf,inf,inf,inf,inf,inf,1583
1779239082.2715301514,0.0171413086,0.1138605475,0.0813374519,0.0643267819,0.3027727011,-0.0742374012,3.2780001163,nan,nan,-0.1000000015,0.0000000000,-0.0399999991,0.0000000000,nan,nan,nan,nan,nan,nan,nan,nan,nan,nan,nan,nan,0.5269099474,-0.1149288267,-0.5016103387,6.9269928932,20.0000000000,0.0000000000,nan,nan,nan,nan,nan,nan,nan,nan,nan,nan,nan,nan,nan,nan,nan,nan,nan,nan,nan,nan,nan,0.0101158619,0.1001136303,inf,0.0100986958,inf,inf,inf,0.0100805759,0.0600824356,inf,inf,inf,inf,inf,inf,inf,1583
1779239082.2814702988,0.0171413086,0.1138605475,0.0813374519,0.0643267819,0.3027727011,-0.0742374012,3.2780001163,nan,nan,-0.1000000015,0.0000000000,-0.0399999991,0.0000000000,nan,nan,nan,nan,nan,nan,nan,nan,nan,nan,nan,nan,0.5269099474,-0.1149288267,-0.5016103387,6.9269928932,20.0000000000,0.0000000000,nan,nan,nan,nan,nan,nan,nan,nan,nan,nan,nan,nan,nan,nan,nan,nan,nan,nan,nan,nan,nan,0.0200560093,0.1100537777,inf,0.0200388432,inf,inf,inf,0.0200207233,0.0700225830,inf,inf,inf,inf,inf,inf,inf,1583
1779239082.2914865017,0.0171413086,0.1138605475,0.0813374519,0.0643267819,0.3027727011,-0.0742374012,3.2780001163,nan,nan,-0.1000000015,0.0000000000,-0.0399999991,0.0000000000,nan,nan,nan,nan,nan,nan,nan,nan,nan,nan,nan,nan,0.5269099474,-0.1149288267,-0.5016103387,6.9269928932,20.0000000000,0.0000000000,nan,nan,nan,nan,nan,nan,nan,nan,nan,nan,nan,nan,nan,nan,nan,nan,nan,nan,nan,nan,nan,0.0300722122,0.1200699806,inf,0.0300550461,inf,inf,inf,0.0300369263,0.0800387859,inf,inf,inf,inf,inf,inf,inf,1583
1779239082.3014683723,0.0171413086,0.1138605475,0.0813374519,0.0643267819,0.3027727011,-0.0742374012,3.2780001163,nan,nan,-0.1000000015,0.0000000000,-0.0399999991,0.0000000000,nan,nan,nan,nan,nan,nan,nan,nan,nan,nan,nan,nan,0.5269099474,-0.1149288267,-0.5016103387,6.9269928932,20.0000000000,0.0000000000,nan,nan,nan,nan,nan,nan,nan,nan,nan,nan,nan,nan,nan,nan,nan,nan,nan,nan,nan,nan,nan,0.0400540829,0.1300518513,inf,0.0400369167,inf,inf,inf,0.0400187969,0.0900206566,inf,inf,inf,inf,inf,inf,inf,1583
1779239082.3115105629,0.0460091345,0.1114899963,0.0688893199,0.0667099728,0.1671044619,-0.1000533333,3.2780001163,nan,nan,-0.1000000015,0.0000000000,-0.0399999991,0.0000000000,nan,nan,nan,nan,nan,nan,nan,nan,nan,nan,nan,nan,0.5269099474,-0.1149288267,-0.5016103387,2.7486281395,12.6032686234,0.0000000000,nan,nan,nan,nan,nan,nan,nan,nan,nan,nan,nan,nan,nan,nan,nan,nan,nan,nan,nan,nan,nan,0.0000631809,0.1400940418,inf,0.0000383854,inf,inf,inf,0.0500609875,0.0000143051,inf,inf,inf,inf,inf,inf,inf,1583
1779239082.3214797974,0.0460091345,0.1114899963,0.0688893199,0.0667099728,0.1671044619,-0.1000533333,3.2780001163,nan,nan,-0.1000000015,0.0000000000,-0.0399999991,0.0000000000,nan,nan,nan,nan,nan,nan,nan,nan,nan,nan,nan,nan,0.5269099474,-0.1149288267,-0.5016103387,2.7486281395,12.6032686234,0.0000000000,nan,nan,nan,nan,nan,nan,nan,nan,nan,nan,nan,nan,nan,nan,nan,nan,nan,nan,nan,nan,nan,0.0100324154,0.1500632763,inf,0.0100076199,inf,inf,inf,0.0600302219,0.0099835396,inf,inf,inf,inf,inf,inf,inf,1583
1779239082.3314688206,0.0460091345,0.1114899963,0.0688893199,0.0667099728,0.1671044619,-0.1000533333,3.2780001163,nan,nan,-0.1000000015,0.0000000000,-0.0399999991,0.0000000000,nan,nan,nan,nan,nan,nan,nan,nan,nan,nan,nan,nan,0.5269099474,-0.1149288267,-0.5016103387,2.7486281395,12.6032686234,0.0000000000,nan,nan,nan,nan,nan,nan,nan,nan,nan,nan,nan,nan,nan,nan,nan,nan,nan,nan,nan,nan,nan,0.0200214386,0.1600522995,inf,0.0199966431,inf,inf,inf,0.0700192451,0.0199725628,inf,inf,inf,inf,inf,inf,inf,1583
1779239082.3414947987,0.0460091345,0.1114899963,0.0688893199,0.0667099728,0.1671044619,-0.1000533333,3.2780001163,nan,nan,-0.1000000015,0.0000000000,-0.0399999991,0.0000000000,nan,nan,nan,nan,nan,nan,nan,nan,nan,nan,nan,nan,0.5269099474,-0.1149288267,-0.5016103387,2.7486281395,12.6032686234,0.0000000000,nan,nan,nan,nan,nan,nan,nan,nan,nan,nan,nan,nan,nan,nan,nan,nan,nan,nan,nan,nan,nan,0.0300474167,0.1700782776,inf,0.0300226212,inf,inf,inf,0.0800452232,0.0299985409,inf,inf,inf,inf,inf,inf,inf,1583
1779239082.3514735699,0.0460091345,0.1114899963,0.0688893199,0.0667099728,0.1671044619,-0.1000533333,3.2780001163,nan,nan,-0.1000000015,0.0000000000,-0.0399999991,0.0000000000,nan,nan,nan,nan,nan,nan,nan,nan,nan,nan,nan,nan,0.1250507385,-0.1396265477,-0.4075989127,2.7486281395,12.6032686234,0.0000000000,nan,nan,nan,nan,nan,nan,nan,nan,nan,nan,nan,nan,nan,nan,nan,nan,nan,nan,nan,nan,nan,0.0400261879,0.1800570488,inf,0.0400013924,inf,inf,inf,0.0000205040,0.0399773121,inf,inf,inf,inf,inf,inf,inf,1583
1779239082.3615169525,0.0268546548,0.1038091183,0.0831325129,0.0830662336,0.0468598891,-0.1255904034,3.2780001163,nan,nan,-0.1000000015,0.0000000000,-0.0399999991,0.0000000000,nan,nan,nan,nan,nan,nan,nan,nan,nan,nan,nan,nan,0.1250507385,-0.1396265477,-0.4075989127,2.7486281395,12.6032686234,0.0000000000,nan,nan,nan,nan,nan,nan,nan,nan,nan,nan,nan,nan,nan,nan,nan,nan,nan,nan,nan,nan,nan,0.0000493526,0.1901004314,inf,0.0000174046,inf,inf,inf,0.0100638866,0.0500206947,inf,inf,inf,inf,inf,inf,inf,1583
1779239082.3715286255,0.0268546548,0.1038091183,0.0831325129,0.0830662336,0.0468598891,-0.1255904034,3.2780001163,nan,nan,-0.1000000015,0.0000000000,-0.0399999991,0.0000000000,nan,nan,nan,nan,nan,nan,nan,nan,nan,nan,nan,nan,0.1250507385,-0.1396265477,-0.4075989127,2.7486281395,12.6032686234,0.0000000000,nan,nan,nan,nan,nan,nan,nan,nan,nan,nan,nan,nan,nan,nan,nan,nan,nan,nan,nan,nan,nan,0.0100610256,0.2001121044,inf,0.0100290775,inf,inf,inf,0.0200755596,0.0600323677,inf,inf,inf,inf,inf,inf,inf,1583
1779239082.3815088272,0.0268546548,0.1038091183,0.0831325129,0.0830662336,0.0468598891,-0.1255904034,3.2780001163,nan,nan,-0.1000000015,0.0000000000,-0.0399999991,0.0000000000,nan,nan,nan,nan,nan,nan,nan,nan,nan,nan,nan,nan,0.1250507385,-0.1396265477,-0.4075989127,2.7486281395,12.6032686234,0.0000000000,nan,nan,nan,nan,nan,nan,nan,nan,nan,nan,nan,nan,nan,nan,nan,nan,nan,nan,nan,nan,nan,0.0200412273,0.2100923061,inf,0.0200092793,inf,inf,inf,0.0300557613,0.0700125694,inf,inf,inf,inf,inf,inf,inf,1583
1779239082.3915073872,0.0268546548,0.1038091183,0.0831325129,0.0830662336,0.0468598891,-0.1255904034,3.2780001163,nan,nan,-0.1000000015,0.0000000000,-0.0399999991,0.0000000000,nan,nan,nan,nan,nan,nan,nan,nan,nan,nan,nan,nan,0.1250507385,-0.1396265477,-0.4075989127,2.7486281395,12.6032686234,0.0000000000,nan,nan,nan,nan,nan,nan,nan,nan,nan,nan,nan,nan,nan,nan,nan,nan,nan,nan,nan,nan,nan,0.0300397873,0.2200908661,inf,0.0300078392,inf,inf,inf,0.0400543213,0.0800111294,inf,inf,inf,inf,inf,inf,inf,1583
1779239082.4014675617,0.0268546548,0.1038091183,0.0831325129,0.0830662336,0.0468598891,-0.1255904034,3.2780001163,nan,nan,-0.1000000015,0.0000000000,-0.0399999991,0.0000000000,nan,nan,nan,nan,nan,nan,nan,nan,nan,nan,nan,nan,0.1250507385,-0.1396265477,-0.4075989127,2.7486281395,12.6032686234,0.0000000000,nan,nan,nan,nan,nan,nan,nan,nan,nan,nan,nan,nan,nan,nan,nan,nan,nan,nan,nan,nan,nan,0.0399999619,0.2300510406,inf,0.0399680138,inf,inf,inf,0.0500144958,0.0899713039,inf,inf,inf,inf,inf,inf,inf,1583
1779239082.4115574360,0.0436516479,0.0958288908,0.0756709278,0.1007259609,0.0312062820,-0.1232204681,3.2780001163,nan,nan,-0.1000000015,0.0000000000,-0.0399999991,0.0000000000,nan,nan,nan,nan,nan,nan,nan,nan,nan,nan,nan,nan,0.1250507385,-0.1396265477,-0.4075989127,-1.9420862198,5.6788740158,0.0000000000,nan,nan,nan,nan,nan,nan,nan,nan,nan,nan,nan,nan,nan,nan,nan,nan,nan,nan,nan,nan,nan,0.0000813007,0.2401409149,inf,0.0000505447,inf,inf,inf,0.0601043701,0.0000185966,inf,inf,inf,inf,inf,inf,inf,1583
1779239082.4215021133,0.0436516479,0.0958288908,0.0756709278,0.1007259609,0.0312062820,-0.1232204681,3.2780001163,nan,nan,-0.1000000015,0.0000000000,-0.0399999991,0.0000000000,nan,nan,nan,nan,nan,nan,nan,nan,nan,nan,nan,nan,0.1250507385,-0.1396265477,-0.4075989127,-1.9420862198,5.6788740158,0.0000000000,nan,nan,nan,nan,nan,nan,nan,nan,nan,nan,nan,nan,nan,nan,nan,nan,nan,nan,nan,nan,nan,0.0100259781,0.2500855923,inf,0.0099952221,inf,inf,inf,0.0700490475,0.0099632740,inf,inf,inf,inf,inf,inf,inf,1583
1779239082.4314761162,0.0436516479,0.0958288908,0.0756709278,0.1007259609,0.0312062820,-0.1232204681,3.2780001163,nan,nan,-0.1000000015,0.0000000000,-0.0399999991,0.0000000000,nan,nan,nan,nan,nan,nan,nan,nan,nan,nan,nan,nan,0.1250507385,-0.1396265477,-0.4075989127,-1.9420862198,5.6788740158,0.0000000000,nan,nan,nan,nan,nan,nan,nan,nan,nan,nan,nan,nan,nan,nan,nan,nan,nan,nan,nan,nan,nan,0.0199999809,0.2600595951,inf,0.0199692249,inf,inf,inf,0.0800230503,0.0199372768,inf,inf,inf,inf,inf,inf,inf,1583
1779239082.4414634705,0.0436516479,0.0958288908,0.0756709278,0.1007259609,0.0312062820,-0.1232204681,3.2780001163,nan,nan,-0.1000000015,0.0000000000,-0.0399999991,0.0000000000,nan,nan,nan,nan,nan,nan,nan,nan,nan,nan,nan,nan,0.1250507385,-0.1396265477,-0.4075989127,-1.9420862198,5.6788740158,0.0000000000,nan,nan,nan,nan,nan,nan,nan,nan,nan,nan,nan,nan,nan,nan,nan,nan,nan,nan,nan,nan,nan,0.0299873352,0.2700469494,inf,0.0299565792,inf,inf,inf,0.0900104046,0.0299246311,inf,inf,inf,inf,inf,inf,inf,1583
1779239082.4515213966,0.0436516479,0.0958288908,0.0756709278,0.1007259609,0.0312062820,-0.1232204681,3.2780001163,nan,nan,-0.1000000015,0.0000000000,-0.0399999991,0.0000000000,nan,nan,nan,nan,nan,nan,nan,nan,nan,nan,nan,nan,-0.0267751813,-0.1483756304,-0.3793120980,-1.9420862198,5.6788740158,0.0000000000,nan,nan,nan,nan,nan,nan,nan,nan,nan,nan,nan,nan,nan,nan,nan,nan,nan,nan,nan,nan,nan,0.0400452614,0.2801048756,inf,0.0400145054,inf,inf,inf,0.0000212193,0.0399825573,inf,inf,inf,inf,inf,inf,inf,1583
1779239082.4615151882,0.0348986834,0.0869551897,0.0889682248,0.1377928303,0.0959620452,-0.1407033237,3.2780001163,nan,nan,-0.1000000015,0.0000000000,-0.0399999991,0.0000000000,nan,nan,nan,nan,nan,nan,nan,nan,nan,nan,nan,nan,-0.0267751813,-0.1483756304,-0.3793120980,-1.9420862198,5.6788740158,0.0000000000,nan,nan,nan,nan,nan,nan,nan,nan,nan,nan,nan,nan,nan,nan,nan,nan,nan,nan,nan,nan,nan,0.0000464916,0.2900986671,inf,0.0000157356,inf,inf,inf,0.0100150108,0.0499763489,inf,inf,inf,inf,inf,inf,inf,1583
1779239082.4715013504,0.0348986834,0.0869551897,0.0889682248,0.1377928303,0.0959620452,-0.1407033237,3.2780001163,nan,nan,-0.1000000015,0.0000000000,-0.0399999991,0.0000000000,nan,nan,nan,nan,nan,nan,nan,nan,nan,nan,nan,nan,-0.0267751813,-0.1483756304,-0.3793120980,-1.9420862198,5.6788740158,0.0000000000,nan,nan,nan,nan,nan,nan,nan,nan,nan,nan,nan,nan,nan,nan,nan,nan,nan,nan,nan,nan,nan,0.0100326538,0.3000848293,inf,0.0100018978,inf,inf,inf,0.0200011730,0.0599625111,inf,inf,inf,inf,inf,inf,inf,1583
1779239082.4815187454,0.0348986834,0.0869551897,0.0889682248,0.1377928303,0.0959620452,-0.1407033237,3.2780001163,nan,nan,-0.1000000015,0.0000000000,-0.0399999991,0.0000000000,nan,nan,nan,nan,nan,nan,nan,nan,nan,nan,nan,nan,-0.0267751813,-0.1483756304,-0.3793120980,-1.9420862198,5.6788740158,0.0000000000,nan,nan,nan,nan,nan,nan,nan,nan,nan,nan,nan,nan,nan,nan,nan,nan,nan,nan,nan,nan,nan,0.0200500488,0.3101022243,inf,0.0200192928,inf,inf,inf,0.0300185680,0.0699799061,inf,inf,inf,inf,inf,inf,inf,1583
1779239082.4915041924,0.0348986834,0.0869551897,0.0889682248,0.1377928303,0.0959620452,-0.1407033237,3.2780001163,nan,nan,-0.1000000015,0.0000000000,-0.0399999991,0.0000000000,nan,nan,nan,nan,nan,nan,nan,nan,nan,nan,nan,nan,-0.0267751813,-0.1483756304,-0.3793120980,-1.9420862198,5.6788740158,0.0000000000,nan,nan,nan,nan,nan,nan,nan,nan,nan,nan,nan,nan,nan,nan,nan,nan,nan,nan,nan,nan,nan,0.0300354958,0.3200876713,inf,0.0300047398,inf,inf,inf,0.0400040150,0.0799653530,inf,inf,inf,inf,inf,inf,inf,1583
1779239082.5014984608,0.0348986834,0.0869551897,0.0889682248,0.1377928303,0.0959620452,-0.1407033237,3.2780001163,nan,nan,-0.1000000015,0.0000000000,-0.0399999991,0.0000000000,nan,nan,nan,nan,nan,nan,nan,nan,nan,nan,nan,nan,-0.0267751813,-0.1483756304,-0.3793120980,-1.9420862198,5.6788740158,0.0000000000,nan,nan,nan,nan,nan,nan,nan,nan,nan,nan,nan,nan,nan,nan,nan,nan,nan,nan,nan,nan,nan,0.0400297642,0.3300819397,inf,0.0399990082,inf,inf,inf,0.0499982834,0.0899596214,inf,inf,inf,inf,inf,inf,inf,1583
1779239082.5115284920,0.0410689525,0.0725996196,0.0869098157,0.1472705666,0.0774567197,-0.1443892983,3.2780001163,nan,nan,-0.1000000015,0.0000000000,-0.0399999991,0.0000000000,nan,nan,nan,nan,nan,nan,nan,nan,nan,nan,nan,nan,-0.0267751813,-0.1483756304,-0.3793120980,-6.5564451218,3.5480952263,0.0000000000,nan,nan,nan,nan,nan,nan,nan,nan,nan,nan,nan,nan,nan,nan,nan,nan,nan,nan,nan,nan,nan,0.0000686646,0.3401119709,inf,0.0000424385,inf,inf,inf,0.0600283146,0.0000152588,inf,inf,inf,inf,inf,inf,inf,1583
1779239082.5214750767,0.0410689525,0.0725996196,0.0869098157,0.1472705666,0.0774567197,-0.1443892983,3.2780001163,nan,nan,-0.1000000015,0.0000000000,-0.0399999991,0.0000000000,nan,nan,nan,nan,nan,nan,nan,nan,nan,nan,nan,nan,-0.0267751813,-0.1483756304,-0.3793120980,-6.5564451218,3.5480952263,0.0000000000,nan,nan,nan,nan,nan,nan,nan,nan,nan,nan,nan,nan,nan,nan,nan,nan,nan,nan,nan,nan,nan,0.0100152493,0.3500585556,inf,0.0099890232,inf,inf,inf,0.0699748993,0.0099618435,inf,inf,inf,inf,inf,inf,inf,1583
1779239082.5314812660,0.0410689525,0.0725996196,0.0869098157,0.1472705666,0.0774567197,-0.1443892983,3.2780001163,nan,nan,-0.1000000015,0.0000000000,-0.0399999991,0.0000000000,nan,nan,nan,nan,nan,nan,nan,nan,nan,nan,nan,nan,-0.0267751813,-0.1483756304,-0.3793120980,-6.5564451218,3.5480952263,0.0000000000,nan,nan,nan,nan,nan,nan,nan,nan,nan,nan,nan,nan,nan,nan,nan,nan,nan,nan,nan,nan,nan,0.0200214386,0.3600647449,inf,0.0199952126,inf,inf,inf,0.0799810886,0.0199680328,inf,inf,inf,inf,inf,inf,inf,1583
1779239082.5415167809,0.0410689525,0.0725996196,0.0869098157,0.1472705666,0.0774567197,-0.1443892983,3.2780001163,nan,nan,-0.1000000015,0.0000000000,-0.0399999991,0.0000000000,nan,nan,nan,nan,nan,nan,nan,nan,nan,nan,nan,nan,-0.0267751813,-0.1483756304,-0.3793120980,-6.5564451218,3.5480952263,0.0000000000,nan,nan,nan,nan,nan,nan,nan,nan,nan,nan,nan,nan,nan,nan,nan,nan,nan,nan,nan,nan,nan,0.0300569534,0.3701002598,inf,0.0300307274,inf,inf,inf,0.0900166035,0.0300035477,inf,inf,inf,inf,inf,inf,inf,1583
1779239082.5514981747,0.0410689525,0.0725996196,0.0869098157,0.1472705666,0.0774567197,-0.1443892983,3.2780001163,nan,nan,-0.1000000015,0.0000000000,-0.0399999991,0.0000000000,nan,nan,nan,nan,nan,nan,nan,nan,nan,nan,nan,nan,-0.1950074583,-0.0723056346,-0.2262708396,-6.5564451218,3.5480952263,0.0000000000,nan,nan,nan,nan,nan,nan,nan,nan,nan,nan,nan,nan,nan,nan,nan,nan,nan,nan,nan,nan,nan,0.0400383472,0.3800816536,inf,0.0400121212,inf,inf,inf,0.0000181198,0.0399849415,inf,inf,inf,inf,inf,inf,inf,1583
1779239082.5615303516,0.0450708233,0.0543992892,0.0818307921,0.0990202180,0.0126832530,-0.1435880662,3.2780001163,nan,nan,-0.1000000015,0.0000000000,-0.0399999991,0.0000000000,nan,nan,nan,nan,nan,nan,nan,nan,nan,nan,nan,nan,-0.1950074583,-0.0723056346,-0.2262708396,-6.5564451218,3.5480952263,0.0000000000,nan,nan,nan,nan,nan,nan,nan,nan,nan,nan,nan,nan,nan,nan,nan,nan,nan,nan,nan,nan,nan,0.0000493526,0.3901138306,inf,0.0000169277,inf,inf,inf,0.0100502968,0.0500171185,inf,inf,inf,inf,inf,inf,inf,1583
1779239082.5715143681,0.0450708233,0.0543992892,0.0818307921,0.0990202180,0.0126832530,-0.1435880662,3.2780001163,nan,nan,-0.1000000015,0.0000000000,-0.0399999991,0.0000000000,nan,nan,nan,nan,nan,nan,nan,nan,nan,nan,nan,nan,-0.1950074583,-0.0723056346,-0.2262708396,-6.5564451218,3.5480952263,0.0000000000,nan,nan,nan,nan,nan,nan,nan,nan,nan,nan,nan,nan,nan,nan,nan,nan,nan,nan,nan,nan,nan,0.0100333691,0.4000978470,inf,0.0100009441,inf,inf,inf,0.0200343132,0.0600011349,inf,inf,inf,inf,inf,inf,inf,1583
1779239082.5815370083,0.0450708233,0.0543992892,0.0818307921,0.0990202180,0.0126832530,-0.1435880662,3.2780001163,nan,nan,-0.1000000015,0.0000000000,-0.0399999991,0.0000000000,nan,nan,nan,nan,nan,nan,nan,nan,nan,nan,nan,nan,-0.1950074583,-0.0723056346,-0.2262708396,-6.5564451218,3.5480952263,0.0000000000,nan,nan,nan,nan,nan,nan,nan,nan,nan,nan,nan,nan,nan,nan,nan,nan,nan,nan,nan,nan,nan,0.0200560093,0.4101204872,inf,0.0200235844,inf,inf,inf,0.0300569534,0.0700237751,inf,inf,inf,inf,inf,inf,inf,1583
1779239082.5918095112,0.0450708233,0.0543992892,0.0818307921,0.0990202180,0.0126832530,-0.1435880662,3.2780001163,nan,nan,-0.1000000015,0.0000000000,-0.0399999991,0.0000000000,nan,nan,nan,nan,nan,nan,nan,nan,nan,nan,nan,nan,-0.1950074583,-0.0723056346,-0.2262708396,-6.5564451218,3.5480952263,0.0000000000,nan,nan,nan,nan,nan,nan,nan,nan,nan,nan,nan,nan,nan,nan,nan,nan,nan,nan,nan,nan,nan,0.0303285122,0.4203929901,inf,0.0302960873,inf,inf,inf,0.0403294563,0.0802962780,inf,inf,inf,inf,inf,inf,inf,1583
1779239082.6014938354,0.0450708233,0.0543992892,0.0818307921,0.0990202180,0.0126832530,-0.1435880662,3.2780001163,nan,nan,-0.1000000015,0.0000000000,-0.0399999991,0.0000000000,nan,nan,nan,nan,nan,nan,nan,nan,nan,nan,nan,nan,-0.1950074583,-0.0723056346,-0.2262708396,-6.5564451218,3.5480952263,0.0000000000,nan,nan,nan,nan,nan,nan,nan,nan,nan,nan,nan,nan,nan,nan,nan,nan,nan,nan,nan,nan,nan,0.0400128365,0.4300773144,inf,0.0399804115,inf,inf,inf,0.0500137806,0.0899806023,inf,inf,inf,inf,inf,inf,inf,1583
1779239082.6115334034,0.0455212742,0.0331565775,0.0752492920,0.0591404860,-0.0125370550,-0.1389219242,3.2780001163,nan,nan,-0.1000000015,0.0000000000,0.1599999964,0.0000000000,nan,nan,nan,nan,nan,nan,nan,nan,nan,nan,nan,nan,-0.1950074583,-0.0723056346,-0.2262708396,-10.2263288498,0.3914055824,0.0000000000,nan,nan,nan,nan,nan,nan,nan,nan,nan,nan,nan,nan,nan,nan,nan,nan,nan,nan,nan,nan,nan,0.0000641346,0.4401168823,inf,0.0000400543,inf,inf,inf,0.0600533485,0.0000154972,inf,inf,inf,inf,inf,inf,inf,1583
1779239082.6214561462,0.0455212742,0.0331565775,0.0752492920,0.0591404860,-0.0125370550,-0.1389219242,3.2780001163,nan,nan,-0.1000000015,0.0000000000,0.1599999964,0.0000000000,nan,nan,nan,nan,nan,nan,nan,nan,nan,nan,nan,nan,-0.1950074583,-0.0723056346,-0.2262708396,-10.2263288498,0.3914055824,0.0000000000,nan,nan,nan,nan,nan,nan,nan,nan,nan,nan,nan,nan,nan,nan,nan,nan,nan,nan,nan,nan,nan,0.0099868774,0.4500396252,inf,0.0099627972,inf,inf,inf,0.0699760914,0.0099382401,inf,inf,inf,inf,inf,inf,inf,1583
1779239082.6314897537,0.0455212742,0.0331565775,0.0752492920,0.0591404860,-0.0125370550,-0.1389219242,3.2780001163,nan,nan,-0.1000000015,0.0000000000,0.1599999964,0.0000000000,nan,nan,nan,nan,nan,nan,nan,nan,nan,nan,nan,nan,-0.1950074583,-0.0723056346,-0.2262708396,-10.2263288498,0.3914055824,0.0000000000,nan,nan,nan,nan,nan,nan,nan,nan,nan,nan,nan,nan,nan,nan,nan,nan,nan,nan,nan,nan,nan,0.0200204849,0.4600732327,inf,0.0199964046,inf,inf,inf,0.0800096989,0.0199718475,inf,inf,inf,inf,inf,inf,inf,1583
1779239082.6415424347,0.0455212742,0.0331565775,0.0752492920,0.0591404860,-0.0125370550,-0.1389219242,3.2780001163,nan,nan,-0.1000000015,0.0000000000,0.1599999964,0.0000000000,nan,nan,nan,nan,nan,nan,nan,nan,nan,nan,nan,nan,-0.1950074583,-0.0723056346,-0.2262708396,-10.2263288498,0.3914055824,0.0000000000,nan,nan,nan,nan,nan,nan,nan,nan,nan,nan,nan,nan,nan,nan,nan,nan,nan,nan,nan,nan,nan,0.0300731659,0.4701259136,inf,0.0300490856,inf,inf,inf,0.0900623798,0.0300245285,inf,inf,inf,inf,inf,inf,inf,1583
1779239082.6514785290,0.0455212742,0.0331565775,0.0752492920,0.0591404860,-0.0125370550,-0.1389219242,3.2780001163,nan,nan,-0.1000000015,0.0000000000,0.1599999964,0.0000000000,nan,nan,nan,nan,nan,nan,nan,nan,nan,nan,nan,nan,-0.1739164144,0.0211431906,0.1894770414,-10.2263288498,0.3914055824,0.0000000000,nan,nan,nan,nan,nan,nan,nan,nan,nan,nan,nan,nan,nan,nan,nan,nan,nan,nan,nan,nan,nan,0.0400092602,0.4800620079,inf,0.0399851799,inf,inf,inf,0.0000183582,0.0399606228,inf,inf,inf,inf,inf,inf,inf,1583
1779239082.6615154743,0.0412948020,0.0096456846,0.0706769302,0.0864960759,0.0702587420,-0.1467776451,3.2780001163,nan,nan,-0.1000000015,0.0000000000,0.1599999964,0.0000000000,nan,nan,nan,nan,nan,nan,nan,nan,nan,nan,nan,nan,-0.1739164144,0.0211431906,0.1894770414,-10.2263288498,0.3914055824,0.0000000000,nan,nan,nan,nan,nan,nan,nan,nan,nan,nan,nan,nan,nan,nan,nan,nan,nan,nan,nan,nan,nan,0.0000419617,0.4900989532,inf,0.0000159740,inf,inf,inf,0.0100553036,0.0499975681,inf,inf,inf,inf,inf,inf,inf,1583
1779239082.6714956760,0.0412948020,0.0096456846,0.0706769302,0.0864960759,0.0702587420,-0.1467776451,3.2780001163,nan,nan,-0.1000000015,0.0000000000,0.1599999964,0.0000000000,nan,nan,nan,nan,nan,nan,nan,nan,nan,nan,nan,nan,-0.1739164144,0.0211431906,0.1894770414,-10.2263288498,0.3914055824,0.0000000000,nan,nan,nan,nan,nan,nan,nan,nan,nan,nan,nan,nan,nan,nan,nan,nan,nan,nan,nan,nan,nan,0.0100221634,0.5000791550,inf,0.0099961758,inf,inf,inf,0.0200355053,0.0599777699,inf,inf,inf,inf,inf,inf,inf,1583
1779239082.6815264225,0.0412948020,0.0096456846,0.0706769302,0.0864960759,0.0702587420,-0.1467776451,3.2780001163,nan,nan,-0.1000000015,0.0000000000,0.1599999964,0.0000000000,nan,nan,nan,nan,nan,nan,nan,nan,nan,nan,nan,nan,-0.1739164144,0.0211431906,0.1894770414,-10.2263288498,0.3914055824,0.0000000000,nan,nan,nan,nan,nan,nan,nan,nan,nan,nan,nan,nan,nan,nan,nan,nan,nan,nan,nan,nan,nan,0.0200529099,0.5101099014,inf,0.0200269222,inf,inf,inf,0.0300662518,0.0700085163,inf,inf,inf,inf,inf,inf,inf,1583
1779239082.6914680004,0.0412948020,0.0096456846,0.0706769302,0.0864960759,0.0702587420,-0.1467776451,3.2780001163,nan,nan,-0.1000000015,0.0000000000,0.1599999964,0.0000000000,nan,nan,nan,nan,nan,nan,nan,nan,nan,nan,nan,nan,-0.1739164144,0.0211431906,0.1894770414,-10.2263288498,0.3914055824,0.0000000000,nan,nan,nan,nan,nan,nan,nan,nan,nan,nan,nan,nan,nan,nan,nan,nan,nan,nan,nan,nan,nan,0.0299944878,0.5200514793,inf,0.0299685001,inf,inf,inf,0.0400078297,0.0799500942,inf,inf,inf,inf,inf,inf,inf,1583
1779239082.7015457153,0.0412948020,0.0096456846,0.0706769302,0.0864960759,0.0702587420,-0.1467776451,3.2780001163,nan,nan,-0.1000000015,0.0000000000,0.1599999964,0.0000000000,nan,nan,nan,nan,nan,nan,nan,nan,nan,nan,nan,nan,-0.1739164144,0.0211431906,0.1894770414,-10.2263288498,0.3914055824,0.0000000000,nan,nan,nan,nan,nan,nan,nan,nan,nan,nan,nan,nan,nan,nan,nan,nan,nan,nan,nan,nan,nan,0.0400722027,0.5301291943,inf,0.0400462151,inf,inf,inf,0.0500855446,0.0900278091,inf,inf,inf,inf,inf,inf,inf,1583
1779239082.7115612030,0.0337189846,-0.0164664239,0.0682653859,0.0598110598,0.0932759882,-0.1470244198,3.2780001163,nan,nan,-0.1000000015,0.0000000000,0.1599999964,0.0000000000,nan,nan,nan,nan,nan,nan,nan,nan,nan,nan,nan,nan,-0.1739164144,0.0211431906,0.1894770414,-14.6401786804,0.0600897670,0.0000000000,nan,nan,nan,nan,nan,nan,nan,nan,nan,nan,nan,nan,nan,nan,nan,nan,nan,nan,nan,nan,nan,0.0000789165,0.5401446819,inf,0.0000483990,inf,inf,inf,0.0601010323,0.0000169277,inf,inf,inf,inf,inf,inf,inf,1583
1779239082.7215042114,0.0337189846,-0.0164664239,0.0682653859,0.0598110598,0.0932759882,-0.1470244198,3.2780001163,nan,nan,-0.1000000015,0.0000000000,0.1599999964,0.0000000000,nan,nan,nan,nan,nan,nan,nan,nan,nan,nan,nan,nan,-0.1739164144,0.0211431906,0.1894770414,-14.6401786804,0.0600897670,0.0000000000,nan,nan,nan,nan,nan,nan,nan,nan,nan,nan,nan,nan,nan,nan,nan,nan,nan,nan,nan,nan,nan,0.0100219250,0.5500876904,inf,0.0099914074,inf,inf,inf,0.0700440407,0.0099599361,inf,inf,inf,inf,inf,inf,inf,1583
1779239082.7315111160,0.0337189846,-0.0164664239,0.0682653859,0.0598110598,0.0932759882,-0.1470244198,3.2780001163,nan,nan,-0.1000000015,0.0000000000,0.1599999964,0.0000000000,nan,nan,nan,nan,nan,nan,nan,nan,nan,nan,nan,nan,-0.1739164144,0.0211431906,0.1894770414,-14.6401786804,0.0600897670,0.0000000000,nan,nan,nan,nan,nan,nan,nan,nan,nan,nan,nan,nan,nan,nan,nan,nan,nan,nan,nan,nan,nan,0.0200288296,0.5600945950,inf,0.0199983120,inf,inf,inf,0.0800509453,0.0199668407,inf,inf,inf,inf,inf,inf,inf,1583
1779239082.7415082455,0.0337189846,-0.0164664239,0.0682653859,0.0598110598,0.0932759882,-0.1470244198,3.2780001163,nan,nan,-0.1000000015,0.0000000000,0.1599999964,0.0000000000,nan,nan,nan,nan,nan,nan,nan,nan,nan,nan,nan,nan,-0.1739164144,0.0211431906,0.1894770414,-14.6401786804,0.0600897670,0.0000000000,nan,nan,nan,nan,nan,nan,nan,nan,nan,nan,nan,nan,nan,nan,nan,nan,nan,nan,nan,nan,nan,0.0300259590,0.5700917244,inf,0.0299954414,inf,inf,inf,0.0900480747,0.0299639702,inf,inf,inf,inf,inf,inf,inf,1583
1779239082.7515320778,0.0337189846,-0.0164664239,0.0682653859,0.0598110598,0.0932759882,-0.1470244198,3.2780001163,nan,nan,-0.1000000015,0.0000000000,0.1599999964,0.0000000000,nan,nan,nan,nan,nan,nan,nan,nan,nan,nan,nan,nan,-0.2084774524,-0.3981755376,0.0279056728,-14.6401786804,0.0600897670,0.0000000000,nan,nan,nan,nan,nan,nan,nan,nan,nan,nan,nan,nan,nan,nan,nan,nan,nan,nan,nan,nan,nan,0.0400497913,0.5801155567,inf,0.0400192738,inf,inf,inf,0.0000233650,0.0399878025,inf,inf,inf,inf,inf,inf,inf,1583
1779239082.7615404129,0.0583649576,0.0552758053,0.0988585949,-0.0553044852,-0.0036860957,-0.2329881186,3.2780001163,nan,nan,-0.1000000015,0.0000000000,0.1599999964,0.0000000000,nan,nan,nan,nan,nan,nan,nan,nan,nan,nan,nan,nan,-0.2084774524,-0.3981755376,0.0279056728,-14.6401786804,0.0600897670,0.0000000000,nan,nan,nan,nan,nan,nan,nan,nan,nan,nan,nan,nan,nan,nan,nan,nan,nan,nan,nan,nan,nan,0.0000488758,0.5901238918,inf,0.0000188351,inf,inf,inf,0.0100317001,0.0499961376,inf,inf,inf,inf,inf,inf,inf,1583
1779239082.7715024948,0.0583649576,0.0552758053,0.0988585949,-0.0553044852,-0.0036860957,-0.2329881186,3.2780001163,nan,nan,-0.1000000015,0.0000000000,0.1599999964,0.0000000000,nan,nan,nan,nan,nan,nan,nan,nan,nan,nan,nan,nan,-0.2084774524,-0.3981755376,0.0279056728,-14.6401786804,0.0600897670,0.0000000000,nan,nan,nan,nan,nan,nan,nan,nan,nan,nan,nan,nan,nan,nan,nan,nan,nan,nan,nan,nan,nan,0.0100109577,0.6000859737,inf,0.0099809170,inf,inf,inf,0.0199937820,0.0599582195,inf,inf,inf,inf,inf,inf,inf,1583
1779239082.7815167904,0.0583649576,0.0552758053,0.0988585949,-0.0553044852,-0.0036860957,-0.2329881186,3.2780001163,nan,nan,-0.1000000015,0.0000000000,0.1599999964,0.0000000000,nan,nan,nan,nan,nan,nan,nan,nan,nan,nan,nan,nan,-0.2084774524,-0.3981755376,0.0279056728,-14.6401786804,0.0600897670,0.0000000000,nan,nan,nan,nan,nan,nan,nan,nan,nan,nan,nan,nan,nan,nan,nan,nan,nan,nan,nan,nan,nan,0.0200252533,0.6101002693,inf,0.0199952126,inf,inf,inf,0.0300080776,0.0699725151,inf,inf,inf,inf,inf,inf,inf,1583
1779239082.7915430069,0.0583649576,0.0552758053,0.0988585949,-0.0553044852,-0.0036860957,-0.2329881186,3.2780001163,nan,nan,-0.1000000015,0.0000000000,0.1599999964,0.0000000000,nan,nan,nan,nan,nan,nan,nan,nan,nan,nan,nan,nan,-0.2084774524,-0.3981755376,0.0279056728,-14.6401786804,0.0600897670,0.0000000000,nan,nan,nan,nan,nan,nan,nan,nan,nan,nan,nan,nan,nan,nan,nan,nan,nan,nan,nan,nan,nan,0.0300514698,0.6201264858,inf,0.0300214291,inf,inf,inf,0.0400342941,0.0799987316,inf,inf,inf,inf,inf,inf,inf,1583
1779239082.8015193939,0.0583649576,0.0552758053,0.0988585949,-0.0553044852,-0.0036860957,-0.2329881186,3.2780001163,nan,nan,-0.1000000015,0.0000000000,0.1599999964,0.0000000000,nan,nan,nan,nan,nan,nan,nan,nan,nan,nan,nan,nan,-0.2084774524,-0.3981755376,0.0279056728,-14.6401786804,0.0600897670,0.0000000000,nan,nan,nan,nan,nan,nan,nan,nan,nan,nan,nan,nan,nan,nan,nan,nan,nan,nan,nan,nan,nan,0.0400278568,0.6301028728,inf,0.0399978161,inf,inf,inf,0.0500106812,0.0899751186,inf,inf,inf,inf,inf,inf,inf,1583
1779239082.8115873337,0.0530566797,0.0455012619,0.1003559455,-0.0922907775,-0.0510497142,-0.2003002981,3.2780001163,nan,nan,-0.1000000015,0.0000000000,0.3600000143,0.0000000000,nan,nan,nan,nan,nan,nan,nan,nan,nan,nan,nan,nan,-0.2084774524,-0.3981755376,0.0279056728,-0.5422334671,-1.7342884541,0.0000000000,nan,nan,nan,nan,nan,nan,nan,nan,nan,nan,nan,nan,nan,nan,nan,nan,nan,nan,nan,nan,nan,0.0000855923,0.6401708126,inf,0.0000548363,inf,inf,inf,0.0600786209,0.0000193119,inf,inf,inf,inf,inf,inf,inf,1583
1779239082.8215112686,0.0530566797,0.0455012619,0.1003559455,-0.0922907775,-0.0510497142,-0.2003002981,3.2780001163,nan,nan,-0.1000000015,0.0000000000,0.3600000143,0.0000000000,nan,nan,nan,nan,nan,nan,nan,nan,nan,nan,nan,nan,-0.2084774524,-0.3981755376,0.0279056728,-0.5422334671,-1.7342884541,0.0000000000,nan,nan,nan,nan,nan,nan,nan,nan,nan,nan,nan,nan,nan,nan,nan,nan,nan,nan,nan,nan,nan,0.0100095272,0.6500947475,inf,0.0099787712,inf,inf,inf,0.0700025558,0.0099432468,inf,inf,inf,inf,inf,inf,inf,1583
1779239082.8315136433,0.0530566797,0.0455012619,0.1003559455,-0.0922907775,-0.0510497142,-0.2003002981,3.2780001163,nan,nan,-0.1000000015,0.0000000000,0.3600000143,0.0000000000,nan,nan,nan,nan,nan,nan,nan,nan,nan,nan,nan,nan,-0.2084774524,-0.3981755376,0.0279056728,-0.5422334671,-1.7342884541,0.0000000000,nan,nan,nan,nan,nan,nan,nan,nan,nan,nan,nan,nan,nan,nan,nan,nan,nan,nan,nan,nan,nan,0.0200119019,0.6600971222,inf,0.0199811459,inf,inf,inf,0.0800049305,0.0199456215,inf,inf,inf,inf,inf,inf,inf,1583
1779239082.8414931297,0.0530566797,0.0455012619,0.1003559455,-0.0922907775,-0.0510497142,-0.2003002981,3.2780001163,nan,nan,-0.1000000015,0.0000000000,0.3600000143,0.0000000000,nan,nan,nan,nan,nan,nan,nan,nan,nan,nan,nan,nan,-0.2084774524,-0.3981755376,0.0279056728,-0.5422334671,-1.7342884541,0.0000000000,nan,nan,nan,nan,nan,nan,nan,nan,nan,nan,nan,nan,nan,nan,nan,nan,nan,nan,nan,nan,nan,0.0299913883,0.6700766087,inf,0.0299606323,inf,inf,inf,0.0899844170,0.0299251080,inf,inf,inf,inf,inf,inf,inf,1583
1779239082.8514683247,0.0530566797,0.0455012619,0.1003559455,-0.0922907775,-0.0510497142,-0.2003002981,3.2780001163,nan,nan,-0.1000000015,0.0000000000,0.3600000143,0.0000000000,nan,nan,nan,nan,nan,nan,nan,nan,nan,nan,nan,nan,-0.2160012126,-0.1520145088,0.5119122267,-0.5422334671,-1.7342884541,0.0000000000,nan,nan,nan,nan,nan,nan,nan,nan,nan,nan,nan,nan,nan,nan,nan,nan,nan,nan,nan,nan,nan,0.0399665833,0.6800518036,inf,0.0399358273,inf,inf,inf,0.0000164509,0.0399003029,inf,inf,inf,inf,inf,inf,inf,1583
1779239082.8614885807,0.0605299361,0.0515120327,0.1020579115,0.0072051215,-0.0521673790,-0.1692678778,3.2780001163,nan,nan,-0.1000000015,0.0000000000,0.3600000143,0.0000000000,nan,nan,nan,nan,nan,nan,nan,nan,nan,nan,nan,nan,-0.2160012126,-0.1520145088,0.5119122267,-0.5422334671,-1.7342884541,0.0000000000,nan,nan,nan,nan,nan,nan,nan,nan,nan,nan,nan,nan,nan,nan,nan,nan,nan,nan,nan,nan,nan,0.0000364780,0.6900720596,inf,0.0000135899,inf,inf,inf,0.0100367069,0.0499205589,inf,inf,inf,inf,inf,inf,inf,1583
1779239082.8714728355,0.0605299361,0.0515120327,0.1020579115,0.0072051215,-0.0521673790,-0.1692678778,3.2780001163,nan,nan,-0.1000000015,0.0000000000,0.3600000143,0.0000000000,nan,nan,nan,nan,nan,nan,nan,nan,nan,nan,nan,nan,-0.2160012126,-0.1520145088,0.5119122267,-0.5422334671,-1.7342884541,0.0000000000,nan,nan,nan,nan,nan,nan,nan,nan,nan,nan,nan,nan,nan,nan,nan,nan,nan,nan,nan,nan,nan,0.0100207329,0.7000563145,inf,0.0099978447,inf,inf,inf,0.0200209618,0.0599048138,inf,inf,inf,inf,inf,inf,inf,1583
1779239082.8814578056,0.0605299361,0.0515120327,0.1020579115,0.0072051215,-0.0521673790,-0.1692678778,3.2780001163,nan,nan,-0.1000000015,0.0000000000,0.3600000143,0.0000000000,nan,nan,nan,nan,nan,nan,nan,nan,nan,nan,nan,nan,-0.2160012126,-0.1520145088,0.5119122267,-0.5422334671,-1.7342884541,0.0000000000,nan,nan,nan,nan,nan,nan,nan,nan,nan,nan,nan,nan,nan,nan,nan,nan,nan,nan,nan,nan,nan,0.0200057030,0.7100412846,inf,0.0199828148,inf,inf,inf,0.0300059319,0.0698897839,inf,inf,inf,inf,inf,inf,inf,1583
1779239082.8914659023,0.0605299361,0.0515120327,0.1020579115,0.0072051215,-0.0521673790,-0.1692678778,3.2780001163,nan,nan,-0.1000000015,0.0000000000,0.3600000143,0.0000000000,nan,nan,nan,nan,nan,nan,nan,nan,nan,nan,nan,nan,-0.2160012126,-0.1520145088,0.5119122267,-0.5422334671,-1.7342884541,0.0000000000,nan,nan,nan,nan,nan,nan,nan,nan,nan,nan,nan,nan,nan,nan,nan,nan,nan,nan,nan,nan,nan,0.0300137997,0.7200493813,inf,0.0299909115,inf,inf,inf,0.0400140285,0.0798978806,inf,inf,inf,inf,inf,inf,inf,1583
1779239082.9014573097,0.0605299361,0.0515120327,0.1020579115,0.0072051215,-0.0521673790,-0.1692678778,3.2780001163,nan,nan,-0.1000000015,0.0000000000,0.3600000143,0.0000000000,nan,nan,nan,nan,nan,nan,nan,nan,nan,nan,nan,nan,-0.2160012126,-0.1520145088,0.5119122267,-0.5422334671,-1.7342884541,0.0000000000,nan,nan,nan,nan,nan,nan,nan,nan,nan,nan,nan,nan,nan,nan,nan,nan,nan,nan,nan,nan,nan,0.0400052071,0.7300407887,inf,0.0399823189,inf,inf,inf,0.0500054359,0.0898892879,inf,inf,inf,inf,inf,inf,inf,1583
1779239082.9114577770,0.0484773666,0.0486254729,0.1008442268,-0.0037243458,-0.0279776934,-0.1301271771,3.2780001163,nan,nan,-0.1000000015,0.0000000000,0.3600000143,0.0000000000,nan,nan,nan,nan,nan,nan,nan,nan,nan,nan,nan,nan,-0.2160012126,-0.1520145088,0.5119122267,0.9957754612,-3.3933117390,0.0000000000,nan,nan,nan,nan,nan,nan,nan,nan,nan,nan,nan,nan,nan,nan,nan,nan,nan,nan,nan,nan,nan,0.0000441074,0.7400412560,inf,0.0000267029,inf,inf,inf,0.0600059032,0.0000092983,inf,inf,inf,inf,inf,inf,inf,1583
1779239082.9214508533,0.0484773666,0.0486254729,0.1008442268,-0.0037243458,-0.0279776934,-0.1301271771,3.2780001163,nan,nan,-0.1000000015,0.0000000000,0.3600000143,0.0000000000,nan,nan,nan,nan,nan,nan,nan,nan,nan,nan,nan,nan,-0.2160012126,-0.1520145088,0.5119122267,0.9957754612,-3.3933117390,0.0000000000,nan,nan,nan,nan,nan,nan,nan,nan,nan,nan,nan,nan,nan,nan,nan,nan,nan,nan,nan,nan,nan,0.0100371838,0.7500343323,inf,0.0100197792,inf,inf,inf,0.0699989796,0.0100023746,inf,inf,inf,inf,inf,inf,inf,1583
1779239082.9314935207,0.0484773666,0.0486254729,0.1008442268,-0.0037243458,-0.0279776934,-0.1301271771,3.2780001163,nan,nan,-0.1000000015,0.0000000000,0.3600000143,0.0000000000,nan,nan,nan,nan,nan,nan,nan,nan,nan,nan,nan,nan,-0.2160012126,-0.1520145088,0.5119122267,0.9957754612,-3.3933117390,0.0000000000,nan,nan,nan,nan,nan,nan,nan,nan,nan,nan,nan,nan,nan,nan,nan,nan,nan,nan,nan,nan,nan,0.0200798512,0.7600769997,inf,0.0200624466,inf,inf,inf,0.0800416470,0.0200450420,inf,inf,inf,inf,inf,inf,inf,1583
1779239082.9414854050,0.0484773666,0.0486254729,0.1008442268,-0.0037243458,-0.0279776934,-0.1301271771,3.2780001163,nan,nan,-0.1000000015,0.0000000000,0.3600000143,0.0000000000,nan,nan,nan,nan,nan,nan,nan,nan,nan,nan,nan,nan,-0.2160012126,-0.1520145088,0.5119122267,0.9957754612,-3.3933117390,0.0000000000,nan,nan,nan,nan,nan,nan,nan,nan,nan,nan,nan,nan,nan,nan,nan,nan,nan,nan,nan,nan,nan,0.0300717354,0.7700688839,inf,0.0300543308,inf,inf,inf,0.0900335312,0.0300369263,inf,inf,inf,inf,inf,inf,inf,1583
1779239082.9514915943,0.0484773666,0.0486254729,0.1008442268,-0.0037243458,-0.0279776934,-0.1301271771,3.2780001163,nan,nan,-0.1000000015,0.0000000000,0.3600000143,0.0000000000,nan,nan,nan,nan,nan,nan,nan,nan,nan,nan,nan,nan,-0.2160012126,-0.1520145088,0.5119122267,0.9957754612,-3.3933117390,0.0000000000,nan,nan,nan,nan,nan,nan,nan,nan,nan,nan,nan,nan,nan,nan,nan,nan,nan,nan,nan,nan,nan,0.0400779247,0.7800750732,inf,0.0400605202,inf,inf,inf,0.1000397205,0.0400431156,inf,inf,inf,inf,inf,inf,inf,1583
1779239082.9615697861,0.0596757233,0.0512557216,0.1042015627,-0.0012909951,-0.0222757214,-0.1329337550,3.2780001163,nan,nan,-0.1000000015,0.0000000000,0.3600000143,0.0000000000,nan,nan,nan,nan,nan,nan,nan,nan,nan,nan,nan,nan,-0.2285877019,-0.1372333467,0.5022438169,0.9957754612,-3.3933117390,0.0000000000,nan,nan,nan,nan,nan,nan,nan,nan,nan,nan,nan,nan,nan,nan,nan,nan,nan,nan,nan,nan,nan,0.0000872612,0.7901532650,inf,0.0000565052,inf,inf,inf,0.0000200272,0.0501213074,inf,inf,inf,inf,inf,inf,inf,1583
1779239082.9715089798,0.0596757233,0.0512557216,0.1042015627,-0.0012909951,-0.0222757214,-0.1329337550,3.2780001163,nan,nan,-0.1000000015,0.0000000000,0.3600000143,0.0000000000,nan,nan,nan,nan,nan,nan,nan,nan,nan,nan,nan,nan,-0.2285877019,-0.1372333467,0.5022438169,0.9957754612,-3.3933117390,0.0000000000,nan,nan,nan,nan,nan,nan,nan,nan,nan,nan,nan,nan,nan,nan,nan,nan,nan,nan,nan,nan,nan,0.0100264549,0.8000924587,inf,0.0099956989,inf,inf,inf,0.0099592209,0.0600605011,inf,inf,inf,inf,inf,inf,inf,1583
1779239082.9814970493,0.0596757233,0.0512557216,0.1042015627,-0.0012909951,-0.0222757214,-0.1329337550,3.2780001163,nan,nan,-0.1000000015,0.0000000000,0.3600000143,0.0000000000,nan,nan,nan,nan,nan,nan,nan,nan,nan,nan,nan,nan,-0.2285877019,-0.1372333467,0.5022438169,0.9957754612,-3.3933117390,0.0000000000,nan,nan,nan,nan,nan,nan,nan,nan,nan,nan,nan,nan,nan,nan,nan,nan,nan,nan,nan,nan,nan,0.0200145245,0.8100805283,inf,0.0199837685,inf,inf,inf,0.0199472904,0.0700485706,inf,inf,inf,inf,inf,inf,inf,1583
1779239082.9915463924,0.0596757233,0.0512557216,0.1042015627,-0.0012909951,-0.0222757214,-0.1329337550,3.2780001163,nan,nan,-0.1000000015,0.0000000000,0.3600000143,0.0000000000,nan,nan,nan,nan,nan,nan,nan,nan,nan,nan,nan,nan,-0.2285877019,-0.1372333467,0.5022438169,0.9957754612,-3.3933117390,0.0000000000,nan,nan,nan,nan,nan,nan,nan,nan,nan,nan,nan,nan,nan,nan,nan,nan,nan,nan,nan,nan,nan,0.0300638676,0.8201298714,inf,0.0300331116,inf,inf,inf,0.0299966335,0.0800979137,inf,inf,inf,inf,inf,inf,inf,1583
1779239083.0015079975,0.0596757233,0.0512557216,0.1042015627,-0.0012909951,-0.0222757214,-0.1329337550,3.2780001163,nan,nan,-0.1000000015,0.0000000000,0.3600000143,0.0000000000,nan,nan,nan,nan,nan,nan,nan,nan,nan,nan,nan,nan,-0.2285877019,-0.1372333467,0.5022438169,0.9957754612,-3.3933117390,0.0000000000,nan,nan,nan,nan,nan,nan,nan,nan,nan,nan,nan,nan,nan,nan,nan,nan,nan,nan,nan,nan,nan,0.0400254726,0.8300914764,inf,0.0399947166,inf,inf,inf,0.0399582386,0.0900595188,inf,inf,inf,inf,inf,inf,inf,1583
1779239083.0115637779,0.0471630655,0.0520428754,0.1061532423,0.0257918432,-0.0151998412,-0.1109667048,3.2780001163,nan,nan,-0.1000000015,0.0000000000,0.3600000143,0.0000000000,nan,nan,nan,nan,nan,nan,nan,nan,nan,nan,nan,nan,-0.2285877019,-0.1372333467,0.5022438169,2.2915320396,-3.5712685585,0.0000000000,nan,nan,nan,nan,nan,nan,nan,nan,nan,nan,nan,nan,nan,nan,nan,nan,nan,nan,nan,nan,nan,0.0000832081,0.8401472569,inf,0.0000500679,inf,inf,inf,0.0500140190,0.0000169277,inf,inf,inf,inf,inf,inf,inf,1583
1779239083.0215241909,0.0471630655,0.0520428754,0.1061532423,0.0257918432,-0.0151998412,-0.1109667048,3.2780001163,nan,nan,-0.1000000015,0.0000000000,0.3600000143,0.0000000000,nan,nan,nan,nan,nan,nan,nan,nan,nan,nan,nan,nan,-0.2285877019,-0.1372333467,0.5022438169,2.2915320396,-3.5712685585,0.0000000000,nan,nan,nan,nan,nan,nan,nan,nan,nan,nan,nan,nan,nan,nan,nan,nan,nan,nan,nan,nan,nan,0.0100436211,0.8501076698,inf,0.0100104809,inf,inf,inf,0.0599744320,0.0099773407,inf,inf,inf,inf,inf,inf,inf,1583
1779239083.0315222740,0.0471630655,0.0520428754,0.1061532423,0.0257918432,-0.0151998412,-0.1109667048,3.2780001163,nan,nan,-0.1000000015,0.0000000000,0.3600000143,0.0000000000,nan,nan,nan,nan,nan,nan,nan,nan,nan,nan,nan,nan,-0.2285877019,-0.1372333467,0.5022438169,2.2915320396,-3.5712685585,0.0000000000,nan,nan,nan,nan,nan,nan,nan,nan,nan,nan,nan,nan,nan,nan,nan,nan,nan,nan,nan,nan,nan,0.0200417042,0.8601057529,inf,0.0200085640,inf,inf,inf,0.0699725151,0.0199754238,inf,inf,inf,inf,inf,inf,inf,1583
1779239083.0415239334,0.0471630655,0.0520428754,0.1061532423,0.0257918432,-0.0151998412,-0.1109667048,3.2780001163,nan,nan,-0.1000000015,0.0000000000,0.3600000143,0.0000000000,nan,nan,nan,nan,nan,nan,nan,nan,nan,nan,nan,nan,-0.2285877019,-0.1372333467,0.5022438169,2.2915320396,-3.5712685585,0.0000000000,nan,nan,nan,nan,nan,nan,nan,nan,nan,nan,nan,nan,nan,nan,nan,nan,nan,nan,nan,nan,nan,0.0300433636,0.8701074123,inf,0.0300102234,inf,inf,inf,0.0799741745,0.0299770832,inf,inf,inf,inf,inf,inf,inf,1583
1779239083.0514931679,0.0471630655,0.0520428754,0.1061532423,0.0257918432,-0.0151998412,-0.1109667048,3.2780001163,nan,nan,-0.1000000015,0.0000000000,0.3600000143,0.0000000000,nan,nan,nan,nan,nan,nan,nan,nan,nan,nan,nan,nan,-0.2285877019,-0.1372333467,0.5022438169,2.2915320396,-3.5712685585,0.0000000000,nan,nan,nan,nan,nan,nan,nan,nan,nan,nan,nan,nan,nan,nan,nan,nan,nan,nan,nan,nan,nan,0.0400125980,0.8800766468,inf,0.0399794579,inf,inf,inf,0.0899434090,0.0399463177,inf,inf,inf,inf,inf,inf,inf,1583
1779239083.0615489483,0.0340713337,0.0532050021,0.1082547456,0.0260585609,-0.0237067700,-0.0944546769,3.2780001163,nan,nan,-0.1000000015,0.0000000000,0.3600000143,0.0000000000,nan,nan,nan,nan,nan,nan,nan,nan,nan,nan,nan,nan,-0.1191515699,-0.1089868248,0.4952224791,2.2915320396,-3.5712685585,0.0000000000,nan,nan,nan,nan,nan,nan,nan,nan,nan,nan,nan,nan,nan,nan,nan,nan,nan,nan,nan,nan,nan,0.0000720024,0.8901324272,inf,0.0000436306,inf,inf,inf,0.0000164509,0.0500020981,inf,inf,inf,inf,inf,inf,inf,1583
1779239083.0715107918,0.0340713337,0.0532050021,0.1082547456,0.0260585609,-0.0237067700,-0.0944546769,3.2780001163,nan,nan,-0.1000000015,0.0000000000,0.3600000143,0.0000000000,nan,nan,nan,nan,nan,nan,nan,nan,nan,nan,nan,nan,-0.1191515699,-0.1089868248,0.4952224791,2.2915320396,-3.5712685585,0.0000000000,nan,nan,nan,nan,nan,nan,nan,nan,nan,nan,nan,nan,nan,nan,nan,nan,nan,nan,nan,nan,nan,0.0100338459,0.9000942707,inf,0.0100054741,inf,inf,inf,0.0099782944,0.0599639416,inf,inf,inf,inf,inf,inf,inf,1583
1779239083.0814883709,0.0340713337,0.0532050021,0.1082547456,0.0260585609,-0.0237067700,-0.0944546769,3.2780001163,nan,nan,-0.1000000015,0.0000000000,0.3600000143,0.0000000000,nan,nan,nan,nan,nan,nan,nan,nan,nan,nan,nan,nan,-0.1191515699,-0.1089868248,0.4952224791,2.2915320396,-3.5712685585,0.0000000000,nan,nan,nan,nan,nan,nan,nan,nan,nan,nan,nan,nan,nan,nan,nan,nan,nan,nan,nan,nan,nan,0.0200114250,0.9100718498,inf,0.0199830532,inf,inf,inf,0.0199558735,0.0699415207,inf,inf,inf,inf,inf,inf,inf,1583
1779239083.0915272236,0.0340713337,0.0532050021,0.1082547456,0.0260585609,-0.0237067700,-0.0944546769,3.2780001163,nan,nan,-0.1000000015,0.0000000000,0.3600000143,0.0000000000,nan,nan,nan,nan,nan,nan,nan,nan,nan,nan,nan,nan,-0.1191515699,-0.1089868248,0.4952224791,2.2915320396,-3.5712685585,0.0000000000,nan,nan,nan,nan,nan,nan,nan,nan,nan,nan,nan,nan,nan,nan,nan,nan,nan,nan,nan,nan,nan,0.0300502777,0.9201107025,inf,0.0300219059,inf,inf,inf,0.0299947262,0.0799803734,inf,inf,inf,inf,inf,inf,inf,1583
1779239083.1014928818,0.0340713337,0.0532050021,0.1082547456,0.0260585609,-0.0237067700,-0.0944546769,3.2780001163,nan,nan,-0.1000000015,0.0000000000,0.3600000143,0.0000000000,nan,nan,nan,nan,nan,nan,nan,nan,nan,nan,nan,nan,-0.1191515699,-0.1089868248,0.4952224791,2.2915320396,-3.5712685585,0.0000000000,nan,nan,nan,nan,nan,nan,nan,nan,nan,nan,nan,nan,nan,nan,nan,nan,nan,nan,nan,nan,nan,0.0400159359,0.9300763607,inf,0.0399875641,inf,inf,inf,0.0399603844,0.0899460316,inf,inf,inf,inf,inf,inf,inf,1583
1779239083.1115517616,0.0135840876,0.0551944710,0.1119124368,0.0221241604,0.0008578400,-0.0775058222,3.2780001163,nan,nan,-0.1000000015,0.0000000000,0.3600000143,0.0000000000,nan,nan,nan,nan,nan,nan,nan,nan,nan,nan,nan,nan,-0.1191515699,-0.1089868248,0.4952224791,2.5705711842,-6.5769996643,0.0000000000,nan,nan,nan,nan,nan,nan,nan,nan,nan,nan,nan,nan,nan,nan,nan,nan,nan,nan,nan,nan,nan,0.0000765324,0.9401352406,inf,0.0000457764,inf,inf,inf,0.0500192642,0.0000150204,inf,inf,inf,inf,inf,inf,inf,1583
1779239083.1215147972,0.0135840876,0.0551944710,0.1119124368,0.0221241604,0.0008578400,-0.0775058222,3.2780001163,nan,nan,-0.1000000015,0.0000000000,0.3600000143,0.0000000000,nan,nan,nan,nan,nan,nan,nan,nan,nan,nan,nan,nan,-0.1191515699,-0.1089868248,0.4952224791,2.5705711842,-6.5769996643,0.0000000000,nan,nan,nan,nan,nan,nan,nan,nan,nan,nan,nan,nan,nan,nan,nan,nan,nan,nan,nan,nan,nan,0.0100395679,0.9500982761,inf,0.0100088120,inf,inf,inf,0.0599822998,0.0099780560,inf,inf,inf,inf,inf,inf,inf,1583
1779239083.1315493584,0.0135840876,0.0551944710,0.1119124368,0.0221241604,0.0008578400,-0.0775058222,3.2780001163,nan,nan,-0.1000000015,0.0000000000,0.3600000143,0.0000000000,nan,nan,nan,nan,nan,nan,nan,nan,nan,nan,nan,nan,-0.1191515699,-0.1089868248,0.4952224791,2.5705711842,-6.5769996643,0.0000000000,nan,nan,nan,nan,nan,nan,nan,nan,nan,nan,nan,nan,nan,nan,nan,nan,nan,nan,nan,nan,nan,0.0200741291,0.9601328373,inf,0.0200433731,inf,inf,inf,0.0700168610,0.0200126171,inf,inf,inf,inf,inf,inf,inf,1583
1779239083.1415433884,0.0135840876,0.0551944710,0.1119124368,0.0221241604,0.0008578400,-0.0775058222,3.2780001163,nan,nan,-0.1000000015,0.0000000000,0.3600000143,0.0000000000,nan,nan,nan,nan,nan,nan,nan,nan,nan,nan,nan,nan,-0.1191515699,-0.1089868248,0.4952224791,2.5705711842,-6.5769996643,0.0000000000,nan,nan,nan,nan,nan,nan,nan,nan,nan,nan,nan,nan,nan,nan,nan,nan,nan,nan,nan,nan,nan,0.0300681591,0.9701268673,inf,0.0300374031,inf,inf,inf,0.0800108910,0.0300066471,inf,inf,inf,inf,inf,inf,inf,1583
1779239083.1515781879,0.0135840876,0.0551944710,0.1119124368,0.0221241604,0.0008578400,-0.0775058222,3.2780001163,nan,nan,-0.1000000015,0.0000000000,0.3600000143,0.0000000000,nan,nan,nan,nan,nan,nan,nan,nan,nan,nan,nan,nan,-0.1191515699,-0.1089868248,0.4952224791,2.5705711842,-6.5769996643,0.0000000000,nan,nan,nan,nan,nan,nan,nan,nan,nan,nan,nan,nan,nan,nan,nan,nan,nan,nan,nan,nan,nan,0.0401029587,0.9801616669,inf,0.0400722027,inf,inf,inf,0.0900456905,0.0400414467,inf,inf,inf,inf,inf,inf,inf,1583
1779239083.1616292000,0.0599508211,0.0396770723,0.1220037490,0.0271751896,0.0098210418,-0.1106363692,3.2780001163,nan,nan,-0.1000000015,0.0000000000,0.3600000143,0.0000000000,nan,nan,nan,nan,nan,nan,nan,nan,nan,nan,nan,nan,-0.0515104905,-0.1096656322,0.4785313010,2.5705711842,-6.5769996643,0.0000000000,nan,nan,nan,nan,nan,nan,nan,nan,nan,nan,nan,nan,nan,nan,nan,nan,nan,nan,nan,nan,nan,0.0000984669,0.9902126789,inf,0.0000622272,inf,inf,inf,0.0000231266,0.0500924587,inf,inf,inf,inf,inf,inf,inf,1583
1779239083.1715538502,0.0599508211,0.0396770723,0.1220037490,0.0271751896,0.0098210418,-0.1106363692,3.1670000553,nan,nan,-0.1000000015,0.0000000000,0.3600000143,0.0000000000,nan,nan,nan,nan,nan,nan,nan,nan,nan,nan,nan,nan,-0.0515104905,-0.1096656322,0.4785313010,2.5705711842,-6.5769996643,0.0000000000,nan,nan,nan,nan,nan,nan,nan,nan,nan,nan,nan,nan,nan,nan,nan,nan,nan,nan,nan,nan,nan,0.0100231171,0.0000190735,inf,0.0099868774,inf,inf,inf,0.0099477768,0.0600171089,inf,inf,inf,inf,inf,inf,inf,1583
1779239083.1815187931,0.0599508211,0.0396770723,0.1220037490,0.0271751896,0.0098210418,-0.1106363692,3.1670000553,nan,nan,-0.1000000015,0.0000000000,0.3600000143,0.0000000000,nan,nan,nan,nan,nan,nan,nan,nan,nan,nan,nan,nan,-0.0515104905,-0.1096656322,0.4785313010,2.5705711842,-6.5769996643,0.0000000000,nan,nan,nan,nan,nan,nan,nan,nan,nan,nan,nan,nan,nan,nan,nan,nan,nan,nan,nan,nan,nan,0.0199880600,0.0099840164,inf,0.0199518204,inf,inf,inf,0.0199127197,0.0699820518,inf,inf,inf,inf,inf,inf,inf,1583
1779239083.1915454865,0.0599508211,0.0396770723,0.1220037490,0.0271751896,0.0098210418,-0.1106363692,3.1670000553,nan,nan,-0.1000000015,0.0000000000,0.3600000143,0.0000000000,nan,nan,nan,nan,nan,nan,nan,nan,nan,nan,nan,nan,-0.0515104905,-0.1096656322,0.4785313010,2.5705711842,-6.5769996643,0.0000000000,nan,nan,nan,nan,nan,nan,nan,nan,nan,nan,nan,nan,nan,nan,nan,nan,nan,nan,nan,nan,nan,0.0300147533,0.0200107098,inf,0.0299785137,inf,inf,inf,0.0299394131,0.0800087452,inf,inf,inf,inf,inf,inf,inf,1583
1779239083.2015254498,0.0599508211,0.0396770723,0.1220037490,0.0271751896,0.0098210418,-0.1106363692,3.1670000553,nan,nan,-0.1000000015,0.0000000000,0.3600000143,0.0000000000,nan,nan,nan,nan,nan,nan,nan,nan,nan,nan,nan,nan,-0.0515104905,-0.1096656322,0.4785313010,2.5705711842,-6.5769996643,0.0000000000,nan,nan,nan,nan,nan,nan,nan,nan,nan,nan,nan,nan,nan,nan,nan,nan,nan,nan,nan,nan,nan,0.0399947166,0.0299906731,inf,0.0399584770,inf,inf,inf,0.0399193764,0.0899887085,inf,inf,inf,inf,inf,inf,inf,1583
1779239083.2115616798,0.0494158305,0.0376626514,0.1264996231,0.0221162688,0.0010416629,-0.0941254024,3.1670000553,nan,nan,-0.1000000015,0.0000000000,0.3600000143,0.0000000000,nan,nan,nan,nan,nan,nan,nan,nan,nan,nan,nan,nan,-0.0515104905,-0.1096656322,0.4785313010,0.6316072941,-3.2752408981,0.0000000000,nan,nan,nan,nan,nan,nan,nan,nan,nan,nan,nan,nan,nan,nan,nan,nan,nan,nan,nan,nan,nan,0.0000863075,0.0400269032,inf,0.0000522137,inf,inf,inf,0.0499556065,0.0000174046,inf,inf,inf,inf,inf,inf,inf,1583
1779239083.2215008736,0.0494158305,0.0376626514,0.1264996231,0.0221162688,0.0010416629,-0.0941254024,3.1670000553,nan,nan,-0.1000000015,0.0000000000,0.3600000143,0.0000000000,nan,nan,nan,nan,nan,nan,nan,nan,nan,nan,nan,nan,-0.0515104905,-0.1096656322,0.4785313010,0.6316072941,-3.2752408981,0.0000000000,nan,nan,nan,nan,nan,nan,nan,nan,nan,nan,nan,nan,nan,nan,nan,nan,nan,nan,nan,nan,nan,0.0100255013,0.0499660969,inf,0.0099914074,inf,inf,inf,0.0598948002,0.0099565983,inf,inf,inf,inf,inf,inf,inf,1583
1779239083.2315022945,0.0494158305,0.0376626514,0.1264996231,0.0221162688,0.0010416629,-0.0941254024,3.1670000553,nan,nan,-0.1000000015,0.0000000000,0.3600000143,0.0000000000,nan,nan,nan,nan,nan,nan,nan,nan,nan,nan,nan,nan,-0.0515104905,-0.1096656322,0.4785313010,0.6316072941,-3.2752408981,0.0000000000,nan,nan,nan,nan,nan,nan,nan,nan,nan,nan,nan,nan,nan,nan,nan,nan,nan,nan,nan,nan,nan,0.0200269222,0.0599675179,inf,0.0199928284,inf,inf,inf,0.0698962212,0.0199580193,inf,inf,inf,inf,inf,inf,inf,1583
1779239083.2414860725,0.0494158305,0.0376626514,0.1264996231,0.0221162688,0.0010416629,-0.0941254024,3.1670000553,nan,nan,-0.1000000015,0.0000000000,0.3600000143,0.0000000000,nan,nan,nan,nan,nan,nan,nan,nan,nan,nan,nan,nan,-0.0515104905,-0.1096656322,0.4785313010,0.6316072941,-3.2752408981,0.0000000000,nan,nan,nan,nan,nan,nan,nan,nan,nan,nan,nan,nan,nan,nan,nan,nan,nan,nan,nan,nan,nan,0.0300107002,0.0699512959,inf,0.0299766064,inf,inf,inf,0.0798799992,0.0299417973,inf,inf,inf,inf,inf,inf,inf,1583
1779239083.2515029907,0.0494158305,0.0376626514,0.1264996231,0.0221162688,0.0010416629,-0.0941254024,3.1670000553,nan,nan,-0.1000000015,0.0000000000,0.3600000143,0.0000000000,nan,nan,nan,nan,nan,nan,nan,nan,nan,nan,nan,nan,-0.0515104905,-0.1096656322,0.4785313010,0.6316072941,-3.2752408981,0.0000000000,nan,nan,nan,nan,nan,nan,nan,nan,nan,nan,nan,nan,nan,nan,nan,nan,nan,nan,nan,nan,nan,0.0400276184,0.0799682140,inf,0.0399935246,inf,inf,inf,0.0898969173,0.0399587154,inf,inf,inf,inf,inf,inf,inf,1583
1779239083.2615275383,0.0364713818,0.0358815193,0.1307100207,0.0042623739,-0.0413894994,-0.0720754078,3.1670000553,nan,nan,-0.1000000015,0.0000000000,0.3600000143,0.0000000000,nan,nan,nan,nan,nan,nan,nan,nan,nan,nan,nan,nan,-0.1408700943,-0.0687337369,0.4477792382,0.6316072941,-3.2752408981,0.0000000000,nan,nan,nan,nan,nan,nan,nan,nan,nan,nan,nan,nan,nan,nan,nan,nan,nan,nan,nan,nan,nan,0.0000483990,0.0899927616,inf,0.0000295639,inf,inf,inf,0.0000109673,0.0499832630,inf,inf,inf,inf,inf,inf,inf,1583
1779239083.2714245319,0.0364713818,0.0358815193,0.1307100207,0.0042623739,-0.0413894994,-0.0720754078,3.1670000553,nan,nan,-0.1000000015,0.0000000000,0.3600000143,0.0000000000,nan,nan,nan,nan,nan,nan,nan,nan,nan,nan,nan,nan,-0.1408700943,-0.0687337369,0.4477792382,0.6316072941,-3.2752408981,0.0000000000,nan,nan,nan,nan,nan,nan,nan,nan,nan,nan,nan,nan,nan,nan,nan,nan,nan,nan,nan,nan,nan,0.0099453926,0.0998897552,inf,0.0099265575,inf,inf,inf,0.0099079609,0.0598802567,inf,inf,inf,inf,inf,inf,inf,1583
1779239083.2814297676,0.0364713818,0.0358815193,0.1307100207,0.0042623739,-0.0413894994,-0.0720754078,3.1670000553,nan,nan,-0.1000000015,0.0000000000,0.3600000143,0.0000000000,nan,nan,nan,nan,nan,nan,nan,nan,nan,nan,nan,nan,-0.1408700943,-0.0687337369,0.4477792382,0.6316072941,-3.2752408981,0.0000000000,nan,nan,nan,nan,nan,nan,nan,nan,nan,nan,nan,nan,nan,nan,nan,nan,nan,nan,nan,nan,nan,0.0199506283,0.1098949909,inf,0.0199317932,inf,inf,inf,0.0199131966,0.0698854923,inf,inf,inf,inf,inf,inf,inf,1583
1779239083.2914633751,0.0364713818,0.0358815193,0.1307100207,0.0042623739,-0.0413894994,-0.0720754078,3.1670000553,nan,nan,-0.1000000015,0.0000000000,0.3600000143,0.0000000000,nan,nan,nan,nan,nan,nan,nan,nan,nan,nan,nan,nan,-0.1408700943,-0.0687337369,0.4477792382,0.6316072941,-3.2752408981,0.0000000000,nan,nan,nan,nan,nan,nan,nan,nan,nan,nan,nan,nan,nan,nan,nan,nan,nan,nan,nan,nan,nan,0.0299842358,0.1199285984,inf,0.0299654007,inf,inf,inf,0.0299468040,0.0799190998,inf,inf,inf,inf,inf,inf,inf,1583
1779239083.3015053272,0.0364713818,0.0358815193,0.1307100207,0.0042623739,-0.0413894994,-0.0720754078,3.1670000553,nan,nan,-0.1000000015,0.0000000000,0.3600000143,0.0000000000,nan,nan,nan,nan,nan,nan,nan,nan,nan,nan,nan,nan,-0.1408700943,-0.0687337369,0.4477792382,0.6316072941,-3.2752408981,0.0000000000,nan,nan,nan,nan,nan,nan,nan,nan,nan,nan,nan,nan,nan,nan,nan,nan,nan,nan,nan,nan,nan,0.0400261879,0.1299705505,inf,0.0400073528,inf,inf,inf,0.0399887562,0.0899610519,inf,inf,inf,inf,inf,inf,inf,1583
1779239083.3115859032,0.0203346238,0.0347293988,0.1346626282,0.0117580577,-0.0245921226,-0.0555076230,3.1670000553,nan,nan,-0.1000000015,0.0000000000,0.3600000143,0.0000000000,nan,nan,nan,nan,nan,nan,nan,nan,nan,nan,nan,nan,-0.1408700943,-0.0687337369,0.4477792382,0.8112013340,-4.9362387657,0.0000000000,nan,nan,nan,nan,nan,nan,nan,nan,nan,nan,nan,nan,nan,nan,nan,nan,nan,nan,nan,nan,nan,0.0000844002,0.1400511265,inf,0.0000519753,inf,inf,inf,0.0500693321,0.0000185966,inf,inf,inf,inf,inf,inf,inf,1583
1779239083.3215029240,0.0203346238,0.0347293988,0.1346626282,0.0117580577,-0.0245921226,-0.0555076230,3.1670000553,nan,nan,-0.1000000015,0.0000000000,0.3600000143,0.0000000000,nan,nan,nan,nan,nan,nan,nan,nan,nan,nan,nan,nan,-0.1408700943,-0.0687337369,0.4477792382,0.8112013340,-4.9362387657,0.0000000000,nan,nan,nan,nan,nan,nan,nan,nan,nan,nan,nan,nan,nan,nan,nan,nan,nan,nan,nan,nan,nan,0.0100014210,0.1499681473,inf,0.0099689960,inf,inf,inf,0.0599863529,0.0099356174,inf,inf,inf,inf,inf,inf,inf,1583
1779239083.3314566612,0.0203346238,0.0347293988,0.1346626282,0.0117580577,-0.0245921226,-0.0555076230,3.1670000553,nan,nan,-0.1000000015,0.0000000000,0.3600000143,0.0000000000,nan,nan,nan,nan,nan,nan,nan,nan,nan,nan,nan,nan,-0.1408700943,-0.0687337369,0.4477792382,0.8112013340,-4.9362387657,0.0000000000,nan,nan,nan,nan,nan,nan,nan,nan,nan,nan,nan,nan,nan,nan,nan,nan,nan,nan,nan,nan,nan,0.0199551582,0.1599218845,inf,0.0199227333,inf,inf,inf,0.0699400902,0.0198893547,inf,inf,inf,inf,inf,inf,inf,1583
1779239083.3414645195,0.0203346238,0.0347293988,0.1346626282,0.0117580577,-0.0245921226,-0.0555076230,3.1670000553,nan,nan,-0.1000000015,0.0000000000,0.3600000143,0.0000000000,nan,nan,nan,nan,nan,nan,nan,nan,nan,nan,nan,nan,-0.1408700943,-0.0687337369,0.4477792382,0.8112013340,-4.9362387657,0.0000000000,nan,nan,nan,nan,nan,nan,nan,nan,nan,nan,nan,nan,nan,nan,nan,nan,nan,nan,nan,nan,nan,0.0299630165,0.1699297428,inf,0.0299305916,inf,inf,inf,0.0799479485,0.0298972130,inf,inf,inf,inf,inf,inf,inf,1583
1779239083.3514733315,0.0203346238,0.0347293988,0.1346626282,0.0117580577,-0.0245921226,-0.0555076230,3.1670000553,nan,nan,-0.1000000015,0.0000000000,0.3600000143,0.0000000000,nan,nan,nan,nan,nan,nan,nan,nan,nan,nan,nan,nan,-0.1408700943,-0.0687337369,0.4477792382,0.8112013340,-4.9362387657,0.0000000000,nan,nan,nan,nan,nan,nan,nan,nan,nan,nan,nan,nan,nan,nan,nan,nan,nan,nan,nan,nan,nan,0.0399718285,0.1799385548,inf,0.0399394035,inf,inf,inf,0.0899567604,0.0399060249,inf,inf,inf,inf,inf,inf,inf,1583
1779239083.3614256382,0.0474956408,0.0111865066,0.1449581683,0.0114980377,-0.0191229029,-0.0443969772,3.1670000553,nan,nan,-0.1000000015,0.0000000000,0.3600000143,0.0000000000,nan,nan,nan,nan,nan,nan,nan,nan,nan,nan,nan,nan,-0.0785242766,-0.0611129552,0.4357207417,0.8112013340,-4.9362387657,0.0000000000,nan,nan,nan,nan,nan,nan,nan,nan,nan,nan,nan,nan,nan,nan,nan,nan,nan,nan,nan,nan,nan,0.0000338554,0.1898908615,inf,0.0000202656,inf,inf,inf,0.0000066757,0.0498583317,inf,inf,inf,inf,inf,inf,inf,1583
1779239083.3714644909,0.0474956408,0.0111865066,0.1449581683,0.0114980377,-0.0191229029,-0.0443969772,3.1670000553,nan,nan,-0.1000000015,0.0000000000,0.3600000143,0.0000000000,nan,nan,nan,nan,nan,nan,nan,nan,nan,nan,nan,nan,-0.0785242766,-0.0611129552,0.4357207417,0.8112013340,-4.9362387657,0.0000000000,nan,nan,nan,nan,nan,nan,nan,nan,nan,nan,nan,nan,nan,nan,nan,nan,nan,nan,nan,nan,nan,0.0100727081,0.1999297142,inf,0.0100591183,inf,inf,inf,0.0100455284,0.0598971844,inf,inf,inf,inf,inf,inf,inf,1583
1779239083.3814489841,0.0474956408,0.0111865066,0.1449581683,0.0114980377,-0.0191229029,-0.0443969772,3.1670000553,nan,nan,-0.1000000015,0.0000000000,0.3600000143,0.0000000000,nan,nan,nan,nan,nan,nan,nan,nan,nan,nan,nan,nan,-0.0785242766,-0.0611129552,0.4357207417,0.8112013340,-4.9362387657,0.0000000000,nan,nan,nan,nan,nan,nan,nan,nan,nan,nan,nan,nan,nan,nan,nan,nan,nan,nan,nan,nan,nan,0.0200572014,0.2099142075,inf,0.0200436115,inf,inf,inf,0.0200300217,0.0698816776,inf,inf,inf,inf,inf,inf,inf,1583
1779239083.3914670944,0.0474956408,0.0111865066,0.1449581683,0.0114980377,-0.0191229029,-0.0443969772,3.1670000553,nan,nan,-0.1000000015,0.0000000000,0.3600000143,0.0000000000,nan,nan,nan,nan,nan,nan,nan,nan,nan,nan,nan,nan,-0.0785242766,-0.0611129552,0.4357207417,0.8112013340,-4.9362387657,0.0000000000,nan,nan,nan,nan,nan,nan,nan,nan,nan,nan,nan,nan,nan,nan,nan,nan,nan,nan,nan,nan,nan,0.0300753117,0.2199323177,inf,0.0300617218,inf,inf,inf,0.0300481319,0.0798997879,inf,inf,inf,inf,inf,inf,inf,1583
1779239083.4014751911,0.0474956408,0.0111865066,0.1449581683,0.0114980377,-0.0191229029,-0.0443969772,3.1670000553,nan,nan,-0.1000000015,0.0000000000,0.3600000143,0.0000000000,nan,nan,nan,nan,nan,nan,nan,nan,nan,nan,nan,nan,-0.0785242766,-0.0611129552,0.4357207417,0.8112013340,-4.9362387657,0.0000000000,nan,nan,nan,nan,nan,nan,nan,nan,nan,nan,nan,nan,nan,nan,nan,nan,nan,nan,nan,nan,nan,0.0400834084,0.2299404144,inf,0.0400698185,inf,inf,inf,0.0400562286,0.0899078846,inf,inf,inf,inf,inf,inf,inf,1583
1779239083.4114673138,0.0361926965,0.0056871511,0.1485069394,0.0032159429,-0.0248546572,-0.0360227674,3.1670000553,nan,nan,-0.1000000015,0.0000000000,0.3600000143,0.0000000000,nan,nan,nan,nan,nan,nan,nan,nan,nan,nan,nan,nan,-0.0785242766,-0.0611129552,0.4357207417,-1.7866972685,-3.4320912361,0.0000000000,nan,nan,nan,nan,nan,nan,nan,nan,nan,nan,nan,nan,nan,nan,nan,nan,nan,nan,nan,nan,nan,0.0000452995,0.2399325371,inf,0.0000278950,inf,inf,inf,0.0500483513,0.0000092983,inf,inf,inf,inf,inf,inf,inf,1583
1779239083.4214584827,0.0361926965,0.0056871511,0.1485069394,0.0032159429,-0.0248546572,-0.0360227674,3.1670000553,nan,nan,-0.1000000015,0.0000000000,0.3600000143,0.0000000000,nan,nan,nan,nan,nan,nan,nan,nan,nan,nan,nan,nan,-0.0785242766,-0.0611129552,0.4357207417,-1.7866972685,-3.4320912361,0.0000000000,nan,nan,nan,nan,nan,nan,nan,nan,nan,nan,nan,nan,nan,nan,nan,nan,nan,nan,nan,nan,nan,0.0100364685,0.2499237061,inf,0.0100190639,inf,inf,inf,0.0600395203,0.0100004673,inf,inf,inf,inf,inf,inf,inf,1583
1779239083.4314744473,0.0361926965,0.0056871511,0.1485069394,0.0032159429,-0.0248546572,-0.0360227674,3.1670000553,nan,nan,-0.1000000015,0.0000000000,0.3600000143,0.0000000000,nan,nan,nan,nan,nan,nan,nan,nan,nan,nan,nan,nan,-0.0785242766,-0.0611129552,0.4357207417,-1.7866972685,-3.4320912361,0.0000000000,nan,nan,nan,nan,nan,nan,nan,nan,nan,nan,nan,nan,nan,nan,nan,nan,nan,nan,nan,nan,nan,0.0200524330,0.2599396706,inf,0.0200350285,inf,inf,inf,0.0700554848,0.0200164318,inf,inf,inf,inf,inf,inf,inf,1583
1779239083.4414768219,0.0361926965,0.0056871511,0.1485069394,0.0032159429,-0.0248546572,-0.0360227674,3.1670000553,nan,nan,-0.1000000015,0.0000000000,0.3600000143,0.0000000000,nan,nan,nan,nan,nan,nan,nan,nan,nan,nan,nan,nan,-0.0785242766,-0.0611129552,0.4357207417,-1.7866972685,-3.4320912361,0.0000000000,nan,nan,nan,nan,nan,nan,nan,nan,nan,nan,nan,nan,nan,nan,nan,nan,nan,nan,nan,nan,nan,0.0300548077,0.2699420452,inf,0.0300374031,inf,inf,inf,0.0800578594,0.0300188065,inf,inf,inf,inf,inf,inf,inf,1583
1779239083.4514722824,0.0361926965,0.0056871511,0.1485069394,0.0032159429,-0.0248546572,-0.0360227674,3.1670000553,nan,nan,-0.1000000015,0.0000000000,0.3600000143,0.0000000000,nan,nan,nan,nan,nan,nan,nan,nan,nan,nan,nan,nan,-0.1223727316,0.0089803524,0.4125722349,-1.7866972685,-3.4320912361,0.0000000000,nan,nan,nan,nan,nan,nan,nan,nan,nan,nan,nan,nan,nan,nan,nan,nan,nan,nan,nan,nan,nan,0.0400502682,0.2799375057,inf,0.0400328636,inf,inf,inf,0.0000133514,0.0400142670,inf,inf,inf,inf,inf,inf,inf,1583
1779239083.4614510536,0.0413283966,-0.0096308663,0.1538824141,-0.0105277334,-0.0499397736,-0.0218850602,3.1670000553,nan,nan,-0.1000000015,0.0000000000,0.3600000143,0.0000000000,nan,nan,nan,nan,nan,nan,nan,nan,nan,nan,nan,nan,-0.1223727316,0.0089803524,0.4125722349,-1.7866972685,-3.4320912361,0.0000000000,nan,nan,nan,nan,nan,nan,nan,nan,nan,nan,nan,nan,nan,nan,nan,nan,nan,nan,nan,nan,nan,0.0000286102,0.2899162769,inf,0.0000102520,inf,inf,inf,0.0099921227,0.0499930382,inf,inf,inf,inf,inf,inf,inf,1583
1779239083.4714632034,0.0413283966,-0.0096308663,0.1538824141,-0.0105277334,-0.0499397736,-0.0218850602,3.1670000553,nan,nan,-0.1000000015,0.0000000000,0.3600000143,0.0000000000,nan,nan,nan,nan,nan,nan,nan,nan,nan,nan,nan,nan,-0.1223727316,0.0089803524,0.4125722349,-1.7866972685,-3.4320912361,0.0000000000,nan,nan,nan,nan,nan,nan,nan,nan,nan,nan,nan,nan,nan,nan,nan,nan,nan,nan,nan,nan,nan,0.0100407600,0.2999284267,inf,0.0100224018,inf,inf,inf,0.0200042725,0.0600051880,inf,inf,inf,inf,inf,inf,inf,1583
1779239083.4814805984,0.0413283966,-0.0096308663,0.1538824141,-0.0105277334,-0.0499397736,-0.0218850602,3.1670000553,nan,nan,-0.1000000015,0.0000000000,0.3600000143,0.0000000000,nan,nan,nan,nan,nan,nan,nan,nan,nan,nan,nan,nan,-0.1223727316,0.0089803524,0.4125722349,-1.7866972685,-3.4320912361,0.0000000000,nan,nan,nan,nan,nan,nan,nan,nan,nan,nan,nan,nan,nan,nan,nan,nan,nan,nan,nan,nan,nan,0.0200581551,0.3099458218,inf,0.0200397968,inf,inf,inf,0.0300216675,0.0700225830,inf,inf,inf,inf,inf,inf,inf,1583
1779239083.4914507866,0.0413283966,-0.0096308663,0.1538824141,-0.0105277334,-0.0499397736,-0.0218850602,3.1670000553,nan,nan,-0.1000000015,0.0000000000,0.3600000143,0.0000000000,nan,nan,nan,nan,nan,nan,nan,nan,nan,nan,nan,nan,-0.1223727316,0.0089803524,0.4125722349,-1.7866972685,-3.4320912361,0.0000000000,nan,nan,nan,nan,nan,nan,nan,nan,nan,nan,nan,nan,nan,nan,nan,nan,nan,nan,nan,nan,nan,0.0300283432,0.3199160099,inf,0.0300099850,inf,inf,inf,0.0399918556,0.0799927711,inf,inf,inf,inf,inf,inf,inf,1583
1779239083.5014898777,0.0413283966,-0.0096308663,0.1538824141,-0.0105277334,-0.0499397736,-0.0218850602,3.1670000553,nan,nan,-0.1000000015,0.0000000000,0.3600000143,0.0000000000,nan,nan,nan,nan,nan,nan,nan,nan,nan,nan,nan,nan,-0.1223727316,0.0089803524,0.4125722349,-1.7866972685,-3.4320912361,0.0000000000,nan,nan,nan,nan,nan,nan,nan,nan,nan,nan,nan,nan,nan,nan,nan,nan,nan,nan,nan,nan,nan,0.0400674343,0.3299551010,inf,0.0400490761,inf,inf,inf,0.0500309467,0.0900318623,inf,inf,inf,inf,inf,inf,inf,1583
1779239083.5115683079,0.0292608757,-0.0165456478,0.1558059603,-0.0109331070,-0.0166965353,-0.0165149893,3.1670000553,nan,nan,-0.1000000015,0.0000000000,0.3600000143,0.0000000000,nan,nan,nan,nan,nan,nan,nan,nan,nan,nan,nan,nan,-0.1223727316,0.0089803524,0.4125722349,-3.2436833382,-3.3369519711,0.0000000000,nan,nan,nan,nan,nan,nan,nan,nan,nan,nan,nan,nan,nan,nan,nan,nan,nan,nan,nan,nan,nan,0.0000846386,0.3400335312,inf,0.0000486374,inf,inf,inf,0.0601093769,0.0000164509,inf,inf,inf,inf,inf,inf,inf,1583
1779239083.5215051174,0.0292608757,-0.0165456478,0.1558059603,-0.0109331070,-0.0166965353,-0.0165149893,3.1670000553,nan,nan,-0.1000000015,0.0000000000,0.3600000143,0.0000000000,nan,nan,nan,nan,nan,nan,nan,nan,nan,nan,nan,nan,-0.1223727316,0.0089803524,0.4125722349,-3.2436833382,-3.3369519711,0.0000000000,nan,nan,nan,nan,nan,nan,nan,nan,nan,nan,nan,nan,nan,nan,nan,nan,nan,nan,nan,nan,nan,0.0100214481,0.3499703407,inf,0.0099854469,inf,inf,inf,0.0700461864,0.0099532604,inf,inf,inf,inf,inf,inf,inf,1583
1779239083.5314915180,0.0292608757,-0.0165456478,0.1558059603,-0.0109331070,-0.0166965353,-0.0165149893,3.1670000553,nan,nan,-0.1000000015,0.0000000000,0.3600000143,0.0000000000,nan,nan,nan,nan,nan,nan,nan,nan,nan,nan,nan,nan,-0.1223727316,0.0089803524,0.4125722349,-3.2436833382,-3.3369519711,0.0000000000,nan,nan,nan,nan,nan,nan,nan,nan,nan,nan,nan,nan,nan,nan,nan,nan,nan,nan,nan,nan,nan,0.0200078487,0.3599567413,inf,0.0199718475,inf,inf,inf,0.0800325871,0.0199396610,inf,inf,inf,inf,inf,inf,inf,1583
1779239083.5414855480,0.0292608757,-0.0165456478,0.1558059603,-0.0109331070,-0.0166965353,-0.0165149893,3.1670000553,nan,nan,-0.1000000015,0.0000000000,0.3600000143,0.0000000000,nan,nan,nan,nan,nan,nan,nan,nan,nan,nan,nan,nan,-0.1223727316,0.0089803524,0.4125722349,-3.2436833382,-3.3369519711,0.0000000000,nan,nan,nan,nan,nan,nan,nan,nan,nan,nan,nan,nan,nan,nan,nan,nan,nan,nan,nan,nan,nan,0.0300018787,0.3699507713,inf,0.0299658775,inf,inf,inf,0.0900266171,0.0299336910,inf,inf,inf,inf,inf,inf,inf,1583
1779239083.5515184402,0.0292608757,-0.0165456478,0.1558059603,-0.0109331070,-0.0166965353,-0.0165149893,3.1670000553,nan,nan,-0.1000000015,0.0000000000,0.3600000143,0.0000000000,nan,nan,nan,nan,nan,nan,nan,nan,nan,nan,nan,nan,-0.1223727316,0.0089803524,0.4125722349,-3.2436833382,-3.3369519711,0.0000000000,nan,nan,nan,nan,nan,nan,nan,nan,nan,nan,nan,nan,nan,nan,nan,nan,nan,nan,nan,nan,nan,0.0400347710,0.3799836636,inf,0.0399987698,inf,inf,inf,0.1000595093,0.0399665833,inf,inf,inf,inf,inf,inf,inf,1583
1779239083.5615582466,0.0150812231,-0.0229195673,0.1561444551,-0.0330814042,-0.0250885763,-0.0106575642,3.1670000553,nan,nan,-0.1000000015,0.0000000000,0.5600000024,0.0000000000,nan,nan,nan,nan,nan,nan,nan,nan,nan,nan,nan,nan,-0.1111369357,0.0545227900,0.4069107473,-3.2436833382,-3.3369519711,0.0000000000,nan,nan,nan,nan,nan,nan,nan,nan,nan,nan,nan,nan,nan,nan,nan,nan,nan,nan,nan,nan,nan,0.0000832081,0.3900234699,inf,0.0000500679,inf,inf,inf,0.0000169277,0.0500063896,inf,inf,inf,inf,inf,inf,inf,1583
1779239083.5715074539,0.0150812231,-0.0229195673,0.1561444551,-0.0330814042,-0.0250885763,-0.0106575642,3.1670000553,nan,nan,-0.1000000015,0.0000000000,0.5600000024,0.0000000000,nan,nan,nan,nan,nan,nan,nan,nan,nan,nan,nan,nan,-0.1111369357,0.0545227900,0.4069107473,-3.2436833382,-3.3369519711,0.0000000000,nan,nan,nan,nan,nan,nan,nan,nan,nan,nan,nan,nan,nan,nan,nan,nan,nan,nan,nan,nan,nan,0.0100324154,0.3999726772,inf,0.0099992752,inf,inf,inf,0.0099661350,0.0599555969,inf,inf,inf,inf,inf,inf,inf,1583
1779239083.5814836025,0.0150812231,-0.0229195673,0.1561444551,-0.0330814042,-0.0250885763,-0.0106575642,3.1670000553,nan,nan,-0.1000000015,0.0000000000,0.5600000024,0.0000000000,nan,nan,nan,nan,nan,nan,nan,nan,nan,nan,nan,nan,-0.1111369357,0.0545227900,0.4069107473,-3.2436833382,-3.3369519711,0.0000000000,nan,nan,nan,nan,nan,nan,nan,nan,nan,nan,nan,nan,nan,nan,nan,nan,nan,nan,nan,nan,nan,0.0200085640,0.4099488258,inf,0.0199754238,inf,inf,inf,0.0199422836,0.0699317455,inf,inf,inf,inf,inf,inf,inf,1583
1779239083.5914855003,0.0150812231,-0.0229195673,0.1561444551,-0.0330814042,-0.0250885763,-0.0106575642,3.1670000553,nan,nan,-0.1000000015,0.0000000000,0.5600000024,0.0000000000,nan,nan,nan,nan,nan,nan,nan,nan,nan,nan,nan,nan,-0.1111369357,0.0545227900,0.4069107473,-3.2436833382,-3.3369519711,0.0000000000,nan,nan,nan,nan,nan,nan,nan,nan,nan,nan,nan,nan,nan,nan,nan,nan,nan,nan,nan,nan,nan,0.0300104618,0.4199507236,inf,0.0299773216,inf,inf,inf,0.0299441814,0.0799336433,inf,inf,inf,inf,inf,inf,inf,1583
1779239083.6014926434,0.0150812231,-0.0229195673,0.1561444551,-0.0330814042,-0.0250885763,-0.0106575642,3.1670000553,nan,nan,-0.1000000015,0.0000000000,0.5600000024,0.0000000000,nan,nan,nan,nan,nan,nan,nan,nan,nan,nan,nan,nan,-0.1111369357,0.0545227900,0.4069107473,-3.2436833382,-3.3369519711,0.0000000000,nan,nan,nan,nan,nan,nan,nan,nan,nan,nan,nan,nan,nan,nan,nan,nan,nan,nan,nan,nan,nan,0.0400176048,0.4299578667,inf,0.0399844646,inf,inf,inf,0.0399513245,0.0899407864,inf,inf,inf,inf,inf,inf,inf,1583
1779239083.6115093231,0.0135615245,-0.0332651250,0.1562420726,-0.0304271439,-0.0138783299,-0.0025567703,3.1670000553,nan,nan,-0.1000000015,0.0000000000,0.5600000024,0.0000000000,nan,nan,nan,nan,nan,nan,nan,nan,nan,nan,nan,nan,-0.1111369357,0.0545227900,0.4069107473,-3.1502337456,-4.0492429733,0.0000000000,nan,nan,nan,nan,nan,nan,nan,nan,nan,nan,nan,nan,nan,nan,nan,nan,nan,nan,nan,nan,nan,0.0000591278,0.4399745464,inf,0.0000369549,inf,inf,inf,0.0499680042,0.0000133514,inf,inf,inf,inf,inf,inf,inf,1583
1779239083.6214537621,0.0135615245,-0.0332651250,0.1562420726,-0.0304271439,-0.0138783299,-0.0025567703,3.1670000553,nan,nan,-0.1000000015,0.0000000000,0.5600000024,0.0000000000,nan,nan,nan,nan,nan,nan,nan,nan,nan,nan,nan,nan,-0.1111369357,0.0545227900,0.4069107473,-3.1502337456,-4.0492429733,0.0000000000,nan,nan,nan,nan,nan,nan,nan,nan,nan,nan,nan,nan,nan,nan,nan,nan,nan,nan,nan,nan,nan,0.0100035667,0.4499189854,inf,0.0099813938,inf,inf,inf,0.0599124432,0.0099577904,inf,inf,inf,inf,inf,inf,inf,1583
1779239083.6314594746,0.0135615245,-0.0332651250,0.1562420726,-0.0304271439,-0.0138783299,-0.0025567703,3.1670000553,nan,nan,-0.1000000015,0.0000000000,0.5600000024,0.0000000000,nan,nan,nan,nan,nan,nan,nan,nan,nan,nan,nan,nan,-0.1111369357,0.0545227900,0.4069107473,-3.1502337456,-4.0492429733,0.0000000000,nan,nan,nan,nan,nan,nan,nan,nan,nan,nan,nan,nan,nan,nan,nan,nan,nan,nan,nan,nan,nan,0.0200092793,0.4599246979,inf,0.0199871063,inf,inf,inf,0.0699181557,0.0199635029,inf,inf,inf,inf,inf,inf,inf,1583
1779239083.6414554119,0.0135615245,-0.0332651250,0.1562420726,-0.0304271439,-0.0138783299,-0.0025567703,3.1670000553,nan,nan,-0.1000000015,0.0000000000,0.5600000024,0.0000000000,nan,nan,nan,nan,nan,nan,nan,nan,nan,nan,nan,nan,-0.1111369357,0.0545227900,0.4069107473,-3.1502337456,-4.0492429733,0.0000000000,nan,nan,nan,nan,nan,nan,nan,nan,nan,nan,nan,nan,nan,nan,nan,nan,nan,nan,nan,nan,nan,0.0300052166,0.4699206352,inf,0.0299830437,inf,inf,inf,0.0799140930,0.0299594402,inf,inf,inf,inf,inf,inf,inf,1583
1779239083.6514537334,0.0135615245,-0.0332651250,0.1562420726,-0.0304271439,-0.0138783299,-0.0025567703,3.1670000553,nan,nan,-0.1000000015,0.0000000000,0.5600000024,0.0000000000,nan,nan,nan,nan,nan,nan,nan,nan,nan,nan,nan,nan,-0.0858337879,0.0799737126,0.8097236753,-3.1502337456,-4.0492429733,0.0000000000,nan,nan,nan,nan,nan,nan,nan,nan,nan,nan,nan,nan,nan,nan,nan,nan,nan,nan,nan,nan,nan,0.0400035381,0.4799189568,inf,0.0399813652,inf,inf,inf,0.0000133514,0.0399577618,inf,inf,inf,inf,inf,inf,inf,1583
1779239083.6615085602,-0.0017596476,-0.0385410413,0.1558114141,-0.0332166939,-0.0193704200,0.0003217503,3.1670000553,nan,nan,-0.1000000015,0.0000000000,0.5600000024,0.0000000000,nan,nan,nan,nan,nan,nan,nan,nan,nan,nan,nan,nan,-0.0858337879,0.0799737126,0.8097236753,-3.1502337456,-4.0492429733,0.0000000000,nan,nan,nan,nan,nan,nan,nan,nan,nan,nan,nan,nan,nan,nan,nan,nan,nan,nan,nan,nan,nan,0.0000407696,0.4899737835,inf,0.0000171661,inf,inf,inf,0.0100681782,0.0500125885,inf,inf,inf,inf,inf,inf,inf,1583
1779239083.6714870930,-0.0017596476,-0.0385410413,0.1558114141,-0.0332166939,-0.0193704200,0.0003217503,3.1670000553,nan,nan,-0.1000000015,0.0000000000,0.5600000024,0.0000000000,nan,nan,nan,nan,nan,nan,nan,nan,nan,nan,nan,nan,-0.0858337879,0.0799737126,0.8097236753,-3.1502337456,-4.0492429733,0.0000000000,nan,nan,nan,nan,nan,nan,nan,nan,nan,nan,nan,nan,nan,nan,nan,nan,nan,nan,nan,nan,nan,0.0100193024,0.4999523163,inf,0.0099956989,inf,inf,inf,0.0200467110,0.0599911213,inf,inf,inf,inf,inf,inf,inf,1583
1779239083.6815242767,-0.0017596476,-0.0385410413,0.1558114141,-0.0332166939,-0.0193704200,0.0003217503,3.1670000553,nan,nan,-0.1000000015,0.0000000000,0.5600000024,0.0000000000,nan,nan,nan,nan,nan,nan,nan,nan,nan,nan,nan,nan,-0.0858337879,0.0799737126,0.8097236753,-3.1502337456,-4.0492429733,0.0000000000,nan,nan,nan,nan,nan,nan,nan,nan,nan,nan,nan,nan,nan,nan,nan,nan,nan,nan,nan,nan,nan,0.0200564861,0.5099895000,inf,0.0200328827,inf,inf,inf,0.0300838947,0.0700283051,inf,inf,inf,inf,inf,inf,inf,1583
1779239083.6914923191,-0.0017596476,-0.0385410413,0.1558114141,-0.0332166939,-0.0193704200,0.0003217503,3.1670000553,nan,nan,-0.1000000015,0.0000000000,0.5600000024,0.0000000000,nan,nan,nan,nan,nan,nan,nan,nan,nan,nan,nan,nan,-0.0858337879,0.0799737126,0.8097236753,-3.1502337456,-4.0492429733,0.0000000000,nan,nan,nan,nan,nan,nan,nan,nan,nan,nan,nan,nan,nan,nan,nan,nan,nan,nan,nan,nan,nan,0.0300245285,0.5199575424,inf,0.0300009251,inf,inf,inf,0.0400519371,0.0799963474,inf,inf,inf,inf,inf,inf,inf,1583
1779239083.7015314102,-0.0017596476,-0.0385410413,0.1558114141,-0.0332166939,-0.0193704200,0.0003217503,3.1670000553,nan,nan,-0.1000000015,0.0000000000,0.5600000024,0.0000000000,nan,nan,nan,nan,nan,nan,nan,nan,nan,nan,nan,nan,-0.0858337879,0.0799737126,0.8097236753,-3.1502337456,-4.0492429733,0.0000000000,nan,nan,nan,nan,nan,nan,nan,nan,nan,nan,nan,nan,nan,nan,nan,nan,nan,nan,nan,nan,nan,0.0400636196,0.5299966335,inf,0.0400400162,inf,inf,inf,0.0500910282,0.0900354385,inf,inf,inf,inf,inf,inf,inf,1583
1779239083.7115602493,-0.0095023327,-0.0534800366,0.1568663567,-0.0387560643,-0.0054804296,0.0028742857,3.1670000553,nan,nan,-0.1000000015,0.0000000000,0.5600000024,0.0000000000,nan,nan,nan,nan,nan,nan,nan,nan,nan,nan,nan,nan,-0.0858337879,0.0799737126,0.8097236753,-3.6734569073,-4.6793289185,0.0000000000,nan,nan,nan,nan,nan,nan,nan,nan,nan,nan,nan,nan,nan,nan,nan,nan,nan,nan,nan,nan,nan,0.0000767708,0.5400254726,inf,0.0000464916,inf,inf,inf,0.0601198673,0.0000159740,inf,inf,inf,inf,inf,inf,inf,1583
1779239083.7214770317,-0.0095023327,-0.0534800366,0.1568663567,-0.0387560643,-0.0054804296,0.0028742857,3.1670000553,nan,nan,-0.1000000015,0.0000000000,0.5600000024,0.0000000000,nan,nan,nan,nan,nan,nan,nan,nan,nan,nan,nan,nan,-0.0858337879,0.0799737126,0.8097236753,-3.6734569073,-4.6793289185,0.0000000000,nan,nan,nan,nan,nan,nan,nan,nan,nan,nan,nan,nan,nan,nan,nan,nan,nan,nan,nan,nan,nan,0.0099935532,0.5499422550,inf,0.0099632740,inf,inf,inf,0.0700366497,0.0099327564,inf,inf,inf,inf,inf,inf,inf,1583
1779239083.7314932346,-0.0095023327,-0.0534800366,0.1568663567,-0.0387560643,-0.0054804296,0.0028742857,3.1670000553,nan,nan,-0.1000000015,0.0000000000,0.5600000024,0.0000000000,nan,nan,nan,nan,nan,nan,nan,nan,nan,nan,nan,nan,-0.0858337879,0.0799737126,0.8097236753,-3.6734569073,-4.6793289185,0.0000000000,nan,nan,nan,nan,nan,nan,nan,nan,nan,nan,nan,nan,nan,nan,nan,nan,nan,nan,nan,nan,nan,0.0200097561,0.5599584579,inf,0.0199794769,inf,inf,inf,0.0800528526,0.0199489594,inf,inf,inf,inf,inf,inf,inf,1583
1779239083.7414894104,-0.0095023327,-0.0534800366,0.1568663567,-0.0387560643,-0.0054804296,0.0028742857,3.1670000553,nan,nan,-0.1000000015,0.0000000000,0.5600000024,0.0000000000,nan,nan,nan,nan,nan,nan,nan,nan,nan,nan,nan,nan,-0.0858337879,0.0799737126,0.8097236753,-3.6734569073,-4.6793289185,0.0000000000,nan,nan,nan,nan,nan,nan,nan,nan,nan,nan,nan,nan,nan,nan,nan,nan,nan,nan,nan,nan,nan,0.0300059319,0.5699546337,inf,0.0299756527,inf,inf,inf,0.0900490284,0.0299451351,inf,inf,inf,inf,inf,inf,inf,1583
1779239083.7514886856,-0.0095023327,-0.0534800366,0.1568663567,-0.0387560643,-0.0054804296,0.0028742857,3.1670000553,nan,nan,-0.1000000015,0.0000000000,0.5600000024,0.0000000000,nan,nan,nan,nan,nan,nan,nan,nan,nan,nan,nan,nan,-0.0495814309,0.1156877130,0.8037375808,-3.6734569073,-4.6793289185,0.0000000000,nan,nan,nan,nan,nan,nan,nan,nan,nan,nan,nan,nan,nan,nan,nan,nan,nan,nan,nan,nan,nan,0.0400052071,0.5799539089,inf,0.0399749279,inf,inf,inf,0.0000183582,0.0399444103,inf,inf,inf,inf,inf,inf,inf,1583
1779239083.7615406513,-0.0262262523,-0.0589734875,0.1574581563,-0.0526134509,-0.0081542141,0.0057516128,3.1670000553,nan,nan,-0.1000000015,0.0000000000,0.7599999905,0.0000000000,nan,nan,nan,nan,nan,nan,nan,nan,nan,nan,nan,nan,-0.0495814309,0.1156877130,0.8037375808,-3.6734569073,-4.6793289185,0.0000000000,nan,nan,nan,nan,nan,nan,nan,nan,nan,nan,nan,nan,nan,nan,nan,nan,nan,nan,nan,nan,nan,0.0000469685,0.5900058746,inf,0.0000164509,inf,inf,inf,0.0100703239,0.0499963760,inf,inf,inf,inf,inf,inf,inf,1583
1779239083.7715015411,-0.0262262523,-0.0589734875,0.1574581563,-0.0526134509,-0.0081542141,0.0057516128,3.1670000553,nan,nan,-0.1000000015,0.0000000000,0.7599999905,0.0000000000,nan,nan,nan,nan,nan,nan,nan,nan,nan,nan,nan,nan,-0.0495814309,0.1156877130,0.8037375808,-3.6734569073,-4.6793289185,0.0000000000,nan,nan,nan,nan,nan,nan,nan,nan,nan,nan,nan,nan,nan,nan,nan,nan,nan,nan,nan,nan,nan,0.0100078583,0.5999667645,inf,0.0099773407,inf,inf,inf,0.0200312138,0.0599572659,inf,inf,inf,inf,inf,inf,inf,1583
1779239083.7815008163,-0.0262262523,-0.0589734875,0.1574581563,-0.0526134509,-0.0081542141,0.0057516128,3.1670000553,nan,nan,-0.1000000015,0.0000000000,0.7599999905,0.0000000000,nan,nan,nan,nan,nan,nan,nan,nan,nan,nan,nan,nan,-0.0495814309,0.1156877130,0.8037375808,-3.6734569073,-4.6793289185,0.0000000000,nan,nan,nan,nan,nan,nan,nan,nan,nan,nan,nan,nan,nan,nan,nan,nan,nan,nan,nan,nan,nan,0.0200071335,0.6099660397,inf,0.0199766159,inf,inf,inf,0.0300304890,0.0699565411,inf,inf,inf,inf,inf,inf,inf,1583
1779239083.7915403843,-0.0262262523,-0.0589734875,0.1574581563,-0.0526134509,-0.0081542141,0.0057516128,3.1670000553,nan,nan,-0.1000000015,0.0000000000,0.7599999905,0.0000000000,nan,nan,nan,nan,nan,nan,nan,nan,nan,nan,nan,nan,-0.0495814309,0.1156877130,0.8037375808,-3.6734569073,-4.6793289185,0.0000000000,nan,nan,nan,nan,nan,nan,nan,nan,nan,nan,nan,nan,nan,nan,nan,nan,nan,nan,nan,nan,nan,0.0300467014,0.6200056076,inf,0.0300161839,inf,inf,inf,0.0400700569,0.0799961090,inf,inf,inf,inf,inf,inf,inf,1583
1779239083.8015010357,-0.0262262523,-0.0589734875,0.1574581563,-0.0526134509,-0.0081542141,0.0057516128,3.1670000553,nan,nan,-0.1000000015,0.0000000000,0.7599999905,0.0000000000,nan,nan,nan,nan,nan,nan,nan,nan,nan,nan,nan,nan,-0.0495814309,0.1156877130,0.8037375808,-3.6734569073,-4.6793289185,0.0000000000,nan,nan,nan,nan,nan,nan,nan,nan,nan,nan,nan,nan,nan,nan,nan,nan,nan,nan,nan,nan,nan,0.0400073528,0.6299662590,inf,0.0399768353,inf,inf,inf,0.0500307083,0.0899567604,inf,inf,inf,inf,inf,inf,inf,1583
1779239083.8115515709,-0.0445652753,-0.0629877076,0.1587879062,-0.0470637454,-0.0025714399,0.0083654752,3.1670000553,nan,nan,-0.1000000015,0.0000000000,0.7599999905,0.0000000000,nan,nan,nan,nan,nan,nan,nan,nan,nan,nan,nan,nan,-0.0495814309,0.1156877130,0.8037375808,-2.8835084438,-5.8863973618,0.0000000000,nan,nan,nan,nan,nan,nan,nan,nan,nan,nan,nan,nan,nan,nan,nan,nan,nan,nan,nan,nan,nan,0.0000805855,0.6400167942,inf,0.0000486374,inf,inf,inf,0.0600812435,0.0000166893,inf,inf,inf,inf,inf,inf,inf,1583
1779239083.8223974705,-0.0445652753,-0.0629877076,0.1587879062,-0.0470637454,-0.0025714399,0.0083654752,3.1670000553,nan,nan,-0.1000000015,0.0000000000,0.7599999905,0.0000000000,nan,nan,nan,nan,nan,nan,nan,nan,nan,nan,nan,nan,-0.0495814309,0.1156877130,0.8037375808,-2.8835084438,-5.8863973618,0.0000000000,nan,nan,nan,nan,nan,nan,nan,nan,nan,nan,nan,nan,nan,nan,nan,nan,nan,nan,nan,nan,nan,0.0109264851,0.6508626938,inf,0.0108945370,inf,inf,inf,0.0709271431,0.0108625889,inf,inf,inf,inf,inf,inf,inf,1583
1779239083.8315451145,-0.0445652753,-0.0629877076,0.1587879062,-0.0470637454,-0.0025714399,0.0083654752,3.1670000553,nan,nan,-0.1000000015,0.0000000000,0.7599999905,0.0000000000,nan,nan,nan,nan,nan,nan,nan,nan,nan,nan,nan,nan,-0.0495814309,0.1156877130,0.8037375808,-2.8835084438,-5.8863973618,0.0000000000,nan,nan,nan,nan,nan,nan,nan,nan,nan,nan,nan,nan,nan,nan,nan,nan,nan,nan,nan,nan,nan,0.0200741291,0.6600103378,inf,0.0200421810,inf,inf,inf,0.0800747871,0.0200102329,inf,inf,inf,inf,inf,inf,inf,1583
1779239083.8416059017,-0.0445652753,-0.0629877076,0.1587879062,-0.0470637454,-0.0025714399,0.0083654752,3.1670000553,nan,nan,-0.1000000015,0.0000000000,0.7599999905,0.0000000000,nan,nan,nan,nan,nan,nan,nan,nan,nan,nan,nan,nan,-0.0495814309,0.1156877130,0.8037375808,-2.8835084438,-5.8863973618,0.0000000000,nan,nan,nan,nan,nan,nan,nan,nan,nan,nan,nan,nan,nan,nan,nan,nan,nan,nan,nan,nan,nan,0.0301349163,0.6700711250,inf,0.0301029682,inf,inf,inf,0.0901355743,0.0300710201,inf,inf,inf,inf,inf,inf,inf,1583
1779239083.8515577316,-0.0445652753,-0.0629877076,0.1587879062,-0.0470637454,-0.0025714399,0.0083654752,3.1670000553,nan,nan,-0.1000000015,0.0000000000,0.7599999905,0.0000000000,nan,nan,nan,nan,nan,nan,nan,nan,nan,nan,nan,nan,-0.0495814309,0.1156877130,0.8037375808,-2.8835084438,-5.8863973618,0.0000000000,nan,nan,nan,nan,nan,nan,nan,nan,nan,nan,nan,nan,nan,nan,nan,nan,nan,nan,nan,nan,nan,0.0400867462,0.6800229549,inf,0.0400547981,inf,inf,inf,0.1000874043,0.0400228500,inf,inf,inf,inf,inf,inf,inf,1583
1779239083.8615996838,-0.0644106045,-0.0655621663,0.1608112007,-0.0414932605,0.0057061858,0.0081860666,3.1670000553,nan,nan,-0.1000000015,0.0000000000,0.7599999905,0.0000000000,nan,nan,nan,nan,nan,nan,nan,nan,nan,nan,nan,nan,0.0091808736,0.1182828918,1.1000000238,-2.8835084438,-5.8863973618,0.0000000000,nan,nan,nan,nan,nan,nan,nan,nan,nan,nan,nan,nan,nan,nan,nan,nan,nan,nan,nan,nan,nan,0.0000915527,0.6900649071,inf,0.0000562668,inf,inf,inf,0.0000188351,0.0500648022,inf,inf,inf,inf,inf,inf,inf,1583
1779239083.8715345860,-0.0644106045,-0.0655621663,0.1608112007,-0.0414932605,0.0057061858,0.0081860666,3.1670000553,nan,nan,-0.1000000015,0.0000000000,0.7599999905,0.0000000000,nan,nan,nan,nan,nan,nan,nan,nan,nan,nan,nan,nan,0.0091808736,0.1182828918,1.1000000238,-2.8835084438,-5.8863973618,0.0000000000,nan,nan,nan,nan,nan,nan,nan,nan,nan,nan,nan,nan,nan,nan,nan,nan,nan,nan,nan,nan,nan,0.0100264549,0.6999998093,inf,0.0099911690,inf,inf,inf,0.0099537373,0.0599997044,inf,inf,inf,inf,inf,inf,inf,1583
1779239083.8815467358,-0.0644106045,-0.0655621663,0.1608112007,-0.0414932605,0.0057061858,0.0081860666,3.1670000553,nan,nan,-0.1000000015,0.0000000000,0.7599999905,0.0000000000,nan,nan,nan,nan,nan,nan,nan,nan,nan,nan,nan,nan,0.0091808736,0.1182828918,1.1000000238,-2.8835084438,-5.8863973618,0.0000000000,nan,nan,nan,nan,nan,nan,nan,nan,nan,nan,nan,nan,nan,nan,nan,nan,nan,nan,nan,nan,nan,0.0200386047,0.7100119591,inf,0.0200033188,inf,inf,inf,0.0199658871,0.0700118542,inf,inf,inf,inf,inf,inf,inf,1583
1779239083.8915641308,-0.0644106045,-0.0655621663,0.1608112007,-0.0414932605,0.0057061858,0.0081860666,3.1670000553,nan,nan,-0.1000000015,0.0000000000,0.7599999905,0.0000000000,nan,nan,nan,nan,nan,nan,nan,nan,nan,nan,nan,nan,0.0091808736,0.1182828918,1.1000000238,-2.8835084438,-5.8863973618,0.0000000000,nan,nan,nan,nan,nan,nan,nan,nan,nan,nan,nan,nan,nan,nan,nan,nan,nan,nan,nan,nan,nan,0.0300559998,0.7200293541,inf,0.0300207138,inf,inf,inf,0.0299832821,0.0800292492,inf,inf,inf,inf,inf,inf,inf,1583
1779239083.9015173912,-0.0644106045,-0.0655621663,0.1608112007,-0.0414932605,0.0057061858,0.0081860666,3.1670000553,nan,nan,-0.1000000015,0.0000000000,0.7599999905,0.0000000000,nan,nan,nan,nan,nan,nan,nan,nan,nan,nan,nan,nan,0.0091808736,0.1182828918,1.1000000238,-2.8835084438,-5.8863973618,0.0000000000,nan,nan,nan,nan,nan,nan,nan,nan,nan,nan,nan,nan,nan,nan,nan,nan,nan,nan,nan,nan,nan,0.0400092602,0.7299826145,inf,0.0399739742,inf,inf,inf,0.0399365425,0.0899825096,inf,inf,inf,inf,inf,inf,inf,1583
1779239083.9115846157,-0.0606341884,-0.0890291259,0.1675750613,-0.0497612166,0.0113423683,0.0107915603,3.1670000553,nan,nan,-0.1000000015,0.0000000000,0.7599999905,0.0000000000,nan,nan,nan,nan,nan,nan,nan,nan,nan,nan,nan,nan,0.0091808736,0.1182828918,1.1000000238,-3.8880586624,-5.8253030777,0.0000000000,nan,nan,nan,nan,nan,nan,nan,nan,nan,nan,nan,nan,nan,nan,nan,nan,nan,nan,nan,nan,nan,0.0000910759,0.7400498390,inf,0.0000553131,inf,inf,inf,0.0500037670,0.0000193119,inf,inf,inf,inf,inf,inf,inf,1583
1779239083.9215428829,-0.0606341884,-0.0890291259,0.1675750613,-0.0497612166,0.0113423683,0.0107915603,3.1670000553,nan,nan,-0.1000000015,0.0000000000,0.7599999905,0.0000000000,nan,nan,nan,nan,nan,nan,nan,nan,nan,nan,nan,nan,0.0091808736,0.1182828918,1.1000000238,-3.8880586624,-5.8253030777,0.0000000000,nan,nan,nan,nan,nan,nan,nan,nan,nan,nan,nan,nan,nan,nan,nan,nan,nan,nan,nan,nan,nan,0.0100493431,0.7500081062,inf,0.0100135803,inf,inf,inf,0.0599620342,0.0099775791,inf,inf,inf,inf,inf,inf,inf,1583
1779239083.9314911366,-0.0606341884,-0.0890291259,0.1675750613,-0.0497612166,0.0113423683,0.0107915603,3.1670000553,nan,nan,-0.1000000015,0.0000000000,0.7599999905,0.0000000000,nan,nan,nan,nan,nan,nan,nan,nan,nan,nan,nan,nan,0.0091808736,0.1182828918,1.1000000238,-3.8880586624,-5.8253030777,0.0000000000,nan,nan,nan,nan,nan,nan,nan,nan,nan,nan,nan,nan,nan,nan,nan,nan,nan,nan,nan,nan,nan,0.0199975967,0.7599563599,inf,0.0199618340,inf,inf,inf,0.0699102879,0.0199258327,inf,inf,inf,inf,inf,inf,inf,1583
1779239083.9414961338,-0.0606341884,-0.0890291259,0.1675750613,-0.0497612166,0.0113423683,0.0107915603,3.1670000553,nan,nan,-0.1000000015,0.0000000000,0.7599999905,0.0000000000,nan,nan,nan,nan,nan,nan,nan,nan,nan,nan,nan,nan,0.0091808736,0.1182828918,1.1000000238,-3.8880586624,-5.8253030777,0.0000000000,nan,nan,nan,nan,nan,nan,nan,nan,nan,nan,nan,nan,nan,nan,nan,nan,nan,nan,nan,nan,nan,0.0300025940,0.7699613571,inf,0.0299668312,inf,inf,inf,0.0799152851,0.0299308300,inf,inf,inf,inf,inf,inf,inf,1583
1779239083.9515130520,-0.0606341884,-0.0890291259,0.1675750613,-0.0497612166,0.0113423683,0.0107915603,3.1670000553,nan,nan,-0.1000000015,0.0000000000,0.7599999905,0.0000000000,nan,nan,nan,nan,nan,nan,nan,nan,nan,nan,nan,nan,0.0184444077,0.1707725227,1.1000000238,-3.8880586624,-5.8253030777,0.0000000000,nan,nan,nan,nan,nan,nan,nan,nan,nan,nan,nan,nan,nan,nan,nan,nan,nan,nan,nan,nan,nan,0.0400195122,0.7799782753,inf,0.0399837494,inf,inf,inf,0.0000219345,0.0399477482,inf,inf,inf,inf,inf,inf,inf,1583
1779239083.9615056515,-0.0776323602,-0.0933245793,0.1716426164,-0.0775093737,0.0004289199,0.0110619092,3.1670000553,nan,nan,-0.1000000015,0.0000000000,0.7599999905,0.0000000000,nan,nan,nan,nan,nan,nan,nan,nan,nan,nan,nan,nan,0.0184444077,0.1707725227,1.1000000238,-3.8880586624,-5.8253030777,0.0000000000,nan,nan,nan,nan,nan,nan,nan,nan,nan,nan,nan,nan,nan,nan,nan,nan,nan,nan,nan,nan,nan,0.0000450611,0.7899708748,inf,0.0000164509,inf,inf,inf,0.0100145340,0.0499403477,inf,inf,inf,inf,inf,inf,inf,1583
1779239083.9714720249,-0.0776323602,-0.0933245793,0.1716426164,-0.0775093737,0.0004289199,0.0110619092,3.1670000553,nan,nan,-0.1000000015,0.0000000000,0.7599999905,0.0000000000,nan,nan,nan,nan,nan,nan,nan,nan,nan,nan,nan,nan,0.0184444077,0.1707725227,1.1000000238,-3.8880586624,-5.8253030777,0.0000000000,nan,nan,nan,nan,nan,nan,nan,nan,nan,nan,nan,nan,nan,nan,nan,nan,nan,nan,nan,nan,nan,0.0100114346,0.7999372482,inf,0.0099828243,inf,inf,inf,0.0199809074,0.0599067211,inf,inf,inf,inf,inf,inf,inf,1583
1779239083.9814920425,-0.0776323602,-0.0933245793,0.1716426164,-0.0775093737,0.0004289199,0.0110619092,3.1670000553,nan,nan,-0.1000000015,0.0000000000,0.7599999905,0.0000000000,nan,nan,nan,nan,nan,nan,nan,nan,nan,nan,nan,nan,0.0184444077,0.1707725227,1.1000000238,-3.8880586624,-5.8253030777,0.0000000000,nan,nan,nan,nan,nan,nan,nan,nan,nan,nan,nan,nan,nan,nan,nan,nan,nan,nan,nan,nan,nan,0.0200314522,0.8099572659,inf,0.0200028419,inf,inf,inf,0.0300009251,0.0699267387,inf,inf,inf,inf,inf,inf,inf,1583
1779239083.9914655685,-0.0776323602,-0.0933245793,0.1716426164,-0.0775093737,0.0004289199,0.0110619092,3.1670000553,nan,nan,-0.1000000015,0.0000000000,0.7599999905,0.0000000000,nan,nan,nan,nan,nan,nan,nan,nan,nan,nan,nan,nan,0.0184444077,0.1707725227,1.1000000238,-3.8880586624,-5.8253030777,0.0000000000,nan,nan,nan,nan,nan,nan,nan,nan,nan,nan,nan,nan,nan,nan,nan,nan,nan,nan,nan,nan,nan,0.0300049782,0.8199307919,inf,0.0299763680,inf,inf,inf,0.0399744511,0.0799002647,inf,inf,inf,inf,inf,inf,inf,1583
1779239084.0014553070,-0.0776323602,-0.0933245793,0.1716426164,-0.0775093737,0.0004289199,0.0110619092,3.1670000553,nan,nan,-0.1000000015,0.0000000000,0.7599999905,0.0000000000,nan,nan,nan,nan,nan,nan,nan,nan,nan,nan,nan,nan,0.0184444077,0.1707725227,1.1000000238,-3.8880586624,-5.8253030777,0.0000000000,nan,nan,nan,nan,nan,nan,nan,nan,nan,nan,nan,nan,nan,nan,nan,nan,nan,nan,nan,nan,nan,0.0399947166,0.8299205303,inf,0.0399661064,inf,inf,inf,0.0499641895,0.0898900032,inf,inf,inf,inf,inf,inf,inf,1583
1779239084.0114667416,-0.0959615633,-0.0957163349,0.1764801145,-0.0663531105,0.0224041769,0.0075641421,3.1670000553,nan,nan,-0.1000000015,0.0000000000,0.7599999905,0.0000000000,nan,nan,nan,nan,nan,nan,nan,nan,nan,nan,nan,nan,0.0184444077,0.1707725227,1.1000000238,-2.8724334240,-6.1256794930,0.0000000000,nan,nan,nan,nan,nan,nan,nan,nan,nan,nan,nan,nan,nan,nan,nan,nan,nan,nan,nan,nan,nan,0.0000464916,0.8399319649,inf,0.0000276566,inf,inf,inf,0.0599756241,0.0000092983,inf,inf,inf,inf,inf,inf,inf,1583
1779239084.0214312077,-0.0959615633,-0.0957163349,0.1764801145,-0.0663531105,0.0224041769,0.0075641421,3.1670000553,nan,nan,-0.1000000015,0.0000000000,0.7599999905,0.0000000000,nan,nan,nan,nan,nan,nan,nan,nan,nan,nan,nan,nan,0.0184444077,0.1707725227,1.1000000238,-2.8724334240,-6.1256794930,0.0000000000,nan,nan,nan,nan,nan,nan,nan,nan,nan,nan,nan,nan,nan,nan,nan,nan,nan,nan,nan,nan,nan,0.0100109577,0.8498964310,inf,0.0099921227,inf,inf,inf,0.0699400902,0.0099737644,inf,inf,inf,inf,inf,inf,inf,1583
1779239084.0314242840,-0.0959615633,-0.0957163349,0.1764801145,-0.0663531105,0.0224041769,0.0075641421,3.1670000553,nan,nan,-0.1000000015,0.0000000000,0.7599999905,0.0000000000,nan,nan,nan,nan,nan,nan,nan,nan,nan,nan,nan,nan,0.0184444077,0.1707725227,1.1000000238,-2.8724334240,-6.1256794930,0.0000000000,nan,nan,nan,nan,nan,nan,nan,nan,nan,nan,nan,nan,nan,nan,nan,nan,nan,nan,nan,nan,nan,0.0200040340,0.8598895073,inf,0.0199851990,inf,inf,inf,0.0799331665,0.0199668407,inf,inf,inf,inf,inf,inf,inf,1583
1779239084.0414578915,-0.0959615633,-0.0957163349,0.1764801145,-0.0663531105,0.0224041769,0.0075641421,3.1670000553,nan,nan,-0.1000000015,0.0000000000,0.7599999905,0.0000000000,nan,nan,nan,nan,nan,nan,nan,nan,nan,nan,nan,nan,0.0184444077,0.1707725227,1.1000000238,-2.8724334240,-6.1256794930,0.0000000000,nan,nan,nan,nan,nan,nan,nan,nan,nan,nan,nan,nan,nan,nan,nan,nan,nan,nan,nan,nan,nan,0.0300376415,0.8699231148,inf,0.0300188065,inf,inf,inf,0.0899667740,0.0300004482,inf,inf,inf,inf,inf,inf,inf,1583
1779239084.0514140129,-0.0959615633,-0.0957163349,0.1764801145,-0.0663531105,0.0224041769,0.0075641421,3.1670000553,nan,nan,-0.1000000015,0.0000000000,0.7599999905,0.0000000000,nan,nan,nan,nan,nan,nan,nan,nan,nan,nan,nan,nan,0.0698310211,0.1645241827,1.1000000238,-2.8724334240,-6.1256794930,0.0000000000,nan,nan,nan,nan,nan,nan,nan,nan,nan,nan,nan,nan,nan,nan,nan,nan,nan,nan,nan,nan,nan,0.0399937630,0.8798792362,inf,0.0399749279,inf,inf,inf,0.0000109673,0.0399565697,inf,inf,inf,inf,inf,inf,inf,1583
1779239084.0616848469,-0.1144899949,-0.0960888788,0.1814920455,-0.0580710103,0.0250587908,0.0048100206,3.1670000553,nan,nan,-0.1000000015,0.0000000000,0.7599999905,0.0000000000,nan,nan,nan,nan,nan,nan,nan,nan,nan,nan,nan,nan,0.0698310211,0.1645241827,1.1000000238,-2.8724334240,-6.1256794930,0.0000000000,nan,nan,nan,nan,nan,nan,nan,nan,nan,nan,nan,nan,nan,nan,nan,nan,nan,nan,nan,nan,nan,0.0000579357,0.8901500702,inf,0.0000224113,inf,inf,inf,0.0102818012,0.0502274036,inf,inf,inf,inf,inf,inf,inf,1583
1779239084.0715456009,-0.1144899949,-0.0960888788,0.1814920455,-0.0580710103,0.0250587908,0.0048100206,3.1670000553,nan,nan,-0.1000000015,0.0000000000,0.7599999905,0.0000000000,nan,nan,nan,nan,nan,nan,nan,nan,nan,nan,nan,nan,0.0698310211,0.1645241827,1.1000000238,-2.8724334240,-6.1256794930,0.0000000000,nan,nan,nan,nan,nan,nan,nan,nan,nan,nan,nan,nan,nan,nan,nan,nan,nan,nan,nan,nan,nan,0.0099186897,0.9000108242,inf,0.0098831654,inf,inf,inf,0.0201425552,0.0600881577,inf,inf,inf,inf,inf,inf,inf,1583
1779239084.0815231800,-0.1144899949,-0.0960888788,0.1814920455,-0.0580710103,0.0250587908,0.0048100206,3.1670000553,nan,nan,-0.1000000015,0.0000000000,0.7599999905,0.0000000000,nan,nan,nan,nan,nan,nan,nan,nan,nan,nan,nan,nan,0.0698310211,0.1645241827,1.1000000238,-2.8724334240,-6.1256794930,0.0000000000,nan,nan,nan,nan,nan,nan,nan,nan,nan,nan,nan,nan,nan,nan,nan,nan,nan,nan,nan,nan,nan,0.0198962688,0.9099884033,inf,0.0198607445,inf,inf,inf,0.0301201344,0.0700657368,inf,inf,inf,inf,inf,inf,inf,1583
1779239084.0915086269,-0.1144899949,-0.0960888788,0.1814920455,-0.0580710103,0.0250587908,0.0048100206,3.1670000553,nan,nan,-0.1000000015,0.0000000000,0.7599999905,0.0000000000,nan,nan,nan,nan,nan,nan,nan,nan,nan,nan,nan,nan,0.0698310211,0.1645241827,1.1000000238,-2.8724334240,-6.1256794930,0.0000000000,nan,nan,nan,nan,nan,nan,nan,nan,nan,nan,nan,nan,nan,nan,nan,nan,nan,nan,nan,nan,nan,0.0298817158,0.9199738503,inf,0.0298461914,inf,inf,inf,0.0401055813,0.0800511837,inf,inf,inf,inf,inf,inf,inf,1583
1779239084.1015026569,-0.1144899949,-0.0960888788,0.1814920455,-0.0580710103,0.0250587908,0.0048100206,3.1670000553,nan,nan,-0.1000000015,0.0000000000,0.7599999905,0.0000000000,nan,nan,nan,nan,nan,nan,nan,nan,nan,nan,nan,nan,0.0698310211,0.1645241827,1.1000000238,-2.8724334240,-6.1256794930,0.0000000000,nan,nan,nan,nan,nan,nan,nan,nan,nan,nan,nan,nan,nan,nan,nan,nan,nan,nan,nan,nan,nan,0.0398757458,0.9299678802,inf,0.0398402214,inf,inf,inf,0.0500996113,0.0900452137,inf,inf,inf,inf,inf,inf,inf,1583
1779239084.1115760803,-0.1333302557,-0.0946782827,0.1868273020,-0.0552927618,0.0305856015,0.0046919899,3.1670000553,nan,nan,-0.1000000015,0.0000000000,0.7599999905,0.0000000000,nan,nan,nan,nan,nan,nan,nan,nan,nan,nan,nan,nan,0.0698310211,0.1645241827,1.1000000238,-1.3982528448,-6.7327766418,0.0000000000,nan,nan,nan,nan,nan,nan,nan,nan,nan,nan,nan,nan,nan,nan,nan,nan,nan,nan,nan,nan,nan,0.0000829697,0.9400413036,inf,0.0000507832,inf,inf,inf,0.0601730347,0.0000185966,inf,inf,inf,inf,inf,inf,inf,1583
1779239084.1215059757,-0.1333302557,-0.0946782827,0.1868273020,-0.0552927618,0.0305856015,0.0046919899,3.1670000553,nan,nan,-0.1000000015,0.0000000000,0.7599999905,0.0000000000,nan,nan,nan,nan,nan,nan,nan,nan,nan,nan,nan,nan,0.0698310211,0.1645241827,1.1000000238,-1.3982528448,-6.7327766418,0.0000000000,nan,nan,nan,nan,nan,nan,nan,nan,nan,nan,nan,nan,nan,nan,nan,nan,nan,nan,nan,nan,nan,0.0100128651,0.9499711990,inf,0.0099806786,inf,inf,inf,0.0701029301,0.0099484921,inf,inf,inf,inf,inf,inf,inf,1583
1779239084.1315076351,-0.1333302557,-0.0946782827,0.1868273020,-0.0552927618,0.0305856015,0.0046919899,3.1670000553,nan,nan,-0.1000000015,0.0000000000,0.7599999905,0.0000000000,nan,nan,nan,nan,nan,nan,nan,nan,nan,nan,nan,nan,0.0698310211,0.1645241827,1.1000000238,-1.3982528448,-6.7327766418,0.0000000000,nan,nan,nan,nan,nan,nan,nan,nan,nan,nan,nan,nan,nan,nan,nan,nan,nan,nan,nan,nan,nan,0.0200145245,0.9599728584,inf,0.0199823380,inf,inf,inf,0.0801045895,0.0199501514,inf,inf,inf,inf,inf,inf,inf,1583
1779239084.1415483952,-0.1333302557,-0.0946782827,0.1868273020,-0.0552927618,0.0305856015,0.0046919899,3.1670000553,nan,nan,-0.1000000015,0.0000000000,0.7599999905,0.0000000000,nan,nan,nan,nan,nan,nan,nan,nan,nan,nan,nan,nan,0.0698310211,0.1645241827,1.1000000238,-1.3982528448,-6.7327766418,0.0000000000,nan,nan,nan,nan,nan,nan,nan,nan,nan,nan,nan,nan,nan,nan,nan,nan,nan,nan,nan,nan,nan,0.0300552845,0.9700136185,inf,0.0300230980,inf,inf,inf,0.0901453495,0.0299909115,inf,inf,inf,inf,inf,inf,inf,1583
1779239084.1515364647,-0.1333302557,-0.0946782827,0.1868273020,-0.0552927618,0.0305856015,0.0046919899,3.1670000553,nan,nan,-0.1000000015,0.0000000000,0.7599999905,0.0000000000,nan,nan,nan,nan,nan,nan,nan,nan,nan,nan,nan,nan,0.1193897575,0.1485543251,1.1000000238,-1.3982528448,-6.7327766418,0.0000000000,nan,nan,nan,nan,nan,nan,nan,nan,nan,nan,nan,nan,nan,nan,nan,nan,nan,nan,nan,nan,nan,0.0400433540,0.9800016880,inf,0.0400111675,inf,inf,inf,0.0000207424,0.0399789810,inf,inf,inf,inf,inf,inf,inf,1583
1779239084.1615080833,-0.1523303688,-0.0915484130,0.1925441623,-0.0415362624,0.0359722177,-0.0007472637,3.1670000553,nan,nan,-0.1000000015,0.0000000000,0.7599999905,0.0000000000,nan,nan,nan,nan,nan,nan,nan,nan,nan,nan,nan,nan,0.1193897575,0.1485543251,1.1000000238,-1.3982528448,-6.7327766418,0.0000000000,nan,nan,nan,nan,nan,nan,nan,nan,nan,nan,nan,nan,nan,nan,nan,nan,nan,nan,nan,nan,nan,0.0000491142,0.9899733067,inf,0.0000166893,inf,inf,inf,0.0099923611,0.0499505997,inf,inf,inf,inf,inf,inf,inf,1583
1779239084.1714768410,-0.1523303688,-0.0915484130,0.1925441623,-0.0415362624,0.0359722177,-0.0007472637,3.0610001087,nan,nan,-0.1000000015,0.0000000000,0.7599999905,0.0000000000,nan,nan,nan,nan,nan,nan,nan,nan,nan,nan,nan,nan,0.1193897575,0.1485543251,1.1000000238,-1.3982528448,-6.7327766418,0.0000000000,nan,nan,nan,nan,nan,nan,nan,nan,nan,nan,nan,nan,nan,nan,nan,nan,nan,nan,nan,nan,nan,0.0100178719,0.0000185966,inf,0.0099854469,inf,inf,inf,0.0199611187,0.0599193573,inf,inf,inf,inf,inf,inf,inf,1583
1779239084.1814727783,-0.1523303688,-0.0915484130,0.1925441623,-0.0415362624,0.0359722177,-0.0007472637,3.0610001087,nan,nan,-0.1000000015,0.0000000000,0.7599999905,0.0000000000,nan,nan,nan,nan,nan,nan,nan,nan,nan,nan,nan,nan,0.1193897575,0.1485543251,1.1000000238,-1.3982528448,-6.7327766418,0.0000000000,nan,nan,nan,nan,nan,nan,nan,nan,nan,nan,nan,nan,nan,nan,nan,nan,nan,nan,nan,nan,nan,0.0200138092,0.0100145340,inf,0.0199813843,inf,inf,inf,0.0299570560,0.0699152946,inf,inf,inf,inf,inf,inf,inf,1583
1779239084.1914651394,-0.1523303688,-0.0915484130,0.1925441623,-0.0415362624,0.0359722177,-0.0007472637,3.0610001087,nan,nan,-0.1000000015,0.0000000000,0.7599999905,0.0000000000,nan,nan,nan,nan,nan,nan,nan,nan,nan,nan,nan,nan,0.1193897575,0.1485543251,1.1000000238,-1.3982528448,-6.7327766418,0.0000000000,nan,nan,nan,nan,nan,nan,nan,nan,nan,nan,nan,nan,nan,nan,nan,nan,nan,nan,nan,nan,nan,0.0300061703,0.0200068951,inf,0.0299737453,inf,inf,inf,0.0399494171,0.0799076557,inf,inf,inf,inf,inf,inf,inf,1583
1779239084.2014484406,-0.1523303688,-0.0915484130,0.1925441623,-0.0415362624,0.0359722177,-0.0007472637,3.0610001087,nan,nan,-0.1000000015,0.0000000000,0.7599999905,0.0000000000,nan,nan,nan,nan,nan,nan,nan,nan,nan,nan,nan,nan,0.1193897575,0.1485543251,1.1000000238,-1.3982528448,-6.7327766418,0.0000000000,nan,nan,nan,nan,nan,nan,nan,nan,nan,nan,nan,nan,nan,nan,nan,nan,nan,nan,nan,nan,nan,0.0399894714,0.0299901962,inf,0.0399570465,inf,inf,inf,0.0499327183,0.0898909569,inf,inf,inf,inf,inf,inf,inf,1583
1779239084.2114751339,-0.1713124812,-0.0869520009,0.1986463368,-0.0332909291,0.0414643348,-0.0034588761,3.0610001087,nan,nan,-0.1000000015,0.0000000000,0.7599999905,0.0000000000,nan,nan,nan,nan,nan,nan,nan,nan,nan,nan,nan,nan,0.1193897575,0.1485543251,1.1000000238,-0.0838358402,-7.2492432594,0.0000000000,nan,nan,nan,nan,nan,nan,nan,nan,nan,nan,nan,nan,nan,nan,nan,nan,nan,nan,nan,nan,nan,0.0000498295,0.0400168896,inf,0.0000276566,inf,inf,inf,0.0599594116,0.0000092983,inf,inf,inf,inf,inf,inf,inf,1583
1779239084.2214641571,-0.1713124812,-0.0869520009,0.1986463368,-0.0332909291,0.0414643348,-0.0034588761,3.0610001087,nan,nan,-0.1000000015,0.0000000000,0.7599999905,0.0000000000,nan,nan,nan,nan,nan,nan,nan,nan,nan,nan,nan,nan,0.1193897575,0.1485543251,1.1000000238,-0.0838358402,-7.2492432594,0.0000000000,nan,nan,nan,nan,nan,nan,nan,nan,nan,nan,nan,nan,nan,nan,nan,nan,nan,nan,nan,nan,nan,0.0100388527,0.0500059128,inf,0.0100166798,inf,inf,inf,0.0699484348,0.0099983215,inf,inf,inf,inf,inf,inf,inf,1583
1779239084.2314572334,-0.1713124812,-0.0869520009,0.1986463368,-0.0332909291,0.0414643348,-0.0034588761,3.0610001087,nan,nan,-0.1000000015,0.0000000000,0.7599999905,0.0000000000,nan,nan,nan,nan,nan,nan,nan,nan,nan,nan,nan,nan,0.1193897575,0.1485543251,1.1000000238,-0.0838358402,-7.2492432594,0.0000000000,nan,nan,nan,nan,nan,nan,nan,nan,nan,nan,nan,nan,nan,nan,nan,nan,nan,nan,nan,nan,nan,0.0200319290,0.0599989891,inf,0.0200097561,inf,inf,inf,0.0799415112,0.0199913979,inf,inf,inf,inf,inf,inf,inf,1583
1779239084.2414743900,-0.1713124812,-0.0869520009,0.1986463368,-0.0332909291,0.0414643348,-0.0034588761,3.0610001087,nan,nan,-0.1000000015,0.0000000000,0.7599999905,0.0000000000,nan,nan,nan,nan,nan,nan,nan,nan,nan,nan,nan,nan,0.1193897575,0.1485543251,1.1000000238,-0.0838358402,-7.2492432594,0.0000000000,nan,nan,nan,nan,nan,nan,nan,nan,nan,nan,nan,nan,nan,nan,nan,nan,nan,nan,nan,nan,nan,0.0300490856,0.0700161457,inf,0.0300269127,inf,inf,inf,0.0899586678,0.0300085545,inf,inf,inf,inf,inf,inf,inf,1583
1779239084.2514619827,-0.1713124812,-0.0869520009,0.1986463368,-0.0332909291,0.0414643348,-0.0034588761,3.0610001087,nan,nan,-0.1000000015,0.0000000000,0.7599999905,0.0000000000,nan,nan,nan,nan,nan,nan,nan,nan,nan,nan,nan,nan,0.1672191173,0.1252507865,1.0941572189,-0.0838358402,-7.2492432594,0.0000000000,nan,nan,nan,nan,nan,nan,nan,nan,nan,nan,nan,nan,nan,nan,nan,nan,nan,nan,nan,nan,nan,0.0400366783,0.0800037384,inf,0.0400145054,inf,inf,inf,0.0000140667,0.0399961472,inf,inf,inf,inf,inf,inf,inf,1583
1779239084.2614552975,-0.1900703162,-0.0811126754,0.2048776001,-0.0222796298,0.0442200568,-0.0060294899,3.0610001087,nan,nan,-0.1000000015,0.0000000000,0.7599999905,0.0000000000,nan,nan,nan,nan,nan,nan,nan,nan,nan,nan,nan,nan,0.1672191173,0.1252507865,1.0941572189,-0.0838358402,-7.2492432594,0.0000000000,nan,nan,nan,nan,nan,nan,nan,nan,nan,nan,nan,nan,nan,nan,nan,nan,nan,nan,nan,nan,nan,0.0000278950,0.0899970531,inf,0.0000100136,inf,inf,inf,0.0100073814,0.0499894619,inf,inf,inf,inf,inf,inf,inf,1583
1779239084.2714991570,-0.1900703162,-0.0811126754,0.2048776001,-0.0222796298,0.0442200568,-0.0060294899,3.0610001087,nan,nan,-0.1000000015,0.0000000000,0.7599999905,0.0000000000,nan,nan,nan,nan,nan,nan,nan,nan,nan,nan,nan,nan,0.1672191173,0.1252507865,1.0941572189,-0.0838358402,-7.2492432594,0.0000000000,nan,nan,nan,nan,nan,nan,nan,nan,nan,nan,nan,nan,nan,nan,nan,nan,nan,nan,nan,nan,nan,0.0100717545,0.1000409126,inf,0.0100538731,inf,inf,inf,0.0200512409,0.0600333214,inf,inf,inf,inf,inf,inf,inf,1583
1779239084.2815279961,-0.1900703162,-0.0811126754,0.2048776001,-0.0222796298,0.0442200568,-0.0060294899,3.0610001087,nan,nan,-0.1000000015,0.0000000000,0.7599999905,0.0000000000,nan,nan,nan,nan,nan,nan,nan,nan,nan,nan,nan,nan,0.1672191173,0.1252507865,1.0941572189,-0.0838358402,-7.2492432594,0.0000000000,nan,nan,nan,nan,nan,nan,nan,nan,nan,nan,nan,nan,nan,nan,nan,nan,nan,nan,nan,nan,nan,0.0201005936,0.1100697517,inf,0.0200827122,inf,inf,inf,0.0300800800,0.0700621605,inf,inf,inf,inf,inf,inf,inf,1583
1779239084.2915158272,-0.1900703162,-0.0811126754,0.2048776001,-0.0222796298,0.0442200568,-0.0060294899,3.0610001087,nan,nan,-0.1000000015,0.0000000000,0.7599999905,0.0000000000,nan,nan,nan,nan,nan,nan,nan,nan,nan,nan,nan,nan,0.1672191173,0.1252507865,1.0941572189,-0.0838358402,-7.2492432594,0.0000000000,nan,nan,nan,nan,nan,nan,nan,nan,nan,nan,nan,nan,nan,nan,nan,nan,nan,nan,nan,nan,nan,0.0300884247,0.1200575829,inf,0.0300705433,inf,inf,inf,0.0400679111,0.0800499916,inf,inf,inf,inf,inf,inf,inf,1583
1779239084.3015117645,-0.1900703162,-0.0811126754,0.2048776001,-0.0222796298,0.0442200568,-0.0060294899,3.0610001087,nan,nan,-0.1000000015,0.0000000000,0.7599999905,0.0000000000,nan,nan,nan,nan,nan,nan,nan,nan,nan,nan,nan,nan,0.1672191173,0.1252507865,1.0941572189,-0.0838358402,-7.2492432594,0.0000000000,nan,nan,nan,nan,nan,nan,nan,nan,nan,nan,nan,nan,nan,nan,nan,nan,nan,nan,nan,nan,nan,0.0400843620,0.1300535202,inf,0.0400664806,inf,inf,inf,0.0500638485,0.0900459290,inf,inf,inf,inf,inf,inf,inf,1583
1779239084.3115477562,-0.1677662879,-0.0911198929,0.2098886073,-0.0112874845,0.0497736864,-0.0085863222,3.0610001087,nan,nan,-0.1000000015,0.0000000000,0.7599999905,0.0000000000,nan,nan,nan,nan,nan,nan,nan,nan,nan,nan,nan,nan,0.1672191173,0.1252507865,1.0941572189,-4.2738113403,2.8518862724,0.0000000000,nan,nan,nan,nan,nan,nan,nan,nan,nan,nan,nan,nan,nan,nan,nan,nan,nan,nan,nan,nan,nan,0.0000786781,0.1400895119,inf,0.0000469685,inf,inf,inf,0.0600998402,0.0000157356,inf,inf,inf,inf,inf,inf,inf,1583
1779239084.3214993477,-0.1677662879,-0.0911198929,0.2098886073,-0.0112874845,0.0497736864,-0.0085863222,3.0610001087,nan,nan,-0.1000000015,0.0000000000,0.7599999905,0.0000000000,nan,nan,nan,nan,nan,nan,nan,nan,nan,nan,nan,nan,0.1672191173,0.1252507865,1.0941572189,-4.2738113403,2.8518862724,0.0000000000,nan,nan,nan,nan,nan,nan,nan,nan,nan,nan,nan,nan,nan,nan,nan,nan,nan,nan,nan,nan,nan,0.0100302696,0.1500411034,inf,0.0099985600,inf,inf,inf,0.0700514317,0.0099673271,inf,inf,inf,inf,inf,inf,inf,1583
1779239084.3314893246,-0.1677662879,-0.0911198929,0.2098886073,-0.0112874845,0.0497736864,-0.0085863222,3.0610001087,nan,nan,-0.1000000015,0.0000000000,0.7599999905,0.0000000000,nan,nan,nan,nan,nan,nan,nan,nan,nan,nan,nan,nan,0.1672191173,0.1252507865,1.0941572189,-4.2738113403,2.8518862724,0.0000000000,nan,nan,nan,nan,nan,nan,nan,nan,nan,nan,nan,nan,nan,nan,nan,nan,nan,nan,nan,nan,nan,0.0200202465,0.1600310802,inf,0.0199885368,inf,inf,inf,0.0800414085,0.0199573040,inf,inf,inf,inf,inf,inf,inf,1583
1779239084.3414821625,-0.1677662879,-0.0911198929,0.2098886073,-0.0112874845,0.0497736864,-0.0085863222,3.0610001087,nan,nan,-0.1000000015,0.0000000000,0.7599999905,0.0000000000,nan,nan,nan,nan,nan,nan,nan,nan,nan,nan,nan,nan,0.1672191173,0.1252507865,1.0941572189,-4.2738113403,2.8518862724,0.0000000000,nan,nan,nan,nan,nan,nan,nan,nan,nan,nan,nan,nan,nan,nan,nan,nan,nan,nan,nan,nan,nan,0.0300130844,0.1700239182,inf,0.0299813747,inf,inf,inf,0.0900342464,0.0299501419,inf,inf,inf,inf,inf,inf,inf,1583
1779239084.3514745235,-0.1677662879,-0.0911198929,0.2098886073,-0.0112874845,0.0497736864,-0.0085863222,3.0610001087,nan,nan,-0.1000000015,0.0000000000,0.7599999905,0.0000000000,nan,nan,nan,nan,nan,nan,nan,nan,nan,nan,nan,nan,0.1332770735,0.1355615854,1.0731284618,-4.2738113403,2.8518862724,0.0000000000,nan,nan,nan,nan,nan,nan,nan,nan,nan,nan,nan,nan,nan,nan,nan,nan,nan,nan,nan,nan,nan,0.0400054455,0.1800162792,inf,0.0399737358,inf,inf,inf,0.0000185966,0.0399425030,inf,inf,inf,inf,inf,inf,inf,1583
1779239084.3615396023,-0.1793823689,-0.0860869735,0.2157668024,-0.0167469386,0.0248153345,-0.0112792680,3.0610001087,nan,nan,-0.1000000015,0.0000000000,0.7599999905,0.0000000000,nan,nan,nan,nan,nan,nan,nan,nan,nan,nan,nan,nan,0.1332770735,0.1355615854,1.0731284618,-4.2738113403,2.8518862724,0.0000000000,nan,nan,nan,nan,nan,nan,nan,nan,nan,nan,nan,nan,nan,nan,nan,nan,nan,nan,nan,nan,nan,0.0000483990,0.1900813580,inf,0.0000174046,inf,inf,inf,0.0100836754,0.0500075817,inf,inf,inf,inf,inf,inf,inf,1583
1779239084.3715054989,-0.1793823689,-0.0860869735,0.2157668024,-0.0167469386,0.0248153345,-0.0112792680,3.0610001087,nan,nan,-0.1000000015,0.0000000000,0.7599999905,0.0000000000,nan,nan,nan,nan,nan,nan,nan,nan,nan,nan,nan,nan,0.1332770735,0.1355615854,1.0731284618,-4.2738113403,2.8518862724,0.0000000000,nan,nan,nan,nan,nan,nan,nan,nan,nan,nan,nan,nan,nan,nan,nan,nan,nan,nan,nan,nan,nan,0.0100142956,0.2000472546,inf,0.0099833012,inf,inf,inf,0.0200495720,0.0599734783,inf,inf,inf,inf,inf,inf,inf,1583
1779239084.3814876080,-0.1793823689,-0.0860869735,0.2157668024,-0.0167469386,0.0248153345,-0.0112792680,3.0610001087,nan,nan,-0.1000000015,0.0000000000,0.7599999905,0.0000000000,nan,nan,nan,nan,nan,nan,nan,nan,nan,nan,nan,nan,0.1332770735,0.1355615854,1.0731284618,-4.2738113403,2.8518862724,0.0000000000,nan,nan,nan,nan,nan,nan,nan,nan,nan,nan,nan,nan,nan,nan,nan,nan,nan,nan,nan,nan,nan,0.0199964046,0.2100293636,inf,0.0199654102,inf,inf,inf,0.0300316811,0.0699555874,inf,inf,inf,inf,inf,inf,inf,1583
1779239084.3914847374,-0.1793823689,-0.0860869735,0.2157668024,-0.0167469386,0.0248153345,-0.0112792680,3.0610001087,nan,nan,-0.1000000015,0.0000000000,0.7599999905,0.0000000000,nan,nan,nan,nan,nan,nan,nan,nan,nan,nan,nan,nan,0.1332770735,0.1355615854,1.0731284618,-4.2738113403,2.8518862724,0.0000000000,nan,nan,nan,nan,nan,nan,nan,nan,nan,nan,nan,nan,nan,nan,nan,nan,nan,nan,nan,nan,nan,0.0299935341,0.2200264931,inf,0.0299625397,inf,inf,inf,0.0400288105,0.0799527168,inf,inf,inf,inf,inf,inf,inf,1583
1779239084.4014797211,-0.1793823689,-0.0860869735,0.2157668024,-0.0167469386,0.0248153345,-0.0112792680,3.0610001087,nan,nan,-0.1000000015,0.0000000000,0.7599999905,0.0000000000,nan,nan,nan,nan,nan,nan,nan,nan,nan,nan,nan,nan,0.1332770735,0.1355615854,1.0731284618,-4.2738113403,2.8518862724,0.0000000000,nan,nan,nan,nan,nan,nan,nan,nan,nan,nan,nan,nan,nan,nan,nan,nan,nan,nan,nan,nan,nan,0.0399885178,0.2300214767,inf,0.0399575233,inf,inf,inf,0.0500237942,0.0899477005,inf,inf,inf,inf,inf,inf,inf,1583
1779239084.4115657806,-0.1905052364,-0.0803877041,0.2213702053,-0.0167147563,0.0192801995,-0.0112322634,3.0610001087,nan,nan,-0.1000000015,0.0000000000,0.7599999905,0.0000000000,nan,nan,nan,nan,nan,nan,nan,nan,nan,nan,nan,nan,0.1332770735,0.1355615854,1.0731284618,0.2913257480,-5.1334915161,0.0000000000,nan,nan,nan,nan,nan,nan,nan,nan,nan,nan,nan,nan,nan,nan,nan,nan,nan,nan,nan,nan,nan,0.0000777245,0.2401075363,inf,0.0000472069,inf,inf,inf,0.0601098537,0.0000154972,inf,inf,inf,inf,inf,inf,inf,1583
1779239084.4214832783,-0.1905052364,-0.0803877041,0.2213702053,-0.0167147563,0.0192801995,-0.0112322634,3.0610001087,nan,nan,-0.1000000015,0.0000000000,0.7599999905,0.0000000000,nan,nan,nan,nan,nan,nan,nan,nan,nan,nan,nan,nan,0.1332770735,0.1355615854,1.0731284618,0.2913257480,-5.1334915161,0.0000000000,nan,nan,nan,nan,nan,nan,nan,nan,nan,nan,nan,nan,nan,nan,nan,nan,nan,nan,nan,nan,nan,0.0099952221,0.2500250340,inf,0.0099647045,inf,inf,inf,0.0700273514,0.0099329948,inf,inf,inf,inf,inf,inf,inf,1583
1779239084.4315242767,-0.1905052364,-0.0803877041,0.2213702053,-0.0167147563,0.0192801995,-0.0112322634,3.0610001087,nan,nan,-0.1000000015,0.0000000000,0.7599999905,0.0000000000,nan,nan,nan,nan,nan,nan,nan,nan,nan,nan,nan,nan,0.1332770735,0.1355615854,1.0731284618,0.2913257480,-5.1334915161,0.0000000000,nan,nan,nan,nan,nan,nan,nan,nan,nan,nan,nan,nan,nan,nan,nan,nan,nan,nan,nan,nan,nan,0.0200362206,0.2600660324,inf,0.0200057030,inf,inf,inf,0.0800683498,0.0199739933,inf,inf,inf,inf,inf,inf,inf,1583
1779239084.4414739609,-0.1905052364,-0.0803877041,0.2213702053,-0.0167147563,0.0192801995,-0.0112322634,3.0610001087,nan,nan,-0.1000000015,0.0000000000,0.7599999905,0.0000000000,nan,nan,nan,nan,nan,nan,nan,nan,nan,nan,nan,nan,0.1332770735,0.1355615854,1.0731284618,0.2913257480,-5.1334915161,0.0000000000,nan,nan,nan,nan,nan,nan,nan,nan,nan,nan,nan,nan,nan,nan,nan,nan,nan,nan,nan,nan,nan,0.0299859047,0.2700157166,inf,0.0299553871,inf,inf,inf,0.0900180340,0.0299236774,inf,inf,inf,inf,inf,inf,inf,1583
1779239084.4514498711,-0.1905052364,-0.0803877041,0.2213702053,-0.0167147563,0.0192801995,-0.0112322634,3.0610001087,nan,nan,-0.1000000015,0.0000000000,0.7599999905,0.0000000000,nan,nan,nan,nan,nan,nan,nan,nan,nan,nan,nan,nan,0.1607104838,0.1110890061,1.0517653227,0.2913257480,-5.1334915161,0.0000000000,nan,nan,nan,nan,nan,nan,nan,nan,nan,nan,nan,nan,nan,nan,nan,nan,nan,nan,nan,nan,nan,0.0399618149,0.2799916267,inf,0.0399312973,inf,inf,inf,0.0000166893,0.0398995876,inf,inf,inf,inf,inf,inf,inf,1583
1779239084.4614746571,-0.2013449222,-0.0740161538,0.2268580496,-0.0002146211,0.0387474091,-0.0110764581,3.0610001087,nan,nan,-0.1000000015,0.0000000000,0.7599999905,0.0000000000,nan,nan,nan,nan,nan,nan,nan,nan,nan,nan,nan,nan,0.1607104838,0.1110890061,1.0517653227,0.2913257480,-5.1334915161,0.0000000000,nan,nan,nan,nan,nan,nan,nan,nan,nan,nan,nan,nan,nan,nan,nan,nan,nan,nan,nan,nan,nan,0.0000374317,0.2900164127,inf,0.0000128746,inf,inf,inf,0.0100414753,0.0499243736,inf,inf,inf,inf,inf,inf,inf,1583
1779239084.4714562893,-0.2013449222,-0.0740161538,0.2268580496,-0.0002146211,0.0387474091,-0.0110764581,3.0610001087,nan,nan,-0.1000000015,0.0000000000,0.7599999905,0.0000000000,nan,nan,nan,nan,nan,nan,nan,nan,nan,nan,nan,nan,0.1607104838,0.1110890061,1.0517653227,0.2913257480,-5.1334915161,0.0000000000,nan,nan,nan,nan,nan,nan,nan,nan,nan,nan,nan,nan,nan,nan,nan,nan,nan,nan,nan,nan,nan,0.0100190639,0.2999980450,inf,0.0099945068,inf,inf,inf,0.0200231075,0.0599060059,inf,inf,inf,inf,inf,inf,inf,1583
1779239084.4814541340,-0.2013449222,-0.0740161538,0.2268580496,-0.0002146211,0.0387474091,-0.0110764581,3.0610001087,nan,nan,-0.1000000015,0.0000000000,0.7599999905,0.0000000000,nan,nan,nan,nan,nan,nan,nan,nan,nan,nan,nan,nan,0.1607104838,0.1110890061,1.0517653227,0.2913257480,-5.1334915161,0.0000000000,nan,nan,nan,nan,nan,nan,nan,nan,nan,nan,nan,nan,nan,nan,nan,nan,nan,nan,nan,nan,nan,0.0200169086,0.3099958897,inf,0.0199923515,inf,inf,inf,0.0300209522,0.0699038506,inf,inf,inf,inf,inf,inf,inf,1583
1779239084.4914493561,-0.2013449222,-0.0740161538,0.2268580496,-0.0002146211,0.0387474091,-0.0110764581,3.0610001087,nan,nan,-0.1000000015,0.0000000000,0.7599999905,0.0000000000,nan,nan,nan,nan,nan,nan,nan,nan,nan,nan,nan,nan,0.1607104838,0.1110890061,1.0517653227,0.2913257480,-5.1334915161,0.0000000000,nan,nan,nan,nan,nan,nan,nan,nan,nan,nan,nan,nan,nan,nan,nan,nan,nan,nan,nan,nan,nan,0.0300121307,0.3199911118,inf,0.0299875736,inf,inf,inf,0.0400161743,0.0798990726,inf,inf,inf,inf,inf,inf,inf,1583
1779239084.5014576912,-0.2013449222,-0.0740161538,0.2268580496,-0.0002146211,0.0387474091,-0.0110764581,3.0610001087,nan,nan,-0.1000000015,0.0000000000,0.7599999905,0.0000000000,nan,nan,nan,nan,nan,nan,nan,nan,nan,nan,nan,nan,0.1607104838,0.1110890061,1.0517653227,0.2913257480,-5.1334915161,0.0000000000,nan,nan,nan,nan,nan,nan,nan,nan,nan,nan,nan,nan,nan,nan,nan,nan,nan,nan,nan,nan,nan,0.0400204659,0.3299994469,inf,0.0399959087,inf,inf,inf,0.0500245094,0.0899074078,inf,inf,inf,inf,inf,inf,inf,1583
1779239084.5114555359,-0.2115250975,-0.0673053935,0.2316977084,0.0025998802,0.0304589591,-0.0110319169,3.0610001087,nan,nan,-0.1000000015,0.0000000000,0.7599999905,0.0000000000,nan,nan,nan,nan,nan,nan,nan,nan,nan,nan,nan,nan,0.1607104838,0.1110890061,1.0517653227,0.8300319910,-4.8510165215,0.0000000000,nan,nan,nan,nan,nan,nan,nan,nan,nan,nan,nan,nan,nan,nan,nan,nan,nan,nan,nan,nan,nan,0.0000479221,0.3399972916,inf,0.0000298023,inf,inf,inf,0.0600223541,0.0000078678,inf,inf,inf,inf,inf,inf,inf,1583
1779239084.5214498043,-0.2115250975,-0.0673053935,0.2316977084,0.0025998802,0.0304589591,-0.0110319169,3.0610001087,nan,nan,-0.1000000015,0.0000000000,0.7599999905,0.0000000000,nan,nan,nan,nan,nan,nan,nan,nan,nan,nan,nan,nan,0.1607104838,0.1110890061,1.0517653227,0.8300319910,-4.8510165215,0.0000000000,nan,nan,nan,nan,nan,nan,nan,nan,nan,nan,nan,nan,nan,nan,nan,nan,nan,nan,nan,nan,nan,0.0100421906,0.3499915600,inf,0.0100240707,inf,inf,inf,0.0700166225,0.0100021362,inf,inf,inf,inf,inf,inf,inf,1583
1779239084.5314741135,-0.2115250975,-0.0673053935,0.2316977084,0.0025998802,0.0304589591,-0.0110319169,3.0610001087,nan,nan,-0.1000000015,0.0000000000,0.7599999905,0.0000000000,nan,nan,nan,nan,nan,nan,nan,nan,nan,nan,nan,nan,0.1607104838,0.1110890061,1.0517653227,0.8300319910,-4.8510165215,0.0000000000,nan,nan,nan,nan,nan,nan,nan,nan,nan,nan,nan,nan,nan,nan,nan,nan,nan,nan,nan,nan,nan,0.0200664997,0.3600158691,inf,0.0200483799,inf,inf,inf,0.0800409317,0.0200264454,inf,inf,inf,inf,inf,inf,inf,1583
1779239084.5414316654,-0.2115250975,-0.0673053935,0.2316977084,0.0025998802,0.0304589591,-0.0110319169,3.0610001087,nan,nan,-0.1000000015,0.0000000000,0.7599999905,0.0000000000,nan,nan,nan,nan,nan,nan,nan,nan,nan,nan,nan,nan,0.1607104838,0.1110890061,1.0517653227,0.8300319910,-4.8510165215,0.0000000000,nan,nan,nan,nan,nan,nan,nan,nan,nan,nan,nan,nan,nan,nan,nan,nan,nan,nan,nan,nan,nan,0.0300240517,0.3699734211,inf,0.0300059319,inf,inf,inf,0.0899984837,0.0299839973,inf,inf,inf,inf,inf,inf,inf,1583
1779239084.5514216423,-0.2115250975,-0.0673053935,0.2316977084,0.0025998802,0.0304589591,-0.0110319169,3.0610001087,nan,nan,-0.1000000015,0.0000000000,0.7599999905,0.0000000000,nan,nan,nan,nan,nan,nan,nan,nan,nan,nan,nan,nan,0.1826507747,0.0870718732,1.0345926285,0.8300319910,-4.8510165215,0.0000000000,nan,nan,nan,nan,nan,nan,nan,nan,nan,nan,nan,nan,nan,nan,nan,nan,nan,nan,nan,nan,nan,0.0400140285,0.3799633980,inf,0.0399959087,inf,inf,inf,0.0000097752,0.0399739742,inf,inf,inf,inf,inf,inf,inf,1583
1779239084.5614526272,-0.2210050374,-0.0604158416,0.2364719808,0.0053533737,0.0332420387,-0.0109828037,3.0610001087,nan,nan,-0.1000000015,0.0000000000,0.7599999905,0.0000000000,nan,nan,nan,nan,nan,nan,nan,nan,nan,nan,nan,nan,0.1826507747,0.0870718732,1.0345926285,0.8300319910,-4.8510165215,0.0000000000,nan,nan,nan,nan,nan,nan,nan,nan,nan,nan,nan,nan,nan,nan,nan,nan,nan,nan,nan,nan,nan,0.0000286102,0.3899943829,inf,0.0000100136,inf,inf,inf,0.0100407600,0.0500049591,inf,inf,inf,inf,inf,inf,inf,1583
1779239084.5714666843,-0.2210050374,-0.0604158416,0.2364719808,0.0053533737,0.0332420387,-0.0109828037,3.0610001087,nan,nan,-0.1000000015,0.0000000000,0.7599999905,0.0000000000,nan,nan,nan,nan,nan,nan,nan,nan,nan,nan,nan,nan,0.1826507747,0.0870718732,1.0345926285,0.8300319910,-4.8510165215,0.0000000000,nan,nan,nan,nan,nan,nan,nan,nan,nan,nan,nan,nan,nan,nan,nan,nan,nan,nan,nan,nan,nan,0.0100426674,0.4000084400,inf,0.0100240707,inf,inf,inf,0.0200548172,0.0600190163,inf,inf,inf,inf,inf,inf,inf,1583
1779239084.5814909935,-0.2210050374,-0.0604158416,0.2364719808,0.0053533737,0.0332420387,-0.0109828037,3.0610001087,nan,nan,-0.1000000015,0.0000000000,0.7599999905,0.0000000000,nan,nan,nan,nan,nan,nan,nan,nan,nan,nan,nan,nan,0.1826507747,0.0870718732,1.0345926285,0.8300319910,-4.8510165215,0.0000000000,nan,nan,nan,nan,nan,nan,nan,nan,nan,nan,nan,nan,nan,nan,nan,nan,nan,nan,nan,nan,nan,0.0200669765,0.4100327492,inf,0.0200483799,inf,inf,inf,0.0300791264,0.0700433254,inf,inf,inf,inf,inf,inf,inf,1583
1779239084.5914785862,-0.2210050374,-0.0604158416,0.2364719808,0.0053533737,0.0332420387,-0.0109828037,3.0610001087,nan,nan,-0.1000000015,0.0000000000,0.7599999905,0.0000000000,nan,nan,nan,nan,nan,nan,nan,nan,nan,nan,nan,nan,0.1826507747,0.0870718732,1.0345926285,0.8300319910,-4.8510165215,0.0000000000,nan,nan,nan,nan,nan,nan,nan,nan,nan,nan,nan,nan,nan,nan,nan,nan,nan,nan,nan,nan,nan,0.0300545692,0.4200203419,inf,0.0300359726,inf,inf,inf,0.0400667191,0.0800309181,inf,inf,inf,inf,inf,inf,inf,1583
1779239084.6014530659,-0.2210050374,-0.0604158416,0.2364719808,0.0053533737,0.0332420387,-0.0109828037,3.0610001087,nan,nan,-0.1000000015,0.0000000000,0.7599999905,0.0000000000,nan,nan,nan,nan,nan,nan,nan,nan,nan,nan,nan,nan,0.1826507747,0.0870718732,1.0345926285,0.8300319910,-4.8510165215,0.0000000000,nan,nan,nan,nan,nan,nan,nan,nan,nan,nan,nan,nan,nan,nan,nan,nan,nan,nan,nan,nan,nan,0.0400290489,0.4299948215,inf,0.0400104523,inf,inf,inf,0.0500411987,0.0900053978,inf,inf,inf,inf,inf,inf,inf,1583
1779239084.6114838123,-0.2297536880,-0.0534751527,0.2409922928,0.0108907192,0.0332723094,-0.0108907192,3.0610001087,nan,nan,-0.1000000015,0.0000000000,0.7599999905,0.0000000000,nan,nan,nan,nan,nan,nan,nan,nan,nan,nan,nan,nan,0.1826507747,0.0870718732,1.0345926285,1.2547193766,-4.6724820137,0.0000000000,nan,nan,nan,nan,nan,nan,nan,nan,nan,nan,nan,nan,nan,nan,nan,nan,nan,nan,nan,nan,nan,0.0000548363,0.4400255680,inf,0.0000338554,inf,inf,inf,0.0600719452,0.0000123978,inf,inf,inf,inf,inf,inf,inf,1583
1779239084.6215353012,-0.2297536880,-0.0534751527,0.2409922928,0.0108907192,0.0332723094,-0.0108907192,3.0610001087,nan,nan,-0.1000000015,0.0000000000,0.7599999905,0.0000000000,nan,nan,nan,nan,nan,nan,nan,nan,nan,nan,nan,nan,0.1826507747,0.0870718732,1.0345926285,1.2547193766,-4.6724820137,0.0000000000,nan,nan,nan,nan,nan,nan,nan,nan,nan,nan,nan,nan,nan,nan,nan,nan,nan,nan,nan,nan,nan,0.0101063251,0.4500770569,inf,0.0100853443,inf,inf,inf,0.0701234341,0.0100638866,inf,inf,inf,inf,inf,inf,inf,1583
1779239084.6315040588,-0.2297536880,-0.0534751527,0.2409922928,0.0108907192,0.0332723094,-0.0108907192,3.0610001087,nan,nan,-0.1000000015,0.0000000000,0.7599999905,0.0000000000,nan,nan,nan,nan,nan,nan,nan,nan,nan,nan,nan,nan,0.1826507747,0.0870718732,1.0345926285,1.2547193766,-4.6724820137,0.0000000000,nan,nan,nan,nan,nan,nan,nan,nan,nan,nan,nan,nan,nan,nan,nan,nan,nan,nan,nan,nan,nan,0.0200750828,0.4600458145,inf,0.0200541019,inf,inf,inf,0.0800921917,0.0200326443,inf,inf,inf,inf,inf,inf,inf,1583
1779239084.6414997578,-0.2297536880,-0.0534751527,0.2409922928,0.0108907192,0.0332723094,-0.0108907192,3.0610001087,nan,nan,-0.1000000015,0.0000000000,0.7599999905,0.0000000000,nan,nan,nan,nan,nan,nan,nan,nan,nan,nan,nan,nan,0.1826507747,0.0870718732,1.0345926285,1.2547193766,-4.6724820137,0.0000000000,nan,nan,nan,nan,nan,nan,nan,nan,nan,nan,nan,nan,nan,nan,nan,nan,nan,nan,nan,nan,nan,0.0300707817,0.4700415134,inf,0.0300498009,inf,inf,inf,0.0900878906,0.0300283432,inf,inf,inf,inf,inf,inf,inf,1583
1779239084.6514847279,-0.2297536880,-0.0534751527,0.2409922928,0.0108907192,0.0332723094,-0.0108907192,3.0610001087,nan,nan,-0.1000000015,0.0000000000,0.7599999905,0.0000000000,nan,nan,nan,nan,nan,nan,nan,nan,nan,nan,nan,nan,0.2004823089,0.0630895644,1.0174541473,1.2547193766,-4.6724820137,0.0000000000,nan,nan,nan,nan,nan,nan,nan,nan,nan,nan,nan,nan,nan,nan,nan,nan,nan,nan,nan,nan,nan,0.0400557518,0.4800264835,inf,0.0400347710,inf,inf,inf,0.0000188351,0.0400133133,inf,inf,inf,inf,inf,inf,inf,1583
1779239084.6615102291,-0.2376796752,-0.0466496609,0.2454724312,0.0164423969,0.0305345663,-0.0108208298,3.0610001087,nan,nan,-0.1000000015,0.0000000000,0.7599999905,0.0000000000,nan,nan,nan,nan,nan,nan,nan,nan,nan,nan,nan,nan,0.2004823089,0.0630895644,1.0174541473,1.2547193766,-4.6724820137,0.0000000000,nan,nan,nan,nan,nan,nan,nan,nan,nan,nan,nan,nan,nan,nan,nan,nan,nan,nan,nan,nan,nan,0.0000469685,0.4900519848,inf,0.0000174046,inf,inf,inf,0.0100443363,0.0500388145,inf,inf,inf,inf,inf,inf,inf,1583
1779239084.6714818478,-0.2376796752,-0.0466496609,0.2454724312,0.0164423969,0.0305345663,-0.0108208298,3.0610001087,nan,nan,-0.1000000015,0.0000000000,0.7599999905,0.0000000000,nan,nan,nan,nan,nan,nan,nan,nan,nan,nan,nan,nan,0.2004823089,0.0630895644,1.0174541473,1.2547193766,-4.6724820137,0.0000000000,nan,nan,nan,nan,nan,nan,nan,nan,nan,nan,nan,nan,nan,nan,nan,nan,nan,nan,nan,nan,nan,0.0100185871,0.5000236034,inf,0.0099890232,inf,inf,inf,0.0200159550,0.0600104332,inf,inf,inf,inf,inf,inf,inf,1583
1779239084.6814768314,-0.2376796752,-0.0466496609,0.2454724312,0.0164423969,0.0305345663,-0.0108208298,3.0610001087,nan,nan,-0.1000000015,0.0000000000,0.7599999905,0.0000000000,nan,nan,nan,nan,nan,nan,nan,nan,nan,nan,nan,nan,0.2004823089,0.0630895644,1.0174541473,1.2547193766,-4.6724820137,0.0000000000,nan,nan,nan,nan,nan,nan,nan,nan,nan,nan,nan,nan,nan,nan,nan,nan,nan,nan,nan,nan,nan,0.0200135708,0.5100185871,inf,0.0199840069,inf,inf,inf,0.0300109386,0.0700054169,inf,inf,inf,inf,inf,inf,inf,1583
1779239084.6914649010,-0.2376796752,-0.0466496609,0.2454724312,0.0164423969,0.0305345663,-0.0108208298,3.0610001087,nan,nan,-0.1000000015,0.0000000000,0.7599999905,0.0000000000,nan,nan,nan,nan,nan,nan,nan,nan,nan,nan,nan,nan,0.2004823089,0.0630895644,1.0174541473,1.2547193766,-4.6724820137,0.0000000000,nan,nan,nan,nan,nan,nan,nan,nan,nan,nan,nan,nan,nan,nan,nan,nan,nan,nan,nan,nan,nan,0.0300016403,0.5200066566,inf,0.0299720764,inf,inf,inf,0.0399990082,0.0799934864,inf,inf,inf,inf,inf,inf,inf,1583
1779239084.7014343739,-0.2376796752,-0.0466496609,0.2454724312,0.0164423969,0.0305345663,-0.0108208298,3.0610001087,nan,nan,-0.1000000015,0.0000000000,0.7599999905,0.0000000000,nan,nan,nan,nan,nan,nan,nan,nan,nan,nan,nan,nan,0.2004823089,0.0630895644,1.0174541473,1.2547193766,-4.6724820137,0.0000000000,nan,nan,nan,nan,nan,nan,nan,nan,nan,nan,nan,nan,nan,nan,nan,nan,nan,nan,nan,nan,nan,0.0399711132,0.5299761295,inf,0.0399415493,inf,inf,inf,0.0499684811,0.0899629593,inf,inf,inf,inf,inf,inf,inf,1583
1779239084.7114727497,-0.2323256582,-0.0414852612,0.2487207204,0.0191969211,0.0333172403,-0.0107524336,3.0610001087,nan,nan,-0.1000000015,0.0000000000,0.7599999905,0.0000000000,nan,nan,nan,nan,nan,nan,nan,nan,nan,nan,nan,nan,0.2004823089,0.0630895644,1.0174541473,0.7118942738,-0.0590069294,0.0000000000,nan,nan,nan,nan,nan,nan,nan,nan,nan,nan,nan,nan,nan,nan,nan,nan,nan,nan,nan,nan,nan,0.0000455379,0.5400145054,inf,0.0000238419,inf,inf,inf,0.0600068569,0.0000073910,inf,inf,inf,inf,inf,inf,inf,1583
1779239084.7214365005,-0.2323256582,-0.0414852612,0.2487207204,0.0191969211,0.0333172403,-0.0107524336,3.0610001087,nan,nan,-0.1000000015,0.0000000000,0.7599999905,0.0000000000,nan,nan,nan,nan,nan,nan,nan,nan,nan,nan,nan,nan,0.2004823089,0.0630895644,1.0174541473,0.7118942738,-0.0590069294,0.0000000000,nan,nan,nan,nan,nan,nan,nan,nan,nan,nan,nan,nan,nan,nan,nan,nan,nan,nan,nan,nan,nan,0.0100092888,0.5499782562,inf,0.0099875927,inf,inf,inf,0.0699706078,0.0099711418,inf,inf,inf,inf,inf,inf,inf,1583
1779239084.7314369678,-0.2323256582,-0.0414852612,0.2487207204,0.0191969211,0.0333172403,-0.0107524336,3.0610001087,nan,nan,-0.1000000015,0.0000000000,0.7599999905,0.0000000000,nan,nan,nan,nan,nan,nan,nan,nan,nan,nan,nan,nan,0.2004823089,0.0630895644,1.0174541473,0.7118942738,-0.0590069294,0.0000000000,nan,nan,nan,nan,nan,nan,nan,nan,nan,nan,nan,nan,nan,nan,nan,nan,nan,nan,nan,nan,nan,0.0200097561,0.5599787235,inf,0.0199880600,inf,inf,inf,0.0799710751,0.0199716091,inf,inf,inf,inf,inf,inf,inf,1583
1779239084.7414865494,-0.2323256582,-0.0414852612,0.2487207204,0.0191969211,0.0333172403,-0.0107524336,3.0610001087,nan,nan,-0.1000000015,0.0000000000,0.7599999905,0.0000000000,nan,nan,nan,nan,nan,nan,nan,nan,nan,nan,nan,nan,0.2004823089,0.0630895644,1.0174541473,0.7118942738,-0.0590069294,0.0000000000,nan,nan,nan,nan,nan,nan,nan,nan,nan,nan,nan,nan,nan,nan,nan,nan,nan,nan,nan,nan,nan,0.0300593376,0.5700283051,inf,0.0300376415,inf,inf,inf,0.0900206566,0.0300211906,inf,inf,inf,inf,inf,inf,inf,1583
1779239084.7515254021,-0.2323256582,-0.0414852612,0.2487207204,0.0191969211,0.0333172403,-0.0107524336,3.0610001087,nan,nan,-0.1000000015,0.0000000000,0.7599999905,0.0000000000,nan,nan,nan,nan,nan,nan,nan,nan,nan,nan,nan,nan,0.1936312318,0.0467913598,1.0034383535,0.7118942738,-0.0590069294,0.0000000000,nan,nan,nan,nan,nan,nan,nan,nan,nan,nan,nan,nan,nan,nan,nan,nan,nan,nan,nan,nan,nan,0.0400981903,0.5800671577,inf,0.0400764942,inf,inf,inf,0.0000209808,0.0400600433,inf,inf,inf,inf,inf,inf,inf,1583
1779239084.7615356445,-0.2365401238,-0.0356442966,0.2527496815,0.0220219644,0.0222616641,-0.0108264353,3.0610001087,nan,nan,-0.1000000015,0.0000000000,0.7599999905,0.0000000000,nan,nan,nan,nan,nan,nan,nan,nan,nan,nan,nan,nan,0.1936312318,0.0467913598,1.0034383535,0.7118942738,-0.0590069294,0.0000000000,nan,nan,nan,nan,nan,nan,nan,nan,nan,nan,nan,nan,nan,nan,nan,nan,nan,nan,nan,nan,nan,0.0000522137,0.5900774002,inf,0.0000183582,inf,inf,inf,0.0100312233,0.0500702858,inf,inf,inf,inf,inf,inf,inf,1583
1779239084.7714967728,-0.2365401238,-0.0356442966,0.2527496815,0.0220219644,0.0222616641,-0.0108264353,3.0610001087,nan,nan,-0.1000000015,0.0000000000,0.7599999905,0.0000000000,nan,nan,nan,nan,nan,nan,nan,nan,nan,nan,nan,nan,0.1936312318,0.0467913598,1.0034383535,0.7118942738,-0.0590069294,0.0000000000,nan,nan,nan,nan,nan,nan,nan,nan,nan,nan,nan,nan,nan,nan,nan,nan,nan,nan,nan,nan,nan,0.0100133419,0.6000385284,inf,0.0099794865,inf,inf,inf,0.0199923515,0.0600314140,inf,inf,inf,inf,inf,inf,inf,1583
1779239084.7814538479,-0.2365401238,-0.0356442966,0.2527496815,0.0220219644,0.0222616641,-0.0108264353,3.0610001087,nan,nan,-0.1000000015,0.0000000000,0.7599999905,0.0000000000,nan,nan,nan,nan,nan,nan,nan,nan,nan,nan,nan,nan,0.1936312318,0.0467913598,1.0034383535,0.7118942738,-0.0590069294,0.0000000000,nan,nan,nan,nan,nan,nan,nan,nan,nan,nan,nan,nan,nan,nan,nan,nan,nan,nan,nan,nan,nan,0.0199704170,0.6099956036,inf,0.0199365616,inf,inf,inf,0.0299494267,0.0699884892,inf,inf,inf,inf,inf,inf,inf,1583
1779239084.7914721966,-0.2365401238,-0.0356442966,0.2527496815,0.0220219644,0.0222616641,-0.0108264353,3.0610001087,nan,nan,-0.1000000015,0.0000000000,0.7599999905,0.0000000000,nan,nan,nan,nan,nan,nan,nan,nan,nan,nan,nan,nan,0.1936312318,0.0467913598,1.0034383535,0.7118942738,-0.0590069294,0.0000000000,nan,nan,nan,nan,nan,nan,nan,nan,nan,nan,nan,nan,nan,nan,nan,nan,nan,nan,nan,nan,nan,0.0299887657,0.6200139523,inf,0.0299549103,inf,inf,inf,0.0399677753,0.0800068378,inf,inf,inf,inf,inf,inf,inf,1583
1779239084.8014624119,-0.2365401238,-0.0356442966,0.2527496815,0.0220219644,0.0222616641,-0.0108264353,3.0610001087,nan,nan,-0.1000000015,0.0000000000,0.7599999905,0.0000000000,nan,nan,nan,nan,nan,nan,nan,nan,nan,nan,nan,nan,0.1936312318,0.0467913598,1.0034383535,0.7118942738,-0.0590069294,0.0000000000,nan,nan,nan,nan,nan,nan,nan,nan,nan,nan,nan,nan,nan,nan,nan,nan,nan,nan,nan,nan,nan,0.0399789810,0.6300041676,inf,0.0399451256,inf,inf,inf,0.0499579906,0.0899970531,inf,inf,inf,inf,inf,inf,inf,1583
1779239084.8115243912,-0.2399339080,-0.0303957090,0.2563919127,0.0220508314,0.0167267317,-0.0108868509,3.0610001087,nan,nan,-0.1000000015,0.0000000000,0.7599999905,0.0000000000,nan,nan,nan,nan,nan,nan,nan,nan,nan,nan,nan,nan,0.1936312318,0.0467913598,1.0034383535,0.9116405249,-3.2313599586,0.0000000000,nan,nan,nan,nan,nan,nan,nan,nan,nan,nan,nan,nan,nan,nan,nan,nan,nan,nan,nan,nan,nan,0.0000727177,0.6400661469,inf,0.0000441074,inf,inf,inf,0.0600199699,0.0000147820,inf,inf,inf,inf,inf,inf,inf,1583
1779239084.8214898109,-0.2399339080,-0.0303957090,0.2563919127,0.0220508314,0.0167267317,-0.0108868509,3.0610001087,nan,nan,-0.1000000015,0.0000000000,0.7599999905,0.0000000000,nan,nan,nan,nan,nan,nan,nan,nan,nan,nan,nan,nan,0.1936312318,0.0467913598,1.0034383535,0.9116405249,-3.2313599586,0.0000000000,nan,nan,nan,nan,nan,nan,nan,nan,nan,nan,nan,nan,nan,nan,nan,nan,nan,nan,nan,nan,nan,0.0100381374,0.6500315666,inf,0.0100095272,inf,inf,inf,0.0699853897,0.0099802017,inf,inf,inf,inf,inf,inf,inf,1583
1779239084.8314831257,-0.2399339080,-0.0303957090,0.2563919127,0.0220508314,0.0167267317,-0.0108868509,3.0610001087,nan,nan,-0.1000000015,0.0000000000,0.7599999905,0.0000000000,nan,nan,nan,nan,nan,nan,nan,nan,nan,nan,nan,nan,0.1936312318,0.0467913598,1.0034383535,0.9116405249,-3.2313599586,0.0000000000,nan,nan,nan,nan,nan,nan,nan,nan,nan,nan,nan,nan,nan,nan,nan,nan,nan,nan,nan,nan,nan,0.0200314522,0.6600248814,inf,0.0200028419,inf,inf,inf,0.0799787045,0.0199735165,inf,inf,inf,inf,inf,inf,inf,1583
1779239084.8414678574,-0.2399339080,-0.0303957090,0.2563919127,0.0220508314,0.0167267317,-0.0108868509,3.0610001087,nan,nan,-0.1000000015,0.0000000000,0.7599999905,0.0000000000,nan,nan,nan,nan,nan,nan,nan,nan,nan,nan,nan,nan,0.1936312318,0.0467913598,1.0034383535,0.9116405249,-3.2313599586,0.0000000000,nan,nan,nan,nan,nan,nan,nan,nan,nan,nan,nan,nan,nan,nan,nan,nan,nan,nan,nan,nan,nan,0.0300161839,0.6700096130,inf,0.0299875736,inf,inf,inf,0.0899634361,0.0299582481,inf,inf,inf,inf,inf,inf,inf,1583
1779239084.8515107632,-0.2399339080,-0.0303957090,0.2563919127,0.0220508314,0.0167267317,-0.0108868509,3.0610001087,nan,nan,-0.1000000015,0.0000000000,0.7599999905,0.0000000000,nan,nan,nan,nan,nan,nan,nan,nan,nan,nan,nan,nan,0.1936312318,0.0467913598,1.0034383535,0.9116405249,-3.2313599586,0.0000000000,nan,nan,nan,nan,nan,nan,nan,nan,nan,nan,nan,nan,nan,nan,nan,nan,nan,nan,nan,nan,nan,0.0400590897,0.6800525188,inf,0.0400304794,inf,inf,inf,0.1000063419,0.0400011539,inf,inf,inf,inf,inf,inf,inf,1583
1779239084.8615174294,-0.2426340580,-0.0257762205,0.2597064674,0.0193059984,0.0166849490,-0.0081422545,3.0610001087,nan,nan,-0.1000000015,0.0000000000,0.7599999905,0.0000000000,nan,nan,nan,nan,nan,nan,nan,nan,nan,nan,nan,nan,0.1928834319,0.0323408470,0.9918730259,0.9116405249,-3.2313599586,0.0000000000,nan,nan,nan,nan,nan,nan,nan,nan,nan,nan,nan,nan,nan,nan,nan,nan,nan,nan,nan,nan,nan,0.0000839233,0.6900591850,inf,0.0000512600,inf,inf,inf,0.0000152588,0.0500078201,inf,inf,inf,inf,inf,inf,inf,1583
1779239084.8714618683,-0.2426340580,-0.0257762205,0.2597064674,0.0193059984,0.0166849490,-0.0081422545,3.0610001087,nan,nan,-0.1000000015,0.0000000000,0.7599999905,0.0000000000,nan,nan,nan,nan,nan,nan,nan,nan,nan,nan,nan,nan,0.1928834319,0.0323408470,0.9918730259,0.9116405249,-3.2313599586,0.0000000000,nan,nan,nan,nan,nan,nan,nan,nan,nan,nan,nan,nan,nan,nan,nan,nan,nan,nan,nan,nan,nan,0.0100283623,0.7000036240,inf,0.0099956989,inf,inf,inf,0.0099596977,0.0599522591,inf,inf,inf,inf,inf,inf,inf,1583
1779239084.8814868927,-0.2426340580,-0.0257762205,0.2597064674,0.0193059984,0.0166849490,-0.0081422545,3.0610001087,nan,nan,-0.1000000015,0.0000000000,0.7599999905,0.0000000000,nan,nan,nan,nan,nan,nan,nan,nan,nan,nan,nan,nan,0.1928834319,0.0323408470,0.9918730259,0.9116405249,-3.2313599586,0.0000000000,nan,nan,nan,nan,nan,nan,nan,nan,nan,nan,nan,nan,nan,nan,nan,nan,nan,nan,nan,nan,nan,0.0200533867,0.7100286484,inf,0.0200207233,inf,inf,inf,0.0199847221,0.0699772835,inf,inf,inf,inf,inf,inf,inf,1583
1779239084.8914964199,-0.2426340580,-0.0257762205,0.2597064674,0.0193059984,0.0166849490,-0.0081422545,3.0610001087,nan,nan,-0.1000000015,0.0000000000,0.7599999905,0.0000000000,nan,nan,nan,nan,nan,nan,nan,nan,nan,nan,nan,nan,0.1928834319,0.0323408470,0.9918730259,0.9116405249,-3.2313599586,0.0000000000,nan,nan,nan,nan,nan,nan,nan,nan,nan,nan,nan,nan,nan,nan,nan,nan,nan,nan,nan,nan,nan,0.0300629139,0.7200381756,inf,0.0300302505,inf,inf,inf,0.0299942493,0.0799868107,inf,inf,inf,inf,inf,inf,inf,1583
1779239084.9015073776,-0.2426340580,-0.0257762205,0.2597064674,0.0193059984,0.0166849490,-0.0081422545,3.0610001087,nan,nan,-0.1000000015,0.0000000000,0.7599999905,0.0000000000,nan,nan,nan,nan,nan,nan,nan,nan,nan,nan,nan,nan,0.1928834319,0.0323408470,0.9918730259,0.9116405249,-3.2313599586,0.0000000000,nan,nan,nan,nan,nan,nan,nan,nan,nan,nan,nan,nan,nan,nan,nan,nan,nan,nan,nan,nan,nan,0.0400738716,0.7300491333,inf,0.0400412083,inf,inf,inf,0.0400052071,0.0899977684,inf,inf,inf,inf,inf,inf,inf,1583
1779239084.9116003513,-0.2380490303,-0.0224531479,0.2612484992,0.0165755028,0.0111157562,-0.0054432376,3.0610001087,nan,nan,-0.1000000015,0.0000000000,0.7599999905,0.0000000000,nan,nan,nan,nan,nan,nan,nan,nan,nan,nan,nan,nan,0.1928834319,0.0323408470,0.9918730259,0.3410518169,-0.0748958588,0.0000000000,nan,nan,nan,nan,nan,nan,nan,nan,nan,nan,nan,nan,nan,nan,nan,nan,nan,nan,nan,nan,nan,0.0000905991,0.7401421070,inf,0.0000569820,inf,inf,inf,0.0500981808,0.0000214577,inf,inf,inf,inf,inf,inf,inf,1583
1779239084.9215362072,-0.2380490303,-0.0224531479,0.2612484992,0.0165755028,0.0111157562,-0.0054432376,3.0610001087,nan,nan,-0.1000000015,0.0000000000,0.7599999905,0.0000000000,nan,nan,nan,nan,nan,nan,nan,nan,nan,nan,nan,nan,0.1928834319,0.0323408470,0.9918730259,0.3410518169,-0.0748958588,0.0000000000,nan,nan,nan,nan,nan,nan,nan,nan,nan,nan,nan,nan,nan,nan,nan,nan,nan,nan,nan,nan,nan,0.0100264549,0.7500779629,inf,0.0099928379,inf,inf,inf,0.0600340366,0.0099573135,inf,inf,inf,inf,inf,inf,inf,1583
1779239084.9314844608,-0.2380490303,-0.0224531479,0.2612484992,0.0165755028,0.0111157562,-0.0054432376,3.0610001087,nan,nan,-0.1000000015,0.0000000000,0.7599999905,0.0000000000,nan,nan,nan,nan,nan,nan,nan,nan,nan,nan,nan,nan,0.1928834319,0.0323408470,0.9918730259,0.3410518169,-0.0748958588,0.0000000000,nan,nan,nan,nan,nan,nan,nan,nan,nan,nan,nan,nan,nan,nan,nan,nan,nan,nan,nan,nan,nan,0.0199747086,0.7600262165,inf,0.0199410915,inf,inf,inf,0.0699822903,0.0199055672,inf,inf,inf,inf,inf,inf,inf,1583
1779239084.9414618015,-0.2380490303,-0.0224531479,0.2612484992,0.0165755028,0.0111157562,-0.0054432376,3.0610001087,nan,nan,-0.1000000015,0.0000000000,0.7599999905,0.0000000000,nan,nan,nan,nan,nan,nan,nan,nan,nan,nan,nan,nan,0.1928834319,0.0323408470,0.9918730259,0.3410518169,-0.0748958588,0.0000000000,nan,nan,nan,nan,nan,nan,nan,nan,nan,nan,nan,nan,nan,nan,nan,nan,nan,nan,nan,nan,nan,0.0299520493,0.7700035572,inf,0.0299184322,inf,inf,inf,0.0799596310,0.0298829079,inf,inf,inf,inf,inf,inf,inf,1583
1779239084.9514973164,-0.2380490303,-0.0224531479,0.2612484992,0.0165755028,0.0111157562,-0.0054432376,3.0610001087,nan,nan,-0.1000000015,0.0000000000,0.7599999905,0.0000000000,nan,nan,nan,nan,nan,nan,nan,nan,nan,nan,nan,nan,0.1818965822,0.0234026629,0.9851384759,0.3410518169,-0.0748958588,0.0000000000,nan,nan,nan,nan,nan,nan,nan,nan,nan,nan,nan,nan,nan,nan,nan,nan,nan,nan,nan,nan,nan,0.0399875641,0.7800390720,inf,0.0399539471,inf,inf,inf,0.0000200272,0.0399184227,inf,inf,inf,inf,inf,inf,inf,1583
1779239084.9616029263,-0.2380049825,-0.0192529336,0.2637692094,0.0138226053,0.0055732328,-0.0054967241,3.0610001087,nan,nan,-0.1000000015,0.0000000000,0.7599999905,0.0000000000,nan,nan,nan,nan,nan,nan,nan,nan,nan,nan,nan,nan,0.1818965822,0.0234026629,0.9851384759,0.3410518169,-0.0748958588,0.0000000000,nan,nan,nan,nan,nan,nan,nan,nan,nan,nan,nan,nan,nan,nan,nan,nan,nan,nan,nan,nan,nan,0.0000624657,0.7901446819,inf,0.0000231266,inf,inf,inf,0.0101256371,0.0500240326,inf,inf,inf,inf,inf,inf,inf,1583
1779239084.9715173244,-0.2380049825,-0.0192529336,0.2637692094,0.0138226053,0.0055732328,-0.0054967241,3.0610001087,nan,nan,-0.1000000015,0.0000000000,0.7599999905,0.0000000000,nan,nan,nan,nan,nan,nan,nan,nan,nan,nan,nan,nan,0.1818965822,0.0234026629,0.9851384759,0.3410518169,-0.0748958588,0.0000000000,nan,nan,nan,nan,nan,nan,nan,nan,nan,nan,nan,nan,nan,nan,nan,nan,nan,nan,nan,nan,nan,0.0099768639,0.8000590801,inf,0.0099375248,inf,inf,inf,0.0200400352,0.0599384308,inf,inf,inf,inf,inf,inf,inf,1583
1779239084.9815242290,-0.2380049825,-0.0192529336,0.2637692094,0.0138226053,0.0055732328,-0.0054967241,3.0610001087,nan,nan,-0.1000000015,0.0000000000,0.7599999905,0.0000000000,nan,nan,nan,nan,nan,nan,nan,nan,nan,nan,nan,nan,0.1818965822,0.0234026629,0.9851384759,0.3410518169,-0.0748958588,0.0000000000,nan,nan,nan,nan,nan,nan,nan,nan,nan,nan,nan,nan,nan,nan,nan,nan,nan,nan,nan,nan,nan,0.0199837685,0.8100659847,inf,0.0199444294,inf,inf,inf,0.0300469398,0.0699453354,inf,inf,inf,inf,inf,inf,inf,1583
1779239084.9915230274,-0.2380049825,-0.0192529336,0.2637692094,0.0138226053,0.0055732328,-0.0054967241,3.0610001087,nan,nan,-0.1000000015,0.0000000000,0.7599999905,0.0000000000,nan,nan,nan,nan,nan,nan,nan,nan,nan,nan,nan,nan,0.1818965822,0.0234026629,0.9851384759,0.3410518169,-0.0748958588,0.0000000000,nan,nan,nan,nan,nan,nan,nan,nan,nan,nan,nan,nan,nan,nan,nan,nan,nan,nan,nan,nan,nan,0.0299825668,0.8200647831,inf,0.0299432278,inf,inf,inf,0.0400457382,0.0799441338,inf,inf,inf,inf,inf,inf,inf,1583
1779239085.0014846325,-0.2380049825,-0.0192529336,0.2637692094,0.0138226053,0.0055732328,-0.0054967241,3.0610001087,nan,nan,-0.1000000015,0.0000000000,0.7599999905,0.0000000000,nan,nan,nan,nan,nan,nan,nan,nan,nan,nan,nan,nan,0.1818965822,0.0234026629,0.9851384759,0.3410518169,-0.0748958588,0.0000000000,nan,nan,nan,nan,nan,nan,nan,nan,nan,nan,nan,nan,nan,nan,nan,nan,nan,nan,nan,nan,nan,0.0399441719,0.8300263882,inf,0.0399048328,inf,inf,inf,0.0500073433,0.0899057388,inf,inf,inf,inf,inf,inf,inf,1583
1779239085.0115785599,-0.2373840213,-0.0166303590,0.2657890320,0.0110702107,0.0000153186,-0.0027674997,3.0610001087,nan,nan,-0.1000000015,0.0000000000,0.7599999905,0.0000000000,nan,nan,nan,nan,nan,nan,nan,nan,nan,nan,nan,nan,0.1818965822,0.0234026629,0.9851384759,0.2183392346,-2.0202441216,0.0000000000,nan,nan,nan,nan,nan,nan,nan,nan,nan,nan,nan,nan,nan,nan,nan,nan,nan,nan,nan,nan,nan,0.0000836849,0.8401203156,inf,0.0000505447,inf,inf,inf,0.0601012707,0.0000176430,inf,inf,inf,inf,inf,inf,inf,1583
1779239085.0215015411,-0.2373840213,-0.0166303590,0.2657890320,0.0110702107,0.0000153186,-0.0027674997,3.0610001087,nan,nan,-0.1000000015,0.0000000000,0.7599999905,0.0000000000,nan,nan,nan,nan,nan,nan,nan,nan,nan,nan,nan,nan,0.1818965822,0.0234026629,0.9851384759,0.2183392346,-2.0202441216,0.0000000000,nan,nan,nan,nan,nan,nan,nan,nan,nan,nan,nan,nan,nan,nan,nan,nan,nan,nan,nan,nan,nan,0.0100066662,0.8500432968,inf,0.0099735260,inf,inf,inf,0.0700242519,0.0099406242,inf,inf,inf,inf,inf,inf,inf,1583
1779239085.0315043926,-0.2373840213,-0.0166303590,0.2657890320,0.0110702107,0.0000153186,-0.0027674997,3.0610001087,nan,nan,-0.1000000015,0.0000000000,0.7599999905,0.0000000000,nan,nan,nan,nan,nan,nan,nan,nan,nan,nan,nan,nan,0.1818965822,0.0234026629,0.9851384759,0.2183392346,-2.0202441216,0.0000000000,nan,nan,nan,nan,nan,nan,nan,nan,nan,nan,nan,nan,nan,nan,nan,nan,nan,nan,nan,nan,nan,0.0200095177,0.8600461483,inf,0.0199763775,inf,inf,inf,0.0800271034,0.0199434757,inf,inf,inf,inf,inf,inf,inf,1583
1779239085.0415258408,-0.2373840213,-0.0166303590,0.2657890320,0.0110702107,0.0000153186,-0.0027674997,3.0610001087,nan,nan,-0.1000000015,0.0000000000,0.7599999905,0.0000000000,nan,nan,nan,nan,nan,nan,nan,nan,nan,nan,nan,nan,0.1818965822,0.0234026629,0.9851384759,0.2183392346,-2.0202441216,0.0000000000,nan,nan,nan,nan,nan,nan,nan,nan,nan,nan,nan,nan,nan,nan,nan,nan,nan,nan,nan,nan,nan,0.0300309658,0.8700675964,inf,0.0299978256,inf,inf,inf,0.0900485516,0.0299649239,inf,inf,inf,inf,inf,inf,inf,1583
1779239085.0514986515,-0.2373840213,-0.0166303590,0.2657890320,0.0110702107,0.0000153186,-0.0027674997,3.0610001087,nan,nan,-0.1000000015,0.0000000000,0.7599999905,0.0000000000,nan,nan,nan,nan,nan,nan,nan,nan,nan,nan,nan,nan,0.1745138913,0.0182196647,0.9804216027,0.2183392346,-2.0202441216,0.0000000000,nan,nan,nan,nan,nan,nan,nan,nan,nan,nan,nan,nan,nan,nan,nan,nan,nan,nan,nan,nan,nan,0.0400037766,0.8800404072,inf,0.0399706364,inf,inf,inf,0.0000190735,0.0399377346,inf,inf,inf,inf,inf,inf,inf,1583
1779239085.0615108013,-0.2363376021,-0.0146752689,0.2675319910,0.0055350844,0.0000076593,-0.0027675316,3.0610001087,nan,nan,-0.1000000015,0.0000000000,0.7599999905,0.0000000000,nan,nan,nan,nan,nan,nan,nan,nan,nan,nan,nan,nan,0.1745138913,0.0182196647,0.9804216027,0.2183392346,-2.0202441216,0.0000000000,nan,nan,nan,nan,nan,nan,nan,nan,nan,nan,nan,nan,nan,nan,nan,nan,nan,nan,nan,nan,nan,0.0000460148,0.8900525570,inf,0.0000154972,inf,inf,inf,0.0100312233,0.0499498844,inf,inf,inf,inf,inf,inf,inf,1583
1779239085.0715239048,-0.2363376021,-0.0146752689,0.2675319910,0.0055350844,0.0000076593,-0.0027675316,3.0610001087,nan,nan,-0.1000000015,0.0000000000,0.7599999905,0.0000000000,nan,nan,nan,nan,nan,nan,nan,nan,nan,nan,nan,nan,0.1745138913,0.0182196647,0.9804216027,0.2183392346,-2.0202441216,0.0000000000,nan,nan,nan,nan,nan,nan,nan,nan,nan,nan,nan,nan,nan,nan,nan,nan,nan,nan,nan,nan,nan,0.0100591183,0.9000656605,inf,0.0100286007,inf,inf,inf,0.0200443268,0.0599629879,inf,inf,inf,inf,inf,inf,inf,1583
1779239085.0814917088,-0.2363376021,-0.0146752689,0.2675319910,0.0055350844,0.0000076593,-0.0027675316,3.0610001087,nan,nan,-0.1000000015,0.0000000000,0.7599999905,0.0000000000,nan,nan,nan,nan,nan,nan,nan,nan,nan,nan,nan,nan,0.1745138913,0.0182196647,0.9804216027,0.2183392346,-2.0202441216,0.0000000000,nan,nan,nan,nan,nan,nan,nan,nan,nan,nan,nan,nan,nan,nan,nan,nan,nan,nan,nan,nan,nan,0.0200269222,0.9100334644,inf,0.0199964046,inf,inf,inf,0.0300121307,0.0699307919,inf,inf,inf,inf,inf,inf,inf,1583
1779239085.0914764404,-0.2363376021,-0.0146752689,0.2675319910,0.0055350844,0.0000076593,-0.0027675316,3.0610001087,nan,nan,-0.1000000015,0.0000000000,0.7599999905,0.0000000000,nan,nan,nan,nan,nan,nan,nan,nan,nan,nan,nan,nan,0.1745138913,0.0182196647,0.9804216027,0.2183392346,-2.0202441216,0.0000000000,nan,nan,nan,nan,nan,nan,nan,nan,nan,nan,nan,nan,nan,nan,nan,nan,nan,nan,nan,nan,nan,0.0300116539,0.9200181961,inf,0.0299811363,inf,inf,inf,0.0399968624,0.0799155235,inf,inf,inf,inf,inf,inf,inf,1583
1779239085.1014778614,-0.2363376021,-0.0146752689,0.2675319910,0.0055350844,0.0000076593,-0.0027675316,3.0610001087,nan,nan,-0.1000000015,0.0000000000,0.7599999905,0.0000000000,nan,nan,nan,nan,nan,nan,nan,nan,nan,nan,nan,nan,0.1745138913,0.0182196647,0.9804216027,0.2183392346,-2.0202441216,0.0000000000,nan,nan,nan,nan,nan,nan,nan,nan,nan,nan,nan,nan,nan,nan,nan,nan,nan,nan,nan,nan,nan,0.0400130749,0.9300196171,inf,0.0399825573,inf,inf,inf,0.0499982834,0.0899169445,inf,inf,inf,inf,inf,inf,inf,1583
1779239085.1115541458,-0.2349088043,-0.0132838460,0.2691085637,0.0055351532,-0.0055350685,-0.0000153188,3.0610001087,nan,nan,-0.1000000015,0.0000000000,0.7599999905,0.0000000000,nan,nan,nan,nan,nan,nan,nan,nan,nan,nan,nan,nan,0.1745138913,0.0182196647,0.9804216027,-0.1745666862,-1.8037642241,0.0000000000,nan,nan,nan,nan,nan,nan,nan,nan,nan,nan,nan,nan,nan,nan,nan,nan,nan,nan,nan,nan,nan,0.0000770092,0.9400959015,inf,0.0000467300,inf,inf,inf,0.0600745678,0.0000162125,inf,inf,inf,inf,inf,inf,inf,1583
1779239085.1214914322,-0.2349088043,-0.0132838460,0.2691085637,0.0055351532,-0.0055350685,-0.0000153188,3.0610001087,nan,nan,-0.1000000015,0.0000000000,0.7599999905,0.0000000000,nan,nan,nan,nan,nan,nan,nan,nan,nan,nan,nan,nan,0.1745138913,0.0182196647,0.9804216027,-0.1745666862,-1.8037642241,0.0000000000,nan,nan,nan,nan,nan,nan,nan,nan,nan,nan,nan,nan,nan,nan,nan,nan,nan,nan,nan,nan,nan,0.0100142956,0.9500331879,inf,0.0099840164,inf,inf,inf,0.0700118542,0.0099534988,inf,inf,inf,inf,inf,inf,inf,1583
1779239085.1315064430,-0.2349088043,-0.0132838460,0.2691085637,0.0055351532,-0.0055350685,-0.0000153188,3.0610001087,nan,nan,-0.1000000015,0.0000000000,0.7599999905,0.0000000000,nan,nan,nan,nan,nan,nan,nan,nan,nan,nan,nan,nan,0.1745138913,0.0182196647,0.9804216027,-0.1745666862,-1.8037642241,0.0000000000,nan,nan,nan,nan,nan,nan,nan,nan,nan,nan,nan,nan,nan,nan,nan,nan,nan,nan,nan,nan,nan,0.0200293064,0.9600481987,inf,0.0199990273,inf,inf,inf,0.0800268650,0.0199685097,inf,inf,inf,inf,inf,inf,inf,1583
1779239085.1415195465,-0.2349088043,-0.0132838460,0.2691085637,0.0055351532,-0.0055350685,-0.0000153188,3.0610001087,nan,nan,-0.1000000015,0.0000000000,0.7599999905,0.0000000000,nan,nan,nan,nan,nan,nan,nan,nan,nan,nan,nan,nan,0.1745138913,0.0182196647,0.9804216027,-0.1745666862,-1.8037642241,0.0000000000,nan,nan,nan,nan,nan,nan,nan,nan,nan,nan,nan,nan,nan,nan,nan,nan,nan,nan,nan,nan,nan,0.0300424099,0.9700613022,inf,0.0300121307,inf,inf,inf,0.0900399685,0.0299816132,inf,inf,inf,inf,inf,inf,inf,1583
1779239085.1514971256,-0.2349088043,-0.0132838460,0.2691085637,0.0055351532,-0.0055350685,-0.0000153188,3.0610001087,nan,nan,-0.1000000015,0.0000000000,0.7599999905,0.0000000000,nan,nan,nan,nan,nan,nan,nan,nan,nan,nan,nan,nan,0.1684767008,0.0180056654,0.9742287397,-0.1745666862,-1.8037642241,0.0000000000,nan,nan,nan,nan,nan,nan,nan,nan,nan,nan,nan,nan,nan,nan,nan,nan,nan,nan,nan,nan,nan,0.0400199890,0.9800388813,inf,0.0399897099,inf,inf,inf,0.0000190735,0.0399591923,inf,inf,inf,inf,inf,inf,inf,1583
1779239085.1615312099,-0.2331799567,-0.0124722095,0.2707282603,0.0027599120,-0.0055389088,0.0027599120,3.0610001087,nan,nan,-0.1000000015,0.0000000000,0.7599999905,0.0000000000,nan,nan,nan,nan,nan,nan,nan,nan,nan,nan,nan,nan,0.1684767008,0.0180056654,0.9742287397,-0.1745666862,-1.8037642241,0.0000000000,nan,nan,nan,nan,nan,nan,nan,nan,nan,nan,nan,nan,nan,nan,nan,nan,nan,nan,nan,nan,nan,0.0000483990,0.9900729656,inf,0.0000169277,inf,inf,inf,0.0100531578,0.0499932766,inf,inf,inf,inf,inf,inf,inf,1583
1779239085.1715140343,-0.2331799567,-0.0124722095,0.2707282603,0.0027599120,-0.0055389088,0.0027599120,2.9660000801,nan,nan,-0.1000000015,0.0000000000,0.7599999905,0.0000000000,nan,nan,nan,nan,nan,nan,nan,nan,nan,nan,nan,nan,0.1684767008,0.0180056654,0.9742287397,-0.1745666862,-1.8037642241,0.0000000000,nan,nan,nan,nan,nan,nan,nan,nan,nan,nan,nan,nan,nan,nan,nan,nan,nan,nan,nan,nan,nan,0.0100312233,0.0000193119,inf,0.0099997520,inf,inf,inf,0.0200359821,0.0599761009,inf,inf,inf,inf,inf,inf,inf,1583
1779239085.1815161705,-0.2331799567,-0.0124722095,0.2707282603,0.0027599120,-0.0055389088,0.0027599120,2.9660000801,nan,nan,-0.1000000015,0.0000000000,0.7599999905,0.0000000000,nan,nan,nan,nan,nan,nan,nan,nan,nan,nan,nan,nan,0.1684767008,0.0180056654,0.9742287397,-0.1745666862,-1.8037642241,0.0000000000,nan,nan,nan,nan,nan,nan,nan,nan,nan,nan,nan,nan,nan,nan,nan,nan,nan,nan,nan,nan,nan,0.0200333595,0.0100214481,inf,0.0200018883,inf,inf,inf,0.0300381184,0.0699782372,inf,inf,inf,inf,inf,inf,inf,1583
1779239085.1914999485,-0.2331799567,-0.0124722095,0.2707282603,0.0027599120,-0.0055389088,0.0027599120,2.9660000801,nan,nan,-0.1000000015,0.0000000000,0.7599999905,0.0000000000,nan,nan,nan,nan,nan,nan,nan,nan,nan,nan,nan,nan,0.1684767008,0.0180056654,0.9742287397,-0.1745666862,-1.8037642241,0.0000000000,nan,nan,nan,nan,nan,nan,nan,nan,nan,nan,nan,nan,nan,nan,nan,nan,nan,nan,nan,nan,nan,0.0300171375,0.0200052261,inf,0.0299856663,inf,inf,inf,0.0400218964,0.0799620152,inf,inf,inf,inf,inf,inf,inf,1583
1779239085.2015306950,-0.2331799567,-0.0124722095,0.2707282603,0.0027599120,-0.0055389088,0.0027599120,2.9660000801,nan,nan,-0.1000000015,0.0000000000,0.7599999905,0.0000000000,nan,nan,nan,nan,nan,nan,nan,nan,nan,nan,nan,nan,0.1684767008,0.0180056654,0.9742287397,-0.1745666862,-1.8037642241,0.0000000000,nan,nan,nan,nan,nan,nan,nan,nan,nan,nan,nan,nan,nan,nan,nan,nan,nan,nan,nan,nan,nan,0.0400478840,0.0300359726,inf,0.0400164127,inf,inf,inf,0.0500526428,0.0899927616,inf,inf,inf,inf,inf,inf,inf,1583
1779239085.2115726471,-0.2312016636,-0.0121962838,0.2721181512,-0.0000114893,-0.0083026395,0.0027676137,2.9660000801,nan,nan,-0.1000000015,0.0000000000,0.9599999785,0.0000000000,nan,nan,nan,nan,nan,nan,nan,nan,nan,nan,nan,nan,0.1684767008,0.0180056654,0.9742287397,-0.5929556489,-1.6518769264,0.0000000000,nan,nan,nan,nan,nan,nan,nan,nan,nan,nan,nan,nan,nan,nan,nan,nan,nan,nan,nan,nan,nan,0.0000870228,0.0400779247,inf,0.0000522137,inf,inf,inf,0.0600945950,0.0000176430,inf,inf,inf,inf,inf,inf,inf,1583
1779239085.2215032578,-0.2312016636,-0.0121962838,0.2721181512,-0.0000114893,-0.0083026395,0.0027676137,2.9660000801,nan,nan,-0.1000000015,0.0000000000,0.9599999785,0.0000000000,nan,nan,nan,nan,nan,nan,nan,nan,nan,nan,nan,nan,0.1684767008,0.0180056654,0.9742287397,-0.5929556489,-1.6518769264,0.0000000000,nan,nan,nan,nan,nan,nan,nan,nan,nan,nan,nan,nan,nan,nan,nan,nan,nan,nan,nan,nan,nan,0.0100176334,0.0500085354,inf,0.0099828243,inf,inf,inf,0.0700252056,0.0099482536,inf,inf,inf,inf,inf,inf,inf,1583
1779239085.2316031456,-0.2312016636,-0.0121962838,0.2721181512,-0.0000114893,-0.0083026395,0.0027676137,2.9660000801,nan,nan,-0.1000000015,0.0000000000,0.9599999785,0.0000000000,nan,nan,nan,nan,nan,nan,nan,nan,nan,nan,nan,nan,0.1684767008,0.0180056654,0.9742287397,-0.5929556489,-1.6518769264,0.0000000000,nan,nan,nan,nan,nan,nan,nan,nan,nan,nan,nan,nan,nan,nan,nan,nan,nan,nan,nan,nan,nan,0.0201175213,0.0601084232,inf,0.0200827122,inf,inf,inf,0.0801250935,0.0200481415,inf,inf,inf,inf,inf,inf,inf,1583
1779239085.2414979935,-0.2312016636,-0.0121962838,0.2721181512,-0.0000114893,-0.0083026395,0.0027676137,2.9660000801,nan,nan,-0.1000000015,0.0000000000,0.9599999785,0.0000000000,nan,nan,nan,nan,nan,nan,nan,nan,nan,nan,nan,nan,0.1684767008,0.0180056654,0.9742287397,-0.5929556489,-1.6518769264,0.0000000000,nan,nan,nan,nan,nan,nan,nan,nan,nan,nan,nan,nan,nan,nan,nan,nan,nan,nan,nan,nan,nan,0.0300123692,0.0700032711,inf,0.0299775600,inf,inf,inf,0.0900199413,0.0299429893,inf,inf,inf,inf,inf,inf,inf,1583
1779239085.2514915466,-0.2312016636,-0.0121962838,0.2721181512,-0.0000114893,-0.0083026395,0.0027676137,2.9660000801,nan,nan,-0.1000000015,0.0000000000,0.9599999785,0.0000000000,nan,nan,nan,nan,nan,nan,nan,nan,nan,nan,nan,nan,0.1620779037,0.0195345189,1.1000000238,-0.5929556489,-1.6518769264,0.0000000000,nan,nan,nan,nan,nan,nan,nan,nan,nan,nan,nan,nan,nan,nan,nan,nan,nan,nan,nan,nan,nan,0.0400059223,0.0799968243,inf,0.0399711132,inf,inf,inf,0.0000188351,0.0399365425,inf,inf,inf,inf,inf,inf,inf,1583
1779239085.2615258694,-0.2290666699,-0.0124045229,0.2731992900,-0.0055581896,-0.0082872645,0.0055581896,2.9660000801,nan,nan,-0.1000000015,0.0000000000,0.9599999785,0.0000000000,nan,nan,nan,nan,nan,nan,nan,nan,nan,nan,nan,nan,0.1620779037,0.0195345189,1.1000000238,-0.5929556489,-1.6518769264,0.0000000000,nan,nan,nan,nan,nan,nan,nan,nan,nan,nan,nan,nan,nan,nan,nan,nan,nan,nan,nan,nan,nan,0.0000472069,0.0900311470,inf,0.0000171661,inf,inf,inf,0.0100531578,0.0499708652,inf,inf,inf,inf,inf,inf,inf,1583
1779239085.2714810371,-0.2290666699,-0.0124045229,0.2731992900,-0.0055581896,-0.0082872645,0.0055581896,2.9660000801,nan,nan,-0.1000000015,0.0000000000,0.9599999785,0.0000000000,nan,nan,nan,nan,nan,nan,nan,nan,nan,nan,nan,nan,0.1620779037,0.0195345189,1.1000000238,-0.5929556489,-1.6518769264,0.0000000000,nan,nan,nan,nan,nan,nan,nan,nan,nan,nan,nan,nan,nan,nan,nan,nan,nan,nan,nan,nan,nan,0.0100023746,0.0999863148,inf,0.0099723339,inf,inf,inf,0.0200083256,0.0599260330,inf,inf,inf,inf,inf,inf,inf,1583
1779239085.2814738750,-0.2290666699,-0.0124045229,0.2731992900,-0.0055581896,-0.0082872645,0.0055581896,2.9660000801,nan,nan,-0.1000000015,0.0000000000,0.9599999785,0.0000000000,nan,nan,nan,nan,nan,nan,nan,nan,nan,nan,nan,nan,0.1620779037,0.0195345189,1.1000000238,-0.5929556489,-1.6518769264,0.0000000000,nan,nan,nan,nan,nan,nan,nan,nan,nan,nan,nan,nan,nan,nan,nan,nan,nan,nan,nan,nan,nan,0.0199952126,0.1099791527,inf,0.0199651718,inf,inf,inf,0.0300011635,0.0699188709,inf,inf,inf,inf,inf,inf,inf,1583
1779239085.2914977074,-0.2290666699,-0.0124045229,0.2731992900,-0.0055581896,-0.0082872645,0.0055581896,2.9660000801,nan,nan,-0.1000000015,0.0000000000,0.9599999785,0.0000000000,nan,nan,nan,nan,nan,nan,nan,nan,nan,nan,nan,nan,0.1620779037,0.0195345189,1.1000000238,-0.5929556489,-1.6518769264,0.0000000000,nan,nan,nan,nan,nan,nan,nan,nan,nan,nan,nan,nan,nan,nan,nan,nan,nan,nan,nan,nan,nan,0.0300190449,0.1200029850,inf,0.0299890041,inf,inf,inf,0.0400249958,0.0799427032,inf,inf,inf,inf,inf,inf,inf,1583
1779239085.3015210629,-0.2290666699,-0.0124045229,0.2731992900,-0.0055581896,-0.0082872645,0.0055581896,2.9660000801,nan,nan,-0.1000000015,0.0000000000,0.9599999785,0.0000000000,nan,nan,nan,nan,nan,nan,nan,nan,nan,nan,nan,nan,0.1620779037,0.0195345189,1.1000000238,-0.5929556489,-1.6518769264,0.0000000000,nan,nan,nan,nan,nan,nan,nan,nan,nan,nan,nan,nan,nan,nan,nan,nan,nan,nan,nan,nan,nan,0.0400424004,0.1300263405,inf,0.0400123596,inf,inf,inf,0.0500483513,0.0899660587,inf,inf,inf,inf,inf,inf,inf,1583
1779239085.3115997314,-0.2268124521,-0.0130051402,0.2738962770,-0.0083336351,-0.0110471044,0.0055812540,2.9660000801,nan,nan,-0.1000000015,0.0000000000,0.9599999785,0.0000000000,nan,nan,nan,nan,nan,nan,nan,nan,nan,nan,nan,nan,0.1620779037,0.0195345189,1.1000000238,-0.9207442403,-1.5548536777,0.0000000000,nan,nan,nan,nan,nan,nan,nan,nan,nan,nan,nan,nan,nan,nan,nan,nan,nan,nan,nan,nan,nan,0.0000867844,0.1401050091,inf,0.0000534058,inf,inf,inf,0.0601270199,0.0000183582,inf,inf,inf,inf,inf,inf,inf,1583
1779239085.3215255737,-0.2268124521,-0.0130051402,0.2738962770,-0.0083336351,-0.0110471044,0.0055812540,2.9660000801,nan,nan,-0.1000000015,0.0000000000,0.9599999785,0.0000000000,nan,nan,nan,nan,nan,nan,nan,nan,nan,nan,nan,nan,0.1620779037,0.0195345189,1.1000000238,-0.9207442403,-1.5548536777,0.0000000000,nan,nan,nan,nan,nan,nan,nan,nan,nan,nan,nan,nan,nan,nan,nan,nan,nan,nan,nan,nan,nan,0.0100126266,0.1500308514,inf,0.0099792480,inf,inf,inf,0.0700528622,0.0099442005,inf,inf,inf,inf,inf,inf,inf,1583
1779239085.3315312862,-0.2268124521,-0.0130051402,0.2738962770,-0.0083336351,-0.0110471044,0.0055812540,2.9660000801,nan,nan,-0.1000000015,0.0000000000,0.9599999785,0.0000000000,nan,nan,nan,nan,nan,nan,nan,nan,nan,nan,nan,nan,0.1620779037,0.0195345189,1.1000000238,-0.9207442403,-1.5548536777,0.0000000000,nan,nan,nan,nan,nan,nan,nan,nan,nan,nan,nan,nan,nan,nan,nan,nan,nan,nan,nan,nan,nan,0.0200183392,0.1600365639,inf,0.0199849606,inf,inf,inf,0.0800585747,0.0199499130,inf,inf,inf,inf,inf,inf,inf,1583
1779239085.3415076733,-0.2268124521,-0.0130051402,0.2738962770,-0.0083336351,-0.0110471044,0.0055812540,2.9660000801,nan,nan,-0.1000000015,0.0000000000,0.9599999785,0.0000000000,nan,nan,nan,nan,nan,nan,nan,nan,nan,nan,nan,nan,0.1620779037,0.0195345189,1.1000000238,-0.9207442403,-1.5548536777,0.0000000000,nan,nan,nan,nan,nan,nan,nan,nan,nan,nan,nan,nan,nan,nan,nan,nan,nan,nan,nan,nan,nan,0.0299947262,0.1700129509,inf,0.0299613476,inf,inf,inf,0.0900349617,0.0299263000,inf,inf,inf,inf,inf,inf,inf,1583
1779239085.3514733315,-0.2268124521,-0.0130051402,0.2738962770,-0.0083336351,-0.0110471044,0.0055812540,2.9660000801,nan,nan,-0.1000000015,0.0000000000,0.9599999785,0.0000000000,nan,nan,nan,nan,nan,nan,nan,nan,nan,nan,nan,nan,0.1557781547,0.0242568161,1.1000000238,-0.9207442403,-1.5548536777,0.0000000000,nan,nan,nan,nan,nan,nan,nan,nan,nan,nan,nan,nan,nan,nan,nan,nan,nan,nan,nan,nan,nan,0.0399603844,0.1799786091,inf,0.0399270058,inf,inf,inf,0.0000185966,0.0398919582,inf,inf,inf,inf,inf,inf,inf,1583
1779239085.3615341187,-0.2245269418,-0.0139422258,0.2744013667,-0.0111165907,-0.0110239982,0.0083641777,2.9660000801,nan,nan,-0.1000000015,0.0000000000,0.9599999785,0.0000000000,nan,nan,nan,nan,nan,nan,nan,nan,nan,nan,nan,nan,0.1557781547,0.0242568161,1.1000000238,-0.9207442403,-1.5548536777,0.0000000000,nan,nan,nan,nan,nan,nan,nan,nan,nan,nan,nan,nan,nan,nan,nan,nan,nan,nan,nan,nan,nan,0.0000500679,0.1900393963,inf,0.0000183582,inf,inf,inf,0.0100793839,0.0499527454,inf,inf,inf,inf,inf,inf,inf,1583
1779239085.3715126514,-0.2245269418,-0.0139422258,0.2744013667,-0.0111165907,-0.0110239982,0.0083641777,2.9660000801,nan,nan,-0.1000000015,0.0000000000,0.9599999785,0.0000000000,nan,nan,nan,nan,nan,nan,nan,nan,nan,nan,nan,nan,0.1557781547,0.0242568161,1.1000000238,-0.9207442403,-1.5548536777,0.0000000000,nan,nan,nan,nan,nan,nan,nan,nan,nan,nan,nan,nan,nan,nan,nan,nan,nan,nan,nan,nan,nan,0.0100286007,0.2000179291,inf,0.0099968910,inf,inf,inf,0.0200579166,0.0599312782,inf,inf,inf,inf,inf,inf,inf,1583
1779239085.3815033436,-0.2245269418,-0.0139422258,0.2744013667,-0.0111165907,-0.0110239982,0.0083641777,2.9660000801,nan,nan,-0.1000000015,0.0000000000,0.9599999785,0.0000000000,nan,nan,nan,nan,nan,nan,nan,nan,nan,nan,nan,nan,0.1557781547,0.0242568161,1.1000000238,-0.9207442403,-1.5548536777,0.0000000000,nan,nan,nan,nan,nan,nan,nan,nan,nan,nan,nan,nan,nan,nan,nan,nan,nan,nan,nan,nan,nan,0.0200192928,0.2100086212,inf,0.0199875832,inf,inf,inf,0.0300486088,0.0699219704,inf,inf,inf,inf,inf,inf,inf,1583
1779239085.3915166855,-0.2245269418,-0.0139422258,0.2744013667,-0.0111165907,-0.0110239982,0.0083641777,2.9660000801,nan,nan,-0.1000000015,0.0000000000,0.9599999785,0.0000000000,nan,nan,nan,nan,nan,nan,nan,nan,nan,nan,nan,nan,0.1557781547,0.0242568161,1.1000000238,-0.9207442403,-1.5548536777,0.0000000000,nan,nan,nan,nan,nan,nan,nan,nan,nan,nan,nan,nan,nan,nan,nan,nan,nan,nan,nan,nan,nan,0.0300326347,0.2200219631,inf,0.0300009251,inf,inf,inf,0.0400619507,0.0799353123,inf,inf,inf,inf,inf,inf,inf,1583
1779239085.4015011787,-0.2245269418,-0.0139422258,0.2744013667,-0.0111165907,-0.0110239982,0.0083641777,2.9660000801,nan,nan,-0.1000000015,0.0000000000,0.9599999785,0.0000000000,nan,nan,nan,nan,nan,nan,nan,nan,nan,nan,nan,nan,0.1557781547,0.0242568161,1.1000000238,-0.9207442403,-1.5548536777,0.0000000000,nan,nan,nan,nan,nan,nan,nan,nan,nan,nan,nan,nan,nan,nan,nan,nan,nan,nan,nan,nan,nan,0.0400171280,0.2300064564,inf,0.0399854183,inf,inf,inf,0.0500464439,0.0899198055,inf,inf,inf,inf,inf,inf,inf,1583
1779239085.4115819931,-0.2062436342,-0.0150023019,0.2730176747,-0.0139080653,-0.0165474450,0.0084182084,2.9660000801,nan,nan,-0.1000000015,0.0000000000,0.9599999785,0.0000000000,nan,nan,nan,nan,nan,nan,nan,nan,nan,nan,nan,nan,0.1557781547,0.0242568161,1.1000000238,-1.2057081461,-1.5508751869,0.0000000000,nan,nan,nan,nan,nan,nan,nan,nan,nan,nan,nan,nan,nan,nan,nan,nan,nan,nan,nan,nan,nan,0.0000884533,0.2400872707,inf,0.0000538826,inf,inf,inf,0.0601272583,0.0000195503,inf,inf,inf,inf,inf,inf,inf,1583
1779239085.4215197563,-0.2062436342,-0.0150023019,0.2730176747,-0.0139080653,-0.0165474450,0.0084182084,2.9660000801,nan,nan,-0.1000000015,0.0000000000,0.9599999785,0.0000000000,nan,nan,nan,nan,nan,nan,nan,nan,nan,nan,nan,nan,0.1557781547,0.0242568161,1.1000000238,-1.2057081461,-1.5508751869,0.0000000000,nan,nan,nan,nan,nan,nan,nan,nan,nan,nan,nan,nan,nan,nan,nan,nan,nan,nan,nan,nan,nan,0.0100262165,0.2500250340,inf,0.0099916458,inf,inf,inf,0.0700650215,0.0099573135,inf,inf,inf,inf,inf,inf,inf,1583
1779239085.4315404892,-0.2062436342,-0.0150023019,0.2730176747,-0.0139080653,-0.0165474450,0.0084182084,2.9660000801,nan,nan,-0.1000000015,0.0000000000,0.9599999785,0.0000000000,nan,nan,nan,nan,nan,nan,nan,nan,nan,nan,nan,nan,0.1557781547,0.0242568161,1.1000000238,-1.2057081461,-1.5508751869,0.0000000000,nan,nan,nan,nan,nan,nan,nan,nan,nan,nan,nan,nan,nan,nan,nan,nan,nan,nan,nan,nan,nan,0.0200469494,0.2600457668,inf,0.0200123787,inf,inf,inf,0.0800857544,0.0199780464,inf,inf,inf,inf,inf,inf,inf,1583
1779239085.4415178299,-0.2062436342,-0.0150023019,0.2730176747,-0.0139080653,-0.0165474450,0.0084182084,2.9660000801,nan,nan,-0.1000000015,0.0000000000,0.9599999785,0.0000000000,nan,nan,nan,nan,nan,nan,nan,nan,nan,nan,nan,nan,0.1557781547,0.0242568161,1.1000000238,-1.2057081461,-1.5508751869,0.0000000000,nan,nan,nan,nan,nan,nan,nan,nan,nan,nan,nan,nan,nan,nan,nan,nan,nan,nan,nan,nan,nan,0.0300242901,0.2700231075,inf,0.0299897194,inf,inf,inf,0.0900630951,0.0299553871,inf,inf,inf,inf,inf,inf,inf,1583
1779239085.4515459538,-0.2062436342,-0.0150023019,0.2730176747,-0.0139080653,-0.0165474450,0.0084182084,2.9660000801,nan,nan,-0.1000000015,0.0000000000,0.9599999785,0.0000000000,nan,nan,nan,nan,nan,nan,nan,nan,nan,nan,nan,nan,0.1124554425,0.0291784517,1.1000000238,-1.2057081461,-1.5508751869,0.0000000000,nan,nan,nan,nan,nan,nan,nan,nan,nan,nan,nan,nan,nan,nan,nan,nan,nan,nan,nan,nan,nan,0.0400524139,0.2800512314,inf,0.0400178432,inf,inf,inf,0.0000238419,0.0399835110,inf,inf,inf,inf,inf,inf,inf,1583
1779239085.4615430832,-0.2018645257,-0.0164098106,0.2726648450,-0.0166988121,-0.0165126871,0.0112088623,2.9660000801,nan,nan,-0.1000000015,0.0000000000,0.9599999785,0.0000000000,nan,nan,nan,nan,nan,nan,nan,nan,nan,nan,nan,nan,0.1124554425,0.0291784517,1.1000000238,-1.2057081461,-1.5508751869,0.0000000000,nan,nan,nan,nan,nan,nan,nan,nan,nan,nan,nan,nan,nan,nan,nan,nan,nan,nan,nan,nan,nan,0.0000476837,0.2900483608,inf,0.0000181198,inf,inf,inf,0.0100209713,0.0499806404,inf,inf,inf,inf,inf,inf,inf,1583
1779239085.4715194702,-0.2018645257,-0.0164098106,0.2726648450,-0.0166988121,-0.0165126871,0.0112088623,2.9660000801,nan,nan,-0.1000000015,0.0000000000,0.9599999785,0.0000000000,nan,nan,nan,nan,nan,nan,nan,nan,nan,nan,nan,nan,0.1124554425,0.0291784517,1.1000000238,-1.2057081461,-1.5508751869,0.0000000000,nan,nan,nan,nan,nan,nan,nan,nan,nan,nan,nan,nan,nan,nan,nan,nan,nan,nan,nan,nan,nan,0.0100240707,0.3000247478,inf,0.0099945068,inf,inf,inf,0.0199973583,0.0599570274,inf,inf,inf,inf,inf,inf,inf,1583
1779239085.4814791679,-0.2018645257,-0.0164098106,0.2726648450,-0.0166988121,-0.0165126871,0.0112088623,2.9660000801,nan,nan,-0.1000000015,0.0000000000,0.9599999785,0.0000000000,nan,nan,nan,nan,nan,nan,nan,nan,nan,nan,nan,nan,0.1124554425,0.0291784517,1.1000000238,-1.2057081461,-1.5508751869,0.0000000000,nan,nan,nan,nan,nan,nan,nan,nan,nan,nan,nan,nan,nan,nan,nan,nan,nan,nan,nan,nan,nan,0.0199837685,0.3099844456,inf,0.0199542046,inf,inf,inf,0.0299570560,0.0699167252,inf,inf,inf,inf,inf,inf,inf,1583
1779239085.4915175438,-0.2018645257,-0.0164098106,0.2726648450,-0.0166988121,-0.0165126871,0.0112088623,2.9660000801,nan,nan,-0.1000000015,0.0000000000,0.9599999785,0.0000000000,nan,nan,nan,nan,nan,nan,nan,nan,nan,nan,nan,nan,0.1124554425,0.0291784517,1.1000000238,-1.2057081461,-1.5508751869,0.0000000000,nan,nan,nan,nan,nan,nan,nan,nan,nan,nan,nan,nan,nan,nan,nan,nan,nan,nan,nan,nan,nan,0.0300221443,0.3200228214,inf,0.0299925804,inf,inf,inf,0.0399954319,0.0799551010,inf,inf,inf,inf,inf,inf,inf,1583
1779239085.5015075207,-0.2018645257,-0.0164098106,0.2726648450,-0.0166988121,-0.0165126871,0.0112088623,2.9660000801,nan,nan,-0.1000000015,0.0000000000,0.9599999785,0.0000000000,nan,nan,nan,nan,nan,nan,nan,nan,nan,nan,nan,nan,0.1124554425,0.0291784517,1.1000000238,-1.2057081461,-1.5508751869,0.0000000000,nan,nan,nan,nan,nan,nan,nan,nan,nan,nan,nan,nan,nan,nan,nan,nan,nan,nan,nan,nan,nan,0.0400121212,0.3300127983,inf,0.0399825573,inf,inf,inf,0.0499854088,0.0899450779,inf,inf,inf,inf,inf,inf,inf,1583
1779239085.5115766525,-0.1975926012,-0.0179638825,0.2718966007,-0.0195480812,-0.0303349537,0.0113685509,2.9660000801,nan,nan,-0.1000000015,0.0000000000,0.9599999785,0.0000000000,nan,nan,nan,nan,nan,nan,nan,nan,nan,nan,nan,nan,0.1124554425,0.0291784517,1.1000000238,-1.3865903616,-0.6368777156,0.0000000000,nan,nan,nan,nan,nan,nan,nan,nan,nan,nan,nan,nan,nan,nan,nan,nan,nan,nan,nan,nan,nan,0.0000855923,0.3400819302,inf,0.0000517368,inf,inf,inf,0.0600545406,0.0000174046,inf,inf,inf,inf,inf,inf,inf,1583
1779239085.5215415955,-0.1975926012,-0.0179638825,0.2718966007,-0.0195480812,-0.0303349537,0.0113685509,2.9660000801,nan,nan,-0.1000000015,0.0000000000,0.9599999785,0.0000000000,nan,nan,nan,nan,nan,nan,nan,nan,nan,nan,nan,nan,0.1124554425,0.0291784517,1.1000000238,-1.3865903616,-0.6368777156,0.0000000000,nan,nan,nan,nan,nan,nan,nan,nan,nan,nan,nan,nan,nan,nan,nan,nan,nan,nan,nan,nan,nan,0.0100505352,0.3500468731,inf,0.0100166798,inf,inf,inf,0.0700194836,0.0099823475,inf,inf,inf,inf,inf,inf,inf,1583
1779239085.5314841270,-0.1975926012,-0.0179638825,0.2718966007,-0.0195480812,-0.0303349537,0.0113685509,2.9660000801,nan,nan,-0.1000000015,0.0000000000,0.9599999785,0.0000000000,nan,nan,nan,nan,nan,nan,nan,nan,nan,nan,nan,nan,0.1124554425,0.0291784517,1.1000000238,-1.3865903616,-0.6368777156,0.0000000000,nan,nan,nan,nan,nan,nan,nan,nan,nan,nan,nan,nan,nan,nan,nan,nan,nan,nan,nan,nan,nan,0.0199930668,0.3599894047,inf,0.0199592113,inf,inf,inf,0.0799620152,0.0199248791,inf,inf,inf,inf,inf,inf,inf,1583
1779239085.5415024757,-0.1975926012,-0.0179638825,0.2718966007,-0.0195480812,-0.0303349537,0.0113685509,2.9660000801,nan,nan,-0.1000000015,0.0000000000,0.9599999785,0.0000000000,nan,nan,nan,nan,nan,nan,nan,nan,nan,nan,nan,nan,0.1124554425,0.0291784517,1.1000000238,-1.3865903616,-0.6368777156,0.0000000000,nan,nan,nan,nan,nan,nan,nan,nan,nan,nan,nan,nan,nan,nan,nan,nan,nan,nan,nan,nan,nan,0.0300114155,0.3700077534,inf,0.0299775600,inf,inf,inf,0.0899803638,0.0299432278,inf,inf,inf,inf,inf,inf,inf,1583
1779239085.5515153408,-0.1975926012,-0.0179638825,0.2718966007,-0.0195480812,-0.0303349537,0.0113685509,2.9660000801,nan,nan,-0.1000000015,0.0000000000,0.9599999785,0.0000000000,nan,nan,nan,nan,nan,nan,nan,nan,nan,nan,nan,nan,0.1116427481,0.0345851928,1.1000000238,-1.3865903616,-0.6368777156,0.0000000000,nan,nan,nan,nan,nan,nan,nan,nan,nan,nan,nan,nan,nan,nan,nan,nan,nan,nan,nan,nan,nan,0.0400242805,0.3800206184,inf,0.0399904251,inf,inf,inf,0.0000212193,0.0399560928,inf,inf,inf,inf,inf,inf,inf,1583
1779239085.5615684986,-0.1937104464,-0.0196354110,0.2708942592,-0.0223177489,-0.0247531581,0.0141159812,2.9660000801,nan,nan,-0.1000000015,0.0000000000,0.9599999785,0.0000000000,nan,nan,nan,nan,nan,nan,nan,nan,nan,nan,nan,nan,0.1116427481,0.0345851928,1.1000000238,-1.3865903616,-0.6368777156,0.0000000000,nan,nan,nan,nan,nan,nan,nan,nan,nan,nan,nan,nan,nan,nan,nan,nan,nan,nan,nan,nan,nan,0.0000572205,0.3900737762,inf,0.0000207424,inf,inf,inf,0.0100743771,0.0500092506,inf,inf,inf,inf,inf,inf,inf,1583
1779239085.5715148449,-0.1937104464,-0.0196354110,0.2708942592,-0.0223177489,-0.0247531581,0.0141159812,2.9660000801,nan,nan,-0.1000000015,0.0000000000,0.9599999785,0.0000000000,nan,nan,nan,nan,nan,nan,nan,nan,nan,nan,nan,nan,0.1116427481,0.0345851928,1.1000000238,-1.3865903616,-0.6368777156,0.0000000000,nan,nan,nan,nan,nan,nan,nan,nan,nan,nan,nan,nan,nan,nan,nan,nan,nan,nan,nan,nan,nan,0.0100035667,0.4000201225,inf,0.0099670887,inf,inf,inf,0.0200207233,0.0599555969,inf,inf,inf,inf,inf,inf,inf,1583
1779239085.5815160275,-0.1937104464,-0.0196354110,0.2708942592,-0.0223177489,-0.0247531581,0.0141159812,2.9660000801,nan,nan,-0.1000000015,0.0000000000,0.9599999785,0.0000000000,nan,nan,nan,nan,nan,nan,nan,nan,nan,nan,nan,nan,0.1116427481,0.0345851928,1.1000000238,-1.3865903616,-0.6368777156,0.0000000000,nan,nan,nan,nan,nan,nan,nan,nan,nan,nan,nan,nan,nan,nan,nan,nan,nan,nan,nan,nan,nan,0.0200047493,0.4100213051,inf,0.0199682713,inf,inf,inf,0.0300219059,0.0699567795,inf,inf,inf,inf,inf,inf,inf,1583
1779239085.5915143490,-0.1937104464,-0.0196354110,0.2708942592,-0.0223177489,-0.0247531581,0.0141159812,2.9660000801,nan,nan,-0.1000000015,0.0000000000,0.9599999785,0.0000000000,nan,nan,nan,nan,nan,nan,nan,nan,nan,nan,nan,nan,0.1116427481,0.0345851928,1.1000000238,-1.3865903616,-0.6368777156,0.0000000000,nan,nan,nan,nan,nan,nan,nan,nan,nan,nan,nan,nan,nan,nan,nan,nan,nan,nan,nan,nan,nan,0.0300030708,0.4200196266,inf,0.0299665928,inf,inf,inf,0.0400202274,0.0799551010,inf,inf,inf,inf,inf,inf,inf,1583
1779239085.6015145779,-0.1937104464,-0.0196354110,0.2708942592,-0.0223177489,-0.0247531581,0.0141159812,2.9660000801,nan,nan,-0.1000000015,0.0000000000,0.9599999785,0.0000000000,nan,nan,nan,nan,nan,nan,nan,nan,nan,nan,nan,nan,0.1116427481,0.0345851928,1.1000000238,-1.3865903616,-0.6368777156,0.0000000000,nan,nan,nan,nan,nan,nan,nan,nan,nan,nan,nan,nan,nan,nan,nan,nan,nan,nan,nan,nan,nan,0.0400032997,0.4300198555,inf,0.0399668217,inf,inf,inf,0.0500204563,0.0899553299,inf,inf,inf,inf,inf,inf,inf,1583
1779239085.6116032600,-0.1902166009,-0.0213643201,0.2695054114,-0.0251065691,-0.0275010859,0.0141854840,2.9660000801,nan,nan,-0.1000000015,0.0000000000,0.9599999785,0.0000000000,nan,nan,nan,nan,nan,nan,nan,nan,nan,nan,nan,nan,0.1116427481,0.0345851928,1.1000000238,-1.4899420738,-0.7698938847,0.0000000000,nan,nan,nan,nan,nan,nan,nan,nan,nan,nan,nan,nan,nan,nan,nan,nan,nan,nan,nan,nan,nan,0.0000894070,0.4401085377,inf,0.0000543594,inf,inf,inf,0.0601091385,0.0000193119,inf,inf,inf,inf,inf,inf,inf,1583
1779239085.6215186119,-0.1902166009,-0.0213643201,0.2695054114,-0.0251065691,-0.0275010859,0.0141854840,2.9660000801,nan,nan,-0.1000000015,0.0000000000,0.9599999785,0.0000000000,nan,nan,nan,nan,nan,nan,nan,nan,nan,nan,nan,nan,0.1116427481,0.0345851928,1.1000000238,-1.4899420738,-0.7698938847,0.0000000000,nan,nan,nan,nan,nan,nan,nan,nan,nan,nan,nan,nan,nan,nan,nan,nan,nan,nan,nan,nan,nan,0.0100047588,0.4500238895,inf,0.0099697113,inf,inf,inf,0.0700244904,0.0099346638,inf,inf,inf,inf,inf,inf,inf,1583
1779239085.6315066814,-0.1902166009,-0.0213643201,0.2695054114,-0.0251065691,-0.0275010859,0.0141854840,2.9660000801,nan,nan,-0.1000000015,0.0000000000,0.9599999785,0.0000000000,nan,nan,nan,nan,nan,nan,nan,nan,nan,nan,nan,nan,0.1116427481,0.0345851928,1.1000000238,-1.4899420738,-0.7698938847,0.0000000000,nan,nan,nan,nan,nan,nan,nan,nan,nan,nan,nan,nan,nan,nan,nan,nan,nan,nan,nan,nan,nan,0.0199928284,0.4600119591,inf,0.0199577808,inf,inf,inf,0.0800125599,0.0199227333,inf,inf,inf,inf,inf,inf,inf,1583
1779239085.6415038109,-0.1902166009,-0.0213643201,0.2695054114,-0.0251065691,-0.0275010859,0.0141854840,2.9660000801,nan,nan,-0.1000000015,0.0000000000,0.9599999785,0.0000000000,nan,nan,nan,nan,nan,nan,nan,nan,nan,nan,nan,nan,0.1116427481,0.0345851928,1.1000000238,-1.4899420738,-0.7698938847,0.0000000000,nan,nan,nan,nan,nan,nan,nan,nan,nan,nan,nan,nan,nan,nan,nan,nan,nan,nan,nan,nan,nan,0.0299899578,0.4700090885,inf,0.0299549103,inf,inf,inf,0.0900096893,0.0299198627,inf,inf,inf,inf,inf,inf,inf,1583
1779239085.6515333652,-0.1902166009,-0.0213643201,0.2695054114,-0.0251065691,-0.0275010859,0.0141854840,2.9660000801,nan,nan,-0.1000000015,0.0000000000,0.9599999785,0.0000000000,nan,nan,nan,nan,nan,nan,nan,nan,nan,nan,nan,nan,0.1100286692,0.0421399698,1.1000000238,-1.4899420738,-0.7698938847,0.0000000000,nan,nan,nan,nan,nan,nan,nan,nan,nan,nan,nan,nan,nan,nan,nan,nan,nan,nan,nan,nan,nan,0.0400195122,0.4800386429,inf,0.0399844646,inf,inf,inf,0.0000224113,0.0399494171,inf,inf,inf,inf,inf,inf,inf,1583
1779239085.6615204811,-0.1891167164,-0.0237593167,0.2662554383,-0.0279130701,-0.0274428242,0.0169916737,2.9660000801,nan,nan,-0.1000000015,0.0000000000,0.9599999785,0.0000000000,nan,nan,nan,nan,nan,nan,nan,nan,nan,nan,nan,nan,0.1100286692,0.0421399698,1.1000000238,-1.4899420738,-0.7698938847,0.0000000000,nan,nan,nan,nan,nan,nan,nan,nan,nan,nan,nan,nan,nan,nan,nan,nan,nan,nan,nan,nan,nan,0.0000483990,0.4900257587,inf,0.0000164509,inf,inf,inf,0.0100095272,0.0499365330,inf,inf,inf,inf,inf,inf,inf,1583
1779239085.6714837551,-0.1891167164,-0.0237593167,0.2662554383,-0.0279130701,-0.0274428242,0.0169916737,2.9660000801,nan,nan,-0.1000000015,0.0000000000,0.9599999785,0.0000000000,nan,nan,nan,nan,nan,nan,nan,nan,nan,nan,nan,nan,0.1100286692,0.0421399698,1.1000000238,-1.4899420738,-0.7698938847,0.0000000000,nan,nan,nan,nan,nan,nan,nan,nan,nan,nan,nan,nan,nan,nan,nan,nan,nan,nan,nan,nan,nan,0.0100116730,0.4999890327,inf,0.0099797249,inf,inf,inf,0.0199728012,0.0598998070,inf,inf,inf,inf,inf,inf,inf,1583
1779239085.6814806461,-0.1891167164,-0.0237593167,0.2662554383,-0.0279130701,-0.0274428242,0.0169916737,2.9660000801,nan,nan,-0.1000000015,0.0000000000,0.9599999785,0.0000000000,nan,nan,nan,nan,nan,nan,nan,nan,nan,nan,nan,nan,0.1100286692,0.0421399698,1.1000000238,-1.4899420738,-0.7698938847,0.0000000000,nan,nan,nan,nan,nan,nan,nan,nan,nan,nan,nan,nan,nan,nan,nan,nan,nan,nan,nan,nan,nan,0.0200085640,0.5099859238,inf,0.0199766159,inf,inf,inf,0.0299696922,0.0698966980,inf,inf,inf,inf,inf,inf,inf,1583
1779239085.6914598942,-0.1891167164,-0.0237593167,0.2662554383,-0.0279130701,-0.0274428242,0.0169916737,2.9660000801,nan,nan,-0.1000000015,0.0000000000,0.9599999785,0.0000000000,nan,nan,nan,nan,nan,nan,nan,nan,nan,nan,nan,nan,0.1100286692,0.0421399698,1.1000000238,-1.4899420738,-0.7698938847,0.0000000000,nan,nan,nan,nan,nan,nan,nan,nan,nan,nan,nan,nan,nan,nan,nan,nan,nan,nan,nan,nan,nan,0.0299878120,0.5199651718,inf,0.0299558640,inf,inf,inf,0.0399489403,0.0798759460,inf,inf,inf,inf,inf,inf,inf,1583
1779239085.7014663219,-0.1891167164,-0.0237593167,0.2662554383,-0.0279130701,-0.0274428242,0.0169916737,2.9660000801,nan,nan,-0.1000000015,0.0000000000,0.9599999785,0.0000000000,nan,nan,nan,nan,nan,nan,nan,nan,nan,nan,nan,nan,0.1100286692,0.0421399698,1.1000000238,-1.4899420738,-0.7698938847,0.0000000000,nan,nan,nan,nan,nan,nan,nan,nan,nan,nan,nan,nan,nan,nan,nan,nan,nan,nan,nan,nan,nan,0.0399942398,0.5299715996,inf,0.0399622917,inf,inf,inf,0.0499553680,0.0898823738,inf,inf,inf,inf,inf,inf,inf,1583
1779239085.7115185261,-0.1869473308,-0.0255103931,0.2641002536,-0.0278400507,-0.0191407479,0.0168742722,2.9660000801,nan,nan,-0.1000000015,0.0000000000,0.9599999785,0.0000000000,nan,nan,nan,nan,nan,nan,nan,nan,nan,nan,nan,nan,0.1100286692,0.0421399698,1.1000000238,-1.5497221947,-1.1517108679,0.0000000000,nan,nan,nan,nan,nan,nan,nan,nan,nan,nan,nan,nan,nan,nan,nan,nan,nan,nan,nan,nan,nan,0.0000507832,0.5400238037,inf,0.0000312328,inf,inf,inf,0.0600075722,0.0000109673,inf,inf,inf,inf,inf,inf,inf,1583
1779239085.7214226723,-0.1869473308,-0.0255103931,0.2641002536,-0.0278400507,-0.0191407479,0.0168742722,2.9660000801,nan,nan,-0.1000000015,0.0000000000,0.9599999785,0.0000000000,nan,nan,nan,nan,nan,nan,nan,nan,nan,nan,nan,nan,0.1100286692,0.0421399698,1.1000000238,-1.5497221947,-1.1517108679,0.0000000000,nan,nan,nan,nan,nan,nan,nan,nan,nan,nan,nan,nan,nan,nan,nan,nan,nan,nan,nan,nan,nan,0.0099549294,0.5499279499,inf,0.0099353790,inf,inf,inf,0.0699117184,0.0099151134,inf,inf,inf,inf,inf,inf,inf,1583
1779239085.7314395905,-0.1869473308,-0.0255103931,0.2641002536,-0.0278400507,-0.0191407479,0.0168742722,2.9660000801,nan,nan,-0.1000000015,0.0000000000,0.9599999785,0.0000000000,nan,nan,nan,nan,nan,nan,nan,nan,nan,nan,nan,nan,0.1100286692,0.0421399698,1.1000000238,-1.5497221947,-1.1517108679,0.0000000000,nan,nan,nan,nan,nan,nan,nan,nan,nan,nan,nan,nan,nan,nan,nan,nan,nan,nan,nan,nan,nan,0.0199718475,0.5599448681,inf,0.0199522972,inf,inf,inf,0.0799286366,0.0199320316,inf,inf,inf,inf,inf,inf,inf,1583
1779239085.7414548397,-0.1869473308,-0.0255103931,0.2641002536,-0.0278400507,-0.0191407479,0.0168742722,2.9660000801,nan,nan,-0.1000000015,0.0000000000,0.9599999785,0.0000000000,nan,nan,nan,nan,nan,nan,nan,nan,nan,nan,nan,nan,0.1100286692,0.0421399698,1.1000000238,-1.5497221947,-1.1517108679,0.0000000000,nan,nan,nan,nan,nan,nan,nan,nan,nan,nan,nan,nan,nan,nan,nan,nan,nan,nan,nan,nan,nan,0.0299870968,0.5699601173,inf,0.0299675465,inf,inf,inf,0.0899438858,0.0299472809,inf,inf,inf,inf,inf,inf,inf,1583
1779239085.7514557838,-0.1869473308,-0.0255103931,0.2641002536,-0.0278400507,-0.0191407479,0.0168742722,2.9660000801,nan,nan,-0.1000000015,0.0000000000,0.9599999785,0.0000000000,nan,nan,nan,nan,nan,nan,nan,nan,nan,nan,nan,nan,0.1100286692,0.0421399698,1.1000000238,-1.5497221947,-1.1517108679,0.0000000000,nan,nan,nan,nan,nan,nan,nan,nan,nan,nan,nan,nan,nan,nan,nan,nan,nan,nan,nan,nan,nan,0.0399880409,0.5799610615,inf,0.0399684906,inf,inf,inf,0.0999448299,0.0399482250,inf,inf,inf,inf,inf,inf,inf,1583
1779239085.7614603043,-0.1852054745,-0.0271138791,0.2618336678,-0.0279226863,-0.0246368023,0.0197204531,2.9660000801,nan,nan,-0.1000000015,0.0000000000,0.9599999785,0.0000000000,nan,nan,nan,nan,nan,nan,nan,nan,nan,nan,nan,nan,0.1066912860,0.0474259853,1.1000000238,-1.5497221947,-1.1517108679,0.0000000000,nan,nan,nan,nan,nan,nan,nan,nan,nan,nan,nan,nan,nan,nan,nan,nan,nan,nan,nan,nan,nan,0.0000472069,0.5899655819,inf,0.0000293255,inf,inf,inf,0.0000100136,0.0499527454,inf,inf,inf,inf,inf,inf,inf,1583
1779239085.7714538574,-0.1852054745,-0.0271138791,0.2618336678,-0.0279226863,-0.0246368023,0.0197204531,2.9660000801,nan,nan,-0.1000000015,0.0000000000,0.9599999785,0.0000000000,nan,nan,nan,nan,nan,nan,nan,nan,nan,nan,nan,nan,0.1066912860,0.0474259853,1.1000000238,-1.5497221947,-1.1517108679,0.0000000000,nan,nan,nan,nan,nan,nan,nan,nan,nan,nan,nan,nan,nan,nan,nan,nan,nan,nan,nan,nan,nan,0.0100407600,0.5999591351,inf,0.0100228786,inf,inf,inf,0.0100035667,0.0599462986,inf,inf,inf,inf,inf,inf,inf,1583
1779239085.7814800739,-0.1852054745,-0.0271138791,0.2618336678,-0.0279226863,-0.0246368023,0.0197204531,2.9660000801,nan,nan,-0.1000000015,0.0000000000,0.9599999785,0.0000000000,nan,nan,nan,nan,nan,nan,nan,nan,nan,nan,nan,nan,0.1066912860,0.0474259853,1.1000000238,-1.5497221947,-1.1517108679,0.0000000000,nan,nan,nan,nan,nan,nan,nan,nan,nan,nan,nan,nan,nan,nan,nan,nan,nan,nan,nan,nan,nan,0.0200669765,0.6099853516,inf,0.0200490952,inf,inf,inf,0.0200297832,0.0699725151,inf,inf,inf,inf,inf,inf,inf,1583
1779239085.7914772034,-0.1852054745,-0.0271138791,0.2618336678,-0.0279226863,-0.0246368023,0.0197204531,2.9660000801,nan,nan,-0.1000000015,0.0000000000,0.9599999785,0.0000000000,nan,nan,nan,nan,nan,nan,nan,nan,nan,nan,nan,nan,0.1066912860,0.0474259853,1.1000000238,-1.5497221947,-1.1517108679,0.0000000000,nan,nan,nan,nan,nan,nan,nan,nan,nan,nan,nan,nan,nan,nan,nan,nan,nan,nan,nan,nan,nan,0.0300641060,0.6199824810,inf,0.0300462246,inf,inf,inf,0.0300269127,0.0799696445,inf,inf,inf,inf,inf,inf,inf,1583
1779239085.8014700413,-0.1852054745,-0.0271138791,0.2618336678,-0.0279226863,-0.0246368023,0.0197204531,2.9660000801,nan,nan,-0.1000000015,0.0000000000,0.9599999785,0.0000000000,nan,nan,nan,nan,nan,nan,nan,nan,nan,nan,nan,nan,0.1066912860,0.0474259853,1.1000000238,-1.5497221947,-1.1517108679,0.0000000000,nan,nan,nan,nan,nan,nan,nan,nan,nan,nan,nan,nan,nan,nan,nan,nan,nan,nan,nan,nan,nan,0.0400569439,0.6299753189,inf,0.0400390625,inf,inf,inf,0.0400197506,0.0899624825,inf,inf,inf,inf,inf,inf,inf,1583
1779239085.8114511967,-0.1839823872,-0.0285564698,0.2598744631,-0.0278665085,-0.0191022034,0.0196420380,2.9660000801,nan,nan,-0.1000000015,0.0000000000,0.9599999785,0.0000000000,nan,nan,nan,nan,nan,nan,nan,nan,nan,nan,nan,nan,0.1066912860,0.0474259853,1.1000000238,-1.5497221947,-1.1517108679,0.0000000000,nan,nan,nan,nan,nan,nan,nan,nan,nan,nan,nan,nan,nan,nan,nan,nan,nan,nan,nan,nan,nan,0.0000274181,0.6399564743,inf,0.0000095367,inf,inf,inf,0.0500009060,0.0999436378,inf,inf,inf,inf,inf,inf,inf,1583
1779239085.8214540482,-0.1839823872,-0.0285564698,0.2598744631,-0.0278665085,-0.0191022034,0.0196420380,2.9660000801,nan,nan,-0.1000000015,0.0000000000,0.9599999785,0.0000000000,nan,nan,nan,nan,nan,nan,nan,nan,nan,nan,nan,nan,0.1066912860,0.0474259853,1.1000000238,-1.5497221947,-1.1517108679,0.0000000000,nan,nan,nan,nan,nan,nan,nan,nan,nan,nan,nan,nan,nan,nan,nan,nan,nan,nan,nan,nan,nan,0.0100302696,0.6499593258,inf,0.0100123882,inf,inf,inf,0.0600037575,0.1099464893,inf,inf,inf,inf,inf,inf,inf,1583
1779239085.8314452171,-0.1839823872,-0.0285564698,0.2598744631,-0.0278665085,-0.0191022034,0.0196420380,2.9660000801,nan,nan,-0.1000000015,0.0000000000,0.9599999785,0.0000000000,nan,nan,nan,nan,nan,nan,nan,nan,nan,nan,nan,nan,0.1066912860,0.0474259853,1.1000000238,-1.5497221947,-1.1517108679,0.0000000000,nan,nan,nan,nan,nan,nan,nan,nan,nan,nan,nan,nan,nan,nan,nan,nan,nan,nan,nan,nan,nan,0.0200214386,0.6599504948,inf,0.0200035572,inf,inf,inf,0.0699949265,0.1199376583,inf,inf,inf,inf,inf,inf,inf,1583
1779239085.8414893150,-0.1839823872,-0.0285564698,0.2598744631,-0.0278665085,-0.0191022034,0.0196420380,2.9660000801,nan,nan,-0.1000000015,0.0000000000,0.9599999785,0.0000000000,nan,nan,nan,nan,nan,nan,nan,nan,nan,nan,nan,nan,0.1066912860,0.0474259853,1.1000000238,-1.5497221947,-1.1517108679,0.0000000000,nan,nan,nan,nan,nan,nan,nan,nan,nan,nan,nan,nan,nan,nan,nan,nan,nan,nan,nan,nan,nan,0.0300655365,0.6699945927,inf,0.0300476551,inf,inf,inf,0.0800390244,0.1299817562,inf,inf,inf,inf,inf,inf,inf,1583
1779239085.8514618874,-0.1839823872,-0.0285564698,0.2598744631,-0.0278665085,-0.0191022034,0.0196420380,2.9660000801,nan,nan,-0.1000000015,0.0000000000,0.9599999785,0.0000000000,nan,nan,nan,nan,nan,nan,nan,nan,nan,nan,nan,nan,0.1066912860,0.0474259853,1.1000000238,-1.5497221947,-1.1517108679,0.0000000000,nan,nan,nan,nan,nan,nan,nan,nan,nan,nan,nan,nan,nan,nan,nan,nan,nan,nan,nan,nan,nan,0.0400381088,0.6799671650,inf,0.0400202274,inf,inf,inf,0.0900115967,0.1399543285,inf,inf,inf,inf,inf,inf,inf,1583
1779239085.8614294529,-0.1832055598,-0.0298350826,0.2576355338,-0.0306345853,-0.0190750010,0.0196684551,2.9660000801,nan,nan,-0.1000000015,0.0000000000,0.9599999785,0.0000000000,nan,nan,nan,nan,nan,nan,nan,nan,nan,nan,nan,nan,0.1068289876,0.0512805842,1.1000000238,-1.5497221947,-1.1517108679,0.0000000000,nan,nan,nan,nan,nan,nan,nan,nan,nan,nan,nan,nan,nan,nan,nan,nan,nan,nan,nan,nan,nan,0.0000433922,0.6899347305,inf,0.0000262260,inf,inf,inf,0.0000081062,0.1499218941,inf,inf,inf,inf,inf,inf,inf,1583
1779239085.8714835644,-0.1832055598,-0.0298350826,0.2576355338,-0.0306345853,-0.0190750010,0.0196684551,2.9660000801,nan,nan,-0.1000000015,0.0000000000,0.9599999785,0.0000000000,nan,nan,nan,nan,nan,nan,nan,nan,nan,nan,nan,nan,0.1068289876,0.0512805842,1.1000000238,-1.5497221947,-1.1517108679,0.0000000000,nan,nan,nan,nan,nan,nan,nan,nan,nan,nan,nan,nan,nan,nan,nan,nan,nan,nan,nan,nan,nan,0.0100975037,0.6999888420,inf,0.0100803375,inf,inf,inf,0.0100622177,0.1599760056,inf,inf,inf,inf,inf,inf,inf,1583
1779239085.8814396858,-0.1832055598,-0.0298350826,0.2576355338,-0.0306345853,-0.0190750010,0.0196684551,2.9660000801,nan,nan,-0.1000000015,0.0000000000,0.9599999785,0.0000000000,nan,nan,nan,nan,nan,nan,nan,nan,nan,nan,nan,nan,0.1068289876,0.0512805842,1.1000000238,-1.5497221947,-1.1517108679,0.0000000000,nan,nan,nan,nan,nan,nan,nan,nan,nan,nan,nan,nan,nan,nan,nan,nan,nan,nan,nan,nan,nan,0.0200536251,0.7099449635,inf,0.0200364590,inf,inf,inf,0.0200183392,0.1699321270,inf,inf,inf,inf,inf,inf,inf,1583
1779239085.8914413452,-0.1832055598,-0.0298350826,0.2576355338,-0.0306345853,-0.0190750010,0.0196684551,2.9660000801,nan,nan,-0.1000000015,0.0000000000,0.9599999785,0.0000000000,nan,nan,nan,nan,nan,nan,nan,nan,nan,nan,nan,nan,0.1068289876,0.0512805842,1.1000000238,-1.5497221947,-1.1517108679,0.0000000000,nan,nan,nan,nan,nan,nan,nan,nan,nan,nan,nan,nan,nan,nan,nan,nan,nan,nan,nan,nan,nan,0.0300552845,0.7199466228,inf,0.0300381184,inf,inf,inf,0.0300199986,0.1799337864,inf,inf,inf,inf,inf,inf,inf,1583
1779239085.9014744759,-0.1832055598,-0.0298350826,0.2576355338,-0.0306345853,-0.0190750010,0.0196684551,2.9660000801,nan,nan,-0.1000000015,0.0000000000,0.9599999785,0.0000000000,nan,nan,nan,nan,nan,nan,nan,nan,nan,nan,nan,nan,0.1068289876,0.0512805842,1.1000000238,-1.5497221947,-1.1517108679,0.0000000000,nan,nan,nan,nan,nan,nan,nan,nan,nan,nan,nan,nan,nan,nan,nan,nan,nan,nan,nan,nan,nan,0.0400884151,0.7299797535,inf,0.0400712490,inf,inf,inf,0.0400531292,0.1899669170,inf,inf,inf,inf,inf,inf,inf,1583
1779239085.9114482403,-0.1828881055,-0.0309106242,0.2550042868,-0.0278386647,-0.0163349570,0.0196030068,2.9660000801,nan,nan,-0.1000000015,0.0000000000,1.1599999666,0.0000000000,nan,nan,nan,nan,nan,nan,nan,nan,nan,nan,nan,nan,0.1068289876,0.0512805842,1.1000000238,-1.3695459366,-1.7068432570,0.0000000000,nan,nan,nan,nan,nan,nan,nan,nan,nan,nan,nan,nan,nan,nan,nan,nan,nan,nan,nan,nan,nan,0.0000462532,0.7399535179,inf,0.0000290871,inf,inf,inf,0.0500268936,0.0000081062,inf,inf,inf,inf,inf,inf,inf,1583
1779239085.9214420319,-0.1828881055,-0.0309106242,0.2550042868,-0.0278386647,-0.0163349570,0.0196030068,2.9660000801,nan,nan,-0.1000000015,0.0000000000,1.1599999666,0.0000000000,nan,nan,nan,nan,nan,nan,nan,nan,nan,nan,nan,nan,0.1068289876,0.0512805842,1.1000000238,-1.3695459366,-1.7068432570,0.0000000000,nan,nan,nan,nan,nan,nan,nan,nan,nan,nan,nan,nan,nan,nan,nan,nan,nan,nan,nan,nan,nan,0.0100400448,0.7499473095,inf,0.0100228786,inf,inf,inf,0.0600206852,0.0100018978,inf,inf,inf,inf,inf,inf,inf,1583
1779239085.9314591885,-0.1828881055,-0.0309106242,0.2550042868,-0.0278386647,-0.0163349570,0.0196030068,2.9660000801,nan,nan,-0.1000000015,0.0000000000,1.1599999666,0.0000000000,nan,nan,nan,nan,nan,nan,nan,nan,nan,nan,nan,nan,0.1068289876,0.0512805842,1.1000000238,-1.3695459366,-1.7068432570,0.0000000000,nan,nan,nan,nan,nan,nan,nan,nan,nan,nan,nan,nan,nan,nan,nan,nan,nan,nan,nan,nan,nan,0.0200572014,0.7599644661,inf,0.0200400352,inf,inf,inf,0.0700378418,0.0200190544,inf,inf,inf,inf,inf,inf,inf,1583
1779239085.9414472580,-0.1828881055,-0.0309106242,0.2550042868,-0.0278386647,-0.0163349570,0.0196030068,2.9660000801,nan,nan,-0.1000000015,0.0000000000,1.1599999666,0.0000000000,nan,nan,nan,nan,nan,nan,nan,nan,nan,nan,nan,nan,0.1068289876,0.0512805842,1.1000000238,-1.3695459366,-1.7068432570,0.0000000000,nan,nan,nan,nan,nan,nan,nan,nan,nan,nan,nan,nan,nan,nan,nan,nan,nan,nan,nan,nan,nan,0.0300452709,0.7699525356,inf,0.0300281048,inf,inf,inf,0.0800259113,0.0300071239,inf,inf,inf,inf,inf,inf,inf,1583
1779239085.9513971806,-0.1828881055,-0.0309106242,0.2550042868,-0.0278386647,-0.0163349570,0.0196030068,2.9660000801,nan,nan,-0.1000000015,0.0000000000,1.1599999666,0.0000000000,nan,nan,nan,nan,nan,nan,nan,nan,nan,nan,nan,nan,0.1097899377,0.0529229008,1.1000000238,-1.3695459366,-1.7068432570,0.0000000000,nan,nan,nan,nan,nan,nan,nan,nan,nan,nan,nan,nan,nan,nan,nan,nan,nan,nan,nan,nan,nan,0.0399951935,0.7799024582,inf,0.0399780273,inf,inf,inf,0.0000092983,0.0399570465,inf,inf,inf,inf,inf,inf,inf,1583
1779239085.9614410400,-0.1831266433,-0.0316643156,0.2502033710,-0.0250431428,-0.0135948040,0.0195452985,2.9660000801,nan,nan,-0.1000000015,0.0000000000,1.1599999666,0.0000000000,nan,nan,nan,nan,nan,nan,nan,nan,nan,nan,nan,nan,0.1097899377,0.0529229008,1.1000000238,-1.3695459366,-1.7068432570,0.0000000000,nan,nan,nan,nan,nan,nan,nan,nan,nan,nan,nan,nan,nan,nan,nan,nan,nan,nan,nan,nan,nan,0.0000267029,0.7899463177,inf,0.0000095367,inf,inf,inf,0.0100531578,0.0500009060,inf,inf,inf,inf,inf,inf,inf,1583
1779239085.9714658260,-0.1831266433,-0.0316643156,0.2502033710,-0.0250431428,-0.0135948040,0.0195452985,2.9660000801,nan,nan,-0.1000000015,0.0000000000,1.1599999666,0.0000000000,nan,nan,nan,nan,nan,nan,nan,nan,nan,nan,nan,nan,0.1097899377,0.0529229008,1.1000000238,-1.3695459366,-1.7068432570,0.0000000000,nan,nan,nan,nan,nan,nan,nan,nan,nan,nan,nan,nan,nan,nan,nan,nan,nan,nan,nan,nan,nan,0.0100514889,0.7999711037,inf,0.0100343227,inf,inf,inf,0.0200779438,0.0600256920,inf,inf,inf,inf,inf,inf,inf,1583
1779239085.9814665318,-0.1831266433,-0.0316643156,0.2502033710,-0.0250431428,-0.0135948040,0.0195452985,2.9660000801,nan,nan,-0.1000000015,0.0000000000,1.1599999666,0.0000000000,nan,nan,nan,nan,nan,nan,nan,nan,nan,nan,nan,nan,0.1097899377,0.0529229008,1.1000000238,-1.3695459366,-1.7068432570,0.0000000000,nan,nan,nan,nan,nan,nan,nan,nan,nan,nan,nan,nan,nan,nan,nan,nan,nan,nan,nan,nan,nan,0.0200521946,0.8099718094,inf,0.0200350285,inf,inf,inf,0.0300786495,0.0700263977,inf,inf,inf,inf,inf,inf,inf,1583
1779239085.9914648533,-0.1831266433,-0.0316643156,0.2502033710,-0.0250431428,-0.0135948040,0.0195452985,2.9660000801,nan,nan,-0.1000000015,0.0000000000,1.1599999666,0.0000000000,nan,nan,nan,nan,nan,nan,nan,nan,nan,nan,nan,nan,0.1097899377,0.0529229008,1.1000000238,-1.3695459366,-1.7068432570,0.0000000000,nan,nan,nan,nan,nan,nan,nan,nan,nan,nan,nan,nan,nan,nan,nan,nan,nan,nan,nan,nan,nan,0.0300505161,0.8199701309,inf,0.0300333500,inf,inf,inf,0.0400769711,0.0800247192,inf,inf,inf,inf,inf,inf,inf,1583
1779239086.0014674664,-0.1831266433,-0.0316643156,0.2502033710,-0.0250431428,-0.0135948040,0.0195452985,2.9660000801,nan,nan,-0.1000000015,0.0000000000,1.1599999666,0.0000000000,nan,nan,nan,nan,nan,nan,nan,nan,nan,nan,nan,nan,0.1097899377,0.0529229008,1.1000000238,-1.3695459366,-1.7068432570,0.0000000000,nan,nan,nan,nan,nan,nan,nan,nan,nan,nan,nan,nan,nan,nan,nan,nan,nan,nan,nan,nan,nan,0.0400531292,0.8299727440,inf,0.0400359631,inf,inf,inf,0.0500795841,0.0900273323,inf,inf,inf,inf,inf,inf,inf,1583
1779239086.0115168095,-0.1836506277,-0.0323271193,0.2463497669,-0.0250431428,-0.0135948040,0.0195452985,2.9660000801,nan,nan,-0.1000000015,0.0000000000,1.1599999666,0.0000000000,nan,nan,nan,nan,nan,nan,nan,nan,nan,nan,nan,nan,0.1097899377,0.0529229008,1.1000000238,-1.2724976540,-1.9664267302,0.0000000000,nan,nan,nan,nan,nan,nan,nan,nan,nan,nan,nan,nan,nan,nan,nan,nan,nan,nan,nan,nan,nan,0.0000686646,0.8400220871,inf,0.0000388622,inf,inf,inf,0.0601289272,0.0000126362,inf,inf,inf,inf,inf,inf,inf,1583
1779239086.0214512348,-0.1836506277,-0.0323271193,0.2463497669,-0.0250431428,-0.0135948040,0.0195452985,2.9660000801,nan,nan,-0.1000000015,0.0000000000,1.1599999666,0.0000000000,nan,nan,nan,nan,nan,nan,nan,nan,nan,nan,nan,nan,0.1097899377,0.0529229008,1.1000000238,-1.2724976540,-1.9664267302,0.0000000000,nan,nan,nan,nan,nan,nan,nan,nan,nan,nan,nan,nan,nan,nan,nan,nan,nan,nan,nan,nan,nan,0.0100030899,0.8499565125,inf,0.0099732876,inf,inf,inf,0.0700633526,0.0099470615,inf,inf,inf,inf,inf,inf,inf,1583
1779239086.0314757824,-0.1836506277,-0.0323271193,0.2463497669,-0.0250431428,-0.0135948040,0.0195452985,2.9660000801,nan,nan,-0.1000000015,0.0000000000,1.1599999666,0.0000000000,nan,nan,nan,nan,nan,nan,nan,nan,nan,nan,nan,nan,0.1097899377,0.0529229008,1.1000000238,-1.2724976540,-1.9664267302,0.0000000000,nan,nan,nan,nan,nan,nan,nan,nan,nan,nan,nan,nan,nan,nan,nan,nan,nan,nan,nan,nan,nan,0.0200276375,0.8599810600,inf,0.0199978352,inf,inf,inf,0.0800879002,0.0199716091,inf,inf,inf,inf,inf,inf,inf,1583
1779239086.0414717197,-0.1836506277,-0.0323271193,0.2463497669,-0.0250431428,-0.0135948040,0.0195452985,2.9660000801,nan,nan,-0.1000000015,0.0000000000,1.1599999666,0.0000000000,nan,nan,nan,nan,nan,nan,nan,nan,nan,nan,nan,nan,0.1097899377,0.0529229008,1.1000000238,-1.2724976540,-1.9664267302,0.0000000000,nan,nan,nan,nan,nan,nan,nan,nan,nan,nan,nan,nan,nan,nan,nan,nan,nan,nan,nan,nan,nan,0.0300235748,0.8699769974,inf,0.0299937725,inf,inf,inf,0.0900838375,0.0299675465,inf,inf,inf,inf,inf,inf,inf,1583
1779239086.0514361858,-0.1836506277,-0.0323271193,0.2463497669,-0.0250431428,-0.0135948040,0.0195452985,2.9660000801,nan,nan,-0.1000000015,0.0000000000,1.1599999666,0.0000000000,nan,nan,nan,nan,nan,nan,nan,nan,nan,nan,nan,nan,0.1084623635,0.0613489449,1.1000000238,-1.2724976540,-1.9664267302,0.0000000000,nan,nan,nan,nan,nan,nan,nan,nan,nan,nan,nan,nan,nan,nan,nan,nan,nan,nan,nan,nan,nan,0.0399880409,0.8799414635,inf,0.0399582386,inf,inf,inf,0.0000107288,0.0399320126,inf,inf,inf,inf,inf,inf,inf,1583
1779239086.0614442825,-0.1837265640,-0.0340974703,0.2413658947,-0.0222479706,-0.0108545506,0.0194953280,2.9660000801,nan,nan,-0.1000000015,0.0000000000,1.3600000143,0.0000000000,nan,nan,nan,nan,nan,nan,nan,nan,nan,nan,nan,nan,0.1084623635,0.0613489449,1.1000000238,-1.2724976540,-1.9664267302,0.0000000000,nan,nan,nan,nan,nan,nan,nan,nan,nan,nan,nan,nan,nan,nan,nan,nan,nan,nan,nan,nan,nan,0.0000240803,0.8899495602,inf,0.0000088215,inf,inf,inf,0.0100188255,0.0499401093,inf,inf,inf,inf,inf,inf,inf,1583
1779239086.0714278221,-0.1837265640,-0.0340974703,0.2413658947,-0.0222479706,-0.0108545506,0.0194953280,2.9660000801,nan,nan,-0.1000000015,0.0000000000,1.3600000143,0.0000000000,nan,nan,nan,nan,nan,nan,nan,nan,nan,nan,nan,nan,0.1084623635,0.0613489449,1.1000000238,-1.2724976540,-1.9664267302,0.0000000000,nan,nan,nan,nan,nan,nan,nan,nan,nan,nan,nan,nan,nan,nan,nan,nan,nan,nan,nan,nan,nan,0.0100076199,0.8999330997,inf,0.0099923611,inf,inf,inf,0.0200023651,0.0599236488,inf,inf,inf,inf,inf,inf,inf,1583
1779239086.0814125538,-0.1837265640,-0.0340974703,0.2413658947,-0.0222479706,-0.0108545506,0.0194953280,2.9660000801,nan,nan,-0.1000000015,0.0000000000,1.3600000143,0.0000000000,nan,nan,nan,nan,nan,nan,nan,nan,nan,nan,nan,nan,0.1084623635,0.0613489449,1.1000000238,-1.2724976540,-1.9664267302,0.0000000000,nan,nan,nan,nan,nan,nan,nan,nan,nan,nan,nan,nan,nan,nan,nan,nan,nan,nan,nan,nan,nan,0.0199923515,0.9099178314,inf,0.0199770927,inf,inf,inf,0.0299870968,0.0699083805,inf,inf,inf,inf,inf,inf,inf,1583
1779239086.0914387703,-0.1837265640,-0.0340974703,0.2413658947,-0.0222479706,-0.0108545506,0.0194953280,2.9660000801,nan,nan,-0.1000000015,0.0000000000,1.3600000143,0.0000000000,nan,nan,nan,nan,nan,nan,nan,nan,nan,nan,nan,nan,0.1084623635,0.0613489449,1.1000000238,-1.2724976540,-1.9664267302,0.0000000000,nan,nan,nan,nan,nan,nan,nan,nan,nan,nan,nan,nan,nan,nan,nan,nan,nan,nan,nan,nan,nan,0.0300185680,0.9199440479,inf,0.0300033092,inf,inf,inf,0.0400133133,0.0799345970,inf,inf,inf,inf,inf,inf,inf,1583
1779239086.1014401913,-0.1837265640,-0.0340974703,0.2413658947,-0.0222479706,-0.0108545506,0.0194953280,2.9660000801,nan,nan,-0.1000000015,0.0000000000,1.3600000143,0.0000000000,nan,nan,nan,nan,nan,nan,nan,nan,nan,nan,nan,nan,0.1084623635,0.0613489449,1.1000000238,-1.2724976540,-1.9664267302,0.0000000000,nan,nan,nan,nan,nan,nan,nan,nan,nan,nan,nan,nan,nan,nan,nan,nan,nan,nan,nan,nan,nan,0.0400199890,0.9299454689,inf,0.0400047302,inf,inf,inf,0.0500147343,0.0899360180,inf,inf,inf,inf,inf,inf,inf,1583
1779239086.1114561558,-0.1847826391,-0.0348046012,0.2363621742,-0.0250306500,-0.0107929335,0.0222779235,2.9660000801,nan,nan,-0.1000000015,0.0000000000,1.3600000143,0.0000000000,nan,nan,nan,nan,nan,nan,nan,nan,nan,nan,nan,nan,0.1084623635,0.0613489449,1.1000000238,-1.3950577974,-2.1160581112,0.0000000000,nan,nan,nan,nan,nan,nan,nan,nan,nan,nan,nan,nan,nan,nan,nan,nan,nan,nan,nan,nan,nan,0.0000324249,0.9399614334,inf,0.0000195503,inf,inf,inf,0.0600306988,0.0000071526,inf,inf,inf,inf,inf,inf,inf,1583
1779239086.1214294434,-0.1847826391,-0.0348046012,0.2363621742,-0.0250306500,-0.0107929335,0.0222779235,2.9660000801,nan,nan,-0.1000000015,0.0000000000,1.3600000143,0.0000000000,nan,nan,nan,nan,nan,nan,nan,nan,nan,nan,nan,nan,0.1084623635,0.0613489449,1.1000000238,-1.3950577974,-2.1160581112,0.0000000000,nan,nan,nan,nan,nan,nan,nan,nan,nan,nan,nan,nan,nan,nan,nan,nan,nan,nan,nan,nan,nan,0.0100057125,0.9499347210,inf,0.0099928379,inf,inf,inf,0.0700039864,0.0099804401,inf,inf,inf,inf,inf,inf,inf,1583
1779239086.1314265728,-0.1847826391,-0.0348046012,0.2363621742,-0.0250306500,-0.0107929335,0.0222779235,2.9660000801,nan,nan,-0.1000000015,0.0000000000,1.3600000143,0.0000000000,nan,nan,nan,nan,nan,nan,nan,nan,nan,nan,nan,nan,0.1084623635,0.0613489449,1.1000000238,-1.3950577974,-2.1160581112,0.0000000000,nan,nan,nan,nan,nan,nan,nan,nan,nan,nan,nan,nan,nan,nan,nan,nan,nan,nan,nan,nan,nan,0.0200028419,0.9599318504,inf,0.0199899673,inf,inf,inf,0.0800011158,0.0199775696,inf,inf,inf,inf,inf,inf,inf,1583
1779239086.1414248943,-0.1847826391,-0.0348046012,0.2363621742,-0.0250306500,-0.0107929335,0.0222779235,2.9660000801,nan,nan,-0.1000000015,0.0000000000,1.3600000143,0.0000000000,nan,nan,nan,nan,nan,nan,nan,nan,nan,nan,nan,nan,0.1084623635,0.0613489449,1.1000000238,-1.3950577974,-2.1160581112,0.0000000000,nan,nan,nan,nan,nan,nan,nan,nan,nan,nan,nan,nan,nan,nan,nan,nan,nan,nan,nan,nan,nan,0.0300011635,0.9699301720,inf,0.0299882889,inf,inf,inf,0.0899994373,0.0299758911,inf,inf,inf,inf,inf,inf,inf,1583
1779239086.1513967514,-0.1847826391,-0.0348046012,0.2363621742,-0.0250306500,-0.0107929335,0.0222779235,2.9660000801,nan,nan,-0.1000000015,0.0000000000,1.3600000143,0.0000000000,nan,nan,nan,nan,nan,nan,nan,nan,nan,nan,nan,nan,0.1168702096,0.0580691248,1.1000000238,-1.3950577974,-2.1160581112,0.0000000000,nan,nan,nan,nan,nan,nan,nan,nan,nan,nan,nan,nan,nan,nan,nan,nan,nan,nan,nan,nan,nan,0.0399730206,0.9799020290,inf,0.0399601460,inf,inf,inf,0.0000081062,0.0399477482,inf,inf,inf,inf,inf,inf,inf,1583
1779239086.1614127159,-0.1861648262,-0.0353981033,0.2310402244,-0.0249995181,-0.0080257512,0.0222430160,2.9660000801,nan,nan,-0.1000000015,0.0000000000,1.3600000143,0.0000000000,nan,nan,nan,nan,nan,nan,nan,nan,nan,nan,nan,nan,0.1168702096,0.0580691248,1.1000000238,-1.3950577974,-2.1160581112,0.0000000000,nan,nan,nan,nan,nan,nan,nan,nan,nan,nan,nan,nan,nan,nan,nan,nan,nan,nan,nan,nan,nan,0.0000202656,0.9899179935,inf,0.0000066757,inf,inf,inf,0.0100240707,0.0499637127,inf,inf,inf,inf,inf,inf,inf,1583
1779239086.1714003086,-0.1861648262,-0.0353981033,0.2310402244,-0.0249995181,-0.0080257512,0.0222430160,2.8659999371,nan,nan,-0.1000000015,0.0000000000,1.3600000143,0.0000000000,nan,nan,nan,nan,nan,nan,nan,nan,nan,nan,nan,nan,0.1168702096,0.0580691248,1.1000000238,-1.3950577974,-2.1160581112,0.0000000000,nan,nan,nan,nan,nan,nan,nan,nan,nan,nan,nan,nan,nan,nan,nan,nan,nan,nan,nan,nan,nan,0.0100078583,0.0000083447,inf,0.0099942684,inf,inf,inf,0.0200116634,0.0599513054,inf,inf,inf,inf,inf,inf,inf,1583
1779239086.1814451218,-0.1861648262,-0.0353981033,0.2310402244,-0.0249995181,-0.0080257512,0.0222430160,2.8659999371,nan,nan,-0.1000000015,0.0000000000,1.3600000143,0.0000000000,nan,nan,nan,nan,nan,nan,nan,nan,nan,nan,nan,nan,0.1168702096,0.0580691248,1.1000000238,-1.3950577974,-2.1160581112,0.0000000000,nan,nan,nan,nan,nan,nan,nan,nan,nan,nan,nan,nan,nan,nan,nan,nan,nan,nan,nan,nan,nan,0.0200526714,0.0100531578,inf,0.0200390816,inf,inf,inf,0.0300564766,0.0699961185,inf,inf,inf,inf,inf,inf,inf,1583
1779239086.1914465427,-0.1861648262,-0.0353981033,0.2310402244,-0.0249995181,-0.0080257512,0.0222430160,2.8659999371,nan,nan,-0.1000000015,0.0000000000,1.3600000143,0.0000000000,nan,nan,nan,nan,nan,nan,nan,nan,nan,nan,nan,nan,0.1168702096,0.0580691248,1.1000000238,-1.3950577974,-2.1160581112,0.0000000000,nan,nan,nan,nan,nan,nan,nan,nan,nan,nan,nan,nan,nan,nan,nan,nan,nan,nan,nan,nan,nan,0.0300540924,0.0200545788,inf,0.0300405025,inf,inf,inf,0.0400578976,0.0799975395,inf,inf,inf,inf,inf,inf,inf,1583
1779239086.2014820576,-0.1861648262,-0.0353981033,0.2310402244,-0.0249995181,-0.0080257512,0.0222430160,2.8659999371,nan,nan,-0.1000000015,0.0000000000,1.3600000143,0.0000000000,nan,nan,nan,nan,nan,nan,nan,nan,nan,nan,nan,nan,0.1168702096,0.0580691248,1.1000000238,-1.3950577974,-2.1160581112,0.0000000000,nan,nan,nan,nan,nan,nan,nan,nan,nan,nan,nan,nan,nan,nan,nan,nan,nan,nan,nan,nan,nan,0.0400896072,0.0300900936,inf,0.0400760174,inf,inf,inf,0.0500934124,0.0900330544,inf,inf,inf,inf,inf,inf,inf,1583
1779239086.2114851475,-0.1878426373,-0.0358683877,0.2254443467,-0.0222009408,-0.0052893106,0.0222009408,2.8659999371,nan,nan,-0.1000000015,0.0000000000,1.5599999428,0.0000000000,nan,nan,nan,nan,nan,nan,nan,nan,nan,nan,nan,nan,0.1168702096,0.0580691248,1.1000000238,-1.3142578602,-2.3434190750,0.0000000000,nan,nan,nan,nan,nan,nan,nan,nan,nan,nan,nan,nan,nan,nan,nan,nan,nan,nan,nan,nan,nan,0.0000486374,0.0400931835,inf,0.0000305176,inf,inf,inf,0.0600965023,0.0000109673,inf,inf,inf,inf,inf,inf,inf,1583
1779239086.2215020657,-0.1878426373,-0.0358683877,0.2254443467,-0.0222009408,-0.0052893106,0.0222009408,2.8659999371,nan,nan,-0.1000000015,0.0000000000,1.5599999428,0.0000000000,nan,nan,nan,nan,nan,nan,nan,nan,nan,nan,nan,nan,0.1168702096,0.0580691248,1.1000000238,-1.3142578602,-2.3434190750,0.0000000000,nan,nan,nan,nan,nan,nan,nan,nan,nan,nan,nan,nan,nan,nan,nan,nan,nan,nan,nan,nan,nan,0.0100655556,0.0501101017,inf,0.0100474358,inf,inf,inf,0.0701134205,0.0100278854,inf,inf,inf,inf,inf,inf,inf,1583
1779239086.2314634323,-0.1878426373,-0.0358683877,0.2254443467,-0.0222009408,-0.0052893106,0.0222009408,2.8659999371,nan,nan,-0.1000000015,0.0000000000,1.5599999428,0.0000000000,nan,nan,nan,nan,nan,nan,nan,nan,nan,nan,nan,nan,0.1168702096,0.0580691248,1.1000000238,-1.3142578602,-2.3434190750,0.0000000000,nan,nan,nan,nan,nan,nan,nan,nan,nan,nan,nan,nan,nan,nan,nan,nan,nan,nan,nan,nan,nan,0.0200269222,0.0600714684,inf,0.0200088024,inf,inf,inf,0.0800747871,0.0199892521,inf,inf,inf,inf,inf,inf,inf,1583
1779239086.2414405346,-0.1878426373,-0.0358683877,0.2254443467,-0.0222009408,-0.0052893106,0.0222009408,2.8659999371,nan,nan,-0.1000000015,0.0000000000,1.5599999428,0.0000000000,nan,nan,nan,nan,nan,nan,nan,nan,nan,nan,nan,nan,0.1168702096,0.0580691248,1.1000000238,-1.3142578602,-2.3434190750,0.0000000000,nan,nan,nan,nan,nan,nan,nan,nan,nan,nan,nan,nan,nan,nan,nan,nan,nan,nan,nan,nan,nan,0.0300040245,0.0700485706,inf,0.0299859047,inf,inf,inf,0.0900518894,0.0299663544,inf,inf,inf,inf,inf,inf,inf,1583
1779239086.2514228821,-0.1878426373,-0.0358683877,0.2254443467,-0.0222009408,-0.0052893106,0.0222009408,2.8659999371,nan,nan,-0.1000000015,0.0000000000,1.5599999428,0.0000000000,nan,nan,nan,nan,nan,nan,nan,nan,nan,nan,nan,nan,0.1230988428,0.0590382740,1.1000000238,-1.3142578602,-2.3434190750,0.0000000000,nan,nan,nan,nan,nan,nan,nan,nan,nan,nan,nan,nan,nan,nan,nan,nan,nan,nan,nan,nan,nan,0.0399863720,0.0800309181,inf,0.0399682522,inf,inf,inf,0.0000135899,0.0399487019,inf,inf,inf,inf,inf,inf,inf,1583
1779239086.2614843845,-0.1897928715,-0.0362354666,0.2194102108,-0.0221701185,-0.0025221049,0.0221701185,2.8659999371,nan,nan,-0.1000000015,0.0000000000,1.5599999428,0.0000000000,nan,nan,nan,nan,nan,nan,nan,nan,nan,nan,nan,nan,0.1230988428,0.0590382740,1.1000000238,-1.3142578602,-2.3434190750,0.0000000000,nan,nan,nan,nan,nan,nan,nan,nan,nan,nan,nan,nan,nan,nan,nan,nan,nan,nan,nan,nan,nan,0.0000362396,0.0900924206,inf,0.0000135899,inf,inf,inf,0.0100750923,0.0500102043,inf,inf,inf,inf,inf,inf,inf,1583
1779239086.2714490891,-0.1897928715,-0.0362354666,0.2194102108,-0.0221701185,-0.0025221049,0.0221701185,2.8659999371,nan,nan,-0.1000000015,0.0000000000,1.5599999428,0.0000000000,nan,nan,nan,nan,nan,nan,nan,nan,nan,nan,nan,nan,0.1230988428,0.0590382740,1.1000000238,-1.3142578602,-2.3434190750,0.0000000000,nan,nan,nan,nan,nan,nan,nan,nan,nan,nan,nan,nan,nan,nan,nan,nan,nan,nan,nan,nan,nan,0.0100009441,0.1000571251,inf,0.0099782944,inf,inf,inf,0.0200397968,0.0599749088,inf,inf,inf,inf,inf,inf,inf,1583
1779239086.2814435959,-0.1897928715,-0.0362354666,0.2194102108,-0.0221701185,-0.0025221049,0.0221701185,2.8659999371,nan,nan,-0.1000000015,0.0000000000,1.5599999428,0.0000000000,nan,nan,nan,nan,nan,nan,nan,nan,nan,nan,nan,nan,0.1230988428,0.0590382740,1.1000000238,-1.3142578602,-2.3434190750,0.0000000000,nan,nan,nan,nan,nan,nan,nan,nan,nan,nan,nan,nan,nan,nan,nan,nan,nan,nan,nan,nan,nan,0.0199954510,0.1100516319,inf,0.0199728012,inf,inf,inf,0.0300343037,0.0699694157,inf,inf,inf,inf,inf,inf,inf,1583
1779239086.2914521694,-0.1897928715,-0.0362354666,0.2194102108,-0.0221701185,-0.0025221049,0.0221701185,2.8659999371,nan,nan,-0.1000000015,0.0000000000,1.5599999428,0.0000000000,nan,nan,nan,nan,nan,nan,nan,nan,nan,nan,nan,nan,0.1230988428,0.0590382740,1.1000000238,-1.3142578602,-2.3434190750,0.0000000000,nan,nan,nan,nan,nan,nan,nan,nan,nan,nan,nan,nan,nan,nan,nan,nan,nan,nan,nan,nan,nan,0.0300040245,0.1200602055,inf,0.0299813747,inf,inf,inf,0.0400428772,0.0799779892,inf,inf,inf,inf,inf,inf,inf,1583
1779239086.3014354706,-0.1897928715,-0.0362354666,0.2194102108,-0.0221701185,-0.0025221049,0.0221701185,2.8659999371,nan,nan,-0.1000000015,0.0000000000,1.5599999428,0.0000000000,nan,nan,nan,nan,nan,nan,nan,nan,nan,nan,nan,nan,0.1230988428,0.0590382740,1.1000000238,-1.3142578602,-2.3434190750,0.0000000000,nan,nan,nan,nan,nan,nan,nan,nan,nan,nan,nan,nan,nan,nan,nan,nan,nan,nan,nan,nan,nan,0.0399873257,0.1300435066,inf,0.0399646759,inf,inf,inf,0.0500261784,0.0899612904,inf,inf,inf,inf,inf,inf,inf,1583
1779239086.3114197254,-0.1919693947,-0.0365283415,0.2128215879,-0.0193719050,0.0002144600,0.0221397432,2.8659999371,nan,nan,-0.1000000015,0.0000000000,1.5599999428,0.0000000000,nan,nan,nan,nan,nan,nan,nan,nan,nan,nan,nan,nan,0.1230988428,0.0590382740,1.1000000238,-1.3142578602,-2.3434190750,0.0000000000,nan,nan,nan,nan,nan,nan,nan,nan,nan,nan,nan,nan,nan,nan,nan,nan,nan,nan,nan,nan,nan,0.0000257492,0.1400277615,inf,0.0000085831,inf,inf,inf,0.0600104332,0.0999455452,inf,inf,inf,inf,inf,inf,inf,1583
1779239086.3214235306,-0.1919693947,-0.0365283415,0.2128215879,-0.0193719050,0.0002144600,0.0221397432,2.8659999371,nan,nan,-0.1000000015,0.0000000000,1.5599999428,0.0000000000,nan,nan,nan,nan,nan,nan,nan,nan,nan,nan,nan,nan,0.1230988428,0.0590382740,1.1000000238,-1.3068687916,-2.5119616985,0.0000000000,nan,nan,nan,nan,nan,nan,nan,nan,nan,nan,nan,nan,nan,nan,nan,nan,nan,nan,nan,nan,nan,0.0100295544,0.1500315666,inf,0.0100123882,inf,inf,inf,0.0700142384,0.0000092983,inf,inf,inf,inf,inf,inf,inf,1583
1779239086.3314452171,-0.1919693947,-0.0365283415,0.2128215879,-0.0193719050,0.0002144600,0.0221397432,2.8659999371,nan,nan,-0.1000000015,0.0000000000,1.5599999428,0.0000000000,nan,nan,nan,nan,nan,nan,nan,nan,nan,nan,nan,nan,0.1230988428,0.0590382740,1.1000000238,-1.3068687916,-2.5119616985,0.0000000000,nan,nan,nan,nan,nan,nan,nan,nan,nan,nan,nan,nan,nan,nan,nan,nan,nan,nan,nan,nan,nan,0.0200512409,0.1600532532,inf,0.0200340748,inf,inf,inf,0.0800359249,0.0100309849,inf,inf,inf,inf,inf,inf,inf,1583
1779239086.3414521217,-0.1919693947,-0.0365283415,0.2128215879,-0.0193719050,0.0002144600,0.0221397432,2.8659999371,nan,nan,-0.1000000015,0.0000000000,1.5599999428,0.0000000000,nan,nan,nan,nan,nan,nan,nan,nan,nan,nan,nan,nan,0.1230988428,0.0590382740,1.1000000238,-1.3068687916,-2.5119616985,0.0000000000,nan,nan,nan,nan,nan,nan,nan,nan,nan,nan,nan,nan,nan,nan,nan,nan,nan,nan,nan,nan,nan,0.0300581455,0.1700601578,inf,0.0300409794,inf,inf,inf,0.0900428295,0.0200378895,inf,inf,inf,inf,inf,inf,inf,1583
1779239086.3514306545,-0.1919693947,-0.0365283415,0.2128215879,-0.0193719050,0.0002144600,0.0221397432,2.8659999371,nan,nan,-0.1000000015,0.0000000000,1.5599999428,0.0000000000,nan,nan,nan,nan,nan,nan,nan,nan,nan,nan,nan,nan,0.1298813969,0.0602800474,1.1000000238,-1.3068687916,-2.5119616985,0.0000000000,nan,nan,nan,nan,nan,nan,nan,nan,nan,nan,nan,nan,nan,nan,nan,nan,nan,nan,nan,nan,nan,0.0400366783,0.1800386906,inf,0.0400195122,inf,inf,inf,0.0000109673,0.0300164223,inf,inf,inf,inf,inf,inf,inf,1583
1779239086.3614683151,-0.1943077296,-0.0367704928,0.2057475299,-0.0221130057,0.0029817035,0.0193413291,2.8659999371,nan,nan,-0.1000000015,0.0000000000,1.5599999428,0.0000000000,nan,nan,nan,nan,nan,nan,nan,nan,nan,nan,nan,nan,0.1298813969,0.0602800474,1.1000000238,-1.3068687916,-2.5119616985,0.0000000000,nan,nan,nan,nan,nan,nan,nan,nan,nan,nan,nan,nan,nan,nan,nan,nan,nan,nan,nan,nan,nan,0.0000262260,0.1900763512,inf,0.0000090599,inf,inf,inf,0.0100486279,0.0400540829,inf,inf,inf,inf,inf,inf,inf,1583
1779239086.3714368343,-0.1943077296,-0.0367704928,0.2057475299,-0.0221130057,0.0029817035,0.0193413291,2.8659999371,nan,nan,-0.1000000015,0.0000000000,1.5599999428,0.0000000000,nan,nan,nan,nan,nan,nan,nan,nan,nan,nan,nan,nan,0.1298813969,0.0602800474,1.1000000238,-1.3068687916,-2.5119616985,0.0000000000,nan,nan,nan,nan,nan,nan,nan,nan,nan,nan,nan,nan,nan,nan,nan,nan,nan,nan,nan,nan,nan,0.0099947453,0.2000448704,inf,0.0099775791,inf,inf,inf,0.0200171471,0.0500226021,inf,inf,inf,inf,inf,inf,inf,1583
1779239086.3814451694,-0.1943077296,-0.0367704928,0.2057475299,-0.0221130057,0.0029817035,0.0193413291,2.8659999371,nan,nan,-0.1000000015,0.0000000000,1.5599999428,0.0000000000,nan,nan,nan,nan,nan,nan,nan,nan,nan,nan,nan,nan,0.1298813969,0.0602800474,1.1000000238,-1.3068687916,-2.5119616985,0.0000000000,nan,nan,nan,nan,nan,nan,nan,nan,nan,nan,nan,nan,nan,nan,nan,nan,nan,nan,nan,nan,nan,0.0200030804,0.2100532055,inf,0.0199859142,inf,inf,inf,0.0300254822,0.0600309372,inf,inf,inf,inf,inf,inf,inf,1583
1779239086.3914411068,-0.1943077296,-0.0367704928,0.2057475299,-0.0221130057,0.0029817035,0.0193413291,2.8659999371,nan,nan,-0.1000000015,0.0000000000,1.5599999428,0.0000000000,nan,nan,nan,nan,nan,nan,nan,nan,nan,nan,nan,nan,0.1298813969,0.0602800474,1.1000000238,-1.3068687916,-2.5119616985,0.0000000000,nan,nan,nan,nan,nan,nan,nan,nan,nan,nan,nan,nan,nan,nan,nan,nan,nan,nan,nan,nan,nan,0.0299990177,0.2200491428,inf,0.0299818516,inf,inf,inf,0.0400214195,0.0700268745,inf,inf,inf,inf,inf,inf,inf,1583
1779239086.4014539719,-0.1943077296,-0.0367704928,0.2057475299,-0.0221130057,0.0029817035,0.0193413291,2.8659999371,nan,nan,-0.1000000015,0.0000000000,1.5599999428,0.0000000000,nan,nan,nan,nan,nan,nan,nan,nan,nan,nan,nan,nan,0.1298813969,0.0602800474,1.1000000238,-1.3068687916,-2.5119616985,0.0000000000,nan,nan,nan,nan,nan,nan,nan,nan,nan,nan,nan,nan,nan,nan,nan,nan,nan,nan,nan,nan,nan,0.0400118828,0.2300620079,inf,0.0399947166,inf,inf,inf,0.0500342846,0.0800397396,inf,inf,inf,inf,inf,inf,inf,1583
1779239086.4114432335,-0.1967394799,-0.0369558260,0.1980067492,-0.0193454361,0.0029549356,0.0193454361,2.8659999371,nan,nan,-0.1000000015,0.0000000000,1.5599999428,0.0000000000,nan,nan,nan,nan,nan,nan,nan,nan,nan,nan,nan,nan,0.1298813969,0.0602800474,1.1000000238,-1.2836151123,-2.6164665222,0.0000000000,nan,nan,nan,nan,nan,nan,nan,nan,nan,nan,nan,nan,nan,nan,nan,nan,nan,nan,nan,nan,nan,0.0000441074,0.2400512695,inf,0.0000264645,inf,inf,inf,0.0600235462,0.0000083447,inf,inf,inf,inf,inf,inf,inf,1583
1779239086.4214389324,-0.1967394799,-0.0369558260,0.1980067492,-0.0193454361,0.0029549356,0.0193454361,2.8659999371,nan,nan,-0.1000000015,0.0000000000,1.5599999428,0.0000000000,nan,nan,nan,nan,nan,nan,nan,nan,nan,nan,nan,nan,0.1298813969,0.0602800474,1.1000000238,-1.2836151123,-2.6164665222,0.0000000000,nan,nan,nan,nan,nan,nan,nan,nan,nan,nan,nan,nan,nan,nan,nan,nan,nan,nan,nan,nan,nan,0.0100398064,0.2500469685,inf,0.0100221634,inf,inf,inf,0.0700192451,0.0100040436,inf,inf,inf,inf,inf,inf,inf,1583
1779239086.4322731495,-0.1967394799,-0.0369558260,0.1980067492,-0.0193454361,0.0029549356,0.0193454361,2.8659999371,nan,nan,-0.1000000015,0.0000000000,1.5599999428,0.0000000000,nan,nan,nan,nan,nan,nan,nan,nan,nan,nan,nan,nan,0.1298813969,0.0602800474,1.1000000238,-1.2836151123,-2.6164665222,0.0000000000,nan,nan,nan,nan,nan,nan,nan,nan,nan,nan,nan,nan,nan,nan,nan,nan,nan,nan,nan,nan,nan,0.0208740234,0.2608811855,inf,0.0208563805,inf,inf,inf,0.0808534622,0.0208382607,inf,inf,inf,inf,inf,inf,inf,1583
1779239086.4414651394,-0.1967394799,-0.0369558260,0.1980067492,-0.0193454361,0.0029549356,0.0193454361,2.8659999371,nan,nan,-0.1000000015,0.0000000000,1.5599999428,0.0000000000,nan,nan,nan,nan,nan,nan,nan,nan,nan,nan,nan,nan,0.1298813969,0.0602800474,1.1000000238,-1.2836151123,-2.6164665222,0.0000000000,nan,nan,nan,nan,nan,nan,nan,nan,nan,nan,nan,nan,nan,nan,nan,nan,nan,nan,nan,nan,nan,0.0300660133,0.2700731754,inf,0.0300483704,inf,inf,inf,0.0900454521,0.0300302505,inf,inf,inf,inf,inf,inf,inf,1583
1779239086.4514381886,-0.1967394799,-0.0369558260,0.1980067492,-0.0193454361,0.0029549356,0.0193454361,2.8659999371,nan,nan,-0.1000000015,0.0000000000,1.5599999428,0.0000000000,nan,nan,nan,nan,nan,nan,nan,nan,nan,nan,nan,nan,0.1366796345,0.0604578182,1.1000000238,-1.2836151123,-2.6164665222,0.0000000000,nan,nan,nan,nan,nan,nan,nan,nan,nan,nan,nan,nan,nan,nan,nan,nan,nan,nan,nan,nan,nan,0.0400390625,0.2800462246,inf,0.0400214195,inf,inf,inf,0.0000162125,0.0400032997,inf,inf,inf,inf,inf,inf,inf,1583
1779239086.4614756107,-0.1992347836,-0.0370898992,0.1900023818,-0.0220943286,0.0057183854,0.0165433445,2.8659999371,nan,nan,-0.1000000015,0.0000000000,1.5599999428,0.0000000000,nan,nan,nan,nan,nan,nan,nan,nan,nan,nan,nan,nan,0.1366796345,0.0604578182,1.1000000238,-1.2836151123,-2.6164665222,0.0000000000,nan,nan,nan,nan,nan,nan,nan,nan,nan,nan,nan,nan,nan,nan,nan,nan,nan,nan,nan,nan,nan,0.0000317097,0.2900836468,inf,0.0000109673,inf,inf,inf,0.0100536346,0.0500407219,inf,inf,inf,inf,inf,inf,inf,1583
1779239086.4715018272,-0.1992347836,-0.0370898992,0.1900023818,-0.0220943286,0.0057183854,0.0165433445,2.8659999371,nan,nan,-0.1000000015,0.0000000000,1.5599999428,0.0000000000,nan,nan,nan,nan,nan,nan,nan,nan,nan,nan,nan,nan,0.1366796345,0.0604578182,1.1000000238,-1.2836151123,-2.6164665222,0.0000000000,nan,nan,nan,nan,nan,nan,nan,nan,nan,nan,nan,nan,nan,nan,nan,nan,nan,nan,nan,nan,nan,0.0100579262,0.3001098633,inf,0.0100371838,inf,inf,inf,0.0200798512,0.0600669384,inf,inf,inf,inf,inf,inf,inf,1583
1779239086.4815218449,-0.1992347836,-0.0370898992,0.1900023818,-0.0220943286,0.0057183854,0.0165433445,2.8659999371,nan,nan,-0.1000000015,0.0000000000,1.5599999428,0.0000000000,nan,nan,nan,nan,nan,nan,nan,nan,nan,nan,nan,nan,0.1366796345,0.0604578182,1.1000000238,-1.2836151123,-2.6164665222,0.0000000000,nan,nan,nan,nan,nan,nan,nan,nan,nan,nan,nan,nan,nan,nan,nan,nan,nan,nan,nan,nan,nan,0.0200779438,0.3101298809,inf,0.0200572014,inf,inf,inf,0.0300998688,0.0700869560,inf,inf,inf,inf,inf,inf,inf,1583
1779239086.4914917946,-0.1992347836,-0.0370898992,0.1900023818,-0.0220943286,0.0057183854,0.0165433445,2.8659999371,nan,nan,-0.1000000015,0.0000000000,1.5599999428,0.0000000000,nan,nan,nan,nan,nan,nan,nan,nan,nan,nan,nan,nan,0.1366796345,0.0604578182,1.1000000238,-1.2836151123,-2.6164665222,0.0000000000,nan,nan,nan,nan,nan,nan,nan,nan,nan,nan,nan,nan,nan,nan,nan,nan,nan,nan,nan,nan,nan,0.0300478935,0.3200998306,inf,0.0300271511,inf,inf,inf,0.0400698185,0.0800569057,inf,inf,inf,inf,inf,inf,inf,1583
1779239086.5014770031,-0.1992347836,-0.0370898992,0.1900023818,-0.0220943286,0.0057183854,0.0165433445,2.8659999371,nan,nan,-0.1000000015,0.0000000000,1.5599999428,0.0000000000,nan,nan,nan,nan,nan,nan,nan,nan,nan,nan,nan,nan,0.1366796345,0.0604578182,1.1000000238,-1.2836151123,-2.6164665222,0.0000000000,nan,nan,nan,nan,nan,nan,nan,nan,nan,nan,nan,nan,nan,nan,nan,nan,nan,nan,nan,nan,nan,0.0400331020,0.3300850391,inf,0.0400123596,inf,inf,inf,0.0500550270,0.0900421143,inf,inf,inf,inf,inf,inf,inf,1583
1779239086.5115513802,-0.2017503828,-0.0371590964,0.1817734689,-0.0193188008,0.0057222258,0.0193188008,2.8659999371,nan,nan,-0.1000000015,0.0000000000,1.5599999428,0.0000000000,nan,nan,nan,nan,nan,nan,nan,nan,nan,nan,nan,nan,0.1366796345,0.0604578182,1.1000000238,-1.2390851974,-2.6804497242,0.0000000000,nan,nan,nan,nan,nan,nan,nan,nan,nan,nan,nan,nan,nan,nan,nan,nan,nan,nan,nan,nan,nan,0.0000798702,0.3401594162,inf,0.0000493526,inf,inf,inf,0.0601294041,0.0000174046,inf,inf,inf,inf,inf,inf,inf,1583
1779239086.5214760303,-0.2017503828,-0.0371590964,0.1817734689,-0.0193188008,0.0057222258,0.0193188008,2.8659999371,nan,nan,-0.1000000015,0.0000000000,1.5599999428,0.0000000000,nan,nan,nan,nan,nan,nan,nan,nan,nan,nan,nan,nan,0.1366796345,0.0604578182,1.1000000238,-1.2390851974,-2.6804497242,0.0000000000,nan,nan,nan,nan,nan,nan,nan,nan,nan,nan,nan,nan,nan,nan,nan,nan,nan,nan,nan,nan,nan,0.0100045204,0.3500840664,inf,0.0099740028,inf,inf,inf,0.0700540543,0.0099420547,inf,inf,inf,inf,inf,inf,inf,1583
1779239086.5314478874,-0.2017503828,-0.0371590964,0.1817734689,-0.0193188008,0.0057222258,0.0193188008,2.8659999371,nan,nan,-0.1000000015,0.0000000000,1.5599999428,0.0000000000,nan,nan,nan,nan,nan,nan,nan,nan,nan,nan,nan,nan,0.1366796345,0.0604578182,1.1000000238,-1.2390851974,-2.6804497242,0.0000000000,nan,nan,nan,nan,nan,nan,nan,nan,nan,nan,nan,nan,nan,nan,nan,nan,nan,nan,nan,nan,nan,0.0199763775,0.3600559235,inf,0.0199458599,inf,inf,inf,0.0800259113,0.0199139118,inf,inf,inf,inf,inf,inf,inf,1583
1779239086.5414774418,-0.2017503828,-0.0371590964,0.1817734689,-0.0193188008,0.0057222258,0.0193188008,2.8659999371,nan,nan,-0.1000000015,0.0000000000,1.5599999428,0.0000000000,nan,nan,nan,nan,nan,nan,nan,nan,nan,nan,nan,nan,0.1366796345,0.0604578182,1.1000000238,-1.2390851974,-2.6804497242,0.0000000000,nan,nan,nan,nan,nan,nan,nan,nan,nan,nan,nan,nan,nan,nan,nan,nan,nan,nan,nan,nan,nan,0.0300059319,0.3700854778,inf,0.0299754143,inf,inf,inf,0.0900554657,0.0299434662,inf,inf,inf,inf,inf,inf,inf,1583
1779239086.5514273643,-0.2017503828,-0.0371590964,0.1817734689,-0.0193188008,0.0057222258,0.0193188008,2.8659999371,nan,nan,-0.1000000015,0.0000000000,1.5599999428,0.0000000000,nan,nan,nan,nan,nan,nan,nan,nan,nan,nan,nan,nan,0.1431496888,0.0604079887,1.1000000238,-1.2390851974,-2.6804497242,0.0000000000,nan,nan,nan,nan,nan,nan,nan,nan,nan,nan,nan,nan,nan,nan,nan,nan,nan,nan,nan,nan,nan,0.0399558544,0.3800354004,inf,0.0399253368,inf,inf,inf,0.0000104904,0.0398933887,inf,inf,inf,inf,inf,inf,inf,1583
1779239086.5614826679,-0.2042511702,-0.0371735096,0.1733088344,-0.0193040022,0.0084628222,0.0165246736,2.8659999371,nan,nan,-0.1000000015,0.0000000000,1.5599999428,0.0000000000,nan,nan,nan,nan,nan,nan,nan,nan,nan,nan,nan,nan,0.1431496888,0.0604079887,1.1000000238,-1.2390851974,-2.6804497242,0.0000000000,nan,nan,nan,nan,nan,nan,nan,nan,nan,nan,nan,nan,nan,nan,nan,nan,nan,nan,nan,nan,nan,0.0000336170,0.3900907040,inf,0.0000119209,inf,inf,inf,0.0100657940,0.0499486923,inf,inf,inf,inf,inf,inf,inf,1583
1779239086.5715072155,-0.2042511702,-0.0371735096,0.1733088344,-0.0193040022,0.0084628222,0.0165246736,2.8659999371,nan,nan,-0.1000000015,0.0000000000,1.5599999428,0.0000000000,nan,nan,nan,nan,nan,nan,nan,nan,nan,nan,nan,nan,0.1431496888,0.0604079887,1.1000000238,-1.2390851974,-2.6804497242,0.0000000000,nan,nan,nan,nan,nan,nan,nan,nan,nan,nan,nan,nan,nan,nan,nan,nan,nan,nan,nan,nan,nan,0.0100581646,0.4001152515,inf,0.0100364685,inf,inf,inf,0.0200903416,0.0599732399,inf,inf,inf,inf,inf,inf,inf,1583
1779239086.5815219879,-0.2042511702,-0.0371735096,0.1733088344,-0.0193040022,0.0084628222,0.0165246736,2.8659999371,nan,nan,-0.1000000015,0.0000000000,1.5599999428,0.0000000000,nan,nan,nan,nan,nan,nan,nan,nan,nan,nan,nan,nan,0.1431496888,0.0604079887,1.1000000238,-1.2390851974,-2.6804497242,0.0000000000,nan,nan,nan,nan,nan,nan,nan,nan,nan,nan,nan,nan,nan,nan,nan,nan,nan,nan,nan,nan,nan,0.0200729370,0.4101300240,inf,0.0200512409,inf,inf,inf,0.0301051140,0.0699880123,inf,inf,inf,inf,inf,inf,inf,1583
1779239086.5914824009,-0.2042511702,-0.0371735096,0.1733088344,-0.0193040022,0.0084628222,0.0165246736,2.8659999371,nan,nan,-0.1000000015,0.0000000000,1.5599999428,0.0000000000,nan,nan,nan,nan,nan,nan,nan,nan,nan,nan,nan,nan,0.1431496888,0.0604079887,1.1000000238,-1.2390851974,-2.6804497242,0.0000000000,nan,nan,nan,nan,nan,nan,nan,nan,nan,nan,nan,nan,nan,nan,nan,nan,nan,nan,nan,nan,nan,0.0300333500,0.4200904369,inf,0.0300116539,inf,inf,inf,0.0400655270,0.0799484253,inf,inf,inf,inf,inf,inf,inf,1583
1779239086.6014847755,-0.2042511702,-0.0371735096,0.1733088344,-0.0193040022,0.0084628222,0.0165246736,2.8659999371,nan,nan,-0.1000000015,0.0000000000,1.5599999428,0.0000000000,nan,nan,nan,nan,nan,nan,nan,nan,nan,nan,nan,nan,0.1431496888,0.0604079887,1.1000000238,-1.2390851974,-2.6804497242,0.0000000000,nan,nan,nan,nan,nan,nan,nan,nan,nan,nan,nan,nan,nan,nan,nan,nan,nan,nan,nan,nan,nan,0.0400357246,0.4300928116,inf,0.0400140285,inf,inf,inf,0.0500679016,0.0899507999,inf,inf,inf,inf,inf,inf,inf,1583
1779239086.6115925312,-0.2066869438,-0.0371378064,0.1647126079,-0.0193040022,0.0084628222,0.0165246736,2.8659999371,nan,nan,-0.1000000015,0.0000000000,1.7599999905,0.0000000000,nan,nan,nan,nan,nan,nan,nan,nan,nan,nan,nan,nan,0.1431496888,0.0604079887,1.1000000238,-1.1767076254,-2.6919181347,0.0000000000,nan,nan,nan,nan,nan,nan,nan,nan,nan,nan,nan,nan,nan,nan,nan,nan,nan,nan,nan,nan,nan,0.0000894070,0.4402005672,inf,0.0000560284,inf,inf,inf,0.0601756573,0.0000195503,inf,inf,inf,inf,inf,inf,inf,1583
1779239086.6214890480,-0.2066869438,-0.0371378064,0.1647126079,-0.0193040022,0.0084628222,0.0165246736,2.8659999371,nan,nan,-0.1000000015,0.0000000000,1.7599999905,0.0000000000,nan,nan,nan,nan,nan,nan,nan,nan,nan,nan,nan,nan,0.1431496888,0.0604079887,1.1000000238,-1.1767076254,-2.6919181347,0.0000000000,nan,nan,nan,nan,nan,nan,nan,nan,nan,nan,nan,nan,nan,nan,nan,nan,nan,nan,nan,nan,nan,0.0099859238,0.4500970840,inf,0.0099525452,inf,inf,inf,0.0700721741,0.0099160671,inf,inf,inf,inf,inf,inf,inf,1583
1779239086.6314918995,-0.2066869438,-0.0371378064,0.1647126079,-0.0193040022,0.0084628222,0.0165246736,2.8659999371,nan,nan,-0.1000000015,0.0000000000,1.7599999905,0.0000000000,nan,nan,nan,nan,nan,nan,nan,nan,nan,nan,nan,nan,0.1431496888,0.0604079887,1.1000000238,-1.1767076254,-2.6919181347,0.0000000000,nan,nan,nan,nan,nan,nan,nan,nan,nan,nan,nan,nan,nan,nan,nan,nan,nan,nan,nan,nan,nan,0.0199887753,0.4600999355,inf,0.0199553967,inf,inf,inf,0.0800750256,0.0199189186,inf,inf,inf,inf,inf,inf,inf,1583
1779239086.6415183544,-0.2066869438,-0.0371378064,0.1647126079,-0.0193040022,0.0084628222,0.0165246736,2.8659999371,nan,nan,-0.1000000015,0.0000000000,1.7599999905,0.0000000000,nan,nan,nan,nan,nan,nan,nan,nan,nan,nan,nan,nan,0.1431496888,0.0604079887,1.1000000238,-1.1767076254,-2.6919181347,0.0000000000,nan,nan,nan,nan,nan,nan,nan,nan,nan,nan,nan,nan,nan,nan,nan,nan,nan,nan,nan,nan,nan,0.0300152302,0.4701263905,inf,0.0299818516,inf,inf,inf,0.0901014805,0.0299453735,inf,inf,inf,inf,inf,inf,inf,1583
1779239086.6515033245,-0.2066869438,-0.0371378064,0.1647126079,-0.0193040022,0.0084628222,0.0165246736,2.8659999371,nan,nan,-0.1000000015,0.0000000000,1.7599999905,0.0000000000,nan,nan,nan,nan,nan,nan,nan,nan,nan,nan,nan,nan,0.1038572565,0.0148541443,1.1000000238,-1.1767076254,-2.6919181347,0.0000000000,nan,nan,nan,nan,nan,nan,nan,nan,nan,nan,nan,nan,nan,nan,nan,nan,nan,nan,nan,nan,nan,0.0400002003,0.4801113605,inf,0.0399668217,inf,inf,inf,0.0000188351,0.0399303436,inf,inf,inf,inf,inf,inf,inf,1583
1779239086.6615364552,-0.2037188262,-0.0317587703,0.1544483751,-0.0192589367,0.0139975510,0.0164718189,2.8659999371,nan,nan,-0.1000000015,0.0000000000,1.7599999905,0.0000000000,nan,nan,nan,nan,nan,nan,nan,nan,nan,nan,nan,nan,0.1038572565,0.0148541443,1.1000000238,-1.1767076254,-2.6919181347,0.0000000000,nan,nan,nan,nan,nan,nan,nan,nan,nan,nan,nan,nan,nan,nan,nan,nan,nan,nan,nan,nan,nan,0.0000505447,0.4901444912,inf,0.0000176430,inf,inf,inf,0.0100519657,0.0499634743,inf,inf,inf,inf,inf,inf,inf,1583
1779239086.6715052128,-0.2037188262,-0.0317587703,0.1544483751,-0.0192589367,0.0139975510,0.0164718189,2.8659999371,nan,nan,-0.1000000015,0.0000000000,1.7599999905,0.0000000000,nan,nan,nan,nan,nan,nan,nan,nan,nan,nan,nan,nan,0.1038572565,0.0148541443,1.1000000238,-1.1767076254,-2.6919181347,0.0000000000,nan,nan,nan,nan,nan,nan,nan,nan,nan,nan,nan,nan,nan,nan,nan,nan,nan,nan,nan,nan,nan,0.0100193024,0.5001132488,inf,0.0099864006,inf,inf,inf,0.0200207233,0.0599322319,inf,inf,inf,inf,inf,inf,inf,1583
1779239086.6815156937,-0.2037188262,-0.0317587703,0.1544483751,-0.0192589367,0.0139975510,0.0164718189,2.8659999371,nan,nan,-0.1000000015,0.0000000000,1.7599999905,0.0000000000,nan,nan,nan,nan,nan,nan,nan,nan,nan,nan,nan,nan,0.1038572565,0.0148541443,1.1000000238,-1.1767076254,-2.6919181347,0.0000000000,nan,nan,nan,nan,nan,nan,nan,nan,nan,nan,nan,nan,nan,nan,nan,nan,nan,nan,nan,nan,nan,0.0200297832,0.5101237297,inf,0.0199968815,inf,inf,inf,0.0300312042,0.0699427128,inf,inf,inf,inf,inf,inf,inf,1583
1779239086.6915092468,-0.2037188262,-0.0317587703,0.1544483751,-0.0192589367,0.0139975510,0.0164718189,2.8659999371,nan,nan,-0.1000000015,0.0000000000,1.7599999905,0.0000000000,nan,nan,nan,nan,nan,nan,nan,nan,nan,nan,nan,nan,0.1038572565,0.0148541443,1.1000000238,-1.1767076254,-2.6919181347,0.0000000000,nan,nan,nan,nan,nan,nan,nan,nan,nan,nan,nan,nan,nan,nan,nan,nan,nan,nan,nan,nan,nan,0.0300233364,0.5201172829,inf,0.0299904346,inf,inf,inf,0.0400247574,0.0799362659,inf,inf,inf,inf,inf,inf,inf,1583
1779239086.7015249729,-0.2037188262,-0.0317587703,0.1544483751,-0.0192589367,0.0139975510,0.0164718189,2.8659999371,nan,nan,-0.1000000015,0.0000000000,1.7599999905,0.0000000000,nan,nan,nan,nan,nan,nan,nan,nan,nan,nan,nan,nan,0.1038572565,0.0148541443,1.1000000238,-1.1767076254,-2.6919181347,0.0000000000,nan,nan,nan,nan,nan,nan,nan,nan,nan,nan,nan,nan,nan,nan,nan,nan,nan,nan,nan,nan,nan,0.0400390625,0.5301330090,inf,0.0400061607,inf,inf,inf,0.0500404835,0.0899519920,inf,inf,inf,inf,inf,inf,inf,1583
1779239086.7115597725,-0.2052271664,-0.0309966002,0.1455006748,-0.0137687686,0.0084170559,0.0165480312,2.8659999371,nan,nan,-0.1000000015,0.0000000000,1.7599999905,0.0000000000,nan,nan,nan,nan,nan,nan,nan,nan,nan,nan,nan,nan,0.1038572565,0.0148541443,1.1000000238,-0.6916328073,-2.2412927151,0.0000000000,nan,nan,nan,nan,nan,nan,nan,nan,nan,nan,nan,nan,nan,nan,nan,nan,nan,nan,nan,nan,nan,0.0000863075,0.5401678085,inf,0.0000507832,inf,inf,inf,0.0600752831,0.0000176430,inf,inf,inf,inf,inf,inf,inf,1583
1779239086.7215220928,-0.2052271664,-0.0309966002,0.1455006748,-0.0137687686,0.0084170559,0.0165480312,2.8659999371,nan,nan,-0.1000000015,0.0000000000,1.7599999905,0.0000000000,nan,nan,nan,nan,nan,nan,nan,nan,nan,nan,nan,nan,0.1038572565,0.0148541443,1.1000000238,-0.6916328073,-2.2412927151,0.0000000000,nan,nan,nan,nan,nan,nan,nan,nan,nan,nan,nan,nan,nan,nan,nan,nan,nan,nan,nan,nan,nan,0.0100486279,0.5501301289,inf,0.0100131035,inf,inf,inf,0.0700376034,0.0099799633,inf,inf,inf,inf,inf,inf,inf,1583
1779239086.7314884663,-0.2052271664,-0.0309966002,0.1455006748,-0.0137687686,0.0084170559,0.0165480312,2.8659999371,nan,nan,-0.1000000015,0.0000000000,1.7599999905,0.0000000000,nan,nan,nan,nan,nan,nan,nan,nan,nan,nan,nan,nan,0.1038572565,0.0148541443,1.1000000238,-0.6916328073,-2.2412927151,0.0000000000,nan,nan,nan,nan,nan,nan,nan,nan,nan,nan,nan,nan,nan,nan,nan,nan,nan,nan,nan,nan,nan,0.0200150013,0.5600965023,inf,0.0199794769,inf,inf,inf,0.0800039768,0.0199463367,inf,inf,inf,inf,inf,inf,inf,1583
1779239086.7415535450,-0.2052271664,-0.0309966002,0.1455006748,-0.0137687686,0.0084170559,0.0165480312,2.8659999371,nan,nan,-0.1000000015,0.0000000000,1.7599999905,0.0000000000,nan,nan,nan,nan,nan,nan,nan,nan,nan,nan,nan,nan,0.1038572565,0.0148541443,1.1000000238,-0.6916328073,-2.2412927151,0.0000000000,nan,nan,nan,nan,nan,nan,nan,nan,nan,nan,nan,nan,nan,nan,nan,nan,nan,nan,nan,nan,nan,0.0300800800,0.5701615810,inf,0.0300445557,inf,inf,inf,0.0900690556,0.0300114155,inf,inf,inf,inf,inf,inf,inf,1583
1779239086.7515134811,-0.2052271664,-0.0309966002,0.1455006748,-0.0137687686,0.0084170559,0.0165480312,2.8659999371,nan,nan,-0.1000000015,0.0000000000,1.7599999905,0.0000000000,nan,nan,nan,nan,nan,nan,nan,nan,nan,nan,nan,nan,0.1378738284,0.0393773355,1.1000000238,-0.6916328073,-2.2412927151,0.0000000000,nan,nan,nan,nan,nan,nan,nan,nan,nan,nan,nan,nan,nan,nan,nan,nan,nan,nan,nan,nan,nan,0.0400400162,0.5801215172,inf,0.0400044918,inf,inf,inf,0.0000205040,0.0399713516,inf,inf,inf,inf,inf,inf,inf,1583
1779239086.7615785599,-0.2054185122,-0.0286219940,0.1365454793,-0.0109557415,0.0139290481,0.0165297861,2.8659999371,nan,nan,-0.1000000015,0.0000000000,1.9600000381,0.0000000000,nan,nan,nan,nan,nan,nan,nan,nan,nan,nan,nan,nan,0.1378738284,0.0393773355,1.1000000238,-0.6916328073,-2.2412927151,0.0000000000,nan,nan,nan,nan,nan,nan,nan,nan,nan,nan,nan,nan,nan,nan,nan,nan,nan,nan,nan,nan,nan,0.0000500679,0.5901865959,inf,0.0000174046,inf,inf,inf,0.0100855827,0.0500364304,inf,inf,inf,inf,inf,inf,inf,1583
1779239086.7715191841,-0.2054185122,-0.0286219940,0.1365454793,-0.0109557415,0.0139290481,0.0165297861,2.8659999371,nan,nan,-0.1000000015,0.0000000000,1.9600000381,0.0000000000,nan,nan,nan,nan,nan,nan,nan,nan,nan,nan,nan,nan,0.1378738284,0.0393773355,1.1000000238,-0.6916328073,-2.2412927151,0.0000000000,nan,nan,nan,nan,nan,nan,nan,nan,nan,nan,nan,nan,nan,nan,nan,nan,nan,nan,nan,nan,nan,0.0099906921,0.6001272202,inf,0.0099580288,inf,inf,inf,0.0200262070,0.0599770546,inf,inf,inf,inf,inf,inf,inf,1583
1779239086.7814538479,-0.2054185122,-0.0286219940,0.1365454793,-0.0109557415,0.0139290481,0.0165297861,2.8659999371,nan,nan,-0.1000000015,0.0000000000,1.9600000381,0.0000000000,nan,nan,nan,nan,nan,nan,nan,nan,nan,nan,nan,nan,0.1378738284,0.0393773355,1.1000000238,-0.6916328073,-2.2412927151,0.0000000000,nan,nan,nan,nan,nan,nan,nan,nan,nan,nan,nan,nan,nan,nan,nan,nan,nan,nan,nan,nan,nan,0.0199253559,0.6100618839,inf,0.0198926926,inf,inf,inf,0.0299608707,0.0699117184,inf,inf,inf,inf,inf,inf,inf,1583
1779239086.7914361954,-0.2054185122,-0.0286219940,0.1365454793,-0.0109557415,0.0139290481,0.0165297861,2.8659999371,nan,nan,-0.1000000015,0.0000000000,1.9600000381,0.0000000000,nan,nan,nan,nan,nan,nan,nan,nan,nan,nan,nan,nan,0.1378738284,0.0393773355,1.1000000238,-0.6916328073,-2.2412927151,0.0000000000,nan,nan,nan,nan,nan,nan,nan,nan,nan,nan,nan,nan,nan,nan,nan,nan,nan,nan,nan,nan,nan,0.0299077034,0.6200442314,inf,0.0298750401,inf,inf,inf,0.0399432182,0.0798940659,inf,inf,inf,inf,inf,inf,inf,1583
1779239086.8014469147,-0.2054185122,-0.0286219940,0.1365454793,-0.0109557415,0.0139290481,0.0165297861,2.8659999371,nan,nan,-0.1000000015,0.0000000000,1.9600000381,0.0000000000,nan,nan,nan,nan,nan,nan,nan,nan,nan,nan,nan,nan,0.1378738284,0.0393773355,1.1000000238,-0.6916328073,-2.2412927151,0.0000000000,nan,nan,nan,nan,nan,nan,nan,nan,nan,nan,nan,nan,nan,nan,nan,nan,nan,nan,nan,nan,nan,0.0399184227,0.6300549507,inf,0.0398857594,inf,inf,inf,0.0499539375,0.0899047852,inf,inf,inf,inf,inf,inf,inf,1583
1779239086.8114440441,-0.2061710656,-0.0276400913,0.1283840835,-0.0137687686,0.0084170559,0.0165480312,2.8659999371,nan,nan,-0.1000000015,0.0000000000,1.9600000381,0.0000000000,nan,nan,nan,nan,nan,nan,nan,nan,nan,nan,nan,nan,0.1378738284,0.0393773355,1.1000000238,-0.5547459126,-2.0013172626,0.0000000000,nan,nan,nan,nan,nan,nan,nan,nan,nan,nan,nan,nan,nan,nan,nan,nan,nan,nan,nan,nan,nan,0.0000391006,0.6400520802,inf,0.0000207424,inf,inf,inf,0.0599510670,0.0000066757,inf,inf,inf,inf,inf,inf,inf,1583
1779239086.8214704990,-0.2061710656,-0.0276400913,0.1283840835,-0.0137687686,0.0084170559,0.0165480312,2.8659999371,nan,nan,-0.1000000015,0.0000000000,1.9600000381,0.0000000000,nan,nan,nan,nan,nan,nan,nan,nan,nan,nan,nan,nan,0.1378738284,0.0393773355,1.1000000238,-0.5547459126,-2.0013172626,0.0000000000,nan,nan,nan,nan,nan,nan,nan,nan,nan,nan,nan,nan,nan,nan,nan,nan,nan,nan,nan,nan,nan,0.0100655556,0.6500785351,inf,0.0100471973,inf,inf,inf,0.0699775219,0.0100331306,inf,inf,inf,inf,inf,inf,inf,1583
1779239086.8314709663,-0.2061710656,-0.0276400913,0.1283840835,-0.0137687686,0.0084170559,0.0165480312,2.8659999371,nan,nan,-0.1000000015,0.0000000000,1.9600000381,0.0000000000,nan,nan,nan,nan,nan,nan,nan,nan,nan,nan,nan,nan,0.1378738284,0.0393773355,1.1000000238,-0.5547459126,-2.0013172626,0.0000000000,nan,nan,nan,nan,nan,nan,nan,nan,nan,nan,nan,nan,nan,nan,nan,nan,nan,nan,nan,nan,nan,0.0200660229,0.6600790024,inf,0.0200476646,inf,inf,inf,0.0799779892,0.0200335979,inf,inf,inf,inf,inf,inf,inf,1583
1779239086.8414876461,-0.2061710656,-0.0276400913,0.1283840835,-0.0137687686,0.0084170559,0.0165480312,2.8659999371,nan,nan,-0.1000000015,0.0000000000,1.9600000381,0.0000000000,nan,nan,nan,nan,nan,nan,nan,nan,nan,nan,nan,nan,0.1378738284,0.0393773355,1.1000000238,-0.5547459126,-2.0013172626,0.0000000000,nan,nan,nan,nan,nan,nan,nan,nan,nan,nan,nan,nan,nan,nan,nan,nan,nan,nan,nan,nan,nan,0.0300827026,0.6700956821,inf,0.0300643444,inf,inf,inf,0.0899946690,0.0300502777,inf,inf,inf,inf,inf,inf,inf,1583
1779239086.8515417576,-0.2061710656,-0.0276400913,0.1283840835,-0.0137687686,0.0084170559,0.0165480312,2.8659999371,nan,nan,-0.1000000015,0.0000000000,1.9600000381,0.0000000000,nan,nan,nan,nan,nan,nan,nan,nan,nan,nan,nan,nan,0.1404642463,0.0407270566,1.1000000238,-0.5547459126,-2.0013172626,0.0000000000,nan,nan,nan,nan,nan,nan,nan,nan,nan,nan,nan,nan,nan,nan,nan,nan,nan,nan,nan,nan,nan,0.0401368141,0.6801497936,inf,0.0401184559,inf,inf,inf,0.0000224113,0.0401043892,inf,inf,inf,inf,inf,inf,inf,1583
1779239086.8616025448,-0.2066581845,-0.0267348532,0.1215241179,-0.0164918677,0.0167193727,0.0137008974,2.8659999371,nan,nan,-0.1000000015,0.0000000000,1.9600000381,0.0000000000,nan,nan,nan,nan,nan,nan,nan,nan,nan,nan,nan,nan,0.1404642463,0.0407270566,1.1000000238,-0.5547459126,-2.0013172626,0.0000000000,nan,nan,nan,nan,nan,nan,nan,nan,nan,nan,nan,nan,nan,nan,nan,nan,nan,nan,nan,nan,nan,0.0000488758,0.6902105808,inf,0.0000188351,inf,inf,inf,0.0100831985,0.0501651764,inf,inf,inf,inf,inf,inf,inf,1583
1779239086.8715159893,-0.2066581845,-0.0267348532,0.1215241179,-0.0164918677,0.0167193727,0.0137008974,2.8659999371,nan,nan,-0.1000000015,0.0000000000,1.9600000381,0.0000000000,nan,nan,nan,nan,nan,nan,nan,nan,nan,nan,nan,nan,0.1404642463,0.0407270566,1.1000000238,-0.5547459126,-2.0013172626,0.0000000000,nan,nan,nan,nan,nan,nan,nan,nan,nan,nan,nan,nan,nan,nan,nan,nan,nan,nan,nan,nan,nan,0.0099623203,0.7001240253,inf,0.0099322796,inf,inf,inf,0.0199966431,0.0600786209,inf,inf,inf,inf,inf,inf,inf,1583
1779239086.8815021515,-0.2066581845,-0.0267348532,0.1215241179,-0.0164918677,0.0167193727,0.0137008974,2.8659999371,nan,nan,-0.1000000015,0.0000000000,1.9600000381,0.0000000000,nan,nan,nan,nan,nan,nan,nan,nan,nan,nan,nan,nan,0.1404642463,0.0407270566,1.1000000238,-0.5547459126,-2.0013172626,0.0000000000,nan,nan,nan,nan,nan,nan,nan,nan,nan,nan,nan,nan,nan,nan,nan,nan,nan,nan,nan,nan,nan,0.0199484825,0.7101101875,inf,0.0199184418,inf,inf,inf,0.0299828053,0.0700647831,inf,inf,inf,inf,inf,inf,inf,1583
1779239086.8915045261,-0.2066581845,-0.0267348532,0.1215241179,-0.0164918677,0.0167193727,0.0137008974,2.8659999371,nan,nan,-0.1000000015,0.0000000000,1.9600000381,0.0000000000,nan,nan,nan,nan,nan,nan,nan,nan,nan,nan,nan,nan,0.1404642463,0.0407270566,1.1000000238,-0.5547459126,-2.0013172626,0.0000000000,nan,nan,nan,nan,nan,nan,nan,nan,nan,nan,nan,nan,nan,nan,nan,nan,nan,nan,nan,nan,nan,0.0299508572,0.7201125622,inf,0.0299208164,inf,inf,inf,0.0399851799,0.0800671577,inf,inf,inf,inf,inf,inf,inf,1583
1779239086.9015233517,-0.2066581845,-0.0267348532,0.1215241179,-0.0164918677,0.0167193727,0.0137008974,2.8659999371,nan,nan,-0.1000000015,0.0000000000,1.9600000381,0.0000000000,nan,nan,nan,nan,nan,nan,nan,nan,nan,nan,nan,nan,0.1404642463,0.0407270566,1.1000000238,-0.5547459126,-2.0013172626,0.0000000000,nan,nan,nan,nan,nan,nan,nan,nan,nan,nan,nan,nan,nan,nan,nan,nan,nan,nan,nan,nan,nan,0.0399696827,0.7301313877,inf,0.0399396420,inf,inf,inf,0.0500040054,0.0900859833,inf,inf,inf,inf,inf,inf,inf,1583
1779239086.9115693569,-0.2067815214,-0.0258616824,0.1158907861,-0.0165292163,0.0111844713,0.0137460675,2.8659999371,nan,nan,-0.1000000015,0.0000000000,2.1600000858,0.0000000000,nan,nan,nan,nan,nan,nan,nan,nan,nan,nan,nan,nan,0.1404642463,0.0407270566,1.1000000238,-0.4880193174,-1.7464710474,0.0000000000,nan,nan,nan,nan,nan,nan,nan,nan,nan,nan,nan,nan,nan,nan,nan,nan,nan,nan,nan,nan,nan,0.0000805855,0.7401773930,inf,0.0000488758,inf,inf,inf,0.0600500107,0.0000166893,inf,inf,inf,inf,inf,inf,inf,1583
1779239086.9215514660,-0.2067815214,-0.0258616824,0.1158907861,-0.0165292163,0.0111844713,0.0137460675,2.8659999371,nan,nan,-0.1000000015,0.0000000000,2.1600000858,0.0000000000,nan,nan,nan,nan,nan,nan,nan,nan,nan,nan,nan,nan,0.1404642463,0.0407270566,1.1000000238,-0.4880193174,-1.7464710474,0.0000000000,nan,nan,nan,nan,nan,nan,nan,nan,nan,nan,nan,nan,nan,nan,nan,nan,nan,nan,nan,nan,nan,0.0100626945,0.7501595020,inf,0.0100309849,inf,inf,inf,0.0700321198,0.0099987984,inf,inf,inf,inf,inf,inf,inf,1583
1779239086.9315190315,-0.2067815214,-0.0258616824,0.1158907861,-0.0165292163,0.0111844713,0.0137460675,2.8659999371,nan,nan,-0.1000000015,0.0000000000,2.1600000858,0.0000000000,nan,nan,nan,nan,nan,nan,nan,nan,nan,nan,nan,nan,0.1404642463,0.0407270566,1.1000000238,-0.4880193174,-1.7464710474,0.0000000000,nan,nan,nan,nan,nan,nan,nan,nan,nan,nan,nan,nan,nan,nan,nan,nan,nan,nan,nan,nan,nan,0.0200302601,0.7601270676,inf,0.0199985504,inf,inf,inf,0.0799996853,0.0199663639,inf,inf,inf,inf,inf,inf,inf,1583
1779239086.9415214062,-0.2067815214,-0.0258616824,0.1158907861,-0.0165292163,0.0111844713,0.0137460675,2.8659999371,nan,nan,-0.1000000015,0.0000000000,2.1600000858,0.0000000000,nan,nan,nan,nan,nan,nan,nan,nan,nan,nan,nan,nan,0.1404642463,0.0407270566,1.1000000238,-0.4880193174,-1.7464710474,0.0000000000,nan,nan,nan,nan,nan,nan,nan,nan,nan,nan,nan,nan,nan,nan,nan,nan,nan,nan,nan,nan,nan,0.0300326347,0.7701294422,inf,0.0300009251,inf,inf,inf,0.0900020599,0.0299687386,inf,inf,inf,inf,inf,inf,inf,1583
1779239086.9514970779,-0.2067815214,-0.0258616824,0.1158907861,-0.0165292163,0.0111844713,0.0137460675,2.8659999371,nan,nan,-0.1000000015,0.0000000000,2.1600000858,0.0000000000,nan,nan,nan,nan,nan,nan,nan,nan,nan,nan,nan,nan,0.1397309601,0.0280716605,1.1000000238,-0.4880193174,-1.7464710474,0.0000000000,nan,nan,nan,nan,nan,nan,nan,nan,nan,nan,nan,nan,nan,nan,nan,nan,nan,nan,nan,nan,nan,0.0400083065,0.7801051140,inf,0.0399765968,inf,inf,inf,0.0000205040,0.0399444103,inf,inf,inf,inf,inf,inf,inf,1583
1779239086.9615368843,-0.2068545669,-0.0227345414,0.1126959249,-0.0165104959,0.0139519093,0.0137234444,2.8659999371,nan,nan,-0.1000000015,0.0000000000,2.1600000858,0.0000000000,nan,nan,nan,nan,nan,nan,nan,nan,nan,nan,nan,nan,0.1397309601,0.0280716605,1.1000000238,-0.4880193174,-1.7464710474,0.0000000000,nan,nan,nan,nan,nan,nan,nan,nan,nan,nan,nan,nan,nan,nan,nan,nan,nan,nan,nan,nan,nan,0.0000476837,0.7901449203,inf,0.0000176430,inf,inf,inf,0.0100603104,0.0499842167,inf,inf,inf,inf,inf,inf,inf,1583
1779239086.9714839458,-0.2068545669,-0.0227345414,0.1126959249,-0.0165104959,0.0139519093,0.0137234444,2.8659999371,nan,nan,-0.1000000015,0.0000000000,2.1600000858,0.0000000000,nan,nan,nan,nan,nan,nan,nan,nan,nan,nan,nan,nan,0.1397309601,0.0280716605,1.1000000238,-0.4880193174,-1.7464710474,0.0000000000,nan,nan,nan,nan,nan,nan,nan,nan,nan,nan,nan,nan,nan,nan,nan,nan,nan,nan,nan,nan,nan,0.0099947453,0.8000919819,inf,0.0099647045,inf,inf,inf,0.0200073719,0.0599312782,inf,inf,inf,inf,inf,inf,inf,1583
1779239086.9814863205,-0.2068545669,-0.0227345414,0.1126959249,-0.0165104959,0.0139519093,0.0137234444,2.8659999371,nan,nan,-0.1000000015,0.0000000000,2.1600000858,0.0000000000,nan,nan,nan,nan,nan,nan,nan,nan,nan,nan,nan,nan,0.1397309601,0.0280716605,1.1000000238,-0.4880193174,-1.7464710474,0.0000000000,nan,nan,nan,nan,nan,nan,nan,nan,nan,nan,nan,nan,nan,nan,nan,nan,nan,nan,nan,nan,nan,0.0199971199,0.8100943565,inf,0.0199670792,inf,inf,inf,0.0300097466,0.0699336529,inf,inf,inf,inf,inf,inf,inf,1583
1779239086.9915127754,-0.2068545669,-0.0227345414,0.1126959249,-0.0165104959,0.0139519093,0.0137234444,2.8659999371,nan,nan,-0.1000000015,0.0000000000,2.1600000858,0.0000000000,nan,nan,nan,nan,nan,nan,nan,nan,nan,nan,nan,nan,0.1397309601,0.0280716605,1.1000000238,-0.4880193174,-1.7464710474,0.0000000000,nan,nan,nan,nan,nan,nan,nan,nan,nan,nan,nan,nan,nan,nan,nan,nan,nan,nan,nan,nan,nan,0.0300235748,0.8201208115,inf,0.0299935341,inf,inf,inf,0.0400362015,0.0799601078,inf,inf,inf,inf,inf,inf,inf,1583
1779239087.0014879704,-0.2068545669,-0.0227345414,0.1126959249,-0.0165104959,0.0139519093,0.0137234444,2.8659999371,nan,nan,-0.1000000015,0.0000000000,2.1600000858,0.0000000000,nan,nan,nan,nan,nan,nan,nan,nan,nan,nan,nan,nan,0.1397309601,0.0280716605,1.1000000238,-0.4880193174,-1.7464710474,0.0000000000,nan,nan,nan,nan,nan,nan,nan,nan,nan,nan,nan,nan,nan,nan,nan,nan,nan,nan,nan,nan,nan,0.0399987698,0.8300960064,inf,0.0399687290,inf,inf,inf,0.0500113964,0.0899353027,inf,inf,inf,inf,inf,inf,inf,1583
1779239087.0115563869,-0.2063105553,-0.0213495810,0.1110388562,-0.0137620054,0.0139138735,0.0109750068,2.8659999371,nan,nan,-0.1000000015,0.0000000000,2.1600000858,0.0000000000,nan,nan,nan,nan,nan,nan,nan,nan,nan,nan,nan,nan,0.1397309601,0.0280716605,1.1000000238,-0.0676168427,-1.5074336529,0.0000000000,nan,nan,nan,nan,nan,nan,nan,nan,nan,nan,nan,nan,nan,nan,nan,nan,nan,nan,nan,nan,nan,0.0000782013,0.8401644230,inf,0.0000472069,inf,inf,inf,0.0600798130,0.0000162125,inf,inf,inf,inf,inf,inf,inf,1583
1779239087.0215256214,-0.2063105553,-0.0213495810,0.1110388562,-0.0137620054,0.0139138735,0.0109750068,2.8659999371,nan,nan,-0.1000000015,0.0000000000,2.1600000858,0.0000000000,nan,nan,nan,nan,nan,nan,nan,nan,nan,nan,nan,nan,0.1397309601,0.0280716605,1.1000000238,-0.0676168427,-1.5074336529,0.0000000000,nan,nan,nan,nan,nan,nan,nan,nan,nan,nan,nan,nan,nan,nan,nan,nan,nan,nan,nan,nan,nan,0.0100474358,0.8501336575,inf,0.0100164413,inf,inf,inf,0.0700490475,0.0099854469,inf,inf,inf,inf,inf,inf,inf,1583
1779239087.0314939022,-0.2063105553,-0.0213495810,0.1110388562,-0.0137620054,0.0139138735,0.0109750068,2.8659999371,nan,nan,-0.1000000015,0.0000000000,2.1600000858,0.0000000000,nan,nan,nan,nan,nan,nan,nan,nan,nan,nan,nan,nan,0.1397309601,0.0280716605,1.1000000238,-0.0676168427,-1.5074336529,0.0000000000,nan,nan,nan,nan,nan,nan,nan,nan,nan,nan,nan,nan,nan,nan,nan,nan,nan,nan,nan,nan,nan,0.0200157166,0.8601019382,inf,0.0199847221,inf,inf,inf,0.0800173283,0.0199537277,inf,inf,inf,inf,inf,inf,inf,1583
1779239087.0415103436,-0.2063105553,-0.0213495810,0.1110388562,-0.0137620054,0.0139138735,0.0109750068,2.8659999371,nan,nan,-0.1000000015,0.0000000000,2.1600000858,0.0000000000,nan,nan,nan,nan,nan,nan,nan,nan,nan,nan,nan,nan,0.1397309601,0.0280716605,1.1000000238,-0.0676168427,-1.5074336529,0.0000000000,nan,nan,nan,nan,nan,nan,nan,nan,nan,nan,nan,nan,nan,nan,nan,nan,nan,nan,nan,nan,nan,0.0300321579,0.8701183796,inf,0.0300011635,inf,inf,inf,0.0900337696,0.0299701691,inf,inf,inf,inf,inf,inf,inf,1583
1779239087.0515034199,-0.2063105553,-0.0213495810,0.1110388562,-0.0137620054,0.0139138735,0.0109750068,2.8659999371,nan,nan,-0.1000000015,0.0000000000,2.1600000858,0.0000000000,nan,nan,nan,nan,nan,nan,nan,nan,nan,nan,nan,nan,0.1351915747,0.0285108201,1.1000000238,-0.0676168427,-1.5074336529,0.0000000000,nan,nan,nan,nan,nan,nan,nan,nan,nan,nan,nan,nan,nan,nan,nan,nan,nan,nan,nan,nan,nan,0.0400252342,0.8801114559,inf,0.0399942398,inf,inf,inf,0.0000221729,0.0399632454,inf,inf,inf,inf,inf,inf,inf,1583
1779239087.0615520477,-0.2055513710,-0.0195716154,0.1114570796,-0.0137615310,0.0111654383,0.0137615310,2.8659999371,nan,nan,-0.1000000015,0.0000000000,2.1600000858,0.0000000000,nan,nan,nan,nan,nan,nan,nan,nan,nan,nan,nan,nan,0.1351915747,0.0285108201,1.1000000238,-0.0676168427,-1.5074336529,0.0000000000,nan,nan,nan,nan,nan,nan,nan,nan,nan,nan,nan,nan,nan,nan,nan,nan,nan,nan,nan,nan,nan,0.0000517368,0.8901600838,inf,0.0000183582,inf,inf,inf,0.0100708008,0.0500118732,inf,inf,inf,inf,inf,inf,inf,1583
1779239087.0714938641,-0.2055513710,-0.0195716154,0.1114570796,-0.0137615310,0.0111654383,0.0137615310,2.8659999371,nan,nan,-0.1000000015,0.0000000000,2.1600000858,0.0000000000,nan,nan,nan,nan,nan,nan,nan,nan,nan,nan,nan,nan,0.1351915747,0.0285108201,1.1000000238,-0.0676168427,-1.5074336529,0.0000000000,nan,nan,nan,nan,nan,nan,nan,nan,nan,nan,nan,nan,nan,nan,nan,nan,nan,nan,nan,nan,nan,0.0099935532,0.9001019001,inf,0.0099601746,inf,inf,inf,0.0200126171,0.0599536896,inf,inf,inf,inf,inf,inf,inf,1583
1779239087.0814931393,-0.2055513710,-0.0195716154,0.1114570796,-0.0137615310,0.0111654383,0.0137615310,2.8659999371,nan,nan,-0.1000000015,0.0000000000,2.1600000858,0.0000000000,nan,nan,nan,nan,nan,nan,nan,nan,nan,nan,nan,nan,0.1351915747,0.0285108201,1.1000000238,-0.0676168427,-1.5074336529,0.0000000000,nan,nan,nan,nan,nan,nan,nan,nan,nan,nan,nan,nan,nan,nan,nan,nan,nan,nan,nan,nan,nan,0.0199928284,0.9101011753,inf,0.0199594498,inf,inf,inf,0.0300118923,0.0699529648,inf,inf,inf,inf,inf,inf,inf,1583
1779239087.0915148258,-0.2055513710,-0.0195716154,0.1114570796,-0.0137615310,0.0111654383,0.0137615310,2.8659999371,nan,nan,-0.1000000015,0.0000000000,2.1600000858,0.0000000000,nan,nan,nan,nan,nan,nan,nan,nan,nan,nan,nan,nan,0.1351915747,0.0285108201,1.1000000238,-0.0676168427,-1.5074336529,0.0000000000,nan,nan,nan,nan,nan,nan,nan,nan,nan,nan,nan,nan,nan,nan,nan,nan,nan,nan,nan,nan,nan,0.0300145149,0.9201228619,inf,0.0299811363,inf,inf,inf,0.0400335789,0.0799746513,inf,inf,inf,inf,inf,inf,inf,1583
1779239087.1014802456,-0.2055513710,-0.0195716154,0.1114570796,-0.0137615310,0.0111654383,0.0137615310,2.8659999371,nan,nan,-0.1000000015,0.0000000000,2.1600000858,0.0000000000,nan,nan,nan,nan,nan,nan,nan,nan,nan,nan,nan,nan,0.1351915747,0.0285108201,1.1000000238,-0.0676168427,-1.5074336529,0.0000000000,nan,nan,nan,nan,nan,nan,nan,nan,nan,nan,nan,nan,nan,nan,nan,nan,nan,nan,nan,nan,nan,0.0399799347,0.9300882816,inf,0.0399465561,inf,inf,inf,0.0499989986,0.0899400711,inf,inf,inf,inf,inf,inf,inf,1583
1779239087.1115465164,-0.2043272257,-0.0182144772,0.1143429577,-0.0137615310,0.0111654383,0.0137615310,2.8659999371,nan,nan,-0.1000000015,0.0000000000,2.1600000858,0.0000000000,nan,nan,nan,nan,nan,nan,nan,nan,nan,nan,nan,nan,0.1351915747,0.0285108201,1.1000000238,0.0264169741,-1.3078482151,0.0000000000,nan,nan,nan,nan,nan,nan,nan,nan,nan,nan,nan,nan,nan,nan,nan,nan,nan,nan,nan,nan,nan,0.0000798702,0.9401545525,inf,0.0000476837,inf,inf,inf,0.0600652695,0.0000157356,inf,inf,inf,inf,inf,inf,inf,1583
1779239087.1215217113,-0.2043272257,-0.0182144772,0.1143429577,-0.0137615310,0.0111654383,0.0137615310,2.8659999371,nan,nan,-0.1000000015,0.0000000000,2.1600000858,0.0000000000,nan,nan,nan,nan,nan,nan,nan,nan,nan,nan,nan,nan,0.1351915747,0.0285108201,1.1000000238,0.0264169741,-1.3078482151,0.0000000000,nan,nan,nan,nan,nan,nan,nan,nan,nan,nan,nan,nan,nan,nan,nan,nan,nan,nan,nan,nan,nan,0.0100550652,0.9501297474,inf,0.0100228786,inf,inf,inf,0.0700404644,0.0099909306,inf,inf,inf,inf,inf,inf,inf,1583
1779239087.1314899921,-0.2043272257,-0.0182144772,0.1143429577,-0.0137615310,0.0111654383,0.0137615310,2.8659999371,nan,nan,-0.1000000015,0.0000000000,2.1600000858,0.0000000000,nan,nan,nan,nan,nan,nan,nan,nan,nan,nan,nan,nan,0.1351915747,0.0285108201,1.1000000238,0.0264169741,-1.3078482151,0.0000000000,nan,nan,nan,nan,nan,nan,nan,nan,nan,nan,nan,nan,nan,nan,nan,nan,nan,nan,nan,nan,nan,0.0200233459,0.9600980282,inf,0.0199911594,inf,inf,inf,0.0800087452,0.0199592113,inf,inf,inf,inf,inf,inf,inf,1583
1779239087.1414854527,-0.2043272257,-0.0182144772,0.1143429577,-0.0137615310,0.0111654383,0.0137615310,2.8659999371,nan,nan,-0.1000000015,0.0000000000,2.1600000858,0.0000000000,nan,nan,nan,nan,nan,nan,nan,nan,nan,nan,nan,nan,0.1351915747,0.0285108201,1.1000000238,0.0264169741,-1.3078482151,0.0000000000,nan,nan,nan,nan,nan,nan,nan,nan,nan,nan,nan,nan,nan,nan,nan,nan,nan,nan,nan,nan,nan,0.0300188065,0.9700934887,inf,0.0299866199,inf,inf,inf,0.0900042057,0.0299546719,inf,inf,inf,inf,inf,inf,inf,1583
1779239087.1514894962,-0.2043272257,-0.0182144772,0.1143429577,-0.0137615310,0.0111654383,0.0137615310,2.8659999371,nan,nan,-0.1000000015,0.0000000000,2.1600000858,0.0000000000,nan,nan,nan,nan,nan,nan,nan,nan,nan,nan,nan,nan,0.1302356571,0.0232146867,1.1000000238,0.0264169741,-1.3078482151,0.0000000000,nan,nan,nan,nan,nan,nan,nan,nan,nan,nan,nan,nan,nan,nan,nan,nan,nan,nan,nan,nan,nan,0.0400228500,0.9800975323,inf,0.0399906635,inf,inf,inf,0.0000200272,0.0399587154,inf,inf,inf,inf,inf,inf,inf,1583
1779239087.1615946293,-0.2047018856,-0.0157294981,0.1179793850,-0.0109938725,0.0111463846,0.0137769688,2.8659999371,nan,nan,-0.1000000015,0.0000000000,2.1600000858,0.0000000000,nan,nan,nan,nan,nan,nan,nan,nan,nan,nan,nan,nan,0.1302356571,0.0232146867,1.1000000238,0.0264169741,-1.3078482151,0.0000000000,nan,nan,nan,nan,nan,nan,nan,nan,nan,nan,nan,nan,nan,nan,nan,nan,nan,nan,nan,nan,nan,0.0000755787,0.0000441074,inf,0.0000178814,inf,inf,inf,0.0101251602,0.0500638485,inf,inf,inf,inf,inf,inf,inf,1583
1779239087.1714723110,-0.2047018856,-0.0157294981,0.1179793850,-0.0109938725,0.0111463846,0.0137769688,2.8659999371,nan,nan,-0.1000000015,0.0000000000,2.1600000858,0.0000000000,nan,nan,nan,nan,nan,nan,nan,nan,nan,nan,nan,nan,0.1302356571,0.0232146867,1.1000000238,0.0264169741,-1.3078482151,0.0000000000,nan,nan,nan,nan,nan,nan,nan,nan,nan,nan,nan,nan,nan,nan,nan,nan,nan,nan,nan,nan,nan,0.0099532604,0.0099217892,inf,0.0098955631,inf,inf,inf,0.0200028419,0.0599415302,inf,inf,inf,inf,inf,inf,inf,1583
1779239087.1814830303,-0.2047018856,-0.0157294981,0.1179793850,-0.0109938725,0.0111463846,0.0137769688,2.8659999371,nan,nan,-0.1000000015,0.0000000000,2.1600000858,0.0000000000,nan,nan,nan,nan,nan,nan,nan,nan,nan,nan,nan,nan,0.1302356571,0.0232146867,1.1000000238,0.0264169741,-1.3078482151,0.0000000000,nan,nan,nan,nan,nan,nan,nan,nan,nan,nan,nan,nan,nan,nan,nan,nan,nan,nan,nan,nan,nan,0.0199639797,0.0199325085,inf,0.0199062824,inf,inf,inf,0.0300135612,0.0699522495,inf,inf,inf,inf,inf,inf,inf,1583
1779239087.1914556026,-0.2047018856,-0.0157294981,0.1179793850,-0.0109938725,0.0111463846,0.0137769688,2.8659999371,nan,nan,-0.1000000015,0.0000000000,2.1600000858,0.0000000000,nan,nan,nan,nan,nan,nan,nan,nan,nan,nan,nan,nan,0.1302356571,0.0232146867,1.1000000238,0.0264169741,-1.3078482151,0.0000000000,nan,nan,nan,nan,nan,nan,nan,nan,nan,nan,nan,nan,nan,nan,nan,nan,nan,nan,nan,nan,nan,0.0299365520,0.0299050808,inf,0.0298788548,inf,inf,inf,0.0399861336,0.0799248219,inf,inf,inf,inf,inf,inf,inf,1583
1779239087.2014527321,-0.2047018856,-0.0157294981,0.1179793850,-0.0109938725,0.0111463846,0.0137769688,2.8659999371,nan,nan,-0.1000000015,0.0000000000,2.1600000858,0.0000000000,nan,nan,nan,nan,nan,nan,nan,nan,nan,nan,nan,nan,0.1302356571,0.0232146867,1.1000000238,0.0264169741,-1.3078482151,0.0000000000,nan,nan,nan,nan,nan,nan,nan,nan,nan,nan,nan,nan,nan,nan,nan,nan,nan,nan,nan,nan,nan,0.0399336815,0.0399022102,inf,0.0398759842,inf,inf,inf,0.0499832630,0.0899219513,inf,inf,inf,inf,inf,inf,inf,1583
1779239087.2114541531,-0.2033396810,-0.0143614262,0.1231239438,-0.0110092862,0.0111311602,0.0110092862,2.8659999371,nan,nan,-0.1000000015,0.0000000000,2.1600000858,0.0000000000,nan,nan,nan,nan,nan,nan,nan,nan,nan,nan,nan,nan,0.1302356571,0.0232146867,1.1000000238,0.0000000000,0.0000000000,0.5806009769,nan,nan,nan,nan,nan,nan,nan,nan,nan,nan,nan,nan,nan,nan,nan,nan,nan,nan,nan,nan,nan,0.0000450611,0.0499036312,inf,0.0000264645,inf,inf,inf,0.0599846840,0.0000083447,inf,inf,inf,inf,inf,inf,inf,1583
1779239087.2214484215,-0.2033396810,-0.0143614262,0.1231239438,-0.0110092862,0.0111311602,0.0110092862,2.8659999371,nan,nan,-0.1000000015,0.0000000000,2.1600000858,0.0000000000,nan,nan,nan,nan,nan,nan,nan,nan,nan,nan,nan,nan,0.1302356571,0.0232146867,1.1000000238,0.0000000000,0.0000000000,0.5806009769,nan,nan,nan,nan,nan,nan,nan,nan,nan,nan,nan,nan,nan,nan,nan,nan,nan,nan,nan,nan,nan,0.0100393295,0.0598978996,inf,0.0100207329,inf,inf,inf,0.0699789524,0.0100026131,inf,inf,inf,inf,inf,inf,inf,1583
1779239087.2314844131,-0.2033396810,-0.0143614262,0.1231239438,-0.0110092862,0.0111311602,0.0110092862,2.8659999371,nan,nan,-0.1000000015,0.0000000000,2.1600000858,0.0000000000,nan,nan,nan,nan,nan,nan,nan,nan,nan,nan,nan,nan,0.1302356571,0.0232146867,1.1000000238,0.0000000000,0.0000000000,0.5806009769,nan,nan,nan,nan,nan,nan,nan,nan,nan,nan,nan,nan,nan,nan,nan,nan,nan,nan,nan,nan,nan,0.0200753212,0.0699338913,inf,0.0200567245,inf,inf,inf,0.0800149441,0.0200386047,inf,inf,inf,inf,inf,inf,inf,1583
1779239087.2414629459,-0.2033396810,-0.0143614262,0.1231239438,-0.0110092862,0.0111311602,0.0110092862,2.8659999371,nan,nan,-0.1000000015,0.0000000000,2.1600000858,0.0000000000,nan,nan,nan,nan,nan,nan,nan,nan,nan,nan,nan,nan,0.1302356571,0.0232146867,1.1000000238,0.0000000000,0.0000000000,0.5806009769,nan,nan,nan,nan,nan,nan,nan,nan,nan,nan,nan,nan,nan,nan,nan,nan,nan,nan,nan,nan,nan,0.0300538540,0.0799124241,inf,0.0300352573,inf,inf,inf,0.0899934769,0.0300171375,inf,inf,inf,inf,inf,inf,inf,1583
1779239087.2515025139,-0.2033396810,-0.0143614262,0.1231239438,-0.0110092862,0.0111311602,0.0110092862,2.8659999371,nan,nan,-0.1000000015,0.0000000000,2.1600000858,0.0000000000,nan,nan,nan,nan,nan,nan,nan,nan,nan,nan,nan,nan,0.0000000000,0.0000000000,0.0000000000,0.0000000000,0.0000000000,0.5806009769,nan,nan,nan,nan,nan,nan,nan,nan,nan,nan,nan,nan,nan,nan,nan,nan,nan,nan,nan,nan,nan,0.0400934219,0.0899519920,inf,0.0400748253,inf,inf,inf,0.0000112057,0.0400567055,inf,inf,inf,inf,inf,inf,inf,1583
1779239087.2615087032,-0.2017172873,-0.0130613893,0.1232430860,-0.0082840860,0.0138491741,0.0027102670,2.8659999371,nan,nan,-0.1000000015,0.0000000000,2.1600000858,0.0000000000,nan,nan,nan,nan,nan,nan,nan,nan,nan,nan,nan,nan,0.0000000000,0.0000000000,0.0000000000,0.0000000000,0.0000000000,0.5806009769,nan,nan,nan,nan,nan,nan,nan,nan,nan,nan,nan,nan,nan,nan,nan,nan,nan,nan,nan,nan,nan,0.0000383854,0.0999581814,inf,0.0000140667,inf,inf,inf,0.0100173950,0.0500628948,inf,inf,inf,inf,inf,inf,inf,1583
1779239087.2715156078,-0.2017172873,-0.0130613893,0.1232430860,-0.0082840860,0.0138491741,0.0027102670,2.8659999371,nan,nan,-0.1000000015,0.0000000000,2.1600000858,0.0000000000,nan,nan,nan,nan,nan,nan,nan,nan,nan,nan,nan,nan,0.0000000000,0.0000000000,0.0000000000,0.0000000000,0.0000000000,0.5806009769,nan,nan,nan,nan,nan,nan,nan,nan,nan,nan,nan,nan,nan,nan,nan,nan,nan,nan,nan,nan,nan,0.0100452900,0.1099650860,inf,0.0100209713,inf,inf,inf,0.0200242996,0.0600697994,inf,inf,inf,inf,inf,inf,inf,1583
1779239087.2815101147,-0.2017172873,-0.0130613893,0.1232430860,-0.0082840860,0.0138491741,0.0027102670,2.8659999371,nan,nan,-0.1000000015,0.0000000000,2.1600000858,0.0000000000,nan,nan,nan,nan,nan,nan,nan,nan,nan,nan,nan,nan,0.0000000000,0.0000000000,0.0000000000,0.0000000000,0.0000000000,0.5806009769,nan,nan,nan,nan,nan,nan,nan,nan,nan,nan,nan,nan,nan,nan,nan,nan,nan,nan,nan,nan,nan,0.0200397968,0.1199595928,inf,0.0200154781,inf,inf,inf,0.0300188065,0.0700643063,inf,inf,inf,inf,inf,inf,inf,1583
1779239087.2914960384,-0.2017172873,-0.0130613893,0.1232430860,-0.0082840860,0.0138491741,0.0027102670,2.8659999371,nan,nan,-0.1000000015,0.0000000000,2.1600000858,0.0000000000,nan,nan,nan,nan,nan,nan,nan,nan,nan,nan,nan,nan,0.0000000000,0.0000000000,0.0000000000,0.0000000000,0.0000000000,0.5806009769,nan,nan,nan,nan,nan,nan,nan,nan,nan,nan,nan,nan,nan,nan,nan,nan,nan,nan,nan,nan,nan,0.0300257206,0.1299455166,inf,0.0300014019,inf,inf,inf,0.0400047302,0.0800502300,inf,inf,inf,inf,inf,inf,inf,1583
1779239087.3014817238,-0.2017172873,-0.0130613893,0.1232430860,-0.0082840860,0.0138491741,0.0027102670,2.8659999371,nan,nan,-0.1000000015,0.0000000000,2.1600000858,0.0000000000,nan,nan,nan,nan,nan,nan,nan,nan,nan,nan,nan,nan,0.0000000000,0.0000000000,0.0000000000,0.0000000000,0.0000000000,0.5806009769,nan,nan,nan,nan,nan,nan,nan,nan,nan,nan,nan,nan,nan,nan,nan,nan,nan,nan,nan,nan,nan,0.0400114059,0.1399312019,inf,0.0399870872,inf,inf,inf,0.0499904156,0.0900359154,inf,inf,inf,inf,inf,inf,inf,1583
1779239087.3115868568,-0.2001850605,-0.0124460831,0.1090486124,-0.0000268125,0.0193730734,-0.0027679316,2.8659999371,nan,nan,-0.1000000015,0.0000000000,2.1600000858,0.0000000000,nan,nan,nan,nan,nan,nan,nan,nan,nan,nan,nan,nan,0.0000000000,0.0000000000,0.0000000000,0.0000000000,0.0000000000,-0.1441942453,nan,nan,nan,nan,nan,nan,nan,nan,nan,nan,nan,nan,nan,nan,nan,nan,nan,nan,nan,nan,nan,0.0000934601,0.1500363350,inf,0.0000584126,inf,inf,inf,0.0600955486,0.0000195503,inf,inf,inf,inf,inf,inf,inf,1583
1779239087.3214757442,-0.2001850605,-0.0124460831,0.1090486124,-0.0000268125,0.0193730734,-0.0027679316,2.8659999371,nan,nan,-0.1000000015,0.0000000000,2.1600000858,0.0000000000,nan,nan,nan,nan,nan,nan,nan,nan,nan,nan,nan,nan,0.0000000000,0.0000000000,0.0000000000,0.0000000000,0.0000000000,-0.1441942453,nan,nan,nan,nan,nan,nan,nan,nan,nan,nan,nan,nan,nan,nan,nan,nan,nan,nan,nan,nan,nan,0.0099823475,0.1599252224,inf,0.0099473000,inf,inf,inf,0.0699844360,0.0099084377,inf,inf,inf,inf,inf,inf,inf,1583
1779239087.3314709663,-0.2001850605,-0.0124460831,0.1090486124,-0.0000268125,0.0193730734,-0.0027679316,2.8659999371,nan,nan,-0.1000000015,0.0000000000,2.1600000858,0.0000000000,nan,nan,nan,nan,nan,nan,nan,nan,nan,nan,nan,nan,0.0000000000,0.0000000000,0.0000000000,0.0000000000,0.0000000000,-0.1441942453,nan,nan,nan,nan,nan,nan,nan,nan,nan,nan,nan,nan,nan,nan,nan,nan,nan,nan,nan,nan,nan,0.0199775696,0.1699204445,inf,0.0199425220,inf,inf,inf,0.0799796581,0.0199036598,inf,inf,inf,inf,inf,inf,inf,1583
1779239087.3414924145,-0.2001850605,-0.0124460831,0.1090486124,-0.0000268125,0.0193730734,-0.0027679316,2.8659999371,nan,nan,-0.1000000015,0.0000000000,2.1600000858,0.0000000000,nan,nan,nan,nan,nan,nan,nan,nan,nan,nan,nan,nan,0.0000000000,0.0000000000,0.0000000000,0.0000000000,0.0000000000,-0.1441942453,nan,nan,nan,nan,nan,nan,nan,nan,nan,nan,nan,nan,nan,nan,nan,nan,nan,nan,nan,nan,nan,0.0299990177,0.1799418926,inf,0.0299639702,inf,inf,inf,0.0900011063,0.0299251080,inf,inf,inf,inf,inf,inf,inf,1583
1779239087.3514795303,-0.2001850605,-0.0124460831,0.1090486124,-0.0000268125,0.0193730734,-0.0027679316,2.8659999371,nan,nan,-0.1000000015,0.0000000000,2.1600000858,0.0000000000,nan,nan,nan,nan,nan,nan,nan,nan,nan,nan,nan,nan,0.0000000000,0.0000000000,0.0000000000,0.0000000000,0.0000000000,-0.1441942453,nan,nan,nan,nan,nan,nan,nan,nan,nan,nan,nan,nan,nan,nan,nan,nan,nan,nan,nan,nan,nan,0.0399861336,0.1899290085,inf,0.0399510860,inf,inf,inf,0.0000185966,0.0399122238,inf,inf,inf,inf,inf,inf,inf,1583
1779239087.3615245819,-0.1980910003,-0.0129229659,0.0948544145,0.0276412765,0.0997015298,-0.0013920796,2.8659999371,nan,nan,-0.1000000015,0.0000000000,2.1600000858,0.0000000000,nan,nan,nan,nan,nan,nan,nan,nan,nan,nan,nan,nan,0.0000000000,0.0000000000,0.0000000000,0.0000000000,0.0000000000,-0.1441942453,nan,nan,nan,nan,nan,nan,nan,nan,nan,nan,nan,nan,nan,nan,nan,nan,nan,nan,nan,nan,nan,0.0000517368,0.1999740601,inf,0.0000205040,inf,inf,inf,0.0100636482,0.0499572754,inf,inf,inf,inf,inf,inf,inf,1583
1779239087.3714928627,-0.1980910003,-0.0129229659,0.0948544145,0.0276412765,0.0997015298,-0.0013920796,2.8659999371,nan,nan,-0.1000000015,0.0000000000,2.1600000858,0.0000000000,nan,nan,nan,nan,nan,nan,nan,nan,nan,nan,nan,nan,0.0000000000,0.0000000000,0.0000000000,0.0000000000,0.0000000000,-0.1441942453,nan,nan,nan,nan,nan,nan,nan,nan,nan,nan,nan,nan,nan,nan,nan,nan,nan,nan,nan,nan,nan,0.0100200176,0.2099423409,inf,0.0099887848,inf,inf,inf,0.0200319290,0.0599255562,inf,inf,inf,inf,inf,inf,inf,1583
1779239087.3814840317,-0.1980910003,-0.0129229659,0.0948544145,0.0276412765,0.0997015298,-0.0013920796,2.8659999371,nan,nan,-0.1000000015,0.0000000000,2.1600000858,0.0000000000,nan,nan,nan,nan,nan,nan,nan,nan,nan,nan,nan,nan,0.0000000000,0.0000000000,0.0000000000,0.0000000000,0.0000000000,-0.1441942453,nan,nan,nan,nan,nan,nan,nan,nan,nan,nan,nan,nan,nan,nan,nan,nan,nan,nan,nan,nan,nan,0.0200111866,0.2199335098,inf,0.0199799538,inf,inf,inf,0.0300230980,0.0699167252,inf,inf,inf,inf,inf,inf,inf,1583
1779239087.3914601803,-0.1980910003,-0.0129229659,0.0948544145,0.0276412765,0.0997015298,-0.0013920796,2.8659999371,nan,nan,-0.1000000015,0.0000000000,2.1600000858,0.0000000000,nan,nan,nan,nan,nan,nan,nan,nan,nan,nan,nan,nan,0.0000000000,0.0000000000,0.0000000000,0.0000000000,0.0000000000,-0.1441942453,nan,nan,nan,nan,nan,nan,nan,nan,nan,nan,nan,nan,nan,nan,nan,nan,nan,nan,nan,nan,nan,0.0299873352,0.2299096584,inf,0.0299561024,inf,inf,inf,0.0399992466,0.0798928738,inf,inf,inf,inf,inf,inf,inf,1583
1779239087.4014463425,-0.1980910003,-0.0129229659,0.0948544145,0.0276412765,0.0997015298,-0.0013920796,2.8659999371,nan,nan,-0.1000000015,0.0000000000,2.1600000858,0.0000000000,nan,nan,nan,nan,nan,nan,nan,nan,nan,nan,nan,nan,0.0000000000,0.0000000000,0.0000000000,0.0000000000,0.0000000000,-0.1441942453,nan,nan,nan,nan,nan,nan,nan,nan,nan,nan,nan,nan,nan,nan,nan,nan,nan,nan,nan,nan,nan,0.0399734974,0.2398958206,inf,0.0399422646,inf,inf,inf,0.0499854088,0.0898790359,inf,inf,inf,inf,inf,inf,inf,1583
1779239087.4114618301,-0.1935321540,-0.0162223689,0.0993911028,0.0574443287,0.2802472502,0.0109006572,2.8659999371,nan,nan,-0.1000000015,0.0000000000,2.1600000858,0.0000000000,nan,nan,nan,nan,nan,nan,nan,nan,nan,nan,nan,nan,0.0000000000,0.0000000000,0.0000000000,0.0000000000,0.0000000000,0.5827442408,nan,nan,nan,nan,nan,nan,nan,nan,nan,nan,nan,nan,nan,nan,nan,nan,nan,nan,nan,nan,nan,0.0000433922,0.2499113083,inf,0.0000259876,inf,inf,inf,0.0600008965,0.0000083447,inf,inf,inf,inf,inf,inf,inf,1583
1779239087.4214298725,-0.1935321540,-0.0162223689,0.0993911028,0.0574443287,0.2802472502,0.0109006572,2.8659999371,nan,nan,-0.1000000015,0.0000000000,2.1600000858,0.0000000000,nan,nan,nan,nan,nan,nan,nan,nan,nan,nan,nan,nan,0.0000000000,0.0000000000,0.0000000000,0.0000000000,0.0000000000,0.5827442408,nan,nan,nan,nan,nan,nan,nan,nan,nan,nan,nan,nan,nan,nan,nan,nan,nan,nan,nan,nan,nan,0.0100114346,0.2598793507,inf,0.0099940300,inf,inf,inf,0.0699689388,0.0099763870,inf,inf,inf,inf,inf,inf,inf,1583
1779239087.4314427376,-0.1935321540,-0.0162223689,0.0993911028,0.0574443287,0.2802472502,0.0109006572,2.8659999371,nan,nan,-0.1000000015,0.0000000000,2.1600000858,0.0000000000,nan,nan,nan,nan,nan,nan,nan,nan,nan,nan,nan,nan,0.0000000000,0.0000000000,0.0000000000,0.0000000000,0.0000000000,0.5827442408,nan,nan,nan,nan,nan,nan,nan,nan,nan,nan,nan,nan,nan,nan,nan,nan,nan,nan,nan,nan,nan,0.0200242996,0.2698922157,inf,0.0200068951,inf,inf,inf,0.0799818039,0.0199892521,inf,inf,inf,inf,inf,inf,inf,1583
1779239087.4414620399,-0.1935321540,-0.0162223689,0.0993911028,0.0574443287,0.2802472502,0.0109006572,2.8659999371,nan,nan,-0.1000000015,0.0000000000,2.1600000858,0.0000000000,nan,nan,nan,nan,nan,nan,nan,nan,nan,nan,nan,nan,0.0000000000,0.0000000000,0.0000000000,0.0000000000,0.0000000000,0.5827442408,nan,nan,nan,nan,nan,nan,nan,nan,nan,nan,nan,nan,nan,nan,nan,nan,nan,nan,nan,nan,nan,0.0300436020,0.2799115181,inf,0.0300261974,inf,inf,inf,0.0900011063,0.0300085545,inf,inf,inf,inf,inf,inf,inf,1583
1779239087.4514632225,-0.1935321540,-0.0162223689,0.0993911028,0.0574443287,0.2802472502,0.0109006572,2.8659999371,nan,nan,-0.1000000015,0.0000000000,2.1600000858,0.0000000000,nan,nan,nan,nan,nan,nan,nan,nan,nan,nan,nan,nan,0.0000000000,0.0000000000,0.0000000000,0.0000000000,0.0000000000,0.5827442408,nan,nan,nan,nan,nan,nan,nan,nan,nan,nan,nan,nan,nan,nan,nan,nan,nan,nan,nan,nan,nan,0.0400447845,0.2899127007,inf,0.0400273800,inf,inf,inf,0.1000022888,0.0400097370,inf,inf,inf,inf,inf,inf,inf,1583
1779239087.4614634514,-0.1898739785,-0.0168665443,0.0957244411,-0.0341557171,0.4012487121,-0.0012973858,2.8659999371,nan,nan,-0.1000000015,0.0000000000,2.1600000858,0.0000000000,nan,nan,nan,nan,nan,nan,nan,nan,nan,nan,nan,nan,0.0000000000,0.0000000000,0.0000000000,0.0000000000,0.0000000000,0.5827442408,nan,nan,nan,nan,nan,nan,nan,nan,nan,nan,nan,nan,nan,nan,nan,nan,nan,nan,nan,nan,nan,0.0000462532,0.2999129295,inf,0.0000288486,inf,inf,inf,0.0000095367,0.0500099659,inf,inf,inf,inf,inf,inf,inf,1583
1779239087.4715120792,-0.1898739785,-0.0168665443,0.0957244411,-0.0341557171,0.4012487121,-0.0012973858,2.8659999371,nan,nan,-0.1000000015,0.0000000000,2.1600000858,0.0000000000,nan,nan,nan,nan,nan,nan,nan,nan,nan,nan,nan,nan,0.0000000000,0.0000000000,0.0000000000,0.0000000000,0.0000000000,0.5827442408,nan,nan,nan,nan,nan,nan,nan,nan,nan,nan,nan,nan,nan,nan,nan,nan,nan,nan,nan,nan,nan,0.0100948811,0.3099615574,inf,0.0100774765,inf,inf,inf,0.0100581646,0.0600585938,inf,inf,inf,inf,inf,inf,inf,1583
1779239087.4814786911,-0.1898739785,-0.0168665443,0.0957244411,-0.0341557171,0.4012487121,-0.0012973858,2.8659999371,nan,nan,-0.1000000015,0.0000000000,2.1600000858,0.0000000000,nan,nan,nan,nan,nan,nan,nan,nan,nan,nan,nan,nan,0.0000000000,0.0000000000,0.0000000000,0.0000000000,0.0000000000,0.5827442408,nan,nan,nan,nan,nan,nan,nan,nan,nan,nan,nan,nan,nan,nan,nan,nan,nan,nan,nan,nan,nan,0.0200614929,0.3199281693,inf,0.0200440884,inf,inf,inf,0.0200247765,0.0700252056,inf,inf,inf,inf,inf,inf,inf,1583
1779239087.4914641380,-0.1898739785,-0.0168665443,0.0957244411,-0.0341557171,0.4012487121,-0.0012973858,2.8659999371,nan,nan,-0.1000000015,0.0000000000,2.1600000858,0.0000000000,nan,nan,nan,nan,nan,nan,nan,nan,nan,nan,nan,nan,0.0000000000,0.0000000000,0.0000000000,0.0000000000,0.0000000000,0.5827442408,nan,nan,nan,nan,nan,nan,nan,nan,nan,nan,nan,nan,nan,nan,nan,nan,nan,nan,nan,nan,nan,0.0300469398,0.3299136162,inf,0.0300295353,inf,inf,inf,0.0300102234,0.0800106525,inf,inf,inf,inf,inf,inf,inf,1583
1779239087.5014913082,-0.1898739785,-0.0168665443,0.0957244411,-0.0341557171,0.4012487121,-0.0012973858,2.8659999371,nan,nan,-0.1000000015,0.0000000000,2.1600000858,0.0000000000,nan,nan,nan,nan,nan,nan,nan,nan,nan,nan,nan,nan,0.0000000000,0.0000000000,0.0000000000,0.0000000000,0.0000000000,0.5827442408,nan,nan,nan,nan,nan,nan,nan,nan,nan,nan,nan,nan,nan,nan,nan,nan,nan,nan,nan,nan,nan,0.0400741100,0.3399407864,inf,0.0400567055,inf,inf,inf,0.0400373936,0.0900378227,inf,inf,inf,inf,inf,inf,inf,1583
1779239087.5114934444,-0.1888033897,-0.0189567469,0.0984199271,-0.0271567642,0.4324428926,0.0053696584,2.8659999371,nan,nan,-0.1000000015,0.0000000000,2.1600000858,0.0000000000,nan,nan,nan,nan,nan,nan,nan,nan,nan,nan,nan,nan,0.0000000000,0.0000000000,0.0000000000,0.0000000000,0.0000000000,0.3907169700,nan,nan,nan,nan,nan,nan,nan,nan,nan,nan,nan,nan,nan,nan,nan,nan,nan,nan,nan,nan,nan,0.0000545979,0.3499429226,inf,0.0000333786,inf,inf,inf,0.0500395298,0.0000114441,inf,inf,inf,inf,inf,inf,inf,1583
1779239087.5214660168,-0.1888033897,-0.0189567469,0.0984199271,-0.0271567642,0.4324428926,0.0053696584,2.8659999371,nan,nan,-0.1000000015,0.0000000000,2.1600000858,0.0000000000,nan,nan,nan,nan,nan,nan,nan,nan,nan,nan,nan,nan,0.0000000000,0.0000000000,0.0000000000,0.0000000000,0.0000000000,0.3907169700,nan,nan,nan,nan,nan,nan,nan,nan,nan,nan,nan,nan,nan,nan,nan,nan,nan,nan,nan,nan,nan,0.0100271702,0.3599154949,inf,0.0100059509,inf,inf,inf,0.0600121021,0.0099840164,inf,inf,inf,inf,inf,inf,inf,1583
1779239087.5315048695,-0.1888033897,-0.0189567469,0.0984199271,-0.0271567642,0.4324428926,0.0053696584,2.8659999371,nan,nan,-0.1000000015,0.0000000000,2.1600000858,0.0000000000,nan,nan,nan,nan,nan,nan,nan,nan,nan,nan,nan,nan,0.0000000000,0.0000000000,0.0000000000,0.0000000000,0.0000000000,0.3907169700,nan,nan,nan,nan,nan,nan,nan,nan,nan,nan,nan,nan,nan,nan,nan,nan,nan,nan,nan,nan,nan,0.0200660229,0.3699543476,inf,0.0200448036,inf,inf,inf,0.0700509548,0.0200228691,inf,inf,inf,inf,inf,inf,inf,1583
1779239087.5414638519,-0.1888033897,-0.0189567469,0.0984199271,-0.0271567642,0.4324428926,0.0053696584,2.8659999371,nan,nan,-0.1000000015,0.0000000000,2.1600000858,0.0000000000,nan,nan,nan,nan,nan,nan,nan,nan,nan,nan,nan,nan,0.0000000000,0.0000000000,0.0000000000,0.0000000000,0.0000000000,0.3907169700,nan,nan,nan,nan,nan,nan,nan,nan,nan,nan,nan,nan,nan,nan,nan,nan,nan,nan,nan,nan,nan,0.0300250053,0.3799133301,inf,0.0300037861,inf,inf,inf,0.0800099373,0.0299818516,inf,inf,inf,inf,inf,inf,inf,1583
1779239087.5514514446,-0.1888033897,-0.0189567469,0.0984199271,-0.0271567642,0.4324428926,0.0053696584,2.8659999371,nan,nan,-0.1000000015,0.0000000000,2.1600000858,0.0000000000,nan,nan,nan,nan,nan,nan,nan,nan,nan,nan,nan,nan,0.0000000000,0.0000000000,0.0000000000,0.0000000000,0.0000000000,0.3907169700,nan,nan,nan,nan,nan,nan,nan,nan,nan,nan,nan,nan,nan,nan,nan,nan,nan,nan,nan,nan,nan,0.0400125980,0.3899009228,inf,0.0399913788,inf,inf,inf,0.0899975300,0.0399694443,inf,inf,inf,inf,inf,inf,inf,1583
1779239087.5614700317,-0.1912917495,-0.0221733190,0.1008123830,-0.0032341430,0.3505318760,0.0134804167,2.8659999371,nan,nan,-0.1000000015,0.0000000000,2.1600000858,0.0000000000,nan,nan,nan,nan,nan,nan,nan,nan,nan,nan,nan,nan,0.0000000000,0.0000000000,0.0000000000,0.0000000000,0.0000000000,0.3907169700,nan,nan,nan,nan,nan,nan,nan,nan,nan,nan,nan,nan,nan,nan,nan,nan,nan,nan,nan,nan,nan,0.0000483990,0.3999195099,inf,0.0000305176,inf,inf,inf,0.0000104904,0.0499880314,inf,inf,inf,inf,inf,inf,inf,1583
1779239087.5714282990,-0.1912917495,-0.0221733190,0.1008123830,-0.0032341430,0.3505318760,0.0134804167,2.8659999371,nan,nan,-0.1000000015,0.0000000000,2.1600000858,0.0000000000,nan,nan,nan,nan,nan,nan,nan,nan,nan,nan,nan,nan,0.0000000000,0.0000000000,0.0000000000,0.0000000000,0.0000000000,0.3907169700,nan,nan,nan,nan,nan,nan,nan,nan,nan,nan,nan,nan,nan,nan,nan,nan,nan,nan,nan,nan,nan,0.0100066662,0.4098777771,inf,0.0099887848,inf,inf,inf,0.0099687576,0.0599462986,inf,inf,inf,inf,inf,inf,inf,1583
1779239087.5814743042,-0.1912917495,-0.0221733190,0.1008123830,-0.0032341430,0.3505318760,0.0134804167,2.8659999371,nan,nan,-0.1000000015,0.0000000000,2.1600000858,0.0000000000,nan,nan,nan,nan,nan,nan,nan,nan,nan,nan,nan,nan,0.0000000000,0.0000000000,0.0000000000,0.0000000000,0.0000000000,0.3907169700,nan,nan,nan,nan,nan,nan,nan,nan,nan,nan,nan,nan,nan,nan,nan,nan,nan,nan,nan,nan,nan,0.0200526714,0.4199237823,inf,0.0200347900,inf,inf,inf,0.0200147629,0.0699923038,inf,inf,inf,inf,inf,inf,inf,1583
1779239087.5914747715,-0.1912917495,-0.0221733190,0.1008123830,-0.0032341430,0.3505318760,0.0134804167,2.8659999371,nan,nan,-0.1000000015,0.0000000000,2.1600000858,0.0000000000,nan,nan,nan,nan,nan,nan,nan,nan,nan,nan,nan,nan,0.0000000000,0.0000000000,0.0000000000,0.0000000000,0.0000000000,0.3907169700,nan,nan,nan,nan,nan,nan,nan,nan,nan,nan,nan,nan,nan,nan,nan,nan,nan,nan,nan,nan,nan,0.0300531387,0.4299242496,inf,0.0300352573,inf,inf,inf,0.0300152302,0.0799927711,inf,inf,inf,inf,inf,inf,inf,1583
1779239087.6014764309,-0.1912917495,-0.0221733190,0.1008123830,-0.0032341430,0.3505318760,0.0134804167,2.8659999371,nan,nan,-0.1000000015,0.0000000000,2.1600000858,0.0000000000,nan,nan,nan,nan,nan,nan,nan,nan,nan,nan,nan,nan,0.0000000000,0.0000000000,0.0000000000,0.0000000000,0.0000000000,0.3907169700,nan,nan,nan,nan,nan,nan,nan,nan,nan,nan,nan,nan,nan,nan,nan,nan,nan,nan,nan,nan,nan,0.0400547981,0.4399259090,inf,0.0400369167,inf,inf,inf,0.0400168896,0.0899944305,inf,inf,inf,inf,inf,inf,inf,1583
1779239087.6114652157,-0.1941523552,-0.0252900701,0.1035273448,0.0043304563,0.2608678163,0.0117331537,2.8659999371,nan,nan,-0.1000000015,0.0000000000,2.1600000858,0.0000000000,nan,nan,nan,nan,nan,nan,nan,nan,nan,nan,nan,nan,0.0000000000,0.0000000000,0.0000000000,0.0000000000,0.0000000000,0.5990509391,nan,nan,nan,nan,nan,nan,nan,nan,nan,nan,nan,nan,nan,nan,nan,nan,nan,nan,nan,nan,nan,0.0000448227,0.4499146938,inf,0.0000278950,inf,inf,inf,0.0500056744,0.0000109673,inf,inf,inf,inf,inf,inf,inf,1583
1779239087.6214585304,-0.1941523552,-0.0252900701,0.1035273448,0.0043304563,0.2608678163,0.0117331537,2.8659999371,nan,nan,-0.1000000015,0.0000000000,2.1600000858,0.0000000000,nan,nan,nan,nan,nan,nan,nan,nan,nan,nan,nan,nan,0.0000000000,0.0000000000,0.0000000000,0.0000000000,0.0000000000,0.5990509391,nan,nan,nan,nan,nan,nan,nan,nan,nan,nan,nan,nan,nan,nan,nan,nan,nan,nan,nan,nan,nan,0.0100381374,0.4599080086,inf,0.0100212097,inf,inf,inf,0.0599989891,0.0100042820,inf,inf,inf,inf,inf,inf,inf,1583
1779239087.6315021515,-0.1941523552,-0.0252900701,0.1035273448,0.0043304563,0.2608678163,0.0117331537,2.8659999371,nan,nan,-0.1000000015,0.0000000000,2.1600000858,0.0000000000,nan,nan,nan,nan,nan,nan,nan,nan,nan,nan,nan,nan,0.0000000000,0.0000000000,0.0000000000,0.0000000000,0.0000000000,0.5990509391,nan,nan,nan,nan,nan,nan,nan,nan,nan,nan,nan,nan,nan,nan,nan,nan,nan,nan,nan,nan,nan,0.0200817585,0.4699516296,inf,0.0200648308,inf,inf,inf,0.0700426102,0.0200479031,inf,inf,inf,inf,inf,inf,inf,1583
1779239087.6415023804,-0.1941523552,-0.0252900701,0.1035273448,0.0043304563,0.2608678163,0.0117331537,2.8659999371,nan,nan,-0.1000000015,0.0000000000,2.1600000858,0.0000000000,nan,nan,nan,nan,nan,nan,nan,nan,nan,nan,nan,nan,0.0000000000,0.0000000000,0.0000000000,0.0000000000,0.0000000000,0.5990509391,nan,nan,nan,nan,nan,nan,nan,nan,nan,nan,nan,nan,nan,nan,nan,nan,nan,nan,nan,nan,nan,0.0300819874,0.4799518585,inf,0.0300650597,inf,inf,inf,0.0800428391,0.0300481319,inf,inf,inf,inf,inf,inf,inf,1583
1779239087.6514713764,-0.1941523552,-0.0252900701,0.1035273448,0.0043304563,0.2608678163,0.0117331537,2.8659999371,nan,nan,-0.1000000015,0.0000000000,2.1600000858,0.0000000000,nan,nan,nan,nan,nan,nan,nan,nan,nan,nan,nan,nan,0.0000000000,0.0000000000,0.0000000000,0.0000000000,0.0000000000,0.5990509391,nan,nan,nan,nan,nan,nan,nan,nan,nan,nan,nan,nan,nan,nan,nan,nan,nan,nan,nan,nan,nan,0.0400509834,0.4899208546,inf,0.0400340557,inf,inf,inf,0.0000166893,0.0400171280,inf,inf,inf,inf,inf,inf,inf,1583
1779239087.6614871025,-0.1958875656,-0.0287778415,0.1066171676,0.0121679704,0.2134536900,0.0096539301,2.8659999371,nan,nan,-0.1000000015,0.0000000000,2.1600000858,0.0000000000,nan,nan,nan,nan,nan,nan,nan,nan,nan,nan,nan,nan,0.0000000000,0.0000000000,0.0000000000,0.0000000000,0.0000000000,0.5990509391,nan,nan,nan,nan,nan,nan,nan,nan,nan,nan,nan,nan,nan,nan,nan,nan,nan,nan,nan,nan,nan,0.0000374317,0.4999365807,inf,0.0000140667,inf,inf,inf,0.0100324154,0.0500328541,inf,inf,inf,inf,inf,inf,inf,1583
1779239087.6714775562,-0.1958875656,-0.0287778415,0.1066171676,0.0121679704,0.2134536900,0.0096539301,2.8659999371,nan,nan,-0.1000000015,0.0000000000,2.1600000858,0.0000000000,nan,nan,nan,nan,nan,nan,nan,nan,nan,nan,nan,nan,0.0000000000,0.0000000000,0.0000000000,0.0000000000,0.0000000000,0.5990509391,nan,nan,nan,nan,nan,nan,nan,nan,nan,nan,nan,nan,nan,nan,nan,nan,nan,nan,nan,nan,nan,0.0100278854,0.5099270344,inf,0.0100045204,inf,inf,inf,0.0200228691,0.0600233078,inf,inf,inf,inf,inf,inf,inf,1583
1779239087.6814558506,-0.1958875656,-0.0287778415,0.1066171676,0.0121679704,0.2134536900,0.0096539301,2.8659999371,nan,nan,-0.1000000015,0.0000000000,2.1600000858,0.0000000000,nan,nan,nan,nan,nan,nan,nan,nan,nan,nan,nan,nan,0.0000000000,0.0000000000,0.0000000000,0.0000000000,0.0000000000,0.5990509391,nan,nan,nan,nan,nan,nan,nan,nan,nan,nan,nan,nan,nan,nan,nan,nan,nan,nan,nan,nan,nan,0.0200061798,0.5199053288,inf,0.0199828148,inf,inf,inf,0.0300011635,0.0700016022,inf,inf,inf,inf,inf,inf,inf,1583
1779239087.6914677620,-0.1958875656,-0.0287778415,0.1066171676,0.0121679704,0.2134536900,0.0096539301,2.8659999371,nan,nan,-0.1000000015,0.0000000000,2.1600000858,0.0000000000,nan,nan,nan,nan,nan,nan,nan,nan,nan,nan,nan,nan,0.0000000000,0.0000000000,0.0000000000,0.0000000000,0.0000000000,0.5990509391,nan,nan,nan,nan,nan,nan,nan,nan,nan,nan,nan,nan,nan,nan,nan,nan,nan,nan,nan,nan,nan,0.0300180912,0.5299172401,inf,0.0299947262,inf,inf,inf,0.0400130749,0.0800135136,inf,inf,inf,inf,inf,inf,inf,1583
1779239087.7014877796,-0.1958875656,-0.0287778415,0.1066171676,0.0121679704,0.2134536900,0.0096539301,2.8659999371,nan,nan,-0.1000000015,0.0000000000,2.1600000858,0.0000000000,nan,nan,nan,nan,nan,nan,nan,nan,nan,nan,nan,nan,0.0000000000,0.0000000000,0.0000000000,0.0000000000,0.0000000000,0.5990509391,nan,nan,nan,nan,nan,nan,nan,nan,nan,nan,nan,nan,nan,nan,nan,nan,nan,nan,nan,nan,nan,0.0400381088,0.5399372578,inf,0.0400147438,inf,inf,inf,0.0500330925,0.0900335312,inf,inf,inf,inf,inf,inf,inf,1583
1779239087.7115263939,-0.1917034686,-0.0110332966,0.0924912691,0.0088059918,0.2329860585,0.0038169632,2.8659999371,nan,nan,-0.1000000015,0.0000000000,2.1600000858,0.0000000000,nan,nan,nan,nan,nan,nan,nan,nan,nan,nan,nan,nan,0.0000000000,0.0000000000,0.0000000000,0.0000000000,0.0000000000,0.2291955501,nan,nan,nan,nan,nan,nan,nan,nan,nan,nan,nan,nan,nan,nan,nan,nan,nan,nan,nan,nan,nan,0.0000689030,0.5499758720,inf,0.0000374317,inf,inf,inf,0.0600717068,0.0000143051,inf,inf,inf,inf,inf,inf,inf,1583
1779239087.7215056419,-0.1917034686,-0.0110332966,0.0924912691,0.0088059918,0.2329860585,0.0038169632,2.8659999371,nan,nan,-0.1000000015,0.0000000000,2.1600000858,0.0000000000,nan,nan,nan,nan,nan,nan,nan,nan,nan,nan,nan,nan,0.0000000000,0.0000000000,0.0000000000,0.0000000000,0.0000000000,0.2291955501,nan,nan,nan,nan,nan,nan,nan,nan,nan,nan,nan,nan,nan,nan,nan,nan,nan,nan,nan,nan,nan,0.0100481510,0.5599551201,inf,0.0100166798,inf,inf,inf,0.0700509548,0.0099935532,inf,inf,inf,inf,inf,inf,inf,1583
1779239087.7314937115,-0.1917034686,-0.0110332966,0.0924912691,0.0088059918,0.2329860585,0.0038169632,2.8659999371,nan,nan,-0.1000000015,0.0000000000,2.1600000858,0.0000000000,nan,nan,nan,nan,nan,nan,nan,nan,nan,nan,nan,nan,0.0000000000,0.0000000000,0.0000000000,0.0000000000,0.0000000000,0.2291955501,nan,nan,nan,nan,nan,nan,nan,nan,nan,nan,nan,nan,nan,nan,nan,nan,nan,nan,nan,nan,nan,0.0200362206,0.5699431896,inf,0.0200047493,inf,inf,inf,0.0800390244,0.0199816227,inf,inf,inf,inf,inf,inf,inf,1583
1779239087.7415030003,-0.1917034686,-0.0110332966,0.0924912691,0.0088059918,0.2329860585,0.0038169632,2.8659999371,nan,nan,-0.1000000015,0.0000000000,2.1600000858,0.0000000000,nan,nan,nan,nan,nan,nan,nan,nan,nan,nan,nan,nan,0.0000000000,0.0000000000,0.0000000000,0.0000000000,0.0000000000,0.2291955501,nan,nan,nan,nan,nan,nan,nan,nan,nan,nan,nan,nan,nan,nan,nan,nan,nan,nan,nan,nan,nan,0.0300455093,0.5799524784,inf,0.0300140381,inf,inf,inf,0.0900483131,0.0299909115,inf,inf,inf,inf,inf,inf,inf,1583
1779239087.7514848709,-0.1917034686,-0.0110332966,0.0924912691,0.0088059918,0.2329860585,0.0038169632,2.8659999371,nan,nan,-0.1000000015,0.0000000000,2.1600000858,0.0000000000,nan,nan,nan,nan,nan,nan,nan,nan,nan,nan,nan,nan,0.0000000000,0.0000000000,0.0000000000,0.0000000000,0.0000000000,0.2291955501,nan,nan,nan,nan,nan,nan,nan,nan,nan,nan,nan,nan,nan,nan,nan,nan,nan,nan,nan,nan,nan,0.0400273800,0.5899343491,inf,0.0399959087,inf,inf,inf,0.0000166893,0.0399727821,inf,inf,inf,inf,inf,inf,inf,1583
1779239087.7615001202,-0.1912811697,-0.0117538543,0.0938549712,0.0060603175,0.2636703346,0.0035954073,2.8659999371,nan,nan,-0.1000000015,0.0000000000,2.1600000858,0.0000000000,nan,nan,nan,nan,nan,nan,nan,nan,nan,nan,nan,nan,0.0000000000,0.0000000000,0.0000000000,0.0000000000,0.0000000000,0.2291955501,nan,nan,nan,nan,nan,nan,nan,nan,nan,nan,nan,nan,nan,nan,nan,nan,nan,nan,nan,nan,nan,0.0000371933,0.5999495983,inf,0.0000140667,inf,inf,inf,0.0100319386,0.0499880314,inf,inf,inf,inf,inf,inf,inf,1583
1779239087.7715768814,-0.1912811697,-0.0117538543,0.0938549712,0.0060603175,0.2636703346,0.0035954073,2.8659999371,nan,nan,-0.1000000015,0.0000000000,2.1600000858,0.0000000000,nan,nan,nan,nan,nan,nan,nan,nan,nan,nan,nan,nan,0.0000000000,0.0000000000,0.0000000000,0.0000000000,0.0000000000,0.2291955501,nan,nan,nan,nan,nan,nan,nan,nan,nan,nan,nan,nan,nan,nan,nan,nan,nan,nan,nan,nan,nan,0.0101139545,0.6100263596,inf,0.0100908279,inf,inf,inf,0.0201086998,0.0600647926,inf,inf,inf,inf,inf,inf,inf,1583
1779239087.7814726830,-0.1912811697,-0.0117538543,0.0938549712,0.0060603175,0.2636703346,0.0035954073,2.8659999371,nan,nan,-0.1000000015,0.0000000000,2.1600000858,0.0000000000,nan,nan,nan,nan,nan,nan,nan,nan,nan,nan,nan,nan,0.0000000000,0.0000000000,0.0000000000,0.0000000000,0.0000000000,0.2291955501,nan,nan,nan,nan,nan,nan,nan,nan,nan,nan,nan,nan,nan,nan,nan,nan,nan,nan,nan,nan,nan,0.0200097561,0.6199221611,inf,0.0199866295,inf,inf,inf,0.0300045013,0.0699605942,inf,inf,inf,inf,inf,inf,inf,1583
1779239087.7915158272,-0.1912811697,-0.0117538543,0.0938549712,0.0060603175,0.2636703346,0.0035954073,2.8659999371,nan,nan,-0.1000000015,0.0000000000,2.1600000858,0.0000000000,nan,nan,nan,nan,nan,nan,nan,nan,nan,nan,nan,nan,0.0000000000,0.0000000000,0.0000000000,0.0000000000,0.0000000000,0.2291955501,nan,nan,nan,nan,nan,nan,nan,nan,nan,nan,nan,nan,nan,nan,nan,nan,nan,nan,nan,nan,nan,0.0300529003,0.6299653053,inf,0.0300297737,inf,inf,inf,0.0400476456,0.0800037384,inf,inf,inf,inf,inf,inf,inf,1583
1779239087.8014831543,-0.1912811697,-0.0117538543,0.0938549712,0.0060603175,0.2636703346,0.0035954073,2.8659999371,nan,nan,-0.1000000015,0.0000000000,2.1600000858,0.0000000000,nan,nan,nan,nan,nan,nan,nan,nan,nan,nan,nan,nan,0.0000000000,0.0000000000,0.0000000000,0.0000000000,0.0000000000,0.2291955501,nan,nan,nan,nan,nan,nan,nan,nan,nan,nan,nan,nan,nan,nan,nan,nan,nan,nan,nan,nan,nan,0.0400202274,0.6399326324,inf,0.0399971008,inf,inf,inf,0.0500149727,0.0899710655,inf,inf,inf,inf,inf,inf,inf,1583
1779239087.8115036488,-0.1907818317,-0.0109841777,0.0923916101,0.0085400512,0.2720548391,0.0011689066,2.8659999371,nan,nan,-0.1000000015,0.0000000000,2.1600000858,0.0000000000,nan,nan,nan,nan,nan,nan,nan,nan,nan,nan,nan,nan,0.0000000000,0.0000000000,0.0000000000,0.0000000000,0.0000000000,0.1191409826,nan,nan,nan,nan,nan,nan,nan,nan,nan,nan,nan,nan,nan,nan,nan,nan,nan,nan,nan,nan,nan,0.0000627041,0.6499531269,inf,0.0000386238,inf,inf,inf,0.0600354671,0.0000138283,inf,inf,inf,inf,inf,inf,inf,1583
1779239087.8214805126,-0.1907818317,-0.0109841777,0.0923916101,0.0085400512,0.2720548391,0.0011689066,2.8659999371,nan,nan,-0.1000000015,0.0000000000,2.1600000858,0.0000000000,nan,nan,nan,nan,nan,nan,nan,nan,nan,nan,nan,nan,0.0000000000,0.0000000000,0.0000000000,0.0000000000,0.0000000000,0.1191409826,nan,nan,nan,nan,nan,nan,nan,nan,nan,nan,nan,nan,nan,nan,nan,nan,nan,nan,nan,nan,nan,0.0100395679,0.6599299908,inf,0.0100154877,inf,inf,inf,0.0700123310,0.0099906921,inf,inf,inf,inf,inf,inf,inf,1583
1779239087.8314447403,-0.1907818317,-0.0109841777,0.0923916101,0.0085400512,0.2720548391,0.0011689066,2.8659999371,nan,nan,-0.1000000015,0.0000000000,2.1600000858,0.0000000000,nan,nan,nan,nan,nan,nan,nan,nan,nan,nan,nan,nan,0.0000000000,0.0000000000,0.0000000000,0.0000000000,0.0000000000,0.1191409826,nan,nan,nan,nan,nan,nan,nan,nan,nan,nan,nan,nan,nan,nan,nan,nan,nan,nan,nan,nan,nan,0.0200037956,0.6698942184,inf,0.0199797153,inf,inf,inf,0.0799765587,0.0199549198,inf,inf,inf,inf,inf,inf,inf,1583
1779239087.8414158821,-0.1907818317,-0.0109841777,0.0923916101,0.0085400512,0.2720548391,0.0011689066,2.8659999371,nan,nan,-0.1000000015,0.0000000000,2.1600000858,0.0000000000,nan,nan,nan,nan,nan,nan,nan,nan,nan,nan,nan,nan,0.0000000000,0.0000000000,0.0000000000,0.0000000000,0.0000000000,0.1191409826,nan,nan,nan,nan,nan,nan,nan,nan,nan,nan,nan,nan,nan,nan,nan,nan,nan,nan,nan,nan,nan,0.0299749374,0.6798653603,inf,0.0299508572,inf,inf,inf,0.0899477005,0.0299260616,inf,inf,inf,inf,inf,inf,inf,1583
1779239087.8514058590,-0.1907818317,-0.0109841777,0.0923916101,0.0085400512,0.2720548391,0.0011689066,2.8659999371,nan,nan,-0.1000000015,0.0000000000,2.1600000858,0.0000000000,nan,nan,nan,nan,nan,nan,nan,nan,nan,nan,nan,nan,0.0000000000,0.0000000000,0.0000000000,0.0000000000,0.0000000000,0.1191409826,nan,nan,nan,nan,nan,nan,nan,nan,nan,nan,nan,nan,nan,nan,nan,nan,nan,nan,nan,nan,nan,0.0399649143,0.6898553371,inf,0.0399408340,inf,inf,inf,0.0000109673,0.0399160385,inf,inf,inf,inf,inf,inf,inf,1583
1779239087.8614785671,-0.1920240223,-0.0115972999,0.0930797681,0.0085204288,0.2608857452,0.0011177828,2.8659999371,nan,nan,-0.1000000015,0.0000000000,2.1600000858,0.0000000000,nan,nan,nan,nan,nan,nan,nan,nan,nan,nan,nan,nan,0.0000000000,0.0000000000,0.0000000000,0.0000000000,0.0000000000,0.1191409826,nan,nan,nan,nan,nan,nan,nan,nan,nan,nan,nan,nan,nan,nan,nan,nan,nan,nan,nan,nan,nan,0.0000369549,0.6999280453,inf,0.0000135899,inf,inf,inf,0.0100836754,0.0499887466,inf,inf,inf,inf,inf,inf,inf,1583
1779239087.8714797497,-0.1920240223,-0.0115972999,0.0930797681,0.0085204288,0.2608857452,0.0011177828,2.8659999371,nan,nan,-0.1000000015,0.0000000000,2.1600000858,0.0000000000,nan,nan,nan,nan,nan,nan,nan,nan,nan,nan,nan,nan,0.0000000000,0.0000000000,0.0000000000,0.0000000000,0.0000000000,0.1191409826,nan,nan,nan,nan,nan,nan,nan,nan,nan,nan,nan,nan,nan,nan,nan,nan,nan,nan,nan,nan,nan,0.0100381374,0.7099292278,inf,0.0100147724,inf,inf,inf,0.0200848579,0.0599899292,inf,inf,inf,inf,inf,inf,inf,1583
1779239087.8814759254,-0.1920240223,-0.0115972999,0.0930797681,0.0085204288,0.2608857452,0.0011177828,2.8659999371,nan,nan,-0.1000000015,0.0000000000,2.1600000858,0.0000000000,nan,nan,nan,nan,nan,nan,nan,nan,nan,nan,nan,nan,0.0000000000,0.0000000000,0.0000000000,0.0000000000,0.0000000000,0.1191409826,nan,nan,nan,nan,nan,nan,nan,nan,nan,nan,nan,nan,nan,nan,nan,nan,nan,nan,nan,nan,nan,0.0200343132,0.7199254036,inf,0.0200109482,inf,inf,inf,0.0300810337,0.0699861050,inf,inf,inf,inf,inf,inf,inf,1583
1779239087.8914794922,-0.1920240223,-0.0115972999,0.0930797681,0.0085204288,0.2608857452,0.0011177828,2.8659999371,nan,nan,-0.1000000015,0.0000000000,2.1600000858,0.0000000000,nan,nan,nan,nan,nan,nan,nan,nan,nan,nan,nan,nan,0.0000000000,0.0000000000,0.0000000000,0.0000000000,0.0000000000,0.1191409826,nan,nan,nan,nan,nan,nan,nan,nan,nan,nan,nan,nan,nan,nan,nan,nan,nan,nan,nan,nan,nan,0.0300378799,0.7299289703,inf,0.0300145149,inf,inf,inf,0.0400846004,0.0799896717,inf,inf,inf,inf,inf,inf,inf,1583
1779239087.9014410973,-0.1920240223,-0.0115972999,0.0930797681,0.0085204288,0.2608857452,0.0011177828,2.8659999371,nan,nan,-0.1000000015,0.0000000000,2.1600000858,0.0000000000,nan,nan,nan,nan,nan,nan,nan,nan,nan,nan,nan,nan,0.0000000000,0.0000000000,0.0000000000,0.0000000000,0.0000000000,0.1191409826,nan,nan,nan,nan,nan,nan,nan,nan,nan,nan,nan,nan,nan,nan,nan,nan,nan,nan,nan,nan,nan,0.0399994850,0.7398905754,inf,0.0399761200,inf,inf,inf,0.0500462055,0.0899512768,inf,inf,inf,inf,inf,inf,inf,1583
1779239087.9114692211,-0.1934914142,-0.0122958617,0.0938885063,0.0085109658,0.2553043270,0.0010923896,2.8659999371,nan,nan,-0.1000000015,0.0000000000,2.1600000858,0.0000000000,nan,nan,nan,nan,nan,nan,nan,nan,nan,nan,nan,nan,0.0000000000,0.0000000000,0.0000000000,0.0000000000,0.0000000000,0.1068352014,nan,nan,nan,nan,nan,nan,nan,nan,nan,nan,nan,nan,nan,nan,nan,nan,nan,nan,nan,nan,nan,0.0000634193,0.7499186993,inf,0.0000362396,inf,inf,inf,0.0600743294,0.0000102520,inf,inf,inf,inf,inf,inf,inf,1583
1779239087.9215099812,-0.1934914142,-0.0122958617,0.0938885063,0.0085109658,0.2553043270,0.0010923896,2.8659999371,nan,nan,-0.1000000015,0.0000000000,2.1600000858,0.0000000000,nan,nan,nan,nan,nan,nan,nan,nan,nan,nan,nan,nan,0.0000000000,0.0000000000,0.0000000000,0.0000000000,0.0000000000,0.1068352014,nan,nan,nan,nan,nan,nan,nan,nan,nan,nan,nan,nan,nan,nan,nan,nan,nan,nan,nan,nan,nan,0.0101041794,0.7599594593,inf,0.0100769997,inf,inf,inf,0.0701150894,0.0100510120,inf,inf,inf,inf,inf,inf,inf,1583
1779239087.9315190315,-0.1934914142,-0.0122958617,0.0938885063,0.0085109658,0.2553043270,0.0010923896,2.8659999371,nan,nan,-0.1000000015,0.0000000000,2.1600000858,0.0000000000,nan,nan,nan,nan,nan,nan,nan,nan,nan,nan,nan,nan,0.0000000000,0.0000000000,0.0000000000,0.0000000000,0.0000000000,0.1068352014,nan,nan,nan,nan,nan,nan,nan,nan,nan,nan,nan,nan,nan,nan,nan,nan,nan,nan,nan,nan,nan,0.0201132298,0.7699685097,inf,0.0200860500,inf,inf,inf,0.0801241398,0.0200600624,inf,inf,inf,inf,inf,inf,inf,1583
1779239087.9415006638,-0.1934914142,-0.0122958617,0.0938885063,0.0085109658,0.2553043270,0.0010923896,2.8659999371,nan,nan,-0.1000000015,0.0000000000,2.1600000858,0.0000000000,nan,nan,nan,nan,nan,nan,nan,nan,nan,nan,nan,nan,0.0000000000,0.0000000000,0.0000000000,0.0000000000,0.0000000000,0.1068352014,nan,nan,nan,nan,nan,nan,nan,nan,nan,nan,nan,nan,nan,nan,nan,nan,nan,nan,nan,nan,nan,0.0300948620,0.7799501419,inf,0.0300676823,inf,inf,inf,0.0901057720,0.0300416946,inf,inf,inf,inf,inf,inf,inf,1583
1779239087.9515395164,-0.1934914142,-0.0122958617,0.0938885063,0.0085109658,0.2553043270,0.0010923896,2.8659999371,nan,nan,-0.1000000015,0.0000000000,2.1600000858,0.0000000000,nan,nan,nan,nan,nan,nan,nan,nan,nan,nan,nan,nan,0.0000000000,0.0000000000,0.0000000000,0.0000000000,0.0000000000,0.1068352014,nan,nan,nan,nan,nan,nan,nan,nan,nan,nan,nan,nan,nan,nan,nan,nan,nan,nan,nan,nan,nan,0.0401337147,0.7899889946,inf,0.0401065350,inf,inf,inf,0.0000290871,0.0400805473,inf,inf,inf,inf,inf,inf,inf,1583
1779239087.9615225792,-0.1951188594,-0.0130477687,0.0948259234,0.0085156686,0.2580948126,0.0011050726,2.8659999371,nan,nan,-0.1000000015,0.0000000000,2.1600000858,0.0000000000,nan,nan,nan,nan,nan,nan,nan,nan,nan,nan,nan,nan,0.0000000000,0.0000000000,0.0000000000,0.0000000000,0.0000000000,0.1068352014,nan,nan,nan,nan,nan,nan,nan,nan,nan,nan,nan,nan,nan,nan,nan,nan,nan,nan,nan,nan,nan,0.0000433922,0.7999720573,inf,0.0000169277,inf,inf,inf,0.0100121498,0.0500636101,inf,inf,inf,inf,inf,inf,inf,1583
1779239087.9715375900,-0.1951188594,-0.0130477687,0.0948259234,0.0085156686,0.2580948126,0.0011050726,2.8659999371,nan,nan,-0.1000000015,0.0000000000,2.1600000858,0.0000000000,nan,nan,nan,nan,nan,nan,nan,nan,nan,nan,nan,nan,0.0000000000,0.0000000000,0.0000000000,0.0000000000,0.0000000000,0.1068352014,nan,nan,nan,nan,nan,nan,nan,nan,nan,nan,nan,nan,nan,nan,nan,nan,nan,nan,nan,nan,nan,0.0100584030,0.8099870682,inf,0.0100319386,inf,inf,inf,0.0200271606,0.0600786209,inf,inf,inf,inf,inf,inf,inf,1583
1779239087.9815282822,-0.1951188594,-0.0130477687,0.0948259234,0.0085156686,0.2580948126,0.0011050726,2.8659999371,nan,nan,-0.1000000015,0.0000000000,2.1600000858,0.0000000000,nan,nan,nan,nan,nan,nan,nan,nan,nan,nan,nan,nan,0.0000000000,0.0000000000,0.0000000000,0.0000000000,0.0000000000,0.1068352014,nan,nan,nan,nan,nan,nan,nan,nan,nan,nan,nan,nan,nan,nan,nan,nan,nan,nan,nan,nan,nan,0.0200490952,0.8199777603,inf,0.0200226307,inf,inf,inf,0.0300178528,0.0700693130,inf,inf,inf,inf,inf,inf,inf,1583
1779239087.9915316105,-0.1951188594,-0.0130477687,0.0948259234,0.0085156686,0.2580948126,0.0011050726,2.8659999371,nan,nan,-0.1000000015,0.0000000000,2.1600000858,0.0000000000,nan,nan,nan,nan,nan,nan,nan,nan,nan,nan,nan,nan,0.0000000000,0.0000000000,0.0000000000,0.0000000000,0.0000000000,0.1068352014,nan,nan,nan,nan,nan,nan,nan,nan,nan,nan,nan,nan,nan,nan,nan,nan,nan,nan,nan,nan,nan,0.0300524235,0.8299810886,inf,0.0300259590,inf,inf,inf,0.0400211811,0.0800726414,inf,inf,inf,inf,inf,inf,inf,1583
1779239088.0015671253,-0.1951188594,-0.0130477687,0.0948259234,0.0085156686,0.2580948126,0.0011050726,2.8659999371,nan,nan,-0.1000000015,0.0000000000,2.1600000858,0.0000000000,nan,nan,nan,nan,nan,nan,nan,nan,nan,nan,nan,nan,0.0000000000,0.0000000000,0.0000000000,0.0000000000,0.0000000000,0.1068352014,nan,nan,nan,nan,nan,nan,nan,nan,nan,nan,nan,nan,nan,nan,nan,nan,nan,nan,nan,nan,nan,0.0400879383,0.8400166035,inf,0.0400614738,inf,inf,inf,0.0500566959,0.0901081562,inf,inf,inf,inf,inf,inf,inf,1583
1779239088.0115909576,-0.1915570050,-0.0104346937,0.0915723667,0.0109859025,0.2581085911,-0.0013650753,2.8659999371,nan,nan,-0.1000000015,0.0000000000,2.1600000858,0.0000000000,nan,nan,nan,nan,nan,nan,nan,nan,nan,nan,nan,nan,0.0000000000,0.0000000000,0.0000000000,0.0000000000,0.0000000000,-0.1360790581,nan,nan,nan,nan,nan,nan,nan,nan,nan,nan,nan,nan,nan,nan,nan,nan,nan,nan,nan,nan,nan,0.0000946522,0.8500404358,inf,0.0000655651,inf,inf,inf,0.0600805283,0.0000207424,inf,inf,inf,inf,inf,inf,inf,1583
1779239088.0215008259,-0.1915570050,-0.0104346937,0.0915723667,0.0109859025,0.2581085911,-0.0013650753,2.8659999371,nan,nan,-0.1000000015,0.0000000000,2.1600000858,0.0000000000,nan,nan,nan,nan,nan,nan,nan,nan,nan,nan,nan,nan,0.0000000000,0.0000000000,0.0000000000,0.0000000000,0.0000000000,-0.1360790581,nan,nan,nan,nan,nan,nan,nan,nan,nan,nan,nan,nan,nan,nan,nan,nan,nan,nan,nan,nan,nan,0.0100045204,0.8599503040,inf,0.0099754333,inf,inf,inf,0.0699903965,0.0099306107,inf,inf,inf,inf,inf,inf,inf,1583
1779239088.0315074921,-0.1915570050,-0.0104346937,0.0915723667,0.0109859025,0.2581085911,-0.0013650753,2.8659999371,nan,nan,-0.1000000015,0.0000000000,2.1600000858,0.0000000000,nan,nan,nan,nan,nan,nan,nan,nan,nan,nan,nan,nan,0.0000000000,0.0000000000,0.0000000000,0.0000000000,0.0000000000,-0.1360790581,nan,nan,nan,nan,nan,nan,nan,nan,nan,nan,nan,nan,nan,nan,nan,nan,nan,nan,nan,nan,nan,0.0200111866,0.8699569702,inf,0.0199820995,inf,inf,inf,0.0799970627,0.0199372768,inf,inf,inf,inf,inf,inf,inf,1583
1779239088.0414617062,-0.1915570050,-0.0104346937,0.0915723667,0.0109859025,0.2581085911,-0.0013650753,2.8659999371,nan,nan,-0.1000000015,0.0000000000,2.1600000858,0.0000000000,nan,nan,nan,nan,nan,nan,nan,nan,nan,nan,nan,nan,0.0000000000,0.0000000000,0.0000000000,0.0000000000,0.0000000000,-0.1360790581,nan,nan,nan,nan,nan,nan,nan,nan,nan,nan,nan,nan,nan,nan,nan,nan,nan,nan,nan,nan,nan,0.0299654007,0.8799111843,inf,0.0299363136,inf,inf,inf,0.0899512768,0.0298914909,inf,inf,inf,inf,inf,inf,inf,1583
1779239088.0515394211,-0.1915570050,-0.0104346937,0.0915723667,0.0109859025,0.2581085911,-0.0013650753,2.8659999371,nan,nan,-0.1000000015,0.0000000000,2.1600000858,0.0000000000,nan,nan,nan,nan,nan,nan,nan,nan,nan,nan,nan,nan,0.0000000000,0.0000000000,0.0000000000,0.0000000000,0.0000000000,-0.1360790581,nan,nan,nan,nan,nan,nan,nan,nan,nan,nan,nan,nan,nan,nan,nan,nan,nan,nan,nan,nan,nan,0.0400431156,0.8899888992,inf,0.0400140285,inf,inf,inf,0.0000216961,0.0399692059,inf,inf,inf,inf,inf,inf,inf,1583
1779239088.0615305901,-0.1930271834,-0.0106278714,0.0919134244,0.0109859025,0.2581085911,-0.0013650753,2.8659999371,nan,nan,-0.1000000015,0.0000000000,2.1600000858,0.0000000000,nan,nan,nan,nan,nan,nan,nan,nan,nan,nan,nan,nan,0.0000000000,0.0000000000,0.0000000000,0.0000000000,0.0000000000,-0.1360790581,nan,nan,nan,nan,nan,nan,nan,nan,nan,nan,nan,nan,nan,nan,nan,nan,nan,nan,nan,nan,nan,0.0000448227,0.8999800682,inf,0.0000176430,inf,inf,inf,0.0100128651,0.0499603748,inf,inf,inf,inf,inf,inf,inf,1583
1779239088.0715041161,-0.1930271834,-0.0106278714,0.0919134244,0.0109859025,0.2581085911,-0.0013650753,2.8659999371,nan,nan,-0.1000000015,0.0000000000,2.1600000858,0.0000000000,nan,nan,nan,nan,nan,nan,nan,nan,nan,nan,nan,nan,0.0000000000,0.0000000000,0.0000000000,0.0000000000,0.0000000000,-0.1360790581,nan,nan,nan,nan,nan,nan,nan,nan,nan,nan,nan,nan,nan,nan,nan,nan,nan,nan,nan,nan,nan,0.0100183487,0.9099535942,inf,0.0099911690,inf,inf,inf,0.0199863911,0.0599339008,inf,inf,inf,inf,inf,inf,inf,1583
1779239088.0814814568,-0.1930271834,-0.0106278714,0.0919134244,0.0109859025,0.2581085911,-0.0013650753,2.8659999371,nan,nan,-0.1000000015,0.0000000000,2.1600000858,0.0000000000,nan,nan,nan,nan,nan,nan,nan,nan,nan,nan,nan,nan,0.0000000000,0.0000000000,0.0000000000,0.0000000000,0.0000000000,-0.1360790581,nan,nan,nan,nan,nan,nan,nan,nan,nan,nan,nan,nan,nan,nan,nan,nan,nan,nan,nan,nan,nan,0.0199956894,0.9199309349,inf,0.0199685097,inf,inf,inf,0.0299637318,0.0699112415,inf,inf,inf,inf,inf,inf,inf,1583
1779239088.0914497375,-0.1930271834,-0.0106278714,0.0919134244,0.0109859025,0.2581085911,-0.0013650753,2.8659999371,nan,nan,-0.1000000015,0.0000000000,2.1600000858,0.0000000000,nan,nan,nan,nan,nan,nan,nan,nan,nan,nan,nan,nan,0.0000000000,0.0000000000,0.0000000000,0.0000000000,0.0000000000,-0.1360790581,nan,nan,nan,nan,nan,nan,nan,nan,nan,nan,nan,nan,nan,nan,nan,nan,nan,nan,nan,nan,nan,0.0299639702,0.9298992157,inf,0.0299367905,inf,inf,inf,0.0399320126,0.0798795223,inf,inf,inf,inf,inf,inf,inf,1583
1779239088.1014454365,-0.1930271834,-0.0106278714,0.0919134244,0.0109859025,0.2581085911,-0.0013650753,2.8659999371,nan,nan,-0.1000000015,0.0000000000,2.1600000858,0.0000000000,nan,nan,nan,nan,nan,nan,nan,nan,nan,nan,nan,nan,0.0000000000,0.0000000000,0.0000000000,0.0000000000,0.0000000000,-0.1360790581,nan,nan,nan,nan,nan,nan,nan,nan,nan,nan,nan,nan,nan,nan,nan,nan,nan,nan,nan,nan,nan,0.0399596691,0.9398949146,inf,0.0399324894,inf,inf,inf,0.0499277115,0.0898752213,inf,inf,inf,inf,inf,inf,inf,1583
1779239088.1114666462,-0.1919720471,-0.0102377180,0.0915085673,0.0106175316,0.2581236697,-0.0042035976,2.8659999371,nan,nan,-0.1000000015,0.0000000000,2.1600000858,0.0000000000,nan,nan,nan,nan,nan,nan,nan,nan,nan,nan,nan,nan,0.0000000000,0.0000000000,0.0000000000,0.0000000000,0.0000000000,-0.1846170872,nan,nan,nan,nan,nan,nan,nan,nan,nan,nan,nan,nan,nan,nan,nan,nan,nan,nan,nan,nan,nan,0.0000476837,0.9499161243,inf,0.0000283718,inf,inf,inf,0.0599489212,0.0000114441,inf,inf,inf,inf,inf,inf,inf,1583
1779239088.1214573383,-0.1919720471,-0.0102377180,0.0915085673,0.0106175316,0.2581236697,-0.0042035976,2.8659999371,nan,nan,-0.1000000015,0.0000000000,2.1600000858,0.0000000000,nan,nan,nan,nan,nan,nan,nan,nan,nan,nan,nan,nan,0.0000000000,0.0000000000,0.0000000000,0.0000000000,0.0000000000,-0.1846170872,nan,nan,nan,nan,nan,nan,nan,nan,nan,nan,nan,nan,nan,nan,nan,nan,nan,nan,nan,nan,nan,0.0100383759,0.9599068165,inf,0.0100190639,inf,inf,inf,0.0699396133,0.0100021362,inf,inf,inf,inf,inf,inf,inf,1583
1779239088.1314630508,-0.1919720471,-0.0102377180,0.0915085673,0.0106175316,0.2581236697,-0.0042035976,2.8659999371,nan,nan,-0.1000000015,0.0000000000,2.1600000858,0.0000000000,nan,nan,nan,nan,nan,nan,nan,nan,nan,nan,nan,nan,0.0000000000,0.0000000000,0.0000000000,0.0000000000,0.0000000000,-0.1846170872,nan,nan,nan,nan,nan,nan,nan,nan,nan,nan,nan,nan,nan,nan,nan,nan,nan,nan,nan,nan,nan,0.0200440884,0.9699125290,inf,0.0200247765,inf,inf,inf,0.0799453259,0.0200078487,inf,inf,inf,inf,inf,inf,inf,1583
1779239088.1414453983,-0.1919720471,-0.0102377180,0.0915085673,0.0106175316,0.2581236697,-0.0042035976,2.8659999371,nan,nan,-0.1000000015,0.0000000000,2.1600000858,0.0000000000,nan,nan,nan,nan,nan,nan,nan,nan,nan,nan,nan,nan,0.0000000000,0.0000000000,0.0000000000,0.0000000000,0.0000000000,-0.1846170872,nan,nan,nan,nan,nan,nan,nan,nan,nan,nan,nan,nan,nan,nan,nan,nan,nan,nan,nan,nan,nan,0.0300264359,0.9798948765,inf,0.0300071239,inf,inf,inf,0.0899276733,0.0299901962,inf,inf,inf,inf,inf,inf,inf,1583
1779239088.1514115334,-0.1919720471,-0.0102377180,0.0915085673,0.0106175316,0.2581236697,-0.0042035976,2.8659999371,nan,nan,-0.1000000015,0.0000000000,2.1600000858,0.0000000000,nan,nan,nan,nan,nan,nan,nan,nan,nan,nan,nan,nan,0.0000000000,0.0000000000,0.0000000000,0.0000000000,0.0000000000,-0.1846170872,nan,nan,nan,nan,nan,nan,nan,nan,nan,nan,nan,nan,nan,nan,nan,nan,nan,nan,nan,nan,nan,0.0399925709,0.9898610115,inf,0.0399732590,inf,inf,inf,0.0000088215,0.0399563313,inf,inf,inf,inf,inf,inf,inf,1583
1779239088.1614136696,-0.1936764866,-0.0103158941,0.0919086039,0.0106175316,0.2581236697,-0.0042035976,2.8659999371,nan,nan,-0.1000000015,0.0000000000,2.1600000858,0.0000000000,nan,nan,nan,nan,nan,nan,nan,nan,nan,nan,nan,nan,0.0000000000,0.0000000000,0.0000000000,0.0000000000,0.0000000000,-0.1846170872,nan,nan,nan,nan,nan,nan,nan,nan,nan,nan,nan,nan,nan,nan,nan,nan,nan,nan,nan,nan,nan,0.0000207424,0.9998631477,inf,0.0000064373,inf,inf,inf,0.0100109577,0.0499584675,inf,inf,inf,inf,inf,inf,inf,1583
1779239088.1714029312,-0.1936764866,-0.0103158941,0.0919086039,0.0106175316,0.2581236697,-0.0042035976,3.5729999542,nan,nan,-0.1000000015,0.0000000000,2.1600000858,0.0000000000,nan,nan,nan,nan,nan,nan,nan,nan,nan,nan,nan,nan,0.0000000000,0.0000000000,0.0000000000,0.0000000000,0.0000000000,-0.1846170872,nan,nan,nan,nan,nan,nan,nan,nan,nan,nan,nan,nan,nan,nan,nan,nan,nan,nan,nan,nan,nan,0.0100100040,0.0000081062,inf,0.0099956989,inf,inf,inf,0.0200002193,0.0599477291,inf,inf,inf,inf,inf,inf,inf,1583
1779239088.1814620495,-0.1936764866,-0.0103158941,0.0919086039,0.0106175316,0.2581236697,-0.0042035976,3.5729999542,nan,nan,-0.1000000015,0.0000000000,2.1600000858,0.0000000000,nan,nan,nan,nan,nan,nan,nan,nan,nan,nan,nan,nan,0.0000000000,0.0000000000,0.0000000000,0.0000000000,0.0000000000,-0.1846170872,nan,nan,nan,nan,nan,nan,nan,nan,nan,nan,nan,nan,nan,nan,nan,nan,nan,nan,nan,nan,nan,0.0200691223,0.0100672245,inf,0.0200548172,inf,inf,inf,0.0300593376,0.0700068474,inf,inf,inf,inf,inf,inf,inf,1583
1779239088.1914532185,-0.1936764866,-0.0103158941,0.0919086039,0.0106175316,0.2581236697,-0.0042035976,3.5729999542,nan,nan,-0.1000000015,0.0000000000,2.1600000858,0.0000000000,nan,nan,nan,nan,nan,nan,nan,nan,nan,nan,nan,nan,0.0000000000,0.0000000000,0.0000000000,0.0000000000,0.0000000000,-0.1846170872,nan,nan,nan,nan,nan,nan,nan,nan,nan,nan,nan,nan,nan,nan,nan,nan,nan,nan,nan,nan,nan,0.0300602913,0.0200583935,inf,0.0300459862,inf,inf,inf,0.0400505066,0.0799980164,inf,inf,inf,inf,inf,inf,inf,1583
1779239088.2014591694,-0.1936764866,-0.0103158941,0.0919086039,0.0106175316,0.2581236697,-0.0042035976,3.5729999542,nan,nan,-0.1000000015,0.0000000000,2.1600000858,0.0000000000,nan,nan,nan,nan,nan,nan,nan,nan,nan,nan,nan,nan,0.0000000000,0.0000000000,0.0000000000,0.0000000000,0.0000000000,-0.1846170872,nan,nan,nan,nan,nan,nan,nan,nan,nan,nan,nan,nan,nan,nan,nan,nan,nan,nan,nan,nan,nan,0.0400662422,0.0300643444,inf,0.0400519371,inf,inf,inf,0.0500564575,0.0900039673,inf,inf,inf,inf,inf,inf,inf,1583
1779239088.2114584446,-0.1922344714,-0.0101070609,0.0915881619,0.0106175316,0.2581236697,-0.0042035976,3.5729999542,nan,nan,-0.1000000015,0.0000000000,2.1600000858,0.0000000000,nan,nan,nan,nan,nan,nan,nan,nan,nan,nan,nan,nan,0.0000000000,0.0000000000,0.0000000000,0.0000000000,0.0000000000,-0.2100645900,nan,nan,nan,nan,nan,nan,nan,nan,nan,nan,nan,nan,nan,nan,nan,nan,nan,nan,nan,nan,nan,0.0000441074,0.0400636196,inf,0.0000286102,inf,inf,inf,0.0600557327,0.0000083447,inf,inf,inf,inf,inf,inf,inf,1583
1779239088.2214663029,-0.1922344714,-0.0101070609,0.0915881619,0.0106175316,0.2581236697,-0.0042035976,3.5729999542,nan,nan,-0.1000000015,0.0000000000,2.1600000858,0.0000000000,nan,nan,nan,nan,nan,nan,nan,nan,nan,nan,nan,nan,0.0000000000,0.0000000000,0.0000000000,0.0000000000,0.0000000000,-0.2100645900,nan,nan,nan,nan,nan,nan,nan,nan,nan,nan,nan,nan,nan,nan,nan,nan,nan,nan,nan,nan,nan,0.0100519657,0.0500714779,inf,0.0100364685,inf,inf,inf,0.0700635910,0.0100162029,inf,inf,inf,inf,inf,inf,inf,1583
1779239088.2314724922,-0.1922344714,-0.0101070609,0.0915881619,0.0106175316,0.2581236697,-0.0042035976,3.5729999542,nan,nan,-0.1000000015,0.0000000000,2.1600000858,0.0000000000,nan,nan,nan,nan,nan,nan,nan,nan,nan,nan,nan,nan,0.0000000000,0.0000000000,0.0000000000,0.0000000000,0.0000000000,-0.2100645900,nan,nan,nan,nan,nan,nan,nan,nan,nan,nan,nan,nan,nan,nan,nan,nan,nan,nan,nan,nan,nan,0.0200581551,0.0600776672,inf,0.0200426579,inf,inf,inf,0.0800697803,0.0200223923,inf,inf,inf,inf,inf,inf,inf,1583
1779239088.2414319515,-0.1922344714,-0.0101070609,0.0915881619,0.0106175316,0.2581236697,-0.0042035976,3.5729999542,nan,nan,-0.1000000015,0.0000000000,2.1600000858,0.0000000000,nan,nan,nan,nan,nan,nan,nan,nan,nan,nan,nan,nan,0.0000000000,0.0000000000,0.0000000000,0.0000000000,0.0000000000,-0.2100645900,nan,nan,nan,nan,nan,nan,nan,nan,nan,nan,nan,nan,nan,nan,nan,nan,nan,nan,nan,nan,nan,0.0300176144,0.0700371265,inf,0.0300021172,inf,inf,inf,0.0900292397,0.0299818516,inf,inf,inf,inf,inf,inf,inf,1583
1779239088.2514362335,-0.1922344714,-0.0101070609,0.0915881619,0.0106175316,0.2581236697,-0.0042035976,3.5729999542,nan,nan,-0.1000000015,0.0000000000,2.1600000858,0.0000000000,nan,nan,nan,nan,nan,nan,nan,nan,nan,nan,nan,nan,0.0000000000,0.0000000000,0.0000000000,0.0000000000,0.0000000000,-0.2100645900,nan,nan,nan,nan,nan,nan,nan,nan,nan,nan,nan,nan,nan,nan,nan,nan,nan,nan,nan,nan,nan,0.0400218964,0.0800414085,inf,0.0400063992,inf,inf,inf,0.0000085831,0.0399861336,inf,inf,inf,inf,inf,inf,inf,1583
1779239088.2614381313,-0.1940267235,-0.0101271803,0.0920415819,0.0134561473,0.2581292818,-0.0038351903,3.5729999542,nan,nan,-0.1000000015,0.0000000000,2.1600000858,0.0000000000,nan,nan,nan,nan,nan,nan,nan,nan,nan,nan,nan,nan,0.0000000000,0.0000000000,0.0000000000,0.0000000000,0.0000000000,-0.2100645900,nan,nan,nan,nan,nan,nan,nan,nan,nan,nan,nan,nan,nan,nan,nan,nan,nan,nan,nan,nan,nan,0.0000250340,0.0900433064,inf,0.0000095367,inf,inf,inf,0.0100104809,0.0499880314,inf,inf,inf,inf,inf,inf,inf,1583
1779239088.2714416981,-0.1940267235,-0.0101271803,0.0920415819,0.0134561473,0.2581292818,-0.0038351903,3.5729999542,nan,nan,-0.1000000015,0.0000000000,2.1600000858,0.0000000000,nan,nan,nan,nan,nan,nan,nan,nan,nan,nan,nan,nan,0.0000000000,0.0000000000,0.0000000000,0.0000000000,0.0000000000,-0.2100645900,nan,nan,nan,nan,nan,nan,nan,nan,nan,nan,nan,nan,nan,nan,nan,nan,nan,nan,nan,nan,nan,0.0100286007,0.1000468731,inf,0.0100131035,inf,inf,inf,0.0200140476,0.0599915981,inf,inf,inf,inf,inf,inf,inf,1583
1779239088.2814264297,-0.1940267235,-0.0101271803,0.0920415819,0.0134561473,0.2581292818,-0.0038351903,3.5729999542,nan,nan,-0.1000000015,0.0000000000,2.1600000858,0.0000000000,nan,nan,nan,nan,nan,nan,nan,nan,nan,nan,nan,nan,0.0000000000,0.0000000000,0.0000000000,0.0000000000,0.0000000000,-0.2100645900,nan,nan,nan,nan,nan,nan,nan,nan,nan,nan,nan,nan,nan,nan,nan,nan,nan,nan,nan,nan,nan,0.0200133324,0.1100316048,inf,0.0199978352,inf,inf,inf,0.0299987793,0.0699763298,inf,inf,inf,inf,inf,inf,inf,1583
1779239088.2914161682,-0.1940267235,-0.0101271803,0.0920415819,0.0134561473,0.2581292818,-0.0038351903,3.5729999542,nan,nan,-0.1000000015,0.0000000000,2.1600000858,0.0000000000,nan,nan,nan,nan,nan,nan,nan,nan,nan,nan,nan,nan,0.0000000000,0.0000000000,0.0000000000,0.0000000000,0.0000000000,-0.2100645900,nan,nan,nan,nan,nan,nan,nan,nan,nan,nan,nan,nan,nan,nan,nan,nan,nan,nan,nan,nan,nan,0.0300030708,0.1200213432,inf,0.0299875736,inf,inf,inf,0.0399885178,0.0799660683,inf,inf,inf,inf,inf,inf,inf,1583
1779239088.3014600277,-0.1940267235,-0.0101271803,0.0920415819,0.0134561473,0.2581292818,-0.0038351903,3.5729999542,nan,nan,-0.1000000015,0.0000000000,2.1600000858,0.0000000000,nan,nan,nan,nan,nan,nan,nan,nan,nan,nan,nan,nan,0.0000000000,0.0000000000,0.0000000000,0.0000000000,0.0000000000,-0.2100645900,nan,nan,nan,nan,nan,nan,nan,nan,nan,nan,nan,nan,nan,nan,nan,nan,nan,nan,nan,nan,nan,0.0400469303,0.1300652027,inf,0.0400314331,inf,inf,inf,0.0500323772,0.0900099277,inf,inf,inf,inf,inf,inf,inf,1583
1779239088.3114542961,-0.1923556179,-0.0100262072,0.0916365162,0.0134561473,0.2581292818,-0.0038351903,3.5729999542,nan,nan,-0.1000000015,0.0000000000,2.1600000858,0.0000000000,nan,nan,nan,nan,nan,nan,nan,nan,nan,nan,nan,nan,0.0000000000,0.0000000000,0.0000000000,0.0000000000,0.0000000000,-0.2171038389,nan,nan,nan,nan,nan,nan,nan,nan,nan,nan,nan,nan,nan,nan,nan,nan,nan,nan,nan,nan,nan,0.0000472069,0.1400594711,inf,0.0000326633,inf,inf,inf,0.0600266457,0.0000166893,inf,inf,inf,inf,inf,inf,inf,1583
1779239088.3214564323,-0.1923556179,-0.0100262072,0.0916365162,0.0134561473,0.2581292818,-0.0038351903,3.5729999542,nan,nan,-0.1000000015,0.0000000000,2.1600000858,0.0000000000,nan,nan,nan,nan,nan,nan,nan,nan,nan,nan,nan,nan,0.0000000000,0.0000000000,0.0000000000,0.0000000000,0.0000000000,-0.2171038389,nan,nan,nan,nan,nan,nan,nan,nan,nan,nan,nan,nan,nan,nan,nan,nan,nan,nan,nan,nan,nan,0.0100493431,0.1500616074,inf,0.0100347996,inf,inf,inf,0.0700287819,0.0100188255,inf,inf,inf,inf,inf,inf,inf,1583
1779239088.3314690590,-0.1923556179,-0.0100262072,0.0916365162,0.0134561473,0.2581292818,-0.0038351903,3.5729999542,nan,nan,-0.1000000015,0.0000000000,2.1600000858,0.0000000000,nan,nan,nan,nan,nan,nan,nan,nan,nan,nan,nan,nan,0.0000000000,0.0000000000,0.0000000000,0.0000000000,0.0000000000,-0.2171038389,nan,nan,nan,nan,nan,nan,nan,nan,nan,nan,nan,nan,nan,nan,nan,nan,nan,nan,nan,nan,nan,0.0200619698,0.1600742340,inf,0.0200474262,inf,inf,inf,0.0800414085,0.0200314522,inf,inf,inf,inf,inf,inf,inf,1583
1779239088.3414597511,-0.1923556179,-0.0100262072,0.0916365162,0.0134561473,0.2581292818,-0.0038351903,3.5729999542,nan,nan,-0.1000000015,0.0000000000,2.1600000858,0.0000000000,nan,nan,nan,nan,nan,nan,nan,nan,nan,nan,nan,nan,0.0000000000,0.0000000000,0.0000000000,0.0000000000,0.0000000000,-0.2171038389,nan,nan,nan,nan,nan,nan,nan,nan,nan,nan,nan,nan,nan,nan,nan,nan,nan,nan,nan,nan,nan,0.0300526619,0.1700649261,inf,0.0300381184,inf,inf,inf,0.0900321007,0.0300221443,inf,inf,inf,inf,inf,inf,inf,1583
1779239088.3514239788,-0.1923556179,-0.0100262072,0.0916365162,0.0134561473,0.2581292818,-0.0038351903,3.5729999542,nan,nan,-0.1000000015,0.0000000000,2.1600000858,0.0000000000,nan,nan,nan,nan,nan,nan,nan,nan,nan,nan,nan,nan,0.0000000000,0.0000000000,0.0000000000,0.0000000000,0.0000000000,-0.2171038389,nan,nan,nan,nan,nan,nan,nan,nan,nan,nan,nan,nan,nan,nan,nan,nan,nan,nan,nan,nan,nan,0.0400168896,0.1800291538,inf,0.0400023460,inf,inf,inf,0.0000109673,0.0399863720,inf,inf,inf,inf,inf,inf,inf,1583
1779239088.3614366055,-0.1941579431,-0.0100267977,0.0921126753,0.0134561473,0.2581292818,-0.0038351903,3.5729999542,nan,nan,-0.1000000015,0.0000000000,2.1600000858,0.0000000000,nan,nan,nan,nan,nan,nan,nan,nan,nan,nan,nan,nan,0.0000000000,0.0000000000,0.0000000000,0.0000000000,0.0000000000,-0.2171038389,nan,nan,nan,nan,nan,nan,nan,nan,nan,nan,nan,nan,nan,nan,nan,nan,nan,nan,nan,nan,nan,0.0000267029,0.1900417805,inf,0.0000109673,inf,inf,inf,0.0100235939,0.0499989986,inf,inf,inf,inf,inf,inf,inf,1583
1779239088.3714663982,-0.1941579431,-0.0100267977,0.0921126753,0.0134561473,0.2581292818,-0.0038351903,3.5729999542,nan,nan,-0.1000000015,0.0000000000,2.1600000858,0.0000000000,nan,nan,nan,nan,nan,nan,nan,nan,nan,nan,nan,nan,0.0000000000,0.0000000000,0.0000000000,0.0000000000,0.0000000000,-0.2171038389,nan,nan,nan,nan,nan,nan,nan,nan,nan,nan,nan,nan,nan,nan,nan,nan,nan,nan,nan,nan,nan,0.0100564957,0.2000715733,inf,0.0100407600,inf,inf,inf,0.0200533867,0.0600287914,inf,inf,inf,inf,inf,inf,inf,1583
1779239088.3814313412,-0.1941579431,-0.0100267977,0.0921126753,0.0134561473,0.2581292818,-0.0038351903,3.5729999542,nan,nan,-0.1000000015,0.0000000000,2.1600000858,0.0000000000,nan,nan,nan,nan,nan,nan,nan,nan,nan,nan,nan,nan,0.0000000000,0.0000000000,0.0000000000,0.0000000000,0.0000000000,-0.2171038389,nan,nan,nan,nan,nan,nan,nan,nan,nan,nan,nan,nan,nan,nan,nan,nan,nan,nan,nan,nan,nan,0.0200214386,0.2100365162,inf,0.0200057030,inf,inf,inf,0.0300183296,0.0699937344,inf,inf,inf,inf,inf,inf,inf,1583
1779239088.3914408684,-0.1941579431,-0.0100267977,0.0921126753,0.0134561473,0.2581292818,-0.0038351903,3.5729999542,nan,nan,-0.1000000015,0.0000000000,2.1600000858,0.0000000000,nan,nan,nan,nan,nan,nan,nan,nan,nan,nan,nan,nan,0.0000000000,0.0000000000,0.0000000000,0.0000000000,0.0000000000,-0.2171038389,nan,nan,nan,nan,nan,nan,nan,nan,nan,nan,nan,nan,nan,nan,nan,nan,nan,nan,nan,nan,nan,0.0300309658,0.2200460434,inf,0.0300152302,inf,inf,inf,0.0400278568,0.0800032616,inf,inf,inf,inf,inf,inf,inf,1583
1779239088.4014396667,-0.1941579431,-0.0100267977,0.0921126753,0.0134561473,0.2581292818,-0.0038351903,3.5729999542,nan,nan,-0.1000000015,0.0000000000,2.1600000858,0.0000000000,nan,nan,nan,nan,nan,nan,nan,nan,nan,nan,nan,nan,0.0000000000,0.0000000000,0.0000000000,0.0000000000,0.0000000000,-0.2171038389,nan,nan,nan,nan,nan,nan,nan,nan,nan,nan,nan,nan,nan,nan,nan,nan,nan,nan,nan,nan,nan,0.0400297642,0.2300448418,inf,0.0400140285,inf,inf,inf,0.0500266552,0.0900020599,inf,inf,inf,inf,inf,inf,inf,1583
1779239088.4114334583,-0.1923944652,-0.0099840267,0.0916517898,0.0134561473,0.2581292818,-0.0038351903,3.5729999542,nan,nan,-0.1000000015,0.0000000000,2.1600000858,0.0000000000,nan,nan,nan,nan,nan,nan,nan,nan,nan,nan,nan,nan,0.0000000000,0.0000000000,0.0000000000,0.0000000000,0.0000000000,-0.2135408074,nan,nan,nan,nan,nan,nan,nan,nan,nan,nan,nan,nan,nan,nan,nan,nan,nan,nan,nan,nan,nan,0.0000405312,0.2400386333,inf,0.0000264645,inf,inf,inf,0.0600204468,0.0000066757,inf,inf,inf,inf,inf,inf,inf,1583
1779239088.4214453697,-0.1923944652,-0.0099840267,0.0916517898,0.0134561473,0.2581292818,-0.0038351903,3.5729999542,nan,nan,-0.1000000015,0.0000000000,2.1600000858,0.0000000000,nan,nan,nan,nan,nan,nan,nan,nan,nan,nan,nan,nan,0.0000000000,0.0000000000,0.0000000000,0.0000000000,0.0000000000,-0.2135408074,nan,nan,nan,nan,nan,nan,nan,nan,nan,nan,nan,nan,nan,nan,nan,nan,nan,nan,nan,nan,nan,0.0100524426,0.2500505447,inf,0.0100383759,inf,inf,inf,0.0700323582,0.0100185871,inf,inf,inf,inf,inf,inf,inf,1583
1779239088.4314863682,-0.1923944652,-0.0099840267,0.0916517898,0.0134561473,0.2581292818,-0.0038351903,3.5729999542,nan,nan,-0.1000000015,0.0000000000,2.1600000858,0.0000000000,nan,nan,nan,nan,nan,nan,nan,nan,nan,nan,nan,nan,0.0000000000,0.0000000000,0.0000000000,0.0000000000,0.0000000000,-0.2135408074,nan,nan,nan,nan,nan,nan,nan,nan,nan,nan,nan,nan,nan,nan,nan,nan,nan,nan,nan,nan,nan,0.0200934410,0.2600915432,inf,0.0200793743,inf,inf,inf,0.0800733566,0.0200595856,inf,inf,inf,inf,inf,inf,inf,1583
1779239088.4414668083,-0.1923944652,-0.0099840267,0.0916517898,0.0134561473,0.2581292818,-0.0038351903,3.5729999542,nan,nan,-0.1000000015,0.0000000000,2.1600000858,0.0000000000,nan,nan,nan,nan,nan,nan,nan,nan,nan,nan,nan,nan,0.0000000000,0.0000000000,0.0000000000,0.0000000000,0.0000000000,-0.2135408074,nan,nan,nan,nan,nan,nan,nan,nan,nan,nan,nan,nan,nan,nan,nan,nan,nan,nan,nan,nan,nan,0.0300738811,0.2700719833,inf,0.0300598145,inf,inf,inf,0.0900537968,0.0300400257,inf,inf,inf,inf,inf,inf,inf,1583
1779239088.4514384270,-0.1923944652,-0.0099840267,0.0916517898,0.0134561473,0.2581292818,-0.0038351903,3.5729999542,nan,nan,-0.1000000015,0.0000000000,2.1600000858,0.0000000000,nan,nan,nan,nan,nan,nan,nan,nan,nan,nan,nan,nan,0.0000000000,0.0000000000,0.0000000000,0.0000000000,0.0000000000,-0.2135408074,nan,nan,nan,nan,nan,nan,nan,nan,nan,nan,nan,nan,nan,nan,nan,nan,nan,nan,nan,nan,nan,0.0400454998,0.2800436020,inf,0.0400314331,inf,inf,inf,0.0000131130,0.0400116444,inf,inf,inf,inf,inf,inf,inf,1583
1779239088.4614906311,-0.1942058504,-0.0099557545,0.0920831710,0.0134561473,0.2581292818,-0.0038351903,3.5729999542,nan,nan,-0.1000000015,0.0000000000,2.1600000858,0.0000000000,nan,nan,nan,nan,nan,nan,nan,nan,nan,nan,nan,nan,0.0000000000,0.0000000000,0.0000000000,0.0000000000,0.0000000000,-0.2135408074,nan,nan,nan,nan,nan,nan,nan,nan,nan,nan,nan,nan,nan,nan,nan,nan,nan,nan,nan,nan,nan,0.0000343323,0.2900958061,inf,0.0000114441,inf,inf,inf,0.0100653172,0.0500638485,inf,inf,inf,inf,inf,inf,inf,1583
1779239088.4714453220,-0.1942058504,-0.0099557545,0.0920831710,0.0134561473,0.2581292818,-0.0038351903,3.5729999542,nan,nan,-0.1000000015,0.0000000000,2.1600000858,0.0000000000,nan,nan,nan,nan,nan,nan,nan,nan,nan,nan,nan,nan,0.0000000000,0.0000000000,0.0000000000,0.0000000000,0.0000000000,-0.2135408074,nan,nan,nan,nan,nan,nan,nan,nan,nan,nan,nan,nan,nan,nan,nan,nan,nan,nan,nan,nan,nan,0.0099890232,0.3000504971,inf,0.0099661350,inf,inf,inf,0.0200200081,0.0600185394,inf,inf,inf,inf,inf,inf,inf,1583
1779239088.4814317226,-0.1942058504,-0.0099557545,0.0920831710,0.0134561473,0.2581292818,-0.0038351903,3.5729999542,nan,nan,-0.1000000015,0.0000000000,2.1600000858,0.0000000000,nan,nan,nan,nan,nan,nan,nan,nan,nan,nan,nan,nan,0.0000000000,0.0000000000,0.0000000000,0.0000000000,0.0000000000,-0.2135408074,nan,nan,nan,nan,nan,nan,nan,nan,nan,nan,nan,nan,nan,nan,nan,nan,nan,nan,nan,nan,nan,0.0199754238,0.3100368977,inf,0.0199525356,inf,inf,inf,0.0300064087,0.0700049400,inf,inf,inf,inf,inf,inf,inf,1583
1779239088.4914429188,-0.1942058504,-0.0099557545,0.0920831710,0.0134561473,0.2581292818,-0.0038351903,3.5729999542,nan,nan,-0.1000000015,0.0000000000,2.1600000858,0.0000000000,nan,nan,nan,nan,nan,nan,nan,nan,nan,nan,nan,nan,0.0000000000,0.0000000000,0.0000000000,0.0000000000,0.0000000000,-0.2135408074,nan,nan,nan,nan,nan,nan,nan,nan,nan,nan,nan,nan,nan,nan,nan,nan,nan,nan,nan,nan,nan,0.0299866199,0.3200480938,inf,0.0299637318,inf,inf,inf,0.0400176048,0.0800161362,inf,inf,inf,inf,inf,inf,inf,1583
1779239088.5014524460,-0.1942058504,-0.0099557545,0.0920831710,0.0134561473,0.2581292818,-0.0038351903,3.5729999542,nan,nan,-0.1000000015,0.0000000000,2.1600000858,0.0000000000,nan,nan,nan,nan,nan,nan,nan,nan,nan,nan,nan,nan,0.0000000000,0.0000000000,0.0000000000,0.0000000000,0.0000000000,-0.2135408074,nan,nan,nan,nan,nan,nan,nan,nan,nan,nan,nan,nan,nan,nan,nan,nan,nan,nan,nan,nan,nan,0.0399961472,0.3300576210,inf,0.0399732590,inf,inf,inf,0.0500271320,0.0900256634,inf,inf,inf,inf,inf,inf,inf,1583
1779239088.5114748478,-0.1908680052,-0.0099772764,0.0912158564,0.0134561473,0.2581292818,-0.0038351903,3.5729999542,nan,nan,-0.1000000015,0.0000000000,2.1600000858,0.0000000000,nan,nan,nan,nan,nan,nan,nan,nan,nan,nan,nan,nan,0.0000000000,0.0000000000,0.0000000000,0.0000000000,0.0000000000,-0.2046586871,nan,nan,nan,nan,nan,nan,nan,nan,nan,nan,nan,nan,nan,nan,nan,nan,nan,nan,nan,nan,nan,0.0000460148,0.3400800228,inf,0.0000281334,inf,inf,inf,0.0600495338,0.0000092983,inf,inf,inf,inf,inf,inf,inf,1583
1779239088.5214538574,-0.1908680052,-0.0099772764,0.0912158564,0.0134561473,0.2581292818,-0.0038351903,3.5729999542,nan,nan,-0.1000000015,0.0000000000,2.1600000858,0.0000000000,nan,nan,nan,nan,nan,nan,nan,nan,nan,nan,nan,nan,0.0000000000,0.0000000000,0.0000000000,0.0000000000,0.0000000000,-0.2046586871,nan,nan,nan,nan,nan,nan,nan,nan,nan,nan,nan,nan,nan,nan,nan,nan,nan,nan,nan,nan,nan,0.0100250244,0.3500590324,inf,0.0100071430,inf,inf,inf,0.0700285435,0.0099883080,inf,inf,inf,inf,inf,inf,inf,1583
1779239088.5314583778,-0.1908680052,-0.0099772764,0.0912158564,0.0134561473,0.2581292818,-0.0038351903,3.5729999542,nan,nan,-0.1000000015,0.0000000000,2.1600000858,0.0000000000,nan,nan,nan,nan,nan,nan,nan,nan,nan,nan,nan,nan,0.0000000000,0.0000000000,0.0000000000,0.0000000000,0.0000000000,-0.2046586871,nan,nan,nan,nan,nan,nan,nan,nan,nan,nan,nan,nan,nan,nan,nan,nan,nan,nan,nan,nan,nan,0.0200295448,0.3600635529,inf,0.0200116634,inf,inf,inf,0.0800330639,0.0199928284,inf,inf,inf,inf,inf,inf,inf,1583
1779239088.5414392948,-0.1908680052,-0.0099772764,0.0912158564,0.0134561473,0.2581292818,-0.0038351903,3.5729999542,nan,nan,-0.1000000015,0.0000000000,2.1600000858,0.0000000000,nan,nan,nan,nan,nan,nan,nan,nan,nan,nan,nan,nan,0.0000000000,0.0000000000,0.0000000000,0.0000000000,0.0000000000,-0.2046586871,nan,nan,nan,nan,nan,nan,nan,nan,nan,nan,nan,nan,nan,nan,nan,nan,nan,nan,nan,nan,nan,0.0300104618,0.3700444698,inf,0.0299925804,inf,inf,inf,0.0900139809,0.0299737453,inf,inf,inf,inf,inf,inf,inf,1583
1779239088.5514411926,-0.1908680052,-0.0099772764,0.0912158564,0.0134561473,0.2581292818,-0.0038351903,3.5729999542,nan,nan,-0.1000000015,0.0000000000,2.1600000858,0.0000000000,nan,nan,nan,nan,nan,nan,nan,nan,nan,nan,nan,nan,0.0000000000,0.0000000000,0.0000000000,0.0000000000,0.0000000000,-0.2046586871,nan,nan,nan,nan,nan,nan,nan,nan,nan,nan,nan,nan,nan,nan,nan,nan,nan,nan,nan,nan,nan,0.0400123596,0.3800463676,inf,0.0399944782,inf,inf,inf,0.0000123978,0.0399756432,inf,inf,inf,inf,inf,inf,inf,1583
1779239088.5614552498,-0.1923975945,-0.0099191805,0.0915880576,0.0134561473,0.2581292818,-0.0038351903,3.5729999542,nan,nan,-0.1000000015,0.0000000000,2.1600000858,0.0000000000,nan,nan,nan,nan,nan,nan,nan,nan,nan,nan,nan,nan,0.0000000000,0.0000000000,0.0000000000,0.0000000000,0.0000000000,-0.2046586871,nan,nan,nan,nan,nan,nan,nan,nan,nan,nan,nan,nan,nan,nan,nan,nan,nan,nan,nan,nan,nan,0.0000286102,0.3900604248,inf,0.0000100136,inf,inf,inf,0.0100264549,0.0499897003,inf,inf,inf,inf,inf,inf,inf,1583
1779239088.5714530945,-0.1923975945,-0.0099191805,0.0915880576,0.0134561473,0.2581292818,-0.0038351903,3.5729999542,nan,nan,-0.1000000015,0.0000000000,2.1600000858,0.0000000000,nan,nan,nan,nan,nan,nan,nan,nan,nan,nan,nan,nan,0.0000000000,0.0000000000,0.0000000000,0.0000000000,0.0000000000,-0.2046586871,nan,nan,nan,nan,nan,nan,nan,nan,nan,nan,nan,nan,nan,nan,nan,nan,nan,nan,nan,nan,nan,0.0100264549,0.4000582695,inf,0.0100078583,inf,inf,inf,0.0200242996,0.0599875450,inf,inf,inf,inf,inf,inf,inf,1583
1779239088.5814597607,-0.1923975945,-0.0099191805,0.0915880576,0.0134561473,0.2581292818,-0.0038351903,3.5729999542,nan,nan,-0.1000000015,0.0000000000,2.1600000858,0.0000000000,nan,nan,nan,nan,nan,nan,nan,nan,nan,nan,nan,nan,0.0000000000,0.0000000000,0.0000000000,0.0000000000,0.0000000000,-0.2046586871,nan,nan,nan,nan,nan,nan,nan,nan,nan,nan,nan,nan,nan,nan,nan,nan,nan,nan,nan,nan,nan,0.0200331211,0.4100649357,inf,0.0200145245,inf,inf,inf,0.0300309658,0.0699942112,inf,inf,inf,inf,inf,inf,inf,1583
1779239088.5914597511,-0.1923975945,-0.0099191805,0.0915880576,0.0134561473,0.2581292818,-0.0038351903,3.5729999542,nan,nan,-0.1000000015,0.0000000000,2.1600000858,0.0000000000,nan,nan,nan,nan,nan,nan,nan,nan,nan,nan,nan,nan,0.0000000000,0.0000000000,0.0000000000,0.0000000000,0.0000000000,-0.2046586871,nan,nan,nan,nan,nan,nan,nan,nan,nan,nan,nan,nan,nan,nan,nan,nan,nan,nan,nan,nan,nan,0.0300331116,0.4200649261,inf,0.0300145149,inf,inf,inf,0.0400309563,0.0799942017,inf,inf,inf,inf,inf,inf,inf,1583
1779239088.6014354229,-0.1923975945,-0.0099191805,0.0915880576,0.0134561473,0.2581292818,-0.0038351903,3.5729999542,nan,nan,-0.1000000015,0.0000000000,2.1600000858,0.0000000000,nan,nan,nan,nan,nan,nan,nan,nan,nan,nan,nan,nan,0.0000000000,0.0000000000,0.0000000000,0.0000000000,0.0000000000,-0.2046586871,nan,nan,nan,nan,nan,nan,nan,nan,nan,nan,nan,nan,nan,nan,nan,nan,nan,nan,nan,nan,nan,0.0400087833,0.4300405979,inf,0.0399901867,inf,inf,inf,0.0500066280,0.0899698734,inf,inf,inf,inf,inf,inf,inf,1583
1779239088.6114447117,-0.1920271218,-0.0099461982,0.0915303454,0.0134561473,0.2581292818,-0.0038351903,3.5729999542,nan,nan,-0.1000000015,0.0000000000,2.1600000858,0.0000000000,nan,nan,nan,nan,nan,nan,nan,nan,nan,nan,nan,nan,0.0000000000,0.0000000000,0.0000000000,0.0000000000,0.0000000000,-0.1968467981,nan,nan,nan,nan,nan,nan,nan,nan,nan,nan,nan,nan,nan,nan,nan,nan,nan,nan,nan,nan,nan,0.0000479221,0.4400498867,inf,0.0000305176,inf,inf,inf,0.0600159168,0.0000085831,inf,inf,inf,inf,inf,inf,inf,1583
1779239088.6214697361,-0.1920271218,-0.0099461982,0.0915303454,0.0134561473,0.2581292818,-0.0038351903,3.5729999542,nan,nan,-0.1000000015,0.0000000000,2.1600000858,0.0000000000,nan,nan,nan,nan,nan,nan,nan,nan,nan,nan,nan,nan,0.0000000000,0.0000000000,0.0000000000,0.0000000000,0.0000000000,-0.1968467981,nan,nan,nan,nan,nan,nan,nan,nan,nan,nan,nan,nan,nan,nan,nan,nan,nan,nan,nan,nan,nan,0.0100729465,0.4500749111,inf,0.0100555420,inf,inf,inf,0.0700409412,0.0100336075,inf,inf,inf,inf,inf,inf,inf,1583
1779239088.6314835548,-0.1920271218,-0.0099461982,0.0915303454,0.0134561473,0.2581292818,-0.0038351903,3.5729999542,nan,nan,-0.1000000015,0.0000000000,2.1600000858,0.0000000000,nan,nan,nan,nan,nan,nan,nan,nan,nan,nan,nan,nan,0.0000000000,0.0000000000,0.0000000000,0.0000000000,0.0000000000,-0.1968467981,nan,nan,nan,nan,nan,nan,nan,nan,nan,nan,nan,nan,nan,nan,nan,nan,nan,nan,nan,nan,nan,0.0200867653,0.4600887299,inf,0.0200693607,inf,inf,inf,0.0800547600,0.0200474262,inf,inf,inf,inf,inf,inf,inf,1583
1779239088.6414735317,-0.1920271218,-0.0099461982,0.0915303454,0.0134561473,0.2581292818,-0.0038351903,3.5729999542,nan,nan,-0.1000000015,0.0000000000,2.1600000858,0.0000000000,nan,nan,nan,nan,nan,nan,nan,nan,nan,nan,nan,nan,0.0000000000,0.0000000000,0.0000000000,0.0000000000,0.0000000000,-0.1968467981,nan,nan,nan,nan,nan,nan,nan,nan,nan,nan,nan,nan,nan,nan,nan,nan,nan,nan,nan,nan,nan,0.0300767422,0.4700787067,inf,0.0300593376,inf,inf,inf,0.0900447369,0.0300374031,inf,inf,inf,inf,inf,inf,inf,1583
1779239088.6514580250,-0.1920271218,-0.0099461982,0.0915303454,0.0134561473,0.2581292818,-0.0038351903,3.5729999542,nan,nan,-0.1000000015,0.0000000000,2.1600000858,0.0000000000,nan,nan,nan,nan,nan,nan,nan,nan,nan,nan,nan,nan,0.0000000000,0.0000000000,0.0000000000,0.0000000000,0.0000000000,-0.1968467981,nan,nan,nan,nan,nan,nan,nan,nan,nan,nan,nan,nan,nan,nan,nan,nan,nan,nan,nan,nan,nan,0.0400612354,0.4800632000,inf,0.0400438309,inf,inf,inf,0.0000131130,0.0400218964,inf,inf,inf,inf,inf,inf,inf,1583
1779239088.6614663601,-0.1939499229,-0.0099072978,0.0920317993,0.0162947935,0.2581343737,-0.0034667709,3.5729999542,nan,nan,-0.1000000015,0.0000000000,2.1600000858,0.0000000000,nan,nan,nan,nan,nan,nan,nan,nan,nan,nan,nan,nan,0.0000000000,0.0000000000,0.0000000000,0.0000000000,0.0000000000,-0.1968467981,nan,nan,nan,nan,nan,nan,nan,nan,nan,nan,nan,nan,nan,nan,nan,nan,nan,nan,nan,nan,nan,0.0000321865,0.4900715351,inf,0.0000109673,inf,inf,inf,0.0100214481,0.0500302315,inf,inf,inf,inf,inf,inf,inf,1583
1779239088.6714882851,-0.1939499229,-0.0099072978,0.0920317993,0.0162947935,0.2581343737,-0.0034667709,3.5729999542,nan,nan,-0.1000000015,0.0000000000,2.1600000858,0.0000000000,nan,nan,nan,nan,nan,nan,nan,nan,nan,nan,nan,nan,0.0000000000,0.0000000000,0.0000000000,0.0000000000,0.0000000000,-0.1968467981,nan,nan,nan,nan,nan,nan,nan,nan,nan,nan,nan,nan,nan,nan,nan,nan,nan,nan,nan,nan,nan,0.0100541115,0.5000934601,inf,0.0100328922,inf,inf,inf,0.0200433731,0.0600521564,inf,inf,inf,inf,inf,inf,inf,1583
1779239088.6814680099,-0.1939499229,-0.0099072978,0.0920317993,0.0162947935,0.2581343737,-0.0034667709,3.5729999542,nan,nan,-0.1000000015,0.0000000000,2.1600000858,0.0000000000,nan,nan,nan,nan,nan,nan,nan,nan,nan,nan,nan,nan,0.0000000000,0.0000000000,0.0000000000,0.0000000000,0.0000000000,-0.1968467981,nan,nan,nan,nan,nan,nan,nan,nan,nan,nan,nan,nan,nan,nan,nan,nan,nan,nan,nan,nan,nan,0.0200338364,0.5100731850,inf,0.0200126171,inf,inf,inf,0.0300230980,0.0700318813,inf,inf,inf,inf,inf,inf,inf,1583
1779239088.6914789677,-0.1939499229,-0.0099072978,0.0920317993,0.0162947935,0.2581343737,-0.0034667709,3.5729999542,nan,nan,-0.1000000015,0.0000000000,2.1600000858,0.0000000000,nan,nan,nan,nan,nan,nan,nan,nan,nan,nan,nan,nan,0.0000000000,0.0000000000,0.0000000000,0.0000000000,0.0000000000,-0.1968467981,nan,nan,nan,nan,nan,nan,nan,nan,nan,nan,nan,nan,nan,nan,nan,nan,nan,nan,nan,nan,nan,0.0300447941,0.5200841427,inf,0.0300235748,inf,inf,inf,0.0400340557,0.0800428391,inf,inf,inf,inf,inf,inf,inf,1583
1779239088.7014577389,-0.1939499229,-0.0099072978,0.0920317993,0.0162947935,0.2581343737,-0.0034667709,3.5729999542,nan,nan,-0.1000000015,0.0000000000,2.1600000858,0.0000000000,nan,nan,nan,nan,nan,nan,nan,nan,nan,nan,nan,nan,0.0000000000,0.0000000000,0.0000000000,0.0000000000,0.0000000000,-0.1968467981,nan,nan,nan,nan,nan,nan,nan,nan,nan,nan,nan,nan,nan,nan,nan,nan,nan,nan,nan,nan,nan,0.0400235653,0.5300629139,inf,0.0400023460,inf,inf,inf,0.0500128269,0.0900216103,inf,inf,inf,inf,inf,inf,inf,1583
1779239088.7114746571,-0.1922234446,-0.0099401567,0.0916366056,0.0162947935,0.2581343737,-0.0034667709,3.5729999542,nan,nan,-0.1000000015,0.0000000000,2.1600000858,0.0000000000,nan,nan,nan,nan,nan,nan,nan,nan,nan,nan,nan,nan,0.0000000000,0.0000000000,0.0000000000,0.0000000000,0.0000000000,-0.1885221601,nan,nan,nan,nan,nan,nan,nan,nan,nan,nan,nan,nan,nan,nan,nan,nan,nan,nan,nan,nan,nan,0.0000495911,0.5400798321,inf,0.0000321865,inf,inf,inf,0.0600297451,0.0000097752,inf,inf,inf,inf,inf,inf,inf,1583
1779239088.7214369774,-0.1922234446,-0.0099401567,0.0916366056,0.0162947935,0.2581343737,-0.0034667709,3.5729999542,nan,nan,-0.1000000015,0.0000000000,2.1600000858,0.0000000000,nan,nan,nan,nan,nan,nan,nan,nan,nan,nan,nan,nan,0.0000000000,0.0000000000,0.0000000000,0.0000000000,0.0000000000,-0.1885221601,nan,nan,nan,nan,nan,nan,nan,nan,nan,nan,nan,nan,nan,nan,nan,nan,nan,nan,nan,nan,nan,0.0100119114,0.5500421524,inf,0.0099945068,inf,inf,inf,0.0699920654,0.0099720955,inf,inf,inf,inf,inf,inf,inf,1583
1779239088.7314162254,-0.1922234446,-0.0099401567,0.0916366056,0.0162947935,0.2581343737,-0.0034667709,3.5729999542,nan,nan,-0.1000000015,0.0000000000,2.1600000858,0.0000000000,nan,nan,nan,nan,nan,nan,nan,nan,nan,nan,nan,nan,0.0000000000,0.0000000000,0.0000000000,0.0000000000,0.0000000000,-0.1885221601,nan,nan,nan,nan,nan,nan,nan,nan,nan,nan,nan,nan,nan,nan,nan,nan,nan,nan,nan,nan,nan,0.0199911594,0.5600214005,inf,0.0199737549,inf,inf,inf,0.0799713135,0.0199513435,inf,inf,inf,inf,inf,inf,inf,1583
1779239088.7414312363,-0.1922234446,-0.0099401567,0.0916366056,0.0162947935,0.2581343737,-0.0034667709,3.5729999542,nan,nan,-0.1000000015,0.0000000000,2.1600000858,0.0000000000,nan,nan,nan,nan,nan,nan,nan,nan,nan,nan,nan,nan,0.0000000000,0.0000000000,0.0000000000,0.0000000000,0.0000000000,-0.1885221601,nan,nan,nan,nan,nan,nan,nan,nan,nan,nan,nan,nan,nan,nan,nan,nan,nan,nan,nan,nan,nan,0.0300061703,0.5700364113,inf,0.0299887657,inf,inf,inf,0.0899863243,0.0299663544,inf,inf,inf,inf,inf,inf,inf,1583
1779239088.7514243126,-0.1922234446,-0.0099401567,0.0916366056,0.0162947935,0.2581343737,-0.0034667709,3.5729999542,nan,nan,-0.1000000015,0.0000000000,2.1600000858,0.0000000000,nan,nan,nan,nan,nan,nan,nan,nan,nan,nan,nan,nan,0.0000000000,0.0000000000,0.0000000000,0.0000000000,0.0000000000,-0.1885221601,nan,nan,nan,nan,nan,nan,nan,nan,nan,nan,nan,nan,nan,nan,nan,nan,nan,nan,nan,nan,nan,0.0399992466,0.5800294876,inf,0.0399818420,inf,inf,inf,0.0000102520,0.0399594307,inf,inf,inf,inf,inf,inf,inf,1583
1779239088.7614517212,-0.1940681338,-0.0098942071,0.0921497643,0.0162947935,0.2581343737,-0.0034667709,3.5729999542,nan,nan,-0.1000000015,0.0000000000,2.1600000858,0.0000000000,nan,nan,nan,nan,nan,nan,nan,nan,nan,nan,nan,nan,0.0000000000,0.0000000000,0.0000000000,0.0000000000,0.0000000000,-0.1885221601,nan,nan,nan,nan,nan,nan,nan,nan,nan,nan,nan,nan,nan,nan,nan,nan,nan,nan,nan,nan,nan,0.0000329018,0.5900568962,inf,0.0000092983,inf,inf,inf,0.0100376606,0.0499868393,inf,inf,inf,inf,inf,inf,inf,1583
1779239088.7714600563,-0.1940681338,-0.0098942071,0.0921497643,0.0162947935,0.2581343737,-0.0034667709,3.5729999542,nan,nan,-0.1000000015,0.0000000000,2.1600000858,0.0000000000,nan,nan,nan,nan,nan,nan,nan,nan,nan,nan,nan,nan,0.0000000000,0.0000000000,0.0000000000,0.0000000000,0.0000000000,-0.1885221601,nan,nan,nan,nan,nan,nan,nan,nan,nan,nan,nan,nan,nan,nan,nan,nan,nan,nan,nan,nan,nan,0.0100412369,0.6000652313,inf,0.0100176334,inf,inf,inf,0.0200459957,0.0599951744,inf,inf,inf,inf,inf,inf,inf,1583
1779239088.7814586163,-0.1940681338,-0.0098942071,0.0921497643,0.0162947935,0.2581343737,-0.0034667709,3.5729999542,nan,nan,-0.1000000015,0.0000000000,2.1600000858,0.0000000000,nan,nan,nan,nan,nan,nan,nan,nan,nan,nan,nan,nan,0.0000000000,0.0000000000,0.0000000000,0.0000000000,0.0000000000,-0.1885221601,nan,nan,nan,nan,nan,nan,nan,nan,nan,nan,nan,nan,nan,nan,nan,nan,nan,nan,nan,nan,nan,0.0200397968,0.6100637913,inf,0.0200161934,inf,inf,inf,0.0300445557,0.0699937344,inf,inf,inf,inf,inf,inf,inf,1583
1779239088.7914171219,-0.1940681338,-0.0098942071,0.0921497643,0.0162947935,0.2581343737,-0.0034667709,3.5729999542,nan,nan,-0.1000000015,0.0000000000,2.1600000858,0.0000000000,nan,nan,nan,nan,nan,nan,nan,nan,nan,nan,nan,nan,0.0000000000,0.0000000000,0.0000000000,0.0000000000,0.0000000000,-0.1885221601,nan,nan,nan,nan,nan,nan,nan,nan,nan,nan,nan,nan,nan,nan,nan,nan,nan,nan,nan,nan,nan,0.0299983025,0.6200222969,inf,0.0299746990,inf,inf,inf,0.0400030613,0.0799522400,inf,inf,inf,inf,inf,inf,inf,1583
1779239088.8014531136,-0.1940681338,-0.0098942071,0.0921497643,0.0162947935,0.2581343737,-0.0034667709,3.5729999542,nan,nan,-0.1000000015,0.0000000000,2.1600000858,0.0000000000,nan,nan,nan,nan,nan,nan,nan,nan,nan,nan,nan,nan,0.0000000000,0.0000000000,0.0000000000,0.0000000000,0.0000000000,-0.1885221601,nan,nan,nan,nan,nan,nan,nan,nan,nan,nan,nan,nan,nan,nan,nan,nan,nan,nan,nan,nan,nan,0.0400342941,0.6300582886,inf,0.0400106907,inf,inf,inf,0.0500390530,0.0899882317,inf,inf,inf,inf,inf,inf,inf,1583
1779239088.8114717007,-0.1918437779,-0.0099498807,0.0915599465,0.0162947935,0.2581343737,-0.0034667709,3.5729999542,nan,nan,-0.1000000015,0.0000000000,2.1600000858,0.0000000000,nan,nan,nan,nan,nan,nan,nan,nan,nan,nan,nan,nan,0.0000000000,0.0000000000,0.0000000000,0.0000000000,0.0000000000,-0.1811822504,nan,nan,nan,nan,nan,nan,nan,nan,nan,nan,nan,nan,nan,nan,nan,nan,nan,nan,nan,nan,nan,0.0000493526,0.6400768757,inf,0.0000312328,inf,inf,inf,0.0600576401,0.0000090599,inf,inf,inf,inf,inf,inf,inf,1583
1779239088.8214373589,-0.1918437779,-0.0099498807,0.0915599465,0.0162947935,0.2581343737,-0.0034667709,3.5729999542,nan,nan,-0.1000000015,0.0000000000,2.1600000858,0.0000000000,nan,nan,nan,nan,nan,nan,nan,nan,nan,nan,nan,nan,0.0000000000,0.0000000000,0.0000000000,0.0000000000,0.0000000000,-0.1811822504,nan,nan,nan,nan,nan,nan,nan,nan,nan,nan,nan,nan,nan,nan,nan,nan,nan,nan,nan,nan,nan,0.0100150108,0.6500425339,inf,0.0099968910,inf,inf,inf,0.0700232983,0.0099747181,inf,inf,inf,inf,inf,inf,inf,1583
1779239088.8314373493,-0.1918437779,-0.0099498807,0.0915599465,0.0162947935,0.2581343737,-0.0034667709,3.5729999542,nan,nan,-0.1000000015,0.0000000000,2.1600000858,0.0000000000,nan,nan,nan,nan,nan,nan,nan,nan,nan,nan,nan,nan,0.0000000000,0.0000000000,0.0000000000,0.0000000000,0.0000000000,-0.1811822504,nan,nan,nan,nan,nan,nan,nan,nan,nan,nan,nan,nan,nan,nan,nan,nan,nan,nan,nan,nan,nan,0.0200150013,0.6600425243,inf,0.0199968815,inf,inf,inf,0.0800232887,0.0199747086,inf,inf,inf,inf,inf,inf,inf,1583
1779239088.8414709568,-0.1918437779,-0.0099498807,0.0915599465,0.0162947935,0.2581343737,-0.0034667709,3.5729999542,nan,nan,-0.1000000015,0.0000000000,2.1600000858,0.0000000000,nan,nan,nan,nan,nan,nan,nan,nan,nan,nan,nan,nan,0.0000000000,0.0000000000,0.0000000000,0.0000000000,0.0000000000,-0.1811822504,nan,nan,nan,nan,nan,nan,nan,nan,nan,nan,nan,nan,nan,nan,nan,nan,nan,nan,nan,nan,nan,0.0300486088,0.6700761318,inf,0.0300304890,inf,inf,inf,0.0900568962,0.0300083160,inf,inf,inf,inf,inf,inf,inf,1583
1779239088.8514535427,-0.1918437779,-0.0099498807,0.0915599465,0.0162947935,0.2581343737,-0.0034667709,3.5729999542,nan,nan,-0.1000000015,0.0000000000,2.1600000858,0.0000000000,nan,nan,nan,nan,nan,nan,nan,nan,nan,nan,nan,nan,0.0000000000,0.0000000000,0.0000000000,0.0000000000,0.0000000000,-0.1811822504,nan,nan,nan,nan,nan,nan,nan,nan,nan,nan,nan,nan,nan,nan,nan,nan,nan,nan,nan,nan,nan,0.0400311947,0.6800587177,inf,0.0400130749,inf,inf,inf,0.0000138283,0.0399909019,inf,inf,inf,inf,inf,inf,inf,1583
1779239088.8614540100,-0.1934760958,-0.0099224541,0.0920536667,0.0162947935,0.2581343737,-0.0034667709,3.5729999542,nan,nan,-0.1000000015,0.0000000000,2.1600000858,0.0000000000,nan,nan,nan,nan,nan,nan,nan,nan,nan,nan,nan,nan,0.0000000000,0.0000000000,0.0000000000,0.0000000000,0.0000000000,-0.1811822504,nan,nan,nan,nan,nan,nan,nan,nan,nan,nan,nan,nan,nan,nan,nan,nan,nan,nan,nan,nan,nan,0.0000295639,0.6900591850,inf,0.0000097752,inf,inf,inf,0.0100142956,0.0499913692,inf,inf,inf,inf,inf,inf,inf,1583
1779239088.8714797497,-0.1934760958,-0.0099224541,0.0920536667,0.0162947935,0.2581343737,-0.0034667709,3.5729999542,nan,nan,-0.1000000015,0.0000000000,2.1600000858,0.0000000000,nan,nan,nan,nan,nan,nan,nan,nan,nan,nan,nan,nan,0.0000000000,0.0000000000,0.0000000000,0.0000000000,0.0000000000,-0.1811822504,nan,nan,nan,nan,nan,nan,nan,nan,nan,nan,nan,nan,nan,nan,nan,nan,nan,nan,nan,nan,nan,0.0100553036,0.7000849247,inf,0.0100355148,inf,inf,inf,0.0200400352,0.0600171089,inf,inf,inf,inf,inf,inf,inf,1583
1779239088.8814556599,-0.1934760958,-0.0099224541,0.0920536667,0.0162947935,0.2581343737,-0.0034667709,3.5729999542,nan,nan,-0.1000000015,0.0000000000,2.1600000858,0.0000000000,nan,nan,nan,nan,nan,nan,nan,nan,nan,nan,nan,nan,0.0000000000,0.0000000000,0.0000000000,0.0000000000,0.0000000000,-0.1811822504,nan,nan,nan,nan,nan,nan,nan,nan,nan,nan,nan,nan,nan,nan,nan,nan,nan,nan,nan,nan,nan,0.0200312138,0.7100608349,inf,0.0200114250,inf,inf,inf,0.0300159454,0.0699930191,inf,inf,inf,inf,inf,inf,inf,1583
1779239088.8914391994,-0.1934760958,-0.0099224541,0.0920536667,0.0162947935,0.2581343737,-0.0034667709,3.5729999542,nan,nan,-0.1000000015,0.0000000000,2.1600000858,0.0000000000,nan,nan,nan,nan,nan,nan,nan,nan,nan,nan,nan,nan,0.0000000000,0.0000000000,0.0000000000,0.0000000000,0.0000000000,-0.1811822504,nan,nan,nan,nan,nan,nan,nan,nan,nan,nan,nan,nan,nan,nan,nan,nan,nan,nan,nan,nan,nan,0.0300147533,0.7200443745,inf,0.0299949646,inf,inf,inf,0.0399994850,0.0799765587,inf,inf,inf,inf,inf,inf,inf,1583
1779239088.9014172554,-0.1934760958,-0.0099224541,0.0920536667,0.0162947935,0.2581343737,-0.0034667709,3.5729999542,nan,nan,-0.1000000015,0.0000000000,2.1600000858,0.0000000000,nan,nan,nan,nan,nan,nan,nan,nan,nan,nan,nan,nan,0.0000000000,0.0000000000,0.0000000000,0.0000000000,0.0000000000,-0.1811822504,nan,nan,nan,nan,nan,nan,nan,nan,nan,nan,nan,nan,nan,nan,nan,nan,nan,nan,nan,nan,nan,0.0399928093,0.7300224304,inf,0.0399730206,inf,inf,inf,0.0499775410,0.0899546146,inf,inf,inf,inf,inf,inf,inf,1583
1779239088.9114401340,-0.1917780340,-0.0099643562,0.0915484950,0.0162947935,0.2581343737,-0.0034667709,3.5729999542,nan,nan,-0.1000000015,0.0000000000,2.1600000858,0.0000000000,nan,nan,nan,nan,nan,nan,nan,nan,nan,nan,nan,nan,0.0000000000,0.0000000000,0.0000000000,0.0000000000,0.0000000000,-0.1735004336,nan,nan,nan,nan,nan,nan,nan,nan,nan,nan,nan,nan,nan,nan,nan,nan,nan,nan,nan,nan,nan,0.0000290871,0.7400453091,inf,0.0499958992,inf,inf,inf,0.0600004196,0.0000090599,inf,inf,inf,inf,inf,inf,inf,1583
1779239088.9214210510,-0.1917780340,-0.0099643562,0.0915484950,0.0162947935,0.2581343737,-0.0034667709,3.5729999542,nan,nan,-0.1000000015,0.0000000000,2.1600000858,0.0000000000,nan,nan,nan,nan,nan,nan,nan,nan,nan,nan,nan,nan,0.0000000000,0.0000000000,0.0000000000,0.0000000000,0.0000000000,-0.1735004336,nan,nan,nan,nan,nan,nan,nan,nan,nan,nan,nan,nan,nan,nan,nan,nan,nan,nan,nan,nan,nan,0.0100100040,0.7500262260,inf,0.0599768162,inf,inf,inf,0.0699813366,0.0099899769,inf,inf,inf,inf,inf,inf,inf,1583
1779239088.9314463139,-0.1917780340,-0.0099643562,0.0915484950,0.0162947935,0.2581343737,-0.0034667709,3.5729999542,nan,nan,-0.1000000015,0.0000000000,2.1600000858,0.0000000000,nan,nan,nan,nan,nan,nan,nan,nan,nan,nan,nan,nan,0.0000000000,0.0000000000,0.0000000000,0.0000000000,0.0000000000,-0.1735004336,nan,nan,nan,nan,nan,nan,nan,nan,nan,nan,nan,nan,nan,nan,nan,nan,nan,nan,nan,nan,nan,0.0200352669,0.7600514889,inf,0.0700020790,inf,inf,inf,0.0800065994,0.0200152397,inf,inf,inf,inf,inf,inf,inf,1583
1779239088.9414222240,-0.1917780340,-0.0099643562,0.0915484950,0.0162947935,0.2581343737,-0.0034667709,3.5729999542,nan,nan,-0.1000000015,0.0000000000,2.1600000858,0.0000000000,nan,nan,nan,nan,nan,nan,nan,nan,nan,nan,nan,nan,0.0000000000,0.0000000000,0.0000000000,0.0000000000,0.0000000000,-0.1735004336,nan,nan,nan,nan,nan,nan,nan,nan,nan,nan,nan,nan,nan,nan,nan,nan,nan,nan,nan,nan,nan,0.0300111771,0.7700273991,inf,0.0799779892,inf,inf,inf,0.0899825096,0.0299911499,inf,inf,inf,inf,inf,inf,inf,1583
1779239088.9513790607,-0.1917780340,-0.0099643562,0.0915484950,0.0162947935,0.2581343737,-0.0034667709,3.5729999542,nan,nan,-0.1000000015,0.0000000000,2.1600000858,0.0000000000,nan,nan,nan,nan,nan,nan,nan,nan,nan,nan,nan,nan,0.0000000000,0.0000000000,0.0000000000,0.0000000000,0.0000000000,-0.1735004336,nan,nan,nan,nan,nan,nan,nan,nan,nan,nan,nan,nan,nan,nan,nan,nan,nan,nan,nan,nan,nan,0.0399680138,0.7799842358,inf,0.0899348259,inf,inf,inf,0.0000073910,0.0399479866,inf,inf,inf,inf,inf,inf,inf,1583
1779239088.9613926411,-0.1933639199,-0.0099141905,0.0919941366,0.0162947935,0.2581343737,-0.0034667709,3.5729999542,nan,nan,-0.1000000015,0.0000000000,2.1600000858,0.0000000000,nan,nan,nan,nan,nan,nan,nan,nan,nan,nan,nan,nan,0.0000000000,0.0000000000,0.0000000000,0.0000000000,0.0000000000,-0.1735004336,nan,nan,nan,nan,nan,nan,nan,nan,nan,nan,nan,nan,nan,nan,nan,nan,nan,nan,nan,nan,nan,0.0000071526,0.7899978161,inf,0.0999484062,inf,inf,inf,0.0100209713,0.0499615669,inf,inf,inf,inf,inf,inf,inf,1583
1779239088.9714164734,-0.1933639199,-0.0099141905,0.0919941366,0.0162947935,0.2581343737,-0.0034667709,3.5729999542,nan,nan,-0.1000000015,0.0000000000,2.1600000858,0.0000000000,nan,nan,nan,nan,nan,nan,nan,nan,nan,nan,nan,nan,0.0000000000,0.0000000000,0.0000000000,0.0000000000,0.0000000000,-0.1735004336,nan,nan,nan,nan,nan,nan,nan,nan,nan,nan,nan,nan,nan,nan,nan,nan,nan,nan,nan,nan,nan,0.0100309849,0.8000216484,inf,0.1099722385,inf,inf,inf,0.0200448036,0.0599853992,inf,inf,inf,inf,inf,inf,inf,1583
1779239088.9814317226,-0.1933639199,-0.0099141905,0.0919941366,0.0162947935,0.2581343737,-0.0034667709,3.5729999542,nan,nan,-0.1000000015,0.0000000000,2.1600000858,0.0000000000,nan,nan,nan,nan,nan,nan,nan,nan,nan,nan,nan,nan,0.0000000000,0.0000000000,0.0000000000,0.0000000000,0.0000000000,-0.1735004336,nan,nan,nan,nan,nan,nan,nan,nan,nan,nan,nan,nan,nan,nan,nan,nan,nan,nan,nan,nan,nan,0.0200462341,0.8100368977,inf,0.1199874878,inf,inf,inf,0.0300600529,0.0700006485,inf,inf,inf,inf,inf,inf,inf,1583
1779239088.9914362431,-0.1933639199,-0.0099141905,0.0919941366,0.0162947935,0.2581343737,-0.0034667709,3.5729999542,nan,nan,-0.1000000015,0.0000000000,2.1600000858,0.0000000000,nan,nan,nan,nan,nan,nan,nan,nan,nan,nan,nan,nan,0.0000000000,0.0000000000,0.0000000000,0.0000000000,0.0000000000,-0.1735004336,nan,nan,nan,nan,nan,nan,nan,nan,nan,nan,nan,nan,nan,nan,nan,nan,nan,nan,nan,nan,nan,0.0300507545,0.8200414181,inf,0.1299920082,inf,inf,inf,0.0400645733,0.0800051689,inf,inf,inf,inf,inf,inf,inf,1583
1779239089.0014469624,-0.1933639199,-0.0099141905,0.0919941366,0.0162947935,0.2581343737,-0.0034667709,3.5729999542,nan,nan,-0.1000000015,0.0000000000,2.1600000858,0.0000000000,nan,nan,nan,nan,nan,nan,nan,nan,nan,nan,nan,nan,0.0000000000,0.0000000000,0.0000000000,0.0000000000,0.0000000000,-0.1735004336,nan,nan,nan,nan,nan,nan,nan,nan,nan,nan,nan,nan,nan,nan,nan,nan,nan,nan,nan,nan,nan,0.0400614738,0.8300521374,inf,0.1400027275,inf,inf,inf,0.0500752926,0.0900158882,inf,inf,inf,inf,inf,inf,inf,1583
1779239089.0114433765,-0.1917255819,-0.0099419253,0.0915128961,0.0162947935,0.2581343737,-0.0034667709,3.5729999542,nan,nan,-0.1000000015,0.0000000000,2.1600000858,0.0000000000,nan,nan,nan,nan,nan,nan,nan,nan,nan,nan,nan,nan,0.0000000000,0.0000000000,0.0000000000,0.0000000000,0.0000000000,-0.1682232320,nan,nan,nan,nan,nan,nan,nan,nan,nan,nan,nan,nan,nan,nan,nan,nan,nan,nan,nan,nan,nan,0.0000321865,0.8400485516,inf,0.1499991417,inf,inf,inf,0.0600717068,0.0000092983,inf,inf,inf,inf,inf,inf,inf,1583
1779239089.0214376450,-0.1917255819,-0.0099419253,0.0915128961,0.0162947935,0.2581343737,-0.0034667709,3.5729999542,nan,nan,-0.1000000015,0.0000000000,2.1600000858,0.0000000000,nan,nan,nan,nan,nan,nan,nan,nan,nan,nan,nan,nan,0.0000000000,0.0000000000,0.0000000000,0.0000000000,0.0000000000,-0.1682232320,nan,nan,nan,nan,nan,nan,nan,nan,nan,nan,nan,nan,nan,nan,nan,nan,nan,nan,nan,nan,nan,0.0100264549,0.8500428200,inf,0.1599934101,inf,inf,inf,0.0700659752,0.0100035667,inf,inf,inf,inf,inf,inf,inf,1583
1779239089.0314509869,-0.1917255819,-0.0099419253,0.0915128961,0.0162947935,0.2581343737,-0.0034667709,3.5729999542,nan,nan,-0.1000000015,0.0000000000,2.1600000858,0.0000000000,nan,nan,nan,nan,nan,nan,nan,nan,nan,nan,nan,nan,0.0000000000,0.0000000000,0.0000000000,0.0000000000,0.0000000000,-0.1682232320,nan,nan,nan,nan,nan,nan,nan,nan,nan,nan,nan,nan,nan,nan,nan,nan,nan,nan,nan,nan,nan,0.0200397968,0.8600561619,inf,0.1700067520,inf,inf,inf,0.0800793171,0.0200169086,inf,inf,inf,inf,inf,inf,inf,1583
1779239089.0414760113,-0.1917255819,-0.0099419253,0.0915128961,0.0162947935,0.2581343737,-0.0034667709,3.5729999542,nan,nan,-0.1000000015,0.0000000000,2.1600000858,0.0000000000,nan,nan,nan,nan,nan,nan,nan,nan,nan,nan,nan,nan,0.0000000000,0.0000000000,0.0000000000,0.0000000000,0.0000000000,-0.1682232320,nan,nan,nan,nan,nan,nan,nan,nan,nan,nan,nan,nan,nan,nan,nan,nan,nan,nan,nan,nan,nan,0.0300648212,0.8700811863,inf,0.1800317764,inf,inf,inf,0.0901043415,0.0300419331,inf,inf,inf,inf,inf,inf,inf,1583
1779239089.0514206886,-0.1917255819,-0.0099419253,0.0915128961,0.0162947935,0.2581343737,-0.0034667709,3.5729999542,nan,nan,-0.1000000015,0.0000000000,2.1600000858,0.0000000000,nan,nan,nan,nan,nan,nan,nan,nan,nan,nan,nan,nan,0.0000000000,0.0000000000,0.0000000000,0.0000000000,0.0000000000,-0.1682232320,nan,nan,nan,nan,nan,nan,nan,nan,nan,nan,nan,nan,nan,nan,nan,nan,nan,nan,nan,nan,nan,0.0400094986,0.8800258636,inf,0.1899764538,inf,inf,inf,0.0000095367,0.0399866104,inf,inf,inf,inf,inf,inf,inf,1583
1779239089.0614414215,-0.1933096796,-0.0098699592,0.0919604301,0.0162947935,0.2581343737,-0.0034667709,3.5729999542,nan,nan,-0.1000000015,0.0000000000,2.1600000858,0.0000000000,nan,nan,nan,nan,nan,nan,nan,nan,nan,nan,nan,nan,0.0000000000,0.0000000000,0.0000000000,0.0000000000,0.0000000000,-0.1682232320,nan,nan,nan,nan,nan,nan,nan,nan,nan,nan,nan,nan,nan,nan,nan,nan,nan,nan,nan,nan,nan,0.0000126362,0.8900465965,inf,0.1999971867,inf,inf,inf,0.0100302696,0.0500073433,inf,inf,inf,inf,inf,inf,inf,1583
1779239089.0714721680,-0.1933096796,-0.0098699592,0.0919604301,0.0162947935,0.2581343737,-0.0034667709,3.5729999542,nan,nan,-0.1000000015,0.0000000000,2.1600000858,0.0000000000,nan,nan,nan,nan,nan,nan,nan,nan,nan,nan,nan,nan,0.0000000000,0.0000000000,0.0000000000,0.0000000000,0.0000000000,-0.1682232320,nan,nan,nan,nan,nan,nan,nan,nan,nan,nan,nan,nan,nan,nan,nan,nan,nan,nan,nan,nan,nan,0.0100433826,0.9000773430,inf,0.2100279331,inf,inf,inf,0.0200610161,0.0600380898,inf,inf,inf,inf,inf,inf,inf,1583
1779239089.0815067291,-0.1933096796,-0.0098699592,0.0919604301,0.0162947935,0.2581343737,-0.0034667709,3.5729999542,nan,nan,-0.1000000015,0.0000000000,2.1600000858,0.0000000000,nan,nan,nan,nan,nan,nan,nan,nan,nan,nan,nan,nan,0.0000000000,0.0000000000,0.0000000000,0.0000000000,0.0000000000,-0.1682232320,nan,nan,nan,nan,nan,nan,nan,nan,nan,nan,nan,nan,nan,nan,nan,nan,nan,nan,nan,nan,nan,0.0200779438,0.9101119041,inf,0.2200624943,inf,inf,inf,0.0300955772,0.0700726509,inf,inf,inf,inf,inf,inf,inf,1583
1779239089.0915372372,-0.1933096796,-0.0098699592,0.0919604301,0.0162947935,0.2581343737,-0.0034667709,3.5729999542,nan,nan,-0.1000000015,0.0000000000,2.1600000858,0.0000000000,nan,nan,nan,nan,nan,nan,nan,nan,nan,nan,nan,nan,0.0000000000,0.0000000000,0.0000000000,0.0000000000,0.0000000000,-0.1682232320,nan,nan,nan,nan,nan,nan,nan,nan,nan,nan,nan,nan,nan,nan,nan,nan,nan,nan,nan,nan,nan,0.0301084518,0.9201424122,inf,0.2300930023,inf,inf,inf,0.0401260853,0.0801031590,inf,inf,inf,inf,inf,inf,inf,1583
1779239089.1014859676,-0.1933096796,-0.0098699592,0.0919604301,0.0162947935,0.2581343737,-0.0034667709,3.5729999542,nan,nan,-0.1000000015,0.0000000000,2.1600000858,0.0000000000,nan,nan,nan,nan,nan,nan,nan,nan,nan,nan,nan,nan,0.0000000000,0.0000000000,0.0000000000,0.0000000000,0.0000000000,-0.1682232320,nan,nan,nan,nan,nan,nan,nan,nan,nan,nan,nan,nan,nan,nan,nan,nan,nan,nan,nan,nan,nan,0.0400571823,0.9300911427,inf,0.2400417328,inf,inf,inf,0.0500748158,0.0900518894,inf,inf,inf,inf,inf,inf,inf,1583
1779239089.1115548611,-0.1953550577,-0.0097473767,0.0924945995,0.0162947935,0.2581343737,-0.0034667709,3.5729999542,nan,nan,-0.1000000015,0.0000000000,2.1600000858,0.0000000000,nan,nan,nan,nan,nan,nan,nan,nan,nan,nan,nan,nan,0.0000000000,0.0000000000,0.0000000000,0.0000000000,0.0000000000,-0.1652196795,nan,nan,nan,nan,nan,nan,nan,nan,nan,nan,nan,nan,nan,nan,nan,nan,nan,nan,nan,nan,nan,0.0000634193,0.9401600361,inf,0.2501106262,inf,inf,inf,0.0601437092,0.0000214577,inf,inf,inf,inf,inf,inf,inf,1583
1779239089.1214642525,-0.1953550577,-0.0097473767,0.0924945995,0.0162947935,0.2581343737,-0.0034667709,3.5729999542,nan,nan,-0.1000000015,0.0000000000,2.1600000858,0.0000000000,nan,nan,nan,nan,nan,nan,nan,nan,nan,nan,nan,nan,0.0000000000,0.0000000000,0.0000000000,0.0000000000,0.0000000000,-0.1652196795,nan,nan,nan,nan,nan,nan,nan,nan,nan,nan,nan,nan,nan,nan,nan,nan,nan,nan,nan,nan,nan,0.0099728107,0.9500694275,inf,0.2600200176,inf,inf,inf,0.0700531006,0.0099308491,inf,inf,inf,inf,inf,inf,inf,1583
1779239089.1314752102,-0.1953550577,-0.0097473767,0.0924945995,0.0162947935,0.2581343737,-0.0034667709,3.5729999542,nan,nan,-0.1000000015,0.0000000000,2.1600000858,0.0000000000,nan,nan,nan,nan,nan,nan,nan,nan,nan,nan,nan,nan,0.0000000000,0.0000000000,0.0000000000,0.0000000000,0.0000000000,-0.1652196795,nan,nan,nan,nan,nan,nan,nan,nan,nan,nan,nan,nan,nan,nan,nan,nan,nan,nan,nan,nan,nan,0.0199837685,0.9600803852,inf,0.2700309753,inf,inf,inf,0.0800640583,0.0199418068,inf,inf,inf,inf,inf,inf,inf,1583
1779239089.1414904594,-0.1953550577,-0.0097473767,0.0924945995,0.0162947935,0.2581343737,-0.0034667709,3.5729999542,nan,nan,-0.1000000015,0.0000000000,2.1600000858,0.0000000000,nan,nan,nan,nan,nan,nan,nan,nan,nan,nan,nan,nan,0.0000000000,0.0000000000,0.0000000000,0.0000000000,0.0000000000,-0.1652196795,nan,nan,nan,nan,nan,nan,nan,nan,nan,nan,nan,nan,nan,nan,nan,nan,nan,nan,nan,nan,nan,0.0299990177,0.9700956345,inf,0.2800462246,inf,inf,inf,0.0900793076,0.0299570560,inf,inf,inf,inf,inf,inf,inf,1583
1779239089.1514899731,-0.1953550577,-0.0097473767,0.0924945995,0.0162947935,0.2581343737,-0.0034667709,3.5729999542,nan,nan,-0.1000000015,0.0000000000,2.1600000858,0.0000000000,nan,nan,nan,nan,nan,nan,nan,nan,nan,nan,nan,nan,0.0000000000,0.0000000000,0.0000000000,0.0000000000,0.0000000000,-0.1652196795,nan,nan,nan,nan,nan,nan,nan,nan,nan,nan,nan,nan,nan,nan,nan,nan,nan,nan,nan,nan,nan,0.0399985313,0.9800951481,inf,0.2900457382,inf,inf,inf,0.0000154972,0.0399565697,inf,inf,inf,inf,inf,inf,inf,1583
1779239089.1614580154,-0.1978790313,-0.0095820492,0.0931224301,0.0162947935,0.2581343737,-0.0034667709,3.5729999542,nan,nan,-0.1000000015,0.0000000000,2.1600000858,0.0000000000,nan,nan,nan,nan,nan,nan,nan,nan,nan,nan,nan,nan,0.0000000000,0.0000000000,0.0000000000,0.0000000000,0.0000000000,-0.1652196795,nan,nan,nan,nan,nan,nan,nan,nan,nan,nan,nan,nan,nan,nan,nan,nan,nan,nan,nan,nan,nan,0.0000162125,0.9900631905,inf,0.3000137806,inf,inf,inf,0.0099835396,0.0499246120,inf,inf,inf,inf,inf,inf,inf,1583
1779239089.1714773178,-0.1978790313,-0.0095820492,0.0931224301,0.0162947935,0.2581343737,-0.0034667709,3.5889999866,nan,nan,-0.1000000015,0.0000000000,2.1600000858,0.0000000000,nan,nan,nan,nan,nan,nan,nan,nan,nan,nan,nan,nan,0.0000000000,0.0000000000,0.0000000000,0.0000000000,0.0000000000,-0.1652196795,nan,nan,nan,nan,nan,nan,nan,nan,nan,nan,nan,nan,nan,nan,nan,nan,nan,nan,nan,nan,nan,0.0100355148,0.0000178814,inf,0.3100330830,inf,inf,inf,0.0200028419,0.0599439144,inf,inf,inf,inf,inf,inf,inf,1583
1779239089.1814904213,-0.1978790313,-0.0095820492,0.0931224301,0.0162947935,0.2581343737,-0.0034667709,3.5889999866,nan,nan,-0.1000000015,0.0000000000,2.1600000858,0.0000000000,nan,nan,nan,nan,nan,nan,nan,nan,nan,nan,nan,nan,0.0000000000,0.0000000000,0.0000000000,0.0000000000,0.0000000000,-0.1652196795,nan,nan,nan,nan,nan,nan,nan,nan,nan,nan,nan,nan,nan,nan,nan,nan,nan,nan,nan,nan,nan,0.0200486183,0.0100309849,inf,0.3200461864,inf,inf,inf,0.0300159454,0.0699570179,inf,inf,inf,inf,inf,inf,inf,1583
1779239089.1914825439,-0.1978790313,-0.0095820492,0.0931224301,0.0162947935,0.2581343737,-0.0034667709,3.5889999866,nan,nan,-0.1000000015,0.0000000000,2.1600000858,0.0000000000,nan,nan,nan,nan,nan,nan,nan,nan,nan,nan,nan,nan,0.0000000000,0.0000000000,0.0000000000,0.0000000000,0.0000000000,-0.1652196795,nan,nan,nan,nan,nan,nan,nan,nan,nan,nan,nan,nan,nan,nan,nan,nan,nan,nan,nan,nan,nan,0.0300407410,0.0200231075,inf,0.3300383091,inf,inf,inf,0.0400080681,0.0799491405,inf,inf,inf,inf,inf,inf,inf,1583
1779239089.2015030384,-0.1978790313,-0.0095820492,0.0931224301,0.0162947935,0.2581343737,-0.0034667709,3.5889999866,nan,nan,-0.1000000015,0.0000000000,2.1600000858,0.0000000000,nan,nan,nan,nan,nan,nan,nan,nan,nan,nan,nan,nan,0.0000000000,0.0000000000,0.0000000000,0.0000000000,0.0000000000,-0.1652196795,nan,nan,nan,nan,nan,nan,nan,nan,nan,nan,nan,nan,nan,nan,nan,nan,nan,nan,nan,nan,nan,0.0400612354,0.0300436020,inf,0.3400588036,inf,inf,inf,0.0500285625,0.0899696350,inf,inf,inf,inf,inf,inf,inf,1583
1779239089.2115087509,-0.2009231895,-0.0093634175,0.0938760564,0.0162947935,0.2581343737,-0.0034667709,3.5889999866,nan,nan,-0.1000000015,0.0000000000,2.1600000858,0.0000000000,nan,nan,nan,nan,nan,nan,nan,nan,nan,nan,nan,nan,0.0000000000,0.0000000000,0.0000000000,0.0000000000,0.0000000000,-0.1667627394,nan,nan,nan,nan,nan,nan,nan,nan,nan,nan,nan,nan,nan,nan,nan,nan,nan,nan,nan,nan,nan,0.0000495911,0.0400493145,inf,0.3500645161,inf,inf,inf,0.0600342751,0.0000164509,inf,inf,inf,inf,inf,inf,inf,1583
1779239089.2214908600,-0.2009231895,-0.0093634175,0.0938760564,0.0162947935,0.2581343737,-0.0034667709,3.5889999866,nan,nan,-0.1000000015,0.0000000000,2.1600000858,0.0000000000,nan,nan,nan,nan,nan,nan,nan,nan,nan,nan,nan,nan,0.0000000000,0.0000000000,0.0000000000,0.0000000000,0.0000000000,-0.1667627394,nan,nan,nan,nan,nan,nan,nan,nan,nan,nan,nan,nan,nan,nan,nan,nan,nan,nan,nan,nan,nan,0.0100317001,0.0500314236,inf,0.3600466251,inf,inf,inf,0.0700163841,0.0099985600,inf,inf,inf,inf,inf,inf,inf,1583
1779239089.2314839363,-0.2009231895,-0.0093634175,0.0938760564,0.0162947935,0.2581343737,-0.0034667709,3.5889999866,nan,nan,-0.1000000015,0.0000000000,2.1600000858,0.0000000000,nan,nan,nan,nan,nan,nan,nan,nan,nan,nan,nan,nan,0.0000000000,0.0000000000,0.0000000000,0.0000000000,0.0000000000,-0.1667627394,nan,nan,nan,nan,nan,nan,nan,nan,nan,nan,nan,nan,nan,nan,nan,nan,nan,nan,nan,nan,nan,0.0200247765,0.0600244999,inf,0.3700397015,inf,inf,inf,0.0800094604,0.0199916363,inf,inf,inf,inf,inf,inf,inf,1583
1779239089.2414791584,-0.2009231895,-0.0093634175,0.0938760564,0.0162947935,0.2581343737,-0.0034667709,3.5889999866,nan,nan,-0.1000000015,0.0000000000,2.1600000858,0.0000000000,nan,nan,nan,nan,nan,nan,nan,nan,nan,nan,nan,nan,0.0000000000,0.0000000000,0.0000000000,0.0000000000,0.0000000000,-0.1667627394,nan,nan,nan,nan,nan,nan,nan,nan,nan,nan,nan,nan,nan,nan,nan,nan,nan,nan,nan,nan,nan,0.0300199986,0.0700197220,inf,0.3800349236,inf,inf,inf,0.0900046825,0.0299868584,inf,inf,inf,inf,inf,inf,inf,1583
1779239089.2514872551,-0.2009231895,-0.0093634175,0.0938760564,0.0162947935,0.2581343737,-0.0034667709,3.5889999866,nan,nan,-0.1000000015,0.0000000000,2.1600000858,0.0000000000,nan,nan,nan,nan,nan,nan,nan,nan,nan,nan,nan,nan,0.0000000000,0.0000000000,0.0000000000,0.0000000000,0.0000000000,-0.1667627394,nan,nan,nan,nan,nan,nan,nan,nan,nan,nan,nan,nan,nan,nan,nan,nan,nan,nan,nan,nan,nan,0.0400280952,0.0800278187,inf,0.3900430202,inf,inf,inf,0.0000176430,0.0399949551,inf,inf,inf,inf,inf,inf,inf,1583
1779239089.2614872456,-0.2044967562,-0.0090957694,0.0947348699,0.0162947935,0.2581343737,-0.0034667709,3.5889999866,nan,nan,-0.1000000015,0.0000000000,2.1600000858,0.0000000000,nan,nan,nan,nan,nan,nan,nan,nan,nan,nan,nan,nan,0.0000000000,0.0000000000,0.0000000000,0.0000000000,0.0000000000,-0.1667627394,nan,nan,nan,nan,nan,nan,nan,nan,nan,nan,nan,nan,nan,nan,nan,nan,nan,nan,nan,nan,nan,0.0000195503,0.0900278091,inf,0.4000430107,inf,inf,inf,0.0100176334,0.0499949455,inf,inf,inf,inf,inf,inf,inf,1583
1779239089.2715015411,-0.2044967562,-0.0090957694,0.0947348699,0.0162947935,0.2581343737,-0.0034667709,3.5889999866,nan,nan,-0.1000000015,0.0000000000,2.1600000858,0.0000000000,nan,nan,nan,nan,nan,nan,nan,nan,nan,nan,nan,nan,0.0000000000,0.0000000000,0.0000000000,0.0000000000,0.0000000000,-0.1667627394,nan,nan,nan,nan,nan,nan,nan,nan,nan,nan,nan,nan,nan,nan,nan,nan,nan,nan,nan,nan,nan,0.0100338459,0.1000421047,inf,0.4100573063,inf,inf,inf,0.0200319290,0.0600092411,inf,inf,inf,inf,inf,inf,inf,1583
1779239089.2814657688,-0.2044967562,-0.0090957694,0.0947348699,0.0162947935,0.2581343737,-0.0034667709,3.5889999866,nan,nan,-0.1000000015,0.0000000000,2.1600000858,0.0000000000,nan,nan,nan,nan,nan,nan,nan,nan,nan,nan,nan,nan,0.0000000000,0.0000000000,0.0000000000,0.0000000000,0.0000000000,-0.1667627394,nan,nan,nan,nan,nan,nan,nan,nan,nan,nan,nan,nan,nan,nan,nan,nan,nan,nan,nan,nan,nan,0.0199980736,0.1100063324,inf,0.4200215340,inf,inf,inf,0.0299961567,0.0699734688,inf,inf,inf,inf,inf,inf,inf,1583
1779239089.2914924622,-0.2044967562,-0.0090957694,0.0947348699,0.0162947935,0.2581343737,-0.0034667709,3.5889999866,nan,nan,-0.1000000015,0.0000000000,2.1600000858,0.0000000000,nan,nan,nan,nan,nan,nan,nan,nan,nan,nan,nan,nan,0.0000000000,0.0000000000,0.0000000000,0.0000000000,0.0000000000,-0.1667627394,nan,nan,nan,nan,nan,nan,nan,nan,nan,nan,nan,nan,nan,nan,nan,nan,nan,nan,nan,nan,nan,0.0300247669,0.1200330257,inf,0.4300482273,inf,inf,inf,0.0400228500,0.0800001621,inf,inf,inf,inf,inf,inf,inf,1583
1779239089.3014857769,-0.2044967562,-0.0090957694,0.0947348699,0.0162947935,0.2581343737,-0.0034667709,3.5889999866,nan,nan,-0.1000000015,0.0000000000,2.1600000858,0.0000000000,nan,nan,nan,nan,nan,nan,nan,nan,nan,nan,nan,nan,0.0000000000,0.0000000000,0.0000000000,0.0000000000,0.0000000000,-0.1667627394,nan,nan,nan,nan,nan,nan,nan,nan,nan,nan,nan,nan,nan,nan,nan,nan,nan,nan,nan,nan,nan,0.0400180817,0.1300263405,inf,0.4400415421,inf,inf,inf,0.0500161648,0.0899934769,inf,inf,inf,inf,inf,inf,inf,1583
1779239089.3114902973,-0.1911955476,-0.0099160913,0.0913580358,0.0162947935,0.2581343737,-0.0034667709,3.5889999866,nan,nan,-0.1000000015,0.0000000000,2.1600000858,0.0000000000,nan,nan,nan,nan,nan,nan,nan,nan,nan,nan,nan,nan,0.0000000000,0.0000000000,0.0000000000,0.0000000000,0.0000000000,-0.1517859250,nan,nan,nan,nan,nan,nan,nan,nan,nan,nan,nan,nan,nan,nan,nan,nan,nan,nan,nan,nan,nan,0.0000457764,0.1400308609,inf,0.4500460625,inf,inf,inf,0.0600206852,0.0000143051,inf,inf,inf,inf,inf,inf,inf,1583
1779239089.3214609623,-0.1911955476,-0.0099160913,0.0913580358,0.0162947935,0.2581343737,-0.0034667709,3.5889999866,nan,nan,-0.1000000015,0.0000000000,2.1600000858,0.0000000000,nan,nan,nan,nan,nan,nan,nan,nan,nan,nan,nan,nan,0.0000000000,0.0000000000,0.0000000000,0.0000000000,0.0000000000,-0.1517859250,nan,nan,nan,nan,nan,nan,nan,nan,nan,nan,nan,nan,nan,nan,nan,nan,nan,nan,nan,nan,nan,0.0100164413,0.1500015259,inf,0.4600167274,inf,inf,inf,0.0699913502,0.0099849701,inf,inf,inf,inf,inf,inf,inf,1583
1779239089.3314628601,-0.1911955476,-0.0099160913,0.0913580358,0.0162947935,0.2581343737,-0.0034667709,3.5889999866,nan,nan,-0.1000000015,0.0000000000,2.1600000858,0.0000000000,nan,nan,nan,nan,nan,nan,nan,nan,nan,nan,nan,nan,0.0000000000,0.0000000000,0.0000000000,0.0000000000,0.0000000000,-0.1517859250,nan,nan,nan,nan,nan,nan,nan,nan,nan,nan,nan,nan,nan,nan,nan,nan,nan,nan,nan,nan,nan,0.0200183392,0.1600034237,inf,0.4700186253,inf,inf,inf,0.0799932480,0.0199868679,inf,inf,inf,inf,inf,inf,inf,1583
1779239089.3414909840,-0.1911955476,-0.0099160913,0.0913580358,0.0162947935,0.2581343737,-0.0034667709,3.5889999866,nan,nan,-0.1000000015,0.0000000000,2.1600000858,0.0000000000,nan,nan,nan,nan,nan,nan,nan,nan,nan,nan,nan,nan,0.0000000000,0.0000000000,0.0000000000,0.0000000000,0.0000000000,-0.1517859250,nan,nan,nan,nan,nan,nan,nan,nan,nan,nan,nan,nan,nan,nan,nan,nan,nan,nan,nan,nan,nan,0.0300464630,0.1700315475,inf,0.4800467491,inf,inf,inf,0.0900213718,0.0300149918,inf,inf,inf,inf,inf,inf,inf,1583
1779239089.3514087200,-0.1911955476,-0.0099160913,0.0913580358,0.0162947935,0.2581343737,-0.0034667709,3.5889999866,nan,nan,-0.1000000015,0.0000000000,2.1600000858,0.0000000000,nan,nan,nan,nan,nan,nan,nan,nan,nan,nan,nan,nan,0.0000000000,0.0000000000,0.0000000000,0.0000000000,0.0000000000,-0.1517859250,nan,nan,nan,nan,nan,nan,nan,nan,nan,nan,nan,nan,nan,nan,nan,nan,nan,nan,nan,nan,nan,0.0399641991,0.1799492836,inf,0.4899644852,inf,inf,inf,0.0000095367,0.0399327278,inf,inf,inf,inf,inf,inf,inf,1583
1779239089.3613960743,-0.1926808208,-0.0097792530,0.0917567536,0.0162947935,0.2581343737,-0.0034667709,3.5889999866,nan,nan,-0.1000000015,0.0000000000,2.1600000858,0.0000000000,nan,nan,nan,nan,nan,nan,nan,nan,nan,nan,nan,nan,0.0000000000,0.0000000000,0.0000000000,0.0000000000,0.0000000000,-0.1517859250,nan,nan,nan,nan,nan,nan,nan,nan,nan,nan,nan,nan,nan,nan,nan,nan,nan,nan,nan,nan,nan,0.0000085831,0.1899366379,inf,0.4999518394,inf,inf,inf,0.0099968910,0.0499200821,inf,inf,inf,inf,inf,inf,inf,1583
1779239089.3714349270,-0.1926808208,-0.0097792530,0.0917567536,0.0162947935,0.2581343737,-0.0034667709,3.5889999866,nan,nan,-0.1000000015,0.0000000000,2.1600000858,0.0000000000,nan,nan,nan,nan,nan,nan,nan,nan,nan,nan,nan,nan,0.0000000000,0.0000000000,0.0000000000,0.0000000000,0.0000000000,-0.1517859250,nan,nan,nan,nan,nan,nan,nan,nan,nan,nan,nan,nan,nan,nan,nan,nan,nan,nan,nan,nan,nan,0.0100474358,0.1999754906,inf,0.5099906921,inf,inf,inf,0.0200357437,0.0599589348,inf,inf,inf,inf,inf,inf,inf,1583
1779239089.3814454079,-0.1926808208,-0.0097792530,0.0917567536,0.0162947935,0.2581343737,-0.0034667709,3.5889999866,nan,nan,-0.1000000015,0.0000000000,2.1600000858,0.0000000000,nan,nan,nan,nan,nan,nan,nan,nan,nan,nan,nan,nan,0.0000000000,0.0000000000,0.0000000000,0.0000000000,0.0000000000,-0.1517859250,nan,nan,nan,nan,nan,nan,nan,nan,nan,nan,nan,nan,nan,nan,nan,nan,nan,nan,nan,nan,nan,0.0200579166,0.2099859715,inf,0.5200011730,inf,inf,inf,0.0300462246,0.0699694157,inf,inf,inf,inf,inf,inf,inf,1583
1779239089.3914380074,-0.1926808208,-0.0097792530,0.0917567536,0.0162947935,0.2581343737,-0.0034667709,3.5889999866,nan,nan,-0.1000000015,0.0000000000,2.1600000858,0.0000000000,nan,nan,nan,nan,nan,nan,nan,nan,nan,nan,nan,nan,0.0000000000,0.0000000000,0.0000000000,0.0000000000,0.0000000000,-0.1517859250,nan,nan,nan,nan,nan,nan,nan,nan,nan,nan,nan,nan,nan,nan,nan,nan,nan,nan,nan,nan,nan,0.0300505161,0.2199785709,inf,0.5299937725,inf,inf,inf,0.0400388241,0.0799620152,inf,inf,inf,inf,inf,inf,inf,1583
1779239089.4014246464,-0.1926808208,-0.0097792530,0.0917567536,0.0162947935,0.2581343737,-0.0034667709,3.5889999866,nan,nan,-0.1000000015,0.0000000000,2.1600000858,0.0000000000,nan,nan,nan,nan,nan,nan,nan,nan,nan,nan,nan,nan,0.0000000000,0.0000000000,0.0000000000,0.0000000000,0.0000000000,-0.1517859250,nan,nan,nan,nan,nan,nan,nan,nan,nan,nan,nan,nan,nan,nan,nan,nan,nan,nan,nan,nan,nan,0.0400371552,0.2299652100,inf,0.5399804115,inf,inf,inf,0.0500254631,0.0899486542,inf,inf,inf,inf,inf,inf,inf,1583
1779239089.4114122391,-0.1914475411,-0.0098761702,0.0914211795,0.0162947935,0.2581343737,-0.0034667709,3.5889999866,nan,nan,-0.1000000015,0.0000000000,2.1600000858,0.0000000000,nan,nan,nan,nan,nan,nan,nan,nan,nan,nan,nan,nan,0.0000000000,0.0000000000,0.0000000000,0.0000000000,0.0000000000,-0.1453511566,nan,nan,nan,nan,nan,nan,nan,nan,nan,nan,nan,nan,nan,nan,nan,nan,nan,nan,nan,nan,nan,0.0000236034,0.2399528027,inf,0.5499680042,inf,inf,inf,0.0600130558,0.0000069141,inf,inf,inf,inf,inf,inf,inf,1583
1779239089.4215316772,-0.1914475411,-0.0098761702,0.0914211795,0.0162947935,0.2581343737,-0.0034667709,3.5889999866,nan,nan,-0.1000000015,0.0000000000,2.1600000858,0.0000000000,nan,nan,nan,nan,nan,nan,nan,nan,nan,nan,nan,nan,0.0000000000,0.0000000000,0.0000000000,0.0000000000,0.0000000000,-0.1453511566,nan,nan,nan,nan,nan,nan,nan,nan,nan,nan,nan,nan,nan,nan,nan,nan,nan,nan,nan,nan,nan,0.0101430416,0.2500722408,inf,0.5600874424,inf,inf,inf,0.0701324940,0.0101263523,inf,inf,inf,inf,inf,inf,inf,1583
1779239089.4314610958,-0.1914475411,-0.0098761702,0.0914211795,0.0162947935,0.2581343737,-0.0034667709,3.5889999866,nan,nan,-0.1000000015,0.0000000000,2.1600000858,0.0000000000,nan,nan,nan,nan,nan,nan,nan,nan,nan,nan,nan,nan,0.0000000000,0.0000000000,0.0000000000,0.0000000000,0.0000000000,-0.1453511566,nan,nan,nan,nan,nan,nan,nan,nan,nan,nan,nan,nan,nan,nan,nan,nan,nan,nan,nan,nan,nan,0.0200724602,0.2600016594,inf,0.5700168610,inf,inf,inf,0.0800619125,0.0200557709,inf,inf,inf,inf,inf,inf,inf,1583
1779239089.4414360523,-0.1914475411,-0.0098761702,0.0914211795,0.0162947935,0.2581343737,-0.0034667709,3.5889999866,nan,nan,-0.1000000015,0.0000000000,2.1600000858,0.0000000000,nan,nan,nan,nan,nan,nan,nan,nan,nan,nan,nan,nan,0.0000000000,0.0000000000,0.0000000000,0.0000000000,0.0000000000,-0.1453511566,nan,nan,nan,nan,nan,nan,nan,nan,nan,nan,nan,nan,nan,nan,nan,nan,nan,nan,nan,nan,nan,0.0300474167,0.2699766159,inf,0.5799918175,inf,inf,inf,0.0900368690,0.0300307274,inf,inf,inf,inf,inf,inf,inf,1583
1779239089.4514222145,-0.1914475411,-0.0098761702,0.0914211795,0.0162947935,0.2581343737,-0.0034667709,3.5889999866,nan,nan,-0.1000000015,0.0000000000,2.1600000858,0.0000000000,nan,nan,nan,nan,nan,nan,nan,nan,nan,nan,nan,nan,0.0000000000,0.0000000000,0.0000000000,0.0000000000,0.0000000000,-0.1453511566,nan,nan,nan,nan,nan,nan,nan,nan,nan,nan,nan,nan,nan,nan,nan,nan,nan,nan,nan,nan,nan,0.0400335789,0.2799627781,inf,0.5899779797,inf,inf,inf,0.0000097752,0.0400168896,inf,inf,inf,inf,inf,inf,inf,1583
1779239089.4614007473,-0.1930311322,-0.0097612469,0.0918651447,0.0162947935,0.2581343737,-0.0034667709,3.5889999866,nan,nan,-0.1000000015,0.0000000000,2.1600000858,0.0000000000,nan,nan,nan,nan,nan,nan,nan,nan,nan,nan,nan,nan,0.0000000000,0.0000000000,0.0000000000,0.0000000000,0.0000000000,-0.1453511566,nan,nan,nan,nan,nan,nan,nan,nan,nan,nan,nan,nan,nan,nan,nan,nan,nan,nan,nan,nan,nan,0.0000078678,0.2899413109,inf,0.5999565125,inf,inf,inf,0.0099883080,0.0499954224,inf,inf,inf,inf,inf,inf,inf,1583
1779239089.4714348316,-0.1930311322,-0.0097612469,0.0918651447,0.0162947935,0.2581343737,-0.0034667709,3.5889999866,nan,nan,-0.1000000015,0.0000000000,2.1600000858,0.0000000000,nan,nan,nan,nan,nan,nan,nan,nan,nan,nan,nan,nan,0.0000000000,0.0000000000,0.0000000000,0.0000000000,0.0000000000,-0.1453511566,nan,nan,nan,nan,nan,nan,nan,nan,nan,nan,nan,nan,nan,nan,nan,nan,nan,nan,nan,nan,nan,0.0100419521,0.2999753952,inf,0.6099905968,inf,inf,inf,0.0200223923,0.0600295067,inf,inf,inf,inf,inf,inf,inf,1583
1779239089.4814324379,-0.1930311322,-0.0097612469,0.0918651447,0.0162947935,0.2581343737,-0.0034667709,3.5889999866,nan,nan,-0.1000000015,0.0000000000,2.1600000858,0.0000000000,nan,nan,nan,nan,nan,nan,nan,nan,nan,nan,nan,nan,0.0000000000,0.0000000000,0.0000000000,0.0000000000,0.0000000000,-0.1453511566,nan,nan,nan,nan,nan,nan,nan,nan,nan,nan,nan,nan,nan,nan,nan,nan,nan,nan,nan,nan,nan,0.0200395584,0.3099730015,inf,0.6199882030,inf,inf,inf,0.0300199986,0.0700271130,inf,inf,inf,inf,inf,inf,inf,1583
1779239089.4914870262,-0.1930311322,-0.0097612469,0.0918651447,0.0162947935,0.2581343737,-0.0034667709,3.5889999866,nan,nan,-0.1000000015,0.0000000000,2.1600000858,0.0000000000,nan,nan,nan,nan,nan,nan,nan,nan,nan,nan,nan,nan,0.0000000000,0.0000000000,0.0000000000,0.0000000000,0.0000000000,-0.1453511566,nan,nan,nan,nan,nan,nan,nan,nan,nan,nan,nan,nan,nan,nan,nan,nan,nan,nan,nan,nan,nan,0.0300941467,0.3200275898,inf,0.6300427914,inf,inf,inf,0.0400745869,0.0800817013,inf,inf,inf,inf,inf,inf,inf,1583
1779239089.5014576912,-0.1930311322,-0.0097612469,0.0918651447,0.0162947935,0.2581343737,-0.0034667709,3.5889999866,nan,nan,-0.1000000015,0.0000000000,2.1600000858,0.0000000000,nan,nan,nan,nan,nan,nan,nan,nan,nan,nan,nan,nan,0.0000000000,0.0000000000,0.0000000000,0.0000000000,0.0000000000,-0.1453511566,nan,nan,nan,nan,nan,nan,nan,nan,nan,nan,nan,nan,nan,nan,nan,nan,nan,nan,nan,nan,nan,0.0400648117,0.3299982548,inf,0.6400134563,inf,inf,inf,0.0500452518,0.0900523663,inf,inf,inf,inf,inf,inf,inf,1583
1779239089.5114431381,-0.1915281862,-0.0098840212,0.0914580971,0.0162947935,0.2581343737,-0.0034667709,3.5889999866,nan,nan,-0.1000000015,0.0000000000,2.1600000858,0.0000000000,nan,nan,nan,nan,nan,nan,nan,nan,nan,nan,nan,nan,0.0000000000,0.0000000000,0.0000000000,0.0000000000,0.0000000000,-0.1438915282,nan,nan,nan,nan,nan,nan,nan,nan,nan,nan,nan,nan,nan,nan,nan,nan,nan,nan,nan,nan,nan,0.0000336170,0.3399837017,inf,0.6499989033,inf,inf,inf,0.0600306988,0.0000083447,inf,inf,inf,inf,inf,inf,inf,1583
1779239089.5214493275,-0.1915281862,-0.0098840212,0.0914580971,0.0162947935,0.2581343737,-0.0034667709,3.5889999866,nan,nan,-0.1000000015,0.0000000000,2.1600000858,0.0000000000,nan,nan,nan,nan,nan,nan,nan,nan,nan,nan,nan,nan,0.0000000000,0.0000000000,0.0000000000,0.0000000000,0.0000000000,-0.1438915282,nan,nan,nan,nan,nan,nan,nan,nan,nan,nan,nan,nan,nan,nan,nan,nan,nan,nan,nan,nan,nan,0.0100398064,0.3499898911,inf,0.6600050926,inf,inf,inf,0.0700368881,0.0100145340,inf,inf,inf,inf,inf,inf,inf,1583
1779239089.5314350128,-0.1915281862,-0.0098840212,0.0914580971,0.0162947935,0.2581343737,-0.0034667709,3.5889999866,nan,nan,-0.1000000015,0.0000000000,2.1600000858,0.0000000000,nan,nan,nan,nan,nan,nan,nan,nan,nan,nan,nan,nan,0.0000000000,0.0000000000,0.0000000000,0.0000000000,0.0000000000,-0.1438915282,nan,nan,nan,nan,nan,nan,nan,nan,nan,nan,nan,nan,nan,nan,nan,nan,nan,nan,nan,nan,nan,0.0200254917,0.3599755764,inf,0.6699907780,inf,inf,inf,0.0800225735,0.0200002193,inf,inf,inf,inf,inf,inf,inf,1583
1779239089.5414526463,-0.1915281862,-0.0098840212,0.0914580971,0.0162947935,0.2581343737,-0.0034667709,3.5889999866,nan,nan,-0.1000000015,0.0000000000,2.1600000858,0.0000000000,nan,nan,nan,nan,nan,nan,nan,nan,nan,nan,nan,nan,0.0000000000,0.0000000000,0.0000000000,0.0000000000,0.0000000000,-0.1438915282,nan,nan,nan,nan,nan,nan,nan,nan,nan,nan,nan,nan,nan,nan,nan,nan,nan,nan,nan,nan,nan,0.0300431252,0.3699932098,inf,0.6800084114,inf,inf,inf,0.0900402069,0.0300178528,inf,inf,inf,inf,inf,inf,inf,1583
1779239089.5514299870,-0.1915281862,-0.0098840212,0.0914580971,0.0162947935,0.2581343737,-0.0034667709,3.5889999866,nan,nan,-0.1000000015,0.0000000000,2.1600000858,0.0000000000,nan,nan,nan,nan,nan,nan,nan,nan,nan,nan,nan,nan,0.0000000000,0.0000000000,0.0000000000,0.0000000000,0.0000000000,-0.1438915282,nan,nan,nan,nan,nan,nan,nan,nan,nan,nan,nan,nan,nan,nan,nan,nan,nan,nan,nan,nan,nan,0.0400204659,0.3799705505,inf,0.6899857521,inf,inf,inf,0.0000116825,0.0399951935,inf,inf,inf,inf,inf,inf,inf,1583
1779239089.5614333153,-0.1930867285,-0.0097717866,0.0919172093,0.0162947935,0.2581343737,-0.0034667709,3.5889999866,nan,nan,-0.1000000015,0.0000000000,2.1600000858,0.0000000000,nan,nan,nan,nan,nan,nan,nan,nan,nan,nan,nan,nan,0.0000000000,0.0000000000,0.0000000000,0.0000000000,0.0000000000,-0.1438915282,nan,nan,nan,nan,nan,nan,nan,nan,nan,nan,nan,nan,nan,nan,nan,nan,nan,nan,nan,nan,nan,0.0000112057,0.3899738789,inf,0.6999890804,inf,inf,inf,0.0100150108,0.0499985218,inf,inf,inf,inf,inf,inf,inf,1583
1779239089.5714294910,-0.1930867285,-0.0097717866,0.0919172093,0.0162947935,0.2581343737,-0.0034667709,3.5889999866,nan,nan,-0.1000000015,0.0000000000,2.1600000858,0.0000000000,nan,nan,nan,nan,nan,nan,nan,nan,nan,nan,nan,nan,0.0000000000,0.0000000000,0.0000000000,0.0000000000,0.0000000000,-0.1438915282,nan,nan,nan,nan,nan,nan,nan,nan,nan,nan,nan,nan,nan,nan,nan,nan,nan,nan,nan,nan,nan,0.0100073814,0.3999700546,inf,0.7099852562,inf,inf,inf,0.0200111866,0.0599946976,inf,inf,inf,inf,inf,inf,inf,1583
1779239089.5814750195,-0.1930867285,-0.0097717866,0.0919172093,0.0162947935,0.2581343737,-0.0034667709,3.5889999866,nan,nan,-0.1000000015,0.0000000000,2.1600000858,0.0000000000,nan,nan,nan,nan,nan,nan,nan,nan,nan,nan,nan,nan,0.0000000000,0.0000000000,0.0000000000,0.0000000000,0.0000000000,-0.1438915282,nan,nan,nan,nan,nan,nan,nan,nan,nan,nan,nan,nan,nan,nan,nan,nan,nan,nan,nan,nan,nan,0.0200529099,0.4100155830,inf,0.7200307846,inf,inf,inf,0.0300567150,0.0700402260,inf,inf,inf,inf,inf,inf,inf,1583
1779239089.5914378166,-0.1930867285,-0.0097717866,0.0919172093,0.0162947935,0.2581343737,-0.0034667709,3.5889999866,nan,nan,-0.1000000015,0.0000000000,2.1600000858,0.0000000000,nan,nan,nan,nan,nan,nan,nan,nan,nan,nan,nan,nan,0.0000000000,0.0000000000,0.0000000000,0.0000000000,0.0000000000,-0.1438915282,nan,nan,nan,nan,nan,nan,nan,nan,nan,nan,nan,nan,nan,nan,nan,nan,nan,nan,nan,nan,nan,0.0300157070,0.4199783802,inf,0.7299935818,inf,inf,inf,0.0400195122,0.0800030231,inf,inf,inf,inf,inf,inf,inf,1583
1779239089.6014554501,-0.1930867285,-0.0097717866,0.0919172093,0.0162947935,0.2581343737,-0.0034667709,3.5889999866,nan,nan,-0.1000000015,0.0000000000,2.1600000858,0.0000000000,nan,nan,nan,nan,nan,nan,nan,nan,nan,nan,nan,nan,0.0000000000,0.0000000000,0.0000000000,0.0000000000,0.0000000000,-0.1438915282,nan,nan,nan,nan,nan,nan,nan,nan,nan,nan,nan,nan,nan,nan,nan,nan,nan,nan,nan,nan,nan,0.0400333405,0.4299960136,inf,0.7400112152,inf,inf,inf,0.0500371456,0.0900206566,inf,inf,inf,inf,inf,inf,inf,1583
1779239089.6114645004,-0.1951042116,-0.0096350694,0.0924740955,0.0162947935,0.2581343737,-0.0034667709,3.5889999866,nan,nan,-0.1000000015,0.0000000000,2.1600000858,0.0000000000,nan,nan,nan,nan,nan,nan,nan,nan,nan,nan,nan,nan,0.0000000000,0.0000000000,0.0000000000,0.0000000000,0.0000000000,-0.1358663887,nan,nan,nan,nan,nan,nan,nan,nan,nan,nan,nan,nan,nan,nan,nan,nan,nan,nan,nan,nan,nan,0.0000352859,0.4400050640,inf,0.7500202656,inf,inf,inf,0.0600461960,0.0000116825,inf,inf,inf,inf,inf,inf,inf,1583
1779239089.6214554310,-0.1951042116,-0.0096350694,0.0924740955,0.0162947935,0.2581343737,-0.0034667709,3.5889999866,nan,nan,-0.1000000015,0.0000000000,2.1600000858,0.0000000000,nan,nan,nan,nan,nan,nan,nan,nan,nan,nan,nan,nan,0.0000000000,0.0000000000,0.0000000000,0.0000000000,0.0000000000,-0.1358663887,nan,nan,nan,nan,nan,nan,nan,nan,nan,nan,nan,nan,nan,nan,nan,nan,nan,nan,nan,nan,nan,0.0100262165,0.4499959946,inf,0.7600111961,inf,inf,inf,0.0700371265,0.0100026131,inf,inf,inf,inf,inf,inf,inf,1583
1779239089.6314687729,-0.1951042116,-0.0096350694,0.0924740955,0.0162947935,0.2581343737,-0.0034667709,3.5889999866,nan,nan,-0.1000000015,0.0000000000,2.1600000858,0.0000000000,nan,nan,nan,nan,nan,nan,nan,nan,nan,nan,nan,nan,0.0000000000,0.0000000000,0.0000000000,0.0000000000,0.0000000000,-0.1358663887,nan,nan,nan,nan,nan,nan,nan,nan,nan,nan,nan,nan,nan,nan,nan,nan,nan,nan,nan,nan,nan,0.0200395584,0.4600093365,inf,0.7700245380,inf,inf,inf,0.0800504684,0.0200159550,inf,inf,inf,inf,inf,inf,inf,1583
1779239089.6414291859,-0.1951042116,-0.0096350694,0.0924740955,0.0162947935,0.2581343737,-0.0034667709,3.5889999866,nan,nan,-0.1000000015,0.0000000000,2.1600000858,0.0000000000,nan,nan,nan,nan,nan,nan,nan,nan,nan,nan,nan,nan,0.0000000000,0.0000000000,0.0000000000,0.0000000000,0.0000000000,-0.1358663887,nan,nan,nan,nan,nan,nan,nan,nan,nan,nan,nan,nan,nan,nan,nan,nan,nan,nan,nan,nan,nan,0.0299999714,0.4699697495,inf,0.7799849510,inf,inf,inf,0.0900108814,0.0299763680,inf,inf,inf,inf,inf,inf,inf,1583
1779239089.6514742374,-0.1951042116,-0.0096350694,0.0924740955,0.0162947935,0.2581343737,-0.0034667709,3.5889999866,nan,nan,-0.1000000015,0.0000000000,2.1600000858,0.0000000000,nan,nan,nan,nan,nan,nan,nan,nan,nan,nan,nan,nan,0.0000000000,0.0000000000,0.0000000000,0.0000000000,0.0000000000,-0.1358663887,nan,nan,nan,nan,nan,nan,nan,nan,nan,nan,nan,nan,nan,nan,nan,nan,nan,nan,nan,nan,nan,0.0400450230,0.4800148010,inf,0.7900300026,inf,inf,inf,0.0000131130,0.0400214195,inf,inf,inf,inf,inf,inf,inf,1583
1779239089.6614375114,-0.1927045137,-0.0098150680,0.0917868763,0.0162947935,0.2581343737,-0.0034667709,3.5889999866,nan,nan,-0.1000000015,0.0000000000,2.1600000858,0.0000000000,nan,nan,nan,nan,nan,nan,nan,nan,nan,nan,nan,nan,0.0000000000,0.0000000000,0.0000000000,0.0000000000,0.0000000000,-0.1358663887,nan,nan,nan,nan,nan,nan,nan,nan,nan,nan,nan,nan,nan,nan,nan,nan,nan,nan,nan,nan,nan,0.0000107288,0.4899780750,inf,0.7999932766,inf,inf,inf,0.0099763870,0.0499846935,inf,inf,inf,inf,inf,inf,inf,1583
1779239089.6714508533,-0.1927045137,-0.0098150680,0.0917868763,0.0162947935,0.2581343737,-0.0034667709,3.5889999866,nan,nan,-0.1000000015,0.0000000000,2.1600000858,0.0000000000,nan,nan,nan,nan,nan,nan,nan,nan,nan,nan,nan,nan,0.0000000000,0.0000000000,0.0000000000,0.0000000000,0.0000000000,-0.1358663887,nan,nan,nan,nan,nan,nan,nan,nan,nan,nan,nan,nan,nan,nan,nan,nan,nan,nan,nan,nan,nan,0.0100240707,0.4999914169,inf,0.8100066185,inf,inf,inf,0.0199897289,0.0599980354,inf,inf,inf,inf,inf,inf,inf,1583
1779239089.6814544201,-0.1927045137,-0.0098150680,0.0917868763,0.0162947935,0.2581343737,-0.0034667709,3.5889999866,nan,nan,-0.1000000015,0.0000000000,2.1600000858,0.0000000000,nan,nan,nan,nan,nan,nan,nan,nan,nan,nan,nan,nan,0.0000000000,0.0000000000,0.0000000000,0.0000000000,0.0000000000,-0.1358663887,nan,nan,nan,nan,nan,nan,nan,nan,nan,nan,nan,nan,nan,nan,nan,nan,nan,nan,nan,nan,nan,0.0200276375,0.5099949837,inf,0.8200101852,inf,inf,inf,0.0299932957,0.0700016022,inf,inf,inf,inf,inf,inf,inf,1583
1779239089.6914324760,-0.1927045137,-0.0098150680,0.0917868763,0.0162947935,0.2581343737,-0.0034667709,3.5889999866,nan,nan,-0.1000000015,0.0000000000,2.1600000858,0.0000000000,nan,nan,nan,nan,nan,nan,nan,nan,nan,nan,nan,nan,0.0000000000,0.0000000000,0.0000000000,0.0000000000,0.0000000000,-0.1358663887,nan,nan,nan,nan,nan,nan,nan,nan,nan,nan,nan,nan,nan,nan,nan,nan,nan,nan,nan,nan,nan,0.0300056934,0.5199730396,inf,0.8299882412,inf,inf,inf,0.0399713516,0.0799796581,inf,inf,inf,inf,inf,inf,inf,1583
1779239089.7014524937,-0.1927045137,-0.0098150680,0.0917868763,0.0162947935,0.2581343737,-0.0034667709,3.5889999866,nan,nan,-0.1000000015,0.0000000000,2.1600000858,0.0000000000,nan,nan,nan,nan,nan,nan,nan,nan,nan,nan,nan,nan,0.0000000000,0.0000000000,0.0000000000,0.0000000000,0.0000000000,-0.1358663887,nan,nan,nan,nan,nan,nan,nan,nan,nan,nan,nan,nan,nan,nan,nan,nan,nan,nan,nan,nan,nan,0.0400257111,0.5299930573,inf,0.8400082588,inf,inf,inf,0.0499913692,0.0899996758,inf,inf,inf,inf,inf,inf,inf,1583
1779239089.7115361691,-0.1945462078,-0.0097155655,0.0922616422,0.0162947935,0.2581343737,-0.0034667709,3.5889999866,nan,nan,-0.1000000015,0.0000000000,2.1600000858,0.0000000000,nan,nan,nan,nan,nan,nan,nan,nan,nan,nan,nan,nan,0.0000000000,0.0000000000,0.0000000000,0.0000000000,0.0000000000,-0.1337638497,nan,nan,nan,nan,nan,nan,nan,nan,nan,nan,nan,nan,nan,nan,nan,nan,nan,nan,nan,nan,nan,0.0000541210,0.5400767326,inf,0.8500919342,inf,inf,inf,0.0600750446,0.0000164509,inf,inf,inf,inf,inf,inf,inf,1583
1779239089.7214787006,-0.1945462078,-0.0097155655,0.0922616422,0.0162947935,0.2581343737,-0.0034667709,3.5889999866,nan,nan,-0.1000000015,0.0000000000,2.1600000858,0.0000000000,nan,nan,nan,nan,nan,nan,nan,nan,nan,nan,nan,nan,0.0000000000,0.0000000000,0.0000000000,0.0000000000,0.0000000000,-0.1337638497,nan,nan,nan,nan,nan,nan,nan,nan,nan,nan,nan,nan,nan,nan,nan,nan,nan,nan,nan,nan,nan,0.0099966526,0.5500192642,inf,0.8600344658,inf,inf,inf,0.0700175762,0.0099589825,inf,inf,inf,inf,inf,inf,inf,1583
1779239089.7314789295,-0.1945462078,-0.0097155655,0.0922616422,0.0162947935,0.2581343737,-0.0034667709,3.5889999866,nan,nan,-0.1000000015,0.0000000000,2.1600000858,0.0000000000,nan,nan,nan,nan,nan,nan,nan,nan,nan,nan,nan,nan,0.0000000000,0.0000000000,0.0000000000,0.0000000000,0.0000000000,-0.1337638497,nan,nan,nan,nan,nan,nan,nan,nan,nan,nan,nan,nan,nan,nan,nan,nan,nan,nan,nan,nan,nan,0.0199968815,0.5600194931,inf,0.8700346947,inf,inf,inf,0.0800178051,0.0199592113,inf,inf,inf,inf,inf,inf,inf,1583
1779239089.7415003777,-0.1945462078,-0.0097155655,0.0922616422,0.0162947935,0.2581343737,-0.0034667709,3.5889999866,nan,nan,-0.1000000015,0.0000000000,2.1600000858,0.0000000000,nan,nan,nan,nan,nan,nan,nan,nan,nan,nan,nan,nan,0.0000000000,0.0000000000,0.0000000000,0.0000000000,0.0000000000,-0.1337638497,nan,nan,nan,nan,nan,nan,nan,nan,nan,nan,nan,nan,nan,nan,nan,nan,nan,nan,nan,nan,nan,0.0300183296,0.5700409412,inf,0.8800561428,inf,inf,inf,0.0900392532,0.0299806595,inf,inf,inf,inf,inf,inf,inf,1583
1779239089.7514970303,-0.1945462078,-0.0097155655,0.0922616422,0.0162947935,0.2581343737,-0.0034667709,3.5889999866,nan,nan,-0.1000000015,0.0000000000,2.1600000858,0.0000000000,nan,nan,nan,nan,nan,nan,nan,nan,nan,nan,nan,nan,0.0000000000,0.0000000000,0.0000000000,0.0000000000,0.0000000000,-0.1337638497,nan,nan,nan,nan,nan,nan,nan,nan,nan,nan,nan,nan,nan,nan,nan,nan,nan,nan,nan,nan,nan,0.0400149822,0.5800375938,inf,0.8900527954,inf,inf,inf,0.0000188351,0.0399773121,inf,inf,inf,inf,inf,inf,inf,1583
1779239089.7614963055,-0.1968404502,-0.0095961625,0.0928064361,0.0162947935,0.2581343737,-0.0034667709,3.5889999866,nan,nan,-0.1000000015,0.0000000000,2.1600000858,0.0000000000,nan,nan,nan,nan,nan,nan,nan,nan,nan,nan,nan,nan,0.0000000000,0.0000000000,0.0000000000,0.0000000000,0.0000000000,-0.1337638497,nan,nan,nan,nan,nan,nan,nan,nan,nan,nan,nan,nan,nan,nan,nan,nan,nan,nan,nan,nan,nan,0.0000188351,0.5900368690,inf,0.9000520706,inf,inf,inf,0.0100181103,0.0499765873,inf,inf,inf,inf,inf,inf,inf,1583
1779239089.7714915276,-0.1968404502,-0.0095961625,0.0928064361,0.0162947935,0.2581343737,-0.0034667709,3.5889999866,nan,nan,-0.1000000015,0.0000000000,2.1600000858,0.0000000000,nan,nan,nan,nan,nan,nan,nan,nan,nan,nan,nan,nan,0.0000000000,0.0000000000,0.0000000000,0.0000000000,0.0000000000,-0.1337638497,nan,nan,nan,nan,nan,nan,nan,nan,nan,nan,nan,nan,nan,nan,nan,nan,nan,nan,nan,nan,nan,0.0100140572,0.6000320911,inf,0.9100472927,inf,inf,inf,0.0200133324,0.0599718094,inf,inf,inf,inf,inf,inf,inf,1583
1779239089.7815053463,-0.1968404502,-0.0095961625,0.0928064361,0.0162947935,0.2581343737,-0.0034667709,3.5889999866,nan,nan,-0.1000000015,0.0000000000,2.1600000858,0.0000000000,nan,nan,nan,nan,nan,nan,nan,nan,nan,nan,nan,nan,0.0000000000,0.0000000000,0.0000000000,0.0000000000,0.0000000000,-0.1337638497,nan,nan,nan,nan,nan,nan,nan,nan,nan,nan,nan,nan,nan,nan,nan,nan,nan,nan,nan,nan,nan,0.0200278759,0.6100459099,inf,0.9200611115,inf,inf,inf,0.0300271511,0.0699856281,inf,inf,inf,inf,inf,inf,inf,1583
1779239089.7915353775,-0.1968404502,-0.0095961625,0.0928064361,0.0162947935,0.2581343737,-0.0034667709,3.5889999866,nan,nan,-0.1000000015,0.0000000000,2.1600000858,0.0000000000,nan,nan,nan,nan,nan,nan,nan,nan,nan,nan,nan,nan,0.0000000000,0.0000000000,0.0000000000,0.0000000000,0.0000000000,-0.1337638497,nan,nan,nan,nan,nan,nan,nan,nan,nan,nan,nan,nan,nan,nan,nan,nan,nan,nan,nan,nan,nan,0.0300579071,0.6200759411,inf,0.9300911427,inf,inf,inf,0.0400571823,0.0800156593,inf,inf,inf,inf,inf,inf,inf,1583
1779239089.8014922142,-0.1968404502,-0.0095961625,0.0928064361,0.0162947935,0.2581343737,-0.0034667709,3.5889999866,nan,nan,-0.1000000015,0.0000000000,2.1600000858,0.0000000000,nan,nan,nan,nan,nan,nan,nan,nan,nan,nan,nan,nan,0.0000000000,0.0000000000,0.0000000000,0.0000000000,0.0000000000,-0.1337638497,nan,nan,nan,nan,nan,nan,nan,nan,nan,nan,nan,nan,nan,nan,nan,nan,nan,nan,nan,nan,nan,0.0400147438,0.6300327778,inf,0.9400479794,inf,inf,inf,0.0500140190,0.0899724960,inf,inf,inf,inf,inf,inf,inf,1583
1779239089.8115198612,-0.1996380538,-0.0094405729,0.0934453011,0.0191334791,0.2581389608,-0.0030983394,3.5889999866,nan,nan,-0.1000000015,0.0000000000,2.1600000858,0.0000000000,nan,nan,nan,nan,nan,nan,nan,nan,nan,nan,nan,nan,0.0000000000,0.0000000000,0.0000000000,0.0000000000,0.0000000000,-0.1350500882,nan,nan,nan,nan,nan,nan,nan,nan,nan,nan,nan,nan,nan,nan,nan,nan,nan,nan,nan,nan,nan,0.0000481606,0.6400604248,inf,0.9500756264,inf,inf,inf,0.0600416660,0.0000162125,inf,inf,inf,inf,inf,inf,inf,1583
1779239089.8214840889,-0.1996380538,-0.0094405729,0.0934453011,0.0191334791,0.2581389608,-0.0030983394,3.5889999866,nan,nan,-0.1000000015,0.0000000000,2.1600000858,0.0000000000,nan,nan,nan,nan,nan,nan,nan,nan,nan,nan,nan,nan,0.0000000000,0.0000000000,0.0000000000,0.0000000000,0.0000000000,-0.1350500882,nan,nan,nan,nan,nan,nan,nan,nan,nan,nan,nan,nan,nan,nan,nan,nan,nan,nan,nan,nan,nan,0.0100123882,0.6500246525,inf,0.9600398540,inf,inf,inf,0.0700058937,0.0099804401,inf,inf,inf,inf,inf,inf,inf,1583
1779239089.8314783573,-0.1996380538,-0.0094405729,0.0934453011,0.0191334791,0.2581389608,-0.0030983394,3.5889999866,nan,nan,-0.1000000015,0.0000000000,2.1600000858,0.0000000000,nan,nan,nan,nan,nan,nan,nan,nan,nan,nan,nan,nan,0.0000000000,0.0000000000,0.0000000000,0.0000000000,0.0000000000,-0.1350500882,nan,nan,nan,nan,nan,nan,nan,nan,nan,nan,nan,nan,nan,nan,nan,nan,nan,nan,nan,nan,nan,0.0200066566,0.6600189209,inf,0.9700341225,inf,inf,inf,0.0800001621,0.0199747086,inf,inf,inf,inf,inf,inf,inf,1583
1779239089.8415389061,-0.1996380538,-0.0094405729,0.0934453011,0.0191334791,0.2581389608,-0.0030983394,3.5889999866,nan,nan,-0.1000000015,0.0000000000,2.1600000858,0.0000000000,nan,nan,nan,nan,nan,nan,nan,nan,nan,nan,nan,nan,0.0000000000,0.0000000000,0.0000000000,0.0000000000,0.0000000000,-0.1350500882,nan,nan,nan,nan,nan,nan,nan,nan,nan,nan,nan,nan,nan,nan,nan,nan,nan,nan,nan,nan,nan,0.0300672054,0.6700794697,inf,0.9800946712,inf,inf,inf,0.0900607109,0.0300352573,inf,inf,inf,inf,inf,inf,inf,1583
1779239089.8515033722,-0.1996380538,-0.0094405729,0.0934453011,0.0191334791,0.2581389608,-0.0030983394,3.5889999866,nan,nan,-0.1000000015,0.0000000000,2.1600000858,0.0000000000,nan,nan,nan,nan,nan,nan,nan,nan,nan,nan,nan,nan,0.0000000000,0.0000000000,0.0000000000,0.0000000000,0.0000000000,-0.1350500882,nan,nan,nan,nan,nan,nan,nan,nan,nan,nan,nan,nan,nan,nan,nan,nan,nan,nan,nan,nan,nan,0.0400316715,0.6800439358,inf,0.9900591373,inf,inf,inf,0.0000209808,0.0399997234,inf,inf,inf,inf,inf,inf,inf,1583
1779239089.8614957333,-0.2029825598,-0.0092650764,0.0941824093,0.0162947935,0.2581343737,-0.0034667709,3.5889999866,nan,nan,-0.1000000015,0.0000000000,2.1600000858,0.0000000000,nan,nan,nan,nan,nan,nan,nan,nan,nan,nan,nan,nan,0.0000000000,0.0000000000,0.0000000000,0.0000000000,0.0000000000,-0.1350500882,nan,nan,nan,nan,nan,nan,nan,nan,nan,nan,nan,nan,nan,nan,nan,nan,nan,nan,nan,nan,nan,0.0000188351,0.6900362968,inf,1.0000514984,inf,inf,inf,0.0100133419,0.0499920845,inf,inf,inf,inf,inf,inf,inf,1583
1779239089.8715229034,-0.2029825598,-0.0092650764,0.0941824093,0.0162947935,0.2581343737,-0.0034667709,3.5889999866,nan,nan,-0.1000000015,0.0000000000,2.1600000858,0.0000000000,nan,nan,nan,nan,nan,nan,nan,nan,nan,nan,nan,nan,0.0000000000,0.0000000000,0.0000000000,0.0000000000,0.0000000000,-0.1350500882,nan,nan,nan,nan,nan,nan,nan,nan,nan,nan,nan,nan,nan,nan,nan,nan,nan,nan,nan,nan,nan,0.0100460052,0.7000634670,inf,1.0100786686,inf,inf,inf,0.0200405121,0.0600192547,inf,inf,inf,inf,inf,inf,inf,1583
1779239089.8814680576,-0.2029825598,-0.0092650764,0.0941824093,0.0162947935,0.2581343737,-0.0034667709,3.5889999866,nan,nan,-0.1000000015,0.0000000000,2.1600000858,0.0000000000,nan,nan,nan,nan,nan,nan,nan,nan,nan,nan,nan,nan,0.0000000000,0.0000000000,0.0000000000,0.0000000000,0.0000000000,-0.1350500882,nan,nan,nan,nan,nan,nan,nan,nan,nan,nan,nan,nan,nan,nan,nan,nan,nan,nan,nan,nan,nan,0.0199911594,0.7100086212,inf,1.0200238228,inf,inf,inf,0.0299856663,0.0699644089,inf,inf,inf,inf,inf,inf,inf,1583
1779239089.8914740086,-0.2029825598,-0.0092650764,0.0941824093,0.0162947935,0.2581343737,-0.0034667709,3.5889999866,nan,nan,-0.1000000015,0.0000000000,2.1600000858,0.0000000000,nan,nan,nan,nan,nan,nan,nan,nan,nan,nan,nan,nan,0.0000000000,0.0000000000,0.0000000000,0.0000000000,0.0000000000,-0.1350500882,nan,nan,nan,nan,nan,nan,nan,nan,nan,nan,nan,nan,nan,nan,nan,nan,nan,nan,nan,nan,nan,0.0299971104,0.7200145721,inf,1.0300297737,inf,inf,inf,0.0399916172,0.0799703598,inf,inf,inf,inf,inf,inf,inf,1583
1779239089.9016151428,-0.2029825598,-0.0092650764,0.0941824093,0.0162947935,0.2581343737,-0.0034667709,3.5889999866,nan,nan,-0.1000000015,0.0000000000,2.1600000858,0.0000000000,nan,nan,nan,nan,nan,nan,nan,nan,nan,nan,nan,nan,0.0000000000,0.0000000000,0.0000000000,0.0000000000,0.0000000000,-0.1350500882,nan,nan,nan,nan,nan,nan,nan,nan,nan,nan,nan,nan,nan,nan,nan,nan,nan,nan,nan,nan,nan,0.0401382446,0.7301557064,inf,1.0401709080,inf,inf,inf,0.0501327515,0.0901114941,inf,inf,inf,inf,inf,inf,inf,1583
1779239089.9115786552,-0.2069039494,-0.0090883290,0.0950190872,0.0162947935,0.2581343737,-0.0034667709,3.5889999866,nan,nan,-0.1000000015,0.0000000000,2.1600000858,0.0000000000,nan,nan,nan,nan,nan,nan,nan,nan,nan,nan,nan,nan,0.0000000000,0.0000000000,0.0000000000,0.0000000000,0.0000000000,-0.1321740150,nan,nan,nan,nan,nan,nan,nan,nan,nan,nan,nan,nan,nan,nan,nan,nan,nan,nan,nan,nan,nan,0.0000684261,0.7401192188,inf,1.0501344204,inf,inf,inf,0.0600962639,0.0000224113,inf,inf,inf,inf,inf,inf,inf,1583
1779239089.9215342999,-0.2069039494,-0.0090883290,0.0950190872,0.0162947935,0.2581343737,-0.0034667709,3.5889999866,nan,nan,-0.1000000015,0.0000000000,2.1600000858,0.0000000000,nan,nan,nan,nan,nan,nan,nan,nan,nan,nan,nan,nan,0.0000000000,0.0000000000,0.0000000000,0.0000000000,0.0000000000,-0.1321740150,nan,nan,nan,nan,nan,nan,nan,nan,nan,nan,nan,nan,nan,nan,nan,nan,nan,nan,nan,nan,nan,0.0100240707,0.7500748634,inf,1.0600900650,inf,inf,inf,0.0700519085,0.0099780560,inf,inf,inf,inf,inf,inf,inf,1583
1779239089.9315555096,-0.2069039494,-0.0090883290,0.0950190872,0.0162947935,0.2581343737,-0.0034667709,3.5889999866,nan,nan,-0.1000000015,0.0000000000,2.1600000858,0.0000000000,nan,nan,nan,nan,nan,nan,nan,nan,nan,nan,nan,nan,0.0000000000,0.0000000000,0.0000000000,0.0000000000,0.0000000000,-0.1321740150,nan,nan,nan,nan,nan,nan,nan,nan,nan,nan,nan,nan,nan,nan,nan,nan,nan,nan,nan,nan,nan,0.0200452805,0.7600960732,inf,1.0701112747,inf,inf,inf,0.0800731182,0.0199992657,inf,inf,inf,inf,inf,inf,inf,1583
1779239089.9415593147,-0.2069039494,-0.0090883290,0.0950190872,0.0162947935,0.2581343737,-0.0034667709,3.5889999866,nan,nan,-0.1000000015,0.0000000000,2.1600000858,0.0000000000,nan,nan,nan,nan,nan,nan,nan,nan,nan,nan,nan,nan,0.0000000000,0.0000000000,0.0000000000,0.0000000000,0.0000000000,-0.1321740150,nan,nan,nan,nan,nan,nan,nan,nan,nan,nan,nan,nan,nan,nan,nan,nan,nan,nan,nan,nan,nan,0.0300490856,0.7700998783,inf,1.0801150799,inf,inf,inf,0.0900769234,0.0300030708,inf,inf,inf,inf,inf,inf,inf,1583
1779239089.9515550137,-0.2069039494,-0.0090883290,0.0950190872,0.0162947935,0.2581343737,-0.0034667709,3.5889999866,nan,nan,-0.1000000015,0.0000000000,2.1600000858,0.0000000000,nan,nan,nan,nan,nan,nan,nan,nan,nan,nan,nan,nan,0.0000000000,0.0000000000,0.0000000000,0.0000000000,0.0000000000,-0.1321740150,nan,nan,nan,nan,nan,nan,nan,nan,nan,nan,nan,nan,nan,nan,nan,nan,nan,nan,nan,nan,nan,0.0400447845,0.7800955772,inf,1.0901107788,inf,inf,inf,0.0000267029,0.0399987698,inf,inf,inf,inf,inf,inf,inf,1583
1779239089.9615209103,-0.2114199400,-0.0088857077,0.0959336907,0.0191334791,0.2581389608,-0.0030983394,3.5889999866,nan,nan,-0.1000000015,0.0000000000,2.1600000858,0.0000000000,nan,nan,nan,nan,nan,nan,nan,nan,nan,nan,nan,nan,0.0000000000,0.0000000000,0.0000000000,0.0000000000,0.0000000000,-0.1321740150,nan,nan,nan,nan,nan,nan,nan,nan,nan,nan,nan,nan,nan,nan,nan,nan,nan,nan,nan,nan,nan,0.0000231266,0.7900614738,inf,1.1000766754,inf,inf,inf,0.0099925995,0.0499646664,inf,inf,inf,inf,inf,inf,inf,1583
1779239089.9715449810,-0.2114199400,-0.0088857077,0.0959336907,0.0191334791,0.2581389608,-0.0030983394,3.5889999866,nan,nan,-0.1000000015,0.0000000000,2.1600000858,0.0000000000,nan,nan,nan,nan,nan,nan,nan,nan,nan,nan,nan,nan,0.0000000000,0.0000000000,0.0000000000,0.0000000000,0.0000000000,-0.1321740150,nan,nan,nan,nan,nan,nan,nan,nan,nan,nan,nan,nan,nan,nan,nan,nan,nan,nan,nan,nan,nan,0.0100471973,0.8000855446,inf,1.1101007462,inf,inf,inf,0.0200166702,0.0599887371,inf,inf,inf,inf,inf,inf,inf,1583
1779239089.9815278053,-0.2114199400,-0.0088857077,0.0959336907,0.0191334791,0.2581389608,-0.0030983394,3.5889999866,nan,nan,-0.1000000015,0.0000000000,2.1600000858,0.0000000000,nan,nan,nan,nan,nan,nan,nan,nan,nan,nan,nan,nan,0.0000000000,0.0000000000,0.0000000000,0.0000000000,0.0000000000,-0.1321740150,nan,nan,nan,nan,nan,nan,nan,nan,nan,nan,nan,nan,nan,nan,nan,nan,nan,nan,nan,nan,nan,0.0200300217,0.8100683689,inf,1.1200835705,inf,inf,inf,0.0299994946,0.0699715614,inf,inf,inf,inf,inf,inf,inf,1583
1779239089.9916493893,-0.2114199400,-0.0088857077,0.0959336907,0.0191334791,0.2581389608,-0.0030983394,3.5889999866,nan,nan,-0.1000000015,0.0000000000,2.1600000858,0.0000000000,nan,nan,nan,nan,nan,nan,nan,nan,nan,nan,nan,nan,0.0000000000,0.0000000000,0.0000000000,0.0000000000,0.0000000000,-0.1321740150,nan,nan,nan,nan,nan,nan,nan,nan,nan,nan,nan,nan,nan,nan,nan,nan,nan,nan,nan,nan,nan,0.0301516056,0.8201899529,inf,1.1302051544,inf,inf,inf,0.0401210785,0.0800931454,inf,inf,inf,inf,inf,inf,inf,1583
1779239090.0014996529,-0.2114199400,-0.0088857077,0.0959336907,0.0191334791,0.2581389608,-0.0030983394,3.5889999866,nan,nan,-0.1000000015,0.0000000000,2.1600000858,0.0000000000,nan,nan,nan,nan,nan,nan,nan,nan,nan,nan,nan,nan,0.0000000000,0.0000000000,0.0000000000,0.0000000000,0.0000000000,-0.1321740150,nan,nan,nan,nan,nan,nan,nan,nan,nan,nan,nan,nan,nan,nan,nan,nan,nan,nan,nan,nan,nan,0.0400018692,0.8300402164,inf,1.1400554180,inf,inf,inf,0.0499713421,0.0899434090,inf,inf,inf,inf,inf,inf,inf,1583
1779239090.0114688873,-0.2165315598,-0.0086409748,0.0969298407,0.0162947935,0.2581343737,-0.0034667709,3.5889999866,nan,nan,-0.1000000015,0.0000000000,2.1600000858,0.0000000000,nan,nan,nan,nan,nan,nan,nan,nan,nan,nan,nan,nan,0.0000000000,0.0000000000,0.0000000000,0.0000000000,0.0000000000,-0.1256945431,nan,nan,nan,nan,nan,nan,nan,nan,nan,nan,nan,nan,nan,nan,nan,nan,nan,nan,nan,nan,nan,0.0000381470,0.8400094509,inf,1.1500246525,inf,inf,inf,0.0599405766,0.0000114441,inf,inf,inf,inf,inf,inf,inf,1583
1779239090.0214521885,-0.2165315598,-0.0086409748,0.0969298407,0.0162947935,0.2581343737,-0.0034667709,3.5889999866,nan,nan,-0.1000000015,0.0000000000,2.1600000858,0.0000000000,nan,nan,nan,nan,nan,nan,nan,nan,nan,nan,nan,nan,0.0000000000,0.0000000000,0.0000000000,0.0000000000,0.0000000000,-0.1256945431,nan,nan,nan,nan,nan,nan,nan,nan,nan,nan,nan,nan,nan,nan,nan,nan,nan,nan,nan,nan,nan,0.0100214481,0.8499927521,inf,1.1600079536,inf,inf,inf,0.0699238777,0.0099947453,inf,inf,inf,inf,inf,inf,inf,1583
1779239090.0314669609,-0.2165315598,-0.0086409748,0.0969298407,0.0162947935,0.2581343737,-0.0034667709,3.5889999866,nan,nan,-0.1000000015,0.0000000000,2.1600000858,0.0000000000,nan,nan,nan,nan,nan,nan,nan,nan,nan,nan,nan,nan,0.0000000000,0.0000000000,0.0000000000,0.0000000000,0.0000000000,-0.1256945431,nan,nan,nan,nan,nan,nan,nan,nan,nan,nan,nan,nan,nan,nan,nan,nan,nan,nan,nan,nan,nan,0.0200362206,0.8600075245,inf,1.1700227261,inf,inf,inf,0.0799386501,0.0200095177,inf,inf,inf,inf,inf,inf,inf,1583
1779239090.0414686203,-0.2165315598,-0.0086409748,0.0969298407,0.0162947935,0.2581343737,-0.0034667709,3.5889999866,nan,nan,-0.1000000015,0.0000000000,2.1600000858,0.0000000000,nan,nan,nan,nan,nan,nan,nan,nan,nan,nan,nan,nan,0.0000000000,0.0000000000,0.0000000000,0.0000000000,0.0000000000,-0.1256945431,nan,nan,nan,nan,nan,nan,nan,nan,nan,nan,nan,nan,nan,nan,nan,nan,nan,nan,nan,nan,nan,0.0300378799,0.8700091839,inf,1.1800243855,inf,inf,inf,0.0899403095,0.0300111771,inf,inf,inf,inf,inf,inf,inf,1583
1779239090.0514650345,-0.2165315598,-0.0086409748,0.0969298407,0.0162947935,0.2581343737,-0.0034667709,3.5889999866,nan,nan,-0.1000000015,0.0000000000,2.1600000858,0.0000000000,nan,nan,nan,nan,nan,nan,nan,nan,nan,nan,nan,nan,0.0000000000,0.0000000000,0.0000000000,0.0000000000,0.0000000000,-0.1256945431,nan,nan,nan,nan,nan,nan,nan,nan,nan,nan,nan,nan,nan,nan,nan,nan,nan,nan,nan,nan,nan,0.0400342941,0.8800055981,inf,1.1900207996,inf,inf,inf,0.0000135899,0.0400075912,inf,inf,inf,inf,inf,inf,inf,1583
1779239090.0614757538,-0.2222476155,-0.0083376616,0.0980188847,0.0191334791,0.2581389608,-0.0030983394,3.5889999866,nan,nan,-0.1000000015,0.0000000000,2.1600000858,0.0000000000,nan,nan,nan,nan,nan,nan,nan,nan,nan,nan,nan,nan,0.0000000000,0.0000000000,0.0000000000,0.0000000000,0.0000000000,-0.1256945431,nan,nan,nan,nan,nan,nan,nan,nan,nan,nan,nan,nan,nan,nan,nan,nan,nan,nan,nan,nan,nan,0.0000138283,0.8900163174,inf,1.2000315189,inf,inf,inf,0.0100243092,0.0500183105,inf,inf,inf,inf,inf,inf,inf,1583
1779239090.0714569092,-0.2222476155,-0.0083376616,0.0980188847,0.0191334791,0.2581389608,-0.0030983394,3.5889999866,nan,nan,-0.1000000015,0.0000000000,2.1600000858,0.0000000000,nan,nan,nan,nan,nan,nan,nan,nan,nan,nan,nan,nan,0.0000000000,0.0000000000,0.0000000000,0.0000000000,0.0000000000,-0.1256945431,nan,nan,nan,nan,nan,nan,nan,nan,nan,nan,nan,nan,nan,nan,nan,nan,nan,nan,nan,nan,nan,0.0099949837,0.8999974728,inf,1.2100126743,inf,inf,inf,0.0200054646,0.0599994659,inf,inf,inf,inf,inf,inf,inf,1583
1779239090.0814549923,-0.2222476155,-0.0083376616,0.0980188847,0.0191334791,0.2581389608,-0.0030983394,3.5889999866,nan,nan,-0.1000000015,0.0000000000,2.1600000858,0.0000000000,nan,nan,nan,nan,nan,nan,nan,nan,nan,nan,nan,nan,0.0000000000,0.0000000000,0.0000000000,0.0000000000,0.0000000000,-0.1256945431,nan,nan,nan,nan,nan,nan,nan,nan,nan,nan,nan,nan,nan,nan,nan,nan,nan,nan,nan,nan,nan,0.0199930668,0.9099955559,inf,1.2200107574,inf,inf,inf,0.0300035477,0.0699975491,inf,inf,inf,inf,inf,inf,inf,1583
