t_sec,pose_x,pose_y,pose_z,pose_roll,pose_pitch,pose_yaw,status_battery_voltage,raw_battery_voltage,filt_battery_voltage,cmd_x,cmd_y,cmd_z,cmd_yaw,est_vx,est_vy,est_vz,est_ax,est_ay,est_az,gyro_x,gyro_y,gyro_z,angAcc_x,angAcc_y,angAcc_z,velDes_vx,velDes_vy,velDes_vz,attDes_roll,attDes_pitch,attDes_yaw,motor_f1,motor_f2,motor_f3,motor_f4,motor_f1_scaled,motor_f2_scaled,motor_f3_scaled,motor_f4_scaled,bodyInFx,bodyInFy,bodyInFz,droneWorldFx,droneWorldFy,droneWorldFz,droneWorldFx_scaled,droneWorldFy_scaled,droneWorldFz_scaled,zero_bias_count,rateDes_roll,rateDes_pitch,rateDes_yaw,age_pose,age_status,age_cf_voltage,age_cmd_position,age_stateEstimate_velocity,age_stateEstimate_acc,age_gyro_feedback,age_vel_des,age_att_des,age_rate_des,age_cf_motor_force,age_cf_motor_force_scaled,age_cf_body_input_force,age_cf_world_force,age_cf_F_input_scaled,age_cf_zero_bias_dbg,validity_bitmask
1779238505.3401205540,nan,nan,nan,nan,nan,nan,nan,nan,nan,nan,nan,nan,nan,nan,nan,nan,nan,nan,nan,nan,nan,nan,nan,nan,nan,nan,nan,nan,nan,nan,nan,nan,nan,nan,nan,nan,nan,nan,nan,nan,nan,nan,nan,nan,nan,nan,nan,nan,nan,nan,nan,nan,inf,inf,inf,inf,inf,inf,inf,inf,inf,inf,inf,inf,inf,inf,inf,inf,1
1779238505.3501923084,nan,nan,nan,nan,nan,nan,nan,nan,nan,nan,nan,nan,nan,nan,nan,nan,nan,nan,nan,nan,nan,nan,nan,nan,nan,nan,nan,nan,nan,nan,nan,nan,nan,nan,nan,nan,nan,nan,nan,nan,nan,nan,nan,nan,nan,nan,nan,nan,nan,nan,nan,nan,inf,inf,inf,inf,inf,inf,inf,inf,inf,inf,inf,inf,inf,inf,inf,inf,3
1779238505.3601281643,nan,nan,nan,nan,nan,nan,nan,nan,nan,nan,nan,nan,nan,nan,nan,nan,nan,nan,nan,nan,nan,nan,nan,nan,nan,nan,nan,nan,nan,nan,nan,nan,nan,nan,nan,nan,nan,nan,nan,nan,nan,nan,nan,nan,nan,nan,nan,nan,nan,nan,nan,nan,inf,inf,inf,inf,inf,inf,inf,inf,inf,inf,inf,inf,inf,inf,inf,inf,3
1779238505.3701329231,nan,nan,nan,nan,nan,nan,nan,nan,nan,nan,nan,nan,nan,nan,nan,nan,nan,nan,nan,nan,nan,nan,nan,nan,nan,nan,nan,nan,nan,nan,nan,nan,nan,nan,nan,nan,nan,nan,nan,nan,nan,nan,nan,nan,nan,nan,nan,nan,nan,nan,nan,nan,inf,inf,inf,inf,inf,inf,inf,inf,inf,inf,inf,inf,inf,inf,inf,inf,3
1779238505.3801374435,nan,nan,nan,nan,nan,nan,nan,nan,nan,nan,nan,nan,nan,nan,nan,nan,nan,nan,nan,nan,nan,nan,nan,nan,nan,nan,nan,nan,nan,nan,nan,nan,nan,nan,nan,nan,nan,nan,nan,nan,nan,nan,nan,nan,nan,nan,nan,nan,nan,nan,nan,nan,inf,inf,inf,inf,inf,inf,inf,inf,inf,inf,inf,inf,inf,inf,inf,inf,3
1779238505.3901302814,nan,nan,nan,nan,nan,nan,nan,nan,nan,nan,nan,nan,nan,nan,nan,nan,nan,nan,nan,nan,nan,nan,nan,nan,nan,nan,nan,nan,nan,nan,nan,nan,nan,nan,nan,nan,nan,nan,nan,nan,nan,nan,nan,nan,nan,nan,nan,nan,nan,nan,nan,nan,inf,inf,inf,inf,inf,inf,inf,inf,inf,inf,inf,inf,inf,inf,inf,inf,3
1779238505.4001390934,nan,nan,nan,nan,nan,nan,nan,nan,nan,nan,nan,nan,nan,nan,nan,nan,nan,nan,nan,nan,nan,nan,nan,nan,nan,nan,nan,nan,nan,nan,nan,nan,nan,nan,nan,nan,nan,nan,nan,nan,nan,nan,nan,nan,nan,nan,nan,nan,nan,nan,nan,nan,inf,inf,inf,inf,inf,inf,inf,inf,inf,inf,inf,inf,inf,inf,inf,inf,3
1779238505.4101939201,nan,nan,nan,nan,nan,nan,nan,nan,nan,nan,nan,nan,nan,nan,nan,nan,nan,nan,nan,nan,nan,nan,nan,nan,nan,nan,nan,nan,0.0000000000,0.0000000000,-0.0010298464,nan,nan,nan,nan,nan,nan,nan,nan,nan,nan,nan,nan,nan,nan,nan,nan,nan,nan,nan,nan,nan,inf,inf,inf,inf,inf,inf,inf,inf,0.0000135899,inf,inf,inf,inf,inf,inf,inf,1027
1779238505.4201421738,nan,nan,nan,nan,nan,nan,nan,nan,nan,nan,nan,nan,nan,nan,nan,nan,nan,nan,nan,nan,nan,nan,nan,nan,nan,nan,nan,nan,0.0000000000,0.0000000000,-0.0010298464,nan,nan,nan,nan,nan,nan,nan,nan,nan,nan,nan,nan,nan,nan,nan,nan,nan,nan,nan,nan,nan,inf,inf,inf,inf,inf,inf,inf,inf,0.0099618435,inf,inf,inf,inf,inf,inf,inf,1027
1779238505.4301903248,nan,nan,nan,nan,nan,nan,nan,nan,nan,nan,nan,nan,nan,nan,nan,nan,nan,nan,nan,nan,nan,nan,nan,nan,nan,nan,nan,nan,0.0000000000,0.0000000000,-0.0010298464,nan,nan,nan,nan,nan,nan,nan,nan,nan,nan,nan,nan,nan,nan,nan,nan,nan,nan,nan,nan,nan,inf,inf,inf,inf,inf,inf,inf,inf,0.0200099945,inf,inf,inf,inf,inf,inf,inf,1027
1779238505.4401352406,nan,nan,nan,nan,nan,nan,nan,nan,nan,nan,nan,nan,nan,nan,nan,nan,nan,nan,nan,nan,nan,nan,nan,nan,nan,nan,nan,nan,0.0000000000,0.0000000000,-0.0010298464,nan,nan,nan,nan,nan,nan,nan,nan,nan,nan,nan,nan,nan,nan,nan,nan,nan,nan,nan,nan,nan,inf,inf,inf,inf,inf,inf,inf,inf,0.0299549103,inf,inf,inf,inf,inf,inf,inf,1027
1779238505.4501473904,nan,nan,nan,nan,nan,nan,nan,nan,nan,nan,nan,nan,nan,nan,nan,nan,nan,nan,nan,nan,nan,nan,nan,nan,nan,0.0000000000,0.0000000000,0.0000000000,0.0000000000,0.0000000000,-0.0010298464,nan,nan,nan,nan,nan,nan,nan,nan,nan,nan,nan,nan,nan,nan,nan,nan,nan,nan,nan,nan,nan,inf,inf,inf,inf,inf,inf,inf,0.0000057220,0.0399670601,inf,inf,inf,inf,inf,inf,inf,1539
1779238505.4602010250,-0.0063743880,0.1068705991,0.0910079628,-0.0166377581,0.0719691104,-0.0005989747,nan,nan,nan,nan,nan,nan,nan,nan,nan,nan,nan,nan,nan,nan,nan,nan,nan,nan,nan,0.0000000000,0.0000000000,0.0000000000,0.0000000000,0.0000000000,-0.0010298464,nan,nan,nan,nan,nan,nan,nan,nan,nan,nan,nan,nan,nan,nan,nan,nan,nan,nan,nan,nan,nan,0.0000090599,inf,inf,inf,inf,inf,inf,0.0100593567,0.0500206947,inf,inf,inf,inf,inf,inf,inf,1543
1779238505.4701275826,-0.0063743880,0.1068705991,0.0910079628,-0.0166377581,0.0719691104,-0.0005989747,nan,nan,nan,nan,nan,nan,nan,nan,nan,nan,nan,nan,nan,nan,nan,nan,nan,nan,nan,0.0000000000,0.0000000000,0.0000000000,0.0000000000,0.0000000000,-0.0010298464,nan,nan,nan,nan,nan,nan,nan,nan,nan,nan,nan,nan,nan,nan,nan,nan,nan,nan,nan,nan,nan,0.0099356174,inf,inf,inf,inf,inf,inf,0.0199859142,0.0599472523,inf,inf,inf,inf,inf,inf,inf,1543
1779238505.4801268578,-0.0063743880,0.1068705991,0.0910079628,-0.0166377581,0.0719691104,-0.0005989747,nan,nan,nan,nan,nan,nan,nan,nan,nan,nan,nan,nan,nan,nan,nan,nan,nan,nan,nan,0.0000000000,0.0000000000,0.0000000000,0.0000000000,0.0000000000,-0.0010298464,nan,nan,nan,nan,nan,nan,nan,nan,nan,nan,nan,nan,nan,nan,nan,nan,nan,nan,nan,nan,nan,0.0199348927,inf,inf,inf,inf,inf,inf,0.0299851894,0.0699465275,inf,inf,inf,inf,inf,inf,inf,1543
1779238505.4901282787,-0.0063743880,0.1068705991,0.0910079628,-0.0166377581,0.0719691104,-0.0005989747,nan,nan,nan,nan,nan,nan,nan,nan,nan,nan,nan,nan,nan,nan,nan,nan,nan,nan,nan,0.0000000000,0.0000000000,0.0000000000,0.0000000000,0.0000000000,-0.0010298464,nan,nan,nan,nan,nan,nan,nan,nan,nan,nan,nan,nan,nan,nan,nan,nan,nan,nan,nan,nan,nan,0.0299363136,inf,inf,inf,inf,inf,inf,0.0399866104,0.0799479485,inf,inf,inf,inf,inf,inf,inf,1543
1779238505.5001239777,-0.0063743880,0.1068705991,0.0910079628,-0.0166377581,0.0719691104,-0.0005989747,nan,nan,nan,nan,nan,nan,nan,nan,nan,nan,nan,nan,nan,nan,nan,nan,nan,nan,nan,0.0000000000,0.0000000000,0.0000000000,0.0000000000,0.0000000000,-0.0010298464,nan,nan,nan,nan,nan,nan,nan,nan,nan,nan,nan,nan,nan,nan,nan,nan,nan,nan,nan,nan,nan,0.0399320126,inf,inf,inf,inf,inf,inf,0.0499823093,0.0899436474,inf,inf,inf,inf,inf,inf,inf,1543
1779238505.5101287365,-0.0070807580,0.1066219062,0.0910186023,-0.0166377581,0.0719691104,-0.0005989747,nan,nan,nan,nan,nan,nan,nan,nan,nan,nan,nan,nan,nan,nan,nan,nan,nan,nan,nan,0.0000000000,0.0000000000,0.0000000000,0.0000000000,0.0000000000,-0.0070782760,nan,nan,nan,nan,nan,nan,nan,nan,nan,nan,nan,nan,nan,nan,nan,nan,nan,nan,nan,nan,nan,0.0000214577,inf,inf,inf,inf,inf,inf,0.0599870682,0.0000054836,inf,inf,inf,inf,inf,inf,inf,1543
1779238505.5201213360,-0.0070807580,0.1066219062,0.0910186023,-0.0166377581,0.0719691104,-0.0005989747,nan,nan,nan,nan,nan,nan,nan,nan,nan,nan,nan,nan,nan,nan,nan,nan,nan,nan,nan,0.0000000000,0.0000000000,0.0000000000,0.0000000000,0.0000000000,-0.0070782760,nan,nan,nan,nan,nan,nan,nan,nan,nan,nan,nan,nan,nan,nan,nan,nan,nan,nan,nan,nan,nan,0.0100140572,inf,inf,inf,inf,inf,inf,0.0699796677,0.0099980831,inf,inf,inf,inf,inf,inf,inf,1543
1779238505.5301308632,-0.0070807580,0.1066219062,0.0910186023,-0.0166377581,0.0719691104,-0.0005989747,nan,nan,nan,nan,nan,nan,nan,nan,nan,nan,nan,nan,nan,nan,nan,nan,nan,nan,nan,0.0000000000,0.0000000000,0.0000000000,0.0000000000,0.0000000000,-0.0070782760,nan,nan,nan,nan,nan,nan,nan,nan,nan,nan,nan,nan,nan,nan,nan,nan,nan,nan,nan,nan,nan,0.0200235844,inf,inf,inf,inf,inf,inf,0.0799891949,0.0200076103,inf,inf,inf,inf,inf,inf,inf,1543
1779238505.5401265621,-0.0070807580,0.1066219062,0.0910186023,-0.0166377581,0.0719691104,-0.0005989747,nan,nan,nan,nan,nan,nan,nan,nan,nan,nan,nan,nan,nan,nan,nan,nan,nan,nan,nan,0.0000000000,0.0000000000,0.0000000000,0.0000000000,0.0000000000,-0.0070782760,nan,nan,nan,nan,nan,nan,nan,nan,nan,nan,nan,nan,nan,nan,nan,nan,nan,nan,nan,nan,nan,0.0300192833,inf,inf,inf,inf,inf,inf,0.0899848938,0.0300033092,inf,inf,inf,inf,inf,inf,inf,1543
1779238505.5501477718,-0.0070807580,0.1066219062,0.0910186023,-0.0166377581,0.0719691104,-0.0005989747,nan,nan,nan,nan,nan,nan,nan,nan,nan,nan,nan,nan,nan,nan,nan,nan,nan,nan,nan,0.0000000000,0.0000000000,0.0000000000,0.0000000000,0.0000000000,-0.0070782760,nan,nan,nan,nan,nan,nan,nan,nan,nan,nan,nan,nan,nan,nan,nan,nan,nan,nan,nan,nan,nan,0.0400404930,inf,inf,inf,inf,inf,inf,0.0000059605,0.0400245190,inf,inf,inf,inf,inf,inf,inf,1543
1779238505.5601246357,-0.0063634757,0.1068848148,0.0910239592,-0.0166377581,0.0719691104,-0.0005989747,nan,nan,nan,nan,nan,nan,nan,nan,nan,nan,nan,nan,nan,nan,nan,nan,nan,nan,nan,0.0000000000,0.0000000000,0.0000000000,0.0000000000,0.0000000000,-0.0070782760,nan,nan,nan,nan,nan,nan,nan,nan,nan,nan,nan,nan,nan,nan,nan,nan,nan,nan,nan,nan,nan,0.0000076294,inf,inf,inf,inf,inf,inf,0.0099828243,0.0500013828,inf,inf,inf,inf,inf,inf,inf,1543
1779238505.5701224804,-0.0063634757,0.1068848148,0.0910239592,-0.0166377581,0.0719691104,-0.0005989747,nan,nan,nan,nan,nan,nan,nan,nan,nan,nan,nan,nan,nan,nan,nan,nan,nan,nan,nan,0.0000000000,0.0000000000,0.0000000000,0.0000000000,0.0000000000,-0.0070782760,nan,nan,nan,nan,nan,nan,nan,nan,nan,nan,nan,nan,nan,nan,nan,nan,nan,nan,nan,nan,nan,0.0100054741,inf,inf,inf,inf,inf,inf,0.0199806690,0.0599992275,inf,inf,inf,inf,inf,inf,inf,1543
1779238505.5801229477,-0.0063634757,0.1068848148,0.0910239592,-0.0166377581,0.0719691104,-0.0005989747,nan,nan,nan,nan,nan,nan,nan,nan,nan,nan,nan,nan,nan,nan,nan,nan,nan,nan,nan,0.0000000000,0.0000000000,0.0000000000,0.0000000000,0.0000000000,-0.0070782760,nan,nan,nan,nan,nan,nan,nan,nan,nan,nan,nan,nan,nan,nan,nan,nan,nan,nan,nan,nan,nan,0.0200059414,inf,inf,inf,inf,inf,inf,0.0299811363,0.0699996948,inf,inf,inf,inf,inf,inf,inf,1543
1779238505.5901904106,-0.0063634757,0.1068848148,0.0910239592,-0.0166377581,0.0719691104,-0.0005989747,nan,nan,nan,nan,nan,nan,nan,nan,nan,nan,nan,nan,nan,nan,nan,nan,nan,nan,nan,0.0000000000,0.0000000000,0.0000000000,0.0000000000,0.0000000000,-0.0070782760,nan,nan,nan,nan,nan,nan,nan,nan,nan,nan,nan,nan,nan,nan,nan,nan,nan,nan,nan,nan,nan,0.0300734043,inf,inf,inf,inf,inf,inf,0.0400485992,0.0800671577,inf,inf,inf,inf,inf,inf,inf,1543
1779238505.6001479626,-0.0063634757,0.1068848148,0.0910239592,-0.0166377581,0.0719691104,-0.0005989747,nan,nan,nan,nan,nan,nan,nan,nan,nan,nan,nan,nan,nan,nan,nan,nan,nan,nan,nan,0.0000000000,0.0000000000,0.0000000000,0.0000000000,0.0000000000,-0.0070782760,nan,nan,nan,nan,nan,nan,nan,nan,nan,nan,nan,nan,nan,nan,nan,nan,nan,nan,nan,nan,nan,0.0400309563,inf,inf,inf,inf,inf,inf,0.0500061512,0.0900247097,inf,inf,inf,inf,inf,inf,inf,1543
1779238505.6101675034,-0.0070030936,0.1067078039,0.0910677388,-0.0166377581,0.0719691104,-0.0005989747,nan,nan,nan,nan,nan,nan,nan,nan,nan,nan,nan,nan,nan,nan,nan,nan,nan,nan,nan,0.0000000000,0.0000000000,0.0000000000,0.0000000000,0.0000000000,-0.0070262090,nan,nan,nan,nan,nan,nan,nan,nan,nan,nan,nan,nan,nan,nan,nan,nan,nan,nan,nan,nan,nan,0.0000288486,inf,inf,inf,inf,inf,inf,0.0600256920,0.0000081062,inf,inf,inf,inf,inf,inf,inf,1543
1779238505.6201984882,-0.0070030936,0.1067078039,0.0910677388,-0.0166377581,0.0719691104,-0.0005989747,nan,nan,nan,nan,nan,nan,nan,nan,nan,nan,nan,nan,nan,nan,nan,nan,nan,nan,nan,0.0000000000,0.0000000000,0.0000000000,0.0000000000,0.0000000000,-0.0070262090,nan,nan,nan,nan,nan,nan,nan,nan,nan,nan,nan,nan,nan,nan,nan,nan,nan,nan,nan,nan,nan,0.0100598335,inf,inf,inf,inf,inf,inf,0.0700566769,0.0100390911,inf,inf,inf,inf,inf,inf,inf,1543
1779238505.6301355362,-0.0070030936,0.1067078039,0.0910677388,-0.0166377581,0.0719691104,-0.0005989747,nan,nan,nan,nan,nan,nan,nan,nan,nan,nan,nan,nan,nan,nan,nan,nan,nan,nan,nan,0.0000000000,0.0000000000,0.0000000000,0.0000000000,0.0000000000,-0.0070262090,nan,nan,nan,nan,nan,nan,nan,nan,nan,nan,nan,nan,nan,nan,nan,nan,nan,nan,nan,nan,nan,0.0199968815,inf,inf,inf,inf,inf,inf,0.0799937248,0.0199761391,inf,inf,inf,inf,inf,inf,inf,1543
1779238505.6404726505,-0.0070030936,0.1067078039,0.0910677388,-0.0166377581,0.0719691104,-0.0005989747,nan,nan,nan,nan,nan,nan,nan,nan,nan,nan,nan,nan,nan,nan,nan,nan,nan,nan,nan,0.0000000000,0.0000000000,0.0000000000,0.0000000000,0.0000000000,-0.0070262090,nan,nan,nan,nan,nan,nan,nan,nan,nan,nan,nan,nan,nan,nan,nan,nan,nan,nan,nan,nan,nan,0.0303339958,inf,inf,inf,inf,inf,inf,0.0903308392,0.0303132534,inf,inf,inf,inf,inf,inf,inf,1543
1779238505.6501774788,-0.0070030936,0.1067078039,0.0910677388,-0.0166377581,0.0719691104,-0.0005989747,nan,nan,nan,nan,nan,nan,nan,nan,nan,nan,nan,nan,nan,nan,nan,nan,nan,nan,nan,0.0000000000,0.0000000000,0.0000000000,0.0000000000,0.0000000000,-0.0070262090,nan,nan,nan,nan,nan,nan,nan,nan,nan,nan,nan,nan,nan,nan,nan,nan,nan,nan,nan,nan,nan,0.0400388241,inf,inf,inf,inf,inf,inf,0.0000121593,0.0400180817,inf,inf,inf,inf,inf,inf,inf,1543
1779238505.6605560780,-0.0068263304,0.1067695022,0.0910488293,-0.0166377581,0.0719691104,-0.0005989747,nan,nan,nan,nan,nan,nan,nan,nan,nan,nan,nan,nan,nan,nan,nan,nan,nan,nan,nan,0.0000000000,0.0000000000,0.0000000000,0.0000000000,0.0000000000,-0.0070262090,nan,nan,nan,nan,nan,nan,nan,nan,nan,nan,nan,nan,nan,nan,nan,nan,nan,nan,nan,nan,nan,0.0000138283,inf,inf,inf,inf,inf,inf,0.0103907585,0.0503966808,inf,inf,inf,inf,inf,inf,inf,1543
1779238505.6703157425,-0.0068263304,0.1067695022,0.0910488293,-0.0166377581,0.0719691104,-0.0005989747,nan,nan,nan,nan,nan,nan,nan,nan,nan,nan,nan,nan,nan,nan,nan,nan,nan,nan,nan,0.0000000000,0.0000000000,0.0000000000,0.0000000000,0.0000000000,-0.0070262090,nan,nan,nan,nan,nan,nan,nan,nan,nan,nan,nan,nan,nan,nan,nan,nan,nan,nan,nan,nan,nan,0.0097734928,inf,inf,inf,inf,inf,inf,0.0201504230,0.0601563454,inf,inf,inf,inf,inf,inf,inf,1543
1779238505.6802568436,-0.0068263304,0.1067695022,0.0910488293,-0.0166377581,0.0719691104,-0.0005989747,nan,nan,nan,nan,nan,nan,nan,nan,nan,nan,nan,nan,nan,nan,nan,nan,nan,nan,nan,0.0000000000,0.0000000000,0.0000000000,0.0000000000,0.0000000000,-0.0070262090,nan,nan,nan,nan,nan,nan,nan,nan,nan,nan,nan,nan,nan,nan,nan,nan,nan,nan,nan,nan,nan,0.0197145939,inf,inf,inf,inf,inf,inf,0.0300915241,0.0700974464,inf,inf,inf,inf,inf,inf,inf,1543
1779238505.6901333332,-0.0068263304,0.1067695022,0.0910488293,-0.0166377581,0.0719691104,-0.0005989747,nan,nan,nan,nan,nan,nan,nan,nan,nan,nan,nan,nan,nan,nan,nan,nan,nan,nan,nan,0.0000000000,0.0000000000,0.0000000000,0.0000000000,0.0000000000,-0.0070262090,nan,nan,nan,nan,nan,nan,nan,nan,nan,nan,nan,nan,nan,nan,nan,nan,nan,nan,nan,nan,nan,0.0295910835,inf,inf,inf,inf,inf,inf,0.0399680138,0.0799739361,inf,inf,inf,inf,inf,inf,inf,1543
1779238505.7002286911,-0.0068263304,0.1067695022,0.0910488293,-0.0166377581,0.0719691104,-0.0005989747,nan,nan,nan,nan,nan,nan,nan,nan,nan,nan,nan,nan,nan,nan,nan,nan,nan,nan,nan,0.0000000000,0.0000000000,0.0000000000,0.0000000000,0.0000000000,-0.0070262090,nan,nan,nan,nan,nan,nan,nan,nan,nan,nan,nan,nan,nan,nan,nan,nan,nan,nan,nan,nan,nan,0.0396864414,inf,inf,inf,inf,inf,inf,0.0500633717,0.0900692940,inf,inf,inf,inf,inf,inf,inf,1543
1779238505.7102062702,-0.0075219222,0.1065922603,0.0910932496,-0.0166377581,0.0719691104,-0.0005989747,nan,nan,nan,nan,nan,nan,nan,nan,nan,nan,nan,nan,nan,nan,nan,nan,nan,nan,nan,0.0000000000,0.0000000000,0.0000000000,0.0000000000,0.0000000000,-0.0052784570,nan,nan,nan,nan,nan,nan,nan,nan,nan,nan,nan,nan,nan,nan,nan,nan,nan,nan,nan,nan,nan,0.0000340939,inf,inf,inf,inf,inf,inf,0.0600409508,0.0000104904,inf,inf,inf,inf,inf,inf,inf,1543
1779238505.7201960087,-0.0075219222,0.1065922603,0.0910932496,-0.0166377581,0.0719691104,-0.0005989747,nan,nan,nan,nan,nan,nan,nan,nan,nan,nan,nan,nan,nan,nan,nan,nan,nan,nan,nan,0.0000000000,0.0000000000,0.0000000000,0.0000000000,0.0000000000,-0.0052784570,nan,nan,nan,nan,nan,nan,nan,nan,nan,nan,nan,nan,nan,nan,nan,nan,nan,nan,nan,nan,nan,0.0100238323,inf,inf,inf,inf,inf,inf,0.0700306892,0.0100002289,inf,inf,inf,inf,inf,inf,inf,1543
1779238505.7302026749,-0.0075219222,0.1065922603,0.0910932496,-0.0166377581,0.0719691104,-0.0005989747,nan,nan,nan,nan,nan,nan,nan,nan,nan,nan,nan,nan,nan,nan,nan,nan,nan,nan,nan,0.0000000000,0.0000000000,0.0000000000,0.0000000000,0.0000000000,-0.0052784570,nan,nan,nan,nan,nan,nan,nan,nan,nan,nan,nan,nan,nan,nan,nan,nan,nan,nan,nan,nan,nan,0.0200304985,inf,inf,inf,inf,inf,inf,0.0800373554,0.0200068951,inf,inf,inf,inf,inf,inf,inf,1543
1779238505.7401301861,-0.0075219222,0.1065922603,0.0910932496,-0.0166377581,0.0719691104,-0.0005989747,nan,nan,nan,nan,nan,nan,nan,nan,nan,nan,nan,nan,nan,nan,nan,nan,nan,nan,nan,0.0000000000,0.0000000000,0.0000000000,0.0000000000,0.0000000000,-0.0052784570,nan,nan,nan,nan,nan,nan,nan,nan,nan,nan,nan,nan,nan,nan,nan,nan,nan,nan,nan,nan,nan,0.0299580097,inf,inf,inf,inf,inf,inf,0.0899648666,0.0299344063,inf,inf,inf,inf,inf,inf,inf,1543
1779238505.7501955032,-0.0075219222,0.1065922603,0.0910932496,-0.0166377581,0.0719691104,-0.0005989747,nan,nan,nan,nan,nan,nan,nan,nan,nan,nan,nan,nan,nan,nan,nan,nan,nan,nan,nan,0.0000000000,0.0000000000,0.0000000000,0.0000000000,0.0000000000,-0.0052784570,nan,nan,nan,nan,nan,nan,nan,nan,nan,nan,nan,nan,nan,nan,nan,nan,nan,nan,nan,nan,nan,0.0400233269,inf,inf,inf,inf,inf,inf,0.0000119209,0.0399997234,inf,inf,inf,inf,inf,inf,inf,1543
1779238505.7602083683,-0.0083806394,0.1063776240,0.0911381915,-0.0166377581,0.0719691104,-0.0005989747,nan,nan,nan,nan,nan,nan,nan,nan,nan,nan,nan,nan,nan,nan,nan,nan,nan,nan,nan,0.0000000000,0.0000000000,0.0000000000,0.0000000000,0.0000000000,-0.0052784570,nan,nan,nan,nan,nan,nan,nan,nan,nan,nan,nan,nan,nan,nan,nan,nan,nan,nan,nan,nan,nan,0.0000121593,inf,inf,inf,inf,inf,inf,0.0100247860,0.0500125885,inf,inf,inf,inf,inf,inf,inf,1543
1779238505.7702014446,-0.0083806394,0.1063776240,0.0911381915,-0.0166377581,0.0719691104,-0.0005989747,nan,nan,nan,nan,nan,nan,nan,nan,nan,nan,nan,nan,nan,nan,nan,nan,nan,nan,nan,0.0000000000,0.0000000000,0.0000000000,0.0000000000,0.0000000000,-0.0052784570,nan,nan,nan,nan,nan,nan,nan,nan,nan,nan,nan,nan,nan,nan,nan,nan,nan,nan,nan,nan,nan,0.0100052357,inf,inf,inf,inf,inf,inf,0.0200178623,0.0600056648,inf,inf,inf,inf,inf,inf,inf,1543
1779238505.7801926136,-0.0083806394,0.1063776240,0.0911381915,-0.0166377581,0.0719691104,-0.0005989747,nan,nan,nan,nan,nan,nan,nan,nan,nan,nan,nan,nan,nan,nan,nan,nan,nan,nan,nan,0.0000000000,0.0000000000,0.0000000000,0.0000000000,0.0000000000,-0.0052784570,nan,nan,nan,nan,nan,nan,nan,nan,nan,nan,nan,nan,nan,nan,nan,nan,nan,nan,nan,nan,nan,0.0199964046,inf,inf,inf,inf,inf,inf,0.0300090313,0.0699968338,inf,inf,inf,inf,inf,inf,inf,1543
1779238505.7901883125,-0.0083806394,0.1063776240,0.0911381915,-0.0166377581,0.0719691104,-0.0005989747,nan,nan,nan,nan,nan,nan,nan,nan,nan,nan,nan,nan,nan,nan,nan,nan,nan,nan,nan,0.0000000000,0.0000000000,0.0000000000,0.0000000000,0.0000000000,-0.0052784570,nan,nan,nan,nan,nan,nan,nan,nan,nan,nan,nan,nan,nan,nan,nan,nan,nan,nan,nan,nan,nan,0.0299921036,inf,inf,inf,inf,inf,inf,0.0400047302,0.0799925327,inf,inf,inf,inf,inf,inf,inf,1543
1779238505.8002445698,-0.0083806394,0.1063776240,0.0911381915,-0.0166377581,0.0719691104,-0.0005989747,nan,nan,nan,nan,nan,nan,nan,nan,nan,nan,nan,nan,nan,nan,nan,nan,nan,nan,nan,0.0000000000,0.0000000000,0.0000000000,0.0000000000,0.0000000000,-0.0052784570,nan,nan,nan,nan,nan,nan,nan,nan,nan,nan,nan,nan,nan,nan,nan,nan,nan,nan,nan,nan,nan,0.0400483608,inf,inf,inf,inf,inf,inf,0.0500609875,0.0900487900,inf,inf,inf,inf,inf,inf,inf,1543
1779238505.8102369308,-0.0094033983,0.1061081514,0.0911702663,-0.0166377581,0.0719691104,-0.0005989747,nan,nan,nan,nan,nan,nan,nan,nan,nan,nan,nan,nan,nan,nan,nan,nan,nan,nan,nan,0.0000000000,0.0000000000,0.0000000000,0.0000000000,0.0000000000,-0.0009869295,nan,nan,nan,nan,nan,nan,nan,nan,nan,nan,nan,nan,nan,nan,nan,nan,nan,nan,nan,nan,nan,0.0000371933,inf,inf,inf,inf,inf,inf,0.0600533485,0.0000119209,inf,inf,inf,inf,inf,inf,inf,1543
1779238505.8201763630,-0.0094033983,0.1061081514,0.0911702663,-0.0166377581,0.0719691104,-0.0005989747,nan,nan,nan,nan,nan,nan,nan,nan,nan,nan,nan,nan,nan,nan,nan,nan,nan,nan,nan,0.0000000000,0.0000000000,0.0000000000,0.0000000000,0.0000000000,-0.0009869295,nan,nan,nan,nan,nan,nan,nan,nan,nan,nan,nan,nan,nan,nan,nan,nan,nan,nan,nan,nan,nan,0.0099766254,inf,inf,inf,inf,inf,inf,0.0699927807,0.0099513531,inf,inf,inf,inf,inf,inf,inf,1543
1779238505.8302402496,-0.0094033983,0.1061081514,0.0911702663,-0.0166377581,0.0719691104,-0.0005989747,nan,nan,nan,nan,nan,nan,nan,nan,nan,nan,nan,nan,nan,nan,nan,nan,nan,nan,nan,0.0000000000,0.0000000000,0.0000000000,0.0000000000,0.0000000000,-0.0009869295,nan,nan,nan,nan,nan,nan,nan,nan,nan,nan,nan,nan,nan,nan,nan,nan,nan,nan,nan,nan,nan,0.0200405121,inf,inf,inf,inf,inf,inf,0.0800566673,0.0200152397,inf,inf,inf,inf,inf,inf,inf,1543
1779238505.8402082920,-0.0094033983,0.1061081514,0.0911702663,-0.0166377581,0.0719691104,-0.0005989747,nan,nan,nan,nan,nan,nan,nan,nan,nan,nan,nan,nan,nan,nan,nan,nan,nan,nan,nan,0.0000000000,0.0000000000,0.0000000000,0.0000000000,0.0000000000,-0.0009869295,nan,nan,nan,nan,nan,nan,nan,nan,nan,nan,nan,nan,nan,nan,nan,nan,nan,nan,nan,nan,nan,0.0300085545,inf,inf,inf,inf,inf,inf,0.0900247097,0.0299832821,inf,inf,inf,inf,inf,inf,inf,1543
1779238505.8501923084,-0.0094033983,0.1061081514,0.0911702663,-0.0166377581,0.0719691104,-0.0005989747,nan,nan,nan,nan,nan,nan,nan,nan,nan,nan,nan,nan,nan,nan,nan,nan,nan,nan,nan,0.0000000000,0.0000000000,0.0000000000,0.0000000000,0.0000000000,-0.0009869295,nan,nan,nan,nan,nan,nan,nan,nan,nan,nan,nan,nan,nan,nan,nan,nan,nan,nan,nan,nan,nan,0.0399925709,inf,inf,inf,inf,inf,inf,0.0000100136,0.0399672985,inf,inf,inf,inf,inf,inf,inf,1543
1779238505.8601679802,-0.0064947512,0.1068706363,0.0910143256,-0.0166377581,0.0719691104,-0.0005989747,nan,nan,nan,nan,nan,nan,nan,nan,nan,nan,nan,nan,nan,nan,nan,nan,nan,nan,nan,0.0000000000,0.0000000000,0.0000000000,0.0000000000,0.0000000000,-0.0009869295,nan,nan,nan,nan,nan,nan,nan,nan,nan,nan,nan,nan,nan,nan,nan,nan,nan,nan,nan,nan,nan,0.0000090599,inf,inf,inf,inf,inf,inf,0.0099856853,0.0499429703,inf,inf,inf,inf,inf,inf,inf,1543
1779238505.8701324463,-0.0064947512,0.1068706363,0.0910143256,-0.0166377581,0.0719691104,-0.0005989747,nan,nan,nan,nan,nan,nan,nan,nan,nan,nan,nan,nan,nan,nan,nan,nan,nan,nan,nan,0.0000000000,0.0000000000,0.0000000000,0.0000000000,0.0000000000,-0.0009869295,nan,nan,nan,nan,nan,nan,nan,nan,nan,nan,nan,nan,nan,nan,nan,nan,nan,nan,nan,nan,nan,0.0099735260,inf,inf,inf,inf,inf,inf,0.0199501514,0.0599074364,inf,inf,inf,inf,inf,inf,inf,1543
1779238505.8801355362,-0.0064947512,0.1068706363,0.0910143256,-0.0166377581,0.0719691104,-0.0005989747,nan,nan,nan,nan,nan,nan,nan,nan,nan,nan,nan,nan,nan,nan,nan,nan,nan,nan,nan,0.0000000000,0.0000000000,0.0000000000,0.0000000000,0.0000000000,-0.0009869295,nan,nan,nan,nan,nan,nan,nan,nan,nan,nan,nan,nan,nan,nan,nan,nan,nan,nan,nan,nan,nan,0.0199766159,inf,inf,inf,inf,inf,inf,0.0299532413,0.0699105263,inf,inf,inf,inf,inf,inf,inf,1543
1779238505.8902161121,-0.0064947512,0.1068706363,0.0910143256,-0.0166377581,0.0719691104,-0.0005989747,nan,nan,nan,nan,nan,nan,nan,nan,nan,nan,nan,nan,nan,nan,nan,nan,nan,nan,nan,0.0000000000,0.0000000000,0.0000000000,0.0000000000,0.0000000000,-0.0009869295,nan,nan,nan,nan,nan,nan,nan,nan,nan,nan,nan,nan,nan,nan,nan,nan,nan,nan,nan,nan,nan,0.0300571918,inf,inf,inf,inf,inf,inf,0.0400338173,0.0799911022,inf,inf,inf,inf,inf,inf,inf,1543
1779238505.9001438618,-0.0064947512,0.1068706363,0.0910143256,-0.0166377581,0.0719691104,-0.0005989747,nan,nan,nan,nan,nan,nan,nan,nan,nan,nan,nan,nan,nan,nan,nan,nan,nan,nan,nan,0.0000000000,0.0000000000,0.0000000000,0.0000000000,0.0000000000,-0.0009869295,nan,nan,nan,nan,nan,nan,nan,nan,nan,nan,nan,nan,nan,nan,nan,nan,nan,nan,nan,nan,nan,0.0399849415,inf,inf,inf,inf,inf,inf,0.0499615669,0.0899188519,inf,inf,inf,inf,inf,inf,inf,1543
1779238505.9101493359,-0.0069713071,0.1067367867,0.0910058171,-0.0166377581,0.0719691104,-0.0005989747,nan,nan,nan,nan,nan,nan,nan,nan,nan,nan,nan,nan,nan,nan,nan,nan,nan,nan,nan,0.0000000000,0.0000000000,0.0000000000,0.0000000000,0.0000000000,-0.0002573151,nan,nan,nan,nan,nan,nan,nan,nan,nan,nan,nan,nan,nan,nan,nan,nan,nan,nan,nan,nan,nan,0.0000276566,inf,inf,inf,inf,inf,inf,0.0599670410,0.0000085831,inf,inf,inf,inf,inf,inf,inf,1543
1779238505.9201366901,-0.0069713071,0.1067367867,0.0910058171,-0.0166377581,0.0719691104,-0.0005989747,nan,nan,nan,nan,nan,nan,nan,nan,nan,nan,nan,nan,nan,nan,nan,nan,nan,nan,nan,0.0000000000,0.0000000000,0.0000000000,0.0000000000,0.0000000000,-0.0002573151,nan,nan,nan,nan,nan,nan,nan,nan,nan,nan,nan,nan,nan,nan,nan,nan,nan,nan,nan,nan,nan,0.0100150108,inf,inf,inf,inf,inf,inf,0.0699543953,0.0099959373,inf,inf,inf,inf,inf,inf,inf,1543
1779238505.9301505089,-0.0069713071,0.1067367867,0.0910058171,-0.0166377581,0.0719691104,-0.0005989747,nan,nan,nan,nan,nan,nan,nan,nan,nan,nan,nan,nan,nan,nan,nan,nan,nan,nan,nan,0.0000000000,0.0000000000,0.0000000000,0.0000000000,0.0000000000,-0.0002573151,nan,nan,nan,nan,nan,nan,nan,nan,nan,nan,nan,nan,nan,nan,nan,nan,nan,nan,nan,nan,nan,0.0200288296,inf,inf,inf,inf,inf,inf,0.0799682140,0.0200097561,inf,inf,inf,inf,inf,inf,inf,1543
1779238505.9401416779,-0.0069713071,0.1067367867,0.0910058171,-0.0166377581,0.0719691104,-0.0005989747,nan,nan,nan,nan,nan,nan,nan,nan,nan,nan,nan,nan,nan,nan,nan,nan,nan,nan,nan,0.0000000000,0.0000000000,0.0000000000,0.0000000000,0.0000000000,-0.0002573151,nan,nan,nan,nan,nan,nan,nan,nan,nan,nan,nan,nan,nan,nan,nan,nan,nan,nan,nan,nan,nan,0.0300199986,inf,inf,inf,inf,inf,inf,0.0899593830,0.0300009251,inf,inf,inf,inf,inf,inf,inf,1543
1779238505.9501264095,-0.0069713071,0.1067367867,0.0910058171,-0.0166377581,0.0719691104,-0.0005989747,nan,nan,nan,nan,nan,nan,nan,nan,nan,nan,nan,nan,nan,nan,nan,nan,nan,nan,nan,0.0000000000,0.0000000000,0.0000000000,0.0000000000,0.0000000000,-0.0002573151,nan,nan,nan,nan,nan,nan,nan,nan,nan,nan,nan,nan,nan,nan,nan,nan,nan,nan,nan,nan,nan,0.0400047302,inf,inf,inf,inf,inf,inf,0.0000073910,0.0399856567,inf,inf,inf,inf,inf,inf,inf,1543
1779238505.9601271152,-0.0075892280,0.1065462604,0.0909947082,-0.0166377581,0.0719691104,-0.0005989747,nan,nan,nan,nan,nan,nan,nan,nan,nan,nan,nan,nan,nan,nan,nan,nan,nan,nan,nan,0.0000000000,0.0000000000,0.0000000000,0.0000000000,0.0000000000,-0.0002573151,nan,nan,nan,nan,nan,nan,nan,nan,nan,nan,nan,nan,nan,nan,nan,nan,nan,nan,nan,nan,nan,0.0000088215,inf,inf,inf,inf,inf,inf,0.0100080967,0.0499863625,inf,inf,inf,inf,inf,inf,inf,1543
1779238505.9701430798,-0.0075892280,0.1065462604,0.0909947082,-0.0166377581,0.0719691104,-0.0005989747,nan,nan,nan,nan,nan,nan,nan,nan,nan,nan,nan,nan,nan,nan,nan,nan,nan,nan,nan,0.0000000000,0.0000000000,0.0000000000,0.0000000000,0.0000000000,-0.0002573151,nan,nan,nan,nan,nan,nan,nan,nan,nan,nan,nan,nan,nan,nan,nan,nan,nan,nan,nan,nan,nan,0.0100247860,inf,inf,inf,inf,inf,inf,0.0200240612,0.0600023270,inf,inf,inf,inf,inf,inf,inf,1543
1779238505.9801328182,-0.0075892280,0.1065462604,0.0909947082,-0.0166377581,0.0719691104,-0.0005989747,nan,nan,nan,nan,nan,nan,nan,nan,nan,nan,nan,nan,nan,nan,nan,nan,nan,nan,nan,0.0000000000,0.0000000000,0.0000000000,0.0000000000,0.0000000000,-0.0002573151,nan,nan,nan,nan,nan,nan,nan,nan,nan,nan,nan,nan,nan,nan,nan,nan,nan,nan,nan,nan,nan,0.0200145245,inf,inf,inf,inf,inf,inf,0.0300137997,0.0699920654,inf,inf,inf,inf,inf,inf,inf,1543
1779238505.9901535511,-0.0075892280,0.1065462604,0.0909947082,-0.0166377581,0.0719691104,-0.0005989747,nan,nan,nan,nan,nan,nan,nan,nan,nan,nan,nan,nan,nan,nan,nan,nan,nan,nan,nan,0.0000000000,0.0000000000,0.0000000000,0.0000000000,0.0000000000,-0.0002573151,nan,nan,nan,nan,nan,nan,nan,nan,nan,nan,nan,nan,nan,nan,nan,nan,nan,nan,nan,nan,nan,0.0300352573,inf,inf,inf,inf,inf,inf,0.0400345325,0.0800127983,inf,inf,inf,inf,inf,inf,inf,1543
1779238506.0002052784,-0.0075892280,0.1065462604,0.0909947082,-0.0166377581,0.0719691104,-0.0005989747,nan,nan,nan,nan,nan,nan,nan,nan,nan,nan,nan,nan,nan,nan,nan,nan,nan,nan,nan,0.0000000000,0.0000000000,0.0000000000,0.0000000000,0.0000000000,-0.0002573151,nan,nan,nan,nan,nan,nan,nan,nan,nan,nan,nan,nan,nan,nan,nan,nan,nan,nan,nan,nan,nan,0.0400869846,inf,inf,inf,inf,inf,inf,0.0500862598,0.0900645256,inf,inf,inf,inf,inf,inf,inf,1543
1779238506.0101928711,-0.0083417026,0.1063087657,0.0909728706,-0.0166377581,0.0719691104,-0.0005989747,nan,nan,nan,nan,nan,nan,nan,nan,nan,nan,nan,nan,nan,nan,nan,nan,nan,nan,nan,0.0000000000,0.0000000000,0.0000000000,0.0000000000,0.0000000000,0.0038241965,nan,nan,nan,nan,nan,nan,nan,nan,nan,nan,nan,nan,nan,nan,nan,nan,nan,nan,nan,nan,nan,0.0000314713,inf,inf,inf,inf,inf,inf,0.0600738525,0.0000107288,inf,inf,inf,inf,inf,inf,inf,1543
1779238506.0201361179,-0.0083417026,0.1063087657,0.0909728706,-0.0166377581,0.0719691104,-0.0005989747,nan,nan,nan,nan,nan,nan,nan,nan,nan,nan,nan,nan,nan,nan,nan,nan,nan,nan,nan,0.0000000000,0.0000000000,0.0000000000,0.0000000000,0.0000000000,0.0038241965,nan,nan,nan,nan,nan,nan,nan,nan,nan,nan,nan,nan,nan,nan,nan,nan,nan,nan,nan,nan,nan,0.0099747181,inf,inf,inf,inf,inf,inf,0.0700170994,0.0099539757,inf,inf,inf,inf,inf,inf,inf,1543
1779238506.0302081108,-0.0083417026,0.1063087657,0.0909728706,-0.0166377581,0.0719691104,-0.0005989747,nan,nan,nan,nan,nan,nan,nan,nan,nan,nan,nan,nan,nan,nan,nan,nan,nan,nan,nan,0.0000000000,0.0000000000,0.0000000000,0.0000000000,0.0000000000,0.0038241965,nan,nan,nan,nan,nan,nan,nan,nan,nan,nan,nan,nan,nan,nan,nan,nan,nan,nan,nan,nan,nan,0.0200467110,inf,inf,inf,inf,inf,inf,0.0800890923,0.0200259686,inf,inf,inf,inf,inf,inf,inf,1543
1779238506.0401456356,-0.0083417026,0.1063087657,0.0909728706,-0.0166377581,0.0719691104,-0.0005989747,nan,nan,nan,nan,nan,nan,nan,nan,nan,nan,nan,nan,nan,nan,nan,nan,nan,nan,nan,0.0000000000,0.0000000000,0.0000000000,0.0000000000,0.0000000000,0.0038241965,nan,nan,nan,nan,nan,nan,nan,nan,nan,nan,nan,nan,nan,nan,nan,nan,nan,nan,nan,nan,nan,0.0299842358,inf,inf,inf,inf,inf,inf,0.0900266171,0.0299634933,inf,inf,inf,inf,inf,inf,inf,1543
1779238506.0502147675,-0.0083417026,0.1063087657,0.0909728706,-0.0166377581,0.0719691104,-0.0005989747,nan,nan,nan,nan,nan,nan,nan,nan,nan,nan,nan,nan,nan,nan,nan,nan,nan,nan,nan,0.0000000000,0.0000000000,0.0000000000,0.0000000000,0.0000000000,0.0038241965,nan,nan,nan,nan,nan,nan,nan,nan,nan,nan,nan,nan,nan,nan,nan,nan,nan,nan,nan,nan,nan,0.0400533676,inf,inf,inf,inf,inf,inf,0.0000138283,0.0400326252,inf,inf,inf,inf,inf,inf,inf,1543
1779238506.0602350235,-0.0062721251,0.1069059372,0.0910009146,-0.0194108005,0.0719682163,-0.0006988039,3.3039999008,nan,nan,nan,nan,nan,nan,nan,nan,nan,nan,nan,nan,nan,nan,nan,nan,nan,nan,0.0000000000,0.0000000000,0.0000000000,0.0000000000,0.0000000000,0.0038241965,nan,nan,nan,nan,nan,nan,nan,nan,nan,nan,nan,nan,nan,nan,nan,nan,nan,nan,nan,nan,nan,0.0000538826,0.0000112057,inf,inf,inf,inf,inf,0.0100340843,0.0500528812,inf,inf,inf,inf,inf,inf,inf,1551
1779238506.0702111721,-0.0062721251,0.1069059372,0.0910009146,-0.0194108005,0.0719682163,-0.0006988039,3.3039999008,nan,nan,nan,nan,nan,nan,nan,nan,nan,nan,nan,nan,nan,nan,nan,nan,nan,nan,0.0000000000,0.0000000000,0.0000000000,0.0000000000,0.0000000000,0.0038241965,nan,nan,nan,nan,nan,nan,nan,nan,nan,nan,nan,nan,nan,nan,nan,nan,nan,nan,nan,nan,nan,0.0100300312,0.0099873543,inf,inf,inf,inf,inf,0.0200102329,0.0600290298,inf,inf,inf,inf,inf,inf,inf,1551
1779238506.0801477432,-0.0062721251,0.1069059372,0.0910009146,-0.0194108005,0.0719682163,-0.0006988039,3.3039999008,nan,nan,nan,nan,nan,nan,nan,nan,nan,nan,nan,nan,nan,nan,nan,nan,nan,nan,0.0000000000,0.0000000000,0.0000000000,0.0000000000,0.0000000000,0.0038241965,nan,nan,nan,nan,nan,nan,nan,nan,nan,nan,nan,nan,nan,nan,nan,nan,nan,nan,nan,nan,nan,0.0199666023,0.0199239254,inf,inf,inf,inf,inf,0.0299468040,0.0699656010,inf,inf,inf,inf,inf,inf,inf,1551
1779238506.0901954174,-0.0062721251,0.1069059372,0.0910009146,-0.0194108005,0.0719682163,-0.0006988039,3.3039999008,nan,nan,nan,nan,nan,nan,nan,nan,nan,nan,nan,nan,nan,nan,nan,nan,nan,nan,0.0000000000,0.0000000000,0.0000000000,0.0000000000,0.0000000000,0.0038241965,nan,nan,nan,nan,nan,nan,nan,nan,nan,nan,nan,nan,nan,nan,nan,nan,nan,nan,nan,nan,nan,0.0300142765,0.0299715996,inf,inf,inf,inf,inf,0.0399944782,0.0800132751,inf,inf,inf,inf,inf,inf,inf,1551
1779238506.1001260281,-0.0062721251,0.1069059372,0.0910009146,-0.0194108005,0.0719682163,-0.0006988039,3.3039999008,nan,nan,nan,nan,nan,nan,nan,nan,nan,nan,nan,nan,nan,nan,nan,nan,nan,nan,0.0000000000,0.0000000000,0.0000000000,0.0000000000,0.0000000000,0.0038241965,nan,nan,nan,nan,nan,nan,nan,nan,nan,nan,nan,nan,nan,nan,nan,nan,nan,nan,nan,nan,nan,0.0399448872,0.0399022102,inf,inf,inf,inf,inf,0.0499250889,0.0899438858,inf,inf,inf,inf,inf,inf,inf,1551
1779238506.1101939678,-0.0067041535,0.1067194492,0.0909992009,-0.0194108005,0.0719682163,-0.0006988039,3.3039999008,nan,nan,nan,nan,nan,nan,nan,nan,nan,nan,nan,nan,nan,nan,nan,nan,nan,nan,0.0000000000,0.0000000000,0.0000000000,0.0000000000,0.0000000000,0.0063087055,nan,nan,nan,nan,nan,nan,nan,nan,nan,nan,nan,nan,nan,nan,nan,nan,nan,nan,nan,nan,nan,0.0000298023,0.0499701500,inf,inf,inf,inf,inf,0.0599930286,0.0000095367,inf,inf,inf,inf,inf,inf,inf,1551
1779238506.1201860905,-0.0067041535,0.1067194492,0.0909992009,-0.0194108005,0.0719682163,-0.0006988039,3.3039999008,nan,nan,nan,nan,nan,nan,nan,nan,nan,nan,nan,nan,nan,nan,nan,nan,nan,nan,0.0000000000,0.0000000000,0.0000000000,0.0000000000,0.0000000000,0.0063087055,nan,nan,nan,nan,nan,nan,nan,nan,nan,nan,nan,nan,nan,nan,nan,nan,nan,nan,nan,nan,nan,0.0100219250,0.0599622726,inf,inf,inf,inf,inf,0.0699851513,0.0100016594,inf,inf,inf,inf,inf,inf,inf,1551
1779238506.1301875114,-0.0067041535,0.1067194492,0.0909992009,-0.0194108005,0.0719682163,-0.0006988039,3.3039999008,nan,nan,nan,nan,nan,nan,nan,nan,nan,nan,nan,nan,nan,nan,nan,nan,nan,nan,0.0000000000,0.0000000000,0.0000000000,0.0000000000,0.0000000000,0.0063087055,nan,nan,nan,nan,nan,nan,nan,nan,nan,nan,nan,nan,nan,nan,nan,nan,nan,nan,nan,nan,nan,0.0200233459,0.0699636936,inf,inf,inf,inf,inf,0.0799865723,0.0200030804,inf,inf,inf,inf,inf,inf,inf,1551
1779238506.1401319504,-0.0067041535,0.1067194492,0.0909992009,-0.0194108005,0.0719682163,-0.0006988039,3.3039999008,nan,nan,nan,nan,nan,nan,nan,nan,nan,nan,nan,nan,nan,nan,nan,nan,nan,nan,0.0000000000,0.0000000000,0.0000000000,0.0000000000,0.0000000000,0.0063087055,nan,nan,nan,nan,nan,nan,nan,nan,nan,nan,nan,nan,nan,nan,nan,nan,nan,nan,nan,nan,nan,0.0299677849,0.0799081326,inf,inf,inf,inf,inf,0.0899310112,0.0299475193,inf,inf,inf,inf,inf,inf,inf,1551
1779238506.1501371861,-0.0067041535,0.1067194492,0.0909992009,-0.0194108005,0.0719682163,-0.0006988039,3.3039999008,nan,nan,nan,nan,nan,nan,nan,nan,nan,nan,nan,nan,nan,nan,nan,nan,nan,nan,0.0000000000,0.0000000000,0.0000000000,0.0000000000,0.0000000000,0.0063087055,nan,nan,nan,nan,nan,nan,nan,nan,nan,nan,nan,nan,nan,nan,nan,nan,nan,nan,nan,nan,nan,0.0399730206,0.0899133682,inf,inf,inf,inf,inf,0.0000090599,0.0399527550,inf,inf,inf,inf,inf,inf,inf,1551
1779238506.1602053642,-0.0064413883,0.1068362370,0.0910086110,-0.0194108005,0.0719682163,-0.0006988039,3.3039999008,nan,nan,nan,nan,nan,nan,nan,nan,nan,nan,nan,nan,nan,nan,nan,nan,nan,nan,0.0000000000,0.0000000000,0.0000000000,0.0000000000,0.0000000000,0.0063087055,nan,nan,nan,nan,nan,nan,nan,nan,nan,nan,nan,nan,nan,nan,nan,nan,nan,nan,nan,nan,nan,0.0000154972,0.0999815464,inf,inf,inf,inf,inf,0.0100772381,0.0500209332,inf,inf,inf,inf,inf,inf,inf,1551
1779238506.1702079773,-0.0064413883,0.1068362370,0.0910086110,-0.0194108005,0.0719682163,-0.0006988039,3.3039999008,nan,nan,nan,nan,nan,nan,nan,nan,nan,nan,nan,nan,nan,nan,nan,nan,nan,nan,0.0000000000,0.0000000000,0.0000000000,0.0000000000,0.0000000000,0.0063087055,nan,nan,nan,nan,nan,nan,nan,nan,nan,nan,nan,nan,nan,nan,nan,nan,nan,nan,nan,nan,nan,0.0100181103,0.1099841595,inf,inf,inf,inf,inf,0.0200798512,0.0600235462,inf,inf,inf,inf,inf,inf,inf,1551
1779238506.1802270412,-0.0064413883,0.1068362370,0.0910086110,-0.0194108005,0.0719682163,-0.0006988039,3.3039999008,nan,nan,nan,nan,nan,nan,nan,nan,nan,nan,nan,nan,nan,nan,nan,nan,nan,nan,0.0000000000,0.0000000000,0.0000000000,0.0000000000,0.0000000000,0.0063087055,nan,nan,nan,nan,nan,nan,nan,nan,nan,nan,nan,nan,nan,nan,nan,nan,nan,nan,nan,nan,nan,0.0200371742,0.1200032234,inf,inf,inf,inf,inf,0.0300989151,0.0700426102,inf,inf,inf,inf,inf,inf,inf,1551
1779238506.1902503967,-0.0064413883,0.1068362370,0.0910086110,-0.0194108005,0.0719682163,-0.0006988039,3.3039999008,nan,nan,nan,nan,nan,nan,nan,nan,nan,nan,nan,nan,nan,nan,nan,nan,nan,nan,0.0000000000,0.0000000000,0.0000000000,0.0000000000,0.0000000000,0.0063087055,nan,nan,nan,nan,nan,nan,nan,nan,nan,nan,nan,nan,nan,nan,nan,nan,nan,nan,nan,nan,nan,0.0300605297,0.1300265789,inf,inf,inf,inf,inf,0.0401222706,0.0800659657,inf,inf,inf,inf,inf,inf,inf,1551
1779238506.2001428604,-0.0064413883,0.1068362370,0.0910086110,-0.0194108005,0.0719682163,-0.0006988039,3.3039999008,nan,nan,nan,nan,nan,nan,nan,nan,nan,nan,nan,nan,nan,nan,nan,nan,nan,nan,0.0000000000,0.0000000000,0.0000000000,0.0000000000,0.0000000000,0.0063087055,nan,nan,nan,nan,nan,nan,nan,nan,nan,nan,nan,nan,nan,nan,nan,nan,nan,nan,nan,nan,nan,0.0399529934,0.1399190426,inf,inf,inf,inf,inf,0.0500147343,0.0899584293,inf,inf,inf,inf,inf,inf,inf,1551
1779238506.2102246284,-0.0066342759,0.1068080664,0.0910150260,-0.0194108005,0.0719682163,-0.0006988039,3.3039999008,nan,nan,nan,nan,nan,nan,nan,nan,nan,nan,nan,nan,nan,nan,nan,nan,nan,nan,0.0000000000,0.0000000000,0.0000000000,0.0000000000,0.0000000000,0.0091422768,nan,nan,nan,nan,nan,nan,nan,nan,nan,nan,nan,nan,nan,nan,nan,nan,nan,nan,nan,nan,nan,0.0000410080,0.1500008106,inf,inf,inf,inf,inf,0.0600965023,0.0000128746,inf,inf,inf,inf,inf,inf,inf,1551
1779238506.2202095985,-0.0066342759,0.1068080664,0.0910150260,-0.0194108005,0.0719682163,-0.0006988039,3.3039999008,nan,nan,nan,nan,nan,nan,nan,nan,nan,nan,nan,nan,nan,nan,nan,nan,nan,nan,0.0000000000,0.0000000000,0.0000000000,0.0000000000,0.0000000000,0.0091422768,nan,nan,nan,nan,nan,nan,nan,nan,nan,nan,nan,nan,nan,nan,nan,nan,nan,nan,nan,nan,nan,0.0100259781,0.1599857807,inf,inf,inf,inf,inf,0.0700814724,0.0099978447,inf,inf,inf,inf,inf,inf,inf,1551
1779238506.2302179337,-0.0066342759,0.1068080664,0.0910150260,-0.0194108005,0.0719682163,-0.0006988039,3.3039999008,nan,nan,nan,nan,nan,nan,nan,nan,nan,nan,nan,nan,nan,nan,nan,nan,nan,nan,0.0000000000,0.0000000000,0.0000000000,0.0000000000,0.0000000000,0.0091422768,nan,nan,nan,nan,nan,nan,nan,nan,nan,nan,nan,nan,nan,nan,nan,nan,nan,nan,nan,nan,nan,0.0200343132,0.1699941158,inf,inf,inf,inf,inf,0.0800898075,0.0200061798,inf,inf,inf,inf,inf,inf,inf,1551
1779238506.2402117252,-0.0066342759,0.1068080664,0.0910150260,-0.0194108005,0.0719682163,-0.0006988039,3.3039999008,nan,nan,nan,nan,nan,nan,nan,nan,nan,nan,nan,nan,nan,nan,nan,nan,nan,nan,0.0000000000,0.0000000000,0.0000000000,0.0000000000,0.0000000000,0.0091422768,nan,nan,nan,nan,nan,nan,nan,nan,nan,nan,nan,nan,nan,nan,nan,nan,nan,nan,nan,nan,nan,0.0300281048,0.1799879074,inf,inf,inf,inf,inf,0.0900835991,0.0299999714,inf,inf,inf,inf,inf,inf,inf,1551
1779238506.2502164841,-0.0066342759,0.1068080664,0.0910150260,-0.0194108005,0.0719682163,-0.0006988039,3.3039999008,nan,nan,nan,nan,nan,nan,nan,nan,nan,nan,nan,nan,nan,nan,nan,nan,nan,nan,0.0000000000,0.0000000000,0.0000000000,0.0000000000,0.0000000000,0.0091422768,nan,nan,nan,nan,nan,nan,nan,nan,nan,nan,nan,nan,nan,nan,nan,nan,nan,nan,nan,nan,nan,0.0400328636,0.1899926662,inf,inf,inf,inf,inf,0.0000178814,0.0400047302,inf,inf,inf,inf,inf,inf,inf,1551
1779238506.2602391243,-0.0062230714,0.1069469824,0.0910099521,-0.0194108005,0.0719682163,-0.0006988039,3.3039999008,nan,nan,nan,nan,nan,nan,nan,nan,nan,nan,nan,nan,nan,nan,nan,nan,nan,nan,0.0000000000,0.0000000000,0.0000000000,0.0000000000,0.0000000000,0.0091422768,nan,nan,nan,nan,nan,nan,nan,nan,nan,nan,nan,nan,nan,nan,nan,nan,nan,nan,nan,nan,nan,0.0000195503,0.2000153065,inf,inf,inf,inf,inf,0.0100405216,0.0500273705,inf,inf,inf,inf,inf,inf,inf,1551
1779238506.2702805996,-0.0062230714,0.1069469824,0.0910099521,-0.0194108005,0.0719682163,-0.0006988039,3.3039999008,nan,nan,nan,nan,nan,nan,nan,nan,nan,nan,nan,nan,nan,nan,nan,nan,nan,nan,0.0000000000,0.0000000000,0.0000000000,0.0000000000,0.0000000000,0.0091422768,nan,nan,nan,nan,nan,nan,nan,nan,nan,nan,nan,nan,nan,nan,nan,nan,nan,nan,nan,nan,nan,0.0100610256,0.2100567818,inf,inf,inf,inf,inf,0.0200819969,0.0600688457,inf,inf,inf,inf,inf,inf,inf,1551
1779238506.2802793980,-0.0062230714,0.1069469824,0.0910099521,-0.0194108005,0.0719682163,-0.0006988039,3.3039999008,nan,nan,nan,nan,nan,nan,nan,nan,nan,nan,nan,nan,nan,nan,nan,nan,nan,nan,0.0000000000,0.0000000000,0.0000000000,0.0000000000,0.0000000000,0.0091422768,nan,nan,nan,nan,nan,nan,nan,nan,nan,nan,nan,nan,nan,nan,nan,nan,nan,nan,nan,nan,nan,0.0200598240,0.2200555801,inf,inf,inf,inf,inf,0.0300807953,0.0700676441,inf,inf,inf,inf,inf,inf,inf,1551
1779238506.2902884483,-0.0062230714,0.1069469824,0.0910099521,-0.0194108005,0.0719682163,-0.0006988039,3.3039999008,nan,nan,nan,nan,nan,nan,nan,nan,nan,nan,nan,nan,nan,nan,nan,nan,nan,nan,0.0000000000,0.0000000000,0.0000000000,0.0000000000,0.0000000000,0.0091422768,nan,nan,nan,nan,nan,nan,nan,nan,nan,nan,nan,nan,nan,nan,nan,nan,nan,nan,nan,nan,nan,0.0300688744,0.2300646305,inf,inf,inf,inf,inf,0.0400898457,0.0800766945,inf,inf,inf,inf,inf,inf,inf,1551
1779238506.3003945351,-0.0062230714,0.1069469824,0.0910099521,-0.0194108005,0.0719682163,-0.0006988039,3.3039999008,nan,nan,nan,nan,nan,nan,nan,nan,nan,nan,nan,nan,nan,nan,nan,nan,nan,nan,0.0000000000,0.0000000000,0.0000000000,0.0000000000,0.0000000000,0.0091422768,nan,nan,nan,nan,nan,nan,nan,nan,nan,nan,nan,nan,nan,nan,nan,nan,nan,nan,nan,nan,nan,0.0401749611,0.2401707172,inf,inf,inf,inf,inf,0.0501959324,0.0901827812,inf,inf,inf,inf,inf,inf,inf,1551
1779238506.3103365898,-0.0067732581,0.1068243757,0.0910509899,-0.0194108005,0.0719682163,-0.0006988039,3.3039999008,nan,nan,nan,nan,nan,nan,nan,nan,nan,nan,nan,nan,nan,nan,nan,nan,nan,nan,0.0000000000,0.0000000000,0.0000000000,0.0000000000,0.0000000000,0.0111746332,nan,nan,nan,nan,nan,nan,nan,nan,nan,nan,nan,nan,nan,nan,nan,nan,nan,nan,nan,nan,nan,0.0000674725,0.2501127720,inf,inf,inf,inf,inf,0.0601379871,0.0000219345,inf,inf,inf,inf,inf,inf,inf,1551
1779238506.3203294277,-0.0067732581,0.1068243757,0.0910509899,-0.0194108005,0.0719682163,-0.0006988039,3.3039999008,nan,nan,nan,nan,nan,nan,nan,nan,nan,nan,nan,nan,nan,nan,nan,nan,nan,nan,0.0000000000,0.0000000000,0.0000000000,0.0000000000,0.0000000000,0.0111746332,nan,nan,nan,nan,nan,nan,nan,nan,nan,nan,nan,nan,nan,nan,nan,nan,nan,nan,nan,nan,nan,0.0100603104,0.2601056099,inf,inf,inf,inf,inf,0.0701308250,0.0100147724,inf,inf,inf,inf,inf,inf,inf,1551
1779238506.3302993774,-0.0067732581,0.1068243757,0.0910509899,-0.0194108005,0.0719682163,-0.0006988039,3.3039999008,nan,nan,nan,nan,nan,nan,nan,nan,nan,nan,nan,nan,nan,nan,nan,nan,nan,nan,0.0000000000,0.0000000000,0.0000000000,0.0000000000,0.0000000000,0.0111746332,nan,nan,nan,nan,nan,nan,nan,nan,nan,nan,nan,nan,nan,nan,nan,nan,nan,nan,nan,nan,nan,0.0200302601,0.2700755596,inf,inf,inf,inf,inf,0.0801007748,0.0199847221,inf,inf,inf,inf,inf,inf,inf,1551
1779238506.3402080536,-0.0067732581,0.1068243757,0.0910509899,-0.0194108005,0.0719682163,-0.0006988039,3.3039999008,nan,nan,nan,nan,nan,nan,nan,nan,nan,nan,nan,nan,nan,nan,nan,nan,nan,nan,0.0000000000,0.0000000000,0.0000000000,0.0000000000,0.0000000000,0.0111746332,nan,nan,nan,nan,nan,nan,nan,nan,nan,nan,nan,nan,nan,nan,nan,nan,nan,nan,nan,nan,nan,0.0299389362,0.2799842358,inf,inf,inf,inf,inf,0.0900094509,0.0298933983,inf,inf,inf,inf,inf,inf,inf,1551
1779238506.3501927853,-0.0067732581,0.1068243757,0.0910509899,-0.0194108005,0.0719682163,-0.0006988039,3.3039999008,nan,nan,nan,nan,nan,nan,nan,nan,nan,nan,nan,nan,nan,nan,nan,nan,nan,nan,0.0000000000,0.0000000000,0.0000000000,0.0000000000,0.0000000000,0.0111746332,nan,nan,nan,nan,nan,nan,nan,nan,nan,nan,nan,nan,nan,nan,nan,nan,nan,nan,nan,nan,nan,0.0399236679,0.2899689674,inf,inf,inf,inf,inf,0.0000126362,0.0398781300,inf,inf,inf,inf,inf,inf,inf,1551
1779238506.3602054119,-0.0074543850,0.1066664755,0.0910944417,-0.0194108005,0.0719682163,-0.0006988039,3.3039999008,nan,nan,nan,nan,nan,nan,nan,nan,nan,nan,nan,nan,nan,nan,nan,nan,nan,nan,0.0000000000,0.0000000000,0.0000000000,0.0000000000,0.0000000000,0.0111746332,nan,nan,nan,nan,nan,nan,nan,nan,nan,nan,nan,nan,nan,nan,nan,nan,nan,nan,nan,nan,nan,0.0000119209,0.2999815941,inf,inf,inf,inf,inf,0.0100252628,0.0498907566,inf,inf,inf,inf,inf,inf,inf,1551
1779238506.3701364994,-0.0074543850,0.1066664755,0.0910944417,-0.0194108005,0.0719682163,-0.0006988039,3.3039999008,nan,nan,nan,nan,nan,nan,nan,nan,nan,nan,nan,nan,nan,nan,nan,nan,nan,nan,0.0000000000,0.0000000000,0.0000000000,0.0000000000,0.0000000000,0.0111746332,nan,nan,nan,nan,nan,nan,nan,nan,nan,nan,nan,nan,nan,nan,nan,nan,nan,nan,nan,nan,nan,0.0099430084,0.3099126816,inf,inf,inf,inf,inf,0.0199563503,0.0598218441,inf,inf,inf,inf,inf,inf,inf,1551
1779238506.3802263737,-0.0074543850,0.1066664755,0.0910944417,-0.0194108005,0.0719682163,-0.0006988039,3.3039999008,nan,nan,nan,nan,nan,nan,nan,nan,nan,nan,nan,nan,nan,nan,nan,nan,nan,nan,0.0000000000,0.0000000000,0.0000000000,0.0000000000,0.0000000000,0.0111746332,nan,nan,nan,nan,nan,nan,nan,nan,nan,nan,nan,nan,nan,nan,nan,nan,nan,nan,nan,nan,nan,0.0200328827,0.3200025558,inf,inf,inf,inf,inf,0.0300462246,0.0699117184,inf,inf,inf,inf,inf,inf,inf,1551
1779238506.3902621269,-0.0074543850,0.1066664755,0.0910944417,-0.0194108005,0.0719682163,-0.0006988039,3.3039999008,nan,nan,nan,nan,nan,nan,nan,nan,nan,nan,nan,nan,nan,nan,nan,nan,nan,nan,0.0000000000,0.0000000000,0.0000000000,0.0000000000,0.0000000000,0.0111746332,nan,nan,nan,nan,nan,nan,nan,nan,nan,nan,nan,nan,nan,nan,nan,nan,nan,nan,nan,nan,nan,0.0300686359,0.3300383091,inf,inf,inf,inf,inf,0.0400819778,0.0799474716,inf,inf,inf,inf,inf,inf,inf,1551
1779238506.4002492428,-0.0074543850,0.1066664755,0.0910944417,-0.0194108005,0.0719682163,-0.0006988039,3.3039999008,nan,nan,nan,nan,nan,nan,nan,nan,nan,nan,nan,nan,nan,nan,nan,nan,nan,nan,0.0000000000,0.0000000000,0.0000000000,0.0000000000,0.0000000000,0.0111746332,nan,nan,nan,nan,nan,nan,nan,nan,nan,nan,nan,nan,nan,nan,nan,nan,nan,nan,nan,nan,nan,0.0400557518,0.3400254250,inf,inf,inf,inf,inf,0.0500690937,0.0899345875,inf,inf,inf,inf,inf,inf,inf,1551
1779238506.4102334976,-0.0068286601,0.1068112329,0.0910472572,-0.0194108005,0.0719682163,-0.0006988039,3.3039999008,nan,nan,nan,nan,nan,nan,nan,nan,nan,nan,nan,nan,nan,nan,nan,nan,nan,nan,0.0000000000,0.0000000000,0.0000000000,0.0000000000,0.0000000000,0.0154716186,nan,nan,nan,nan,nan,nan,nan,nan,nan,nan,nan,nan,nan,nan,nan,nan,nan,nan,nan,nan,nan,0.0000422001,0.3500096798,inf,inf,inf,inf,inf,0.0600533485,0.0000140667,inf,inf,inf,inf,inf,inf,inf,1551
1779238506.4202721119,-0.0068286601,0.1068112329,0.0910472572,-0.0194108005,0.0719682163,-0.0006988039,3.3039999008,nan,nan,nan,nan,nan,nan,nan,nan,nan,nan,nan,nan,nan,nan,nan,nan,nan,nan,0.0000000000,0.0000000000,0.0000000000,0.0000000000,0.0000000000,0.0154716186,nan,nan,nan,nan,nan,nan,nan,nan,nan,nan,nan,nan,nan,nan,nan,nan,nan,nan,nan,nan,nan,0.0100808144,0.3600482941,inf,inf,inf,inf,inf,0.0700919628,0.0100526810,inf,inf,inf,inf,inf,inf,inf,1551
1779238506.4302604198,-0.0068286601,0.1068112329,0.0910472572,-0.0194108005,0.0719682163,-0.0006988039,3.3039999008,nan,nan,nan,nan,nan,nan,nan,nan,nan,nan,nan,nan,nan,nan,nan,nan,nan,nan,0.0000000000,0.0000000000,0.0000000000,0.0000000000,0.0000000000,0.0154716186,nan,nan,nan,nan,nan,nan,nan,nan,nan,nan,nan,nan,nan,nan,nan,nan,nan,nan,nan,nan,nan,0.0200691223,0.3700366020,inf,inf,inf,inf,inf,0.0800802708,0.0200409889,inf,inf,inf,inf,inf,inf,inf,1551
1779238506.4402565956,-0.0068286601,0.1068112329,0.0910472572,-0.0194108005,0.0719682163,-0.0006988039,3.3039999008,nan,nan,nan,nan,nan,nan,nan,nan,nan,nan,nan,nan,nan,nan,nan,nan,nan,nan,0.0000000000,0.0000000000,0.0000000000,0.0000000000,0.0000000000,0.0154716186,nan,nan,nan,nan,nan,nan,nan,nan,nan,nan,nan,nan,nan,nan,nan,nan,nan,nan,nan,nan,nan,0.0300652981,0.3800327778,inf,inf,inf,inf,inf,0.0900764465,0.0300371647,inf,inf,inf,inf,inf,inf,inf,1551
1779238506.4502174854,-0.0068286601,0.1068112329,0.0910472572,-0.0194108005,0.0719682163,-0.0006988039,3.3039999008,nan,nan,nan,nan,nan,nan,nan,nan,nan,nan,nan,nan,nan,nan,nan,nan,nan,nan,0.0000000000,0.0000000000,0.0000000000,0.0000000000,0.0000000000,0.0154716186,nan,nan,nan,nan,nan,nan,nan,nan,nan,nan,nan,nan,nan,nan,nan,nan,nan,nan,nan,nan,nan,0.0400261879,0.3899936676,inf,inf,inf,inf,inf,0.0000171661,0.0399980545,inf,inf,inf,inf,inf,inf,inf,1551
1779238506.4602634907,-0.0074734194,0.1066881046,0.0910725221,-0.0194137648,0.0747374889,-0.0007258287,3.3039999008,nan,nan,nan,nan,nan,nan,nan,nan,nan,nan,nan,nan,nan,nan,nan,nan,nan,nan,0.0000000000,0.0000000000,0.0000000000,0.0000000000,0.0000000000,0.0154716186,nan,nan,nan,nan,nan,nan,nan,nan,nan,nan,nan,nan,nan,nan,nan,nan,nan,nan,nan,nan,nan,0.0000219345,0.4000396729,inf,inf,inf,inf,inf,0.0100631714,0.0500440598,inf,inf,inf,inf,inf,inf,inf,1551
1779238506.4702713490,-0.0074734194,0.1066881046,0.0910725221,-0.0194137648,0.0747374889,-0.0007258287,3.3039999008,nan,nan,nan,nan,nan,nan,nan,nan,nan,nan,nan,nan,nan,nan,nan,nan,nan,nan,0.0000000000,0.0000000000,0.0000000000,0.0000000000,0.0000000000,0.0154716186,nan,nan,nan,nan,nan,nan,nan,nan,nan,nan,nan,nan,nan,nan,nan,nan,nan,nan,nan,nan,nan,0.0100297928,0.4100475311,inf,inf,inf,inf,inf,0.0200710297,0.0600519180,inf,inf,inf,inf,inf,inf,inf,1551
1779238506.4802877903,-0.0074734194,0.1066881046,0.0910725221,-0.0194137648,0.0747374889,-0.0007258287,3.3039999008,nan,nan,nan,nan,nan,nan,nan,nan,nan,nan,nan,nan,nan,nan,nan,nan,nan,nan,0.0000000000,0.0000000000,0.0000000000,0.0000000000,0.0000000000,0.0154716186,nan,nan,nan,nan,nan,nan,nan,nan,nan,nan,nan,nan,nan,nan,nan,nan,nan,nan,nan,nan,nan,0.0200462341,0.4200639725,inf,inf,inf,inf,inf,0.0300874710,0.0700683594,inf,inf,inf,inf,inf,inf,inf,1551
1779238506.4902532101,-0.0074734194,0.1066881046,0.0910725221,-0.0194137648,0.0747374889,-0.0007258287,3.3039999008,nan,nan,nan,nan,nan,nan,nan,nan,nan,nan,nan,nan,nan,nan,nan,nan,nan,nan,0.0000000000,0.0000000000,0.0000000000,0.0000000000,0.0000000000,0.0154716186,nan,nan,nan,nan,nan,nan,nan,nan,nan,nan,nan,nan,nan,nan,nan,nan,nan,nan,nan,nan,nan,0.0300116539,0.4300293922,inf,inf,inf,inf,inf,0.0400528908,0.0800337791,inf,inf,inf,inf,inf,inf,inf,1551
1779238506.5002865791,-0.0074734194,0.1066881046,0.0910725221,-0.0194137648,0.0747374889,-0.0007258287,3.3039999008,nan,nan,nan,nan,nan,nan,nan,nan,nan,nan,nan,nan,nan,nan,nan,nan,nan,nan,0.0000000000,0.0000000000,0.0000000000,0.0000000000,0.0000000000,0.0154716186,nan,nan,nan,nan,nan,nan,nan,nan,nan,nan,nan,nan,nan,nan,nan,nan,nan,nan,nan,nan,nan,0.0400450230,0.4400627613,inf,inf,inf,inf,inf,0.0500862598,0.0900671482,inf,inf,inf,inf,inf,inf,inf,1551
1779238506.5102100372,-0.0082740393,0.1065339297,0.0910949558,-0.0194137648,0.0747374889,-0.0007258287,3.3039999008,nan,nan,nan,nan,nan,nan,nan,nan,nan,nan,nan,nan,nan,nan,nan,nan,nan,nan,0.0000000000,0.0000000000,0.0000000000,0.0000000000,0.0000000000,0.0154716186,nan,nan,nan,nan,nan,nan,nan,nan,nan,nan,nan,nan,nan,nan,nan,nan,nan,nan,nan,nan,nan,0.0000183582,0.4499862194,inf,inf,inf,inf,inf,0.0600097179,0.0999906063,inf,inf,inf,inf,inf,inf,inf,1551
1779238506.5201776028,-0.0082740393,0.1065339297,0.0910949558,-0.0194137648,0.0747374889,-0.0007258287,3.3039999008,nan,nan,nan,nan,nan,nan,nan,nan,nan,nan,nan,nan,nan,nan,nan,nan,nan,nan,0.0000000000,0.0000000000,0.0000000000,0.0000000000,0.0000000000,0.0215709656,nan,nan,nan,nan,nan,nan,nan,nan,nan,nan,nan,nan,nan,nan,nan,nan,nan,nan,nan,nan,nan,0.0099859238,0.4599537849,inf,inf,inf,inf,inf,0.0699772835,0.0000121593,inf,inf,inf,inf,inf,inf,inf,1551
1779238506.5302276611,-0.0082740393,0.1065339297,0.0910949558,-0.0194137648,0.0747374889,-0.0007258287,3.3039999008,nan,nan,nan,nan,nan,nan,nan,nan,nan,nan,nan,nan,nan,nan,nan,nan,nan,nan,0.0000000000,0.0000000000,0.0000000000,0.0000000000,0.0000000000,0.0215709656,nan,nan,nan,nan,nan,nan,nan,nan,nan,nan,nan,nan,nan,nan,nan,nan,nan,nan,nan,nan,nan,0.0200359821,0.4700038433,inf,inf,inf,inf,inf,0.0800273418,0.0100622177,inf,inf,inf,inf,inf,inf,inf,1551
1779238506.5403480530,-0.0082740393,0.1065339297,0.0910949558,-0.0194137648,0.0747374889,-0.0007258287,3.3039999008,nan,nan,nan,nan,nan,nan,nan,nan,nan,nan,nan,nan,nan,nan,nan,nan,nan,nan,0.0000000000,0.0000000000,0.0000000000,0.0000000000,0.0000000000,0.0215709656,nan,nan,nan,nan,nan,nan,nan,nan,nan,nan,nan,nan,nan,nan,nan,nan,nan,nan,nan,nan,nan,0.0301563740,0.4801242352,inf,inf,inf,inf,inf,0.0901477337,0.0201826096,inf,inf,inf,inf,inf,inf,inf,1551
1779238506.5502541065,-0.0082740393,0.1065339297,0.0910949558,-0.0194137648,0.0747374889,-0.0007258287,3.3039999008,nan,nan,nan,nan,nan,nan,nan,nan,nan,nan,nan,nan,nan,nan,nan,nan,nan,nan,0.0000000000,0.0000000000,0.0000000000,0.0000000000,0.0000000000,0.0215709656,nan,nan,nan,nan,nan,nan,nan,nan,nan,nan,nan,nan,nan,nan,nan,nan,nan,nan,nan,nan,nan,0.0400624275,0.4900302887,inf,inf,inf,inf,inf,0.0000209808,0.0300886631,inf,inf,inf,inf,inf,inf,inf,1551
1779238506.5602397919,-0.0092327753,0.1063525751,0.0910997242,-0.0194137648,0.0747374889,-0.0007258287,3.3039999008,nan,nan,nan,nan,nan,nan,nan,nan,nan,nan,nan,nan,nan,nan,nan,nan,nan,nan,0.0000000000,0.0000000000,0.0000000000,0.0000000000,0.0000000000,0.0215709656,nan,nan,nan,nan,nan,nan,nan,nan,nan,nan,nan,nan,nan,nan,nan,nan,nan,nan,nan,nan,nan,0.0000209808,0.5000159740,inf,inf,inf,inf,inf,0.0100066662,0.0400743484,inf,inf,inf,inf,inf,inf,inf,1551
1779238506.5702338219,-0.0092327753,0.1063525751,0.0910997242,-0.0194137648,0.0747374889,-0.0007258287,3.3039999008,nan,nan,nan,nan,nan,nan,nan,nan,nan,nan,nan,nan,nan,nan,nan,nan,nan,nan,0.0000000000,0.0000000000,0.0000000000,0.0000000000,0.0000000000,0.0215709656,nan,nan,nan,nan,nan,nan,nan,nan,nan,nan,nan,nan,nan,nan,nan,nan,nan,nan,nan,nan,nan,0.0100150108,0.5100100040,inf,inf,inf,inf,inf,0.0200006962,0.0500683784,inf,inf,inf,inf,inf,inf,inf,1551
1779238506.5802323818,-0.0092327753,0.1063525751,0.0910997242,-0.0194137648,0.0747374889,-0.0007258287,3.3039999008,nan,nan,nan,nan,nan,nan,nan,nan,nan,nan,nan,nan,nan,nan,nan,nan,nan,nan,0.0000000000,0.0000000000,0.0000000000,0.0000000000,0.0000000000,0.0215709656,nan,nan,nan,nan,nan,nan,nan,nan,nan,nan,nan,nan,nan,nan,nan,nan,nan,nan,nan,nan,nan,0.0200135708,0.5200085640,inf,inf,inf,inf,inf,0.0299992561,0.0600669384,inf,inf,inf,inf,inf,inf,inf,1551
1779238506.5902421474,-0.0092327753,0.1063525751,0.0910997242,-0.0194137648,0.0747374889,-0.0007258287,3.3039999008,nan,nan,nan,nan,nan,nan,nan,nan,nan,nan,nan,nan,nan,nan,nan,nan,nan,nan,0.0000000000,0.0000000000,0.0000000000,0.0000000000,0.0000000000,0.0215709656,nan,nan,nan,nan,nan,nan,nan,nan,nan,nan,nan,nan,nan,nan,nan,nan,nan,nan,nan,nan,nan,0.0300233364,0.5300183296,inf,inf,inf,inf,inf,0.0400090218,0.0700767040,inf,inf,inf,inf,inf,inf,inf,1551
1779238506.6002211571,-0.0092327753,0.1063525751,0.0910997242,-0.0194137648,0.0747374889,-0.0007258287,3.3039999008,nan,nan,nan,nan,nan,nan,nan,nan,nan,nan,nan,nan,nan,nan,nan,nan,nan,nan,0.0000000000,0.0000000000,0.0000000000,0.0000000000,0.0000000000,0.0215709656,nan,nan,nan,nan,nan,nan,nan,nan,nan,nan,nan,nan,nan,nan,nan,nan,nan,nan,nan,nan,nan,0.0400023460,0.5399973392,inf,inf,inf,inf,inf,0.0499880314,0.0800557137,inf,inf,inf,inf,inf,inf,inf,1551
1779238506.6102492809,-0.0064404900,0.1069190800,0.0909996480,-0.0194137648,0.0747374889,-0.0007258287,3.3039999008,nan,nan,nan,nan,nan,nan,nan,nan,nan,nan,nan,nan,nan,nan,nan,nan,nan,nan,0.0000000000,0.0000000000,0.0000000000,0.0000000000,0.0000000000,0.0216876846,nan,nan,nan,nan,nan,nan,nan,nan,nan,nan,nan,nan,nan,nan,nan,nan,nan,nan,nan,nan,nan,0.0000448227,0.5500254631,inf,inf,inf,inf,inf,0.0600161552,0.0000157356,inf,inf,inf,inf,inf,inf,inf,1551
1779238506.6202173233,-0.0064404900,0.1069190800,0.0909996480,-0.0194137648,0.0747374889,-0.0007258287,3.3039999008,nan,nan,nan,nan,nan,nan,nan,nan,nan,nan,nan,nan,nan,nan,nan,nan,nan,nan,0.0000000000,0.0000000000,0.0000000000,0.0000000000,0.0000000000,0.0216876846,nan,nan,nan,nan,nan,nan,nan,nan,nan,nan,nan,nan,nan,nan,nan,nan,nan,nan,nan,nan,nan,0.0100128651,0.5599935055,inf,inf,inf,inf,inf,0.0699841976,0.0099837780,inf,inf,inf,inf,inf,inf,inf,1551
1779238506.6302487850,-0.0064404900,0.1069190800,0.0909996480,-0.0194137648,0.0747374889,-0.0007258287,3.3039999008,nan,nan,nan,nan,nan,nan,nan,nan,nan,nan,nan,nan,nan,nan,nan,nan,nan,nan,0.0000000000,0.0000000000,0.0000000000,0.0000000000,0.0000000000,0.0216876846,nan,nan,nan,nan,nan,nan,nan,nan,nan,nan,nan,nan,nan,nan,nan,nan,nan,nan,nan,nan,nan,0.0200443268,0.5700249672,inf,inf,inf,inf,inf,0.0800156593,0.0200152397,inf,inf,inf,inf,inf,inf,inf,1551
1779238506.6402077675,-0.0064404900,0.1069190800,0.0909996480,-0.0194137648,0.0747374889,-0.0007258287,3.3039999008,nan,nan,nan,nan,nan,nan,nan,nan,nan,nan,nan,nan,nan,nan,nan,nan,nan,nan,0.0000000000,0.0000000000,0.0000000000,0.0000000000,0.0000000000,0.0216876846,nan,nan,nan,nan,nan,nan,nan,nan,nan,nan,nan,nan,nan,nan,nan,nan,nan,nan,nan,nan,nan,0.0300033092,0.5799839497,inf,inf,inf,inf,inf,0.0899746418,0.0299742222,inf,inf,inf,inf,inf,inf,inf,1551
1779238506.6502237320,-0.0064404900,0.1069190800,0.0909996480,-0.0194137648,0.0747374889,-0.0007258287,3.3039999008,nan,nan,nan,nan,nan,nan,nan,nan,nan,nan,nan,nan,nan,nan,nan,nan,nan,nan,0.0000000000,0.0000000000,0.0000000000,0.0000000000,0.0000000000,0.0216876846,nan,nan,nan,nan,nan,nan,nan,nan,nan,nan,nan,nan,nan,nan,nan,nan,nan,nan,nan,nan,nan,0.0400192738,0.5899999142,inf,inf,inf,inf,inf,0.0000195503,0.0399901867,inf,inf,inf,inf,inf,inf,inf,1551
1779238506.6602020264,-0.0069832900,0.1068349555,0.0910044238,-0.0194137648,0.0747374889,-0.0007258287,3.3039999008,nan,nan,nan,nan,nan,nan,nan,nan,nan,nan,nan,nan,nan,nan,nan,nan,nan,nan,0.0000000000,0.0000000000,0.0000000000,0.0000000000,0.0000000000,0.0216876846,nan,nan,nan,nan,nan,nan,nan,nan,nan,nan,nan,nan,nan,nan,nan,nan,nan,nan,nan,nan,nan,0.0000188351,0.5999782085,inf,inf,inf,inf,inf,0.0099978447,0.0499684811,inf,inf,inf,inf,inf,inf,inf,1551
1779238506.6702187061,-0.0069832900,0.1068349555,0.0910044238,-0.0194137648,0.0747374889,-0.0007258287,3.3039999008,nan,nan,nan,nan,nan,nan,nan,nan,nan,nan,nan,nan,nan,nan,nan,nan,nan,nan,0.0000000000,0.0000000000,0.0000000000,0.0000000000,0.0000000000,0.0216876846,nan,nan,nan,nan,nan,nan,nan,nan,nan,nan,nan,nan,nan,nan,nan,nan,nan,nan,nan,nan,nan,0.0100355148,0.6099948883,inf,inf,inf,inf,inf,0.0200145245,0.0599851608,inf,inf,inf,inf,inf,inf,inf,1551
1779238506.6801378727,-0.0069832900,0.1068349555,0.0910044238,-0.0194137648,0.0747374889,-0.0007258287,3.3039999008,nan,nan,nan,nan,nan,nan,nan,nan,nan,nan,nan,nan,nan,nan,nan,nan,nan,nan,0.0000000000,0.0000000000,0.0000000000,0.0000000000,0.0000000000,0.0216876846,nan,nan,nan,nan,nan,nan,nan,nan,nan,nan,nan,nan,nan,nan,nan,nan,nan,nan,nan,nan,nan,0.0199546814,0.6199140549,inf,inf,inf,inf,inf,0.0299336910,0.0699043274,inf,inf,inf,inf,inf,inf,inf,1551
1779238506.6902685165,-0.0069832900,0.1068349555,0.0910044238,-0.0194137648,0.0747374889,-0.0007258287,3.3039999008,nan,nan,nan,nan,nan,nan,nan,nan,nan,nan,nan,nan,nan,nan,nan,nan,nan,nan,0.0000000000,0.0000000000,0.0000000000,0.0000000000,0.0000000000,0.0216876846,nan,nan,nan,nan,nan,nan,nan,nan,nan,nan,nan,nan,nan,nan,nan,nan,nan,nan,nan,nan,nan,0.0300853252,0.6300446987,inf,inf,inf,inf,inf,0.0400643349,0.0800349712,inf,inf,inf,inf,inf,inf,inf,1551
1779238506.7003154755,-0.0069832900,0.1068349555,0.0910044238,-0.0194137648,0.0747374889,-0.0007258287,3.3039999008,nan,nan,nan,nan,nan,nan,nan,nan,nan,nan,nan,nan,nan,nan,nan,nan,nan,nan,0.0000000000,0.0000000000,0.0000000000,0.0000000000,0.0000000000,0.0216876846,nan,nan,nan,nan,nan,nan,nan,nan,nan,nan,nan,nan,nan,nan,nan,nan,nan,nan,nan,nan,nan,0.0401322842,0.6400916576,inf,inf,inf,inf,inf,0.0501112938,0.0900819302,inf,inf,inf,inf,inf,inf,inf,1551
1779238506.7101960182,-0.0076767541,0.1067232713,0.0909961388,-0.0194137648,0.0747374889,-0.0007258287,3.3039999008,nan,nan,nan,nan,nan,nan,nan,nan,nan,nan,nan,nan,nan,nan,nan,nan,nan,nan,0.0000000000,0.0000000000,0.0000000000,0.0000000000,0.0000000000,0.0254680235,nan,nan,nan,nan,nan,nan,nan,nan,nan,nan,nan,nan,nan,nan,nan,nan,nan,nan,nan,nan,nan,0.0000348091,0.6499722004,inf,inf,inf,inf,inf,0.0599918365,0.0000121593,inf,inf,inf,inf,inf,inf,inf,1551
1779238506.7201356888,-0.0076767541,0.1067232713,0.0909961388,-0.0194137648,0.0747374889,-0.0007258287,3.3039999008,nan,nan,nan,nan,nan,nan,nan,nan,nan,nan,nan,nan,nan,nan,nan,nan,nan,nan,0.0000000000,0.0000000000,0.0000000000,0.0000000000,0.0000000000,0.0254680235,nan,nan,nan,nan,nan,nan,nan,nan,nan,nan,nan,nan,nan,nan,nan,nan,nan,nan,nan,nan,nan,0.0099744797,0.6599118710,inf,inf,inf,inf,inf,0.0699315071,0.0099518299,inf,inf,inf,inf,inf,inf,inf,1551
1779238506.7302184105,-0.0076767541,0.1067232713,0.0909961388,-0.0194137648,0.0747374889,-0.0007258287,3.3039999008,nan,nan,nan,nan,nan,nan,nan,nan,nan,nan,nan,nan,nan,nan,nan,nan,nan,nan,0.0000000000,0.0000000000,0.0000000000,0.0000000000,0.0000000000,0.0254680235,nan,nan,nan,nan,nan,nan,nan,nan,nan,nan,nan,nan,nan,nan,nan,nan,nan,nan,nan,nan,nan,0.0200572014,0.6699945927,inf,inf,inf,inf,inf,0.0800142288,0.0200345516,inf,inf,inf,inf,inf,inf,inf,1551
1779238506.7401988506,-0.0076767541,0.1067232713,0.0909961388,-0.0194137648,0.0747374889,-0.0007258287,3.3039999008,nan,nan,nan,nan,nan,nan,nan,nan,nan,nan,nan,nan,nan,nan,nan,nan,nan,nan,0.0000000000,0.0000000000,0.0000000000,0.0000000000,0.0000000000,0.0254680235,nan,nan,nan,nan,nan,nan,nan,nan,nan,nan,nan,nan,nan,nan,nan,nan,nan,nan,nan,nan,nan,0.0300376415,0.6799750328,inf,inf,inf,inf,inf,0.0899946690,0.0300149918,inf,inf,inf,inf,inf,inf,inf,1551
1779238506.7502198219,-0.0076767541,0.1067232713,0.0909961388,-0.0194137648,0.0747374889,-0.0007258287,3.3039999008,nan,nan,nan,nan,nan,nan,nan,nan,nan,nan,nan,nan,nan,nan,nan,nan,nan,nan,0.0000000000,0.0000000000,0.0000000000,0.0000000000,0.0000000000,0.0254680235,nan,nan,nan,nan,nan,nan,nan,nan,nan,nan,nan,nan,nan,nan,nan,nan,nan,nan,nan,nan,nan,0.0400586128,0.6899960041,inf,inf,inf,inf,inf,0.0000166893,0.0400359631,inf,inf,inf,inf,inf,inf,inf,1551
1779238506.7601842880,-0.0085295141,0.1065726802,0.0909766257,-0.0194137648,0.0747374889,-0.0007258287,3.3039999008,nan,nan,nan,nan,nan,nan,nan,nan,nan,nan,nan,nan,nan,nan,nan,nan,nan,nan,0.0000000000,0.0000000000,0.0000000000,0.0000000000,0.0000000000,0.0254680235,nan,nan,nan,nan,nan,nan,nan,nan,nan,nan,nan,nan,nan,nan,nan,nan,nan,nan,nan,nan,nan,0.0000145435,0.6999604702,inf,inf,inf,inf,inf,0.0099811554,0.0500004292,inf,inf,inf,inf,inf,inf,inf,1551
1779238506.7702193260,-0.0085295141,0.1065726802,0.0909766257,-0.0194137648,0.0747374889,-0.0007258287,3.3039999008,nan,nan,nan,nan,nan,nan,nan,nan,nan,nan,nan,nan,nan,nan,nan,nan,nan,nan,0.0000000000,0.0000000000,0.0000000000,0.0000000000,0.0000000000,0.0254680235,nan,nan,nan,nan,nan,nan,nan,nan,nan,nan,nan,nan,nan,nan,nan,nan,nan,nan,nan,nan,nan,0.0100495815,0.7099955082,inf,inf,inf,inf,inf,0.0200161934,0.0600354671,inf,inf,inf,inf,inf,inf,inf,1551
1779238506.7802655697,-0.0085295141,0.1065726802,0.0909766257,-0.0194137648,0.0747374889,-0.0007258287,3.3039999008,nan,nan,nan,nan,nan,nan,nan,nan,nan,nan,nan,nan,nan,nan,nan,nan,nan,nan,0.0000000000,0.0000000000,0.0000000000,0.0000000000,0.0000000000,0.0254680235,nan,nan,nan,nan,nan,nan,nan,nan,nan,nan,nan,nan,nan,nan,nan,nan,nan,nan,nan,nan,nan,0.0200958252,0.7200417519,inf,inf,inf,inf,inf,0.0300624371,0.0700817108,inf,inf,inf,inf,inf,inf,inf,1551
1779238506.7902679443,-0.0085295141,0.1065726802,0.0909766257,-0.0194137648,0.0747374889,-0.0007258287,3.3039999008,nan,nan,nan,nan,nan,nan,nan,nan,nan,nan,nan,nan,nan,nan,nan,nan,nan,nan,0.0000000000,0.0000000000,0.0000000000,0.0000000000,0.0000000000,0.0254680235,nan,nan,nan,nan,nan,nan,nan,nan,nan,nan,nan,nan,nan,nan,nan,nan,nan,nan,nan,nan,nan,0.0300981998,0.7300441265,inf,inf,inf,inf,inf,0.0400648117,0.0800840855,inf,inf,inf,inf,inf,inf,inf,1551
1779238506.8002443314,-0.0085295141,0.1065726802,0.0909766257,-0.0194137648,0.0747374889,-0.0007258287,3.3039999008,nan,nan,nan,nan,nan,nan,nan,nan,nan,nan,nan,nan,nan,nan,nan,nan,nan,nan,0.0000000000,0.0000000000,0.0000000000,0.0000000000,0.0000000000,0.0254680235,nan,nan,nan,nan,nan,nan,nan,nan,nan,nan,nan,nan,nan,nan,nan,nan,nan,nan,nan,nan,nan,0.0400745869,0.7400205135,inf,inf,inf,inf,inf,0.0500411987,0.0900604725,inf,inf,inf,inf,inf,inf,inf,1551
1779238506.8102183342,-0.0067891283,0.1068397835,0.0910103843,-0.0194137648,0.0747374889,-0.0007258287,3.3039999008,nan,nan,nan,nan,nan,nan,nan,nan,nan,nan,nan,nan,nan,nan,nan,nan,nan,nan,0.0000000000,0.0000000000,0.0000000000,0.0000000000,0.0000000000,0.0284820739,nan,nan,nan,nan,nan,nan,nan,nan,nan,nan,nan,nan,nan,nan,nan,nan,nan,nan,nan,nan,nan,0.0000364780,0.7499945164,inf,inf,inf,inf,inf,0.0600152016,0.0000121593,inf,inf,inf,inf,inf,inf,inf,1551
1779238506.8201403618,-0.0067891283,0.1068397835,0.0910103843,-0.0194137648,0.0747374889,-0.0007258287,3.3039999008,nan,nan,nan,nan,nan,nan,nan,nan,nan,nan,nan,nan,nan,nan,nan,nan,nan,nan,0.0000000000,0.0000000000,0.0000000000,0.0000000000,0.0000000000,0.0284820739,nan,nan,nan,nan,nan,nan,nan,nan,nan,nan,nan,nan,nan,nan,nan,nan,nan,nan,nan,nan,nan,0.0099585056,0.7599165440,inf,inf,inf,inf,inf,0.0699372292,0.0099341869,inf,inf,inf,inf,inf,inf,inf,1551
1779238506.8301327229,-0.0067891283,0.1068397835,0.0910103843,-0.0194137648,0.0747374889,-0.0007258287,3.3039999008,nan,nan,nan,nan,nan,nan,nan,nan,nan,nan,nan,nan,nan,nan,nan,nan,nan,nan,0.0000000000,0.0000000000,0.0000000000,0.0000000000,0.0000000000,0.0284820739,nan,nan,nan,nan,nan,nan,nan,nan,nan,nan,nan,nan,nan,nan,nan,nan,nan,nan,nan,nan,nan,0.0199508667,0.7699089050,inf,inf,inf,inf,inf,0.0799295902,0.0199265480,inf,inf,inf,inf,inf,inf,inf,1551
1779238506.8401281834,-0.0067891283,0.1068397835,0.0910103843,-0.0194137648,0.0747374889,-0.0007258287,3.3039999008,nan,nan,nan,nan,nan,nan,nan,nan,nan,nan,nan,nan,nan,nan,nan,nan,nan,nan,0.0000000000,0.0000000000,0.0000000000,0.0000000000,0.0000000000,0.0284820739,nan,nan,nan,nan,nan,nan,nan,nan,nan,nan,nan,nan,nan,nan,nan,nan,nan,nan,nan,nan,nan,0.0299463272,0.7799043655,inf,inf,inf,inf,inf,0.0899250507,0.0299220085,inf,inf,inf,inf,inf,inf,inf,1551
1779238506.8501400948,-0.0067891283,0.1068397835,0.0910103843,-0.0194137648,0.0747374889,-0.0007258287,3.3039999008,nan,nan,nan,nan,nan,nan,nan,nan,nan,nan,nan,nan,nan,nan,nan,nan,nan,nan,0.0000000000,0.0000000000,0.0000000000,0.0000000000,0.0000000000,0.0284820739,nan,nan,nan,nan,nan,nan,nan,nan,nan,nan,nan,nan,nan,nan,nan,nan,nan,nan,nan,nan,nan,0.0399582386,0.7899162769,inf,inf,inf,inf,inf,0.0000085831,0.0399339199,inf,inf,inf,inf,inf,inf,inf,1551
1779238506.8601467609,-0.0073679639,0.1067178771,0.0910127982,-0.0194137648,0.0747374889,-0.0007258287,3.3039999008,nan,nan,nan,nan,nan,nan,nan,nan,nan,nan,nan,nan,nan,nan,nan,nan,nan,nan,0.0000000000,0.0000000000,0.0000000000,0.0000000000,0.0000000000,0.0284820739,nan,nan,nan,nan,nan,nan,nan,nan,nan,nan,nan,nan,nan,nan,nan,nan,nan,nan,nan,nan,nan,0.0000088215,0.7999229431,inf,inf,inf,inf,inf,0.0100152493,0.0499405861,inf,inf,inf,inf,inf,inf,inf,1551
1779238506.8701953888,-0.0073679639,0.1067178771,0.0910127982,-0.0194137648,0.0747374889,-0.0007258287,3.3039999008,nan,nan,nan,nan,nan,nan,nan,nan,nan,nan,nan,nan,nan,nan,nan,nan,nan,nan,0.0000000000,0.0000000000,0.0000000000,0.0000000000,0.0000000000,0.0284820739,nan,nan,nan,nan,nan,nan,nan,nan,nan,nan,nan,nan,nan,nan,nan,nan,nan,nan,nan,nan,nan,0.0100574493,0.8099715710,inf,inf,inf,inf,inf,0.0200638771,0.0599892139,inf,inf,inf,inf,inf,inf,inf,1551
1779238506.8802053928,-0.0073679639,0.1067178771,0.0910127982,-0.0194137648,0.0747374889,-0.0007258287,3.3039999008,nan,nan,nan,nan,nan,nan,nan,nan,nan,nan,nan,nan,nan,nan,nan,nan,nan,nan,0.0000000000,0.0000000000,0.0000000000,0.0000000000,0.0000000000,0.0284820739,nan,nan,nan,nan,nan,nan,nan,nan,nan,nan,nan,nan,nan,nan,nan,nan,nan,nan,nan,nan,nan,0.0200674534,0.8199815750,inf,inf,inf,inf,inf,0.0300738811,0.0699992180,inf,inf,inf,inf,inf,inf,inf,1551
1779238506.8902018070,-0.0073679639,0.1067178771,0.0910127982,-0.0194137648,0.0747374889,-0.0007258287,3.3039999008,nan,nan,nan,nan,nan,nan,nan,nan,nan,nan,nan,nan,nan,nan,nan,nan,nan,nan,0.0000000000,0.0000000000,0.0000000000,0.0000000000,0.0000000000,0.0284820739,nan,nan,nan,nan,nan,nan,nan,nan,nan,nan,nan,nan,nan,nan,nan,nan,nan,nan,nan,nan,nan,0.0300638676,0.8299779892,inf,inf,inf,inf,inf,0.0400702953,0.0799956322,inf,inf,inf,inf,inf,inf,inf,1551
1779238506.9002027512,-0.0073679639,0.1067178771,0.0910127982,-0.0194137648,0.0747374889,-0.0007258287,3.3039999008,nan,nan,nan,nan,nan,nan,nan,nan,nan,nan,nan,nan,nan,nan,nan,nan,nan,nan,0.0000000000,0.0000000000,0.0000000000,0.0000000000,0.0000000000,0.0284820739,nan,nan,nan,nan,nan,nan,nan,nan,nan,nan,nan,nan,nan,nan,nan,nan,nan,nan,nan,nan,nan,0.0400648117,0.8399789333,inf,inf,inf,inf,inf,0.0500712395,0.0899965763,inf,inf,inf,inf,inf,inf,inf,1551
1779238506.9102108479,-0.0080917832,0.1065706164,0.0910013914,-0.0194137648,0.0747374889,-0.0007258287,3.3039999008,nan,nan,nan,nan,nan,nan,nan,nan,nan,nan,nan,nan,nan,nan,nan,nan,nan,nan,0.0000000000,0.0000000000,0.0000000000,0.0000000000,0.0000000000,0.0329571068,nan,nan,nan,nan,nan,nan,nan,nan,nan,nan,nan,nan,nan,nan,nan,nan,nan,nan,nan,nan,nan,0.0000338554,0.8499870300,inf,inf,inf,inf,inf,0.0600793362,0.0000112057,inf,inf,inf,inf,inf,inf,inf,1551
1779238506.9202084541,-0.0080917832,0.1065706164,0.0910013914,-0.0194137648,0.0747374889,-0.0007258287,3.3039999008,nan,nan,nan,nan,nan,nan,nan,nan,nan,nan,nan,nan,nan,nan,nan,nan,nan,nan,0.0000000000,0.0000000000,0.0000000000,0.0000000000,0.0000000000,0.0329571068,nan,nan,nan,nan,nan,nan,nan,nan,nan,nan,nan,nan,nan,nan,nan,nan,nan,nan,nan,nan,nan,0.0100314617,0.8599846363,inf,inf,inf,inf,inf,0.0700769424,0.0100088120,inf,inf,inf,inf,inf,inf,inf,1551
1779238506.9302203655,-0.0080917832,0.1065706164,0.0910013914,-0.0194137648,0.0747374889,-0.0007258287,3.3039999008,nan,nan,nan,nan,nan,nan,nan,nan,nan,nan,nan,nan,nan,nan,nan,nan,nan,nan,0.0000000000,0.0000000000,0.0000000000,0.0000000000,0.0000000000,0.0329571068,nan,nan,nan,nan,nan,nan,nan,nan,nan,nan,nan,nan,nan,nan,nan,nan,nan,nan,nan,nan,nan,0.0200433731,0.8699965477,inf,inf,inf,inf,inf,0.0800888538,0.0200207233,inf,inf,inf,inf,inf,inf,inf,1551
1779238506.9402072430,-0.0080917832,0.1065706164,0.0910013914,-0.0194137648,0.0747374889,-0.0007258287,3.3039999008,nan,nan,nan,nan,nan,nan,nan,nan,nan,nan,nan,nan,nan,nan,nan,nan,nan,nan,0.0000000000,0.0000000000,0.0000000000,0.0000000000,0.0000000000,0.0329571068,nan,nan,nan,nan,nan,nan,nan,nan,nan,nan,nan,nan,nan,nan,nan,nan,nan,nan,nan,nan,nan,0.0300302505,0.8799834251,inf,inf,inf,inf,inf,0.0900757313,0.0300076008,inf,inf,inf,inf,inf,inf,inf,1551
1779238506.9501924515,-0.0080917832,0.1065706164,0.0910013914,-0.0194137648,0.0747374889,-0.0007258287,3.3039999008,nan,nan,nan,nan,nan,nan,nan,nan,nan,nan,nan,nan,nan,nan,nan,nan,nan,nan,0.0000000000,0.0000000000,0.0000000000,0.0000000000,0.0000000000,0.0329571068,nan,nan,nan,nan,nan,nan,nan,nan,nan,nan,nan,nan,nan,nan,nan,nan,nan,nan,nan,nan,nan,0.0400154591,0.8899686337,inf,inf,inf,inf,inf,0.0000116825,0.0399928093,inf,inf,inf,inf,inf,inf,inf,1551
1779238506.9602041245,-0.0089774383,0.1063903049,0.0909854919,-0.0194137648,0.0747374889,-0.0007258287,3.3039999008,nan,nan,nan,nan,nan,nan,nan,nan,nan,nan,nan,nan,nan,nan,nan,nan,nan,nan,0.0000000000,0.0000000000,0.0000000000,0.0000000000,0.0000000000,0.0329571068,nan,nan,nan,nan,nan,nan,nan,nan,nan,nan,nan,nan,nan,nan,nan,nan,nan,nan,nan,nan,nan,0.0000152588,0.8999803066,inf,inf,inf,inf,inf,0.0100233555,0.0500044823,inf,inf,inf,inf,inf,inf,inf,1551
1779238506.9702336788,-0.0089774383,0.1063903049,0.0909854919,-0.0194137648,0.0747374889,-0.0007258287,3.3039999008,nan,nan,nan,nan,nan,nan,nan,nan,nan,nan,nan,nan,nan,nan,nan,nan,nan,nan,0.0000000000,0.0000000000,0.0000000000,0.0000000000,0.0000000000,0.0329571068,nan,nan,nan,nan,nan,nan,nan,nan,nan,nan,nan,nan,nan,nan,nan,nan,nan,nan,nan,nan,nan,0.0100448132,0.9100098610,inf,inf,inf,inf,inf,0.0200529099,0.0600340366,inf,inf,inf,inf,inf,inf,inf,1551
1779238506.9802181721,-0.0089774383,0.1063903049,0.0909854919,-0.0194137648,0.0747374889,-0.0007258287,3.3039999008,nan,nan,nan,nan,nan,nan,nan,nan,nan,nan,nan,nan,nan,nan,nan,nan,nan,nan,0.0000000000,0.0000000000,0.0000000000,0.0000000000,0.0000000000,0.0329571068,nan,nan,nan,nan,nan,nan,nan,nan,nan,nan,nan,nan,nan,nan,nan,nan,nan,nan,nan,nan,nan,0.0200293064,0.9199943542,inf,inf,inf,inf,inf,0.0300374031,0.0700185299,inf,inf,inf,inf,inf,inf,inf,1551
1779238506.9901449680,-0.0089774383,0.1063903049,0.0909854919,-0.0194137648,0.0747374889,-0.0007258287,3.3039999008,nan,nan,nan,nan,nan,nan,nan,nan,nan,nan,nan,nan,nan,nan,nan,nan,nan,nan,0.0000000000,0.0000000000,0.0000000000,0.0000000000,0.0000000000,0.0329571068,nan,nan,nan,nan,nan,nan,nan,nan,nan,nan,nan,nan,nan,nan,nan,nan,nan,nan,nan,nan,nan,0.0299561024,0.9299211502,inf,inf,inf,inf,inf,0.0399641991,0.0799453259,inf,inf,inf,inf,inf,inf,inf,1551
1779238507.0002398491,-0.0089774383,0.1063903049,0.0909854919,-0.0194137648,0.0747374889,-0.0007258287,3.3039999008,nan,nan,nan,nan,nan,nan,nan,nan,nan,nan,nan,nan,nan,nan,nan,nan,nan,nan,0.0000000000,0.0000000000,0.0000000000,0.0000000000,0.0000000000,0.0329571068,nan,nan,nan,nan,nan,nan,nan,nan,nan,nan,nan,nan,nan,nan,nan,nan,nan,nan,nan,nan,nan,0.0400509834,0.9400160313,inf,inf,inf,inf,inf,0.0500590801,0.0900402069,inf,inf,inf,inf,inf,inf,inf,1551
1779238507.0102598667,-0.0100547895,0.1061745733,0.0909701437,-0.0194137648,0.0747374889,-0.0007258287,3.3039999008,nan,nan,nan,nan,nan,nan,nan,nan,nan,nan,nan,nan,nan,nan,nan,nan,nan,nan,0.0000000000,0.0000000000,0.0000000000,0.0000000000,0.0000000000,0.0313050412,nan,nan,nan,nan,nan,nan,nan,nan,nan,nan,nan,nan,nan,nan,nan,nan,nan,nan,nan,nan,nan,0.0000510216,0.9500360489,inf,inf,inf,inf,inf,0.0600790977,0.0000162125,inf,inf,inf,inf,inf,inf,inf,1551
1779238507.0202190876,-0.0100547895,0.1061745733,0.0909701437,-0.0194137648,0.0747374889,-0.0007258287,3.3039999008,nan,nan,nan,nan,nan,nan,nan,nan,nan,nan,nan,nan,nan,nan,nan,nan,nan,nan,0.0000000000,0.0000000000,0.0000000000,0.0000000000,0.0000000000,0.0313050412,nan,nan,nan,nan,nan,nan,nan,nan,nan,nan,nan,nan,nan,nan,nan,nan,nan,nan,nan,nan,nan,0.0100102425,0.9599952698,inf,inf,inf,inf,inf,0.0700383186,0.0099754333,inf,inf,inf,inf,inf,inf,inf,1551
1779238507.0302193165,-0.0100547895,0.1061745733,0.0909701437,-0.0194137648,0.0747374889,-0.0007258287,3.3039999008,nan,nan,nan,nan,nan,nan,nan,nan,nan,nan,nan,nan,nan,nan,nan,nan,nan,nan,0.0000000000,0.0000000000,0.0000000000,0.0000000000,0.0000000000,0.0313050412,nan,nan,nan,nan,nan,nan,nan,nan,nan,nan,nan,nan,nan,nan,nan,nan,nan,nan,nan,nan,nan,0.0200104713,0.9699954987,inf,inf,inf,inf,inf,0.0800385475,0.0199756622,inf,inf,inf,inf,inf,inf,inf,1551
1779238507.0402255058,-0.0100547895,0.1061745733,0.0909701437,-0.0194137648,0.0747374889,-0.0007258287,3.3039999008,nan,nan,nan,nan,nan,nan,nan,nan,nan,nan,nan,nan,nan,nan,nan,nan,nan,nan,0.0000000000,0.0000000000,0.0000000000,0.0000000000,0.0000000000,0.0313050412,nan,nan,nan,nan,nan,nan,nan,nan,nan,nan,nan,nan,nan,nan,nan,nan,nan,nan,nan,nan,nan,0.0300166607,0.9800016880,inf,inf,inf,inf,inf,0.0900447369,0.0299818516,inf,inf,inf,inf,inf,inf,inf,1551
1779238507.0501847267,-0.0100547895,0.1061745733,0.0909701437,-0.0194137648,0.0747374889,-0.0007258287,3.3039999008,nan,nan,nan,nan,nan,nan,nan,nan,nan,nan,nan,nan,nan,nan,nan,nan,nan,nan,0.0000000000,0.0000000000,0.0000000000,0.0000000000,0.0000000000,0.0313050412,nan,nan,nan,nan,nan,nan,nan,nan,nan,nan,nan,nan,nan,nan,nan,nan,nan,nan,nan,nan,nan,0.0399758816,0.9899609089,inf,inf,inf,inf,inf,0.0000116825,0.0399410725,inf,inf,inf,inf,inf,inf,inf,1551
1779238507.0602009296,-0.0113397269,0.1059034914,0.0909503326,-0.0194137648,0.0747374889,-0.0007258287,3.2990000248,nan,nan,nan,nan,nan,nan,nan,nan,nan,nan,nan,nan,nan,nan,nan,nan,nan,nan,0.0000000000,0.0000000000,0.0000000000,0.0000000000,0.0000000000,0.0313050412,nan,nan,nan,nan,nan,nan,nan,nan,nan,nan,nan,nan,nan,nan,nan,nan,nan,nan,nan,nan,nan,0.0000300407,0.0000092983,inf,inf,inf,inf,inf,0.0100278854,0.0499572754,inf,inf,inf,inf,inf,inf,inf,1551
1779238507.0701887608,-0.0113397269,0.1059034914,0.0909503326,-0.0194137648,0.0747374889,-0.0007258287,3.2990000248,nan,nan,nan,nan,nan,nan,nan,nan,nan,nan,nan,nan,nan,nan,nan,nan,nan,nan,0.0000000000,0.0000000000,0.0000000000,0.0000000000,0.0000000000,0.0313050412,nan,nan,nan,nan,nan,nan,nan,nan,nan,nan,nan,nan,nan,nan,nan,nan,nan,nan,nan,nan,nan,0.0100178719,0.0099971294,inf,inf,inf,inf,inf,0.0200157166,0.0599451065,inf,inf,inf,inf,inf,inf,inf,1551
1779238507.0801951885,-0.0113397269,0.1059034914,0.0909503326,-0.0194137648,0.0747374889,-0.0007258287,3.2990000248,nan,nan,nan,nan,nan,nan,nan,nan,nan,nan,nan,nan,nan,nan,nan,nan,nan,nan,0.0000000000,0.0000000000,0.0000000000,0.0000000000,0.0000000000,0.0313050412,nan,nan,nan,nan,nan,nan,nan,nan,nan,nan,nan,nan,nan,nan,nan,nan,nan,nan,nan,nan,nan,0.0200242996,0.0200035572,inf,inf,inf,inf,inf,0.0300221443,0.0699515343,inf,inf,inf,inf,inf,inf,inf,1551
1779238507.0901870728,-0.0113397269,0.1059034914,0.0909503326,-0.0194137648,0.0747374889,-0.0007258287,3.2990000248,nan,nan,nan,nan,nan,nan,nan,nan,nan,nan,nan,nan,nan,nan,nan,nan,nan,nan,0.0000000000,0.0000000000,0.0000000000,0.0000000000,0.0000000000,0.0313050412,nan,nan,nan,nan,nan,nan,nan,nan,nan,nan,nan,nan,nan,nan,nan,nan,nan,nan,nan,nan,nan,0.0300161839,0.0299954414,inf,inf,inf,inf,inf,0.0400140285,0.0799434185,inf,inf,inf,inf,inf,inf,inf,1551
1779238507.1001992226,-0.0113397269,0.1059034914,0.0909503326,-0.0194137648,0.0747374889,-0.0007258287,3.2990000248,nan,nan,nan,nan,nan,nan,nan,nan,nan,nan,nan,nan,nan,nan,nan,nan,nan,nan,0.0000000000,0.0000000000,0.0000000000,0.0000000000,0.0000000000,0.0313050412,nan,nan,nan,nan,nan,nan,nan,nan,nan,nan,nan,nan,nan,nan,nan,nan,nan,nan,nan,nan,nan,0.0400283337,0.0400075912,inf,inf,inf,inf,inf,0.0500261784,0.0899555683,inf,inf,inf,inf,inf,inf,inf,1551
1779238507.1101975441,-0.0127937719,0.1055814028,0.0909129009,-0.0194137648,0.0747374889,-0.0007258287,3.2990000248,nan,nan,nan,nan,nan,nan,nan,nan,nan,nan,nan,nan,nan,nan,nan,nan,nan,nan,0.0000000000,0.0000000000,0.0000000000,0.0000000000,0.0000000000,0.0324990898,nan,nan,nan,nan,nan,nan,nan,nan,nan,nan,nan,nan,nan,nan,nan,nan,nan,nan,nan,nan,nan,0.0000317097,0.0500059128,inf,inf,inf,inf,inf,0.0600244999,0.0000095367,inf,inf,inf,inf,inf,inf,inf,1551
1779238507.1201870441,-0.0127937719,0.1055814028,0.0909129009,-0.0194137648,0.0747374889,-0.0007258287,3.2990000248,nan,nan,nan,nan,nan,nan,nan,nan,nan,nan,nan,nan,nan,nan,nan,nan,nan,nan,0.0000000000,0.0000000000,0.0000000000,0.0000000000,0.0000000000,0.0324990898,nan,nan,nan,nan,nan,nan,nan,nan,nan,nan,nan,nan,nan,nan,nan,nan,nan,nan,nan,nan,nan,0.0100212097,0.0599954128,inf,inf,inf,inf,inf,0.0700139999,0.0099990368,inf,inf,inf,inf,inf,inf,inf,1551
1779238507.1301841736,-0.0127937719,0.1055814028,0.0909129009,-0.0194137648,0.0747374889,-0.0007258287,3.2990000248,nan,nan,nan,nan,nan,nan,nan,nan,nan,nan,nan,nan,nan,nan,nan,nan,nan,nan,0.0000000000,0.0000000000,0.0000000000,0.0000000000,0.0000000000,0.0324990898,nan,nan,nan,nan,nan,nan,nan,nan,nan,nan,nan,nan,nan,nan,nan,nan,nan,nan,nan,nan,nan,0.0200183392,0.0699925423,inf,inf,inf,inf,inf,0.0800111294,0.0199961662,inf,inf,inf,inf,inf,inf,inf,1551
1779238507.1402168274,-0.0127937719,0.1055814028,0.0909129009,-0.0194137648,0.0747374889,-0.0007258287,3.2990000248,nan,nan,nan,nan,nan,nan,nan,nan,nan,nan,nan,nan,nan,nan,nan,nan,nan,nan,0.0000000000,0.0000000000,0.0000000000,0.0000000000,0.0000000000,0.0324990898,nan,nan,nan,nan,nan,nan,nan,nan,nan,nan,nan,nan,nan,nan,nan,nan,nan,nan,nan,nan,nan,0.0300509930,0.0800251961,inf,inf,inf,inf,inf,0.0900437832,0.0300288200,inf,inf,inf,inf,inf,inf,inf,1551
1779238507.1502001286,-0.0127937719,0.1055814028,0.0909129009,-0.0194137648,0.0747374889,-0.0007258287,3.2990000248,nan,nan,nan,nan,nan,nan,nan,nan,nan,nan,nan,nan,nan,nan,nan,nan,nan,nan,0.0000000000,0.0000000000,0.0000000000,0.0000000000,0.0000000000,0.0324990898,nan,nan,nan,nan,nan,nan,nan,nan,nan,nan,nan,nan,nan,nan,nan,nan,nan,nan,nan,nan,nan,0.0400342941,0.0900084972,inf,inf,inf,inf,inf,0.0000123978,0.0400121212,inf,inf,inf,inf,inf,inf,inf,1551
1779238507.1601989269,-0.0144404434,0.1052418053,0.0908757076,-0.0194137648,0.0747374889,-0.0007258287,3.2990000248,nan,nan,nan,nan,nan,nan,nan,nan,nan,nan,nan,nan,nan,nan,nan,nan,nan,nan,0.0000000000,0.0000000000,0.0000000000,0.0000000000,0.0000000000,0.0324990898,nan,nan,nan,nan,nan,nan,nan,nan,nan,nan,nan,nan,nan,nan,nan,nan,nan,nan,nan,nan,nan,0.0000131130,0.1000072956,inf,inf,inf,inf,inf,0.0100111961,0.0500109196,inf,inf,inf,inf,inf,inf,inf,1551
1779238507.1701924801,-0.0144404434,0.1052418053,0.0908757076,-0.0194137648,0.0747374889,-0.0007258287,3.2990000248,nan,nan,nan,nan,nan,nan,nan,nan,nan,nan,nan,nan,nan,nan,nan,nan,nan,nan,0.0000000000,0.0000000000,0.0000000000,0.0000000000,0.0000000000,0.0324990898,nan,nan,nan,nan,nan,nan,nan,nan,nan,nan,nan,nan,nan,nan,nan,nan,nan,nan,nan,nan,nan,0.0100066662,0.1100008488,inf,inf,inf,inf,inf,0.0200047493,0.0600044727,inf,inf,inf,inf,inf,inf,inf,1551
1779238507.1802086830,-0.0144404434,0.1052418053,0.0908757076,-0.0194137648,0.0747374889,-0.0007258287,3.2990000248,nan,nan,nan,nan,nan,nan,nan,nan,nan,nan,nan,nan,nan,nan,nan,nan,nan,nan,0.0000000000,0.0000000000,0.0000000000,0.0000000000,0.0000000000,0.0324990898,nan,nan,nan,nan,nan,nan,nan,nan,nan,nan,nan,nan,nan,nan,nan,nan,nan,nan,nan,nan,nan,0.0200228691,0.1200170517,inf,inf,inf,inf,inf,0.0300209522,0.0700206757,inf,inf,inf,inf,inf,inf,inf,1551
1779238507.1901879311,-0.0144404434,0.1052418053,0.0908757076,-0.0194137648,0.0747374889,-0.0007258287,3.2990000248,nan,nan,nan,nan,nan,nan,nan,nan,nan,nan,nan,nan,nan,nan,nan,nan,nan,nan,0.0000000000,0.0000000000,0.0000000000,0.0000000000,0.0000000000,0.0324990898,nan,nan,nan,nan,nan,nan,nan,nan,nan,nan,nan,nan,nan,nan,nan,nan,nan,nan,nan,nan,nan,0.0300021172,0.1299962997,inf,inf,inf,inf,inf,0.0400002003,0.0799999237,inf,inf,inf,inf,inf,inf,inf,1551
1779238507.2002017498,-0.0144404434,0.1052418053,0.0908757076,-0.0194137648,0.0747374889,-0.0007258287,3.2990000248,nan,nan,nan,nan,nan,nan,nan,nan,nan,nan,nan,nan,nan,nan,nan,nan,nan,nan,0.0000000000,0.0000000000,0.0000000000,0.0000000000,0.0000000000,0.0324990898,nan,nan,nan,nan,nan,nan,nan,nan,nan,nan,nan,nan,nan,nan,nan,nan,nan,nan,nan,nan,nan,0.0400159359,0.1400101185,inf,inf,inf,inf,inf,0.0500140190,0.0900137424,inf,inf,inf,inf,inf,inf,inf,1551
1779238507.2101781368,-0.0162978023,0.1048417464,0.0908375233,-0.0194137648,0.0747374889,-0.0007258287,3.2990000248,nan,nan,nan,nan,nan,nan,nan,nan,nan,nan,nan,nan,nan,nan,nan,nan,nan,nan,0.0000000000,0.0000000000,0.0000000000,0.0000000000,0.0000000000,0.0324811712,nan,nan,nan,nan,nan,nan,nan,nan,nan,nan,nan,nan,nan,nan,nan,nan,nan,nan,nan,nan,nan,0.0000305176,0.1499865055,inf,inf,inf,inf,inf,0.0599904060,0.0000090599,inf,inf,inf,inf,inf,inf,inf,1551
1779238507.2201299667,-0.0162978023,0.1048417464,0.0908375233,-0.0194137648,0.0747374889,-0.0007258287,3.2990000248,nan,nan,nan,nan,nan,nan,nan,nan,nan,nan,nan,nan,nan,nan,nan,nan,nan,nan,0.0000000000,0.0000000000,0.0000000000,0.0000000000,0.0000000000,0.0324811712,nan,nan,nan,nan,nan,nan,nan,nan,nan,nan,nan,nan,nan,nan,nan,nan,nan,nan,nan,nan,nan,0.0099823475,0.1599383354,inf,inf,inf,inf,inf,0.0699422359,0.0099608898,inf,inf,inf,inf,inf,inf,inf,1551
1779238507.2301771641,-0.0162978023,0.1048417464,0.0908375233,-0.0194137648,0.0747374889,-0.0007258287,3.2990000248,nan,nan,nan,nan,nan,nan,nan,nan,nan,nan,nan,nan,nan,nan,nan,nan,nan,nan,0.0000000000,0.0000000000,0.0000000000,0.0000000000,0.0000000000,0.0324811712,nan,nan,nan,nan,nan,nan,nan,nan,nan,nan,nan,nan,nan,nan,nan,nan,nan,nan,nan,nan,nan,0.0200295448,0.1699855328,inf,inf,inf,inf,inf,0.0799894333,0.0200080872,inf,inf,inf,inf,inf,inf,inf,1551
1779238507.2401301861,-0.0162978023,0.1048417464,0.0908375233,-0.0194137648,0.0747374889,-0.0007258287,3.2990000248,nan,nan,nan,nan,nan,nan,nan,nan,nan,nan,nan,nan,nan,nan,nan,nan,nan,nan,0.0000000000,0.0000000000,0.0000000000,0.0000000000,0.0000000000,0.0324811712,nan,nan,nan,nan,nan,nan,nan,nan,nan,nan,nan,nan,nan,nan,nan,nan,nan,nan,nan,nan,nan,0.0299825668,0.1799385548,inf,inf,inf,inf,inf,0.0899424553,0.0299611092,inf,inf,inf,inf,inf,inf,inf,1551
1779238507.2501454353,-0.0162978023,0.1048417464,0.0908375233,-0.0194137648,0.0747374889,-0.0007258287,3.2990000248,nan,nan,nan,nan,nan,nan,nan,nan,nan,nan,nan,nan,nan,nan,nan,nan,nan,nan,0.0000000000,0.0000000000,0.0000000000,0.0000000000,0.0000000000,0.0324811712,nan,nan,nan,nan,nan,nan,nan,nan,nan,nan,nan,nan,nan,nan,nan,nan,nan,nan,nan,nan,nan,0.0399978161,0.1899538040,inf,inf,inf,inf,inf,0.0000085831,0.0399763584,inf,inf,inf,inf,inf,inf,inf,1551
1779238507.2601494789,-0.0183582641,0.1043750048,0.0907687992,-0.0194137648,0.0747374889,-0.0007258287,3.2990000248,nan,nan,nan,nan,nan,nan,nan,nan,nan,nan,nan,nan,nan,nan,nan,nan,nan,nan,0.0000000000,0.0000000000,0.0000000000,0.0000000000,0.0000000000,0.0324811712,nan,nan,nan,nan,nan,nan,nan,nan,nan,nan,nan,nan,nan,nan,nan,nan,nan,nan,nan,nan,nan,0.0000097752,0.1999578476,inf,inf,inf,inf,inf,0.0100126266,0.0499804020,inf,inf,inf,inf,inf,inf,inf,1551
1779238507.2702021599,-0.0183582641,0.1043750048,0.0907687992,-0.0194137648,0.0747374889,-0.0007258287,3.2990000248,nan,nan,nan,nan,nan,nan,nan,nan,nan,nan,nan,nan,nan,nan,nan,nan,nan,nan,0.0000000000,0.0000000000,0.0000000000,0.0000000000,0.0000000000,0.0324811712,nan,nan,nan,nan,nan,nan,nan,nan,nan,nan,nan,nan,nan,nan,nan,nan,nan,nan,nan,nan,nan,0.0100624561,0.2100105286,inf,inf,inf,inf,inf,0.0200653076,0.0600330830,inf,inf,inf,inf,inf,inf,inf,1551
1779238507.2801434994,-0.0183582641,0.1043750048,0.0907687992,-0.0194137648,0.0747374889,-0.0007258287,3.2990000248,nan,nan,nan,nan,nan,nan,nan,nan,nan,nan,nan,nan,nan,nan,nan,nan,nan,nan,0.0000000000,0.0000000000,0.0000000000,0.0000000000,0.0000000000,0.0324811712,nan,nan,nan,nan,nan,nan,nan,nan,nan,nan,nan,nan,nan,nan,nan,nan,nan,nan,nan,nan,nan,0.0200037956,0.2199518681,inf,inf,inf,inf,inf,0.0300066471,0.0699744225,inf,inf,inf,inf,inf,inf,inf,1551
1779238507.2901287079,-0.0183582641,0.1043750048,0.0907687992,-0.0194137648,0.0747374889,-0.0007258287,3.2990000248,nan,nan,nan,nan,nan,nan,nan,nan,nan,nan,nan,nan,nan,nan,nan,nan,nan,nan,0.0000000000,0.0000000000,0.0000000000,0.0000000000,0.0000000000,0.0324811712,nan,nan,nan,nan,nan,nan,nan,nan,nan,nan,nan,nan,nan,nan,nan,nan,nan,nan,nan,nan,nan,0.0299890041,0.2299370766,inf,inf,inf,inf,inf,0.0399918556,0.0799596310,inf,inf,inf,inf,inf,inf,inf,1551
1779238507.3001277447,-0.0183582641,0.1043750048,0.0907687992,-0.0194137648,0.0747374889,-0.0007258287,3.2990000248,nan,nan,nan,nan,nan,nan,nan,nan,nan,nan,nan,nan,nan,nan,nan,nan,nan,nan,0.0000000000,0.0000000000,0.0000000000,0.0000000000,0.0000000000,0.0324811712,nan,nan,nan,nan,nan,nan,nan,nan,nan,nan,nan,nan,nan,nan,nan,nan,nan,nan,nan,nan,nan,0.0399880409,0.2399361134,inf,inf,inf,inf,inf,0.0499908924,0.0899586678,inf,inf,inf,inf,inf,inf,inf,1551
1779238507.3101611137,-0.0066353600,0.1068344638,0.0909629762,-0.0194137648,0.0747374889,-0.0007258287,3.2990000248,nan,nan,nan,nan,nan,nan,nan,nan,nan,nan,nan,nan,nan,nan,nan,nan,nan,nan,0.0000000000,0.0000000000,0.0000000000,0.0000000000,0.0000000000,0.0359188691,nan,nan,nan,nan,nan,nan,nan,nan,nan,nan,nan,nan,nan,nan,nan,nan,nan,nan,nan,nan,nan,0.0000250340,0.2499694824,inf,inf,inf,inf,inf,0.0600242615,0.0000078678,inf,inf,inf,inf,inf,inf,inf,1551
1779238507.3201270103,-0.0066353600,0.1068344638,0.0909629762,-0.0194137648,0.0747374889,-0.0007258287,3.2990000248,nan,nan,nan,nan,nan,nan,nan,nan,nan,nan,nan,nan,nan,nan,nan,nan,nan,nan,0.0000000000,0.0000000000,0.0000000000,0.0000000000,0.0000000000,0.0359188691,nan,nan,nan,nan,nan,nan,nan,nan,nan,nan,nan,nan,nan,nan,nan,nan,nan,nan,nan,nan,nan,0.0099909306,0.2599353790,inf,inf,inf,inf,inf,0.0699901581,0.0099737644,inf,inf,inf,inf,inf,inf,inf,1551
1779238507.3301405907,-0.0066353600,0.1068344638,0.0909629762,-0.0194137648,0.0747374889,-0.0007258287,3.2990000248,nan,nan,nan,nan,nan,nan,nan,nan,nan,nan,nan,nan,nan,nan,nan,nan,nan,nan,0.0000000000,0.0000000000,0.0000000000,0.0000000000,0.0000000000,0.0359188691,nan,nan,nan,nan,nan,nan,nan,nan,nan,nan,nan,nan,nan,nan,nan,nan,nan,nan,nan,nan,nan,0.0200045109,0.2699489594,inf,inf,inf,inf,inf,0.0800037384,0.0199873447,inf,inf,inf,inf,inf,inf,inf,1551
1779238507.3402056694,-0.0066353600,0.1068344638,0.0909629762,-0.0194137648,0.0747374889,-0.0007258287,3.2990000248,nan,nan,nan,nan,nan,nan,nan,nan,nan,nan,nan,nan,nan,nan,nan,nan,nan,nan,0.0000000000,0.0000000000,0.0000000000,0.0000000000,0.0000000000,0.0359188691,nan,nan,nan,nan,nan,nan,nan,nan,nan,nan,nan,nan,nan,nan,nan,nan,nan,nan,nan,nan,nan,0.0300695896,0.2800140381,inf,inf,inf,inf,inf,0.0900688171,0.0300524235,inf,inf,inf,inf,inf,inf,inf,1551
1779238507.3501918316,-0.0066353600,0.1068344638,0.0909629762,-0.0194137648,0.0747374889,-0.0007258287,3.2990000248,nan,nan,nan,nan,nan,nan,nan,nan,nan,nan,nan,nan,nan,nan,nan,nan,nan,nan,0.0000000000,0.0000000000,0.0000000000,0.0000000000,0.0000000000,0.0359188691,nan,nan,nan,nan,nan,nan,nan,nan,nan,nan,nan,nan,nan,nan,nan,nan,nan,nan,nan,nan,nan,0.0400557518,0.2900002003,inf,inf,inf,inf,inf,0.0000119209,0.0400385857,inf,inf,inf,inf,inf,inf,inf,1551
1779238507.3601505756,-0.0072984104,0.1066277698,0.0909179524,-0.0194137648,0.0747374889,-0.0007258287,3.2990000248,nan,nan,nan,nan,nan,nan,nan,nan,nan,nan,nan,nan,nan,nan,nan,nan,nan,nan,0.0000000000,0.0000000000,0.0000000000,0.0000000000,0.0000000000,0.0359188691,nan,nan,nan,nan,nan,nan,nan,nan,nan,nan,nan,nan,nan,nan,nan,nan,nan,nan,nan,nan,nan,0.0000095367,0.2999589443,inf,inf,inf,inf,inf,0.0099706650,0.0499973297,inf,inf,inf,inf,inf,inf,inf,1551
1779238507.3701283932,-0.0072984104,0.1066277698,0.0909179524,-0.0194137648,0.0747374889,-0.0007258287,3.2990000248,nan,nan,nan,nan,nan,nan,nan,nan,nan,nan,nan,nan,nan,nan,nan,nan,nan,nan,0.0000000000,0.0000000000,0.0000000000,0.0000000000,0.0000000000,0.0359188691,nan,nan,nan,nan,nan,nan,nan,nan,nan,nan,nan,nan,nan,nan,nan,nan,nan,nan,nan,nan,nan,0.0099873543,0.3099367619,inf,inf,inf,inf,inf,0.0199484825,0.0599751472,inf,inf,inf,inf,inf,inf,inf,1551
1779238507.3802132607,-0.0072984104,0.1066277698,0.0909179524,-0.0194137648,0.0747374889,-0.0007258287,3.2990000248,nan,nan,nan,nan,nan,nan,nan,nan,nan,nan,nan,nan,nan,nan,nan,nan,nan,nan,0.0000000000,0.0000000000,0.0000000000,0.0000000000,0.0000000000,0.0359188691,nan,nan,nan,nan,nan,nan,nan,nan,nan,nan,nan,nan,nan,nan,nan,nan,nan,nan,nan,nan,nan,0.0200722218,0.3200216293,inf,inf,inf,inf,inf,0.0300333500,0.0700600147,inf,inf,inf,inf,inf,inf,inf,1551
1779238507.3902182579,-0.0072984104,0.1066277698,0.0909179524,-0.0194137648,0.0747374889,-0.0007258287,3.2990000248,nan,nan,nan,nan,nan,nan,nan,nan,nan,nan,nan,nan,nan,nan,nan,nan,nan,nan,0.0000000000,0.0000000000,0.0000000000,0.0000000000,0.0000000000,0.0359188691,nan,nan,nan,nan,nan,nan,nan,nan,nan,nan,nan,nan,nan,nan,nan,nan,nan,nan,nan,nan,nan,0.0300772190,0.3300266266,inf,inf,inf,inf,inf,0.0400383472,0.0800650120,inf,inf,inf,inf,inf,inf,inf,1551
1779238507.4002244473,-0.0072984104,0.1066277698,0.0909179524,-0.0194137648,0.0747374889,-0.0007258287,3.2990000248,nan,nan,nan,nan,nan,nan,nan,nan,nan,nan,nan,nan,nan,nan,nan,nan,nan,nan,0.0000000000,0.0000000000,0.0000000000,0.0000000000,0.0000000000,0.0359188691,nan,nan,nan,nan,nan,nan,nan,nan,nan,nan,nan,nan,nan,nan,nan,nan,nan,nan,nan,nan,nan,0.0400834084,0.3400328159,inf,inf,inf,inf,inf,0.0500445366,0.0900712013,inf,inf,inf,inf,inf,inf,inf,1551
1779238507.4102556705,-0.0068185311,0.1067241058,0.0909696817,-0.0194137648,0.0747374889,-0.0007258287,3.2990000248,nan,nan,nan,nan,nan,nan,nan,nan,nan,nan,nan,nan,nan,nan,nan,nan,nan,nan,0.0000000000,0.0000000000,0.0000000000,0.0000000000,0.0000000000,0.0375168882,nan,nan,nan,nan,nan,nan,nan,nan,nan,nan,nan,nan,nan,nan,nan,nan,nan,nan,nan,nan,nan,0.0000450611,0.3500640392,inf,inf,inf,inf,inf,0.0600757599,0.0000157356,inf,inf,inf,inf,inf,inf,inf,1551
1779238507.4202361107,-0.0068185311,0.1067241058,0.0909696817,-0.0194137648,0.0747374889,-0.0007258287,3.2990000248,nan,nan,nan,nan,nan,nan,nan,nan,nan,nan,nan,nan,nan,nan,nan,nan,nan,nan,0.0000000000,0.0000000000,0.0000000000,0.0000000000,0.0000000000,0.0375168882,nan,nan,nan,nan,nan,nan,nan,nan,nan,nan,nan,nan,nan,nan,nan,nan,nan,nan,nan,nan,nan,0.0100255013,0.3600444794,inf,inf,inf,inf,inf,0.0700562000,0.0099961758,inf,inf,inf,inf,inf,inf,inf,1551
1779238507.4302480221,-0.0068185311,0.1067241058,0.0909696817,-0.0194137648,0.0747374889,-0.0007258287,3.2990000248,nan,nan,nan,nan,nan,nan,nan,nan,nan,nan,nan,nan,nan,nan,nan,nan,nan,nan,0.0000000000,0.0000000000,0.0000000000,0.0000000000,0.0000000000,0.0375168882,nan,nan,nan,nan,nan,nan,nan,nan,nan,nan,nan,nan,nan,nan,nan,nan,nan,nan,nan,nan,nan,0.0200374126,0.3700563908,inf,inf,inf,inf,inf,0.0800681114,0.0200080872,inf,inf,inf,inf,inf,inf,inf,1551
1779238507.4402163029,-0.0068185311,0.1067241058,0.0909696817,-0.0194137648,0.0747374889,-0.0007258287,3.2990000248,nan,nan,nan,nan,nan,nan,nan,nan,nan,nan,nan,nan,nan,nan,nan,nan,nan,nan,0.0000000000,0.0000000000,0.0000000000,0.0000000000,0.0000000000,0.0375168882,nan,nan,nan,nan,nan,nan,nan,nan,nan,nan,nan,nan,nan,nan,nan,nan,nan,nan,nan,nan,nan,0.0300056934,0.3800246716,inf,inf,inf,inf,inf,0.0900363922,0.0299763680,inf,inf,inf,inf,inf,inf,inf,1551
1779238507.4502196312,-0.0068185311,0.1067241058,0.0909696817,-0.0194137648,0.0747374889,-0.0007258287,3.2990000248,nan,nan,nan,nan,nan,nan,nan,nan,nan,nan,nan,nan,nan,nan,nan,nan,nan,nan,0.0000000000,0.0000000000,0.0000000000,0.0000000000,0.0000000000,0.0375168882,nan,nan,nan,nan,nan,nan,nan,nan,nan,nan,nan,nan,nan,nan,nan,nan,nan,nan,nan,nan,nan,0.0400090218,0.3900279999,inf,inf,inf,inf,inf,0.0000190735,0.0399796963,inf,inf,inf,inf,inf,inf,inf,1551
1779238507.4602410793,-0.0064069196,0.1068568006,0.0909933746,-0.0194137648,0.0747374889,-0.0007258287,3.2990000248,nan,nan,nan,nan,nan,nan,nan,nan,nan,nan,nan,nan,nan,nan,nan,nan,nan,nan,0.0000000000,0.0000000000,0.0000000000,0.0000000000,0.0000000000,0.0375168882,nan,nan,nan,nan,nan,nan,nan,nan,nan,nan,nan,nan,nan,nan,nan,nan,nan,nan,nan,nan,nan,0.0000176430,0.4000494480,inf,inf,inf,inf,inf,0.0100405216,0.0500011444,inf,inf,inf,inf,inf,inf,inf,1551
1779238507.4702413082,-0.0064069196,0.1068568006,0.0909933746,-0.0194137648,0.0747374889,-0.0007258287,3.2990000248,nan,nan,nan,nan,nan,nan,nan,nan,nan,nan,nan,nan,nan,nan,nan,nan,nan,nan,0.0000000000,0.0000000000,0.0000000000,0.0000000000,0.0000000000,0.0375168882,nan,nan,nan,nan,nan,nan,nan,nan,nan,nan,nan,nan,nan,nan,nan,nan,nan,nan,nan,nan,nan,0.0100178719,0.4100496769,inf,inf,inf,inf,inf,0.0200407505,0.0600013733,inf,inf,inf,inf,inf,inf,inf,1551
1779238507.4802458286,-0.0064069196,0.1068568006,0.0909933746,-0.0194137648,0.0747374889,-0.0007258287,3.2990000248,nan,nan,nan,nan,nan,nan,nan,nan,nan,nan,nan,nan,nan,nan,nan,nan,nan,nan,0.0000000000,0.0000000000,0.0000000000,0.0000000000,0.0000000000,0.0375168882,nan,nan,nan,nan,nan,nan,nan,nan,nan,nan,nan,nan,nan,nan,nan,nan,nan,nan,nan,nan,nan,0.0200223923,0.4200541973,inf,inf,inf,inf,inf,0.0300452709,0.0700058937,inf,inf,inf,inf,inf,inf,inf,1551
1779238507.4902052879,-0.0064069196,0.1068568006,0.0909933746,-0.0194137648,0.0747374889,-0.0007258287,3.2990000248,nan,nan,nan,nan,nan,nan,nan,nan,nan,nan,nan,nan,nan,nan,nan,nan,nan,nan,0.0000000000,0.0000000000,0.0000000000,0.0000000000,0.0000000000,0.0375168882,nan,nan,nan,nan,nan,nan,nan,nan,nan,nan,nan,nan,nan,nan,nan,nan,nan,nan,nan,nan,nan,0.0299818516,0.4300136566,inf,inf,inf,inf,inf,0.0400047302,0.0799653530,inf,inf,inf,inf,inf,inf,inf,1551
1779238507.5001311302,-0.0064069196,0.1068568006,0.0909933746,-0.0194137648,0.0747374889,-0.0007258287,3.2990000248,nan,nan,nan,nan,nan,nan,nan,nan,nan,nan,nan,nan,nan,nan,nan,nan,nan,nan,0.0000000000,0.0000000000,0.0000000000,0.0000000000,0.0000000000,0.0375168882,nan,nan,nan,nan,nan,nan,nan,nan,nan,nan,nan,nan,nan,nan,nan,nan,nan,nan,nan,nan,nan,0.0399076939,0.4399394989,inf,inf,inf,inf,inf,0.0499305725,0.0898911953,inf,inf,inf,inf,inf,inf,inf,1551
1779238507.5102095604,-0.0068876650,0.1066784188,0.0909990221,-0.0193100757,0.0747642994,0.0020473950,3.2990000248,nan,nan,nan,nan,nan,nan,nan,nan,nan,nan,nan,nan,nan,nan,nan,nan,nan,nan,0.0000000000,0.0000000000,0.0000000000,0.0000000000,0.0000000000,0.0424497239,nan,nan,nan,nan,nan,nan,nan,nan,nan,nan,nan,nan,nan,nan,nan,nan,nan,nan,nan,nan,nan,0.0000367165,0.4500179291,inf,inf,inf,inf,inf,0.0600090027,0.0000126362,inf,inf,inf,inf,inf,inf,inf,1551
1779238507.5202250481,-0.0068876650,0.1066784188,0.0909990221,-0.0193100757,0.0747642994,0.0020473950,3.2990000248,nan,nan,nan,nan,nan,nan,nan,nan,nan,nan,nan,nan,nan,nan,nan,nan,nan,nan,0.0000000000,0.0000000000,0.0000000000,0.0000000000,0.0000000000,0.0424497239,nan,nan,nan,nan,nan,nan,nan,nan,nan,nan,nan,nan,nan,nan,nan,nan,nan,nan,nan,nan,nan,0.0100522041,0.4600334167,inf,inf,inf,inf,inf,0.0700244904,0.0100281239,inf,inf,inf,inf,inf,inf,inf,1551
1779238507.5302028656,-0.0068876650,0.1066784188,0.0909990221,-0.0193100757,0.0747642994,0.0020473950,3.2990000248,nan,nan,nan,nan,nan,nan,nan,nan,nan,nan,nan,nan,nan,nan,nan,nan,nan,nan,0.0000000000,0.0000000000,0.0000000000,0.0000000000,0.0000000000,0.0424497239,nan,nan,nan,nan,nan,nan,nan,nan,nan,nan,nan,nan,nan,nan,nan,nan,nan,nan,nan,nan,nan,0.0200300217,0.4700112343,inf,inf,inf,inf,inf,0.0800023079,0.0200059414,inf,inf,inf,inf,inf,inf,inf,1551
1779238507.5402126312,-0.0068876650,0.1066784188,0.0909990221,-0.0193100757,0.0747642994,0.0020473950,3.2990000248,nan,nan,nan,nan,nan,nan,nan,nan,nan,nan,nan,nan,nan,nan,nan,nan,nan,nan,0.0000000000,0.0000000000,0.0000000000,0.0000000000,0.0000000000,0.0424497239,nan,nan,nan,nan,nan,nan,nan,nan,nan,nan,nan,nan,nan,nan,nan,nan,nan,nan,nan,nan,nan,0.0300397873,0.4800209999,inf,inf,inf,inf,inf,0.0900120735,0.0300157070,inf,inf,inf,inf,inf,inf,inf,1551
1779238507.5502095222,-0.0068876650,0.1066784188,0.0909990221,-0.0193100757,0.0747642994,0.0020473950,3.2990000248,nan,nan,nan,nan,nan,nan,nan,nan,nan,nan,nan,nan,nan,nan,nan,nan,nan,nan,0.0000000000,0.0000000000,0.0000000000,0.0000000000,0.0000000000,0.0424497239,nan,nan,nan,nan,nan,nan,nan,nan,nan,nan,nan,nan,nan,nan,nan,nan,nan,nan,nan,nan,nan,0.0400366783,0.4900178909,inf,inf,inf,inf,inf,0.0000176430,0.0400125980,inf,inf,inf,inf,inf,inf,inf,1551
1779238507.5601966381,-0.0075189481,0.1064849645,0.0909971669,-0.0193100757,0.0747642994,0.0020473950,3.2990000248,nan,nan,nan,nan,nan,nan,nan,nan,nan,nan,nan,nan,nan,nan,nan,nan,nan,nan,0.0000000000,0.0000000000,0.0000000000,0.0000000000,0.0000000000,0.0424497239,nan,nan,nan,nan,nan,nan,nan,nan,nan,nan,nan,nan,nan,nan,nan,nan,nan,nan,nan,nan,nan,0.0000150204,0.5000050068,inf,inf,inf,inf,inf,0.0100047588,0.0499997139,inf,inf,inf,inf,inf,inf,inf,1551
1779238507.5702116489,-0.0075189481,0.1064849645,0.0909971669,-0.0193100757,0.0747642994,0.0020473950,3.2990000248,nan,nan,nan,nan,nan,nan,nan,nan,nan,nan,nan,nan,nan,nan,nan,nan,nan,nan,0.0000000000,0.0000000000,0.0000000000,0.0000000000,0.0000000000,0.0424497239,nan,nan,nan,nan,nan,nan,nan,nan,nan,nan,nan,nan,nan,nan,nan,nan,nan,nan,nan,nan,nan,0.0100300312,0.5100200176,inf,inf,inf,inf,inf,0.0200197697,0.0600147247,inf,inf,inf,inf,inf,inf,inf,1551
1779238507.5802187920,-0.0075189481,0.1064849645,0.0909971669,-0.0193100757,0.0747642994,0.0020473950,3.2990000248,nan,nan,nan,nan,nan,nan,nan,nan,nan,nan,nan,nan,nan,nan,nan,nan,nan,nan,0.0000000000,0.0000000000,0.0000000000,0.0000000000,0.0000000000,0.0424497239,nan,nan,nan,nan,nan,nan,nan,nan,nan,nan,nan,nan,nan,nan,nan,nan,nan,nan,nan,nan,nan,0.0200371742,0.5200271606,inf,inf,inf,inf,inf,0.0300269127,0.0700218678,inf,inf,inf,inf,inf,inf,inf,1551
1779238507.5902595520,-0.0075189481,0.1064849645,0.0909971669,-0.0193100757,0.0747642994,0.0020473950,3.2990000248,nan,nan,nan,nan,nan,nan,nan,nan,nan,nan,nan,nan,nan,nan,nan,nan,nan,nan,0.0000000000,0.0000000000,0.0000000000,0.0000000000,0.0000000000,0.0424497239,nan,nan,nan,nan,nan,nan,nan,nan,nan,nan,nan,nan,nan,nan,nan,nan,nan,nan,nan,nan,nan,0.0300779343,0.5300679207,inf,inf,inf,inf,inf,0.0400676727,0.0800626278,inf,inf,inf,inf,inf,inf,inf,1551
1779238507.6002287865,-0.0075189481,0.1064849645,0.0909971669,-0.0193100757,0.0747642994,0.0020473950,3.2990000248,nan,nan,nan,nan,nan,nan,nan,nan,nan,nan,nan,nan,nan,nan,nan,nan,nan,nan,0.0000000000,0.0000000000,0.0000000000,0.0000000000,0.0000000000,0.0424497239,nan,nan,nan,nan,nan,nan,nan,nan,nan,nan,nan,nan,nan,nan,nan,nan,nan,nan,nan,nan,nan,0.0400471687,0.5400371552,inf,inf,inf,inf,inf,0.0500369072,0.0900318623,inf,inf,inf,inf,inf,inf,inf,1551
1779238507.6102612019,-0.0066549391,0.1068109274,0.0910159424,-0.0193100757,0.0747642994,0.0020473950,3.2990000248,nan,nan,nan,nan,nan,nan,nan,nan,nan,nan,nan,nan,nan,nan,nan,nan,nan,nan,0.0000000000,0.0000000000,0.0000000000,0.0000000000,0.0000000000,0.0447228029,nan,nan,nan,nan,nan,nan,nan,nan,nan,nan,nan,nan,nan,nan,nan,nan,nan,nan,nan,nan,nan,0.0000495911,0.5500695705,inf,inf,inf,inf,inf,0.0600693226,0.0000174046,inf,inf,inf,inf,inf,inf,inf,1551
1779238507.6202652454,-0.0066549391,0.1068109274,0.0910159424,-0.0193100757,0.0747642994,0.0020473950,3.2990000248,nan,nan,nan,nan,nan,nan,nan,nan,nan,nan,nan,nan,nan,nan,nan,nan,nan,nan,0.0000000000,0.0000000000,0.0000000000,0.0000000000,0.0000000000,0.0447228029,nan,nan,nan,nan,nan,nan,nan,nan,nan,nan,nan,nan,nan,nan,nan,nan,nan,nan,nan,nan,nan,0.0100536346,0.5600736141,inf,inf,inf,inf,inf,0.0700733662,0.0100214481,inf,inf,inf,inf,inf,inf,inf,1551
1779238507.6302831173,-0.0066549391,0.1068109274,0.0910159424,-0.0193100757,0.0747642994,0.0020473950,3.2990000248,nan,nan,nan,nan,nan,nan,nan,nan,nan,nan,nan,nan,nan,nan,nan,nan,nan,nan,0.0000000000,0.0000000000,0.0000000000,0.0000000000,0.0000000000,0.0447228029,nan,nan,nan,nan,nan,nan,nan,nan,nan,nan,nan,nan,nan,nan,nan,nan,nan,nan,nan,nan,nan,0.0200715065,0.5700914860,inf,inf,inf,inf,inf,0.0800912380,0.0200393200,inf,inf,inf,inf,inf,inf,inf,1551
1779238507.6402449608,-0.0066549391,0.1068109274,0.0910159424,-0.0193100757,0.0747642994,0.0020473950,3.2990000248,nan,nan,nan,nan,nan,nan,nan,nan,nan,nan,nan,nan,nan,nan,nan,nan,nan,nan,0.0000000000,0.0000000000,0.0000000000,0.0000000000,0.0000000000,0.0447228029,nan,nan,nan,nan,nan,nan,nan,nan,nan,nan,nan,nan,nan,nan,nan,nan,nan,nan,nan,nan,nan,0.0300333500,0.5800533295,inf,inf,inf,inf,inf,0.0900530815,0.0300011635,inf,inf,inf,inf,inf,inf,inf,1551
1779238507.6502788067,-0.0066549391,0.1068109274,0.0910159424,-0.0193100757,0.0747642994,0.0020473950,3.2990000248,nan,nan,nan,nan,nan,nan,nan,nan,nan,nan,nan,nan,nan,nan,nan,nan,nan,nan,0.0000000000,0.0000000000,0.0000000000,0.0000000000,0.0000000000,0.0447228029,nan,nan,nan,nan,nan,nan,nan,nan,nan,nan,nan,nan,nan,nan,nan,nan,nan,nan,nan,nan,nan,0.0400671959,0.5900871754,inf,inf,inf,inf,inf,0.0000255108,0.0400350094,inf,inf,inf,inf,inf,inf,inf,1551
1779238507.6602542400,-0.0071708444,0.1066828892,0.0910166129,-0.0193100757,0.0747642994,0.0020473950,3.2990000248,nan,nan,nan,nan,nan,nan,nan,nan,nan,nan,nan,nan,nan,nan,nan,nan,nan,nan,0.0000000000,0.0000000000,0.0000000000,0.0000000000,0.0000000000,0.0447228029,nan,nan,nan,nan,nan,nan,nan,nan,nan,nan,nan,nan,nan,nan,nan,nan,nan,nan,nan,nan,nan,0.0000219345,0.6000626087,inf,inf,inf,inf,inf,0.0100009441,0.0500104427,inf,inf,inf,inf,inf,inf,inf,1551
1779238507.6702644825,-0.0071708444,0.1066828892,0.0910166129,-0.0193100757,0.0747642994,0.0020473950,3.2990000248,nan,nan,nan,nan,nan,nan,nan,nan,nan,nan,nan,nan,nan,nan,nan,nan,nan,nan,0.0000000000,0.0000000000,0.0000000000,0.0000000000,0.0000000000,0.0447228029,nan,nan,nan,nan,nan,nan,nan,nan,nan,nan,nan,nan,nan,nan,nan,nan,nan,nan,nan,nan,nan,0.0100321770,0.6100728512,inf,inf,inf,inf,inf,0.0200111866,0.0600206852,inf,inf,inf,inf,inf,inf,inf,1551
1779238507.6802370548,-0.0071708444,0.1066828892,0.0910166129,-0.0193100757,0.0747642994,0.0020473950,3.2990000248,nan,nan,nan,nan,nan,nan,nan,nan,nan,nan,nan,nan,nan,nan,nan,nan,nan,nan,0.0000000000,0.0000000000,0.0000000000,0.0000000000,0.0000000000,0.0447228029,nan,nan,nan,nan,nan,nan,nan,nan,nan,nan,nan,nan,nan,nan,nan,nan,nan,nan,nan,nan,nan,0.0200047493,0.6200454235,inf,inf,inf,inf,inf,0.0299837589,0.0699932575,inf,inf,inf,inf,inf,inf,inf,1551
1779238507.6901957989,-0.0071708444,0.1066828892,0.0910166129,-0.0193100757,0.0747642994,0.0020473950,3.2990000248,nan,nan,nan,nan,nan,nan,nan,nan,nan,nan,nan,nan,nan,nan,nan,nan,nan,nan,0.0000000000,0.0000000000,0.0000000000,0.0000000000,0.0000000000,0.0447228029,nan,nan,nan,nan,nan,nan,nan,nan,nan,nan,nan,nan,nan,nan,nan,nan,nan,nan,nan,nan,nan,0.0299634933,0.6300041676,inf,inf,inf,inf,inf,0.0399425030,0.0799520016,inf,inf,inf,inf,inf,inf,inf,1551
1779238507.7001321316,-0.0071708444,0.1066828892,0.0910166129,-0.0193100757,0.0747642994,0.0020473950,3.2990000248,nan,nan,nan,nan,nan,nan,nan,nan,nan,nan,nan,nan,nan,nan,nan,nan,nan,nan,0.0000000000,0.0000000000,0.0000000000,0.0000000000,0.0000000000,0.0447228029,nan,nan,nan,nan,nan,nan,nan,nan,nan,nan,nan,nan,nan,nan,nan,nan,nan,nan,nan,nan,nan,0.0398998260,0.6399405003,inf,inf,inf,inf,inf,0.0498788357,0.0898883343,inf,inf,inf,inf,inf,inf,inf,1551
1779238507.7102127075,-0.0066088880,0.1068509445,0.0910085812,-0.0193100757,0.0747642994,0.0020473950,3.2990000248,nan,nan,nan,nan,nan,nan,nan,nan,nan,nan,nan,nan,nan,nan,nan,nan,nan,nan,0.0000000000,0.0000000000,0.0000000000,0.0000000000,0.0000000000,0.0437582396,nan,nan,nan,nan,nan,nan,nan,nan,nan,nan,nan,nan,nan,nan,nan,nan,nan,nan,nan,nan,nan,0.0000369549,0.6500210762,inf,inf,inf,inf,inf,0.0599594116,0.0000128746,inf,inf,inf,inf,inf,inf,inf,1551
1779238507.7202110291,-0.0066088880,0.1068509445,0.0910085812,-0.0193100757,0.0747642994,0.0020473950,3.2990000248,nan,nan,nan,nan,nan,nan,nan,nan,nan,nan,nan,nan,nan,nan,nan,nan,nan,nan,0.0000000000,0.0000000000,0.0000000000,0.0000000000,0.0000000000,0.0437582396,nan,nan,nan,nan,nan,nan,nan,nan,nan,nan,nan,nan,nan,nan,nan,nan,nan,nan,nan,nan,nan,0.0100352764,0.6600193977,inf,inf,inf,inf,inf,0.0699577332,0.0100111961,inf,inf,inf,inf,inf,inf,inf,1551
1779238507.7302160263,-0.0066088880,0.1068509445,0.0910085812,-0.0193100757,0.0747642994,0.0020473950,3.2990000248,nan,nan,nan,nan,nan,nan,nan,nan,nan,nan,nan,nan,nan,nan,nan,nan,nan,nan,0.0000000000,0.0000000000,0.0000000000,0.0000000000,0.0000000000,0.0437582396,nan,nan,nan,nan,nan,nan,nan,nan,nan,nan,nan,nan,nan,nan,nan,nan,nan,nan,nan,nan,nan,0.0200402737,0.6700243950,inf,inf,inf,inf,inf,0.0799627304,0.0200161934,inf,inf,inf,inf,inf,inf,inf,1551
1779238507.7402117252,-0.0066088880,0.1068509445,0.0910085812,-0.0193100757,0.0747642994,0.0020473950,3.2990000248,nan,nan,nan,nan,nan,nan,nan,nan,nan,nan,nan,nan,nan,nan,nan,nan,nan,nan,0.0000000000,0.0000000000,0.0000000000,0.0000000000,0.0000000000,0.0437582396,nan,nan,nan,nan,nan,nan,nan,nan,nan,nan,nan,nan,nan,nan,nan,nan,nan,nan,nan,nan,nan,0.0300359726,0.6800200939,inf,inf,inf,inf,inf,0.0899584293,0.0300118923,inf,inf,inf,inf,inf,inf,inf,1551
1779238507.7502157688,-0.0066088880,0.1068509445,0.0910085812,-0.0193100757,0.0747642994,0.0020473950,3.2990000248,nan,nan,nan,nan,nan,nan,nan,nan,nan,nan,nan,nan,nan,nan,nan,nan,nan,nan,0.0000000000,0.0000000000,0.0000000000,0.0000000000,0.0000000000,0.0437582396,nan,nan,nan,nan,nan,nan,nan,nan,nan,nan,nan,nan,nan,nan,nan,nan,nan,nan,nan,nan,nan,0.0400400162,0.6900241375,inf,inf,inf,inf,inf,0.0000174046,0.0400159359,inf,inf,inf,inf,inf,inf,inf,1551
1779238507.7602281570,-0.0070931041,0.1067658588,0.0909999609,-0.0193100757,0.0747642994,0.0020473950,3.2990000248,nan,nan,nan,nan,nan,nan,nan,nan,nan,nan,nan,nan,nan,nan,nan,nan,nan,nan,0.0000000000,0.0000000000,0.0000000000,0.0000000000,0.0000000000,0.0437582396,nan,nan,nan,nan,nan,nan,nan,nan,nan,nan,nan,nan,nan,nan,nan,nan,nan,nan,nan,nan,nan,0.0000181198,0.7000365257,inf,inf,inf,inf,inf,0.0100297928,0.0500283241,inf,inf,inf,inf,inf,inf,inf,1551
1779238507.7702121735,-0.0070931041,0.1067658588,0.0909999609,-0.0193100757,0.0747642994,0.0020473950,3.2990000248,nan,nan,nan,nan,nan,nan,nan,nan,nan,nan,nan,nan,nan,nan,nan,nan,nan,nan,0.0000000000,0.0000000000,0.0000000000,0.0000000000,0.0000000000,0.0437582396,nan,nan,nan,nan,nan,nan,nan,nan,nan,nan,nan,nan,nan,nan,nan,nan,nan,nan,nan,nan,nan,0.0100021362,0.7100205421,inf,inf,inf,inf,inf,0.0200138092,0.0600123405,inf,inf,inf,inf,inf,inf,inf,1551
1779238507.7801980972,-0.0070931041,0.1067658588,0.0909999609,-0.0193100757,0.0747642994,0.0020473950,3.2990000248,nan,nan,nan,nan,nan,nan,nan,nan,nan,nan,nan,nan,nan,nan,nan,nan,nan,nan,0.0000000000,0.0000000000,0.0000000000,0.0000000000,0.0000000000,0.0437582396,nan,nan,nan,nan,nan,nan,nan,nan,nan,nan,nan,nan,nan,nan,nan,nan,nan,nan,nan,nan,nan,0.0199880600,0.7200064659,inf,inf,inf,inf,inf,0.0299997330,0.0699982643,inf,inf,inf,inf,inf,inf,inf,1551
1779238507.7902231216,-0.0070931041,0.1067658588,0.0909999609,-0.0193100757,0.0747642994,0.0020473950,3.2990000248,nan,nan,nan,nan,nan,nan,nan,nan,nan,nan,nan,nan,nan,nan,nan,nan,nan,nan,0.0000000000,0.0000000000,0.0000000000,0.0000000000,0.0000000000,0.0437582396,nan,nan,nan,nan,nan,nan,nan,nan,nan,nan,nan,nan,nan,nan,nan,nan,nan,nan,nan,nan,nan,0.0300130844,0.7300314903,inf,inf,inf,inf,inf,0.0400247574,0.0800232887,inf,inf,inf,inf,inf,inf,inf,1551
1779238507.8001847267,-0.0070931041,0.1067658588,0.0909999609,-0.0193100757,0.0747642994,0.0020473950,3.2990000248,nan,nan,nan,nan,nan,nan,nan,nan,nan,nan,nan,nan,nan,nan,nan,nan,nan,nan,0.0000000000,0.0000000000,0.0000000000,0.0000000000,0.0000000000,0.0437582396,nan,nan,nan,nan,nan,nan,nan,nan,nan,nan,nan,nan,nan,nan,nan,nan,nan,nan,nan,nan,nan,0.0399746895,0.7399930954,inf,inf,inf,inf,inf,0.0499863625,0.0899848938,inf,inf,inf,inf,inf,inf,inf,1551
1779238507.8102152348,-0.0065917000,0.1068825498,0.0910104066,-0.0193100757,0.0747642994,0.0020473950,3.2990000248,nan,nan,nan,nan,nan,nan,nan,nan,nan,nan,nan,nan,nan,nan,nan,nan,nan,nan,0.0000000000,0.0000000000,0.0000000000,0.0000000000,0.0000000000,0.0465839133,nan,nan,nan,nan,nan,nan,nan,nan,nan,nan,nan,nan,nan,nan,nan,nan,nan,nan,nan,nan,nan,0.0000405312,0.7500236034,inf,inf,inf,inf,inf,0.0600168705,0.0000133514,inf,inf,inf,inf,inf,inf,inf,1551
1779238507.8201851845,-0.0065917000,0.1068825498,0.0910104066,-0.0193100757,0.0747642994,0.0020473950,3.2990000248,nan,nan,nan,nan,nan,nan,nan,nan,nan,nan,nan,nan,nan,nan,nan,nan,nan,nan,0.0000000000,0.0000000000,0.0000000000,0.0000000000,0.0000000000,0.0465839133,nan,nan,nan,nan,nan,nan,nan,nan,nan,nan,nan,nan,nan,nan,nan,nan,nan,nan,nan,nan,nan,0.0100104809,0.7599935532,inf,inf,inf,inf,inf,0.0699868202,0.0099833012,inf,inf,inf,inf,inf,inf,inf,1551
1779238507.8301956654,-0.0065917000,0.1068825498,0.0910104066,-0.0193100757,0.0747642994,0.0020473950,3.2990000248,nan,nan,nan,nan,nan,nan,nan,nan,nan,nan,nan,nan,nan,nan,nan,nan,nan,nan,0.0000000000,0.0000000000,0.0000000000,0.0000000000,0.0000000000,0.0465839133,nan,nan,nan,nan,nan,nan,nan,nan,nan,nan,nan,nan,nan,nan,nan,nan,nan,nan,nan,nan,nan,0.0200209618,0.7700040340,inf,inf,inf,inf,inf,0.0799973011,0.0199937820,inf,inf,inf,inf,inf,inf,inf,1551
1779238507.8402030468,-0.0065917000,0.1068825498,0.0910104066,-0.0193100757,0.0747642994,0.0020473950,3.2990000248,nan,nan,nan,nan,nan,nan,nan,nan,nan,nan,nan,nan,nan,nan,nan,nan,nan,nan,0.0000000000,0.0000000000,0.0000000000,0.0000000000,0.0000000000,0.0465839133,nan,nan,nan,nan,nan,nan,nan,nan,nan,nan,nan,nan,nan,nan,nan,nan,nan,nan,nan,nan,nan,0.0300283432,0.7800114155,inf,inf,inf,inf,inf,0.0900046825,0.0300011635,inf,inf,inf,inf,inf,inf,inf,1551
1779238507.8502099514,-0.0065917000,0.1068825498,0.0910104066,-0.0193100757,0.0747642994,0.0020473950,3.2990000248,nan,nan,nan,nan,nan,nan,nan,nan,nan,nan,nan,nan,nan,nan,nan,nan,nan,nan,0.0000000000,0.0000000000,0.0000000000,0.0000000000,0.0000000000,0.0465839133,nan,nan,nan,nan,nan,nan,nan,nan,nan,nan,nan,nan,nan,nan,nan,nan,nan,nan,nan,nan,nan,0.0400352478,0.7900183201,inf,inf,inf,inf,inf,0.0000109673,0.0400080681,inf,inf,inf,inf,inf,inf,inf,1551
1779238507.8602004051,-0.0070788274,0.1068091616,0.0910130069,-0.0193100757,0.0747642994,0.0020473950,3.2990000248,nan,nan,nan,nan,nan,nan,nan,nan,nan,nan,nan,nan,nan,nan,nan,nan,nan,nan,0.0000000000,0.0000000000,0.0000000000,0.0000000000,0.0000000000,0.0465839133,nan,nan,nan,nan,nan,nan,nan,nan,nan,nan,nan,nan,nan,nan,nan,nan,nan,nan,nan,nan,nan,0.0000133514,0.8000087738,inf,inf,inf,inf,inf,0.0100014210,0.0499985218,inf,inf,inf,inf,inf,inf,inf,1551
1779238507.8701975346,-0.0070788274,0.1068091616,0.0910130069,-0.0193100757,0.0747642994,0.0020473950,3.2990000248,nan,nan,nan,nan,nan,nan,nan,nan,nan,nan,nan,nan,nan,nan,nan,nan,nan,nan,0.0000000000,0.0000000000,0.0000000000,0.0000000000,0.0000000000,0.0465839133,nan,nan,nan,nan,nan,nan,nan,nan,nan,nan,nan,nan,nan,nan,nan,nan,nan,nan,nan,nan,nan,0.0100104809,0.8100059032,inf,inf,inf,inf,inf,0.0199985504,0.0599956512,inf,inf,inf,inf,inf,inf,inf,1551
1779238507.8802142143,-0.0070788274,0.1068091616,0.0910130069,-0.0193100757,0.0747642994,0.0020473950,3.2990000248,nan,nan,nan,nan,nan,nan,nan,nan,nan,nan,nan,nan,nan,nan,nan,nan,nan,nan,0.0000000000,0.0000000000,0.0000000000,0.0000000000,0.0000000000,0.0465839133,nan,nan,nan,nan,nan,nan,nan,nan,nan,nan,nan,nan,nan,nan,nan,nan,nan,nan,nan,nan,nan,0.0200271606,0.8200225830,inf,inf,inf,inf,inf,0.0300152302,0.0700123310,inf,inf,inf,inf,inf,inf,inf,1551
1779238507.8902153969,-0.0070788274,0.1068091616,0.0910130069,-0.0193100757,0.0747642994,0.0020473950,3.2990000248,nan,nan,nan,nan,nan,nan,nan,nan,nan,nan,nan,nan,nan,nan,nan,nan,nan,nan,0.0000000000,0.0000000000,0.0000000000,0.0000000000,0.0000000000,0.0465839133,nan,nan,nan,nan,nan,nan,nan,nan,nan,nan,nan,nan,nan,nan,nan,nan,nan,nan,nan,nan,nan,0.0300283432,0.8300237656,inf,inf,inf,inf,inf,0.0400164127,0.0800135136,inf,inf,inf,inf,inf,inf,inf,1551
1779238507.9002017975,-0.0070788274,0.1068091616,0.0910130069,-0.0193100757,0.0747642994,0.0020473950,3.2990000248,nan,nan,nan,nan,nan,nan,nan,nan,nan,nan,nan,nan,nan,nan,nan,nan,nan,nan,0.0000000000,0.0000000000,0.0000000000,0.0000000000,0.0000000000,0.0465839133,nan,nan,nan,nan,nan,nan,nan,nan,nan,nan,nan,nan,nan,nan,nan,nan,nan,nan,nan,nan,nan,0.0400147438,0.8400101662,inf,inf,inf,inf,inf,0.0500028133,0.0899999142,inf,inf,inf,inf,inf,inf,inf,1551
1779238507.9102153778,-0.0077225664,0.1066927910,0.0910217315,-0.0193100757,0.0747642994,0.0020473950,3.2990000248,nan,nan,nan,nan,nan,nan,nan,nan,nan,nan,nan,nan,nan,nan,nan,nan,nan,nan,0.0000000000,0.0000000000,0.0000000000,0.0000000000,0.0000000000,0.0472279899,nan,nan,nan,nan,nan,nan,nan,nan,nan,nan,nan,nan,nan,nan,nan,nan,nan,nan,nan,nan,nan,0.0000379086,0.8500237465,inf,inf,inf,inf,inf,0.0600163937,0.0000109673,inf,inf,inf,inf,inf,inf,inf,1551
1779238507.9202060699,-0.0077225664,0.1066927910,0.0910217315,-0.0193100757,0.0747642994,0.0020473950,3.2990000248,nan,nan,nan,nan,nan,nan,nan,nan,nan,nan,nan,nan,nan,nan,nan,nan,nan,nan,0.0000000000,0.0000000000,0.0000000000,0.0000000000,0.0000000000,0.0472279899,nan,nan,nan,nan,nan,nan,nan,nan,nan,nan,nan,nan,nan,nan,nan,nan,nan,nan,nan,nan,nan,0.0100286007,0.8600144386,inf,inf,inf,inf,inf,0.0700070858,0.0100016594,inf,inf,inf,inf,inf,inf,inf,1551
1779238507.9301977158,-0.0077225664,0.1066927910,0.0910217315,-0.0193100757,0.0747642994,0.0020473950,3.2990000248,nan,nan,nan,nan,nan,nan,nan,nan,nan,nan,nan,nan,nan,nan,nan,nan,nan,nan,0.0000000000,0.0000000000,0.0000000000,0.0000000000,0.0000000000,0.0472279899,nan,nan,nan,nan,nan,nan,nan,nan,nan,nan,nan,nan,nan,nan,nan,nan,nan,nan,nan,nan,nan,0.0200202465,0.8700060844,inf,inf,inf,inf,inf,0.0799987316,0.0199933052,inf,inf,inf,inf,inf,inf,inf,1551
1779238507.9401917458,-0.0077225664,0.1066927910,0.0910217315,-0.0193100757,0.0747642994,0.0020473950,3.2990000248,nan,nan,nan,nan,nan,nan,nan,nan,nan,nan,nan,nan,nan,nan,nan,nan,nan,nan,0.0000000000,0.0000000000,0.0000000000,0.0000000000,0.0000000000,0.0472279899,nan,nan,nan,nan,nan,nan,nan,nan,nan,nan,nan,nan,nan,nan,nan,nan,nan,nan,nan,nan,nan,0.0300142765,0.8800001144,inf,inf,inf,inf,inf,0.0899927616,0.0299873352,inf,inf,inf,inf,inf,inf,inf,1551
1779238507.9501726627,-0.0077225664,0.1066927910,0.0910217315,-0.0193100757,0.0747642994,0.0020473950,3.2990000248,nan,nan,nan,nan,nan,nan,nan,nan,nan,nan,nan,nan,nan,nan,nan,nan,nan,nan,0.0000000000,0.0000000000,0.0000000000,0.0000000000,0.0000000000,0.0472279899,nan,nan,nan,nan,nan,nan,nan,nan,nan,nan,nan,nan,nan,nan,nan,nan,nan,nan,nan,nan,nan,0.0399951935,0.8899810314,inf,inf,inf,inf,inf,0.0000169277,0.0399682522,inf,inf,inf,inf,inf,inf,inf,1551
1779238507.9601657391,-0.0085005797,0.1065291092,0.0910495892,-0.0193100757,0.0747642994,0.0020473950,3.2990000248,nan,nan,nan,nan,nan,nan,nan,nan,nan,nan,nan,nan,nan,nan,nan,nan,nan,nan,0.0000000000,0.0000000000,0.0000000000,0.0000000000,0.0000000000,0.0472279899,nan,nan,nan,nan,nan,nan,nan,nan,nan,nan,nan,nan,nan,nan,nan,nan,nan,nan,nan,nan,nan,0.0000112057,0.8999741077,inf,inf,inf,inf,inf,0.0100100040,0.0499613285,inf,inf,inf,inf,inf,inf,inf,1551
1779238507.9701960087,-0.0085005797,0.1065291092,0.0910495892,-0.0193100757,0.0747642994,0.0020473950,3.2990000248,nan,nan,nan,nan,nan,nan,nan,nan,nan,nan,nan,nan,nan,nan,nan,nan,nan,nan,0.0000000000,0.0000000000,0.0000000000,0.0000000000,0.0000000000,0.0472279899,nan,nan,nan,nan,nan,nan,nan,nan,nan,nan,nan,nan,nan,nan,nan,nan,nan,nan,nan,nan,nan,0.0100414753,0.9100043774,inf,inf,inf,inf,inf,0.0200402737,0.0599915981,inf,inf,inf,inf,inf,inf,inf,1551
1779238507.9802055359,-0.0085005797,0.1065291092,0.0910495892,-0.0193100757,0.0747642994,0.0020473950,3.2990000248,nan,nan,nan,nan,nan,nan,nan,nan,nan,nan,nan,nan,nan,nan,nan,nan,nan,nan,0.0000000000,0.0000000000,0.0000000000,0.0000000000,0.0000000000,0.0472279899,nan,nan,nan,nan,nan,nan,nan,nan,nan,nan,nan,nan,nan,nan,nan,nan,nan,nan,nan,nan,nan,0.0200510025,0.9200139046,inf,inf,inf,inf,inf,0.0300498009,0.0700011253,inf,inf,inf,inf,inf,inf,inf,1551
1779238507.9901916981,-0.0085005797,0.1065291092,0.0910495892,-0.0193100757,0.0747642994,0.0020473950,3.2990000248,nan,nan,nan,nan,nan,nan,nan,nan,nan,nan,nan,nan,nan,nan,nan,nan,nan,nan,0.0000000000,0.0000000000,0.0000000000,0.0000000000,0.0000000000,0.0472279899,nan,nan,nan,nan,nan,nan,nan,nan,nan,nan,nan,nan,nan,nan,nan,nan,nan,nan,nan,nan,nan,0.0300371647,0.9300000668,inf,inf,inf,inf,inf,0.0400359631,0.0799872875,inf,inf,inf,inf,inf,inf,inf,1551
1779238508.0001964569,-0.0085005797,0.1065291092,0.0910495892,-0.0193100757,0.0747642994,0.0020473950,3.2990000248,nan,nan,nan,nan,nan,nan,nan,nan,nan,nan,nan,nan,nan,nan,nan,nan,nan,nan,0.0000000000,0.0000000000,0.0000000000,0.0000000000,0.0000000000,0.0472279899,nan,nan,nan,nan,nan,nan,nan,nan,nan,nan,nan,nan,nan,nan,nan,nan,nan,nan,nan,nan,nan,0.0400419235,0.9400048256,inf,inf,inf,inf,inf,0.0500407219,0.0899920464,inf,inf,inf,inf,inf,inf,inf,1551
1779238508.0101954937,-0.0094225490,0.1063424572,0.0910751894,-0.0193100757,0.0747642994,0.0020473950,3.2990000248,nan,nan,nan,nan,nan,nan,nan,nan,nan,nan,nan,nan,nan,nan,nan,nan,nan,nan,0.0000000000,0.0000000000,0.0000000000,0.0000000000,0.0000000000,0.0467548035,nan,nan,nan,nan,nan,nan,nan,nan,nan,nan,nan,nan,nan,nan,nan,nan,nan,nan,nan,nan,nan,0.0000302792,0.9500038624,inf,inf,inf,inf,inf,0.0600397587,0.0000095367,inf,inf,inf,inf,inf,inf,inf,1551
1779238508.0201442242,-0.0094225490,0.1063424572,0.0910751894,-0.0193100757,0.0747642994,0.0020473950,3.2990000248,nan,nan,nan,nan,nan,nan,nan,nan,nan,nan,nan,nan,nan,nan,nan,nan,nan,nan,0.0000000000,0.0000000000,0.0000000000,0.0000000000,0.0000000000,0.0467548035,nan,nan,nan,nan,nan,nan,nan,nan,nan,nan,nan,nan,nan,nan,nan,nan,nan,nan,nan,nan,nan,0.0099790096,0.9599525928,inf,inf,inf,inf,inf,0.0699884892,0.0099582672,inf,inf,inf,inf,inf,inf,inf,1551
1779238508.0302073956,-0.0094225490,0.1063424572,0.0910751894,-0.0193100757,0.0747642994,0.0020473950,3.2990000248,nan,nan,nan,nan,nan,nan,nan,nan,nan,nan,nan,nan,nan,nan,nan,nan,nan,nan,0.0000000000,0.0000000000,0.0000000000,0.0000000000,0.0000000000,0.0467548035,nan,nan,nan,nan,nan,nan,nan,nan,nan,nan,nan,nan,nan,nan,nan,nan,nan,nan,nan,nan,nan,0.0200421810,0.9700157642,inf,inf,inf,inf,inf,0.0800516605,0.0200214386,inf,inf,inf,inf,inf,inf,inf,1551
1779238508.0402011871,-0.0094225490,0.1063424572,0.0910751894,-0.0193100757,0.0747642994,0.0020473950,3.2990000248,nan,nan,nan,nan,nan,nan,nan,nan,nan,nan,nan,nan,nan,nan,nan,nan,nan,nan,0.0000000000,0.0000000000,0.0000000000,0.0000000000,0.0000000000,0.0467548035,nan,nan,nan,nan,nan,nan,nan,nan,nan,nan,nan,nan,nan,nan,nan,nan,nan,nan,nan,nan,nan,0.0300359726,0.9800095558,inf,inf,inf,inf,inf,0.0900454521,0.0300152302,inf,inf,inf,inf,inf,inf,inf,1551
1779238508.0501685143,-0.0094225490,0.1063424572,0.0910751894,-0.0193100757,0.0747642994,0.0020473950,3.2990000248,nan,nan,nan,nan,nan,nan,nan,nan,nan,nan,nan,nan,nan,nan,nan,nan,nan,nan,0.0000000000,0.0000000000,0.0000000000,0.0000000000,0.0000000000,0.0467548035,nan,nan,nan,nan,nan,nan,nan,nan,nan,nan,nan,nan,nan,nan,nan,nan,nan,nan,nan,nan,nan,0.0400032997,0.9899768829,inf,inf,inf,inf,inf,0.0000126362,0.0399825573,inf,inf,inf,inf,inf,inf,inf,1551
1779238508.0602095127,-0.0105439527,0.1061116308,0.0910846964,-0.0193100757,0.0747642994,0.0020473950,3.2990000248,nan,nan,nan,nan,nan,nan,nan,nan,nan,nan,nan,nan,nan,nan,nan,nan,nan,nan,0.0000000000,0.0000000000,0.0000000000,0.0000000000,0.0000000000,0.0467548035,nan,nan,nan,nan,nan,nan,nan,nan,nan,nan,nan,nan,nan,nan,nan,nan,nan,nan,nan,nan,nan,0.0000331402,0.0000128746,inf,inf,inf,inf,inf,0.0100536346,0.0500235558,inf,inf,inf,inf,inf,inf,inf,1551
1779238508.0701966286,-0.0105439527,0.1061116308,0.0910846964,-0.0193100757,0.0747642994,0.0020473950,3.2990000248,nan,nan,nan,nan,nan,nan,nan,nan,nan,nan,nan,nan,nan,nan,nan,nan,nan,nan,0.0000000000,0.0000000000,0.0000000000,0.0000000000,0.0000000000,0.0467548035,nan,nan,nan,nan,nan,nan,nan,nan,nan,nan,nan,nan,nan,nan,nan,nan,nan,nan,nan,nan,nan,0.0100202560,0.0099999905,inf,inf,inf,inf,inf,0.0200407505,0.0600106716,inf,inf,inf,inf,inf,inf,inf,1551
1779238508.0801322460,-0.0105439527,0.1061116308,0.0910846964,-0.0193100757,0.0747642994,0.0020473950,3.2990000248,nan,nan,nan,nan,nan,nan,nan,nan,nan,nan,nan,nan,nan,nan,nan,nan,nan,nan,0.0000000000,0.0000000000,0.0000000000,0.0000000000,0.0000000000,0.0467548035,nan,nan,nan,nan,nan,nan,nan,nan,nan,nan,nan,nan,nan,nan,nan,nan,nan,nan,nan,nan,nan,0.0199558735,0.0199356079,inf,inf,inf,inf,inf,0.0299763680,0.0699462891,inf,inf,inf,inf,inf,inf,inf,1551
1779238508.0901293755,-0.0105439527,0.1061116308,0.0910846964,-0.0193100757,0.0747642994,0.0020473950,3.2990000248,nan,nan,nan,nan,nan,nan,nan,nan,nan,nan,nan,nan,nan,nan,nan,nan,nan,nan,0.0000000000,0.0000000000,0.0000000000,0.0000000000,0.0000000000,0.0467548035,nan,nan,nan,nan,nan,nan,nan,nan,nan,nan,nan,nan,nan,nan,nan,nan,nan,nan,nan,nan,nan,0.0299530029,0.0299327374,inf,inf,inf,inf,inf,0.0399734974,0.0799434185,inf,inf,inf,inf,inf,inf,inf,1551
1779238508.1002006531,-0.0105439527,0.1061116308,0.0910846964,-0.0193100757,0.0747642994,0.0020473950,3.2990000248,nan,nan,nan,nan,nan,nan,nan,nan,nan,nan,nan,nan,nan,nan,nan,nan,nan,nan,0.0000000000,0.0000000000,0.0000000000,0.0000000000,0.0000000000,0.0467548035,nan,nan,nan,nan,nan,nan,nan,nan,nan,nan,nan,nan,nan,nan,nan,nan,nan,nan,nan,nan,nan,0.0400242805,0.0400040150,inf,inf,inf,inf,inf,0.0500447750,0.0900146961,inf,inf,inf,inf,inf,inf,inf,1551
1779238508.1101493835,-0.0117948055,0.1058445945,0.0910602286,-0.0193100757,0.0747642994,0.0020473950,3.2990000248,nan,nan,nan,nan,nan,nan,nan,nan,nan,nan,nan,nan,nan,nan,nan,nan,nan,nan,0.0000000000,0.0000000000,0.0000000000,0.0000000000,0.0000000000,0.0492673926,nan,nan,nan,nan,nan,nan,nan,nan,nan,nan,nan,nan,nan,nan,nan,nan,nan,nan,nan,nan,nan,0.0000231266,0.0499527454,inf,inf,inf,inf,inf,0.0599935055,0.0000073910,inf,inf,inf,inf,inf,inf,inf,1551
1779238508.1201314926,-0.0117948055,0.1058445945,0.0910602286,-0.0193100757,0.0747642994,0.0020473950,3.2990000248,nan,nan,nan,nan,nan,nan,nan,nan,nan,nan,nan,nan,nan,nan,nan,nan,nan,nan,0.0000000000,0.0000000000,0.0000000000,0.0000000000,0.0000000000,0.0492673926,nan,nan,nan,nan,nan,nan,nan,nan,nan,nan,nan,nan,nan,nan,nan,nan,nan,nan,nan,nan,nan,0.0100052357,0.0599348545,inf,inf,inf,inf,inf,0.0699756145,0.0099895000,inf,inf,inf,inf,inf,inf,inf,1551
1779238508.1301789284,-0.0117948055,0.1058445945,0.0910602286,-0.0193100757,0.0747642994,0.0020473950,3.2990000248,nan,nan,nan,nan,nan,nan,nan,nan,nan,nan,nan,nan,nan,nan,nan,nan,nan,nan,0.0000000000,0.0000000000,0.0000000000,0.0000000000,0.0000000000,0.0492673926,nan,nan,nan,nan,nan,nan,nan,nan,nan,nan,nan,nan,nan,nan,nan,nan,nan,nan,nan,nan,nan,0.0200526714,0.0699822903,inf,inf,inf,inf,inf,0.0800230503,0.0200369358,inf,inf,inf,inf,inf,inf,inf,1551
1779238508.1401894093,-0.0117948055,0.1058445945,0.0910602286,-0.0193100757,0.0747642994,0.0020473950,3.2990000248,nan,nan,nan,nan,nan,nan,nan,nan,nan,nan,nan,nan,nan,nan,nan,nan,nan,nan,0.0000000000,0.0000000000,0.0000000000,0.0000000000,0.0000000000,0.0492673926,nan,nan,nan,nan,nan,nan,nan,nan,nan,nan,nan,nan,nan,nan,nan,nan,nan,nan,nan,nan,nan,0.0300631523,0.0799927711,inf,inf,inf,inf,inf,0.0900335312,0.0300474167,inf,inf,inf,inf,inf,inf,inf,1551
1779238508.1501376629,-0.0117948055,0.1058445945,0.0910602286,-0.0193100757,0.0747642994,0.0020473950,3.2990000248,nan,nan,nan,nan,nan,nan,nan,nan,nan,nan,nan,nan,nan,nan,nan,nan,nan,nan,0.0000000000,0.0000000000,0.0000000000,0.0000000000,0.0000000000,0.0492673926,nan,nan,nan,nan,nan,nan,nan,nan,nan,nan,nan,nan,nan,nan,nan,nan,nan,nan,nan,nan,nan,0.0400114059,0.0899410248,inf,inf,inf,inf,inf,0.0000088215,0.0399956703,inf,inf,inf,inf,inf,inf,inf,1551
1779238508.1601593494,-0.0132213617,0.1055312976,0.0910378546,-0.0193100757,0.0747642994,0.0020473950,3.2990000248,nan,nan,nan,nan,nan,nan,nan,nan,nan,nan,nan,nan,nan,nan,nan,nan,nan,nan,0.0000000000,0.0000000000,0.0000000000,0.0000000000,0.0000000000,0.0492673926,nan,nan,nan,nan,nan,nan,nan,nan,nan,nan,nan,nan,nan,nan,nan,nan,nan,nan,nan,nan,nan,0.0000126362,0.0999627113,inf,inf,inf,inf,inf,0.0100305080,0.0500173569,inf,inf,inf,inf,inf,inf,inf,1551
1779238508.1702039242,-0.0132213617,0.1055312976,0.0910378546,-0.0193100757,0.0747642994,0.0020473950,3.2990000248,nan,nan,nan,nan,nan,nan,nan,nan,nan,nan,nan,nan,nan,nan,nan,nan,nan,nan,0.0000000000,0.0000000000,0.0000000000,0.0000000000,0.0000000000,0.0492673926,nan,nan,nan,nan,nan,nan,nan,nan,nan,nan,nan,nan,nan,nan,nan,nan,nan,nan,nan,nan,nan,0.0100572109,0.1100072861,inf,inf,inf,inf,inf,0.0200750828,0.0600619316,inf,inf,inf,inf,inf,inf,inf,1551
1779238508.1801283360,-0.0132213617,0.1055312976,0.0910378546,-0.0193100757,0.0747642994,0.0020473950,3.2990000248,nan,nan,nan,nan,nan,nan,nan,nan,nan,nan,nan,nan,nan,nan,nan,nan,nan,nan,0.0000000000,0.0000000000,0.0000000000,0.0000000000,0.0000000000,0.0492673926,nan,nan,nan,nan,nan,nan,nan,nan,nan,nan,nan,nan,nan,nan,nan,nan,nan,nan,nan,nan,nan,0.0199816227,0.1199316978,inf,inf,inf,inf,inf,0.0299994946,0.0699863434,inf,inf,inf,inf,inf,inf,inf,1551
1779238508.1901309490,-0.0132213617,0.1055312976,0.0910378546,-0.0193100757,0.0747642994,0.0020473950,3.2990000248,nan,nan,nan,nan,nan,nan,nan,nan,nan,nan,nan,nan,nan,nan,nan,nan,nan,nan,0.0000000000,0.0000000000,0.0000000000,0.0000000000,0.0000000000,0.0492673926,nan,nan,nan,nan,nan,nan,nan,nan,nan,nan,nan,nan,nan,nan,nan,nan,nan,nan,nan,nan,nan,0.0299842358,0.1299343109,inf,inf,inf,inf,inf,0.0400021076,0.0799889565,inf,inf,inf,inf,inf,inf,inf,1551
1779238508.2001326084,-0.0132213617,0.1055312976,0.0910378546,-0.0193100757,0.0747642994,0.0020473950,3.2990000248,nan,nan,nan,nan,nan,nan,nan,nan,nan,nan,nan,nan,nan,nan,nan,nan,nan,nan,0.0000000000,0.0000000000,0.0000000000,0.0000000000,0.0000000000,0.0492673926,nan,nan,nan,nan,nan,nan,nan,nan,nan,nan,nan,nan,nan,nan,nan,nan,nan,nan,nan,nan,nan,0.0399858952,0.1399359703,inf,inf,inf,inf,inf,0.0500037670,0.0899906158,inf,inf,inf,inf,inf,inf,inf,1551
1779238508.2102041245,-0.0148406960,0.1051931158,0.0910169184,-0.0193100757,0.0747642994,0.0020473950,3.2990000248,nan,nan,nan,nan,nan,nan,nan,nan,nan,nan,nan,nan,nan,nan,nan,nan,nan,nan,0.0000000000,0.0000000000,0.0000000000,0.0000000000,0.0000000000,0.0502862334,nan,nan,nan,nan,nan,nan,nan,nan,nan,nan,nan,nan,nan,nan,nan,nan,nan,nan,nan,nan,nan,0.0000319481,0.1500074863,inf,inf,inf,inf,inf,0.0600752831,0.0000109673,inf,inf,inf,inf,inf,inf,inf,1551
1779238508.2201256752,-0.0148406960,0.1051931158,0.0910169184,-0.0193100757,0.0747642994,0.0020473950,3.2990000248,nan,nan,nan,nan,nan,nan,nan,nan,nan,nan,nan,nan,nan,nan,nan,nan,nan,nan,0.0000000000,0.0000000000,0.0000000000,0.0000000000,0.0000000000,0.0502862334,nan,nan,nan,nan,nan,nan,nan,nan,nan,nan,nan,nan,nan,nan,nan,nan,nan,nan,nan,nan,nan,0.0099534988,0.1599290371,inf,inf,inf,inf,inf,0.0699968338,0.0099325180,inf,inf,inf,inf,inf,inf,inf,1551
1779238508.2301259041,-0.0148406960,0.1051931158,0.0910169184,-0.0193100757,0.0747642994,0.0020473950,3.2990000248,nan,nan,nan,nan,nan,nan,nan,nan,nan,nan,nan,nan,nan,nan,nan,nan,nan,nan,0.0000000000,0.0000000000,0.0000000000,0.0000000000,0.0000000000,0.0502862334,nan,nan,nan,nan,nan,nan,nan,nan,nan,nan,nan,nan,nan,nan,nan,nan,nan,nan,nan,nan,nan,0.0199537277,0.1699292660,inf,inf,inf,inf,inf,0.0799970627,0.0199327469,inf,inf,inf,inf,inf,inf,inf,1551
1779238508.2402181625,-0.0148406960,0.1051931158,0.0910169184,-0.0193100757,0.0747642994,0.0020473950,3.2990000248,nan,nan,nan,nan,nan,nan,nan,nan,nan,nan,nan,nan,nan,nan,nan,nan,nan,nan,0.0000000000,0.0000000000,0.0000000000,0.0000000000,0.0000000000,0.0502862334,nan,nan,nan,nan,nan,nan,nan,nan,nan,nan,nan,nan,nan,nan,nan,nan,nan,nan,nan,nan,nan,0.0300459862,0.1800215244,inf,inf,inf,inf,inf,0.0900893211,0.0300250053,inf,inf,inf,inf,inf,inf,inf,1551
1779238508.2501728535,-0.0148406960,0.1051931158,0.0910169184,-0.0193100757,0.0747642994,0.0020473950,3.2990000248,nan,nan,nan,nan,nan,nan,nan,nan,nan,nan,nan,nan,nan,nan,nan,nan,nan,nan,0.0000000000,0.0000000000,0.0000000000,0.0000000000,0.0000000000,0.0502862334,nan,nan,nan,nan,nan,nan,nan,nan,nan,nan,nan,nan,nan,nan,nan,nan,nan,nan,nan,nan,nan,0.0400006771,0.1899762154,inf,inf,inf,inf,inf,0.0000109673,0.0399796963,inf,inf,inf,inf,inf,inf,inf,1551
1779238508.2601904869,-0.0166801605,0.1047815979,0.0909802690,-0.0193100757,0.0747642994,0.0020473950,3.2990000248,nan,nan,nan,nan,nan,nan,nan,nan,nan,nan,nan,nan,nan,nan,nan,nan,nan,nan,0.0000000000,0.0000000000,0.0000000000,0.0000000000,0.0000000000,0.0502862334,nan,nan,nan,nan,nan,nan,nan,nan,nan,nan,nan,nan,nan,nan,nan,nan,nan,nan,nan,nan,nan,0.0000150204,0.1999938488,inf,inf,inf,inf,inf,0.0100286007,0.0499973297,inf,inf,inf,inf,inf,inf,inf,1551
1779238508.2701270580,-0.0166801605,0.1047815979,0.0909802690,-0.0193100757,0.0747642994,0.0020473950,3.2990000248,nan,nan,nan,nan,nan,nan,nan,nan,nan,nan,nan,nan,nan,nan,nan,nan,nan,nan,0.0000000000,0.0000000000,0.0000000000,0.0000000000,0.0000000000,0.0502862334,nan,nan,nan,nan,nan,nan,nan,nan,nan,nan,nan,nan,nan,nan,nan,nan,nan,nan,nan,nan,nan,0.0099515915,0.2099304199,inf,inf,inf,inf,inf,0.0199651718,0.0599339008,inf,inf,inf,inf,inf,inf,inf,1551
1779238508.2801289558,-0.0166801605,0.1047815979,0.0909802690,-0.0193100757,0.0747642994,0.0020473950,3.2990000248,nan,nan,nan,nan,nan,nan,nan,nan,nan,nan,nan,nan,nan,nan,nan,nan,nan,nan,0.0000000000,0.0000000000,0.0000000000,0.0000000000,0.0000000000,0.0502862334,nan,nan,nan,nan,nan,nan,nan,nan,nan,nan,nan,nan,nan,nan,nan,nan,nan,nan,nan,nan,nan,0.0199534893,0.2199323177,inf,inf,inf,inf,inf,0.0299670696,0.0699357986,inf,inf,inf,inf,inf,inf,inf,1551
1779238508.2901747227,-0.0166801605,0.1047815979,0.0909802690,-0.0193100757,0.0747642994,0.0020473950,3.2990000248,nan,nan,nan,nan,nan,nan,nan,nan,nan,nan,nan,nan,nan,nan,nan,nan,nan,nan,0.0000000000,0.0000000000,0.0000000000,0.0000000000,0.0000000000,0.0502862334,nan,nan,nan,nan,nan,nan,nan,nan,nan,nan,nan,nan,nan,nan,nan,nan,nan,nan,nan,nan,nan,0.0299992561,0.2299780846,inf,inf,inf,inf,inf,0.0400128365,0.0799815655,inf,inf,inf,inf,inf,inf,inf,1551
1779238508.3001267910,-0.0166801605,0.1047815979,0.0909802690,-0.0193100757,0.0747642994,0.0020473950,3.2990000248,nan,nan,nan,nan,nan,nan,nan,nan,nan,nan,nan,nan,nan,nan,nan,nan,nan,nan,0.0000000000,0.0000000000,0.0000000000,0.0000000000,0.0000000000,0.0502862334,nan,nan,nan,nan,nan,nan,nan,nan,nan,nan,nan,nan,nan,nan,nan,nan,nan,nan,nan,nan,nan,0.0399513245,0.2399301529,inf,inf,inf,inf,inf,0.0499649048,0.0899336338,inf,inf,inf,inf,inf,inf,inf,1551
1779238508.3101613522,-0.0063911723,0.1069094911,0.0909988508,-0.0193100757,0.0747642994,0.0020473950,3.2990000248,nan,nan,nan,nan,nan,nan,nan,nan,nan,nan,nan,nan,nan,nan,nan,nan,nan,nan,0.0000000000,0.0000000000,0.0000000000,0.0000000000,0.0000000000,0.0537642837,nan,nan,nan,nan,nan,nan,nan,nan,nan,nan,nan,nan,nan,nan,nan,nan,nan,nan,nan,nan,nan,0.0000250340,0.2499647141,inf,inf,inf,inf,inf,0.0599994659,0.0000081062,inf,inf,inf,inf,inf,inf,inf,1551
1779238508.3201909065,-0.0063911723,0.1069094911,0.0909988508,-0.0193100757,0.0747642994,0.0020473950,3.2990000248,nan,nan,nan,nan,nan,nan,nan,nan,nan,nan,nan,nan,nan,nan,nan,nan,nan,nan,0.0000000000,0.0000000000,0.0000000000,0.0000000000,0.0000000000,0.0537642837,nan,nan,nan,nan,nan,nan,nan,nan,nan,nan,nan,nan,nan,nan,nan,nan,nan,nan,nan,nan,nan,0.0100545883,0.2599942684,inf,inf,inf,inf,inf,0.0700290203,0.0100376606,inf,inf,inf,inf,inf,inf,inf,1551
1779238508.3301389217,-0.0063911723,0.1069094911,0.0909988508,-0.0193100757,0.0747642994,0.0020473950,3.2990000248,nan,nan,nan,nan,nan,nan,nan,nan,nan,nan,nan,nan,nan,nan,nan,nan,nan,nan,0.0000000000,0.0000000000,0.0000000000,0.0000000000,0.0000000000,0.0537642837,nan,nan,nan,nan,nan,nan,nan,nan,nan,nan,nan,nan,nan,nan,nan,nan,nan,nan,nan,nan,nan,0.0200026035,0.2699422836,inf,inf,inf,inf,inf,0.0799770355,0.0199856758,inf,inf,inf,inf,inf,inf,inf,1551
1779238508.3401253223,-0.0063911723,0.1069094911,0.0909988508,-0.0193100757,0.0747642994,0.0020473950,3.2990000248,nan,nan,nan,nan,nan,nan,nan,nan,nan,nan,nan,nan,nan,nan,nan,nan,nan,nan,0.0000000000,0.0000000000,0.0000000000,0.0000000000,0.0000000000,0.0537642837,nan,nan,nan,nan,nan,nan,nan,nan,nan,nan,nan,nan,nan,nan,nan,nan,nan,nan,nan,nan,nan,0.0299890041,0.2799286842,inf,inf,inf,inf,inf,0.0899634361,0.0299720764,inf,inf,inf,inf,inf,inf,inf,1551
1779238508.3501822948,-0.0063911723,0.1069094911,0.0909988508,-0.0193100757,0.0747642994,0.0020473950,3.2990000248,nan,nan,nan,nan,nan,nan,nan,nan,nan,nan,nan,nan,nan,nan,nan,nan,nan,nan,0.0000000000,0.0000000000,0.0000000000,0.0000000000,0.0000000000,0.0537642837,nan,nan,nan,nan,nan,nan,nan,nan,nan,nan,nan,nan,nan,nan,nan,nan,nan,nan,nan,nan,nan,0.0400459766,0.2899856567,inf,inf,inf,inf,inf,0.0000107288,0.0400290489,inf,inf,inf,inf,inf,inf,inf,1551
1779238508.3602380753,-0.0069989348,0.1067641824,0.0909755528,-0.0193100757,0.0747642994,0.0020473950,3.2990000248,nan,nan,nan,nan,nan,nan,nan,nan,nan,nan,nan,nan,nan,nan,nan,nan,nan,nan,0.0000000000,0.0000000000,0.0000000000,0.0000000000,0.0000000000,0.0537642837,nan,nan,nan,nan,nan,nan,nan,nan,nan,nan,nan,nan,nan,nan,nan,nan,nan,nan,nan,nan,nan,0.0000188351,0.3000414371,inf,inf,inf,inf,inf,0.0100665092,0.0500848293,inf,inf,inf,inf,inf,inf,inf,1551
1779238508.3702580929,-0.0069989348,0.1067641824,0.0909755528,-0.0193100757,0.0747642994,0.0020473950,3.2990000248,nan,nan,nan,nan,nan,nan,nan,nan,nan,nan,nan,nan,nan,nan,nan,nan,nan,nan,0.0000000000,0.0000000000,0.0000000000,0.0000000000,0.0000000000,0.0537642837,nan,nan,nan,nan,nan,nan,nan,nan,nan,nan,nan,nan,nan,nan,nan,nan,nan,nan,nan,nan,nan,0.0100388527,0.3100614548,inf,inf,inf,inf,inf,0.0200865269,0.0601048470,inf,inf,inf,inf,inf,inf,inf,1551
1779238508.3802747726,-0.0069989348,0.1067641824,0.0909755528,-0.0193100757,0.0747642994,0.0020473950,3.2990000248,nan,nan,nan,nan,nan,nan,nan,nan,nan,nan,nan,nan,nan,nan,nan,nan,nan,nan,0.0000000000,0.0000000000,0.0000000000,0.0000000000,0.0000000000,0.0537642837,nan,nan,nan,nan,nan,nan,nan,nan,nan,nan,nan,nan,nan,nan,nan,nan,nan,nan,nan,nan,nan,0.0200555325,0.3200781345,inf,inf,inf,inf,inf,0.0301032066,0.0701215267,inf,inf,inf,inf,inf,inf,inf,1551
1779238508.3902320862,-0.0069989348,0.1067641824,0.0909755528,-0.0193100757,0.0747642994,0.0020473950,3.2990000248,nan,nan,nan,nan,nan,nan,nan,nan,nan,nan,nan,nan,nan,nan,nan,nan,nan,nan,0.0000000000,0.0000000000,0.0000000000,0.0000000000,0.0000000000,0.0537642837,nan,nan,nan,nan,nan,nan,nan,nan,nan,nan,nan,nan,nan,nan,nan,nan,nan,nan,nan,nan,nan,0.0300128460,0.3300354481,inf,inf,inf,inf,inf,0.0400605202,0.0800788403,inf,inf,inf,inf,inf,inf,inf,1551
1779238508.4002168179,-0.0069989348,0.1067641824,0.0909755528,-0.0193100757,0.0747642994,0.0020473950,3.2990000248,nan,nan,nan,nan,nan,nan,nan,nan,nan,nan,nan,nan,nan,nan,nan,nan,nan,nan,0.0000000000,0.0000000000,0.0000000000,0.0000000000,0.0000000000,0.0537642837,nan,nan,nan,nan,nan,nan,nan,nan,nan,nan,nan,nan,nan,nan,nan,nan,nan,nan,nan,nan,nan,0.0399975777,0.3400201797,inf,inf,inf,inf,inf,0.0500452518,0.0900635719,inf,inf,inf,inf,inf,inf,inf,1551
1779238508.4102604389,-0.0077358652,0.1065692529,0.0909507200,-0.0193100757,0.0747642994,0.0020473950,3.2990000248,nan,nan,nan,nan,nan,nan,nan,nan,nan,nan,nan,nan,nan,nan,nan,nan,nan,nan,0.0000000000,0.0000000000,0.0000000000,0.0000000000,0.0000000000,0.0554080345,nan,nan,nan,nan,nan,nan,nan,nan,nan,nan,nan,nan,nan,nan,nan,nan,nan,nan,nan,nan,nan,0.0000503063,0.3500638008,inf,inf,inf,inf,inf,0.0600888729,0.0000169277,inf,inf,inf,inf,inf,inf,inf,1551
1779238508.4202406406,-0.0077358652,0.1065692529,0.0909507200,-0.0193100757,0.0747642994,0.0020473950,3.2990000248,nan,nan,nan,nan,nan,nan,nan,nan,nan,nan,nan,nan,nan,nan,nan,nan,nan,nan,0.0000000000,0.0000000000,0.0000000000,0.0000000000,0.0000000000,0.0554080345,nan,nan,nan,nan,nan,nan,nan,nan,nan,nan,nan,nan,nan,nan,nan,nan,nan,nan,nan,nan,nan,0.0100305080,0.3600440025,inf,inf,inf,inf,inf,0.0700690746,0.0099971294,inf,inf,inf,inf,inf,inf,inf,1551
1779238508.4302639961,-0.0077358652,0.1065692529,0.0909507200,-0.0193100757,0.0747642994,0.0020473950,3.2990000248,nan,nan,nan,nan,nan,nan,nan,nan,nan,nan,nan,nan,nan,nan,nan,nan,nan,nan,0.0000000000,0.0000000000,0.0000000000,0.0000000000,0.0000000000,0.0554080345,nan,nan,nan,nan,nan,nan,nan,nan,nan,nan,nan,nan,nan,nan,nan,nan,nan,nan,nan,nan,nan,0.0200538635,0.3700673580,inf,inf,inf,inf,inf,0.0800924301,0.0200204849,inf,inf,inf,inf,inf,inf,inf,1551
1779238508.4402134418,-0.0077358652,0.1065692529,0.0909507200,-0.0193100757,0.0747642994,0.0020473950,3.2990000248,nan,nan,nan,nan,nan,nan,nan,nan,nan,nan,nan,nan,nan,nan,nan,nan,nan,nan,0.0000000000,0.0000000000,0.0000000000,0.0000000000,0.0000000000,0.0554080345,nan,nan,nan,nan,nan,nan,nan,nan,nan,nan,nan,nan,nan,nan,nan,nan,nan,nan,nan,nan,nan,0.0300033092,0.3800168037,inf,inf,inf,inf,inf,0.0900418758,0.0299699306,inf,inf,inf,inf,inf,inf,inf,1551
1779238508.4502024651,-0.0077358652,0.1065692529,0.0909507200,-0.0193100757,0.0747642994,0.0020473950,3.2990000248,nan,nan,nan,nan,nan,nan,nan,nan,nan,nan,nan,nan,nan,nan,nan,nan,nan,nan,0.0000000000,0.0000000000,0.0000000000,0.0000000000,0.0000000000,0.0554080345,nan,nan,nan,nan,nan,nan,nan,nan,nan,nan,nan,nan,nan,nan,nan,nan,nan,nan,nan,nan,nan,0.0399923325,0.3900058270,inf,inf,inf,inf,inf,0.0000159740,0.0399589539,inf,inf,inf,inf,inf,inf,inf,1551
1779238508.4602041245,-0.0086204568,0.1063271239,0.0909081995,-0.0193100757,0.0747642994,0.0020473950,3.2990000248,nan,nan,nan,nan,nan,nan,nan,nan,nan,nan,nan,nan,nan,nan,nan,nan,nan,nan,0.0000000000,0.0000000000,0.0000000000,0.0000000000,0.0000000000,0.0554080345,nan,nan,nan,nan,nan,nan,nan,nan,nan,nan,nan,nan,nan,nan,nan,nan,nan,nan,nan,nan,nan,0.0000195503,0.4000074863,inf,inf,inf,inf,inf,0.0100176334,0.0499606133,inf,inf,inf,inf,inf,inf,inf,1551
1779238508.4701974392,-0.0086204568,0.1063271239,0.0909081995,-0.0193100757,0.0747642994,0.0020473950,3.2990000248,nan,nan,nan,nan,nan,nan,nan,nan,nan,nan,nan,nan,nan,nan,nan,nan,nan,nan,0.0000000000,0.0000000000,0.0000000000,0.0000000000,0.0000000000,0.0554080345,nan,nan,nan,nan,nan,nan,nan,nan,nan,nan,nan,nan,nan,nan,nan,nan,nan,nan,nan,nan,nan,0.0100128651,0.4100008011,inf,inf,inf,inf,inf,0.0200109482,0.0599539280,inf,inf,inf,inf,inf,inf,inf,1551
1779238508.4801352024,-0.0086204568,0.1063271239,0.0909081995,-0.0193100757,0.0747642994,0.0020473950,3.2990000248,nan,nan,nan,nan,nan,nan,nan,nan,nan,nan,nan,nan,nan,nan,nan,nan,nan,nan,0.0000000000,0.0000000000,0.0000000000,0.0000000000,0.0000000000,0.0554080345,nan,nan,nan,nan,nan,nan,nan,nan,nan,nan,nan,nan,nan,nan,nan,nan,nan,nan,nan,nan,nan,0.0199506283,0.4199385643,inf,inf,inf,inf,inf,0.0299487114,0.0698916912,inf,inf,inf,inf,inf,inf,inf,1551
1779238508.4901885986,-0.0086204568,0.1063271239,0.0909081995,-0.0193100757,0.0747642994,0.0020473950,3.2990000248,nan,nan,nan,nan,nan,nan,nan,nan,nan,nan,nan,nan,nan,nan,nan,nan,nan,nan,0.0000000000,0.0000000000,0.0000000000,0.0000000000,0.0000000000,0.0554080345,nan,nan,nan,nan,nan,nan,nan,nan,nan,nan,nan,nan,nan,nan,nan,nan,nan,nan,nan,nan,nan,0.0300040245,0.4299919605,inf,inf,inf,inf,inf,0.0400021076,0.0799450874,inf,inf,inf,inf,inf,inf,inf,1551
1779238508.5001292229,-0.0086204568,0.1063271239,0.0909081995,-0.0193100757,0.0747642994,0.0020473950,3.2990000248,nan,nan,nan,nan,nan,nan,nan,nan,nan,nan,nan,nan,nan,nan,nan,nan,nan,nan,0.0000000000,0.0000000000,0.0000000000,0.0000000000,0.0000000000,0.0554080345,nan,nan,nan,nan,nan,nan,nan,nan,nan,nan,nan,nan,nan,nan,nan,nan,nan,nan,nan,nan,nan,0.0399446487,0.4399325848,inf,inf,inf,inf,inf,0.0499427319,0.0898857117,inf,inf,inf,inf,inf,inf,inf,1551
1779238508.5102076530,-0.0061848522,0.1069372371,0.0910048187,-0.0193100757,0.0747642994,0.0020473950,3.2990000248,nan,nan,nan,nan,nan,nan,nan,nan,nan,nan,nan,nan,nan,nan,nan,nan,nan,nan,0.0000000000,0.0000000000,0.0000000000,0.0000000000,0.0000000000,0.0565470047,nan,nan,nan,nan,nan,nan,nan,nan,nan,nan,nan,nan,nan,nan,nan,nan,nan,nan,nan,nan,nan,0.0000262260,0.4500110149,inf,inf,inf,inf,inf,0.0600211620,0.0000085831,inf,inf,inf,inf,inf,inf,inf,1551
1779238508.5201840401,-0.0061848522,0.1069372371,0.0910048187,-0.0193100757,0.0747642994,0.0020473950,3.2990000248,nan,nan,nan,nan,nan,nan,nan,nan,nan,nan,nan,nan,nan,nan,nan,nan,nan,nan,0.0000000000,0.0000000000,0.0000000000,0.0000000000,0.0000000000,0.0565470047,nan,nan,nan,nan,nan,nan,nan,nan,nan,nan,nan,nan,nan,nan,nan,nan,nan,nan,nan,nan,nan,0.0100026131,0.4599874020,inf,inf,inf,inf,inf,0.0699975491,0.0099849701,inf,inf,inf,inf,inf,inf,inf,1551
1779238508.5302000046,-0.0061848522,0.1069372371,0.0910048187,-0.0193100757,0.0747642994,0.0020473950,3.2990000248,nan,nan,nan,nan,nan,nan,nan,nan,nan,nan,nan,nan,nan,nan,nan,nan,nan,nan,0.0000000000,0.0000000000,0.0000000000,0.0000000000,0.0000000000,0.0565470047,nan,nan,nan,nan,nan,nan,nan,nan,nan,nan,nan,nan,nan,nan,nan,nan,nan,nan,nan,nan,nan,0.0200185776,0.4700033665,inf,inf,inf,inf,inf,0.0800135136,0.0200009346,inf,inf,inf,inf,inf,inf,inf,1551
1779238508.5401918888,-0.0061848522,0.1069372371,0.0910048187,-0.0193100757,0.0747642994,0.0020473950,3.2990000248,nan,nan,nan,nan,nan,nan,nan,nan,nan,nan,nan,nan,nan,nan,nan,nan,nan,nan,0.0000000000,0.0000000000,0.0000000000,0.0000000000,0.0000000000,0.0565470047,nan,nan,nan,nan,nan,nan,nan,nan,nan,nan,nan,nan,nan,nan,nan,nan,nan,nan,nan,nan,nan,0.0300104618,0.4799952507,inf,inf,inf,inf,inf,0.0900053978,0.0299928188,inf,inf,inf,inf,inf,inf,inf,1551
1779238508.5501768589,-0.0061848522,0.1069372371,0.0910048187,-0.0193100757,0.0747642994,0.0020473950,3.2990000248,nan,nan,nan,nan,nan,nan,nan,nan,nan,nan,nan,nan,nan,nan,nan,nan,nan,nan,0.0000000000,0.0000000000,0.0000000000,0.0000000000,0.0000000000,0.0565470047,nan,nan,nan,nan,nan,nan,nan,nan,nan,nan,nan,nan,nan,nan,nan,nan,nan,nan,nan,nan,nan,0.0399954319,0.4899802208,inf,inf,inf,inf,inf,0.0000107288,0.0399777889,inf,inf,inf,inf,inf,inf,inf,1551
1779238508.5601687431,-0.0065861968,0.1067951024,0.0910149962,-0.0193100757,0.0747642994,0.0020473950,3.2990000248,nan,nan,nan,nan,nan,nan,nan,nan,nan,nan,nan,nan,nan,nan,nan,nan,nan,nan,0.0000000000,0.0000000000,0.0000000000,0.0000000000,0.0000000000,0.0565470047,nan,nan,nan,nan,nan,nan,nan,nan,nan,nan,nan,nan,nan,nan,nan,nan,nan,nan,nan,nan,nan,0.0000095367,0.4999721050,inf,inf,inf,inf,inf,0.0100026131,0.0499696732,inf,inf,inf,inf,inf,inf,inf,1551
1779238508.5702209473,-0.0065861968,0.1067951024,0.0910149962,-0.0193100757,0.0747642994,0.0020473950,3.2990000248,nan,nan,nan,nan,nan,nan,nan,nan,nan,nan,nan,nan,nan,nan,nan,nan,nan,nan,0.0000000000,0.0000000000,0.0000000000,0.0000000000,0.0000000000,0.0565470047,nan,nan,nan,nan,nan,nan,nan,nan,nan,nan,nan,nan,nan,nan,nan,nan,nan,nan,nan,nan,nan,0.0100617409,0.5100243092,inf,inf,inf,inf,inf,0.0200548172,0.0600218773,inf,inf,inf,inf,inf,inf,inf,1551
1779238508.5801372528,-0.0065861968,0.1067951024,0.0910149962,-0.0193100757,0.0747642994,0.0020473950,3.2990000248,nan,nan,nan,nan,nan,nan,nan,nan,nan,nan,nan,nan,nan,nan,nan,nan,nan,nan,0.0000000000,0.0000000000,0.0000000000,0.0000000000,0.0000000000,0.0565470047,nan,nan,nan,nan,nan,nan,nan,nan,nan,nan,nan,nan,nan,nan,nan,nan,nan,nan,nan,nan,nan,0.0199780464,0.5199406147,inf,inf,inf,inf,inf,0.0299711227,0.0699381828,inf,inf,inf,inf,inf,inf,inf,1551
1779238508.5902028084,-0.0065861968,0.1067951024,0.0910149962,-0.0193100757,0.0747642994,0.0020473950,3.2990000248,nan,nan,nan,nan,nan,nan,nan,nan,nan,nan,nan,nan,nan,nan,nan,nan,nan,nan,0.0000000000,0.0000000000,0.0000000000,0.0000000000,0.0000000000,0.0565470047,nan,nan,nan,nan,nan,nan,nan,nan,nan,nan,nan,nan,nan,nan,nan,nan,nan,nan,nan,nan,nan,0.0300436020,0.5300061703,inf,inf,inf,inf,inf,0.0400366783,0.0800037384,inf,inf,inf,inf,inf,inf,inf,1551
1779238508.6001291275,-0.0065861968,0.1067951024,0.0910149962,-0.0193100757,0.0747642994,0.0020473950,3.2990000248,nan,nan,nan,nan,nan,nan,nan,nan,nan,nan,nan,nan,nan,nan,nan,nan,nan,nan,0.0000000000,0.0000000000,0.0000000000,0.0000000000,0.0000000000,0.0565470047,nan,nan,nan,nan,nan,nan,nan,nan,nan,nan,nan,nan,nan,nan,nan,nan,nan,nan,nan,nan,nan,0.0399699211,0.5399324894,inf,inf,inf,inf,inf,0.0499629974,0.0899300575,inf,inf,inf,inf,inf,inf,inf,1551
1779238508.6101739407,-0.0070946380,0.1066268608,0.0910425186,-0.0193100757,0.0747642994,0.0020473950,3.2990000248,nan,nan,nan,nan,nan,nan,nan,nan,nan,nan,nan,nan,nan,nan,nan,nan,nan,nan,0.0000000000,0.0000000000,0.0000000000,0.0000000000,0.0000000000,0.0596622601,nan,nan,nan,nan,nan,nan,nan,nan,nan,nan,nan,nan,nan,nan,nan,nan,nan,nan,nan,nan,nan,0.0000271797,0.5499773026,inf,inf,inf,inf,inf,0.0600078106,0.0000092983,inf,inf,inf,inf,inf,inf,inf,1551
1779238508.6202068329,-0.0070946380,0.1066268608,0.0910425186,-0.0193100757,0.0747642994,0.0020473950,3.2990000248,nan,nan,nan,nan,nan,nan,nan,nan,nan,nan,nan,nan,nan,nan,nan,nan,nan,nan,0.0000000000,0.0000000000,0.0000000000,0.0000000000,0.0000000000,0.0596622601,nan,nan,nan,nan,nan,nan,nan,nan,nan,nan,nan,nan,nan,nan,nan,nan,nan,nan,nan,nan,nan,0.0100600719,0.5600101948,inf,inf,inf,inf,inf,0.0700407028,0.0100421906,inf,inf,inf,inf,inf,inf,inf,1551
1779238508.6301968098,-0.0070946380,0.1066268608,0.0910425186,-0.0193100757,0.0747642994,0.0020473950,3.2990000248,nan,nan,nan,nan,nan,nan,nan,nan,nan,nan,nan,nan,nan,nan,nan,nan,nan,nan,0.0000000000,0.0000000000,0.0000000000,0.0000000000,0.0000000000,0.0596622601,nan,nan,nan,nan,nan,nan,nan,nan,nan,nan,nan,nan,nan,nan,nan,nan,nan,nan,nan,nan,nan,0.0200500488,0.5700001717,inf,inf,inf,inf,inf,0.0800306797,0.0200321674,inf,inf,inf,inf,inf,inf,inf,1551
1779238508.6401257515,-0.0070946380,0.1066268608,0.0910425186,-0.0193100757,0.0747642994,0.0020473950,3.2990000248,nan,nan,nan,nan,nan,nan,nan,nan,nan,nan,nan,nan,nan,nan,nan,nan,nan,nan,0.0000000000,0.0000000000,0.0000000000,0.0000000000,0.0000000000,0.0596622601,nan,nan,nan,nan,nan,nan,nan,nan,nan,nan,nan,nan,nan,nan,nan,nan,nan,nan,nan,nan,nan,0.0299789906,0.5799291134,inf,inf,inf,inf,inf,0.0899596214,0.0299611092,inf,inf,inf,inf,inf,inf,inf,1551
1779238508.6501438618,-0.0070946380,0.1066268608,0.0910425186,-0.0193100757,0.0747642994,0.0020473950,3.2990000248,nan,nan,nan,nan,nan,nan,nan,nan,nan,nan,nan,nan,nan,nan,nan,nan,nan,nan,0.0000000000,0.0000000000,0.0000000000,0.0000000000,0.0000000000,0.0596622601,nan,nan,nan,nan,nan,nan,nan,nan,nan,nan,nan,nan,nan,nan,nan,nan,nan,nan,nan,nan,nan,0.0399971008,0.5899472237,inf,inf,inf,inf,inf,0.0000092983,0.0399792194,inf,inf,inf,inf,inf,inf,inf,1551
1779238508.6601421833,-0.0077423039,0.1064060181,0.0910698846,-0.0193100757,0.0747642994,0.0020473950,3.2990000248,nan,nan,nan,nan,nan,nan,nan,nan,nan,nan,nan,nan,nan,nan,nan,nan,nan,nan,0.0000000000,0.0000000000,0.0000000000,0.0000000000,0.0000000000,0.0596622601,nan,nan,nan,nan,nan,nan,nan,nan,nan,nan,nan,nan,nan,nan,nan,nan,nan,nan,nan,nan,nan,0.0000088215,0.5999455452,inf,inf,inf,inf,inf,0.0100076199,0.0499775410,inf,inf,inf,inf,inf,inf,inf,1551
1779238508.6702036858,-0.0077423039,0.1064060181,0.0910698846,-0.0193100757,0.0747642994,0.0020473950,3.2990000248,nan,nan,nan,nan,nan,nan,nan,nan,nan,nan,nan,nan,nan,nan,nan,nan,nan,nan,0.0000000000,0.0000000000,0.0000000000,0.0000000000,0.0000000000,0.0596622601,nan,nan,nan,nan,nan,nan,nan,nan,nan,nan,nan,nan,nan,nan,nan,nan,nan,nan,nan,nan,nan,0.0100703239,0.6100070477,inf,inf,inf,inf,inf,0.0200691223,0.0600390434,inf,inf,inf,inf,inf,inf,inf,1551
1779238508.6802361012,-0.0077423039,0.1064060181,0.0910698846,-0.0193100757,0.0747642994,0.0020473950,3.2990000248,nan,nan,nan,nan,nan,nan,nan,nan,nan,nan,nan,nan,nan,nan,nan,nan,nan,nan,0.0000000000,0.0000000000,0.0000000000,0.0000000000,0.0000000000,0.0596622601,nan,nan,nan,nan,nan,nan,nan,nan,nan,nan,nan,nan,nan,nan,nan,nan,nan,nan,nan,nan,nan,0.0201027393,0.6200394630,inf,inf,inf,inf,inf,0.0301015377,0.0700714588,inf,inf,inf,inf,inf,inf,inf,1551
1779238508.6902413368,-0.0077423039,0.1064060181,0.0910698846,-0.0193100757,0.0747642994,0.0020473950,3.2990000248,nan,nan,nan,nan,nan,nan,nan,nan,nan,nan,nan,nan,nan,nan,nan,nan,nan,nan,0.0000000000,0.0000000000,0.0000000000,0.0000000000,0.0000000000,0.0596622601,nan,nan,nan,nan,nan,nan,nan,nan,nan,nan,nan,nan,nan,nan,nan,nan,nan,nan,nan,nan,nan,0.0301079750,0.6300446987,inf,inf,inf,inf,inf,0.0401067734,0.0800766945,inf,inf,inf,inf,inf,inf,inf,1551
1779238508.7002263069,-0.0077423039,0.1064060181,0.0910698846,-0.0193100757,0.0747642994,0.0020473950,3.2990000248,nan,nan,nan,nan,nan,nan,nan,nan,nan,nan,nan,nan,nan,nan,nan,nan,nan,nan,0.0000000000,0.0000000000,0.0000000000,0.0000000000,0.0000000000,0.0596622601,nan,nan,nan,nan,nan,nan,nan,nan,nan,nan,nan,nan,nan,nan,nan,nan,nan,nan,nan,nan,nan,0.0400929451,0.6400296688,inf,inf,inf,inf,inf,0.0500917435,0.0900616646,inf,inf,inf,inf,inf,inf,inf,1551
1779238508.7102210522,-0.0060859476,0.1069769114,0.0910043567,-0.0193100757,0.0747642994,0.0020473950,3.2990000248,nan,nan,nan,nan,nan,nan,nan,nan,nan,nan,nan,nan,nan,nan,nan,nan,nan,nan,0.0000000000,0.0000000000,0.0000000000,0.0000000000,0.0000000000,0.0650655627,nan,nan,nan,nan,nan,nan,nan,nan,nan,nan,nan,nan,nan,nan,nan,nan,nan,nan,nan,nan,nan,0.0000395775,0.6500244141,inf,inf,inf,inf,inf,0.0600864887,0.0000135899,inf,inf,inf,inf,inf,inf,inf,1551
1779238508.7202291489,-0.0060859476,0.1069769114,0.0910043567,-0.0193100757,0.0747642994,0.0020473950,3.2990000248,nan,nan,nan,nan,nan,nan,nan,nan,nan,nan,nan,nan,nan,nan,nan,nan,nan,nan,0.0000000000,0.0000000000,0.0000000000,0.0000000000,0.0000000000,0.0650655627,nan,nan,nan,nan,nan,nan,nan,nan,nan,nan,nan,nan,nan,nan,nan,nan,nan,nan,nan,nan,nan,0.0100476742,0.6600325108,inf,inf,inf,inf,inf,0.0700945854,0.0100216866,inf,inf,inf,inf,inf,inf,inf,1551
1779238508.7301979065,-0.0060859476,0.1069769114,0.0910043567,-0.0193100757,0.0747642994,0.0020473950,3.2990000248,nan,nan,nan,nan,nan,nan,nan,nan,nan,nan,nan,nan,nan,nan,nan,nan,nan,nan,0.0000000000,0.0000000000,0.0000000000,0.0000000000,0.0000000000,0.0650655627,nan,nan,nan,nan,nan,nan,nan,nan,nan,nan,nan,nan,nan,nan,nan,nan,nan,nan,nan,nan,nan,0.0200164318,0.6700012684,inf,inf,inf,inf,inf,0.0800633430,0.0199904442,inf,inf,inf,inf,inf,inf,inf,1551
1779238508.7401981354,-0.0060859476,0.1069769114,0.0910043567,-0.0193100757,0.0747642994,0.0020473950,3.2990000248,nan,nan,nan,nan,nan,nan,nan,nan,nan,nan,nan,nan,nan,nan,nan,nan,nan,nan,0.0000000000,0.0000000000,0.0000000000,0.0000000000,0.0000000000,0.0650655627,nan,nan,nan,nan,nan,nan,nan,nan,nan,nan,nan,nan,nan,nan,nan,nan,nan,nan,nan,nan,nan,0.0300166607,0.6800014973,inf,inf,inf,inf,inf,0.0900635719,0.0299906731,inf,inf,inf,inf,inf,inf,inf,1551
1779238508.7501785755,-0.0060859476,0.1069769114,0.0910043567,-0.0193100757,0.0747642994,0.0020473950,3.2990000248,nan,nan,nan,nan,nan,nan,nan,nan,nan,nan,nan,nan,nan,nan,nan,nan,nan,nan,0.0000000000,0.0000000000,0.0000000000,0.0000000000,0.0000000000,0.0650655627,nan,nan,nan,nan,nan,nan,nan,nan,nan,nan,nan,nan,nan,nan,nan,nan,nan,nan,nan,nan,nan,0.0399971008,0.6899819374,inf,inf,inf,inf,inf,0.0000116825,0.0399711132,inf,inf,inf,inf,inf,inf,inf,1551
1779238508.7601764202,-0.0064783650,0.1068615392,0.0910137072,-0.0193100757,0.0747642994,0.0020473950,3.2990000248,nan,nan,nan,nan,nan,nan,nan,nan,nan,nan,nan,nan,nan,nan,nan,nan,nan,nan,0.0000000000,0.0000000000,0.0000000000,0.0000000000,0.0000000000,0.0650655627,nan,nan,nan,nan,nan,nan,nan,nan,nan,nan,nan,nan,nan,nan,nan,nan,nan,nan,nan,nan,nan,0.0000128746,0.6999797821,inf,inf,inf,inf,inf,0.0100095272,0.0499689579,inf,inf,inf,inf,inf,inf,inf,1551
1779238508.7701988220,-0.0064783650,0.1068615392,0.0910137072,-0.0193100757,0.0747642994,0.0020473950,3.2990000248,nan,nan,nan,nan,nan,nan,nan,nan,nan,nan,nan,nan,nan,nan,nan,nan,nan,nan,0.0000000000,0.0000000000,0.0000000000,0.0000000000,0.0000000000,0.0650655627,nan,nan,nan,nan,nan,nan,nan,nan,nan,nan,nan,nan,nan,nan,nan,nan,nan,nan,nan,nan,nan,0.0100352764,0.7100021839,inf,inf,inf,inf,inf,0.0200319290,0.0599913597,inf,inf,inf,inf,inf,inf,inf,1551
1779238508.7802019119,-0.0064783650,0.1068615392,0.0910137072,-0.0193100757,0.0747642994,0.0020473950,3.2990000248,nan,nan,nan,nan,nan,nan,nan,nan,nan,nan,nan,nan,nan,nan,nan,nan,nan,nan,0.0000000000,0.0000000000,0.0000000000,0.0000000000,0.0000000000,0.0650655627,nan,nan,nan,nan,nan,nan,nan,nan,nan,nan,nan,nan,nan,nan,nan,nan,nan,nan,nan,nan,nan,0.0200383663,0.7200052738,inf,inf,inf,inf,inf,0.0300350189,0.0699944496,inf,inf,inf,inf,inf,inf,inf,1551
1779238508.7902028561,-0.0064783650,0.1068615392,0.0910137072,-0.0193100757,0.0747642994,0.0020473950,3.2990000248,nan,nan,nan,nan,nan,nan,nan,nan,nan,nan,nan,nan,nan,nan,nan,nan,nan,nan,0.0000000000,0.0000000000,0.0000000000,0.0000000000,0.0000000000,0.0650655627,nan,nan,nan,nan,nan,nan,nan,nan,nan,nan,nan,nan,nan,nan,nan,nan,nan,nan,nan,nan,nan,0.0300393105,0.7300062180,inf,inf,inf,inf,inf,0.0400359631,0.0799953938,inf,inf,inf,inf,inf,inf,inf,1551
1779238508.8002235889,-0.0064783650,0.1068615392,0.0910137072,-0.0193100757,0.0747642994,0.0020473950,3.2990000248,nan,nan,nan,nan,nan,nan,nan,nan,nan,nan,nan,nan,nan,nan,nan,nan,nan,nan,0.0000000000,0.0000000000,0.0000000000,0.0000000000,0.0000000000,0.0650655627,nan,nan,nan,nan,nan,nan,nan,nan,nan,nan,nan,nan,nan,nan,nan,nan,nan,nan,nan,nan,nan,0.0400600433,0.7400269508,inf,inf,inf,inf,inf,0.0500566959,0.0900161266,inf,inf,inf,inf,inf,inf,inf,1551
1779238508.8101942539,-0.0064103720,0.1068745330,0.0910209566,-0.0193100757,0.0747642994,0.0020473950,3.2990000248,nan,nan,nan,nan,nan,nan,nan,nan,nan,nan,nan,nan,nan,nan,nan,nan,nan,nan,0.0000000000,0.0000000000,0.0000000000,0.0000000000,0.0000000000,0.0648921430,nan,nan,nan,nan,nan,nan,nan,nan,nan,nan,nan,nan,nan,nan,nan,nan,nan,nan,nan,nan,nan,0.0000321865,0.7499976158,inf,inf,inf,inf,inf,0.0600273609,0.0000104904,inf,inf,inf,inf,inf,inf,inf,1551
1779238508.8201932907,-0.0064103720,0.1068745330,0.0910209566,-0.0193100757,0.0747642994,0.0020473950,3.2990000248,nan,nan,nan,nan,nan,nan,nan,nan,nan,nan,nan,nan,nan,nan,nan,nan,nan,nan,0.0000000000,0.0000000000,0.0000000000,0.0000000000,0.0000000000,0.0648921430,nan,nan,nan,nan,nan,nan,nan,nan,nan,nan,nan,nan,nan,nan,nan,nan,nan,nan,nan,nan,nan,0.0100312233,0.7599966526,inf,inf,inf,inf,inf,0.0700263977,0.0100095272,inf,inf,inf,inf,inf,inf,inf,1551
1779238508.8302888870,-0.0064103720,0.1068745330,0.0910209566,-0.0193100757,0.0747642994,0.0020473950,3.2990000248,nan,nan,nan,nan,nan,nan,nan,nan,nan,nan,nan,nan,nan,nan,nan,nan,nan,nan,0.0000000000,0.0000000000,0.0000000000,0.0000000000,0.0000000000,0.0648921430,nan,nan,nan,nan,nan,nan,nan,nan,nan,nan,nan,nan,nan,nan,nan,nan,nan,nan,nan,nan,nan,0.0201268196,0.7700922489,inf,inf,inf,inf,inf,0.0801219940,0.0201051235,inf,inf,inf,inf,inf,inf,inf,1551
1779238508.8401935101,-0.0064103720,0.1068745330,0.0910209566,-0.0193100757,0.0747642994,0.0020473950,3.2990000248,nan,nan,nan,nan,nan,nan,nan,nan,nan,nan,nan,nan,nan,nan,nan,nan,nan,nan,0.0000000000,0.0000000000,0.0000000000,0.0000000000,0.0000000000,0.0648921430,nan,nan,nan,nan,nan,nan,nan,nan,nan,nan,nan,nan,nan,nan,nan,nan,nan,nan,nan,nan,nan,0.0300314426,0.7799968719,inf,inf,inf,inf,inf,0.0900266171,0.0300097466,inf,inf,inf,inf,inf,inf,inf,1551
1779238508.8502123356,-0.0064103720,0.1068745330,0.0910209566,-0.0193100757,0.0747642994,0.0020473950,3.2990000248,nan,nan,nan,nan,nan,nan,nan,nan,nan,nan,nan,nan,nan,nan,nan,nan,nan,nan,0.0000000000,0.0000000000,0.0000000000,0.0000000000,0.0000000000,0.0648921430,nan,nan,nan,nan,nan,nan,nan,nan,nan,nan,nan,nan,nan,nan,nan,nan,nan,nan,nan,nan,nan,0.0400502682,0.7900156975,inf,inf,inf,inf,inf,0.0000150204,0.0400285721,inf,inf,inf,inf,inf,inf,inf,1551
1779238508.8601727486,-0.0069370721,0.1066838279,0.0910386965,-0.0193100757,0.0747642994,0.0020473950,3.2990000248,nan,nan,nan,nan,nan,nan,nan,nan,nan,nan,nan,nan,nan,nan,nan,nan,nan,nan,0.0000000000,0.0000000000,0.0000000000,0.0000000000,0.0000000000,0.0648921430,nan,nan,nan,nan,nan,nan,nan,nan,nan,nan,nan,nan,nan,nan,nan,nan,nan,nan,nan,nan,nan,0.0000107288,0.7999761105,inf,inf,inf,inf,inf,0.0099754333,0.0499889851,inf,inf,inf,inf,inf,inf,inf,1551
1779238508.8701877594,-0.0069370721,0.1066838279,0.0910386965,-0.0193100757,0.0747642994,0.0020473950,3.2990000248,nan,nan,nan,nan,nan,nan,nan,nan,nan,nan,nan,nan,nan,nan,nan,nan,nan,nan,0.0000000000,0.0000000000,0.0000000000,0.0000000000,0.0000000000,0.0648921430,nan,nan,nan,nan,nan,nan,nan,nan,nan,nan,nan,nan,nan,nan,nan,nan,nan,nan,nan,nan,nan,0.0100257397,0.8099911213,inf,inf,inf,inf,inf,0.0199904442,0.0600039959,inf,inf,inf,inf,inf,inf,inf,1551
1779238508.8802123070,-0.0069370721,0.1066838279,0.0910386965,-0.0193100757,0.0747642994,0.0020473950,3.2990000248,nan,nan,nan,nan,nan,nan,nan,nan,nan,nan,nan,nan,nan,nan,nan,nan,nan,nan,0.0000000000,0.0000000000,0.0000000000,0.0000000000,0.0000000000,0.0648921430,nan,nan,nan,nan,nan,nan,nan,nan,nan,nan,nan,nan,nan,nan,nan,nan,nan,nan,nan,nan,nan,0.0200502872,0.8200156689,inf,inf,inf,inf,inf,0.0300149918,0.0700285435,inf,inf,inf,inf,inf,inf,inf,1551
1779238508.8901321888,-0.0069370721,0.1066838279,0.0910386965,-0.0193100757,0.0747642994,0.0020473950,3.2990000248,nan,nan,nan,nan,nan,nan,nan,nan,nan,nan,nan,nan,nan,nan,nan,nan,nan,nan,0.0000000000,0.0000000000,0.0000000000,0.0000000000,0.0000000000,0.0648921430,nan,nan,nan,nan,nan,nan,nan,nan,nan,nan,nan,nan,nan,nan,nan,nan,nan,nan,nan,nan,nan,0.0299701691,0.8299355507,inf,inf,inf,inf,inf,0.0399348736,0.0799484253,inf,inf,inf,inf,inf,inf,inf,1551
1779238508.9001269341,-0.0069370721,0.1066838279,0.0910386965,-0.0193100757,0.0747642994,0.0020473950,3.2990000248,nan,nan,nan,nan,nan,nan,nan,nan,nan,nan,nan,nan,nan,nan,nan,nan,nan,nan,0.0000000000,0.0000000000,0.0000000000,0.0000000000,0.0000000000,0.0648921430,nan,nan,nan,nan,nan,nan,nan,nan,nan,nan,nan,nan,nan,nan,nan,nan,nan,nan,nan,nan,nan,0.0399649143,0.8399302959,inf,inf,inf,inf,inf,0.0499296188,0.0899431705,inf,inf,inf,inf,inf,inf,inf,1551
1779238508.9101631641,-0.0063989637,0.1068624035,0.0910200626,-0.0193100757,0.0747642994,0.0020473950,3.2990000248,nan,nan,nan,nan,nan,nan,nan,nan,nan,nan,nan,nan,nan,nan,nan,nan,nan,nan,0.0000000000,0.0000000000,0.0000000000,0.0000000000,0.0000000000,0.0656793341,nan,nan,nan,nan,nan,nan,nan,nan,nan,nan,nan,nan,nan,nan,nan,nan,nan,nan,nan,nan,nan,0.0000281334,0.8499665260,inf,inf,inf,inf,inf,0.0599658489,0.0000076294,inf,inf,inf,inf,inf,inf,inf,1551
1779238508.9201302528,-0.0063989637,0.1068624035,0.0910200626,-0.0193100757,0.0747642994,0.0020473950,3.2990000248,nan,nan,nan,nan,nan,nan,nan,nan,nan,nan,nan,nan,nan,nan,nan,nan,nan,nan,0.0000000000,0.0000000000,0.0000000000,0.0000000000,0.0000000000,0.0656793341,nan,nan,nan,nan,nan,nan,nan,nan,nan,nan,nan,nan,nan,nan,nan,nan,nan,nan,nan,nan,nan,0.0099952221,0.8599336147,inf,inf,inf,inf,inf,0.0699329376,0.0099747181,inf,inf,inf,inf,inf,inf,inf,1551
1779238508.9301271439,-0.0063989637,0.1068624035,0.0910200626,-0.0193100757,0.0747642994,0.0020473950,3.2990000248,nan,nan,nan,nan,nan,nan,nan,nan,nan,nan,nan,nan,nan,nan,nan,nan,nan,nan,0.0000000000,0.0000000000,0.0000000000,0.0000000000,0.0000000000,0.0656793341,nan,nan,nan,nan,nan,nan,nan,nan,nan,nan,nan,nan,nan,nan,nan,nan,nan,nan,nan,nan,nan,0.0199921131,0.8699305058,inf,inf,inf,inf,inf,0.0799298286,0.0199716091,inf,inf,inf,inf,inf,inf,inf,1551
1779238508.9401261806,-0.0063989637,0.1068624035,0.0910200626,-0.0193100757,0.0747642994,0.0020473950,3.2990000248,nan,nan,nan,nan,nan,nan,nan,nan,nan,nan,nan,nan,nan,nan,nan,nan,nan,nan,0.0000000000,0.0000000000,0.0000000000,0.0000000000,0.0000000000,0.0656793341,nan,nan,nan,nan,nan,nan,nan,nan,nan,nan,nan,nan,nan,nan,nan,nan,nan,nan,nan,nan,nan,0.0299911499,0.8799295425,inf,inf,inf,inf,inf,0.0899288654,0.0299706459,inf,inf,inf,inf,inf,inf,inf,1551
1779238508.9501426220,-0.0063989637,0.1068624035,0.0910200626,-0.0193100757,0.0747642994,0.0020473950,3.2990000248,nan,nan,nan,nan,nan,nan,nan,nan,nan,nan,nan,nan,nan,nan,nan,nan,nan,nan,0.0000000000,0.0000000000,0.0000000000,0.0000000000,0.0000000000,0.0656793341,nan,nan,nan,nan,nan,nan,nan,nan,nan,nan,nan,nan,nan,nan,nan,nan,nan,nan,nan,nan,nan,0.0400075912,0.8899459839,inf,inf,inf,inf,inf,0.0000092983,0.0399870872,inf,inf,inf,inf,inf,inf,inf,1551
1779238508.9601800442,-0.0068584257,0.1067099199,0.0910130218,-0.0193100757,0.0747642994,0.0020473950,3.2990000248,nan,nan,nan,nan,nan,nan,nan,nan,nan,nan,nan,nan,nan,nan,nan,nan,nan,nan,0.0000000000,0.0000000000,0.0000000000,0.0000000000,0.0000000000,0.0656793341,nan,nan,nan,nan,nan,nan,nan,nan,nan,nan,nan,nan,nan,nan,nan,nan,nan,nan,nan,nan,nan,0.0000143051,0.8999834061,inf,inf,inf,inf,inf,0.0100467205,0.0500245094,inf,inf,inf,inf,inf,inf,inf,1551
1779238509.0440716743,-0.0064466875,0.1068444401,0.0910144746,-0.0193100757,0.0747642994,0.0020473950,3.2990000248,nan,nan,nan,nan,nan,nan,nan,nan,nan,nan,nan,nan,nan,nan,nan,nan,nan,nan,0.0000000000,0.0000000000,0.0000000000,0.0000000000,0.0000000000,0.0640242472,nan,nan,nan,nan,nan,nan,nan,nan,nan,nan,nan,nan,nan,nan,nan,nan,nan,nan,nan,nan,nan,0.0000431538,0.9838750362,inf,inf,inf,inf,inf,0.0939383507,0.0000145435,inf,inf,inf,inf,inf,inf,inf,1551
1779238509.0544235706,-0.0069030700,0.1066809073,0.0910409391,-0.0193100757,0.0747642994,0.0020473950,3.2990000248,nan,nan,nan,nan,nan,nan,nan,nan,nan,nan,nan,nan,nan,nan,nan,nan,nan,nan,0.0000000000,0.0000000000,0.0000000000,0.0000000000,0.0000000000,0.0640242472,nan,nan,nan,nan,nan,nan,nan,nan,nan,nan,nan,nan,nan,nan,nan,nan,nan,nan,nan,nan,nan,0.0000486374,0.9942269325,inf,inf,inf,inf,inf,0.0000169277,0.0103664398,inf,inf,inf,inf,inf,inf,inf,1551
1779238509.0647640228,-0.0069030700,0.1066809073,0.0910409391,-0.0193100757,0.0747642994,0.0020473950,3.2929999828,nan,nan,nan,nan,nan,nan,nan,nan,nan,nan,nan,nan,nan,nan,nan,nan,nan,nan,0.0000000000,0.0000000000,0.0000000000,0.0000000000,0.0000000000,0.0640242472,nan,nan,nan,nan,nan,nan,nan,nan,nan,nan,nan,nan,nan,nan,nan,nan,nan,nan,nan,nan,nan,0.0103890896,0.0000190735,inf,inf,inf,inf,inf,0.0103573799,0.0207068920,inf,inf,inf,inf,inf,inf,inf,1551
1779238509.0751662254,-0.0069030700,0.1066809073,0.0910409391,-0.0193100757,0.0747642994,0.0020473950,3.2929999828,nan,nan,nan,nan,nan,nan,nan,nan,nan,nan,nan,nan,nan,nan,nan,nan,nan,nan,0.0000000000,0.0000000000,0.0000000000,0.0000000000,0.0000000000,0.0640242472,nan,nan,nan,nan,nan,nan,nan,nan,nan,nan,nan,nan,nan,nan,nan,nan,nan,nan,nan,nan,nan,0.0207912922,0.0104212761,inf,inf,inf,inf,inf,0.0207595825,0.0311090946,inf,inf,inf,inf,inf,inf,inf,1551
1779238509.0855782032,-0.0069030700,0.1066809073,0.0910409391,-0.0193100757,0.0747642994,0.0020473950,3.2929999828,nan,nan,nan,nan,nan,nan,nan,nan,nan,nan,nan,nan,nan,nan,nan,nan,nan,nan,0.0000000000,0.0000000000,0.0000000000,0.0000000000,0.0000000000,0.0640242472,nan,nan,nan,nan,nan,nan,nan,nan,nan,nan,nan,nan,nan,nan,nan,nan,nan,nan,nan,nan,nan,0.0312032700,0.0208332539,inf,inf,inf,inf,inf,0.0311715603,0.0415210724,inf,inf,inf,inf,inf,inf,inf,1551
1779238509.0959694386,-0.0069030700,0.1066809073,0.0910409391,-0.0193100757,0.0747642994,0.0020473950,3.2929999828,nan,nan,nan,nan,nan,nan,nan,nan,nan,nan,nan,nan,nan,nan,nan,nan,nan,nan,0.0000000000,0.0000000000,0.0000000000,0.0000000000,0.0000000000,0.0640242472,nan,nan,nan,nan,nan,nan,nan,nan,nan,nan,nan,nan,nan,nan,nan,nan,nan,nan,nan,nan,nan,0.0415945053,0.0312244892,inf,inf,inf,inf,inf,0.0415627956,0.0519123077,inf,inf,inf,inf,inf,inf,inf,1551
1779238509.1063189507,-0.0064158603,0.1068475693,0.0910324082,-0.0193100757,0.0747642994,0.0020473950,3.2929999828,nan,nan,nan,nan,nan,nan,nan,nan,nan,nan,nan,nan,nan,nan,nan,nan,nan,nan,0.0000000000,0.0000000000,0.0000000000,0.0000000000,0.0000000000,0.0640242472,nan,nan,nan,nan,nan,nan,nan,nan,nan,nan,nan,nan,nan,nan,nan,nan,nan,nan,nan,nan,nan,0.0000209808,0.0415740013,inf,inf,inf,inf,inf,0.0519123077,0.0622618198,inf,inf,inf,inf,inf,inf,inf,1551
1779238509.1167323589,-0.0064158603,0.1068475693,0.0910324082,-0.0193100757,0.0747642994,0.0020473950,3.2929999828,nan,nan,nan,nan,nan,nan,nan,nan,nan,nan,nan,nan,nan,nan,nan,nan,nan,nan,0.0000000000,0.0000000000,0.0000000000,0.0000000000,0.0000000000,0.0627400875,nan,nan,nan,nan,nan,nan,nan,nan,nan,nan,nan,nan,nan,nan,nan,nan,nan,nan,nan,nan,nan,0.0104343891,0.0519874096,inf,inf,inf,inf,inf,0.0623257160,0.0000221729,inf,inf,inf,inf,inf,inf,inf,1551
1779238509.1271495819,-0.0064158603,0.1068475693,0.0910324082,-0.0193100757,0.0747642994,0.0020473950,3.2929999828,nan,nan,nan,nan,nan,nan,nan,nan,nan,nan,nan,nan,nan,nan,nan,nan,nan,nan,0.0000000000,0.0000000000,0.0000000000,0.0000000000,0.0000000000,0.0627400875,nan,nan,nan,nan,nan,nan,nan,nan,nan,nan,nan,nan,nan,nan,nan,nan,nan,nan,nan,nan,nan,0.0208516121,0.0624046326,inf,inf,inf,inf,inf,0.0727429390,0.0104393959,inf,inf,inf,inf,inf,inf,inf,1551
1779238509.1375169754,-0.0064158603,0.1068475693,0.0910324082,-0.0193100757,0.0747642994,0.0020473950,3.2929999828,nan,nan,nan,nan,nan,nan,nan,nan,nan,nan,nan,nan,nan,nan,nan,nan,nan,nan,0.0000000000,0.0000000000,0.0000000000,0.0000000000,0.0000000000,0.0627400875,nan,nan,nan,nan,nan,nan,nan,nan,nan,nan,nan,nan,nan,nan,nan,nan,nan,nan,nan,nan,nan,0.0312190056,0.0727720261,inf,inf,inf,inf,inf,0.0831103325,0.0208067894,inf,inf,inf,inf,inf,inf,inf,1551
1779238509.1479244232,-0.0064158603,0.1068475693,0.0910324082,-0.0193100757,0.0747642994,0.0020473950,3.2929999828,nan,nan,nan,nan,nan,nan,nan,nan,nan,nan,nan,nan,nan,nan,nan,nan,nan,nan,0.0000000000,0.0000000000,0.0000000000,0.0000000000,0.0000000000,0.0627400875,nan,nan,nan,nan,nan,nan,nan,nan,nan,nan,nan,nan,nan,nan,nan,nan,nan,nan,nan,nan,nan,0.0416264534,0.0831794739,inf,inf,inf,inf,inf,0.0935177803,0.0312142372,inf,inf,inf,inf,inf,inf,inf,1551
1779238509.1583616734,-0.0068199034,0.1066870466,0.0910745189,-0.0193100757,0.0747642994,0.0020473950,3.2929999828,nan,nan,nan,nan,nan,nan,nan,nan,nan,nan,nan,nan,nan,nan,nan,nan,nan,nan,0.0000000000,0.0000000000,0.0000000000,0.0000000000,0.0000000000,0.0627400875,nan,nan,nan,nan,nan,nan,nan,nan,nan,nan,nan,nan,nan,nan,nan,nan,nan,nan,nan,nan,nan,0.0000584126,0.0936167240,inf,inf,inf,inf,inf,0.0000183582,0.0416514874,inf,inf,inf,inf,inf,inf,inf,1551
1779238509.1687521935,-0.0068199034,0.1066870466,0.0910745189,-0.0193100757,0.0747642994,0.0020473950,3.2929999828,nan,nan,nan,nan,nan,nan,nan,nan,nan,nan,nan,nan,nan,nan,nan,nan,nan,nan,0.0000000000,0.0000000000,0.0000000000,0.0000000000,0.0000000000,0.0627400875,nan,nan,nan,nan,nan,nan,nan,nan,nan,nan,nan,nan,nan,nan,nan,nan,nan,nan,nan,nan,nan,0.0104489326,0.1040072441,inf,inf,inf,inf,inf,0.0104088783,0.0520420074,inf,inf,inf,inf,inf,inf,inf,1551
1779238509.1791763306,-0.0068199034,0.1066870466,0.0910745189,-0.0193100757,0.0747642994,0.0020473950,3.2929999828,nan,nan,nan,nan,nan,nan,nan,nan,nan,nan,nan,nan,nan,nan,nan,nan,nan,nan,0.0000000000,0.0000000000,0.0000000000,0.0000000000,0.0000000000,0.0627400875,nan,nan,nan,nan,nan,nan,nan,nan,nan,nan,nan,nan,nan,nan,nan,nan,nan,nan,nan,nan,nan,0.0208730698,0.1144313812,inf,inf,inf,inf,inf,0.0208330154,0.0624661446,inf,inf,inf,inf,inf,inf,inf,1551
1779238509.1895124912,-0.0068199034,0.1066870466,0.0910745189,-0.0193100757,0.0747642994,0.0020473950,3.2929999828,nan,nan,nan,nan,nan,nan,nan,nan,nan,nan,nan,nan,nan,nan,nan,nan,nan,nan,0.0000000000,0.0000000000,0.0000000000,0.0000000000,0.0000000000,0.0627400875,nan,nan,nan,nan,nan,nan,nan,nan,nan,nan,nan,nan,nan,nan,nan,nan,nan,nan,nan,nan,nan,0.0312092304,0.1247675419,inf,inf,inf,inf,inf,0.0311691761,0.0728023052,inf,inf,inf,inf,inf,inf,inf,1551
1779238509.1999776363,-0.0068199034,0.1066870466,0.0910745189,-0.0193100757,0.0747642994,0.0020473950,3.2929999828,nan,nan,nan,nan,nan,nan,nan,nan,nan,nan,nan,nan,nan,nan,nan,nan,nan,nan,0.0000000000,0.0000000000,0.0000000000,0.0000000000,0.0000000000,0.0627400875,nan,nan,nan,nan,nan,nan,nan,nan,nan,nan,nan,nan,nan,nan,nan,nan,nan,nan,nan,nan,nan,0.0416743755,0.1352326870,inf,inf,inf,inf,inf,0.0416343212,0.0832674503,inf,inf,inf,inf,inf,inf,inf,1551
1779238509.2105071545,-0.0073418999,0.1065088883,0.0911029428,-0.0193100757,0.0747642994,0.0020473950,3.2929999828,nan,nan,nan,nan,nan,nan,nan,nan,nan,nan,nan,nan,nan,nan,nan,nan,nan,nan,0.0000000000,0.0000000000,0.0000000000,0.0000000000,0.0000000000,0.0590139665,nan,nan,nan,nan,nan,nan,nan,nan,nan,nan,nan,nan,nan,nan,nan,nan,nan,nan,nan,nan,nan,0.0000660419,0.1457622051,inf,inf,inf,inf,inf,0.0521638393,0.0000216961,inf,inf,inf,inf,inf,inf,inf,1551
1779238509.2209608555,-0.0073418999,0.1065088883,0.0911029428,-0.0193100757,0.0747642994,0.0020473950,3.2929999828,nan,nan,nan,nan,nan,nan,nan,nan,nan,nan,nan,nan,nan,nan,nan,nan,nan,nan,0.0000000000,0.0000000000,0.0000000000,0.0000000000,0.0000000000,0.0590139665,nan,nan,nan,nan,nan,nan,nan,nan,nan,nan,nan,nan,nan,nan,nan,nan,nan,nan,nan,nan,nan,0.0105197430,0.1562159061,inf,inf,inf,inf,inf,0.0626175404,0.0104753971,inf,inf,inf,inf,inf,inf,inf,1551
1779238509.2315163612,-0.0073418999,0.1065088883,0.0911029428,-0.0193100757,0.0747642994,0.0020473950,3.2929999828,nan,nan,nan,nan,nan,nan,nan,nan,nan,nan,nan,nan,nan,nan,nan,nan,nan,nan,0.0000000000,0.0000000000,0.0000000000,0.0000000000,0.0000000000,0.0590139665,nan,nan,nan,nan,nan,nan,nan,nan,nan,nan,nan,nan,nan,nan,nan,nan,nan,nan,nan,nan,nan,0.0210752487,0.1667714119,inf,inf,inf,inf,inf,0.0731730461,0.0210309029,inf,inf,inf,inf,inf,inf,inf,1551
1779238509.2419686317,-0.0073418999,0.1065088883,0.0911029428,-0.0193100757,0.0747642994,0.0020473950,3.2929999828,nan,nan,nan,nan,nan,nan,nan,nan,nan,nan,nan,nan,nan,nan,nan,nan,nan,nan,0.0000000000,0.0000000000,0.0000000000,0.0000000000,0.0000000000,0.0590139665,nan,nan,nan,nan,nan,nan,nan,nan,nan,nan,nan,nan,nan,nan,nan,nan,nan,nan,nan,nan,nan,0.0315275192,0.1772236824,inf,inf,inf,inf,inf,0.0836253166,0.0314831734,inf,inf,inf,inf,inf,inf,inf,1551
1779238509.2523996830,-0.0079877051,0.1063061729,0.0911324471,-0.0193100757,0.0747642994,0.0020473950,3.2929999828,nan,nan,nan,nan,nan,nan,nan,nan,nan,nan,nan,nan,nan,nan,nan,nan,nan,nan,0.0000000000,0.0000000000,0.0000000000,0.0000000000,0.0000000000,0.0590139665,nan,nan,nan,nan,nan,nan,nan,nan,nan,nan,nan,nan,nan,nan,nan,nan,nan,nan,nan,nan,nan,0.0000524521,0.1876547337,inf,inf,inf,inf,inf,0.0000169277,0.0419142246,inf,inf,inf,inf,inf,inf,inf,1551
1779238509.2627644539,-0.0079877051,0.1063061729,0.0911324471,-0.0193100757,0.0747642994,0.0020473950,3.2929999828,nan,nan,nan,nan,nan,nan,nan,nan,nan,nan,nan,nan,nan,nan,nan,nan,nan,nan,0.0000000000,0.0000000000,0.0000000000,0.0000000000,0.0000000000,0.0590139665,nan,nan,nan,nan,nan,nan,nan,nan,nan,nan,nan,nan,nan,nan,nan,nan,nan,nan,nan,nan,nan,0.0104172230,0.1980195045,inf,inf,inf,inf,inf,0.0103816986,0.0522789955,inf,inf,inf,inf,inf,inf,inf,1551
1779238509.2730760574,-0.0079877051,0.1063061729,0.0911324471,-0.0193100757,0.0747642994,0.0020473950,3.2929999828,nan,nan,nan,nan,nan,nan,nan,nan,nan,nan,nan,nan,nan,nan,nan,nan,nan,nan,0.0000000000,0.0000000000,0.0000000000,0.0000000000,0.0000000000,0.0590139665,nan,nan,nan,nan,nan,nan,nan,nan,nan,nan,nan,nan,nan,nan,nan,nan,nan,nan,nan,nan,nan,0.0207288265,0.2083311081,inf,inf,inf,inf,inf,0.0206933022,0.0625905991,inf,inf,inf,inf,inf,inf,inf,1551
1779238509.2833662033,-0.0079877051,0.1063061729,0.0911324471,-0.0193100757,0.0747642994,0.0020473950,3.2929999828,nan,nan,nan,nan,nan,nan,nan,nan,nan,nan,nan,nan,nan,nan,nan,nan,nan,nan,0.0000000000,0.0000000000,0.0000000000,0.0000000000,0.0000000000,0.0590139665,nan,nan,nan,nan,nan,nan,nan,nan,nan,nan,nan,nan,nan,nan,nan,nan,nan,nan,nan,nan,nan,0.0310189724,0.2186212540,inf,inf,inf,inf,inf,0.0309834480,0.0728807449,inf,inf,inf,inf,inf,inf,inf,1551
1779238509.2936396599,-0.0079877051,0.1063061729,0.0911324471,-0.0193100757,0.0747642994,0.0020473950,3.2929999828,nan,nan,nan,nan,nan,nan,nan,nan,nan,nan,nan,nan,nan,nan,nan,nan,nan,nan,0.0000000000,0.0000000000,0.0000000000,0.0000000000,0.0000000000,0.0590139665,nan,nan,nan,nan,nan,nan,nan,nan,nan,nan,nan,nan,nan,nan,nan,nan,nan,nan,nan,nan,nan,0.0412924290,0.2288947105,inf,inf,inf,inf,inf,0.0412569046,0.0831542015,inf,inf,inf,inf,inf,inf,inf,1551
1779238509.3039033413,-0.0079877051,0.1063061729,0.0911324471,-0.0193100757,0.0747642994,0.0020473950,3.2929999828,nan,nan,nan,nan,nan,nan,nan,nan,nan,nan,nan,nan,nan,nan,nan,nan,nan,nan,0.0000000000,0.0000000000,0.0000000000,0.0000000000,0.0000000000,0.0590139665,nan,nan,nan,nan,nan,nan,nan,nan,nan,nan,nan,nan,nan,nan,nan,nan,nan,nan,nan,nan,nan,0.0515561104,0.2391583920,inf,inf,inf,inf,inf,0.0515205860,0.0934178829,inf,inf,inf,inf,inf,inf,inf,1551
1779238509.3141102791,-0.0087688463,0.1060806140,0.0911621451,-0.0193100757,0.0747642994,0.0020473950,3.2929999828,nan,nan,nan,nan,nan,nan,nan,nan,nan,nan,nan,nan,nan,nan,nan,nan,nan,nan,0.0000000000,0.0000000000,0.0000000000,0.0000000000,0.0000000000,0.0587407425,nan,nan,nan,nan,nan,nan,nan,nan,nan,nan,nan,nan,nan,nan,nan,nan,nan,nan,nan,nan,nan,0.0000369549,0.2493653297,inf,inf,inf,inf,inf,0.0617275238,0.0000121593,inf,inf,inf,inf,inf,inf,inf,1551
1779238509.3240616322,-0.0087688463,0.1060806140,0.0911621451,-0.0193100757,0.0747642994,0.0020473950,3.2929999828,nan,nan,nan,nan,nan,nan,nan,nan,nan,nan,nan,nan,nan,nan,nan,nan,nan,nan,0.0000000000,0.0000000000,0.0000000000,0.0000000000,0.0000000000,0.0587407425,nan,nan,nan,nan,nan,nan,nan,nan,nan,nan,nan,nan,nan,nan,nan,nan,nan,nan,nan,nan,nan,0.0099883080,0.2593166828,inf,inf,inf,inf,inf,0.0716788769,0.0099635124,inf,inf,inf,inf,inf,inf,inf,1551
1779238509.3341338634,-0.0087688463,0.1060806140,0.0911621451,-0.0193100757,0.0747642994,0.0020473950,3.2929999828,nan,nan,nan,nan,nan,nan,nan,nan,nan,nan,nan,nan,nan,nan,nan,nan,nan,nan,0.0000000000,0.0000000000,0.0000000000,0.0000000000,0.0000000000,0.0587407425,nan,nan,nan,nan,nan,nan,nan,nan,nan,nan,nan,nan,nan,nan,nan,nan,nan,nan,nan,nan,nan,0.0200605392,0.2693889141,inf,inf,inf,inf,inf,0.0817511082,0.0200357437,inf,inf,inf,inf,inf,inf,inf,1551
1779238509.3441333771,-0.0087688463,0.1060806140,0.0911621451,-0.0193100757,0.0747642994,0.0020473950,3.2929999828,nan,nan,nan,nan,nan,nan,nan,nan,nan,nan,nan,nan,nan,nan,nan,nan,nan,nan,0.0000000000,0.0000000000,0.0000000000,0.0000000000,0.0000000000,0.0587407425,nan,nan,nan,nan,nan,nan,nan,nan,nan,nan,nan,nan,nan,nan,nan,nan,nan,nan,nan,nan,nan,0.0300600529,0.2793884277,inf,inf,inf,inf,inf,0.0917506218,0.0300352573,inf,inf,inf,inf,inf,inf,inf,1551
1779238509.3540446758,-0.0063571571,0.1069397479,0.0909964368,-0.0193100757,0.0747642994,0.0020473950,3.2929999828,nan,nan,nan,nan,nan,nan,nan,nan,nan,nan,nan,nan,nan,nan,nan,nan,nan,nan,0.0000000000,0.0000000000,0.0000000000,0.0000000000,0.0000000000,0.0587407425,nan,nan,nan,nan,nan,nan,nan,nan,nan,nan,nan,nan,nan,nan,nan,nan,nan,nan,nan,nan,nan,0.0000214577,0.2892997265,inf,inf,inf,inf,inf,0.0000066757,0.0399465561,inf,inf,inf,inf,inf,inf,inf,1551
1779238509.3641040325,-0.0063571571,0.1069397479,0.0909964368,-0.0193100757,0.0747642994,0.0020473950,3.2929999828,nan,nan,nan,nan,nan,nan,nan,nan,nan,nan,nan,nan,nan,nan,nan,nan,nan,nan,0.0000000000,0.0000000000,0.0000000000,0.0000000000,0.0000000000,0.0587407425,nan,nan,nan,nan,nan,nan,nan,nan,nan,nan,nan,nan,nan,nan,nan,nan,nan,nan,nan,nan,nan,0.0100808144,0.2993590832,inf,inf,inf,inf,inf,0.0100660324,0.0500059128,inf,inf,inf,inf,inf,inf,inf,1551
1779238509.3741102219,-0.0063571571,0.1069397479,0.0909964368,-0.0193100757,0.0747642994,0.0020473950,3.2929999828,nan,nan,-0.1000000015,0.0000000000,-0.0399999991,0.0000000000,nan,nan,nan,nan,nan,nan,nan,nan,nan,nan,nan,nan,0.0000000000,0.0000000000,0.0000000000,0.0000000000,0.0000000000,0.0587407425,nan,nan,nan,nan,nan,nan,nan,nan,nan,nan,nan,nan,nan,nan,nan,nan,nan,nan,nan,nan,nan,0.0200870037,0.3093652725,inf,0.0000109673,inf,inf,inf,0.0200722218,0.0600121021,inf,inf,inf,inf,inf,inf,inf,1583
1779238509.3841226101,-0.0063571571,0.1069397479,0.0909964368,-0.0193100757,0.0747642994,0.0020473950,3.2929999828,nan,nan,-0.1000000015,0.0000000000,-0.0399999991,0.0000000000,nan,nan,nan,nan,nan,nan,nan,nan,nan,nan,nan,nan,0.0000000000,0.0000000000,0.0000000000,0.0000000000,0.0000000000,0.0587407425,nan,nan,nan,nan,nan,nan,nan,nan,nan,nan,nan,nan,nan,nan,nan,nan,nan,nan,nan,nan,nan,0.0300993919,0.3193776608,inf,0.0100233555,inf,inf,inf,0.0300846100,0.0700244904,inf,inf,inf,inf,inf,inf,inf,1583
1779238509.3941411972,-0.0063571571,0.1069397479,0.0909964368,-0.0193100757,0.0747642994,0.0020473950,3.2929999828,nan,nan,-0.1000000015,0.0000000000,-0.0399999991,0.0000000000,nan,nan,nan,nan,nan,nan,nan,nan,nan,nan,nan,nan,0.0000000000,0.0000000000,0.0000000000,0.0000000000,0.0000000000,0.0587407425,nan,nan,nan,nan,nan,nan,nan,nan,nan,nan,nan,nan,nan,nan,nan,nan,nan,nan,nan,nan,nan,0.0401179790,0.3293962479,inf,0.0200419426,inf,inf,inf,0.0401031971,0.0800430775,inf,inf,inf,inf,inf,inf,inf,1583
1779238509.4040610790,-0.0068121389,0.1068622246,0.0909790471,-0.0193100757,0.0747642994,0.0020473950,3.2929999828,nan,nan,-0.1000000015,0.0000000000,-0.0399999991,0.0000000000,nan,nan,nan,nan,nan,nan,nan,nan,nan,nan,nan,nan,0.0000000000,0.0000000000,0.0000000000,0.0000000000,0.0000000000,0.0587407425,nan,nan,nan,nan,nan,nan,nan,nan,nan,nan,nan,nan,nan,nan,nan,nan,nan,nan,nan,nan,nan,0.0000097752,0.3393161297,inf,0.0299618244,inf,inf,inf,0.0500230789,0.0899629593,inf,inf,inf,inf,inf,inf,inf,1583
1779238509.4141414165,-0.0068121389,0.1068622246,0.0909790471,-0.0193100757,0.0747642994,0.0020473950,3.2929999828,nan,nan,-0.1000000015,0.0000000000,-0.0399999991,0.0000000000,nan,nan,nan,nan,nan,nan,nan,nan,nan,nan,nan,nan,0.0000000000,0.0000000000,0.0000000000,0.0000000000,0.0000000000,0.0604232065,nan,nan,nan,nan,nan,nan,nan,nan,nan,nan,nan,nan,nan,nan,nan,nan,nan,nan,nan,nan,nan,0.0100901127,0.3493964672,inf,0.0400421619,inf,inf,inf,0.0601034164,0.0000133514,inf,inf,inf,inf,inf,inf,inf,1583
1779238509.4241056442,-0.0068121389,0.1068622246,0.0909790471,-0.0193100757,0.0747642994,0.0020473950,3.2929999828,nan,nan,-0.1000000015,0.0000000000,-0.0399999991,0.0000000000,nan,nan,nan,nan,nan,nan,nan,nan,nan,nan,nan,nan,0.0000000000,0.0000000000,0.0000000000,0.0000000000,0.0000000000,0.0604232065,nan,nan,nan,nan,nan,nan,nan,nan,nan,nan,nan,nan,nan,nan,nan,nan,nan,nan,nan,nan,nan,0.0200543404,0.3593606949,inf,0.0000116825,inf,inf,inf,0.0700676441,0.0099775791,inf,inf,inf,inf,inf,inf,inf,1583
1779238509.4341213703,-0.0068121389,0.1068622246,0.0909790471,-0.0193100757,0.0747642994,0.0020473950,3.2929999828,nan,nan,-0.1000000015,0.0000000000,-0.0399999991,0.0000000000,nan,nan,nan,nan,nan,nan,nan,nan,nan,nan,nan,nan,0.0000000000,0.0000000000,0.0000000000,0.0000000000,0.0000000000,0.0604232065,nan,nan,nan,nan,nan,nan,nan,nan,nan,nan,nan,nan,nan,nan,nan,nan,nan,nan,nan,nan,nan,0.0300700665,0.3693764210,inf,0.0100274086,inf,inf,inf,0.0800833702,0.0199933052,inf,inf,inf,inf,inf,inf,inf,1583
1779238509.4441213608,-0.0068121389,0.1068622246,0.0909790471,-0.0193100757,0.0747642994,0.0020473950,3.2929999828,nan,nan,-0.1000000015,0.0000000000,-0.0399999991,0.0000000000,nan,nan,nan,nan,nan,nan,nan,nan,nan,nan,nan,nan,0.0000000000,0.0000000000,0.0000000000,0.0000000000,0.0000000000,0.0604232065,nan,nan,nan,nan,nan,nan,nan,nan,nan,nan,nan,nan,nan,nan,nan,nan,nan,nan,nan,nan,nan,0.0400700569,0.3793764114,inf,0.0200273991,inf,inf,inf,0.0900833607,0.0299932957,inf,inf,inf,inf,inf,inf,inf,1583
1779238509.4541153908,-0.0066780006,0.1068737060,0.0910114944,-0.0193100757,0.0747642994,0.0020473950,3.2929999828,nan,nan,-0.1000000015,0.0000000000,-0.0399999991,0.0000000000,nan,nan,nan,nan,nan,nan,nan,nan,nan,nan,nan,nan,0.0000000000,0.0000000000,0.0000000000,0.0000000000,0.0000000000,0.0604232065,nan,nan,nan,nan,nan,nan,nan,nan,nan,nan,nan,nan,nan,nan,nan,nan,nan,nan,nan,nan,nan,0.0000348091,0.3893704414,inf,0.0300214291,inf,inf,inf,0.0000128746,0.0399873257,inf,inf,inf,inf,inf,inf,inf,1583
1779238509.4641804695,-0.0066780006,0.1068737060,0.0910114944,-0.0193100757,0.0747642994,0.0020473950,3.2929999828,nan,nan,-0.1000000015,0.0000000000,-0.0399999991,0.0000000000,nan,nan,nan,nan,nan,nan,nan,nan,nan,nan,nan,nan,0.0000000000,0.0000000000,0.0000000000,0.0000000000,0.0000000000,0.0604232065,nan,nan,nan,nan,nan,nan,nan,nan,nan,nan,nan,nan,nan,nan,nan,nan,nan,nan,nan,nan,nan,0.0100998878,0.3994355202,inf,0.0400865078,inf,inf,inf,0.0100779533,0.0500524044,inf,inf,inf,inf,inf,inf,inf,1583
1779238509.4741096497,-0.0066780006,0.1068737060,0.0910114944,-0.0193100757,0.0747642994,0.0020473950,3.2929999828,nan,nan,-0.1000000015,0.0000000000,-0.0399999991,0.0000000000,nan,nan,nan,nan,nan,nan,nan,nan,nan,nan,nan,nan,0.0000000000,0.0000000000,0.0000000000,0.0000000000,0.0000000000,0.0604232065,nan,nan,nan,nan,nan,nan,nan,nan,nan,nan,nan,nan,nan,nan,nan,nan,nan,nan,nan,nan,nan,0.0200290680,0.4093647003,inf,0.0000090599,inf,inf,inf,0.0200071335,0.0599815845,inf,inf,inf,inf,inf,inf,inf,1583
1779238509.4841091633,-0.0066780006,0.1068737060,0.0910114944,-0.0193100757,0.0747642994,0.0020473950,3.2929999828,nan,nan,-0.1000000015,0.0000000000,-0.0399999991,0.0000000000,nan,nan,nan,nan,nan,nan,nan,nan,nan,nan,nan,nan,0.0000000000,0.0000000000,0.0000000000,0.0000000000,0.0000000000,0.0604232065,nan,nan,nan,nan,nan,nan,nan,nan,nan,nan,nan,nan,nan,nan,nan,nan,nan,nan,nan,nan,nan,0.0300285816,0.4193642139,inf,0.0100085735,inf,inf,inf,0.0300066471,0.0699810982,inf,inf,inf,inf,inf,inf,inf,1583
1779238509.4941406250,-0.0066780006,0.1068737060,0.0910114944,-0.0193100757,0.0747642994,0.0020473950,3.2929999828,nan,nan,-0.1000000015,0.0000000000,-0.0399999991,0.0000000000,nan,nan,nan,nan,nan,nan,nan,nan,nan,nan,nan,nan,0.0000000000,0.0000000000,0.0000000000,0.0000000000,0.0000000000,0.0604232065,nan,nan,nan,nan,nan,nan,nan,nan,nan,nan,nan,nan,nan,nan,nan,nan,nan,nan,nan,nan,nan,0.0400600433,0.4293956757,inf,0.0200400352,inf,inf,inf,0.0400381088,0.0800125599,inf,inf,inf,inf,inf,inf,inf,1583
1779238509.5040750504,-0.0072712647,0.1067645028,0.0910240337,-0.0193100757,0.0747642994,0.0020473950,3.2929999828,nan,nan,-0.1000000015,0.0000000000,-0.0399999991,0.0000000000,nan,nan,nan,nan,nan,nan,nan,nan,nan,nan,nan,nan,0.0000000000,0.0000000000,0.0000000000,0.0000000000,0.0000000000,0.0604232065,nan,nan,nan,nan,nan,nan,nan,nan,nan,nan,nan,nan,nan,nan,nan,nan,nan,nan,nan,nan,nan,0.0000102520,0.4393301010,inf,0.0299744606,inf,inf,inf,0.0499725342,0.0899469852,inf,inf,inf,inf,inf,inf,inf,1583
1779238509.5141000748,-0.0072712647,0.1067645028,0.0910240337,-0.0193100757,0.0747642994,0.0020473950,3.2929999828,nan,nan,-0.1000000015,0.0000000000,-0.0399999991,0.0000000000,nan,nan,nan,nan,nan,nan,nan,nan,nan,nan,nan,nan,0.0000000000,0.0000000000,0.0000000000,0.0000000000,0.0000000000,0.0641097501,nan,nan,nan,nan,nan,nan,nan,nan,nan,nan,nan,nan,nan,nan,nan,nan,nan,nan,nan,nan,nan,0.0100352764,0.4493551254,inf,0.0399994850,inf,inf,inf,0.0599975586,0.0000119209,inf,inf,inf,inf,inf,inf,inf,1583
1779238509.5240993500,-0.0072712647,0.1067645028,0.0910240337,-0.0193100757,0.0747642994,0.0020473950,3.2929999828,nan,nan,-0.1000000015,0.0000000000,-0.0399999991,0.0000000000,nan,nan,nan,nan,nan,nan,nan,nan,nan,nan,nan,nan,0.0000000000,0.0000000000,0.0000000000,0.0000000000,0.0000000000,0.0641097501,nan,nan,nan,nan,nan,nan,nan,nan,nan,nan,nan,nan,nan,nan,nan,nan,nan,nan,nan,nan,nan,0.0200345516,0.4593544006,inf,0.0000112057,inf,inf,inf,0.0699968338,0.0100111961,inf,inf,inf,inf,inf,inf,inf,1583
1779238509.5341503620,-0.0072712647,0.1067645028,0.0910240337,-0.0193100757,0.0747642994,0.0020473950,3.2929999828,nan,nan,-0.1000000015,0.0000000000,-0.0399999991,0.0000000000,nan,nan,nan,nan,nan,nan,nan,nan,nan,nan,nan,nan,0.0000000000,0.0000000000,0.0000000000,0.0000000000,0.0000000000,0.0641097501,nan,nan,nan,nan,nan,nan,nan,nan,nan,nan,nan,nan,nan,nan,nan,nan,nan,nan,nan,nan,nan,0.0300855637,0.4694054127,inf,0.0100622177,inf,inf,inf,0.0800478458,0.0200622082,inf,inf,inf,inf,inf,inf,inf,1583
1779238509.5441086292,-0.0072712647,0.1067645028,0.0910240337,-0.0193100757,0.0747642994,0.0020473950,3.2929999828,nan,nan,-0.1000000015,0.0000000000,-0.0399999991,0.0000000000,nan,nan,nan,nan,nan,nan,nan,nan,nan,nan,nan,nan,0.0000000000,0.0000000000,0.0000000000,0.0000000000,0.0000000000,0.0641097501,nan,nan,nan,nan,nan,nan,nan,nan,nan,nan,nan,nan,nan,nan,nan,nan,nan,nan,nan,nan,nan,0.0400438309,0.4793636799,inf,0.0200204849,inf,inf,inf,0.0900061131,0.0300204754,inf,inf,inf,inf,inf,inf,inf,1583
1779238509.5542604923,-0.0068504964,0.1068512946,0.0910357013,-0.0193100757,0.0747642994,0.0020473950,3.2929999828,nan,nan,-0.1000000015,0.0000000000,-0.0399999991,0.0000000000,nan,nan,nan,nan,nan,nan,nan,nan,nan,nan,nan,nan,0.0000000000,0.0000000000,0.0000000000,0.0000000000,0.0000000000,0.0641097501,nan,nan,nan,nan,nan,nan,nan,nan,nan,nan,nan,nan,nan,nan,nan,nan,nan,nan,nan,nan,nan,0.0000510216,0.4895155430,inf,0.0301723480,inf,inf,inf,0.0000197887,0.0401723385,inf,inf,inf,inf,inf,inf,inf,1583
1779238509.5641512871,-0.0068504964,0.1068512946,0.0910357013,-0.0193100757,0.0747642994,0.0020473950,3.2929999828,nan,nan,-0.1000000015,0.0000000000,-0.0399999991,0.0000000000,nan,nan,nan,nan,nan,nan,nan,nan,nan,nan,nan,nan,0.0000000000,0.0000000000,0.0000000000,0.0000000000,0.0000000000,0.0641097501,nan,nan,nan,nan,nan,nan,nan,nan,nan,nan,nan,nan,nan,nan,nan,nan,nan,nan,nan,nan,nan,0.0099418163,0.4994063377,inf,0.0400631428,inf,inf,inf,0.0099105835,0.0500631332,inf,inf,inf,inf,inf,inf,inf,1583
1779238509.5741744041,-0.0068504964,0.1068512946,0.0910357013,-0.0193100757,0.0747642994,0.0020473950,3.2929999828,nan,nan,-0.1000000015,0.0000000000,-0.0399999991,0.0000000000,nan,nan,nan,nan,nan,nan,nan,nan,nan,nan,nan,nan,0.0000000000,0.0000000000,0.0000000000,0.0000000000,0.0000000000,0.0641097501,nan,nan,nan,nan,nan,nan,nan,nan,nan,nan,nan,nan,nan,nan,nan,nan,nan,nan,nan,nan,nan,0.0199649334,0.5094294548,inf,0.0000240803,inf,inf,inf,0.0199337006,0.0600862503,inf,inf,inf,inf,inf,inf,inf,1583
1779238509.5841565132,-0.0068504964,0.1068512946,0.0910357013,-0.0193100757,0.0747642994,0.0020473950,3.2929999828,nan,nan,-0.1000000015,0.0000000000,-0.0399999991,0.0000000000,nan,nan,nan,nan,nan,nan,nan,nan,nan,nan,nan,nan,0.0000000000,0.0000000000,0.0000000000,0.0000000000,0.0000000000,0.0641097501,nan,nan,nan,nan,nan,nan,nan,nan,nan,nan,nan,nan,nan,nan,nan,nan,nan,nan,nan,nan,nan,0.0299470425,0.5194115639,inf,0.0100061893,inf,inf,inf,0.0299158096,0.0700683594,inf,inf,inf,inf,inf,inf,inf,1583
1779238509.5941627026,-0.0068504964,0.1068512946,0.0910357013,-0.0193100757,0.0747642994,0.0020473950,3.2929999828,nan,nan,-0.1000000015,0.0000000000,-0.0399999991,0.0000000000,nan,nan,nan,nan,nan,nan,nan,nan,nan,nan,nan,nan,0.0000000000,0.0000000000,0.0000000000,0.0000000000,0.0000000000,0.0641097501,nan,nan,nan,nan,nan,nan,nan,nan,nan,nan,nan,nan,nan,nan,nan,nan,nan,nan,nan,nan,nan,0.0399532318,0.5294177532,inf,0.0200123787,inf,inf,inf,0.0399219990,0.0800745487,inf,inf,inf,inf,inf,inf,inf,1583
1779238509.6041679382,-0.0074772723,0.1067419425,0.0910599232,-0.0193100757,0.0747642994,0.0020473950,3.2929999828,nan,nan,-0.1000000015,0.0000000000,-0.0399999991,0.0000000000,nan,nan,nan,nan,nan,nan,nan,nan,nan,nan,nan,nan,0.0000000000,0.0000000000,0.0000000000,0.0000000000,0.0000000000,0.0641097501,nan,nan,nan,nan,nan,nan,nan,nan,nan,nan,nan,nan,nan,nan,nan,nan,nan,nan,nan,nan,nan,0.0000231266,0.5394229889,inf,0.0300176144,inf,inf,inf,0.0499272346,0.0900797844,inf,inf,inf,inf,inf,inf,inf,1583
1779238509.6142027378,-0.0074772723,0.1067419425,0.0910599232,-0.0193100757,0.0747642994,0.0020473950,3.2929999828,nan,nan,-0.1000000015,0.0000000000,-0.0399999991,0.0000000000,nan,nan,nan,nan,nan,nan,nan,nan,nan,nan,nan,nan,0.0000000000,0.0000000000,0.0000000000,0.0000000000,0.0000000000,0.0653248280,nan,nan,nan,nan,nan,nan,nan,nan,nan,nan,nan,nan,nan,nan,nan,nan,nan,nan,nan,nan,nan,0.0100579262,0.5494577885,inf,0.0400524139,inf,inf,inf,0.0599620342,0.0000252724,inf,inf,inf,inf,inf,inf,inf,1583
1779238509.6241738796,-0.0074772723,0.1067419425,0.0910599232,-0.0193100757,0.0747642994,0.0020473950,3.2929999828,nan,nan,-0.1000000015,0.0000000000,-0.0399999991,0.0000000000,nan,nan,nan,nan,nan,nan,nan,nan,nan,nan,nan,nan,0.0000000000,0.0000000000,0.0000000000,0.0000000000,0.0000000000,0.0653248280,nan,nan,nan,nan,nan,nan,nan,nan,nan,nan,nan,nan,nan,nan,nan,nan,nan,nan,nan,nan,nan,0.0200290680,0.5594289303,inf,0.0000238419,inf,inf,inf,0.0699331760,0.0099964142,inf,inf,inf,inf,inf,inf,inf,1583
1779238509.6341581345,-0.0074772723,0.1067419425,0.0910599232,-0.0193100757,0.0747642994,0.0020473950,3.2929999828,nan,nan,-0.1000000015,0.0000000000,-0.0399999991,0.0000000000,nan,nan,nan,nan,nan,nan,nan,nan,nan,nan,nan,nan,0.0000000000,0.0000000000,0.0000000000,0.0000000000,0.0000000000,0.0653248280,nan,nan,nan,nan,nan,nan,nan,nan,nan,nan,nan,nan,nan,nan,nan,nan,nan,nan,nan,nan,nan,0.0300133228,0.5694131851,inf,0.0100080967,inf,inf,inf,0.0799174309,0.0199806690,inf,inf,inf,inf,inf,inf,inf,1583
1779238509.6441297531,-0.0074772723,0.1067419425,0.0910599232,-0.0193100757,0.0747642994,0.0020473950,3.2929999828,nan,nan,-0.1000000015,0.0000000000,-0.0399999991,0.0000000000,nan,nan,nan,nan,nan,nan,nan,nan,nan,nan,nan,nan,0.0000000000,0.0000000000,0.0000000000,0.0000000000,0.0000000000,0.0653248280,nan,nan,nan,nan,nan,nan,nan,nan,nan,nan,nan,nan,nan,nan,nan,nan,nan,nan,nan,nan,nan,0.0399849415,0.5793848038,inf,0.0199797153,inf,inf,inf,0.0898890495,0.0299522877,inf,inf,inf,inf,inf,inf,inf,1583
1779238509.6541235447,-0.0067632580,0.1068557650,0.0910255685,-0.0193100757,0.0747642994,0.0020473950,3.2929999828,nan,nan,-0.1000000015,0.0000000000,-0.0399999991,0.0000000000,nan,nan,nan,nan,nan,nan,nan,nan,nan,nan,nan,nan,0.0000000000,0.0000000000,0.0000000000,0.0000000000,0.0000000000,0.0653248280,nan,nan,nan,nan,nan,nan,nan,nan,nan,nan,nan,nan,nan,nan,nan,nan,nan,nan,nan,nan,nan,0.0000433922,0.5893785954,inf,0.0299735069,inf,inf,inf,0.0000195503,0.0399460793,inf,inf,inf,inf,inf,inf,inf,1583
1779238509.6641042233,-0.0067632580,0.1068557650,0.0910255685,-0.0193100757,0.0747642994,0.0020473950,3.2929999828,nan,nan,-0.1000000015,0.0000000000,-0.0399999991,0.0000000000,nan,nan,nan,nan,nan,nan,nan,nan,nan,nan,nan,nan,0.0000000000,0.0000000000,0.0000000000,0.0000000000,0.0000000000,0.0653248280,nan,nan,nan,nan,nan,nan,nan,nan,nan,nan,nan,nan,nan,nan,nan,nan,nan,nan,nan,nan,nan,0.0100240707,0.5993592739,inf,0.0399541855,inf,inf,inf,0.0100002289,0.0499267578,inf,inf,inf,inf,inf,inf,inf,1583
1779238509.6740815639,-0.0067632580,0.1068557650,0.0910255685,-0.0193100757,0.0747642994,0.0020473950,3.2929999828,nan,nan,-0.1000000015,0.0000000000,-0.0399999991,0.0000000000,nan,nan,nan,nan,nan,nan,nan,nan,nan,nan,nan,nan,0.0000000000,0.0000000000,0.0000000000,0.0000000000,0.0000000000,0.0653248280,nan,nan,nan,nan,nan,nan,nan,nan,nan,nan,nan,nan,nan,nan,nan,nan,nan,nan,nan,nan,nan,0.0200014114,0.6093366146,inf,0.0000119209,inf,inf,inf,0.0199775696,0.0599040985,inf,inf,inf,inf,inf,inf,inf,1583
1779238509.6841044426,-0.0067632580,0.1068557650,0.0910255685,-0.0193100757,0.0747642994,0.0020473950,3.2929999828,nan,nan,-0.1000000015,0.0000000000,-0.0399999991,0.0000000000,nan,nan,nan,nan,nan,nan,nan,nan,nan,nan,nan,nan,0.0000000000,0.0000000000,0.0000000000,0.0000000000,0.0000000000,0.0653248280,nan,nan,nan,nan,nan,nan,nan,nan,nan,nan,nan,nan,nan,nan,nan,nan,nan,nan,nan,nan,nan,0.0300242901,0.6193594933,inf,0.0100347996,inf,inf,inf,0.0300004482,0.0699269772,inf,inf,inf,inf,inf,inf,inf,1583
1779238509.6941080093,-0.0067632580,0.1068557650,0.0910255685,-0.0193100757,0.0747642994,0.0020473950,3.2929999828,nan,nan,-0.1000000015,0.0000000000,-0.0399999991,0.0000000000,nan,nan,nan,nan,nan,nan,nan,nan,nan,nan,nan,nan,0.0000000000,0.0000000000,0.0000000000,0.0000000000,0.0000000000,0.0653248280,nan,nan,nan,nan,nan,nan,nan,nan,nan,nan,nan,nan,nan,nan,nan,nan,nan,nan,nan,nan,nan,0.0400278568,0.6293630600,inf,0.0200383663,inf,inf,inf,0.0400040150,0.0799305439,inf,inf,inf,inf,inf,inf,inf,1583
1779238509.7040681839,-0.0073707355,0.1067267433,0.0910433680,-0.0193100757,0.0747642994,0.0020473950,3.2929999828,nan,nan,-0.1000000015,0.0000000000,-0.0399999991,0.0000000000,nan,nan,nan,nan,nan,nan,nan,nan,nan,nan,nan,nan,0.0000000000,0.0000000000,0.0000000000,0.0000000000,0.0000000000,0.0653248280,nan,nan,nan,nan,nan,nan,nan,nan,nan,nan,nan,nan,nan,nan,nan,nan,nan,nan,nan,nan,nan,0.0000107288,0.6393232346,inf,0.0299985409,inf,inf,inf,0.0499641895,0.0898907185,inf,inf,inf,inf,inf,inf,inf,1583
1779238509.7141013145,-0.0073707355,0.1067267433,0.0910433680,-0.0193100757,0.0747642994,0.0020473950,3.2929999828,nan,nan,-0.1000000015,0.0000000000,-0.0399999991,0.0000000000,nan,nan,nan,nan,nan,nan,nan,nan,nan,nan,nan,nan,0.0000000000,0.0000000000,0.0000000000,0.0000000000,0.0000000000,0.0662400723,nan,nan,nan,nan,nan,nan,nan,nan,nan,nan,nan,nan,nan,nan,nan,nan,nan,nan,nan,nan,nan,0.0100438595,0.6493563652,inf,0.0400316715,inf,inf,inf,0.0599973202,0.0000162125,inf,inf,inf,inf,inf,inf,inf,1583
1779238509.7240438461,-0.0073707355,0.1067267433,0.0910433680,-0.0193100757,0.0747642994,0.0020473950,3.2929999828,nan,nan,-0.1000000015,0.0000000000,-0.0399999991,0.0000000000,nan,nan,nan,nan,nan,nan,nan,nan,nan,nan,nan,nan,0.0000000000,0.0000000000,0.0000000000,0.0000000000,0.0000000000,0.0662400723,nan,nan,nan,nan,nan,nan,nan,nan,nan,nan,nan,nan,nan,nan,nan,nan,nan,nan,nan,nan,nan,0.0199863911,0.6592988968,inf,0.0000081062,inf,inf,inf,0.0699398518,0.0099587440,inf,inf,inf,inf,inf,inf,inf,1583
1779238509.7341005802,-0.0073707355,0.1067267433,0.0910433680,-0.0193100757,0.0747642994,0.0020473950,3.2929999828,nan,nan,-0.1000000015,0.0000000000,-0.0399999991,0.0000000000,nan,nan,nan,nan,nan,nan,nan,nan,nan,nan,nan,nan,0.0000000000,0.0000000000,0.0000000000,0.0000000000,0.0000000000,0.0662400723,nan,nan,nan,nan,nan,nan,nan,nan,nan,nan,nan,nan,nan,nan,nan,nan,nan,nan,nan,nan,nan,0.0300431252,0.6693556309,inf,0.0100648403,inf,inf,inf,0.0799965858,0.0200154781,inf,inf,inf,inf,inf,inf,inf,1583
1779238509.7440612316,-0.0073707355,0.1067267433,0.0910433680,-0.0193100757,0.0747642994,0.0020473950,3.2929999828,nan,nan,-0.1000000015,0.0000000000,-0.0399999991,0.0000000000,nan,nan,nan,nan,nan,nan,nan,nan,nan,nan,nan,nan,0.0000000000,0.0000000000,0.0000000000,0.0000000000,0.0000000000,0.0662400723,nan,nan,nan,nan,nan,nan,nan,nan,nan,nan,nan,nan,nan,nan,nan,nan,nan,nan,nan,nan,nan,0.0400037766,0.6793162823,inf,0.0200254917,inf,inf,inf,0.0899572372,0.0299761295,inf,inf,inf,inf,inf,inf,inf,1583
1779238509.7540903091,-0.0067806700,0.1068480015,0.0910235792,-0.0193100757,0.0747642994,0.0020473950,3.2929999828,nan,nan,-0.1000000015,0.0000000000,-0.0399999991,0.0000000000,nan,nan,nan,nan,nan,nan,nan,nan,nan,nan,nan,nan,0.0000000000,0.0000000000,0.0000000000,0.0000000000,0.0000000000,0.0662400723,nan,nan,nan,nan,nan,nan,nan,nan,nan,nan,nan,nan,nan,nan,nan,nan,nan,nan,nan,nan,nan,0.0000233650,0.6893453598,inf,0.0300545692,inf,inf,inf,0.0000071526,0.0400052071,inf,inf,inf,inf,inf,inf,inf,1583
1779238509.7640650272,-0.0067806700,0.1068480015,0.0910235792,-0.0193100757,0.0747642994,0.0020473950,3.2929999828,nan,nan,-0.1000000015,0.0000000000,-0.0399999991,0.0000000000,nan,nan,nan,nan,nan,nan,nan,nan,nan,nan,nan,nan,0.0000000000,0.0000000000,0.0000000000,0.0000000000,0.0000000000,0.0662400723,nan,nan,nan,nan,nan,nan,nan,nan,nan,nan,nan,nan,nan,nan,nan,nan,nan,nan,nan,nan,nan,0.0099980831,0.6993200779,inf,0.0400292873,inf,inf,inf,0.0099818707,0.0499799252,inf,inf,inf,inf,inf,inf,inf,1583
1779238509.7740504742,-0.0067806700,0.1068480015,0.0910235792,-0.0193100757,0.0747642994,0.0020473950,3.2929999828,nan,nan,-0.1000000015,0.0000000000,-0.0399999991,0.0000000000,nan,nan,nan,nan,nan,nan,nan,nan,nan,nan,nan,nan,0.0000000000,0.0000000000,0.0000000000,0.0000000000,0.0000000000,0.0662400723,nan,nan,nan,nan,nan,nan,nan,nan,nan,nan,nan,nan,nan,nan,nan,nan,nan,nan,nan,nan,nan,0.0199835300,0.7093055248,inf,0.0000085831,inf,inf,inf,0.0199673176,0.0599653721,inf,inf,inf,inf,inf,inf,inf,1583
1779238509.7840759754,-0.0067806700,0.1068480015,0.0910235792,-0.0193100757,0.0747642994,0.0020473950,3.2929999828,nan,nan,-0.1000000015,0.0000000000,-0.0399999991,0.0000000000,nan,nan,nan,nan,nan,nan,nan,nan,nan,nan,nan,nan,0.0000000000,0.0000000000,0.0000000000,0.0000000000,0.0000000000,0.0662400723,nan,nan,nan,nan,nan,nan,nan,nan,nan,nan,nan,nan,nan,nan,nan,nan,nan,nan,nan,nan,nan,0.0300090313,0.7193310261,inf,0.0100340843,inf,inf,inf,0.0299928188,0.0699908733,inf,inf,inf,inf,inf,inf,inf,1583
1779238509.7940707207,-0.0067806700,0.1068480015,0.0910235792,-0.0193100757,0.0747642994,0.0020473950,3.2929999828,nan,nan,-0.1000000015,0.0000000000,-0.0399999991,0.0000000000,nan,nan,nan,nan,nan,nan,nan,nan,nan,nan,nan,nan,0.0000000000,0.0000000000,0.0000000000,0.0000000000,0.0000000000,0.0662400723,nan,nan,nan,nan,nan,nan,nan,nan,nan,nan,nan,nan,nan,nan,nan,nan,nan,nan,nan,nan,nan,0.0400037766,0.7293257713,inf,0.0200288296,inf,inf,inf,0.0399875641,0.0799856186,inf,inf,inf,inf,inf,inf,inf,1583
1779238509.8040411472,-0.0073810685,0.1067268699,0.0910426751,-0.0193100757,0.0747642994,0.0020473950,3.2929999828,nan,nan,-0.1000000015,0.0000000000,-0.0399999991,0.0000000000,nan,nan,nan,nan,nan,nan,nan,nan,nan,nan,nan,nan,0.0000000000,0.0000000000,0.0000000000,0.0000000000,0.0000000000,0.0662400723,nan,nan,nan,nan,nan,nan,nan,nan,nan,nan,nan,nan,nan,nan,nan,nan,nan,nan,nan,nan,nan,0.0000078678,0.7392961979,inf,0.0299992561,inf,inf,inf,0.0499579906,0.0899560452,inf,inf,inf,inf,inf,inf,inf,1583
1779238509.8140373230,-0.0073810685,0.1067268699,0.0910426751,-0.0193100757,0.0747642994,0.0020473950,3.2929999828,nan,nan,-0.1000000015,0.0000000000,-0.0399999991,0.0000000000,nan,nan,nan,nan,nan,nan,nan,nan,nan,nan,nan,nan,0.0000000000,0.0000000000,0.0000000000,0.0000000000,0.0000000000,0.0694198236,nan,nan,nan,nan,nan,nan,nan,nan,nan,nan,nan,nan,nan,nan,nan,nan,nan,nan,nan,nan,nan,0.0100040436,0.7492923737,inf,0.0399954319,inf,inf,inf,0.0599541664,0.0000095367,inf,inf,inf,inf,inf,inf,inf,1583
1779238509.8241090775,-0.0073810685,0.1067268699,0.0910426751,-0.0193100757,0.0747642994,0.0020473950,3.2929999828,nan,nan,-0.1000000015,0.0000000000,-0.0399999991,0.0000000000,nan,nan,nan,nan,nan,nan,nan,nan,nan,nan,nan,nan,0.0000000000,0.0000000000,0.0000000000,0.0000000000,0.0000000000,0.0694198236,nan,nan,nan,nan,nan,nan,nan,nan,nan,nan,nan,nan,nan,nan,nan,nan,nan,nan,nan,nan,nan,0.0200757980,0.7593641281,inf,0.0000135899,inf,inf,inf,0.0700259209,0.0100812912,inf,inf,inf,inf,inf,inf,inf,1583
1779238509.8341288567,-0.0073810685,0.1067268699,0.0910426751,-0.0193100757,0.0747642994,0.0020473950,3.2929999828,nan,nan,-0.1000000015,0.0000000000,-0.0399999991,0.0000000000,nan,nan,nan,nan,nan,nan,nan,nan,nan,nan,nan,nan,0.0000000000,0.0000000000,0.0000000000,0.0000000000,0.0000000000,0.0694198236,nan,nan,nan,nan,nan,nan,nan,nan,nan,nan,nan,nan,nan,nan,nan,nan,nan,nan,nan,nan,nan,0.0300955772,0.7693839073,inf,0.0100333691,inf,inf,inf,0.0800457001,0.0201010704,inf,inf,inf,inf,inf,inf,inf,1583
1779238509.8441195488,-0.0073810685,0.1067268699,0.0910426751,-0.0193100757,0.0747642994,0.0020473950,3.2929999828,nan,nan,-0.1000000015,0.0000000000,-0.0399999991,0.0000000000,nan,nan,nan,nan,nan,nan,nan,nan,nan,nan,nan,nan,0.0000000000,0.0000000000,0.0000000000,0.0000000000,0.0000000000,0.0694198236,nan,nan,nan,nan,nan,nan,nan,nan,nan,nan,nan,nan,nan,nan,nan,nan,nan,nan,nan,nan,nan,0.0400862694,0.7793745995,inf,0.0200240612,inf,inf,inf,0.0900363922,0.0300917625,inf,inf,inf,inf,inf,inf,inf,1583
1779238509.8541102409,-0.0081411907,0.1065716147,0.0910635144,-0.0193100757,0.0747642994,0.0020473950,3.2929999828,nan,nan,-0.1000000015,0.0000000000,-0.0399999991,0.0000000000,nan,nan,nan,nan,nan,nan,nan,nan,nan,nan,nan,nan,0.0000000000,0.0000000000,0.0000000000,0.0000000000,0.0000000000,0.0694198236,nan,nan,nan,nan,nan,nan,nan,nan,nan,nan,nan,nan,nan,nan,nan,nan,nan,nan,nan,nan,nan,0.0000355244,0.7893652916,inf,0.0300147533,inf,inf,inf,0.0000109673,0.0400824547,inf,inf,inf,inf,inf,inf,inf,1583
1779238509.8641638756,-0.0081411907,0.1065716147,0.0910635144,-0.0193100757,0.0747642994,0.0020473950,3.2929999828,nan,nan,-0.1000000015,0.0000000000,-0.0399999991,0.0000000000,nan,nan,nan,nan,nan,nan,nan,nan,nan,nan,nan,nan,0.0000000000,0.0000000000,0.0000000000,0.0000000000,0.0000000000,0.0694198236,nan,nan,nan,nan,nan,nan,nan,nan,nan,nan,nan,nan,nan,nan,nan,nan,nan,nan,nan,nan,nan,0.0100891590,0.7994189262,inf,0.0400683880,inf,inf,inf,0.0100646019,0.0501360893,inf,inf,inf,inf,inf,inf,inf,1583
1779238509.8741540909,-0.0081411907,0.1065716147,0.0910635144,-0.0193100757,0.0747642994,0.0020473950,3.2929999828,nan,nan,-0.1000000015,0.0000000000,-0.0399999991,0.0000000000,nan,nan,nan,nan,nan,nan,nan,nan,nan,nan,nan,nan,0.0000000000,0.0000000000,0.0000000000,0.0000000000,0.0000000000,0.0694198236,nan,nan,nan,nan,nan,nan,nan,nan,nan,nan,nan,nan,nan,nan,nan,nan,nan,nan,nan,nan,nan,0.0200793743,0.8094091415,inf,0.0000214577,inf,inf,inf,0.0200548172,0.0601263046,inf,inf,inf,inf,inf,inf,inf,1583
1779238509.8841521740,-0.0081411907,0.1065716147,0.0910635144,-0.0193100757,0.0747642994,0.0020473950,3.2929999828,nan,nan,-0.1000000015,0.0000000000,-0.0399999991,0.0000000000,nan,nan,nan,nan,nan,nan,nan,nan,nan,nan,nan,nan,0.0000000000,0.0000000000,0.0000000000,0.0000000000,0.0000000000,0.0694198236,nan,nan,nan,nan,nan,nan,nan,nan,nan,nan,nan,nan,nan,nan,nan,nan,nan,nan,nan,nan,nan,0.0300774574,0.8194072247,inf,0.0100195408,inf,inf,inf,0.0300529003,0.0701243877,inf,inf,inf,inf,inf,inf,inf,1583
1779238509.8941318989,-0.0081411907,0.1065716147,0.0910635144,-0.0193100757,0.0747642994,0.0020473950,3.2929999828,nan,nan,-0.1000000015,0.0000000000,-0.0399999991,0.0000000000,nan,nan,nan,nan,nan,nan,nan,nan,nan,nan,nan,nan,0.0000000000,0.0000000000,0.0000000000,0.0000000000,0.0000000000,0.0694198236,nan,nan,nan,nan,nan,nan,nan,nan,nan,nan,nan,nan,nan,nan,nan,nan,nan,nan,nan,nan,nan,0.0400571823,0.8293869495,inf,0.0199992657,inf,inf,inf,0.0400326252,0.0801041126,inf,inf,inf,inf,inf,inf,inf,1583
1779238509.9041492939,-0.0090535292,0.1063877791,0.0910712555,-0.0193100757,0.0747642994,0.0020473950,3.2929999828,nan,nan,-0.1000000015,0.0000000000,-0.0399999991,0.0000000000,nan,nan,nan,nan,nan,nan,nan,nan,nan,nan,nan,nan,0.0000000000,0.0000000000,0.0000000000,0.0000000000,0.0000000000,0.0694198236,nan,nan,nan,nan,nan,nan,nan,nan,nan,nan,nan,nan,nan,nan,nan,nan,nan,nan,nan,nan,nan,0.0000190735,0.8394043446,inf,0.0300166607,inf,inf,inf,0.0500500202,0.0901215076,inf,inf,inf,inf,inf,inf,inf,1583
1779238509.9141569138,-0.0090535292,0.1063877791,0.0910712555,-0.0193100757,0.0747642994,0.0020473950,3.2929999828,nan,nan,-0.1000000015,0.0000000000,-0.0399999991,0.0000000000,nan,nan,nan,nan,nan,nan,nan,nan,nan,nan,nan,nan,0.0000000000,0.0000000000,0.0000000000,0.0000000000,0.0000000000,0.0706096441,nan,nan,nan,nan,nan,nan,nan,nan,nan,nan,nan,nan,nan,nan,nan,nan,nan,nan,nan,nan,nan,0.0100266933,0.8494119644,inf,0.0400242805,inf,inf,inf,0.0600576401,0.0000200272,inf,inf,inf,inf,inf,inf,inf,1583
1779238509.9241712093,-0.0090535292,0.1063877791,0.0910712555,-0.0193100757,0.0747642994,0.0020473950,3.2929999828,nan,nan,-0.1000000015,0.0000000000,-0.0399999991,0.0000000000,nan,nan,nan,nan,nan,nan,nan,nan,nan,nan,nan,nan,0.0000000000,0.0000000000,0.0000000000,0.0000000000,0.0000000000,0.0706096441,nan,nan,nan,nan,nan,nan,nan,nan,nan,nan,nan,nan,nan,nan,nan,nan,nan,nan,nan,nan,nan,0.0200409889,0.8594262600,inf,0.0000205040,inf,inf,inf,0.0700719357,0.0100343227,inf,inf,inf,inf,inf,inf,inf,1583
1779238509.9341502190,-0.0090535292,0.1063877791,0.0910712555,-0.0193100757,0.0747642994,0.0020473950,3.2929999828,nan,nan,-0.1000000015,0.0000000000,-0.0399999991,0.0000000000,nan,nan,nan,nan,nan,nan,nan,nan,nan,nan,nan,nan,0.0000000000,0.0000000000,0.0000000000,0.0000000000,0.0000000000,0.0706096441,nan,nan,nan,nan,nan,nan,nan,nan,nan,nan,nan,nan,nan,nan,nan,nan,nan,nan,nan,nan,nan,0.0300199986,0.8694052696,inf,0.0099995136,inf,inf,inf,0.0800509453,0.0200133324,inf,inf,inf,inf,inf,inf,inf,1583
1779238509.9441401958,-0.0090535292,0.1063877791,0.0910712555,-0.0193100757,0.0747642994,0.0020473950,3.2929999828,nan,nan,-0.1000000015,0.0000000000,-0.0399999991,0.0000000000,nan,nan,nan,nan,nan,nan,nan,nan,nan,nan,nan,nan,0.0000000000,0.0000000000,0.0000000000,0.0000000000,0.0000000000,0.0706096441,nan,nan,nan,nan,nan,nan,nan,nan,nan,nan,nan,nan,nan,nan,nan,nan,nan,nan,nan,nan,nan,0.0400099754,0.8793952465,inf,0.0199894905,inf,inf,inf,0.0900409222,0.0300033092,inf,inf,inf,inf,inf,inf,inf,1583
1779238509.9541778564,-0.0061967182,0.1069457456,0.0910078958,-0.0193100757,0.0747642994,0.0020473950,3.2929999828,nan,nan,-0.1000000015,0.0000000000,-0.0399999991,0.0000000000,nan,nan,nan,nan,nan,nan,nan,nan,nan,nan,nan,nan,0.0000000000,0.0000000000,0.0000000000,0.0000000000,0.0000000000,0.0706096441,nan,nan,nan,nan,nan,nan,nan,nan,nan,nan,nan,nan,nan,nan,nan,nan,nan,nan,nan,nan,nan,0.0000569820,0.8894329071,inf,0.0300271511,inf,inf,inf,0.0000176430,0.0400409698,inf,inf,inf,inf,inf,inf,inf,1583
1779238509.9641613960,-0.0061967182,0.1069457456,0.0910078958,-0.0193100757,0.0747642994,0.0020473950,3.2929999828,nan,nan,-0.1000000015,0.0000000000,-0.0399999991,0.0000000000,nan,nan,nan,nan,nan,nan,nan,nan,nan,nan,nan,nan,0.0000000000,0.0000000000,0.0000000000,0.0000000000,0.0000000000,0.0706096441,nan,nan,nan,nan,nan,nan,nan,nan,nan,nan,nan,nan,nan,nan,nan,nan,nan,nan,nan,nan,nan,0.0100405216,0.8994164467,inf,0.0400106907,inf,inf,inf,0.0100011826,0.0500245094,inf,inf,inf,inf,inf,inf,inf,1583
1779238509.9741988182,-0.0061967182,0.1069457456,0.0910078958,-0.0193100757,0.0747642994,0.0020473950,3.2929999828,nan,nan,-0.1000000015,0.0000000000,-0.0399999991,0.0000000000,nan,nan,nan,nan,nan,nan,nan,nan,nan,nan,nan,nan,0.0000000000,0.0000000000,0.0000000000,0.0000000000,0.0000000000,0.0706096441,nan,nan,nan,nan,nan,nan,nan,nan,nan,nan,nan,nan,nan,nan,nan,nan,nan,nan,nan,nan,nan,0.0200779438,0.9094538689,inf,0.0000216961,inf,inf,inf,0.0200386047,0.0600619316,inf,inf,inf,inf,inf,inf,inf,1583
1779238509.9841520786,-0.0061967182,0.1069457456,0.0910078958,-0.0193100757,0.0747642994,0.0020473950,3.2929999828,nan,nan,-0.1000000015,0.0000000000,-0.0399999991,0.0000000000,nan,nan,nan,nan,nan,nan,nan,nan,nan,nan,nan,nan,0.0000000000,0.0000000000,0.0000000000,0.0000000000,0.0000000000,0.0706096441,nan,nan,nan,nan,nan,nan,nan,nan,nan,nan,nan,nan,nan,nan,nan,nan,nan,nan,nan,nan,nan,0.0300312042,0.9194071293,inf,0.0099749565,inf,inf,inf,0.0299918652,0.0700151920,inf,inf,inf,inf,inf,inf,inf,1583
1779238509.9941585064,-0.0061967182,0.1069457456,0.0910078958,-0.0193100757,0.0747642994,0.0020473950,3.2929999828,nan,nan,-0.1000000015,0.0000000000,-0.0399999991,0.0000000000,nan,nan,nan,nan,nan,nan,nan,nan,nan,nan,nan,nan,0.0000000000,0.0000000000,0.0000000000,0.0000000000,0.0000000000,0.0706096441,nan,nan,nan,nan,nan,nan,nan,nan,nan,nan,nan,nan,nan,nan,nan,nan,nan,nan,nan,nan,nan,0.0400376320,0.9294135571,inf,0.0199813843,inf,inf,inf,0.0399982929,0.0800216198,inf,inf,inf,inf,inf,inf,inf,1583
1779238510.0041894913,-0.0066587781,0.1068171784,0.0910285711,-0.0193100757,0.0747642994,0.0020473950,3.2929999828,nan,nan,-0.1000000015,0.0000000000,-0.0399999991,0.0000000000,nan,nan,nan,nan,nan,nan,nan,nan,nan,nan,nan,nan,0.0000000000,0.0000000000,0.0000000000,0.0000000000,0.0000000000,0.0706096441,nan,nan,nan,nan,nan,nan,nan,nan,nan,nan,nan,nan,nan,nan,nan,nan,nan,nan,nan,nan,nan,0.0000221729,0.9394445419,inf,0.0300123692,inf,inf,inf,0.0500292778,0.0900526047,inf,inf,inf,inf,inf,inf,inf,1583
1779238510.0141839981,-0.0066587781,0.1068171784,0.0910285711,-0.0193100757,0.0747642994,0.0020473950,3.2929999828,nan,nan,-0.1000000015,0.0000000000,-0.0399999991,0.0000000000,nan,nan,nan,nan,nan,nan,nan,nan,nan,nan,nan,nan,0.0000000000,0.0000000000,0.0000000000,0.0000000000,0.0000000000,0.0719097331,nan,nan,nan,nan,nan,nan,nan,nan,nan,nan,nan,nan,nan,nan,nan,nan,nan,nan,nan,nan,nan,0.0100166798,0.9494390488,inf,0.0400068760,inf,inf,inf,0.0600237846,0.0000233650,inf,inf,inf,inf,inf,inf,inf,1583
1779238510.0241982937,-0.0066587781,0.1068171784,0.0910285711,-0.0193100757,0.0747642994,0.0020473950,3.2929999828,nan,nan,-0.1000000015,0.0000000000,-0.0399999991,0.0000000000,nan,nan,nan,nan,nan,nan,nan,nan,nan,nan,nan,nan,0.0000000000,0.0000000000,0.0000000000,0.0000000000,0.0000000000,0.0719097331,nan,nan,nan,nan,nan,nan,nan,nan,nan,nan,nan,nan,nan,nan,nan,nan,nan,nan,nan,nan,nan,0.0200309753,0.9594533443,inf,0.0000219345,inf,inf,inf,0.0700380802,0.0100376606,inf,inf,inf,inf,inf,inf,inf,1583
1779238510.0341587067,-0.0066587781,0.1068171784,0.0910285711,-0.0193100757,0.0747642994,0.0020473950,3.2929999828,nan,nan,-0.1000000015,0.0000000000,-0.0399999991,0.0000000000,nan,nan,nan,nan,nan,nan,nan,nan,nan,nan,nan,nan,0.0000000000,0.0000000000,0.0000000000,0.0000000000,0.0000000000,0.0719097331,nan,nan,nan,nan,nan,nan,nan,nan,nan,nan,nan,nan,nan,nan,nan,nan,nan,nan,nan,nan,nan,0.0299913883,0.9694137573,inf,0.0099823475,inf,inf,inf,0.0799984932,0.0199980736,inf,inf,inf,inf,inf,inf,inf,1583
1779238510.0441508293,-0.0066587781,0.1068171784,0.0910285711,-0.0193100757,0.0747642994,0.0020473950,3.2929999828,nan,nan,-0.1000000015,0.0000000000,-0.0399999991,0.0000000000,nan,nan,nan,nan,nan,nan,nan,nan,nan,nan,nan,nan,0.0000000000,0.0000000000,0.0000000000,0.0000000000,0.0000000000,0.0719097331,nan,nan,nan,nan,nan,nan,nan,nan,nan,nan,nan,nan,nan,nan,nan,nan,nan,nan,nan,nan,nan,0.0399835110,0.9794058800,inf,0.0199744701,inf,inf,inf,0.0899906158,0.0299901962,inf,inf,inf,inf,inf,inf,inf,1583
1779238510.0542011261,-0.0072486638,0.1066474020,0.0910571814,-0.0193100757,0.0747642994,0.0020473950,3.2929999828,nan,nan,-0.1000000015,0.0000000000,-0.0399999991,0.0000000000,nan,nan,nan,nan,nan,nan,nan,nan,nan,nan,nan,nan,0.0000000000,0.0000000000,0.0000000000,0.0000000000,0.0000000000,0.0719097331,nan,nan,nan,nan,nan,nan,nan,nan,nan,nan,nan,nan,nan,nan,nan,nan,nan,nan,nan,nan,nan,0.0000591278,0.9894561768,inf,0.0300247669,inf,inf,inf,0.0000195503,0.0400404930,inf,inf,inf,inf,inf,inf,inf,1583
1779238510.0641944408,-0.0072486638,0.1066474020,0.0910571814,-0.0193100757,0.0747642994,0.0020473950,3.2929999828,nan,nan,-0.1000000015,0.0000000000,-0.0399999991,0.0000000000,nan,nan,nan,nan,nan,nan,nan,nan,nan,nan,nan,nan,0.0000000000,0.0000000000,0.0000000000,0.0000000000,0.0000000000,0.0719097331,nan,nan,nan,nan,nan,nan,nan,nan,nan,nan,nan,nan,nan,nan,nan,nan,nan,nan,nan,nan,nan,0.0100524426,0.0000224113,inf,0.0400180817,inf,inf,inf,0.0100128651,0.0500338078,inf,inf,inf,inf,inf,inf,inf,1583
1779238510.0741906166,-0.0072486638,0.1066474020,0.0910571814,-0.0193100757,0.0747642994,0.0020473950,3.2929999828,nan,nan,-0.1000000015,0.0000000000,-0.0399999991,0.0000000000,nan,nan,nan,nan,nan,nan,nan,nan,nan,nan,nan,nan,0.0000000000,0.0000000000,0.0000000000,0.0000000000,0.0000000000,0.0719097331,nan,nan,nan,nan,nan,nan,nan,nan,nan,nan,nan,nan,nan,nan,nan,nan,nan,nan,nan,nan,nan,0.0200486183,0.0100185871,inf,0.0000231266,inf,inf,inf,0.0200090408,0.0600299835,inf,inf,inf,inf,inf,inf,inf,1583
1779238510.0841543674,-0.0072486638,0.1066474020,0.0910571814,-0.0193100757,0.0747642994,0.0020473950,3.2929999828,nan,nan,-0.1000000015,0.0000000000,-0.0399999991,0.0000000000,nan,nan,nan,nan,nan,nan,nan,nan,nan,nan,nan,nan,0.0000000000,0.0000000000,0.0000000000,0.0000000000,0.0000000000,0.0719097331,nan,nan,nan,nan,nan,nan,nan,nan,nan,nan,nan,nan,nan,nan,nan,nan,nan,nan,nan,nan,nan,0.0300123692,0.0199823380,inf,0.0099868774,inf,inf,inf,0.0299727917,0.0699937344,inf,inf,inf,inf,inf,inf,inf,1583
1779238510.0941405296,-0.0072486638,0.1066474020,0.0910571814,-0.0193100757,0.0747642994,0.0020473950,3.2929999828,nan,nan,-0.1000000015,0.0000000000,-0.0399999991,0.0000000000,nan,nan,nan,nan,nan,nan,nan,nan,nan,nan,nan,nan,0.0000000000,0.0000000000,0.0000000000,0.0000000000,0.0000000000,0.0719097331,nan,nan,nan,nan,nan,nan,nan,nan,nan,nan,nan,nan,nan,nan,nan,nan,nan,nan,nan,nan,nan,0.0399985313,0.0299685001,inf,0.0199730396,inf,inf,inf,0.0399589539,0.0799798965,inf,inf,inf,inf,inf,inf,inf,1583
1779238510.1040868759,-0.0079798782,0.1064291447,0.0910841003,-0.0193100757,0.0747642994,0.0020473950,3.2929999828,nan,nan,-0.1000000015,0.0000000000,-0.0399999991,0.0000000000,nan,nan,nan,nan,nan,nan,nan,nan,nan,nan,nan,nan,0.0000000000,0.0000000000,0.0000000000,0.0000000000,0.0000000000,0.0719097331,nan,nan,nan,nan,nan,nan,nan,nan,nan,nan,nan,nan,nan,nan,nan,nan,nan,nan,nan,nan,nan,0.0000123978,0.0399148464,inf,0.0299193859,inf,inf,inf,0.0499053001,0.0899262428,inf,inf,inf,inf,inf,inf,inf,1583
1779238510.1141180992,-0.0079798782,0.1064291447,0.0910841003,-0.0193100757,0.0747642994,0.0020473950,3.2929999828,nan,nan,-0.1000000015,0.0000000000,-0.0399999991,0.0000000000,nan,nan,nan,nan,nan,nan,nan,nan,nan,nan,nan,nan,0.0000000000,0.0000000000,0.0000000000,0.0000000000,0.0000000000,0.0709201321,nan,nan,nan,nan,nan,nan,nan,nan,nan,nan,nan,nan,nan,nan,nan,nan,nan,nan,nan,nan,nan,0.0100436211,0.0499460697,inf,0.0399506092,inf,inf,inf,0.0599365234,0.0000205040,inf,inf,inf,inf,inf,inf,inf,1583
1779238510.1241405010,-0.0079798782,0.1064291447,0.0910841003,-0.0193100757,0.0747642994,0.0020473950,3.2929999828,nan,nan,-0.1000000015,0.0000000000,-0.0399999991,0.0000000000,nan,nan,nan,nan,nan,nan,nan,nan,nan,nan,nan,nan,0.0000000000,0.0000000000,0.0000000000,0.0000000000,0.0000000000,0.0709201321,nan,nan,nan,nan,nan,nan,nan,nan,nan,nan,nan,nan,nan,nan,nan,nan,nan,nan,nan,nan,nan,0.0200660229,0.0599684715,inf,0.0000181198,inf,inf,inf,0.0699589252,0.0100429058,inf,inf,inf,inf,inf,inf,inf,1583
1779238510.1341493130,-0.0079798782,0.1064291447,0.0910841003,-0.0193100757,0.0747642994,0.0020473950,3.2929999828,nan,nan,-0.1000000015,0.0000000000,-0.0399999991,0.0000000000,nan,nan,nan,nan,nan,nan,nan,nan,nan,nan,nan,nan,0.0000000000,0.0000000000,0.0000000000,0.0000000000,0.0000000000,0.0709201321,nan,nan,nan,nan,nan,nan,nan,nan,nan,nan,nan,nan,nan,nan,nan,nan,nan,nan,nan,nan,nan,0.0300748348,0.0699772835,inf,0.0100269318,inf,inf,inf,0.0799677372,0.0200517178,inf,inf,inf,inf,inf,inf,inf,1583
1779238510.1441383362,-0.0079798782,0.1064291447,0.0910841003,-0.0193100757,0.0747642994,0.0020473950,3.2929999828,nan,nan,-0.1000000015,0.0000000000,-0.0399999991,0.0000000000,nan,nan,nan,nan,nan,nan,nan,nan,nan,nan,nan,nan,0.0000000000,0.0000000000,0.0000000000,0.0000000000,0.0000000000,0.0709201321,nan,nan,nan,nan,nan,nan,nan,nan,nan,nan,nan,nan,nan,nan,nan,nan,nan,nan,nan,nan,nan,0.0400638580,0.0799663067,inf,0.0200159550,inf,inf,inf,0.0899567604,0.0300407410,inf,inf,inf,inf,inf,inf,inf,1583
1779238510.1541826725,-0.0088896360,0.1061742753,0.0911362842,-0.0193100757,0.0747642994,0.0020473950,3.2929999828,nan,nan,-0.1000000015,0.0000000000,-0.0399999991,0.0000000000,nan,nan,nan,nan,nan,nan,nan,nan,nan,nan,nan,nan,0.0000000000,0.0000000000,0.0000000000,0.0000000000,0.0000000000,0.0709201321,nan,nan,nan,nan,nan,nan,nan,nan,nan,nan,nan,nan,nan,nan,nan,nan,nan,nan,nan,nan,nan,0.0000538826,0.0900106430,inf,0.0300602913,inf,inf,inf,0.0000171661,0.0400850773,inf,inf,inf,inf,inf,inf,inf,1583
1779238510.1641509533,-0.0088896360,0.1061742753,0.0911362842,-0.0193100757,0.0747642994,0.0020473950,3.2929999828,nan,nan,-0.1000000015,0.0000000000,-0.0399999991,0.0000000000,nan,nan,nan,nan,nan,nan,nan,nan,nan,nan,nan,nan,0.0000000000,0.0000000000,0.0000000000,0.0000000000,0.0000000000,0.0709201321,nan,nan,nan,nan,nan,nan,nan,nan,nan,nan,nan,nan,nan,nan,nan,nan,nan,nan,nan,nan,nan,0.0100221634,0.0999789238,inf,0.0400285721,inf,inf,inf,0.0099854469,0.0500533581,inf,inf,inf,inf,inf,inf,inf,1583
1779238510.1741819382,-0.0088896360,0.1061742753,0.0911362842,-0.0193100757,0.0747642994,0.0020473950,3.2929999828,nan,nan,-0.1000000015,0.0000000000,-0.0399999991,0.0000000000,nan,nan,nan,nan,nan,nan,nan,nan,nan,nan,nan,nan,0.0000000000,0.0000000000,0.0000000000,0.0000000000,0.0000000000,0.0709201321,nan,nan,nan,nan,nan,nan,nan,nan,nan,nan,nan,nan,nan,nan,nan,nan,nan,nan,nan,nan,nan,0.0200531483,0.1100099087,inf,0.0000209808,inf,inf,inf,0.0200164318,0.0600843430,inf,inf,inf,inf,inf,inf,inf,1583
1779238510.1841495037,-0.0088896360,0.1061742753,0.0911362842,-0.0193100757,0.0747642994,0.0020473950,3.2929999828,nan,nan,-0.1000000015,0.0000000000,-0.0399999991,0.0000000000,nan,nan,nan,nan,nan,nan,nan,nan,nan,nan,nan,nan,0.0000000000,0.0000000000,0.0000000000,0.0000000000,0.0000000000,0.0709201321,nan,nan,nan,nan,nan,nan,nan,nan,nan,nan,nan,nan,nan,nan,nan,nan,nan,nan,nan,nan,nan,0.0300207138,0.1199774742,inf,0.0099885464,inf,inf,inf,0.0299839973,0.0700519085,inf,inf,inf,inf,inf,inf,inf,1583
1779238510.1941511631,-0.0088896360,0.1061742753,0.0911362842,-0.0193100757,0.0747642994,0.0020473950,3.2929999828,nan,nan,-0.1000000015,0.0000000000,-0.0399999991,0.0000000000,nan,nan,nan,nan,nan,nan,nan,nan,nan,nan,nan,nan,0.0000000000,0.0000000000,0.0000000000,0.0000000000,0.0000000000,0.0709201321,nan,nan,nan,nan,nan,nan,nan,nan,nan,nan,nan,nan,nan,nan,nan,nan,nan,nan,nan,nan,nan,0.0400223732,0.1299791336,inf,0.0199902058,inf,inf,inf,0.0399856567,0.0800535679,inf,inf,inf,inf,inf,inf,inf,1583
1779238510.2041499615,-0.0099487174,0.1058935225,0.0912270024,-0.0193100757,0.0747642994,0.0020473950,3.2929999828,nan,nan,-0.1000000015,0.0000000000,-0.0399999991,0.0000000000,nan,nan,nan,nan,nan,nan,nan,nan,nan,nan,nan,nan,0.0000000000,0.0000000000,0.0000000000,0.0000000000,0.0000000000,0.0709201321,nan,nan,nan,nan,nan,nan,nan,nan,nan,nan,nan,nan,nan,nan,nan,nan,nan,nan,nan,nan,nan,0.0000185966,0.1399779320,inf,0.0299890041,inf,inf,inf,0.0499844551,0.0900523663,inf,inf,inf,inf,inf,inf,inf,1583
1779238510.2141261101,-0.0099487174,0.1058935225,0.0912270024,-0.0193100757,0.0747642994,0.0020473950,3.2929999828,nan,nan,-0.1000000015,0.0000000000,-0.0399999991,0.0000000000,nan,nan,nan,nan,nan,nan,nan,nan,nan,nan,nan,nan,0.0000000000,0.0000000000,0.0000000000,0.0000000000,0.0000000000,0.0741240606,nan,nan,nan,nan,nan,nan,nan,nan,nan,nan,nan,nan,nan,nan,nan,nan,nan,nan,nan,nan,nan,0.0099947453,0.1499540806,inf,0.0399651527,inf,inf,inf,0.0599606037,0.0000212193,inf,inf,inf,inf,inf,inf,inf,1583
1779238510.2242984772,-0.0099487174,0.1058935225,0.0912270024,-0.0193100757,0.0747642994,0.0020473950,3.2929999828,nan,nan,-0.1000000015,0.0000000000,-0.0399999991,0.0000000000,nan,nan,nan,nan,nan,nan,nan,nan,nan,nan,nan,nan,0.0000000000,0.0000000000,0.0000000000,0.0000000000,0.0000000000,0.0741240606,nan,nan,nan,nan,nan,nan,nan,nan,nan,nan,nan,nan,nan,nan,nan,nan,nan,nan,nan,nan,nan,0.0201671124,0.1601264477,inf,0.0000212193,inf,inf,inf,0.0701329708,0.0101935863,inf,inf,inf,inf,inf,inf,inf,1583
1779238510.2341187000,-0.0099487174,0.1058935225,0.0912270024,-0.0193100757,0.0747642994,0.0020473950,3.2929999828,nan,nan,-0.1000000015,0.0000000000,-0.0399999991,0.0000000000,nan,nan,nan,nan,nan,nan,nan,nan,nan,nan,nan,nan,0.0000000000,0.0000000000,0.0000000000,0.0000000000,0.0000000000,0.0741240606,nan,nan,nan,nan,nan,nan,nan,nan,nan,nan,nan,nan,nan,nan,nan,nan,nan,nan,nan,nan,nan,0.0299873352,0.1699466705,inf,0.0098414421,inf,inf,inf,0.0799531937,0.0200138092,inf,inf,inf,inf,inf,inf,inf,1583
1779238510.2441101074,-0.0099487174,0.1058935225,0.0912270024,-0.0193100757,0.0747642994,0.0020473950,3.2929999828,nan,nan,-0.1000000015,0.0000000000,-0.0399999991,0.0000000000,nan,nan,nan,nan,nan,nan,nan,nan,nan,nan,nan,nan,0.0000000000,0.0000000000,0.0000000000,0.0000000000,0.0000000000,0.0741240606,nan,nan,nan,nan,nan,nan,nan,nan,nan,nan,nan,nan,nan,nan,nan,nan,nan,nan,nan,nan,nan,0.0399787426,0.1799380779,inf,0.0198328495,inf,inf,inf,0.0899446011,0.0300052166,inf,inf,inf,inf,inf,inf,inf,1583
1779238510.2541284561,-0.0064915125,0.1068624184,0.0910536349,-0.0193100757,0.0747642994,0.0020473950,3.2929999828,nan,nan,-0.1000000015,0.0000000000,-0.0399999991,0.0000000000,nan,nan,nan,nan,nan,nan,nan,nan,nan,nan,nan,nan,0.0000000000,0.0000000000,0.0000000000,0.0000000000,0.0000000000,0.0741240606,nan,nan,nan,nan,nan,nan,nan,nan,nan,nan,nan,nan,nan,nan,nan,nan,nan,nan,nan,nan,nan,0.0000443459,0.1899564266,inf,0.0298511982,inf,inf,inf,0.0000176430,0.0400235653,inf,inf,inf,inf,inf,inf,inf,1583
1779238510.2641999722,-0.0064915125,0.1068624184,0.0910536349,-0.0193100757,0.0747642994,0.0020473950,3.2929999828,nan,nan,-0.1000000015,0.0000000000,-0.0399999991,0.0000000000,nan,nan,nan,nan,nan,nan,nan,nan,nan,nan,nan,nan,0.0000000000,0.0000000000,0.0000000000,0.0000000000,0.0000000000,0.0741240606,nan,nan,nan,nan,nan,nan,nan,nan,nan,nan,nan,nan,nan,nan,nan,nan,nan,nan,nan,nan,nan,0.0101158619,0.2000279427,inf,0.0399227142,inf,inf,inf,0.0100891590,0.0500950813,inf,inf,inf,inf,inf,inf,inf,1583
1779238510.2741279602,-0.0064915125,0.1068624184,0.0910536349,-0.0193100757,0.0747642994,0.0020473950,3.2929999828,nan,nan,-0.1000000015,0.0000000000,-0.0399999991,0.0000000000,nan,nan,nan,nan,nan,nan,nan,nan,nan,nan,nan,nan,0.0000000000,0.0000000000,0.0000000000,0.0000000000,0.0000000000,0.0741240606,nan,nan,nan,nan,nan,nan,nan,nan,nan,nan,nan,nan,nan,nan,nan,nan,nan,nan,nan,nan,nan,0.0200438499,0.2099559307,inf,0.0000257492,inf,inf,inf,0.0200171471,0.0600230694,inf,inf,inf,inf,inf,inf,inf,1583
1779238510.2841305733,-0.0064915125,0.1068624184,0.0910536349,-0.0193100757,0.0747642994,0.0020473950,3.2929999828,nan,nan,-0.1000000015,0.0000000000,-0.0399999991,0.0000000000,nan,nan,nan,nan,nan,nan,nan,nan,nan,nan,nan,nan,0.0000000000,0.0000000000,0.0000000000,0.0000000000,0.0000000000,0.0741240606,nan,nan,nan,nan,nan,nan,nan,nan,nan,nan,nan,nan,nan,nan,nan,nan,nan,nan,nan,nan,nan,0.0300464630,0.2199585438,inf,0.0100283623,inf,inf,inf,0.0300197601,0.0700256824,inf,inf,inf,inf,inf,inf,inf,1583
1779238510.2941303253,-0.0064915125,0.1068624184,0.0910536349,-0.0193100757,0.0747642994,0.0020473950,3.2929999828,nan,nan,-0.1000000015,0.0000000000,-0.0399999991,0.0000000000,nan,nan,nan,nan,nan,nan,nan,nan,nan,nan,nan,nan,0.0000000000,0.0000000000,0.0000000000,0.0000000000,0.0000000000,0.0741240606,nan,nan,nan,nan,nan,nan,nan,nan,nan,nan,nan,nan,nan,nan,nan,nan,nan,nan,nan,nan,nan,0.0400462151,0.2299582958,inf,0.0200281143,inf,inf,inf,0.0400195122,0.0800254345,inf,inf,inf,inf,inf,inf,inf,1583
1779238510.3041038513,-0.0069562891,0.1067236885,0.0911232755,-0.0193100757,0.0747642994,0.0020473950,3.2929999828,nan,nan,-0.1000000015,0.0000000000,-0.0399999991,0.0000000000,nan,nan,nan,nan,nan,nan,nan,nan,nan,nan,nan,nan,0.0000000000,0.0000000000,0.0000000000,0.0000000000,0.0000000000,0.0741240606,nan,nan,nan,nan,nan,nan,nan,nan,nan,nan,nan,nan,nan,nan,nan,nan,nan,nan,nan,nan,nan,0.0000140667,0.2399318218,inf,0.0300016403,inf,inf,inf,0.0499930382,0.0899989605,inf,inf,inf,inf,inf,inf,inf,1583
1779238510.3142404556,-0.0069562891,0.1067236885,0.0911232755,-0.0193100757,0.0747642994,0.0020473950,3.2929999828,nan,nan,-0.1000000015,0.0000000000,-0.0399999991,0.0000000000,nan,nan,nan,nan,nan,nan,nan,nan,nan,nan,nan,nan,0.0000000000,0.0000000000,0.0000000000,0.0000000000,0.0000000000,0.0764376745,nan,nan,nan,nan,nan,nan,nan,nan,nan,nan,nan,nan,nan,nan,nan,nan,nan,nan,nan,nan,nan,0.0101506710,0.2500684261,inf,0.0401382446,inf,inf,inf,0.0601296425,0.0000219345,inf,inf,inf,inf,inf,inf,inf,1583
1779238510.3241820335,-0.0069562891,0.1067236885,0.0911232755,-0.0193100757,0.0747642994,0.0020473950,3.2929999828,nan,nan,-0.1000000015,0.0000000000,-0.0399999991,0.0000000000,nan,nan,nan,nan,nan,nan,nan,nan,nan,nan,nan,nan,0.0000000000,0.0000000000,0.0000000000,0.0000000000,0.0000000000,0.0764376745,nan,nan,nan,nan,nan,nan,nan,nan,nan,nan,nan,nan,nan,nan,nan,nan,nan,nan,nan,nan,nan,0.0200922489,0.2600100040,inf,0.0000197887,inf,inf,inf,0.0700712204,0.0099635124,inf,inf,inf,inf,inf,inf,inf,1583
1779238510.3341505527,-0.0069562891,0.1067236885,0.0911232755,-0.0193100757,0.0747642994,0.0020473950,3.2929999828,nan,nan,-0.1000000015,0.0000000000,-0.0399999991,0.0000000000,nan,nan,nan,nan,nan,nan,nan,nan,nan,nan,nan,nan,0.0000000000,0.0000000000,0.0000000000,0.0000000000,0.0000000000,0.0764376745,nan,nan,nan,nan,nan,nan,nan,nan,nan,nan,nan,nan,nan,nan,nan,nan,nan,nan,nan,nan,nan,0.0300607681,0.2699785233,inf,0.0099883080,inf,inf,inf,0.0800397396,0.0199320316,inf,inf,inf,inf,inf,inf,inf,1583
1779238510.3441326618,-0.0069562891,0.1067236885,0.0911232755,-0.0193100757,0.0747642994,0.0020473950,3.2929999828,nan,nan,-0.1000000015,0.0000000000,-0.0399999991,0.0000000000,nan,nan,nan,nan,nan,nan,nan,nan,nan,nan,nan,nan,0.0000000000,0.0000000000,0.0000000000,0.0000000000,0.0000000000,0.0764376745,nan,nan,nan,nan,nan,nan,nan,nan,nan,nan,nan,nan,nan,nan,nan,nan,nan,nan,nan,nan,nan,0.0400428772,0.2799606323,inf,0.0199704170,inf,inf,inf,0.0900218487,0.0299141407,inf,inf,inf,inf,inf,inf,inf,1583
1779238510.3541994095,-0.0065071881,0.1068477109,0.0910568610,-0.0193100757,0.0747642994,0.0020473950,3.2929999828,nan,nan,-0.1000000015,0.0000000000,-0.0399999991,0.0000000000,nan,nan,nan,nan,nan,nan,nan,nan,nan,nan,nan,nan,0.0000000000,0.0000000000,0.0000000000,0.0000000000,0.0000000000,0.0764376745,nan,nan,nan,nan,nan,nan,nan,nan,nan,nan,nan,nan,nan,nan,nan,nan,nan,nan,nan,nan,nan,0.0000526905,0.2900273800,inf,0.0300371647,inf,inf,inf,0.0000174046,0.0399808884,inf,inf,inf,inf,inf,inf,inf,1583
1779238510.3641514778,-0.0065071881,0.1068477109,0.0910568610,-0.0193100757,0.0747642994,0.0020473950,3.2929999828,nan,nan,-0.1000000015,0.0000000000,-0.0399999991,0.0000000000,nan,nan,nan,nan,nan,nan,nan,nan,nan,nan,nan,nan,0.0000000000,0.0000000000,0.0000000000,0.0000000000,0.0000000000,0.0764376745,nan,nan,nan,nan,nan,nan,nan,nan,nan,nan,nan,nan,nan,nan,nan,nan,nan,nan,nan,nan,nan,0.0100047588,0.2999794483,inf,0.0399892330,inf,inf,inf,0.0099694729,0.0499329567,inf,inf,inf,inf,inf,inf,inf,1583
1779238510.3741493225,-0.0065071881,0.1068477109,0.0910568610,-0.0193100757,0.0747642994,0.0020473950,3.2929999828,nan,nan,-0.1000000015,0.0000000000,-0.0399999991,0.0000000000,nan,nan,nan,nan,nan,nan,nan,nan,nan,nan,nan,nan,0.0000000000,0.0000000000,0.0000000000,0.0000000000,0.0000000000,0.0764376745,nan,nan,nan,nan,nan,nan,nan,nan,nan,nan,nan,nan,nan,nan,nan,nan,nan,nan,nan,nan,nan,0.0200026035,0.3099772930,inf,0.0000212193,inf,inf,inf,0.0199673176,0.0599308014,inf,inf,inf,inf,inf,inf,inf,1583
1779238510.3841500282,-0.0065071881,0.1068477109,0.0910568610,-0.0193100757,0.0747642994,0.0020473950,3.2929999828,nan,nan,-0.1000000015,0.0000000000,-0.0399999991,0.0000000000,nan,nan,nan,nan,nan,nan,nan,nan,nan,nan,nan,nan,0.0000000000,0.0000000000,0.0000000000,0.0000000000,0.0000000000,0.0764376745,nan,nan,nan,nan,nan,nan,nan,nan,nan,nan,nan,nan,nan,nan,nan,nan,nan,nan,nan,nan,nan,0.0300033092,0.3199779987,inf,0.0100219250,inf,inf,inf,0.0299680233,0.0699315071,inf,inf,inf,inf,inf,inf,inf,1583
1779238510.3941392899,-0.0065071881,0.1068477109,0.0910568610,-0.0193100757,0.0747642994,0.0020473950,3.2929999828,nan,nan,-0.1000000015,0.0000000000,-0.0399999991,0.0000000000,nan,nan,nan,nan,nan,nan,nan,nan,nan,nan,nan,nan,0.0000000000,0.0000000000,0.0000000000,0.0000000000,0.0000000000,0.0764376745,nan,nan,nan,nan,nan,nan,nan,nan,nan,nan,nan,nan,nan,nan,nan,nan,nan,nan,nan,nan,nan,0.0399925709,0.3299672604,inf,0.0200111866,inf,inf,inf,0.0399572849,0.0799207687,inf,inf,inf,inf,inf,inf,inf,1583
1779238510.4041221142,-0.0069764350,0.1067050248,0.0910750180,-0.0193100757,0.0747642994,0.0020473950,3.2929999828,nan,nan,-0.1000000015,0.0000000000,-0.0399999991,0.0000000000,nan,nan,nan,nan,nan,nan,nan,nan,nan,nan,nan,nan,0.0000000000,0.0000000000,0.0000000000,0.0000000000,0.0000000000,0.0764376745,nan,nan,nan,nan,nan,nan,nan,nan,nan,nan,nan,nan,nan,nan,nan,nan,nan,nan,nan,nan,nan,0.0000183582,0.3399500847,inf,0.0299940109,inf,inf,inf,0.0499401093,0.0899035931,inf,inf,inf,inf,inf,inf,inf,1583
1779238510.4140858650,-0.0069764350,0.1067050248,0.0910750180,-0.0193100757,0.0747642994,0.0020473950,3.2929999828,nan,nan,-0.1000000015,0.0000000000,-0.0399999991,0.0000000000,nan,nan,nan,nan,nan,nan,nan,nan,nan,nan,nan,nan,0.0000000000,0.0000000000,0.0000000000,3.2641277313,0.5470181704,0.0000000000,nan,nan,nan,nan,nan,nan,nan,nan,nan,nan,nan,nan,nan,nan,nan,nan,nan,nan,nan,nan,nan,0.0099821091,0.3499138355,inf,0.0399577618,inf,inf,inf,0.0599038601,0.0000143051,inf,inf,inf,inf,inf,inf,inf,1583
1779238510.4240405560,-0.0069764350,0.1067050248,0.0910750180,-0.0193100757,0.0747642994,0.0020473950,3.2929999828,nan,nan,-0.1000000015,0.0000000000,-0.0399999991,0.0000000000,nan,nan,nan,nan,nan,nan,nan,nan,nan,nan,nan,nan,0.0000000000,0.0000000000,0.0000000000,3.2641277313,0.5470181704,0.0000000000,nan,nan,nan,nan,nan,nan,nan,nan,nan,nan,nan,nan,nan,nan,nan,nan,nan,nan,nan,nan,nan,0.0199368000,0.3598685265,inf,0.0000066757,inf,inf,inf,0.0698585510,0.0099689960,inf,inf,inf,inf,inf,inf,inf,1583
1779238510.4340901375,-0.0069764350,0.1067050248,0.0910750180,-0.0193100757,0.0747642994,0.0020473950,3.2929999828,nan,nan,-0.1000000015,0.0000000000,-0.0399999991,0.0000000000,nan,nan,nan,nan,nan,nan,nan,nan,nan,nan,nan,nan,0.0000000000,0.0000000000,0.0000000000,3.2641277313,0.5470181704,0.0000000000,nan,nan,nan,nan,nan,nan,nan,nan,nan,nan,nan,nan,nan,nan,nan,nan,nan,nan,nan,nan,nan,0.0299863815,0.3699181080,inf,0.0100562572,inf,inf,inf,0.0799081326,0.0200185776,inf,inf,inf,inf,inf,inf,inf,1583
1779238510.4441597462,-0.0069764350,0.1067050248,0.0910750180,-0.0193100757,0.0747642994,0.0020473950,3.2929999828,nan,nan,-0.1000000015,0.0000000000,-0.0399999991,0.0000000000,nan,nan,nan,nan,nan,nan,nan,nan,nan,nan,nan,nan,0.0000000000,0.0000000000,0.0000000000,3.2641277313,0.5470181704,0.0000000000,nan,nan,nan,nan,nan,nan,nan,nan,nan,nan,nan,nan,nan,nan,nan,nan,nan,nan,nan,nan,nan,0.0400559902,0.3799877167,inf,0.0201258659,inf,inf,inf,0.0899777412,0.0300881863,inf,inf,inf,inf,inf,inf,inf,1583
1779238510.4542384148,-0.0075167879,0.1065504551,0.0910879672,-0.0193100757,0.0747642994,0.0020473950,3.2929999828,nan,nan,-0.1000000015,0.0000000000,-0.0399999991,0.0000000000,nan,nan,nan,nan,nan,nan,nan,nan,nan,nan,nan,nan,-0.1185699701,-0.1804454476,-0.2622267008,3.2641277313,0.5470181704,0.0000000000,nan,nan,nan,nan,nan,nan,nan,nan,nan,nan,nan,nan,nan,nan,nan,nan,nan,nan,nan,nan,nan,0.0000638962,0.3900663853,inf,0.0302045345,inf,inf,inf,0.0000207424,0.0401668549,inf,inf,inf,inf,inf,inf,inf,1583
1779238510.4641449451,-0.0075167879,0.1065504551,0.0910879672,-0.0193100757,0.0747642994,0.0020473950,3.2929999828,nan,nan,-0.1000000015,0.0000000000,-0.0399999991,0.0000000000,nan,nan,nan,nan,nan,nan,nan,nan,nan,nan,nan,nan,-0.1185699701,-0.1804454476,-0.2622267008,3.2641277313,0.5470181704,0.0000000000,nan,nan,nan,nan,nan,nan,nan,nan,nan,nan,nan,nan,nan,nan,nan,nan,nan,nan,nan,nan,nan,0.0099704266,0.3999729156,inf,0.0401110649,inf,inf,inf,0.0099272728,0.0500733852,inf,inf,inf,inf,inf,inf,inf,1583
1779238510.4741601944,-0.0075167879,0.1065504551,0.0910879672,-0.0193100757,0.0747642994,0.0020473950,3.2929999828,nan,nan,-0.1000000015,0.0000000000,-0.0399999991,0.0000000000,nan,nan,nan,nan,nan,nan,nan,nan,nan,nan,nan,nan,-0.1185699701,-0.1804454476,-0.2622267008,3.2641277313,0.5470181704,0.0000000000,nan,nan,nan,nan,nan,nan,nan,nan,nan,nan,nan,nan,nan,nan,nan,nan,nan,nan,nan,nan,nan,0.0199856758,0.4099881649,inf,0.0000197887,inf,inf,inf,0.0199425220,0.0600886345,inf,inf,inf,inf,inf,inf,inf,1583
1779238510.4841537476,-0.0075167879,0.1065504551,0.0910879672,-0.0193100757,0.0747642994,0.0020473950,3.2929999828,nan,nan,-0.1000000015,0.0000000000,-0.0399999991,0.0000000000,nan,nan,nan,nan,nan,nan,nan,nan,nan,nan,nan,nan,-0.1185699701,-0.1804454476,-0.2622267008,3.2641277313,0.5470181704,0.0000000000,nan,nan,nan,nan,nan,nan,nan,nan,nan,nan,nan,nan,nan,nan,nan,nan,nan,nan,nan,nan,nan,0.0299792290,0.4199817181,inf,0.0100133419,inf,inf,inf,0.0299360752,0.0700821877,inf,inf,inf,inf,inf,inf,inf,1583
1779238510.4941544533,-0.0075167879,0.1065504551,0.0910879672,-0.0193100757,0.0747642994,0.0020473950,3.2929999828,nan,nan,-0.1000000015,0.0000000000,-0.0399999991,0.0000000000,nan,nan,nan,nan,nan,nan,nan,nan,nan,nan,nan,nan,-0.1185699701,-0.1804454476,-0.2622267008,3.2641277313,0.5470181704,0.0000000000,nan,nan,nan,nan,nan,nan,nan,nan,nan,nan,nan,nan,nan,nan,nan,nan,nan,nan,nan,nan,nan,0.0399799347,0.4299824238,inf,0.0200140476,inf,inf,inf,0.0399367809,0.0800828934,inf,inf,inf,inf,inf,inf,inf,1583
1779238510.5041522980,-0.0069608074,0.1066759974,0.0910115317,-0.0193100757,0.0747642994,0.0020473950,3.2929999828,nan,nan,-0.1000000015,0.0000000000,-0.0399999991,0.0000000000,nan,nan,nan,nan,nan,nan,nan,nan,nan,nan,nan,nan,-0.1185699701,-0.1804454476,-0.2622267008,3.2641277313,0.5470181704,0.0000000000,nan,nan,nan,nan,nan,nan,nan,nan,nan,nan,nan,nan,nan,nan,nan,nan,nan,nan,nan,nan,nan,0.0000190735,0.4399802685,inf,0.0300118923,inf,inf,inf,0.0499346256,0.0900807381,inf,inf,inf,inf,inf,inf,inf,1583
1779238510.5141854286,-0.0069608074,0.1066759974,0.0910115317,-0.0193100757,0.0747642994,0.0020473950,3.2929999828,nan,nan,-0.1000000015,0.0000000000,-0.0399999991,0.0000000000,nan,nan,nan,nan,nan,nan,nan,nan,nan,nan,nan,nan,-0.1185699701,-0.1804454476,-0.2622267008,4.0111546516,3.0320260525,0.0000000000,nan,nan,nan,nan,nan,nan,nan,nan,nan,nan,nan,nan,nan,nan,nan,nan,nan,nan,nan,nan,nan,0.0100522041,0.4500133991,inf,0.0400450230,inf,inf,inf,0.0599677563,0.0000224113,inf,inf,inf,inf,inf,inf,inf,1583
1779238510.5241627693,-0.0069608074,0.1066759974,0.0910115317,-0.0193100757,0.0747642994,0.0020473950,3.2929999828,nan,nan,-0.1000000015,0.0000000000,-0.0399999991,0.0000000000,nan,nan,nan,nan,nan,nan,nan,nan,nan,nan,nan,nan,-0.1185699701,-0.1804454476,-0.2622267008,4.0111546516,3.0320260525,0.0000000000,nan,nan,nan,nan,nan,nan,nan,nan,nan,nan,nan,nan,nan,nan,nan,nan,nan,nan,nan,nan,nan,0.0200295448,0.4599907398,inf,0.0000178814,inf,inf,inf,0.0699450970,0.0099997520,inf,inf,inf,inf,inf,inf,inf,1583
1779238510.5341484547,-0.0069608074,0.1066759974,0.0910115317,-0.0193100757,0.0747642994,0.0020473950,3.2929999828,nan,nan,-0.1000000015,0.0000000000,-0.0399999991,0.0000000000,nan,nan,nan,nan,nan,nan,nan,nan,nan,nan,nan,nan,-0.1185699701,-0.1804454476,-0.2622267008,4.0111546516,3.0320260525,0.0000000000,nan,nan,nan,nan,nan,nan,nan,nan,nan,nan,nan,nan,nan,nan,nan,nan,nan,nan,nan,nan,nan,0.0300152302,0.4699764252,inf,0.0100035667,inf,inf,inf,0.0799307823,0.0199854374,inf,inf,inf,inf,inf,inf,inf,1583
1779238510.5441355705,-0.0069608074,0.1066759974,0.0910115317,-0.0193100757,0.0747642994,0.0020473950,3.2929999828,nan,nan,-0.1000000015,0.0000000000,-0.0399999991,0.0000000000,nan,nan,nan,nan,nan,nan,nan,nan,nan,nan,nan,nan,-0.1185699701,-0.1804454476,-0.2622267008,4.0111546516,3.0320260525,0.0000000000,nan,nan,nan,nan,nan,nan,nan,nan,nan,nan,nan,nan,nan,nan,nan,nan,nan,nan,nan,nan,nan,0.0400023460,0.4799635410,inf,0.0199906826,inf,inf,inf,0.0899178982,0.0299725533,inf,inf,inf,inf,inf,inf,inf,1583
1779238510.5541899204,-0.0047333660,0.1072240472,0.0908000618,-0.0193100757,0.0747642994,0.0020473950,3.2929999828,nan,nan,-0.1000000015,0.0000000000,-0.0399999991,0.0000000000,nan,nan,nan,nan,nan,nan,nan,nan,nan,nan,nan,nan,-0.1300675422,-0.1834273189,-0.2610683143,4.0111546516,3.0320260525,0.0000000000,nan,nan,nan,nan,nan,nan,nan,nan,nan,nan,nan,nan,nan,nan,nan,nan,nan,nan,nan,nan,nan,0.0000596046,0.4900178909,inf,0.0300450325,inf,inf,inf,0.0000183582,0.0400269032,inf,inf,inf,inf,inf,inf,inf,1583
1779238510.5641198158,-0.0047333660,0.1072240472,0.0908000618,-0.0193100757,0.0747642994,0.0020473950,3.2929999828,nan,nan,-0.1000000015,0.0000000000,-0.0399999991,0.0000000000,nan,nan,nan,nan,nan,nan,nan,nan,nan,nan,nan,nan,-0.1300675422,-0.1834273189,-0.2610683143,4.0111546516,3.0320260525,0.0000000000,nan,nan,nan,nan,nan,nan,nan,nan,nan,nan,nan,nan,nan,nan,nan,nan,nan,nan,nan,nan,nan,0.0099895000,0.4999477863,inf,0.0399749279,inf,inf,inf,0.0099482536,0.0499567986,inf,inf,inf,inf,inf,inf,inf,1583
1779238510.5741212368,-0.0047333660,0.1072240472,0.0908000618,-0.0193100757,0.0747642994,0.0020473950,3.2929999828,nan,nan,-0.1000000015,0.0000000000,-0.0399999991,0.0000000000,nan,nan,nan,nan,nan,nan,nan,nan,nan,nan,nan,nan,-0.1300675422,-0.1834273189,-0.2610683143,4.0111546516,3.0320260525,0.0000000000,nan,nan,nan,nan,nan,nan,nan,nan,nan,nan,nan,nan,nan,nan,nan,nan,nan,nan,nan,nan,nan,0.0199909210,0.5099492073,inf,0.0000233650,inf,inf,inf,0.0199496746,0.0599582195,inf,inf,inf,inf,inf,inf,inf,1583
1779238510.5840985775,-0.0047333660,0.1072240472,0.0908000618,-0.0193100757,0.0747642994,0.0020473950,3.2929999828,nan,nan,-0.1000000015,0.0000000000,-0.0399999991,0.0000000000,nan,nan,nan,nan,nan,nan,nan,nan,nan,nan,nan,nan,-0.1300675422,-0.1834273189,-0.2610683143,4.0111546516,3.0320260525,0.0000000000,nan,nan,nan,nan,nan,nan,nan,nan,nan,nan,nan,nan,nan,nan,nan,nan,nan,nan,nan,nan,nan,0.0299682617,0.5199265480,inf,0.0100007057,inf,inf,inf,0.0299270153,0.0699355602,inf,inf,inf,inf,inf,inf,inf,1583
1779238510.5941481590,-0.0047333660,0.1072240472,0.0908000618,-0.0193100757,0.0747642994,0.0020473950,3.2929999828,nan,nan,-0.1000000015,0.0000000000,-0.0399999991,0.0000000000,nan,nan,nan,nan,nan,nan,nan,nan,nan,nan,nan,nan,-0.1300675422,-0.1834273189,-0.2610683143,4.0111546516,3.0320260525,0.0000000000,nan,nan,nan,nan,nan,nan,nan,nan,nan,nan,nan,nan,nan,nan,nan,nan,nan,nan,nan,nan,nan,0.0400178432,0.5299761295,inf,0.0200502872,inf,inf,inf,0.0399765968,0.0799851418,inf,inf,inf,inf,inf,inf,inf,1583
1779238510.6040940285,-0.0008333384,0.1081948429,0.0904523060,-0.0193100757,0.0747642994,0.0020473950,3.2929999828,nan,nan,-0.1000000015,0.0000000000,-0.0399999991,0.0000000000,nan,nan,nan,nan,nan,nan,nan,nan,nan,nan,nan,nan,-0.1300675422,-0.1834273189,-0.2610683143,4.0111546516,3.0320260525,0.0000000000,nan,nan,nan,nan,nan,nan,nan,nan,nan,nan,nan,nan,nan,nan,nan,nan,nan,nan,nan,nan,nan,0.0000157356,0.5399219990,inf,0.0299961567,inf,inf,inf,0.0499224663,0.0899310112,inf,inf,inf,inf,inf,inf,inf,1583
1779238510.6141250134,-0.0008333384,0.1081948429,0.0904523060,-0.0193100757,0.0747642994,0.0020473950,3.2929999828,nan,nan,-0.1000000015,0.0000000000,-0.0399999991,0.0000000000,nan,nan,nan,nan,nan,nan,nan,nan,nan,nan,nan,nan,-0.1300675422,-0.1834273189,-0.2610683143,4.4655818939,4.2424473763,0.0000000000,nan,nan,nan,nan,nan,nan,nan,nan,nan,nan,nan,nan,nan,nan,nan,nan,nan,nan,nan,nan,nan,0.0100467205,0.5499529839,inf,0.0400271416,inf,inf,inf,0.0599534512,0.0000238419,inf,inf,inf,inf,inf,inf,inf,1583
1779238510.6241016388,-0.0008333384,0.1081948429,0.0904523060,-0.0193100757,0.0747642994,0.0020473950,3.2929999828,nan,nan,-0.1000000015,0.0000000000,-0.0399999991,0.0000000000,nan,nan,nan,nan,nan,nan,nan,nan,nan,nan,nan,nan,-0.1300675422,-0.1834273189,-0.2610683143,4.4655818939,4.2424473763,0.0000000000,nan,nan,nan,nan,nan,nan,nan,nan,nan,nan,nan,nan,nan,nan,nan,nan,nan,nan,nan,nan,nan,0.0200233459,0.5599296093,inf,0.0000147820,inf,inf,inf,0.0699300766,0.0100004673,inf,inf,inf,inf,inf,inf,inf,1583
1779238510.6341245174,-0.0008333384,0.1081948429,0.0904523060,-0.0193100757,0.0747642994,0.0020473950,3.2929999828,nan,nan,-0.1000000015,0.0000000000,-0.0399999991,0.0000000000,nan,nan,nan,nan,nan,nan,nan,nan,nan,nan,nan,nan,-0.1300675422,-0.1834273189,-0.2610683143,4.4655818939,4.2424473763,0.0000000000,nan,nan,nan,nan,nan,nan,nan,nan,nan,nan,nan,nan,nan,nan,nan,nan,nan,nan,nan,nan,nan,0.0300462246,0.5699524879,inf,0.0100376606,inf,inf,inf,0.0799529552,0.0200233459,inf,inf,inf,inf,inf,inf,inf,1583
1779238510.6442193985,-0.0008333384,0.1081948429,0.0904523060,-0.0193100757,0.0747642994,0.0020473950,3.2929999828,nan,nan,-0.1000000015,0.0000000000,-0.0399999991,0.0000000000,nan,nan,nan,nan,nan,nan,nan,nan,nan,nan,nan,nan,-0.1300675422,-0.1834273189,-0.2610683143,4.4655818939,4.2424473763,0.0000000000,nan,nan,nan,nan,nan,nan,nan,nan,nan,nan,nan,nan,nan,nan,nan,nan,nan,nan,nan,nan,nan,0.0401411057,0.5800473690,inf,0.0201325417,inf,inf,inf,0.0900478363,0.0301182270,inf,inf,inf,inf,inf,inf,inf,1583
1779238510.6542365551,0.0047512623,0.1095888168,0.0900133401,-0.0194137648,0.0747374889,-0.0007258287,3.2929999828,nan,nan,-0.1000000015,0.0000000000,-0.0399999991,0.0000000000,nan,nan,nan,nan,nan,nan,nan,nan,nan,nan,nan,nan,-0.1507446766,-0.1899431646,-0.2589007616,4.4655818939,4.2424473763,0.0000000000,nan,nan,nan,nan,nan,nan,nan,nan,nan,nan,nan,nan,nan,nan,nan,nan,nan,nan,nan,nan,nan,0.0000646114,0.5900645256,inf,0.0301496983,inf,inf,inf,0.0000214577,0.0401353836,inf,inf,inf,inf,inf,inf,inf,1583
1779238510.6641681194,0.0047512623,0.1095888168,0.0900133401,-0.0194137648,0.0747374889,-0.0007258287,3.2929999828,nan,nan,-0.1000000015,0.0000000000,-0.0399999991,0.0000000000,nan,nan,nan,nan,nan,nan,nan,nan,nan,nan,nan,nan,-0.1507446766,-0.1899431646,-0.2589007616,4.4655818939,4.2424473763,0.0000000000,nan,nan,nan,nan,nan,nan,nan,nan,nan,nan,nan,nan,nan,nan,nan,nan,nan,nan,nan,nan,nan,0.0099961758,0.5999960899,inf,0.0400812626,inf,inf,inf,0.0099530220,0.0500669479,inf,inf,inf,inf,inf,inf,inf,1583
1779238510.6741831303,0.0047512623,0.1095888168,0.0900133401,-0.0194137648,0.0747374889,-0.0007258287,3.2929999828,nan,nan,-0.1000000015,0.0000000000,-0.0399999991,0.0000000000,nan,nan,nan,nan,nan,nan,nan,nan,nan,nan,nan,nan,-0.1507446766,-0.1899431646,-0.2589007616,4.4655818939,4.2424473763,0.0000000000,nan,nan,nan,nan,nan,nan,nan,nan,nan,nan,nan,nan,nan,nan,nan,nan,nan,nan,nan,nan,nan,0.0200111866,0.6100111008,inf,0.0000259876,inf,inf,inf,0.0199680328,0.0600819588,inf,inf,inf,inf,inf,inf,inf,1583
1779238510.6841306686,0.0047512623,0.1095888168,0.0900133401,-0.0194137648,0.0747374889,-0.0007258287,3.2929999828,nan,nan,-0.1000000015,0.0000000000,-0.0399999991,0.0000000000,nan,nan,nan,nan,nan,nan,nan,nan,nan,nan,nan,nan,-0.1507446766,-0.1899431646,-0.2589007616,4.4655818939,4.2424473763,0.0000000000,nan,nan,nan,nan,nan,nan,nan,nan,nan,nan,nan,nan,nan,nan,nan,nan,nan,nan,nan,nan,nan,0.0299587250,0.6199586391,inf,0.0099735260,inf,inf,inf,0.0299155712,0.0700294971,inf,inf,inf,inf,inf,inf,inf,1583
1779238510.6941328049,0.0047512623,0.1095888168,0.0900133401,-0.0194137648,0.0747374889,-0.0007258287,3.2929999828,nan,nan,-0.1000000015,0.0000000000,-0.0399999991,0.0000000000,nan,nan,nan,nan,nan,nan,nan,nan,nan,nan,nan,nan,-0.1507446766,-0.1899431646,-0.2589007616,4.4655818939,4.2424473763,0.0000000000,nan,nan,nan,nan,nan,nan,nan,nan,nan,nan,nan,nan,nan,nan,nan,nan,nan,nan,nan,nan,nan,0.0399608612,0.6299607754,inf,0.0199756622,inf,inf,inf,0.0399177074,0.0800316334,inf,inf,inf,inf,inf,inf,inf,1583
1779238510.7041277885,0.0120160794,0.1114081740,0.0895875171,-0.0166329670,0.0664309064,-0.0005526875,3.2929999828,nan,nan,-0.1000000015,0.0000000000,-0.0399999991,0.0000000000,nan,nan,nan,nan,nan,nan,nan,nan,nan,nan,nan,nan,-0.1507446766,-0.1899431646,-0.2589007616,4.4655818939,4.2424473763,0.0000000000,nan,nan,nan,nan,nan,nan,nan,nan,nan,nan,nan,nan,nan,nan,nan,nan,nan,nan,nan,nan,nan,0.0000216961,0.6399557590,inf,0.0299706459,inf,inf,inf,0.0499126911,0.0900266171,inf,inf,inf,inf,inf,inf,inf,1583
1779238510.7141458988,0.0120160794,0.1114081740,0.0895875171,-0.0166329670,0.0664309064,-0.0005526875,3.2929999828,nan,nan,-0.1000000015,0.0000000000,-0.0399999991,0.0000000000,nan,nan,nan,nan,nan,nan,nan,nan,nan,nan,nan,nan,-0.1507446766,-0.1899431646,-0.2589007616,4.9491577148,5.4749355316,0.0000000000,nan,nan,nan,nan,nan,nan,nan,nan,nan,nan,nan,nan,nan,nan,nan,nan,nan,nan,nan,nan,nan,0.0100398064,0.6499738693,inf,0.0399887562,inf,inf,inf,0.0599308014,0.0000195503,inf,inf,inf,inf,inf,inf,inf,1583
1779238510.7241866589,0.0120160794,0.1114081740,0.0895875171,-0.0166329670,0.0664309064,-0.0005526875,3.2929999828,nan,nan,-0.1000000015,0.0000000000,-0.0399999991,0.0000000000,nan,nan,nan,nan,nan,nan,nan,nan,nan,nan,nan,nan,-0.1507446766,-0.1899431646,-0.2589007616,4.9491577148,5.4749355316,0.0000000000,nan,nan,nan,nan,nan,nan,nan,nan,nan,nan,nan,nan,nan,nan,nan,nan,nan,nan,nan,nan,nan,0.0200805664,0.6600146294,inf,0.0000238419,inf,inf,inf,0.0699715614,0.0100603104,inf,inf,inf,inf,inf,inf,inf,1583
1779238510.7341678143,0.0120160794,0.1114081740,0.0895875171,-0.0166329670,0.0664309064,-0.0005526875,3.2929999828,nan,nan,-0.1000000015,0.0000000000,-0.0399999991,0.0000000000,nan,nan,nan,nan,nan,nan,nan,nan,nan,nan,nan,nan,-0.1507446766,-0.1899431646,-0.2589007616,4.9491577148,5.4749355316,0.0000000000,nan,nan,nan,nan,nan,nan,nan,nan,nan,nan,nan,nan,nan,nan,nan,nan,nan,nan,nan,nan,nan,0.0300617218,0.6699957848,inf,0.0100049973,inf,inf,inf,0.0799527168,0.0200414658,inf,inf,inf,inf,inf,inf,inf,1583
1779238510.7441511154,0.0120160794,0.1114081740,0.0895875171,-0.0166329670,0.0664309064,-0.0005526875,3.2929999828,nan,nan,-0.1000000015,0.0000000000,-0.0399999991,0.0000000000,nan,nan,nan,nan,nan,nan,nan,nan,nan,nan,nan,nan,-0.1507446766,-0.1899431646,-0.2589007616,4.9491577148,5.4749355316,0.0000000000,nan,nan,nan,nan,nan,nan,nan,nan,nan,nan,nan,nan,nan,nan,nan,nan,nan,nan,nan,nan,nan,0.0400450230,0.6799790859,inf,0.0199882984,inf,inf,inf,0.0899360180,0.0300247669,inf,inf,inf,inf,inf,inf,inf,1583
1779238510.7541732788,0.0206918977,0.1135449186,0.0894439518,0.0027683374,0.0276762704,0.0000383111,3.2929999828,nan,nan,-0.1000000015,0.0000000000,-0.0399999991,0.0000000000,nan,nan,nan,nan,nan,nan,nan,nan,nan,nan,nan,nan,-0.1800788492,-0.1991635561,-0.2584816515,4.9491577148,5.4749355316,0.0000000000,nan,nan,nan,nan,nan,nan,nan,nan,nan,nan,nan,nan,nan,nan,nan,nan,nan,nan,nan,nan,nan,0.0000431538,0.6900012493,inf,0.0300104618,inf,inf,inf,0.0000150204,0.0400469303,inf,inf,inf,inf,inf,inf,inf,1583
1779238510.7641334534,0.0206918977,0.1135449186,0.0894439518,0.0027683374,0.0276762704,0.0000383111,3.2929999828,nan,nan,-0.1000000015,0.0000000000,-0.0399999991,0.0000000000,nan,nan,nan,nan,nan,nan,nan,nan,nan,nan,nan,nan,-0.1800788492,-0.1991635561,-0.2584816515,4.9491577148,5.4749355316,0.0000000000,nan,nan,nan,nan,nan,nan,nan,nan,nan,nan,nan,nan,nan,nan,nan,nan,nan,nan,nan,nan,nan,0.0100033283,0.6999614239,inf,0.0399706364,inf,inf,inf,0.0099751949,0.0500071049,inf,inf,inf,inf,inf,inf,inf,1583
1779238510.7741641998,0.0206918977,0.1135449186,0.0894439518,0.0027683374,0.0276762704,0.0000383111,3.2929999828,nan,nan,-0.1000000015,0.0000000000,-0.0399999991,0.0000000000,nan,nan,nan,nan,nan,nan,nan,nan,nan,nan,nan,nan,-0.1800788492,-0.1991635561,-0.2584816515,4.9491577148,5.4749355316,0.0000000000,nan,nan,nan,nan,nan,nan,nan,nan,nan,nan,nan,nan,nan,nan,nan,nan,nan,nan,nan,nan,nan,0.0200340748,0.7099921703,inf,0.0000219345,inf,inf,inf,0.0200059414,0.0600378513,inf,inf,inf,inf,inf,inf,inf,1583
1779238510.7841455936,0.0206918977,0.1135449186,0.0894439518,0.0027683374,0.0276762704,0.0000383111,3.2929999828,nan,nan,-0.1000000015,0.0000000000,-0.0399999991,0.0000000000,nan,nan,nan,nan,nan,nan,nan,nan,nan,nan,nan,nan,-0.1800788492,-0.1991635561,-0.2584816515,4.9491577148,5.4749355316,0.0000000000,nan,nan,nan,nan,nan,nan,nan,nan,nan,nan,nan,nan,nan,nan,nan,nan,nan,nan,nan,nan,nan,0.0300154686,0.7199735641,inf,0.0100033283,inf,inf,inf,0.0299873352,0.0700192451,inf,inf,inf,inf,inf,inf,inf,1583
1779238510.7941591740,0.0206918977,0.1135449186,0.0894439518,0.0027683374,0.0276762704,0.0000383111,3.2929999828,nan,nan,-0.1000000015,0.0000000000,-0.0399999991,0.0000000000,nan,nan,nan,nan,nan,nan,nan,nan,nan,nan,nan,nan,-0.1800788492,-0.1991635561,-0.2584816515,4.9491577148,5.4749355316,0.0000000000,nan,nan,nan,nan,nan,nan,nan,nan,nan,nan,nan,nan,nan,nan,nan,nan,nan,nan,nan,nan,nan,0.0400290489,0.7299871445,inf,0.0200169086,inf,inf,inf,0.0400009155,0.0800328255,inf,inf,inf,inf,inf,inf,inf,1583
1779238510.8041272163,0.0299342703,0.1156142280,0.0892350152,0.0110702531,-0.0027674997,-0.0000153186,3.2929999828,nan,nan,-0.1000000015,0.0000000000,-0.0399999991,0.0000000000,nan,nan,nan,nan,nan,nan,nan,nan,nan,nan,nan,nan,-0.1800788492,-0.1991635561,-0.2584816515,4.9491577148,5.4749355316,0.0000000000,nan,nan,nan,nan,nan,nan,nan,nan,nan,nan,nan,nan,nan,nan,nan,nan,nan,nan,nan,nan,nan,0.0000276566,0.7399551868,inf,0.0299849510,inf,inf,inf,0.0499689579,0.0900008678,inf,inf,inf,inf,inf,inf,inf,1583
1779238510.8141331673,0.0299342703,0.1156142280,0.0892350152,0.0110702531,-0.0027674997,-0.0000153186,3.2929999828,nan,nan,-0.1000000015,0.0000000000,-0.0399999991,0.0000000000,nan,nan,nan,nan,nan,nan,nan,nan,nan,nan,nan,nan,-0.1800788492,-0.1991635561,-0.2584816515,4.6396894455,5.2554769516,0.0000000000,nan,nan,nan,nan,nan,nan,nan,nan,nan,nan,nan,nan,nan,nan,nan,nan,nan,nan,nan,nan,nan,0.0100336075,0.7499611378,inf,0.0399909019,inf,inf,inf,0.0599749088,0.0000250340,inf,inf,inf,inf,inf,inf,inf,1583
1779238510.8241209984,0.0299342703,0.1156142280,0.0892350152,0.0110702531,-0.0027674997,-0.0000153186,3.2929999828,nan,nan,-0.1000000015,0.0000000000,-0.0399999991,0.0000000000,nan,nan,nan,nan,nan,nan,nan,nan,nan,nan,nan,nan,-0.1800788492,-0.1991635561,-0.2584816515,4.6396894455,5.2554769516,0.0000000000,nan,nan,nan,nan,nan,nan,nan,nan,nan,nan,nan,nan,nan,nan,nan,nan,nan,nan,nan,nan,nan,0.0200214386,0.7599489689,inf,0.0000212193,inf,inf,inf,0.0699627399,0.0100128651,inf,inf,inf,inf,inf,inf,inf,1583
1779238510.8341650963,0.0299342703,0.1156142280,0.0892350152,0.0110702531,-0.0027674997,-0.0000153186,3.2929999828,nan,nan,-0.1000000015,0.0000000000,-0.0399999991,0.0000000000,nan,nan,nan,nan,nan,nan,nan,nan,nan,nan,nan,nan,-0.1800788492,-0.1991635561,-0.2584816515,4.6396894455,5.2554769516,0.0000000000,nan,nan,nan,nan,nan,nan,nan,nan,nan,nan,nan,nan,nan,nan,nan,nan,nan,nan,nan,nan,nan,0.0300655365,0.7699930668,inf,0.0100653172,inf,inf,inf,0.0800068378,0.0200569630,inf,inf,inf,inf,inf,inf,inf,1583
1779238510.8441059589,0.0299342703,0.1156142280,0.0892350152,0.0110702531,-0.0027674997,-0.0000153186,3.2929999828,nan,nan,-0.1000000015,0.0000000000,-0.0399999991,0.0000000000,nan,nan,nan,nan,nan,nan,nan,nan,nan,nan,nan,nan,-0.1800788492,-0.1991635561,-0.2584816515,4.6396894455,5.2554769516,0.0000000000,nan,nan,nan,nan,nan,nan,nan,nan,nan,nan,nan,nan,nan,nan,nan,nan,nan,nan,nan,nan,nan,0.0400063992,0.7799339294,inf,0.0200061798,inf,inf,inf,0.0899477005,0.0299978256,inf,inf,inf,inf,inf,inf,inf,1583
1779238510.8541536331,0.0389913656,0.1173553020,0.0885734707,0.0110705078,-0.0083025203,-0.0000459573,3.2929999828,nan,nan,-0.1000000015,0.0000000000,-0.0399999991,0.0000000000,nan,nan,nan,nan,nan,nan,nan,nan,nan,nan,nan,nan,-0.2058205903,-0.2042561918,-0.2554639876,4.6396894455,5.2554769516,0.0000000000,nan,nan,nan,nan,nan,nan,nan,nan,nan,nan,nan,nan,nan,nan,nan,nan,nan,nan,nan,nan,nan,0.0000581741,0.7899816036,inf,0.0300538540,inf,inf,inf,0.0000171661,0.0400454998,inf,inf,inf,inf,inf,inf,inf,1583
1779238510.8641080856,0.0389913656,0.1173553020,0.0885734707,0.0110705078,-0.0083025203,-0.0000459573,3.2929999828,nan,nan,-0.1000000015,0.0000000000,-0.0399999991,0.0000000000,nan,nan,nan,nan,nan,nan,nan,nan,nan,nan,nan,nan,-0.2058205903,-0.2042561918,-0.2554639876,4.6396894455,5.2554769516,0.0000000000,nan,nan,nan,nan,nan,nan,nan,nan,nan,nan,nan,nan,nan,nan,nan,nan,nan,nan,nan,nan,nan,0.0100126266,0.7999360561,inf,0.0400083065,inf,inf,inf,0.0099716187,0.0499999523,inf,inf,inf,inf,inf,inf,inf,1583
1779238510.8741354942,0.0389913656,0.1173553020,0.0885734707,0.0110705078,-0.0083025203,-0.0000459573,3.2929999828,nan,nan,-0.1000000015,0.0000000000,-0.0399999991,0.0000000000,nan,nan,nan,nan,nan,nan,nan,nan,nan,nan,nan,nan,-0.2058205903,-0.2042561918,-0.2554639876,4.6396894455,5.2554769516,0.0000000000,nan,nan,nan,nan,nan,nan,nan,nan,nan,nan,nan,nan,nan,nan,nan,nan,nan,nan,nan,nan,nan,0.0200400352,0.8099634647,inf,0.0000271797,inf,inf,inf,0.0199990273,0.0600273609,inf,inf,inf,inf,inf,inf,inf,1583
1779238510.8841443062,0.0389913656,0.1173553020,0.0885734707,0.0110705078,-0.0083025203,-0.0000459573,3.2929999828,nan,nan,-0.1000000015,0.0000000000,-0.0399999991,0.0000000000,nan,nan,nan,nan,nan,nan,nan,nan,nan,nan,nan,nan,-0.2058205903,-0.2042561918,-0.2554639876,4.6396894455,5.2554769516,0.0000000000,nan,nan,nan,nan,nan,nan,nan,nan,nan,nan,nan,nan,nan,nan,nan,nan,nan,nan,nan,nan,nan,0.0300488472,0.8199722767,inf,0.0100359917,inf,inf,inf,0.0300078392,0.0700361729,inf,inf,inf,inf,inf,inf,inf,1583
1779238510.8941261768,0.0389913656,0.1173553020,0.0885734707,0.0110705078,-0.0083025203,-0.0000459573,3.2929999828,nan,nan,-0.1000000015,0.0000000000,-0.0399999991,0.0000000000,nan,nan,nan,nan,nan,nan,nan,nan,nan,nan,nan,nan,-0.2058205903,-0.2042561918,-0.2554639876,4.6396894455,5.2554769516,0.0000000000,nan,nan,nan,nan,nan,nan,nan,nan,nan,nan,nan,nan,nan,nan,nan,nan,nan,nan,nan,nan,nan,0.0400307178,0.8299541473,inf,0.0200178623,inf,inf,inf,0.0399897099,0.0800180435,inf,inf,inf,inf,inf,inf,inf,1583
1779238510.9040801525,0.0476732776,0.1187280938,0.0877624452,0.0138456212,-0.0055158032,-0.0028058045,3.2929999828,nan,nan,-0.1000000015,0.0000000000,-0.0399999991,0.0000000000,nan,nan,nan,nan,nan,nan,nan,nan,nan,nan,nan,nan,-0.2058205903,-0.2042561918,-0.2554639876,4.6396894455,5.2554769516,0.0000000000,nan,nan,nan,nan,nan,nan,nan,nan,nan,nan,nan,nan,nan,nan,nan,nan,nan,nan,nan,nan,nan,0.0000100136,0.8399081230,inf,0.0299718380,inf,inf,inf,0.0499436855,0.0899720192,inf,inf,inf,inf,inf,inf,inf,1583
1779238510.9140896797,0.0476732776,0.1187280938,0.0877624452,0.0138456212,-0.0055158032,-0.0028058045,3.2929999828,nan,nan,-0.1000000015,0.0000000000,-0.0399999991,0.0000000000,nan,nan,nan,nan,nan,nan,nan,nan,nan,nan,nan,nan,-0.2058205903,-0.2042561918,-0.2554639876,4.4160990715,5.2509264946,0.0000000000,nan,nan,nan,nan,nan,nan,nan,nan,nan,nan,nan,nan,nan,nan,nan,nan,nan,nan,nan,nan,nan,0.0100195408,0.8499176502,inf,0.0399813652,inf,inf,inf,0.0599532127,0.0000085831,inf,inf,inf,inf,inf,inf,inf,1583
1779238510.9240627289,0.0476732776,0.1187280938,0.0877624452,0.0138456212,-0.0055158032,-0.0028058045,3.2929999828,nan,nan,-0.1000000015,0.0000000000,-0.0399999991,0.0000000000,nan,nan,nan,nan,nan,nan,nan,nan,nan,nan,nan,nan,-0.2058205903,-0.2042561918,-0.2554639876,4.4160990715,5.2509264946,0.0000000000,nan,nan,nan,nan,nan,nan,nan,nan,nan,nan,nan,nan,nan,nan,nan,nan,nan,nan,nan,nan,nan,0.0199925900,0.8598906994,inf,0.0000097752,inf,inf,inf,0.0699262619,0.0099816322,inf,inf,inf,inf,inf,inf,inf,1583
1779238510.9340779781,0.0476732776,0.1187280938,0.0877624452,0.0138456212,-0.0055158032,-0.0028058045,3.2929999828,nan,nan,-0.1000000015,0.0000000000,-0.0399999991,0.0000000000,nan,nan,nan,nan,nan,nan,nan,nan,nan,nan,nan,nan,-0.2058205903,-0.2042561918,-0.2554639876,4.4160990715,5.2509264946,0.0000000000,nan,nan,nan,nan,nan,nan,nan,nan,nan,nan,nan,nan,nan,nan,nan,nan,nan,nan,nan,nan,nan,0.0300078392,0.8699059486,inf,0.0100250244,inf,inf,inf,0.0799415112,0.0199968815,inf,inf,inf,inf,inf,inf,inf,1583
1779238510.9440708160,0.0476732776,0.1187280938,0.0877624452,0.0138456212,-0.0055158032,-0.0028058045,3.2929999828,nan,nan,-0.1000000015,0.0000000000,-0.0399999991,0.0000000000,nan,nan,nan,nan,nan,nan,nan,nan,nan,nan,nan,nan,-0.2058205903,-0.2042561918,-0.2554639876,4.4160990715,5.2509264946,0.0000000000,nan,nan,nan,nan,nan,nan,nan,nan,nan,nan,nan,nan,nan,nan,nan,nan,nan,nan,nan,nan,nan,0.0400006771,0.8798987865,inf,0.0200178623,inf,inf,inf,0.0899343491,0.0299897194,inf,inf,inf,inf,inf,inf,inf,1583
1779238510.9540812969,0.0559918582,0.1196967959,0.0869881436,0.0166448611,-0.0137913265,-0.0056501946,3.2929999828,nan,nan,-0.1000000015,0.0000000000,-0.0399999991,0.0000000000,nan,nan,nan,nan,nan,nan,nan,nan,nan,nan,nan,nan,-0.2239011824,-0.2080757618,-0.2519597113,4.4160990715,5.2509264946,0.0000000000,nan,nan,nan,nan,nan,nan,nan,nan,nan,nan,nan,nan,nan,nan,nan,nan,nan,nan,nan,nan,nan,0.0000236034,0.8899092674,inf,0.0300283432,inf,inf,inf,0.0000076294,0.0400002003,inf,inf,inf,inf,inf,inf,inf,1583
1779238510.9641027451,0.0559918582,0.1196967959,0.0869881436,0.0166448611,-0.0137913265,-0.0056501946,3.2929999828,nan,nan,-0.1000000015,0.0000000000,-0.0399999991,0.0000000000,nan,nan,nan,nan,nan,nan,nan,nan,nan,nan,nan,nan,-0.2239011824,-0.2080757618,-0.2519597113,4.4160990715,5.2509264946,0.0000000000,nan,nan,nan,nan,nan,nan,nan,nan,nan,nan,nan,nan,nan,nan,nan,nan,nan,nan,nan,nan,nan,0.0100450516,0.8999307156,inf,0.0400497913,inf,inf,inf,0.0100290775,0.0500216484,inf,inf,inf,inf,inf,inf,inf,1583
1779238510.9740605354,0.0559918582,0.1196967959,0.0869881436,0.0166448611,-0.0137913265,-0.0056501946,3.2929999828,nan,nan,-0.1000000015,0.0000000000,-0.0399999991,0.0000000000,nan,nan,nan,nan,nan,nan,nan,nan,nan,nan,nan,nan,-0.2239011824,-0.2080757618,-0.2519597113,4.4160990715,5.2509264946,0.0000000000,nan,nan,nan,nan,nan,nan,nan,nan,nan,nan,nan,nan,nan,nan,nan,nan,nan,nan,nan,nan,nan,0.0200028419,0.9098885059,inf,0.0000092983,inf,inf,inf,0.0199868679,0.0599794388,inf,inf,inf,inf,inf,inf,inf,1583
1779238510.9840812683,0.0559918582,0.1196967959,0.0869881436,0.0166448611,-0.0137913265,-0.0056501946,3.2929999828,nan,nan,-0.1000000015,0.0000000000,-0.0399999991,0.0000000000,nan,nan,nan,nan,nan,nan,nan,nan,nan,nan,nan,nan,-0.2239011824,-0.2080757618,-0.2519597113,4.4160990715,5.2509264946,0.0000000000,nan,nan,nan,nan,nan,nan,nan,nan,nan,nan,nan,nan,nan,nan,nan,nan,nan,nan,nan,nan,nan,0.0300235748,0.9199092388,inf,0.0100300312,inf,inf,inf,0.0300076008,0.0700001717,inf,inf,inf,inf,inf,inf,inf,1583
1779238510.9940788746,0.0559918582,0.1196967959,0.0869881436,0.0166448611,-0.0137913265,-0.0056501946,3.2929999828,nan,nan,-0.1000000015,0.0000000000,-0.0399999991,0.0000000000,nan,nan,nan,nan,nan,nan,nan,nan,nan,nan,nan,nan,-0.2239011824,-0.2080757618,-0.2519597113,4.4160990715,5.2509264946,0.0000000000,nan,nan,nan,nan,nan,nan,nan,nan,nan,nan,nan,nan,nan,nan,nan,nan,nan,nan,nan,nan,nan,0.0400211811,0.9299068451,inf,0.0200276375,inf,inf,inf,0.0400052071,0.0799977779,inf,inf,inf,inf,inf,inf,inf,1583
1779238511.0040395260,0.0639294535,0.1201909706,0.0861566663,0.0194684039,-0.0220591103,-0.0085182891,3.2929999828,nan,nan,-0.1000000015,0.0000000000,-0.0399999991,0.0000000000,nan,nan,nan,nan,nan,nan,nan,nan,nan,nan,nan,nan,-0.2239011824,-0.2080757618,-0.2519597113,4.4160990715,5.2509264946,0.0000000000,nan,nan,nan,nan,nan,nan,nan,nan,nan,nan,nan,nan,nan,nan,nan,nan,nan,nan,nan,nan,nan,0.0000076294,0.9398674965,inf,0.0299882889,inf,inf,inf,0.0499658585,0.0899584293,inf,inf,inf,inf,inf,inf,inf,1583
1779238511.0140497684,0.0639294535,0.1201909706,0.0861566663,0.0194684039,-0.0220591103,-0.0085182891,3.2929999828,nan,nan,-0.1000000015,0.0000000000,-0.0399999991,0.0000000000,nan,nan,nan,nan,nan,nan,nan,nan,nan,nan,nan,nan,-0.2239011824,-0.2080757618,-0.2519597113,3.9510109425,4.9956645966,0.0000000000,nan,nan,nan,nan,nan,nan,nan,nan,nan,nan,nan,nan,nan,nan,nan,nan,nan,nan,nan,nan,nan,0.0100178719,0.9498777390,inf,0.0399985313,inf,inf,inf,0.0599761009,0.0000095367,inf,inf,inf,inf,inf,inf,inf,1583
1779238511.0241081715,0.0639294535,0.1201909706,0.0861566663,0.0194684039,-0.0220591103,-0.0085182891,3.2929999828,nan,nan,-0.1000000015,0.0000000000,0.1599999964,0.0000000000,nan,nan,nan,nan,nan,nan,nan,nan,nan,nan,nan,nan,-0.2239011824,-0.2080757618,-0.2519597113,3.9510109425,4.9956645966,0.0000000000,nan,nan,nan,nan,nan,nan,nan,nan,nan,nan,nan,nan,nan,nan,nan,nan,nan,nan,nan,nan,nan,0.0200762749,0.9599361420,inf,0.0000121593,inf,inf,inf,0.0700345039,0.0100679398,inf,inf,inf,inf,inf,inf,inf,1583
1779238511.0341172218,0.0639294535,0.1201909706,0.0861566663,0.0194684039,-0.0220591103,-0.0085182891,3.2929999828,nan,nan,-0.1000000015,0.0000000000,0.1599999964,0.0000000000,nan,nan,nan,nan,nan,nan,nan,nan,nan,nan,nan,nan,-0.2239011824,-0.2080757618,-0.2519597113,3.9510109425,4.9956645966,0.0000000000,nan,nan,nan,nan,nan,nan,nan,nan,nan,nan,nan,nan,nan,nan,nan,nan,nan,nan,nan,nan,nan,0.0300853252,0.9699451923,inf,0.0100212097,inf,inf,inf,0.0800435543,0.0200769901,inf,inf,inf,inf,inf,inf,inf,1583
1779238511.0441243649,0.0639294535,0.1201909706,0.0861566663,0.0194684039,-0.0220591103,-0.0085182891,3.2929999828,nan,nan,-0.1000000015,0.0000000000,0.1599999964,0.0000000000,nan,nan,nan,nan,nan,nan,nan,nan,nan,nan,nan,nan,-0.2239011824,-0.2080757618,-0.2519597113,3.9510109425,4.9956645966,0.0000000000,nan,nan,nan,nan,nan,nan,nan,nan,nan,nan,nan,nan,nan,nan,nan,nan,nan,nan,nan,nan,nan,0.0400924683,0.9799523354,inf,0.0200283527,inf,inf,inf,0.0900506973,0.0300841331,inf,inf,inf,inf,inf,inf,inf,1583
1779238511.0541303158,-0.0109407660,0.1050109342,0.0929933265,0.0222618572,-0.0275824140,-0.0086110012,3.2929999828,nan,nan,-0.1000000015,0.0000000000,0.1599999964,0.0000000000,nan,nan,nan,nan,nan,nan,nan,nan,nan,nan,nan,nan,-0.2410859615,-0.2067121416,0.1528198123,3.9510109425,4.9956645966,0.0000000000,nan,nan,nan,nan,nan,nan,nan,nan,nan,nan,nan,nan,nan,nan,nan,nan,nan,nan,nan,nan,nan,0.0000467300,0.9899582863,inf,0.0300343037,inf,inf,inf,0.0000202656,0.0400900841,inf,inf,inf,inf,inf,inf,inf,1583
1779238511.0641644001,-0.0109407660,0.1050109342,0.0929933265,0.0222618572,-0.0275824140,-0.0086110012,2.5120000839,nan,nan,-0.1000000015,0.0000000000,0.1599999964,0.0000000000,nan,nan,nan,nan,nan,nan,nan,nan,nan,nan,nan,nan,-0.2410859615,-0.2067121416,0.1528198123,3.9510109425,4.9956645966,0.0000000000,nan,nan,nan,nan,nan,nan,nan,nan,nan,nan,nan,nan,nan,nan,nan,nan,nan,nan,nan,nan,nan,0.0100808144,0.0000185966,inf,0.0400683880,inf,inf,inf,0.0100543499,0.0501241684,inf,inf,inf,inf,inf,inf,inf,1583
1779238511.0741558075,-0.0109407660,0.1050109342,0.0929933265,0.0222618572,-0.0275824140,-0.0086110012,2.5120000839,nan,nan,-0.1000000015,0.0000000000,0.1599999964,0.0000000000,nan,nan,nan,nan,nan,nan,nan,nan,nan,nan,nan,nan,-0.2410859615,-0.2067121416,0.1528198123,3.9510109425,4.9956645966,0.0000000000,nan,nan,nan,nan,nan,nan,nan,nan,nan,nan,nan,nan,nan,nan,nan,nan,nan,nan,nan,nan,nan,0.0200722218,0.0100100040,inf,0.0000202656,inf,inf,inf,0.0200457573,0.0601155758,inf,inf,inf,inf,inf,inf,inf,1583
1779238511.0841312408,-0.0109407660,0.1050109342,0.0929933265,0.0222618572,-0.0275824140,-0.0086110012,2.5120000839,nan,nan,-0.1000000015,0.0000000000,0.1599999964,0.0000000000,nan,nan,nan,nan,nan,nan,nan,nan,nan,nan,nan,nan,-0.2410859615,-0.2067121416,0.1528198123,3.9510109425,4.9956645966,0.0000000000,nan,nan,nan,nan,nan,nan,nan,nan,nan,nan,nan,nan,nan,nan,nan,nan,nan,nan,nan,nan,nan,0.0300476551,0.0199854374,inf,0.0099956989,inf,inf,inf,0.0300211906,0.0700910091,inf,inf,inf,inf,inf,inf,inf,1583
1779238511.0941374302,-0.0109407660,0.1050109342,0.0929933265,0.0222618572,-0.0275824140,-0.0086110012,2.5120000839,nan,nan,-0.1000000015,0.0000000000,0.1599999964,0.0000000000,nan,nan,nan,nan,nan,nan,nan,nan,nan,nan,nan,nan,-0.2410859615,-0.2067121416,0.1528198123,3.9510109425,4.9956645966,0.0000000000,nan,nan,nan,nan,nan,nan,nan,nan,nan,nan,nan,nan,nan,nan,nan,nan,nan,nan,nan,nan,nan,0.0400538445,0.0299916267,inf,0.0200018883,inf,inf,inf,0.0400273800,0.0800971985,inf,inf,inf,inf,inf,inf,inf,1583
1779238511.1040802002,-0.0138062937,0.1026397943,0.0924977362,0.0194934028,-0.0275943049,-0.0085728109,2.5120000839,nan,nan,-0.1000000015,0.0000000000,0.1599999964,0.0000000000,nan,nan,nan,nan,nan,nan,nan,nan,nan,nan,nan,nan,-0.2410859615,-0.2067121416,0.1528198123,3.9510109425,4.9956645966,0.0000000000,nan,nan,nan,nan,nan,nan,nan,nan,nan,nan,nan,nan,nan,nan,nan,nan,nan,nan,nan,nan,nan,0.0000123978,0.0399343967,inf,0.0299446583,inf,inf,inf,0.0499701500,0.0900399685,inf,inf,inf,inf,inf,inf,inf,1583
1779238511.1140944958,-0.0138062937,0.1026397943,0.0924977362,0.0194934028,-0.0275943049,-0.0085728109,2.5120000839,nan,nan,-0.1000000015,0.0000000000,0.1599999964,0.0000000000,nan,nan,nan,nan,nan,nan,nan,nan,nan,nan,nan,nan,-0.2410859615,-0.2067121416,0.1528198123,2.1163473129,0.7563763857,0.0000000000,nan,nan,nan,nan,nan,nan,nan,nan,nan,nan,nan,nan,nan,nan,nan,nan,nan,nan,nan,nan,nan,0.0100266933,0.0499486923,inf,0.0399589539,inf,inf,inf,0.0599844456,0.0000126362,inf,inf,inf,inf,inf,inf,inf,1583
1779238511.1240777969,-0.0138062937,0.1026397943,0.0924977362,0.0194934028,-0.0275943049,-0.0085728109,2.5120000839,nan,nan,-0.1000000015,0.0000000000,0.1599999964,0.0000000000,nan,nan,nan,nan,nan,nan,nan,nan,nan,nan,nan,nan,-0.2410859615,-0.2067121416,0.1528198123,2.1163473129,0.7563763857,0.0000000000,nan,nan,nan,nan,nan,nan,nan,nan,nan,nan,nan,nan,nan,nan,nan,nan,nan,nan,nan,nan,nan,0.0200099945,0.0599319935,inf,0.0000100136,inf,inf,inf,0.0699677467,0.0099959373,inf,inf,inf,inf,inf,inf,inf,1583
1779238511.1341583729,-0.0138062937,0.1026397943,0.0924977362,0.0194934028,-0.0275943049,-0.0085728109,2.5120000839,nan,nan,-0.1000000015,0.0000000000,0.1599999964,0.0000000000,nan,nan,nan,nan,nan,nan,nan,nan,nan,nan,nan,nan,-0.2410859615,-0.2067121416,0.1528198123,2.1163473129,0.7563763857,0.0000000000,nan,nan,nan,nan,nan,nan,nan,nan,nan,nan,nan,nan,nan,nan,nan,nan,nan,nan,nan,nan,nan,0.0300905704,0.0700125694,inf,0.0100905895,inf,inf,inf,0.0800483227,0.0200765133,inf,inf,inf,inf,inf,inf,inf,1583
1779238511.1441428661,-0.0138062937,0.1026397943,0.0924977362,0.0194934028,-0.0275943049,-0.0085728109,2.5120000839,nan,nan,-0.1000000015,0.0000000000,0.1599999964,0.0000000000,nan,nan,nan,nan,nan,nan,nan,nan,nan,nan,nan,nan,-0.2410859615,-0.2067121416,0.1528198123,2.1163473129,0.7563763857,0.0000000000,nan,nan,nan,nan,nan,nan,nan,nan,nan,nan,nan,nan,nan,nan,nan,nan,nan,nan,nan,nan,nan,0.0400750637,0.0799970627,inf,0.0200750828,inf,inf,inf,0.0900328159,0.0300610065,inf,inf,inf,inf,inf,inf,inf,1583
1779238511.1542034149,-0.0178745985,0.0996106640,0.0917338505,0.0193620875,0.0083290583,-0.0026870589,2.5120000839,nan,nan,-0.1000000015,0.0000000000,0.1599999964,0.0000000000,nan,nan,nan,nan,nan,nan,nan,nan,nan,nan,nan,nan,-0.0950171724,-0.1615621001,0.1384087950,2.1163473129,0.7563763857,0.0000000000,nan,nan,nan,nan,nan,nan,nan,nan,nan,nan,nan,nan,nan,nan,nan,nan,nan,nan,nan,nan,nan,0.0000517368,0.0900576115,inf,0.0301356316,inf,inf,inf,0.0000169277,0.0401215553,inf,inf,inf,inf,inf,inf,inf,1583
1779238511.1641461849,-0.0178745985,0.0996106640,0.0917338505,0.0193620875,0.0083290583,-0.0026870589,2.5120000839,nan,nan,-0.1000000015,0.0000000000,0.1599999964,0.0000000000,nan,nan,nan,nan,nan,nan,nan,nan,nan,nan,nan,nan,-0.0950171724,-0.1615621001,0.1384087950,2.1163473129,0.7563763857,0.0000000000,nan,nan,nan,nan,nan,nan,nan,nan,nan,nan,nan,nan,nan,nan,nan,nan,nan,nan,nan,nan,nan,0.0099945068,0.1000003815,inf,0.0400784016,inf,inf,inf,0.0099596977,0.0500643253,inf,inf,inf,inf,inf,inf,inf,1583
1779238511.1741480827,-0.0178745985,0.0996106640,0.0917338505,0.0193620875,0.0083290583,-0.0026870589,2.5120000839,nan,nan,-0.1000000015,0.0000000000,0.3600000143,0.0000000000,nan,nan,nan,nan,nan,nan,nan,nan,nan,nan,nan,nan,-0.0950171724,-0.1615621001,0.1384087950,2.1163473129,0.7563763857,0.0000000000,nan,nan,nan,nan,nan,nan,nan,nan,nan,nan,nan,nan,nan,nan,nan,nan,nan,nan,nan,nan,nan,0.0199964046,0.1100022793,inf,0.0000185966,inf,inf,inf,0.0199615955,0.0600662231,inf,inf,inf,inf,inf,inf,inf,1583
1779238511.1841521263,-0.0178745985,0.0996106640,0.0917338505,0.0193620875,0.0083290583,-0.0026870589,2.5120000839,nan,nan,-0.1000000015,0.0000000000,0.3600000143,0.0000000000,nan,nan,nan,nan,nan,nan,nan,nan,nan,nan,nan,nan,-0.0950171724,-0.1615621001,0.1384087950,2.1163473129,0.7563763857,0.0000000000,nan,nan,nan,nan,nan,nan,nan,nan,nan,nan,nan,nan,nan,nan,nan,nan,nan,nan,nan,nan,nan,0.0300004482,0.1200063229,inf,0.0100226402,inf,inf,inf,0.0299656391,0.0700702667,inf,inf,inf,inf,inf,inf,inf,1583
1779238511.1941463947,-0.0178745985,0.0996106640,0.0917338505,0.0193620875,0.0083290583,-0.0026870589,2.5120000839,nan,nan,-0.1000000015,0.0000000000,0.3600000143,0.0000000000,nan,nan,nan,nan,nan,nan,nan,nan,nan,nan,nan,nan,-0.0950171724,-0.1615621001,0.1384087950,2.1163473129,0.7563763857,0.0000000000,nan,nan,nan,nan,nan,nan,nan,nan,nan,nan,nan,nan,nan,nan,nan,nan,nan,nan,nan,nan,nan,0.0399947166,0.1300005913,inf,0.0200169086,inf,inf,inf,0.0399599075,0.0800645351,inf,inf,inf,inf,inf,inf,inf,1583
1779238511.2041497231,-0.0224405229,0.0959550589,0.0909237936,0.0164742414,0.0332795596,-0.0080299191,2.5120000839,nan,nan,-0.1000000015,0.0000000000,0.3600000143,0.0000000000,nan,nan,nan,nan,nan,nan,nan,nan,nan,nan,nan,nan,-0.0950171724,-0.1615621001,0.1384087950,2.1163473129,0.7563763857,0.0000000000,nan,nan,nan,nan,nan,nan,nan,nan,nan,nan,nan,nan,nan,nan,nan,nan,nan,nan,nan,nan,nan,0.0000197887,0.1400039196,inf,0.0300202370,inf,inf,inf,0.0499632359,0.0900678635,inf,inf,inf,inf,inf,inf,inf,1583
1779238511.2141621113,-0.0224405229,0.0959550589,0.0909237936,0.0164742414,0.0332795596,-0.0080299191,2.5120000839,nan,nan,-0.1000000015,0.0000000000,0.3600000143,0.0000000000,nan,nan,nan,nan,nan,nan,nan,nan,nan,nan,nan,nan,-0.0950171724,-0.1615621001,0.1384087950,1.0794793367,-0.0392678455,0.0000000000,nan,nan,nan,nan,nan,nan,nan,nan,nan,nan,nan,nan,nan,nan,nan,nan,nan,nan,nan,nan,nan,0.0100321770,0.1500163078,inf,0.0400326252,inf,inf,inf,0.0599756241,0.0000197887,inf,inf,inf,inf,inf,inf,inf,1583
1779238511.2241666317,-0.0224405229,0.0959550589,0.0909237936,0.0164742414,0.0332795596,-0.0080299191,2.5120000839,nan,nan,-0.1000000015,0.0000000000,0.3600000143,0.0000000000,nan,nan,nan,nan,nan,nan,nan,nan,nan,nan,nan,nan,-0.0950171724,-0.1615621001,0.1384087950,1.0794793367,-0.0392678455,0.0000000000,nan,nan,nan,nan,nan,nan,nan,nan,nan,nan,nan,nan,nan,nan,nan,nan,nan,nan,nan,nan,nan,0.0200366974,0.1600208282,inf,0.0000183582,inf,inf,inf,0.0699801445,0.0100243092,inf,inf,inf,inf,inf,inf,inf,1583
1779238511.2341480255,-0.0224405229,0.0959550589,0.0909237936,0.0164742414,0.0332795596,-0.0080299191,2.5120000839,nan,nan,-0.1000000015,0.0000000000,0.3600000143,0.0000000000,nan,nan,nan,nan,nan,nan,nan,nan,nan,nan,nan,nan,-0.0950171724,-0.1615621001,0.1384087950,1.0794793367,-0.0392678455,0.0000000000,nan,nan,nan,nan,nan,nan,nan,nan,nan,nan,nan,nan,nan,nan,nan,nan,nan,nan,nan,nan,nan,0.0300180912,0.1700022221,inf,0.0099997520,inf,inf,inf,0.0799615383,0.0200057030,inf,inf,inf,inf,inf,inf,inf,1583
1779238511.2441058159,-0.0224405229,0.0959550589,0.0909237936,0.0164742414,0.0332795596,-0.0080299191,2.5120000839,nan,nan,-0.1000000015,0.0000000000,0.3600000143,0.0000000000,nan,nan,nan,nan,nan,nan,nan,nan,nan,nan,nan,nan,-0.0950171724,-0.1615621001,0.1384087950,1.0794793367,-0.0392678455,0.0000000000,nan,nan,nan,nan,nan,nan,nan,nan,nan,nan,nan,nan,nan,nan,nan,nan,nan,nan,nan,nan,nan,0.0399758816,0.1799600124,inf,0.0199575424,inf,inf,inf,0.0899193287,0.0299634933,inf,inf,inf,inf,inf,inf,inf,1583
1779238511.2541434765,-0.0269297026,0.0917367339,0.0902448818,0.0136499240,0.0277707490,-0.0136499240,2.5120000839,nan,nan,-0.1000000015,0.0000000000,0.3600000143,0.0000000000,nan,nan,nan,nan,nan,nan,nan,nan,nan,nan,nan,nan,-0.0798129290,-0.1459282637,0.5413263440,1.0794793367,-0.0392678455,0.0000000000,nan,nan,nan,nan,nan,nan,nan,nan,nan,nan,nan,nan,nan,nan,nan,nan,nan,nan,nan,nan,nan,0.0000662804,0.1899976730,inf,0.0299952030,inf,inf,inf,0.0000410080,0.0400011539,inf,inf,inf,inf,inf,inf,inf,1583
1779238511.2640924454,-0.0269297026,0.0917367339,0.0902448818,0.0136499240,0.0277707490,-0.0136499240,2.5120000839,nan,nan,-0.1000000015,0.0000000000,0.3600000143,0.0000000000,nan,nan,nan,nan,nan,nan,nan,nan,nan,nan,nan,nan,-0.0798129290,-0.1459282637,0.5413263440,1.0794793367,-0.0392678455,0.0000000000,nan,nan,nan,nan,nan,nan,nan,nan,nan,nan,nan,nan,nan,nan,nan,nan,nan,nan,nan,nan,nan,0.0100152493,0.1999466419,inf,0.0399441719,inf,inf,inf,0.0099899769,0.0499501228,inf,inf,inf,inf,inf,inf,inf,1583
1779238511.2740521431,-0.0269297026,0.0917367339,0.0902448818,0.0136499240,0.0277707490,-0.0136499240,2.5120000839,nan,nan,-0.1000000015,0.0000000000,0.3600000143,0.0000000000,nan,nan,nan,nan,nan,nan,nan,nan,nan,nan,nan,nan,-0.0798129290,-0.1459282637,0.5413263440,1.0794793367,-0.0392678455,0.0000000000,nan,nan,nan,nan,nan,nan,nan,nan,nan,nan,nan,nan,nan,nan,nan,nan,nan,nan,nan,nan,nan,0.0199749470,0.2099063396,inf,0.0000097752,inf,inf,inf,0.0199496746,0.0599098206,inf,inf,inf,inf,inf,inf,inf,1583
1779238511.2840728760,-0.0269297026,0.0917367339,0.0902448818,0.0136499240,0.0277707490,-0.0136499240,2.5120000839,nan,nan,-0.1000000015,0.0000000000,0.3600000143,0.0000000000,nan,nan,nan,nan,nan,nan,nan,nan,nan,nan,nan,nan,-0.0798129290,-0.1459282637,0.5413263440,1.0794793367,-0.0392678455,0.0000000000,nan,nan,nan,nan,nan,nan,nan,nan,nan,nan,nan,nan,nan,nan,nan,nan,nan,nan,nan,nan,nan,0.0299956799,0.2199270725,inf,0.0100305080,inf,inf,inf,0.0299704075,0.0699305534,inf,inf,inf,inf,inf,inf,inf,1583
1779238511.2940864563,-0.0269297026,0.0917367339,0.0902448818,0.0136499240,0.0277707490,-0.0136499240,2.5120000839,nan,nan,-0.1000000015,0.0000000000,0.3600000143,0.0000000000,nan,nan,nan,nan,nan,nan,nan,nan,nan,nan,nan,nan,-0.0798129290,-0.1459282637,0.5413263440,1.0794793367,-0.0392678455,0.0000000000,nan,nan,nan,nan,nan,nan,nan,nan,nan,nan,nan,nan,nan,nan,nan,nan,nan,nan,nan,nan,nan,0.0400092602,0.2299406528,inf,0.0200440884,inf,inf,inf,0.0399839878,0.0799441338,inf,inf,inf,inf,inf,inf,inf,1583
1779238511.3040602207,-0.0313855447,0.0869514793,0.0896387696,0.0220276644,0.0167572294,-0.0136545687,2.5120000839,nan,nan,-0.1000000015,0.0000000000,0.3600000143,0.0000000000,nan,nan,nan,nan,nan,nan,nan,nan,nan,nan,nan,nan,-0.0798129290,-0.1459282637,0.5413263440,1.0794793367,-0.0392678455,0.0000000000,nan,nan,nan,nan,nan,nan,nan,nan,nan,nan,nan,nan,nan,nan,nan,nan,nan,nan,nan,nan,nan,0.0000109673,0.2399144173,inf,0.0300178528,inf,inf,inf,0.0499577522,0.0899178982,inf,inf,inf,inf,inf,inf,inf,1583
1779238511.3142085075,-0.0313855447,0.0869514793,0.0896387696,0.0220276644,0.0167572294,-0.0136545687,2.5120000839,nan,nan,-0.1000000015,0.0000000000,0.3600000143,0.0000000000,nan,nan,nan,nan,nan,nan,nan,nan,nan,nan,nan,nan,-0.0798129290,-0.1459282637,0.5413263440,0.1784636378,-0.3380464315,0.0000000000,nan,nan,nan,nan,nan,nan,nan,nan,nan,nan,nan,nan,nan,nan,nan,nan,nan,nan,nan,nan,nan,0.0101592541,0.2500627041,inf,0.0401661396,inf,inf,inf,0.0601060390,0.0000219345,inf,inf,inf,inf,inf,inf,inf,1583
1779238511.3242051601,-0.0313855447,0.0869514793,0.0896387696,0.0220276644,0.0167572294,-0.0136545687,2.5120000839,nan,nan,-0.1000000015,0.0000000000,0.3600000143,0.0000000000,nan,nan,nan,nan,nan,nan,nan,nan,nan,nan,nan,nan,-0.0798129290,-0.1459282637,0.5413263440,0.1784636378,-0.3380464315,0.0000000000,nan,nan,nan,nan,nan,nan,nan,nan,nan,nan,nan,nan,nan,nan,nan,nan,nan,nan,nan,nan,nan,0.0201559067,0.2600593567,inf,0.0000226498,inf,inf,inf,0.0701026917,0.0100185871,inf,inf,inf,inf,inf,inf,inf,1583
1779238511.3341658115,-0.0313855447,0.0869514793,0.0896387696,0.0220276644,0.0167572294,-0.0136545687,2.5120000839,nan,nan,-0.1000000015,0.0000000000,0.3600000143,0.0000000000,nan,nan,nan,nan,nan,nan,nan,nan,nan,nan,nan,nan,-0.0798129290,-0.1459282637,0.5413263440,0.1784636378,-0.3380464315,0.0000000000,nan,nan,nan,nan,nan,nan,nan,nan,nan,nan,nan,nan,nan,nan,nan,nan,nan,nan,nan,nan,nan,0.0301165581,0.2700200081,inf,0.0099833012,inf,inf,inf,0.0800633430,0.0199792385,inf,inf,inf,inf,inf,inf,inf,1583
1779238511.3441665173,-0.0313855447,0.0869514793,0.0896387696,0.0220276644,0.0167572294,-0.0136545687,2.5120000839,nan,nan,-0.1000000015,0.0000000000,0.3600000143,0.0000000000,nan,nan,nan,nan,nan,nan,nan,nan,nan,nan,nan,nan,-0.0798129290,-0.1459282637,0.5413263440,0.1784636378,-0.3380464315,0.0000000000,nan,nan,nan,nan,nan,nan,nan,nan,nan,nan,nan,nan,nan,nan,nan,nan,nan,nan,nan,nan,nan,0.0401172638,0.2800207138,inf,0.0199840069,inf,inf,inf,0.0900640488,0.0299799442,inf,inf,inf,inf,inf,inf,inf,1583
1779238511.3541560173,-0.0360391624,0.0814669803,0.0887173563,0.0220276644,0.0167572294,-0.0136545687,2.5120000839,nan,nan,-0.1000000015,0.0000000000,0.3600000143,0.0000000000,nan,nan,nan,nan,nan,nan,nan,nan,nan,nan,nan,nan,-0.0692077056,-0.1253534555,0.5449541807,0.1784636378,-0.3380464315,0.0000000000,nan,nan,nan,nan,nan,nan,nan,nan,nan,nan,nan,nan,nan,nan,nan,nan,nan,nan,nan,nan,nan,0.0000483990,0.2900102139,inf,0.0299735069,inf,inf,inf,0.0000131130,0.0399694443,inf,inf,inf,inf,inf,inf,inf,1583
1779238511.3641595840,-0.0360391624,0.0814669803,0.0887173563,0.0220276644,0.0167572294,-0.0136545687,2.5120000839,nan,nan,-0.1000000015,0.0000000000,0.3600000143,0.0000000000,nan,nan,nan,nan,nan,nan,nan,nan,nan,nan,nan,nan,-0.0692077056,-0.1253534555,0.5449541807,0.1784636378,-0.3380464315,0.0000000000,nan,nan,nan,nan,nan,nan,nan,nan,nan,nan,nan,nan,nan,nan,nan,nan,nan,nan,nan,nan,nan,0.0100519657,0.3000137806,inf,0.0399770737,inf,inf,inf,0.0100166798,0.0499730110,inf,inf,inf,inf,inf,inf,inf,1583
1779238511.3742070198,-0.0360391624,0.0814669803,0.0887173563,0.0220276644,0.0167572294,-0.0136545687,2.5120000839,nan,nan,-0.1000000015,0.0000000000,0.5600000024,0.0000000000,nan,nan,nan,nan,nan,nan,nan,nan,nan,nan,nan,nan,-0.0692077056,-0.1253534555,0.5449541807,0.1784636378,-0.3380464315,0.0000000000,nan,nan,nan,nan,nan,nan,nan,nan,nan,nan,nan,nan,nan,nan,nan,nan,nan,nan,nan,nan,nan,0.0200994015,0.3100612164,inf,0.0000269413,inf,inf,inf,0.0200641155,0.0600204468,inf,inf,inf,inf,inf,inf,inf,1583
1779238511.3841648102,-0.0360391624,0.0814669803,0.0887173563,0.0220276644,0.0167572294,-0.0136545687,2.5120000839,nan,nan,-0.1000000015,0.0000000000,0.5600000024,0.0000000000,nan,nan,nan,nan,nan,nan,nan,nan,nan,nan,nan,nan,-0.0692077056,-0.1253534555,0.5449541807,0.1784636378,-0.3380464315,0.0000000000,nan,nan,nan,nan,nan,nan,nan,nan,nan,nan,nan,nan,nan,nan,nan,nan,nan,nan,nan,nan,nan,0.0300571918,0.3200190067,inf,0.0099847317,inf,inf,inf,0.0300219059,0.0699782372,inf,inf,inf,inf,inf,inf,inf,1583
1779238511.3941628933,-0.0360391624,0.0814669803,0.0887173563,0.0220276644,0.0167572294,-0.0136545687,2.5120000839,nan,nan,-0.1000000015,0.0000000000,0.5600000024,0.0000000000,nan,nan,nan,nan,nan,nan,nan,nan,nan,nan,nan,nan,-0.0692077056,-0.1253534555,0.5449541807,0.1784636378,-0.3380464315,0.0000000000,nan,nan,nan,nan,nan,nan,nan,nan,nan,nan,nan,nan,nan,nan,nan,nan,nan,nan,nan,nan,nan,0.0400552750,0.3300170898,inf,0.0199828148,inf,inf,inf,0.0400199890,0.0799763203,inf,inf,inf,inf,inf,inf,inf,1583
1779238511.4042172432,-0.0409335196,0.0752791911,0.0876682997,0.0164733331,0.0194868714,-0.0136784274,2.5120000839,nan,nan,-0.1000000015,0.0000000000,0.5600000024,0.0000000000,nan,nan,nan,nan,nan,nan,nan,nan,nan,nan,nan,nan,-0.0692077056,-0.1253534555,0.5449541807,0.1784636378,-0.3380464315,0.0000000000,nan,nan,nan,nan,nan,nan,nan,nan,nan,nan,nan,nan,nan,nan,nan,nan,nan,nan,nan,nan,nan,0.0000414848,0.3400714397,inf,0.0300371647,inf,inf,inf,0.0500743389,0.0900306702,inf,inf,inf,inf,inf,inf,inf,1583
1779238511.4141745567,-0.0409335196,0.0752791911,0.0876682997,0.0164733331,0.0194868714,-0.0136784274,2.5120000839,nan,nan,-0.1000000015,0.0000000000,0.5600000024,0.0000000000,nan,nan,nan,nan,nan,nan,nan,nan,nan,nan,nan,nan,-0.0692077056,-0.1253534555,0.5449541807,-0.8115450144,-0.6362477541,0.0000000000,nan,nan,nan,nan,nan,nan,nan,nan,nan,nan,nan,nan,nan,nan,nan,nan,nan,nan,nan,nan,nan,0.0099987984,0.3500287533,inf,0.0399944782,inf,inf,inf,0.0600316525,0.0000209808,inf,inf,inf,inf,inf,inf,inf,1583
1779238511.4240970612,-0.0409335196,0.0752791911,0.0876682997,0.0164733331,0.0194868714,-0.0136784274,2.5120000839,nan,nan,-0.1000000015,0.0000000000,0.5600000024,0.0000000000,nan,nan,nan,nan,nan,nan,nan,nan,nan,nan,nan,nan,-0.0692077056,-0.1253534555,0.5449541807,-0.8115450144,-0.6362477541,0.0000000000,nan,nan,nan,nan,nan,nan,nan,nan,nan,nan,nan,nan,nan,nan,nan,nan,nan,nan,nan,nan,nan,0.0199213028,0.3599512577,inf,0.0000190735,inf,inf,inf,0.0699541569,0.0099434853,inf,inf,inf,inf,inf,inf,inf,1583
1779238511.4341387749,-0.0409335196,0.0752791911,0.0876682997,0.0164733331,0.0194868714,-0.0136784274,2.5120000839,nan,nan,-0.1000000015,0.0000000000,0.5600000024,0.0000000000,nan,nan,nan,nan,nan,nan,nan,nan,nan,nan,nan,nan,-0.0692077056,-0.1253534555,0.5449541807,-0.8115450144,-0.6362477541,0.0000000000,nan,nan,nan,nan,nan,nan,nan,nan,nan,nan,nan,nan,nan,nan,nan,nan,nan,nan,nan,nan,nan,0.0299630165,0.3699929714,inf,0.0100607872,inf,inf,inf,0.0799958706,0.0199851990,inf,inf,inf,inf,inf,inf,inf,1583
1779238511.4441530704,-0.0409335196,0.0752791911,0.0876682997,0.0164733331,0.0194868714,-0.0136784274,2.5120000839,nan,nan,-0.1000000015,0.0000000000,0.5600000024,0.0000000000,nan,nan,nan,nan,nan,nan,nan,nan,nan,nan,nan,nan,-0.0692077056,-0.1253534555,0.5449541807,-0.8115450144,-0.6362477541,0.0000000000,nan,nan,nan,nan,nan,nan,nan,nan,nan,nan,nan,nan,nan,nan,nan,nan,nan,nan,nan,nan,nan,0.0399773121,0.3800072670,inf,0.0200750828,inf,inf,inf,0.0900101662,0.0299994946,inf,inf,inf,inf,inf,inf,inf,1583
1779238511.4542443752,-0.0460110903,0.0685077980,0.0867874250,0.0137053830,0.0194679233,-0.0137053830,2.5120000839,nan,nan,-0.1000000015,0.0000000000,0.5600000024,0.0000000000,nan,nan,nan,nan,nan,nan,nan,nan,nan,nan,nan,nan,-0.0553535111,-0.0997440293,0.9485374689,-0.8115450144,-0.6362477541,0.0000000000,nan,nan,nan,nan,nan,nan,nan,nan,nan,nan,nan,nan,nan,nan,nan,nan,nan,nan,nan,nan,nan,0.0000844002,0.3900985718,inf,0.0301663876,inf,inf,inf,0.0000209808,0.0400907993,inf,inf,inf,inf,inf,inf,inf,1583
1779238511.4641239643,-0.0460110903,0.0685077980,0.0867874250,0.0137053830,0.0194679233,-0.0137053830,2.5120000839,nan,nan,-0.1000000015,0.0000000000,0.5600000024,0.0000000000,nan,nan,nan,nan,nan,nan,nan,nan,nan,nan,nan,nan,-0.0553535111,-0.0997440293,0.9485374689,-0.8115450144,-0.6362477541,0.0000000000,nan,nan,nan,nan,nan,nan,nan,nan,nan,nan,nan,nan,nan,nan,nan,nan,nan,nan,nan,nan,nan,0.0099639893,0.3999781609,inf,0.0400459766,inf,inf,inf,0.0099005699,0.0499703884,inf,inf,inf,inf,inf,inf,inf,1583
1779238511.4740979671,-0.0460110903,0.0685077980,0.0867874250,0.0137053830,0.0194679233,-0.0137053830,2.5120000839,nan,nan,-0.1000000015,0.0000000000,0.5600000024,0.0000000000,nan,nan,nan,nan,nan,nan,nan,nan,nan,nan,nan,nan,-0.0553535111,-0.0997440293,0.9485374689,-0.8115450144,-0.6362477541,0.0000000000,nan,nan,nan,nan,nan,nan,nan,nan,nan,nan,nan,nan,nan,nan,nan,nan,nan,nan,nan,nan,nan,0.0199379921,0.4099521637,inf,0.0000152588,inf,inf,inf,0.0198745728,0.0599443913,inf,inf,inf,inf,inf,inf,inf,1583
1779238511.4841558933,-0.0460110903,0.0685077980,0.0867874250,0.0137053830,0.0194679233,-0.0137053830,2.5120000839,nan,nan,-0.1000000015,0.0000000000,0.5600000024,0.0000000000,nan,nan,nan,nan,nan,nan,nan,nan,nan,nan,nan,nan,-0.0553535111,-0.0997440293,0.9485374689,-0.8115450144,-0.6362477541,0.0000000000,nan,nan,nan,nan,nan,nan,nan,nan,nan,nan,nan,nan,nan,nan,nan,nan,nan,nan,nan,nan,nan,0.0299959183,0.4200100899,inf,0.0100731850,inf,inf,inf,0.0299324989,0.0700023174,inf,inf,inf,inf,inf,inf,inf,1583
1779238511.4941511154,-0.0460110903,0.0685077980,0.0867874250,0.0137053830,0.0194679233,-0.0137053830,2.5120000839,nan,nan,-0.1000000015,0.0000000000,0.5600000024,0.0000000000,nan,nan,nan,nan,nan,nan,nan,nan,nan,nan,nan,nan,-0.0553535111,-0.0997440293,0.9485374689,-0.8115450144,-0.6362477541,0.0000000000,nan,nan,nan,nan,nan,nan,nan,nan,nan,nan,nan,nan,nan,nan,nan,nan,nan,nan,nan,nan,nan,0.0399911404,0.4300053120,inf,0.0200684071,inf,inf,inf,0.0399277210,0.0799975395,inf,inf,inf,inf,inf,inf,inf,1583
1779238511.5041530132,-0.0079910131,0.1031636149,0.0927435011,0.0137041232,0.0139708864,-0.0192782869,2.5120000839,nan,nan,-0.1000000015,0.0000000000,0.5600000024,0.0000000000,nan,nan,nan,nan,nan,nan,nan,nan,nan,nan,nan,nan,-0.0553535111,-0.0997440293,0.9485374689,-0.8115450144,-0.6362477541,0.0000000000,nan,nan,nan,nan,nan,nan,nan,nan,nan,nan,nan,nan,nan,nan,nan,nan,nan,nan,nan,nan,nan,0.0000181198,0.4400072098,inf,0.0300703049,inf,inf,inf,0.0499296188,0.0899994373,inf,inf,inf,inf,inf,inf,inf,1583
1779238511.5141880512,-0.0079910131,0.1031636149,0.0927435011,0.0137041232,0.0139708864,-0.0192782869,2.5120000839,nan,nan,-0.1000000015,0.0000000000,0.5600000024,0.0000000000,nan,nan,nan,nan,nan,nan,nan,nan,nan,nan,nan,nan,-0.0553535111,-0.0997440293,0.9485374689,2.1542453766,1.4380476475,0.0000000000,nan,nan,nan,nan,nan,nan,nan,nan,nan,nan,nan,nan,nan,nan,nan,nan,nan,nan,nan,nan,nan,0.0100531578,0.4500422478,inf,0.0401053429,inf,inf,inf,0.0599646568,0.0000236034,inf,inf,inf,inf,inf,inf,inf,1583
1779238511.5241732597,-0.0079910131,0.1031636149,0.0927435011,0.0137041232,0.0139708864,-0.0192782869,2.5120000839,nan,nan,-0.1000000015,0.0000000000,0.5600000024,0.0000000000,nan,nan,nan,nan,nan,nan,nan,nan,nan,nan,nan,nan,-0.0553535111,-0.0997440293,0.9485374689,2.1542453766,1.4380476475,0.0000000000,nan,nan,nan,nan,nan,nan,nan,nan,nan,nan,nan,nan,nan,nan,nan,nan,nan,nan,nan,nan,nan,0.0200383663,0.4600274563,inf,0.0000166893,inf,inf,inf,0.0699498653,0.0100088120,inf,inf,inf,inf,inf,inf,inf,1583
1779238511.5341267586,-0.0079910131,0.1031636149,0.0927435011,0.0137041232,0.0139708864,-0.0192782869,2.5120000839,nan,nan,-0.1000000015,0.0000000000,0.5600000024,0.0000000000,nan,nan,nan,nan,nan,nan,nan,nan,nan,nan,nan,nan,-0.0553535111,-0.0997440293,0.9485374689,2.1542453766,1.4380476475,0.0000000000,nan,nan,nan,nan,nan,nan,nan,nan,nan,nan,nan,nan,nan,nan,nan,nan,nan,nan,nan,nan,nan,0.0299918652,0.4699809551,inf,0.0099701881,inf,inf,inf,0.0799033642,0.0199623108,inf,inf,inf,inf,inf,inf,inf,1583
1779238511.5441379547,-0.0079910131,0.1031636149,0.0927435011,0.0137041232,0.0139708864,-0.0192782869,2.5120000839,nan,nan,-0.1000000015,0.0000000000,0.5600000024,0.0000000000,nan,nan,nan,nan,nan,nan,nan,nan,nan,nan,nan,nan,-0.0553535111,-0.0997440293,0.9485374689,2.1542453766,1.4380476475,0.0000000000,nan,nan,nan,nan,nan,nan,nan,nan,nan,nan,nan,nan,nan,nan,nan,nan,nan,nan,nan,nan,nan,0.0400030613,0.4799921513,inf,0.0199813843,inf,inf,inf,0.0899145603,0.0299735069,inf,inf,inf,inf,inf,inf,inf,1583
1779238511.5540988445,-0.0068941214,0.1017254740,0.0928300694,0.0193990413,-0.0025796292,-0.0193990413,2.5120000839,nan,nan,-0.1000000015,0.0000000000,0.5600000024,0.0000000000,nan,nan,nan,nan,nan,nan,nan,nan,nan,nan,nan,nan,-0.1229384616,-0.1731063724,0.9339562654,2.1542453766,1.4380476475,0.0000000000,nan,nan,nan,nan,nan,nan,nan,nan,nan,nan,nan,nan,nan,nan,nan,nan,nan,nan,nan,nan,nan,0.0000331402,0.4899530411,inf,0.0299422741,inf,inf,inf,0.0000107288,0.0399343967,inf,inf,inf,inf,inf,inf,inf,1583
1779238511.5640978813,-0.0068941214,0.1017254740,0.0928300694,0.0193990413,-0.0025796292,-0.0193990413,2.5120000839,nan,nan,-0.1000000015,0.0000000000,0.5600000024,0.0000000000,nan,nan,nan,nan,nan,nan,nan,nan,nan,nan,nan,nan,-0.1229384616,-0.1731063724,0.9339562654,2.1542453766,1.4380476475,0.0000000000,nan,nan,nan,nan,nan,nan,nan,nan,nan,nan,nan,nan,nan,nan,nan,nan,nan,nan,nan,nan,nan,0.0100321770,0.4999520779,inf,0.0399413109,inf,inf,inf,0.0100097656,0.0499334335,inf,inf,inf,inf,inf,inf,inf,1583
1779238511.5740897655,-0.0068941214,0.1017254740,0.0928300694,0.0193990413,-0.0025796292,-0.0193990413,2.5120000839,nan,nan,-0.1000000015,0.0000000000,0.7599999905,0.0000000000,nan,nan,nan,nan,nan,nan,nan,nan,nan,nan,nan,nan,-0.1229384616,-0.1731063724,0.9339562654,2.1542453766,1.4380476475,0.0000000000,nan,nan,nan,nan,nan,nan,nan,nan,nan,nan,nan,nan,nan,nan,nan,nan,nan,nan,nan,nan,nan,0.0200240612,0.5099439621,inf,0.0000114441,inf,inf,inf,0.0200016499,0.0599253178,inf,inf,inf,inf,inf,inf,inf,1583
1779238511.5840983391,-0.0068941214,0.1017254740,0.0928300694,0.0193990413,-0.0025796292,-0.0193990413,2.5120000839,nan,nan,-0.1000000015,0.0000000000,0.7599999905,0.0000000000,nan,nan,nan,nan,nan,nan,nan,nan,nan,nan,nan,nan,-0.1229384616,-0.1731063724,0.9339562654,2.1542453766,1.4380476475,0.0000000000,nan,nan,nan,nan,nan,nan,nan,nan,nan,nan,nan,nan,nan,nan,nan,nan,nan,nan,nan,nan,nan,0.0300326347,0.5199525356,inf,0.0100200176,inf,inf,inf,0.0300102234,0.0699338913,inf,inf,inf,inf,inf,inf,inf,1583
1779238511.5941016674,-0.0068941214,0.1017254740,0.0928300694,0.0193990413,-0.0025796292,-0.0193990413,2.5120000839,nan,nan,-0.1000000015,0.0000000000,0.7599999905,0.0000000000,nan,nan,nan,nan,nan,nan,nan,nan,nan,nan,nan,nan,-0.1229384616,-0.1731063724,0.9339562654,2.1542453766,1.4380476475,0.0000000000,nan,nan,nan,nan,nan,nan,nan,nan,nan,nan,nan,nan,nan,nan,nan,nan,nan,nan,nan,nan,nan,0.0400359631,0.5299558640,inf,0.0200233459,inf,inf,inf,0.0400135517,0.0799372196,inf,inf,inf,inf,inf,inf,inf,1583
1779238511.6040964127,-0.0090755476,0.1031452939,0.0930119976,0.0249705360,-0.0109313176,-0.0112077384,2.5120000839,nan,nan,-0.1000000015,0.0000000000,0.7599999905,0.0000000000,nan,nan,nan,nan,nan,nan,nan,nan,nan,nan,nan,nan,-0.1229384616,-0.1731063724,0.9339562654,2.1542453766,1.4380476475,0.0000000000,nan,nan,nan,nan,nan,nan,nan,nan,nan,nan,nan,nan,nan,nan,nan,nan,nan,nan,nan,nan,nan,0.0000107288,0.5399506092,inf,0.0300180912,inf,inf,inf,0.0500082970,0.0899319649,inf,inf,inf,inf,inf,inf,inf,1583
1779238511.6140806675,-0.0090755476,0.1031452939,0.0930119976,0.0249705360,-0.0109313176,-0.0112077384,2.5120000839,nan,nan,-0.1000000015,0.0000000000,0.7599999905,0.0000000000,nan,nan,nan,nan,nan,nan,nan,nan,nan,nan,nan,nan,-0.1229384616,-0.1731063724,0.9339562654,2.6447262764,1.2646257877,0.0000000000,nan,nan,nan,nan,nan,nan,nan,nan,nan,nan,nan,nan,nan,nan,nan,nan,nan,nan,nan,nan,nan,0.0099949837,0.5499348640,inf,0.0400023460,inf,inf,inf,0.0599925518,0.0000119209,inf,inf,inf,inf,inf,inf,inf,1583
1779238511.6240661144,-0.0090755476,0.1031452939,0.0930119976,0.0249705360,-0.0109313176,-0.0112077384,2.5120000839,nan,nan,-0.1000000015,0.0000000000,0.7599999905,0.0000000000,nan,nan,nan,nan,nan,nan,nan,nan,nan,nan,nan,nan,-0.1229384616,-0.1731063724,0.9339562654,2.6447262764,1.2646257877,0.0000000000,nan,nan,nan,nan,nan,nan,nan,nan,nan,nan,nan,nan,nan,nan,nan,nan,nan,nan,nan,nan,nan,0.0199804306,0.5599203110,inf,0.0000092983,inf,inf,inf,0.0699779987,0.0099973679,inf,inf,inf,inf,inf,inf,inf,1583
1779238511.6341333389,-0.0090755476,0.1031452939,0.0930119976,0.0249705360,-0.0109313176,-0.0112077384,2.5120000839,nan,nan,-0.1000000015,0.0000000000,0.7599999905,0.0000000000,nan,nan,nan,nan,nan,nan,nan,nan,nan,nan,nan,nan,-0.1229384616,-0.1731063724,0.9339562654,2.6447262764,1.2646257877,0.0000000000,nan,nan,nan,nan,nan,nan,nan,nan,nan,nan,nan,nan,nan,nan,nan,nan,nan,nan,nan,nan,nan,0.0300476551,0.5699875355,inf,0.0100765228,inf,inf,inf,0.0800452232,0.0200645924,inf,inf,inf,inf,inf,inf,inf,1583
1779238511.6440777779,-0.0090755476,0.1031452939,0.0930119976,0.0249705360,-0.0109313176,-0.0112077384,2.5120000839,nan,nan,-0.1000000015,0.0000000000,0.7599999905,0.0000000000,nan,nan,nan,nan,nan,nan,nan,nan,nan,nan,nan,nan,-0.1229384616,-0.1731063724,0.9339562654,2.6447262764,1.2646257877,0.0000000000,nan,nan,nan,nan,nan,nan,nan,nan,nan,nan,nan,nan,nan,nan,nan,nan,nan,nan,nan,nan,nan,0.0399920940,0.5799319744,inf,0.0200209618,inf,inf,inf,0.0899896622,0.0300090313,inf,inf,inf,inf,inf,inf,inf,1583
1779238511.6541483402,-0.0096474662,0.1016725749,0.0928365216,0.0249547199,-0.0081640045,-0.0111730467,2.5120000839,nan,nan,-0.1000000015,0.0000000000,0.7599999905,0.0000000000,nan,nan,nan,nan,nan,nan,nan,nan,nan,nan,nan,nan,-0.1151735708,-0.1705942750,1.1000000238,2.6447262764,1.2646257877,0.0000000000,nan,nan,nan,nan,nan,nan,nan,nan,nan,nan,nan,nan,nan,nan,nan,nan,nan,nan,nan,nan,nan,0.0000464916,0.5900025368,inf,0.0300915241,inf,inf,inf,0.0000116825,0.0400795937,inf,inf,inf,inf,inf,inf,inf,1583
1779238511.6641070843,-0.0096474662,0.1016725749,0.0928365216,0.0249547199,-0.0081640045,-0.0111730467,2.5120000839,nan,nan,-0.1000000015,0.0000000000,0.7599999905,0.0000000000,nan,nan,nan,nan,nan,nan,nan,nan,nan,nan,nan,nan,-0.1151735708,-0.1705942750,1.1000000238,2.6447262764,1.2646257877,0.0000000000,nan,nan,nan,nan,nan,nan,nan,nan,nan,nan,nan,nan,nan,nan,nan,nan,nan,nan,nan,nan,nan,0.0100052357,0.5999612808,inf,0.0400502682,inf,inf,inf,0.0099704266,0.0500383377,inf,inf,inf,inf,inf,inf,inf,1583
1779238511.6740930080,-0.0096474662,0.1016725749,0.0928365216,0.0249547199,-0.0081640045,-0.0111730467,2.5120000839,nan,nan,-0.1000000015,0.0000000000,0.7599999905,0.0000000000,nan,nan,nan,nan,nan,nan,nan,nan,nan,nan,nan,nan,-0.1151735708,-0.1705942750,1.1000000238,2.6447262764,1.2646257877,0.0000000000,nan,nan,nan,nan,nan,nan,nan,nan,nan,nan,nan,nan,nan,nan,nan,nan,nan,nan,nan,nan,nan,0.0199911594,0.6099472046,inf,0.0000121593,inf,inf,inf,0.0199563503,0.0600242615,inf,inf,inf,inf,inf,inf,inf,1583
1779238511.6841070652,-0.0096474662,0.1016725749,0.0928365216,0.0249547199,-0.0081640045,-0.0111730467,2.5120000839,nan,nan,-0.1000000015,0.0000000000,0.7599999905,0.0000000000,nan,nan,nan,nan,nan,nan,nan,nan,nan,nan,nan,nan,-0.1151735708,-0.1705942750,1.1000000238,2.6447262764,1.2646257877,0.0000000000,nan,nan,nan,nan,nan,nan,nan,nan,nan,nan,nan,nan,nan,nan,nan,nan,nan,nan,nan,nan,nan,0.0300052166,0.6199612617,inf,0.0100262165,inf,inf,inf,0.0299704075,0.0700383186,inf,inf,inf,inf,inf,inf,inf,1583
1779238511.6941187382,-0.0096474662,0.1016725749,0.0928365216,0.0249547199,-0.0081640045,-0.0111730467,2.5120000839,nan,nan,-0.1000000015,0.0000000000,0.7599999905,0.0000000000,nan,nan,nan,nan,nan,nan,nan,nan,nan,nan,nan,nan,-0.1151735708,-0.1705942750,1.1000000238,2.6447262764,1.2646257877,0.0000000000,nan,nan,nan,nan,nan,nan,nan,nan,nan,nan,nan,nan,nan,nan,nan,nan,nan,nan,nan,nan,nan,0.0400168896,0.6299729347,inf,0.0200378895,inf,inf,inf,0.0399820805,0.0800499916,inf,inf,inf,inf,inf,inf,inf,1583
1779238511.7041375637,-0.0108017726,0.0997838452,0.0925934687,0.0221251914,0.0028898791,-0.0110389394,2.5120000839,nan,nan,-0.1000000015,0.0000000000,0.7599999905,0.0000000000,nan,nan,nan,nan,nan,nan,nan,nan,nan,nan,nan,nan,-0.1151735708,-0.1705942750,1.1000000238,2.6447262764,1.2646257877,0.0000000000,nan,nan,nan,nan,nan,nan,nan,nan,nan,nan,nan,nan,nan,nan,nan,nan,nan,nan,nan,nan,nan,0.0000181198,0.6399917603,inf,0.0300567150,inf,inf,inf,0.0500009060,0.0900688171,inf,inf,inf,inf,inf,inf,inf,1583
1779238511.7141344547,-0.0108017726,0.0997838452,0.0925934687,0.0221251914,0.0028898791,-0.0110389394,2.5120000839,nan,nan,-0.1000000015,0.0000000000,0.7599999905,0.0000000000,nan,nan,nan,nan,nan,nan,nan,nan,nan,nan,nan,nan,-0.1151735708,-0.1705942750,1.1000000238,2.2298147678,0.9589671493,0.0000000000,nan,nan,nan,nan,nan,nan,nan,nan,nan,nan,nan,nan,nan,nan,nan,nan,nan,nan,nan,nan,nan,0.0100150108,0.6499886513,inf,0.0400536060,inf,inf,inf,0.0599977970,0.0000288486,inf,inf,inf,inf,inf,inf,inf,1583
1779238511.7241623402,-0.0108017726,0.0997838452,0.0925934687,0.0221251914,0.0028898791,-0.0110389394,2.5120000839,nan,nan,-0.1000000015,0.0000000000,0.7599999905,0.0000000000,nan,nan,nan,nan,nan,nan,nan,nan,nan,nan,nan,nan,-0.1151735708,-0.1705942750,1.1000000238,2.2298147678,0.9589671493,0.0000000000,nan,nan,nan,nan,nan,nan,nan,nan,nan,nan,nan,nan,nan,nan,nan,nan,nan,nan,nan,nan,nan,0.0200428963,0.6600165367,inf,0.0000224113,inf,inf,inf,0.0700256824,0.0100567341,inf,inf,inf,inf,inf,inf,inf,1583
1779238511.7341549397,-0.0108017726,0.0997838452,0.0925934687,0.0221251914,0.0028898791,-0.0110389394,2.5120000839,nan,nan,-0.1000000015,0.0000000000,0.7599999905,0.0000000000,nan,nan,nan,nan,nan,nan,nan,nan,nan,nan,nan,nan,-0.1151735708,-0.1705942750,1.1000000238,2.2298147678,0.9589671493,0.0000000000,nan,nan,nan,nan,nan,nan,nan,nan,nan,nan,nan,nan,nan,nan,nan,nan,nan,nan,nan,nan,nan,0.0300354958,0.6700091362,inf,0.0100150108,inf,inf,inf,0.0800182819,0.0200493336,inf,inf,inf,inf,inf,inf,inf,1583
1779238511.7441542149,-0.0108017726,0.0997838452,0.0925934687,0.0221251914,0.0028898791,-0.0110389394,2.5120000839,nan,nan,-0.1000000015,0.0000000000,0.7599999905,0.0000000000,nan,nan,nan,nan,nan,nan,nan,nan,nan,nan,nan,nan,-0.1151735708,-0.1705942750,1.1000000238,2.2298147678,0.9589671493,0.0000000000,nan,nan,nan,nan,nan,nan,nan,nan,nan,nan,nan,nan,nan,nan,nan,nan,nan,nan,nan,nan,nan,0.0400347710,0.6800084114,inf,0.0200142860,inf,inf,inf,0.0900175571,0.0300486088,inf,inf,inf,inf,inf,inf,inf,1583
1779238511.7542047501,-0.0108017726,0.0997838452,0.0925934687,0.0221251914,0.0028898791,-0.0110389394,2.5120000839,nan,nan,-0.1000000015,0.0000000000,0.7599999905,0.0000000000,nan,nan,nan,nan,nan,nan,nan,nan,nan,nan,nan,nan,-0.1073803380,-0.1616469473,1.1000000238,2.2298147678,0.9589671493,0.0000000000,nan,nan,nan,nan,nan,nan,nan,nan,nan,nan,nan,nan,nan,nan,nan,nan,nan,nan,nan,nan,nan,0.0500853062,0.6900589466,inf,0.0300648212,inf,inf,inf,0.0000228882,0.0400991440,inf,inf,inf,inf,inf,inf,inf,1583
1779238511.7641716003,-0.0123376371,0.0975150019,0.0924038813,0.0193535398,0.0029013841,-0.0138104025,2.5120000839,nan,nan,-0.1000000015,0.0000000000,0.7599999905,0.0000000000,nan,nan,nan,nan,nan,nan,nan,nan,nan,nan,nan,nan,-0.1073803380,-0.1616469473,1.1000000238,2.2298147678,0.9589671493,0.0000000000,nan,nan,nan,nan,nan,nan,nan,nan,nan,nan,nan,nan,nan,nan,nan,nan,nan,nan,nan,nan,nan,0.0000202656,0.7000257969,inf,0.0400316715,inf,inf,inf,0.0099897385,0.0500659943,inf,inf,inf,inf,inf,inf,inf,1583
1779238511.7741649151,-0.0123376371,0.0975150019,0.0924038813,0.0193535398,0.0029013841,-0.0138104025,2.5120000839,nan,nan,-0.1000000015,0.0000000000,0.9599999785,0.0000000000,nan,nan,nan,nan,nan,nan,nan,nan,nan,nan,nan,nan,-0.1073803380,-0.1616469473,1.1000000238,2.2298147678,0.9589671493,0.0000000000,nan,nan,nan,nan,nan,nan,nan,nan,nan,nan,nan,nan,nan,nan,nan,nan,nan,nan,nan,nan,nan,0.0100135803,0.7100191116,inf,0.0000209808,inf,inf,inf,0.0199830532,0.0600593090,inf,inf,inf,inf,inf,inf,inf,1583
1779238511.7841436863,-0.0123376371,0.0975150019,0.0924038813,0.0193535398,0.0029013841,-0.0138104025,2.5120000839,nan,nan,-0.1000000015,0.0000000000,0.9599999785,0.0000000000,nan,nan,nan,nan,nan,nan,nan,nan,nan,nan,nan,nan,-0.1073803380,-0.1616469473,1.1000000238,2.2298147678,0.9589671493,0.0000000000,nan,nan,nan,nan,nan,nan,nan,nan,nan,nan,nan,nan,nan,nan,nan,nan,nan,nan,nan,nan,nan,0.0199923515,0.7199978828,inf,0.0099997520,inf,inf,inf,0.0299618244,0.0700380802,inf,inf,inf,inf,inf,inf,inf,1583
1779238511.7941539288,-0.0123376371,0.0975150019,0.0924038813,0.0193535398,0.0029013841,-0.0138104025,2.5120000839,nan,nan,-0.1000000015,0.0000000000,0.9599999785,0.0000000000,nan,nan,nan,nan,nan,nan,nan,nan,nan,nan,nan,nan,-0.1073803380,-0.1616469473,1.1000000238,2.2298147678,0.9589671493,0.0000000000,nan,nan,nan,nan,nan,nan,nan,nan,nan,nan,nan,nan,nan,nan,nan,nan,nan,nan,nan,nan,nan,0.0300025940,0.7300081253,inf,0.0200099945,inf,inf,inf,0.0399720669,0.0800483227,inf,inf,inf,inf,inf,inf,inf,1583
1779238511.8041641712,-0.0097074136,0.1044307798,0.0929432958,0.0221558211,-0.0026447811,-0.0111002101,2.5120000839,nan,nan,-0.1000000015,0.0000000000,0.9599999785,0.0000000000,nan,nan,nan,nan,nan,nan,nan,nan,nan,nan,nan,nan,-0.1073803380,-0.1616469473,1.1000000238,2.2298147678,0.9589671493,0.0000000000,nan,nan,nan,nan,nan,nan,nan,nan,nan,nan,nan,nan,nan,nan,nan,nan,nan,nan,nan,nan,nan,0.0000195503,0.7400183678,inf,0.0300202370,inf,inf,inf,0.0499823093,0.0900585651,inf,inf,inf,inf,inf,inf,inf,1583
1779238511.8141820431,-0.0097074136,0.1044307798,0.0929432958,0.0221558211,-0.0026447811,-0.0111002101,2.5120000839,nan,nan,-0.1000000015,0.0000000000,0.9599999785,0.0000000000,nan,nan,nan,nan,nan,nan,nan,nan,nan,nan,nan,nan,-0.1073803380,-0.1616469473,1.1000000238,2.6370718479,0.8384436965,0.0000000000,nan,nan,nan,nan,nan,nan,nan,nan,nan,nan,nan,nan,nan,nan,nan,nan,nan,nan,nan,nan,nan,0.0100374222,0.7500362396,inf,0.0400381088,inf,inf,inf,0.0600001812,0.0000252724,inf,inf,inf,inf,inf,inf,inf,1583
1779238511.8241400719,-0.0097074136,0.1044307798,0.0929432958,0.0221558211,-0.0026447811,-0.0111002101,2.5120000839,nan,nan,-0.1000000015,0.0000000000,0.9599999785,0.0000000000,nan,nan,nan,nan,nan,nan,nan,nan,nan,nan,nan,nan,-0.1073803380,-0.1616469473,1.1000000238,2.6370718479,0.8384436965,0.0000000000,nan,nan,nan,nan,nan,nan,nan,nan,nan,nan,nan,nan,nan,nan,nan,nan,nan,nan,nan,nan,nan,0.0199954510,0.7599942684,inf,0.0000348091,inf,inf,inf,0.0699582100,0.0099833012,inf,inf,inf,inf,inf,inf,inf,1583
1779238511.8341553211,-0.0097074136,0.1044307798,0.0929432958,0.0221558211,-0.0026447811,-0.0111002101,2.5120000839,nan,nan,-0.1000000015,0.0000000000,0.9599999785,0.0000000000,nan,nan,nan,nan,nan,nan,nan,nan,nan,nan,nan,nan,-0.1073803380,-0.1616469473,1.1000000238,2.6370718479,0.8384436965,0.0000000000,nan,nan,nan,nan,nan,nan,nan,nan,nan,nan,nan,nan,nan,nan,nan,nan,nan,nan,nan,nan,nan,0.0300107002,0.7700095177,inf,0.0100500584,inf,inf,inf,0.0799734592,0.0199985504,inf,inf,inf,inf,inf,inf,inf,1583
1779238511.8441090584,-0.0097074136,0.1044307798,0.0929432958,0.0221558211,-0.0026447811,-0.0111002101,2.5120000839,nan,nan,-0.1000000015,0.0000000000,0.9599999785,0.0000000000,nan,nan,nan,nan,nan,nan,nan,nan,nan,nan,nan,nan,-0.1073803380,-0.1616469473,1.1000000238,2.6370718479,0.8384436965,0.0000000000,nan,nan,nan,nan,nan,nan,nan,nan,nan,nan,nan,nan,nan,nan,nan,nan,nan,nan,nan,nan,nan,0.0399644375,0.7799632549,inf,0.0200037956,inf,inf,inf,0.0899271965,0.0299522877,inf,inf,inf,inf,inf,inf,inf,1583
1779238511.8541550636,-0.0111803496,0.1033924744,0.0928022563,0.0221521414,-0.0026754370,-0.0083327987,2.5120000839,nan,nan,-0.1000000015,0.0000000000,0.9599999785,0.0000000000,nan,nan,nan,nan,nan,nan,nan,nan,nan,nan,nan,nan,-0.1109663099,-0.1751614064,1.1000000238,2.6370718479,0.8384436965,0.0000000000,nan,nan,nan,nan,nan,nan,nan,nan,nan,nan,nan,nan,nan,nan,nan,nan,nan,nan,nan,nan,nan,0.0000622272,0.7900092602,inf,0.0300498009,inf,inf,inf,0.0000181198,0.0399982929,inf,inf,inf,inf,inf,inf,inf,1583
1779238511.8641357422,-0.0111803496,0.1033924744,0.0928022563,0.0221521414,-0.0026754370,-0.0083327987,2.5120000839,nan,nan,-0.1000000015,0.0000000000,0.9599999785,0.0000000000,nan,nan,nan,nan,nan,nan,nan,nan,nan,nan,nan,nan,-0.1109663099,-0.1751614064,1.1000000238,2.6370718479,0.8384436965,0.0000000000,nan,nan,nan,nan,nan,nan,nan,nan,nan,nan,nan,nan,nan,nan,nan,nan,nan,nan,nan,nan,nan,0.0100429058,0.7999899387,inf,0.0400304794,inf,inf,inf,0.0099987984,0.0499789715,inf,inf,inf,inf,inf,inf,inf,1583
1779238511.8741261959,-0.0111803496,0.1033924744,0.0928022563,0.0221521414,-0.0026754370,-0.0083327987,2.5120000839,nan,nan,-0.1000000015,0.0000000000,0.9599999785,0.0000000000,nan,nan,nan,nan,nan,nan,nan,nan,nan,nan,nan,nan,-0.1109663099,-0.1751614064,1.1000000238,2.6370718479,0.8384436965,0.0000000000,nan,nan,nan,nan,nan,nan,nan,nan,nan,nan,nan,nan,nan,nan,nan,nan,nan,nan,nan,nan,nan,0.0200333595,0.8099803925,inf,0.0000219345,inf,inf,inf,0.0199892521,0.0599694252,inf,inf,inf,inf,inf,inf,inf,1583
1779238511.8841001987,-0.0111803496,0.1033924744,0.0928022563,0.0221521414,-0.0026754370,-0.0083327987,2.5120000839,nan,nan,-0.1000000015,0.0000000000,0.9599999785,0.0000000000,nan,nan,nan,nan,nan,nan,nan,nan,nan,nan,nan,nan,-0.1109663099,-0.1751614064,1.1000000238,2.6370718479,0.8384436965,0.0000000000,nan,nan,nan,nan,nan,nan,nan,nan,nan,nan,nan,nan,nan,nan,nan,nan,nan,nan,nan,nan,nan,0.0300073624,0.8199543953,inf,0.0099959373,inf,inf,inf,0.0299632549,0.0699434280,inf,inf,inf,inf,inf,inf,inf,1583
1779238511.8941528797,-0.0111803496,0.1033924744,0.0928022563,0.0221521414,-0.0026754370,-0.0083327987,2.5120000839,nan,nan,-0.1000000015,0.0000000000,0.9599999785,0.0000000000,nan,nan,nan,nan,nan,nan,nan,nan,nan,nan,nan,nan,-0.1109663099,-0.1751614064,1.1000000238,2.6370718479,0.8384436965,0.0000000000,nan,nan,nan,nan,nan,nan,nan,nan,nan,nan,nan,nan,nan,nan,nan,nan,nan,nan,nan,nan,nan,0.0400600433,0.8300070763,inf,0.0200486183,inf,inf,inf,0.0400159359,0.0799961090,inf,inf,inf,inf,inf,inf,inf,1583
1779238511.9041650295,-0.0131090889,0.1020638868,0.0926648453,0.0249083000,0.0001034003,-0.0083020035,2.5120000839,nan,nan,-0.1000000015,0.0000000000,0.9599999785,0.0000000000,nan,nan,nan,nan,nan,nan,nan,nan,nan,nan,nan,nan,-0.1109663099,-0.1751614064,1.1000000238,2.6370718479,0.8384436965,0.0000000000,nan,nan,nan,nan,nan,nan,nan,nan,nan,nan,nan,nan,nan,nan,nan,nan,nan,nan,nan,nan,nan,0.0000214577,0.8400192261,inf,0.0300607681,inf,inf,inf,0.0500280857,0.0900082588,inf,inf,inf,inf,inf,inf,inf,1583
1779238511.9141685963,-0.0131090889,0.1020638868,0.0926648453,0.0249083000,0.0001034003,-0.0083020035,2.5120000839,nan,nan,-0.1000000015,0.0000000000,0.9599999785,0.0000000000,nan,nan,nan,nan,nan,nan,nan,nan,nan,nan,nan,nan,-0.1109663099,-0.1751614064,1.1000000238,2.5926826000,0.6637700200,0.0000000000,nan,nan,nan,nan,nan,nan,nan,nan,nan,nan,nan,nan,nan,nan,nan,nan,nan,nan,nan,nan,nan,0.0100250244,0.8500227928,inf,0.0400643349,inf,inf,inf,0.0600316525,0.0000224113,inf,inf,inf,inf,inf,inf,inf,1583
1779238511.9241797924,-0.0131090889,0.1020638868,0.0926648453,0.0249083000,0.0001034003,-0.0083020035,2.5120000839,nan,nan,-0.1000000015,0.0000000000,1.1599999666,0.0000000000,nan,nan,nan,nan,nan,nan,nan,nan,nan,nan,nan,nan,-0.1109663099,-0.1751614064,1.1000000238,2.5926826000,0.6637700200,0.0000000000,nan,nan,nan,nan,nan,nan,nan,nan,nan,nan,nan,nan,nan,nan,nan,nan,nan,nan,nan,nan,nan,0.0200362206,0.8600339890,inf,0.0000205040,inf,inf,inf,0.0700428486,0.0100336075,inf,inf,inf,inf,inf,inf,inf,1583
1779238511.9341597557,-0.0131090889,0.1020638868,0.0926648453,0.0249083000,0.0001034003,-0.0083020035,2.5120000839,nan,nan,-0.1000000015,0.0000000000,1.1599999666,0.0000000000,nan,nan,nan,nan,nan,nan,nan,nan,nan,nan,nan,nan,-0.1109663099,-0.1751614064,1.1000000238,2.5926826000,0.6637700200,0.0000000000,nan,nan,nan,nan,nan,nan,nan,nan,nan,nan,nan,nan,nan,nan,nan,nan,nan,nan,nan,nan,nan,0.0300161839,0.8700139523,inf,0.0100004673,inf,inf,inf,0.0800228119,0.0200135708,inf,inf,inf,inf,inf,inf,inf,1583
1779238511.9441571236,-0.0131090889,0.1020638868,0.0926648453,0.0249083000,0.0001034003,-0.0083020035,2.5120000839,nan,nan,-0.1000000015,0.0000000000,1.1599999666,0.0000000000,nan,nan,nan,nan,nan,nan,nan,nan,nan,nan,nan,nan,-0.1109663099,-0.1751614064,1.1000000238,2.5926826000,0.6637700200,0.0000000000,nan,nan,nan,nan,nan,nan,nan,nan,nan,nan,nan,nan,nan,nan,nan,nan,nan,nan,nan,nan,nan,0.0400135517,0.8800113201,inf,0.0199978352,inf,inf,inf,0.0900201797,0.0300109386,inf,inf,inf,inf,inf,inf,inf,1583
1779238511.9542419910,-0.0154350614,0.1003864184,0.0924814269,0.0249081324,0.0001378671,-0.0110693628,2.5120000839,nan,nan,-0.1000000015,0.0000000000,1.1599999666,0.0000000000,nan,nan,nan,nan,nan,nan,nan,nan,nan,nan,nan,nan,-0.1015098691,-0.1667843610,1.1000000238,2.5926826000,0.6637700200,0.0000000000,nan,nan,nan,nan,nan,nan,nan,nan,nan,nan,nan,nan,nan,nan,nan,nan,nan,nan,nan,nan,nan,0.0000641346,0.8900961876,inf,0.0300827026,inf,inf,inf,0.0000207424,0.0400958061,inf,inf,inf,inf,inf,inf,inf,1583
1779238511.9641432762,-0.0154350614,0.1003864184,0.0924814269,0.0249081324,0.0001378671,-0.0110693628,2.5120000839,nan,nan,-0.1000000015,0.0000000000,1.1599999666,0.0000000000,nan,nan,nan,nan,nan,nan,nan,nan,nan,nan,nan,nan,-0.1015098691,-0.1667843610,1.1000000238,2.5926826000,0.6637700200,0.0000000000,nan,nan,nan,nan,nan,nan,nan,nan,nan,nan,nan,nan,nan,nan,nan,nan,nan,nan,nan,nan,nan,0.0099654198,0.8999974728,inf,0.0399839878,inf,inf,inf,0.0099220276,0.0499970913,inf,inf,inf,inf,inf,inf,inf,1583
1779238511.9741303921,-0.0154350614,0.1003864184,0.0924814269,0.0249081324,0.0001378671,-0.0110693628,2.5120000839,nan,nan,-0.1000000015,0.0000000000,1.1599999666,0.0000000000,nan,nan,nan,nan,nan,nan,nan,nan,nan,nan,nan,nan,-0.1015098691,-0.1667843610,1.1000000238,2.5926826000,0.6637700200,0.0000000000,nan,nan,nan,nan,nan,nan,nan,nan,nan,nan,nan,nan,nan,nan,nan,nan,nan,nan,nan,nan,nan,0.0199525356,0.9099845886,inf,0.0000255108,inf,inf,inf,0.0199091434,0.0599842072,inf,inf,inf,inf,inf,inf,inf,1583
1779238511.9841475487,-0.0154350614,0.1003864184,0.0924814269,0.0249081324,0.0001378671,-0.0110693628,2.5120000839,nan,nan,-0.1000000015,0.0000000000,1.1599999666,0.0000000000,nan,nan,nan,nan,nan,nan,nan,nan,nan,nan,nan,nan,-0.1015098691,-0.1667843610,1.1000000238,2.5926826000,0.6637700200,0.0000000000,nan,nan,nan,nan,nan,nan,nan,nan,nan,nan,nan,nan,nan,nan,nan,nan,nan,nan,nan,nan,nan,0.0299696922,0.9200017452,inf,0.0100426674,inf,inf,inf,0.0299263000,0.0700013638,inf,inf,inf,inf,inf,inf,inf,1583
1779238511.9941568375,-0.0154350614,0.1003864184,0.0924814269,0.0249081324,0.0001378671,-0.0110693628,2.5120000839,nan,nan,-0.1000000015,0.0000000000,1.1599999666,0.0000000000,nan,nan,nan,nan,nan,nan,nan,nan,nan,nan,nan,nan,-0.1015098691,-0.1667843610,1.1000000238,2.5926826000,0.6637700200,0.0000000000,nan,nan,nan,nan,nan,nan,nan,nan,nan,nan,nan,nan,nan,nan,nan,nan,nan,nan,nan,nan,nan,0.0399789810,0.9300110340,inf,0.0200519562,inf,inf,inf,0.0399355888,0.0800106525,inf,inf,inf,inf,inf,inf,inf,1583
1779238512.0041341782,-0.0159479491,0.1000082269,0.0924479812,0.0249083000,0.0001034003,-0.0083020035,2.5120000839,nan,nan,-0.1000000015,0.0000000000,1.1599999666,0.0000000000,nan,nan,nan,nan,nan,nan,nan,nan,nan,nan,nan,nan,-0.1015098691,-0.1667843610,1.1000000238,2.5926826000,0.6637700200,0.0000000000,nan,nan,nan,nan,nan,nan,nan,nan,nan,nan,nan,nan,nan,nan,nan,nan,nan,nan,nan,nan,nan,0.0000264645,0.9399883747,inf,0.0300292969,inf,inf,inf,0.0499129295,0.0899879932,inf,inf,inf,inf,inf,inf,inf,1583
1779238512.0141501427,-0.0159479491,0.1000082269,0.0924479812,0.0249083000,0.0001034003,-0.0083020035,2.5120000839,nan,nan,-0.1000000015,0.0000000000,1.1599999666,0.0000000000,nan,nan,nan,nan,nan,nan,nan,nan,nan,nan,nan,nan,-0.1015098691,-0.1667843610,1.1000000238,2.3674178123,0.4968650937,0.0000000000,nan,nan,nan,nan,nan,nan,nan,nan,nan,nan,nan,nan,nan,nan,nan,nan,nan,nan,nan,nan,nan,0.0100424290,0.9500043392,inf,0.0400452614,inf,inf,inf,0.0599288940,0.0000209808,inf,inf,inf,inf,inf,inf,inf,1583
1779238512.0241515636,-0.0159479491,0.1000082269,0.0924479812,0.0249083000,0.0001034003,-0.0083020035,2.5120000839,nan,nan,-0.1000000015,0.0000000000,1.1599999666,0.0000000000,nan,nan,nan,nan,nan,nan,nan,nan,nan,nan,nan,nan,-0.1015098691,-0.1667843610,1.1000000238,2.3674178123,0.4968650937,0.0000000000,nan,nan,nan,nan,nan,nan,nan,nan,nan,nan,nan,nan,nan,nan,nan,nan,nan,nan,nan,nan,nan,0.0200438499,0.9600057602,inf,0.0000169277,inf,inf,inf,0.0699303150,0.0100224018,inf,inf,inf,inf,inf,inf,inf,1583
1779238512.0341536999,-0.0159479491,0.1000082269,0.0924479812,0.0249083000,0.0001034003,-0.0083020035,2.5120000839,nan,nan,-0.1000000015,0.0000000000,1.1599999666,0.0000000000,nan,nan,nan,nan,nan,nan,nan,nan,nan,nan,nan,nan,-0.1015098691,-0.1667843610,1.1000000238,2.3674178123,0.4968650937,0.0000000000,nan,nan,nan,nan,nan,nan,nan,nan,nan,nan,nan,nan,nan,nan,nan,nan,nan,nan,nan,nan,nan,0.0300459862,0.9700078964,inf,0.0100190639,inf,inf,inf,0.0799324512,0.0200245380,inf,inf,inf,inf,inf,inf,inf,1583
1779238512.0441310406,-0.0159479491,0.1000082269,0.0924479812,0.0249083000,0.0001034003,-0.0083020035,2.5120000839,nan,nan,-0.1000000015,0.0000000000,1.1599999666,0.0000000000,nan,nan,nan,nan,nan,nan,nan,nan,nan,nan,nan,nan,-0.1015098691,-0.1667843610,1.1000000238,2.3674178123,0.4968650937,0.0000000000,nan,nan,nan,nan,nan,nan,nan,nan,nan,nan,nan,nan,nan,nan,nan,nan,nan,nan,nan,nan,nan,0.0400233269,0.9799852371,inf,0.0199964046,inf,inf,inf,0.0899097919,0.0300018787,inf,inf,inf,inf,inf,inf,inf,1583
1779238512.0542182922,-0.0159479491,0.1000082269,0.0924479812,0.0249083000,0.0001034003,-0.0083020035,2.5120000839,nan,nan,-0.1000000015,0.0000000000,1.1599999666,0.0000000000,nan,nan,nan,nan,nan,nan,nan,nan,nan,nan,nan,nan,-0.1008827388,-0.1658088714,1.1000000238,2.3674178123,0.4968650937,0.0000000000,nan,nan,nan,nan,nan,nan,nan,nan,nan,nan,nan,nan,nan,nan,nan,nan,nan,nan,nan,nan,nan,0.0000574589,0.9900724888,inf,0.0300836563,inf,inf,inf,0.0000181198,0.0400891304,inf,inf,inf,inf,inf,inf,inf,1583
1779238512.0641508102,-0.0159479491,0.1000082269,0.0924479812,0.0249083000,0.0001034003,-0.0083020035,2.3120000362,nan,nan,-0.1000000015,0.0000000000,1.1599999666,0.0000000000,nan,nan,nan,nan,nan,nan,nan,nan,nan,nan,nan,nan,-0.1008827388,-0.1658088714,1.1000000238,2.3674178123,0.4968650937,0.0000000000,nan,nan,nan,nan,nan,nan,nan,nan,nan,nan,nan,nan,nan,nan,nan,nan,nan,nan,nan,nan,nan,0.0099899769,0.0000183582,inf,0.0400161743,inf,inf,inf,0.0099506378,0.0500216484,inf,inf,inf,inf,inf,inf,inf,1583
1779238512.0741560459,-0.0159479491,0.1000082269,0.0924479812,0.0249083000,0.0001034003,-0.0083020035,2.3120000362,nan,nan,-0.1000000015,0.0000000000,1.3600000143,0.0000000000,nan,nan,nan,nan,nan,nan,nan,nan,nan,nan,nan,nan,-0.1008827388,-0.1658088714,1.1000000238,2.3674178123,0.4968650937,0.0000000000,nan,nan,nan,nan,nan,nan,nan,nan,nan,nan,nan,nan,nan,nan,nan,nan,nan,nan,nan,nan,nan,0.0199952126,0.0100235939,inf,0.0000219345,inf,inf,inf,0.0199558735,0.0600268841,inf,inf,inf,inf,inf,inf,inf,1583
1779238512.0841531754,-0.0159479491,0.1000082269,0.0924479812,0.0249083000,0.0001034003,-0.0083020035,2.3120000362,nan,nan,-0.1000000015,0.0000000000,1.3600000143,0.0000000000,nan,nan,nan,nan,nan,nan,nan,nan,nan,nan,nan,nan,-0.1008827388,-0.1658088714,1.1000000238,2.3674178123,0.4968650937,0.0000000000,nan,nan,nan,nan,nan,nan,nan,nan,nan,nan,nan,nan,nan,nan,nan,nan,nan,nan,nan,nan,nan,0.0299923420,0.0200207233,inf,0.0100190639,inf,inf,inf,0.0299530029,0.0700240135,inf,inf,inf,inf,inf,inf,inf,1583
1779238512.0941584110,-0.0159479491,0.1000082269,0.0924479812,0.0249083000,0.0001034003,-0.0083020035,2.3120000362,nan,nan,-0.1000000015,0.0000000000,1.3600000143,0.0000000000,nan,nan,nan,nan,nan,nan,nan,nan,nan,nan,nan,nan,-0.1008827388,-0.1658088714,1.1000000238,2.3674178123,0.4968650937,0.0000000000,nan,nan,nan,nan,nan,nan,nan,nan,nan,nan,nan,nan,nan,nan,nan,nan,nan,nan,nan,nan,nan,0.0399975777,0.0300259590,inf,0.0200242996,inf,inf,inf,0.0399582386,0.0800292492,inf,inf,inf,inf,inf,inf,inf,1583
1779238512.1041624546,-0.0164763015,0.0996158496,0.0924203396,0.0249081324,0.0001378671,-0.0110693628,2.3120000362,nan,nan,-0.1000000015,0.0000000000,1.3600000143,0.0000000000,nan,nan,nan,nan,nan,nan,nan,nan,nan,nan,nan,nan,-0.1008827388,-0.1658088714,1.1000000238,2.3674178123,0.4968650937,0.0000000000,nan,nan,nan,nan,nan,nan,nan,nan,nan,nan,nan,nan,nan,nan,nan,nan,nan,nan,nan,nan,nan,0.0000228882,0.0400300026,inf,0.0300283432,inf,inf,inf,0.0499622822,0.0900332928,inf,inf,inf,inf,inf,inf,inf,1583
1779238512.1142036915,-0.0164763015,0.0996158496,0.0924203396,0.0249081324,0.0001378671,-0.0110693628,2.3120000362,nan,nan,-0.1000000015,0.0000000000,1.3600000143,0.0000000000,nan,nan,nan,nan,nan,nan,nan,nan,nan,nan,nan,nan,-0.1008827388,-0.1658088714,1.1000000238,2.3674178123,0.4968650937,0.0000000000,nan,nan,nan,nan,nan,nan,nan,nan,nan,nan,nan,nan,nan,nan,nan,nan,nan,nan,nan,nan,nan,0.0100641251,0.0500712395,inf,0.0400695801,inf,inf,inf,0.0600035191,0.0000305176,inf,inf,inf,inf,inf,inf,inf,1583
1779238512.1241827011,-0.0164763015,0.0996158496,0.0924203396,0.0249081324,0.0001378671,-0.0110693628,2.3120000362,nan,nan,-0.1000000015,0.0000000000,1.3600000143,0.0000000000,nan,nan,nan,nan,nan,nan,nan,nan,nan,nan,nan,nan,-0.1008827388,-0.1658088714,1.1000000238,2.3674178123,0.4968650937,0.0000000000,nan,nan,nan,nan,nan,nan,nan,nan,nan,nan,nan,nan,nan,nan,nan,nan,nan,nan,nan,nan,nan,0.0200431347,0.0600502491,inf,0.0000219345,inf,inf,inf,0.0699825287,0.0100095272,inf,inf,inf,inf,inf,inf,inf,1583
1779238512.1341543198,-0.0164763015,0.0996158496,0.0924203396,0.0249081324,0.0001378671,-0.0110693628,2.3120000362,nan,nan,-0.1000000015,0.0000000000,1.3600000143,0.0000000000,nan,nan,nan,nan,nan,nan,nan,nan,nan,nan,nan,nan,-0.1008827388,-0.1658088714,1.1000000238,2.3674178123,0.4968650937,0.0000000000,nan,nan,nan,nan,nan,nan,nan,nan,nan,nan,nan,nan,nan,nan,nan,nan,nan,nan,nan,nan,nan,0.0300147533,0.0700218678,inf,0.0099935532,inf,inf,inf,0.0799541473,0.0199811459,inf,inf,inf,inf,inf,inf,inf,1583
1779238512.1441488266,-0.0164763015,0.0996158496,0.0924203396,0.0249081324,0.0001378671,-0.0110693628,2.3120000362,nan,nan,-0.1000000015,0.0000000000,1.3600000143,0.0000000000,nan,nan,nan,nan,nan,nan,nan,nan,nan,nan,nan,nan,-0.1008827388,-0.1658088714,1.1000000238,2.3674178123,0.4968650937,0.0000000000,nan,nan,nan,nan,nan,nan,nan,nan,nan,nan,nan,nan,nan,nan,nan,nan,nan,nan,nan,nan,nan,0.0400092602,0.0800163746,inf,0.0199880600,inf,inf,inf,0.0899486542,0.0299756527,inf,inf,inf,inf,inf,inf,inf,1583
1779238512.1541905403,-0.0164763015,0.0996158496,0.0924203396,0.0249081324,0.0001378671,-0.0110693628,2.3120000362,nan,nan,-0.1000000015,0.0000000000,1.3600000143,0.0000000000,nan,nan,nan,nan,nan,nan,nan,nan,nan,nan,nan,nan,-0.1008827388,-0.1658088714,1.1000000238,2.3674178123,0.4968650937,0.0000000000,nan,nan,nan,nan,nan,nan,nan,nan,nan,nan,nan,nan,nan,nan,nan,nan,nan,nan,nan,nan,nan,0.0000572205,0.0900580883,inf,0.0300297737,inf,inf,inf,0.0000174046,0.0400173664,inf,inf,inf,inf,inf,inf,inf,1583
1779238512.1641678810,-0.0164763015,0.0996158496,0.0924203396,0.0249081324,0.0001378671,-0.0110693628,2.3120000362,nan,nan,-0.1000000015,0.0000000000,1.3600000143,0.0000000000,nan,nan,nan,nan,nan,nan,nan,nan,nan,nan,nan,nan,-0.1008827388,-0.1658088714,1.1000000238,2.3674178123,0.4968650937,0.0000000000,nan,nan,nan,nan,nan,nan,nan,nan,nan,nan,nan,nan,nan,nan,nan,nan,nan,nan,nan,nan,nan,0.0100345612,0.1000354290,inf,0.0400071144,inf,inf,inf,0.0099947453,0.0499947071,inf,inf,inf,inf,inf,inf,inf,1583
1779238512.1741552353,-0.0164763015,0.0996158496,0.0924203396,0.0249081324,0.0001378671,-0.0110693628,2.3120000362,nan,nan,-0.1000000015,0.0000000000,1.3600000143,0.0000000000,nan,nan,nan,nan,nan,nan,nan,nan,nan,nan,nan,nan,-0.1008827388,-0.1658088714,1.1000000238,2.3674178123,0.4968650937,0.0000000000,nan,nan,nan,nan,nan,nan,nan,nan,nan,nan,nan,nan,nan,nan,nan,nan,nan,nan,nan,nan,nan,0.0200219154,0.1100227833,inf,0.0000181198,inf,inf,inf,0.0199820995,0.0599820614,inf,inf,inf,inf,inf,inf,inf,1583
1779238512.1841573715,-0.0164763015,0.0996158496,0.0924203396,0.0249081324,0.0001378671,-0.0110693628,2.3120000362,nan,nan,-0.1000000015,0.0000000000,1.3600000143,0.0000000000,nan,nan,nan,nan,nan,nan,nan,nan,nan,nan,nan,nan,-0.1008827388,-0.1658088714,1.1000000238,2.3674178123,0.4968650937,0.0000000000,nan,nan,nan,nan,nan,nan,nan,nan,nan,nan,nan,nan,nan,nan,nan,nan,nan,nan,nan,nan,nan,0.0300240517,0.1200249195,inf,0.0100202560,inf,inf,inf,0.0299842358,0.0699841976,inf,inf,inf,inf,inf,inf,inf,1583
1779238512.1941497326,-0.0164763015,0.0996158496,0.0924203396,0.0249081324,0.0001378671,-0.0110693628,2.3120000362,nan,nan,-0.1000000015,0.0000000000,1.3600000143,0.0000000000,nan,nan,nan,nan,nan,nan,nan,nan,nan,nan,nan,nan,-0.1008827388,-0.1658088714,1.1000000238,2.3674178123,0.4968650937,0.0000000000,nan,nan,nan,nan,nan,nan,nan,nan,nan,nan,nan,nan,nan,nan,nan,nan,nan,nan,nan,nan,nan,0.0400164127,0.1300172806,inf,0.0200126171,inf,inf,inf,0.0399765968,0.0799765587,inf,inf,inf,inf,inf,inf,inf,1583
1779238512.2041511536,-0.0164763015,0.0996158496,0.0924203396,0.0249081324,0.0001378671,-0.0110693628,2.3120000362,nan,nan,-0.1000000015,0.0000000000,1.3600000143,0.0000000000,nan,nan,nan,nan,nan,nan,nan,nan,nan,nan,nan,nan,-0.1008827388,-0.1658088714,1.1000000238,2.3674178123,0.4968650937,0.0000000000,nan,nan,nan,nan,nan,nan,nan,nan,nan,nan,nan,nan,nan,nan,nan,nan,nan,nan,nan,nan,nan,0.0000178814,0.1400187016,inf,0.0300140381,inf,inf,inf,0.0499780178,0.0899779797,inf,inf,inf,inf,inf,inf,inf,1583
1779238512.2141928673,-0.0164763015,0.0996158496,0.0924203396,0.0249081324,0.0001378671,-0.0110693628,2.3120000362,nan,nan,-0.1000000015,0.0000000000,1.3600000143,0.0000000000,nan,nan,nan,nan,nan,nan,nan,nan,nan,nan,nan,nan,-0.1008827388,-0.1658088714,1.1000000238,2.3674178123,0.4968650937,0.0000000000,nan,nan,nan,nan,nan,nan,nan,nan,nan,nan,nan,nan,nan,nan,nan,nan,nan,nan,nan,nan,nan,0.0100595951,0.1500604153,inf,0.0400557518,inf,inf,inf,0.0600197315,0.0000212193,inf,inf,inf,inf,inf,inf,inf,1583
1779238512.2241377831,-0.0164763015,0.0996158496,0.0924203396,0.0249081324,0.0001378671,-0.0110693628,2.3120000362,nan,nan,-0.1000000015,0.0000000000,1.5599999428,0.0000000000,nan,nan,nan,nan,nan,nan,nan,nan,nan,nan,nan,nan,-0.1008827388,-0.1658088714,1.1000000238,2.3674178123,0.4968650937,0.0000000000,nan,nan,nan,nan,nan,nan,nan,nan,nan,nan,nan,nan,nan,nan,nan,nan,nan,nan,nan,nan,nan,0.0200045109,0.1600053310,inf,0.0000281334,inf,inf,inf,0.0699646473,0.0099661350,inf,inf,inf,inf,inf,inf,inf,1583
1779238512.2341415882,-0.0164763015,0.0996158496,0.0924203396,0.0249081324,0.0001378671,-0.0110693628,2.3120000362,nan,nan,-0.1000000015,0.0000000000,1.5599999428,0.0000000000,nan,nan,nan,nan,nan,nan,nan,nan,nan,nan,nan,nan,-0.1008827388,-0.1658088714,1.1000000238,2.3674178123,0.4968650937,0.0000000000,nan,nan,nan,nan,nan,nan,nan,nan,nan,nan,nan,nan,nan,nan,nan,nan,nan,nan,nan,nan,nan,0.0300083160,0.1700091362,inf,0.0100319386,inf,inf,inf,0.0799684525,0.0199699402,inf,inf,inf,inf,inf,inf,inf,1583
1779238512.2441546917,-0.0164763015,0.0996158496,0.0924203396,0.0249081324,0.0001378671,-0.0110693628,2.3120000362,nan,nan,-0.1000000015,0.0000000000,1.5599999428,0.0000000000,nan,nan,nan,nan,nan,nan,nan,nan,nan,nan,nan,nan,-0.1008827388,-0.1658088714,1.1000000238,2.3674178123,0.4968650937,0.0000000000,nan,nan,nan,nan,nan,nan,nan,nan,nan,nan,nan,nan,nan,nan,nan,nan,nan,nan,nan,nan,nan,0.0400214195,0.1800222397,inf,0.0200450420,inf,inf,inf,0.0899815559,0.0299830437,inf,inf,inf,inf,inf,inf,inf,1583
1779238512.2541759014,-0.0164763015,0.0996158496,0.0924203396,0.0249081324,0.0001378671,-0.0110693628,2.3120000362,nan,nan,-0.1000000015,0.0000000000,1.5599999428,0.0000000000,nan,nan,nan,nan,nan,nan,nan,nan,nan,nan,nan,nan,-0.1008827388,-0.1658088714,1.1000000238,2.3674178123,0.4968650937,0.0000000000,nan,nan,nan,nan,nan,nan,nan,nan,nan,nan,nan,nan,nan,nan,nan,nan,nan,nan,nan,nan,nan,0.0000667572,0.1900434494,inf,0.0300662518,inf,inf,inf,0.0000162125,0.0400042534,inf,inf,inf,inf,inf,inf,inf,1583
1779238512.2641468048,-0.0164763015,0.0996158496,0.0924203396,0.0249081324,0.0001378671,-0.0110693628,2.3120000362,nan,nan,-0.1000000015,0.0000000000,1.5599999428,0.0000000000,nan,nan,nan,nan,nan,nan,nan,nan,nan,nan,nan,nan,-0.1008827388,-0.1658088714,1.1000000238,2.3674178123,0.4968650937,0.0000000000,nan,nan,nan,nan,nan,nan,nan,nan,nan,nan,nan,nan,nan,nan,nan,nan,nan,nan,nan,nan,nan,0.0100376606,0.2000143528,inf,0.0400371552,inf,inf,inf,0.0099871159,0.0499751568,inf,inf,inf,inf,inf,inf,inf,1583
1779238512.2741556168,-0.0164763015,0.0996158496,0.0924203396,0.0249081324,0.0001378671,-0.0110693628,2.3120000362,nan,nan,-0.1000000015,0.0000000000,1.5599999428,0.0000000000,nan,nan,nan,nan,nan,nan,nan,nan,nan,nan,nan,nan,-0.1008827388,-0.1658088714,1.1000000238,2.3674178123,0.4968650937,0.0000000000,nan,nan,nan,nan,nan,nan,nan,nan,nan,nan,nan,nan,nan,nan,nan,nan,nan,nan,nan,nan,nan,0.0200464725,0.2100231647,inf,0.0000188351,inf,inf,inf,0.0199959278,0.0599839687,inf,inf,inf,inf,inf,inf,inf,1583
1779238512.2841675282,-0.0164763015,0.0996158496,0.0924203396,0.0249081324,0.0001378671,-0.0110693628,2.3120000362,nan,nan,-0.1000000015,0.0000000000,1.5599999428,0.0000000000,nan,nan,nan,nan,nan,nan,nan,nan,nan,nan,nan,nan,-0.1008827388,-0.1658088714,1.1000000238,2.3674178123,0.4968650937,0.0000000000,nan,nan,nan,nan,nan,nan,nan,nan,nan,nan,nan,nan,nan,nan,nan,nan,nan,nan,nan,nan,nan,0.0300583839,0.2200350761,inf,0.0100307465,inf,inf,inf,0.0300078392,0.0699958801,inf,inf,inf,inf,inf,inf,inf,1583
1779238512.2941546440,-0.0164763015,0.0996158496,0.0924203396,0.0249081324,0.0001378671,-0.0110693628,2.3120000362,nan,nan,-0.1000000015,0.0000000000,1.5599999428,0.0000000000,nan,nan,nan,nan,nan,nan,nan,nan,nan,nan,nan,nan,-0.1008827388,-0.1658088714,1.1000000238,2.3674178123,0.4968650937,0.0000000000,nan,nan,nan,nan,nan,nan,nan,nan,nan,nan,nan,nan,nan,nan,nan,nan,nan,nan,nan,nan,nan,0.0400454998,0.2300221920,inf,0.0200178623,inf,inf,inf,0.0399949551,0.0799829960,inf,inf,inf,inf,inf,inf,inf,1583
1779238512.3041970730,-0.0164763015,0.0996158496,0.0924203396,0.0249081324,0.0001378671,-0.0110693628,2.3120000362,nan,nan,-0.1000000015,0.0000000000,1.5599999428,0.0000000000,nan,nan,nan,nan,nan,nan,nan,nan,nan,nan,nan,nan,-0.1008827388,-0.1658088714,1.1000000238,2.3674178123,0.4968650937,0.0000000000,nan,nan,nan,nan,nan,nan,nan,nan,nan,nan,nan,nan,nan,nan,nan,nan,nan,nan,nan,nan,nan,0.0000236034,0.2400646210,inf,0.0300602913,inf,inf,inf,0.0500373840,0.0900254250,inf,inf,inf,inf,inf,inf,inf,1583
1779238512.3142194748,-0.0164763015,0.0996158496,0.0924203396,0.0249081324,0.0001378671,-0.0110693628,2.3120000362,nan,nan,-0.1000000015,0.0000000000,1.5599999428,0.0000000000,nan,nan,nan,nan,nan,nan,nan,nan,nan,nan,nan,nan,-0.1008827388,-0.1658088714,1.1000000238,2.3674178123,0.4968650937,0.0000000000,nan,nan,nan,nan,nan,nan,nan,nan,nan,nan,nan,nan,nan,nan,nan,nan,nan,nan,nan,nan,nan,0.0100460052,0.2500870228,inf,0.0400826931,inf,inf,inf,0.0600597858,0.0000262260,inf,inf,inf,inf,inf,inf,inf,1583
1779238512.3242087364,-0.0164763015,0.0996158496,0.0924203396,0.0249081324,0.0001378671,-0.0110693628,2.3120000362,nan,nan,-0.1000000015,0.0000000000,1.5599999428,0.0000000000,nan,nan,nan,nan,nan,nan,nan,nan,nan,nan,nan,nan,-0.1008827388,-0.1658088714,1.1000000238,2.3674178123,0.4968650937,0.0000000000,nan,nan,nan,nan,nan,nan,nan,nan,nan,nan,nan,nan,nan,nan,nan,nan,nan,nan,nan,nan,nan,0.0200352669,0.2600762844,inf,0.0000238419,inf,inf,inf,0.0700490475,0.0100154877,inf,inf,inf,inf,inf,inf,inf,1583
1779238512.3341555595,-0.0164763015,0.0996158496,0.0924203396,0.0249081324,0.0001378671,-0.0110693628,2.3120000362,nan,nan,-0.1000000015,0.0000000000,1.5599999428,0.0000000000,nan,nan,nan,nan,nan,nan,nan,nan,nan,nan,nan,nan,-0.1008827388,-0.1658088714,1.1000000238,2.3674178123,0.4968650937,0.0000000000,nan,nan,nan,nan,nan,nan,nan,nan,nan,nan,nan,nan,nan,nan,nan,nan,nan,nan,nan,nan,nan,0.0299820900,0.2700231075,inf,0.0099706650,inf,inf,inf,0.0799958706,0.0199623108,inf,inf,inf,inf,inf,inf,inf,1583
1779238512.3441588879,-0.0164763015,0.0996158496,0.0924203396,0.0249081324,0.0001378671,-0.0110693628,2.3120000362,nan,nan,-0.1000000015,0.0000000000,1.5599999428,0.0000000000,nan,nan,nan,nan,nan,nan,nan,nan,nan,nan,nan,nan,-0.1008827388,-0.1658088714,1.1000000238,2.3674178123,0.4968650937,0.0000000000,nan,nan,nan,nan,nan,nan,nan,nan,nan,nan,nan,nan,nan,nan,nan,nan,nan,nan,nan,nan,nan,0.0399854183,0.2800264359,inf,0.0199739933,inf,inf,inf,0.0899991989,0.0299656391,inf,inf,inf,inf,inf,inf,inf,1583
1779238512.3542006016,-0.0164763015,0.0996158496,0.0924203396,0.0249081324,0.0001378671,-0.0110693628,2.3120000362,nan,nan,-0.1000000015,0.0000000000,1.5599999428,0.0000000000,nan,nan,nan,nan,nan,nan,nan,nan,nan,nan,nan,nan,-0.1008827388,-0.1658088714,1.1000000238,2.3674178123,0.4968650937,0.0000000000,nan,nan,nan,nan,nan,nan,nan,nan,nan,nan,nan,nan,nan,nan,nan,nan,nan,nan,nan,nan,nan,0.0000526905,0.2900681496,inf,0.0300157070,inf,inf,inf,0.0000166893,0.0400073528,inf,inf,inf,inf,inf,inf,inf,1583
1779238512.3641107082,-0.0164763015,0.0996158496,0.0924203396,0.0249081324,0.0001378671,-0.0110693628,2.3120000362,nan,nan,-0.1000000015,0.0000000000,1.5599999428,0.0000000000,nan,nan,nan,nan,nan,nan,nan,nan,nan,nan,nan,nan,-0.1008827388,-0.1658088714,1.1000000238,2.3674178123,0.4968650937,0.0000000000,nan,nan,nan,nan,nan,nan,nan,nan,nan,nan,nan,nan,nan,nan,nan,nan,nan,nan,nan,nan,nan,0.0099627972,0.2999782562,inf,0.0399258137,inf,inf,inf,0.0099267960,0.0499174595,inf,inf,inf,inf,inf,inf,inf,1583
1779238512.3742096424,-0.0164763015,0.0996158496,0.0924203396,0.0249081324,0.0001378671,-0.0110693628,2.3120000362,nan,nan,-0.1000000015,0.0000000000,1.5599999428,0.0000000000,nan,nan,nan,nan,nan,nan,nan,nan,nan,nan,nan,nan,-0.1008827388,-0.1658088714,1.1000000238,2.3674178123,0.4968650937,0.0000000000,nan,nan,nan,nan,nan,nan,nan,nan,nan,nan,nan,nan,nan,nan,nan,nan,nan,nan,nan,nan,nan,0.0200617313,0.3100771904,inf,0.0000228882,inf,inf,inf,0.0200257301,0.0600163937,inf,inf,inf,inf,inf,inf,inf,1583
1779238512.3841369152,-0.0164763015,0.0996158496,0.0924203396,0.0249081324,0.0001378671,-0.0110693628,2.3120000362,nan,nan,-0.1000000015,0.0000000000,1.5599999428,0.0000000000,nan,nan,nan,nan,nan,nan,nan,nan,nan,nan,nan,nan,-0.1008827388,-0.1658088714,1.1000000238,2.3674178123,0.4968650937,0.0000000000,nan,nan,nan,nan,nan,nan,nan,nan,nan,nan,nan,nan,nan,nan,nan,nan,nan,nan,nan,nan,nan,0.0299890041,0.3200044632,inf,0.0099501610,inf,inf,inf,0.0299530029,0.0699436665,inf,inf,inf,inf,inf,inf,inf,1583
1779238512.3941371441,-0.0164763015,0.0996158496,0.0924203396,0.0249081324,0.0001378671,-0.0110693628,2.3120000362,nan,nan,-0.1000000015,0.0000000000,1.5599999428,0.0000000000,nan,nan,nan,nan,nan,nan,nan,nan,nan,nan,nan,nan,-0.1008827388,-0.1658088714,1.1000000238,2.3674178123,0.4968650937,0.0000000000,nan,nan,nan,nan,nan,nan,nan,nan,nan,nan,nan,nan,nan,nan,nan,nan,nan,nan,nan,nan,nan,0.0399892330,0.3300046921,inf,0.0199503899,inf,inf,inf,0.0399532318,0.0799438953,inf,inf,inf,inf,inf,inf,inf,1583
1779238512.4041092396,-0.0164763015,0.0996158496,0.0924203396,0.0249081324,0.0001378671,-0.0110693628,2.3120000362,nan,nan,-0.1000000015,0.0000000000,1.5599999428,0.0000000000,nan,nan,nan,nan,nan,nan,nan,nan,nan,nan,nan,nan,-0.1008827388,-0.1658088714,1.1000000238,2.3674178123,0.4968650937,0.0000000000,nan,nan,nan,nan,nan,nan,nan,nan,nan,nan,nan,nan,nan,nan,nan,nan,nan,nan,nan,nan,nan,0.0000145435,0.3399767876,inf,0.0299224854,inf,inf,inf,0.0499253273,0.0899159908,inf,inf,inf,inf,inf,inf,inf,1583
1779238512.4140946865,-0.0164763015,0.0996158496,0.0924203396,0.0249081324,0.0001378671,-0.0110693628,2.3120000362,nan,nan,-0.1000000015,0.0000000000,1.5599999428,0.0000000000,nan,nan,nan,nan,nan,nan,nan,nan,nan,nan,nan,nan,-0.1008827388,-0.1658088714,1.1000000238,2.3674178123,0.4968650937,0.0000000000,nan,nan,nan,nan,nan,nan,nan,nan,nan,nan,nan,nan,nan,nan,nan,nan,nan,nan,nan,nan,nan,0.0099999905,0.3499622345,inf,0.0399079323,inf,inf,inf,0.0599107742,0.0000126362,inf,inf,inf,inf,inf,inf,inf,1583
1779238512.4240972996,-0.0164763015,0.0996158496,0.0924203396,0.0249081324,0.0001378671,-0.0110693628,2.3120000362,nan,nan,-0.1000000015,0.0000000000,1.5599999428,0.0000000000,nan,nan,nan,nan,nan,nan,nan,nan,nan,nan,nan,nan,-0.1008827388,-0.1658088714,1.1000000238,2.3674178123,0.4968650937,0.0000000000,nan,nan,nan,nan,nan,nan,nan,nan,nan,nan,nan,nan,nan,nan,nan,nan,nan,nan,nan,nan,nan,0.0200026035,0.3599648476,inf,0.0000112057,inf,inf,inf,0.0699133873,0.0100152493,inf,inf,inf,inf,inf,inf,inf,1583
1779238512.4341208935,-0.0164763015,0.0996158496,0.0924203396,0.0249081324,0.0001378671,-0.0110693628,2.3120000362,nan,nan,-0.1000000015,0.0000000000,1.5599999428,0.0000000000,nan,nan,nan,nan,nan,nan,nan,nan,nan,nan,nan,nan,-0.1008827388,-0.1658088714,1.1000000238,2.3674178123,0.4968650937,0.0000000000,nan,nan,nan,nan,nan,nan,nan,nan,nan,nan,nan,nan,nan,nan,nan,nan,nan,nan,nan,nan,nan,0.0300261974,0.3699884415,inf,0.0100347996,inf,inf,inf,0.0799369812,0.0200388432,inf,inf,inf,inf,inf,inf,inf,1583
1779238512.4441046715,-0.0164763015,0.0996158496,0.0924203396,0.0249081324,0.0001378671,-0.0110693628,2.3120000362,nan,nan,-0.1000000015,0.0000000000,1.5599999428,0.0000000000,nan,nan,nan,nan,nan,nan,nan,nan,nan,nan,nan,nan,-0.1008827388,-0.1658088714,1.1000000238,2.3674178123,0.4968650937,0.0000000000,nan,nan,nan,nan,nan,nan,nan,nan,nan,nan,nan,nan,nan,nan,nan,nan,nan,nan,nan,nan,nan,0.0400099754,0.3799722195,inf,0.0200185776,inf,inf,inf,0.0899207592,0.0300226212,inf,inf,inf,inf,inf,inf,inf,1583
1779238512.4541029930,-0.0164763015,0.0996158496,0.0924203396,0.0249081324,0.0001378671,-0.0110693628,2.3120000362,nan,nan,-0.1000000015,0.0000000000,1.5599999428,0.0000000000,nan,nan,nan,nan,nan,nan,nan,nan,nan,nan,nan,nan,-0.1008827388,-0.1658088714,1.1000000238,2.3674178123,0.4968650937,0.0000000000,nan,nan,nan,nan,nan,nan,nan,nan,nan,nan,nan,nan,nan,nan,nan,nan,nan,nan,nan,nan,nan,0.0000331402,0.3899705410,inf,0.0300168991,inf,inf,inf,0.0000104904,0.0400209427,inf,inf,inf,inf,inf,inf,inf,1583
1779238512.4641063213,-0.0164763015,0.0996158496,0.0924203396,0.0249081324,0.0001378671,-0.0110693628,2.3120000362,nan,nan,-0.1000000015,0.0000000000,1.5599999428,0.0000000000,nan,nan,nan,nan,nan,nan,nan,nan,nan,nan,nan,nan,-0.1008827388,-0.1658088714,1.1000000238,2.3674178123,0.4968650937,0.0000000000,nan,nan,nan,nan,nan,nan,nan,nan,nan,nan,nan,nan,nan,nan,nan,nan,nan,nan,nan,nan,nan,0.0100364685,0.3999738693,inf,0.0400202274,inf,inf,inf,0.0100138187,0.0500242710,inf,inf,inf,inf,inf,inf,inf,1583
1779238512.4740777016,-0.0164763015,0.0996158496,0.0924203396,0.0249081324,0.0001378671,-0.0110693628,2.3120000362,nan,nan,-0.1000000015,0.0000000000,1.5599999428,0.0000000000,nan,nan,nan,nan,nan,nan,nan,nan,nan,nan,nan,nan,-0.1008827388,-0.1658088714,1.1000000238,2.3674178123,0.4968650937,0.0000000000,nan,nan,nan,nan,nan,nan,nan,nan,nan,nan,nan,nan,nan,nan,nan,nan,nan,nan,nan,nan,nan,0.0200078487,0.4099452496,inf,0.0000097752,inf,inf,inf,0.0199851990,0.0599956512,inf,inf,inf,inf,inf,inf,inf,1583
1779238512.4840886593,-0.0164763015,0.0996158496,0.0924203396,0.0249081324,0.0001378671,-0.0110693628,2.3120000362,nan,nan,-0.1000000015,0.0000000000,1.5599999428,0.0000000000,nan,nan,nan,nan,nan,nan,nan,nan,nan,nan,nan,nan,-0.1008827388,-0.1658088714,1.1000000238,2.3674178123,0.4968650937,0.0000000000,nan,nan,nan,nan,nan,nan,nan,nan,nan,nan,nan,nan,nan,nan,nan,nan,nan,nan,nan,nan,nan,0.0300188065,0.4199562073,inf,0.0100207329,inf,inf,inf,0.0299961567,0.0700066090,inf,inf,inf,inf,inf,inf,inf,1583
1779238512.4940733910,-0.0164763015,0.0996158496,0.0924203396,0.0249081324,0.0001378671,-0.0110693628,2.3120000362,nan,nan,-0.1000000015,0.0000000000,1.5599999428,0.0000000000,nan,nan,nan,nan,nan,nan,nan,nan,nan,nan,nan,nan,-0.1008827388,-0.1658088714,1.1000000238,2.3674178123,0.4968650937,0.0000000000,nan,nan,nan,nan,nan,nan,nan,nan,nan,nan,nan,nan,nan,nan,nan,nan,nan,nan,nan,nan,nan,0.0400035381,0.4299409389,inf,0.0200054646,inf,inf,inf,0.0399808884,0.0799913406,inf,inf,inf,inf,inf,inf,inf,1583
1779238512.5040879250,-0.0164763015,0.0996158496,0.0924203396,0.0249081324,0.0001378671,-0.0110693628,2.3120000362,nan,nan,-0.1000000015,0.0000000000,1.5599999428,0.0000000000,nan,nan,nan,nan,nan,nan,nan,nan,nan,nan,nan,nan,-0.1008827388,-0.1658088714,1.1000000238,2.3674178123,0.4968650937,0.0000000000,nan,nan,nan,nan,nan,nan,nan,nan,nan,nan,nan,nan,nan,nan,nan,nan,nan,nan,nan,nan,nan,0.0000102520,0.4399554729,inf,0.0300199986,inf,inf,inf,0.0499954224,0.0900058746,inf,inf,inf,inf,inf,inf,inf,1583
1779238512.5140800476,-0.0164763015,0.0996158496,0.0924203396,0.0249081324,0.0001378671,-0.0110693628,2.3120000362,nan,nan,-0.1000000015,0.0000000000,1.5599999428,0.0000000000,nan,nan,nan,nan,nan,nan,nan,nan,nan,nan,nan,nan,-0.1008827388,-0.1658088714,1.1000000238,2.3674178123,0.4968650937,0.0000000000,nan,nan,nan,nan,nan,nan,nan,nan,nan,nan,nan,nan,nan,nan,nan,nan,nan,nan,nan,nan,nan,0.0100023746,0.4499475956,inf,0.0400121212,inf,inf,inf,0.0599875450,0.0000102520,inf,inf,inf,inf,inf,inf,inf,1583
1779238512.5241181850,-0.0164763015,0.0996158496,0.0924203396,0.0249081324,0.0001378671,-0.0110693628,2.3120000362,nan,nan,-0.1000000015,0.0000000000,1.5599999428,0.0000000000,nan,nan,nan,nan,nan,nan,nan,nan,nan,nan,nan,nan,-0.1008827388,-0.1658088714,1.1000000238,2.3674178123,0.4968650937,0.0000000000,nan,nan,nan,nan,nan,nan,nan,nan,nan,nan,nan,nan,nan,nan,nan,nan,nan,nan,nan,nan,nan,0.0200405121,0.4599857330,inf,0.0000126362,inf,inf,inf,0.0700256824,0.0100483894,inf,inf,inf,inf,inf,inf,inf,1583
1779238512.5341050625,-0.0164763015,0.0996158496,0.0924203396,0.0249081324,0.0001378671,-0.0110693628,2.3120000362,nan,nan,-0.1000000015,0.0000000000,1.5599999428,0.0000000000,nan,nan,nan,nan,nan,nan,nan,nan,nan,nan,nan,nan,-0.1008827388,-0.1658088714,1.1000000238,2.3674178123,0.4968650937,0.0000000000,nan,nan,nan,nan,nan,nan,nan,nan,nan,nan,nan,nan,nan,nan,nan,nan,nan,nan,nan,nan,nan,0.0300273895,0.4699726105,inf,0.0099995136,inf,inf,inf,0.0800125599,0.0200352669,inf,inf,inf,inf,inf,inf,inf,1583
1779238512.5440905094,-0.0164763015,0.0996158496,0.0924203396,0.0249081324,0.0001378671,-0.0110693628,2.3120000362,nan,nan,-0.1000000015,0.0000000000,1.5599999428,0.0000000000,nan,nan,nan,nan,nan,nan,nan,nan,nan,nan,nan,nan,-0.1008827388,-0.1658088714,1.1000000238,2.3674178123,0.4968650937,0.0000000000,nan,nan,nan,nan,nan,nan,nan,nan,nan,nan,nan,nan,nan,nan,nan,nan,nan,nan,nan,nan,nan,0.0400128365,0.4799580574,inf,0.0199849606,inf,inf,inf,0.0899980068,0.0300207138,inf,inf,inf,inf,inf,inf,inf,1583
1779238512.5541331768,-0.0164763015,0.0996158496,0.0924203396,0.0249081324,0.0001378671,-0.0110693628,2.3120000362,nan,nan,-0.1000000015,0.0000000000,1.5599999428,0.0000000000,nan,nan,nan,nan,nan,nan,nan,nan,nan,nan,nan,nan,-0.1008827388,-0.1658088714,1.1000000238,2.3674178123,0.4968650937,0.0000000000,nan,nan,nan,nan,nan,nan,nan,nan,nan,nan,nan,nan,nan,nan,nan,nan,nan,nan,nan,nan,nan,0.0000369549,0.4900007248,inf,0.0300276279,inf,inf,inf,0.0000090599,0.0400633812,inf,inf,inf,inf,inf,inf,inf,1583
1779238512.5640830994,-0.0164763015,0.0996158496,0.0924203396,0.0249081324,0.0001378671,-0.0110693628,2.3120000362,nan,nan,-0.1000000015,0.0000000000,1.5599999428,0.0000000000,nan,nan,nan,nan,nan,nan,nan,nan,nan,nan,nan,nan,-0.1008827388,-0.1658088714,1.1000000238,2.3674178123,0.4968650937,0.0000000000,nan,nan,nan,nan,nan,nan,nan,nan,nan,nan,nan,nan,nan,nan,nan,nan,nan,nan,nan,nan,nan,0.0099868774,0.4999506474,inf,0.0399775505,inf,inf,inf,0.0099589825,0.0500133038,inf,inf,inf,inf,inf,inf,inf,1583
1779238512.5741035938,-0.0164763015,0.0996158496,0.0924203396,0.0249081324,0.0001378671,-0.0110693628,2.3120000362,nan,nan,-0.1000000015,0.0000000000,1.5599999428,0.0000000000,nan,nan,nan,nan,nan,nan,nan,nan,nan,nan,nan,nan,-0.1008827388,-0.1658088714,1.1000000238,2.3674178123,0.4968650937,0.0000000000,nan,nan,nan,nan,nan,nan,nan,nan,nan,nan,nan,nan,nan,nan,nan,nan,nan,nan,nan,nan,nan,0.0200073719,0.5099711418,inf,0.0000131130,inf,inf,inf,0.0199794769,0.0600337982,inf,inf,inf,inf,inf,inf,inf,1583
1779238512.5841369629,-0.0164763015,0.0996158496,0.0924203396,0.0249081324,0.0001378671,-0.0110693628,2.3120000362,nan,nan,-0.1000000015,0.0000000000,1.5599999428,0.0000000000,nan,nan,nan,nan,nan,nan,nan,nan,nan,nan,nan,nan,-0.1008827388,-0.1658088714,1.1000000238,2.3674178123,0.4968650937,0.0000000000,nan,nan,nan,nan,nan,nan,nan,nan,nan,nan,nan,nan,nan,nan,nan,nan,nan,nan,nan,nan,nan,0.0300407410,0.5200045109,inf,0.0100464821,inf,inf,inf,0.0300128460,0.0700671673,inf,inf,inf,inf,inf,inf,inf,1583
1779238512.5941526890,-0.0164763015,0.0996158496,0.0924203396,0.0249081324,0.0001378671,-0.0110693628,2.3120000362,nan,nan,-0.1000000015,0.0000000000,1.5599999428,0.0000000000,nan,nan,nan,nan,nan,nan,nan,nan,nan,nan,nan,nan,-0.1008827388,-0.1658088714,1.1000000238,2.3674178123,0.4968650937,0.0000000000,nan,nan,nan,nan,nan,nan,nan,nan,nan,nan,nan,nan,nan,nan,nan,nan,nan,nan,nan,nan,nan,0.0400564671,0.5300202370,inf,0.0200622082,inf,inf,inf,0.0400285721,0.0800828934,inf,inf,inf,inf,inf,inf,inf,1583
1779238512.6041936874,-0.0164763015,0.0996158496,0.0924203396,0.0249081324,0.0001378671,-0.0110693628,2.3120000362,nan,nan,-0.1000000015,0.0000000000,1.5599999428,0.0000000000,nan,nan,nan,nan,nan,nan,nan,nan,nan,nan,nan,nan,-0.1008827388,-0.1658088714,1.1000000238,2.3674178123,0.4968650937,0.0000000000,nan,nan,nan,nan,nan,nan,nan,nan,nan,nan,nan,nan,nan,nan,nan,nan,nan,nan,nan,nan,nan,0.0000219345,0.5400612354,inf,0.0301032066,inf,inf,inf,0.0500695705,0.0901238918,inf,inf,inf,inf,inf,inf,inf,1583
1779238512.6142013073,-0.0164763015,0.0996158496,0.0924203396,0.0249081324,0.0001378671,-0.0110693628,2.3120000362,nan,nan,-0.1000000015,0.0000000000,1.5599999428,0.0000000000,nan,nan,nan,nan,nan,nan,nan,nan,nan,nan,nan,nan,-0.1008827388,-0.1658088714,1.1000000238,2.3674178123,0.4968650937,0.0000000000,nan,nan,nan,nan,nan,nan,nan,nan,nan,nan,nan,nan,nan,nan,nan,nan,nan,nan,nan,nan,nan,0.0100295544,0.5500688553,inf,0.0401108265,inf,inf,inf,0.0600771904,0.0000214577,inf,inf,inf,inf,inf,inf,inf,1583
1779238512.6241471767,-0.0164763015,0.0996158496,0.0924203396,0.0249081324,0.0001378671,-0.0110693628,2.3120000362,nan,nan,-0.1000000015,0.0000000000,1.5599999428,0.0000000000,nan,nan,nan,nan,nan,nan,nan,nan,nan,nan,nan,nan,-0.1008827388,-0.1658088714,1.1000000238,2.3674178123,0.4968650937,0.0000000000,nan,nan,nan,nan,nan,nan,nan,nan,nan,nan,nan,nan,nan,nan,nan,nan,nan,nan,nan,nan,nan,0.0199754238,0.5600147247,inf,0.0000200272,inf,inf,inf,0.0700230598,0.0099673271,inf,inf,inf,inf,inf,inf,inf,1583
1779238512.6341543198,-0.0164763015,0.0996158496,0.0924203396,0.0249081324,0.0001378671,-0.0110693628,2.3120000362,nan,nan,-0.1000000015,0.0000000000,1.5599999428,0.0000000000,nan,nan,nan,nan,nan,nan,nan,nan,nan,nan,nan,nan,-0.1008827388,-0.1658088714,1.1000000238,2.3674178123,0.4968650937,0.0000000000,nan,nan,nan,nan,nan,nan,nan,nan,nan,nan,nan,nan,nan,nan,nan,nan,nan,nan,nan,nan,nan,0.0299825668,0.5700218678,inf,0.0100271702,inf,inf,inf,0.0800302029,0.0199744701,inf,inf,inf,inf,inf,inf,inf,1583
1779238512.6441497803,-0.0164763015,0.0996158496,0.0924203396,0.0249081324,0.0001378671,-0.0110693628,2.3120000362,nan,nan,-0.1000000015,0.0000000000,1.5599999428,0.0000000000,nan,nan,nan,nan,nan,nan,nan,nan,nan,nan,nan,nan,-0.1008827388,-0.1658088714,1.1000000238,2.3674178123,0.4968650937,0.0000000000,nan,nan,nan,nan,nan,nan,nan,nan,nan,nan,nan,nan,nan,nan,nan,nan,nan,nan,nan,nan,nan,0.0399780273,0.5800173283,inf,0.0200226307,inf,inf,inf,0.0900256634,0.0299699306,inf,inf,inf,inf,inf,inf,inf,1583
1779238512.6541786194,-0.0164763015,0.0996158496,0.0924203396,0.0249081324,0.0001378671,-0.0110693628,2.3120000362,nan,nan,-0.1000000015,0.0000000000,1.5599999428,0.0000000000,nan,nan,nan,nan,nan,nan,nan,nan,nan,nan,nan,nan,-0.1008827388,-0.1658088714,1.1000000238,2.3674178123,0.4968650937,0.0000000000,nan,nan,nan,nan,nan,nan,nan,nan,nan,nan,nan,nan,nan,nan,nan,nan,nan,nan,nan,nan,nan,0.0000553131,0.5900461674,inf,0.0300514698,inf,inf,inf,0.0000166893,0.0399987698,inf,inf,inf,inf,inf,inf,inf,1583
1779238512.6641521454,-0.0164763015,0.0996158496,0.0924203396,0.0249081324,0.0001378671,-0.0110693628,2.3120000362,nan,nan,-0.1000000015,0.0000000000,1.5599999428,0.0000000000,nan,nan,nan,nan,nan,nan,nan,nan,nan,nan,nan,nan,-0.1008827388,-0.1658088714,1.1000000238,2.3674178123,0.4968650937,0.0000000000,nan,nan,nan,nan,nan,nan,nan,nan,nan,nan,nan,nan,nan,nan,nan,nan,nan,nan,nan,nan,nan,0.0100288391,0.6000196934,inf,0.0400249958,inf,inf,inf,0.0099902153,0.0499722958,inf,inf,inf,inf,inf,inf,inf,1583
1779238512.6741302013,-0.0164763015,0.0996158496,0.0924203396,0.0249081324,0.0001378671,-0.0110693628,2.3120000362,nan,nan,-0.1000000015,0.0000000000,1.5599999428,0.0000000000,nan,nan,nan,nan,nan,nan,nan,nan,nan,nan,nan,nan,-0.1008827388,-0.1658088714,1.1000000238,2.3674178123,0.4968650937,0.0000000000,nan,nan,nan,nan,nan,nan,nan,nan,nan,nan,nan,nan,nan,nan,nan,nan,nan,nan,nan,nan,nan,0.0200068951,0.6099977493,inf,0.0000236034,inf,inf,inf,0.0199682713,0.0599503517,inf,inf,inf,inf,inf,inf,inf,1583
1779238512.6841294765,-0.0164763015,0.0996158496,0.0924203396,0.0249081324,0.0001378671,-0.0110693628,2.3120000362,nan,nan,-0.1000000015,0.0000000000,1.5599999428,0.0000000000,nan,nan,nan,nan,nan,nan,nan,nan,nan,nan,nan,nan,-0.1008827388,-0.1658088714,1.1000000238,2.3674178123,0.4968650937,0.0000000000,nan,nan,nan,nan,nan,nan,nan,nan,nan,nan,nan,nan,nan,nan,nan,nan,nan,nan,nan,nan,nan,0.0300061703,0.6199970245,inf,0.0100228786,inf,inf,inf,0.0299675465,0.0699496269,inf,inf,inf,inf,inf,inf,inf,1583
1779238512.6941425800,-0.0164763015,0.0996158496,0.0924203396,0.0249081324,0.0001378671,-0.0110693628,2.3120000362,nan,nan,-0.1000000015,0.0000000000,1.5599999428,0.0000000000,nan,nan,nan,nan,nan,nan,nan,nan,nan,nan,nan,nan,-0.1008827388,-0.1658088714,1.1000000238,2.3674178123,0.4968650937,0.0000000000,nan,nan,nan,nan,nan,nan,nan,nan,nan,nan,nan,nan,nan,nan,nan,nan,nan,nan,nan,nan,nan,0.0400192738,0.6300101280,inf,0.0200359821,inf,inf,inf,0.0399806499,0.0799627304,inf,inf,inf,inf,inf,inf,inf,1583
1779238512.7041313648,-0.0164763015,0.0996158496,0.0924203396,0.0249081324,0.0001378671,-0.0110693628,2.3120000362,nan,nan,-0.1000000015,0.0000000000,1.5599999428,0.0000000000,nan,nan,nan,nan,nan,nan,nan,nan,nan,nan,nan,nan,-0.1008827388,-0.1658088714,1.1000000238,2.3674178123,0.4968650937,0.0000000000,nan,nan,nan,nan,nan,nan,nan,nan,nan,nan,nan,nan,nan,nan,nan,nan,nan,nan,nan,nan,nan,0.0000267029,0.6399989128,inf,0.0300247669,inf,inf,inf,0.0499694347,0.0899515152,inf,inf,inf,inf,inf,inf,inf,1583
1779238512.7141034603,-0.0164763015,0.0996158496,0.0924203396,0.0249081324,0.0001378671,-0.0110693628,2.3120000362,nan,nan,-0.1000000015,0.0000000000,1.5599999428,0.0000000000,nan,nan,nan,nan,nan,nan,nan,nan,nan,nan,nan,nan,-0.1008827388,-0.1658088714,1.1000000238,2.3674178123,0.4968650937,0.0000000000,nan,nan,nan,nan,nan,nan,nan,nan,nan,nan,nan,nan,nan,nan,nan,nan,nan,nan,nan,nan,nan,0.0099987984,0.6499710083,inf,0.0399968624,inf,inf,inf,0.0599415302,0.0000190735,inf,inf,inf,inf,inf,inf,inf,1583
1779238512.7241578102,-0.0164763015,0.0996158496,0.0924203396,0.0249081324,0.0001378671,-0.0110693628,2.3120000362,nan,nan,-0.1000000015,0.0000000000,1.5599999428,0.0000000000,nan,nan,nan,nan,nan,nan,nan,nan,nan,nan,nan,nan,-0.1008827388,-0.1658088714,1.1000000238,2.3674178123,0.4968650937,0.0000000000,nan,nan,nan,nan,nan,nan,nan,nan,nan,nan,nan,nan,nan,nan,nan,nan,nan,nan,nan,nan,nan,0.0200531483,0.6600253582,inf,0.0000185966,inf,inf,inf,0.0699958801,0.0100734234,inf,inf,inf,inf,inf,inf,inf,1583
1779238512.7341213226,-0.0164763015,0.0996158496,0.0924203396,0.0249081324,0.0001378671,-0.0110693628,2.3120000362,nan,nan,-0.1000000015,0.0000000000,1.5599999428,0.0000000000,nan,nan,nan,nan,nan,nan,nan,nan,nan,nan,nan,nan,-0.1008827388,-0.1658088714,1.1000000238,2.3674178123,0.4968650937,0.0000000000,nan,nan,nan,nan,nan,nan,nan,nan,nan,nan,nan,nan,nan,nan,nan,nan,nan,nan,nan,nan,nan,0.0300166607,0.6699888706,inf,0.0099821091,inf,inf,inf,0.0799593925,0.0200369358,inf,inf,inf,inf,inf,inf,inf,1583
1779238512.7441189289,-0.0164763015,0.0996158496,0.0924203396,0.0249081324,0.0001378671,-0.0110693628,2.3120000362,nan,nan,-0.1000000015,0.0000000000,1.5599999428,0.0000000000,nan,nan,nan,nan,nan,nan,nan,nan,nan,nan,nan,nan,-0.1008827388,-0.1658088714,1.1000000238,2.3674178123,0.4968650937,0.0000000000,nan,nan,nan,nan,nan,nan,nan,nan,nan,nan,nan,nan,nan,nan,nan,nan,nan,nan,nan,nan,nan,0.0400142670,0.6799864769,inf,0.0199797153,inf,inf,inf,0.0899569988,0.0300345421,inf,inf,inf,inf,inf,inf,inf,1583
1779238512.7542014122,-0.0164763015,0.0996158496,0.0924203396,0.0249081324,0.0001378671,-0.0110693628,2.3120000362,nan,nan,-0.1000000015,0.0000000000,1.5599999428,0.0000000000,nan,nan,nan,nan,nan,nan,nan,nan,nan,nan,nan,nan,-0.1008827388,-0.1658088714,1.1000000238,2.3674178123,0.4968650937,0.0000000000,nan,nan,nan,nan,nan,nan,nan,nan,nan,nan,nan,nan,nan,nan,nan,nan,nan,nan,nan,nan,nan,0.0000514984,0.6900689602,inf,0.0300621986,inf,inf,inf,0.0000171661,0.0401170254,inf,inf,inf,inf,inf,inf,inf,1583
1779238512.7641210556,-0.0164763015,0.0996158496,0.0924203396,0.0249081324,0.0001378671,-0.0110693628,2.3120000362,nan,nan,-0.1000000015,0.0000000000,1.5599999428,0.0000000000,nan,nan,nan,nan,nan,nan,nan,nan,nan,nan,nan,nan,-0.1008827388,-0.1658088714,1.1000000238,2.3674178123,0.4968650937,0.0000000000,nan,nan,nan,nan,nan,nan,nan,nan,nan,nan,nan,nan,nan,nan,nan,nan,nan,nan,nan,nan,nan,0.0099711418,0.6999886036,inf,0.0399818420,inf,inf,inf,0.0099368095,0.0500366688,inf,inf,inf,inf,inf,inf,inf,1583
1779238512.7740831375,-0.0164763015,0.0996158496,0.0924203396,0.0249081324,0.0001378671,-0.0110693628,2.3120000362,nan,nan,-0.1000000015,0.0000000000,1.5599999428,0.0000000000,nan,nan,nan,nan,nan,nan,nan,nan,nan,nan,nan,nan,-0.1008827388,-0.1658088714,1.1000000238,2.3674178123,0.4968650937,0.0000000000,nan,nan,nan,nan,nan,nan,nan,nan,nan,nan,nan,nan,nan,nan,nan,nan,nan,nan,nan,nan,nan,0.0199332237,0.7099506855,inf,0.0000140667,inf,inf,inf,0.0198988914,0.0599987507,inf,inf,inf,inf,inf,inf,inf,1583
1779238512.7841248512,-0.0164763015,0.0996158496,0.0924203396,0.0249081324,0.0001378671,-0.0110693628,2.3120000362,nan,nan,-0.1000000015,0.0000000000,1.5599999428,0.0000000000,nan,nan,nan,nan,nan,nan,nan,nan,nan,nan,nan,nan,-0.1008827388,-0.1658088714,1.1000000238,2.3674178123,0.4968650937,0.0000000000,nan,nan,nan,nan,nan,nan,nan,nan,nan,nan,nan,nan,nan,nan,nan,nan,nan,nan,nan,nan,nan,0.0299749374,0.7199923992,inf,0.0100557804,inf,inf,inf,0.0299406052,0.0700404644,inf,inf,inf,inf,inf,inf,inf,1583
1779238512.7941377163,-0.0164763015,0.0996158496,0.0924203396,0.0249081324,0.0001378671,-0.0110693628,2.3120000362,nan,nan,-0.1000000015,0.0000000000,1.5599999428,0.0000000000,nan,nan,nan,nan,nan,nan,nan,nan,nan,nan,nan,nan,-0.1008827388,-0.1658088714,1.1000000238,2.3674178123,0.4968650937,0.0000000000,nan,nan,nan,nan,nan,nan,nan,nan,nan,nan,nan,nan,nan,nan,nan,nan,nan,nan,nan,nan,nan,0.0399878025,0.7300052643,inf,0.0200686455,inf,inf,inf,0.0399534702,0.0800533295,inf,inf,inf,inf,inf,inf,inf,1583
1779238512.8040926456,-0.0164763015,0.0996158496,0.0924203396,0.0249081324,0.0001378671,-0.0110693628,2.3120000362,nan,nan,-0.1000000015,0.0000000000,1.5599999428,0.0000000000,nan,nan,nan,nan,nan,nan,nan,nan,nan,nan,nan,nan,-0.1008827388,-0.1658088714,1.1000000238,2.3674178123,0.4968650937,0.0000000000,nan,nan,nan,nan,nan,nan,nan,nan,nan,nan,nan,nan,nan,nan,nan,nan,nan,nan,nan,nan,nan,0.0000143051,0.7399601936,inf,0.0300235748,inf,inf,inf,0.0499083996,0.0900082588,inf,inf,inf,inf,inf,inf,inf,1583
1779238512.8141021729,-0.0164763015,0.0996158496,0.0924203396,0.0249081324,0.0001378671,-0.0110693628,2.3120000362,nan,nan,-0.1000000015,0.0000000000,1.5599999428,0.0000000000,nan,nan,nan,nan,nan,nan,nan,nan,nan,nan,nan,nan,-0.1008827388,-0.1658088714,1.1000000238,2.3674178123,0.4968650937,0.0000000000,nan,nan,nan,nan,nan,nan,nan,nan,nan,nan,nan,nan,nan,nan,nan,nan,nan,nan,nan,nan,nan,0.0100238323,0.7499697208,inf,0.0400331020,inf,inf,inf,0.0599179268,0.0000138283,inf,inf,inf,inf,inf,inf,inf,1583
1779238512.8240830898,-0.0164763015,0.0996158496,0.0924203396,0.0249081324,0.0001378671,-0.0110693628,2.3120000362,nan,nan,-0.1000000015,0.0000000000,1.5599999428,0.0000000000,nan,nan,nan,nan,nan,nan,nan,nan,nan,nan,nan,nan,-0.1008827388,-0.1658088714,1.1000000238,2.3674178123,0.4968650937,0.0000000000,nan,nan,nan,nan,nan,nan,nan,nan,nan,nan,nan,nan,nan,nan,nan,nan,nan,nan,nan,nan,nan,0.0200047493,0.7599506378,inf,0.0000107288,inf,inf,inf,0.0698988438,0.0099947453,inf,inf,inf,inf,inf,inf,inf,1583
1779238512.8340976238,-0.0164763015,0.0996158496,0.0924203396,0.0249081324,0.0001378671,-0.0110693628,2.3120000362,nan,nan,-0.1000000015,0.0000000000,1.5599999428,0.0000000000,nan,nan,nan,nan,nan,nan,nan,nan,nan,nan,nan,nan,-0.1008827388,-0.1658088714,1.1000000238,2.3674178123,0.4968650937,0.0000000000,nan,nan,nan,nan,nan,nan,nan,nan,nan,nan,nan,nan,nan,nan,nan,nan,nan,nan,nan,nan,nan,0.0300192833,0.7699651718,inf,0.0100252628,inf,inf,inf,0.0799133778,0.0200092793,inf,inf,inf,inf,inf,inf,inf,1583
1779238512.8440582752,-0.0164763015,0.0996158496,0.0924203396,0.0249081324,0.0001378671,-0.0110693628,2.3120000362,nan,nan,-0.1000000015,0.0000000000,1.5599999428,0.0000000000,nan,nan,nan,nan,nan,nan,nan,nan,nan,nan,nan,nan,-0.1008827388,-0.1658088714,1.1000000238,2.3674178123,0.4968650937,0.0000000000,nan,nan,nan,nan,nan,nan,nan,nan,nan,nan,nan,nan,nan,nan,nan,nan,nan,nan,nan,nan,nan,0.0399799347,0.7799258232,inf,0.0199859142,inf,inf,inf,0.0898740292,0.0299699306,inf,inf,inf,inf,inf,inf,inf,1583
1779238512.8541266918,-0.0164763015,0.0996158496,0.0924203396,0.0249081324,0.0001378671,-0.0110693628,2.3120000362,nan,nan,-0.1000000015,0.0000000000,1.5599999428,0.0000000000,nan,nan,nan,nan,nan,nan,nan,nan,nan,nan,nan,nan,-0.1008827388,-0.1658088714,1.1000000238,2.3674178123,0.4968650937,0.0000000000,nan,nan,nan,nan,nan,nan,nan,nan,nan,nan,nan,nan,nan,nan,nan,nan,nan,nan,nan,nan,nan,0.0000374317,0.7899942398,inf,0.0300543308,inf,inf,inf,0.0000097752,0.0400383472,inf,inf,inf,inf,inf,inf,inf,1583
1779238512.8641095161,-0.0164763015,0.0996158496,0.0924203396,0.0249081324,0.0001378671,-0.0110693628,2.3120000362,nan,nan,-0.1000000015,0.0000000000,1.5599999428,0.0000000000,nan,nan,nan,nan,nan,nan,nan,nan,nan,nan,nan,nan,-0.1008827388,-0.1658088714,1.1000000238,2.3674178123,0.4968650937,0.0000000000,nan,nan,nan,nan,nan,nan,nan,nan,nan,nan,nan,nan,nan,nan,nan,nan,nan,nan,nan,nan,nan,0.0100202560,0.7999770641,inf,0.0400371552,inf,inf,inf,0.0099925995,0.0500211716,inf,inf,inf,inf,inf,inf,inf,1583
1779238512.8741216660,-0.0164763015,0.0996158496,0.0924203396,0.0249081324,0.0001378671,-0.0110693628,2.3120000362,nan,nan,-0.1000000015,0.0000000000,1.5599999428,0.0000000000,nan,nan,nan,nan,nan,nan,nan,nan,nan,nan,nan,nan,-0.1008827388,-0.1658088714,1.1000000238,2.3674178123,0.4968650937,0.0000000000,nan,nan,nan,nan,nan,nan,nan,nan,nan,nan,nan,nan,nan,nan,nan,nan,nan,nan,nan,nan,nan,0.0200324059,0.8099892139,inf,0.0000257492,inf,inf,inf,0.0200047493,0.0600333214,inf,inf,inf,inf,inf,inf,inf,1583
1779238512.8841488361,-0.0164763015,0.0996158496,0.0924203396,0.0249081324,0.0001378671,-0.0110693628,2.3120000362,nan,nan,-0.1000000015,0.0000000000,1.5599999428,0.0000000000,nan,nan,nan,nan,nan,nan,nan,nan,nan,nan,nan,nan,-0.1008827388,-0.1658088714,1.1000000238,2.3674178123,0.4968650937,0.0000000000,nan,nan,nan,nan,nan,nan,nan,nan,nan,nan,nan,nan,nan,nan,nan,nan,nan,nan,nan,nan,nan,0.0300595760,0.8200163841,inf,0.0100529194,inf,inf,inf,0.0300319195,0.0700604916,inf,inf,inf,inf,inf,inf,inf,1583
1779238512.8941228390,-0.0164763015,0.0996158496,0.0924203396,0.0249081324,0.0001378671,-0.0110693628,2.3120000362,nan,nan,-0.1000000015,0.0000000000,1.5599999428,0.0000000000,nan,nan,nan,nan,nan,nan,nan,nan,nan,nan,nan,nan,-0.1008827388,-0.1658088714,1.1000000238,2.3674178123,0.4968650937,0.0000000000,nan,nan,nan,nan,nan,nan,nan,nan,nan,nan,nan,nan,nan,nan,nan,nan,nan,nan,nan,nan,nan,0.0400335789,0.8299903870,inf,0.0200269222,inf,inf,inf,0.0400059223,0.0800344944,inf,inf,inf,inf,inf,inf,inf,1583
1779238512.9041013718,-0.0164763015,0.0996158496,0.0924203396,0.0249081324,0.0001378671,-0.0110693628,2.3120000362,nan,nan,-0.1000000015,0.0000000000,1.5599999428,0.0000000000,nan,nan,nan,nan,nan,nan,nan,nan,nan,nan,nan,nan,-0.1008827388,-0.1658088714,1.1000000238,2.3674178123,0.4968650937,0.0000000000,nan,nan,nan,nan,nan,nan,nan,nan,nan,nan,nan,nan,nan,nan,nan,nan,nan,nan,nan,nan,nan,0.0000166893,0.8399689198,inf,0.0300054550,inf,inf,inf,0.0499844551,0.0900130272,inf,inf,inf,inf,inf,inf,inf,1583
1779238512.9141449928,-0.0164763015,0.0996158496,0.0924203396,0.0249081324,0.0001378671,-0.0110693628,2.3120000362,nan,nan,-0.1000000015,0.0000000000,1.5599999428,0.0000000000,nan,nan,nan,nan,nan,nan,nan,nan,nan,nan,nan,nan,-0.1008827388,-0.1658088714,1.1000000238,2.3674178123,0.4968650937,0.0000000000,nan,nan,nan,nan,nan,nan,nan,nan,nan,nan,nan,nan,nan,nan,nan,nan,nan,nan,nan,nan,nan,0.0100603104,0.8500125408,inf,0.0400490761,inf,inf,inf,0.0600280762,0.0000185966,inf,inf,inf,inf,inf,inf,inf,1583
1779238512.9241101742,-0.0164763015,0.0996158496,0.0924203396,0.0249081324,0.0001378671,-0.0110693628,2.3120000362,nan,nan,-0.1000000015,0.0000000000,1.5599999428,0.0000000000,nan,nan,nan,nan,nan,nan,nan,nan,nan,nan,nan,nan,-0.1008827388,-0.1658088714,1.1000000238,2.3674178123,0.4968650937,0.0000000000,nan,nan,nan,nan,nan,nan,nan,nan,nan,nan,nan,nan,nan,nan,nan,nan,nan,nan,nan,nan,nan,0.0200254917,0.8599777222,inf,0.0000162125,inf,inf,inf,0.0699932575,0.0099837780,inf,inf,inf,inf,inf,inf,inf,1583
1779238512.9341299534,-0.0164763015,0.0996158496,0.0924203396,0.0249081324,0.0001378671,-0.0110693628,2.3120000362,nan,nan,-0.1000000015,0.0000000000,1.5599999428,0.0000000000,nan,nan,nan,nan,nan,nan,nan,nan,nan,nan,nan,nan,-0.1008827388,-0.1658088714,1.1000000238,2.3674178123,0.4968650937,0.0000000000,nan,nan,nan,nan,nan,nan,nan,nan,nan,nan,nan,nan,nan,nan,nan,nan,nan,nan,nan,nan,nan,0.0300452709,0.8699975014,inf,0.0100359917,inf,inf,inf,0.0800130367,0.0200035572,inf,inf,inf,inf,inf,inf,inf,1583
1779238512.9441618919,-0.0164763015,0.0996158496,0.0924203396,0.0249081324,0.0001378671,-0.0110693628,2.3120000362,nan,nan,-0.1000000015,0.0000000000,1.5599999428,0.0000000000,nan,nan,nan,nan,nan,nan,nan,nan,nan,nan,nan,nan,-0.1008827388,-0.1658088714,1.1000000238,2.3674178123,0.4968650937,0.0000000000,nan,nan,nan,nan,nan,nan,nan,nan,nan,nan,nan,nan,nan,nan,nan,nan,nan,nan,nan,nan,nan,0.0400772095,0.8800294399,inf,0.0200679302,inf,inf,inf,0.0900449753,0.0300354958,inf,inf,inf,inf,inf,inf,inf,1583
1779238512.9542188644,-0.0164763015,0.0996158496,0.0924203396,0.0249081324,0.0001378671,-0.0110693628,2.3120000362,nan,nan,-0.1000000015,0.0000000000,1.5599999428,0.0000000000,nan,nan,nan,nan,nan,nan,nan,nan,nan,nan,nan,nan,-0.1008827388,-0.1658088714,1.1000000238,2.3674178123,0.4968650937,0.0000000000,nan,nan,nan,nan,nan,nan,nan,nan,nan,nan,nan,nan,nan,nan,nan,nan,nan,nan,nan,nan,nan,0.0000605583,0.8900864124,inf,0.0301249027,inf,inf,inf,0.0000190735,0.0400924683,inf,inf,inf,inf,inf,inf,inf,1583
1779238512.9641492367,-0.0164763015,0.0996158496,0.0924203396,0.0249081324,0.0001378671,-0.0110693628,2.3120000362,nan,nan,-0.1000000015,0.0000000000,1.5599999428,0.0000000000,nan,nan,nan,nan,nan,nan,nan,nan,nan,nan,nan,nan,-0.1008827388,-0.1658088714,1.1000000238,2.3674178123,0.4968650937,0.0000000000,nan,nan,nan,nan,nan,nan,nan,nan,nan,nan,nan,nan,nan,nan,nan,nan,nan,nan,nan,nan,nan,0.0099909306,0.9000167847,inf,0.0400552750,inf,inf,inf,0.0099494457,0.0500228405,inf,inf,inf,inf,inf,inf,inf,1583
1779238512.9741480350,-0.0164763015,0.0996158496,0.0924203396,0.0249081324,0.0001378671,-0.0110693628,2.3120000362,nan,nan,-0.1000000015,0.0000000000,1.5599999428,0.0000000000,nan,nan,nan,nan,nan,nan,nan,nan,nan,nan,nan,nan,-0.1008827388,-0.1658088714,1.1000000238,2.3674178123,0.4968650937,0.0000000000,nan,nan,nan,nan,nan,nan,nan,nan,nan,nan,nan,nan,nan,nan,nan,nan,nan,nan,nan,nan,nan,0.0199897289,0.9100155830,inf,0.0000202656,inf,inf,inf,0.0199482441,0.0600216389,inf,inf,inf,inf,inf,inf,inf,1583
1779238512.9841518402,-0.0164763015,0.0996158496,0.0924203396,0.0249081324,0.0001378671,-0.0110693628,2.3120000362,nan,nan,-0.1000000015,0.0000000000,1.5599999428,0.0000000000,nan,nan,nan,nan,nan,nan,nan,nan,nan,nan,nan,nan,-0.1008827388,-0.1658088714,1.1000000238,2.3674178123,0.4968650937,0.0000000000,nan,nan,nan,nan,nan,nan,nan,nan,nan,nan,nan,nan,nan,nan,nan,nan,nan,nan,nan,nan,nan,0.0299935341,0.9200193882,inf,0.0100240707,inf,inf,inf,0.0299520493,0.0700254440,inf,inf,inf,inf,inf,inf,inf,1583
1779238512.9941527843,-0.0164763015,0.0996158496,0.0924203396,0.0249081324,0.0001378671,-0.0110693628,2.3120000362,nan,nan,-0.1000000015,0.0000000000,1.5599999428,0.0000000000,nan,nan,nan,nan,nan,nan,nan,nan,nan,nan,nan,nan,-0.1008827388,-0.1658088714,1.1000000238,2.3674178123,0.4968650937,0.0000000000,nan,nan,nan,nan,nan,nan,nan,nan,nan,nan,nan,nan,nan,nan,nan,nan,nan,nan,nan,nan,nan,0.0399944782,0.9300203323,inf,0.0200250149,inf,inf,inf,0.0399529934,0.0800263882,inf,inf,inf,inf,inf,inf,inf,1583
1779238513.0041477680,-0.0164763015,0.0996158496,0.0924203396,0.0249081324,0.0001378671,-0.0110693628,2.3120000362,nan,nan,-0.1000000015,0.0000000000,1.5599999428,0.0000000000,nan,nan,nan,nan,nan,nan,nan,nan,nan,nan,nan,nan,-0.1008827388,-0.1658088714,1.1000000238,2.3674178123,0.4968650937,0.0000000000,nan,nan,nan,nan,nan,nan,nan,nan,nan,nan,nan,nan,nan,nan,nan,nan,nan,nan,nan,nan,nan,0.0000195503,0.9400153160,inf,0.0300199986,inf,inf,inf,0.0499479771,0.0900213718,inf,inf,inf,inf,inf,inf,inf,1583
1779238513.0141985416,-0.0164763015,0.0996158496,0.0924203396,0.0249081324,0.0001378671,-0.0110693628,2.3120000362,nan,nan,-0.1000000015,0.0000000000,1.5599999428,0.0000000000,nan,nan,nan,nan,nan,nan,nan,nan,nan,nan,nan,nan,-0.1008827388,-0.1658088714,1.1000000238,2.3674178123,0.4968650937,0.0000000000,nan,nan,nan,nan,nan,nan,nan,nan,nan,nan,nan,nan,nan,nan,nan,nan,nan,nan,nan,nan,nan,0.0100703239,0.9500660896,inf,0.0400707722,inf,inf,inf,0.0599987507,0.0000250340,inf,inf,inf,inf,inf,inf,inf,1583
1779238513.0241434574,-0.0164763015,0.0996158496,0.0924203396,0.0249081324,0.0001378671,-0.0110693628,2.3120000362,nan,nan,-0.1000000015,0.0000000000,1.5599999428,0.0000000000,nan,nan,nan,nan,nan,nan,nan,nan,nan,nan,nan,nan,-0.1008827388,-0.1658088714,1.1000000238,2.3674178123,0.4968650937,0.0000000000,nan,nan,nan,nan,nan,nan,nan,nan,nan,nan,nan,nan,nan,nan,nan,nan,nan,nan,nan,nan,nan,0.0200152397,0.9600110054,inf,0.0000176430,inf,inf,inf,0.0699436665,0.0099699497,inf,inf,inf,inf,inf,inf,inf,1583
1779238513.0341522694,-0.0164763015,0.0996158496,0.0924203396,0.0249081324,0.0001378671,-0.0110693628,2.3120000362,nan,nan,-0.1000000015,0.0000000000,1.5599999428,0.0000000000,nan,nan,nan,nan,nan,nan,nan,nan,nan,nan,nan,nan,-0.1008827388,-0.1658088714,1.1000000238,2.3674178123,0.4968650937,0.0000000000,nan,nan,nan,nan,nan,nan,nan,nan,nan,nan,nan,nan,nan,nan,nan,nan,nan,nan,nan,nan,nan,0.0300240517,0.9700198174,inf,0.0100264549,inf,inf,inf,0.0799524784,0.0199787617,inf,inf,inf,inf,inf,inf,inf,1583
1779238513.0441501141,-0.0164763015,0.0996158496,0.0924203396,0.0249081324,0.0001378671,-0.0110693628,2.3120000362,nan,nan,-0.1000000015,0.0000000000,1.5599999428,0.0000000000,nan,nan,nan,nan,nan,nan,nan,nan,nan,nan,nan,nan,-0.1008827388,-0.1658088714,1.1000000238,2.3674178123,0.4968650937,0.0000000000,nan,nan,nan,nan,nan,nan,nan,nan,nan,nan,nan,nan,nan,nan,nan,nan,nan,nan,nan,nan,nan,0.0400218964,0.9800176620,inf,0.0200242996,inf,inf,inf,0.0899503231,0.0299766064,inf,inf,inf,inf,inf,inf,inf,1583
1779238513.0542182922,-0.0164763015,0.0996158496,0.0924203396,0.0249081324,0.0001378671,-0.0110693628,2.3120000362,nan,nan,-0.1000000015,0.0000000000,1.5599999428,0.0000000000,nan,nan,nan,nan,nan,nan,nan,nan,nan,nan,nan,nan,-0.1008827388,-0.1658088714,1.1000000238,2.3674178123,0.4968650937,0.0000000000,nan,nan,nan,nan,nan,nan,nan,nan,nan,nan,nan,nan,nan,nan,nan,nan,nan,nan,nan,nan,nan,0.0000615120,0.9900858402,inf,0.0300924778,inf,inf,inf,0.0000197887,0.0400447845,inf,inf,inf,inf,inf,inf,inf,1583
1779238513.0641860962,-0.0164763015,0.0996158496,0.0924203396,0.0249081324,0.0001378671,-0.0110693628,3.1029999256,nan,nan,-0.1000000015,0.0000000000,1.5599999428,0.0000000000,nan,nan,nan,nan,nan,nan,nan,nan,nan,nan,nan,nan,-0.1008827388,-0.1658088714,1.1000000238,2.3674178123,0.4968650937,0.0000000000,nan,nan,nan,nan,nan,nan,nan,nan,nan,nan,nan,nan,nan,nan,nan,nan,nan,nan,nan,nan,nan,0.0100293159,0.0000231266,inf,0.0400602818,inf,inf,inf,0.0099875927,0.0500125885,inf,inf,inf,inf,inf,inf,inf,1583
1779238513.0741662979,-0.0164763015,0.0996158496,0.0924203396,0.0249081324,0.0001378671,-0.0110693628,3.1029999256,nan,nan,-0.1000000015,0.0000000000,1.5599999428,0.0000000000,nan,nan,nan,nan,nan,nan,nan,nan,nan,nan,nan,nan,-0.1008827388,-0.1658088714,1.1000000238,2.3674178123,0.4968650937,0.0000000000,nan,nan,nan,nan,nan,nan,nan,nan,nan,nan,nan,nan,nan,nan,nan,nan,nan,nan,nan,nan,nan,0.0200095177,0.0100033283,inf,0.0000200272,inf,inf,inf,0.0199677944,0.0599927902,inf,inf,inf,inf,inf,inf,inf,1583
1779238513.0841300488,-0.0164763015,0.0996158496,0.0924203396,0.0249081324,0.0001378671,-0.0110693628,3.1029999256,nan,nan,-0.1000000015,0.0000000000,1.5599999428,0.0000000000,nan,nan,nan,nan,nan,nan,nan,nan,nan,nan,nan,nan,-0.1008827388,-0.1658088714,1.1000000238,2.3674178123,0.4968650937,0.0000000000,nan,nan,nan,nan,nan,nan,nan,nan,nan,nan,nan,nan,nan,nan,nan,nan,nan,nan,nan,nan,nan,0.0299732685,0.0199670792,inf,0.0099837780,inf,inf,inf,0.0299315453,0.0699565411,inf,inf,inf,inf,inf,inf,inf,1583
1779238513.0941064358,-0.0164763015,0.0996158496,0.0924203396,0.0249081324,0.0001378671,-0.0110693628,3.1029999256,nan,nan,-0.1000000015,0.0000000000,1.5599999428,0.0000000000,nan,nan,nan,nan,nan,nan,nan,nan,nan,nan,nan,nan,-0.1008827388,-0.1658088714,1.1000000238,2.3674178123,0.4968650937,0.0000000000,nan,nan,nan,nan,nan,nan,nan,nan,nan,nan,nan,nan,nan,nan,nan,nan,nan,nan,nan,nan,nan,0.0399496555,0.0299434662,inf,0.0199601650,inf,inf,inf,0.0399079323,0.0799329281,inf,inf,inf,inf,inf,inf,inf,1583
1779238513.1041316986,-0.0164763015,0.0996158496,0.0924203396,0.0249081324,0.0001378671,-0.0110693628,3.1029999256,nan,nan,-0.1000000015,0.0000000000,1.5599999428,0.0000000000,nan,nan,nan,nan,nan,nan,nan,nan,nan,nan,nan,nan,-0.1008827388,-0.1658088714,1.1000000238,2.3674178123,0.4968650937,0.0000000000,nan,nan,nan,nan,nan,nan,nan,nan,nan,nan,nan,nan,nan,nan,nan,nan,nan,nan,nan,nan,nan,0.0000219345,0.0399687290,inf,0.0299854279,inf,inf,inf,0.0499331951,0.0899581909,inf,inf,inf,inf,inf,inf,inf,1583
1779238513.1141865253,-0.0164763015,0.0996158496,0.0924203396,0.0249081324,0.0001378671,-0.0110693628,3.1029999256,nan,nan,-0.1000000015,0.0000000000,1.5599999428,0.0000000000,nan,nan,nan,nan,nan,nan,nan,nan,nan,nan,nan,nan,-0.1008827388,-0.1658088714,1.1000000238,2.3674178123,0.4968650937,0.0000000000,nan,nan,nan,nan,nan,nan,nan,nan,nan,nan,nan,nan,nan,nan,nan,nan,nan,nan,nan,nan,nan,0.0100767612,0.0500235558,inf,0.0400402546,inf,inf,inf,0.0599880219,0.0000236034,inf,inf,inf,inf,inf,inf,inf,1583
1779238513.1241667271,-0.0164763015,0.0996158496,0.0924203396,0.0249081324,0.0001378671,-0.0110693628,3.1029999256,nan,nan,-0.1000000015,0.0000000000,1.5599999428,0.0000000000,nan,nan,nan,nan,nan,nan,nan,nan,nan,nan,nan,nan,-0.1008827388,-0.1658088714,1.1000000238,2.3674178123,0.4968650937,0.0000000000,nan,nan,nan,nan,nan,nan,nan,nan,nan,nan,nan,nan,nan,nan,nan,nan,nan,nan,nan,nan,nan,0.0200569630,0.0600037575,inf,0.0000209808,inf,inf,inf,0.0699682236,0.0100038052,inf,inf,inf,inf,inf,inf,inf,1583
1779238513.1341376305,-0.0164763015,0.0996158496,0.0924203396,0.0249081324,0.0001378671,-0.0110693628,3.1029999256,nan,nan,-0.1000000015,0.0000000000,1.5599999428,0.0000000000,nan,nan,nan,nan,nan,nan,nan,nan,nan,nan,nan,nan,-0.1008827388,-0.1658088714,1.1000000238,2.3674178123,0.4968650937,0.0000000000,nan,nan,nan,nan,nan,nan,nan,nan,nan,nan,nan,nan,nan,nan,nan,nan,nan,nan,nan,nan,nan,0.0300278664,0.0699746609,inf,0.0099918842,inf,inf,inf,0.0799391270,0.0199747086,inf,inf,inf,inf,inf,inf,inf,1583
1779238513.1441044807,-0.0164763015,0.0996158496,0.0924203396,0.0249081324,0.0001378671,-0.0110693628,3.1029999256,nan,nan,-0.1000000015,0.0000000000,1.5599999428,0.0000000000,nan,nan,nan,nan,nan,nan,nan,nan,nan,nan,nan,nan,-0.1008827388,-0.1658088714,1.1000000238,2.3674178123,0.4968650937,0.0000000000,nan,nan,nan,nan,nan,nan,nan,nan,nan,nan,nan,nan,nan,nan,nan,nan,nan,nan,nan,nan,nan,0.0399947166,0.0799415112,inf,0.0199587345,inf,inf,inf,0.0899059772,0.0299415588,inf,inf,inf,inf,inf,inf,inf,1583
1779238513.1542079449,-0.0164763015,0.0996158496,0.0924203396,0.0249081324,0.0001378671,-0.0110693628,3.1029999256,nan,nan,-0.1000000015,0.0000000000,1.5599999428,0.0000000000,nan,nan,nan,nan,nan,nan,nan,nan,nan,nan,nan,nan,-0.1008827388,-0.1658088714,1.1000000238,2.3674178123,0.4968650937,0.0000000000,nan,nan,nan,nan,nan,nan,nan,nan,nan,nan,nan,nan,nan,nan,nan,nan,nan,nan,nan,nan,nan,0.0000627041,0.0900449753,inf,0.0300621986,inf,inf,inf,0.0000188351,0.0400450230,inf,inf,inf,inf,inf,inf,inf,1583
1779238513.1641242504,-0.0164763015,0.0996158496,0.0924203396,0.0249081324,0.0001378671,-0.0110693628,3.1029999256,nan,nan,-0.1000000015,0.0000000000,1.5599999428,0.0000000000,nan,nan,nan,nan,nan,nan,nan,nan,nan,nan,nan,nan,-0.1008827388,-0.1658088714,1.1000000238,2.3674178123,0.4968650937,0.0000000000,nan,nan,nan,nan,nan,nan,nan,nan,nan,nan,nan,nan,nan,nan,nan,nan,nan,nan,nan,nan,nan,0.0099790096,0.0999612808,inf,0.0399785042,inf,inf,inf,0.0099351406,0.0499613285,inf,inf,inf,inf,inf,inf,inf,1583
1779238513.1741812229,-0.0164763015,0.0996158496,0.0924203396,0.0249081324,0.0001378671,-0.0110693628,3.1029999256,nan,nan,-0.1000000015,0.0000000000,1.5599999428,0.0000000000,nan,nan,nan,nan,nan,nan,nan,nan,nan,nan,nan,nan,-0.1008827388,-0.1658088714,1.1000000238,2.3674178123,0.4968650937,0.0000000000,nan,nan,nan,nan,nan,nan,nan,nan,nan,nan,nan,nan,nan,nan,nan,nan,nan,nan,nan,nan,nan,0.0200359821,0.1100182533,inf,0.0000219345,inf,inf,inf,0.0199921131,0.0600183010,inf,inf,inf,inf,inf,inf,inf,1583
1779238513.1841752529,-0.0164763015,0.0996158496,0.0924203396,0.0249081324,0.0001378671,-0.0110693628,3.1029999256,nan,nan,-0.1000000015,0.0000000000,1.5599999428,0.0000000000,nan,nan,nan,nan,nan,nan,nan,nan,nan,nan,nan,nan,-0.1008827388,-0.1658088714,1.1000000238,2.3674178123,0.4968650937,0.0000000000,nan,nan,nan,nan,nan,nan,nan,nan,nan,nan,nan,nan,nan,nan,nan,nan,nan,nan,nan,nan,nan,0.0300300121,0.1200122833,inf,0.0100159645,inf,inf,inf,0.0299861431,0.0700123310,inf,inf,inf,inf,inf,inf,inf,1583
1779238513.1941311359,-0.0164763015,0.0996158496,0.0924203396,0.0249081324,0.0001378671,-0.0110693628,3.1029999256,nan,nan,-0.1000000015,0.0000000000,1.5599999428,0.0000000000,nan,nan,nan,nan,nan,nan,nan,nan,nan,nan,nan,nan,-0.1008827388,-0.1658088714,1.1000000238,2.3674178123,0.4968650937,0.0000000000,nan,nan,nan,nan,nan,nan,nan,nan,nan,nan,nan,nan,nan,nan,nan,nan,nan,nan,nan,nan,nan,0.0399858952,0.1299681664,inf,0.0199718475,inf,inf,inf,0.0399420261,0.0799682140,inf,inf,inf,inf,inf,inf,inf,1583
1779238513.2041337490,-0.0164763015,0.0996158496,0.0924203396,0.0249081324,0.0001378671,-0.0110693628,3.1029999256,nan,nan,-0.1000000015,0.0000000000,1.5599999428,0.0000000000,nan,nan,nan,nan,nan,nan,nan,nan,nan,nan,nan,nan,-0.1008827388,-0.1658088714,1.1000000238,2.3674178123,0.4968650937,0.0000000000,nan,nan,nan,nan,nan,nan,nan,nan,nan,nan,nan,nan,nan,nan,nan,nan,nan,nan,nan,nan,nan,0.0000262260,0.1399707794,inf,0.0299744606,inf,inf,inf,0.0499446392,0.0899708271,inf,inf,inf,inf,inf,inf,inf,1583
1779238513.2141478062,-0.0164763015,0.0996158496,0.0924203396,0.0249081324,0.0001378671,-0.0110693628,3.1029999256,nan,nan,-0.1000000015,0.0000000000,1.5599999428,0.0000000000,nan,nan,nan,nan,nan,nan,nan,nan,nan,nan,nan,nan,-0.1008827388,-0.1658088714,1.1000000238,2.3674178123,0.4968650937,0.0000000000,nan,nan,nan,nan,nan,nan,nan,nan,nan,nan,nan,nan,nan,nan,nan,nan,nan,nan,nan,nan,nan,0.0100402832,0.1499848366,inf,0.0399885178,inf,inf,inf,0.0599586964,0.0000197887,inf,inf,inf,inf,inf,inf,inf,1583
1779238513.2241067886,-0.0164763015,0.0996158496,0.0924203396,0.0249081324,0.0001378671,-0.0110693628,3.1029999256,nan,nan,-0.1000000015,0.0000000000,1.5599999428,0.0000000000,nan,nan,nan,nan,nan,nan,nan,nan,nan,nan,nan,nan,-0.1008827388,-0.1658088714,1.1000000238,2.3674178123,0.4968650937,0.0000000000,nan,nan,nan,nan,nan,nan,nan,nan,nan,nan,nan,nan,nan,nan,nan,nan,nan,nan,nan,nan,nan,0.0199992657,0.1599438190,inf,0.0000176430,inf,inf,inf,0.0699176788,0.0099787712,inf,inf,inf,inf,inf,inf,inf,1583
1779238513.2341489792,-0.0164763015,0.0996158496,0.0924203396,0.0249081324,0.0001378671,-0.0110693628,3.1029999256,nan,nan,-0.1000000015,0.0000000000,1.5599999428,0.0000000000,nan,nan,nan,nan,nan,nan,nan,nan,nan,nan,nan,nan,-0.1008827388,-0.1658088714,1.1000000238,2.3674178123,0.4968650937,0.0000000000,nan,nan,nan,nan,nan,nan,nan,nan,nan,nan,nan,nan,nan,nan,nan,nan,nan,nan,nan,nan,nan,0.0300414562,0.1699860096,inf,0.0100598335,inf,inf,inf,0.0799598694,0.0200209618,inf,inf,inf,inf,inf,inf,inf,1583
1779238513.2441639900,-0.0164763015,0.0996158496,0.0924203396,0.0249081324,0.0001378671,-0.0110693628,3.1029999256,nan,nan,-0.1000000015,0.0000000000,1.5599999428,0.0000000000,nan,nan,nan,nan,nan,nan,nan,nan,nan,nan,nan,nan,-0.1008827388,-0.1658088714,1.1000000238,2.3674178123,0.4968650937,0.0000000000,nan,nan,nan,nan,nan,nan,nan,nan,nan,nan,nan,nan,nan,nan,nan,nan,nan,nan,nan,nan,nan,0.0400564671,0.1800010204,inf,0.0200748444,inf,inf,inf,0.0899748802,0.0300359726,inf,inf,inf,inf,inf,inf,inf,1583
1779238513.2541403770,-0.0164763015,0.0996158496,0.0924203396,0.0249081324,0.0001378671,-0.0110693628,3.1029999256,nan,nan,-0.1000000015,0.0000000000,1.5599999428,0.0000000000,nan,nan,nan,nan,nan,nan,nan,nan,nan,nan,nan,nan,-0.1008827388,-0.1658088714,1.1000000238,2.3674178123,0.4968650937,0.0000000000,nan,nan,nan,nan,nan,nan,nan,nan,nan,nan,nan,nan,nan,nan,nan,nan,nan,nan,nan,nan,nan,0.0000588894,0.1899774075,inf,0.0300512314,inf,inf,inf,0.0000164509,0.0400123596,inf,inf,inf,inf,inf,inf,inf,1583
1779238513.2641477585,-0.0164763015,0.0996158496,0.0924203396,0.0249081324,0.0001378671,-0.0110693628,3.1029999256,nan,nan,-0.1000000015,0.0000000000,1.5599999428,0.0000000000,nan,nan,nan,nan,nan,nan,nan,nan,nan,nan,nan,nan,-0.1008827388,-0.1658088714,1.1000000238,2.3674178123,0.4968650937,0.0000000000,nan,nan,nan,nan,nan,nan,nan,nan,nan,nan,nan,nan,nan,nan,nan,nan,nan,nan,nan,nan,nan,0.0100662708,0.1999847889,inf,0.0400586128,inf,inf,inf,0.0100238323,0.0500197411,inf,inf,inf,inf,inf,inf,inf,1583
1779238513.2741913795,-0.0164763015,0.0996158496,0.0924203396,0.0249081324,0.0001378671,-0.0110693628,3.1029999256,nan,nan,-0.1000000015,0.0000000000,1.5599999428,0.0000000000,nan,nan,nan,nan,nan,nan,nan,nan,nan,nan,nan,nan,-0.1008827388,-0.1658088714,1.1000000238,2.3674178123,0.4968650937,0.0000000000,nan,nan,nan,nan,nan,nan,nan,nan,nan,nan,nan,nan,nan,nan,nan,nan,nan,nan,nan,nan,nan,0.0201098919,0.2100284100,inf,0.0000243187,inf,inf,inf,0.0200674534,0.0600633621,inf,inf,inf,inf,inf,inf,inf,1583
1779238513.2841548920,-0.0164763015,0.0996158496,0.0924203396,0.0249081324,0.0001378671,-0.0110693628,3.1029999256,nan,nan,-0.1000000015,0.0000000000,1.5599999428,0.0000000000,nan,nan,nan,nan,nan,nan,nan,nan,nan,nan,nan,nan,-0.1008827388,-0.1658088714,1.1000000238,2.3674178123,0.4968650937,0.0000000000,nan,nan,nan,nan,nan,nan,nan,nan,nan,nan,nan,nan,nan,nan,nan,nan,nan,nan,nan,nan,nan,0.0300734043,0.2199919224,inf,0.0099878311,inf,inf,inf,0.0300309658,0.0700268745,inf,inf,inf,inf,inf,inf,inf,1583
1779238513.2941484451,-0.0164763015,0.0996158496,0.0924203396,0.0249081324,0.0001378671,-0.0110693628,3.1029999256,nan,nan,-0.1000000015,0.0000000000,1.5599999428,0.0000000000,nan,nan,nan,nan,nan,nan,nan,nan,nan,nan,nan,nan,-0.1008827388,-0.1658088714,1.1000000238,2.3674178123,0.4968650937,0.0000000000,nan,nan,nan,nan,nan,nan,nan,nan,nan,nan,nan,nan,nan,nan,nan,nan,nan,nan,nan,nan,nan,0.0400669575,0.2299854755,inf,0.0199813843,inf,inf,inf,0.0400245190,0.0800204277,inf,inf,inf,inf,inf,inf,inf,1583
1779238513.3041648865,-0.0164763015,0.0996158496,0.0924203396,0.0249081324,0.0001378671,-0.0110693628,3.1029999256,nan,nan,-0.1000000015,0.0000000000,1.5599999428,0.0000000000,nan,nan,nan,nan,nan,nan,nan,nan,nan,nan,nan,nan,-0.1008827388,-0.1658088714,1.1000000238,2.3674178123,0.4968650937,0.0000000000,nan,nan,nan,nan,nan,nan,nan,nan,nan,nan,nan,nan,nan,nan,nan,nan,nan,nan,nan,nan,nan,0.0000195503,0.2400019169,inf,0.0299978256,inf,inf,inf,0.0500409603,0.0900368690,inf,inf,inf,inf,inf,inf,inf,1583
1779238513.3141913414,-0.0164763015,0.0996158496,0.0924203396,0.0249081324,0.0001378671,-0.0110693628,3.1029999256,nan,nan,-0.1000000015,0.0000000000,1.5599999428,0.0000000000,nan,nan,nan,nan,nan,nan,nan,nan,nan,nan,nan,nan,-0.1008827388,-0.1658088714,1.1000000238,2.3674178123,0.4968650937,0.0000000000,nan,nan,nan,nan,nan,nan,nan,nan,nan,nan,nan,nan,nan,nan,nan,nan,nan,nan,nan,nan,nan,0.0100460052,0.2500283718,inf,0.0400242805,inf,inf,inf,0.0600674152,0.0000207424,inf,inf,inf,inf,inf,inf,inf,1583
1779238513.3241517544,-0.0164763015,0.0996158496,0.0924203396,0.0249081324,0.0001378671,-0.0110693628,3.1029999256,nan,nan,-0.1000000015,0.0000000000,1.5599999428,0.0000000000,nan,nan,nan,nan,nan,nan,nan,nan,nan,nan,nan,nan,-0.1008827388,-0.1658088714,1.1000000238,2.3674178123,0.4968650937,0.0000000000,nan,nan,nan,nan,nan,nan,nan,nan,nan,nan,nan,nan,nan,nan,nan,nan,nan,nan,nan,nan,nan,0.0200064182,0.2599887848,inf,0.0000205040,inf,inf,inf,0.0700278282,0.0099811554,inf,inf,inf,inf,inf,inf,inf,1583
1779238513.3341567516,-0.0164763015,0.0996158496,0.0924203396,0.0249081324,0.0001378671,-0.0110693628,3.1029999256,nan,nan,-0.1000000015,0.0000000000,1.5599999428,0.0000000000,nan,nan,nan,nan,nan,nan,nan,nan,nan,nan,nan,nan,-0.1008827388,-0.1658088714,1.1000000238,2.3674178123,0.4968650937,0.0000000000,nan,nan,nan,nan,nan,nan,nan,nan,nan,nan,nan,nan,nan,nan,nan,nan,nan,nan,nan,nan,nan,0.0300114155,0.2699937820,inf,0.0100255013,inf,inf,inf,0.0800328255,0.0199861526,inf,inf,inf,inf,inf,inf,inf,1583
1779238513.3441588879,-0.0164763015,0.0996158496,0.0924203396,0.0249081324,0.0001378671,-0.0110693628,3.1029999256,nan,nan,-0.1000000015,0.0000000000,1.5599999428,0.0000000000,nan,nan,nan,nan,nan,nan,nan,nan,nan,nan,nan,nan,-0.1008827388,-0.1658088714,1.1000000238,2.3674178123,0.4968650937,0.0000000000,nan,nan,nan,nan,nan,nan,nan,nan,nan,nan,nan,nan,nan,nan,nan,nan,nan,nan,nan,nan,nan,0.0400135517,0.2799959183,inf,0.0200276375,inf,inf,inf,0.0900349617,0.0299882889,inf,inf,inf,inf,inf,inf,inf,1583
1779238513.3541736603,-0.0164763015,0.0996158496,0.0924203396,0.0249081324,0.0001378671,-0.0110693628,3.1029999256,nan,nan,-0.1000000015,0.0000000000,1.5599999428,0.0000000000,nan,nan,nan,nan,nan,nan,nan,nan,nan,nan,nan,nan,-0.1008827388,-0.1658088714,1.1000000238,2.3674178123,0.4968650937,0.0000000000,nan,nan,nan,nan,nan,nan,nan,nan,nan,nan,nan,nan,nan,nan,nan,nan,nan,nan,nan,nan,nan,0.0000638962,0.2900106907,inf,0.0300424099,inf,inf,inf,0.0000166893,0.0400030613,inf,inf,inf,inf,inf,inf,inf,1583
1779238513.3641567230,-0.0164763015,0.0996158496,0.0924203396,0.0249081324,0.0001378671,-0.0110693628,3.1029999256,nan,nan,-0.1000000015,0.0000000000,1.5599999428,0.0000000000,nan,nan,nan,nan,nan,nan,nan,nan,nan,nan,nan,nan,-0.1008827388,-0.1658088714,1.1000000238,2.3674178123,0.4968650937,0.0000000000,nan,nan,nan,nan,nan,nan,nan,nan,nan,nan,nan,nan,nan,nan,nan,nan,nan,nan,nan,nan,nan,0.0100469589,0.2999937534,inf,0.0400254726,inf,inf,inf,0.0099997520,0.0499861240,inf,inf,inf,inf,inf,inf,inf,1583
1779238513.3741643429,-0.0164763015,0.0996158496,0.0924203396,0.0249081324,0.0001378671,-0.0110693628,3.1029999256,nan,nan,-0.1000000015,0.0000000000,1.5599999428,0.0000000000,nan,nan,nan,nan,nan,nan,nan,nan,nan,nan,nan,nan,-0.1008827388,-0.1658088714,1.1000000238,2.3674178123,0.4968650937,0.0000000000,nan,nan,nan,nan,nan,nan,nan,nan,nan,nan,nan,nan,nan,nan,nan,nan,nan,nan,nan,nan,nan,0.0200545788,0.3100013733,inf,0.0000212193,inf,inf,inf,0.0200073719,0.0599937439,inf,inf,inf,inf,inf,inf,inf,1583
1779238513.3841488361,-0.0164763015,0.0996158496,0.0924203396,0.0249081324,0.0001378671,-0.0110693628,3.1029999256,nan,nan,-0.1000000015,0.0000000000,1.5599999428,0.0000000000,nan,nan,nan,nan,nan,nan,nan,nan,nan,nan,nan,nan,-0.1008827388,-0.1658088714,1.1000000238,2.3674178123,0.4968650937,0.0000000000,nan,nan,nan,nan,nan,nan,nan,nan,nan,nan,nan,nan,nan,nan,nan,nan,nan,nan,nan,nan,nan,0.0300390720,0.3199858665,inf,0.0100057125,inf,inf,inf,0.0299918652,0.0699782372,inf,inf,inf,inf,inf,inf,inf,1583
1779238513.3941490650,-0.0164763015,0.0996158496,0.0924203396,0.0249081324,0.0001378671,-0.0110693628,3.1029999256,nan,nan,-0.1000000015,0.0000000000,1.5599999428,0.0000000000,nan,nan,nan,nan,nan,nan,nan,nan,nan,nan,nan,nan,-0.1008827388,-0.1658088714,1.1000000238,2.3674178123,0.4968650937,0.0000000000,nan,nan,nan,nan,nan,nan,nan,nan,nan,nan,nan,nan,nan,nan,nan,nan,nan,nan,nan,nan,nan,0.0400393009,0.3299860954,inf,0.0200059414,inf,inf,inf,0.0399920940,0.0799784660,inf,inf,inf,inf,inf,inf,inf,1583
1779238513.4041779041,-0.0164763015,0.0996158496,0.0924203396,0.0249081324,0.0001378671,-0.0110693628,3.1029999256,nan,nan,-0.1000000015,0.0000000000,1.5599999428,0.0000000000,nan,nan,nan,nan,nan,nan,nan,nan,nan,nan,nan,nan,-0.1008827388,-0.1658088714,1.1000000238,2.3674178123,0.4968650937,0.0000000000,nan,nan,nan,nan,nan,nan,nan,nan,nan,nan,nan,nan,nan,nan,nan,nan,nan,nan,nan,nan,nan,0.0000202656,0.3400149345,inf,0.0300347805,inf,inf,inf,0.0500209332,0.0900073051,inf,inf,inf,inf,inf,inf,inf,1583
1779238513.4141063690,-0.0164763015,0.0996158496,0.0924203396,0.0249081324,0.0001378671,-0.0110693628,3.1029999256,nan,nan,-0.1000000015,0.0000000000,1.5599999428,0.0000000000,nan,nan,nan,nan,nan,nan,nan,nan,nan,nan,nan,nan,-0.1008827388,-0.1658088714,1.1000000238,2.3674178123,0.4968650937,0.0000000000,nan,nan,nan,nan,nan,nan,nan,nan,nan,nan,nan,nan,nan,nan,nan,nan,nan,nan,nan,nan,nan,0.0099487305,0.3499433994,inf,0.0399632454,inf,inf,inf,0.0599493980,0.0000205040,inf,inf,inf,inf,inf,inf,inf,1583
1779238513.4241714478,-0.0164763015,0.0996158496,0.0924203396,0.0249081324,0.0001378671,-0.0110693628,3.1029999256,nan,nan,-0.1000000015,0.0000000000,1.5599999428,0.0000000000,nan,nan,nan,nan,nan,nan,nan,nan,nan,nan,nan,nan,-0.1008827388,-0.1658088714,1.1000000238,2.3674178123,0.4968650937,0.0000000000,nan,nan,nan,nan,nan,nan,nan,nan,nan,nan,nan,nan,nan,nan,nan,nan,nan,nan,nan,nan,nan,0.0200138092,0.3600084782,inf,0.0000181198,inf,inf,inf,0.0700144768,0.0100855827,inf,inf,inf,inf,inf,inf,inf,1583
1779238513.4341487885,-0.0164763015,0.0996158496,0.0924203396,0.0249081324,0.0001378671,-0.0110693628,3.1029999256,nan,nan,-0.1000000015,0.0000000000,1.5599999428,0.0000000000,nan,nan,nan,nan,nan,nan,nan,nan,nan,nan,nan,nan,-0.1008827388,-0.1658088714,1.1000000238,2.3674178123,0.4968650937,0.0000000000,nan,nan,nan,nan,nan,nan,nan,nan,nan,nan,nan,nan,nan,nan,nan,nan,nan,nan,nan,nan,nan,0.0299911499,0.3699858189,inf,0.0099954605,inf,inf,inf,0.0799918175,0.0200629234,inf,inf,inf,inf,inf,inf,inf,1583
1779238513.4441525936,-0.0164763015,0.0996158496,0.0924203396,0.0249081324,0.0001378671,-0.0110693628,3.1029999256,nan,nan,-0.1000000015,0.0000000000,1.5599999428,0.0000000000,nan,nan,nan,nan,nan,nan,nan,nan,nan,nan,nan,nan,-0.1008827388,-0.1658088714,1.1000000238,2.3674178123,0.4968650937,0.0000000000,nan,nan,nan,nan,nan,nan,nan,nan,nan,nan,nan,nan,nan,nan,nan,nan,nan,nan,nan,nan,nan,0.0399949551,0.3799896240,inf,0.0199992657,inf,inf,inf,0.0899956226,0.0300667286,inf,inf,inf,inf,inf,inf,inf,1583
1779238513.4541969299,-0.0164763015,0.0996158496,0.0924203396,0.0249081324,0.0001378671,-0.0110693628,3.1029999256,nan,nan,-0.1000000015,0.0000000000,1.5599999428,0.0000000000,nan,nan,nan,nan,nan,nan,nan,nan,nan,nan,nan,nan,-0.1008827388,-0.1658088714,1.1000000238,2.3674178123,0.4968650937,0.0000000000,nan,nan,nan,nan,nan,nan,nan,nan,nan,nan,nan,nan,nan,nan,nan,nan,nan,nan,nan,nan,nan,0.0000557899,0.3900339603,inf,0.0300436020,inf,inf,inf,0.0000169277,0.0401110649,inf,inf,inf,inf,inf,inf,inf,1583
1779238513.4641504288,-0.0164763015,0.0996158496,0.0924203396,0.0249081324,0.0001378671,-0.0110693628,3.1029999256,nan,nan,-0.1000000015,0.0000000000,1.5599999428,0.0000000000,nan,nan,nan,nan,nan,nan,nan,nan,nan,nan,nan,nan,-0.1008827388,-0.1658088714,1.1000000238,2.3674178123,0.4968650937,0.0000000000,nan,nan,nan,nan,nan,nan,nan,nan,nan,nan,nan,nan,nan,nan,nan,nan,nan,nan,nan,nan,nan,0.0100092888,0.3999874592,inf,0.0399971008,inf,inf,inf,0.0099704266,0.0500645638,inf,inf,inf,inf,inf,inf,inf,1583
1779238513.4741809368,-0.0164763015,0.0996158496,0.0924203396,0.0249081324,0.0001378671,-0.0110693628,3.1029999256,nan,nan,-0.1000000015,0.0000000000,1.5599999428,0.0000000000,nan,nan,nan,nan,nan,nan,nan,nan,nan,nan,nan,nan,-0.1008827388,-0.1658088714,1.1000000238,2.3674178123,0.4968650937,0.0000000000,nan,nan,nan,nan,nan,nan,nan,nan,nan,nan,nan,nan,nan,nan,nan,nan,nan,nan,nan,nan,nan,0.0200397968,0.4100179672,inf,0.0000238419,inf,inf,inf,0.0200009346,0.0600950718,inf,inf,inf,inf,inf,inf,inf,1583
1779238513.4841511250,-0.0164763015,0.0996158496,0.0924203396,0.0249081324,0.0001378671,-0.0110693628,3.1029999256,nan,nan,-0.1000000015,0.0000000000,1.5599999428,0.0000000000,nan,nan,nan,nan,nan,nan,nan,nan,nan,nan,nan,nan,-0.1008827388,-0.1658088714,1.1000000238,2.3674178123,0.4968650937,0.0000000000,nan,nan,nan,nan,nan,nan,nan,nan,nan,nan,nan,nan,nan,nan,nan,nan,nan,nan,nan,nan,nan,0.0300099850,0.4199881554,inf,0.0099940300,inf,inf,inf,0.0299711227,0.0700652599,inf,inf,inf,inf,inf,inf,inf,1583
1779238513.4942171574,-0.0164763015,0.0996158496,0.0924203396,0.0249081324,0.0001378671,-0.0110693628,3.1029999256,nan,nan,-0.1000000015,0.0000000000,1.5599999428,0.0000000000,nan,nan,nan,nan,nan,nan,nan,nan,nan,nan,nan,nan,-0.1008827388,-0.1658088714,1.1000000238,2.3674178123,0.4968650937,0.0000000000,nan,nan,nan,nan,nan,nan,nan,nan,nan,nan,nan,nan,nan,nan,nan,nan,nan,nan,nan,nan,nan,0.0400760174,0.4300541878,inf,0.0200600624,inf,inf,inf,0.0400371552,0.0801312923,inf,inf,inf,inf,inf,inf,inf,1583
1779238513.5041208267,-0.0164763015,0.0996158496,0.0924203396,0.0249081324,0.0001378671,-0.0110693628,3.1029999256,nan,nan,-0.1000000015,0.0000000000,1.5599999428,0.0000000000,nan,nan,nan,nan,nan,nan,nan,nan,nan,nan,nan,nan,-0.1008827388,-0.1658088714,1.1000000238,2.3674178123,0.4968650937,0.0000000000,nan,nan,nan,nan,nan,nan,nan,nan,nan,nan,nan,nan,nan,nan,nan,nan,nan,nan,nan,nan,nan,0.0000200272,0.4399578571,inf,0.0299637318,inf,inf,inf,0.0499408245,0.0900349617,inf,inf,inf,inf,inf,inf,inf,1583
1779238513.5141017437,-0.0164763015,0.0996158496,0.0924203396,0.0249081324,0.0001378671,-0.0110693628,3.1029999256,nan,nan,-0.1000000015,0.0000000000,1.5599999428,0.0000000000,nan,nan,nan,nan,nan,nan,nan,nan,nan,nan,nan,nan,-0.1008827388,-0.1658088714,1.1000000238,2.3674178123,0.4968650937,0.0000000000,nan,nan,nan,nan,nan,nan,nan,nan,nan,nan,nan,nan,nan,nan,nan,nan,nan,nan,nan,nan,nan,0.0100009441,0.4499387741,inf,0.0399446487,inf,inf,inf,0.0599217415,0.0000152588,inf,inf,inf,inf,inf,inf,inf,1583
1779238513.5241367817,-0.0164763015,0.0996158496,0.0924203396,0.0249081324,0.0001378671,-0.0110693628,3.1029999256,nan,nan,-0.1000000015,0.0000000000,1.5599999428,0.0000000000,nan,nan,nan,nan,nan,nan,nan,nan,nan,nan,nan,nan,-0.1008827388,-0.1658088714,1.1000000238,2.3674178123,0.4968650937,0.0000000000,nan,nan,nan,nan,nan,nan,nan,nan,nan,nan,nan,nan,nan,nan,nan,nan,nan,nan,nan,nan,nan,0.0200359821,0.4599738121,inf,0.0499796867,inf,inf,inf,0.0699567795,0.0100502968,inf,inf,inf,inf,inf,inf,inf,1583
1779238513.5341548920,-0.0164763015,0.0996158496,0.0924203396,0.0249081324,0.0001378671,-0.0110693628,3.1029999256,nan,nan,-0.1000000015,0.0000000000,1.5599999428,0.0000000000,nan,nan,nan,nan,nan,nan,nan,nan,nan,nan,nan,nan,-0.1008827388,-0.1658088714,1.1000000238,2.3674178123,0.4968650937,0.0000000000,nan,nan,nan,nan,nan,nan,nan,nan,nan,nan,nan,nan,nan,nan,nan,nan,nan,nan,nan,nan,nan,0.0300540924,0.4699919224,inf,0.0599977970,inf,inf,inf,0.0799748898,0.0200684071,inf,inf,inf,inf,inf,inf,inf,1583
1779238513.5441544056,-0.0164763015,0.0996158496,0.0924203396,0.0249081324,0.0001378671,-0.0110693628,3.1029999256,nan,nan,-0.1000000015,0.0000000000,1.5599999428,0.0000000000,nan,nan,nan,nan,nan,nan,nan,nan,nan,nan,nan,nan,-0.1008827388,-0.1658088714,1.1000000238,2.3674178123,0.4968650937,0.0000000000,nan,nan,nan,nan,nan,nan,nan,nan,nan,nan,nan,nan,nan,nan,nan,nan,nan,nan,nan,nan,nan,0.0400536060,0.4799914360,inf,0.0699973106,inf,inf,inf,0.0899744034,0.0300679207,inf,inf,inf,inf,inf,inf,inf,1583
1779238513.5542833805,-0.0164763015,0.0996158496,0.0924203396,0.0249081324,0.0001378671,-0.0110693628,3.1029999256,nan,nan,-0.1000000015,0.0000000000,1.5599999428,0.0000000000,nan,nan,nan,nan,nan,nan,nan,nan,nan,nan,nan,nan,-0.1008827388,-0.1658088714,1.1000000238,2.3674178123,0.4968650937,0.0000000000,nan,nan,nan,nan,nan,nan,nan,nan,nan,nan,nan,nan,nan,nan,nan,nan,nan,nan,nan,nan,nan,0.0000667572,0.4901204109,inf,0.0801262856,inf,inf,inf,0.0000221729,0.0401968956,inf,inf,inf,inf,inf,inf,inf,1583
1779238513.5641574860,-0.0164763015,0.0996158496,0.0924203396,0.0249081324,0.0001378671,-0.0110693628,3.1029999256,nan,nan,-0.1000000015,0.0000000000,1.5599999428,0.0000000000,nan,nan,nan,nan,nan,nan,nan,nan,nan,nan,nan,nan,-0.1008827388,-0.1658088714,1.1000000238,2.3674178123,0.4968650937,0.0000000000,nan,nan,nan,nan,nan,nan,nan,nan,nan,nan,nan,nan,nan,nan,nan,nan,nan,nan,nan,nan,nan,0.0099408627,0.4999945164,inf,0.0900003910,inf,inf,inf,0.0098962784,0.0500710011,inf,inf,inf,inf,inf,inf,inf,1583
1779238513.5741364956,-0.0164763015,0.0996158496,0.0924203396,0.0249081324,0.0001378671,-0.0110693628,3.1029999256,nan,nan,-0.1000000015,0.0000000000,1.5599999428,0.0000000000,nan,nan,nan,nan,nan,nan,nan,nan,nan,nan,nan,nan,-0.1008827388,-0.1658088714,1.1000000238,2.3674178123,0.4968650937,0.0000000000,nan,nan,nan,nan,nan,nan,nan,nan,nan,nan,nan,nan,nan,nan,nan,nan,nan,nan,nan,nan,nan,0.0199198723,0.5099735260,inf,0.0999794006,inf,inf,inf,0.0198752880,0.0600500107,inf,inf,inf,inf,inf,inf,inf,1583
1779238513.5841391087,-0.0164763015,0.0996158496,0.0924203396,0.0249081324,0.0001378671,-0.0110693628,3.1029999256,nan,nan,-0.1000000015,0.0000000000,1.5599999428,0.0000000000,nan,nan,nan,nan,nan,nan,nan,nan,nan,nan,nan,nan,-0.1008827388,-0.1658088714,1.1000000238,2.3674178123,0.4968650937,0.0000000000,nan,nan,nan,nan,nan,nan,nan,nan,nan,nan,nan,nan,nan,nan,nan,nan,nan,nan,nan,nan,nan,0.0299224854,0.5199761391,inf,0.1099820137,inf,inf,inf,0.0298779011,0.0700526237,inf,inf,inf,inf,inf,inf,inf,1583
1779238513.5941500664,-0.0164763015,0.0996158496,0.0924203396,0.0249081324,0.0001378671,-0.0110693628,3.1029999256,nan,nan,-0.1000000015,0.0000000000,1.5599999428,0.0000000000,nan,nan,nan,nan,nan,nan,nan,nan,nan,nan,nan,nan,-0.1008827388,-0.1658088714,1.1000000238,2.3674178123,0.4968650937,0.0000000000,nan,nan,nan,nan,nan,nan,nan,nan,nan,nan,nan,nan,nan,nan,nan,nan,nan,nan,nan,nan,nan,0.0399334431,0.5299870968,inf,0.1199929714,inf,inf,inf,0.0398888588,0.0800635815,inf,inf,inf,inf,inf,inf,inf,1583
1779238513.6041271687,-0.0164763015,0.0996158496,0.0924203396,0.0249081324,0.0001378671,-0.0110693628,3.1029999256,nan,nan,-0.1000000015,0.0000000000,1.5599999428,0.0000000000,nan,nan,nan,nan,nan,nan,nan,nan,nan,nan,nan,nan,-0.1008827388,-0.1658088714,1.1000000238,2.3674178123,0.4968650937,0.0000000000,nan,nan,nan,nan,nan,nan,nan,nan,nan,nan,nan,nan,nan,nan,nan,nan,nan,nan,nan,nan,nan,0.0000262260,0.5399641991,inf,0.1299700737,inf,inf,inf,0.0498659611,0.0900406837,inf,inf,inf,inf,inf,inf,inf,1583
1779238513.6140861511,-0.0164763015,0.0996158496,0.0924203396,0.0249081324,0.0001378671,-0.0110693628,3.1029999256,nan,nan,-0.1000000015,0.0000000000,1.5599999428,0.0000000000,nan,nan,nan,nan,nan,nan,nan,nan,nan,nan,nan,nan,-0.1008827388,-0.1658088714,1.1000000238,2.3674178123,0.4968650937,0.0000000000,nan,nan,nan,nan,nan,nan,nan,nan,nan,nan,nan,nan,nan,nan,nan,nan,nan,nan,nan,nan,nan,0.0099852085,0.5499231815,inf,0.1399290562,inf,inf,inf,0.0598249435,0.0000133514,inf,inf,inf,inf,inf,inf,inf,1583
1779238513.6241164207,-0.0164763015,0.0996158496,0.0924203396,0.0249081324,0.0001378671,-0.0110693628,3.1029999256,nan,nan,-0.1000000015,0.0000000000,1.5599999428,0.0000000000,nan,nan,nan,nan,nan,nan,nan,nan,nan,nan,nan,nan,-0.1008827388,-0.1658088714,1.1000000238,2.3674178123,0.4968650937,0.0000000000,nan,nan,nan,nan,nan,nan,nan,nan,nan,nan,nan,nan,nan,nan,nan,nan,nan,nan,nan,nan,nan,0.0200154781,0.5599534512,inf,0.1499593258,inf,inf,inf,0.0698552132,0.0100436211,inf,inf,inf,inf,inf,inf,inf,1583
1779238513.6341171265,-0.0164763015,0.0996158496,0.0924203396,0.0249081324,0.0001378671,-0.0110693628,3.1029999256,nan,nan,-0.1000000015,0.0000000000,1.5599999428,0.0000000000,nan,nan,nan,nan,nan,nan,nan,nan,nan,nan,nan,nan,-0.1008827388,-0.1658088714,1.1000000238,2.3674178123,0.4968650937,0.0000000000,nan,nan,nan,nan,nan,nan,nan,nan,nan,nan,nan,nan,nan,nan,nan,nan,nan,nan,nan,nan,nan,0.0300161839,0.5699541569,inf,0.1599600315,inf,inf,inf,0.0798559189,0.0200443268,inf,inf,inf,inf,inf,inf,inf,1583
1779238513.6441073418,-0.0164763015,0.0996158496,0.0924203396,0.0249081324,0.0001378671,-0.0110693628,3.1029999256,nan,nan,-0.1000000015,0.0000000000,1.5599999428,0.0000000000,nan,nan,nan,nan,nan,nan,nan,nan,nan,nan,nan,nan,-0.1008827388,-0.1658088714,1.1000000238,2.3674178123,0.4968650937,0.0000000000,nan,nan,nan,nan,nan,nan,nan,nan,nan,nan,nan,nan,nan,nan,nan,nan,nan,nan,nan,nan,nan,0.0400063992,0.5799443722,inf,0.1699502468,inf,inf,inf,0.0898461342,0.0300345421,inf,inf,inf,inf,inf,inf,inf,1583
1779238513.6541531086,-0.0164763015,0.0996158496,0.0924203396,0.0249081324,0.0001378671,-0.0110693628,3.1029999256,nan,nan,-0.1000000015,0.0000000000,1.5599999428,0.0000000000,nan,nan,nan,nan,nan,nan,nan,nan,nan,nan,nan,nan,-0.1008827388,-0.1658088714,1.1000000238,2.3674178123,0.4968650937,0.0000000000,nan,nan,nan,nan,nan,nan,nan,nan,nan,nan,nan,nan,nan,nan,nan,nan,nan,nan,nan,nan,nan,0.0000460148,0.5899901390,inf,0.1799960136,inf,inf,inf,0.0000119209,0.0400803089,inf,inf,inf,inf,inf,inf,inf,1583
1779238513.6641178131,-0.0164763015,0.0996158496,0.0924203396,0.0249081324,0.0001378671,-0.0110693628,3.1029999256,nan,nan,-0.1000000015,0.0000000000,1.5599999428,0.0000000000,nan,nan,nan,nan,nan,nan,nan,nan,nan,nan,nan,nan,-0.1008827388,-0.1658088714,1.1000000238,2.3674178123,0.4968650937,0.0000000000,nan,nan,nan,nan,nan,nan,nan,nan,nan,nan,nan,nan,nan,nan,nan,nan,nan,nan,nan,nan,nan,0.0100107193,0.5999548435,inf,0.1899607182,inf,inf,inf,0.0099766254,0.0500450134,inf,inf,inf,inf,inf,inf,inf,1583
1779238513.6741178036,-0.0164763015,0.0996158496,0.0924203396,0.0249081324,0.0001378671,-0.0110693628,3.1029999256,nan,nan,-0.1000000015,0.0000000000,1.5599999428,0.0000000000,nan,nan,nan,nan,nan,nan,nan,nan,nan,nan,nan,nan,-0.1008827388,-0.1658088714,1.1000000238,2.3674178123,0.4968650937,0.0000000000,nan,nan,nan,nan,nan,nan,nan,nan,nan,nan,nan,nan,nan,nan,nan,nan,nan,nan,nan,nan,nan,0.0200107098,0.6099548340,inf,0.1999607086,inf,inf,inf,0.0199766159,0.0600450039,inf,inf,inf,inf,inf,inf,inf,1583
1779238513.6841194630,-0.0164763015,0.0996158496,0.0924203396,0.0249081324,0.0001378671,-0.0110693628,3.1029999256,nan,nan,-0.1000000015,0.0000000000,1.5599999428,0.0000000000,nan,nan,nan,nan,nan,nan,nan,nan,nan,nan,nan,nan,-0.1008827388,-0.1658088714,1.1000000238,2.3674178123,0.4968650937,0.0000000000,nan,nan,nan,nan,nan,nan,nan,nan,nan,nan,nan,nan,nan,nan,nan,nan,nan,nan,nan,nan,nan,0.0300123692,0.6199564934,inf,0.2099623680,inf,inf,inf,0.0299782753,0.0700466633,inf,inf,inf,inf,inf,inf,inf,1583
1779238513.6941092014,-0.0164763015,0.0996158496,0.0924203396,0.0249081324,0.0001378671,-0.0110693628,3.1029999256,nan,nan,-0.1000000015,0.0000000000,1.5599999428,0.0000000000,nan,nan,nan,nan,nan,nan,nan,nan,nan,nan,nan,nan,-0.1008827388,-0.1658088714,1.1000000238,2.3674178123,0.4968650937,0.0000000000,nan,nan,nan,nan,nan,nan,nan,nan,nan,nan,nan,nan,nan,nan,nan,nan,nan,nan,nan,nan,nan,0.0400021076,0.6299462318,inf,0.2199521065,inf,inf,inf,0.0399680138,0.0800364017,inf,inf,inf,inf,inf,inf,inf,1583
1779238513.7040688992,-0.0164763015,0.0996158496,0.0924203396,0.0249081324,0.0001378671,-0.0110693628,3.1029999256,nan,nan,-0.1000000015,0.0000000000,1.5599999428,0.0000000000,nan,nan,nan,nan,nan,nan,nan,nan,nan,nan,nan,nan,-0.1008827388,-0.1658088714,1.1000000238,2.3674178123,0.4968650937,0.0000000000,nan,nan,nan,nan,nan,nan,nan,nan,nan,nan,nan,nan,nan,nan,nan,nan,nan,nan,nan,nan,nan,0.0000095367,0.6399059296,inf,0.2299118042,inf,inf,inf,0.0499277115,0.0899960995,inf,inf,inf,inf,inf,inf,inf,1583
1779238513.7141106129,-0.0164763015,0.0996158496,0.0924203396,0.0249081324,0.0001378671,-0.0110693628,3.1029999256,nan,nan,-0.1000000015,0.0000000000,1.5599999428,0.0000000000,nan,nan,nan,nan,nan,nan,nan,nan,nan,nan,nan,nan,-0.1008827388,-0.1658088714,1.1000000238,2.3674178123,0.4968650937,0.0000000000,nan,nan,nan,nan,nan,nan,nan,nan,nan,nan,nan,nan,nan,nan,nan,nan,nan,nan,nan,nan,nan,0.0100512505,0.6499476433,inf,0.2399535179,inf,inf,inf,0.0599694252,0.0000126362,inf,inf,inf,inf,inf,inf,inf,1583
1779238513.7241349220,-0.0164763015,0.0996158496,0.0924203396,0.0249081324,0.0001378671,-0.0110693628,3.1029999256,nan,nan,-0.1000000015,0.0000000000,1.5599999428,0.0000000000,nan,nan,nan,nan,nan,nan,nan,nan,nan,nan,nan,nan,-0.1008827388,-0.1658088714,1.1000000238,2.3674178123,0.4968650937,0.0000000000,nan,nan,nan,nan,nan,nan,nan,nan,nan,nan,nan,nan,nan,nan,nan,nan,nan,nan,nan,nan,nan,0.0200755596,0.6599719524,inf,0.2499778271,inf,inf,inf,0.0699937344,0.0100369453,inf,inf,inf,inf,inf,inf,inf,1583
1779238513.7341058254,-0.0164763015,0.0996158496,0.0924203396,0.0249081324,0.0001378671,-0.0110693628,3.1029999256,nan,nan,-0.1000000015,0.0000000000,1.5599999428,0.0000000000,nan,nan,nan,nan,nan,nan,nan,nan,nan,nan,nan,nan,-0.1008827388,-0.1658088714,1.1000000238,2.3674178123,0.4968650937,0.0000000000,nan,nan,nan,nan,nan,nan,nan,nan,nan,nan,nan,nan,nan,nan,nan,nan,nan,nan,nan,nan,nan,0.0300464630,0.6699428558,inf,0.2599487305,inf,inf,inf,0.0799646378,0.0200078487,inf,inf,inf,inf,inf,inf,inf,1583
1779238513.7441368103,-0.0164763015,0.0996158496,0.0924203396,0.0249081324,0.0001378671,-0.0110693628,3.1029999256,nan,nan,-0.1000000015,0.0000000000,1.5599999428,0.0000000000,nan,nan,nan,nan,nan,nan,nan,nan,nan,nan,nan,nan,-0.1008827388,-0.1658088714,1.1000000238,2.3674178123,0.4968650937,0.0000000000,nan,nan,nan,nan,nan,nan,nan,nan,nan,nan,nan,nan,nan,nan,nan,nan,nan,nan,nan,nan,nan,0.0400774479,0.6799738407,inf,0.2699797153,inf,inf,inf,0.0899956226,0.0300388336,inf,inf,inf,inf,inf,inf,inf,1583
1779238513.7541105747,-0.0164763015,0.0996158496,0.0924203396,0.0249081324,0.0001378671,-0.0110693628,3.1029999256,nan,nan,-0.1000000015,0.0000000000,1.5599999428,0.0000000000,nan,nan,nan,nan,nan,nan,nan,nan,nan,nan,nan,nan,-0.1008827388,-0.1658088714,1.1000000238,2.3674178123,0.4968650937,0.0000000000,nan,nan,nan,nan,nan,nan,nan,nan,nan,nan,nan,nan,nan,nan,nan,nan,nan,nan,nan,nan,nan,0.0000312328,0.6899476051,inf,0.2799534798,inf,inf,inf,0.0000095367,0.0400125980,inf,inf,inf,inf,inf,inf,inf,1583
1779238513.7640936375,-0.0164763015,0.0996158496,0.0924203396,0.0249081324,0.0001378671,-0.0110693628,3.1029999256,nan,nan,-0.1000000015,0.0000000000,1.5599999428,0.0000000000,nan,nan,nan,nan,nan,nan,nan,nan,nan,nan,nan,nan,-0.1008827388,-0.1658088714,1.1000000238,2.3674178123,0.4968650937,0.0000000000,nan,nan,nan,nan,nan,nan,nan,nan,nan,nan,nan,nan,nan,nan,nan,nan,nan,nan,nan,nan,nan,0.0100142956,0.6999306679,inf,0.2899365425,inf,inf,inf,0.0099925995,0.0499956608,inf,inf,inf,inf,inf,inf,inf,1583
1779238513.7741019726,-0.0164763015,0.0996158496,0.0924203396,0.0249081324,0.0001378671,-0.0110693628,3.1029999256,nan,nan,-0.1000000015,0.0000000000,1.5599999428,0.0000000000,nan,nan,nan,nan,nan,nan,nan,nan,nan,nan,nan,nan,-0.1008827388,-0.1658088714,1.1000000238,2.3674178123,0.4968650937,0.0000000000,nan,nan,nan,nan,nan,nan,nan,nan,nan,nan,nan,nan,nan,nan,nan,nan,nan,nan,nan,nan,nan,0.0200226307,0.7099390030,inf,0.2999448776,inf,inf,inf,0.0200009346,0.0600039959,inf,inf,inf,inf,inf,inf,inf,1583
1779238513.7841014862,-0.0164763015,0.0996158496,0.0924203396,0.0249081324,0.0001378671,-0.0110693628,3.1029999256,nan,nan,-0.1000000015,0.0000000000,1.5599999428,0.0000000000,nan,nan,nan,nan,nan,nan,nan,nan,nan,nan,nan,nan,-0.1008827388,-0.1658088714,1.1000000238,2.3674178123,0.4968650937,0.0000000000,nan,nan,nan,nan,nan,nan,nan,nan,nan,nan,nan,nan,nan,nan,nan,nan,nan,nan,nan,nan,nan,0.0300221443,0.7199385166,inf,0.3099443913,inf,inf,inf,0.0300004482,0.0700035095,inf,inf,inf,inf,inf,inf,inf,1583
1779238513.7940549850,-0.0164763015,0.0996158496,0.0924203396,0.0249081324,0.0001378671,-0.0110693628,3.1029999256,nan,nan,-0.1000000015,0.0000000000,1.5599999428,0.0000000000,nan,nan,nan,nan,nan,nan,nan,nan,nan,nan,nan,nan,-0.1008827388,-0.1658088714,1.1000000238,2.3674178123,0.4968650937,0.0000000000,nan,nan,nan,nan,nan,nan,nan,nan,nan,nan,nan,nan,nan,nan,nan,nan,nan,nan,nan,nan,nan,0.0399756432,0.7298920155,inf,0.3198978901,inf,inf,inf,0.0399539471,0.0799570084,inf,inf,inf,inf,inf,inf,inf,1583
1779238513.8040735722,-0.0164763015,0.0996158496,0.0924203396,0.0249081324,0.0001378671,-0.0110693628,3.1029999256,nan,nan,-0.1000000015,0.0000000000,1.5599999428,0.0000000000,nan,nan,nan,nan,nan,nan,nan,nan,nan,nan,nan,nan,-0.1008827388,-0.1658088714,1.1000000238,2.3674178123,0.4968650937,0.0000000000,nan,nan,nan,nan,nan,nan,nan,nan,nan,nan,nan,nan,nan,nan,nan,nan,nan,nan,nan,nan,nan,0.0000100136,0.7399106026,inf,0.3299164772,inf,inf,inf,0.0499725342,0.0899755955,inf,inf,inf,inf,inf,inf,inf,1583
1779238513.8140993118,-0.0164763015,0.0996158496,0.0924203396,0.0249081324,0.0001378671,-0.0110693628,3.1029999256,nan,nan,-0.1000000015,0.0000000000,1.5599999428,0.0000000000,nan,nan,nan,nan,nan,nan,nan,nan,nan,nan,nan,nan,-0.1008827388,-0.1658088714,1.1000000238,2.3674178123,0.4968650937,0.0000000000,nan,nan,nan,nan,nan,nan,nan,nan,nan,nan,nan,nan,nan,nan,nan,nan,nan,nan,nan,nan,nan,0.0100357533,0.7499363422,inf,0.3399422169,inf,inf,inf,0.0599982738,0.0000131130,inf,inf,inf,inf,inf,inf,inf,1583
1779238513.8240973949,-0.0164763015,0.0996158496,0.0924203396,0.0249081324,0.0001378671,-0.0110693628,3.1029999256,nan,nan,-0.1000000015,0.0000000000,1.5599999428,0.0000000000,nan,nan,nan,nan,nan,nan,nan,nan,nan,nan,nan,nan,-0.1008827388,-0.1658088714,1.1000000238,2.3674178123,0.4968650937,0.0000000000,nan,nan,nan,nan,nan,nan,nan,nan,nan,nan,nan,nan,nan,nan,nan,nan,nan,nan,nan,nan,nan,0.0200338364,0.7599344254,inf,0.3499403000,inf,inf,inf,0.0699963570,0.0100111961,inf,inf,inf,inf,inf,inf,inf,1583
1779238513.8341038227,-0.0164763015,0.0996158496,0.0924203396,0.0249081324,0.0001378671,-0.0110693628,3.1029999256,nan,nan,-0.1000000015,0.0000000000,1.5599999428,0.0000000000,nan,nan,nan,nan,nan,nan,nan,nan,nan,nan,nan,nan,-0.1008827388,-0.1658088714,1.1000000238,2.3674178123,0.4968650937,0.0000000000,nan,nan,nan,nan,nan,nan,nan,nan,nan,nan,nan,nan,nan,nan,nan,nan,nan,nan,nan,nan,nan,0.0300402641,0.7699408531,inf,0.3599467278,inf,inf,inf,0.0800027847,0.0200176239,inf,inf,inf,inf,inf,inf,inf,1583
1779238513.8441240788,-0.0164763015,0.0996158496,0.0924203396,0.0249081324,0.0001378671,-0.0110693628,3.1029999256,nan,nan,-0.1000000015,0.0000000000,1.5599999428,0.0000000000,nan,nan,nan,nan,nan,nan,nan,nan,nan,nan,nan,nan,-0.1008827388,-0.1658088714,1.1000000238,2.3674178123,0.4968650937,0.0000000000,nan,nan,nan,nan,nan,nan,nan,nan,nan,nan,nan,nan,nan,nan,nan,nan,nan,nan,nan,nan,nan,0.0400605202,0.7799611092,inf,0.3699669838,inf,inf,inf,0.0900230408,0.0300378799,inf,inf,inf,inf,inf,inf,inf,1583
1779238513.8542108536,-0.0164763015,0.0996158496,0.0924203396,0.0249081324,0.0001378671,-0.0110693628,3.1029999256,nan,nan,-0.1000000015,0.0000000000,1.5599999428,0.0000000000,nan,nan,nan,nan,nan,nan,nan,nan,nan,nan,nan,nan,-0.1008827388,-0.1658088714,1.1000000238,2.3674178123,0.4968650937,0.0000000000,nan,nan,nan,nan,nan,nan,nan,nan,nan,nan,nan,nan,nan,nan,nan,nan,nan,nan,nan,nan,nan,0.0000579357,0.7900478840,inf,0.3800537586,inf,inf,inf,0.0000171661,0.0401246548,inf,inf,inf,inf,inf,inf,inf,1583
1779238513.8641490936,-0.0164763015,0.0996158496,0.0924203396,0.0249081324,0.0001378671,-0.0110693628,3.1029999256,nan,nan,-0.1000000015,0.0000000000,1.5599999428,0.0000000000,nan,nan,nan,nan,nan,nan,nan,nan,nan,nan,nan,nan,-0.1008827388,-0.1658088714,1.1000000238,2.3674178123,0.4968650937,0.0000000000,nan,nan,nan,nan,nan,nan,nan,nan,nan,nan,nan,nan,nan,nan,nan,nan,nan,nan,nan,nan,nan,0.0099961758,0.7999861240,inf,0.3899919987,inf,inf,inf,0.0099554062,0.0500628948,inf,inf,inf,inf,inf,inf,inf,1583
1779238513.8741550446,-0.0164763015,0.0996158496,0.0924203396,0.0249081324,0.0001378671,-0.0110693628,3.1029999256,nan,nan,-0.1000000015,0.0000000000,1.5599999428,0.0000000000,nan,nan,nan,nan,nan,nan,nan,nan,nan,nan,nan,nan,-0.1008827388,-0.1658088714,1.1000000238,2.3674178123,0.4968650937,0.0000000000,nan,nan,nan,nan,nan,nan,nan,nan,nan,nan,nan,nan,nan,nan,nan,nan,nan,nan,nan,nan,nan,0.0200021267,0.8099920750,inf,0.3999979496,inf,inf,inf,0.0199613571,0.0600688457,inf,inf,inf,inf,inf,inf,inf,1583
1779238513.8841960430,-0.0164763015,0.0996158496,0.0924203396,0.0249081324,0.0001378671,-0.0110693628,3.1029999256,nan,nan,-0.1000000015,0.0000000000,1.5599999428,0.0000000000,nan,nan,nan,nan,nan,nan,nan,nan,nan,nan,nan,nan,-0.1008827388,-0.1658088714,1.1000000238,2.3674178123,0.4968650937,0.0000000000,nan,nan,nan,nan,nan,nan,nan,nan,nan,nan,nan,nan,nan,nan,nan,nan,nan,nan,nan,nan,nan,0.0300431252,0.8200330734,inf,0.4100389481,inf,inf,inf,0.0300023556,0.0701098442,inf,inf,inf,inf,inf,inf,inf,1583
1779238513.8941557407,-0.0164763015,0.0996158496,0.0924203396,0.0249081324,0.0001378671,-0.0110693628,3.1029999256,nan,nan,-0.1000000015,0.0000000000,1.5599999428,0.0000000000,nan,nan,nan,nan,nan,nan,nan,nan,nan,nan,nan,nan,-0.1008827388,-0.1658088714,1.1000000238,2.3674178123,0.4968650937,0.0000000000,nan,nan,nan,nan,nan,nan,nan,nan,nan,nan,nan,nan,nan,nan,nan,nan,nan,nan,nan,nan,nan,0.0400028229,0.8299927711,inf,0.4199986458,inf,inf,inf,0.0399620533,0.0800695419,inf,inf,inf,inf,inf,inf,inf,1583
1779238513.9041757584,-0.0164763015,0.0996158496,0.0924203396,0.0249081324,0.0001378671,-0.0110693628,3.1029999256,nan,nan,-0.1000000015,0.0000000000,1.5599999428,0.0000000000,nan,nan,nan,nan,nan,nan,nan,nan,nan,nan,nan,nan,-0.1008827388,-0.1658088714,1.1000000238,2.3674178123,0.4968650937,0.0000000000,nan,nan,nan,nan,nan,nan,nan,nan,nan,nan,nan,nan,nan,nan,nan,nan,nan,nan,nan,nan,nan,0.0000209808,0.8400127888,inf,0.4300186634,inf,inf,inf,0.0499820709,0.0900895596,inf,inf,inf,inf,inf,inf,inf,1583
1779238513.9141886234,-0.0164763015,0.0996158496,0.0924203396,0.0249081324,0.0001378671,-0.0110693628,3.1029999256,nan,nan,-0.1000000015,0.0000000000,1.5599999428,0.0000000000,nan,nan,nan,nan,nan,nan,nan,nan,nan,nan,nan,nan,-0.1008827388,-0.1658088714,1.1000000238,2.3674178123,0.4968650937,0.0000000000,nan,nan,nan,nan,nan,nan,nan,nan,nan,nan,nan,nan,nan,nan,nan,nan,nan,nan,nan,nan,nan,0.0100338459,0.8500256538,inf,0.4400315285,inf,inf,inf,0.0599949360,0.0000228882,inf,inf,inf,inf,inf,inf,inf,1583
1779238513.9241693020,-0.0164763015,0.0996158496,0.0924203396,0.0249081324,0.0001378671,-0.0110693628,3.1029999256,nan,nan,-0.1000000015,0.0000000000,1.5599999428,0.0000000000,nan,nan,nan,nan,nan,nan,nan,nan,nan,nan,nan,nan,-0.1008827388,-0.1658088714,1.1000000238,2.3674178123,0.4968650937,0.0000000000,nan,nan,nan,nan,nan,nan,nan,nan,nan,nan,nan,nan,nan,nan,nan,nan,nan,nan,nan,nan,nan,0.0200145245,0.8600063324,inf,0.4500122070,inf,inf,inf,0.0699756145,0.0100035667,inf,inf,inf,inf,inf,inf,inf,1583
1779238513.9341466427,-0.0164763015,0.0996158496,0.0924203396,0.0249081324,0.0001378671,-0.0110693628,3.1029999256,nan,nan,-0.1000000015,0.0000000000,1.5599999428,0.0000000000,nan,nan,nan,nan,nan,nan,nan,nan,nan,nan,nan,nan,-0.1008827388,-0.1658088714,1.1000000238,2.3674178123,0.4968650937,0.0000000000,nan,nan,nan,nan,nan,nan,nan,nan,nan,nan,nan,nan,nan,nan,nan,nan,nan,nan,nan,nan,nan,0.0299918652,0.8699836731,inf,0.4599895477,inf,inf,inf,0.0799529552,0.0199809074,inf,inf,inf,inf,inf,inf,inf,1583
1779238513.9442291260,-0.0164763015,0.0996158496,0.0924203396,0.0249081324,0.0001378671,-0.0110693628,3.1029999256,nan,nan,-0.1000000015,0.0000000000,1.5599999428,0.0000000000,nan,nan,nan,nan,nan,nan,nan,nan,nan,nan,nan,nan,-0.1008827388,-0.1658088714,1.1000000238,2.3674178123,0.4968650937,0.0000000000,nan,nan,nan,nan,nan,nan,nan,nan,nan,nan,nan,nan,nan,nan,nan,nan,nan,nan,nan,nan,nan,0.0400743484,0.8800661564,inf,0.4700720310,inf,inf,inf,0.0900354385,0.0300633907,inf,inf,inf,inf,inf,inf,inf,1583
1779238513.9541895390,-0.0164763015,0.0996158496,0.0924203396,0.0249081324,0.0001378671,-0.0110693628,3.1029999256,nan,nan,-0.1000000015,0.0000000000,1.5599999428,0.0000000000,nan,nan,nan,nan,nan,nan,nan,nan,nan,nan,nan,nan,-0.1008827388,-0.1658088714,1.1000000238,2.3674178123,0.4968650937,0.0000000000,nan,nan,nan,nan,nan,nan,nan,nan,nan,nan,nan,nan,nan,nan,nan,nan,nan,nan,nan,nan,nan,0.0000550747,0.8900265694,inf,0.4800324440,inf,inf,inf,0.0000193119,0.0400238037,inf,inf,inf,inf,inf,inf,inf,1583
1779238513.9641592503,-0.0164763015,0.0996158496,0.0924203396,0.0249081324,0.0001378671,-0.0110693628,3.1029999256,nan,nan,-0.1000000015,0.0000000000,1.5599999428,0.0000000000,nan,nan,nan,nan,nan,nan,nan,nan,nan,nan,nan,nan,-0.1008827388,-0.1658088714,1.1000000238,2.3674178123,0.4968650937,0.0000000000,nan,nan,nan,nan,nan,nan,nan,nan,nan,nan,nan,nan,nan,nan,nan,nan,nan,nan,nan,nan,nan,0.0100247860,0.8999962807,inf,0.4900021553,inf,inf,inf,0.0099890232,0.0499935150,inf,inf,inf,inf,inf,inf,inf,1583
1779238513.9741568565,-0.0164763015,0.0996158496,0.0924203396,0.0249081324,0.0001378671,-0.0110693628,3.1029999256,nan,nan,-0.1000000015,0.0000000000,1.5599999428,0.0000000000,nan,nan,nan,nan,nan,nan,nan,nan,nan,nan,nan,nan,-0.1008827388,-0.1658088714,1.1000000238,2.3674178123,0.4968650937,0.0000000000,nan,nan,nan,nan,nan,nan,nan,nan,nan,nan,nan,nan,nan,nan,nan,nan,nan,nan,nan,nan,nan,0.0200223923,0.9099938869,inf,0.4999997616,inf,inf,inf,0.0199866295,0.0599911213,inf,inf,inf,inf,inf,inf,inf,1583
1779238513.9841589928,-0.0164763015,0.0996158496,0.0924203396,0.0249081324,0.0001378671,-0.0110693628,3.1029999256,nan,nan,-0.1000000015,0.0000000000,1.5599999428,0.0000000000,nan,nan,nan,nan,nan,nan,nan,nan,nan,nan,nan,nan,-0.1008827388,-0.1658088714,1.1000000238,2.3674178123,0.4968650937,0.0000000000,nan,nan,nan,nan,nan,nan,nan,nan,nan,nan,nan,nan,nan,nan,nan,nan,nan,nan,nan,nan,nan,0.0300245285,0.9199960232,inf,0.5100018978,inf,inf,inf,0.0299887657,0.0699932575,inf,inf,inf,inf,inf,inf,inf,1583
1779238513.9941575527,-0.0164763015,0.0996158496,0.0924203396,0.0249081324,0.0001378671,-0.0110693628,3.1029999256,nan,nan,-0.1000000015,0.0000000000,1.5599999428,0.0000000000,nan,nan,nan,nan,nan,nan,nan,nan,nan,nan,nan,nan,-0.1008827388,-0.1658088714,1.1000000238,2.3674178123,0.4968650937,0.0000000000,nan,nan,nan,nan,nan,nan,nan,nan,nan,nan,nan,nan,nan,nan,nan,nan,nan,nan,nan,nan,nan,0.0400230885,0.9299945831,inf,0.5200004578,inf,inf,inf,0.0399873257,0.0799918175,inf,inf,inf,inf,inf,inf,inf,1583
1779238514.0041677952,-0.0164763015,0.0996158496,0.0924203396,0.0249081324,0.0001378671,-0.0110693628,3.1029999256,nan,nan,-0.1000000015,0.0000000000,1.5599999428,0.0000000000,nan,nan,nan,nan,nan,nan,nan,nan,nan,nan,nan,nan,-0.1008827388,-0.1658088714,1.1000000238,2.3674178123,0.4968650937,0.0000000000,nan,nan,nan,nan,nan,nan,nan,nan,nan,nan,nan,nan,nan,nan,nan,nan,nan,nan,nan,nan,nan,0.0000200272,0.9400048256,inf,0.5300107002,inf,inf,inf,0.0499975681,0.0900020599,inf,inf,inf,inf,inf,inf,inf,1583
1779238514.0142321587,-0.0164763015,0.0996158496,0.0924203396,0.0249081324,0.0001378671,-0.0110693628,3.1029999256,nan,nan,-0.1000000015,0.0000000000,1.5599999428,0.0000000000,nan,nan,nan,nan,nan,nan,nan,nan,nan,nan,nan,nan,-0.1008827388,-0.1658088714,1.1000000238,2.3674178123,0.4968650937,0.0000000000,nan,nan,nan,nan,nan,nan,nan,nan,nan,nan,nan,nan,nan,nan,nan,nan,nan,nan,nan,nan,nan,0.0100843906,0.9500691891,inf,0.5400750637,inf,inf,inf,0.0600619316,0.0000283718,inf,inf,inf,inf,inf,inf,inf,1583
1779238514.0241518021,-0.0164763015,0.0996158496,0.0924203396,0.0249081324,0.0001378671,-0.0110693628,3.1029999256,nan,nan,-0.1000000015,0.0000000000,1.5599999428,0.0000000000,nan,nan,nan,nan,nan,nan,nan,nan,nan,nan,nan,nan,-0.1008827388,-0.1658088714,1.1000000238,2.3674178123,0.4968650937,0.0000000000,nan,nan,nan,nan,nan,nan,nan,nan,nan,nan,nan,nan,nan,nan,nan,nan,nan,nan,nan,nan,nan,0.0200040340,0.9599888325,inf,0.5499947071,inf,inf,inf,0.0699815750,0.0099480152,inf,inf,inf,inf,inf,inf,inf,1583
1779238514.0341546535,-0.0164763015,0.0996158496,0.0924203396,0.0249081324,0.0001378671,-0.0110693628,3.1029999256,nan,nan,-0.1000000015,0.0000000000,1.5599999428,0.0000000000,nan,nan,nan,nan,nan,nan,nan,nan,nan,nan,nan,nan,-0.1008827388,-0.1658088714,1.1000000238,2.3674178123,0.4968650937,0.0000000000,nan,nan,nan,nan,nan,nan,nan,nan,nan,nan,nan,nan,nan,nan,nan,nan,nan,nan,nan,nan,nan,0.0300068855,0.9699916840,inf,0.5599975586,inf,inf,inf,0.0799844265,0.0199508667,inf,inf,inf,inf,inf,inf,inf,1583
1779238514.0441296101,-0.0164763015,0.0996158496,0.0924203396,0.0249081324,0.0001378671,-0.0110693628,3.1029999256,nan,nan,-0.1000000015,0.0000000000,1.5599999428,0.0000000000,nan,nan,nan,nan,nan,nan,nan,nan,nan,nan,nan,nan,-0.1008827388,-0.1658088714,1.1000000238,2.3674178123,0.4968650937,0.0000000000,nan,nan,nan,nan,nan,nan,nan,nan,nan,nan,nan,nan,nan,nan,nan,nan,nan,nan,nan,nan,nan,0.0399818420,0.9799666405,inf,0.5699725151,inf,inf,inf,0.0899593830,0.0299258232,inf,inf,inf,inf,inf,inf,inf,1583
1779238514.0542056561,-0.0164763015,0.0996158496,0.0924203396,0.0249081324,0.0001378671,-0.0110693628,3.1029999256,nan,nan,-0.1000000015,0.0000000000,1.5599999428,0.0000000000,nan,nan,nan,nan,nan,nan,nan,nan,nan,nan,nan,nan,-0.1008827388,-0.1658088714,1.1000000238,2.3674178123,0.4968650937,0.0000000000,nan,nan,nan,nan,nan,nan,nan,nan,nan,nan,nan,nan,nan,nan,nan,nan,nan,nan,nan,nan,nan,0.0000591278,0.9900426865,inf,0.5800485611,inf,inf,inf,0.0000183582,0.0400018692,inf,inf,inf,inf,inf,inf,inf,1583
1779238514.0641994476,-0.0164763015,0.0996158496,0.0924203396,0.0249081324,0.0001378671,-0.0110693628,3.1719999313,nan,nan,-0.1000000015,0.0000000000,1.5599999428,0.0000000000,nan,nan,nan,nan,nan,nan,nan,nan,nan,nan,nan,nan,-0.1008827388,-0.1658088714,1.1000000238,2.3674178123,0.4968650937,0.0000000000,nan,nan,nan,nan,nan,nan,nan,nan,nan,nan,nan,nan,nan,nan,nan,nan,nan,nan,nan,nan,nan,0.0100529194,0.0000348091,inf,0.5900423527,inf,inf,inf,0.0100121498,0.0499956608,inf,inf,inf,inf,inf,inf,inf,1583
1779238514.0741288662,-0.0164763015,0.0996158496,0.0924203396,0.0249081324,0.0001378671,-0.0110693628,3.1719999313,nan,nan,-0.1000000015,0.0000000000,1.5599999428,0.0000000000,nan,nan,nan,nan,nan,nan,nan,nan,nan,nan,nan,nan,-0.1008827388,-0.1658088714,1.1000000238,2.3674178123,0.4968650937,0.0000000000,nan,nan,nan,nan,nan,nan,nan,nan,nan,nan,nan,nan,nan,nan,nan,nan,nan,nan,nan,nan,nan,0.0199823380,0.0099642277,inf,0.5999717712,inf,inf,inf,0.0199415684,0.0599250793,inf,inf,inf,inf,inf,inf,inf,1583
1779238514.0841507912,-0.0164763015,0.0996158496,0.0924203396,0.0249081324,0.0001378671,-0.0110693628,3.1719999313,nan,nan,-0.1000000015,0.0000000000,1.5599999428,0.0000000000,nan,nan,nan,nan,nan,nan,nan,nan,nan,nan,nan,nan,-0.1008827388,-0.1658088714,1.1000000238,2.3674178123,0.4968650937,0.0000000000,nan,nan,nan,nan,nan,nan,nan,nan,nan,nan,nan,nan,nan,nan,nan,nan,nan,nan,nan,nan,nan,0.0300042629,0.0199861526,inf,0.6099936962,inf,inf,inf,0.0299634933,0.0699470043,inf,inf,inf,inf,inf,inf,inf,1583
1779238514.0941407681,-0.0164763015,0.0996158496,0.0924203396,0.0249081324,0.0001378671,-0.0110693628,3.1719999313,nan,nan,-0.1000000015,0.0000000000,1.5599999428,0.0000000000,nan,nan,nan,nan,nan,nan,nan,nan,nan,nan,nan,nan,-0.1008827388,-0.1658088714,1.1000000238,2.3674178123,0.4968650937,0.0000000000,nan,nan,nan,nan,nan,nan,nan,nan,nan,nan,nan,nan,nan,nan,nan,nan,nan,nan,nan,nan,nan,0.0399942398,0.0299761295,inf,0.6199836731,inf,inf,inf,0.0399534702,0.0799369812,inf,inf,inf,inf,inf,inf,inf,1583
1779238514.1041381359,-0.0164763015,0.0996158496,0.0924203396,0.0249081324,0.0001378671,-0.0110693628,3.1719999313,nan,nan,-0.1000000015,0.0000000000,1.5599999428,0.0000000000,nan,nan,nan,nan,nan,nan,nan,nan,nan,nan,nan,nan,-0.1008827388,-0.1658088714,1.1000000238,2.3674178123,0.4968650937,0.0000000000,nan,nan,nan,nan,nan,nan,nan,nan,nan,nan,nan,nan,nan,nan,nan,nan,nan,nan,nan,nan,nan,0.0499916077,0.0399734974,inf,0.6299810410,inf,inf,inf,0.0499508381,0.0899343491,inf,inf,inf,inf,inf,inf,inf,1583
1779238514.1141588688,-0.0164763015,0.0996158496,0.0924203396,0.0249081324,0.0001378671,-0.0110693628,3.1719999313,nan,nan,-0.1000000015,0.0000000000,1.5599999428,0.0000000000,nan,nan,nan,nan,nan,nan,nan,nan,nan,nan,nan,nan,-0.1008827388,-0.1658088714,1.1000000238,2.3674178123,0.4968650937,0.0000000000,nan,nan,nan,nan,nan,nan,nan,nan,nan,nan,nan,nan,nan,nan,nan,nan,nan,nan,nan,nan,nan,0.0600123405,0.0499942303,inf,0.6400017738,inf,inf,inf,0.0599715710,0.0999550819,inf,inf,inf,inf,inf,inf,inf,1583
1779238514.1241230965,-0.0164763015,0.0996158496,0.0924203396,0.0249081324,0.0001378671,-0.0110693628,3.1719999313,nan,nan,-0.1000000015,0.0000000000,1.5599999428,0.0000000000,nan,nan,nan,nan,nan,nan,nan,nan,nan,nan,nan,nan,-0.1008827388,-0.1658088714,1.1000000238,2.3674178123,0.4968650937,0.0000000000,nan,nan,nan,nan,nan,nan,nan,nan,nan,nan,nan,nan,nan,nan,nan,nan,nan,nan,nan,nan,nan,0.0699765682,0.0599584579,inf,0.6499660015,inf,inf,inf,0.0699357986,0.1099193096,inf,inf,inf,inf,inf,inf,inf,1583
1779238514.1341168880,-0.0164763015,0.0996158496,0.0924203396,0.0249081324,0.0001378671,-0.0110693628,3.1719999313,nan,nan,-0.1000000015,0.0000000000,1.5599999428,0.0000000000,nan,nan,nan,nan,nan,nan,nan,nan,nan,nan,nan,nan,-0.1008827388,-0.1658088714,1.1000000238,2.3674178123,0.4968650937,0.0000000000,nan,nan,nan,nan,nan,nan,nan,nan,nan,nan,nan,nan,nan,nan,nan,nan,nan,nan,nan,nan,nan,0.0799703598,0.0699522495,inf,0.6599597931,inf,inf,inf,0.0799295902,0.1199131012,inf,inf,inf,inf,inf,inf,inf,1583
1779238514.1440980434,-0.0164763015,0.0996158496,0.0924203396,0.0249081324,0.0001378671,-0.0110693628,3.1719999313,nan,nan,-0.1000000015,0.0000000000,1.5599999428,0.0000000000,nan,nan,nan,nan,nan,nan,nan,nan,nan,nan,nan,nan,-0.1008827388,-0.1658088714,1.1000000238,2.3674178123,0.4968650937,0.0000000000,nan,nan,nan,nan,nan,nan,nan,nan,nan,nan,nan,nan,nan,nan,nan,nan,nan,nan,nan,nan,nan,0.0899515152,0.0799334049,inf,0.6699409485,inf,inf,inf,0.0899107456,0.1298942566,inf,inf,inf,inf,inf,inf,inf,1583
1779238514.1541092396,-0.0164763015,0.0996158496,0.0924203396,0.0249081324,0.0001378671,-0.0110693628,3.1719999313,nan,nan,-0.1000000015,0.0000000000,1.5599999428,0.0000000000,nan,nan,nan,nan,nan,nan,nan,nan,nan,nan,nan,nan,-0.1008827388,-0.1658088714,1.1000000238,2.3674178123,0.4968650937,0.0000000000,nan,nan,nan,nan,nan,nan,nan,nan,nan,nan,nan,nan,nan,nan,nan,nan,nan,nan,nan,nan,nan,0.0999627113,0.0899446011,inf,0.6799521446,inf,inf,inf,0.0999219418,0.1399054527,inf,inf,inf,inf,inf,inf,inf,1583
1779238514.1640830040,-0.0164763015,0.0996158496,0.0924203396,0.0249081324,0.0001378671,-0.0110693628,3.1719999313,nan,nan,-0.1000000015,0.0000000000,1.5599999428,0.0000000000,nan,nan,nan,nan,nan,nan,nan,nan,nan,nan,nan,nan,-0.1008827388,-0.1658088714,1.1000000238,2.3674178123,0.4968650937,0.0000000000,nan,nan,nan,nan,nan,nan,nan,nan,nan,nan,nan,nan,nan,nan,nan,nan,nan,nan,nan,nan,nan,0.1099364758,0.0999183655,inf,0.6899259090,inf,inf,inf,0.1098957062,0.1498792171,inf,inf,inf,inf,inf,inf,inf,1583
1779238514.1741030216,-0.0164763015,0.0996158496,0.0924203396,0.0249081324,0.0001378671,-0.0110693628,3.1719999313,nan,nan,-0.1000000015,0.0000000000,1.5599999428,0.0000000000,nan,nan,nan,nan,nan,nan,nan,nan,nan,nan,nan,nan,-0.1008827388,-0.1658088714,1.1000000238,2.3674178123,0.4968650937,0.0000000000,nan,nan,nan,nan,nan,nan,nan,nan,nan,nan,nan,nan,nan,nan,nan,nan,nan,nan,nan,nan,nan,0.1199564934,0.1099383831,inf,0.6999459267,inf,inf,inf,0.1199157238,0.1598992348,inf,inf,inf,inf,inf,inf,inf,1583
1779238514.1840870380,-0.0164763015,0.0996158496,0.0924203396,0.0249081324,0.0001378671,-0.0110693628,3.1719999313,nan,nan,-0.1000000015,0.0000000000,1.5599999428,0.0000000000,nan,nan,nan,nan,nan,nan,nan,nan,nan,nan,nan,nan,-0.1008827388,-0.1658088714,1.1000000238,2.3674178123,0.4968650937,0.0000000000,nan,nan,nan,nan,nan,nan,nan,nan,nan,nan,nan,nan,nan,nan,nan,nan,nan,nan,nan,nan,nan,0.1299405098,0.1199223995,inf,0.7099299431,inf,inf,inf,0.1298997402,0.1698832512,inf,inf,inf,inf,inf,inf,inf,1583
1779238514.1941154003,-0.0164763015,0.0996158496,0.0924203396,0.0249081324,0.0001378671,-0.0110693628,3.1719999313,nan,nan,-0.1000000015,0.0000000000,1.5599999428,0.0000000000,nan,nan,nan,nan,nan,nan,nan,nan,nan,nan,nan,nan,-0.1008827388,-0.1658088714,1.1000000238,2.3674178123,0.4968650937,0.0000000000,nan,nan,nan,nan,nan,nan,nan,nan,nan,nan,nan,nan,nan,nan,nan,nan,nan,nan,nan,nan,nan,0.1399688721,0.1299507618,inf,0.7199583054,inf,inf,inf,0.1399281025,0.1799116135,inf,inf,inf,inf,inf,inf,inf,1583
1779238514.2040939331,-0.0164763015,0.0996158496,0.0924203396,0.0249081324,0.0001378671,-0.0110693628,3.1719999313,nan,nan,-0.1000000015,0.0000000000,1.5599999428,0.0000000000,nan,nan,nan,nan,nan,nan,nan,nan,nan,nan,nan,nan,-0.1008827388,-0.1658088714,1.1000000238,2.3674178123,0.4968650937,0.0000000000,nan,nan,nan,nan,nan,nan,nan,nan,nan,nan,nan,nan,nan,nan,nan,nan,nan,nan,nan,nan,nan,0.1499474049,0.1399292946,inf,0.7299368382,inf,inf,inf,0.1499066353,0.1898901463,inf,inf,inf,inf,inf,inf,inf,1583
1779238514.2141170502,-0.0164763015,0.0996158496,0.0924203396,0.0249081324,0.0001378671,-0.0110693628,3.1719999313,nan,nan,-0.1000000015,0.0000000000,1.5599999428,0.0000000000,nan,nan,nan,nan,nan,nan,nan,nan,nan,nan,nan,nan,-0.1008827388,-0.1658088714,1.1000000238,2.3674178123,0.4968650937,0.0000000000,nan,nan,nan,nan,nan,nan,nan,nan,nan,nan,nan,nan,nan,nan,nan,nan,nan,nan,nan,nan,nan,0.1599705219,0.1499524117,inf,0.7399599552,inf,inf,inf,0.1599297523,0.1999132633,inf,inf,inf,inf,inf,inf,inf,1583
1779238514.2240998745,-0.0164763015,0.0996158496,0.0924203396,0.0249081324,0.0001378671,-0.0110693628,3.1719999313,nan,nan,-0.1000000015,0.0000000000,1.5599999428,0.0000000000,nan,nan,nan,nan,nan,nan,nan,nan,nan,nan,nan,nan,-0.1008827388,-0.1658088714,1.1000000238,2.3674178123,0.4968650937,0.0000000000,nan,nan,nan,nan,nan,nan,nan,nan,nan,nan,nan,nan,nan,nan,nan,nan,nan,nan,nan,nan,nan,0.1699533463,0.1599352360,inf,0.7499427795,inf,inf,inf,0.1699125767,0.2098960876,inf,inf,inf,inf,inf,inf,inf,1583
1779238514.2340998650,-0.0164763015,0.0996158496,0.0924203396,0.0249081324,0.0001378671,-0.0110693628,3.1719999313,nan,nan,-0.1000000015,0.0000000000,1.5599999428,0.0000000000,nan,nan,nan,nan,nan,nan,nan,nan,nan,nan,nan,nan,-0.1008827388,-0.1658088714,1.1000000238,2.3674178123,0.4968650937,0.0000000000,nan,nan,nan,nan,nan,nan,nan,nan,nan,nan,nan,nan,nan,nan,nan,nan,nan,nan,nan,nan,nan,0.1799533367,0.1699352264,inf,0.7599427700,inf,inf,inf,0.1799125671,0.2198960781,inf,inf,inf,inf,inf,inf,inf,1583
1779238514.2441179752,-0.0164763015,0.0996158496,0.0924203396,0.0249081324,0.0001378671,-0.0110693628,3.1719999313,nan,nan,-0.1000000015,0.0000000000,1.5599999428,0.0000000000,nan,nan,nan,nan,nan,nan,nan,nan,nan,nan,nan,nan,-0.1008827388,-0.1658088714,1.1000000238,2.3674178123,0.4968650937,0.0000000000,nan,nan,nan,nan,nan,nan,nan,nan,nan,nan,nan,nan,nan,nan,nan,nan,nan,nan,nan,nan,nan,0.1899714470,0.1799533367,inf,0.7699608803,inf,inf,inf,0.1899306774,0.2299141884,inf,inf,inf,inf,inf,inf,inf,1583
1779238514.2541091442,-0.0164763015,0.0996158496,0.0924203396,0.0249081324,0.0001378671,-0.0110693628,3.1719999313,nan,nan,-0.1000000015,0.0000000000,1.5599999428,0.0000000000,nan,nan,nan,nan,nan,nan,nan,nan,nan,nan,nan,nan,-0.1008827388,-0.1658088714,1.1000000238,2.3674178123,0.4968650937,0.0000000000,nan,nan,nan,nan,nan,nan,nan,nan,nan,nan,nan,nan,nan,nan,nan,nan,nan,nan,nan,nan,nan,0.1999626160,0.1899445057,inf,0.7799520493,inf,inf,inf,0.1999218464,0.2399053574,inf,inf,inf,inf,inf,inf,inf,1583
1779238514.2641067505,-0.0164763015,0.0996158496,0.0924203396,0.0249081324,0.0001378671,-0.0110693628,3.1719999313,nan,nan,-0.1000000015,0.0000000000,1.5599999428,0.0000000000,nan,nan,nan,nan,nan,nan,nan,nan,nan,nan,nan,nan,-0.1008827388,-0.1658088714,1.1000000238,2.3674178123,0.4968650937,0.0000000000,nan,nan,nan,nan,nan,nan,nan,nan,nan,nan,nan,nan,nan,nan,nan,nan,nan,nan,nan,nan,nan,0.2099602222,0.1999421120,inf,0.7899496555,inf,inf,inf,0.2099194527,0.2499029636,inf,inf,inf,inf,inf,inf,inf,1583
1779238514.2741348743,-0.0164763015,0.0996158496,0.0924203396,0.0249081324,0.0001378671,-0.0110693628,3.1719999313,nan,nan,-0.1000000015,0.0000000000,1.5599999428,0.0000000000,nan,nan,nan,nan,nan,nan,nan,nan,nan,nan,nan,nan,-0.1008827388,-0.1658088714,1.1000000238,2.3674178123,0.4968650937,0.0000000000,nan,nan,nan,nan,nan,nan,nan,nan,nan,nan,nan,nan,nan,nan,nan,nan,nan,nan,nan,nan,nan,0.2199883461,0.2099702358,inf,0.7999777794,inf,inf,inf,0.2199475765,0.2599310875,inf,inf,inf,inf,inf,inf,inf,1583
1779238514.2841067314,-0.0164763015,0.0996158496,0.0924203396,0.0249081324,0.0001378671,-0.0110693628,3.1719999313,nan,nan,-0.1000000015,0.0000000000,1.5599999428,0.0000000000,nan,nan,nan,nan,nan,nan,nan,nan,nan,nan,nan,nan,-0.1008827388,-0.1658088714,1.1000000238,2.3674178123,0.4968650937,0.0000000000,nan,nan,nan,nan,nan,nan,nan,nan,nan,nan,nan,nan,nan,nan,nan,nan,nan,nan,nan,nan,nan,0.2299602032,0.2199420929,inf,0.8099496365,inf,inf,inf,0.2299194336,0.2699029446,inf,inf,inf,inf,inf,inf,inf,1583
1779238514.2941336632,-0.0164763015,0.0996158496,0.0924203396,0.0249081324,0.0001378671,-0.0110693628,3.1719999313,nan,nan,-0.1000000015,0.0000000000,1.5599999428,0.0000000000,nan,nan,nan,nan,nan,nan,nan,nan,nan,nan,nan,nan,-0.1008827388,-0.1658088714,1.1000000238,2.3674178123,0.4968650937,0.0000000000,nan,nan,nan,nan,nan,nan,nan,nan,nan,nan,nan,nan,nan,nan,nan,nan,nan,nan,nan,nan,nan,0.2399871349,0.2299690247,inf,0.8199765682,inf,inf,inf,0.2399463654,0.2799298763,inf,inf,inf,inf,inf,inf,inf,1583
1779238514.3062887192,-0.0164763015,0.0996158496,0.0924203396,0.0249081324,0.0001378671,-0.0110693628,3.1719999313,nan,nan,-0.1000000015,0.0000000000,1.5599999428,0.0000000000,nan,nan,nan,nan,nan,nan,nan,nan,nan,nan,nan,nan,-0.1008827388,-0.1658088714,1.1000000238,2.3674178123,0.4968650937,0.0000000000,nan,nan,nan,nan,nan,nan,nan,nan,nan,nan,nan,nan,nan,nan,nan,nan,nan,nan,nan,nan,nan,0.2521421909,0.2421240807,inf,0.8321316242,inf,inf,inf,0.2521014214,0.2920849323,inf,inf,inf,inf,inf,inf,inf,1583
1779238514.3141241074,-0.0164763015,0.0996158496,0.0924203396,0.0249081324,0.0001378671,-0.0110693628,3.1719999313,nan,nan,-0.1000000015,0.0000000000,1.5599999428,0.0000000000,nan,nan,nan,nan,nan,nan,nan,nan,nan,nan,nan,nan,-0.1008827388,-0.1658088714,1.1000000238,2.3674178123,0.4968650937,0.0000000000,nan,nan,nan,nan,nan,nan,nan,nan,nan,nan,nan,nan,nan,nan,nan,nan,nan,nan,nan,nan,nan,0.2599775791,0.2499594688,inf,0.8399670124,inf,inf,inf,0.2599368095,0.2999203205,inf,inf,inf,inf,inf,inf,inf,1583
1779238514.3241097927,-0.0164763015,0.0996158496,0.0924203396,0.0249081324,0.0001378671,-0.0110693628,3.1719999313,nan,nan,-0.1000000015,0.0000000000,1.5599999428,0.0000000000,nan,nan,nan,nan,nan,nan,nan,nan,nan,nan,nan,nan,-0.1008827388,-0.1658088714,1.1000000238,2.3674178123,0.4968650937,0.0000000000,nan,nan,nan,nan,nan,nan,nan,nan,nan,nan,nan,nan,nan,nan,nan,nan,nan,nan,nan,nan,nan,0.2699632645,0.2599451542,inf,0.8499526978,inf,inf,inf,0.2699224949,0.3099060059,inf,inf,inf,inf,inf,inf,inf,1583
1779238514.3341548443,-0.0164763015,0.0996158496,0.0924203396,0.0249081324,0.0001378671,-0.0110693628,3.1719999313,nan,nan,-0.1000000015,0.0000000000,1.5599999428,0.0000000000,nan,nan,nan,nan,nan,nan,nan,nan,nan,nan,nan,nan,-0.1008827388,-0.1658088714,1.1000000238,2.3674178123,0.4968650937,0.0000000000,nan,nan,nan,nan,nan,nan,nan,nan,nan,nan,nan,nan,nan,nan,nan,nan,nan,nan,nan,nan,nan,0.2800083160,0.2699902058,inf,0.8599977493,inf,inf,inf,0.2799675465,0.3199510574,inf,inf,inf,inf,inf,inf,inf,1583
1779238514.3441295624,-0.0164763015,0.0996158496,0.0924203396,0.0249081324,0.0001378671,-0.0110693628,3.1719999313,nan,nan,-0.1000000015,0.0000000000,1.5599999428,0.0000000000,nan,nan,nan,nan,nan,nan,nan,nan,nan,nan,nan,nan,-0.1008827388,-0.1658088714,1.1000000238,2.3674178123,0.4968650937,0.0000000000,nan,nan,nan,nan,nan,nan,nan,nan,nan,nan,nan,nan,nan,nan,nan,nan,nan,nan,nan,nan,nan,0.2899830341,0.2799649239,inf,0.8699724674,inf,inf,inf,0.2899422646,0.3299257755,inf,inf,inf,inf,inf,inf,inf,1583
1779238514.3541514874,-0.0164763015,0.0996158496,0.0924203396,0.0249081324,0.0001378671,-0.0110693628,3.1719999313,nan,nan,-0.1000000015,0.0000000000,1.5599999428,0.0000000000,nan,nan,nan,nan,nan,nan,nan,nan,nan,nan,nan,nan,-0.1008827388,-0.1658088714,1.1000000238,2.3674178123,0.4968650937,0.0000000000,nan,nan,nan,nan,nan,nan,nan,nan,nan,nan,nan,nan,nan,nan,nan,nan,nan,nan,nan,nan,nan,0.3000049591,0.2899868488,inf,0.8799943924,inf,inf,inf,0.2999641895,0.3399477005,inf,inf,inf,inf,inf,inf,inf,1583
1779238514.3641624451,-0.0164763015,0.0996158496,0.0924203396,0.0249081324,0.0001378671,-0.0110693628,3.1719999313,nan,nan,-0.1000000015,0.0000000000,1.5599999428,0.0000000000,nan,nan,nan,nan,nan,nan,nan,nan,nan,nan,nan,nan,-0.1008827388,-0.1658088714,1.1000000238,2.3674178123,0.4968650937,0.0000000000,nan,nan,nan,nan,nan,nan,nan,nan,nan,nan,nan,nan,nan,nan,nan,nan,nan,nan,nan,nan,nan,0.3100159168,0.2999978065,inf,0.8900053501,inf,inf,inf,0.3099751472,0.3499586582,inf,inf,inf,inf,inf,inf,inf,1583
1779238514.3741457462,-0.0164763015,0.0996158496,0.0924203396,0.0249081324,0.0001378671,-0.0110693628,3.1719999313,nan,nan,-0.1000000015,0.0000000000,1.5599999428,0.0000000000,nan,nan,nan,nan,nan,nan,nan,nan,nan,nan,nan,nan,-0.1008827388,-0.1658088714,1.1000000238,2.3674178123,0.4968650937,0.0000000000,nan,nan,nan,nan,nan,nan,nan,nan,nan,nan,nan,nan,nan,nan,nan,nan,nan,nan,nan,nan,nan,0.3199992180,0.3099811077,inf,0.8999886513,inf,inf,inf,0.3199584484,0.3599419594,inf,inf,inf,inf,inf,inf,inf,1583
1779238514.3841695786,-0.0164763015,0.0996158496,0.0924203396,0.0249081324,0.0001378671,-0.0110693628,3.1719999313,nan,nan,-0.1000000015,0.0000000000,1.5599999428,0.0000000000,nan,nan,nan,nan,nan,nan,nan,nan,nan,nan,nan,nan,-0.1008827388,-0.1658088714,1.1000000238,2.3674178123,0.4968650937,0.0000000000,nan,nan,nan,nan,nan,nan,nan,nan,nan,nan,nan,nan,nan,nan,nan,nan,nan,nan,nan,nan,nan,0.3300230503,0.3200049400,inf,0.9100124836,inf,inf,inf,0.3299822807,0.3699657917,inf,inf,inf,inf,inf,inf,inf,1583
1779238514.3941609859,-0.0164763015,0.0996158496,0.0924203396,0.0249081324,0.0001378671,-0.0110693628,3.1719999313,nan,nan,-0.1000000015,0.0000000000,1.5599999428,0.0000000000,nan,nan,nan,nan,nan,nan,nan,nan,nan,nan,nan,nan,-0.1008827388,-0.1658088714,1.1000000238,2.3674178123,0.4968650937,0.0000000000,nan,nan,nan,nan,nan,nan,nan,nan,nan,nan,nan,nan,nan,nan,nan,nan,nan,nan,nan,nan,nan,0.3400144577,0.3299963474,inf,0.9200038910,inf,inf,inf,0.3399736881,0.3799571991,inf,inf,inf,inf,inf,inf,inf,1583
1779238514.4041564465,-0.0164763015,0.0996158496,0.0924203396,0.0249081324,0.0001378671,-0.0110693628,3.1719999313,nan,nan,-0.1000000015,0.0000000000,1.5599999428,0.0000000000,nan,nan,nan,nan,nan,nan,nan,nan,nan,nan,nan,nan,-0.1008827388,-0.1658088714,1.1000000238,2.3674178123,0.4968650937,0.0000000000,nan,nan,nan,nan,nan,nan,nan,nan,nan,nan,nan,nan,nan,nan,nan,nan,nan,nan,nan,nan,nan,0.3500099182,0.3399918079,inf,0.9299993515,inf,inf,inf,0.3499691486,0.3899526596,inf,inf,inf,inf,inf,inf,inf,1583
1779238514.4141511917,-0.0164763015,0.0996158496,0.0924203396,0.0249081324,0.0001378671,-0.0110693628,3.1719999313,nan,nan,-0.1000000015,0.0000000000,1.5599999428,0.0000000000,nan,nan,nan,nan,nan,nan,nan,nan,nan,nan,nan,nan,-0.1008827388,-0.1658088714,1.1000000238,2.3674178123,0.4968650937,0.0000000000,nan,nan,nan,nan,nan,nan,nan,nan,nan,nan,nan,nan,nan,nan,nan,nan,nan,nan,nan,nan,nan,0.3600046635,0.3499865532,inf,0.9399940968,inf,inf,inf,0.3599638939,0.3999474049,inf,inf,inf,inf,inf,inf,inf,1583
1779238514.4241762161,-0.0164763015,0.0996158496,0.0924203396,0.0249081324,0.0001378671,-0.0110693628,3.1719999313,nan,nan,-0.1000000015,0.0000000000,1.5599999428,0.0000000000,nan,nan,nan,nan,nan,nan,nan,nan,nan,nan,nan,nan,-0.1008827388,-0.1658088714,1.1000000238,2.3674178123,0.4968650937,0.0000000000,nan,nan,nan,nan,nan,nan,nan,nan,nan,nan,nan,nan,nan,nan,nan,nan,nan,nan,nan,nan,nan,0.3700296879,0.3600115776,inf,0.9500191212,inf,inf,inf,0.3699889183,0.4099724293,inf,inf,inf,inf,inf,inf,inf,1583
1779238514.4341318607,-0.0164763015,0.0996158496,0.0924203396,0.0249081324,0.0001378671,-0.0110693628,3.1719999313,nan,nan,-0.1000000015,0.0000000000,1.5599999428,0.0000000000,nan,nan,nan,nan,nan,nan,nan,nan,nan,nan,nan,nan,-0.1008827388,-0.1658088714,1.1000000238,2.3674178123,0.4968650937,0.0000000000,nan,nan,nan,nan,nan,nan,nan,nan,nan,nan,nan,nan,nan,nan,nan,nan,nan,nan,nan,nan,nan,0.3799853325,0.3699672222,inf,0.9599747658,inf,inf,inf,0.3799445629,0.4199280739,inf,inf,inf,inf,inf,inf,inf,1583
1779238514.4441630840,-0.0164763015,0.0996158496,0.0924203396,0.0249081324,0.0001378671,-0.0110693628,3.1719999313,nan,nan,-0.1000000015,0.0000000000,1.5599999428,0.0000000000,nan,nan,nan,nan,nan,nan,nan,nan,nan,nan,nan,nan,-0.1008827388,-0.1658088714,1.1000000238,2.3674178123,0.4968650937,0.0000000000,nan,nan,nan,nan,nan,nan,nan,nan,nan,nan,nan,nan,nan,nan,nan,nan,nan,nan,nan,nan,nan,0.3900165558,0.3799984455,inf,0.9700059891,inf,inf,inf,0.3899757862,0.4299592972,inf,inf,inf,inf,inf,inf,inf,1583
1779238514.4541645050,-0.0164763015,0.0996158496,0.0924203396,0.0249081324,0.0001378671,-0.0110693628,3.1719999313,nan,nan,-0.1000000015,0.0000000000,1.5599999428,0.0000000000,nan,nan,nan,nan,nan,nan,nan,nan,nan,nan,nan,nan,-0.1008827388,-0.1658088714,1.1000000238,2.3674178123,0.4968650937,0.0000000000,nan,nan,nan,nan,nan,nan,nan,nan,nan,nan,nan,nan,nan,nan,nan,nan,nan,nan,nan,nan,nan,0.4000179768,0.3899998665,inf,0.9800074100,inf,inf,inf,0.3999772072,0.4399607182,inf,inf,inf,inf,inf,inf,inf,1583
1779238514.4641644955,-0.0164763015,0.0996158496,0.0924203396,0.0249081324,0.0001378671,-0.0110693628,3.1719999313,nan,nan,-0.1000000015,0.0000000000,1.5599999428,0.0000000000,nan,nan,nan,nan,nan,nan,nan,nan,nan,nan,nan,nan,-0.1008827388,-0.1658088714,1.1000000238,2.3674178123,0.4968650937,0.0000000000,nan,nan,nan,nan,nan,nan,nan,nan,nan,nan,nan,nan,nan,nan,nan,nan,nan,nan,nan,nan,nan,0.4100179672,0.3999998569,inf,0.9900074005,inf,inf,inf,0.4099771976,0.4499607086,inf,inf,inf,inf,inf,inf,inf,1583
1779238514.4742093086,-0.0164763015,0.0996158496,0.0924203396,0.0249081324,0.0001378671,-0.0110693628,3.1719999313,nan,nan,-0.1000000015,0.0000000000,1.5599999428,0.0000000000,nan,nan,nan,nan,nan,nan,nan,nan,nan,nan,nan,nan,-0.1008827388,-0.1658088714,1.1000000238,2.3674178123,0.4968650937,0.0000000000,nan,nan,nan,nan,nan,nan,nan,nan,nan,nan,nan,nan,nan,nan,nan,nan,nan,nan,nan,nan,nan,0.4200627804,0.4100446701,inf,1.0000522137,inf,inf,inf,0.4200220108,0.4600055218,inf,inf,inf,inf,inf,inf,inf,1583
1779238514.4841527939,-0.0164763015,0.0996158496,0.0924203396,0.0249081324,0.0001378671,-0.0110693628,3.1719999313,nan,nan,-0.1000000015,0.0000000000,1.5599999428,0.0000000000,nan,nan,nan,nan,nan,nan,nan,nan,nan,nan,nan,nan,-0.1008827388,-0.1658088714,1.1000000238,2.3674178123,0.4968650937,0.0000000000,nan,nan,nan,nan,nan,nan,nan,nan,nan,nan,nan,nan,nan,nan,nan,nan,nan,nan,nan,nan,nan,0.4300062656,0.4199881554,inf,1.0099956989,inf,inf,inf,0.4299654961,0.4699490070,inf,inf,inf,inf,inf,inf,inf,1583
1779238514.4941608906,-0.0164763015,0.0996158496,0.0924203396,0.0249081324,0.0001378671,-0.0110693628,3.1719999313,nan,nan,-0.1000000015,0.0000000000,1.5599999428,0.0000000000,nan,nan,nan,nan,nan,nan,nan,nan,nan,nan,nan,nan,-0.1008827388,-0.1658088714,1.1000000238,2.3674178123,0.4968650937,0.0000000000,nan,nan,nan,nan,nan,nan,nan,nan,nan,nan,nan,nan,nan,nan,nan,nan,nan,nan,nan,nan,nan,0.4400143623,0.4299962521,inf,1.0200037956,inf,inf,inf,0.4399735928,0.4799571037,inf,inf,inf,inf,inf,inf,inf,1583
1779238514.5041308403,-0.0164763015,0.0996158496,0.0924203396,0.0249081324,0.0001378671,-0.0110693628,3.1719999313,nan,nan,-0.1000000015,0.0000000000,1.5599999428,0.0000000000,nan,nan,nan,nan,nan,nan,nan,nan,nan,nan,nan,nan,-0.1008827388,-0.1658088714,1.1000000238,2.3674178123,0.4968650937,0.0000000000,nan,nan,nan,nan,nan,nan,nan,nan,nan,nan,nan,nan,nan,nan,nan,nan,nan,nan,nan,nan,nan,0.4499843121,0.4399662018,inf,1.0299737453,inf,inf,inf,0.4499435425,0.4899270535,inf,inf,inf,inf,inf,inf,inf,1583
1779238514.5141313076,-0.0164763015,0.0996158496,0.0924203396,0.0249081324,0.0001378671,-0.0110693628,3.1719999313,nan,nan,-0.1000000015,0.0000000000,1.5599999428,0.0000000000,nan,nan,nan,nan,nan,nan,nan,nan,nan,nan,nan,nan,-0.1008827388,-0.1658088714,1.1000000238,2.3674178123,0.4968650937,0.0000000000,nan,nan,nan,nan,nan,nan,nan,nan,nan,nan,nan,nan,nan,nan,nan,nan,nan,nan,nan,nan,nan,0.4599847794,0.4499666691,inf,1.0399742126,inf,inf,inf,0.4599440098,0.4999275208,inf,inf,inf,inf,inf,inf,inf,1583
1779238514.5241532326,-0.0164763015,0.0996158496,0.0924203396,0.0249081324,0.0001378671,-0.0110693628,3.1719999313,nan,nan,-0.1000000015,0.0000000000,1.5599999428,0.0000000000,nan,nan,nan,nan,nan,nan,nan,nan,nan,nan,nan,nan,-0.1008827388,-0.1658088714,1.1000000238,2.3674178123,0.4968650937,0.0000000000,nan,nan,nan,nan,nan,nan,nan,nan,nan,nan,nan,nan,nan,nan,nan,nan,nan,nan,nan,nan,nan,0.4700067043,0.4599885941,inf,1.0499961376,inf,inf,inf,0.4699659348,0.5099494457,inf,inf,inf,inf,inf,inf,inf,1583
1779238514.5341382027,-0.0164763015,0.0996158496,0.0924203396,0.0249081324,0.0001378671,-0.0110693628,3.1719999313,nan,nan,-0.1000000015,0.0000000000,1.5599999428,0.0000000000,nan,nan,nan,nan,nan,nan,nan,nan,nan,nan,nan,nan,-0.1008827388,-0.1658088714,1.1000000238,2.3674178123,0.4968650937,0.0000000000,nan,nan,nan,nan,nan,nan,nan,nan,nan,nan,nan,nan,nan,nan,nan,nan,nan,nan,nan,nan,nan,0.4799916744,0.4699735641,inf,1.0599811077,inf,inf,inf,0.4799509048,0.5199344158,inf,inf,inf,inf,inf,inf,inf,1583
1779238514.5441598892,-0.0164763015,0.0996158496,0.0924203396,0.0249081324,0.0001378671,-0.0110693628,3.1719999313,nan,nan,-0.1000000015,0.0000000000,1.5599999428,0.0000000000,nan,nan,nan,nan,nan,nan,nan,nan,nan,nan,nan,nan,-0.1008827388,-0.1658088714,1.1000000238,2.3674178123,0.4968650937,0.0000000000,nan,nan,nan,nan,nan,nan,nan,nan,nan,nan,nan,nan,nan,nan,nan,nan,nan,nan,nan,nan,nan,0.4900133610,0.4799952507,inf,1.0700027943,inf,inf,inf,0.4899725914,0.5299561024,inf,inf,inf,inf,inf,inf,inf,1583
1779238514.5541362762,-0.0164763015,0.0996158496,0.0924203396,0.0249081324,0.0001378671,-0.0110693628,3.1719999313,nan,nan,-0.1000000015,0.0000000000,1.5599999428,0.0000000000,nan,nan,nan,nan,nan,nan,nan,nan,nan,nan,nan,nan,-0.1008827388,-0.1658088714,1.1000000238,2.3674178123,0.4968650937,0.0000000000,nan,nan,nan,nan,nan,nan,nan,nan,nan,nan,nan,nan,nan,nan,nan,nan,nan,nan,nan,nan,nan,0.4999897480,0.4899716377,inf,1.0799791813,inf,inf,inf,0.4999489784,0.5399324894,inf,inf,inf,inf,inf,inf,inf,1583
1779238514.5641312599,-0.0164763015,0.0996158496,0.0924203396,0.0249081324,0.0001378671,-0.0110693628,3.1719999313,nan,nan,-0.1000000015,0.0000000000,1.5599999428,0.0000000000,nan,nan,nan,nan,nan,nan,nan,nan,nan,nan,nan,nan,-0.1008827388,-0.1658088714,1.1000000238,2.3674178123,0.4968650937,0.0000000000,nan,nan,nan,nan,nan,nan,nan,nan,nan,nan,nan,nan,nan,nan,nan,nan,nan,nan,nan,nan,nan,0.5099847317,0.4999666214,inf,1.0899741650,inf,inf,inf,0.5099439621,0.5499274731,inf,inf,inf,inf,inf,inf,inf,1583
1779238514.5741665363,-0.0164763015,0.0996158496,0.0924203396,0.0249081324,0.0001378671,-0.0110693628,3.1719999313,nan,nan,-0.1000000015,0.0000000000,1.5599999428,0.0000000000,nan,nan,nan,nan,nan,nan,nan,nan,nan,nan,nan,nan,-0.1008827388,-0.1658088714,1.1000000238,2.3674178123,0.4968650937,0.0000000000,nan,nan,nan,nan,nan,nan,nan,nan,nan,nan,nan,nan,nan,nan,nan,nan,nan,nan,nan,nan,nan,0.5200200081,0.5100018978,inf,1.1000094414,inf,inf,inf,0.5199792385,0.5599627495,inf,inf,inf,inf,inf,inf,inf,1583
1779238514.5841729641,-0.0164763015,0.0996158496,0.0924203396,0.0249081324,0.0001378671,-0.0110693628,3.1719999313,nan,nan,-0.1000000015,0.0000000000,1.5599999428,0.0000000000,nan,nan,nan,nan,nan,nan,nan,nan,nan,nan,nan,nan,-0.1008827388,-0.1658088714,1.1000000238,2.3674178123,0.4968650937,0.0000000000,nan,nan,nan,nan,nan,nan,nan,nan,nan,nan,nan,nan,nan,nan,nan,nan,nan,nan,nan,nan,nan,0.5300264359,0.5200083256,inf,1.1100158691,inf,inf,inf,0.5299856663,0.5699691772,inf,inf,inf,inf,inf,inf,inf,1583
1779238514.5941519737,-0.0164763015,0.0996158496,0.0924203396,0.0249081324,0.0001378671,-0.0110693628,3.1719999313,nan,nan,-0.1000000015,0.0000000000,1.5599999428,0.0000000000,nan,nan,nan,nan,nan,nan,nan,nan,nan,nan,nan,nan,-0.1008827388,-0.1658088714,1.1000000238,2.3674178123,0.4968650937,0.0000000000,nan,nan,nan,nan,nan,nan,nan,nan,nan,nan,nan,nan,nan,nan,nan,nan,nan,nan,nan,nan,nan,0.5400054455,0.5299873352,inf,1.1199948788,inf,inf,inf,0.5399646759,0.5799481869,inf,inf,inf,inf,inf,inf,inf,1583
1779238514.6041476727,-0.0164763015,0.0996158496,0.0924203396,0.0249081324,0.0001378671,-0.0110693628,3.1719999313,nan,nan,-0.1000000015,0.0000000000,1.5599999428,0.0000000000,nan,nan,nan,nan,nan,nan,nan,nan,nan,nan,nan,nan,-0.1008827388,-0.1658088714,1.1000000238,2.3674178123,0.4968650937,0.0000000000,nan,nan,nan,nan,nan,nan,nan,nan,nan,nan,nan,nan,nan,nan,nan,nan,nan,nan,nan,nan,nan,0.5500011444,0.5399830341,inf,1.1299905777,inf,inf,inf,0.5499603748,0.5899438858,inf,inf,inf,inf,inf,inf,inf,1583
1779238514.6141467094,-0.0164763015,0.0996158496,0.0924203396,0.0249081324,0.0001378671,-0.0110693628,3.1719999313,nan,nan,-0.1000000015,0.0000000000,1.5599999428,0.0000000000,nan,nan,nan,nan,nan,nan,nan,nan,nan,nan,nan,nan,-0.1008827388,-0.1658088714,1.1000000238,2.3674178123,0.4968650937,0.0000000000,nan,nan,nan,nan,nan,nan,nan,nan,nan,nan,nan,nan,nan,nan,nan,nan,nan,nan,nan,nan,nan,0.5600001812,0.5499820709,inf,1.1399896145,inf,inf,inf,0.5599594116,0.5999429226,inf,inf,inf,inf,inf,inf,inf,1583
1779238514.6241264343,-0.0164763015,0.0996158496,0.0924203396,0.0249081324,0.0001378671,-0.0110693628,3.1719999313,nan,nan,-0.1000000015,0.0000000000,1.5599999428,0.0000000000,nan,nan,nan,nan,nan,nan,nan,nan,nan,nan,nan,nan,-0.1008827388,-0.1658088714,1.1000000238,2.3674178123,0.4968650937,0.0000000000,nan,nan,nan,nan,nan,nan,nan,nan,nan,nan,nan,nan,nan,nan,nan,nan,nan,nan,nan,nan,nan,0.5699799061,0.5599617958,inf,1.1499693394,inf,inf,inf,0.5699391365,0.6099226475,inf,inf,inf,inf,inf,inf,inf,1583
1779238514.6341576576,-0.0164763015,0.0996158496,0.0924203396,0.0249081324,0.0001378671,-0.0110693628,3.1719999313,nan,nan,-0.1000000015,0.0000000000,1.5599999428,0.0000000000,nan,nan,nan,nan,nan,nan,nan,nan,nan,nan,nan,nan,-0.1008827388,-0.1658088714,1.1000000238,2.3674178123,0.4968650937,0.0000000000,nan,nan,nan,nan,nan,nan,nan,nan,nan,nan,nan,nan,nan,nan,nan,nan,nan,nan,nan,nan,nan,0.5800111294,0.5699930191,inf,1.1600005627,inf,inf,inf,0.5799703598,0.6199538708,inf,inf,inf,inf,inf,inf,inf,1583
1779238514.6441216469,-0.0164763015,0.0996158496,0.0924203396,0.0249081324,0.0001378671,-0.0110693628,3.1719999313,nan,nan,-0.1000000015,0.0000000000,1.5599999428,0.0000000000,nan,nan,nan,nan,nan,nan,nan,nan,nan,nan,nan,nan,-0.1008827388,-0.1658088714,1.1000000238,2.3674178123,0.4968650937,0.0000000000,nan,nan,nan,nan,nan,nan,nan,nan,nan,nan,nan,nan,nan,nan,nan,nan,nan,nan,nan,nan,nan,0.5899751186,0.5799570084,inf,1.1699645519,inf,inf,inf,0.5899343491,0.6299178600,inf,inf,inf,inf,inf,inf,inf,1583
1779238514.6541304588,-0.0164763015,0.0996158496,0.0924203396,0.0249081324,0.0001378671,-0.0110693628,3.1719999313,nan,nan,-0.1000000015,0.0000000000,1.5599999428,0.0000000000,nan,nan,nan,nan,nan,nan,nan,nan,nan,nan,nan,nan,-0.1008827388,-0.1658088714,1.1000000238,2.3674178123,0.4968650937,0.0000000000,nan,nan,nan,nan,nan,nan,nan,nan,nan,nan,nan,nan,nan,nan,nan,nan,nan,nan,nan,nan,nan,0.5999839306,0.5899658203,inf,1.1799733639,inf,inf,inf,0.5999431610,0.6399266720,inf,inf,inf,inf,inf,inf,inf,1583
1779238514.6641633511,-0.0164763015,0.0996158496,0.0924203396,0.0249081324,0.0001378671,-0.0110693628,3.1719999313,nan,nan,-0.1000000015,0.0000000000,1.5599999428,0.0000000000,nan,nan,nan,nan,nan,nan,nan,nan,nan,nan,nan,nan,-0.1008827388,-0.1658088714,1.1000000238,2.3674178123,0.4968650937,0.0000000000,nan,nan,nan,nan,nan,nan,nan,nan,nan,nan,nan,nan,nan,nan,nan,nan,nan,nan,nan,nan,nan,0.6100168228,0.5999987125,inf,1.1900062561,inf,inf,inf,0.6099760532,0.6499595642,inf,inf,inf,inf,inf,inf,inf,1583
1779238514.6741652489,-0.0164763015,0.0996158496,0.0924203396,0.0249081324,0.0001378671,-0.0110693628,3.1719999313,nan,nan,-0.1000000015,0.0000000000,1.5599999428,0.0000000000,nan,nan,nan,nan,nan,nan,nan,nan,nan,nan,nan,nan,-0.1008827388,-0.1658088714,1.1000000238,2.3674178123,0.4968650937,0.0000000000,nan,nan,nan,nan,nan,nan,nan,nan,nan,nan,nan,nan,nan,nan,nan,nan,nan,nan,nan,nan,nan,0.6200187206,0.6100006104,inf,1.2000081539,inf,inf,inf,0.6199779510,0.6599614620,inf,inf,inf,inf,inf,inf,inf,1583
1779238514.6841623783,-0.0164763015,0.0996158496,0.0924203396,0.0249081324,0.0001378671,-0.0110693628,3.1719999313,nan,nan,-0.1000000015,0.0000000000,1.5599999428,0.0000000000,nan,nan,nan,nan,nan,nan,nan,nan,nan,nan,nan,nan,-0.1008827388,-0.1658088714,1.1000000238,2.3674178123,0.4968650937,0.0000000000,nan,nan,nan,nan,nan,nan,nan,nan,nan,nan,nan,nan,nan,nan,nan,nan,nan,nan,nan,nan,nan,0.6300158501,0.6199977398,inf,1.2100052834,inf,inf,inf,0.6299750805,0.6699585915,inf,inf,inf,inf,inf,inf,inf,1583
1779238514.6941578388,-0.0164763015,0.0996158496,0.0924203396,0.0249081324,0.0001378671,-0.0110693628,3.1719999313,nan,nan,-0.1000000015,0.0000000000,1.5599999428,0.0000000000,nan,nan,nan,nan,nan,nan,nan,nan,nan,nan,nan,nan,-0.1008827388,-0.1658088714,1.1000000238,2.3674178123,0.4968650937,0.0000000000,nan,nan,nan,nan,nan,nan,nan,nan,nan,nan,nan,nan,nan,nan,nan,nan,nan,nan,nan,nan,nan,0.6400113106,0.6299932003,inf,1.2200007439,inf,inf,inf,0.6399705410,0.6799540520,inf,inf,inf,inf,inf,inf,inf,1583
1779238514.7041807175,-0.0164763015,0.0996158496,0.0924203396,0.0249081324,0.0001378671,-0.0110693628,3.1719999313,nan,nan,-0.1000000015,0.0000000000,1.5599999428,0.0000000000,nan,nan,nan,nan,nan,nan,nan,nan,nan,nan,nan,nan,-0.1008827388,-0.1658088714,1.1000000238,2.3674178123,0.4968650937,0.0000000000,nan,nan,nan,nan,nan,nan,nan,nan,nan,nan,nan,nan,nan,nan,nan,nan,nan,nan,nan,nan,nan,0.6500341892,0.6400160789,inf,1.2300236225,inf,inf,inf,0.6499934196,0.6899769306,inf,inf,inf,inf,inf,inf,inf,1583
1779238514.7141585350,-0.0164763015,0.0996158496,0.0924203396,0.0249081324,0.0001378671,-0.0110693628,3.1719999313,nan,nan,-0.1000000015,0.0000000000,1.5599999428,0.0000000000,nan,nan,nan,nan,nan,nan,nan,nan,nan,nan,nan,nan,-0.1008827388,-0.1658088714,1.1000000238,2.3674178123,0.4968650937,0.0000000000,nan,nan,nan,nan,nan,nan,nan,nan,nan,nan,nan,nan,nan,nan,nan,nan,nan,nan,nan,nan,nan,0.6600120068,0.6499938965,inf,1.2400014400,inf,inf,inf,0.6599712372,0.6999547482,inf,inf,inf,inf,inf,inf,inf,1583
1779238514.7241606712,-0.0164763015,0.0996158496,0.0924203396,0.0249081324,0.0001378671,-0.0110693628,3.1719999313,nan,nan,-0.1000000015,0.0000000000,1.5599999428,0.0000000000,nan,nan,nan,nan,nan,nan,nan,nan,nan,nan,nan,nan,-0.1008827388,-0.1658088714,1.1000000238,2.3674178123,0.4968650937,0.0000000000,nan,nan,nan,nan,nan,nan,nan,nan,nan,nan,nan,nan,nan,nan,nan,nan,nan,nan,nan,nan,nan,0.6700141430,0.6599960327,inf,1.2500035763,inf,inf,inf,0.6699733734,0.7099568844,inf,inf,inf,inf,inf,inf,inf,1583
1779238514.7341997623,-0.0164763015,0.0996158496,0.0924203396,0.0249081324,0.0001378671,-0.0110693628,3.1719999313,nan,nan,-0.1000000015,0.0000000000,1.5599999428,0.0000000000,nan,nan,nan,nan,nan,nan,nan,nan,nan,nan,nan,nan,-0.1008827388,-0.1658088714,1.1000000238,2.3674178123,0.4968650937,0.0000000000,nan,nan,nan,nan,nan,nan,nan,nan,nan,nan,nan,nan,nan,nan,nan,nan,nan,nan,nan,nan,nan,0.6800532341,0.6700351238,inf,1.2600426674,inf,inf,inf,0.6800124645,0.7199959755,inf,inf,inf,inf,inf,inf,inf,1583
1779238514.7441542149,-0.0164763015,0.0996158496,0.0924203396,0.0249081324,0.0001378671,-0.0110693628,3.1719999313,nan,nan,-0.1000000015,0.0000000000,1.5599999428,0.0000000000,nan,nan,nan,nan,nan,nan,nan,nan,nan,nan,nan,nan,-0.1008827388,-0.1658088714,1.1000000238,2.3674178123,0.4968650937,0.0000000000,nan,nan,nan,nan,nan,nan,nan,nan,nan,nan,nan,nan,nan,nan,nan,nan,nan,nan,nan,nan,nan,0.6900076866,0.6799895763,inf,1.2699971199,inf,inf,inf,0.6899669170,0.7299504280,inf,inf,inf,inf,inf,inf,inf,1583
1779238514.7541530132,-0.0164763015,0.0996158496,0.0924203396,0.0249081324,0.0001378671,-0.0110693628,3.1719999313,nan,nan,-0.1000000015,0.0000000000,1.5599999428,0.0000000000,nan,nan,nan,nan,nan,nan,nan,nan,nan,nan,nan,nan,-0.1008827388,-0.1658088714,1.1000000238,2.3674178123,0.4968650937,0.0000000000,nan,nan,nan,nan,nan,nan,nan,nan,nan,nan,nan,nan,nan,nan,nan,nan,nan,nan,nan,nan,nan,0.7000064850,0.6899883747,inf,1.2799959183,inf,inf,inf,0.6999657154,0.7399492264,inf,inf,inf,inf,inf,inf,inf,1583
1779238514.7641034126,-0.0164763015,0.0996158496,0.0924203396,0.0249081324,0.0001378671,-0.0110693628,3.1719999313,nan,nan,-0.1000000015,0.0000000000,1.5599999428,0.0000000000,nan,nan,nan,nan,nan,nan,nan,nan,nan,nan,nan,nan,-0.1008827388,-0.1658088714,1.1000000238,2.3674178123,0.4968650937,0.0000000000,nan,nan,nan,nan,nan,nan,nan,nan,nan,nan,nan,nan,nan,nan,nan,nan,nan,nan,nan,nan,nan,0.7099568844,0.6999387741,inf,1.2899463177,inf,inf,inf,0.7099161148,0.7498996258,inf,inf,inf,inf,inf,inf,inf,1583
1779238514.7742433548,-0.0164763015,0.0996158496,0.0924203396,0.0249081324,0.0001378671,-0.0110693628,3.1719999313,nan,nan,-0.1000000015,0.0000000000,1.5599999428,0.0000000000,nan,nan,nan,nan,nan,nan,nan,nan,nan,nan,nan,nan,-0.1008827388,-0.1658088714,1.1000000238,2.3674178123,0.4968650937,0.0000000000,nan,nan,nan,nan,nan,nan,nan,nan,nan,nan,nan,nan,nan,nan,nan,nan,nan,nan,nan,nan,nan,0.7200968266,0.7100787163,inf,1.3000862598,inf,inf,inf,0.7200560570,0.7600395679,inf,inf,inf,inf,inf,inf,inf,1583
1779238514.7841615677,-0.0164763015,0.0996158496,0.0924203396,0.0249081324,0.0001378671,-0.0110693628,3.1719999313,nan,nan,-0.1000000015,0.0000000000,1.5599999428,0.0000000000,nan,nan,nan,nan,nan,nan,nan,nan,nan,nan,nan,nan,-0.1008827388,-0.1658088714,1.1000000238,2.3674178123,0.4968650937,0.0000000000,nan,nan,nan,nan,nan,nan,nan,nan,nan,nan,nan,nan,nan,nan,nan,nan,nan,nan,nan,nan,nan,0.7300150394,0.7199969292,inf,1.3100044727,inf,inf,inf,0.7299742699,0.7699577808,inf,inf,inf,inf,inf,inf,inf,1583
1779238514.7941522598,-0.0164763015,0.0996158496,0.0924203396,0.0249081324,0.0001378671,-0.0110693628,3.1719999313,nan,nan,-0.1000000015,0.0000000000,1.5599999428,0.0000000000,nan,nan,nan,nan,nan,nan,nan,nan,nan,nan,nan,nan,-0.1008827388,-0.1658088714,1.1000000238,2.3674178123,0.4968650937,0.0000000000,nan,nan,nan,nan,nan,nan,nan,nan,nan,nan,nan,nan,nan,nan,nan,nan,nan,nan,nan,nan,nan,0.7400057316,0.7299876213,inf,1.3199951649,inf,inf,inf,0.7399649620,0.7799484730,inf,inf,inf,inf,inf,inf,inf,1583
1779238514.8041620255,-0.0164763015,0.0996158496,0.0924203396,0.0249081324,0.0001378671,-0.0110693628,3.1719999313,nan,nan,-0.1000000015,0.0000000000,1.5599999428,0.0000000000,nan,nan,nan,nan,nan,nan,nan,nan,nan,nan,nan,nan,-0.1008827388,-0.1658088714,1.1000000238,2.3674178123,0.4968650937,0.0000000000,nan,nan,nan,nan,nan,nan,nan,nan,nan,nan,nan,nan,nan,nan,nan,nan,nan,nan,nan,nan,nan,0.7500154972,0.7399973869,inf,1.3300049305,inf,inf,inf,0.7499747276,0.7899582386,inf,inf,inf,inf,inf,inf,inf,1583
1779238514.8141598701,-0.0164763015,0.0996158496,0.0924203396,0.0249081324,0.0001378671,-0.0110693628,3.1719999313,nan,nan,-0.1000000015,0.0000000000,1.5599999428,0.0000000000,nan,nan,nan,nan,nan,nan,nan,nan,nan,nan,nan,nan,-0.1008827388,-0.1658088714,1.1000000238,2.3674178123,0.4968650937,0.0000000000,nan,nan,nan,nan,nan,nan,nan,nan,nan,nan,nan,nan,nan,nan,nan,nan,nan,nan,nan,nan,nan,0.7600133419,0.7499952316,inf,1.3400027752,inf,inf,inf,0.7599725723,0.7999560833,inf,inf,inf,inf,inf,inf,inf,1583
1779238514.8241951466,-0.0164763015,0.0996158496,0.0924203396,0.0249081324,0.0001378671,-0.0110693628,3.1719999313,nan,nan,-0.1000000015,0.0000000000,1.5599999428,0.0000000000,nan,nan,nan,nan,nan,nan,nan,nan,nan,nan,nan,nan,-0.1008827388,-0.1658088714,1.1000000238,2.3674178123,0.4968650937,0.0000000000,nan,nan,nan,nan,nan,nan,nan,nan,nan,nan,nan,nan,nan,nan,nan,nan,nan,nan,nan,nan,nan,0.7700486183,0.7600305080,inf,1.3500380516,inf,inf,inf,0.7700078487,0.8099913597,inf,inf,inf,inf,inf,inf,inf,1583
1779238514.8341670036,-0.0164763015,0.0996158496,0.0924203396,0.0249081324,0.0001378671,-0.0110693628,3.1719999313,nan,nan,-0.1000000015,0.0000000000,1.5599999428,0.0000000000,nan,nan,nan,nan,nan,nan,nan,nan,nan,nan,nan,nan,-0.1008827388,-0.1658088714,1.1000000238,2.3674178123,0.4968650937,0.0000000000,nan,nan,nan,nan,nan,nan,nan,nan,nan,nan,nan,nan,nan,nan,nan,nan,nan,nan,nan,nan,nan,0.7800204754,0.7700023651,inf,1.3600099087,inf,inf,inf,0.7799797058,0.8199632168,inf,inf,inf,inf,inf,inf,inf,1583
1779238514.8441672325,-0.0164763015,0.0996158496,0.0924203396,0.0249081324,0.0001378671,-0.0110693628,3.1719999313,nan,nan,-0.1000000015,0.0000000000,1.5599999428,0.0000000000,nan,nan,nan,nan,nan,nan,nan,nan,nan,nan,nan,nan,-0.1008827388,-0.1658088714,1.1000000238,2.3674178123,0.4968650937,0.0000000000,nan,nan,nan,nan,nan,nan,nan,nan,nan,nan,nan,nan,nan,nan,nan,nan,nan,nan,nan,nan,nan,0.7900207043,0.7800025940,inf,1.3700101376,inf,inf,inf,0.7899799347,0.8299634457,inf,inf,inf,inf,inf,inf,inf,1583
