pose_x,pose_y,pose_z,pose_roll,pose_pitch,pose_yaw,cmd_x,cmd_y,cmd_z,cmd_yaw,f1,f2,f3,f4,pwm1,pwm2,pwm3,pwm4,bodyFx,bodyFy,bodyFz,worldFx,worldFy,worldFz,bodyTx,bodyTy,bodyTz,stateVx,stateVy,stateVz,posVx,posVy,posVz,accWx,accWy,accWz,velDes_vx,velDes_vy,velDes_vz,attDes_roll,attDes_pitch,attDes_yaw,status_battery_voltage,pm_vbat,zero_bias_count,mobForceNone_x,mobForceNone_y,mobForceNone_z,mobForceResidual_x,mobForceResidual_y,mobForceResidual_z,mobTorque_x,mobTorque_y,mobTorque_z,mobResidual_x,mobResidual_y,mobResidual_z,accRawBody_x,accRawBody_y,accRawBody_z,gyroBody_x,gyroBody_y,gyroBody_z
nan,nan,nan,nan,nan,nan,nan,nan,nan,nan,nan,nan,nan,nan,nan,nan,nan,nan,nan,nan,nan,nan,nan,nan,nan,nan,nan,nan,nan,nan,nan,nan,nan,nan,nan,nan,nan,nan,nan,nan,nan,nan,nan,nan,nan,nan,nan,nan,nan,nan,nan,nan,nan,nan,nan,nan,nan,nan,nan,nan,nan,nan,nan
nan,nan,nan,nan,nan,nan,nan,nan,nan,nan,nan,nan,nan,nan,nan,nan,nan,nan,nan,nan,nan,nan,nan,nan,nan,nan,nan,nan,nan,nan,nan,nan,nan,nan,nan,nan,nan,nan,nan,nan,nan,nan,nan,nan,nan,nan,nan,nan,nan,nan,nan,nan,nan,nan,nan,nan,nan,nan,nan,nan,nan,nan,nan
nan,nan,nan,nan,nan,nan,nan,nan,nan,nan,nan,nan,nan,nan,nan,nan,nan,nan,nan,nan,nan,nan,nan,nan,nan,nan,nan,nan,nan,nan,nan,nan,nan,nan,nan,nan,nan,nan,nan,nan,nan,nan,nan,nan,nan,nan,nan,nan,nan,nan,nan,nan,nan,nan,nan,nan,nan,nan,nan,nan,nan,nan,nan
nan,nan,nan,nan,nan,nan,nan,nan,nan,nan,nan,nan,nan,nan,nan,nan,nan,nan,nan,nan,nan,nan,nan,nan,nan,nan,nan,nan,nan,nan,nan,nan,nan,nan,nan,nan,nan,nan,nan,nan,nan,nan,nan,nan,nan,nan,nan,nan,nan,nan,nan,nan,nan,nan,nan,nan,nan,nan,nan,nan,nan,nan,nan
nan,nan,nan,nan,nan,nan,nan,nan,nan,nan,nan,nan,nan,nan,nan,nan,nan,nan,nan,nan,nan,nan,nan,nan,nan,nan,nan,nan,nan,nan,nan,nan,nan,nan,nan,nan,nan,nan,nan,0.0000000000,0.0000000000,-0.0010298464,nan,nan,nan,nan,nan,nan,nan,nan,nan,nan,nan,nan,nan,nan,nan,-0.0738082081,-0.0207356475,0.9959689975,nan,nan,nan
nan,nan,nan,nan,nan,nan,nan,nan,nan,nan,0.0000000000,0.0000000000,0.0000000000,0.0000000000,nan,nan,nan,nan,nan,nan,nan,nan,nan,nan,nan,nan,nan,-0.0116842315,-0.0040893001,0.0002714711,0.0884577930,0.0298686568,0.0001716990,-0.0381400175,-0.0236901008,-0.0068359803,nan,nan,nan,0.0000000000,0.0000000000,-0.0010298464,nan,nan,nan,nan,nan,nan,nan,nan,nan,nan,nan,nan,nan,nan,nan,-0.0738082081,-0.0207356475,0.9959689975,-0.0529218093,-0.3692899048,-0.0923837423
-0.0063743880,0.1068705991,0.0910079628,-0.0166377581,0.0719691104,-0.0005989747,nan,nan,nan,nan,0.0000000000,0.0000000000,0.0000000000,0.0000000000,nan,nan,nan,nan,nan,nan,nan,nan,nan,nan,nan,nan,nan,-0.0116842315,-0.0040893001,0.0002714711,0.0884577930,0.0298686568,0.0001716990,-0.0381400175,-0.0236901008,-0.0068359803,0.0000000000,0.0000000000,0.0000000000,0.0000000000,0.0000000000,-0.0010298464,nan,3.3043987751,nan,nan,nan,nan,nan,nan,nan,nan,nan,nan,nan,nan,nan,-0.0738082081,-0.0207356475,0.9959689975,-0.0529218093,-0.3692899048,-0.0923837423
-0.0063743880,0.1068705991,0.0910079628,-0.0166377581,0.0719691104,-0.0005989747,nan,nan,nan,nan,0.0000000000,0.0000000000,0.0000000000,0.0000000000,nan,nan,nan,nan,nan,nan,nan,nan,nan,nan,nan,nan,nan,-0.0116842315,-0.0040893001,0.0002714711,0.0884577930,0.0298686568,0.0001716990,-0.0256636981,-0.0236647334,-0.0075586960,0.0000000000,0.0000000000,0.0000000000,0.0000000000,0.0000000000,-0.0010298464,nan,3.3043987751,nan,nan,nan,nan,nan,nan,nan,nan,nan,nan,nan,nan,nan,-0.0723280609,-0.0198607333,0.9980708361,-0.2858078480,-0.0938998386,-0.1006633490
-0.0063743880,0.1068705991,0.0910079628,-0.0166377581,0.0719691104,-0.0005989747,nan,nan,nan,nan,0.0000000000,0.0000000000,0.0000000000,0.0000000000,nan,nan,nan,nan,nan,nan,nan,nan,nan,nan,nan,nan,nan,-0.0143009704,-0.0051469607,0.0002122193,0.0626396537,0.0211239085,0.0001832948,-0.0256636981,-0.0236647334,-0.0075586960,0.0000000000,0.0000000000,0.0000000000,0.0000000000,0.0000000000,-0.0010298464,nan,3.3043987751,nan,nan,nan,nan,nan,nan,nan,nan,nan,nan,nan,nan,nan,-0.0723280609,-0.0198607333,0.9980708361,-0.2858078480,-0.0938998386,-0.1006633490
-0.0070807580,0.1066219062,0.0910186023,-0.0166377581,0.0719691104,-0.0005989747,nan,nan,nan,nan,0.0000000000,0.0000000000,0.0000000000,0.0000000000,nan,nan,nan,nan,nan,nan,nan,nan,nan,nan,nan,nan,nan,-0.0143009704,-0.0051469607,0.0002122193,0.0626396537,0.0211239085,0.0001832948,-0.0256636981,-0.0236647334,-0.0075586960,0.0000000000,0.0000000000,0.0000000000,0.0000000000,0.0000000000,-0.0070782760,nan,3.3043987751,nan,nan,nan,nan,nan,nan,nan,nan,nan,nan,nan,nan,nan,-0.0749584213,-0.0173554104,0.9992449880,-0.2858078480,-0.0938998386,-0.1006633490
-0.0070807580,0.1066219062,0.0910186023,-0.0166377581,0.0719691104,-0.0005989747,nan,nan,nan,nan,0.0000000000,0.0000000000,0.0000000000,0.0000000000,nan,nan,nan,nan,nan,nan,nan,nan,nan,nan,nan,nan,nan,-0.0100345211,-0.0031405683,0.0006781386,0.0486803055,0.0164772905,0.0000967574,-0.0259474218,-0.0082753068,0.0111798765,0.0000000000,0.0000000000,0.0000000000,0.0000000000,0.0000000000,-0.0070782760,nan,3.3043987751,nan,nan,nan,nan,nan,nan,nan,nan,nan,nan,nan,nan,nan,-0.0749584213,-0.0173554104,0.9992449880,0.0559530705,-0.1136788800,0.0124330735
-0.0063634757,0.1068848148,0.0910239592,-0.0166377581,0.0719691104,-0.0005989747,nan,nan,nan,nan,0.0000000000,0.0000000000,0.0000000000,0.0000000000,nan,nan,nan,nan,nan,nan,nan,nan,nan,nan,nan,nan,nan,-0.0100345211,-0.0031405683,0.0006781386,0.0486803055,0.0164772905,0.0000967574,-0.0259474218,-0.0082753068,0.0111798765,0.0000000000,0.0000000000,0.0000000000,0.0000000000,0.0000000000,-0.0070782760,nan,3.3043987751,nan,nan,nan,nan,nan,nan,nan,nan,nan,nan,nan,nan,nan,-0.0749584213,-0.0173554104,0.9992449880,0.0559530705,-0.1136788800,0.0124330735
-0.0063634757,0.1068848148,0.0910239592,-0.0166377581,0.0719691104,-0.0005989747,nan,nan,nan,nan,0.0000000000,0.0000000000,0.0000000000,0.0000000000,nan,nan,nan,nan,nan,nan,nan,nan,nan,nan,nan,nan,nan,-0.0100345211,-0.0031405683,0.0006781386,0.0486803055,0.0164772905,0.0000967574,-0.0155916465,0.0110824909,0.0007940519,0.0000000000,0.0000000000,0.0000000000,0.0000000000,0.0000000000,-0.0070782760,nan,3.3043987751,nan,nan,nan,nan,nan,nan,nan,nan,nan,nan,nan,nan,nan,-0.0742036179,-0.0155572975,0.9983751774,0.1762142479,-0.0985571817,-0.0308229644
-0.0063634757,0.1068848148,0.0910239592,-0.0166377581,0.0719691104,-0.0005989747,nan,nan,nan,nan,0.0000000000,0.0000000000,0.0000000000,0.0000000000,nan,nan,nan,nan,nan,nan,nan,nan,nan,nan,nan,nan,nan,-0.0130255399,-0.0034503064,0.0009477364,0.0335274003,0.0114443498,0.0002582010,-0.0155916465,0.0110824909,0.0007940519,0.0000000000,0.0000000000,0.0000000000,0.0000000000,0.0000000000,-0.0070782760,nan,3.3043987751,nan,nan,nan,nan,nan,nan,nan,nan,nan,nan,nan,nan,nan,-0.0742036179,-0.0155572975,0.9983751774,0.1762142479,-0.0985571817,-0.0308229644
-0.0070030936,0.1067078039,0.0910677388,-0.0166377581,0.0719691104,-0.0005989747,nan,nan,nan,nan,0.0000000000,0.0000000000,0.0000000000,0.0000000000,nan,nan,nan,nan,nan,nan,nan,nan,nan,nan,nan,nan,nan,-0.0130255399,-0.0034503064,0.0009477364,0.0335274003,0.0114443498,0.0002582010,-0.0155916465,0.0110824909,0.0007940519,0.0000000000,0.0000000000,0.0000000000,0.0000000000,0.0000000000,-0.0070262090,nan,3.3043987751,nan,nan,nan,nan,nan,nan,nan,nan,nan,nan,nan,nan,nan,-0.0761891454,-0.0190034024,0.9957998395,0.2188936770,-0.0767678097,-0.1038032174
-0.0070030936,0.1067078039,0.0910677388,-0.0166377581,0.0719691104,-0.0005989747,nan,nan,nan,nan,0.0000000000,0.0000000000,0.0000000000,0.0000000000,nan,nan,nan,nan,nan,nan,nan,nan,nan,nan,nan,nan,nan,-0.0112995533,-0.0030321064,0.0005627105,0.0245087836,0.0084191002,0.0001247652,-0.0367693454,-0.0021193309,0.0011612570,0.0000000000,0.0000000000,0.0000000000,0.0000000000,0.0000000000,-0.0070262090,nan,3.3043987751,nan,nan,nan,nan,nan,nan,nan,nan,nan,nan,nan,nan,nan,-0.0761891454,-0.0190034024,0.9957998395,0.2188936770,-0.0767678097,-0.1038032174
-0.0068263304,0.1067695022,0.0910488293,-0.0166377581,0.0719691104,-0.0005989747,nan,nan,nan,nan,0.0000000000,0.0000000000,0.0000000000,0.0000000000,nan,nan,nan,nan,nan,nan,nan,nan,nan,nan,nan,nan,nan,-0.0112995533,-0.0030321064,0.0005627105,0.0245087836,0.0084191002,0.0001247652,-0.0367693454,-0.0021193309,0.0011612570,0.0000000000,0.0000000000,0.0000000000,0.0000000000,0.0000000000,-0.0070262090,nan,3.3043987751,nan,nan,nan,nan,nan,nan,nan,nan,nan,nan,nan,nan,nan,-0.0761891454,-0.0190034024,0.9957998395,0.2188936770,-0.0767678097,-0.1038032174
-0.0068263304,0.1067695022,0.0910488293,-0.0166377581,0.0719691104,-0.0005989747,nan,nan,nan,nan,0.0000000000,0.0000000000,0.0000000000,0.0000000000,nan,nan,nan,nan,nan,nan,nan,nan,nan,nan,nan,nan,nan,-0.0112995533,-0.0030321064,0.0005627105,0.0245087836,0.0084191002,0.0001247652,-0.0222417694,0.0136371348,-0.0022698892,0.0000000000,0.0000000000,0.0000000000,0.0000000000,0.0000000000,-0.0070262090,nan,3.3043987751,nan,nan,nan,nan,nan,nan,nan,nan,nan,nan,nan,nan,nan,-0.0739405453,-0.0165275615,0.9964229465,0.0700669959,0.2022073418,0.2021367103
-0.0068263304,0.1067695022,0.0910488293,-0.0166377581,0.0719691104,-0.0005989747,nan,nan,nan,nan,0.0000000000,0.0000000000,0.0000000000,0.0000000000,nan,nan,nan,nan,nan,nan,nan,nan,nan,nan,nan,nan,nan,-0.0141542582,-0.0034964166,0.0009328016,0.0154141039,0.0055074063,0.0002704675,-0.0222417694,0.0136371348,-0.0022698892,0.0000000000,0.0000000000,0.0000000000,0.0000000000,0.0000000000,-0.0070262090,nan,3.3043987751,nan,nan,nan,nan,nan,nan,nan,nan,nan,nan,nan,nan,nan,-0.0739405453,-0.0165275615,0.9964229465,0.0700669959,0.2022073418,0.2021367103
-0.0075219222,0.1065922603,0.0910932496,-0.0166377581,0.0719691104,-0.0005989747,nan,nan,nan,nan,0.0000000000,0.0000000000,0.0000000000,0.0000000000,nan,nan,nan,nan,nan,nan,nan,nan,nan,nan,nan,nan,nan,-0.0141542582,-0.0034964166,0.0009328016,0.0154141039,0.0055074063,0.0002704675,-0.0222417694,0.0136371348,-0.0022698892,0.0000000000,0.0000000000,0.0000000000,0.0000000000,0.0000000000,-0.0052784570,nan,3.3043987751,nan,nan,nan,nan,nan,nan,nan,nan,nan,nan,nan,nan,nan,-0.0744274333,-0.0184237566,0.9988694787,0.0278677847,0.1105606481,0.1278409511
-0.0075219222,0.1065922603,0.0910932496,-0.0166377581,0.0719691104,-0.0005989747,nan,nan,nan,nan,0.0000000000,0.0000000000,0.0000000000,0.0000000000,nan,nan,nan,nan,nan,nan,nan,nan,nan,nan,nan,nan,nan,-0.0174905509,-0.0043683611,0.0010061788,0.0060611377,0.0027156738,0.0004893439,-0.0168892182,-0.0053205672,0.0025026083,0.0000000000,0.0000000000,0.0000000000,0.0000000000,0.0000000000,-0.0052784570,nan,3.3043987751,nan,nan,nan,nan,nan,nan,nan,nan,nan,nan,nan,nan,nan,-0.0744274333,-0.0184237566,0.9988694787,0.0278677847,0.1105606481,0.1278409511
-0.0083806394,0.1063776240,0.0911381915,-0.0166377581,0.0719691104,-0.0005989747,nan,nan,nan,nan,0.0000000000,0.0000000000,0.0000000000,0.0000000000,nan,nan,nan,nan,nan,nan,nan,nan,nan,nan,nan,nan,nan,-0.0174905509,-0.0043683611,0.0010061788,0.0060611377,0.0027156738,0.0004893439,-0.0168892182,-0.0053205672,0.0025026083,0.0000000000,0.0000000000,0.0000000000,0.0000000000,0.0000000000,-0.0052784570,nan,3.3043987751,nan,nan,nan,nan,nan,nan,nan,nan,nan,nan,nan,nan,nan,-0.0744274333,-0.0184237566,0.9988694787,0.0278677847,0.1105606481,0.1278409511
-0.0083806394,0.1063776240,0.0911381915,-0.0166377581,0.0719691104,-0.0005989747,nan,nan,nan,nan,0.0000000000,0.0000000000,0.0000000000,0.0000000000,nan,nan,nan,nan,nan,nan,nan,nan,nan,nan,nan,nan,nan,-0.0174905509,-0.0043683611,0.0010061788,0.0060611377,0.0027156738,0.0004893439,-0.0194919091,-0.0233821888,-0.0310896467,0.0000000000,0.0000000000,0.0000000000,0.0000000000,0.0000000000,-0.0052784570,nan,3.3043987751,nan,nan,nan,nan,nan,nan,nan,nan,nan,nan,nan,nan,nan,-0.0747425854,-0.0202058125,0.9976331592,0.2104290873,-0.0100555969,-0.0048209061
-0.0083806394,0.1063776240,0.0911381915,-0.0166377581,0.0719691104,-0.0005989747,nan,nan,nan,nan,0.0000000000,0.0000000000,0.0000000000,0.0000000000,nan,nan,nan,nan,nan,nan,nan,nan,nan,nan,nan,nan,nan,-0.0207478721,-0.0056119780,0.0006452772,0.0003969499,0.0009623947,0.0005382574,-0.0194919091,-0.0233821888,-0.0310896467,0.0000000000,0.0000000000,0.0000000000,0.0000000000,0.0000000000,-0.0052784570,nan,3.3043987751,nan,nan,nan,nan,nan,nan,nan,nan,nan,nan,nan,nan,nan,-0.0747425854,-0.0202058125,0.9976331592,0.2104290873,-0.0100555969,-0.0048209061
-0.0094033983,0.1061081514,0.0911702663,-0.0166377581,0.0719691104,-0.0005989747,nan,nan,nan,nan,0.0000000000,0.0000000000,0.0000000000,0.0000000000,nan,nan,nan,nan,nan,nan,nan,nan,nan,nan,nan,nan,nan,-0.0207478721,-0.0056119780,0.0006452772,0.0003969499,0.0009623947,0.0005382574,-0.0194919091,-0.0233821888,-0.0310896467,0.0000000000,0.0000000000,0.0000000000,0.0000000000,0.0000000000,-0.0009869295,nan,3.3043987751,nan,nan,nan,nan,nan,nan,nan,nan,nan,nan,nan,nan,nan,-0.0742473304,-0.0202352777,0.9967932105,-0.1639253795,-0.1769724041,0.0940557793
-0.0094033983,0.1061081514,0.0911702663,-0.0166377581,0.0719691104,-0.0005989747,nan,nan,nan,nan,0.0000000000,0.0000000000,0.0000000000,0.0000000000,nan,nan,nan,nan,nan,nan,nan,nan,nan,nan,nan,nan,nan,-0.0071058692,-0.0019481151,-0.0003019862,-0.0069296518,-0.0012192548,0.0004946357,-0.0030400604,0.0015079262,0.0140075907,0.0000000000,0.0000000000,0.0000000000,0.0000000000,0.0000000000,-0.0009869295,nan,3.3043987751,nan,nan,nan,nan,nan,nan,nan,nan,nan,nan,nan,nan,nan,-0.0742473304,-0.0202352777,0.9967932105,-0.1639253795,-0.1769724041,0.0940557793
-0.0064947512,0.1068706363,0.0910143256,-0.0166377581,0.0719691104,-0.0005989747,nan,nan,nan,nan,0.0000000000,0.0000000000,0.0000000000,0.0000000000,nan,nan,nan,nan,nan,nan,nan,nan,nan,nan,nan,nan,nan,-0.0071058692,-0.0019481151,-0.0003019862,-0.0069296518,-0.0012192548,0.0004946357,-0.0030400604,0.0015079262,0.0140075907,0.0000000000,0.0000000000,0.0000000000,0.0000000000,0.0000000000,-0.0009869295,nan,3.3043987751,nan,nan,nan,nan,nan,nan,nan,nan,nan,nan,nan,nan,nan,-0.0742473304,-0.0202352777,0.9967932105,-0.1639253795,-0.1769724041,0.0940557793
-0.0064947512,0.1068706363,0.0910143256,-0.0166377581,0.0719691104,-0.0005989747,nan,nan,nan,nan,0.0000000000,0.0000000000,0.0000000000,0.0000000000,nan,nan,nan,nan,nan,nan,nan,nan,nan,nan,nan,nan,nan,-0.0071058692,-0.0019481151,-0.0003019862,-0.0069296518,-0.0012192548,0.0004946357,-0.0272670835,-0.0391563289,0.0341266915,0.0000000000,0.0000000000,0.0000000000,0.0000000000,0.0000000000,-0.0009869295,nan,3.3043987751,nan,nan,nan,nan,nan,nan,nan,nan,nan,nan,nan,nan,nan,-0.0760000125,-0.0188813191,0.9997280836,-0.0011791792,-0.2581236362,0.0216331668
-0.0064947512,0.1068706363,0.0910143256,-0.0166377581,0.0719691104,-0.0005989747,nan,nan,nan,nan,0.0000000000,0.0000000000,0.0000000000,0.0000000000,nan,nan,nan,nan,nan,nan,nan,nan,nan,nan,nan,nan,nan,-0.0098758116,-0.0028681522,0.0001093632,0.0109568667,0.0033319944,-0.0004519358,-0.0272670835,-0.0391563289,0.0341266915,0.0000000000,0.0000000000,0.0000000000,0.0000000000,0.0000000000,-0.0009869295,nan,3.3043987751,nan,nan,nan,nan,nan,nan,nan,nan,nan,nan,nan,nan,nan,-0.0760000125,-0.0188813191,0.9997280836,-0.0011791792,-0.2581236362,0.0216331668
-0.0069713071,0.1067367867,0.0910058171,-0.0166377581,0.0719691104,-0.0005989747,nan,nan,nan,nan,0.0000000000,0.0000000000,0.0000000000,0.0000000000,nan,nan,nan,nan,nan,nan,nan,nan,nan,nan,nan,nan,nan,-0.0098758116,-0.0028681522,0.0001093632,0.0109568667,0.0033319944,-0.0004519358,-0.0272670835,-0.0391563289,0.0341266915,0.0000000000,0.0000000000,0.0000000000,0.0000000000,0.0000000000,-0.0002573151,nan,3.3043987751,nan,nan,nan,nan,nan,nan,nan,nan,nan,nan,nan,nan,nan,-0.0748674423,-0.0172165800,0.9955765009,-0.0011791792,-0.2581236362,0.0216331668
-0.0069713071,0.1067367867,0.0910058171,-0.0166377581,0.0719691104,-0.0005989747,nan,nan,nan,nan,0.0000000000,0.0000000000,0.0000000000,0.0000000000,nan,nan,nan,nan,nan,nan,nan,nan,nan,nan,nan,nan,nan,-0.0127467774,-0.0039523072,-0.0002686962,0.0043379623,0.0013229687,-0.0003444406,-0.0284676384,-0.0263173394,-0.0162447356,0.0000000000,0.0000000000,0.0000000000,0.0000000000,0.0000000000,-0.0002573151,nan,3.3043987751,nan,nan,nan,nan,nan,nan,nan,nan,nan,nan,nan,nan,nan,-0.0748674423,-0.0172165800,0.9955765009,0.2000413388,0.1148581654,-0.1553552747
-0.0075892280,0.1065462604,0.0909947082,-0.0166377581,0.0719691104,-0.0005989747,nan,nan,nan,nan,0.0000000000,0.0000000000,0.0000000000,0.0000000000,nan,nan,nan,nan,nan,nan,nan,nan,nan,nan,nan,nan,nan,-0.0127467774,-0.0039523072,-0.0002686962,0.0043379623,0.0013229687,-0.0003444406,-0.0284676384,-0.0263173394,-0.0162447356,0.0000000000,0.0000000000,0.0000000000,0.0000000000,0.0000000000,-0.0002573151,nan,3.3043987751,nan,nan,nan,nan,nan,nan,nan,nan,nan,nan,nan,nan,nan,-0.0748674423,-0.0172165800,0.9955765009,0.2000413388,0.1148581654,-0.1553552747
-0.0075892280,0.1065462604,0.0909947082,-0.0166377581,0.0719691104,-0.0005989747,nan,nan,nan,nan,0.0000000000,0.0000000000,0.0000000000,0.0000000000,nan,nan,nan,nan,nan,nan,nan,nan,nan,nan,nan,nan,nan,-0.0127467774,-0.0039523072,-0.0002686962,0.0043379623,0.0013229687,-0.0003444406,-0.0050942618,-0.0060698544,-0.0084001105,0.0000000000,0.0000000000,0.0000000000,0.0000000000,0.0000000000,-0.0002573151,nan,3.3043987751,nan,nan,nan,nan,nan,nan,nan,nan,nan,nan,nan,nan,nan,-0.0725008398,-0.0173556823,0.9972854257,0.0014739826,0.1485074908,0.1871673763
-0.0075892280,0.1065462604,0.0909947082,-0.0166377581,0.0719691104,-0.0005989747,nan,nan,nan,nan,0.0000000000,0.0000000000,0.0000000000,0.0000000000,nan,nan,nan,nan,nan,nan,nan,nan,nan,nan,nan,nan,nan,-0.0152569804,-0.0047844527,-0.0003591887,-0.0007251602,-0.0002391541,-0.0003533135,-0.0050942618,-0.0060698544,-0.0084001105,0.0000000000,0.0000000000,0.0000000000,0.0000000000,0.0000000000,-0.0002573151,nan,3.3043987751,nan,nan,nan,nan,nan,nan,nan,nan,nan,nan,nan,nan,nan,-0.0725008398,-0.0173556823,0.9972854257,0.0014739826,0.1485074908,0.1871673763
-0.0083417026,0.1063087657,0.0909728706,-0.0166377581,0.0719691104,-0.0005989747,nan,nan,nan,nan,0.0000000000,0.0000000000,0.0000000000,0.0000000000,nan,nan,nan,nan,nan,nan,nan,nan,nan,nan,nan,nan,nan,-0.0152569804,-0.0047844527,-0.0003591887,-0.0007251602,-0.0002391541,-0.0003533135,-0.0050942618,-0.0060698544,-0.0084001105,0.0000000000,0.0000000000,0.0000000000,0.0000000000,0.0000000000,0.0038241965,nan,3.3043987751,nan,nan,nan,nan,nan,nan,nan,nan,nan,nan,nan,nan,nan,-0.0712770149,-0.0195080172,0.9978229403,0.0839094743,-0.1582069844,0.3025167584
-0.0083417026,0.1063087657,0.0909728706,-0.0166377581,0.0719691104,-0.0005989747,nan,nan,nan,nan,0.0000000000,0.0000000000,0.0000000000,0.0000000000,nan,nan,nan,nan,nan,nan,nan,nan,nan,nan,nan,nan,nan,-0.0063957185,-0.0027466367,-0.0001935636,0.0099445805,0.0028156817,-0.0001078832,-0.0156124569,-0.0276788268,-0.0122657046,0.0000000000,0.0000000000,0.0000000000,0.0000000000,0.0000000000,0.0038241965,nan,3.3043987751,nan,nan,nan,nan,nan,nan,nan,nan,nan,nan,nan,nan,nan,-0.0712770149,-0.0195080172,0.9978229403,0.0839094743,-0.1582069844,0.3025167584
-0.0062721251,0.1069059372,0.0910009146,-0.0194108005,0.0719682163,-0.0006988039,nan,nan,nan,nan,0.0000000000,0.0000000000,0.0000000000,0.0000000000,nan,nan,nan,nan,nan,nan,nan,nan,nan,nan,nan,nan,nan,-0.0063957185,-0.0027466367,-0.0001935636,0.0099445805,0.0028156817,-0.0001078832,-0.0156124569,-0.0276788268,-0.0122657046,0.0000000000,0.0000000000,0.0000000000,0.0000000000,0.0000000000,0.0038241965,3.3039999008,3.3043987751,nan,nan,nan,nan,nan,nan,nan,nan,nan,nan,nan,nan,nan,-0.0712770149,-0.0195080172,0.9978229403,0.0839094743,-0.1582069844,0.3025167584
-0.0062721251,0.1069059372,0.0910009146,-0.0194108005,0.0719682163,-0.0006988039,nan,nan,nan,nan,0.0000000000,0.0000000000,0.0000000000,0.0000000000,nan,nan,nan,nan,nan,nan,nan,nan,nan,nan,nan,nan,nan,-0.0063957185,-0.0027466367,-0.0001935636,0.0099445805,0.0028156817,-0.0001078832,-0.0184275806,-0.0201903451,-0.0002724802,0.0000000000,0.0000000000,0.0000000000,0.0000000000,0.0000000000,0.0038241965,3.3039999008,3.3043987751,nan,nan,nan,nan,nan,nan,nan,nan,nan,nan,nan,nan,nan,-0.0756557435,-0.0196716879,0.9961836934,-0.0922301263,-0.0843344554,-0.0655988976
-0.0062721251,0.1069059372,0.0910009146,-0.0194108005,0.0719682163,-0.0006988039,nan,nan,nan,nan,0.0000000000,0.0000000000,0.0000000000,0.0000000000,nan,nan,nan,nan,nan,nan,nan,nan,nan,nan,nan,nan,nan,-0.0091959974,-0.0039359657,-0.0000096155,0.0060097552,0.0014091908,-0.0001087490,-0.0184275806,-0.0201903451,-0.0002724802,0.0000000000,0.0000000000,0.0000000000,0.0000000000,0.0000000000,0.0038241965,3.3039999008,3.3043987751,nan,nan,nan,nan,nan,nan,nan,nan,nan,nan,nan,nan,nan,-0.0756557435,-0.0196716879,0.9961836934,-0.0922301263,-0.0843344554,-0.0655988976
-0.0067041535,0.1067194492,0.0909992009,-0.0194108005,0.0719682163,-0.0006988039,nan,nan,nan,nan,0.0000000000,0.0000000000,0.0000000000,0.0000000000,nan,nan,nan,nan,nan,nan,nan,nan,nan,nan,nan,nan,nan,-0.0091959974,-0.0039359657,-0.0000096155,0.0060097552,0.0014091908,-0.0001087490,-0.0184275806,-0.0201903451,-0.0002724802,0.0000000000,0.0000000000,0.0000000000,0.0000000000,0.0000000000,0.0063087055,3.3039999008,3.3043987751,nan,nan,nan,nan,nan,nan,nan,nan,nan,nan,nan,nan,nan,-0.0761969686,-0.0162202083,0.9982397556,-0.0178617164,-0.1125055701,0.2216436267
-0.0067041535,0.1067194492,0.0909992009,-0.0194108005,0.0719682163,-0.0006988039,nan,nan,nan,nan,0.0000000000,0.0000000000,0.0000000000,0.0000000000,nan,nan,nan,nan,nan,nan,nan,nan,nan,nan,nan,nan,nan,-0.0091959974,-0.0039359657,-0.0000096155,0.0020399161,0.0000863755,-0.0000844896,-0.0354151316,0.0021658312,0.0009016407,0.0000000000,0.0000000000,0.0000000000,0.0000000000,0.0000000000,0.0063087055,3.3039999008,3.3043987751,nan,nan,nan,nan,nan,nan,nan,nan,nan,nan,nan,nan,nan,-0.0761969686,-0.0162202083,0.9982397556,-0.0178617164,-0.1125055701,0.2216436267
-0.0064413883,0.1068362370,0.0910086110,-0.0194108005,0.0719682163,-0.0006988039,nan,nan,nan,nan,0.0000000000,0.0000000000,0.0000000000,0.0000000000,nan,nan,nan,nan,nan,nan,nan,nan,nan,nan,nan,nan,nan,-0.0126956115,-0.0042269500,0.0000105068,0.0020399161,0.0000863755,-0.0000844896,-0.0354151316,0.0021658312,0.0009016407,0.0000000000,0.0000000000,0.0000000000,0.0000000000,0.0000000000,0.0063087055,3.3039999008,3.3043987751,nan,nan,nan,nan,nan,nan,nan,nan,nan,nan,nan,nan,nan,-0.0761969686,-0.0162202083,0.9982397556,-0.0178617164,-0.1125055701,0.2216436267
-0.0064413883,0.1068362370,0.0910086110,-0.0194108005,0.0719682163,-0.0006988039,nan,nan,nan,nan,0.0000000000,0.0000000000,0.0000000000,0.0000000000,nan,nan,nan,nan,nan,nan,nan,nan,nan,nan,nan,nan,nan,-0.0126956115,-0.0042269500,0.0000105068,0.0020399161,0.0000863755,-0.0000844896,-0.0089340797,-0.0082527138,0.0012828792,0.0000000000,0.0000000000,0.0000000000,0.0000000000,0.0000000000,0.0063087055,3.3039999008,3.3043987751,nan,nan,nan,nan,nan,nan,nan,nan,nan,nan,nan,nan,nan,-0.0734660402,-0.0187492482,0.9964065552,-0.1545242071,-0.0704906806,0.1253606677
-0.0064413883,0.1068362370,0.0910086110,-0.0194108005,0.0719682163,-0.0006988039,nan,nan,nan,nan,0.0000000000,0.0000000000,0.0000000000,0.0000000000,nan,nan,nan,nan,nan,nan,nan,nan,nan,nan,nan,nan,nan,-0.0102832504,-0.0027835995,0.0002764023,0.0044119009,0.0014036960,-0.0000005538,-0.0089340797,-0.0082527138,0.0012828792,0.0000000000,0.0000000000,0.0000000000,0.0000000000,0.0000000000,0.0063087055,3.3039999008,3.3043987751,nan,nan,nan,nan,nan,nan,nan,nan,nan,nan,nan,nan,nan,-0.0734660402,-0.0187492482,0.9964065552,-0.1545242071,-0.0704906806,0.1253606677
-0.0066342759,0.1068080664,0.0910150260,-0.0194108005,0.0719682163,-0.0006988039,nan,nan,nan,nan,0.0000000000,0.0000000000,0.0000000000,0.0000000000,nan,nan,nan,nan,nan,nan,nan,nan,nan,nan,nan,nan,nan,-0.0102832504,-0.0027835995,0.0002764023,0.0044119009,0.0014036960,-0.0000005538,-0.0089340797,-0.0082527138,0.0012828792,0.0000000000,0.0000000000,0.0000000000,0.0000000000,0.0000000000,0.0091422768,3.3039999008,3.3043987751,nan,nan,nan,nan,nan,nan,nan,nan,nan,nan,nan,nan,nan,-0.0727345124,-0.0198811777,0.9981428981,0.1029799879,-0.0302653555,-0.1371531487
-0.0066342759,0.1068080664,0.0910150260,-0.0194108005,0.0719682163,-0.0006988039,nan,nan,nan,nan,0.0000000000,0.0000000000,0.0000000000,0.0000000000,nan,nan,nan,nan,nan,nan,nan,nan,nan,nan,nan,nan,nan,-0.0089434637,-0.0020718782,0.0004765437,0.0002869165,0.0002944210,0.0000658878,-0.0144821294,-0.0042700907,0.0033060159,0.0000000000,0.0000000000,0.0000000000,0.0000000000,0.0000000000,0.0091422768,3.3039999008,3.3043987751,nan,nan,nan,nan,nan,nan,nan,nan,nan,nan,nan,nan,nan,-0.0727345124,-0.0198811777,0.9981428981,0.1029799879,-0.0302653555,-0.1371531487
-0.0062230714,0.1069469824,0.0910099521,-0.0194108005,0.0719682163,-0.0006988039,nan,nan,nan,nan,0.0000000000,0.0000000000,0.0000000000,0.0000000000,nan,nan,nan,nan,nan,nan,nan,nan,nan,nan,nan,nan,nan,-0.0089434637,-0.0020718782,0.0004765437,0.0002869165,0.0002944210,0.0000658878,-0.0144821294,-0.0042700907,0.0033060159,0.0000000000,0.0000000000,0.0000000000,0.0000000000,0.0000000000,0.0091422768,3.3039999008,3.3043987751,nan,nan,nan,nan,nan,nan,nan,nan,nan,nan,nan,nan,nan,-0.0727345124,-0.0198811777,0.9981428981,0.1029799879,-0.0302653555,-0.1371531487
-0.0062230714,0.1069469824,0.0910099521,-0.0194108005,0.0719682163,-0.0006988039,nan,nan,nan,nan,0.0000000000,0.0000000000,0.0000000000,0.0000000000,nan,nan,nan,nan,nan,nan,nan,nan,nan,nan,nan,nan,nan,-0.0089434637,-0.0020718782,0.0004765437,0.0002869165,0.0002944210,0.0000658878,-0.0090633463,-0.0246459283,0.0192116126,0.0000000000,0.0000000000,0.0000000000,0.0000000000,0.0000000000,0.0091422768,3.3039999008,3.3043987751,nan,nan,nan,nan,nan,nan,nan,nan,nan,nan,nan,nan,nan,-0.0732783005,-0.0215388518,0.9998691678,0.1463570446,-0.1313221306,0.0531049035
-0.0062230714,0.1069469824,0.0910099521,-0.0194108005,0.0719682163,-0.0006988039,nan,nan,nan,nan,0.0000000000,0.0000000000,0.0000000000,0.0000000000,nan,nan,nan,nan,nan,nan,nan,nan,nan,nan,nan,nan,nan,-0.0118640130,-0.0028345769,0.0011456492,0.0019150032,0.0008602281,0.0001045557,-0.0090633463,-0.0246459283,0.0192116126,0.0000000000,0.0000000000,0.0000000000,0.0000000000,0.0000000000,0.0091422768,3.3039999008,3.3043987751,nan,nan,nan,nan,nan,nan,nan,nan,nan,nan,nan,nan,nan,-0.0732783005,-0.0215388518,0.9998691678,0.1463570446,-0.1313221306,0.0531049035
-0.0067732581,0.1068243757,0.0910509899,-0.0194108005,0.0719682163,-0.0006988039,nan,nan,nan,nan,0.0000000000,0.0000000000,0.0000000000,0.0000000000,nan,nan,nan,nan,nan,nan,nan,nan,nan,nan,nan,nan,nan,-0.0118640130,-0.0028345769,0.0011456492,0.0019150032,0.0008602281,0.0001045557,-0.0090633463,-0.0246459283,0.0192116126,0.0000000000,0.0000000000,0.0000000000,0.0000000000,0.0000000000,0.0111746332,3.3039999008,3.3043987751,nan,nan,nan,nan,nan,nan,nan,nan,nan,nan,nan,nan,nan,-0.0737186298,-0.0182402804,0.9953021407,-0.1965562254,-0.2555814683,0.0099543333
-0.0067732581,0.1068243757,0.0910509899,-0.0194108005,0.0719682163,-0.0006988039,nan,nan,nan,nan,0.0000000000,0.0000000000,0.0000000000,0.0000000000,nan,nan,nan,nan,nan,nan,nan,nan,nan,nan,nan,nan,nan,-0.0143196452,-0.0031194622,0.0008336673,-0.0019715545,-0.0001727758,0.0003454942,0.0030572189,0.0192767959,-0.0093543762,0.0000000000,0.0000000000,0.0000000000,0.0000000000,0.0000000000,0.0111746332,3.3039999008,3.3043987751,nan,nan,nan,nan,nan,nan,nan,nan,nan,nan,nan,nan,nan,-0.0737186298,-0.0182402804,0.9953021407,-0.1965562254,-0.2555814683,0.0099543333
-0.0074543850,0.1066664755,0.0910944417,-0.0194108005,0.0719682163,-0.0006988039,nan,nan,nan,nan,0.0000000000,0.0000000000,0.0000000000,0.0000000000,nan,nan,nan,nan,nan,nan,nan,nan,nan,nan,nan,nan,nan,-0.0143196452,-0.0031194622,0.0008336673,-0.0019715545,-0.0001727758,0.0003454942,0.0030572189,0.0192767959,-0.0093543762,0.0000000000,0.0000000000,0.0000000000,0.0000000000,0.0000000000,0.0111746332,3.3039999008,3.3043987751,nan,nan,nan,nan,nan,nan,nan,nan,nan,nan,nan,nan,nan,-0.0737186298,-0.0182402804,0.9953021407,-0.1965562254,-0.2555814683,0.0099543333
-0.0074543850,0.1066664755,0.0910944417,-0.0194108005,0.0719682163,-0.0006988039,nan,nan,nan,nan,0.0000000000,0.0000000000,0.0000000000,0.0000000000,nan,nan,nan,nan,nan,nan,nan,nan,nan,nan,nan,nan,nan,-0.0143196452,-0.0031194622,0.0008336673,-0.0019715545,-0.0001727758,0.0003454942,-0.0228872485,0.0021054740,0.0055197719,0.0000000000,0.0000000000,0.0000000000,0.0000000000,0.0000000000,0.0111746332,3.3039999008,3.3043987751,nan,nan,nan,nan,nan,nan,nan,nan,nan,nan,nan,nan,nan,-0.0769498944,-0.0197552051,0.9984878302,-0.0529621318,-0.3379475176,-0.0238868613
-0.0074543850,0.1066664755,0.0910944417,-0.0194108005,0.0719682163,-0.0006988039,nan,nan,nan,nan,0.0000000000,0.0000000000,0.0000000000,0.0000000000,nan,nan,nan,nan,nan,nan,nan,nan,nan,nan,nan,nan,nan,-0.0107467985,-0.0024787143,0.0004931849,0.0015586907,0.0005753310,0.0000200651,-0.0228872485,0.0021054740,0.0055197719,0.0000000000,0.0000000000,0.0000000000,0.0000000000,0.0000000000,0.0111746332,3.3039999008,3.3043987751,nan,nan,nan,nan,nan,nan,nan,nan,nan,nan,nan,nan,nan,-0.0769498944,-0.0197552051,0.9984878302,-0.0529621318,-0.3379475176,-0.0238868613
-0.0068286601,0.1068112329,0.0910472572,-0.0194108005,0.0719682163,-0.0006988039,nan,nan,nan,nan,0.0000000000,0.0000000000,0.0000000000,0.0000000000,nan,nan,nan,nan,nan,nan,nan,nan,nan,nan,nan,nan,nan,-0.0107467985,-0.0024787143,0.0004931849,0.0015586907,0.0005753310,0.0000200651,-0.0228872485,0.0021054740,0.0055197719,0.0000000000,0.0000000000,0.0000000000,0.0000000000,0.0000000000,0.0154716186,3.3039999008,3.3043987751,nan,nan,nan,nan,nan,nan,nan,nan,nan,nan,nan,nan,nan,-0.0760850906,-0.0164744779,0.9955921769,-0.2739490867,-0.0986847505,0.0637726709
-0.0068286601,0.1068112329,0.0910472572,-0.0194108005,0.0719682163,-0.0006988039,nan,nan,nan,nan,0.0000000000,0.0000000000,0.0000000000,0.0000000000,nan,nan,nan,nan,nan,nan,nan,nan,nan,nan,nan,nan,nan,-0.0139203621,-0.0026089593,0.0005171890,-0.0019736092,-0.0002192871,0.0001507129,-0.0158543065,-0.0143847186,-0.0105425306,0.0000000000,0.0000000000,0.0000000000,0.0000000000,0.0000000000,0.0154716186,3.3039999008,3.3043987751,nan,nan,nan,nan,nan,nan,nan,nan,nan,nan,nan,nan,nan,-0.0760850906,-0.0164744779,0.9955921769,-0.2739490867,-0.0986847505,0.0637726709
-0.0074734194,0.1066881046,0.0910725221,-0.0194137648,0.0747374889,-0.0007258287,nan,nan,nan,nan,0.0000000000,0.0000000000,0.0000000000,0.0000000000,nan,nan,nan,nan,nan,nan,nan,nan,nan,nan,nan,nan,nan,-0.0139203621,-0.0026089593,0.0005171890,-0.0019736092,-0.0002192871,0.0001507129,-0.0158543065,-0.0143847186,-0.0105425306,0.0000000000,0.0000000000,0.0000000000,0.0000000000,0.0000000000,0.0154716186,3.3039999008,3.3043987751,nan,nan,nan,nan,nan,nan,nan,nan,nan,nan,nan,nan,nan,-0.0760850906,-0.0164744779,0.9955921769,-0.2739490867,-0.0986847505,0.0637726709
-0.0074734194,0.1066881046,0.0910725221,-0.0194137648,0.0747374889,-0.0007258287,nan,nan,nan,nan,0.0000000000,0.0000000000,0.0000000000,0.0000000000,nan,nan,nan,nan,nan,nan,nan,nan,nan,nan,nan,nan,nan,-0.0139203621,-0.0026089593,0.0005171890,-0.0019736092,-0.0002192871,0.0001507129,-0.0043871021,-0.0052370117,-0.0121399900,0.0000000000,0.0000000000,0.0000000000,0.0000000000,0.0000000000,0.0154716186,3.3039999008,3.3043987751,nan,nan,nan,nan,nan,nan,nan,nan,nan,nan,nan,nan,nan,-0.0748637095,-0.0199349392,0.9972507358,0.0075188819,0.1610300094,-0.0078438651
-0.0074734194,0.1066881046,0.0910725221,-0.0194137648,0.0747374889,-0.0007258287,nan,nan,nan,nan,0.0000000000,0.0000000000,0.0000000000,0.0000000000,nan,nan,nan,nan,nan,nan,nan,nan,nan,nan,nan,nan,nan,-0.0169093851,-0.0034029833,0.0003724602,-0.0053478987,-0.0008938285,0.0002452768,-0.0043871021,-0.0052370117,-0.0121399900,0.0000000000,0.0000000000,0.0000000000,0.0000000000,0.0000000000,0.0154716186,3.3039999008,3.3043987751,nan,nan,nan,nan,nan,nan,nan,nan,nan,nan,nan,nan,nan,-0.0748637095,-0.0199349392,0.9972507358,0.0075188819,0.1610300094,-0.0078438651
-0.0082740393,0.1065339297,0.0910949558,-0.0194137648,0.0747374889,-0.0007258287,nan,nan,nan,nan,0.0000000000,0.0000000000,0.0000000000,0.0000000000,nan,nan,nan,nan,nan,nan,nan,nan,nan,nan,nan,nan,nan,-0.0169093851,-0.0034029833,0.0003724602,-0.0053478987,-0.0008938285,0.0002452768,-0.0043871021,-0.0052370117,-0.0121399900,0.0000000000,0.0000000000,0.0000000000,0.0000000000,0.0000000000,0.0215709656,3.3039999008,3.3043987751,nan,nan,nan,nan,nan,nan,nan,nan,nan,nan,nan,nan,nan,-0.0757507235,-0.0180277359,0.9966761470,0.2660344839,-0.2673869431,-0.0562768094
-0.0082740393,0.1065339297,0.0910949558,-0.0194137648,0.0747374889,-0.0007258287,nan,nan,nan,nan,0.0000000000,0.0000000000,0.0000000000,0.0000000000,nan,nan,nan,nan,nan,nan,nan,nan,nan,nan,nan,nan,nan,-0.0202253759,-0.0037431486,0.0002275198,-0.0087419786,-0.0015839952,0.0002262860,-0.0112959277,0.0139486268,-0.0008174408,0.0000000000,0.0000000000,0.0000000000,0.0000000000,0.0000000000,0.0215709656,3.3039999008,3.3043987751,nan,nan,nan,nan,nan,nan,nan,nan,nan,nan,nan,nan,nan,-0.0757507235,-0.0180277359,0.9966761470,0.2660344839,-0.2673869431,-0.0562768094
-0.0092327753,0.1063525751,0.0910997242,-0.0194137648,0.0747374889,-0.0007258287,nan,nan,nan,nan,0.0000000000,0.0000000000,0.0000000000,0.0000000000,nan,nan,nan,nan,nan,nan,nan,nan,nan,nan,nan,nan,nan,-0.0202253759,-0.0037431486,0.0002275198,-0.0087419786,-0.0015839952,0.0002262860,-0.0112959277,0.0139486268,-0.0008174408,0.0000000000,0.0000000000,0.0000000000,0.0000000000,0.0000000000,0.0215709656,3.3039999008,3.2991201878,nan,nan,nan,nan,nan,nan,nan,nan,nan,nan,nan,nan,nan,-0.0757507235,-0.0180277359,0.9966761470,0.2660344839,-0.2673869431,-0.0562768094
-0.0092327753,0.1063525751,0.0910997242,-0.0194137648,0.0747374889,-0.0007258287,nan,nan,nan,nan,0.0000000000,0.0000000000,0.0000000000,0.0000000000,nan,nan,nan,nan,nan,nan,nan,nan,nan,nan,nan,nan,nan,-0.0202253759,-0.0037431486,0.0002275198,-0.0087419786,-0.0015839952,0.0002262860,-0.0031119573,0.0028550087,0.0177615024,0.0000000000,0.0000000000,0.0000000000,0.0000000000,0.0000000000,0.0215709656,3.3039999008,3.2991201878,nan,nan,nan,nan,nan,nan,nan,nan,nan,nan,nan,nan,nan,-0.0735242516,-0.0175222978,0.9976354837,0.0026622140,-0.1752797961,0.0444647856
-0.0092327753,0.1063525751,0.0910997242,-0.0194137648,0.0747374889,-0.0007258287,nan,nan,nan,nan,0.0000000000,0.0000000000,0.0000000000,0.0000000000,nan,nan,nan,nan,nan,nan,nan,nan,nan,nan,nan,nan,nan,-0.0086137587,-0.0015591386,0.0000400301,0.0070404229,0.0015742371,-0.0003475825,-0.0031119573,0.0028550087,0.0177615024,0.0000000000,0.0000000000,0.0000000000,0.0000000000,0.0000000000,0.0215709656,3.3039999008,3.2991201878,nan,nan,nan,nan,nan,nan,nan,nan,nan,nan,nan,nan,nan,-0.0735242516,-0.0175222978,0.9976354837,0.0026622140,-0.1752797961,0.0444647856
-0.0064404900,0.1069190800,0.0909996480,-0.0194137648,0.0747374889,-0.0007258287,nan,nan,nan,nan,0.0000000000,0.0000000000,0.0000000000,0.0000000000,nan,nan,nan,nan,nan,nan,nan,nan,nan,nan,nan,nan,nan,-0.0086137587,-0.0015591386,0.0000400301,0.0070404229,0.0015742371,-0.0003475825,-0.0031119573,0.0028550087,0.0177615024,0.0000000000,0.0000000000,0.0000000000,0.0000000000,0.0000000000,0.0216876846,3.3039999008,3.2991201878,nan,nan,nan,nan,nan,nan,nan,nan,nan,nan,nan,nan,nan,-0.0762470067,-0.0167405400,0.9966312051,0.0304670706,0.0624777079,-0.1054168418
-0.0064404900,0.1069190800,0.0909996480,-0.0194137648,0.0747374889,-0.0007258287,nan,nan,nan,nan,0.0000000000,0.0000000000,0.0000000000,0.0000000000,nan,nan,nan,nan,nan,nan,nan,nan,nan,nan,nan,nan,nan,-0.0118417433,-0.0018373829,0.0002023426,0.0026313176,0.0007475971,-0.0002433585,-0.0176795777,0.0002574833,0.0120873647,0.0000000000,0.0000000000,0.0000000000,0.0000000000,0.0000000000,0.0216876846,3.3039999008,3.2991201878,nan,nan,nan,nan,nan,nan,nan,nan,nan,nan,nan,nan,nan,-0.0762470067,-0.0167405400,0.9966312051,0.0304670706,0.0624777079,-0.1054168418
-0.0069832900,0.1068349555,0.0910044238,-0.0194137648,0.0747374889,-0.0007258287,nan,nan,nan,nan,0.0000000000,0.0000000000,0.0000000000,0.0000000000,nan,nan,nan,nan,nan,nan,nan,nan,nan,nan,nan,nan,nan,-0.0118417433,-0.0018373829,0.0002023426,0.0026313176,0.0007475971,-0.0002433585,-0.0176795777,0.0002574833,0.0120873647,0.0000000000,0.0000000000,0.0000000000,0.0000000000,0.0000000000,0.0216876846,3.3039999008,3.3043987751,nan,nan,nan,nan,nan,nan,nan,nan,nan,nan,nan,nan,nan,-0.0762470067,-0.0167405400,0.9966312051,0.0304670706,0.0624777079,-0.1054168418
-0.0069832900,0.1068349555,0.0910044238,-0.0194137648,0.0747374889,-0.0007258287,nan,nan,nan,nan,0.0000000000,0.0000000000,0.0000000000,0.0000000000,nan,nan,nan,nan,nan,nan,nan,nan,nan,nan,nan,nan,nan,-0.0118417433,-0.0018373829,0.0002023426,0.0026313176,0.0007475971,-0.0002433585,-0.0057849488,-0.0030982404,-0.0090000350,0.0000000000,0.0000000000,0.0000000000,0.0000000000,0.0000000000,0.0216876846,3.3039999008,3.3043987751,nan,nan,nan,nan,nan,nan,nan,nan,nan,nan,nan,nan,nan,-0.0744877532,-0.0170189440,0.9962416291,0.1338619739,-0.0018832672,-0.0696223602
-0.0069832900,0.1068349555,0.0910044238,-0.0194137648,0.0747374889,-0.0007258287,nan,nan,nan,nan,0.0000000000,0.0000000000,0.0000000000,0.0000000000,nan,nan,nan,nan,nan,nan,nan,nan,nan,nan,nan,nan,nan,-0.0148833366,-0.0023510095,-0.0002658934,-0.0014587317,-0.0000014896,-0.0001750987,-0.0057849488,-0.0030982404,-0.0090000350,0.0000000000,0.0000000000,0.0000000000,0.0000000000,0.0000000000,0.0216876846,3.3039999008,3.3043987751,nan,nan,nan,nan,nan,nan,nan,nan,nan,nan,nan,nan,nan,-0.0744877532,-0.0170189440,0.9962416291,0.1338619739,-0.0018832672,-0.0696223602
-0.0076767541,0.1067232713,0.0909961388,-0.0194137648,0.0747374889,-0.0007258287,nan,nan,nan,nan,0.0000000000,0.0000000000,0.0000000000,0.0000000000,nan,nan,nan,nan,nan,nan,nan,nan,nan,nan,nan,nan,nan,-0.0148833366,-0.0023510095,-0.0002658934,-0.0014587317,-0.0000014896,-0.0001750987,-0.0057849488,-0.0030982404,-0.0090000350,0.0000000000,0.0000000000,0.0000000000,0.0000000000,0.0000000000,0.0254680235,3.3039999008,3.3043987751,nan,nan,nan,nan,nan,nan,nan,nan,nan,nan,nan,nan,nan,-0.0736078247,-0.0195997152,0.9956713319,0.0731139258,-0.3122474849,-0.0169856492
-0.0076767541,0.1067232713,0.0909961388,-0.0194137648,0.0747374889,-0.0007258287,nan,nan,nan,nan,0.0000000000,0.0000000000,0.0000000000,0.0000000000,nan,nan,nan,nan,nan,nan,nan,nan,nan,nan,nan,nan,nan,-0.0178912040,-0.0034120674,-0.0002615862,-0.0053267921,-0.0006925292,-0.0002234953,0.0048798067,-0.0207431074,0.0023049726,0.0000000000,0.0000000000,0.0000000000,0.0000000000,0.0000000000,0.0254680235,3.3039999008,3.3043987751,nan,nan,nan,nan,nan,nan,nan,nan,nan,nan,nan,nan,nan,-0.0736078247,-0.0195997152,0.9956713319,0.0731139258,-0.3122474849,-0.0169856492
-0.0085295141,0.1065726802,0.0909766257,-0.0194137648,0.0747374889,-0.0007258287,nan,nan,nan,nan,0.0000000000,0.0000000000,0.0000000000,0.0000000000,nan,nan,nan,nan,nan,nan,nan,nan,nan,nan,nan,nan,nan,-0.0178912040,-0.0034120674,-0.0002615862,-0.0053267921,-0.0006925292,-0.0002234953,0.0048798067,-0.0207431074,0.0023049726,0.0000000000,0.0000000000,0.0000000000,0.0000000000,0.0000000000,0.0254680235,3.3039999008,3.3043987751,nan,nan,nan,nan,nan,nan,nan,nan,nan,nan,nan,nan,nan,-0.0736078247,-0.0195997152,0.9956713319,0.0731139258,-0.3122474849,-0.0169856492
-0.0085295141,0.1065726802,0.0909766257,-0.0194137648,0.0747374889,-0.0007258287,nan,nan,nan,nan,0.0000000000,0.0000000000,0.0000000000,0.0000000000,nan,nan,nan,nan,nan,nan,nan,nan,nan,nan,nan,nan,nan,-0.0178912040,-0.0034120674,-0.0002615862,-0.0053267921,-0.0006925292,-0.0002234953,0.0094897263,-0.0018945422,0.0166715812,0.0000000000,0.0000000000,0.0000000000,0.0000000000,0.0000000000,0.0254680235,3.3039999008,3.3043987751,nan,nan,nan,nan,nan,nan,nan,nan,nan,nan,nan,nan,nan,-0.0735669136,-0.0161922742,0.9981755018,-0.2027858049,-0.0751602650,0.0964806005
-0.0085295141,0.1065726802,0.0909766257,-0.0194137648,0.0747374889,-0.0007258287,nan,nan,nan,nan,0.0000000000,0.0000000000,0.0000000000,0.0000000000,nan,nan,nan,nan,nan,nan,nan,nan,nan,nan,nan,nan,nan,-0.0097729880,-0.0023198780,0.0000639061,0.0046729259,0.0008178296,-0.0000247650,0.0094897263,-0.0018945422,0.0166715812,0.0000000000,0.0000000000,0.0000000000,0.0000000000,0.0000000000,0.0254680235,3.3039999008,3.3043987751,nan,nan,nan,nan,nan,nan,nan,nan,nan,nan,nan,nan,nan,-0.0735669136,-0.0161922742,0.9981755018,-0.2027858049,-0.0751602650,0.0964806005
-0.0067891283,0.1068397835,0.0910103843,-0.0194137648,0.0747374889,-0.0007258287,nan,nan,nan,nan,0.0000000000,0.0000000000,0.0000000000,0.0000000000,nan,nan,nan,nan,nan,nan,nan,nan,nan,nan,nan,nan,nan,-0.0097729880,-0.0023198780,0.0000639061,0.0046729259,0.0008178296,-0.0000247650,0.0094897263,-0.0018945422,0.0166715812,0.0000000000,0.0000000000,0.0000000000,0.0000000000,0.0000000000,0.0284820739,3.3039999008,3.3043987751,nan,nan,nan,nan,nan,nan,nan,nan,nan,nan,nan,nan,nan,-0.0736640915,-0.0174213108,0.9975537658,-0.0290634464,-0.0420116149,-0.0291497819
-0.0067891283,0.1068397835,0.0910103843,-0.0194137648,0.0747374889,-0.0007258287,nan,nan,nan,nan,0.0000000000,0.0000000000,0.0000000000,0.0000000000,nan,nan,nan,nan,nan,nan,nan,nan,nan,nan,nan,nan,nan,-0.0124961827,-0.0025638326,0.0000601205,0.0006348923,-0.0000173495,-0.0000007942,-0.0189221520,-0.0080307340,-0.0172995739,0.0000000000,0.0000000000,0.0000000000,0.0000000000,0.0000000000,0.0284820739,3.3039999008,3.3043987751,nan,nan,nan,nan,nan,nan,nan,nan,nan,nan,nan,nan,nan,-0.0736640915,-0.0174213108,0.9975537658,-0.0290634464,-0.0420116149,-0.0291497819
-0.0073679639,0.1067178771,0.0910127982,-0.0194137648,0.0747374889,-0.0007258287,nan,nan,nan,nan,0.0000000000,0.0000000000,0.0000000000,0.0000000000,nan,nan,nan,nan,nan,nan,nan,nan,nan,nan,nan,nan,nan,-0.0124961827,-0.0025638326,0.0000601205,0.0006348923,-0.0000173495,-0.0000007942,-0.0189221520,-0.0080307340,-0.0172995739,0.0000000000,0.0000000000,0.0000000000,0.0000000000,0.0000000000,0.0284820739,3.3039999008,3.2991201878,nan,nan,nan,nan,nan,nan,nan,nan,nan,nan,nan,nan,nan,-0.0736640915,-0.0174213108,0.9975537658,-0.0290634464,-0.0420116149,-0.0291497819
-0.0073679639,0.1067178771,0.0910127982,-0.0194137648,0.0747374889,-0.0007258287,nan,nan,nan,nan,0.0000000000,0.0000000000,0.0000000000,0.0000000000,nan,nan,nan,nan,nan,nan,nan,nan,nan,nan,nan,nan,nan,-0.0124961827,-0.0025638326,0.0000601205,0.0006348923,-0.0000173495,-0.0000007942,-0.0083977347,0.0045324592,-0.0185596477,0.0000000000,0.0000000000,0.0000000000,0.0000000000,0.0000000000,0.0284820739,3.3039999008,3.2991201878,nan,nan,nan,nan,nan,nan,nan,nan,nan,nan,nan,nan,nan,-0.0734655857,-0.0164529905,0.9963740706,-0.0756351128,-0.3684307635,0.0303409081
-0.0073679639,0.1067178771,0.0910127982,-0.0194137648,0.0747374889,-0.0007258287,nan,nan,nan,nan,0.0000000000,0.0000000000,0.0000000000,0.0000000000,nan,nan,nan,nan,nan,nan,nan,nan,nan,nan,nan,nan,nan,-0.0153791113,-0.0030445375,-0.0002189205,-0.0030708357,-0.0007373971,-0.0000334311,-0.0083977347,0.0045324592,-0.0185596477,0.0000000000,0.0000000000,0.0000000000,0.0000000000,0.0000000000,0.0284820739,3.3039999008,3.2991201878,nan,nan,nan,nan,nan,nan,nan,nan,nan,nan,nan,nan,nan,-0.0734655857,-0.0164529905,0.9963740706,-0.0756351128,-0.3684307635,0.0303409081
-0.0080917832,0.1065706164,0.0910013914,-0.0194137648,0.0747374889,-0.0007258287,nan,nan,nan,nan,0.0000000000,0.0000000000,0.0000000000,0.0000000000,nan,nan,nan,nan,nan,nan,nan,nan,nan,nan,nan,nan,nan,-0.0153791113,-0.0030445375,-0.0002189205,-0.0030708357,-0.0007373971,-0.0000334311,-0.0083977347,0.0045324592,-0.0185596477,0.0000000000,0.0000000000,0.0000000000,0.0000000000,0.0000000000,0.0329571068,3.3039999008,3.2991201878,nan,nan,nan,nan,nan,nan,nan,nan,nan,nan,nan,nan,nan,-0.0749635547,-0.0177262109,0.9967207909,-0.1963418126,-0.1667007506,-0.1199355274
-0.0080917832,0.1065706164,0.0910013914,-0.0194137648,0.0747374889,-0.0007258287,nan,nan,nan,nan,0.0000000000,0.0000000000,0.0000000000,0.0000000000,nan,nan,nan,nan,nan,nan,nan,nan,nan,nan,nan,nan,nan,-0.0187505782,-0.0037274654,-0.0001927359,-0.0066622859,-0.0014448435,-0.0001027071,-0.0089213625,-0.0016193313,-0.0049268641,0.0000000000,0.0000000000,0.0000000000,0.0000000000,0.0000000000,0.0329571068,3.3039999008,3.2991201878,nan,nan,nan,nan,nan,nan,nan,nan,nan,nan,nan,nan,nan,-0.0749635547,-0.0177262109,0.9967207909,-0.1963418126,-0.1667007506,-0.1199355274
-0.0089774383,0.1063903049,0.0909854919,-0.0194137648,0.0747374889,-0.0007258287,nan,nan,nan,nan,0.0000000000,0.0000000000,0.0000000000,0.0000000000,nan,nan,nan,nan,nan,nan,nan,nan,nan,nan,nan,nan,nan,-0.0187505782,-0.0037274654,-0.0001927359,-0.0066622859,-0.0014448435,-0.0001027071,-0.0089213625,-0.0016193313,-0.0049268641,0.0000000000,0.0000000000,0.0000000000,0.0000000000,0.0000000000,0.0329571068,3.3039999008,3.2991201878,nan,nan,nan,nan,nan,nan,nan,nan,nan,nan,nan,nan,nan,-0.0749635547,-0.0177262109,0.9967207909,-0.1963418126,-0.1667007506,-0.1199355274
-0.0089774383,0.1063903049,0.0909854919,-0.0194137648,0.0747374889,-0.0007258287,nan,nan,nan,nan,0.0000000000,0.0000000000,0.0000000000,0.0000000000,nan,nan,nan,nan,nan,nan,nan,nan,nan,nan,nan,nan,nan,-0.0187505782,-0.0037274654,-0.0001927359,-0.0066622859,-0.0014448435,-0.0001027071,-0.0219265185,-0.0030721850,0.0046228091,0.0000000000,0.0000000000,0.0000000000,0.0000000000,0.0000000000,0.0329571068,3.3039999008,3.2991201878,nan,nan,nan,nan,nan,nan,nan,nan,nan,nan,nan,nan,nan,-0.0753543973,-0.0195575338,0.9978366494,0.0584609732,-0.4852101207,0.0428899266
-0.0089774383,0.1063903049,0.0909854919,-0.0194137648,0.0747374889,-0.0007258287,nan,nan,nan,nan,0.0000000000,0.0000000000,0.0000000000,0.0000000000,nan,nan,nan,nan,nan,nan,nan,nan,nan,nan,nan,nan,nan,-0.0228053201,-0.0045678625,-0.0001238743,-0.0100913635,-0.0020979892,-0.0001628392,-0.0219265185,-0.0030721850,0.0046228091,0.0000000000,0.0000000000,0.0000000000,0.0000000000,0.0000000000,0.0329571068,3.3039999008,3.2991201878,nan,nan,nan,nan,nan,nan,nan,nan,nan,nan,nan,nan,nan,-0.0753543973,-0.0195575338,0.9978366494,0.0584609732,-0.4852101207,0.0428899266
-0.0100547895,0.1061745733,0.0909701437,-0.0194137648,0.0747374889,-0.0007258287,nan,nan,nan,nan,0.0000000000,0.0000000000,0.0000000000,0.0000000000,nan,nan,nan,nan,nan,nan,nan,nan,nan,nan,nan,nan,nan,-0.0228053201,-0.0045678625,-0.0001238743,-0.0100913635,-0.0020979892,-0.0001628392,-0.0219265185,-0.0030721850,0.0046228091,0.0000000000,0.0000000000,0.0000000000,0.0000000000,0.0000000000,0.0313050412,3.3039999008,3.2991201878,nan,nan,nan,nan,nan,nan,nan,nan,nan,nan,nan,nan,nan,-0.0757472366,-0.0185279138,0.9959273338,0.0427957177,-0.2481223941,0.1781062484
-0.0100547895,0.1061745733,0.0909701437,-0.0194137648,0.0747374889,-0.0007258287,nan,nan,nan,nan,0.0000000000,0.0000000000,0.0000000000,0.0000000000,nan,nan,nan,nan,nan,nan,nan,nan,nan,nan,nan,nan,nan,-0.0256432220,-0.0053522526,-0.0001748311,-0.0139903054,-0.0028834366,-0.0002007892,-0.0085560670,-0.0037447298,-0.0086316597,0.0000000000,0.0000000000,0.0000000000,0.0000000000,0.0000000000,0.0313050412,3.3039999008,3.2991201878,nan,nan,nan,nan,nan,nan,nan,nan,nan,nan,nan,nan,nan,-0.0757472366,-0.0185279138,0.9959273338,0.0427957177,-0.2481223941,0.1781062484
-0.0113397269,0.1059034914,0.0909503326,-0.0194137648,0.0747374889,-0.0007258287,nan,nan,nan,nan,0.0000000000,0.0000000000,0.0000000000,0.0000000000,nan,nan,nan,nan,nan,nan,nan,nan,nan,nan,nan,nan,nan,-0.0256432220,-0.0053522526,-0.0001748311,-0.0139903054,-0.0028834366,-0.0002007892,-0.0085560670,-0.0037447298,-0.0086316597,0.0000000000,0.0000000000,0.0000000000,0.0000000000,0.0000000000,0.0313050412,3.2990000248,3.2991201878,nan,nan,nan,nan,nan,nan,nan,nan,nan,nan,nan,nan,nan,-0.0757472366,-0.0185279138,0.9959273338,0.0427957177,-0.2481223941,0.1781062484
-0.0113397269,0.1059034914,0.0909503326,-0.0194137648,0.0747374889,-0.0007258287,nan,nan,nan,nan,0.0000000000,0.0000000000,0.0000000000,0.0000000000,nan,nan,nan,nan,nan,nan,nan,nan,nan,nan,nan,nan,nan,-0.0256432220,-0.0053522526,-0.0001748311,-0.0139903054,-0.0028834366,-0.0002007892,-0.0085560670,-0.0037447298,-0.0086316597,0.0000000000,0.0000000000,0.0000000000,0.0000000000,0.0000000000,0.0313050412,3.2990000248,3.2991201878,nan,nan,nan,nan,nan,nan,nan,nan,nan,nan,nan,nan,nan,-0.0769689158,-0.0165605713,0.9967347980,-0.0506328829,0.0868917331,-0.0726808384
-0.0113397269,0.1059034914,0.0909503326,-0.0194137648,0.0747374889,-0.0007258287,nan,nan,nan,nan,0.0000000000,0.0000000000,0.0000000000,0.0000000000,nan,nan,nan,nan,nan,nan,nan,nan,nan,nan,nan,nan,nan,-0.0303133670,-0.0064981165,-0.0006203830,-0.0174475443,-0.0037267513,-0.0003138608,-0.0085560670,-0.0037447298,-0.0086316597,0.0000000000,0.0000000000,0.0000000000,0.0000000000,0.0000000000,0.0313050412,3.2990000248,3.2991201878,nan,nan,nan,nan,nan,nan,nan,nan,nan,nan,nan,nan,nan,-0.0769689158,-0.0165605713,0.9967347980,-0.0506328829,0.0868917331,-0.0726808384
-0.0127937719,0.1055814028,0.0909129009,-0.0194137648,0.0747374889,-0.0007258287,nan,nan,nan,nan,0.0000000000,0.0000000000,0.0000000000,0.0000000000,nan,nan,nan,nan,nan,nan,nan,nan,nan,nan,nan,nan,nan,-0.0303133670,-0.0064981165,-0.0006203830,-0.0174475443,-0.0037267513,-0.0003138608,-0.0085560670,-0.0037447298,-0.0086316597,0.0000000000,0.0000000000,0.0000000000,0.0000000000,0.0000000000,0.0324990898,3.2990000248,3.2991201878,nan,nan,nan,nan,nan,nan,nan,nan,nan,nan,nan,nan,nan,-0.0743645802,-0.0177357439,0.9957811236,0.0016288258,0.1591197252,-0.0605782606
-0.0127937719,0.1055814028,0.0909129009,-0.0194137648,0.0747374889,-0.0007258287,nan,nan,nan,nan,0.0000000000,0.0000000000,0.0000000000,0.0000000000,nan,nan,nan,nan,nan,nan,nan,nan,nan,nan,nan,nan,nan,-0.0333473161,-0.0068404609,-0.0005649235,-0.0214207191,-0.0045339484,-0.0004408385,-0.0002373641,-0.0072251000,-0.0094274664,0.0000000000,0.0000000000,0.0000000000,0.0000000000,0.0000000000,0.0324990898,3.2990000248,3.2991201878,nan,nan,nan,nan,nan,nan,nan,nan,nan,nan,nan,nan,nan,-0.0743645802,-0.0177357439,0.9957811236,0.0016288258,0.1591197252,-0.0605782606
-0.0144404434,0.1052418053,0.0908757076,-0.0194137648,0.0747374889,-0.0007258287,nan,nan,nan,nan,0.0000000000,0.0000000000,0.0000000000,0.0000000000,nan,nan,nan,nan,nan,nan,nan,nan,nan,nan,nan,nan,nan,-0.0333473161,-0.0068404609,-0.0005649235,-0.0214207191,-0.0045339484,-0.0004408385,-0.0002373641,-0.0072251000,-0.0094274664,0.0000000000,0.0000000000,0.0000000000,0.0000000000,0.0000000000,0.0324990898,3.2990000248,3.2991201878,nan,nan,nan,nan,nan,nan,nan,nan,nan,nan,nan,nan,nan,-0.0743645802,-0.0177357439,0.9957811236,0.0016288258,0.1591197252,-0.0605782606
-0.0144404434,0.1052418053,0.0908757076,-0.0194137648,0.0747374889,-0.0007258287,nan,nan,nan,nan,0.0000000000,0.0000000000,0.0000000000,0.0000000000,nan,nan,nan,nan,nan,nan,nan,nan,nan,nan,nan,nan,nan,-0.0333473161,-0.0068404609,-0.0005649235,-0.0214207191,-0.0045339484,-0.0004408385,-0.0085146828,-0.0132537670,-0.0034808477,0.0000000000,0.0000000000,0.0000000000,0.0000000000,0.0000000000,0.0324990898,3.2990000248,3.2991201878,nan,nan,nan,nan,nan,nan,nan,nan,nan,nan,nan,nan,nan,-0.0750205219,-0.0207215454,0.9969529510,-0.1836835593,-0.2423806340,-0.0653029382
-0.0144404434,0.1052418053,0.0908757076,-0.0194137648,0.0747374889,-0.0007258287,nan,nan,nan,nan,0.0000000000,0.0000000000,0.0000000000,0.0000000000,nan,nan,nan,nan,nan,nan,nan,nan,nan,nan,nan,nan,nan,-0.0384193659,-0.0083683906,-0.0004651262,-0.0249421634,-0.0052733794,-0.0005112938,-0.0085146828,-0.0132537670,-0.0034808477,0.0000000000,0.0000000000,0.0000000000,0.0000000000,0.0000000000,0.0324990898,3.2990000248,3.2991201878,nan,nan,nan,nan,nan,nan,nan,nan,nan,nan,nan,nan,nan,-0.0750205219,-0.0207215454,0.9969529510,-0.1836835593,-0.2423806340,-0.0653029382
-0.0162978023,0.1048417464,0.0908375233,-0.0194137648,0.0747374889,-0.0007258287,nan,nan,nan,nan,0.0000000000,0.0000000000,0.0000000000,0.0000000000,nan,nan,nan,nan,nan,nan,nan,nan,nan,nan,nan,nan,nan,-0.0384193659,-0.0083683906,-0.0004651262,-0.0249421634,-0.0052733794,-0.0005112938,-0.0085146828,-0.0132537670,-0.0034808477,0.0000000000,0.0000000000,0.0000000000,0.0000000000,0.0000000000,0.0324811712,3.2990000248,3.2991201878,nan,nan,nan,nan,nan,nan,nan,nan,nan,nan,nan,nan,nan,-0.0728641003,-0.0189736523,0.9960367680,0.0943821520,0.0179908946,0.0118767163
-0.0162978023,0.1048417464,0.0908375233,-0.0194137648,0.0747374889,-0.0007258287,nan,nan,nan,nan,0.0000000000,0.0000000000,0.0000000000,0.0000000000,nan,nan,nan,nan,nan,nan,nan,nan,nan,nan,nan,nan,nan,-0.0416144580,-0.0095028477,-0.0010426835,-0.0291867759,-0.0062931599,-0.0006854197,0.0055047222,-0.0028567028,0.0010419738,0.0000000000,0.0000000000,0.0000000000,0.0000000000,0.0000000000,0.0324811712,3.2990000248,3.2991201878,nan,nan,nan,nan,nan,nan,nan,nan,nan,nan,nan,nan,nan,-0.0728641003,-0.0189736523,0.9960367680,0.0943821520,0.0179908946,0.0118767163
-0.0183582641,0.1043750048,0.0907687992,-0.0194137648,0.0747374889,-0.0007258287,nan,nan,nan,nan,0.0000000000,0.0000000000,0.0000000000,0.0000000000,nan,nan,nan,nan,nan,nan,nan,nan,nan,nan,nan,nan,nan,-0.0416144580,-0.0095028477,-0.0010426835,-0.0291867759,-0.0062931599,-0.0006854197,0.0055047222,-0.0028567028,0.0010419738,0.0000000000,0.0000000000,0.0000000000,0.0000000000,0.0000000000,0.0324811712,3.2990000248,3.2991201878,nan,nan,nan,nan,nan,nan,nan,nan,nan,nan,nan,nan,nan,-0.0728641003,-0.0189736523,0.9960367680,0.0943821520,0.0179908946,0.0118767163
-0.0183582641,0.1043750048,0.0907687992,-0.0194137648,0.0747374889,-0.0007258287,nan,nan,nan,nan,0.0000000000,0.0000000000,0.0000000000,0.0000000000,nan,nan,nan,nan,nan,nan,nan,nan,nan,nan,nan,nan,nan,-0.0416144580,-0.0095028477,-0.0010426835,-0.0291867759,-0.0062931599,-0.0006854197,-0.0131027987,0.0000493185,-0.0026324166,0.0000000000,0.0000000000,0.0000000000,0.0000000000,0.0000000000,0.0324811712,3.2990000248,3.2991201878,nan,nan,nan,nan,nan,nan,nan,nan,nan,nan,nan,nan,nan,-0.0769794807,-0.0174192023,0.9959702492,-0.0170478225,-0.0373210311,0.1823335290
-0.0183582641,0.1043750048,0.0907687992,-0.0194137648,0.0747374889,-0.0007258287,nan,nan,nan,nan,0.0000000000,0.0000000000,0.0000000000,0.0000000000,nan,nan,nan,nan,nan,nan,nan,nan,nan,nan,nan,nan,nan,-0.0112986946,-0.0032197556,-0.0010767198,0.0395645425,0.0081871683,0.0005221713,-0.0131027987,0.0000493185,-0.0026324166,0.0000000000,0.0000000000,0.0000000000,0.0000000000,0.0000000000,0.0324811712,3.2990000248,3.2991201878,nan,nan,nan,nan,nan,nan,nan,nan,nan,nan,nan,nan,nan,-0.0769794807,-0.0174192023,0.9959702492,-0.0170478225,-0.0373210311,0.1823335290
-0.0066353600,0.1068344638,0.0909629762,-0.0194137648,0.0747374889,-0.0007258287,nan,nan,nan,nan,0.0000000000,0.0000000000,0.0000000000,0.0000000000,nan,nan,nan,nan,nan,nan,nan,nan,nan,nan,nan,nan,nan,-0.0112986946,-0.0032197556,-0.0010767198,0.0395645425,0.0081871683,0.0005221713,-0.0131027987,0.0000493185,-0.0026324166,0.0000000000,0.0000000000,0.0000000000,0.0000000000,0.0000000000,0.0359188691,3.2990000248,3.2991201878,nan,nan,nan,nan,nan,nan,nan,nan,nan,nan,nan,nan,nan,-0.0753645152,-0.0199494865,0.9964315295,0.0122970548,-0.1097289622,0.0108383298
-0.0066353600,0.1068344638,0.0909629762,-0.0194137648,0.0747374889,-0.0007258287,nan,nan,nan,nan,0.0000000000,0.0000000000,0.0000000000,0.0000000000,nan,nan,nan,nan,nan,nan,nan,nan,nan,nan,nan,nan,nan,-0.0136363953,-0.0042923433,-0.0008191150,0.0259661991,0.0050812429,0.0001395147,0.0047426429,-0.0159727931,-0.0099964002,0.0000000000,0.0000000000,0.0000000000,0.0000000000,0.0000000000,0.0359188691,3.2990000248,3.2991201878,nan,nan,nan,nan,nan,nan,nan,nan,nan,nan,nan,nan,nan,-0.0753645152,-0.0199494865,0.9964315295,0.0122970548,-0.1097289622,0.0108383298
-0.0072984104,0.1066277698,0.0909179524,-0.0194137648,0.0747374889,-0.0007258287,nan,nan,nan,nan,0.0000000000,0.0000000000,0.0000000000,0.0000000000,nan,nan,nan,nan,nan,nan,nan,nan,nan,nan,nan,nan,nan,-0.0136363953,-0.0042923433,-0.0008191150,0.0259661991,0.0050812429,0.0001395147,0.0047426429,-0.0159727931,-0.0099964002,0.0000000000,0.0000000000,0.0000000000,0.0000000000,0.0000000000,0.0359188691,3.2990000248,3.2991201878,nan,nan,nan,nan,nan,nan,nan,nan,nan,nan,nan,nan,nan,-0.0753645152,-0.0199494865,0.9964315295,0.0122970548,-0.1097289622,0.0108383298
-0.0072984104,0.1066277698,0.0909179524,-0.0194137648,0.0747374889,-0.0007258287,nan,nan,nan,nan,0.0000000000,0.0000000000,0.0000000000,0.0000000000,nan,nan,nan,nan,nan,nan,nan,nan,nan,nan,nan,nan,nan,-0.0136363953,-0.0042923433,-0.0008191150,0.0259661991,0.0050812429,0.0001395147,0.0145709021,-0.0022785538,0.0057068826,0.0000000000,0.0000000000,0.0000000000,0.0000000000,0.0000000000,0.0359188691,3.2990000248,3.2991201878,nan,nan,nan,nan,nan,nan,nan,nan,nan,nan,nan,nan,nan,-0.0737734884,-0.0190803744,0.9967139959,-0.1824235469,-0.0426579900,0.1262101084
-0.0072984104,0.1066277698,0.0909179524,-0.0194137648,0.0747374889,-0.0007258287,nan,nan,nan,nan,0.0000000000,0.0000000000,0.0000000000,0.0000000000,nan,nan,nan,nan,nan,nan,nan,nan,nan,nan,nan,nan,nan,-0.0108160470,-0.0041580303,-0.0004384600,0.0211019292,0.0041731535,0.0003397088,0.0145709021,-0.0022785538,0.0057068826,0.0000000000,0.0000000000,0.0000000000,0.0000000000,0.0000000000,0.0359188691,3.2990000248,3.2991201878,nan,nan,nan,nan,nan,nan,nan,nan,nan,nan,nan,nan,nan,-0.0737734884,-0.0190803744,0.9967139959,-0.1824235469,-0.0426579900,0.1262101084
-0.0068185311,0.1067241058,0.0909696817,-0.0194137648,0.0747374889,-0.0007258287,nan,nan,nan,nan,0.0000000000,0.0000000000,0.0000000000,0.0000000000,nan,nan,nan,nan,nan,nan,nan,nan,nan,nan,nan,nan,nan,-0.0108160470,-0.0041580303,-0.0004384600,0.0211019292,0.0041731535,0.0003397088,0.0145709021,-0.0022785538,0.0057068826,0.0000000000,0.0000000000,0.0000000000,0.0000000000,0.0000000000,0.0375168882,3.2990000248,3.2991201878,nan,nan,nan,nan,nan,nan,nan,nan,nan,nan,nan,nan,nan,-0.0759517848,-0.0186067335,0.9975100160,-0.0994415954,0.1625439227,0.0488239489
-0.0068185311,0.1067241058,0.0909696817,-0.0194137648,0.0747374889,-0.0007258287,nan,nan,nan,nan,0.0000000000,0.0000000000,0.0000000000,0.0000000000,nan,nan,nan,nan,nan,nan,nan,nan,nan,nan,nan,nan,nan,-0.0132950339,-0.0048695561,-0.0006689458,0.0124177653,0.0018837200,0.0000669134,-0.0028021254,-0.0003655501,-0.0005280036,0.0000000000,0.0000000000,0.0000000000,0.0000000000,0.0000000000,0.0375168882,3.2990000248,3.2991201878,nan,nan,nan,nan,nan,nan,nan,nan,nan,nan,nan,nan,nan,-0.0759517848,-0.0186067335,0.9975100160,-0.0994415954,0.1625439227,0.0488239489
-0.0064069196,0.1068568006,0.0909933746,-0.0194137648,0.0747374889,-0.0007258287,nan,nan,nan,nan,0.0000000000,0.0000000000,0.0000000000,0.0000000000,nan,nan,nan,nan,nan,nan,nan,nan,nan,nan,nan,nan,nan,-0.0132950339,-0.0048695561,-0.0006689458,0.0124177653,0.0018837200,0.0000669134,-0.0028021254,-0.0003655501,-0.0005280036,0.0000000000,0.0000000000,0.0000000000,0.0000000000,0.0000000000,0.0375168882,3.2990000248,3.2991201878,nan,nan,nan,nan,nan,nan,nan,nan,nan,nan,nan,nan,nan,-0.0759517848,-0.0186067335,0.9975100160,-0.0994415954,0.1625439227,0.0488239489
-0.0064069196,0.1068568006,0.0909933746,-0.0194137648,0.0747374889,-0.0007258287,nan,nan,nan,nan,0.0000000000,0.0000000000,0.0000000000,0.0000000000,nan,nan,nan,nan,nan,nan,nan,nan,nan,nan,nan,nan,nan,-0.0132950339,-0.0048695561,-0.0006689458,0.0124177653,0.0018837200,0.0000669134,-0.0172072928,0.0010710701,-0.0264966581,0.0000000000,0.0000000000,0.0000000000,0.0000000000,0.0000000000,0.0375168882,3.2990000248,3.2991201878,nan,nan,nan,nan,nan,nan,nan,nan,nan,nan,nan,nan,nan,-0.0757917464,-0.0191402324,0.9957677126,0.3076185584,0.0620407686,0.0780522376
-0.0064069196,0.1068568006,0.0909933746,-0.0194137648,0.0747374889,-0.0007258287,nan,nan,nan,nan,0.0000000000,0.0000000000,0.0000000000,0.0000000000,nan,nan,nan,nan,nan,nan,nan,nan,nan,nan,nan,nan,nan,-0.0105813397,-0.0036956784,0.0001013887,0.0115023190,0.0021794266,0.0003181891,-0.0172072928,0.0010710701,-0.0264966581,0.0000000000,0.0000000000,0.0000000000,0.0000000000,0.0000000000,0.0375168882,3.2990000248,3.2991201878,nan,nan,nan,nan,nan,nan,nan,nan,nan,nan,nan,nan,nan,-0.0757917464,-0.0191402324,0.9957677126,0.3076185584,0.0620407686,0.0780522376
-0.0068876650,0.1066784188,0.0909990221,-0.0193100757,0.0747642994,0.0020473950,nan,nan,nan,nan,0.0000000000,0.0000000000,0.0000000000,0.0000000000,nan,nan,nan,nan,nan,nan,nan,nan,nan,nan,nan,nan,nan,-0.0105813397,-0.0036956784,0.0001013887,0.0115023190,0.0021794266,0.0003181891,-0.0172072928,0.0010710701,-0.0264966581,0.0000000000,0.0000000000,0.0000000000,0.0000000000,0.0000000000,0.0424497239,3.2990000248,3.2991201878,nan,nan,nan,nan,nan,nan,nan,nan,nan,nan,nan,nan,nan,-0.0728508383,-0.0167093184,0.9960342646,0.0936866999,0.2044076174,0.0349851213
-0.0068876650,0.1066784188,0.0909990221,-0.0193100757,0.0747642994,0.0020473950,nan,nan,nan,nan,0.0000000000,0.0000000000,0.0000000000,0.0000000000,nan,nan,nan,nan,nan,nan,nan,nan,nan,nan,nan,nan,nan,-0.0128396498,-0.0039036381,0.0000177562,0.0053806002,0.0006011393,0.0002449217,0.0083847037,-0.0006181358,-0.0032147993,0.0000000000,0.0000000000,0.0000000000,0.0000000000,0.0000000000,0.0424497239,3.2990000248,3.2991201878,nan,nan,nan,nan,nan,nan,nan,nan,nan,nan,nan,nan,nan,-0.0728508383,-0.0167093184,0.9960342646,0.0936866999,0.2044076174,0.0349851213
-0.0075189481,0.1064849645,0.0909971669,-0.0193100757,0.0747642994,0.0020473950,nan,nan,nan,nan,0.0000000000,0.0000000000,0.0000000000,0.0000000000,nan,nan,nan,nan,nan,nan,nan,nan,nan,nan,nan,nan,nan,-0.0128396498,-0.0039036381,0.0000177562,0.0053806002,0.0006011393,0.0002449217,0.0083847037,-0.0006181358,-0.0032147993,0.0000000000,0.0000000000,0.0000000000,0.0000000000,0.0000000000,0.0424497239,3.2990000248,3.2991201878,nan,nan,nan,nan,nan,nan,nan,nan,nan,nan,nan,nan,nan,-0.0728508383,-0.0167093184,0.9960342646,0.0936866999,0.2044076174,0.0349851213
-0.0075189481,0.1064849645,0.0909971669,-0.0193100757,0.0747642994,0.0020473950,nan,nan,nan,nan,0.0000000000,0.0000000000,0.0000000000,0.0000000000,nan,nan,nan,nan,nan,nan,nan,nan,nan,nan,nan,nan,nan,-0.0128396498,-0.0039036381,0.0000177562,0.0053806002,0.0006011393,0.0002449217,0.0191767775,0.0136335697,0.0027937999,0.0000000000,0.0000000000,0.0000000000,0.0000000000,0.0000000000,0.0424497239,3.2990000248,3.2991201878,nan,nan,nan,nan,nan,nan,nan,nan,nan,nan,nan,nan,nan,-0.0732604638,-0.0165042952,0.9985654354,0.1778090894,0.0796589479,0.1925957799
-0.0075189481,0.1064849645,0.0909971669,-0.0193100757,0.0747642994,0.0020473950,nan,nan,nan,nan,0.0000000000,0.0000000000,0.0000000000,0.0000000000,nan,nan,nan,nan,nan,nan,nan,nan,nan,nan,nan,nan,nan,-0.0086436253,-0.0018339242,0.0002983506,0.0085225282,0.0021267596,0.0002421835,0.0191767775,0.0136335697,0.0027937999,0.0000000000,0.0000000000,0.0000000000,0.0000000000,0.0000000000,0.0424497239,3.2990000248,3.2991201878,nan,nan,nan,nan,nan,nan,nan,nan,nan,nan,nan,nan,nan,-0.0732604638,-0.0165042952,0.9985654354,0.1778090894,0.0796589479,0.1925957799
-0.0066549391,0.1068109274,0.0910159424,-0.0193100757,0.0747642994,0.0020473950,nan,nan,nan,nan,0.0000000000,0.0000000000,0.0000000000,0.0000000000,nan,nan,nan,nan,nan,nan,nan,nan,nan,nan,nan,nan,nan,-0.0086436253,-0.0018339242,0.0002983506,0.0085225282,0.0021267596,0.0002421835,0.0191767775,0.0136335697,0.0027937999,0.0000000000,0.0000000000,0.0000000000,0.0000000000,0.0000000000,0.0447228029,3.2990000248,3.2991201878,nan,nan,nan,nan,nan,nan,nan,nan,nan,nan,nan,nan,nan,-0.0740344822,-0.0188026372,0.9960390925,-0.2477639169,0.1211692840,0.0691992417
-0.0066549391,0.1068109274,0.0910159424,-0.0193100757,0.0747642994,0.0020473950,nan,nan,nan,nan,0.0000000000,0.0000000000,0.0000000000,0.0000000000,nan,nan,nan,nan,nan,nan,nan,nan,nan,nan,nan,nan,nan,-0.0105855521,-0.0026736949,0.0000104212,0.0037709824,0.0009711952,0.0002106359,-0.0117958467,0.0038637312,0.0033527936,0.0000000000,0.0000000000,0.0000000000,0.0000000000,0.0000000000,0.0447228029,3.2990000248,3.2991201878,nan,nan,nan,nan,nan,nan,nan,nan,nan,nan,nan,nan,nan,-0.0740344822,-0.0188026372,0.9960390925,-0.2477639169,0.1211692840,0.0691992417
-0.0071708444,0.1066828892,0.0910166129,-0.0193100757,0.0747642994,0.0020473950,nan,nan,nan,nan,0.0000000000,0.0000000000,0.0000000000,0.0000000000,nan,nan,nan,nan,nan,nan,nan,nan,nan,nan,nan,nan,nan,-0.0105855521,-0.0026736949,0.0000104212,0.0037709824,0.0009711952,0.0002106359,-0.0117958467,0.0038637312,0.0033527936,0.0000000000,0.0000000000,0.0000000000,0.0000000000,0.0000000000,0.0447228029,3.2990000248,3.2991201878,nan,nan,nan,nan,nan,nan,nan,nan,nan,nan,nan,nan,nan,-0.0740344822,-0.0188026372,0.9960390925,-0.2477639169,0.1211692840,0.0691992417
-0.0071708444,0.1066828892,0.0910166129,-0.0193100757,0.0747642994,0.0020473950,nan,nan,nan,nan,0.0000000000,0.0000000000,0.0000000000,0.0000000000,nan,nan,nan,nan,nan,nan,nan,nan,nan,nan,nan,nan,nan,-0.0105855521,-0.0026736949,0.0000104212,0.0037709824,0.0009711952,0.0002106359,0.0134066287,0.0024926821,-0.0195706319,0.0000000000,0.0000000000,0.0000000000,0.0000000000,0.0000000000,0.0447228029,3.2990000248,3.2991201878,nan,nan,nan,nan,nan,nan,nan,nan,nan,nan,nan,nan,nan,-0.0733351707,-0.0182061754,0.9964576960,0.1198311746,-0.0670516267,-0.0576913841
-0.0071708444,0.1066828892,0.0910166129,-0.0193100757,0.0747642994,0.0020473950,nan,nan,nan,nan,0.0000000000,0.0000000000,0.0000000000,0.0000000000,nan,nan,nan,nan,nan,nan,nan,nan,nan,nan,nan,nan,nan,-0.0079759806,-0.0016980409,-0.0000611053,0.0057726083,0.0015851097,0.0001172289,0.0134066287,0.0024926821,-0.0195706319,0.0000000000,0.0000000000,0.0000000000,0.0000000000,0.0000000000,0.0447228029,3.2990000248,3.2991201878,nan,nan,nan,nan,nan,nan,nan,nan,nan,nan,nan,nan,nan,-0.0733351707,-0.0182061754,0.9964576960,0.1198311746,-0.0670516267,-0.0576913841
-0.0066088880,0.1068509445,0.0910085812,-0.0193100757,0.0747642994,0.0020473950,nan,nan,nan,nan,0.0000000000,0.0000000000,0.0000000000,0.0000000000,nan,nan,nan,nan,nan,nan,nan,nan,nan,nan,nan,nan,nan,-0.0079759806,-0.0016980409,-0.0000611053,0.0057726083,0.0015851097,0.0001172289,0.0134066287,0.0024926821,-0.0195706319,0.0000000000,0.0000000000,0.0000000000,0.0000000000,0.0000000000,0.0437582396,3.2990000248,3.2991201878,nan,nan,nan,nan,nan,nan,nan,nan,nan,nan,nan,nan,nan,-0.0732255951,-0.0171922483,0.9975051284,0.1180658117,0.0087922970,0.1594013125
-0.0066088880,0.1068509445,0.0910085812,-0.0193100757,0.0747642994,0.0020473950,nan,nan,nan,nan,0.0000000000,0.0000000000,0.0000000000,0.0000000000,nan,nan,nan,nan,nan,nan,nan,nan,nan,nan,nan,nan,nan,-0.0098454952,-0.0016382212,-0.0000459217,0.0019024907,0.0007296889,0.0000297596,0.0073141861,0.0079040676,0.0251804497,0.0000000000,0.0000000000,0.0000000000,0.0000000000,0.0000000000,0.0437582396,3.2990000248,3.2991201878,nan,nan,nan,nan,nan,nan,nan,nan,nan,nan,nan,nan,nan,-0.0732255951,-0.0171922483,0.9975051284,0.1180658117,0.0087922970,0.1594013125
-0.0070931041,0.1067658588,0.0909999609,-0.0193100757,0.0747642994,0.0020473950,nan,nan,nan,nan,0.0000000000,0.0000000000,0.0000000000,0.0000000000,nan,nan,nan,nan,nan,nan,nan,nan,nan,nan,nan,nan,nan,-0.0098454952,-0.0016382212,-0.0000459217,0.0019024907,0.0007296889,0.0000297596,0.0073141861,0.0079040676,0.0251804497,0.0000000000,0.0000000000,0.0000000000,0.0000000000,0.0000000000,0.0437582396,3.2990000248,3.2991201878,nan,nan,nan,nan,nan,nan,nan,nan,nan,nan,nan,nan,nan,-0.0732255951,-0.0171922483,0.9975051284,0.1180658117,0.0087922970,0.1594013125
-0.0070931041,0.1067658588,0.0909999609,-0.0193100757,0.0747642994,0.0020473950,nan,nan,nan,nan,0.0000000000,0.0000000000,0.0000000000,0.0000000000,nan,nan,nan,nan,nan,nan,nan,nan,nan,nan,nan,nan,nan,-0.0098454952,-0.0016382212,-0.0000459217,0.0019024907,0.0007296889,0.0000297596,0.0063581620,0.0206478126,0.0139280679,0.0000000000,0.0000000000,0.0000000000,0.0000000000,0.0000000000,0.0437582396,3.2990000248,3.2991201878,nan,nan,nan,nan,nan,nan,nan,nan,nan,nan,nan,nan,nan,-0.0741551891,-0.0167217385,0.9976857305,-0.0916454121,-0.0675682127,-0.1554857194
-0.0070931041,0.1067658588,0.0909999609,-0.0193100757,0.0747642994,0.0020473950,nan,nan,nan,nan,0.0000000000,0.0000000000,0.0000000000,0.0000000000,nan,nan,nan,nan,nan,nan,nan,nan,nan,nan,nan,nan,nan,-0.0079407366,-0.0013316179,0.0001706069,0.0043546772,0.0012171847,0.0000644004,0.0063581620,0.0206478126,0.0139280679,0.0000000000,0.0000000000,0.0000000000,0.0000000000,0.0000000000,0.0437582396,3.2990000248,3.2991201878,nan,nan,nan,nan,nan,nan,nan,nan,nan,nan,nan,nan,nan,-0.0741551891,-0.0167217385,0.9976857305,-0.0916454121,-0.0675682127,-0.1554857194
-0.0065917000,0.1068825498,0.0910104066,-0.0193100757,0.0747642994,0.0020473950,nan,nan,nan,nan,0.0000000000,0.0000000000,0.0000000000,0.0000000000,nan,nan,nan,nan,nan,nan,nan,nan,nan,nan,nan,nan,nan,-0.0079407366,-0.0013316179,0.0001706069,0.0043546772,0.0012171847,0.0000644004,0.0063581620,0.0206478126,0.0139280679,0.0000000000,0.0000000000,0.0000000000,0.0000000000,0.0000000000,0.0465839133,3.2990000248,3.2991201878,nan,nan,nan,nan,nan,nan,nan,nan,nan,nan,nan,nan,nan,-0.0759492517,-0.0175051969,0.9974339604,-0.1296680868,-0.5144283175,0.1203071401
-0.0065917000,0.1068825498,0.0910104066,-0.0193100757,0.0747642994,0.0020473950,nan,nan,nan,nan,0.0000000000,0.0000000000,0.0000000000,0.0000000000,nan,nan,nan,nan,nan,nan,nan,nan,nan,nan,nan,nan,nan,-0.0100053279,-0.0014621037,0.0001326378,0.0008629039,0.0005283956,0.0000708325,0.0035746903,0.0074680173,0.0023190058,0.0000000000,0.0000000000,0.0000000000,0.0000000000,0.0000000000,0.0465839133,3.2990000248,3.2991201878,nan,nan,nan,nan,nan,nan,nan,nan,nan,nan,nan,nan,nan,-0.0759492517,-0.0175051969,0.9974339604,-0.1296680868,-0.5144283175,0.1203071401
-0.0070788274,0.1068091616,0.0910130069,-0.0193100757,0.0747642994,0.0020473950,nan,nan,nan,nan,0.0000000000,0.0000000000,0.0000000000,0.0000000000,nan,nan,nan,nan,nan,nan,nan,nan,nan,nan,nan,nan,nan,-0.0100053279,-0.0014621037,0.0001326378,0.0008629039,0.0005283956,0.0000708325,0.0035746903,0.0074680173,0.0023190058,0.0000000000,0.0000000000,0.0000000000,0.0000000000,0.0000000000,0.0465839133,3.2990000248,3.2991201878,nan,nan,nan,nan,nan,nan,nan,nan,nan,nan,nan,nan,nan,-0.0759492517,-0.0175051969,0.9974339604,-0.1296680868,-0.5144283175,0.1203071401
-0.0070788274,0.1068091616,0.0910130069,-0.0193100757,0.0747642994,0.0020473950,nan,nan,nan,nan,0.0000000000,0.0000000000,0.0000000000,0.0000000000,nan,nan,nan,nan,nan,nan,nan,nan,nan,nan,nan,nan,nan,-0.0100053279,-0.0014621037,0.0001326378,0.0008629039,0.0005283956,0.0000708325,0.0192682408,-0.0111327283,0.0077007832,0.0000000000,0.0000000000,0.0000000000,0.0000000000,0.0000000000,0.0465839133,3.2990000248,3.2991201878,nan,nan,nan,nan,nan,nan,nan,nan,nan,nan,nan,nan,nan,-0.0753949881,-0.0181694981,0.9975439906,-0.0381141528,0.1712124646,0.0663142651
-0.0070788274,0.1068091616,0.0910130069,-0.0193100757,0.0747642994,0.0020473950,nan,nan,nan,nan,0.0000000000,0.0000000000,0.0000000000,0.0000000000,nan,nan,nan,nan,nan,nan,nan,nan,nan,nan,nan,nan,nan,-0.0136265634,-0.0027431969,0.0003391448,-0.0025147637,-0.0001255874,0.0000755519,0.0192682408,-0.0111327283,0.0077007832,0.0000000000,0.0000000000,0.0000000000,0.0000000000,0.0000000000,0.0465839133,3.2990000248,3.2991201878,nan,nan,nan,nan,nan,nan,nan,nan,nan,nan,nan,nan,nan,-0.0753949881,-0.0181694981,0.9975439906,-0.0381141528,0.1712124646,0.0663142651
-0.0077225664,0.1066927910,0.0910217315,-0.0193100757,0.0747642994,0.0020473950,nan,nan,nan,nan,0.0000000000,0.0000000000,0.0000000000,0.0000000000,nan,nan,nan,nan,nan,nan,nan,nan,nan,nan,nan,nan,nan,-0.0136265634,-0.0027431969,0.0003391448,-0.0025147637,-0.0001255874,0.0000755519,0.0192682408,-0.0111327283,0.0077007832,0.0000000000,0.0000000000,0.0000000000,0.0000000000,0.0000000000,0.0472279899,3.2990000248,3.2991201878,nan,nan,nan,nan,nan,nan,nan,nan,nan,nan,nan,nan,nan,-0.0735894442,-0.0183508042,0.9989179373,0.1309250593,-0.0545437671,-0.1339494139
-0.0077225664,0.1066927910,0.0910217315,-0.0193100757,0.0747642994,0.0020473950,nan,nan,nan,nan,0.0000000000,0.0000000000,0.0000000000,0.0000000000,nan,nan,nan,nan,nan,nan,nan,nan,nan,nan,nan,nan,nan,-0.0163413305,-0.0032639368,0.0007445890,-0.0056505054,-0.0009001091,0.0001638709,0.0122458395,0.0302988254,0.0120043345,0.0000000000,0.0000000000,0.0000000000,0.0000000000,0.0000000000,0.0472279899,3.2990000248,3.2991201878,nan,nan,nan,nan,nan,nan,nan,nan,nan,nan,nan,nan,nan,-0.0735894442,-0.0183508042,0.9989179373,0.1309250593,-0.0545437671,-0.1339494139
-0.0085005797,0.1065291092,0.0910495892,-0.0193100757,0.0747642994,0.0020473950,nan,nan,nan,nan,0.0000000000,0.0000000000,0.0000000000,0.0000000000,nan,nan,nan,nan,nan,nan,nan,nan,nan,nan,nan,nan,nan,-0.0163413305,-0.0032639368,0.0007445890,-0.0056505054,-0.0009001091,0.0001638709,0.0122458395,0.0302988254,0.0120043345,0.0000000000,0.0000000000,0.0000000000,0.0000000000,0.0000000000,0.0472279899,3.2990000248,3.2991201878,nan,nan,nan,nan,nan,nan,nan,nan,nan,nan,nan,nan,nan,-0.0735894442,-0.0183508042,0.9989179373,0.1309250593,-0.0545437671,-0.1339494139
-0.0085005797,0.1065291092,0.0910495892,-0.0193100757,0.0747642994,0.0020473950,nan,nan,nan,nan,0.0000000000,0.0000000000,0.0000000000,0.0000000000,nan,nan,nan,nan,nan,nan,nan,nan,nan,nan,nan,nan,nan,-0.0163413305,-0.0032639368,0.0007445890,-0.0056505054,-0.0009001091,0.0001638709,0.0013996284,0.0208727010,0.0040977290,0.0000000000,0.0000000000,0.0000000000,0.0000000000,0.0000000000,0.0472279899,3.2990000248,3.2991201878,nan,nan,nan,nan,nan,nan,nan,nan,nan,nan,nan,nan,nan,-0.0745888650,-0.0193210710,0.9960792065,-0.1086584404,-0.2313498408,0.1392245144
-0.0085005797,0.1065291092,0.0910495892,-0.0193100757,0.0747642994,0.0020473950,nan,nan,nan,nan,0.0000000000,0.0000000000,0.0000000000,0.0000000000,nan,nan,nan,nan,nan,nan,nan,nan,nan,nan,nan,nan,nan,-0.0193858724,-0.0038059347,0.0006279387,-0.0088012749,-0.0016068451,0.0002739787,0.0013996284,0.0208727010,0.0040977290,0.0000000000,0.0000000000,0.0000000000,0.0000000000,0.0000000000,0.0472279899,3.2990000248,3.2991201878,nan,nan,nan,nan,nan,nan,nan,nan,nan,nan,nan,nan,nan,-0.0745888650,-0.0193210710,0.9960792065,-0.1086584404,-0.2313498408,0.1392245144
-0.0094225490,0.1063424572,0.0910751894,-0.0193100757,0.0747642994,0.0020473950,nan,nan,nan,nan,0.0000000000,0.0000000000,0.0000000000,0.0000000000,nan,nan,nan,nan,nan,nan,nan,nan,nan,nan,nan,nan,nan,-0.0193858724,-0.0038059347,0.0006279387,-0.0088012749,-0.0016068451,0.0002739787,0.0013996284,0.0208727010,0.0040977290,0.0000000000,0.0000000000,0.0000000000,0.0000000000,0.0000000000,0.0467548035,3.2990000248,3.2991201878,nan,nan,nan,nan,nan,nan,nan,nan,nan,nan,nan,nan,nan,-0.0738539845,-0.0197886825,0.9957705736,-0.1280127764,-0.2113991082,-0.2478669435
-0.0094225490,0.1063424572,0.0910751894,-0.0193100757,0.0747642994,0.0020473950,nan,nan,nan,nan,0.0000000000,0.0000000000,0.0000000000,0.0000000000,nan,nan,nan,nan,nan,nan,nan,nan,nan,nan,nan,nan,nan,-0.0219347794,-0.0045637162,0.0003214768,-0.0119913248,-0.0022956226,0.0002973865,-0.0017130834,-0.0013113408,-0.0038462987,0.0000000000,0.0000000000,0.0000000000,0.0000000000,0.0000000000,0.0467548035,3.2990000248,3.2991201878,nan,nan,nan,nan,nan,nan,nan,nan,nan,nan,nan,nan,nan,-0.0738539845,-0.0197886825,0.9957705736,-0.1280127764,-0.2113991082,-0.2478669435
-0.0105439527,0.1061116308,0.0910846964,-0.0193100757,0.0747642994,0.0020473950,nan,nan,nan,nan,0.0000000000,0.0000000000,0.0000000000,0.0000000000,nan,nan,nan,nan,nan,nan,nan,nan,nan,nan,nan,nan,nan,-0.0219347794,-0.0045637162,0.0003214768,-0.0119913248,-0.0022956226,0.0002973865,-0.0017130834,-0.0013113408,-0.0038462987,0.0000000000,0.0000000000,0.0000000000,0.0000000000,0.0000000000,0.0467548035,3.2990000248,3.2991201878,nan,nan,nan,nan,nan,nan,nan,nan,nan,nan,nan,nan,nan,-0.0738539845,-0.0197886825,0.9957705736,-0.1280127764,-0.2113991082,-0.2478669435
-0.0105439527,0.1061116308,0.0910846964,-0.0193100757,0.0747642994,0.0020473950,nan,nan,nan,nan,0.0000000000,0.0000000000,0.0000000000,0.0000000000,nan,nan,nan,nan,nan,nan,nan,nan,nan,nan,nan,nan,nan,-0.0219347794,-0.0045637162,0.0003214768,-0.0119913248,-0.0022956226,0.0002973865,-0.0009852415,-0.0008114272,0.0062799100,0.0000000000,0.0000000000,0.0000000000,0.0000000000,0.0000000000,0.0467548035,3.2990000248,3.2991201878,nan,nan,nan,nan,nan,nan,nan,nan,nan,nan,nan,nan,nan,-0.0743751749,-0.0198672190,0.9956155419,-0.0986414924,0.0316269957,0.0964719579
-0.0105439527,0.1061116308,0.0910846964,-0.0193100757,0.0747642994,0.0020473950,nan,nan,nan,nan,0.0000000000,0.0000000000,0.0000000000,0.0000000000,nan,nan,nan,nan,nan,nan,nan,nan,nan,nan,nan,nan,nan,-0.0253900252,-0.0054380321,-0.0003708754,-0.0153239733,-0.0030594182,0.0001391614,-0.0009852415,-0.0008114272,0.0062799100,0.0000000000,0.0000000000,0.0000000000,0.0000000000,0.0000000000,0.0467548035,3.2990000248,3.2991201878,nan,nan,nan,nan,nan,nan,nan,nan,nan,nan,nan,nan,nan,-0.0743751749,-0.0198672190,0.9956155419,-0.0986414924,0.0316269957,0.0964719579
-0.0117948055,0.1058445945,0.0910602286,-0.0193100757,0.0747642994,0.0020473950,nan,nan,nan,nan,0.0000000000,0.0000000000,0.0000000000,0.0000000000,nan,nan,nan,nan,nan,nan,nan,nan,nan,nan,nan,nan,nan,-0.0253900252,-0.0054380321,-0.0003708754,-0.0153239733,-0.0030594182,0.0001391614,-0.0009852415,-0.0008114272,0.0062799100,0.0000000000,0.0000000000,0.0000000000,0.0000000000,0.0000000000,0.0492673926,3.2990000248,3.2991201878,nan,nan,nan,nan,nan,nan,nan,nan,nan,nan,nan,nan,nan,-0.0731816664,-0.0188912973,0.9968100786,-0.0174050685,-0.0186982621,0.0268752296
-0.0117948055,0.1058445945,0.0910602286,-0.0193100757,0.0747642994,0.0020473950,nan,nan,nan,nan,0.0000000000,0.0000000000,0.0000000000,0.0000000000,nan,nan,nan,nan,nan,nan,nan,nan,nan,nan,nan,nan,nan,-0.0288904626,-0.0064536715,-0.0002169717,-0.0183493309,-0.0038092129,-0.0000355891,-0.0010871134,-0.0048586116,0.0045163897,0.0000000000,0.0000000000,0.0000000000,0.0000000000,0.0000000000,0.0492673926,3.2990000248,3.2991201878,nan,nan,nan,nan,nan,nan,nan,nan,nan,nan,nan,nan,nan,-0.0731816664,-0.0188912973,0.9968100786,-0.0174050685,-0.0186982621,0.0268752296
-0.0132213617,0.1055312976,0.0910378546,-0.0193100757,0.0747642994,0.0020473950,nan,nan,nan,nan,0.0000000000,0.0000000000,0.0000000000,0.0000000000,nan,nan,nan,nan,nan,nan,nan,nan,nan,nan,nan,nan,nan,-0.0288904626,-0.0064536715,-0.0002169717,-0.0183493309,-0.0038092129,-0.0000355891,-0.0010871134,-0.0048586116,0.0045163897,0.0000000000,0.0000000000,0.0000000000,0.0000000000,0.0000000000,0.0492673926,3.2990000248,3.2991201878,nan,nan,nan,nan,nan,nan,nan,nan,nan,nan,nan,nan,nan,-0.0731816664,-0.0188912973,0.9968100786,-0.0174050685,-0.0186982621,0.0268752296
-0.0132213617,0.1055312976,0.0910378546,-0.0193100757,0.0747642994,0.0020473950,nan,nan,nan,nan,0.0000000000,0.0000000000,0.0000000000,0.0000000000,nan,nan,nan,nan,nan,nan,nan,nan,nan,nan,nan,nan,nan,-0.0288904626,-0.0064536715,-0.0002169717,-0.0183493309,-0.0038092129,-0.0000355891,-0.0162450019,-0.0168654006,0.0035328879,0.0000000000,0.0000000000,0.0000000000,0.0000000000,0.0000000000,0.0492673926,3.2990000248,3.2991201878,nan,nan,nan,nan,nan,nan,nan,nan,nan,nan,nan,nan,nan,-0.0749420151,-0.0181338917,0.9956626296,0.2129965276,-0.0613690428,-0.0192908291
-0.0132213617,0.1055312976,0.0910378546,-0.0193100757,0.0747642994,0.0020473950,nan,nan,nan,nan,0.0000000000,0.0000000000,0.0000000000,0.0000000000,nan,nan,nan,nan,nan,nan,nan,nan,nan,nan,nan,nan,nan,-0.0328244902,-0.0068512550,-0.0001906472,-0.0219754484,-0.0045847655,-0.0001322018,-0.0162450019,-0.0168654006,0.0035328879,0.0000000000,0.0000000000,0.0000000000,0.0000000000,0.0000000000,0.0492673926,3.2990000248,3.2991201878,nan,nan,nan,nan,nan,nan,nan,nan,nan,nan,nan,nan,nan,-0.0749420151,-0.0181338917,0.9956626296,0.2129965276,-0.0613690428,-0.0192908291
-0.0148406960,0.1051931158,0.0910169184,-0.0193100757,0.0747642994,0.0020473950,nan,nan,nan,nan,0.0000000000,0.0000000000,0.0000000000,0.0000000000,nan,nan,nan,nan,nan,nan,nan,nan,nan,nan,nan,nan,nan,-0.0328244902,-0.0068512550,-0.0001906472,-0.0219754484,-0.0045847655,-0.0001322018,-0.0162450019,-0.0168654006,0.0035328879,0.0000000000,0.0000000000,0.0000000000,0.0000000000,0.0000000000,0.0502862334,3.2990000248,3.2991201878,nan,nan,nan,nan,nan,nan,nan,nan,nan,nan,nan,nan,nan,-0.0756631196,-0.0181604940,0.9965240955,-0.0399295390,-0.1089460924,0.1175424829
-0.0148406960,0.1051931158,0.0910169184,-0.0193100757,0.0747642994,0.0020473950,nan,nan,nan,nan,0.0000000000,0.0000000000,0.0000000000,0.0000000000,nan,nan,nan,nan,nan,nan,nan,nan,nan,nan,nan,nan,nan,-0.0372523293,-0.0083073815,-0.0005117507,-0.0252858493,-0.0053638439,-0.0002577628,-0.0114055257,-0.0001076355,-0.0191765297,0.0000000000,0.0000000000,0.0000000000,0.0000000000,0.0000000000,0.0502862334,3.2990000248,3.2991201878,nan,nan,nan,nan,nan,nan,nan,nan,nan,nan,nan,nan,nan,-0.0756631196,-0.0181604940,0.9965240955,-0.0399295390,-0.1089460924,0.1175424829
-0.0166801605,0.1047815979,0.0909802690,-0.0193100757,0.0747642994,0.0020473950,nan,nan,nan,nan,0.0000000000,0.0000000000,0.0000000000,0.0000000000,nan,nan,nan,nan,nan,nan,nan,nan,nan,nan,nan,nan,nan,-0.0372523293,-0.0083073815,-0.0005117507,-0.0252858493,-0.0053638439,-0.0002577628,-0.0114055257,-0.0001076355,-0.0191765297,0.0000000000,0.0000000000,0.0000000000,0.0000000000,0.0000000000,0.0502862334,3.2990000248,3.2991201878,nan,nan,nan,nan,nan,nan,nan,nan,nan,nan,nan,nan,nan,-0.0756631196,-0.0181604940,0.9965240955,-0.0399295390,-0.1089460924,0.1175424829
-0.0166801605,0.1047815979,0.0909802690,-0.0193100757,0.0747642994,0.0020473950,nan,nan,nan,nan,0.0000000000,0.0000000000,0.0000000000,0.0000000000,nan,nan,nan,nan,nan,nan,nan,nan,nan,nan,nan,nan,nan,-0.0372523293,-0.0083073815,-0.0005117507,-0.0252858493,-0.0053638439,-0.0002577628,0.0009068534,0.0222793855,-0.0008408296,0.0000000000,0.0000000000,0.0000000000,0.0000000000,0.0000000000,0.0502862334,3.2990000248,3.2991201878,nan,nan,nan,nan,nan,nan,nan,nan,nan,nan,nan,nan,nan,-0.0749719217,-0.0163376220,0.9962165356,0.1571748406,-0.1472399682,0.1833597571
-0.0166801605,0.1047815979,0.0909802690,-0.0193100757,0.0747642994,0.0020473950,nan,nan,nan,nan,0.0000000000,0.0000000000,0.0000000000,0.0000000000,nan,nan,nan,nan,nan,nan,nan,nan,nan,nan,nan,nan,nan,-0.0096554868,-0.0026079859,-0.0003402067,0.0429080166,0.0087630125,-0.0000918514,0.0009068534,0.0222793855,-0.0008408296,0.0000000000,0.0000000000,0.0000000000,0.0000000000,0.0000000000,0.0502862334,3.2990000248,3.2991201878,nan,nan,nan,nan,nan,nan,nan,nan,nan,nan,nan,nan,nan,-0.0749719217,-0.0163376220,0.9962165356,0.1571748406,-0.1472399682,0.1833597571
-0.0063911723,0.1069094911,0.0909988508,-0.0193100757,0.0747642994,0.0020473950,nan,nan,nan,nan,0.0000000000,0.0000000000,0.0000000000,0.0000000000,nan,nan,nan,nan,nan,nan,nan,nan,nan,nan,nan,nan,nan,-0.0096554868,-0.0026079859,-0.0003402067,0.0429080166,0.0087630125,-0.0000918514,0.0009068534,0.0222793855,-0.0008408296,0.0000000000,0.0000000000,0.0000000000,0.0000000000,0.0000000000,0.0537642837,3.2990000248,3.2991201878,nan,nan,nan,nan,nan,nan,nan,nan,nan,nan,nan,nan,nan,-0.0751336068,-0.0183022432,0.9967666864,0.0563581884,-0.4340549111,-0.0090039521
-0.0063911723,0.1069094911,0.0909988508,-0.0193100757,0.0747642994,0.0020473950,nan,nan,nan,nan,0.0000000000,0.0000000000,0.0000000000,0.0000000000,nan,nan,nan,nan,nan,nan,nan,nan,nan,nan,nan,nan,nan,-0.0125439819,-0.0030272338,-0.0004382600,0.0279805306,0.0056064422,-0.0001870719,-0.0089675561,-0.0132421823,-0.0089298682,0.0000000000,0.0000000000,0.0000000000,0.0000000000,0.0000000000,0.0537642837,3.2990000248,3.2991201878,nan,nan,nan,nan,nan,nan,nan,nan,nan,nan,nan,nan,nan,-0.0751336068,-0.0183022432,0.9967666864,0.0563581884,-0.4340549111,-0.0090039521
-0.0069989348,0.1067641824,0.0909755528,-0.0193100757,0.0747642994,0.0020473950,nan,nan,nan,nan,0.0000000000,0.0000000000,0.0000000000,0.0000000000,nan,nan,nan,nan,nan,nan,nan,nan,nan,nan,nan,nan,nan,-0.0125439819,-0.0030272338,-0.0004382600,0.0279805306,0.0056064422,-0.0001870719,-0.0089675561,-0.0132421823,-0.0089298682,0.0000000000,0.0000000000,0.0000000000,0.0000000000,0.0000000000,0.0537642837,3.2990000248,3.2991201878,nan,nan,nan,nan,nan,nan,nan,nan,nan,nan,nan,nan,nan,-0.0751336068,-0.0183022432,0.9967666864,0.0563581884,-0.4340549111,-0.0090039521
-0.0069989348,0.1067641824,0.0909755528,-0.0193100757,0.0747642994,0.0020473950,nan,nan,nan,nan,0.0000000000,0.0000000000,0.0000000000,0.0000000000,nan,nan,nan,nan,nan,nan,nan,nan,nan,nan,nan,nan,nan,-0.0125439819,-0.0030272338,-0.0004382600,0.0279805306,0.0056064422,-0.0001870719,0.0211319868,0.0149300219,-0.0262744650,0.0000000000,0.0000000000,0.0000000000,0.0000000000,0.0000000000,0.0537642837,3.2990000248,3.2991201878,nan,nan,nan,nan,nan,nan,nan,nan,nan,nan,nan,nan,nan,-0.0721265376,-0.0177154206,0.9957765937,0.1878099144,-0.1754048616,-0.0242907666
-0.0069989348,0.1067641824,0.0909755528,-0.0193100757,0.0747642994,0.0020473950,nan,nan,nan,nan,0.0000000000,0.0000000000,0.0000000000,0.0000000000,nan,nan,nan,nan,nan,nan,nan,nan,nan,nan,nan,nan,nan,-0.0148594817,-0.0039469819,-0.0004937120,0.0169326309,0.0031715776,-0.0002519787,0.0211319868,0.0149300219,-0.0262744650,0.0000000000,0.0000000000,0.0000000000,0.0000000000,0.0000000000,0.0537642837,3.2990000248,3.2991201878,nan,nan,nan,nan,nan,nan,nan,nan,nan,nan,nan,nan,nan,-0.0721265376,-0.0177154206,0.9957765937,0.1878099144,-0.1754048616,-0.0242907666
-0.0077358652,0.1065692529,0.0909507200,-0.0193100757,0.0747642994,0.0020473950,nan,nan,nan,nan,0.0000000000,0.0000000000,0.0000000000,0.0000000000,nan,nan,nan,nan,nan,nan,nan,nan,nan,nan,nan,nan,nan,-0.0148594817,-0.0039469819,-0.0004937120,0.0169326309,0.0031715776,-0.0002519787,0.0211319868,0.0149300219,-0.0262744650,0.0000000000,0.0000000000,0.0000000000,0.0000000000,0.0000000000,0.0554080345,3.2990000248,3.2991201878,nan,nan,nan,nan,nan,nan,nan,nan,nan,nan,nan,nan,nan,-0.0748657212,-0.0194417108,0.9960994720,-0.1423054188,-0.0547582358,0.1803213060
-0.0077358652,0.1065692529,0.0909507200,-0.0193100757,0.0747642994,0.0020473950,nan,nan,nan,nan,0.0000000000,0.0000000000,0.0000000000,0.0000000000,nan,nan,nan,nan,nan,nan,nan,nan,nan,nan,nan,nan,nan,-0.0180008225,-0.0050077629,-0.0008072784,0.0077661606,0.0011034858,-0.0004038609,0.0174964014,-0.0101754898,0.0057244245,0.0000000000,0.0000000000,0.0000000000,0.0000000000,0.0000000000,0.0554080345,3.2990000248,3.2991201878,nan,nan,nan,nan,nan,nan,nan,nan,nan,nan,nan,nan,nan,-0.0748657212,-0.0194417108,0.9960994720,-0.1423054188,-0.0547582358,0.1803213060
-0.0086204568,0.1063271239,0.0909081995,-0.0193100757,0.0747642994,0.0020473950,nan,nan,nan,nan,0.0000000000,0.0000000000,0.0000000000,0.0000000000,nan,nan,nan,nan,nan,nan,nan,nan,nan,nan,nan,nan,nan,-0.0180008225,-0.0050077629,-0.0008072784,0.0077661606,0.0011034858,-0.0004038609,0.0174964014,-0.0101754898,0.0057244245,0.0000000000,0.0000000000,0.0000000000,0.0000000000,0.0000000000,0.0554080345,3.2990000248,3.2991201878,nan,nan,nan,nan,nan,nan,nan,nan,nan,nan,nan,nan,nan,-0.0748657212,-0.0194417108,0.9960994720,-0.1423054188,-0.0547582358,0.1803213060
-0.0086204568,0.1063271239,0.0909081995,-0.0193100757,0.0747642994,0.0020473950,nan,nan,nan,nan,0.0000000000,0.0000000000,0.0000000000,0.0000000000,nan,nan,nan,nan,nan,nan,nan,nan,nan,nan,nan,nan,nan,-0.0180008225,-0.0050077629,-0.0008072784,0.0077661606,0.0011034858,-0.0004038609,0.0049321316,-0.0031532403,0.0140578765,0.0000000000,0.0000000000,0.0000000000,0.0000000000,0.0000000000,0.0554080345,3.2990000248,3.2991201878,nan,nan,nan,nan,nan,nan,nan,nan,nan,nan,nan,nan,nan,-0.0715500340,-0.0195971578,0.9966597557,0.0754399225,-0.4488460124,0.0017985393
-0.0086204568,0.1063271239,0.0909081995,-0.0193100757,0.0747642994,0.0020473950,nan,nan,nan,nan,0.0000000000,0.0000000000,0.0000000000,0.0000000000,nan,nan,nan,nan,nan,nan,nan,nan,nan,nan,nan,nan,nan,-0.0205980986,-0.0062490790,-0.0003566111,0.0004763350,-0.0007170819,-0.0004749396,0.0049321316,-0.0031532403,0.0140578765,0.0000000000,0.0000000000,0.0000000000,0.0000000000,0.0000000000,0.0554080345,3.2990000248,3.2991201878,nan,nan,nan,nan,nan,nan,nan,nan,nan,nan,nan,nan,nan,-0.0715500340,-0.0195971578,0.9966597557,0.0754399225,-0.4488460124,0.0017985393
-0.0061848522,0.1069372371,0.0910048187,-0.0193100757,0.0747642994,0.0020473950,nan,nan,nan,nan,0.0000000000,0.0000000000,0.0000000000,0.0000000000,nan,nan,nan,nan,nan,nan,nan,nan,nan,nan,nan,nan,nan,-0.0205980986,-0.0062490790,-0.0003566111,0.0004763350,-0.0007170819,-0.0004749396,0.0049321316,-0.0031532403,0.0140578765,0.0000000000,0.0000000000,0.0000000000,0.0000000000,0.0000000000,0.0565470047,3.2990000248,3.2991201878,nan,nan,nan,nan,nan,nan,nan,nan,nan,nan,nan,nan,nan,-0.0746449605,-0.0189715680,0.9976093173,-0.0016385018,0.0373899303,-0.1121768951
-0.0061848522,0.1069372371,0.0910048187,-0.0193100757,0.0747642994,0.0020473950,nan,nan,nan,nan,0.0000000000,0.0000000000,0.0000000000,0.0000000000,nan,nan,nan,nan,nan,nan,nan,nan,nan,nan,nan,nan,nan,-0.0082430886,-0.0028601976,0.0003058509,0.0132976845,0.0027088311,0.0002142542,0.0216881093,0.0145799806,0.0180526935,0.0000000000,0.0000000000,0.0000000000,0.0000000000,0.0000000000,0.0565470047,3.2990000248,3.2991201878,nan,nan,nan,nan,nan,nan,nan,nan,nan,nan,nan,nan,nan,-0.0746449605,-0.0189715680,0.9976093173,-0.0016385018,0.0373899303,-0.1121768951
-0.0065861968,0.1067951024,0.0910149962,-0.0193100757,0.0747642994,0.0020473950,nan,nan,nan,nan,0.0000000000,0.0000000000,0.0000000000,0.0000000000,nan,nan,nan,nan,nan,nan,nan,nan,nan,nan,nan,nan,nan,-0.0082430886,-0.0028601976,0.0003058509,0.0132976845,0.0027088311,0.0002142542,0.0216881093,0.0145799806,0.0180526935,0.0000000000,0.0000000000,0.0000000000,0.0000000000,0.0000000000,0.0565470047,3.2990000248,3.2991201878,nan,nan,nan,nan,nan,nan,nan,nan,nan,nan,nan,nan,nan,-0.0746449605,-0.0189715680,0.9976093173,-0.0016385018,0.0373899303,-0.1121768951
-0.0065861968,0.1067951024,0.0910149962,-0.0193100757,0.0747642994,0.0020473950,nan,nan,nan,nan,0.0000000000,0.0000000000,0.0000000000,0.0000000000,nan,nan,nan,nan,nan,nan,nan,nan,nan,nan,nan,nan,nan,-0.0082430886,-0.0028601976,0.0003058509,0.0132976845,0.0027088311,0.0002142542,0.0148505988,0.0105089108,-0.0014489401,0.0000000000,0.0000000000,0.0000000000,0.0000000000,0.0000000000,0.0565470047,3.2990000248,3.2991201878,nan,nan,nan,nan,nan,nan,nan,nan,nan,nan,nan,nan,nan,-0.0738630593,-0.0162700079,0.9971370101,-0.2590420246,-0.0577689372,0.2185149491
-0.0065861968,0.1067951024,0.0910149962,-0.0193100757,0.0747642994,0.0020473950,nan,nan,nan,nan,0.0000000000,0.0000000000,0.0000000000,0.0000000000,nan,nan,nan,nan,nan,nan,nan,nan,nan,nan,nan,nan,nan,-0.0103505263,-0.0032687513,0.0006294875,0.0072922651,0.0011427052,0.0002905907,0.0148505988,0.0105089108,-0.0014489401,0.0000000000,0.0000000000,0.0000000000,0.0000000000,0.0000000000,0.0565470047,3.2990000248,3.2991201878,nan,nan,nan,nan,nan,nan,nan,nan,nan,nan,nan,nan,nan,-0.0738630593,-0.0162700079,0.9971370101,-0.2590420246,-0.0577689372,0.2185149491
-0.0070946380,0.1066268608,0.0910425186,-0.0193100757,0.0747642994,0.0020473950,nan,nan,nan,nan,0.0000000000,0.0000000000,0.0000000000,0.0000000000,nan,nan,nan,nan,nan,nan,nan,nan,nan,nan,nan,nan,nan,-0.0103505263,-0.0032687513,0.0006294875,0.0072922651,0.0011427052,0.0002905907,0.0148505988,0.0105089108,-0.0014489401,0.0000000000,0.0000000000,0.0000000000,0.0000000000,0.0000000000,0.0596622601,3.2990000248,3.2991201878,nan,nan,nan,nan,nan,nan,nan,nan,nan,nan,nan,nan,nan,-0.0744141787,-0.0186338108,0.9975016117,-0.0486248285,0.0735966712,0.0186246354
-0.0070946380,0.1066268608,0.0910425186,-0.0193100757,0.0747642994,0.0020473950,nan,nan,nan,nan,0.0000000000,0.0000000000,0.0000000000,0.0000000000,nan,nan,nan,nan,nan,nan,nan,nan,nan,nan,nan,nan,nan,-0.0132223507,-0.0044952882,0.0006425786,0.0020484242,-0.0002665354,0.0003544840,0.0052713612,0.0042621205,0.0006046021,0.0000000000,0.0000000000,0.0000000000,0.0000000000,0.0000000000,0.0596622601,3.2990000248,3.2938416004,nan,nan,nan,nan,nan,nan,nan,nan,nan,nan,nan,nan,nan,-0.0744141787,-0.0186338108,0.9975016117,-0.0486248285,0.0735966712,0.0186246354
-0.0077423039,0.1064060181,0.0910698846,-0.0193100757,0.0747642994,0.0020473950,nan,nan,nan,nan,0.0000000000,0.0000000000,0.0000000000,0.0000000000,nan,nan,nan,nan,nan,nan,nan,nan,nan,nan,nan,nan,nan,-0.0132223507,-0.0044952882,0.0006425786,0.0020484242,-0.0002665354,0.0003544840,0.0052713612,0.0042621205,0.0006046021,0.0000000000,0.0000000000,0.0000000000,0.0000000000,0.0000000000,0.0596622601,3.2990000248,3.2938416004,nan,nan,nan,nan,nan,nan,nan,nan,nan,nan,nan,nan,nan,-0.0744141787,-0.0186338108,0.9975016117,-0.0486248285,0.0735966712,0.0186246354
-0.0077423039,0.1064060181,0.0910698846,-0.0193100757,0.0747642994,0.0020473950,nan,nan,nan,nan,0.0000000000,0.0000000000,0.0000000000,0.0000000000,nan,nan,nan,nan,nan,nan,nan,nan,nan,nan,nan,nan,nan,-0.0132223507,-0.0044952882,0.0006425786,0.0020484242,-0.0002665354,0.0003544840,0.0055007199,-0.0000166095,0.0050332835,0.0000000000,0.0000000000,0.0000000000,0.0000000000,0.0000000000,0.0596622601,3.2990000248,3.2938416004,nan,nan,nan,nan,nan,nan,nan,nan,nan,nan,nan,nan,nan,-0.0735555217,-0.0158600248,0.9974225163,-0.2205651850,-0.4764279127,0.1023917347
-0.0077423039,0.1064060181,0.0910698846,-0.0193100757,0.0747642994,0.0020473950,nan,nan,nan,nan,0.0000000000,0.0000000000,0.0000000000,0.0000000000,nan,nan,nan,nan,nan,nan,nan,nan,nan,nan,nan,nan,nan,-0.0163392592,-0.0047965716,0.0005677190,-0.0025485721,-0.0014725410,0.0003952440,0.0055007199,-0.0000166095,0.0050332835,0.0000000000,0.0000000000,0.0000000000,0.0000000000,0.0000000000,0.0596622601,3.2990000248,3.2938416004,nan,nan,nan,nan,nan,nan,nan,nan,nan,nan,nan,nan,nan,-0.0735555217,-0.0158600248,0.9974225163,-0.2205651850,-0.4764279127,0.1023917347
-0.0060859476,0.1069769114,0.0910043567,-0.0193100757,0.0747642994,0.0020473950,nan,nan,nan,nan,0.0000000000,0.0000000000,0.0000000000,0.0000000000,nan,nan,nan,nan,nan,nan,nan,nan,nan,nan,nan,nan,nan,-0.0163392592,-0.0047965716,0.0005677190,-0.0025485721,-0.0014725410,0.0003952440,0.0055007199,-0.0000166095,0.0050332835,0.0000000000,0.0000000000,0.0000000000,0.0000000000,0.0000000000,0.0650655627,3.2990000248,3.2938416004,nan,nan,nan,nan,nan,nan,nan,nan,nan,nan,nan,nan,nan,-0.0747009888,-0.0184036363,0.9950384498,-0.1699634790,-0.4291189611,0.0345739536
-0.0060859476,0.1069769114,0.0910043567,-0.0193100757,0.0747642994,0.0020473950,nan,nan,nan,nan,0.0000000000,0.0000000000,0.0000000000,0.0000000000,nan,nan,nan,nan,nan,nan,nan,nan,nan,nan,nan,nan,nan,-0.0080170399,-0.0024414107,0.0001263710,0.0071391258,0.0020225013,-0.0000586485,0.0098950416,-0.0152598824,-0.0130784679,0.0000000000,0.0000000000,0.0000000000,0.0000000000,0.0000000000,0.0650655627,3.2990000248,3.2938416004,nan,nan,nan,nan,nan,nan,nan,nan,nan,nan,nan,nan,nan,-0.0747009888,-0.0184036363,0.9950384498,-0.1699634790,-0.4291189611,0.0345739536
-0.0064783650,0.1068615392,0.0910137072,-0.0193100757,0.0747642994,0.0020473950,nan,nan,nan,nan,0.0000000000,0.0000000000,0.0000000000,0.0000000000,nan,nan,nan,nan,nan,nan,nan,nan,nan,nan,nan,nan,nan,-0.0080170399,-0.0024414107,0.0001263710,0.0071391258,0.0020225013,-0.0000586485,0.0098950416,-0.0152598824,-0.0130784679,0.0000000000,0.0000000000,0.0000000000,0.0000000000,0.0000000000,0.0650655627,3.2990000248,3.2938416004,nan,nan,nan,nan,nan,nan,nan,nan,nan,nan,nan,nan,nan,-0.0747009888,-0.0184036363,0.9950384498,-0.1699634790,-0.4291189611,0.0345739536
-0.0064783650,0.1068615392,0.0910137072,-0.0193100757,0.0747642994,0.0020473950,nan,nan,nan,nan,0.0000000000,0.0000000000,0.0000000000,0.0000000000,nan,nan,nan,nan,nan,nan,nan,nan,nan,nan,nan,nan,nan,-0.0080170399,-0.0024414107,0.0001263710,0.0071391258,0.0020225013,-0.0000586485,0.0005104073,-0.0260355193,0.0023459031,0.0000000000,0.0000000000,0.0000000000,0.0000000000,0.0000000000,0.0650655627,3.2990000248,3.2938416004,nan,nan,nan,nan,nan,nan,nan,nan,nan,nan,nan,nan,nan,-0.0753764212,-0.0177525524,1.0000592470,0.1368555576,-0.0540246442,0.1860754043
-0.0064783650,0.1068615392,0.0910137072,-0.0193100757,0.0747642994,0.0020473950,nan,nan,nan,nan,0.0000000000,0.0000000000,0.0000000000,0.0000000000,nan,nan,nan,nan,nan,nan,nan,nan,nan,nan,nan,nan,nan,-0.0112386430,-0.0035228899,0.0007201463,0.0026145566,0.0006805732,0.0000552692,0.0005104073,-0.0260355193,0.0023459031,0.0000000000,0.0000000000,0.0000000000,0.0000000000,0.0000000000,0.0650655627,3.2990000248,3.2938416004,nan,nan,nan,nan,nan,nan,nan,nan,nan,nan,nan,nan,nan,-0.0753764212,-0.0177525524,1.0000592470,0.1368555576,-0.0540246442,0.1860754043
-0.0064103720,0.1068745330,0.0910209566,-0.0193100757,0.0747642994,0.0020473950,nan,nan,nan,nan,0.0000000000,0.0000000000,0.0000000000,0.0000000000,nan,nan,nan,nan,nan,nan,nan,nan,nan,nan,nan,nan,nan,-0.0112386430,-0.0035228899,0.0007201463,0.0026145566,0.0006805732,0.0000552692,0.0005104073,-0.0260355193,0.0023459031,0.0000000000,0.0000000000,0.0000000000,0.0000000000,0.0000000000,0.0648921430,3.2990000248,3.2938416004,nan,nan,nan,nan,nan,nan,nan,nan,nan,nan,nan,nan,nan,-0.0723075047,-0.0193485618,0.9969356656,0.0218380112,-0.2268110663,0.0836861283
-0.0064103720,0.1068745330,0.0910209566,-0.0193100757,0.0747642994,0.0020473950,nan,nan,nan,nan,0.0000000000,0.0000000000,0.0000000000,0.0000000000,nan,nan,nan,nan,nan,nan,nan,nan,nan,nan,nan,nan,nan,-0.0106975995,-0.0039646169,0.0003508515,0.0019785499,0.0003960110,0.0000661060,0.0237654373,-0.0157973990,-0.0068079135,0.0000000000,0.0000000000,0.0000000000,0.0000000000,0.0000000000,0.0648921430,3.2990000248,3.2938416004,nan,nan,nan,nan,nan,nan,nan,nan,nan,nan,nan,nan,nan,-0.0723075047,-0.0193485618,0.9969356656,0.0218380112,-0.2268110663,0.0836861283
-0.0069370721,0.1066838279,0.0910386965,-0.0193100757,0.0747642994,0.0020473950,nan,nan,nan,nan,0.0000000000,0.0000000000,0.0000000000,0.0000000000,nan,nan,nan,nan,nan,nan,nan,nan,nan,nan,nan,nan,nan,-0.0106975995,-0.0039646169,0.0003508515,0.0019785499,0.0003960110,0.0000661060,0.0237654373,-0.0157973990,-0.0068079135,0.0000000000,0.0000000000,0.0000000000,0.0000000000,0.0000000000,0.0648921430,3.2990000248,3.2938416004,nan,nan,nan,nan,nan,nan,nan,nan,nan,nan,nan,nan,nan,-0.0723075047,-0.0193485618,0.9969356656,0.0218380112,-0.2268110663,0.0836861283
-0.0069370721,0.1066838279,0.0910386965,-0.0193100757,0.0747642994,0.0020473950,nan,nan,nan,nan,0.0000000000,0.0000000000,0.0000000000,0.0000000000,nan,nan,nan,nan,nan,nan,nan,nan,nan,nan,nan,nan,nan,-0.0106975995,-0.0039646169,0.0003508515,0.0019785499,0.0003960110,0.0000661060,-0.0002664929,0.0099936286,-0.0150688598,0.0000000000,0.0000000000,0.0000000000,0.0000000000,0.0000000000,0.0648921430,3.2990000248,3.2938416004,nan,nan,nan,nan,nan,nan,nan,nan,nan,nan,nan,nan,nan,-0.0760569274,-0.0179155320,0.9940114021,0.0624596141,-0.0717568621,-0.0029538104
-0.0069370721,0.1066838279,0.0910386965,-0.0193100757,0.0747642994,0.0020473950,nan,nan,nan,nan,0.0000000000,0.0000000000,0.0000000000,0.0000000000,nan,nan,nan,nan,nan,nan,nan,nan,nan,nan,nan,nan,nan,-0.0137721505,-0.0048264624,0.0002469204,-0.0018829054,-0.0009410371,0.0001489911,-0.0002664929,0.0099936286,-0.0150688598,0.0000000000,0.0000000000,0.0000000000,0.0000000000,0.0000000000,0.0648921430,3.2990000248,3.2938416004,nan,nan,nan,nan,nan,nan,nan,nan,nan,nan,nan,nan,nan,-0.0760569274,-0.0179155320,0.9940114021,0.0624596141,-0.0717568621,-0.0029538104
-0.0063989637,0.1068624035,0.0910200626,-0.0193100757,0.0747642994,0.0020473950,nan,nan,nan,nan,0.0000000000,0.0000000000,0.0000000000,0.0000000000,nan,nan,nan,nan,nan,nan,nan,nan,nan,nan,nan,nan,nan,-0.0137721505,-0.0048264624,0.0002469204,-0.0018829054,-0.0009410371,0.0001489911,-0.0002664929,0.0099936286,-0.0150688598,0.0000000000,0.0000000000,0.0000000000,0.0000000000,0.0000000000,0.0656793341,3.2990000248,3.2938416004,nan,nan,nan,nan,nan,nan,nan,nan,nan,nan,nan,nan,nan,-0.0721626654,-0.0190648735,0.9971815944,0.1505742222,-0.3890297413,0.0043537393
-0.0063989637,0.1068624035,0.0910200626,-0.0193100757,0.0747642994,0.0020473950,nan,nan,nan,nan,0.0000000000,0.0000000000,0.0000000000,0.0000000000,nan,nan,nan,nan,nan,nan,nan,nan,nan,nan,nan,nan,nan,-0.0093022352,-0.0032168785,-0.0001121084,0.0018318238,0.0004638816,-0.0000709873,0.0218959581,-0.0242744647,-0.0013776041,0.0000000000,0.0000000000,0.0000000000,0.0000000000,0.0000000000,0.0656793341,3.2990000248,3.2938416004,nan,nan,nan,nan,nan,nan,nan,nan,nan,nan,nan,nan,nan,-0.0721626654,-0.0190648735,0.9971815944,0.1505742222,-0.3890297413,0.0043537393
-0.0068584257,0.1067099199,0.0910130218,-0.0193100757,0.0747642994,0.0020473950,nan,nan,nan,nan,0.0000000000,0.0000000000,0.0000000000,0.0000000000,nan,nan,nan,nan,nan,nan,nan,nan,nan,nan,nan,nan,nan,-0.0093022352,-0.0032168785,-0.0001121084,0.0018318238,0.0004638816,-0.0000709873,0.0218959581,-0.0242744647,-0.0013776041,0.0000000000,0.0000000000,0.0000000000,0.0000000000,0.0000000000,0.0656793341,3.2990000248,3.2938416004,nan,nan,nan,nan,nan,nan,nan,nan,nan,nan,nan,nan,nan,-0.0721626654,-0.0190648735,0.9971815944,0.1505742222,-0.3890297413,0.0043537393
-0.0068584257,0.1067099199,0.0910130218,-0.0193100757,0.0747642994,0.0020473950,nan,nan,nan,nan,0.0000000000,0.0000000000,0.0000000000,0.0000000000,nan,nan,nan,nan,nan,nan,nan,nan,nan,nan,nan,nan,nan,-0.0093022352,-0.0032168785,-0.0001121084,0.0018318238,0.0004638816,-0.0000709873,-0.0129205845,-0.0013431736,0.0078832163,0.0000000000,0.0000000000,0.0000000000,0.0000000000,0.0000000000,0.0656793341,3.2990000248,3.2938416004,nan,nan,nan,nan,nan,nan,nan,nan,nan,nan,nan,nan,nan,-0.0744243711,-0.0216487944,0.9979235530,-0.0638537034,0.1704553068,0.0815218315
-0.0068584257,0.1067099199,0.0910130218,-0.0193100757,0.0747642994,0.0020473950,nan,nan,nan,nan,0.0000000000,0.0000000000,0.0000000000,0.0000000000,nan,nan,nan,nan,nan,nan,nan,nan,nan,nan,nan,nan,nan,-0.0120431604,-0.0043748068,0.0002820934,-0.0016345420,-0.0007100909,-0.0000528714,-0.0129205845,-0.0013431736,0.0078832163,0.0000000000,0.0000000000,0.0000000000,0.0000000000,0.0000000000,0.0656793341,3.2990000248,3.2938416004,nan,nan,nan,nan,nan,nan,nan,nan,nan,nan,nan,nan,nan,-0.0744243711,-0.0216487944,0.9979235530,-0.0638537034,0.1704553068,0.0815218315
-0.0064466875,0.1068444401,0.0910144746,-0.0193100757,0.0747642994,0.0020473950,nan,nan,nan,nan,0.0000000000,0.0000000000,0.0000000000,0.0000000000,nan,nan,nan,nan,nan,nan,nan,nan,nan,nan,nan,nan,nan,-0.0120431604,-0.0043748068,0.0002820934,-0.0016345420,-0.0007100909,-0.0000528714,-0.0129205845,-0.0013431736,0.0078832163,0.0000000000,0.0000000000,0.0000000000,0.0000000000,0.0000000000,0.0640242472,3.2990000248,3.2938416004,nan,nan,nan,nan,nan,nan,nan,nan,nan,nan,nan,nan,nan,-0.0728316307,-0.0178608932,0.9975342155,0.2680523396,-0.1104220077,-0.0472206473
-0.0064466875,0.1068444401,0.0910144746,-0.0193100757,0.0747642994,0.0020473950,nan,nan,nan,nan,0.0000000000,0.0000000000,0.0000000000,0.0000000000,nan,nan,nan,nan,nan,nan,nan,nan,nan,nan,nan,nan,nan,-0.0089972271,-0.0032318118,0.0006891566,0.0011151580,0.0002578796,0.0000335528,0.0183648206,-0.0120011140,0.0183590893,0.0000000000,0.0000000000,0.0000000000,0.0000000000,0.0000000000,0.0640242472,3.2990000248,3.2938416004,nan,nan,nan,nan,nan,nan,nan,nan,nan,nan,nan,nan,nan,-0.0728316307,-0.0178608932,0.9975342155,0.2680523396,-0.1104220077,-0.0472206473
-0.0069030700,0.1066809073,0.0910409391,-0.0193100757,0.0747642994,0.0020473950,nan,nan,nan,nan,0.0000000000,0.0000000000,0.0000000000,0.0000000000,nan,nan,nan,nan,nan,nan,nan,nan,nan,nan,nan,nan,nan,-0.0089972271,-0.0032318118,0.0006891566,0.0011151580,0.0002578796,0.0000335528,0.0183648206,-0.0120011140,0.0183590893,0.0000000000,0.0000000000,0.0000000000,0.0000000000,0.0000000000,0.0640242472,3.2929999828,3.2938416004,nan,nan,nan,nan,nan,nan,nan,nan,nan,nan,nan,nan,nan,-0.0728316307,-0.0178608932,0.9975342155,0.2680523396,-0.1104220077,-0.0472206473
-0.0069030700,0.1066809073,0.0910409391,-0.0193100757,0.0747642994,0.0020473950,nan,nan,nan,nan,0.0000000000,0.0000000000,0.0000000000,0.0000000000,nan,nan,nan,nan,nan,nan,nan,nan,nan,nan,nan,nan,nan,-0.0089972271,-0.0032318118,0.0006891566,0.0011151580,0.0002578796,0.0000335528,0.0162978731,0.0197697226,-0.0036223503,0.0000000000,0.0000000000,0.0000000000,0.0000000000,0.0000000000,0.0640242472,3.2929999828,3.2938416004,nan,nan,nan,nan,nan,nan,nan,nan,nan,nan,nan,nan,nan,-0.0738468915,-0.0191866346,0.9961261749,-0.2098999918,-0.0723033398,0.1075980812
-0.0069030700,0.1066809073,0.0910409391,-0.0193100757,0.0747642994,0.0020473950,nan,nan,nan,nan,0.0000000000,0.0000000000,0.0000000000,0.0000000000,nan,nan,nan,nan,nan,nan,nan,nan,nan,nan,nan,nan,nan,-0.0114580728,-0.0043202969,0.0008795202,-0.0013461671,-0.0006457424,0.0001883187,0.0162978731,0.0197697226,-0.0036223503,0.0000000000,0.0000000000,0.0000000000,0.0000000000,0.0000000000,0.0640242472,3.2929999828,3.2938416004,nan,nan,nan,nan,nan,nan,nan,nan,nan,nan,nan,nan,nan,-0.0738468915,-0.0191866346,0.9961261749,-0.2098999918,-0.0723033398,0.1075980812
-0.0064158603,0.1068475693,0.0910324082,-0.0193100757,0.0747642994,0.0020473950,nan,nan,nan,nan,0.0000000000,0.0000000000,0.0000000000,0.0000000000,nan,nan,nan,nan,nan,nan,nan,nan,nan,nan,nan,nan,nan,-0.0114580728,-0.0043202969,0.0008795202,-0.0013461671,-0.0006457424,0.0001883187,0.0162978731,0.0197697226,-0.0036223503,0.0000000000,0.0000000000,0.0000000000,0.0000000000,0.0000000000,0.0627400875,3.2929999828,3.2938416004,nan,nan,nan,nan,nan,nan,nan,nan,nan,nan,nan,nan,nan,-0.0736880228,-0.0201403573,0.9969074726,-0.0246370435,-0.0614384934,-0.0422242247
-0.0064158603,0.1068475693,0.0910324082,-0.0193100757,0.0747642994,0.0020473950,nan,nan,nan,nan,0.0000000000,0.0000000000,0.0000000000,0.0000000000,nan,nan,nan,nan,nan,nan,nan,nan,nan,nan,nan,nan,nan,-0.0083355550,-0.0034395191,0.0009012626,0.0012827741,0.0002828121,0.0001582184,0.0081167296,-0.0104777487,0.0007180381,0.0000000000,0.0000000000,0.0000000000,0.0000000000,0.0000000000,0.0627400875,3.2929999828,3.2938416004,nan,nan,nan,nan,nan,nan,nan,nan,nan,nan,nan,nan,nan,-0.0736880228,-0.0201403573,0.9969074726,-0.0246370435,-0.0614384934,-0.0422242247
-0.0068199034,0.1066870466,0.0910745189,-0.0193100757,0.0747642994,0.0020473950,nan,nan,nan,nan,0.0000000000,0.0000000000,0.0000000000,0.0000000000,nan,nan,nan,nan,nan,nan,nan,nan,nan,nan,nan,nan,nan,-0.0083355550,-0.0034395191,0.0009012626,0.0012827741,0.0002828121,0.0001582184,0.0081167296,-0.0104777487,0.0007180381,0.0000000000,0.0000000000,0.0000000000,0.0000000000,0.0000000000,0.0627400875,3.2929999828,3.2938416004,nan,nan,nan,nan,nan,nan,nan,nan,nan,nan,nan,nan,nan,-0.0736880228,-0.0201403573,0.9969074726,-0.0246370435,-0.0614384934,-0.0422242247
-0.0068199034,0.1066870466,0.0910745189,-0.0193100757,0.0747642994,0.0020473950,nan,nan,nan,nan,0.0000000000,0.0000000000,0.0000000000,0.0000000000,nan,nan,nan,nan,nan,nan,nan,nan,nan,nan,nan,nan,nan,-0.0083355550,-0.0034395191,0.0009012626,0.0012827741,0.0002828121,0.0001582184,0.0172426943,0.0194573924,0.0014477706,0.0000000000,0.0000000000,0.0000000000,0.0000000000,0.0000000000,0.0627400875,3.2929999828,3.2938416004,nan,nan,nan,nan,nan,nan,nan,nan,nan,nan,nan,nan,nan,-0.0754750073,-0.0169241708,0.9964878559,0.0402744971,-0.0662838742,0.0224688463
-0.0068199034,0.1066870466,0.0910745189,-0.0193100757,0.0747642994,0.0020473950,nan,nan,nan,nan,0.0000000000,0.0000000000,0.0000000000,0.0000000000,nan,nan,nan,nan,nan,nan,nan,nan,nan,nan,nan,nan,nan,-0.0106276954,-0.0035431592,0.0006654065,-0.0010751283,-0.0005528226,0.0002681258,0.0172426943,0.0194573924,0.0014477706,0.0000000000,0.0000000000,0.0000000000,0.0000000000,0.0000000000,0.0627400875,3.2929999828,3.2938416004,nan,nan,nan,nan,nan,nan,nan,nan,nan,nan,nan,nan,nan,-0.0754750073,-0.0169241708,0.9964878559,0.0402744971,-0.0662838742,0.0224688463
-0.0073418999,0.1065088883,0.0911029428,-0.0193100757,0.0747642994,0.0020473950,nan,nan,nan,nan,0.0000000000,0.0000000000,0.0000000000,0.0000000000,nan,nan,nan,nan,nan,nan,nan,nan,nan,nan,nan,nan,nan,-0.0106276954,-0.0035431592,0.0006654065,-0.0010751283,-0.0005528226,0.0002681258,0.0172426943,0.0194573924,0.0014477706,0.0000000000,0.0000000000,0.0000000000,0.0000000000,0.0000000000,0.0590139665,3.2929999828,3.2938416004,nan,nan,nan,nan,nan,nan,nan,nan,nan,nan,nan,nan,nan,-0.0738779604,-0.0175569467,0.9979766607,0.1999392658,0.2232999206,-0.0826394930
-0.0073418999,0.1065088883,0.0911029428,-0.0193100757,0.0747642994,0.0020473950,nan,nan,nan,nan,0.0000000000,0.0000000000,0.0000000000,0.0000000000,nan,nan,nan,nan,nan,nan,nan,nan,nan,nan,nan,nan,nan,-0.0131397247,-0.0042120647,0.0007467500,-0.0045805825,-0.0016181722,0.0003576697,0.0073865177,-0.0168778207,0.0128475027,0.0000000000,0.0000000000,0.0000000000,0.0000000000,0.0000000000,0.0590139665,3.2929999828,3.2938416004,nan,nan,nan,nan,nan,nan,nan,nan,nan,nan,nan,nan,nan,-0.0738779604,-0.0175569467,0.9979766607,0.1999392658,0.2232999206,-0.0826394930
-0.0079877051,0.1063061729,0.0911324471,-0.0193100757,0.0747642994,0.0020473950,nan,nan,nan,nan,0.0000000000,0.0000000000,0.0000000000,0.0000000000,nan,nan,nan,nan,nan,nan,nan,nan,nan,nan,nan,nan,nan,-0.0131397247,-0.0042120647,0.0007467500,-0.0045805825,-0.0016181722,0.0003576697,0.0073865177,-0.0168778207,0.0128475027,0.0000000000,0.0000000000,0.0000000000,0.0000000000,0.0000000000,0.0590139665,3.2929999828,3.2938416004,nan,nan,nan,nan,nan,nan,nan,nan,nan,nan,nan,nan,nan,-0.0738779604,-0.0175569467,0.9979766607,0.1999392658,0.2232999206,-0.0826394930
-0.0079877051,0.1063061729,0.0911324471,-0.0193100757,0.0747642994,0.0020473950,nan,nan,nan,nan,0.0000000000,0.0000000000,0.0000000000,0.0000000000,nan,nan,nan,nan,nan,nan,nan,nan,nan,nan,nan,nan,nan,-0.0131397247,-0.0042120647,0.0007467500,-0.0045805825,-0.0016181722,0.0003576697,-0.0029766997,0.0066199270,-0.0135895144,0.0000000000,0.0000000000,0.0000000000,0.0000000000,0.0000000000,0.0590139665,3.2929999828,3.2938416004,nan,nan,nan,nan,nan,nan,nan,nan,nan,nan,nan,nan,nan,-0.0751861781,-0.0168207064,0.9969419241,-0.0446585640,-0.1632961184,-0.0246866867
-0.0079877051,0.1063061729,0.0911324471,-0.0193100757,0.0747642994,0.0020473950,nan,nan,nan,nan,0.0000000000,0.0000000000,0.0000000000,0.0000000000,nan,nan,nan,nan,nan,nan,nan,nan,nan,nan,nan,nan,nan,-0.0160092451,-0.0045268023,0.0006491359,-0.0064719617,-0.0021369127,0.0004275503,-0.0029766997,0.0066199270,-0.0135895144,0.0000000000,0.0000000000,0.0000000000,0.0000000000,0.0000000000,0.0590139665,3.2929999828,3.2938416004,nan,nan,nan,nan,nan,nan,nan,nan,nan,nan,nan,nan,nan,-0.0751861781,-0.0168207064,0.9969419241,-0.0446585640,-0.1632961184,-0.0246866867
-0.0087688463,0.1060806140,0.0911621451,-0.0193100757,0.0747642994,0.0020473950,nan,nan,nan,nan,0.0000000000,0.0000000000,0.0000000000,0.0000000000,nan,nan,nan,nan,nan,nan,nan,nan,nan,nan,nan,nan,nan,-0.0160092451,-0.0045268023,0.0006491359,-0.0064719617,-0.0021369127,0.0004275503,-0.0029766997,0.0066199270,-0.0135895144,0.0000000000,0.0000000000,0.0000000000,0.0000000000,0.0000000000,0.0587407425,3.2929999828,3.2938416004,nan,nan,nan,nan,nan,nan,nan,nan,nan,nan,nan,nan,nan,-0.0744969696,-0.0171507690,0.9968334436,-0.0770416409,-0.2412742972,-0.0180540532
-0.0087688463,0.1060806140,0.0911621451,-0.0193100757,0.0747642994,0.0020473950,nan,nan,nan,nan,0.0000000000,0.0000000000,0.0000000000,0.0000000000,nan,nan,nan,nan,nan,nan,nan,nan,nan,nan,nan,nan,nan,-0.0066505186,-0.0009408061,-0.0000403376,0.0067012357,0.0025412405,-0.0005075625,0.0057853912,0.0145336753,0.0134743247,0.0000000000,0.0000000000,0.0000000000,0.0000000000,0.0000000000,0.0587407425,3.2929999828,3.2938416004,nan,nan,nan,nan,nan,nan,nan,nan,nan,nan,nan,nan,nan,-0.0744969696,-0.0171507690,0.9968334436,-0.0770416409,-0.2412742972,-0.0180540532
-0.0063571571,0.1069397479,0.0909964368,-0.0193100757,0.0747642994,0.0020473950,nan,nan,nan,nan,0.0000000000,0.0000000000,0.0000000000,0.0000000000,nan,nan,nan,nan,nan,nan,nan,nan,nan,nan,nan,nan,nan,-0.0066505186,-0.0009408061,-0.0000403376,0.0067012357,0.0025412405,-0.0005075625,0.0057853912,0.0145336753,0.0134743247,0.0000000000,0.0000000000,0.0000000000,0.0000000000,0.0000000000,0.0587407425,3.2929999828,3.2938416004,nan,nan,nan,nan,nan,nan,nan,nan,nan,nan,nan,nan,nan,-0.0744969696,-0.0171507690,0.9968334436,-0.0770416409,-0.2412742972,-0.0180540532
-0.0063571571,0.1069397479,0.0909964368,-0.0193100757,0.0747642994,0.0020473950,-0.1000000015,0.0000000000,-0.0399999991,0.0000000000,0.0000000000,0.0000000000,0.0000000000,0.0000000000,nan,nan,nan,nan,nan,nan,nan,nan,nan,nan,nan,nan,nan,-0.0066505186,-0.0009408061,-0.0000403376,0.0067012357,0.0025412405,-0.0005075625,-0.0091791768,-0.0226331446,-0.0160751659,0.0000000000,0.0000000000,0.0000000000,0.0000000000,0.0000000000,0.0587407425,3.2929999828,3.2938416004,nan,nan,nan,nan,nan,nan,nan,nan,nan,nan,nan,nan,nan,-0.0758594945,-0.0206228234,0.9952206612,0.0037202388,-0.1062098145,-0.1537028998
-0.0063571571,0.1069397479,0.0909964368,-0.0193100757,0.0747642994,0.0020473950,-0.1000000015,0.0000000000,-0.0399999991,0.0000000000,0.0000000000,0.0000000000,0.0000000000,0.0000000000,nan,nan,nan,nan,nan,nan,nan,nan,nan,nan,nan,nan,nan,-0.0094542429,-0.0017466322,-0.0004414841,0.0032967317,0.0016345984,-0.0004082192,-0.0091791768,-0.0226331446,-0.0160751659,0.0000000000,0.0000000000,0.0000000000,0.0000000000,0.0000000000,0.0587407425,3.2929999828,3.2938416004,nan,nan,nan,nan,nan,nan,nan,nan,nan,nan,nan,nan,nan,-0.0758594945,-0.0206228234,0.9952206612,0.0037202388,-0.1062098145,-0.1537028998
-0.0068121389,0.1068622246,0.0909790471,-0.0193100757,0.0747642994,0.0020473950,-0.1000000015,0.0000000000,-0.0399999991,0.0000000000,0.0000000000,0.0000000000,0.0000000000,0.0000000000,nan,nan,nan,nan,nan,nan,nan,nan,nan,nan,nan,nan,nan,-0.0094542429,-0.0017466322,-0.0004414841,0.0032967317,0.0016345984,-0.0004082192,-0.0091791768,-0.0226331446,-0.0160751659,0.0000000000,0.0000000000,0.0000000000,0.0000000000,0.0000000000,0.0604232065,3.2929999828,3.2938416004,nan,nan,nan,nan,nan,nan,nan,nan,nan,nan,nan,nan,nan,-0.0744574517,-0.0187408701,0.9973792434,-0.2426658571,-0.0724193007,-0.0041752323
-0.0068121389,0.1068622246,0.0909790471,-0.0193100757,0.0747642994,0.0020473950,-0.1000000015,0.0000000000,-0.0399999991,0.0000000000,0.0000000000,0.0000000000,0.0000000000,0.0000000000,nan,nan,nan,nan,nan,nan,nan,nan,nan,nan,nan,nan,nan,-0.0092493501,-0.0018293475,0.0003761026,0.0028214850,0.0012083886,-0.0002264870,0.0110438997,-0.0177100878,0.0067348233,0.0000000000,0.0000000000,0.0000000000,0.0000000000,0.0000000000,0.0604232065,3.2929999828,3.2938416004,nan,nan,nan,nan,nan,nan,nan,nan,nan,nan,nan,nan,nan,-0.0744574517,-0.0187408701,0.9973792434,-0.2426658571,-0.0724193007,-0.0041752323
-0.0066780006,0.1068737060,0.0910114944,-0.0193100757,0.0747642994,0.0020473950,-0.1000000015,0.0000000000,-0.0399999991,0.0000000000,0.0000000000,0.0000000000,0.0000000000,0.0000000000,nan,nan,nan,nan,nan,nan,nan,nan,nan,nan,nan,nan,nan,-0.0092493501,-0.0018293475,0.0003761026,0.0028214850,0.0012083886,-0.0002264870,0.0110438997,-0.0177100878,0.0067348233,0.0000000000,0.0000000000,0.0000000000,0.0000000000,0.0000000000,0.0604232065,3.2929999828,3.2938416004,nan,nan,nan,nan,nan,nan,nan,nan,nan,nan,nan,nan,nan,-0.0744574517,-0.0187408701,0.9973792434,-0.2426658571,-0.0724193007,-0.0041752323
-0.0066780006,0.1068737060,0.0910114944,-0.0193100757,0.0747642994,0.0020473950,-0.1000000015,0.0000000000,-0.0399999991,0.0000000000,0.0000000000,0.0000000000,0.0000000000,0.0000000000,nan,nan,nan,nan,nan,nan,nan,nan,nan,nan,nan,nan,nan,-0.0092493501,-0.0018293475,0.0003761026,0.0028214850,0.0012083886,-0.0002264870,0.0054926137,0.0177674145,0.0001087582,0.0000000000,0.0000000000,0.0000000000,0.0000000000,0.0000000000,0.0604232065,3.2929999828,3.2938416004,nan,nan,nan,nan,nan,nan,nan,nan,nan,nan,nan,nan,nan,-0.0737842023,-0.0165729690,0.9968388677,0.0197035503,-0.0411140174,-0.0296300165
-0.0072712647,0.1067645028,0.0910240337,-0.0193100757,0.0747642994,0.0020473950,-0.1000000015,0.0000000000,-0.0399999991,0.0000000000,0.0000000000,0.0000000000,0.0000000000,0.0000000000,nan,nan,nan,nan,nan,nan,nan,nan,nan,nan,nan,nan,nan,-0.0121088726,-0.0021265217,0.0002709140,-0.0002001853,0.0004424682,-0.0000870957,0.0054926137,0.0177674145,0.0001087582,0.0000000000,0.0000000000,0.0000000000,0.0000000000,0.0000000000,0.0604232065,3.2929999828,3.2938416004,nan,nan,nan,nan,nan,nan,nan,nan,nan,nan,nan,nan,nan,-0.0737842023,-0.0165729690,0.9968388677,0.0197035503,-0.0411140174,-0.0296300165
-0.0072712647,0.1067645028,0.0910240337,-0.0193100757,0.0747642994,0.0020473950,-0.1000000015,0.0000000000,-0.0399999991,0.0000000000,0.0000000000,0.0000000000,0.0000000000,0.0000000000,nan,nan,nan,nan,nan,nan,nan,nan,nan,nan,nan,nan,nan,-0.0121088726,-0.0021265217,0.0002709140,-0.0002001853,0.0004424682,-0.0000870957,0.0054926137,0.0177674145,0.0001087582,0.0000000000,0.0000000000,0.0000000000,0.0000000000,0.0000000000,0.0641097501,3.2929999828,3.2938416004,nan,nan,nan,nan,nan,nan,nan,nan,nan,nan,nan,nan,nan,-0.0732352287,-0.0171241909,0.9963496923,0.0164029039,-0.4109441340,-0.0677024648
-0.0072712647,0.1067645028,0.0910240337,-0.0193100757,0.0747642994,0.0020473950,-0.1000000015,0.0000000000,-0.0399999991,0.0000000000,0.0000000000,0.0000000000,0.0000000000,0.0000000000,nan,nan,nan,nan,nan,nan,nan,nan,nan,nan,nan,nan,nan,-0.0098608900,-0.0016252700,0.0004586681,0.0013683499,0.0006313024,-0.0000135962,0.0007631999,0.0154505111,-0.0163493995,0.0000000000,0.0000000000,0.0000000000,0.0000000000,0.0000000000,0.0641097501,3.2929999828,3.2938416004,nan,nan,nan,nan,nan,nan,nan,nan,nan,nan,nan,nan,nan,-0.0732352287,-0.0171241909,0.9963496923,0.0164029039,-0.4109441340,-0.0677024648
-0.0068504964,0.1068512946,0.0910357013,-0.0193100757,0.0747642994,0.0020473950,-0.1000000015,0.0000000000,-0.0399999991,0.0000000000,0.0000000000,0.0000000000,0.0000000000,0.0000000000,nan,nan,nan,nan,nan,nan,nan,nan,nan,nan,nan,nan,nan,-0.0098608900,-0.0016252700,0.0004586681,0.0013683499,0.0006313024,-0.0000135962,0.0007631999,0.0154505111,-0.0163493995,0.0000000000,0.0000000000,0.0000000000,0.0000000000,0.0000000000,0.0641097501,3.2929999828,3.2938416004,nan,nan,nan,nan,nan,nan,nan,nan,nan,nan,nan,nan,nan,-0.0732352287,-0.0171241909,0.9963496923,0.0164029039,-0.4109441340,-0.0677024648
-0.0068504964,0.1068512946,0.0910357013,-0.0193100757,0.0747642994,0.0020473950,-0.1000000015,0.0000000000,-0.0399999991,0.0000000000,0.0000000000,0.0000000000,0.0000000000,0.0000000000,nan,nan,nan,nan,nan,nan,nan,nan,nan,nan,nan,nan,nan,-0.0098608900,-0.0016252700,0.0004586681,0.0013683499,0.0006313024,-0.0000135962,-0.0099886553,-0.0061983378,-0.0023564280,0.0000000000,0.0000000000,0.0000000000,0.0000000000,0.0000000000,0.0641097501,3.2929999828,3.2938416004,nan,nan,nan,nan,nan,nan,nan,nan,nan,nan,nan,nan,nan,-0.0747634470,-0.0189808495,0.9965822697,0.1866945177,-0.2650999725,0.0417815670
-0.0068504964,0.1068512946,0.0910357013,-0.0193100757,0.0747642994,0.0020473950,-0.1000000015,0.0000000000,-0.0399999991,0.0000000000,0.0000000000,0.0000000000,0.0000000000,0.0000000000,nan,nan,nan,nan,nan,nan,nan,nan,nan,nan,nan,nan,nan,-0.0128935454,-0.0022245212,0.0005490309,-0.0013738624,0.0000761941,0.0001013247,-0.0099886553,-0.0061983378,-0.0023564280,0.0000000000,0.0000000000,0.0000000000,0.0000000000,0.0000000000,0.0641097501,3.2929999828,3.2938416004,nan,nan,nan,nan,nan,nan,nan,nan,nan,nan,nan,nan,nan,-0.0747634470,-0.0189808495,0.9965822697,0.1866945177,-0.2650999725,0.0417815670
-0.0074772723,0.1067419425,0.0910599232,-0.0193100757,0.0747642994,0.0020473950,-0.1000000015,0.0000000000,-0.0399999991,0.0000000000,0.0000000000,0.0000000000,0.0000000000,0.0000000000,nan,nan,nan,nan,nan,nan,nan,nan,nan,nan,nan,nan,nan,-0.0128935454,-0.0022245212,0.0005490309,-0.0013738624,0.0000761941,0.0001013247,-0.0099886553,-0.0061983378,-0.0023564280,0.0000000000,0.0000000000,0.0000000000,0.0000000000,0.0000000000,0.0653248280,3.2929999828,3.2938416004,nan,nan,nan,nan,nan,nan,nan,nan,nan,nan,nan,nan,nan,-0.0728674009,-0.0190769937,0.9960768223,0.0723968893,-0.3545280695,0.0191394221
-0.0074772723,0.1067419425,0.0910599232,-0.0193100757,0.0747642994,0.0020473950,-0.1000000015,0.0000000000,-0.0399999991,0.0000000000,0.0000000000,0.0000000000,0.0000000000,0.0000000000,nan,nan,nan,nan,nan,nan,nan,nan,nan,nan,nan,nan,nan,-0.0091896877,-0.0018467112,0.0001804875,0.0022315043,0.0005737302,-0.0000735325,0.0095908800,0.0060156845,-0.0045497185,0.0000000000,0.0000000000,0.0000000000,0.0000000000,0.0000000000,0.0653248280,3.2929999828,3.2938416004,nan,nan,nan,nan,nan,nan,nan,nan,nan,nan,nan,nan,nan,-0.0728674009,-0.0190769937,0.9960768223,0.0723968893,-0.3545280695,0.0191394221
-0.0067632580,0.1068557650,0.0910255685,-0.0193100757,0.0747642994,0.0020473950,-0.1000000015,0.0000000000,-0.0399999991,0.0000000000,0.0000000000,0.0000000000,0.0000000000,0.0000000000,nan,nan,nan,nan,nan,nan,nan,nan,nan,nan,nan,nan,nan,-0.0091896877,-0.0018467112,0.0001804875,0.0022315043,0.0005737302,-0.0000735325,0.0095908800,0.0060156845,-0.0045497185,0.0000000000,0.0000000000,0.0000000000,0.0000000000,0.0000000000,0.0653248280,3.2929999828,3.2938416004,nan,nan,nan,nan,nan,nan,nan,nan,nan,nan,nan,nan,nan,-0.0728674009,-0.0190769937,0.9960768223,0.0723968893,-0.3545280695,0.0191394221
-0.0067632580,0.1068557650,0.0910255685,-0.0193100757,0.0747642994,0.0020473950,-0.1000000015,0.0000000000,-0.0399999991,0.0000000000,0.0000000000,0.0000000000,0.0000000000,0.0000000000,nan,nan,nan,nan,nan,nan,nan,nan,nan,nan,nan,nan,nan,-0.0091896877,-0.0018467112,0.0001804875,0.0022315043,0.0005737302,-0.0000735325,0.0041688387,-0.0056695421,-0.0111371921,0.0000000000,0.0000000000,0.0000000000,0.0000000000,0.0000000000,0.0653248280,3.2929999828,3.2938416004,nan,nan,nan,nan,nan,nan,nan,nan,nan,nan,nan,nan,nan,-0.0751941577,-0.0200982988,0.9977743626,-0.1497217566,-0.1012302190,0.0795931146
-0.0073707355,0.1067267433,0.0910433680,-0.0193100757,0.0747642994,0.0020473950,-0.1000000015,0.0000000000,-0.0399999991,0.0000000000,0.0000000000,0.0000000000,0.0000000000,0.0000000000,nan,nan,nan,nan,nan,nan,nan,nan,nan,nan,nan,nan,nan,-0.0123833837,-0.0027058069,0.0004264267,-0.0006603765,-0.0000486870,0.0000001472,0.0041688387,-0.0056695421,-0.0111371921,0.0000000000,0.0000000000,0.0000000000,0.0000000000,0.0000000000,0.0653248280,3.2929999828,3.2938416004,nan,nan,nan,nan,nan,nan,nan,nan,nan,nan,nan,nan,nan,-0.0751941577,-0.0200982988,0.9977743626,-0.1497217566,-0.1012302190,0.0795931146
-0.0073707355,0.1067267433,0.0910433680,-0.0193100757,0.0747642994,0.0020473950,-0.1000000015,0.0000000000,-0.0399999991,0.0000000000,0.0000000000,0.0000000000,0.0000000000,0.0000000000,nan,nan,nan,nan,nan,nan,nan,nan,nan,nan,nan,nan,nan,-0.0123833837,-0.0027058069,0.0004264267,-0.0006603765,-0.0000486870,0.0000001472,0.0041688387,-0.0056695421,-0.0111371921,0.0000000000,0.0000000000,0.0000000000,0.0000000000,0.0000000000,0.0662400723,3.2929999828,3.2938416004,nan,nan,nan,nan,nan,nan,nan,nan,nan,nan,nan,nan,nan,-0.0758529305,-0.0184783097,0.9971271157,0.0283520892,0.0831959844,0.1108348891
-0.0073707355,0.1067267433,0.0910433680,-0.0193100757,0.0747642994,0.0020473950,-0.1000000015,0.0000000000,-0.0399999991,0.0000000000,0.0000000000,0.0000000000,0.0000000000,0.0000000000,nan,nan,nan,nan,nan,nan,nan,nan,nan,nan,nan,nan,nan,-0.0095335441,-0.0017814036,0.0003079974,0.0020622306,0.0004525889,-0.0000631894,0.0031833062,0.0132731302,0.0035691406,0.0000000000,0.0000000000,0.0000000000,0.0000000000,0.0000000000,0.0662400723,3.2929999828,3.2938416004,nan,nan,nan,nan,nan,nan,nan,nan,nan,nan,nan,nan,nan,-0.0758529305,-0.0184783097,0.9971271157,0.0283520892,0.0831959844,0.1108348891
-0.0067806700,0.1068480015,0.0910235792,-0.0193100757,0.0747642994,0.0020473950,-0.1000000015,0.0000000000,-0.0399999991,0.0000000000,0.0000000000,0.0000000000,0.0000000000,0.0000000000,nan,nan,nan,nan,nan,nan,nan,nan,nan,nan,nan,nan,nan,-0.0095335441,-0.0017814036,0.0003079974,0.0020622306,0.0004525889,-0.0000631894,0.0031833062,0.0132731302,0.0035691406,0.0000000000,0.0000000000,0.0000000000,0.0000000000,0.0000000000,0.0662400723,3.2929999828,3.2938416004,nan,nan,nan,nan,nan,nan,nan,nan,nan,nan,nan,nan,nan,-0.0758529305,-0.0184783097,0.9971271157,0.0283520892,0.0831959844,0.1108348891
-0.0067806700,0.1068480015,0.0910235792,-0.0193100757,0.0747642994,0.0020473950,-0.1000000015,0.0000000000,-0.0399999991,0.0000000000,0.0000000000,0.0000000000,0.0000000000,0.0000000000,nan,nan,nan,nan,nan,nan,nan,nan,nan,nan,nan,nan,nan,-0.0095335441,-0.0017814036,0.0003079974,0.0020622306,0.0004525889,-0.0000631894,-0.0078474162,0.0005028047,0.0146215484,0.0000000000,0.0000000000,0.0000000000,0.0000000000,0.0000000000,0.0662400723,3.2929999828,3.2938416004,nan,nan,nan,nan,nan,nan,nan,nan,nan,nan,nan,nan,nan,-0.0761868954,-0.0193231590,1.0002696514,0.3837765157,-0.0855841041,0.1455061138
-0.0067806700,0.1068480015,0.0910235792,-0.0193100757,0.0747642994,0.0020473950,-0.1000000015,0.0000000000,-0.0399999991,0.0000000000,0.0000000000,0.0000000000,0.0000000000,0.0000000000,nan,nan,nan,nan,nan,nan,nan,nan,nan,nan,nan,nan,nan,-0.0123853842,-0.0024515316,0.0006085055,-0.0007585430,-0.0001087476,-0.0000240168,-0.0078474162,0.0005028047,0.0146215484,0.0000000000,0.0000000000,0.0000000000,0.0000000000,0.0000000000,0.0662400723,3.2929999828,3.2938416004,nan,nan,nan,nan,nan,nan,nan,nan,nan,nan,nan,nan,nan,-0.0761868954,-0.0193231590,1.0002696514,0.3837765157,-0.0855841041,0.1455061138
-0.0073810685,0.1067268699,0.0910426751,-0.0193100757,0.0747642994,0.0020473950,-0.1000000015,0.0000000000,-0.0399999991,0.0000000000,0.0000000000,0.0000000000,0.0000000000,0.0000000000,nan,nan,nan,nan,nan,nan,nan,nan,nan,nan,nan,nan,nan,-0.0123853842,-0.0024515316,0.0006085055,-0.0007585430,-0.0001087476,-0.0000240168,-0.0078474162,0.0005028047,0.0146215484,0.0000000000,0.0000000000,0.0000000000,0.0000000000,0.0000000000,0.0694198236,3.2929999828,3.2938416004,nan,nan,nan,nan,nan,nan,nan,nan,nan,nan,nan,nan,nan,-0.0744358152,-0.0182641447,0.9956993461,-0.1110378802,0.2012798786,-0.0407513455
-0.0073810685,0.1067268699,0.0910426751,-0.0193100757,0.0747642994,0.0020473950,-0.1000000015,0.0000000000,-0.0399999991,0.0000000000,0.0000000000,0.0000000000,0.0000000000,0.0000000000,nan,nan,nan,nan,nan,nan,nan,nan,nan,nan,nan,nan,nan,-0.0155124376,-0.0031367901,0.0003834189,-0.0049775210,-0.0009909126,0.0001358957,-0.0009845853,0.0085806353,-0.0136251822,0.0000000000,0.0000000000,0.0000000000,0.0000000000,0.0000000000,0.0694198236,3.2929999828,3.2938416004,nan,nan,nan,nan,nan,nan,nan,nan,nan,nan,nan,nan,nan,-0.0744358152,-0.0182641447,0.9956993461,-0.1110378802,0.2012798786,-0.0407513455
-0.0081411907,0.1065716147,0.0910635144,-0.0193100757,0.0747642994,0.0020473950,-0.1000000015,0.0000000000,-0.0399999991,0.0000000000,0.0000000000,0.0000000000,0.0000000000,0.0000000000,nan,nan,nan,nan,nan,nan,nan,nan,nan,nan,nan,nan,nan,-0.0155124376,-0.0031367901,0.0003834189,-0.0049775210,-0.0009909126,0.0001358957,-0.0009845853,0.0085806353,-0.0136251822,0.0000000000,0.0000000000,0.0000000000,0.0000000000,0.0000000000,0.0694198236,3.2929999828,3.2938416004,nan,nan,nan,nan,nan,nan,nan,nan,nan,nan,nan,nan,nan,-0.0744358152,-0.0182641447,0.9956993461,-0.1110378802,0.2012798786,-0.0407513455
-0.0081411907,0.1065716147,0.0910635144,-0.0193100757,0.0747642994,0.0020473950,-0.1000000015,0.0000000000,-0.0399999991,0.0000000000,0.0000000000,0.0000000000,0.0000000000,0.0000000000,nan,nan,nan,nan,nan,nan,nan,nan,nan,nan,nan,nan,nan,-0.0155124376,-0.0031367901,0.0003834189,-0.0049775210,-0.0009909126,0.0001358957,-0.0007081766,0.0030462651,0.0049537611,0.0000000000,0.0000000000,0.0000000000,0.0000000000,0.0000000000,0.0694198236,3.2929999828,3.2938416004,nan,nan,nan,nan,nan,nan,nan,nan,nan,nan,nan,nan,nan,-0.0739175528,-0.0186811406,0.9944933653,-0.2089452893,0.0284540821,0.1374243051
-0.0081411907,0.1065716147,0.0910635144,-0.0193100757,0.0747642994,0.0020473950,-0.1000000015,0.0000000000,-0.0399999991,0.0000000000,0.0000000000,0.0000000000,0.0000000000,0.0000000000,nan,nan,nan,nan,nan,nan,nan,nan,nan,nan,nan,nan,nan,-0.0184955373,-0.0037508125,0.0002298835,-0.0082821753,-0.0016453224,0.0001747866,-0.0007081766,0.0030462651,0.0049537611,0.0000000000,0.0000000000,0.0000000000,0.0000000000,0.0000000000,0.0694198236,3.2929999828,3.2938416004,nan,nan,nan,nan,nan,nan,nan,nan,nan,nan,nan,nan,nan,-0.0739175528,-0.0186811406,0.9944933653,-0.2089452893,0.0284540821,0.1374243051
-0.0090535292,0.1063877791,0.0910712555,-0.0193100757,0.0747642994,0.0020473950,-0.1000000015,0.0000000000,-0.0399999991,0.0000000000,0.0000000000,0.0000000000,0.0000000000,0.0000000000,nan,nan,nan,nan,nan,nan,nan,nan,nan,nan,nan,nan,nan,-0.0184955373,-0.0037508125,0.0002298835,-0.0082821753,-0.0016453224,0.0001747866,-0.0007081766,0.0030462651,0.0049537611,0.0000000000,0.0000000000,0.0000000000,0.0000000000,0.0000000000,0.0706096441,3.2929999828,3.2938416004,nan,nan,nan,nan,nan,nan,nan,nan,nan,nan,nan,nan,nan,-0.0739778802,-0.0199978072,0.9989021420,-0.0820968598,0.0188486334,0.2923422158
-0.0090535292,0.1063877791,0.0910712555,-0.0193100757,0.0747642994,0.0020473950,-0.1000000015,0.0000000000,-0.0399999991,0.0000000000,0.0000000000,0.0000000000,0.0000000000,0.0000000000,nan,nan,nan,nan,nan,nan,nan,nan,nan,nan,nan,nan,nan,-0.0069983345,-0.0021296479,0.0002739915,0.0096502947,0.0018953065,-0.0002629799,0.0051735523,-0.0093152598,0.0092830397,0.0000000000,0.0000000000,0.0000000000,0.0000000000,0.0000000000,0.0706096441,3.2929999828,3.2938416004,nan,nan,nan,nan,nan,nan,nan,nan,nan,nan,nan,nan,nan,-0.0739778802,-0.0199978072,0.9989021420,-0.0820968598,0.0188486334,0.2923422158
-0.0061967182,0.1069457456,0.0910078958,-0.0193100757,0.0747642994,0.0020473950,-0.1000000015,0.0000000000,-0.0399999991,0.0000000000,0.0000000000,0.0000000000,0.0000000000,0.0000000000,nan,nan,nan,nan,nan,nan,nan,nan,nan,nan,nan,nan,nan,-0.0069983345,-0.0021296479,0.0002739915,0.0096502947,0.0018953065,-0.0002629799,0.0051735523,-0.0093152598,0.0092830397,0.0000000000,0.0000000000,0.0000000000,0.0000000000,0.0000000000,0.0706096441,3.2929999828,3.2938416004,nan,nan,nan,nan,nan,nan,nan,nan,nan,nan,nan,nan,nan,-0.0739778802,-0.0199978072,0.9989021420,-0.0820968598,0.0188486334,0.2923422158
-0.0061967182,0.1069457456,0.0910078958,-0.0193100757,0.0747642994,0.0020473950,-0.1000000015,0.0000000000,-0.0399999991,0.0000000000,0.0000000000,0.0000000000,0.0000000000,0.0000000000,nan,nan,nan,nan,nan,nan,nan,nan,nan,nan,nan,nan,nan,-0.0069983345,-0.0021296479,0.0002739915,0.0096502947,0.0018953065,-0.0002629799,-0.0063216672,0.0097116902,-0.0122306217,0.0000000000,0.0000000000,0.0000000000,0.0000000000,0.0000000000,0.0706096441,3.2929999828,3.2938416004,nan,nan,nan,nan,nan,nan,nan,nan,nan,nan,nan,nan,nan,-0.0749624297,-0.0171029288,0.9968850613,-0.2252305150,-0.0095613627,-0.0208046548
-0.0066587781,0.1068171784,0.0910285711,-0.0193100757,0.0747642994,0.0020473950,-0.1000000015,0.0000000000,-0.0399999991,0.0000000000,0.0000000000,0.0000000000,0.0000000000,0.0000000000,nan,nan,nan,nan,nan,nan,nan,nan,nan,nan,nan,nan,nan,-0.0100044422,-0.0025849901,0.0004927338,0.0051120743,0.0008254914,-0.0001087223,-0.0063216672,0.0097116902,-0.0122306217,0.0000000000,0.0000000000,0.0000000000,0.0000000000,0.0000000000,0.0706096441,3.2929999828,3.2938416004,nan,nan,nan,nan,nan,nan,nan,nan,nan,nan,nan,nan,nan,-0.0749624297,-0.0171029288,0.9968850613,-0.2252305150,-0.0095613627,-0.0208046548
-0.0066587781,0.1068171784,0.0910285711,-0.0193100757,0.0747642994,0.0020473950,-0.1000000015,0.0000000000,-0.0399999991,0.0000000000,0.0000000000,0.0000000000,0.0000000000,0.0000000000,nan,nan,nan,nan,nan,nan,nan,nan,nan,nan,nan,nan,nan,-0.0100044422,-0.0025849901,0.0004927338,0.0051120743,0.0008254914,-0.0001087223,-0.0063216672,0.0097116902,-0.0122306217,0.0000000000,0.0000000000,0.0000000000,0.0000000000,0.0000000000,0.0719097331,3.2929999828,3.2938416004,nan,nan,nan,nan,nan,nan,nan,nan,nan,nan,nan,nan,nan,-0.0743976384,-0.0201278273,0.9969657063,-0.2492180765,0.0126480134,-0.0407204926
-0.0066587781,0.1068171784,0.0910285711,-0.0193100757,0.0747642994,0.0020473950,-0.1000000015,0.0000000000,-0.0399999991,0.0000000000,0.0000000000,0.0000000000,0.0000000000,0.0000000000,nan,nan,nan,nan,nan,nan,nan,nan,nan,nan,nan,nan,nan,-0.0125079062,-0.0038157834,0.0005181712,0.0009025955,-0.0001732216,0.0000733931,0.0173733123,-0.0210745018,-0.0201436579,0.0000000000,0.0000000000,0.0000000000,0.0000000000,0.0000000000,0.0719097331,3.2929999828,3.2938416004,nan,nan,nan,nan,nan,nan,nan,nan,nan,nan,nan,nan,nan,-0.0743976384,-0.0201278273,0.9969657063,-0.2492180765,0.0126480134,-0.0407204926
-0.0072486638,0.1066474020,0.0910571814,-0.0193100757,0.0747642994,0.0020473950,-0.1000000015,0.0000000000,-0.0399999991,0.0000000000,0.0000000000,0.0000000000,0.0000000000,0.0000000000,nan,nan,nan,nan,nan,nan,nan,nan,nan,nan,nan,nan,nan,-0.0125079062,-0.0038157834,0.0005181712,0.0009025955,-0.0001732216,0.0000733931,0.0173733123,-0.0210745018,-0.0201436579,0.0000000000,0.0000000000,0.0000000000,0.0000000000,0.0000000000,0.0719097331,3.2929999828,3.2938416004,nan,nan,nan,nan,nan,nan,nan,nan,nan,nan,nan,nan,nan,-0.0743976384,-0.0201278273,0.9969657063,-0.2492180765,0.0126480134,-0.0407204926
-0.0072486638,0.1066474020,0.0910571814,-0.0193100757,0.0747642994,0.0020473950,-0.1000000015,0.0000000000,-0.0399999991,0.0000000000,0.0000000000,0.0000000000,0.0000000000,0.0000000000,nan,nan,nan,nan,nan,nan,nan,nan,nan,nan,nan,nan,nan,-0.0125079062,-0.0038157834,0.0005181712,0.0009025955,-0.0001732216,0.0000733931,-0.0024087341,-0.0056545297,0.0087065045,0.0000000000,0.0000000000,0.0000000000,0.0000000000,0.0000000000,0.0719097331,3.2929999828,3.2938416004,nan,nan,nan,nan,nan,nan,nan,nan,nan,nan,nan,nan,nan,-0.0759846941,-0.0187693313,0.9976277351,-0.0238190554,0.1838527620,-0.0571114048
-0.0072486638,0.1066474020,0.0910571814,-0.0193100757,0.0747642994,0.0020473950,-0.1000000015,0.0000000000,-0.0399999991,0.0000000000,0.0000000000,0.0000000000,0.0000000000,0.0000000000,nan,nan,nan,nan,nan,nan,nan,nan,nan,nan,nan,nan,nan,-0.0156823769,-0.0046431194,0.0008639536,-0.0028631089,-0.0011850315,0.0001673393,-0.0024087341,-0.0056545297,0.0087065045,0.0000000000,0.0000000000,0.0000000000,0.0000000000,0.0000000000,0.0719097331,3.2929999828,3.2938416004,nan,nan,nan,nan,nan,nan,nan,nan,nan,nan,nan,nan,nan,-0.0759846941,-0.0187693313,0.9976277351,-0.0238190554,0.1838527620,-0.0571114048
-0.0079798782,0.1064291447,0.0910841003,-0.0193100757,0.0747642994,0.0020473950,-0.1000000015,0.0000000000,-0.0399999991,0.0000000000,0.0000000000,0.0000000000,0.0000000000,0.0000000000,nan,nan,nan,nan,nan,nan,nan,nan,nan,nan,nan,nan,nan,-0.0156823769,-0.0046431194,0.0008639536,-0.0028631089,-0.0011850315,0.0001673393,-0.0024087341,-0.0056545297,0.0087065045,0.0000000000,0.0000000000,0.0000000000,0.0000000000,0.0000000000,0.0709201321,3.2929999828,3.2938416004,nan,nan,nan,nan,nan,nan,nan,nan,nan,nan,nan,nan,nan,-0.0736306384,-0.0175453722,0.9993581176,-0.0238190554,0.1838527620,-0.0571114048
-0.0079798782,0.1064291447,0.0910841003,-0.0193100757,0.0747642994,0.0020473950,-0.1000000015,0.0000000000,-0.0399999991,0.0000000000,0.0000000000,0.0000000000,0.0000000000,0.0000000000,nan,nan,nan,nan,nan,nan,nan,nan,nan,nan,nan,nan,nan,-0.0190786663,-0.0051971534,0.0013530228,-0.0066139325,-0.0021749442,0.0003437524,0.0174793154,0.0102150738,0.0099718422,0.0000000000,0.0000000000,0.0000000000,0.0000000000,0.0000000000,0.0709201321,3.2929999828,3.2938416004,nan,nan,nan,nan,nan,nan,nan,nan,nan,nan,nan,nan,nan,-0.0736306384,-0.0175453722,0.9993581176,-0.0278300121,0.0030558240,0.0569928065
-0.0088896360,0.1061742753,0.0911362842,-0.0193100757,0.0747642994,0.0020473950,-0.1000000015,0.0000000000,-0.0399999991,0.0000000000,0.0000000000,0.0000000000,0.0000000000,0.0000000000,nan,nan,nan,nan,nan,nan,nan,nan,nan,nan,nan,nan,nan,-0.0190786663,-0.0051971534,0.0013530228,-0.0066139325,-0.0021749442,0.0003437524,0.0174793154,0.0102150738,0.0099718422,0.0000000000,0.0000000000,0.0000000000,0.0000000000,0.0000000000,0.0709201321,3.2929999828,3.2938416004,nan,nan,nan,nan,nan,nan,nan,nan,nan,nan,nan,nan,nan,-0.0736306384,-0.0175453722,0.9993581176,-0.0278300121,0.0030558240,0.0569928065
-0.0088896360,0.1061742753,0.0911362842,-0.0193100757,0.0747642994,0.0020473950,-0.1000000015,0.0000000000,-0.0399999991,0.0000000000,0.0000000000,0.0000000000,0.0000000000,0.0000000000,nan,nan,nan,nan,nan,nan,nan,nan,nan,nan,nan,nan,nan,-0.0190786663,-0.0051971534,0.0013530228,-0.0066139325,-0.0021749442,0.0003437524,0.0115089882,-0.0066656410,0.0007835269,0.0000000000,0.0000000000,0.0000000000,0.0000000000,0.0000000000,0.0709201321,3.2929999828,3.2938416004,nan,nan,nan,nan,nan,nan,nan,nan,nan,nan,nan,nan,nan,-0.0752152652,-0.0209778287,0.9975505471,0.0462329425,-0.4143873155,0.0598312020
-0.0088896360,0.1061742753,0.0911362842,-0.0193100757,0.0747642994,0.0020473950,-0.1000000015,0.0000000000,-0.0399999991,0.0000000000,0.0000000000,0.0000000000,0.0000000000,0.0000000000,nan,nan,nan,nan,nan,nan,nan,nan,nan,nan,nan,nan,nan,-0.0220732410,-0.0058650174,0.0021875813,-0.0100201983,-0.0029732280,0.0006528710,0.0115089882,-0.0066656410,0.0007835269,0.0000000000,0.0000000000,0.0000000000,0.0000000000,0.0000000000,0.0709201321,3.2929999828,3.2938416004,nan,nan,nan,nan,nan,nan,nan,nan,nan,nan,nan,nan,nan,-0.0752152652,-0.0209778287,0.9975505471,0.0462329425,-0.4143873155,0.0598312020
-0.0099487174,0.1058935225,0.0912270024,-0.0193100757,0.0747642994,0.0020473950,-0.1000000015,0.0000000000,-0.0399999991,0.0000000000,0.0000000000,0.0000000000,0.0000000000,0.0000000000,nan,nan,nan,nan,nan,nan,nan,nan,nan,nan,nan,nan,nan,-0.0220732410,-0.0058650174,0.0021875813,-0.0100201983,-0.0029732280,0.0006528710,0.0115089882,-0.0066656410,0.0007835269,0.0000000000,0.0000000000,0.0000000000,0.0000000000,0.0000000000,0.0741240606,3.2929999828,3.2938416004,nan,nan,nan,nan,nan,nan,nan,nan,nan,nan,nan,nan,nan,-0.0736488625,-0.0194601025,0.9991705418,0.0318171829,0.1968231648,0.0202858448
-0.0099487174,0.1058935225,0.0912270024,-0.0193100757,0.0747642994,0.0020473950,-0.1000000015,0.0000000000,-0.0399999991,0.0000000000,0.0000000000,0.0000000000,0.0000000000,0.0000000000,nan,nan,nan,nan,nan,nan,nan,nan,nan,nan,nan,nan,nan,-0.0074307625,-0.0021305070,0.0013446872,0.0128199160,0.0035011542,-0.0005716694,0.0203848779,-0.0084463684,-0.0005899841,0.0000000000,0.0000000000,0.0000000000,0.0000000000,0.0000000000,0.0741240606,3.2929999828,3.2938416004,nan,nan,nan,nan,nan,nan,nan,nan,nan,nan,nan,nan,nan,-0.0736488625,-0.0194601025,0.9991705418,0.0318171829,0.1968231648,0.0202858448
-0.0064915125,0.1068624184,0.0910536349,-0.0193100757,0.0747642994,0.0020473950,-0.1000000015,0.0000000000,-0.0399999991,0.0000000000,0.0000000000,0.0000000000,0.0000000000,0.0000000000,nan,nan,nan,nan,nan,nan,nan,nan,nan,nan,nan,nan,nan,-0.0074307625,-0.0021305070,0.0013446872,0.0128199160,0.0035011542,-0.0005716694,0.0203848779,-0.0084463684,-0.0005899841,0.0000000000,0.0000000000,0.0000000000,0.0000000000,0.0000000000,0.0741240606,3.2929999828,3.2938416004,nan,nan,nan,nan,nan,nan,nan,nan,nan,nan,nan,nan,nan,-0.0736488625,-0.0194601025,0.9991705418,0.0318171829,0.1968231648,0.0202858448
-0.0064915125,0.1068624184,0.0910536349,-0.0193100757,0.0747642994,0.0020473950,-0.1000000015,0.0000000000,-0.0399999991,0.0000000000,0.0000000000,0.0000000000,0.0000000000,0.0000000000,nan,nan,nan,nan,nan,nan,nan,nan,nan,nan,nan,nan,nan,-0.0074307625,-0.0021305070,0.0013446872,0.0128199160,0.0035011542,-0.0005716694,-0.0042665466,0.0017011517,0.0039410237,0.0000000000,0.0000000000,0.0000000000,0.0000000000,0.0000000000,0.0741240606,3.2929999828,3.2938416004,nan,nan,nan,nan,nan,nan,nan,nan,nan,nan,nan,nan,nan,-0.0757055804,-0.0166639257,0.9976361394,-0.0908063874,0.0296815094,0.0183884222
-0.0064915125,0.1068624184,0.0910536349,-0.0193100757,0.0747642994,0.0020473950,-0.1000000015,0.0000000000,-0.0399999991,0.0000000000,0.0000000000,0.0000000000,0.0000000000,0.0000000000,nan,nan,nan,nan,nan,nan,nan,nan,nan,nan,nan,nan,nan,-0.0100999959,-0.0030115980,0.0016539412,0.0070675407,0.0018830422,-0.0000705469,-0.0042665466,0.0017011517,0.0039410237,0.0000000000,0.0000000000,0.0000000000,0.0000000000,0.0000000000,0.0741240606,3.2929999828,3.2938416004,nan,nan,nan,nan,nan,nan,nan,nan,nan,nan,nan,nan,nan,-0.0757055804,-0.0166639257,0.9976361394,-0.0908063874,0.0296815094,0.0183884222
-0.0069562891,0.1067236885,0.0911232755,-0.0193100757,0.0747642994,0.0020473950,-0.1000000015,0.0000000000,-0.0399999991,0.0000000000,0.0000000000,0.0000000000,0.0000000000,0.0000000000,nan,nan,nan,nan,nan,nan,nan,nan,nan,nan,nan,nan,nan,-0.0100999959,-0.0030115980,0.0016539412,0.0070675407,0.0018830422,-0.0000705469,-0.0042665466,0.0017011517,0.0039410237,0.0000000000,0.0000000000,0.0000000000,0.0000000000,0.0000000000,0.0764376745,3.2929999828,3.2938416004,nan,nan,nan,nan,nan,nan,nan,nan,nan,nan,nan,nan,nan,-0.0747647732,-0.0195550993,0.9980782866,-0.0146156764,-0.1211467981,0.0856041238
-0.0069562891,0.1067236885,0.0911232755,-0.0193100757,0.0747642994,0.0020473950,-0.1000000015,0.0000000000,-0.0399999991,0.0000000000,0.0000000000,0.0000000000,0.0000000000,0.0000000000,nan,nan,nan,nan,nan,nan,nan,nan,nan,nan,nan,nan,nan,-0.0076577999,-0.0023368553,0.0007622736,0.0081220511,0.0022105316,-0.0004168581,0.0019313764,0.0121824061,0.0027949691,0.0000000000,0.0000000000,0.0000000000,0.0000000000,0.0000000000,0.0764376745,3.2929999828,3.2938416004,nan,nan,nan,nan,nan,nan,nan,nan,nan,nan,nan,nan,nan,-0.0747647732,-0.0195550993,0.9980782866,-0.0146156764,-0.1211467981,0.0856041238
-0.0065071881,0.1068477109,0.0910568610,-0.0193100757,0.0747642994,0.0020473950,-0.1000000015,0.0000000000,-0.0399999991,0.0000000000,0.0000000000,0.0000000000,0.0000000000,0.0000000000,nan,nan,nan,nan,nan,nan,nan,nan,nan,nan,nan,nan,nan,-0.0076577999,-0.0023368553,0.0007622736,0.0081220511,0.0022105316,-0.0004168581,0.0019313764,0.0121824061,0.0027949691,0.0000000000,0.0000000000,0.0000000000,0.0000000000,0.0000000000,0.0764376745,3.2929999828,3.2938416004,nan,nan,nan,nan,nan,nan,nan,nan,nan,nan,nan,nan,nan,-0.0747647732,-0.0195550993,0.9980782866,-0.0146156764,-0.1211467981,0.0856041238
-0.0065071881,0.1068477109,0.0910568610,-0.0193100757,0.0747642994,0.0020473950,-0.1000000015,0.0000000000,-0.0399999991,0.0000000000,0.0000000000,0.0000000000,0.0000000000,0.0000000000,nan,nan,nan,nan,nan,nan,nan,nan,nan,nan,nan,nan,nan,-0.0076577999,-0.0023368553,0.0007622736,0.0081220511,0.0022105316,-0.0004168581,0.0053700842,0.0006784835,-0.0176884122,0.0000000000,0.0000000000,0.0000000000,0.0000000000,0.0000000000,0.0764376745,3.2929999828,3.2938416004,nan,nan,nan,nan,nan,nan,nan,nan,nan,nan,nan,nan,nan,-0.0743211135,-0.0175634101,0.9958909154,0.0706711859,-0.0784692988,-0.1673505157
-0.0065071881,0.1068477109,0.0910568610,-0.0193100757,0.0747642994,0.0020473950,-0.1000000015,0.0000000000,-0.0399999991,0.0000000000,0.0000000000,0.0000000000,0.0000000000,0.0000000000,nan,nan,nan,nan,nan,nan,nan,nan,nan,nan,nan,nan,nan,-0.0101679051,-0.0031284385,0.0001996070,0.0036444720,0.0009146158,-0.0001576321,0.0053700842,0.0006784835,-0.0176884122,0.0000000000,0.0000000000,0.0000000000,0.0000000000,0.0000000000,0.0764376745,3.2929999828,3.2938416004,nan,nan,nan,nan,nan,nan,nan,nan,nan,nan,nan,nan,nan,-0.0743211135,-0.0175634101,0.9958909154,0.0706711859,-0.0784692988,-0.1673505157
-0.0069764350,0.1067050248,0.0910750180,-0.0193100757,0.0747642994,0.0020473950,-0.1000000015,0.0000000000,-0.0399999991,0.0000000000,0.0000000000,0.0000000000,0.0000000000,0.0000000000,nan,nan,nan,nan,nan,nan,nan,nan,nan,nan,nan,nan,nan,-0.0101679051,-0.0031284385,0.0001996070,0.0036444720,0.0009146158,-0.0001576321,0.0053700842,0.0006784835,-0.0176884122,0.0000000000,0.0000000000,0.0000000000,3.2641277313,0.5470181704,0.0000000000,3.2929999828,3.2938416004,nan,nan,nan,nan,nan,nan,nan,nan,nan,nan,nan,nan,nan,-0.0718768612,-0.0179421194,0.9977573156,-0.0762363076,-0.2000686079,-0.1917930692
-0.0069764350,0.1067050248,0.0910750180,-0.0193100757,0.0747642994,0.0020473950,-0.1000000015,0.0000000000,-0.0399999991,0.0000000000,0.0867475420,0.0533363856,0.0712626874,0.1091416851,nan,nan,nan,nan,nan,nan,nan,nan,nan,nan,nan,nan,nan,-0.0122807538,-0.0034035179,0.0004512410,-0.0001507302,-0.0001572369,-0.0000476702,0.0073015294,0.0132198231,-0.0035100838,0.0000000000,0.0000000000,0.0000000000,3.2641277313,0.5470181704,0.0000000000,3.2929999828,3.2938416004,nan,nan,nan,nan,nan,nan,nan,nan,nan,nan,nan,nan,nan,-0.0718768612,-0.0179421194,0.9977573156,-0.0762363076,-0.2000686079,-0.1917930692
-0.0075167879,0.1065504551,0.0910879672,-0.0193100757,0.0747642994,0.0020473950,-0.1000000015,0.0000000000,-0.0399999991,0.0000000000,0.0867475420,0.0533363856,0.0712626874,0.1091416851,nan,nan,nan,nan,nan,nan,nan,nan,nan,nan,nan,nan,nan,-0.0122807538,-0.0034035179,0.0004512410,-0.0001507302,-0.0001572369,-0.0000476702,0.0073015294,0.0132198231,-0.0035100838,-0.1185699701,-0.1804454476,-0.2622267008,3.2641277313,0.5470181704,0.0000000000,3.2929999828,3.2938416004,nan,nan,nan,nan,nan,nan,nan,nan,nan,nan,nan,nan,nan,-0.0718768612,-0.0179421194,0.9977573156,-0.0762363076,-0.2000686079,-0.1917930692
-0.0075167879,0.1065504551,0.0910879672,-0.0193100757,0.0747642994,0.0020473950,-0.1000000015,0.0000000000,-0.0399999991,0.0000000000,0.0909346193,0.0455909073,0.0684489235,0.1158800647,nan,nan,nan,nan,nan,nan,nan,nan,nan,nan,nan,nan,nan,-0.0122807538,-0.0034035179,0.0004512410,-0.0001507302,-0.0001572369,-0.0000476702,-0.0090147313,0.0134119084,0.0170458034,-0.1185699701,-0.1804454476,-0.2622267008,3.2641277313,0.5470181704,0.0000000000,3.2929999828,3.2938416004,nan,nan,nan,nan,nan,nan,nan,nan,nan,nan,nan,nan,nan,-0.0745385662,-0.0169714279,0.9990363717,-0.0793642029,-0.1776001006,0.1244735345
-0.0075167879,0.1065504551,0.0910879672,-0.0193100757,0.0747642994,0.0020473950,-0.1000000015,0.0000000000,-0.0399999991,0.0000000000,0.0909346193,0.0455909073,0.0684489235,0.1158800647,nan,nan,nan,nan,nan,nan,nan,nan,nan,nan,nan,nan,nan,0.0211457834,0.0050489591,-0.0022855930,-0.0003113417,-0.0002442656,-0.0001987843,-0.0090147313,0.0134119084,0.0170458034,-0.1185699701,-0.1804454476,-0.2622267008,3.2641277313,0.5470181704,0.0000000000,3.2929999828,3.2938416004,nan,nan,nan,nan,nan,nan,nan,nan,nan,nan,nan,nan,nan,-0.0745385662,-0.0169714279,0.9990363717,-0.0793642029,-0.1776001006,0.1244735345
-0.0069608074,0.1066759974,0.0910115317,-0.0193100757,0.0747642994,0.0020473950,-0.1000000015,0.0000000000,-0.0399999991,0.0000000000,0.0909346193,0.0455909073,0.0684489235,0.1158800647,nan,nan,nan,nan,nan,nan,nan,nan,nan,nan,nan,nan,nan,0.0211457834,0.0050489591,-0.0022855930,-0.0003113417,-0.0002442656,-0.0001987843,-0.0090147313,0.0134119084,0.0170458034,-0.1185699701,-0.1804454476,-0.2622267008,4.0111546516,3.0320260525,0.0000000000,3.2929999828,3.2938416004,nan,nan,nan,nan,nan,nan,nan,nan,nan,nan,nan,nan,nan,-0.0731402561,-0.0189480856,0.9968914390,0.0424930975,0.2048499584,-0.9724870920
-0.0069608074,0.1066759974,0.0910115317,-0.0193100757,0.0747642994,0.0020473950,-0.1000000015,0.0000000000,-0.0399999991,0.0000000000,0.1133867428,0.0195742734,0.0899244696,0.0974563211,nan,nan,nan,nan,nan,nan,nan,nan,nan,nan,nan,nan,nan,0.0545419417,0.0134903640,-0.0054659788,0.0082657011,0.0018878015,-0.0009869746,-0.0070577511,-0.0233520903,0.0030756355,-0.1185699701,-0.1804454476,-0.2622267008,4.0111546516,3.0320260525,0.0000000000,3.2929999828,3.2938416004,nan,nan,nan,nan,nan,nan,nan,nan,nan,nan,nan,nan,nan,-0.0731402561,-0.0189480856,0.9968914390,0.0424930975,0.2048499584,-0.9724870920
-0.0047333660,0.1072240472,0.0908000618,-0.0193100757,0.0747642994,0.0020473950,-0.1000000015,0.0000000000,-0.0399999991,0.0000000000,0.1133867428,0.0195742734,0.0899244696,0.0974563211,nan,nan,nan,nan,nan,nan,nan,nan,nan,nan,nan,nan,nan,0.0545419417,0.0134903640,-0.0054659788,0.0082657011,0.0018878015,-0.0009869746,-0.0070577511,-0.0233520903,0.0030756355,-0.1300675422,-0.1834273189,-0.2610683143,4.0111546516,3.0320260525,0.0000000000,3.2929999828,3.0668621063,nan,nan,nan,nan,nan,nan,nan,nan,nan,nan,nan,nan,nan,-0.0731402561,-0.0189480856,0.9968914390,0.0424930975,0.2048499584,-0.9724870920
-0.0047333660,0.1072240472,0.0908000618,-0.0193100757,0.0747642994,0.0020473950,-0.1000000015,0.0000000000,-0.0399999991,0.0000000000,0.0635690838,0.0670908689,0.0255497079,0.1637049019,nan,nan,nan,nan,nan,nan,nan,nan,nan,nan,nan,nan,nan,0.0545419417,0.0134903640,-0.0054659788,0.0082657011,0.0018878015,-0.0009869746,0.0482543595,0.0320633128,0.0136450632,-0.1300675422,-0.1834273189,-0.2610683143,4.0111546516,3.0320260525,0.0000000000,3.2929999828,3.0668621063,nan,nan,nan,nan,nan,nan,nan,nan,nan,nan,nan,nan,nan,-0.0759186745,-0.0213230047,0.9969077706,-0.3600393534,0.6972585917,2.5832731724
-0.0047333660,0.1072240472,0.0908000618,-0.0193100757,0.0747642994,0.0020473950,-0.1000000015,0.0000000000,-0.0399999991,0.0000000000,0.0635690838,0.0670908689,0.0255497079,0.1637049019,nan,nan,nan,nan,nan,nan,nan,nan,nan,nan,nan,nan,nan,0.0879995078,0.0219643023,-0.0081883101,0.0231124349,0.0056168213,-0.0022779203,0.0482543595,0.0320633128,0.0136450632,-0.1300675422,-0.1834273189,-0.2610683143,4.0111546516,3.0320260525,0.0000000000,3.2929999828,3.0668621063,nan,nan,nan,nan,nan,nan,nan,nan,nan,nan,nan,nan,nan,-0.0759186745,-0.0213230047,0.9969077706,-0.3600393534,0.6972585917,2.5832731724
-0.0008333384,0.1081948429,0.0904523060,-0.0193100757,0.0747642994,0.0020473950,-0.1000000015,0.0000000000,-0.0399999991,0.0000000000,0.0635690838,0.0670908689,0.0255497079,0.1637049019,nan,nan,nan,nan,nan,nan,nan,nan,nan,nan,nan,nan,nan,0.0879995078,0.0219643023,-0.0081883101,0.0231124349,0.0056168213,-0.0022779203,0.0482543595,0.0320633128,0.0136450632,-0.1300675422,-0.1834273189,-0.2610683143,4.4655818939,4.2424473763,0.0000000000,3.2929999828,3.0668621063,nan,nan,nan,nan,nan,nan,nan,nan,nan,nan,nan,nan,nan,-0.0756699890,-0.0132674696,0.9996013045,0.0964357257,1.9994552135,-12.2263154984
-0.0008333384,0.1081948429,0.0904523060,-0.0193100757,0.0747642994,0.0020473950,-0.1000000015,0.0000000000,-0.0399999991,0.0000000000,0.1806149483,-0.0569893979,0.1515007317,0.0439856574,nan,nan,nan,nan,nan,nan,nan,nan,nan,nan,nan,nan,nan,0.1217380017,0.0303831827,-0.0106067369,0.0433708280,0.0107137039,-0.0038636955,-0.0244592633,-0.1110715196,0.0905570015,-0.1300675422,-0.1834273189,-0.2610683143,4.4655818939,4.2424473763,0.0000000000,3.2929999828,3.0087976456,nan,nan,nan,nan,nan,nan,nan,nan,nan,nan,nan,nan,nan,-0.0756699890,-0.0132674696,0.9996013045,0.0964357257,1.9994552135,-12.2263154984
0.0047512623,0.1095888168,0.0900133401,-0.0194137648,0.0747374889,-0.0007258287,-0.1000000015,0.0000000000,-0.0399999991,0.0000000000,0.1806149483,-0.0569893979,0.1515007317,0.0439856574,nan,nan,nan,nan,nan,nan,nan,nan,nan,nan,nan,nan,nan,0.1217380017,0.0303831827,-0.0106067369,0.0433708280,0.0107137039,-0.0038636955,-0.0244592633,-0.1110715196,0.0905570015,-0.1507446766,-0.1899431646,-0.2589007616,4.4655818939,4.2424473763,0.0000000000,3.2929999828,3.0087976456,nan,nan,nan,nan,nan,nan,nan,nan,nan,nan,nan,nan,nan,-0.0756699890,-0.0132674696,0.9996013045,0.0964357257,1.9994552135,-12.2263154984
0.0047512623,0.1095888168,0.0900133401,-0.0194137648,0.0747374889,-0.0007258287,-0.1000000015,0.0000000000,-0.0399999991,0.0000000000,0.0835187361,0.0515480302,0.0936263129,0.0893537849,nan,nan,nan,nan,nan,nan,nan,nan,nan,nan,nan,nan,nan,0.1217380017,0.0303831827,-0.0106067369,0.0433708280,0.0107137039,-0.0038636955,-0.2688607574,-0.1346230209,0.0968907028,-0.1507446766,-0.1899431646,-0.2589007616,4.4655818939,4.2424473763,0.0000000000,3.2929999828,3.0087976456,nan,nan,nan,nan,nan,nan,nan,nan,nan,nan,nan,nan,nan,-0.1103087440,-0.0450660288,1.0036181211,4.9828076363,-13.0671348572,2.5721416473
0.0047512623,0.1095888168,0.0900133401,-0.0194137648,0.0747374889,-0.0007258287,-0.1000000015,0.0000000000,-0.0399999991,0.0000000000,0.0835187361,0.0515480302,0.0936263129,0.0893537849,nan,nan,nan,nan,nan,nan,nan,nan,nan,nan,nan,nan,nan,0.1551759988,0.0389715806,-0.0084887603,0.0660847723,0.0164245069,-0.0052331844,-0.2688607574,-0.1346230209,0.0968907028,-0.1507446766,-0.1899431646,-0.2589007616,4.4655818939,4.2424473763,0.0000000000,3.2929999828,3.0087976456,nan,nan,nan,nan,nan,nan,nan,nan,nan,nan,nan,nan,nan,-0.1103087440,-0.0450660288,1.0036181211,4.9828076363,-13.0671348572,2.5721416473
0.0120160794,0.1114081740,0.0895875171,-0.0166329670,0.0664309064,-0.0005526875,-0.1000000015,0.0000000000,-0.0399999991,0.0000000000,0.0835187361,0.0515480302,0.0936263129,0.0893537849,nan,nan,nan,nan,nan,nan,nan,nan,nan,nan,nan,nan,nan,0.1551759988,0.0389715806,-0.0084887603,0.0660847723,0.0164245069,-0.0052331844,-0.2688607574,-0.1346230209,0.0968907028,-0.1507446766,-0.1899431646,-0.2589007616,4.9491577148,5.4749355316,0.0000000000,3.2929999828,3.0087976456,nan,nan,nan,nan,nan,nan,nan,nan,nan,nan,nan,nan,nan,-0.0712059066,-0.0455911011,1.0035960674,24.4598121643,-48.6228218079,2.6820237637
0.0120160794,0.1114081740,0.0895875171,-0.0166329670,0.0664309064,-0.0005526875,-0.1000000015,0.0000000000,-0.0399999991,0.0000000000,-0.0015350577,0.1418478787,-0.0351903588,0.2086091489,nan,nan,nan,nan,nan,nan,nan,nan,nan,nan,nan,nan,nan,0.1798808128,0.0436638370,-0.0034780202,0.0925023928,0.0230394602,-0.0051835291,-0.3842506707,-0.0587749034,0.0893992558,-0.1507446766,-0.1899431646,-0.2589007616,4.9491577148,5.4749355316,0.0000000000,3.2929999828,2.6076247692,nan,nan,nan,nan,nan,nan,nan,nan,nan,nan,nan,nan,nan,-0.0712059066,-0.0455911011,1.0035960674,24.4598121643,-48.6228218079,2.6820237637
0.0206918977,0.1135449186,0.0894439518,0.0027683374,0.0276762704,0.0000383111,-0.1000000015,0.0000000000,-0.0399999991,0.0000000000,-0.0015350577,0.1418478787,-0.0351903588,0.2086091489,nan,nan,nan,nan,nan,nan,nan,nan,nan,nan,nan,nan,nan,0.1798808128,0.0436638370,-0.0034780202,0.0925023928,0.0230394602,-0.0051835291,-0.3842506707,-0.0587749034,0.0893992558,-0.1800788492,-0.1991635561,-0.2584816515,4.9491577148,5.4749355316,0.0000000000,3.2929999828,2.6076247692,nan,nan,nan,nan,nan,nan,nan,nan,nan,nan,nan,nan,nan,-0.0712059066,-0.0455911011,1.0035960674,24.4598121643,-48.6228218079,2.6820237637
0.0206918977,0.1135449186,0.0894439518,0.0027683374,0.0276762704,0.0000383111,-0.1000000015,0.0000000000,-0.0399999991,0.0000000000,0.0805249140,0.0593759082,0.1976531744,-0.0234836359,nan,nan,nan,nan,nan,nan,nan,nan,nan,nan,nan,nan,nan,0.1798808128,0.0436638370,-0.0034780202,0.0925023928,0.0230394602,-0.0051835291,0.2805187106,0.2784757316,-0.2894547284,-0.1800788492,-0.1991635561,-0.2584816515,4.9491577148,5.4749355316,0.0000000000,3.2929999828,2.6076247692,nan,nan,nan,nan,nan,nan,nan,nan,nan,nan,nan,nan,nan,-0.0101940921,0.0343200900,0.9729104638,11.4380578995,-35.4278793335,-2.3212621212
0.0206918977,0.1135449186,0.0894439518,0.0027683374,0.0276762704,0.0000383111,-0.1000000015,0.0000000000,-0.0399999991,0.0000000000,0.0805249140,0.0593759082,0.1976531744,-0.0234836359,nan,nan,nan,nan,nan,nan,nan,nan,nan,nan,nan,nan,nan,0.1852547675,0.0398465246,-0.0101348013,0.1146412343,0.0278349426,-0.0041540880,0.2805187106,0.2784757316,-0.2894547284,-0.1800788492,-0.1991635561,-0.2584816515,4.9491577148,5.4749355316,0.0000000000,3.2929999828,2.6076247692,nan,nan,nan,nan,nan,nan,nan,nan,nan,nan,nan,nan,nan,-0.0101940921,0.0343200900,0.9729104638,11.4380578995,-35.4278793335,-2.3212621212
0.0299342703,0.1156142280,0.0892350152,0.0110702531,-0.0027674997,-0.0000153186,-0.1000000015,0.0000000000,-0.0399999991,0.0000000000,0.0805249140,0.0593759082,0.1976531744,-0.0234836359,nan,nan,nan,nan,nan,nan,nan,nan,nan,nan,nan,nan,nan,0.1852547675,0.0398465246,-0.0101348013,0.1146412343,0.0278349426,-0.0041540880,0.2805187106,0.2784757316,-0.2894547284,-0.1800788492,-0.1991635561,-0.2584816515,4.6396894455,5.2554769516,0.0000000000,3.2929999828,2.6076247692,nan,nan,nan,nan,nan,nan,nan,nan,nan,nan,nan,nan,nan,0.0384526737,0.0126889553,0.9896798730,-4.0596923828,-7.4886045456,9.5260238647
0.0299342703,0.1156142280,0.0892350152,0.0110702531,-0.0027674997,-0.0000153186,-0.1000000015,0.0000000000,-0.0399999991,0.0000000000,-0.0030914780,0.1257526577,-0.0328282602,0.2275364399,nan,nan,nan,nan,nan,nan,nan,nan,nan,nan,nan,nan,nan,0.1852547675,0.0398465246,-0.0101348013,0.1334903687,0.0305512045,-0.0059398948,0.0195261613,-0.0002088683,-0.1660059690,-0.1800788492,-0.1991635561,-0.2584816515,4.6396894455,5.2554769516,0.0000000000,3.2929999828,2.6076247692,nan,nan,nan,nan,nan,nan,nan,nan,nan,nan,nan,nan,nan,0.0384526737,0.0126889553,0.9896798730,-4.0596923828,-7.4886045456,9.5260238647
0.0389913656,0.1173553020,0.0885734707,0.0110705078,-0.0083025203,-0.0000459573,-0.1000000015,0.0000000000,-0.0399999991,0.0000000000,-0.0030914780,0.1257526577,-0.0328282602,0.2275364399,nan,nan,nan,nan,nan,nan,nan,nan,nan,nan,nan,nan,nan,0.1788054556,0.0325220227,-0.0161648877,0.1334903687,0.0305512045,-0.0059398948,0.0195261613,-0.0002088683,-0.1660059690,-0.2058205903,-0.2042561918,-0.2554639876,4.6396894455,5.2554769516,0.0000000000,3.2929999828,2.5812318325,nan,nan,nan,nan,nan,nan,nan,nan,nan,nan,nan,nan,nan,0.0384526737,0.0126889553,0.9896798730,-4.0596923828,-7.4886045456,9.5260238647
0.0389913656,0.1173553020,0.0885734707,0.0110705078,-0.0083025203,-0.0000459573,-0.1000000015,0.0000000000,-0.0399999991,0.0000000000,0.1497978270,-0.0179018844,0.1105821356,0.0744487718,nan,nan,nan,nan,nan,nan,nan,nan,nan,nan,nan,nan,nan,0.1788054556,0.0325220227,-0.0161648877,0.1334903687,0.0305512045,-0.0059398948,0.0174885895,-0.1711754352,0.1454120725,-0.2058205903,-0.2042561918,-0.2554639876,4.6396894455,5.2554769516,0.0000000000,3.2929999828,2.5812318325,nan,nan,nan,nan,nan,nan,nan,nan,nan,nan,nan,nan,nan,-0.0080063827,-0.0009063964,1.0064039230,4.5411510468,5.4390358925,-10.9862108231
0.0389913656,0.1173553020,0.0885734707,0.0110705078,-0.0083025203,-0.0000459573,-0.1000000015,0.0000000000,-0.0399999991,0.0000000000,0.1497978270,-0.0179018844,0.1105821356,0.0744487718,nan,nan,nan,nan,nan,nan,nan,nan,nan,nan,nan,nan,nan,0.1713868976,0.0251436178,-0.0170451365,0.1425101757,0.0299565531,-0.0084474422,0.0174885895,-0.1711754352,0.1454120725,-0.2058205903,-0.2042561918,-0.2554639876,4.6396894455,5.2554769516,0.0000000000,3.2929999828,2.5812318325,nan,nan,nan,nan,nan,nan,nan,nan,nan,nan,nan,nan,nan,-0.0080063827,-0.0009063964,1.0064039230,4.5411510468,5.4390358925,-10.9862108231
0.0476732776,0.1187280938,0.0877624452,0.0138456212,-0.0055158032,-0.0028058045,-0.1000000015,0.0000000000,-0.0399999991,0.0000000000,0.1497978270,-0.0179018844,0.1105821356,0.0744487718,nan,nan,nan,nan,nan,nan,nan,nan,nan,nan,nan,nan,nan,0.1713868976,0.0251436178,-0.0170451365,0.1425101757,0.0299565531,-0.0084474422,0.0174885895,-0.1711754352,0.1454120725,-0.2058205903,-0.2042561918,-0.2554639876,4.4160990715,5.2509264946,0.0000000000,3.2929999828,2.5812318325,nan,nan,nan,nan,nan,nan,nan,nan,nan,nan,nan,nan,nan,-0.0135243563,0.0082209865,0.9957709312,6.6567440033,-13.3158788681,0.9742183089
0.0476732776,0.1187280938,0.0877624452,0.0138456212,-0.0055158032,-0.0028058045,-0.1000000015,0.0000000000,-0.0399999991,0.0000000000,0.1115648150,0.0082551315,0.1169115752,0.0777141973,nan,nan,nan,nan,nan,nan,nan,nan,nan,nan,nan,nan,nan,0.1713868976,0.0251436178,-0.0170451365,0.1503176987,0.0281387269,-0.0103680212,-0.0233458355,0.0864988044,-0.0066254805,-0.2058205903,-0.2042561918,-0.2554639876,4.4160990715,5.2509264946,0.0000000000,3.2929999828,2.5812318325,nan,nan,nan,nan,nan,nan,nan,nan,nan,nan,nan,nan,nan,-0.0135243563,0.0082209865,0.9957709312,6.6567440033,-13.3158788681,0.9742183089
0.0559918582,0.1196967959,0.0869881436,0.0166448611,-0.0137913265,-0.0056501946,-0.1000000015,0.0000000000,-0.0399999991,0.0000000000,0.1115648150,0.0082551315,0.1169115752,0.0777141973,nan,nan,nan,nan,nan,nan,nan,nan,nan,nan,nan,nan,nan,0.1637794971,0.0167134516,-0.0173308905,0.1503176987,0.0281387269,-0.0103680212,-0.0233458355,0.0864988044,-0.0066254805,-0.2239011824,-0.2080757618,-0.2519597113,4.4160990715,5.2509264946,0.0000000000,3.2929999828,2.5601172447,nan,nan,nan,nan,nan,nan,nan,nan,nan,nan,nan,nan,nan,-0.0135243563,0.0082209865,0.9957709312,6.6567440033,-13.3158788681,0.9742183089
0.0559918582,0.1196967959,0.0869881436,0.0166448611,-0.0137913265,-0.0056501946,-0.1000000015,0.0000000000,-0.0399999991,0.0000000000,0.0194766168,0.1152910665,0.0166628528,0.1623193771,nan,nan,nan,nan,nan,nan,nan,nan,nan,nan,nan,nan,nan,0.1637794971,0.0167134516,-0.0173308905,0.1503176987,0.0281387269,-0.0103680212,0.0003394170,-0.1864431202,0.0048145978,-0.2239011824,-0.2080757618,-0.2519597113,4.4160990715,5.2509264946,0.0000000000,3.2929999828,2.5601172447,nan,nan,nan,nan,nan,nan,nan,nan,nan,nan,nan,nan,nan,0.0322034918,-0.0016523481,1.0016229153,3.8006417751,-10.6515369415,2.8728413582
0.0639294535,0.1201909706,0.0861566663,0.0194684039,-0.0220591103,-0.0085182891,-0.1000000015,0.0000000000,-0.0399999991,0.0000000000,0.0194766168,0.1152910665,0.0166628528,0.1623193771,nan,nan,nan,nan,nan,nan,nan,nan,nan,nan,nan,nan,nan,0.1514732093,0.0063285846,-0.0189744905,0.1513989717,0.0239191297,-0.0116462726,0.0003394170,-0.1864431202,0.0048145978,-0.2239011824,-0.2080757618,-0.2519597113,4.4160990715,5.2509264946,0.0000000000,3.2929999828,2.5601172447,nan,nan,nan,nan,nan,nan,nan,nan,nan,nan,nan,nan,nan,0.0322034918,-0.0016523481,1.0016229153,3.8006417751,-10.6515369415,2.8728413582
0.0639294535,0.1201909706,0.0861566663,0.0194684039,-0.0220591103,-0.0085182891,-0.1000000015,0.0000000000,0.1599999964,0.0000000000,0.0194766168,0.1152910665,0.0166628528,0.1623193771,nan,nan,nan,nan,nan,nan,nan,nan,nan,nan,nan,nan,nan,0.1514732093,0.0063285846,-0.0189744905,0.1513989717,0.0239191297,-0.0116462726,0.0003394170,-0.1864431202,0.0048145978,-0.2239011824,-0.2080757618,-0.2519597113,3.9510109425,4.9956645966,0.0000000000,3.2929999828,2.5601172447,nan,nan,nan,nan,nan,nan,nan,nan,nan,nan,nan,nan,nan,0.0057611535,0.0313190036,0.9953885674,1.6331726313,-3.9560048580,-9.4718170166
0.0639294535,0.1201909706,0.0861566663,0.0194684039,-0.0220591103,-0.0085182891,-0.1000000015,0.0000000000,0.1599999964,0.0000000000,0.1424155086,-0.0155855650,0.1567589939,0.0311650280,nan,nan,nan,nan,nan,nan,nan,nan,nan,nan,nan,nan,nan,0.1393007338,-0.0032267838,-0.0220105108,0.1514272839,0.0183834322,-0.0136714131,0.0177584980,-0.1488645673,-0.1888756007,-0.2239011824,-0.2080757618,-0.2519597113,3.9510109425,4.9956645966,0.0000000000,3.2929999828,2.5601172447,nan,nan,nan,nan,nan,nan,nan,nan,nan,nan,nan,nan,nan,0.0057611535,0.0313190036,0.9953885674,1.6331726313,-3.9560048580,-9.4718170166
-0.0109407660,0.1050109342,0.0929933265,0.0222618572,-0.0275824140,-0.0086110012,-0.1000000015,0.0000000000,0.1599999964,0.0000000000,0.1424155086,-0.0155855650,0.1567589939,0.0311650280,nan,nan,nan,nan,nan,nan,nan,nan,nan,nan,nan,nan,nan,0.1393007338,-0.0032267838,-0.0220105108,0.1514272839,0.0183834322,-0.0136714131,0.0177584980,-0.1488645673,-0.1888756007,-0.2410859615,-0.2067121416,0.1528198123,3.9510109425,4.9956645966,0.0000000000,2.5120000839,2.5020527840,nan,nan,nan,nan,nan,nan,nan,nan,nan,nan,nan,nan,nan,0.0219694450,0.0020583253,1.0012618303,1.6331726313,-3.9560048580,-9.4718170166
-0.0109407660,0.1050109342,0.0929933265,0.0222618572,-0.0275824140,-0.0086110012,-0.1000000015,0.0000000000,0.1599999964,0.0000000000,-0.0375463516,0.2061066628,0.0617196932,0.1276508719,nan,nan,nan,nan,nan,nan,nan,nan,nan,nan,nan,nan,nan,0.1393007338,-0.0032267838,-0.0220105108,0.1514272839,0.0183834322,-0.0136714131,-0.2687961757,-0.1430290341,0.0340799130,-0.2410859615,-0.2067121416,0.1528198123,3.9510109425,4.9956645966,0.0000000000,2.5120000839,2.5020527840,nan,nan,nan,nan,nan,nan,nan,nan,nan,nan,nan,nan,nan,0.0219694450,0.0020583253,1.0012618303,0.5457189083,-9.6125097275,8.8512077332
-0.0138062937,0.1026397943,0.0924977362,0.0194934028,-0.0275943049,-0.0085728109,-0.1000000015,0.0000000000,0.1599999964,0.0000000000,-0.0375463516,0.2061066628,0.0617196932,0.1276508719,nan,nan,nan,nan,nan,nan,nan,nan,nan,nan,nan,nan,nan,-0.0656159148,-0.0514870882,-0.0080624279,-0.3035185635,-0.0716535822,0.0264054369,-0.2687961757,-0.1430290341,0.0340799130,-0.2410859615,-0.2067121416,0.1528198123,3.9510109425,4.9956645966,0.0000000000,2.5120000839,2.5020527840,nan,nan,nan,nan,nan,nan,nan,nan,nan,nan,nan,nan,nan,0.0219694450,0.0020583253,1.0012618303,0.5457189083,-9.6125097275,8.8512077332
-0.0138062937,0.1026397943,0.0924977362,0.0194934028,-0.0275943049,-0.0085728109,-0.1000000015,0.0000000000,0.1599999964,0.0000000000,-0.0375463516,0.2061066628,0.0617196932,0.1276508719,nan,nan,nan,nan,nan,nan,nan,nan,nan,nan,nan,nan,nan,-0.0656159148,-0.0514870882,-0.0080624279,-0.3035185635,-0.0716535822,0.0264054369,-0.2687961757,-0.1430290341,0.0340799130,-0.2410859615,-0.2067121416,0.1528198123,2.1163473129,0.7563763857,0.0000000000,2.5120000839,2.5020527840,nan,nan,nan,nan,nan,nan,nan,nan,nan,nan,nan,nan,nan,0.0721046776,0.0107857762,0.9850705862,-4.4873695374,43.1450386047,1.9098517895
-0.0138062937,0.1026397943,0.0924977362,0.0194934028,-0.0275943049,-0.0085728109,-0.1000000015,0.0000000000,0.1599999964,0.0000000000,0.1588250548,0.0025055315,0.0888349786,0.1325062960,nan,nan,nan,nan,nan,nan,nan,nan,nan,nan,nan,nan,nan,-0.0842946023,-0.0619950108,-0.0144136734,-0.2442207038,-0.0679617897,0.0160208270,0.1417374760,-0.0359355994,-0.0585815012,-0.2410859615,-0.2067121416,0.1528198123,2.1163473129,0.7563763857,0.0000000000,2.5120000839,2.4545454979,nan,nan,nan,nan,nan,nan,nan,nan,nan,nan,nan,nan,nan,0.0721046776,0.0107857762,0.9850705862,-4.4873695374,43.1450386047,1.9098517895
-0.0178745985,0.0996106640,0.0917338505,0.0193620875,0.0083290583,-0.0026870589,-0.1000000015,0.0000000000,0.1599999964,0.0000000000,0.1588250548,0.0025055315,0.0888349786,0.1325062960,nan,nan,nan,nan,nan,nan,nan,nan,nan,nan,nan,nan,nan,-0.0842946023,-0.0619950108,-0.0144136734,-0.2442207038,-0.0679617897,0.0160208270,0.1417374760,-0.0359355994,-0.0585815012,-0.0950171724,-0.1615621001,0.1384087950,2.1163473129,0.7563763857,0.0000000000,2.5120000839,2.4545454979,nan,nan,nan,nan,nan,nan,nan,nan,nan,nan,nan,nan,nan,0.0721046776,0.0107857762,0.9850705862,-4.4873695374,43.1450386047,1.9098517895
-0.0178745985,0.0996106640,0.0917338505,0.0193620875,0.0083290583,-0.0026870589,-0.1000000015,0.0000000000,0.3600000143,0.0000000000,0.0532753505,0.1113450825,0.0342442989,0.1812802404,nan,nan,nan,nan,nan,nan,nan,nan,nan,nan,nan,nan,nan,-0.0842946023,-0.0619950108,-0.0144136734,-0.2442207038,-0.0679617897,0.0160208270,-0.4814239442,0.0367032364,-0.0630581304,-0.0950171724,-0.1615621001,0.1384087950,2.1163473129,0.7563763857,0.0000000000,2.5120000839,2.4545454979,nan,nan,nan,nan,nan,nan,nan,nan,nan,nan,nan,nan,nan,-0.0524164513,-0.0021922791,0.9930571318,-2.9653003216,23.6369438171,-5.1552042961
-0.0224405229,0.0959550589,0.0909237936,0.0164742414,0.0332795596,-0.0080299191,-0.1000000015,0.0000000000,0.3600000143,0.0000000000,0.0532753505,0.1113450825,0.0342442989,0.1812802404,nan,nan,nan,nan,nan,nan,nan,nan,nan,nan,nan,nan,nan,-0.0922327861,-0.0767720565,-0.0139143663,-0.1999028623,-0.0672130808,0.0072939885,-0.4814239442,0.0367032364,-0.0630581304,-0.0950171724,-0.1615621001,0.1384087950,2.1163473129,0.7563763857,0.0000000000,2.5120000839,2.4545454979,nan,nan,nan,nan,nan,nan,nan,nan,nan,nan,nan,nan,nan,-0.0524164513,-0.0021922791,0.9930571318,-2.9653003216,23.6369438171,-5.1552042961
-0.0224405229,0.0959550589,0.0909237936,0.0164742414,0.0332795596,-0.0080299191,-0.1000000015,0.0000000000,0.3600000143,0.0000000000,0.0532753505,0.1113450825,0.0342442989,0.1812802404,nan,nan,nan,nan,nan,nan,nan,nan,nan,nan,nan,nan,nan,-0.0922327861,-0.0767720565,-0.0139143663,-0.1999028623,-0.0672130808,0.0072939885,-0.2365544587,-0.1902971715,0.1254496723,-0.0950171724,-0.1615621001,0.1384087950,1.0794793367,-0.0392678455,0.0000000000,2.5120000839,2.4545454979,nan,nan,nan,nan,nan,nan,nan,nan,nan,nan,nan,nan,nan,-0.0494646654,0.0039601461,1.0230225325,1.1604548693,-7.4790792465,-4.5244483948
-0.0224405229,0.0959550589,0.0909237936,0.0164742414,0.0332795596,-0.0080299191,-0.1000000015,0.0000000000,0.3600000143,0.0000000000,0.0283054858,0.1768185049,0.0437964462,0.2014526576,nan,nan,nan,nan,nan,nan,nan,nan,nan,nan,nan,nan,nan,-0.0896438956,-0.0855426043,-0.0097453017,-0.1722754836,-0.0712853447,0.0012179485,-0.2365544587,-0.1902971715,0.1254496723,-0.0950171724,-0.1615621001,0.1384087950,1.0794793367,-0.0392678455,0.0000000000,2.5120000839,2.4545454979,nan,nan,nan,nan,nan,nan,nan,nan,nan,nan,nan,nan,nan,-0.0494646654,0.0039601461,1.0230225325,1.1604548693,-7.4790792465,-4.5244483948
-0.0269297026,0.0917367339,0.0902448818,0.0136499240,0.0277707490,-0.0136499240,-0.1000000015,0.0000000000,0.3600000143,0.0000000000,0.0283054858,0.1768185049,0.0437964462,0.2014526576,nan,nan,nan,nan,nan,nan,nan,nan,nan,nan,nan,nan,nan,-0.0896438956,-0.0855426043,-0.0097453017,-0.1722754836,-0.0712853447,0.0012179485,-0.2365544587,-0.1902971715,0.1254496723,-0.0798129290,-0.1459282637,0.5413263440,1.0794793367,-0.0392678455,0.0000000000,2.5120000839,2.3912024498,nan,nan,nan,nan,nan,nan,nan,nan,nan,nan,nan,nan,nan,-0.0494646654,0.0039601461,1.0230225325,1.1604548693,-7.4790792465,-4.5244483948
-0.0269297026,0.0917367339,0.0902448818,0.0136499240,0.0277707490,-0.0136499240,-0.1000000015,0.0000000000,0.3600000143,0.0000000000,0.1569573581,0.0549965687,0.1296009868,0.1117601320,nan,nan,nan,nan,nan,nan,nan,nan,nan,nan,nan,nan,nan,-0.0896438956,-0.0855426043,-0.0097453017,-0.1722754836,-0.0712853447,0.0012179485,0.0103980340,0.0657332614,-0.1157737076,-0.0798129290,-0.1459282637,0.5413263440,1.0794793367,-0.0392678455,0.0000000000,2.5120000839,2.3912024498,nan,nan,nan,nan,nan,nan,nan,nan,nan,nan,nan,nan,nan,-0.0266514476,0.0031736854,0.9902436137,8.5332174301,-15.5261411667,-2.4710290432
-0.0313855447,0.0869514793,0.0896387696,0.0220276644,0.0167572294,-0.0136545687,-0.1000000015,0.0000000000,0.3600000143,0.0000000000,0.1569573581,0.0549965687,0.1296009868,0.1117601320,nan,nan,nan,nan,nan,nan,nan,nan,nan,nan,nan,nan,nan,-0.0901141167,-0.0995852500,-0.0101615721,-0.1478022337,-0.0756167844,-0.0021478094,0.0103980340,0.0657332614,-0.1157737076,-0.0798129290,-0.1459282637,0.5413263440,1.0794793367,-0.0392678455,0.0000000000,2.5120000839,2.3912024498,nan,nan,nan,nan,nan,nan,nan,nan,nan,nan,nan,nan,nan,-0.0266514476,0.0031736854,0.9902436137,8.5332174301,-15.5261411667,-2.4710290432
-0.0313855447,0.0869514793,0.0896387696,0.0220276644,0.0167572294,-0.0136545687,-0.1000000015,0.0000000000,0.3600000143,0.0000000000,0.1569573581,0.0549965687,0.1296009868,0.1117601320,nan,nan,nan,nan,nan,nan,nan,nan,nan,nan,nan,nan,nan,-0.0901141167,-0.0995852500,-0.0101615721,-0.1478022337,-0.0756167844,-0.0021478094,0.0103980340,0.0657332614,-0.1157737076,-0.0798129290,-0.1459282637,0.5413263440,0.1784636378,-0.3380464315,0.0000000000,2.5120000839,2.3912024498,nan,nan,nan,nan,nan,nan,nan,nan,nan,nan,nan,nan,nan,0.0136511289,0.0221830886,0.9749393463,-3.1052408218,-0.1246842369,8.5416164398
-0.0313855447,0.0869514793,0.0896387696,0.0220276644,0.0167572294,-0.0136545687,-0.1000000015,0.0000000000,0.3600000143,0.0000000000,0.0402960256,0.1706447005,0.0253543910,0.2228549719,nan,nan,nan,nan,nan,nan,nan,nan,nan,nan,nan,nan,nan,-0.0940471441,-0.1113055348,-0.0169127733,-0.1338494569,-0.0839319974,-0.0057694032,0.0848911479,0.1275904328,-0.1937790811,-0.0798129290,-0.1459282637,0.5413263440,0.1784636378,-0.3380464315,0.0000000000,2.5120000839,2.3912024498,nan,nan,nan,nan,nan,nan,nan,nan,nan,nan,nan,nan,nan,0.0136511289,0.0221830886,0.9749393463,-3.1052408218,-0.1246842369,8.5416164398
-0.0360391624,0.0814669803,0.0887173563,0.0220276644,0.0167572294,-0.0136545687,-0.1000000015,0.0000000000,0.3600000143,0.0000000000,0.0402960256,0.1706447005,0.0253543910,0.2228549719,nan,nan,nan,nan,nan,nan,nan,nan,nan,nan,nan,nan,nan,-0.0940471441,-0.1113055348,-0.0169127733,-0.1338494569,-0.0839319974,-0.0057694032,0.0848911479,0.1275904328,-0.1937790811,-0.0692077056,-0.1253534555,0.5449541807,0.1784636378,-0.3380464315,0.0000000000,2.5120000839,2.4228739738,nan,nan,nan,nan,nan,nan,nan,nan,nan,nan,nan,nan,nan,0.0136511289,0.0221830886,0.9749393463,-3.1052408218,-0.1246842369,8.5416164398
-0.0360391624,0.0814669803,0.0887173563,0.0220276644,0.0167572294,-0.0136545687,-0.1000000015,0.0000000000,0.5600000024,0.0000000000,0.1909208894,0.0191042963,0.1793850660,0.0713633969,nan,nan,nan,nan,nan,nan,nan,nan,nan,nan,nan,nan,nan,-0.0940471441,-0.1113055348,-0.0169127733,-0.1220646352,-0.0920422152,-0.0098054754,0.0127621768,-0.0055395155,0.1690617204,-0.0692077056,-0.1253534555,0.5449541807,0.1784636378,-0.3380464315,0.0000000000,2.5120000839,2.4228739738,nan,nan,nan,nan,nan,nan,nan,nan,nan,nan,nan,nan,nan,-0.0213586651,0.0347133391,1.0036823750,-8.0344295502,7.4624738693,-10.3076095581
-0.0360391624,0.0814669803,0.0887173563,0.0220276644,0.0167572294,-0.0136545687,-0.1000000015,0.0000000000,0.5600000024,0.0000000000,0.1909208894,0.0191042963,0.1793850660,0.0713633969,nan,nan,nan,nan,nan,nan,nan,nan,nan,nan,nan,nan,nan,-0.0996619463,-0.1277559549,-0.0167169105,-0.1220646352,-0.0920422152,-0.0098054754,0.0127621768,-0.0055395155,0.1690617204,-0.0692077056,-0.1253534555,0.5449541807,0.1784636378,-0.3380464315,0.0000000000,2.5120000839,2.4228739738,nan,nan,nan,nan,nan,nan,nan,nan,nan,nan,nan,nan,nan,-0.0213586651,0.0347133391,1.0036823750,-8.0344295502,7.4624738693,-10.3076095581
-0.0409335196,0.0752791911,0.0876682997,0.0164733331,0.0194868714,-0.0136784274,-0.1000000015,0.0000000000,0.5600000024,0.0000000000,0.1909208894,0.0191042963,0.1793850660,0.0713633969,nan,nan,nan,nan,nan,nan,nan,nan,nan,nan,nan,nan,nan,-0.0996619463,-0.1277559549,-0.0167169105,-0.1220646352,-0.0920422152,-0.0098054754,0.0127621768,-0.0055395155,0.1690617204,-0.0692077056,-0.1253534555,0.5449541807,-0.8115450144,-0.6362477541,0.0000000000,2.5120000839,2.4228739738,nan,nan,nan,nan,nan,nan,nan,nan,nan,nan,nan,nan,nan,-0.0173251163,-0.0040012691,1.0047811270,3.5701630116,-1.6192002296,6.1528334618
-0.0409335196,0.0752791911,0.0876682997,0.0164733331,0.0194868714,-0.0136784274,-0.1000000015,0.0000000000,0.5600000024,0.0000000000,0.1511253566,0.0997634903,0.1443381459,0.1348348260,nan,nan,nan,nan,nan,nan,nan,nan,nan,nan,nan,nan,nan,-0.1022601873,-0.1366293579,-0.0131767513,-0.1172346175,-0.1033553034,-0.0121916831,-0.0664147139,-0.2827314138,-0.2153775245,-0.0692077056,-0.1253534555,0.5449541807,-0.8115450144,-0.6362477541,0.0000000000,2.5120000839,2.3912024498,nan,nan,nan,nan,nan,nan,nan,nan,nan,nan,nan,nan,nan,-0.0173251163,-0.0040012691,1.0047811270,3.5701630116,-1.6192002296,6.1528334618
-0.0460110903,0.0685077980,0.0867874250,0.0137053830,0.0194679233,-0.0137053830,-0.1000000015,0.0000000000,0.5600000024,0.0000000000,0.1511253566,0.0997634903,0.1443381459,0.1348348260,nan,nan,nan,nan,nan,nan,nan,nan,nan,nan,nan,nan,nan,-0.1022601873,-0.1366293579,-0.0131767513,-0.1172346175,-0.1033553034,-0.0121916831,-0.0664147139,-0.2827314138,-0.2153775245,-0.0553535111,-0.0997440293,0.9485374689,-0.8115450144,-0.6362477541,0.0000000000,2.5120000839,2.3912024498,nan,nan,nan,nan,nan,nan,nan,nan,nan,nan,nan,nan,nan,-0.0173251163,-0.0040012691,1.0047811270,3.5701630116,-1.6192002296,6.1528334618
-0.0460110903,0.0685077980,0.0867874250,0.0137053830,0.0194679233,-0.0137053830,-0.1000000015,0.0000000000,0.5600000024,0.0000000000,0.1189776510,0.0486518666,0.1101701409,0.2398352027,nan,nan,nan,nan,nan,nan,nan,nan,nan,nan,nan,nan,nan,-0.1022601873,-0.1366293579,-0.0131767513,-0.1172346175,-0.1033553034,-0.0121916831,-0.0336170942,0.0667282641,-0.0870504230,-0.0553535111,-0.0997440293,0.9485374689,-0.8115450144,-0.6362477541,0.0000000000,2.5120000839,2.3912024498,nan,nan,nan,nan,nan,nan,nan,nan,nan,nan,nan,nan,nan,-0.0100068934,0.0242110230,0.9963092208,-4.4138417244,-7.8700919151,0.3778957725
-0.0079910131,0.1031636149,0.0927435011,0.0137041232,0.0139708864,-0.0192782869,-0.1000000015,0.0000000000,0.5600000024,0.0000000000,0.1189776510,0.0486518666,0.1101701409,0.2398352027,nan,nan,nan,nan,nan,nan,nan,nan,nan,nan,nan,nan,nan,0.0225685760,-0.0255646594,-0.0049756784,0.1069434360,0.1002269387,0.0217979811,-0.0336170942,0.0667282641,-0.0870504230,-0.0553535111,-0.0997440293,0.9485374689,-0.8115450144,-0.6362477541,0.0000000000,2.5120000839,2.3912024498,nan,nan,nan,nan,nan,nan,nan,nan,nan,nan,nan,nan,nan,-0.0100068934,0.0242110230,0.9963092208,-4.4138417244,-7.8700919151,0.3778957725
-0.0079910131,0.1031636149,0.0927435011,0.0137041232,0.0139708864,-0.0192782869,-0.1000000015,0.0000000000,0.5600000024,0.0000000000,0.1189776510,0.0486518666,0.1101701409,0.2398352027,nan,nan,nan,nan,nan,nan,nan,nan,nan,nan,nan,nan,nan,0.0225685760,-0.0255646594,-0.0049756784,0.1069434360,0.1002269387,0.0217979811,-0.0336170942,0.0667282641,-0.0870504230,-0.0553535111,-0.0997440293,0.9485374689,2.1542453766,1.4380476475,0.0000000000,2.5120000839,2.3912024498,nan,nan,nan,nan,nan,nan,nan,nan,nan,nan,nan,nan,nan,-0.0443535484,-0.0054735998,1.0380612612,8.6049690247,-23.0596580505,-5.4678440094
-0.0079910131,0.1031636149,0.0927435011,0.0137041232,0.0139708864,-0.0192782869,-0.1000000015,0.0000000000,0.5600000024,0.0000000000,0.1640131325,0.0829449967,0.2522957325,0.0343724750,nan,nan,nan,nan,nan,nan,nan,nan,nan,nan,nan,nan,nan,0.0220408067,-0.0291683078,0.0034373365,0.0851776302,0.0668869540,0.0156241888,0.0317672305,-0.0254484527,0.2286460251,-0.0553535111,-0.0997440293,0.9485374689,2.1542453766,1.4380476475,0.0000000000,2.5120000839,2.3753666878,nan,nan,nan,nan,nan,nan,nan,nan,nan,nan,nan,nan,nan,-0.0443535484,-0.0054735998,1.0380612612,8.6049690247,-23.0596580505,-5.4678440094
-0.0068941214,0.1017254740,0.0928300694,0.0193990413,-0.0025796292,-0.0193990413,-0.1000000015,0.0000000000,0.5600000024,0.0000000000,0.1640131325,0.0829449967,0.2522957325,0.0343724750,nan,nan,nan,nan,nan,nan,nan,nan,nan,nan,nan,nan,nan,0.0220408067,-0.0291683078,0.0034373365,0.0851776302,0.0668869540,0.0156241888,0.0317672305,-0.0254484527,0.2286460251,-0.1229384616,-0.1731063724,0.9339562654,2.1542453766,1.4380476475,0.0000000000,2.5120000839,2.3753666878,nan,nan,nan,nan,nan,nan,nan,nan,nan,nan,nan,nan,nan,-0.0443535484,-0.0054735998,1.0380612612,8.6049690247,-23.0596580505,-5.4678440094
-0.0068941214,0.1017254740,0.0928300694,0.0193990413,-0.0025796292,-0.0193990413,-0.1000000015,0.0000000000,0.7599999905,0.0000000000,0.0595132373,0.1791256666,0.0556008257,0.2469550669,nan,nan,nan,nan,nan,nan,nan,nan,nan,nan,nan,nan,nan,0.0220408067,-0.0291683078,0.0034373365,0.0851776302,0.0668869540,0.0156241888,0.2004583627,0.1985079944,-0.0260054935,-0.1229384616,-0.1731063724,0.9339562654,2.1542453766,1.4380476475,0.0000000000,2.5120000839,2.3753666878,nan,nan,nan,nan,nan,nan,nan,nan,nan,nan,nan,nan,nan,0.0360152312,0.0276974645,0.9745346904,6.4936881065,-15.2589864731,8.7699766159
-0.0068941214,0.1017254740,0.0928300694,0.0193990413,-0.0025796292,-0.0193990413,-0.1000000015,0.0000000000,0.7599999905,0.0000000000,0.0595132373,0.1791256666,0.0556008257,0.2469550669,nan,nan,nan,nan,nan,nan,nan,nan,nan,nan,nan,nan,nan,-0.0020321205,-0.0232888963,-0.0000662031,0.0519995540,0.0552508906,0.0127586015,0.2004583627,0.1985079944,-0.0260054935,-0.1229384616,-0.1731063724,0.9339562654,2.1542453766,1.4380476475,0.0000000000,2.5120000839,2.3753666878,nan,nan,nan,nan,nan,nan,nan,nan,nan,nan,nan,nan,nan,0.0360152312,0.0276974645,0.9745346904,6.4936881065,-15.2589864731,8.7699766159
-0.0090755476,0.1031452939,0.0930119976,0.0249705360,-0.0109313176,-0.0112077384,-0.1000000015,0.0000000000,0.7599999905,0.0000000000,0.0595132373,0.1791256666,0.0556008257,0.2469550669,nan,nan,nan,nan,nan,nan,nan,nan,nan,nan,nan,nan,nan,-0.0020321205,-0.0232888963,-0.0000662031,0.0519995540,0.0552508906,0.0127586015,0.2004583627,0.1985079944,-0.0260054935,-0.1229384616,-0.1731063724,0.9339562654,2.6447262764,1.2646257877,0.0000000000,2.5120000839,2.3753666878,nan,nan,nan,nan,nan,nan,nan,nan,nan,nan,nan,nan,nan,0.0286497436,0.0309142694,0.9776326418,-2.0150823593,6.2729101181,-5.7621340752
-0.0090755476,0.1031452939,0.0930119976,0.0249705360,-0.0109313176,-0.0112077384,-0.1000000015,0.0000000000,0.7599999905,0.0000000000,0.1920134276,0.0605600066,0.1590356380,0.1631189436,nan,nan,nan,nan,nan,nan,nan,nan,nan,nan,nan,nan,nan,-0.0129029192,-0.0303192288,-0.0048807892,0.0367317870,0.0338366628,0.0089869406,0.2734681964,-0.0576552264,-0.1147732437,-0.1229384616,-0.1731063724,0.9339562654,2.6447262764,1.2646257877,0.0000000000,2.5120000839,2.3225805759,nan,nan,nan,nan,nan,nan,nan,nan,nan,nan,nan,nan,nan,0.0286497436,0.0309142694,0.9776326418,-2.0150823593,6.2729101181,-5.7621340752
-0.0096474662,0.1016725749,0.0928365216,0.0249547199,-0.0081640045,-0.0111730467,-0.1000000015,0.0000000000,0.7599999905,0.0000000000,0.1920134276,0.0605600066,0.1590356380,0.1631189436,nan,nan,nan,nan,nan,nan,nan,nan,nan,nan,nan,nan,nan,-0.0129029192,-0.0303192288,-0.0048807892,0.0367317870,0.0338366628,0.0089869406,0.2734681964,-0.0576552264,-0.1147732437,-0.1151735708,-0.1705942750,1.1000000238,2.6447262764,1.2646257877,0.0000000000,2.5120000839,2.3225805759,nan,nan,nan,nan,nan,nan,nan,nan,nan,nan,nan,nan,nan,-0.0101532629,0.0104384106,1.0062788725,-2.0150823593,6.2729101181,-5.7621340752
-0.0096474662,0.1016725749,0.0928365216,0.0249547199,-0.0081640045,-0.0111730467,-0.1000000015,0.0000000000,0.7599999905,0.0000000000,0.1071488559,0.1468650401,0.1110185459,0.2137605995,nan,nan,nan,nan,nan,nan,nan,nan,nan,nan,nan,nan,nan,-0.0129029192,-0.0303192288,-0.0048807892,0.0214037653,0.0151833249,0.0051207272,-0.2144366652,0.0861149579,0.2361094058,-0.1151735708,-0.1705942750,1.1000000238,2.6447262764,1.2646257877,0.0000000000,2.5120000839,2.3225805759,nan,nan,nan,nan,nan,nan,nan,nan,nan,nan,nan,nan,nan,-0.0101532629,0.0104384106,1.0062788725,1.8449720144,14.3666152954,1.8398153782
-0.0108017726,0.0997838452,0.0925934687,0.0221251914,0.0028898791,-0.0110389394,-0.1000000015,0.0000000000,0.7599999905,0.0000000000,0.1071488559,0.1468650401,0.1110185459,0.2137605995,nan,nan,nan,nan,nan,nan,nan,nan,nan,nan,nan,nan,nan,-0.0259985048,-0.0401353054,-0.0037779030,0.0214037653,0.0151833249,0.0051207272,-0.2144366652,0.0861149579,0.2361094058,-0.1151735708,-0.1705942750,1.1000000238,2.6447262764,1.2646257877,0.0000000000,2.5120000839,2.3225805759,nan,nan,nan,nan,nan,nan,nan,nan,nan,nan,nan,nan,nan,-0.0101532629,0.0104384106,1.0062788725,1.8449720144,14.3666152954,1.8398153782
-0.0108017726,0.0997838452,0.0925934687,0.0221251914,0.0028898791,-0.0110389394,-0.1000000015,0.0000000000,0.7599999905,0.0000000000,0.1071488559,0.1468650401,0.1110185459,0.2137605995,nan,nan,nan,nan,nan,nan,nan,nan,nan,nan,nan,nan,nan,-0.0259985048,-0.0401353054,-0.0037779030,0.0214037653,0.0151833249,0.0051207272,-0.2144366652,0.0861149579,0.2361094058,-0.1151735708,-0.1705942750,1.1000000238,2.2298147678,0.9589671493,0.0000000000,2.5120000839,2.3225805759,nan,nan,nan,nan,nan,nan,nan,nan,nan,nan,nan,nan,nan,-0.0114812013,0.0181807056,1.0140882730,-2.0269322395,-2.0915191174,-2.1188673973
-0.0108017726,0.0997838452,0.0925934687,0.0221251914,0.0028898791,-0.0110389394,-0.1000000015,0.0000000000,0.7599999905,0.0000000000,0.0759746730,0.1840451658,0.0732280463,0.2503181696,nan,nan,nan,nan,nan,nan,nan,nan,nan,nan,nan,nan,nan,-0.0313994586,-0.0461251102,-0.0027819325,0.0082529001,-0.0002222906,0.0025963427,-0.2568845451,-0.0297079310,0.1321330518,-0.1151735708,-0.1705942750,1.1000000238,2.2298147678,0.9589671493,0.0000000000,2.5120000839,2.2909090519,nan,nan,nan,nan,nan,nan,nan,nan,nan,nan,nan,nan,nan,-0.0114812013,0.0181807056,1.0140882730,-2.0269322395,-2.0915191174,-2.1188673973
-0.0123376371,0.0975150019,0.0924038813,0.0193535398,0.0029013841,-0.0138104025,-0.1000000015,0.0000000000,0.7599999905,0.0000000000,0.0759746730,0.1840451658,0.0732280463,0.2503181696,nan,nan,nan,nan,nan,nan,nan,nan,nan,nan,nan,nan,nan,-0.0313994586,-0.0461251102,-0.0027819325,0.0082529001,-0.0002222906,0.0025963427,-0.2568845451,-0.0297079310,0.1321330518,-0.1073803380,-0.1616469473,1.1000000238,2.2298147678,0.9589671493,0.0000000000,2.5120000839,2.2909090519,nan,nan,nan,nan,nan,nan,nan,nan,nan,nan,nan,nan,nan,-0.0114812013,0.0181807056,1.0140882730,-2.0269322395,-2.0915191174,-2.1188673973
-0.0123376371,0.0975150019,0.0924038813,0.0193535398,0.0029013841,-0.0138104025,-0.1000000015,0.0000000000,0.9599999785,0.0000000000,0.2041168958,0.0440802649,0.2159823030,0.1224994287,nan,nan,nan,nan,nan,nan,nan,nan,nan,nan,nan,nan,nan,-0.0313994586,-0.0461251102,-0.0027819325,0.0196090639,0.0348378457,0.0048187752,0.1119443178,0.0438526683,-0.0645696372,-0.1073803380,-0.1616469473,1.1000000238,2.2298147678,0.9589671493,0.0000000000,2.5120000839,2.2909090519,nan,nan,nan,nan,nan,nan,nan,nan,nan,nan,nan,nan,nan,-0.0108287903,0.0277196039,1.0004267693,1.8793796301,-4.2306604385,-6.3989887238
-0.0097074136,0.1044307798,0.0929432958,0.0221558211,-0.0026447811,-0.0111002101,-0.1000000015,0.0000000000,0.9599999785,0.0000000000,0.2041168958,0.0440802649,0.2159823030,0.1224994287,nan,nan,nan,nan,nan,nan,nan,nan,nan,nan,nan,nan,nan,-0.0230568964,-0.0172104742,-0.0025295522,0.0196090639,0.0348378457,0.0048187752,0.1119443178,0.0438526683,-0.0645696372,-0.1073803380,-0.1616469473,1.1000000238,2.2298147678,0.9589671493,0.0000000000,2.5120000839,2.2909090519,nan,nan,nan,nan,nan,nan,nan,nan,nan,nan,nan,nan,nan,-0.0108287903,0.0277196039,1.0004267693,1.8793796301,-4.2306604385,-6.3989887238
-0.0097074136,0.1044307798,0.0929432958,0.0221558211,-0.0026447811,-0.0111002101,-0.1000000015,0.0000000000,0.9599999785,0.0000000000,0.2041168958,0.0440802649,0.2159823030,0.1224994287,nan,nan,nan,nan,nan,nan,nan,nan,nan,nan,nan,nan,nan,-0.0230568964,-0.0172104742,-0.0025295522,0.0196090639,0.0348378457,0.0048187752,0.1119443178,0.0438526683,-0.0645696372,-0.1073803380,-0.1616469473,1.1000000238,2.6370718479,0.8384436965,0.0000000000,2.5120000839,2.2909090519,nan,nan,nan,nan,nan,nan,nan,nan,nan,nan,nan,nan,nan,0.0110958768,0.0158951283,1.0212744474,2.3574979305,-0.6865175962,8.5497064590
-0.0097074136,0.1044307798,0.0929432958,0.0221558211,-0.0026447811,-0.0111002101,-0.1000000015,0.0000000000,0.9599999785,0.0000000000,0.1225330010,0.1453360915,0.0935103372,0.2320866734,nan,nan,nan,nan,nan,nan,nan,nan,nan,nan,nan,nan,nan,-0.0304338150,-0.0212612189,-0.0012419898,0.0073428894,0.0201860443,0.0026562463,-0.1210802123,0.0703977495,0.2162405699,-0.1073803380,-0.1616469473,1.1000000238,2.6370718479,0.8384436965,0.0000000000,2.5120000839,2.2539589405,nan,nan,nan,nan,nan,nan,nan,nan,nan,nan,nan,nan,nan,0.0110958768,0.0158951283,1.0212744474,2.3574979305,-0.6865175962,8.5497064590
-0.0111803496,0.1033924744,0.0928022563,0.0221521414,-0.0026754370,-0.0083327987,-0.1000000015,0.0000000000,0.9599999785,0.0000000000,0.1225330010,0.1453360915,0.0935103372,0.2320866734,nan,nan,nan,nan,nan,nan,nan,nan,nan,nan,nan,nan,nan,-0.0304338150,-0.0212612189,-0.0012419898,0.0073428894,0.0201860443,0.0026562463,-0.1210802123,0.0703977495,0.2162405699,-0.1109663099,-0.1751614064,1.1000000238,2.6370718479,0.8384436965,0.0000000000,2.5120000839,2.2539589405,nan,nan,nan,nan,nan,nan,nan,nan,nan,nan,nan,nan,nan,0.0110958768,0.0158951283,1.0212744474,2.3574979305,-0.6865175962,8.5497064590
-0.0111803496,0.1033924744,0.0928022563,0.0221521414,-0.0026754370,-0.0083327987,-0.1000000015,0.0000000000,0.9599999785,0.0000000000,0.0916029662,0.1698817462,0.0777538717,0.2591592371,nan,nan,nan,nan,nan,nan,nan,nan,nan,nan,nan,nan,nan,-0.0304338150,-0.0212612189,-0.0012419898,-0.0039466405,0.0085017113,0.0013676834,-0.1437110007,-0.1005382538,0.0081814248,-0.1109663099,-0.1751614064,1.1000000238,2.6370718479,0.8384436965,0.0000000000,2.5120000839,2.2539589405,nan,nan,nan,nan,nan,nan,nan,nan,nan,nan,nan,nan,nan,0.0166768804,0.0263466779,0.9931998253,3.5735032558,3.0540416241,-1.6652810574
-0.0111803496,0.1033924744,0.0928022563,0.0221521414,-0.0026754370,-0.0083327987,-0.1000000015,0.0000000000,0.9599999785,0.0000000000,0.0916029662,0.1698817462,0.0777538717,0.2591592371,nan,nan,nan,nan,nan,nan,nan,nan,nan,nan,nan,nan,nan,-0.0410922021,-0.0285201687,-0.0024461981,-0.0039466405,0.0085017113,0.0013676834,-0.1437110007,-0.1005382538,0.0081814248,-0.1109663099,-0.1751614064,1.1000000238,2.6370718479,0.8384436965,0.0000000000,2.5120000839,2.2539589405,nan,nan,nan,nan,nan,nan,nan,nan,nan,nan,nan,nan,nan,0.0166768804,0.0263466779,0.9931998253,3.5735032558,3.0540416241,-1.6652810574
-0.0131090889,0.1020638868,0.0926648453,0.0249083000,0.0001034003,-0.0083020035,-0.1000000015,0.0000000000,1.1599999666,0.0000000000,0.0916029662,0.1698817462,0.0777538717,0.2591592371,nan,nan,nan,nan,nan,nan,nan,nan,nan,nan,nan,nan,nan,-0.0410922021,-0.0285201687,-0.0024461981,-0.0039466405,0.0085017113,0.0013676834,-0.1437110007,-0.1005382538,0.0081814248,-0.1109663099,-0.1751614064,1.1000000238,2.5926826000,0.6637700200,0.0000000000,2.5120000839,2.2539589405,nan,nan,nan,nan,nan,nan,nan,nan,nan,nan,nan,nan,nan,-0.0243865941,0.0343273878,1.0162688494,-1.7929614782,-0.1585672796,-5.7094068527
-0.0131090889,0.1020638868,0.0926648453,0.0249083000,0.0001034003,-0.0083020035,-0.1000000015,0.0000000000,1.1599999666,0.0000000000,0.2120729387,0.0513038859,0.2121522874,0.1279468983,nan,nan,nan,nan,nan,nan,nan,nan,nan,nan,nan,nan,nan,-0.0489474945,-0.0357051492,-0.0018709456,-0.0142620048,-0.0019552610,-0.0000398341,0.0091265384,0.0907543376,0.2796430886,-0.1109663099,-0.1751614064,1.1000000238,2.5926826000,0.6637700200,0.0000000000,2.5120000839,2.2750732899,nan,nan,nan,nan,nan,nan,nan,nan,nan,nan,nan,nan,nan,-0.0243865941,0.0343273878,1.0162688494,-1.7929614782,-0.1585672796,-5.7094068527
-0.0154350614,0.1003864184,0.0924814269,0.0249081324,0.0001378671,-0.0110693628,-0.1000000015,0.0000000000,1.1599999666,0.0000000000,0.2120729387,0.0513038859,0.2121522874,0.1279468983,nan,nan,nan,nan,nan,nan,nan,nan,nan,nan,nan,nan,nan,-0.0489474945,-0.0357051492,-0.0018709456,-0.0142620048,-0.0019552610,-0.0000398341,0.0091265384,0.0907543376,0.2796430886,-0.1015098691,-0.1667843610,1.1000000238,2.5926826000,0.6637700200,0.0000000000,2.5120000839,2.2750732899,nan,nan,nan,nan,nan,nan,nan,nan,nan,nan,nan,nan,nan,-0.0243865941,0.0343273878,1.0162688494,-1.7929614782,-0.1585672796,-5.7094068527
-0.0154350614,0.1003864184,0.0924814269,0.0249081324,0.0001378671,-0.0110693628,-0.1000000015,0.0000000000,1.1599999666,0.0000000000,0.1715144664,0.0993209779,0.1634149700,0.1717036813,nan,nan,nan,nan,nan,nan,nan,nan,nan,nan,nan,nan,nan,-0.0489474945,-0.0357051492,-0.0018709456,-0.0142620048,-0.0019552610,-0.0000398341,0.1316123605,0.0460737683,0.1824039072,-0.1015098691,-0.1667843610,1.1000000238,2.5926826000,0.6637700200,0.0000000000,2.5120000839,2.2750732899,nan,nan,nan,nan,nan,nan,nan,nan,nan,nan,nan,nan,nan,0.0109026227,0.0288004912,1.0061798096,2.6927473545,3.1798212528,-2.7890923023
-0.0154350614,0.1003864184,0.0924814269,0.0249081324,0.0001378671,-0.0110693628,-0.1000000015,0.0000000000,1.1599999666,0.0000000000,0.1715144664,0.0993209779,0.1634149700,0.1717036813,nan,nan,nan,nan,nan,nan,nan,nan,nan,nan,nan,nan,nan,-0.0521124117,-0.0384896472,-0.0032004467,-0.0203773659,-0.0078075076,-0.0005134728,0.1316123605,0.0460737683,0.1824039072,-0.1015098691,-0.1667843610,1.1000000238,2.5926826000,0.6637700200,0.0000000000,2.5120000839,2.2750732899,nan,nan,nan,nan,nan,nan,nan,nan,nan,nan,nan,nan,nan,0.0109026227,0.0288004912,1.0061798096,2.6927473545,3.1798212528,-2.7890923023
-0.0159479491,0.1000082269,0.0924479812,0.0249083000,0.0001034003,-0.0083020035,-0.1000000015,0.0000000000,1.1599999666,0.0000000000,0.1715144664,0.0993209779,0.1634149700,0.1717036813,nan,nan,nan,nan,nan,nan,nan,nan,nan,nan,nan,nan,nan,-0.0521124117,-0.0384896472,-0.0032004467,-0.0203773659,-0.0078075076,-0.0005134728,0.1316123605,0.0460737683,0.1824039072,-0.1015098691,-0.1667843610,1.1000000238,2.3674178123,0.4968650937,0.0000000000,2.5120000839,2.2750732899,nan,nan,nan,nan,nan,nan,nan,nan,nan,nan,nan,nan,nan,0.0109026227,0.0288004912,1.0061798096,2.6927473545,3.1798212528,-2.7890923023
-0.0159479491,0.1000082269,0.0924479812,0.0249083000,0.0001034003,-0.0083020035,-0.1000000015,0.0000000000,1.1599999666,0.0000000000,0.1715144664,0.0993209779,0.1634149700,0.1717036813,nan,nan,nan,nan,nan,nan,nan,nan,nan,nan,nan,nan,nan,-0.0521124117,-0.0384896472,-0.0032004467,-0.0203773659,-0.0078075076,-0.0005134728,0.1316123605,0.0460737683,0.1824039072,-0.1015098691,-0.1667843610,1.1000000238,2.3674178123,0.4968650937,0.0000000000,2.5120000839,2.3067448139,nan,nan,nan,nan,nan,nan,nan,nan,nan,nan,nan,nan,nan,0.0109026227,0.0288004912,1.0061798096,2.6927473545,3.1798212528,-2.7890923023
-0.0159479491,0.1000082269,0.0924479812,0.0249083000,0.0001034003,-0.0083020035,-0.1000000015,0.0000000000,1.1599999666,0.0000000000,0.1715144664,0.0993209779,0.1634149700,0.1717036813,nan,nan,nan,nan,nan,nan,nan,nan,nan,nan,nan,nan,nan,-0.0521124117,-0.0384896472,-0.0032004467,-0.0203773659,-0.0078075076,-0.0005134728,0.1316123605,0.0460737683,0.1824039072,-0.1008827388,-0.1658088714,1.1000000238,2.3674178123,0.4968650937,0.0000000000,2.3120000362,2.3067448139,nan,nan,nan,nan,nan,nan,nan,nan,nan,nan,nan,nan,nan,0.0109026227,0.0288004912,1.0061798096,2.6927473545,3.1798212528,-2.7890923023
-0.0159479491,0.1000082269,0.0924479812,0.0249083000,0.0001034003,-0.0083020035,-0.1000000015,0.0000000000,1.3600000143,0.0000000000,0.1715144664,0.0993209779,0.1634149700,0.1717036813,nan,nan,nan,nan,nan,nan,nan,nan,nan,nan,nan,nan,nan,-0.0521124117,-0.0384896472,-0.0032004467,-0.0203773659,-0.0078075076,-0.0005134728,0.1316123605,0.0460737683,0.1824039072,-0.1008827388,-0.1658088714,1.1000000238,2.3674178123,0.4968650937,0.0000000000,2.3120000362,2.3067448139,nan,nan,nan,nan,nan,nan,nan,nan,nan,nan,nan,nan,nan,0.0109026227,0.0288004912,1.0061798096,2.6927473545,3.1798212528,-2.7890923023
-0.0164763015,0.0996158496,0.0924203396,0.0249081324,0.0001378671,-0.0110693628,-0.1000000015,0.0000000000,1.3600000143,0.0000000000,0.1715144664,0.0993209779,0.1634149700,0.1717036813,nan,nan,nan,nan,nan,nan,nan,nan,nan,nan,nan,nan,nan,-0.0521124117,-0.0384896472,-0.0032004467,-0.0203773659,-0.0078075076,-0.0005134728,0.1316123605,0.0460737683,0.1824039072,-0.1008827388,-0.1658088714,1.1000000238,2.3674178123,0.4968650937,0.0000000000,2.3120000362,2.3067448139,nan,nan,nan,nan,nan,nan,nan,nan,nan,nan,nan,nan,nan,0.0109026227,0.0288004912,1.0061798096,2.6927473545,3.1798212528,-2.7890923023
-0.0164763015,0.0996158496,0.0924203396,0.0249081324,0.0001378671,-0.0110693628,-0.1000000015,0.0000000000,1.3600000143,0.0000000000,0.1715144664,0.0993209779,0.1634149700,0.1717036813,nan,nan,nan,nan,nan,nan,nan,nan,nan,nan,nan,nan,nan,-0.0521124117,-0.0384896472,-0.0032004467,-0.0203773659,-0.0078075076,-0.0005134728,0.1316123605,0.0460737683,0.1824039072,-0.1008827388,-0.1658088714,1.1000000238,2.3674178123,0.4968650937,0.0000000000,2.3120000362,2.3067448139,nan,nan,nan,nan,nan,nan,nan,nan,nan,nan,nan,nan,nan,0.0059212903,0.0247168541,1.0054734945,2.7767057419,2.6125051975,-2.1570773125
-0.0164763015,0.0996158496,0.0924203396,0.0249081324,0.0001378671,-0.0110693628,-0.1000000015,0.0000000000,1.3600000143,0.0000000000,0.1715144664,0.0993209779,0.1634149700,0.1717036813,nan,nan,nan,nan,nan,nan,nan,nan,nan,nan,nan,nan,nan,-0.0521124117,-0.0384896472,-0.0032004467,-0.0203773659,-0.0078075076,-0.0005134728,0.1316123605,0.0460737683,0.1824039072,-0.1008827388,-0.1658088714,1.1000000238,2.3674178123,0.4968650937,0.0000000000,2.3120000362,2.3120234013,nan,nan,nan,nan,nan,nan,nan,nan,nan,nan,nan,nan,nan,0.0059212903,0.0247168541,1.0054734945,2.7767057419,2.6125051975,-2.1570773125
-0.0164763015,0.0996158496,0.0924203396,0.0249081324,0.0001378671,-0.0110693628,-0.1000000015,0.0000000000,1.3600000143,0.0000000000,0.1715144664,0.0993209779,0.1634149700,0.1717036813,nan,nan,nan,nan,nan,nan,nan,nan,nan,nan,nan,nan,nan,-0.0521124117,-0.0384896472,-0.0032004467,-0.0203773659,-0.0078075076,-0.0005134728,0.1316123605,0.0460737683,0.1824039072,-0.1008827388,-0.1658088714,1.1000000238,2.3674178123,0.4968650937,0.0000000000,2.3120000362,2.3120234013,nan,nan,nan,nan,nan,nan,nan,nan,nan,nan,nan,nan,nan,0.0059212903,0.0247168541,1.0054734945,2.7767057419,2.6125051975,-2.1570773125
-0.0164763015,0.0996158496,0.0924203396,0.0249081324,0.0001378671,-0.0110693628,-0.1000000015,0.0000000000,1.3600000143,0.0000000000,0.1715144664,0.0993209779,0.1634149700,0.1717036813,nan,nan,nan,nan,nan,nan,nan,nan,nan,nan,nan,nan,nan,-0.0521124117,-0.0384896472,-0.0032004467,-0.0203773659,-0.0078075076,-0.0005134728,0.1316123605,0.0460737683,0.1824039072,-0.1008827388,-0.1658088714,1.1000000238,2.3674178123,0.4968650937,0.0000000000,2.3120000362,2.3120234013,nan,nan,nan,nan,nan,nan,nan,nan,nan,nan,nan,nan,nan,0.0059212903,0.0247168541,1.0054734945,2.7767057419,2.6125051975,-2.1570773125
-0.0164763015,0.0996158496,0.0924203396,0.0249081324,0.0001378671,-0.0110693628,-0.1000000015,0.0000000000,1.3600000143,0.0000000000,0.1715144664,0.0993209779,0.1634149700,0.1717036813,nan,nan,nan,nan,nan,nan,nan,nan,nan,nan,nan,nan,nan,-0.0521124117,-0.0384896472,-0.0032004467,-0.0203773659,-0.0078075076,-0.0005134728,0.1316123605,0.0460737683,0.1824039072,-0.1008827388,-0.1658088714,1.1000000238,2.3674178123,0.4968650937,0.0000000000,2.3120000362,2.3120234013,nan,nan,nan,nan,nan,nan,nan,nan,nan,nan,nan,nan,nan,0.0059212903,0.0247168541,1.0054734945,2.7767057419,2.6125051975,-2.1570773125
-0.0164763015,0.0996158496,0.0924203396,0.0249081324,0.0001378671,-0.0110693628,-0.1000000015,0.0000000000,1.5599999428,0.0000000000,0.1715144664,0.0993209779,0.1634149700,0.1717036813,nan,nan,nan,nan,nan,nan,nan,nan,nan,nan,nan,nan,nan,-0.0521124117,-0.0384896472,-0.0032004467,-0.0203773659,-0.0078075076,-0.0005134728,0.1316123605,0.0460737683,0.1824039072,-0.1008827388,-0.1658088714,1.1000000238,2.3674178123,0.4968650937,0.0000000000,2.3120000362,2.3120234013,nan,nan,nan,nan,nan,nan,nan,nan,nan,nan,nan,nan,nan,0.0059212903,0.0247168541,1.0054734945,2.7767057419,2.6125051975,-2.1570773125
-0.0164763015,0.0996158496,0.0924203396,0.0249081324,0.0001378671,-0.0110693628,-0.1000000015,0.0000000000,1.5599999428,0.0000000000,0.1715144664,0.0993209779,0.1634149700,0.1717036813,nan,nan,nan,nan,nan,nan,nan,nan,nan,nan,nan,nan,nan,-0.0521124117,-0.0384896472,-0.0032004467,-0.0203773659,-0.0078075076,-0.0005134728,0.1316123605,0.0460737683,0.1824039072,-0.1008827388,-0.1658088714,1.1000000238,2.3674178123,0.4968650937,0.0000000000,2.3120000362,2.3120234013,nan,nan,nan,nan,nan,nan,nan,nan,nan,nan,nan,nan,nan,0.0059212903,0.0247168541,1.0054734945,2.7767057419,2.6125051975,-2.1570773125
-0.0164763015,0.0996158496,0.0924203396,0.0249081324,0.0001378671,-0.0110693628,-0.1000000015,0.0000000000,1.5599999428,0.0000000000,0.1715144664,0.0993209779,0.1634149700,0.1717036813,nan,nan,nan,nan,nan,nan,nan,nan,nan,nan,nan,nan,nan,-0.0521124117,-0.0384896472,-0.0032004467,-0.0203773659,-0.0078075076,-0.0005134728,0.1316123605,0.0460737683,0.1824039072,-0.1008827388,-0.1658088714,1.1000000238,2.3674178123,0.4968650937,0.0000000000,2.3120000362,2.3120234013,nan,nan,nan,nan,nan,nan,nan,nan,nan,nan,nan,nan,nan,0.0059212903,0.0247168541,1.0054734945,2.7767057419,2.6125051975,-2.1570773125
-0.0164763015,0.0996158496,0.0924203396,0.0249081324,0.0001378671,-0.0110693628,-0.1000000015,0.0000000000,1.5599999428,0.0000000000,0.1715144664,0.0993209779,0.1634149700,0.1717036813,nan,nan,nan,nan,nan,nan,nan,nan,nan,nan,nan,nan,nan,-0.0521124117,-0.0384896472,-0.0032004467,-0.0203773659,-0.0078075076,-0.0005134728,0.1316123605,0.0460737683,0.1824039072,-0.1008827388,-0.1658088714,1.1000000238,2.3674178123,0.4968650937,0.0000000000,2.3120000362,2.3120234013,nan,nan,nan,nan,nan,nan,nan,nan,nan,nan,nan,nan,nan,0.0059212903,0.0247168541,1.0054734945,2.7767057419,2.6125051975,-2.1570773125
-0.0164763015,0.0996158496,0.0924203396,0.0249081324,0.0001378671,-0.0110693628,-0.1000000015,0.0000000000,1.5599999428,0.0000000000,0.1715144664,0.0993209779,0.1634149700,0.1717036813,nan,nan,nan,nan,nan,nan,nan,nan,nan,nan,nan,nan,nan,-0.0521124117,-0.0384896472,-0.0032004467,-0.0203773659,-0.0078075076,-0.0005134728,0.1316123605,0.0460737683,0.1824039072,-0.1008827388,-0.1658088714,1.1000000238,2.3674178123,0.4968650937,0.0000000000,2.3120000362,2.3120234013,nan,nan,nan,nan,nan,nan,nan,nan,nan,nan,nan,nan,nan,0.0059212903,0.0247168541,1.0054734945,2.7767057419,2.6125051975,-2.1570773125
-0.0164763015,0.0996158496,0.0924203396,0.0249081324,0.0001378671,-0.0110693628,-0.1000000015,0.0000000000,1.5599999428,0.0000000000,0.1715144664,0.0993209779,0.1634149700,0.1717036813,nan,nan,nan,nan,nan,nan,nan,nan,nan,nan,nan,nan,nan,-0.0521124117,-0.0384896472,-0.0032004467,-0.0203773659,-0.0078075076,-0.0005134728,0.1316123605,0.0460737683,0.1824039072,-0.1008827388,-0.1658088714,1.1000000238,2.3674178123,0.4968650937,0.0000000000,2.3120000362,2.3120234013,nan,nan,nan,nan,nan,nan,nan,nan,nan,nan,nan,nan,nan,0.0059212903,0.0247168541,1.0054734945,2.7767057419,2.6125051975,-2.1570773125
-0.0164763015,0.0996158496,0.0924203396,0.0249081324,0.0001378671,-0.0110693628,-0.1000000015,0.0000000000,1.5599999428,0.0000000000,0.1715144664,0.0993209779,0.1634149700,0.1717036813,nan,nan,nan,nan,nan,nan,nan,nan,nan,nan,nan,nan,nan,-0.0521124117,-0.0384896472,-0.0032004467,-0.0203773659,-0.0078075076,-0.0005134728,0.1316123605,0.0460737683,0.1824039072,-0.1008827388,-0.1658088714,1.1000000238,2.3674178123,0.4968650937,0.0000000000,2.3120000362,2.7712609768,nan,nan,nan,nan,nan,nan,nan,nan,nan,nan,nan,nan,nan,0.0059212903,0.0247168541,1.0054734945,2.7767057419,2.6125051975,-2.1570773125
-0.0164763015,0.0996158496,0.0924203396,0.0249081324,0.0001378671,-0.0110693628,-0.1000000015,0.0000000000,1.5599999428,0.0000000000,0.1715144664,0.0993209779,0.1634149700,0.1717036813,nan,nan,nan,nan,nan,nan,nan,nan,nan,nan,nan,nan,nan,-0.0521124117,-0.0384896472,-0.0032004467,-0.0203773659,-0.0078075076,-0.0005134728,0.1316123605,0.0460737683,0.1824039072,-0.1008827388,-0.1658088714,1.1000000238,2.3674178123,0.4968650937,0.0000000000,2.3120000362,2.7712609768,nan,nan,nan,nan,nan,nan,nan,nan,nan,nan,nan,nan,nan,0.0059212903,0.0247168541,1.0054734945,2.7767057419,2.6125051975,-2.1570773125
-0.0164763015,0.0996158496,0.0924203396,0.0249081324,0.0001378671,-0.0110693628,-0.1000000015,0.0000000000,1.5599999428,0.0000000000,0.1715144664,0.0993209779,0.1634149700,0.1717036813,nan,nan,nan,nan,nan,nan,nan,nan,nan,nan,nan,nan,nan,-0.0521124117,-0.0384896472,-0.0032004467,-0.0203773659,-0.0078075076,-0.0005134728,0.1316123605,0.0460737683,0.1824039072,-0.1008827388,-0.1658088714,1.1000000238,2.3674178123,0.4968650937,0.0000000000,2.3120000362,2.7712609768,nan,nan,nan,nan,nan,nan,nan,nan,nan,nan,nan,nan,nan,0.0059212903,0.0247168541,1.0054734945,2.7767057419,2.6125051975,-2.1570773125
-0.0164763015,0.0996158496,0.0924203396,0.0249081324,0.0001378671,-0.0110693628,-0.1000000015,0.0000000000,1.5599999428,0.0000000000,0.1715144664,0.0993209779,0.1634149700,0.1717036813,nan,nan,nan,nan,nan,nan,nan,nan,nan,nan,nan,nan,nan,-0.0521124117,-0.0384896472,-0.0032004467,-0.0203773659,-0.0078075076,-0.0005134728,0.1316123605,0.0460737683,0.1824039072,-0.1008827388,-0.1658088714,1.1000000238,2.3674178123,0.4968650937,0.0000000000,2.3120000362,2.7712609768,nan,nan,nan,nan,nan,nan,nan,nan,nan,nan,nan,nan,nan,0.0059212903,0.0247168541,1.0054734945,2.7767057419,2.6125051975,-2.1570773125
-0.0164763015,0.0996158496,0.0924203396,0.0249081324,0.0001378671,-0.0110693628,-0.1000000015,0.0000000000,1.5599999428,0.0000000000,0.1715144664,0.0993209779,0.1634149700,0.1717036813,nan,nan,nan,nan,nan,nan,nan,nan,nan,nan,nan,nan,nan,-0.0521124117,-0.0384896472,-0.0032004467,-0.0203773659,-0.0078075076,-0.0005134728,0.1316123605,0.0460737683,0.1824039072,-0.1008827388,-0.1658088714,1.1000000238,2.3674178123,0.4968650937,0.0000000000,2.3120000362,2.7712609768,nan,nan,nan,nan,nan,nan,nan,nan,nan,nan,nan,nan,nan,0.0059212903,0.0247168541,1.0054734945,2.7767057419,2.6125051975,-2.1570773125
-0.0164763015,0.0996158496,0.0924203396,0.0249081324,0.0001378671,-0.0110693628,-0.1000000015,0.0000000000,1.5599999428,0.0000000000,0.1715144664,0.0993209779,0.1634149700,0.1717036813,nan,nan,nan,nan,nan,nan,nan,nan,nan,nan,nan,nan,nan,-0.0521124117,-0.0384896472,-0.0032004467,-0.0203773659,-0.0078075076,-0.0005134728,0.1316123605,0.0460737683,0.1824039072,-0.1008827388,-0.1658088714,1.1000000238,2.3674178123,0.4968650937,0.0000000000,2.3120000362,2.8715543747,nan,nan,nan,nan,nan,nan,nan,nan,nan,nan,nan,nan,nan,0.0059212903,0.0247168541,1.0054734945,2.7767057419,2.6125051975,-2.1570773125
-0.0164763015,0.0996158496,0.0924203396,0.0249081324,0.0001378671,-0.0110693628,-0.1000000015,0.0000000000,1.5599999428,0.0000000000,0.1715144664,0.0993209779,0.1634149700,0.1717036813,nan,nan,nan,nan,nan,nan,nan,nan,nan,nan,nan,nan,nan,-0.0521124117,-0.0384896472,-0.0032004467,-0.0203773659,-0.0078075076,-0.0005134728,0.1316123605,0.0460737683,0.1824039072,-0.1008827388,-0.1658088714,1.1000000238,2.3674178123,0.4968650937,0.0000000000,2.3120000362,2.8715543747,nan,nan,nan,nan,nan,nan,nan,nan,nan,nan,nan,nan,nan,0.0059212903,0.0247168541,1.0054734945,2.7767057419,2.6125051975,-2.1570773125
-0.0164763015,0.0996158496,0.0924203396,0.0249081324,0.0001378671,-0.0110693628,-0.1000000015,0.0000000000,1.5599999428,0.0000000000,0.1715144664,0.0993209779,0.1634149700,0.1717036813,nan,nan,nan,nan,nan,nan,nan,nan,nan,nan,nan,nan,nan,-0.0521124117,-0.0384896472,-0.0032004467,-0.0203773659,-0.0078075076,-0.0005134728,0.1316123605,0.0460737683,0.1824039072,-0.1008827388,-0.1658088714,1.1000000238,2.3674178123,0.4968650937,0.0000000000,2.3120000362,2.8715543747,nan,nan,nan,nan,nan,nan,nan,nan,nan,nan,nan,nan,nan,0.0059212903,0.0247168541,1.0054734945,2.7767057419,2.6125051975,-2.1570773125
-0.0164763015,0.0996158496,0.0924203396,0.0249081324,0.0001378671,-0.0110693628,-0.1000000015,0.0000000000,1.5599999428,0.0000000000,0.1715144664,0.0993209779,0.1634149700,0.1717036813,nan,nan,nan,nan,nan,nan,nan,nan,nan,nan,nan,nan,nan,-0.0521124117,-0.0384896472,-0.0032004467,-0.0203773659,-0.0078075076,-0.0005134728,0.1316123605,0.0460737683,0.1824039072,-0.1008827388,-0.1658088714,1.1000000238,2.3674178123,0.4968650937,0.0000000000,2.3120000362,2.8715543747,nan,nan,nan,nan,nan,nan,nan,nan,nan,nan,nan,nan,nan,0.0059212903,0.0247168541,1.0054734945,2.7767057419,2.6125051975,-2.1570773125
-0.0164763015,0.0996158496,0.0924203396,0.0249081324,0.0001378671,-0.0110693628,-0.1000000015,0.0000000000,1.5599999428,0.0000000000,0.1715144664,0.0993209779,0.1634149700,0.1717036813,nan,nan,nan,nan,nan,nan,nan,nan,nan,nan,nan,nan,nan,-0.0521124117,-0.0384896472,-0.0032004467,-0.0203773659,-0.0078075076,-0.0005134728,0.1316123605,0.0460737683,0.1824039072,-0.1008827388,-0.1658088714,1.1000000238,2.3674178123,0.4968650937,0.0000000000,2.3120000362,2.8715543747,nan,nan,nan,nan,nan,nan,nan,nan,nan,nan,nan,nan,nan,0.0059212903,0.0247168541,1.0054734945,2.7767057419,2.6125051975,-2.1570773125
-0.0164763015,0.0996158496,0.0924203396,0.0249081324,0.0001378671,-0.0110693628,-0.1000000015,0.0000000000,1.5599999428,0.0000000000,0.1715144664,0.0993209779,0.1634149700,0.1717036813,nan,nan,nan,nan,nan,nan,nan,nan,nan,nan,nan,nan,nan,-0.0521124117,-0.0384896472,-0.0032004467,-0.0203773659,-0.0078075076,-0.0005134728,0.1316123605,0.0460737683,0.1824039072,-0.1008827388,-0.1658088714,1.1000000238,2.3674178123,0.4968650937,0.0000000000,2.3120000362,2.9454545975,nan,nan,nan,nan,nan,nan,nan,nan,nan,nan,nan,nan,nan,0.0059212903,0.0247168541,1.0054734945,2.7767057419,2.6125051975,-2.1570773125
-0.0164763015,0.0996158496,0.0924203396,0.0249081324,0.0001378671,-0.0110693628,-0.1000000015,0.0000000000,1.5599999428,0.0000000000,0.1715144664,0.0993209779,0.1634149700,0.1717036813,nan,nan,nan,nan,nan,nan,nan,nan,nan,nan,nan,nan,nan,-0.0521124117,-0.0384896472,-0.0032004467,-0.0203773659,-0.0078075076,-0.0005134728,0.1316123605,0.0460737683,0.1824039072,-0.1008827388,-0.1658088714,1.1000000238,2.3674178123,0.4968650937,0.0000000000,2.3120000362,2.9454545975,nan,nan,nan,nan,nan,nan,nan,nan,nan,nan,nan,nan,nan,0.0059212903,0.0247168541,1.0054734945,2.7767057419,2.6125051975,-2.1570773125
-0.0164763015,0.0996158496,0.0924203396,0.0249081324,0.0001378671,-0.0110693628,-0.1000000015,0.0000000000,1.5599999428,0.0000000000,0.1715144664,0.0993209779,0.1634149700,0.1717036813,nan,nan,nan,nan,nan,nan,nan,nan,nan,nan,nan,nan,nan,-0.0521124117,-0.0384896472,-0.0032004467,-0.0203773659,-0.0078075076,-0.0005134728,0.1316123605,0.0460737683,0.1824039072,-0.1008827388,-0.1658088714,1.1000000238,2.3674178123,0.4968650937,0.0000000000,2.3120000362,2.9454545975,nan,nan,nan,nan,nan,nan,nan,nan,nan,nan,nan,nan,nan,0.0059212903,0.0247168541,1.0054734945,2.7767057419,2.6125051975,-2.1570773125
-0.0164763015,0.0996158496,0.0924203396,0.0249081324,0.0001378671,-0.0110693628,-0.1000000015,0.0000000000,1.5599999428,0.0000000000,0.1715144664,0.0993209779,0.1634149700,0.1717036813,nan,nan,nan,nan,nan,nan,nan,nan,nan,nan,nan,nan,nan,-0.0521124117,-0.0384896472,-0.0032004467,-0.0203773659,-0.0078075076,-0.0005134728,0.1316123605,0.0460737683,0.1824039072,-0.1008827388,-0.1658088714,1.1000000238,2.3674178123,0.4968650937,0.0000000000,2.3120000362,2.9454545975,nan,nan,nan,nan,nan,nan,nan,nan,nan,nan,nan,nan,nan,0.0059212903,0.0247168541,1.0054734945,2.7767057419,2.6125051975,-2.1570773125
-0.0164763015,0.0996158496,0.0924203396,0.0249081324,0.0001378671,-0.0110693628,-0.1000000015,0.0000000000,1.5599999428,0.0000000000,0.1715144664,0.0993209779,0.1634149700,0.1717036813,nan,nan,nan,nan,nan,nan,nan,nan,nan,nan,nan,nan,nan,-0.0521124117,-0.0384896472,-0.0032004467,-0.0203773659,-0.0078075076,-0.0005134728,0.1316123605,0.0460737683,0.1824039072,-0.1008827388,-0.1658088714,1.1000000238,2.3674178123,0.4968650937,0.0000000000,2.3120000362,2.9454545975,nan,nan,nan,nan,nan,nan,nan,nan,nan,nan,nan,nan,nan,0.0059212903,0.0247168541,1.0054734945,2.7767057419,2.6125051975,-2.1570773125
-0.0164763015,0.0996158496,0.0924203396,0.0249081324,0.0001378671,-0.0110693628,-0.1000000015,0.0000000000,1.5599999428,0.0000000000,0.1715144664,0.0993209779,0.1634149700,0.1717036813,nan,nan,nan,nan,nan,nan,nan,nan,nan,nan,nan,nan,nan,-0.0521124117,-0.0384896472,-0.0032004467,-0.0203773659,-0.0078075076,-0.0005134728,0.1316123605,0.0460737683,0.1824039072,-0.1008827388,-0.1658088714,1.1000000238,2.3674178123,0.4968650937,0.0000000000,2.3120000362,2.9929618835,nan,nan,nan,nan,nan,nan,nan,nan,nan,nan,nan,nan,nan,0.0059212903,0.0247168541,1.0054734945,2.7767057419,2.6125051975,-2.1570773125
-0.0164763015,0.0996158496,0.0924203396,0.0249081324,0.0001378671,-0.0110693628,-0.1000000015,0.0000000000,1.5599999428,0.0000000000,0.1715144664,0.0993209779,0.1634149700,0.1717036813,nan,nan,nan,nan,nan,nan,nan,nan,nan,nan,nan,nan,nan,-0.0521124117,-0.0384896472,-0.0032004467,-0.0203773659,-0.0078075076,-0.0005134728,0.1316123605,0.0460737683,0.1824039072,-0.1008827388,-0.1658088714,1.1000000238,2.3674178123,0.4968650937,0.0000000000,2.3120000362,2.9929618835,nan,nan,nan,nan,nan,nan,nan,nan,nan,nan,nan,nan,nan,0.0059212903,0.0247168541,1.0054734945,2.7767057419,2.6125051975,-2.1570773125
-0.0164763015,0.0996158496,0.0924203396,0.0249081324,0.0001378671,-0.0110693628,-0.1000000015,0.0000000000,1.5599999428,0.0000000000,0.1715144664,0.0993209779,0.1634149700,0.1717036813,nan,nan,nan,nan,nan,nan,nan,nan,nan,nan,nan,nan,nan,-0.0521124117,-0.0384896472,-0.0032004467,-0.0203773659,-0.0078075076,-0.0005134728,0.1316123605,0.0460737683,0.1824039072,-0.1008827388,-0.1658088714,1.1000000238,2.3674178123,0.4968650937,0.0000000000,2.3120000362,2.9929618835,nan,nan,nan,nan,nan,nan,nan,nan,nan,nan,nan,nan,nan,0.0059212903,0.0247168541,1.0054734945,2.7767057419,2.6125051975,-2.1570773125
-0.0164763015,0.0996158496,0.0924203396,0.0249081324,0.0001378671,-0.0110693628,-0.1000000015,0.0000000000,1.5599999428,0.0000000000,0.1715144664,0.0993209779,0.1634149700,0.1717036813,nan,nan,nan,nan,nan,nan,nan,nan,nan,nan,nan,nan,nan,-0.0521124117,-0.0384896472,-0.0032004467,-0.0203773659,-0.0078075076,-0.0005134728,0.1316123605,0.0460737683,0.1824039072,-0.1008827388,-0.1658088714,1.1000000238,2.3674178123,0.4968650937,0.0000000000,2.3120000362,2.9929618835,nan,nan,nan,nan,nan,nan,nan,nan,nan,nan,nan,nan,nan,0.0059212903,0.0247168541,1.0054734945,2.7767057419,2.6125051975,-2.1570773125
-0.0164763015,0.0996158496,0.0924203396,0.0249081324,0.0001378671,-0.0110693628,-0.1000000015,0.0000000000,1.5599999428,0.0000000000,0.1715144664,0.0993209779,0.1634149700,0.1717036813,nan,nan,nan,nan,nan,nan,nan,nan,nan,nan,nan,nan,nan,-0.0521124117,-0.0384896472,-0.0032004467,-0.0203773659,-0.0078075076,-0.0005134728,0.1316123605,0.0460737683,0.1824039072,-0.1008827388,-0.1658088714,1.1000000238,2.3674178123,0.4968650937,0.0000000000,2.3120000362,2.9929618835,nan,nan,nan,nan,nan,nan,nan,nan,nan,nan,nan,nan,nan,0.0059212903,0.0247168541,1.0054734945,2.7767057419,2.6125051975,-2.1570773125
-0.0164763015,0.0996158496,0.0924203396,0.0249081324,0.0001378671,-0.0110693628,-0.1000000015,0.0000000000,1.5599999428,0.0000000000,0.1715144664,0.0993209779,0.1634149700,0.1717036813,nan,nan,nan,nan,nan,nan,nan,nan,nan,nan,nan,nan,nan,-0.0521124117,-0.0384896472,-0.0032004467,-0.0203773659,-0.0078075076,-0.0005134728,0.1316123605,0.0460737683,0.1824039072,-0.1008827388,-0.1658088714,1.1000000238,2.3674178123,0.4968650937,0.0000000000,2.3120000362,3.0299119949,nan,nan,nan,nan,nan,nan,nan,nan,nan,nan,nan,nan,nan,0.0059212903,0.0247168541,1.0054734945,2.7767057419,2.6125051975,-2.1570773125
-0.0164763015,0.0996158496,0.0924203396,0.0249081324,0.0001378671,-0.0110693628,-0.1000000015,0.0000000000,1.5599999428,0.0000000000,0.1715144664,0.0993209779,0.1634149700,0.1717036813,nan,nan,nan,nan,nan,nan,nan,nan,nan,nan,nan,nan,nan,-0.0521124117,-0.0384896472,-0.0032004467,-0.0203773659,-0.0078075076,-0.0005134728,0.1316123605,0.0460737683,0.1824039072,-0.1008827388,-0.1658088714,1.1000000238,2.3674178123,0.4968650937,0.0000000000,2.3120000362,3.0299119949,nan,nan,nan,nan,nan,nan,nan,nan,nan,nan,nan,nan,nan,0.0059212903,0.0247168541,1.0054734945,2.7767057419,2.6125051975,-2.1570773125
-0.0164763015,0.0996158496,0.0924203396,0.0249081324,0.0001378671,-0.0110693628,-0.1000000015,0.0000000000,1.5599999428,0.0000000000,0.1715144664,0.0993209779,0.1634149700,0.1717036813,nan,nan,nan,nan,nan,nan,nan,nan,nan,nan,nan,nan,nan,-0.0521124117,-0.0384896472,-0.0032004467,-0.0203773659,-0.0078075076,-0.0005134728,0.1316123605,0.0460737683,0.1824039072,-0.1008827388,-0.1658088714,1.1000000238,2.3674178123,0.4968650937,0.0000000000,2.3120000362,3.0299119949,nan,nan,nan,nan,nan,nan,nan,nan,nan,nan,nan,nan,nan,0.0059212903,0.0247168541,1.0054734945,2.7767057419,2.6125051975,-2.1570773125
-0.0164763015,0.0996158496,0.0924203396,0.0249081324,0.0001378671,-0.0110693628,-0.1000000015,0.0000000000,1.5599999428,0.0000000000,0.1715144664,0.0993209779,0.1634149700,0.1717036813,nan,nan,nan,nan,nan,nan,nan,nan,nan,nan,nan,nan,nan,-0.0521124117,-0.0384896472,-0.0032004467,-0.0203773659,-0.0078075076,-0.0005134728,0.1316123605,0.0460737683,0.1824039072,-0.1008827388,-0.1658088714,1.1000000238,2.3674178123,0.4968650937,0.0000000000,2.3120000362,3.0299119949,nan,nan,nan,nan,nan,nan,nan,nan,nan,nan,nan,nan,nan,0.0059212903,0.0247168541,1.0054734945,2.7767057419,2.6125051975,-2.1570773125
-0.0164763015,0.0996158496,0.0924203396,0.0249081324,0.0001378671,-0.0110693628,-0.1000000015,0.0000000000,1.5599999428,0.0000000000,0.1715144664,0.0993209779,0.1634149700,0.1717036813,nan,nan,nan,nan,nan,nan,nan,nan,nan,nan,nan,nan,nan,-0.0521124117,-0.0384896472,-0.0032004467,-0.0203773659,-0.0078075076,-0.0005134728,0.1316123605,0.0460737683,0.1824039072,-0.1008827388,-0.1658088714,1.1000000238,2.3674178123,0.4968650937,0.0000000000,2.3120000362,3.0299119949,nan,nan,nan,nan,nan,nan,nan,nan,nan,nan,nan,nan,nan,0.0059212903,0.0247168541,1.0054734945,2.7767057419,2.6125051975,-2.1570773125
-0.0164763015,0.0996158496,0.0924203396,0.0249081324,0.0001378671,-0.0110693628,-0.1000000015,0.0000000000,1.5599999428,0.0000000000,0.1715144664,0.0993209779,0.1634149700,0.1717036813,nan,nan,nan,nan,nan,nan,nan,nan,nan,nan,nan,nan,nan,-0.0521124117,-0.0384896472,-0.0032004467,-0.0203773659,-0.0078075076,-0.0005134728,0.1316123605,0.0460737683,0.1824039072,-0.1008827388,-0.1658088714,1.1000000238,2.3674178123,0.4968650937,0.0000000000,2.3120000362,3.0615835190,nan,nan,nan,nan,nan,nan,nan,nan,nan,nan,nan,nan,nan,0.0059212903,0.0247168541,1.0054734945,2.7767057419,2.6125051975,-2.1570773125
-0.0164763015,0.0996158496,0.0924203396,0.0249081324,0.0001378671,-0.0110693628,-0.1000000015,0.0000000000,1.5599999428,0.0000000000,0.1715144664,0.0993209779,0.1634149700,0.1717036813,nan,nan,nan,nan,nan,nan,nan,nan,nan,nan,nan,nan,nan,-0.0521124117,-0.0384896472,-0.0032004467,-0.0203773659,-0.0078075076,-0.0005134728,0.1316123605,0.0460737683,0.1824039072,-0.1008827388,-0.1658088714,1.1000000238,2.3674178123,0.4968650937,0.0000000000,2.3120000362,3.0615835190,nan,nan,nan,nan,nan,nan,nan,nan,nan,nan,nan,nan,nan,0.0059212903,0.0247168541,1.0054734945,2.7767057419,2.6125051975,-2.1570773125
-0.0164763015,0.0996158496,0.0924203396,0.0249081324,0.0001378671,-0.0110693628,-0.1000000015,0.0000000000,1.5599999428,0.0000000000,0.1715144664,0.0993209779,0.1634149700,0.1717036813,nan,nan,nan,nan,nan,nan,nan,nan,nan,nan,nan,nan,nan,-0.0521124117,-0.0384896472,-0.0032004467,-0.0203773659,-0.0078075076,-0.0005134728,0.1316123605,0.0460737683,0.1824039072,-0.1008827388,-0.1658088714,1.1000000238,2.3674178123,0.4968650937,0.0000000000,2.3120000362,3.0615835190,nan,nan,nan,nan,nan,nan,nan,nan,nan,nan,nan,nan,nan,0.0059212903,0.0247168541,1.0054734945,2.7767057419,2.6125051975,-2.1570773125
-0.0164763015,0.0996158496,0.0924203396,0.0249081324,0.0001378671,-0.0110693628,-0.1000000015,0.0000000000,1.5599999428,0.0000000000,0.1715144664,0.0993209779,0.1634149700,0.1717036813,nan,nan,nan,nan,nan,nan,nan,nan,nan,nan,nan,nan,nan,-0.0521124117,-0.0384896472,-0.0032004467,-0.0203773659,-0.0078075076,-0.0005134728,0.1316123605,0.0460737683,0.1824039072,-0.1008827388,-0.1658088714,1.1000000238,2.3674178123,0.4968650937,0.0000000000,2.3120000362,3.0615835190,nan,nan,nan,nan,nan,nan,nan,nan,nan,nan,nan,nan,nan,0.0059212903,0.0247168541,1.0054734945,2.7767057419,2.6125051975,-2.1570773125
-0.0164763015,0.0996158496,0.0924203396,0.0249081324,0.0001378671,-0.0110693628,-0.1000000015,0.0000000000,1.5599999428,0.0000000000,0.1715144664,0.0993209779,0.1634149700,0.1717036813,nan,nan,nan,nan,nan,nan,nan,nan,nan,nan,nan,nan,nan,-0.0521124117,-0.0384896472,-0.0032004467,-0.0203773659,-0.0078075076,-0.0005134728,0.1316123605,0.0460737683,0.1824039072,-0.1008827388,-0.1658088714,1.1000000238,2.3674178123,0.4968650937,0.0000000000,2.3120000362,3.0615835190,nan,nan,nan,nan,nan,nan,nan,nan,nan,nan,nan,nan,nan,0.0059212903,0.0247168541,1.0054734945,2.7767057419,2.6125051975,-2.1570773125
-0.0164763015,0.0996158496,0.0924203396,0.0249081324,0.0001378671,-0.0110693628,-0.1000000015,0.0000000000,1.5599999428,0.0000000000,0.1715144664,0.0993209779,0.1634149700,0.1717036813,nan,nan,nan,nan,nan,nan,nan,nan,nan,nan,nan,nan,nan,-0.0521124117,-0.0384896472,-0.0032004467,-0.0203773659,-0.0078075076,-0.0005134728,0.1316123605,0.0460737683,0.1824039072,-0.1008827388,-0.1658088714,1.1000000238,2.3674178123,0.4968650937,0.0000000000,2.3120000362,3.0826981068,nan,nan,nan,nan,nan,nan,nan,nan,nan,nan,nan,nan,nan,0.0059212903,0.0247168541,1.0054734945,2.7767057419,2.6125051975,-2.1570773125
-0.0164763015,0.0996158496,0.0924203396,0.0249081324,0.0001378671,-0.0110693628,-0.1000000015,0.0000000000,1.5599999428,0.0000000000,0.1715144664,0.0993209779,0.1634149700,0.1717036813,nan,nan,nan,nan,nan,nan,nan,nan,nan,nan,nan,nan,nan,-0.0521124117,-0.0384896472,-0.0032004467,-0.0203773659,-0.0078075076,-0.0005134728,0.1316123605,0.0460737683,0.1824039072,-0.1008827388,-0.1658088714,1.1000000238,2.3674178123,0.4968650937,0.0000000000,2.3120000362,3.0826981068,nan,nan,nan,nan,nan,nan,nan,nan,nan,nan,nan,nan,nan,0.0059212903,0.0247168541,1.0054734945,2.7767057419,2.6125051975,-2.1570773125
-0.0164763015,0.0996158496,0.0924203396,0.0249081324,0.0001378671,-0.0110693628,-0.1000000015,0.0000000000,1.5599999428,0.0000000000,0.1715144664,0.0993209779,0.1634149700,0.1717036813,nan,nan,nan,nan,nan,nan,nan,nan,nan,nan,nan,nan,nan,-0.0521124117,-0.0384896472,-0.0032004467,-0.0203773659,-0.0078075076,-0.0005134728,0.1316123605,0.0460737683,0.1824039072,-0.1008827388,-0.1658088714,1.1000000238,2.3674178123,0.4968650937,0.0000000000,2.3120000362,3.0826981068,nan,nan,nan,nan,nan,nan,nan,nan,nan,nan,nan,nan,nan,0.0059212903,0.0247168541,1.0054734945,2.7767057419,2.6125051975,-2.1570773125
-0.0164763015,0.0996158496,0.0924203396,0.0249081324,0.0001378671,-0.0110693628,-0.1000000015,0.0000000000,1.5599999428,0.0000000000,0.1715144664,0.0993209779,0.1634149700,0.1717036813,nan,nan,nan,nan,nan,nan,nan,nan,nan,nan,nan,nan,nan,-0.0521124117,-0.0384896472,-0.0032004467,-0.0203773659,-0.0078075076,-0.0005134728,0.1316123605,0.0460737683,0.1824039072,-0.1008827388,-0.1658088714,1.1000000238,2.3674178123,0.4968650937,0.0000000000,2.3120000362,3.0826981068,nan,nan,nan,nan,nan,nan,nan,nan,nan,nan,nan,nan,nan,0.0059212903,0.0247168541,1.0054734945,2.7767057419,2.6125051975,-2.1570773125
-0.0164763015,0.0996158496,0.0924203396,0.0249081324,0.0001378671,-0.0110693628,-0.1000000015,0.0000000000,1.5599999428,0.0000000000,0.1715144664,0.0993209779,0.1634149700,0.1717036813,nan,nan,nan,nan,nan,nan,nan,nan,nan,nan,nan,nan,nan,-0.0521124117,-0.0384896472,-0.0032004467,-0.0203773659,-0.0078075076,-0.0005134728,0.1316123605,0.0460737683,0.1824039072,-0.1008827388,-0.1658088714,1.1000000238,2.3674178123,0.4968650937,0.0000000000,2.3120000362,3.0826981068,nan,nan,nan,nan,nan,nan,nan,nan,nan,nan,nan,nan,nan,0.0059212903,0.0247168541,1.0054734945,2.7767057419,2.6125051975,-2.1570773125
-0.0164763015,0.0996158496,0.0924203396,0.0249081324,0.0001378671,-0.0110693628,-0.1000000015,0.0000000000,1.5599999428,0.0000000000,0.1715144664,0.0993209779,0.1634149700,0.1717036813,nan,nan,nan,nan,nan,nan,nan,nan,nan,nan,nan,nan,nan,-0.0521124117,-0.0384896472,-0.0032004467,-0.0203773659,-0.0078075076,-0.0005134728,0.1316123605,0.0460737683,0.1824039072,-0.1008827388,-0.1658088714,1.1000000238,2.3674178123,0.4968650937,0.0000000000,2.3120000362,3.1038124561,nan,nan,nan,nan,nan,nan,nan,nan,nan,nan,nan,nan,nan,0.0059212903,0.0247168541,1.0054734945,2.7767057419,2.6125051975,-2.1570773125
-0.0164763015,0.0996158496,0.0924203396,0.0249081324,0.0001378671,-0.0110693628,-0.1000000015,0.0000000000,1.5599999428,0.0000000000,0.1715144664,0.0993209779,0.1634149700,0.1717036813,nan,nan,nan,nan,nan,nan,nan,nan,nan,nan,nan,nan,nan,-0.0521124117,-0.0384896472,-0.0032004467,-0.0203773659,-0.0078075076,-0.0005134728,0.1316123605,0.0460737683,0.1824039072,-0.1008827388,-0.1658088714,1.1000000238,2.3674178123,0.4968650937,0.0000000000,3.1029999256,3.1038124561,nan,nan,nan,nan,nan,nan,nan,nan,nan,nan,nan,nan,nan,0.0059212903,0.0247168541,1.0054734945,2.7767057419,2.6125051975,-2.1570773125
-0.0164763015,0.0996158496,0.0924203396,0.0249081324,0.0001378671,-0.0110693628,-0.1000000015,0.0000000000,1.5599999428,0.0000000000,0.1715144664,0.0993209779,0.1634149700,0.1717036813,nan,nan,nan,nan,nan,nan,nan,nan,nan,nan,nan,nan,nan,-0.0521124117,-0.0384896472,-0.0032004467,-0.0203773659,-0.0078075076,-0.0005134728,0.1316123605,0.0460737683,0.1824039072,-0.1008827388,-0.1658088714,1.1000000238,2.3674178123,0.4968650937,0.0000000000,3.1029999256,3.1038124561,nan,nan,nan,nan,nan,nan,nan,nan,nan,nan,nan,nan,nan,0.0059212903,0.0247168541,1.0054734945,2.7767057419,2.6125051975,-2.1570773125
-0.0164763015,0.0996158496,0.0924203396,0.0249081324,0.0001378671,-0.0110693628,-0.1000000015,0.0000000000,1.5599999428,0.0000000000,0.1715144664,0.0993209779,0.1634149700,0.1717036813,nan,nan,nan,nan,nan,nan,nan,nan,nan,nan,nan,nan,nan,-0.0521124117,-0.0384896472,-0.0032004467,-0.0203773659,-0.0078075076,-0.0005134728,0.1316123605,0.0460737683,0.1824039072,-0.1008827388,-0.1658088714,1.1000000238,2.3674178123,0.4968650937,0.0000000000,3.1029999256,3.1038124561,nan,nan,nan,nan,nan,nan,nan,nan,nan,nan,nan,nan,nan,0.0059212903,0.0247168541,1.0054734945,2.7767057419,2.6125051975,-2.1570773125
-0.0164763015,0.0996158496,0.0924203396,0.0249081324,0.0001378671,-0.0110693628,-0.1000000015,0.0000000000,1.5599999428,0.0000000000,0.1715144664,0.0993209779,0.1634149700,0.1717036813,nan,nan,nan,nan,nan,nan,nan,nan,nan,nan,nan,nan,nan,-0.0521124117,-0.0384896472,-0.0032004467,-0.0203773659,-0.0078075076,-0.0005134728,0.1316123605,0.0460737683,0.1824039072,-0.1008827388,-0.1658088714,1.1000000238,2.3674178123,0.4968650937,0.0000000000,3.1029999256,3.1038124561,nan,nan,nan,nan,nan,nan,nan,nan,nan,nan,nan,nan,nan,0.0059212903,0.0247168541,1.0054734945,2.7767057419,2.6125051975,-2.1570773125
-0.0164763015,0.0996158496,0.0924203396,0.0249081324,0.0001378671,-0.0110693628,-0.1000000015,0.0000000000,1.5599999428,0.0000000000,0.1715144664,0.0993209779,0.1634149700,0.1717036813,nan,nan,nan,nan,nan,nan,nan,nan,nan,nan,nan,nan,nan,-0.0521124117,-0.0384896472,-0.0032004467,-0.0203773659,-0.0078075076,-0.0005134728,0.1316123605,0.0460737683,0.1824039072,-0.1008827388,-0.1658088714,1.1000000238,2.3674178123,0.4968650937,0.0000000000,3.1029999256,3.1196482182,nan,nan,nan,nan,nan,nan,nan,nan,nan,nan,nan,nan,nan,0.0059212903,0.0247168541,1.0054734945,2.7767057419,2.6125051975,-2.1570773125
-0.0164763015,0.0996158496,0.0924203396,0.0249081324,0.0001378671,-0.0110693628,-0.1000000015,0.0000000000,1.5599999428,0.0000000000,0.1715144664,0.0993209779,0.1634149700,0.1717036813,nan,nan,nan,nan,nan,nan,nan,nan,nan,nan,nan,nan,nan,-0.0521124117,-0.0384896472,-0.0032004467,-0.0203773659,-0.0078075076,-0.0005134728,0.1316123605,0.0460737683,0.1824039072,-0.1008827388,-0.1658088714,1.1000000238,2.3674178123,0.4968650937,0.0000000000,3.1029999256,3.1196482182,nan,nan,nan,nan,nan,nan,nan,nan,nan,nan,nan,nan,nan,0.0059212903,0.0247168541,1.0054734945,2.7767057419,2.6125051975,-2.1570773125
-0.0164763015,0.0996158496,0.0924203396,0.0249081324,0.0001378671,-0.0110693628,-0.1000000015,0.0000000000,1.5599999428,0.0000000000,0.1715144664,0.0993209779,0.1634149700,0.1717036813,nan,nan,nan,nan,nan,nan,nan,nan,nan,nan,nan,nan,nan,-0.0521124117,-0.0384896472,-0.0032004467,-0.0203773659,-0.0078075076,-0.0005134728,0.1316123605,0.0460737683,0.1824039072,-0.1008827388,-0.1658088714,1.1000000238,2.3674178123,0.4968650937,0.0000000000,3.1029999256,3.1196482182,nan,nan,nan,nan,nan,nan,nan,nan,nan,nan,nan,nan,nan,0.0059212903,0.0247168541,1.0054734945,2.7767057419,2.6125051975,-2.1570773125
-0.0164763015,0.0996158496,0.0924203396,0.0249081324,0.0001378671,-0.0110693628,-0.1000000015,0.0000000000,1.5599999428,0.0000000000,0.1715144664,0.0993209779,0.1634149700,0.1717036813,nan,nan,nan,nan,nan,nan,nan,nan,nan,nan,nan,nan,nan,-0.0521124117,-0.0384896472,-0.0032004467,-0.0203773659,-0.0078075076,-0.0005134728,0.1316123605,0.0460737683,0.1824039072,-0.1008827388,-0.1658088714,1.1000000238,2.3674178123,0.4968650937,0.0000000000,3.1029999256,3.1196482182,nan,nan,nan,nan,nan,nan,nan,nan,nan,nan,nan,nan,nan,0.0059212903,0.0247168541,1.0054734945,2.7767057419,2.6125051975,-2.1570773125
-0.0164763015,0.0996158496,0.0924203396,0.0249081324,0.0001378671,-0.0110693628,-0.1000000015,0.0000000000,1.5599999428,0.0000000000,0.1715144664,0.0993209779,0.1634149700,0.1717036813,nan,nan,nan,nan,nan,nan,nan,nan,nan,nan,nan,nan,nan,-0.0521124117,-0.0384896472,-0.0032004467,-0.0203773659,-0.0078075076,-0.0005134728,0.1316123605,0.0460737683,0.1824039072,-0.1008827388,-0.1658088714,1.1000000238,2.3674178123,0.4968650937,0.0000000000,3.1029999256,3.1196482182,nan,nan,nan,nan,nan,nan,nan,nan,nan,nan,nan,nan,nan,0.0059212903,0.0247168541,1.0054734945,2.7767057419,2.6125051975,-2.1570773125
-0.0164763015,0.0996158496,0.0924203396,0.0249081324,0.0001378671,-0.0110693628,-0.1000000015,0.0000000000,1.5599999428,0.0000000000,0.1715144664,0.0993209779,0.1634149700,0.1717036813,nan,nan,nan,nan,nan,nan,nan,nan,nan,nan,nan,nan,nan,-0.0521124117,-0.0384896472,-0.0032004467,-0.0203773659,-0.0078075076,-0.0005134728,0.1316123605,0.0460737683,0.1824039072,-0.1008827388,-0.1658088714,1.1000000238,2.3674178123,0.4968650937,0.0000000000,3.1029999256,3.1302053928,nan,nan,nan,nan,nan,nan,nan,nan,nan,nan,nan,nan,nan,0.0059212903,0.0247168541,1.0054734945,2.7767057419,2.6125051975,-2.1570773125
-0.0164763015,0.0996158496,0.0924203396,0.0249081324,0.0001378671,-0.0110693628,-0.1000000015,0.0000000000,1.5599999428,0.0000000000,0.1715144664,0.0993209779,0.1634149700,0.1717036813,nan,nan,nan,nan,nan,nan,nan,nan,nan,nan,nan,nan,nan,-0.0521124117,-0.0384896472,-0.0032004467,-0.0203773659,-0.0078075076,-0.0005134728,0.1316123605,0.0460737683,0.1824039072,-0.1008827388,-0.1658088714,1.1000000238,2.3674178123,0.4968650937,0.0000000000,3.1029999256,3.1302053928,nan,nan,nan,nan,nan,nan,nan,nan,nan,nan,nan,nan,nan,0.0059212903,0.0247168541,1.0054734945,2.7767057419,2.6125051975,-2.1570773125
-0.0164763015,0.0996158496,0.0924203396,0.0249081324,0.0001378671,-0.0110693628,-0.1000000015,0.0000000000,1.5599999428,0.0000000000,0.1715144664,0.0993209779,0.1634149700,0.1717036813,nan,nan,nan,nan,nan,nan,nan,nan,nan,nan,nan,nan,nan,-0.0521124117,-0.0384896472,-0.0032004467,-0.0203773659,-0.0078075076,-0.0005134728,0.1316123605,0.0460737683,0.1824039072,-0.1008827388,-0.1658088714,1.1000000238,2.3674178123,0.4968650937,0.0000000000,3.1029999256,3.1302053928,nan,nan,nan,nan,nan,nan,nan,nan,nan,nan,nan,nan,nan,0.0059212903,0.0247168541,1.0054734945,2.7767057419,2.6125051975,-2.1570773125
-0.0164763015,0.0996158496,0.0924203396,0.0249081324,0.0001378671,-0.0110693628,-0.1000000015,0.0000000000,1.5599999428,0.0000000000,0.1715144664,0.0993209779,0.1634149700,0.1717036813,nan,nan,nan,nan,nan,nan,nan,nan,nan,nan,nan,nan,nan,-0.0521124117,-0.0384896472,-0.0032004467,-0.0203773659,-0.0078075076,-0.0005134728,0.1316123605,0.0460737683,0.1824039072,-0.1008827388,-0.1658088714,1.1000000238,2.3674178123,0.4968650937,0.0000000000,3.1029999256,3.1302053928,nan,nan,nan,nan,nan,nan,nan,nan,nan,nan,nan,nan,nan,0.0059212903,0.0247168541,1.0054734945,2.7767057419,2.6125051975,-2.1570773125
-0.0164763015,0.0996158496,0.0924203396,0.0249081324,0.0001378671,-0.0110693628,-0.1000000015,0.0000000000,1.5599999428,0.0000000000,0.1715144664,0.0993209779,0.1634149700,0.1717036813,nan,nan,nan,nan,nan,nan,nan,nan,nan,nan,nan,nan,nan,-0.0521124117,-0.0384896472,-0.0032004467,-0.0203773659,-0.0078075076,-0.0005134728,0.1316123605,0.0460737683,0.1824039072,-0.1008827388,-0.1658088714,1.1000000238,2.3674178123,0.4968650937,0.0000000000,3.1029999256,3.1302053928,nan,nan,nan,nan,nan,nan,nan,nan,nan,nan,nan,nan,nan,0.0059212903,0.0247168541,1.0054734945,2.7767057419,2.6125051975,-2.1570773125
-0.0164763015,0.0996158496,0.0924203396,0.0249081324,0.0001378671,-0.0110693628,-0.1000000015,0.0000000000,1.5599999428,0.0000000000,0.1715144664,0.0993209779,0.1634149700,0.1717036813,nan,nan,nan,nan,nan,nan,nan,nan,nan,nan,nan,nan,nan,-0.0521124117,-0.0384896472,-0.0032004467,-0.0203773659,-0.0078075076,-0.0005134728,0.1316123605,0.0460737683,0.1824039072,-0.1008827388,-0.1658088714,1.1000000238,2.3674178123,0.4968650937,0.0000000000,3.1029999256,3.1407625675,nan,nan,nan,nan,nan,nan,nan,nan,nan,nan,nan,nan,nan,0.0059212903,0.0247168541,1.0054734945,2.7767057419,2.6125051975,-2.1570773125
-0.0164763015,0.0996158496,0.0924203396,0.0249081324,0.0001378671,-0.0110693628,-0.1000000015,0.0000000000,1.5599999428,0.0000000000,0.1715144664,0.0993209779,0.1634149700,0.1717036813,nan,nan,nan,nan,nan,nan,nan,nan,nan,nan,nan,nan,nan,-0.0521124117,-0.0384896472,-0.0032004467,-0.0203773659,-0.0078075076,-0.0005134728,0.1316123605,0.0460737683,0.1824039072,-0.1008827388,-0.1658088714,1.1000000238,2.3674178123,0.4968650937,0.0000000000,3.1029999256,3.1407625675,nan,nan,nan,nan,nan,nan,nan,nan,nan,nan,nan,nan,nan,0.0059212903,0.0247168541,1.0054734945,2.7767057419,2.6125051975,-2.1570773125
-0.0164763015,0.0996158496,0.0924203396,0.0249081324,0.0001378671,-0.0110693628,-0.1000000015,0.0000000000,1.5599999428,0.0000000000,0.1715144664,0.0993209779,0.1634149700,0.1717036813,nan,nan,nan,nan,nan,nan,nan,nan,nan,nan,nan,nan,nan,-0.0521124117,-0.0384896472,-0.0032004467,-0.0203773659,-0.0078075076,-0.0005134728,0.1316123605,0.0460737683,0.1824039072,-0.1008827388,-0.1658088714,1.1000000238,2.3674178123,0.4968650937,0.0000000000,3.1029999256,3.1407625675,nan,nan,nan,nan,nan,nan,nan,nan,nan,nan,nan,nan,nan,0.0059212903,0.0247168541,1.0054734945,2.7767057419,2.6125051975,-2.1570773125
-0.0164763015,0.0996158496,0.0924203396,0.0249081324,0.0001378671,-0.0110693628,-0.1000000015,0.0000000000,1.5599999428,0.0000000000,0.1715144664,0.0993209779,0.1634149700,0.1717036813,nan,nan,nan,nan,nan,nan,nan,nan,nan,nan,nan,nan,nan,-0.0521124117,-0.0384896472,-0.0032004467,-0.0203773659,-0.0078075076,-0.0005134728,0.1316123605,0.0460737683,0.1824039072,-0.1008827388,-0.1658088714,1.1000000238,2.3674178123,0.4968650937,0.0000000000,3.1029999256,3.1407625675,nan,nan,nan,nan,nan,nan,nan,nan,nan,nan,nan,nan,nan,0.0059212903,0.0247168541,1.0054734945,2.7767057419,2.6125051975,-2.1570773125
-0.0164763015,0.0996158496,0.0924203396,0.0249081324,0.0001378671,-0.0110693628,-0.1000000015,0.0000000000,1.5599999428,0.0000000000,0.1715144664,0.0993209779,0.1634149700,0.1717036813,nan,nan,nan,nan,nan,nan,nan,nan,nan,nan,nan,nan,nan,-0.0521124117,-0.0384896472,-0.0032004467,-0.0203773659,-0.0078075076,-0.0005134728,0.1316123605,0.0460737683,0.1824039072,-0.1008827388,-0.1658088714,1.1000000238,2.3674178123,0.4968650937,0.0000000000,3.1029999256,3.1407625675,nan,nan,nan,nan,nan,nan,nan,nan,nan,nan,nan,nan,nan,0.0059212903,0.0247168541,1.0054734945,2.7767057419,2.6125051975,-2.1570773125
-0.0164763015,0.0996158496,0.0924203396,0.0249081324,0.0001378671,-0.0110693628,-0.1000000015,0.0000000000,1.5599999428,0.0000000000,0.1715144664,0.0993209779,0.1634149700,0.1717036813,nan,nan,nan,nan,nan,nan,nan,nan,nan,nan,nan,nan,nan,-0.0521124117,-0.0384896472,-0.0032004467,-0.0203773659,-0.0078075076,-0.0005134728,0.1316123605,0.0460737683,0.1824039072,-0.1008827388,-0.1658088714,1.1000000238,2.3674178123,0.4968650937,0.0000000000,3.1029999256,3.1460411549,nan,nan,nan,nan,nan,nan,nan,nan,nan,nan,nan,nan,nan,0.0059212903,0.0247168541,1.0054734945,2.7767057419,2.6125051975,-2.1570773125
-0.0164763015,0.0996158496,0.0924203396,0.0249081324,0.0001378671,-0.0110693628,-0.1000000015,0.0000000000,1.5599999428,0.0000000000,0.1715144664,0.0993209779,0.1634149700,0.1717036813,nan,nan,nan,nan,nan,nan,nan,nan,nan,nan,nan,nan,nan,-0.0521124117,-0.0384896472,-0.0032004467,-0.0203773659,-0.0078075076,-0.0005134728,0.1316123605,0.0460737683,0.1824039072,-0.1008827388,-0.1658088714,1.1000000238,2.3674178123,0.4968650937,0.0000000000,3.1029999256,3.1460411549,nan,nan,nan,nan,nan,nan,nan,nan,nan,nan,nan,nan,nan,0.0059212903,0.0247168541,1.0054734945,2.7767057419,2.6125051975,-2.1570773125
-0.0164763015,0.0996158496,0.0924203396,0.0249081324,0.0001378671,-0.0110693628,-0.1000000015,0.0000000000,1.5599999428,0.0000000000,0.1715144664,0.0993209779,0.1634149700,0.1717036813,nan,nan,nan,nan,nan,nan,nan,nan,nan,nan,nan,nan,nan,-0.0521124117,-0.0384896472,-0.0032004467,-0.0203773659,-0.0078075076,-0.0005134728,0.1316123605,0.0460737683,0.1824039072,-0.1008827388,-0.1658088714,1.1000000238,2.3674178123,0.4968650937,0.0000000000,3.1029999256,3.1460411549,nan,nan,nan,nan,nan,nan,nan,nan,nan,nan,nan,nan,nan,0.0059212903,0.0247168541,1.0054734945,2.7767057419,2.6125051975,-2.1570773125
-0.0164763015,0.0996158496,0.0924203396,0.0249081324,0.0001378671,-0.0110693628,-0.1000000015,0.0000000000,1.5599999428,0.0000000000,0.1715144664,0.0993209779,0.1634149700,0.1717036813,nan,nan,nan,nan,nan,nan,nan,nan,nan,nan,nan,nan,nan,-0.0521124117,-0.0384896472,-0.0032004467,-0.0203773659,-0.0078075076,-0.0005134728,0.1316123605,0.0460737683,0.1824039072,-0.1008827388,-0.1658088714,1.1000000238,2.3674178123,0.4968650937,0.0000000000,3.1029999256,3.1460411549,nan,nan,nan,nan,nan,nan,nan,nan,nan,nan,nan,nan,nan,0.0059212903,0.0247168541,1.0054734945,2.7767057419,2.6125051975,-2.1570773125
-0.0164763015,0.0996158496,0.0924203396,0.0249081324,0.0001378671,-0.0110693628,-0.1000000015,0.0000000000,1.5599999428,0.0000000000,0.1715144664,0.0993209779,0.1634149700,0.1717036813,nan,nan,nan,nan,nan,nan,nan,nan,nan,nan,nan,nan,nan,-0.0521124117,-0.0384896472,-0.0032004467,-0.0203773659,-0.0078075076,-0.0005134728,0.1316123605,0.0460737683,0.1824039072,-0.1008827388,-0.1658088714,1.1000000238,2.3674178123,0.4968650937,0.0000000000,3.1029999256,3.1460411549,nan,nan,nan,nan,nan,nan,nan,nan,nan,nan,nan,nan,nan,0.0059212903,0.0247168541,1.0054734945,2.7767057419,2.6125051975,-2.1570773125
-0.0164763015,0.0996158496,0.0924203396,0.0249081324,0.0001378671,-0.0110693628,-0.1000000015,0.0000000000,1.5599999428,0.0000000000,0.1715144664,0.0993209779,0.1634149700,0.1717036813,nan,nan,nan,nan,nan,nan,nan,nan,nan,nan,nan,nan,nan,-0.0521124117,-0.0384896472,-0.0032004467,-0.0203773659,-0.0078075076,-0.0005134728,0.1316123605,0.0460737683,0.1824039072,-0.1008827388,-0.1658088714,1.1000000238,2.3674178123,0.4968650937,0.0000000000,3.1029999256,3.1513197422,nan,nan,nan,nan,nan,nan,nan,nan,nan,nan,nan,nan,nan,0.0059212903,0.0247168541,1.0054734945,2.7767057419,2.6125051975,-2.1570773125
-0.0164763015,0.0996158496,0.0924203396,0.0249081324,0.0001378671,-0.0110693628,-0.1000000015,0.0000000000,1.5599999428,0.0000000000,0.1715144664,0.0993209779,0.1634149700,0.1717036813,nan,nan,nan,nan,nan,nan,nan,nan,nan,nan,nan,nan,nan,-0.0521124117,-0.0384896472,-0.0032004467,-0.0203773659,-0.0078075076,-0.0005134728,0.1316123605,0.0460737683,0.1824039072,-0.1008827388,-0.1658088714,1.1000000238,2.3674178123,0.4968650937,0.0000000000,3.1029999256,3.1513197422,nan,nan,nan,nan,nan,nan,nan,nan,nan,nan,nan,nan,nan,0.0059212903,0.0247168541,1.0054734945,2.7767057419,2.6125051975,-2.1570773125
-0.0164763015,0.0996158496,0.0924203396,0.0249081324,0.0001378671,-0.0110693628,-0.1000000015,0.0000000000,1.5599999428,0.0000000000,0.1715144664,0.0993209779,0.1634149700,0.1717036813,nan,nan,nan,nan,nan,nan,nan,nan,nan,nan,nan,nan,nan,-0.0521124117,-0.0384896472,-0.0032004467,-0.0203773659,-0.0078075076,-0.0005134728,0.1316123605,0.0460737683,0.1824039072,-0.1008827388,-0.1658088714,1.1000000238,2.3674178123,0.4968650937,0.0000000000,3.1029999256,3.1513197422,nan,nan,nan,nan,nan,nan,nan,nan,nan,nan,nan,nan,nan,0.0059212903,0.0247168541,1.0054734945,2.7767057419,2.6125051975,-2.1570773125
-0.0164763015,0.0996158496,0.0924203396,0.0249081324,0.0001378671,-0.0110693628,-0.1000000015,0.0000000000,1.5599999428,0.0000000000,0.1715144664,0.0993209779,0.1634149700,0.1717036813,nan,nan,nan,nan,nan,nan,nan,nan,nan,nan,nan,nan,nan,-0.0521124117,-0.0384896472,-0.0032004467,-0.0203773659,-0.0078075076,-0.0005134728,0.1316123605,0.0460737683,0.1824039072,-0.1008827388,-0.1658088714,1.1000000238,2.3674178123,0.4968650937,0.0000000000,3.1029999256,3.1513197422,nan,nan,nan,nan,nan,nan,nan,nan,nan,nan,nan,nan,nan,0.0059212903,0.0247168541,1.0054734945,2.7767057419,2.6125051975,-2.1570773125
-0.0164763015,0.0996158496,0.0924203396,0.0249081324,0.0001378671,-0.0110693628,-0.1000000015,0.0000000000,1.5599999428,0.0000000000,0.1715144664,0.0993209779,0.1634149700,0.1717036813,nan,nan,nan,nan,nan,nan,nan,nan,nan,nan,nan,nan,nan,-0.0521124117,-0.0384896472,-0.0032004467,-0.0203773659,-0.0078075076,-0.0005134728,0.1316123605,0.0460737683,0.1824039072,-0.1008827388,-0.1658088714,1.1000000238,2.3674178123,0.4968650937,0.0000000000,3.1029999256,3.1513197422,nan,nan,nan,nan,nan,nan,nan,nan,nan,nan,nan,nan,nan,0.0059212903,0.0247168541,1.0054734945,2.7767057419,2.6125051975,-2.1570773125
-0.0164763015,0.0996158496,0.0924203396,0.0249081324,0.0001378671,-0.0110693628,-0.1000000015,0.0000000000,1.5599999428,0.0000000000,0.1715144664,0.0993209779,0.1634149700,0.1717036813,nan,nan,nan,nan,nan,nan,nan,nan,nan,nan,nan,nan,nan,-0.0521124117,-0.0384896472,-0.0032004467,-0.0203773659,-0.0078075076,-0.0005134728,0.1316123605,0.0460737683,0.1824039072,-0.1008827388,-0.1658088714,1.1000000238,2.3674178123,0.4968650937,0.0000000000,3.1029999256,3.1565983295,nan,nan,nan,nan,nan,nan,nan,nan,nan,nan,nan,nan,nan,0.0059212903,0.0247168541,1.0054734945,2.7767057419,2.6125051975,-2.1570773125
-0.0164763015,0.0996158496,0.0924203396,0.0249081324,0.0001378671,-0.0110693628,-0.1000000015,0.0000000000,1.5599999428,0.0000000000,0.1715144664,0.0993209779,0.1634149700,0.1717036813,nan,nan,nan,nan,nan,nan,nan,nan,nan,nan,nan,nan,nan,-0.0521124117,-0.0384896472,-0.0032004467,-0.0203773659,-0.0078075076,-0.0005134728,0.1316123605,0.0460737683,0.1824039072,-0.1008827388,-0.1658088714,1.1000000238,2.3674178123,0.4968650937,0.0000000000,3.1029999256,3.1565983295,nan,nan,nan,nan,nan,nan,nan,nan,nan,nan,nan,nan,nan,0.0059212903,0.0247168541,1.0054734945,2.7767057419,2.6125051975,-2.1570773125
-0.0164763015,0.0996158496,0.0924203396,0.0249081324,0.0001378671,-0.0110693628,-0.1000000015,0.0000000000,1.5599999428,0.0000000000,0.1715144664,0.0993209779,0.1634149700,0.1717036813,nan,nan,nan,nan,nan,nan,nan,nan,nan,nan,nan,nan,nan,-0.0521124117,-0.0384896472,-0.0032004467,-0.0203773659,-0.0078075076,-0.0005134728,0.1316123605,0.0460737683,0.1824039072,-0.1008827388,-0.1658088714,1.1000000238,2.3674178123,0.4968650937,0.0000000000,3.1029999256,3.1565983295,nan,nan,nan,nan,nan,nan,nan,nan,nan,nan,nan,nan,nan,0.0059212903,0.0247168541,1.0054734945,2.7767057419,2.6125051975,-2.1570773125
-0.0164763015,0.0996158496,0.0924203396,0.0249081324,0.0001378671,-0.0110693628,-0.1000000015,0.0000000000,1.5599999428,0.0000000000,0.1715144664,0.0993209779,0.1634149700,0.1717036813,nan,nan,nan,nan,nan,nan,nan,nan,nan,nan,nan,nan,nan,-0.0521124117,-0.0384896472,-0.0032004467,-0.0203773659,-0.0078075076,-0.0005134728,0.1316123605,0.0460737683,0.1824039072,-0.1008827388,-0.1658088714,1.1000000238,2.3674178123,0.4968650937,0.0000000000,3.1029999256,3.1565983295,nan,nan,nan,nan,nan,nan,nan,nan,nan,nan,nan,nan,nan,0.0059212903,0.0247168541,1.0054734945,2.7767057419,2.6125051975,-2.1570773125
-0.0164763015,0.0996158496,0.0924203396,0.0249081324,0.0001378671,-0.0110693628,-0.1000000015,0.0000000000,1.5599999428,0.0000000000,0.1715144664,0.0993209779,0.1634149700,0.1717036813,nan,nan,nan,nan,nan,nan,nan,nan,nan,nan,nan,nan,nan,-0.0521124117,-0.0384896472,-0.0032004467,-0.0203773659,-0.0078075076,-0.0005134728,0.1316123605,0.0460737683,0.1824039072,-0.1008827388,-0.1658088714,1.1000000238,2.3674178123,0.4968650937,0.0000000000,3.1029999256,3.1565983295,nan,nan,nan,nan,nan,nan,nan,nan,nan,nan,nan,nan,nan,0.0059212903,0.0247168541,1.0054734945,2.7767057419,2.6125051975,-2.1570773125
-0.0164763015,0.0996158496,0.0924203396,0.0249081324,0.0001378671,-0.0110693628,-0.1000000015,0.0000000000,1.5599999428,0.0000000000,0.1715144664,0.0993209779,0.1634149700,0.1717036813,nan,nan,nan,nan,nan,nan,nan,nan,nan,nan,nan,nan,nan,-0.0521124117,-0.0384896472,-0.0032004467,-0.0203773659,-0.0078075076,-0.0005134728,0.1316123605,0.0460737683,0.1824039072,-0.1008827388,-0.1658088714,1.1000000238,2.3674178123,0.4968650937,0.0000000000,3.1029999256,3.1618769169,nan,nan,nan,nan,nan,nan,nan,nan,nan,nan,nan,nan,nan,0.0059212903,0.0247168541,1.0054734945,2.7767057419,2.6125051975,-2.1570773125
-0.0164763015,0.0996158496,0.0924203396,0.0249081324,0.0001378671,-0.0110693628,-0.1000000015,0.0000000000,1.5599999428,0.0000000000,0.1715144664,0.0993209779,0.1634149700,0.1717036813,nan,nan,nan,nan,nan,nan,nan,nan,nan,nan,nan,nan,nan,-0.0521124117,-0.0384896472,-0.0032004467,-0.0203773659,-0.0078075076,-0.0005134728,0.1316123605,0.0460737683,0.1824039072,-0.1008827388,-0.1658088714,1.1000000238,2.3674178123,0.4968650937,0.0000000000,3.1029999256,3.1618769169,nan,nan,nan,nan,nan,nan,nan,nan,nan,nan,nan,nan,nan,0.0059212903,0.0247168541,1.0054734945,2.7767057419,2.6125051975,-2.1570773125
-0.0164763015,0.0996158496,0.0924203396,0.0249081324,0.0001378671,-0.0110693628,-0.1000000015,0.0000000000,1.5599999428,0.0000000000,0.1715144664,0.0993209779,0.1634149700,0.1717036813,nan,nan,nan,nan,nan,nan,nan,nan,nan,nan,nan,nan,nan,-0.0521124117,-0.0384896472,-0.0032004467,-0.0203773659,-0.0078075076,-0.0005134728,0.1316123605,0.0460737683,0.1824039072,-0.1008827388,-0.1658088714,1.1000000238,2.3674178123,0.4968650937,0.0000000000,3.1029999256,3.1618769169,nan,nan,nan,nan,nan,nan,nan,nan,nan,nan,nan,nan,nan,0.0059212903,0.0247168541,1.0054734945,2.7767057419,2.6125051975,-2.1570773125
-0.0164763015,0.0996158496,0.0924203396,0.0249081324,0.0001378671,-0.0110693628,-0.1000000015,0.0000000000,1.5599999428,0.0000000000,0.1715144664,0.0993209779,0.1634149700,0.1717036813,nan,nan,nan,nan,nan,nan,nan,nan,nan,nan,nan,nan,nan,-0.0521124117,-0.0384896472,-0.0032004467,-0.0203773659,-0.0078075076,-0.0005134728,0.1316123605,0.0460737683,0.1824039072,-0.1008827388,-0.1658088714,1.1000000238,2.3674178123,0.4968650937,0.0000000000,3.1029999256,3.1618769169,nan,nan,nan,nan,nan,nan,nan,nan,nan,nan,nan,nan,nan,0.0059212903,0.0247168541,1.0054734945,2.7767057419,2.6125051975,-2.1570773125
-0.0164763015,0.0996158496,0.0924203396,0.0249081324,0.0001378671,-0.0110693628,-0.1000000015,0.0000000000,1.5599999428,0.0000000000,0.1715144664,0.0993209779,0.1634149700,0.1717036813,nan,nan,nan,nan,nan,nan,nan,nan,nan,nan,nan,nan,nan,-0.0521124117,-0.0384896472,-0.0032004467,-0.0203773659,-0.0078075076,-0.0005134728,0.1316123605,0.0460737683,0.1824039072,-0.1008827388,-0.1658088714,1.1000000238,2.3674178123,0.4968650937,0.0000000000,3.1029999256,3.1618769169,nan,nan,nan,nan,nan,nan,nan,nan,nan,nan,nan,nan,nan,0.0059212903,0.0247168541,1.0054734945,2.7767057419,2.6125051975,-2.1570773125
-0.0164763015,0.0996158496,0.0924203396,0.0249081324,0.0001378671,-0.0110693628,-0.1000000015,0.0000000000,1.5599999428,0.0000000000,0.1715144664,0.0993209779,0.1634149700,0.1717036813,nan,nan,nan,nan,nan,nan,nan,nan,nan,nan,nan,nan,nan,-0.0521124117,-0.0384896472,-0.0032004467,-0.0203773659,-0.0078075076,-0.0005134728,0.1316123605,0.0460737683,0.1824039072,-0.1008827388,-0.1658088714,1.1000000238,2.3674178123,0.4968650937,0.0000000000,3.1029999256,3.1671555042,nan,nan,nan,nan,nan,nan,nan,nan,nan,nan,nan,nan,nan,0.0059212903,0.0247168541,1.0054734945,2.7767057419,2.6125051975,-2.1570773125
-0.0164763015,0.0996158496,0.0924203396,0.0249081324,0.0001378671,-0.0110693628,-0.1000000015,0.0000000000,1.5599999428,0.0000000000,0.1715144664,0.0993209779,0.1634149700,0.1717036813,nan,nan,nan,nan,nan,nan,nan,nan,nan,nan,nan,nan,nan,-0.0521124117,-0.0384896472,-0.0032004467,-0.0203773659,-0.0078075076,-0.0005134728,0.1316123605,0.0460737683,0.1824039072,-0.1008827388,-0.1658088714,1.1000000238,2.3674178123,0.4968650937,0.0000000000,3.1029999256,3.1671555042,nan,nan,nan,nan,nan,nan,nan,nan,nan,nan,nan,nan,nan,0.0059212903,0.0247168541,1.0054734945,2.7767057419,2.6125051975,-2.1570773125
-0.0164763015,0.0996158496,0.0924203396,0.0249081324,0.0001378671,-0.0110693628,-0.1000000015,0.0000000000,1.5599999428,0.0000000000,0.1715144664,0.0993209779,0.1634149700,0.1717036813,nan,nan,nan,nan,nan,nan,nan,nan,nan,nan,nan,nan,nan,-0.0521124117,-0.0384896472,-0.0032004467,-0.0203773659,-0.0078075076,-0.0005134728,0.1316123605,0.0460737683,0.1824039072,-0.1008827388,-0.1658088714,1.1000000238,2.3674178123,0.4968650937,0.0000000000,3.1029999256,3.1671555042,nan,nan,nan,nan,nan,nan,nan,nan,nan,nan,nan,nan,nan,0.0059212903,0.0247168541,1.0054734945,2.7767057419,2.6125051975,-2.1570773125
-0.0164763015,0.0996158496,0.0924203396,0.0249081324,0.0001378671,-0.0110693628,-0.1000000015,0.0000000000,1.5599999428,0.0000000000,0.1715144664,0.0993209779,0.1634149700,0.1717036813,nan,nan,nan,nan,nan,nan,nan,nan,nan,nan,nan,nan,nan,-0.0521124117,-0.0384896472,-0.0032004467,-0.0203773659,-0.0078075076,-0.0005134728,0.1316123605,0.0460737683,0.1824039072,-0.1008827388,-0.1658088714,1.1000000238,2.3674178123,0.4968650937,0.0000000000,3.1029999256,3.1671555042,nan,nan,nan,nan,nan,nan,nan,nan,nan,nan,nan,nan,nan,0.0059212903,0.0247168541,1.0054734945,2.7767057419,2.6125051975,-2.1570773125
-0.0164763015,0.0996158496,0.0924203396,0.0249081324,0.0001378671,-0.0110693628,-0.1000000015,0.0000000000,1.5599999428,0.0000000000,0.1715144664,0.0993209779,0.1634149700,0.1717036813,nan,nan,nan,nan,nan,nan,nan,nan,nan,nan,nan,nan,nan,-0.0521124117,-0.0384896472,-0.0032004467,-0.0203773659,-0.0078075076,-0.0005134728,0.1316123605,0.0460737683,0.1824039072,-0.1008827388,-0.1658088714,1.1000000238,2.3674178123,0.4968650937,0.0000000000,3.1029999256,3.1671555042,nan,nan,nan,nan,nan,nan,nan,nan,nan,nan,nan,nan,nan,0.0059212903,0.0247168541,1.0054734945,2.7767057419,2.6125051975,-2.1570773125
-0.0164763015,0.0996158496,0.0924203396,0.0249081324,0.0001378671,-0.0110693628,-0.1000000015,0.0000000000,1.5599999428,0.0000000000,0.1715144664,0.0993209779,0.1634149700,0.1717036813,nan,nan,nan,nan,nan,nan,nan,nan,nan,nan,nan,nan,nan,-0.0521124117,-0.0384896472,-0.0032004467,-0.0203773659,-0.0078075076,-0.0005134728,0.1316123605,0.0460737683,0.1824039072,-0.1008827388,-0.1658088714,1.1000000238,2.3674178123,0.4968650937,0.0000000000,3.1029999256,3.1724340916,nan,nan,nan,nan,nan,nan,nan,nan,nan,nan,nan,nan,nan,0.0059212903,0.0247168541,1.0054734945,2.7767057419,2.6125051975,-2.1570773125
-0.0164763015,0.0996158496,0.0924203396,0.0249081324,0.0001378671,-0.0110693628,-0.1000000015,0.0000000000,1.5599999428,0.0000000000,0.1715144664,0.0993209779,0.1634149700,0.1717036813,nan,nan,nan,nan,nan,nan,nan,nan,nan,nan,nan,nan,nan,-0.0521124117,-0.0384896472,-0.0032004467,-0.0203773659,-0.0078075076,-0.0005134728,0.1316123605,0.0460737683,0.1824039072,-0.1008827388,-0.1658088714,1.1000000238,2.3674178123,0.4968650937,0.0000000000,3.1029999256,3.1724340916,nan,nan,nan,nan,nan,nan,nan,nan,nan,nan,nan,nan,nan,0.0059212903,0.0247168541,1.0054734945,2.7767057419,2.6125051975,-2.1570773125
-0.0164763015,0.0996158496,0.0924203396,0.0249081324,0.0001378671,-0.0110693628,-0.1000000015,0.0000000000,1.5599999428,0.0000000000,0.1715144664,0.0993209779,0.1634149700,0.1717036813,nan,nan,nan,nan,nan,nan,nan,nan,nan,nan,nan,nan,nan,-0.0521124117,-0.0384896472,-0.0032004467,-0.0203773659,-0.0078075076,-0.0005134728,0.1316123605,0.0460737683,0.1824039072,-0.1008827388,-0.1658088714,1.1000000238,2.3674178123,0.4968650937,0.0000000000,3.1029999256,3.1724340916,nan,nan,nan,nan,nan,nan,nan,nan,nan,nan,nan,nan,nan,0.0059212903,0.0247168541,1.0054734945,2.7767057419,2.6125051975,-2.1570773125
-0.0164763015,0.0996158496,0.0924203396,0.0249081324,0.0001378671,-0.0110693628,-0.1000000015,0.0000000000,1.5599999428,0.0000000000,0.1715144664,0.0993209779,0.1634149700,0.1717036813,nan,nan,nan,nan,nan,nan,nan,nan,nan,nan,nan,nan,nan,-0.0521124117,-0.0384896472,-0.0032004467,-0.0203773659,-0.0078075076,-0.0005134728,0.1316123605,0.0460737683,0.1824039072,-0.1008827388,-0.1658088714,1.1000000238,2.3674178123,0.4968650937,0.0000000000,3.1029999256,3.1724340916,nan,nan,nan,nan,nan,nan,nan,nan,nan,nan,nan,nan,nan,0.0059212903,0.0247168541,1.0054734945,2.7767057419,2.6125051975,-2.1570773125
-0.0164763015,0.0996158496,0.0924203396,0.0249081324,0.0001378671,-0.0110693628,-0.1000000015,0.0000000000,1.5599999428,0.0000000000,0.1715144664,0.0993209779,0.1634149700,0.1717036813,nan,nan,nan,nan,nan,nan,nan,nan,nan,nan,nan,nan,nan,-0.0521124117,-0.0384896472,-0.0032004467,-0.0203773659,-0.0078075076,-0.0005134728,0.1316123605,0.0460737683,0.1824039072,-0.1008827388,-0.1658088714,1.1000000238,2.3674178123,0.4968650937,0.0000000000,3.1029999256,3.1724340916,nan,nan,nan,nan,nan,nan,nan,nan,nan,nan,nan,nan,nan,0.0059212903,0.0247168541,1.0054734945,2.7767057419,2.6125051975,-2.1570773125
-0.0164763015,0.0996158496,0.0924203396,0.0249081324,0.0001378671,-0.0110693628,-0.1000000015,0.0000000000,1.5599999428,0.0000000000,0.1715144664,0.0993209779,0.1634149700,0.1717036813,nan,nan,nan,nan,nan,nan,nan,nan,nan,nan,nan,nan,nan,-0.0521124117,-0.0384896472,-0.0032004467,-0.0203773659,-0.0078075076,-0.0005134728,0.1316123605,0.0460737683,0.1824039072,-0.1008827388,-0.1658088714,1.1000000238,2.3674178123,0.4968650937,0.0000000000,3.1029999256,3.1724340916,nan,nan,nan,nan,nan,nan,nan,nan,nan,nan,nan,nan,nan,0.0059212903,0.0247168541,1.0054734945,2.7767057419,2.6125051975,-2.1570773125
-0.0164763015,0.0996158496,0.0924203396,0.0249081324,0.0001378671,-0.0110693628,-0.1000000015,0.0000000000,1.5599999428,0.0000000000,0.1715144664,0.0993209779,0.1634149700,0.1717036813,nan,nan,nan,nan,nan,nan,nan,nan,nan,nan,nan,nan,nan,-0.0521124117,-0.0384896472,-0.0032004467,-0.0203773659,-0.0078075076,-0.0005134728,0.1316123605,0.0460737683,0.1824039072,-0.1008827388,-0.1658088714,1.1000000238,2.3674178123,0.4968650937,0.0000000000,3.1719999313,3.1724340916,nan,nan,nan,nan,nan,nan,nan,nan,nan,nan,nan,nan,nan,0.0059212903,0.0247168541,1.0054734945,2.7767057419,2.6125051975,-2.1570773125
-0.0164763015,0.0996158496,0.0924203396,0.0249081324,0.0001378671,-0.0110693628,-0.1000000015,0.0000000000,1.5599999428,0.0000000000,0.1715144664,0.0993209779,0.1634149700,0.1717036813,nan,nan,nan,nan,nan,nan,nan,nan,nan,nan,nan,nan,nan,-0.0521124117,-0.0384896472,-0.0032004467,-0.0203773659,-0.0078075076,-0.0005134728,0.1316123605,0.0460737683,0.1824039072,-0.1008827388,-0.1658088714,1.1000000238,2.3674178123,0.4968650937,0.0000000000,3.1719999313,3.1724340916,nan,nan,nan,nan,nan,nan,nan,nan,nan,nan,nan,nan,nan,0.0059212903,0.0247168541,1.0054734945,2.7767057419,2.6125051975,-2.1570773125
-0.0164763015,0.0996158496,0.0924203396,0.0249081324,0.0001378671,-0.0110693628,-0.1000000015,0.0000000000,1.5599999428,0.0000000000,0.1715144664,0.0993209779,0.1634149700,0.1717036813,nan,nan,nan,nan,nan,nan,nan,nan,nan,nan,nan,nan,nan,-0.0521124117,-0.0384896472,-0.0032004467,-0.0203773659,-0.0078075076,-0.0005134728,0.1316123605,0.0460737683,0.1824039072,-0.1008827388,-0.1658088714,1.1000000238,2.3674178123,0.4968650937,0.0000000000,3.1719999313,3.1724340916,nan,nan,nan,nan,nan,nan,nan,nan,nan,nan,nan,nan,nan,0.0059212903,0.0247168541,1.0054734945,2.7767057419,2.6125051975,-2.1570773125
-0.0164763015,0.0996158496,0.0924203396,0.0249081324,0.0001378671,-0.0110693628,-0.1000000015,0.0000000000,1.5599999428,0.0000000000,0.1715144664,0.0993209779,0.1634149700,0.1717036813,nan,nan,nan,nan,nan,nan,nan,nan,nan,nan,nan,nan,nan,-0.0521124117,-0.0384896472,-0.0032004467,-0.0203773659,-0.0078075076,-0.0005134728,0.1316123605,0.0460737683,0.1824039072,-0.1008827388,-0.1658088714,1.1000000238,2.3674178123,0.4968650937,0.0000000000,3.1719999313,3.1724340916,nan,nan,nan,nan,nan,nan,nan,nan,nan,nan,nan,nan,nan,0.0059212903,0.0247168541,1.0054734945,2.7767057419,2.6125051975,-2.1570773125
-0.0164763015,0.0996158496,0.0924203396,0.0249081324,0.0001378671,-0.0110693628,-0.1000000015,0.0000000000,1.5599999428,0.0000000000,0.1715144664,0.0993209779,0.1634149700,0.1717036813,nan,nan,nan,nan,nan,nan,nan,nan,nan,nan,nan,nan,nan,-0.0521124117,-0.0384896472,-0.0032004467,-0.0203773659,-0.0078075076,-0.0005134728,0.1316123605,0.0460737683,0.1824039072,-0.1008827388,-0.1658088714,1.1000000238,2.3674178123,0.4968650937,0.0000000000,3.1719999313,3.1724340916,nan,nan,nan,nan,nan,nan,nan,nan,nan,nan,nan,nan,nan,0.0059212903,0.0247168541,1.0054734945,2.7767057419,2.6125051975,-2.1570773125
-0.0164763015,0.0996158496,0.0924203396,0.0249081324,0.0001378671,-0.0110693628,-0.1000000015,0.0000000000,1.5599999428,0.0000000000,0.1715144664,0.0993209779,0.1634149700,0.1717036813,nan,nan,nan,nan,nan,nan,nan,nan,nan,nan,nan,nan,nan,-0.0521124117,-0.0384896472,-0.0032004467,-0.0203773659,-0.0078075076,-0.0005134728,0.1316123605,0.0460737683,0.1824039072,-0.1008827388,-0.1658088714,1.1000000238,2.3674178123,0.4968650937,0.0000000000,3.1719999313,3.1724340916,nan,nan,nan,nan,nan,nan,nan,nan,nan,nan,nan,nan,nan,0.0059212903,0.0247168541,1.0054734945,2.7767057419,2.6125051975,-2.1570773125
-0.0164763015,0.0996158496,0.0924203396,0.0249081324,0.0001378671,-0.0110693628,-0.1000000015,0.0000000000,1.5599999428,0.0000000000,0.1715144664,0.0993209779,0.1634149700,0.1717036813,nan,nan,nan,nan,nan,nan,nan,nan,nan,nan,nan,nan,nan,-0.0521124117,-0.0384896472,-0.0032004467,-0.0203773659,-0.0078075076,-0.0005134728,0.1316123605,0.0460737683,0.1824039072,-0.1008827388,-0.1658088714,1.1000000238,2.3674178123,0.4968650937,0.0000000000,3.1719999313,3.1724340916,nan,nan,nan,nan,nan,nan,nan,nan,nan,nan,nan,nan,nan,0.0059212903,0.0247168541,1.0054734945,2.7767057419,2.6125051975,-2.1570773125
-0.0164763015,0.0996158496,0.0924203396,0.0249081324,0.0001378671,-0.0110693628,-0.1000000015,0.0000000000,1.5599999428,0.0000000000,0.1715144664,0.0993209779,0.1634149700,0.1717036813,nan,nan,nan,nan,nan,nan,nan,nan,nan,nan,nan,nan,nan,-0.0521124117,-0.0384896472,-0.0032004467,-0.0203773659,-0.0078075076,-0.0005134728,0.1316123605,0.0460737683,0.1824039072,-0.1008827388,-0.1658088714,1.1000000238,2.3674178123,0.4968650937,0.0000000000,3.1719999313,3.1724340916,nan,nan,nan,nan,nan,nan,nan,nan,nan,nan,nan,nan,nan,0.0059212903,0.0247168541,1.0054734945,2.7767057419,2.6125051975,-2.1570773125
-0.0164763015,0.0996158496,0.0924203396,0.0249081324,0.0001378671,-0.0110693628,-0.1000000015,0.0000000000,1.5599999428,0.0000000000,0.1715144664,0.0993209779,0.1634149700,0.1717036813,nan,nan,nan,nan,nan,nan,nan,nan,nan,nan,nan,nan,nan,-0.0521124117,-0.0384896472,-0.0032004467,-0.0203773659,-0.0078075076,-0.0005134728,0.1316123605,0.0460737683,0.1824039072,-0.1008827388,-0.1658088714,1.1000000238,2.3674178123,0.4968650937,0.0000000000,3.1719999313,3.1724340916,nan,nan,nan,nan,nan,nan,nan,nan,nan,nan,nan,nan,nan,0.0059212903,0.0247168541,1.0054734945,2.7767057419,2.6125051975,-2.1570773125
-0.0164763015,0.0996158496,0.0924203396,0.0249081324,0.0001378671,-0.0110693628,-0.1000000015,0.0000000000,1.5599999428,0.0000000000,0.1715144664,0.0993209779,0.1634149700,0.1717036813,nan,nan,nan,nan,nan,nan,nan,nan,nan,nan,nan,nan,nan,-0.0521124117,-0.0384896472,-0.0032004467,-0.0203773659,-0.0078075076,-0.0005134728,0.1316123605,0.0460737683,0.1824039072,-0.1008827388,-0.1658088714,1.1000000238,2.3674178123,0.4968650937,0.0000000000,3.1719999313,3.1724340916,nan,nan,nan,nan,nan,nan,nan,nan,nan,nan,nan,nan,nan,0.0059212903,0.0247168541,1.0054734945,2.7767057419,2.6125051975,-2.1570773125
-0.0164763015,0.0996158496,0.0924203396,0.0249081324,0.0001378671,-0.0110693628,-0.1000000015,0.0000000000,1.5599999428,0.0000000000,0.1715144664,0.0993209779,0.1634149700,0.1717036813,nan,nan,nan,nan,nan,nan,nan,nan,nan,nan,nan,nan,nan,-0.0521124117,-0.0384896472,-0.0032004467,-0.0203773659,-0.0078075076,-0.0005134728,0.1316123605,0.0460737683,0.1824039072,-0.1008827388,-0.1658088714,1.1000000238,2.3674178123,0.4968650937,0.0000000000,3.1719999313,3.1724340916,nan,nan,nan,nan,nan,nan,nan,nan,nan,nan,nan,nan,nan,0.0059212903,0.0247168541,1.0054734945,2.7767057419,2.6125051975,-2.1570773125
-0.0164763015,0.0996158496,0.0924203396,0.0249081324,0.0001378671,-0.0110693628,-0.1000000015,0.0000000000,1.5599999428,0.0000000000,0.1715144664,0.0993209779,0.1634149700,0.1717036813,nan,nan,nan,nan,nan,nan,nan,nan,nan,nan,nan,nan,nan,-0.0521124117,-0.0384896472,-0.0032004467,-0.0203773659,-0.0078075076,-0.0005134728,0.1316123605,0.0460737683,0.1824039072,-0.1008827388,-0.1658088714,1.1000000238,2.3674178123,0.4968650937,0.0000000000,3.1719999313,3.1724340916,nan,nan,nan,nan,nan,nan,nan,nan,nan,nan,nan,nan,nan,0.0059212903,0.0247168541,1.0054734945,2.7767057419,2.6125051975,-2.1570773125
-0.0164763015,0.0996158496,0.0924203396,0.0249081324,0.0001378671,-0.0110693628,-0.1000000015,0.0000000000,1.5599999428,0.0000000000,0.1715144664,0.0993209779,0.1634149700,0.1717036813,nan,nan,nan,nan,nan,nan,nan,nan,nan,nan,nan,nan,nan,-0.0521124117,-0.0384896472,-0.0032004467,-0.0203773659,-0.0078075076,-0.0005134728,0.1316123605,0.0460737683,0.1824039072,-0.1008827388,-0.1658088714,1.1000000238,2.3674178123,0.4968650937,0.0000000000,3.1719999313,3.1724340916,nan,nan,nan,nan,nan,nan,nan,nan,nan,nan,nan,nan,nan,0.0059212903,0.0247168541,1.0054734945,2.7767057419,2.6125051975,-2.1570773125
-0.0164763015,0.0996158496,0.0924203396,0.0249081324,0.0001378671,-0.0110693628,-0.1000000015,0.0000000000,1.5599999428,0.0000000000,0.1715144664,0.0993209779,0.1634149700,0.1717036813,nan,nan,nan,nan,nan,nan,nan,nan,nan,nan,nan,nan,nan,-0.0521124117,-0.0384896472,-0.0032004467,-0.0203773659,-0.0078075076,-0.0005134728,0.1316123605,0.0460737683,0.1824039072,-0.1008827388,-0.1658088714,1.1000000238,2.3674178123,0.4968650937,0.0000000000,3.1719999313,3.1724340916,nan,nan,nan,nan,nan,nan,nan,nan,nan,nan,nan,nan,nan,0.0059212903,0.0247168541,1.0054734945,2.7767057419,2.6125051975,-2.1570773125
-0.0164763015,0.0996158496,0.0924203396,0.0249081324,0.0001378671,-0.0110693628,-0.1000000015,0.0000000000,1.5599999428,0.0000000000,0.1715144664,0.0993209779,0.1634149700,0.1717036813,nan,nan,nan,nan,nan,nan,nan,nan,nan,nan,nan,nan,nan,-0.0521124117,-0.0384896472,-0.0032004467,-0.0203773659,-0.0078075076,-0.0005134728,0.1316123605,0.0460737683,0.1824039072,-0.1008827388,-0.1658088714,1.1000000238,2.3674178123,0.4968650937,0.0000000000,3.1719999313,3.1724340916,nan,nan,nan,nan,nan,nan,nan,nan,nan,nan,nan,nan,nan,0.0059212903,0.0247168541,1.0054734945,2.7767057419,2.6125051975,-2.1570773125
-0.0164763015,0.0996158496,0.0924203396,0.0249081324,0.0001378671,-0.0110693628,-0.1000000015,0.0000000000,1.5599999428,0.0000000000,0.1715144664,0.0993209779,0.1634149700,0.1717036813,nan,nan,nan,nan,nan,nan,nan,nan,nan,nan,nan,nan,nan,-0.0521124117,-0.0384896472,-0.0032004467,-0.0203773659,-0.0078075076,-0.0005134728,0.1316123605,0.0460737683,0.1824039072,-0.1008827388,-0.1658088714,1.1000000238,2.3674178123,0.4968650937,0.0000000000,3.1719999313,3.1724340916,nan,nan,nan,nan,nan,nan,nan,nan,nan,nan,nan,nan,nan,0.0059212903,0.0247168541,1.0054734945,2.7767057419,2.6125051975,-2.1570773125
-0.0164763015,0.0996158496,0.0924203396,0.0249081324,0.0001378671,-0.0110693628,-0.1000000015,0.0000000000,1.5599999428,0.0000000000,0.1715144664,0.0993209779,0.1634149700,0.1717036813,nan,nan,nan,nan,nan,nan,nan,nan,nan,nan,nan,nan,nan,-0.0521124117,-0.0384896472,-0.0032004467,-0.0203773659,-0.0078075076,-0.0005134728,0.1316123605,0.0460737683,0.1824039072,-0.1008827388,-0.1658088714,1.1000000238,2.3674178123,0.4968650937,0.0000000000,3.1719999313,3.1724340916,nan,nan,nan,nan,nan,nan,nan,nan,nan,nan,nan,nan,nan,0.0059212903,0.0247168541,1.0054734945,2.7767057419,2.6125051975,-2.1570773125
-0.0164763015,0.0996158496,0.0924203396,0.0249081324,0.0001378671,-0.0110693628,-0.1000000015,0.0000000000,1.5599999428,0.0000000000,0.1715144664,0.0993209779,0.1634149700,0.1717036813,nan,nan,nan,nan,nan,nan,nan,nan,nan,nan,nan,nan,nan,-0.0521124117,-0.0384896472,-0.0032004467,-0.0203773659,-0.0078075076,-0.0005134728,0.1316123605,0.0460737683,0.1824039072,-0.1008827388,-0.1658088714,1.1000000238,2.3674178123,0.4968650937,0.0000000000,3.1719999313,3.1724340916,nan,nan,nan,nan,nan,nan,nan,nan,nan,nan,nan,nan,nan,0.0059212903,0.0247168541,1.0054734945,2.7767057419,2.6125051975,-2.1570773125
-0.0164763015,0.0996158496,0.0924203396,0.0249081324,0.0001378671,-0.0110693628,-0.1000000015,0.0000000000,1.5599999428,0.0000000000,0.1715144664,0.0993209779,0.1634149700,0.1717036813,nan,nan,nan,nan,nan,nan,nan,nan,nan,nan,nan,nan,nan,-0.0521124117,-0.0384896472,-0.0032004467,-0.0203773659,-0.0078075076,-0.0005134728,0.1316123605,0.0460737683,0.1824039072,-0.1008827388,-0.1658088714,1.1000000238,2.3674178123,0.4968650937,0.0000000000,3.1719999313,3.1724340916,nan,nan,nan,nan,nan,nan,nan,nan,nan,nan,nan,nan,nan,0.0059212903,0.0247168541,1.0054734945,2.7767057419,2.6125051975,-2.1570773125
-0.0164763015,0.0996158496,0.0924203396,0.0249081324,0.0001378671,-0.0110693628,-0.1000000015,0.0000000000,1.5599999428,0.0000000000,0.1715144664,0.0993209779,0.1634149700,0.1717036813,nan,nan,nan,nan,nan,nan,nan,nan,nan,nan,nan,nan,nan,-0.0521124117,-0.0384896472,-0.0032004467,-0.0203773659,-0.0078075076,-0.0005134728,0.1316123605,0.0460737683,0.1824039072,-0.1008827388,-0.1658088714,1.1000000238,2.3674178123,0.4968650937,0.0000000000,3.1719999313,3.1724340916,nan,nan,nan,nan,nan,nan,nan,nan,nan,nan,nan,nan,nan,0.0059212903,0.0247168541,1.0054734945,2.7767057419,2.6125051975,-2.1570773125
-0.0164763015,0.0996158496,0.0924203396,0.0249081324,0.0001378671,-0.0110693628,-0.1000000015,0.0000000000,1.5599999428,0.0000000000,0.1715144664,0.0993209779,0.1634149700,0.1717036813,nan,nan,nan,nan,nan,nan,nan,nan,nan,nan,nan,nan,nan,-0.0521124117,-0.0384896472,-0.0032004467,-0.0203773659,-0.0078075076,-0.0005134728,0.1316123605,0.0460737683,0.1824039072,-0.1008827388,-0.1658088714,1.1000000238,2.3674178123,0.4968650937,0.0000000000,3.1719999313,3.1724340916,nan,nan,nan,nan,nan,nan,nan,nan,nan,nan,nan,nan,nan,0.0059212903,0.0247168541,1.0054734945,2.7767057419,2.6125051975,-2.1570773125
-0.0164763015,0.0996158496,0.0924203396,0.0249081324,0.0001378671,-0.0110693628,-0.1000000015,0.0000000000,1.5599999428,0.0000000000,0.1715144664,0.0993209779,0.1634149700,0.1717036813,nan,nan,nan,nan,nan,nan,nan,nan,nan,nan,nan,nan,nan,-0.0521124117,-0.0384896472,-0.0032004467,-0.0203773659,-0.0078075076,-0.0005134728,0.1316123605,0.0460737683,0.1824039072,-0.1008827388,-0.1658088714,1.1000000238,2.3674178123,0.4968650937,0.0000000000,3.1719999313,3.1724340916,nan,nan,nan,nan,nan,nan,nan,nan,nan,nan,nan,nan,nan,0.0059212903,0.0247168541,1.0054734945,2.7767057419,2.6125051975,-2.1570773125
-0.0164763015,0.0996158496,0.0924203396,0.0249081324,0.0001378671,-0.0110693628,-0.1000000015,0.0000000000,1.5599999428,0.0000000000,0.1715144664,0.0993209779,0.1634149700,0.1717036813,nan,nan,nan,nan,nan,nan,nan,nan,nan,nan,nan,nan,nan,-0.0521124117,-0.0384896472,-0.0032004467,-0.0203773659,-0.0078075076,-0.0005134728,0.1316123605,0.0460737683,0.1824039072,-0.1008827388,-0.1658088714,1.1000000238,2.3674178123,0.4968650937,0.0000000000,3.1719999313,3.1724340916,nan,nan,nan,nan,nan,nan,nan,nan,nan,nan,nan,nan,nan,0.0059212903,0.0247168541,1.0054734945,2.7767057419,2.6125051975,-2.1570773125
-0.0164763015,0.0996158496,0.0924203396,0.0249081324,0.0001378671,-0.0110693628,-0.1000000015,0.0000000000,1.5599999428,0.0000000000,0.1715144664,0.0993209779,0.1634149700,0.1717036813,nan,nan,nan,nan,nan,nan,nan,nan,nan,nan,nan,nan,nan,-0.0521124117,-0.0384896472,-0.0032004467,-0.0203773659,-0.0078075076,-0.0005134728,0.1316123605,0.0460737683,0.1824039072,-0.1008827388,-0.1658088714,1.1000000238,2.3674178123,0.4968650937,0.0000000000,3.1719999313,3.1724340916,nan,nan,nan,nan,nan,nan,nan,nan,nan,nan,nan,nan,nan,0.0059212903,0.0247168541,1.0054734945,2.7767057419,2.6125051975,-2.1570773125
-0.0164763015,0.0996158496,0.0924203396,0.0249081324,0.0001378671,-0.0110693628,-0.1000000015,0.0000000000,1.5599999428,0.0000000000,0.1715144664,0.0993209779,0.1634149700,0.1717036813,nan,nan,nan,nan,nan,nan,nan,nan,nan,nan,nan,nan,nan,-0.0521124117,-0.0384896472,-0.0032004467,-0.0203773659,-0.0078075076,-0.0005134728,0.1316123605,0.0460737683,0.1824039072,-0.1008827388,-0.1658088714,1.1000000238,2.3674178123,0.4968650937,0.0000000000,3.1719999313,3.1724340916,nan,nan,nan,nan,nan,nan,nan,nan,nan,nan,nan,nan,nan,0.0059212903,0.0247168541,1.0054734945,2.7767057419,2.6125051975,-2.1570773125
-0.0164763015,0.0996158496,0.0924203396,0.0249081324,0.0001378671,-0.0110693628,-0.1000000015,0.0000000000,1.5599999428,0.0000000000,0.1715144664,0.0993209779,0.1634149700,0.1717036813,nan,nan,nan,nan,nan,nan,nan,nan,nan,nan,nan,nan,nan,-0.0521124117,-0.0384896472,-0.0032004467,-0.0203773659,-0.0078075076,-0.0005134728,0.1316123605,0.0460737683,0.1824039072,-0.1008827388,-0.1658088714,1.1000000238,2.3674178123,0.4968650937,0.0000000000,3.1719999313,3.1724340916,nan,nan,nan,nan,nan,nan,nan,nan,nan,nan,nan,nan,nan,0.0059212903,0.0247168541,1.0054734945,2.7767057419,2.6125051975,-2.1570773125
-0.0164763015,0.0996158496,0.0924203396,0.0249081324,0.0001378671,-0.0110693628,-0.1000000015,0.0000000000,1.5599999428,0.0000000000,0.1715144664,0.0993209779,0.1634149700,0.1717036813,nan,nan,nan,nan,nan,nan,nan,nan,nan,nan,nan,nan,nan,-0.0521124117,-0.0384896472,-0.0032004467,-0.0203773659,-0.0078075076,-0.0005134728,0.1316123605,0.0460737683,0.1824039072,-0.1008827388,-0.1658088714,1.1000000238,2.3674178123,0.4968650937,0.0000000000,3.1719999313,3.1724340916,nan,nan,nan,nan,nan,nan,nan,nan,nan,nan,nan,nan,nan,0.0059212903,0.0247168541,1.0054734945,2.7767057419,2.6125051975,-2.1570773125
-0.0164763015,0.0996158496,0.0924203396,0.0249081324,0.0001378671,-0.0110693628,-0.1000000015,0.0000000000,1.5599999428,0.0000000000,0.1715144664,0.0993209779,0.1634149700,0.1717036813,nan,nan,nan,nan,nan,nan,nan,nan,nan,nan,nan,nan,nan,-0.0521124117,-0.0384896472,-0.0032004467,-0.0203773659,-0.0078075076,-0.0005134728,0.1316123605,0.0460737683,0.1824039072,-0.1008827388,-0.1658088714,1.1000000238,2.3674178123,0.4968650937,0.0000000000,3.1719999313,3.1724340916,nan,nan,nan,nan,nan,nan,nan,nan,nan,nan,nan,nan,nan,0.0059212903,0.0247168541,1.0054734945,2.7767057419,2.6125051975,-2.1570773125
-0.0164763015,0.0996158496,0.0924203396,0.0249081324,0.0001378671,-0.0110693628,-0.1000000015,0.0000000000,1.5599999428,0.0000000000,0.1715144664,0.0993209779,0.1634149700,0.1717036813,nan,nan,nan,nan,nan,nan,nan,nan,nan,nan,nan,nan,nan,-0.0521124117,-0.0384896472,-0.0032004467,-0.0203773659,-0.0078075076,-0.0005134728,0.1316123605,0.0460737683,0.1824039072,-0.1008827388,-0.1658088714,1.1000000238,2.3674178123,0.4968650937,0.0000000000,3.1719999313,3.1724340916,nan,nan,nan,nan,nan,nan,nan,nan,nan,nan,nan,nan,nan,0.0059212903,0.0247168541,1.0054734945,2.7767057419,2.6125051975,-2.1570773125
-0.0164763015,0.0996158496,0.0924203396,0.0249081324,0.0001378671,-0.0110693628,-0.1000000015,0.0000000000,1.5599999428,0.0000000000,0.1715144664,0.0993209779,0.1634149700,0.1717036813,nan,nan,nan,nan,nan,nan,nan,nan,nan,nan,nan,nan,nan,-0.0521124117,-0.0384896472,-0.0032004467,-0.0203773659,-0.0078075076,-0.0005134728,0.1316123605,0.0460737683,0.1824039072,-0.1008827388,-0.1658088714,1.1000000238,2.3674178123,0.4968650937,0.0000000000,3.1719999313,3.1724340916,nan,nan,nan,nan,nan,nan,nan,nan,nan,nan,nan,nan,nan,0.0059212903,0.0247168541,1.0054734945,2.7767057419,2.6125051975,-2.1570773125
-0.0164763015,0.0996158496,0.0924203396,0.0249081324,0.0001378671,-0.0110693628,-0.1000000015,0.0000000000,1.5599999428,0.0000000000,0.1715144664,0.0993209779,0.1634149700,0.1717036813,nan,nan,nan,nan,nan,nan,nan,nan,nan,nan,nan,nan,nan,-0.0521124117,-0.0384896472,-0.0032004467,-0.0203773659,-0.0078075076,-0.0005134728,0.1316123605,0.0460737683,0.1824039072,-0.1008827388,-0.1658088714,1.1000000238,2.3674178123,0.4968650937,0.0000000000,3.1719999313,3.1724340916,nan,nan,nan,nan,nan,nan,nan,nan,nan,nan,nan,nan,nan,0.0059212903,0.0247168541,1.0054734945,2.7767057419,2.6125051975,-2.1570773125
-0.0164763015,0.0996158496,0.0924203396,0.0249081324,0.0001378671,-0.0110693628,-0.1000000015,0.0000000000,1.5599999428,0.0000000000,0.1715144664,0.0993209779,0.1634149700,0.1717036813,nan,nan,nan,nan,nan,nan,nan,nan,nan,nan,nan,nan,nan,-0.0521124117,-0.0384896472,-0.0032004467,-0.0203773659,-0.0078075076,-0.0005134728,0.1316123605,0.0460737683,0.1824039072,-0.1008827388,-0.1658088714,1.1000000238,2.3674178123,0.4968650937,0.0000000000,3.1719999313,3.1724340916,nan,nan,nan,nan,nan,nan,nan,nan,nan,nan,nan,nan,nan,0.0059212903,0.0247168541,1.0054734945,2.7767057419,2.6125051975,-2.1570773125
-0.0164763015,0.0996158496,0.0924203396,0.0249081324,0.0001378671,-0.0110693628,-0.1000000015,0.0000000000,1.5599999428,0.0000000000,0.1715144664,0.0993209779,0.1634149700,0.1717036813,nan,nan,nan,nan,nan,nan,nan,nan,nan,nan,nan,nan,nan,-0.0521124117,-0.0384896472,-0.0032004467,-0.0203773659,-0.0078075076,-0.0005134728,0.1316123605,0.0460737683,0.1824039072,-0.1008827388,-0.1658088714,1.1000000238,2.3674178123,0.4968650937,0.0000000000,3.1719999313,3.1724340916,nan,nan,nan,nan,nan,nan,nan,nan,nan,nan,nan,nan,nan,0.0059212903,0.0247168541,1.0054734945,2.7767057419,2.6125051975,-2.1570773125
-0.0164763015,0.0996158496,0.0924203396,0.0249081324,0.0001378671,-0.0110693628,-0.1000000015,0.0000000000,1.5599999428,0.0000000000,0.1715144664,0.0993209779,0.1634149700,0.1717036813,nan,nan,nan,nan,nan,nan,nan,nan,nan,nan,nan,nan,nan,-0.0521124117,-0.0384896472,-0.0032004467,-0.0203773659,-0.0078075076,-0.0005134728,0.1316123605,0.0460737683,0.1824039072,-0.1008827388,-0.1658088714,1.1000000238,2.3674178123,0.4968650937,0.0000000000,3.1719999313,3.1724340916,nan,nan,nan,nan,nan,nan,nan,nan,nan,nan,nan,nan,nan,0.0059212903,0.0247168541,1.0054734945,2.7767057419,2.6125051975,-2.1570773125
-0.0164763015,0.0996158496,0.0924203396,0.0249081324,0.0001378671,-0.0110693628,-0.1000000015,0.0000000000,1.5599999428,0.0000000000,0.1715144664,0.0993209779,0.1634149700,0.1717036813,nan,nan,nan,nan,nan,nan,nan,nan,nan,nan,nan,nan,nan,-0.0521124117,-0.0384896472,-0.0032004467,-0.0203773659,-0.0078075076,-0.0005134728,0.1316123605,0.0460737683,0.1824039072,-0.1008827388,-0.1658088714,1.1000000238,2.3674178123,0.4968650937,0.0000000000,3.1719999313,3.1724340916,nan,nan,nan,nan,nan,nan,nan,nan,nan,nan,nan,nan,nan,0.0059212903,0.0247168541,1.0054734945,2.7767057419,2.6125051975,-2.1570773125
-0.0164763015,0.0996158496,0.0924203396,0.0249081324,0.0001378671,-0.0110693628,-0.1000000015,0.0000000000,1.5599999428,0.0000000000,0.1715144664,0.0993209779,0.1634149700,0.1717036813,nan,nan,nan,nan,nan,nan,nan,nan,nan,nan,nan,nan,nan,-0.0521124117,-0.0384896472,-0.0032004467,-0.0203773659,-0.0078075076,-0.0005134728,0.1316123605,0.0460737683,0.1824039072,-0.1008827388,-0.1658088714,1.1000000238,2.3674178123,0.4968650937,0.0000000000,3.1719999313,3.1724340916,nan,nan,nan,nan,nan,nan,nan,nan,nan,nan,nan,nan,nan,0.0059212903,0.0247168541,1.0054734945,2.7767057419,2.6125051975,-2.1570773125
-0.0164763015,0.0996158496,0.0924203396,0.0249081324,0.0001378671,-0.0110693628,-0.1000000015,0.0000000000,1.5599999428,0.0000000000,0.1715144664,0.0993209779,0.1634149700,0.1717036813,nan,nan,nan,nan,nan,nan,nan,nan,nan,nan,nan,nan,nan,-0.0521124117,-0.0384896472,-0.0032004467,-0.0203773659,-0.0078075076,-0.0005134728,0.1316123605,0.0460737683,0.1824039072,-0.1008827388,-0.1658088714,1.1000000238,2.3674178123,0.4968650937,0.0000000000,3.1719999313,3.1724340916,nan,nan,nan,nan,nan,nan,nan,nan,nan,nan,nan,nan,nan,0.0059212903,0.0247168541,1.0054734945,2.7767057419,2.6125051975,-2.1570773125
-0.0164763015,0.0996158496,0.0924203396,0.0249081324,0.0001378671,-0.0110693628,-0.1000000015,0.0000000000,1.5599999428,0.0000000000,0.1715144664,0.0993209779,0.1634149700,0.1717036813,nan,nan,nan,nan,nan,nan,nan,nan,nan,nan,nan,nan,nan,-0.0521124117,-0.0384896472,-0.0032004467,-0.0203773659,-0.0078075076,-0.0005134728,0.1316123605,0.0460737683,0.1824039072,-0.1008827388,-0.1658088714,1.1000000238,2.3674178123,0.4968650937,0.0000000000,3.1719999313,3.1724340916,nan,nan,nan,nan,nan,nan,nan,nan,nan,nan,nan,nan,nan,0.0059212903,0.0247168541,1.0054734945,2.7767057419,2.6125051975,-2.1570773125
-0.0164763015,0.0996158496,0.0924203396,0.0249081324,0.0001378671,-0.0110693628,-0.1000000015,0.0000000000,1.5599999428,0.0000000000,0.1715144664,0.0993209779,0.1634149700,0.1717036813,nan,nan,nan,nan,nan,nan,nan,nan,nan,nan,nan,nan,nan,-0.0521124117,-0.0384896472,-0.0032004467,-0.0203773659,-0.0078075076,-0.0005134728,0.1316123605,0.0460737683,0.1824039072,-0.1008827388,-0.1658088714,1.1000000238,2.3674178123,0.4968650937,0.0000000000,3.1719999313,3.1724340916,nan,nan,nan,nan,nan,nan,nan,nan,nan,nan,nan,nan,nan,0.0059212903,0.0247168541,1.0054734945,2.7767057419,2.6125051975,-2.1570773125
-0.0164763015,0.0996158496,0.0924203396,0.0249081324,0.0001378671,-0.0110693628,-0.1000000015,0.0000000000,1.5599999428,0.0000000000,0.1715144664,0.0993209779,0.1634149700,0.1717036813,nan,nan,nan,nan,nan,nan,nan,nan,nan,nan,nan,nan,nan,-0.0521124117,-0.0384896472,-0.0032004467,-0.0203773659,-0.0078075076,-0.0005134728,0.1316123605,0.0460737683,0.1824039072,-0.1008827388,-0.1658088714,1.1000000238,2.3674178123,0.4968650937,0.0000000000,3.1719999313,3.1724340916,nan,nan,nan,nan,nan,nan,nan,nan,nan,nan,nan,nan,nan,0.0059212903,0.0247168541,1.0054734945,2.7767057419,2.6125051975,-2.1570773125
