pose_x,pose_y,pose_z,pose_roll,pose_pitch,pose_yaw,cmd_x,cmd_y,cmd_z,cmd_yaw,f1,f2,f3,f4,pwm1,pwm2,pwm3,pwm4,bodyFx,bodyFy,bodyFz,worldFx,worldFy,worldFz,bodyTx,bodyTy,bodyTz,stateVx,stateVy,stateVz,posVx,posVy,posVz,accWx,accWy,accWz,velDes_vx,velDes_vy,velDes_vz,attDes_roll,attDes_pitch,attDes_yaw,status_battery_voltage,pm_vbat,zero_bias_count,mobForceNone_x,mobForceNone_y,mobForceNone_z,mobForceResidual_x,mobForceResidual_y,mobForceResidual_z,mobTorque_x,mobTorque_y,mobTorque_z,mobResidual_x,mobResidual_y,mobResidual_z,accRawBody_x,accRawBody_y,accRawBody_z,gyroBody_x,gyroBody_y,gyroBody_z
nan,nan,nan,nan,nan,nan,nan,nan,nan,nan,nan,nan,nan,nan,nan,nan,nan,nan,nan,nan,nan,nan,nan,nan,nan,nan,nan,nan,nan,nan,nan,nan,nan,nan,nan,nan,nan,nan,nan,nan,nan,nan,nan,nan,nan,nan,nan,nan,nan,nan,nan,nan,nan,nan,nan,nan,nan,nan,nan,nan,nan,nan,nan
nan,nan,nan,nan,nan,nan,nan,nan,nan,nan,nan,nan,nan,nan,nan,nan,nan,nan,nan,nan,nan,nan,nan,nan,nan,nan,nan,nan,nan,nan,nan,nan,nan,nan,nan,nan,nan,nan,nan,nan,nan,nan,nan,nan,nan,nan,nan,nan,nan,nan,nan,nan,nan,nan,nan,nan,nan,nan,nan,nan,nan,nan,nan
nan,nan,nan,nan,nan,nan,nan,nan,nan,nan,nan,nan,nan,nan,nan,nan,nan,nan,nan,nan,nan,nan,nan,nan,nan,nan,nan,nan,nan,nan,nan,nan,nan,nan,nan,nan,nan,nan,nan,nan,nan,nan,nan,nan,nan,nan,nan,nan,nan,nan,nan,nan,nan,nan,nan,nan,nan,nan,nan,nan,nan,nan,nan
nan,nan,nan,nan,nan,nan,nan,nan,nan,nan,nan,nan,nan,nan,nan,nan,nan,nan,nan,nan,nan,nan,nan,nan,nan,nan,nan,nan,nan,nan,nan,nan,nan,nan,nan,nan,nan,nan,nan,nan,nan,nan,nan,nan,nan,nan,nan,nan,nan,nan,nan,nan,nan,nan,nan,nan,nan,nan,nan,nan,nan,nan,nan
nan,nan,nan,nan,nan,nan,nan,nan,nan,nan,nan,nan,nan,nan,nan,nan,nan,nan,nan,nan,nan,nan,nan,nan,nan,nan,nan,nan,nan,nan,nan,nan,nan,nan,nan,nan,nan,nan,nan,nan,nan,nan,nan,nan,nan,nan,nan,nan,nan,nan,nan,nan,nan,nan,nan,nan,nan,nan,nan,nan,nan,nan,nan
nan,nan,nan,nan,nan,nan,nan,nan,nan,nan,nan,nan,nan,nan,nan,nan,nan,nan,nan,nan,nan,nan,nan,nan,nan,nan,nan,nan,nan,nan,nan,nan,nan,nan,nan,nan,nan,nan,nan,nan,nan,nan,nan,nan,nan,nan,nan,nan,nan,nan,nan,nan,nan,nan,nan,nan,nan,nan,nan,nan,nan,nan,nan
nan,nan,nan,nan,nan,nan,nan,nan,nan,nan,nan,nan,nan,nan,nan,nan,nan,nan,nan,nan,nan,nan,nan,nan,nan,nan,nan,nan,nan,nan,nan,nan,nan,nan,nan,nan,nan,nan,nan,nan,nan,nan,nan,nan,nan,nan,nan,nan,nan,nan,nan,nan,nan,nan,nan,nan,nan,nan,nan,nan,nan,nan,nan
nan,nan,nan,nan,nan,nan,nan,nan,nan,nan,nan,nan,nan,nan,nan,nan,nan,nan,nan,nan,nan,nan,nan,nan,nan,nan,nan,nan,nan,nan,nan,nan,nan,nan,nan,nan,nan,nan,nan,nan,nan,nan,nan,nan,nan,nan,nan,nan,nan,nan,nan,nan,nan,nan,nan,nan,nan,nan,nan,nan,nan,nan,nan
0.0066167917,0.0888383910,0.0910568014,-0.0110842659,0.0581256553,-0.0003222341,nan,nan,nan,nan,nan,nan,nan,nan,nan,nan,nan,nan,nan,nan,nan,nan,nan,nan,nan,nan,nan,nan,nan,nan,nan,nan,nan,nan,nan,nan,0.0000000000,0.0000000000,0.0000000000,nan,nan,nan,nan,nan,nan,nan,nan,nan,nan,nan,nan,nan,nan,nan,nan,nan,nan,-0.0579757541,-0.0129419835,0.9991302490,nan,nan,nan
0.0066167917,0.0888383910,0.0910568014,-0.0110842659,0.0581256553,-0.0003222341,nan,nan,nan,nan,0.0000000000,0.0000000000,0.0000000000,0.0000000000,nan,nan,nan,nan,nan,nan,nan,nan,nan,nan,nan,nan,nan,nan,nan,nan,nan,nan,nan,0.0089747226,0.0009841197,0.0193987228,0.0000000000,0.0000000000,0.0000000000,nan,nan,nan,nan,nan,nan,nan,nan,nan,nan,nan,nan,nan,nan,nan,nan,nan,nan,-0.0579757541,-0.0129419835,0.9991302490,0.1679126024,-0.1156546548,0.0412887856
0.0066167917,0.0888383910,0.0910568014,-0.0110842659,0.0581256553,-0.0003222341,nan,nan,nan,nan,0.0000000000,0.0000000000,0.0000000000,0.0000000000,nan,nan,nan,nan,nan,nan,nan,nan,nan,nan,nan,nan,nan,-0.0088546090,-0.0035119464,0.0015197406,0.0006638647,-0.0000703874,-0.0000423864,0.0089747226,0.0009841197,0.0193987228,0.0000000000,0.0000000000,0.0000000000,nan,nan,nan,nan,nan,nan,nan,nan,nan,nan,nan,nan,nan,nan,nan,nan,nan,nan,-0.0579757541,-0.0129419835,0.9991302490,0.1679126024,-0.1156546548,0.0412887856
0.0065989005,0.0888397619,0.0910614133,-0.0110842659,0.0581256553,-0.0003222341,nan,nan,nan,nan,0.0000000000,0.0000000000,0.0000000000,0.0000000000,nan,nan,nan,nan,nan,nan,nan,nan,nan,nan,nan,nan,nan,-0.0088546090,-0.0035119464,0.0015197406,0.0006638647,-0.0000703874,-0.0000423864,-0.0137310270,-0.0047540106,-0.0136006242,0.0000000000,0.0000000000,0.0000000000,0.0000000000,0.0000000000,0.0117463032,nan,nan,nan,nan,nan,nan,nan,nan,nan,nan,nan,nan,nan,nan,nan,-0.0606811903,-0.0135541307,0.9988550544,-0.0241561178,0.1622427404,0.0228990857
0.0065989005,0.0888397619,0.0910614133,-0.0110842659,0.0581256553,-0.0003222341,nan,nan,nan,nan,0.0000000000,0.0000000000,0.0000000000,0.0000000000,nan,nan,nan,nan,nan,nan,nan,nan,nan,nan,nan,nan,nan,-0.0082255565,-0.0028930742,0.0011886441,0.0017701872,0.0005384031,-0.0002046295,-0.0137310270,-0.0047540106,-0.0136006242,0.0000000000,0.0000000000,0.0000000000,0.0000000000,0.0000000000,0.0117463032,nan,nan,nan,nan,nan,nan,nan,nan,nan,nan,nan,nan,nan,nan,nan,-0.0606811903,-0.0135541307,0.9988550544,-0.0241561178,0.1622427404,0.0228990857
0.0064510521,0.0887997746,0.0910810977,-0.0110842659,0.0581256553,-0.0003222341,nan,nan,nan,nan,0.0000000000,0.0000000000,0.0000000000,0.0000000000,nan,nan,nan,nan,nan,nan,nan,nan,nan,nan,nan,nan,nan,-0.0082255565,-0.0028930742,0.0011886441,0.0017701872,0.0005384031,-0.0002046295,-0.0137310270,-0.0047540106,-0.0136006242,0.0000000000,0.0000000000,0.0000000000,0.0000000000,0.0000000000,0.0117463032,nan,4.0539588928,nan,nan,nan,nan,nan,nan,nan,nan,nan,nan,nan,nan,nan,-0.0569725297,-0.0135335606,0.9993674159,-0.0241561178,0.1622427404,0.0228990857
0.0064510521,0.0887997746,0.0910810977,-0.0110842659,0.0581256553,-0.0003222341,nan,nan,nan,nan,0.0000000000,0.0000000000,0.0000000000,0.0000000000,nan,nan,nan,nan,nan,nan,nan,nan,nan,nan,nan,nan,nan,-0.0082255565,-0.0028930742,0.0011886441,0.0017701872,0.0005384031,-0.0002046295,-0.0067920331,-0.0095835887,0.0230298452,0.0000000000,0.0000000000,0.0000000000,0.0000000000,0.0000000000,0.0117463032,nan,4.0539588928,nan,nan,nan,nan,nan,nan,nan,nan,nan,nan,nan,nan,nan,-0.0569725297,-0.0135335606,0.9993674159,0.0987981781,0.1827541143,0.0154252220
0.0064510521,0.0887997746,0.0910810977,-0.0110842659,0.0581256553,-0.0003222341,nan,nan,nan,nan,0.0000000000,0.0000000000,0.0000000000,0.0000000000,nan,nan,nan,nan,nan,nan,nan,nan,nan,nan,nan,nan,nan,-0.0105587700,-0.0037906501,0.0014753909,-0.0011099287,-0.0004162871,0.0001508603,-0.0067920331,-0.0095835887,0.0230298452,0.0000000000,0.0000000000,0.0000000000,0.0000000000,0.0000000000,0.0117463032,nan,4.0539588928,nan,nan,nan,nan,nan,nan,nan,nan,nan,nan,nan,nan,nan,-0.0569725297,-0.0135335606,0.9993674159,0.0987981781,0.1827541143,0.0154252220
0.0066728666,0.0888835043,0.0910433456,-0.0110842659,0.0581256553,-0.0003222341,nan,nan,nan,nan,0.0000000000,0.0000000000,0.0000000000,0.0000000000,nan,nan,nan,nan,nan,nan,nan,nan,nan,nan,nan,nan,nan,-0.0105587700,-0.0037906501,0.0014753909,-0.0011099287,-0.0004162871,0.0001508603,-0.0161105841,-0.0240458921,0.0061348989,0.0000000000,0.0000000000,0.0000000000,0.0000000000,0.0000000000,0.0123426216,nan,4.0539588928,nan,nan,nan,nan,nan,nan,nan,nan,nan,nan,nan,nan,nan,-0.0560889393,-0.0113161374,0.9991789460,0.1002524048,-0.0500127152,-0.1031722948
0.0066728666,0.0888835043,0.0910433456,-0.0110842659,0.0581256553,-0.0003222341,nan,nan,nan,nan,0.0000000000,0.0000000000,0.0000000000,0.0000000000,nan,nan,nan,nan,nan,nan,nan,nan,nan,nan,nan,nan,nan,-0.0082853669,-0.0031004359,0.0014376965,0.0006623381,0.0002202235,-0.0000861999,-0.0161105841,-0.0240458921,0.0061348989,0.0000000000,0.0000000000,0.0000000000,0.0000000000,0.0000000000,0.0123426216,nan,4.0539588928,nan,nan,nan,nan,nan,nan,nan,nan,nan,nan,nan,nan,nan,-0.0560889393,-0.0113161374,0.9991789460,0.1002524048,-0.0500127152,-0.1031722948
0.0062693078,0.0887334198,0.0911117196,-0.0110842659,0.0581256553,-0.0003222341,nan,nan,nan,nan,0.0000000000,0.0000000000,0.0000000000,0.0000000000,nan,nan,nan,nan,nan,nan,nan,nan,nan,nan,nan,nan,nan,-0.0082853669,-0.0031004359,0.0014376965,0.0006623381,0.0002202235,-0.0000861999,-0.0161105841,-0.0240458921,0.0061348989,0.0000000000,0.0000000000,0.0000000000,0.0000000000,0.0000000000,0.0123426216,nan,4.0539588928,nan,nan,nan,nan,nan,nan,nan,nan,nan,nan,nan,nan,nan,-0.0594102703,-0.0138028264,0.9996392727,0.1002524048,-0.0500127152,-0.1031722948
0.0062693078,0.0887334198,0.0911117196,-0.0110842659,0.0581256553,-0.0003222341,nan,nan,nan,nan,0.0000000000,0.0000000000,0.0000000000,0.0000000000,nan,nan,nan,nan,nan,nan,nan,nan,nan,nan,nan,nan,nan,-0.0082853669,-0.0031004359,0.0014376965,0.0006623381,0.0002202235,-0.0000861999,0.0039049694,-0.0186038446,0.0256248396,0.0000000000,0.0000000000,0.0000000000,0.0000000000,0.0000000000,0.0123426216,4.0529999733,4.0539588928,nan,nan,nan,nan,nan,nan,nan,nan,nan,nan,nan,nan,nan,-0.0594102703,-0.0138028264,0.9996392727,0.2041582465,0.1073039770,-0.0445670784
0.0062693078,0.0887334198,0.0911117196,-0.0110842659,0.0581256553,-0.0003222341,nan,nan,nan,nan,0.0000000000,0.0000000000,0.0000000000,0.0000000000,nan,nan,nan,nan,nan,nan,nan,nan,nan,nan,nan,nan,nan,-0.0102386335,-0.0044613830,0.0020642527,-0.0018746570,-0.0007696318,0.0003476258,0.0039049694,-0.0186038446,0.0256248396,0.0000000000,0.0000000000,0.0000000000,0.0000000000,0.0000000000,0.0123426216,4.0529999733,4.0539588928,nan,nan,nan,nan,nan,nan,nan,nan,nan,nan,nan,nan,nan,-0.0594102703,-0.0138028264,0.9996392727,0.2041582465,0.1073039770,-0.0445670784
0.0057645869,0.0885185152,0.0912080631,-0.0110842659,0.0581256553,-0.0003222341,nan,nan,nan,nan,0.0000000000,0.0000000000,0.0000000000,0.0000000000,nan,nan,nan,nan,nan,nan,nan,nan,nan,nan,nan,nan,nan,-0.0102386335,-0.0044613830,0.0020642527,-0.0018746570,-0.0007696318,0.0003476258,-0.0145384986,0.0056675030,0.0074680643,0.0000000000,0.0000000000,0.0000000000,0.0000000000,0.0000000000,0.0130507499,4.0529999733,4.0539588928,nan,nan,nan,nan,nan,nan,nan,nan,nan,nan,nan,nan,nan,-0.0583478771,-0.0125686284,0.9983027577,0.0379662737,-0.1250692457,0.0120322853
0.0057645869,0.0885185152,0.0912080631,-0.0110842659,0.0581256553,-0.0003222341,nan,nan,nan,nan,0.0000000000,0.0000000000,0.0000000000,0.0000000000,nan,nan,nan,nan,nan,nan,nan,nan,nan,nan,nan,nan,nan,-0.0125801563,-0.0050483444,0.0025585489,-0.0042435648,-0.0018113460,0.0008261587,-0.0145384986,0.0056675030,0.0074680643,0.0000000000,0.0000000000,0.0000000000,0.0000000000,0.0000000000,0.0130507499,4.0529999733,4.0539588928,nan,nan,nan,nan,nan,nan,nan,nan,nan,nan,nan,nan,nan,-0.0583478771,-0.0125686284,0.9983027577,0.0379662737,-0.1250692457,0.0120322853
0.0051474390,0.0882663280,0.0913298726,-0.0110842659,0.0581256553,-0.0003222341,nan,nan,nan,nan,0.0000000000,0.0000000000,0.0000000000,0.0000000000,nan,nan,nan,nan,nan,nan,nan,nan,nan,nan,nan,nan,nan,-0.0125801563,-0.0050483444,0.0025585489,-0.0042435648,-0.0018113460,0.0008261587,-0.0145384986,0.0056675030,0.0074680643,0.0000000000,0.0000000000,0.0000000000,0.0000000000,0.0000000000,0.0130507499,4.0529999733,4.0539588928,nan,nan,nan,nan,nan,nan,nan,nan,nan,nan,nan,nan,nan,-0.0606590472,-0.0128574856,0.9978646040,0.0379662737,-0.1250692457,0.0120322853
0.0051474390,0.0882663280,0.0913298726,-0.0110842659,0.0581256553,-0.0003222341,nan,nan,nan,nan,0.0000000000,0.0000000000,0.0000000000,0.0000000000,nan,nan,nan,nan,nan,nan,nan,nan,nan,nan,nan,nan,nan,-0.0125801563,-0.0050483444,0.0025585489,-0.0042435648,-0.0018113460,0.0008261587,-0.0287304409,-0.0022510095,-0.0103285220,0.0000000000,0.0000000000,0.0000000000,0.0000000000,0.0000000000,0.0130507499,4.0529999733,4.0539588928,nan,nan,nan,nan,nan,nan,nan,nan,nan,nan,nan,nan,nan,-0.0606590472,-0.0128574856,0.9978646040,-0.0770997778,0.0317030475,0.1173322201
0.0051474390,0.0882663280,0.0913298726,-0.0110842659,0.0581256553,-0.0003222341,nan,nan,nan,nan,0.0000000000,0.0000000000,0.0000000000,0.0000000000,nan,nan,nan,nan,nan,nan,nan,nan,nan,nan,nan,nan,nan,-0.0152855618,-0.0054113809,0.0024917643,-0.0066719442,-0.0026917241,0.0012764677,-0.0287304409,-0.0022510095,-0.0103285220,0.0000000000,0.0000000000,0.0000000000,0.0000000000,0.0000000000,0.0130507499,4.0529999733,4.0539588928,nan,nan,nan,nan,nan,nan,nan,nan,nan,nan,nan,nan,nan,-0.0606590472,-0.0128574856,0.9978646040,-0.0770997778,0.0317030475,0.1173322201
0.0044039595,0.0879968405,0.0914539546,-0.0110842659,0.0581256553,-0.0003222341,nan,nan,nan,nan,0.0000000000,0.0000000000,0.0000000000,0.0000000000,nan,nan,nan,nan,nan,nan,nan,nan,nan,nan,nan,nan,nan,-0.0152855618,-0.0054113809,0.0024917643,-0.0066719442,-0.0026917241,0.0012764677,-0.0150696458,-0.0076516331,-0.0112541365,0.0000000000,0.0000000000,0.0000000000,0.0000000000,0.0000000000,0.0143331699,4.0529999733,4.0539588928,nan,nan,nan,nan,nan,nan,nan,nan,nan,nan,nan,nan,nan,-0.0590988658,-0.0124624157,0.9999379516,0.4588746727,0.1762642413,0.1777781099
0.0044039595,0.0879968405,0.0914539546,-0.0110842659,0.0581256553,-0.0003222341,nan,nan,nan,nan,0.0000000000,0.0000000000,0.0000000000,0.0000000000,nan,nan,nan,nan,nan,nan,nan,nan,nan,nan,nan,nan,nan,-0.0177903660,-0.0063405158,0.0027821837,-0.0090090325,-0.0034456314,0.0015994608,-0.0150696458,-0.0076516331,-0.0112541365,0.0000000000,0.0000000000,0.0000000000,0.0000000000,0.0000000000,0.0143331699,4.0529999733,4.0539588928,nan,nan,nan,nan,nan,nan,nan,nan,nan,nan,nan,nan,nan,-0.0590988658,-0.0124624157,0.9999379516,0.4588746727,0.1762642413,0.1777781099
0.0068635438,0.0889564082,0.0910194814,-0.0110842659,0.0581256553,-0.0003222341,nan,nan,nan,nan,0.0000000000,0.0000000000,0.0000000000,0.0000000000,nan,nan,nan,nan,nan,nan,nan,nan,nan,nan,nan,nan,nan,-0.0177903660,-0.0063405158,0.0027821837,-0.0090090325,-0.0034456314,0.0015994608,-0.0150696458,-0.0076516331,-0.0112541365,0.0000000000,0.0000000000,0.0000000000,0.0000000000,0.0000000000,0.0143331699,4.0529999733,4.0539588928,nan,nan,nan,nan,nan,nan,nan,nan,nan,nan,nan,nan,nan,-0.0615766160,-0.0101140868,0.9990351200,0.4588746727,0.1762642413,0.1777781099
0.0068635438,0.0889564082,0.0910194814,-0.0110842659,0.0581256553,-0.0003222341,nan,nan,nan,nan,0.0000000000,0.0000000000,0.0000000000,0.0000000000,nan,nan,nan,nan,nan,nan,nan,nan,nan,nan,nan,nan,nan,-0.0177903660,-0.0063405158,0.0027821837,-0.0090090325,-0.0034456314,0.0015994608,-0.0456627235,0.0061961273,0.0005204022,0.0000000000,0.0000000000,0.0000000000,0.0000000000,0.0000000000,0.0143331699,4.0529999733,4.0539588928,nan,nan,nan,nan,nan,nan,nan,nan,nan,nan,nan,nan,nan,-0.0615766160,-0.0101140868,0.9990351200,-0.0205226243,-0.0762686208,-0.1047693789
0.0068635438,0.0889564082,0.0910194814,-0.0110842659,0.0581256553,-0.0003222341,nan,nan,nan,nan,0.0000000000,0.0000000000,0.0000000000,0.0000000000,nan,nan,nan,nan,nan,nan,nan,nan,nan,nan,nan,nan,nan,-0.0072673261,-0.0014405268,0.0010552935,0.0063399831,0.0025743223,-0.0011165740,-0.0456627235,0.0061961273,0.0005204022,0.0000000000,0.0000000000,0.0000000000,0.0000000000,0.0000000000,0.0143331699,4.0529999733,4.0539588928,nan,nan,nan,nan,nan,nan,nan,nan,nan,nan,nan,nan,nan,-0.0615766160,-0.0101140868,0.9990351200,-0.0205226243,-0.0762686208,-0.1047693789
0.0065182252,0.0888792351,0.0910700411,-0.0110842659,0.0581256553,-0.0003222341,nan,nan,nan,nan,0.0000000000,0.0000000000,0.0000000000,0.0000000000,nan,nan,nan,nan,nan,nan,nan,nan,nan,nan,nan,nan,nan,-0.0072673261,-0.0014405268,0.0010552935,0.0063399831,0.0025743223,-0.0011165740,-0.0167166628,-0.0266077965,0.0207541082,0.0000000000,0.0000000000,0.0000000000,0.0000000000,0.0000000000,0.0108605940,4.0529999733,4.0539588928,nan,nan,nan,nan,nan,nan,nan,nan,nan,nan,nan,nan,nan,-0.0581655912,-0.0157778431,1.0001165867,-0.0383981429,0.1286676079,-0.1296164095
0.0065182252,0.0888792351,0.0910700411,-0.0110842659,0.0581256553,-0.0003222341,nan,nan,nan,nan,0.0000000000,0.0000000000,0.0000000000,0.0000000000,nan,nan,nan,nan,nan,nan,nan,nan,nan,nan,nan,nan,nan,-0.0093461415,-0.0025605287,0.0018648347,0.0024975787,0.0013764054,-0.0004822746,-0.0167166628,-0.0266077965,0.0207541082,0.0000000000,0.0000000000,0.0000000000,0.0000000000,0.0000000000,0.0108605940,4.0529999733,4.0539588928,nan,nan,nan,nan,nan,nan,nan,nan,nan,nan,nan,nan,nan,-0.0581655912,-0.0157778431,1.0001165867,-0.0383981429,0.1286676079,-0.1296164095
0.0060584047,0.0887573138,0.0911535844,-0.0138553727,0.0581251547,-0.0004027927,nan,nan,nan,nan,0.0000000000,0.0000000000,0.0000000000,0.0000000000,nan,nan,nan,nan,nan,nan,nan,nan,nan,nan,nan,nan,nan,-0.0093461415,-0.0025605287,0.0018648347,0.0024975787,0.0013764054,-0.0004822746,-0.0167166628,-0.0266077965,0.0207541082,0.0000000000,0.0000000000,0.0000000000,0.0000000000,0.0000000000,0.0108605940,4.0529999733,4.0539588928,nan,nan,nan,nan,nan,nan,nan,nan,nan,nan,nan,nan,nan,-0.0589486323,-0.0153861539,0.9988347292,-0.0383981429,0.1286676079,-0.1296164095
0.0060584047,0.0887573138,0.0911535844,-0.0138553727,0.0581251547,-0.0004027927,nan,nan,nan,nan,0.0000000000,0.0000000000,0.0000000000,0.0000000000,nan,nan,nan,nan,nan,nan,nan,nan,nan,nan,nan,nan,nan,-0.0093461415,-0.0025605287,0.0018648347,0.0024975787,0.0013764054,-0.0004822746,-0.0054838741,-0.0196637791,0.0024429669,0.0000000000,0.0000000000,0.0000000000,0.0000000000,0.0000000000,0.0108605940,4.0529999733,4.0539588928,nan,nan,nan,nan,nan,nan,nan,nan,nan,nan,nan,nan,nan,-0.0589486323,-0.0153861539,0.9988347292,0.1153086945,-0.3163729310,-0.1226546764
0.0060584047,0.0887573138,0.0911535844,-0.0138553727,0.0581251547,-0.0004027927,nan,nan,nan,nan,0.0000000000,0.0000000000,0.0000000000,0.0000000000,nan,nan,nan,nan,nan,nan,nan,nan,nan,nan,nan,nan,nan,-0.0118135372,-0.0035514266,0.0021345993,-0.0008659270,0.0002598300,0.0001495663,-0.0054838741,-0.0196637791,0.0024429669,0.0000000000,0.0000000000,0.0000000000,0.0000000000,0.0000000000,0.0108605940,4.0529999733,4.0539588928,nan,nan,nan,nan,nan,nan,nan,nan,nan,nan,nan,nan,nan,-0.0589486323,-0.0153861539,0.9988347292,0.1153086945,-0.3163729310,-0.1226546764
0.0054680351,0.0885806084,0.0912581906,-0.0138553727,0.0581251547,-0.0004027927,nan,nan,nan,nan,0.0000000000,0.0000000000,0.0000000000,0.0000000000,nan,nan,nan,nan,nan,nan,nan,nan,nan,nan,nan,nan,nan,-0.0118135372,-0.0035514266,0.0021345993,-0.0008659270,0.0002598300,0.0001495663,-0.0054838741,-0.0196637791,0.0024429669,0.0000000000,0.0000000000,0.0000000000,0.0000000000,0.0000000000,0.0152940201,4.0529999733,4.0539588928,nan,nan,nan,nan,nan,nan,nan,nan,nan,nan,nan,nan,nan,-0.0581467301,-0.0126460977,0.9970661402,-0.1327919364,0.0219738260,-0.2180722058
0.0054680351,0.0885806084,0.0912581906,-0.0138553727,0.0581251547,-0.0004027927,nan,nan,nan,nan,0.0000000000,0.0000000000,0.0000000000,0.0000000000,nan,nan,nan,nan,nan,nan,nan,nan,nan,nan,nan,nan,nan,-0.0067130965,-0.0022273187,0.0009799844,0.0049584759,0.0016478071,-0.0008828652,0.0014987261,0.0032106773,0.0020675755,0.0000000000,0.0000000000,0.0000000000,0.0000000000,0.0000000000,0.0152940201,4.0529999733,4.0539588928,nan,nan,nan,nan,nan,nan,nan,nan,nan,nan,nan,nan,nan,-0.0581467301,-0.0126460977,0.9970661402,-0.1327919364,0.0219738260,-0.2180722058
0.0064640148,0.0888394639,0.0910750553,-0.0138553727,0.0581251547,-0.0004027927,nan,nan,nan,nan,0.0000000000,0.0000000000,0.0000000000,0.0000000000,nan,nan,nan,nan,nan,nan,nan,nan,nan,nan,nan,nan,nan,-0.0067130965,-0.0022273187,0.0009799844,0.0049584759,0.0016478071,-0.0008828652,0.0014987261,0.0032106773,0.0020675755,0.0000000000,0.0000000000,0.0000000000,0.0000000000,0.0000000000,0.0152940201,4.0529999733,4.0486803055,nan,nan,nan,nan,nan,nan,nan,nan,nan,nan,nan,nan,nan,-0.0590102002,-0.0118480362,0.9966356158,-0.1327919364,0.0219738260,-0.2180722058
0.0064640148,0.0888394639,0.0910750553,-0.0138553727,0.0581251547,-0.0004027927,nan,nan,nan,nan,0.0000000000,0.0000000000,0.0000000000,0.0000000000,nan,nan,nan,nan,nan,nan,nan,nan,nan,nan,nan,nan,nan,-0.0067130965,-0.0022273187,0.0009799844,0.0049584759,0.0016478071,-0.0008828652,-0.0166881457,0.0129363192,0.0171709340,0.0000000000,0.0000000000,0.0000000000,0.0000000000,0.0000000000,0.0152940201,4.0529999733,4.0486803055,nan,nan,nan,nan,nan,nan,nan,nan,nan,nan,nan,nan,nan,-0.0590102002,-0.0118480362,0.9966356158,0.1391904801,-0.0094779497,-0.1735265702
0.0064640148,0.0888394639,0.0910750553,-0.0138553727,0.0581251547,-0.0004027927,nan,nan,nan,nan,0.0000000000,0.0000000000,0.0000000000,0.0000000000,nan,nan,nan,nan,nan,nan,nan,nan,nan,nan,nan,nan,nan,-0.0089320689,-0.0024288667,0.0013939660,0.0016794212,0.0005891519,-0.0003721908,-0.0166881457,0.0129363192,0.0171709340,0.0000000000,0.0000000000,0.0000000000,0.0000000000,0.0000000000,0.0152940201,4.0529999733,4.0486803055,nan,nan,nan,nan,nan,nan,nan,nan,nan,nan,nan,nan,nan,-0.0590102002,-0.0118480362,0.9966356158,0.1391904801,-0.0094779497,-0.1735265702
0.0060307584,0.0887164250,0.0911372229,-0.0138553727,0.0581251547,-0.0004027927,nan,nan,nan,nan,0.0000000000,0.0000000000,0.0000000000,0.0000000000,nan,nan,nan,nan,nan,nan,nan,nan,nan,nan,nan,nan,nan,-0.0089320689,-0.0024288667,0.0013939660,0.0016794212,0.0005891519,-0.0003721908,0.0037485596,0.0056488118,0.0155372219,0.0000000000,0.0000000000,0.0000000000,0.0000000000,0.0000000000,0.0133238686,4.0529999733,4.0486803055,nan,nan,nan,nan,nan,nan,nan,nan,nan,nan,nan,nan,nan,-0.0592407361,-0.0114337383,1.0004317760,-0.2026043087,0.0201894101,-0.1170159206
0.0060307584,0.0887164250,0.0911372229,-0.0138553727,0.0581251547,-0.0004027927,nan,nan,nan,nan,0.0000000000,0.0000000000,0.0000000000,0.0000000000,nan,nan,nan,nan,nan,nan,nan,nan,nan,nan,nan,nan,nan,-0.0066160928,-0.0014745967,0.0012900195,0.0033097549,0.0010955550,-0.0005576338,0.0037485596,0.0056488118,0.0155372219,0.0000000000,0.0000000000,0.0000000000,0.0000000000,0.0000000000,0.0133238686,4.0529999733,4.0486803055,nan,nan,nan,nan,nan,nan,nan,nan,nan,nan,nan,nan,nan,-0.0592407361,-0.0114337383,1.0004317760,-0.2026043087,0.0201894101,-0.1170159206
0.0064308764,0.0888497680,0.0910920575,-0.0138553727,0.0581251547,-0.0004027927,nan,nan,nan,nan,0.0000000000,0.0000000000,0.0000000000,0.0000000000,nan,nan,nan,nan,nan,nan,nan,nan,nan,nan,nan,nan,nan,-0.0066160928,-0.0014745967,0.0012900195,0.0033097549,0.0010955550,-0.0005576338,0.0037485596,0.0056488118,0.0155372219,0.0000000000,0.0000000000,0.0000000000,0.0000000000,0.0000000000,0.0133238686,4.0529999733,4.0539588928,nan,nan,nan,nan,nan,nan,nan,nan,nan,nan,nan,nan,nan,-0.0595099144,-0.0129698832,0.9983639717,-0.2026043087,0.0201894101,-0.1170159206
0.0064308764,0.0888497680,0.0910920575,-0.0138553727,0.0581251547,-0.0004027927,nan,nan,nan,nan,0.0000000000,0.0000000000,0.0000000000,0.0000000000,nan,nan,nan,nan,nan,nan,nan,nan,nan,nan,nan,nan,nan,-0.0066160928,-0.0014745967,0.0012900195,0.0033097549,0.0010955550,-0.0005576338,-0.0240434166,0.0211384892,0.0081896102,0.0000000000,0.0000000000,0.0000000000,0.0000000000,0.0000000000,0.0133238686,4.0529999733,4.0539588928,nan,nan,nan,nan,nan,nan,nan,nan,nan,nan,nan,nan,nan,-0.0595099144,-0.0129698832,0.9983639717,-0.0885471255,-0.0742760003,0.0665210709
0.0064308764,0.0888497680,0.0910920575,-0.0138553727,0.0581251547,-0.0004027927,nan,nan,nan,nan,0.0000000000,0.0000000000,0.0000000000,0.0000000000,nan,nan,nan,nan,nan,nan,nan,nan,nan,nan,nan,nan,nan,-0.0088355346,-0.0021849514,0.0017159338,0.0004978068,0.0003211010,-0.0000211194,-0.0240434166,0.0211384892,0.0081896102,0.0000000000,0.0000000000,0.0000000000,0.0000000000,0.0000000000,0.0133238686,4.0529999733,4.0539588928,nan,nan,nan,nan,nan,nan,nan,nan,nan,nan,nan,nan,nan,-0.0595099144,-0.0129698832,0.9983639717,-0.0885471255,-0.0742760003,0.0665210709
0.0060031218,0.0887399763,0.0911731422,-0.0138553727,0.0581251547,-0.0004027927,nan,nan,nan,nan,0.0000000000,0.0000000000,0.0000000000,0.0000000000,nan,nan,nan,nan,nan,nan,nan,nan,nan,nan,nan,nan,nan,-0.0088355346,-0.0021849514,0.0017159338,0.0004978068,0.0003211010,-0.0000211194,-0.0008062745,0.0168709792,0.0284993295,0.0000000000,0.0000000000,0.0000000000,0.0000000000,0.0000000000,0.0149833215,4.0529999733,4.0539588928,nan,nan,nan,nan,nan,nan,nan,nan,nan,nan,nan,nan,nan,-0.0581684038,-0.0108586950,0.9999018312,-0.1961929053,0.0388158150,0.0942966789
0.0060031218,0.0887399763,0.0911731422,-0.0138553727,0.0581251547,-0.0004027927,nan,nan,nan,nan,0.0000000000,0.0000000000,0.0000000000,0.0000000000,nan,nan,nan,nan,nan,nan,nan,nan,nan,nan,nan,nan,nan,-0.0062523577,-0.0009578998,0.0012619281,0.0034845700,0.0010650076,-0.0005812084,-0.0008062745,0.0168709792,0.0284993295,0.0000000000,0.0000000000,0.0000000000,0.0000000000,0.0000000000,0.0149833215,4.0529999733,4.0539588928,nan,nan,nan,nan,nan,nan,nan,nan,nan,nan,nan,nan,nan,-0.0581684038,-0.0108586950,0.9999018312,-0.1961929053,0.0388158150,0.0942966789
0.0065110060,0.0888963267,0.0910799503,-0.0138553727,0.0581251547,-0.0004027927,nan,nan,nan,nan,0.0000000000,0.0000000000,0.0000000000,0.0000000000,nan,nan,nan,nan,nan,nan,nan,nan,nan,nan,nan,nan,nan,-0.0062523577,-0.0009578998,0.0012619281,0.0034845700,0.0010650076,-0.0005812084,-0.0008062745,0.0168709792,0.0284993295,0.0000000000,0.0000000000,0.0000000000,0.0000000000,0.0000000000,0.0149833215,4.0529999733,4.0539588928,nan,nan,nan,nan,nan,nan,nan,nan,nan,nan,nan,nan,nan,-0.0586178191,-0.0105698071,0.9988974333,-0.1961929053,0.0388158150,0.0942966789
0.0065110060,0.0888963267,0.0910799503,-0.0138553727,0.0581251547,-0.0004027927,nan,nan,nan,nan,0.0000000000,0.0000000000,0.0000000000,0.0000000000,nan,nan,nan,nan,nan,nan,nan,nan,nan,nan,nan,nan,nan,-0.0062523577,-0.0009578998,0.0012619281,0.0034845700,0.0010650076,-0.0005812084,-0.0102180373,0.0048899418,-0.0014922095,0.0000000000,0.0000000000,0.0000000000,0.0000000000,0.0000000000,0.0149833215,4.0529999733,4.0539588928,nan,nan,nan,nan,nan,nan,nan,nan,nan,nan,nan,nan,nan,-0.0586178191,-0.0105698071,0.9988974333,-0.0429845713,-0.4317561686,-0.0352662951
0.0065110060,0.0888963267,0.0910799503,-0.0138553727,0.0581251547,-0.0004027927,nan,nan,nan,nan,0.0000000000,0.0000000000,0.0000000000,0.0000000000,nan,nan,nan,nan,nan,nan,nan,nan,nan,nan,nan,nan,nan,-0.0083092069,-0.0008927339,0.0011964042,0.0007303440,0.0005521243,-0.0001475474,-0.0102180373,0.0048899418,-0.0014922095,0.0000000000,0.0000000000,0.0000000000,0.0000000000,0.0000000000,0.0149833215,4.0529999733,4.0539588928,nan,nan,nan,nan,nan,nan,nan,nan,nan,nan,nan,nan,nan,-0.0586178191,-0.0105698071,0.9988974333,-0.0429845713,-0.4317561686,-0.0352662951
0.0061073424,0.0888510123,0.0911346152,-0.0110842659,0.0581256553,-0.0003222341,nan,nan,nan,nan,0.0000000000,0.0000000000,0.0000000000,0.0000000000,nan,nan,nan,nan,nan,nan,nan,nan,nan,nan,nan,nan,nan,-0.0083092069,-0.0008927339,0.0011964042,0.0007303440,0.0005521243,-0.0001475474,-0.0152673414,-0.0251531564,0.0233140197,0.0000000000,0.0000000000,0.0000000000,0.0000000000,0.0000000000,0.0167376157,4.0529999733,4.0539588928,nan,nan,nan,nan,nan,nan,nan,nan,nan,nan,nan,nan,nan,-0.0577161647,-0.0143837389,0.9974564910,-0.0461484380,-0.2093268633,0.0561349615
0.0061073424,0.0888510123,0.0911346152,-0.0110842659,0.0581256553,-0.0003222341,nan,nan,nan,nan,0.0000000000,0.0000000000,0.0000000000,0.0000000000,nan,nan,nan,nan,nan,nan,nan,nan,nan,nan,nan,nan,nan,-0.0104921963,-0.0018648641,0.0015575560,-0.0018492263,0.0000900057,0.0002136094,-0.0152673414,-0.0251531564,0.0233140197,0.0000000000,0.0000000000,0.0000000000,0.0000000000,0.0000000000,0.0167376157,4.0529999733,4.0539588928,nan,nan,nan,nan,nan,nan,nan,nan,nan,nan,nan,nan,nan,-0.0577161647,-0.0143837389,0.9974564910,-0.0461484380,-0.2093268633,0.0561349615
0.0055951923,0.0887643322,0.0912049189,-0.0138553727,0.0581251547,-0.0004027927,nan,nan,nan,nan,0.0000000000,0.0000000000,0.0000000000,0.0000000000,nan,nan,nan,nan,nan,nan,nan,nan,nan,nan,nan,nan,nan,-0.0104921963,-0.0018648641,0.0015575560,-0.0018492263,0.0000900057,0.0002136094,-0.0152673414,-0.0251531564,0.0233140197,0.0000000000,0.0000000000,0.0000000000,0.0000000000,0.0000000000,0.0167376157,4.0529999733,4.0539588928,nan,nan,nan,nan,nan,nan,nan,nan,nan,nan,nan,nan,nan,-0.0603478178,-0.0128517272,0.9994089603,-0.0461484380,-0.2093268633,0.0561349615
0.0055951923,0.0887643322,0.0912049189,-0.0138553727,0.0581251547,-0.0004027927,nan,nan,nan,nan,0.0000000000,0.0000000000,0.0000000000,0.0000000000,nan,nan,nan,nan,nan,nan,nan,nan,nan,nan,nan,nan,nan,-0.0104921963,-0.0018648641,0.0015575560,-0.0018492263,0.0000900057,0.0002136094,0.0070063192,-0.0041153086,-0.0102928542,0.0000000000,0.0000000000,0.0000000000,0.0000000000,0.0000000000,0.0167376157,4.0529999733,4.0539588928,nan,nan,nan,nan,nan,nan,nan,nan,nan,nan,nan,nan,nan,-0.0603478178,-0.0128517272,0.9994089603,0.0673283115,0.0438199118,-0.2530922592
0.0055951923,0.0887643322,0.0912049189,-0.0138553727,0.0581251547,-0.0004027927,nan,nan,nan,nan,0.0000000000,0.0000000000,0.0000000000,0.0000000000,nan,nan,nan,nan,nan,nan,nan,nan,nan,nan,nan,nan,nan,-0.0131206773,-0.0025153649,0.0017856041,-0.0044195293,-0.0004995710,0.0005882318,0.0070063192,-0.0041153086,-0.0102928542,0.0000000000,0.0000000000,0.0000000000,0.0000000000,0.0000000000,0.0167376157,4.0529999733,4.0539588928,nan,nan,nan,nan,nan,nan,nan,nan,nan,nan,nan,nan,nan,-0.0603478178,-0.0128517272,0.9994089603,0.0673283115,0.0438199118,-0.2530922592
0.0049510924,0.0886434168,0.0912929252,-0.0138553727,0.0581251547,-0.0004027927,nan,nan,nan,nan,0.0000000000,0.0000000000,0.0000000000,0.0000000000,nan,nan,nan,nan,nan,nan,nan,nan,nan,nan,nan,nan,nan,-0.0131206773,-0.0025153649,0.0017856041,-0.0044195293,-0.0004995710,0.0005882318,-0.0235456154,-0.0069329394,0.0080831917,0.0000000000,0.0000000000,0.0000000000,0.0000000000,0.0000000000,0.0181296412,4.0529999733,4.0539588928,nan,nan,nan,nan,nan,nan,nan,nan,nan,nan,nan,nan,nan,-0.0591183417,-0.0125500783,0.9992244244,0.0636431351,-0.2311458439,-0.1144600064
0.0049510924,0.0886434168,0.0912929252,-0.0138553727,0.0581251547,-0.0004027927,nan,nan,nan,nan,0.0000000000,0.0000000000,0.0000000000,0.0000000000,nan,nan,nan,nan,nan,nan,nan,nan,nan,nan,nan,nan,nan,-0.0061789886,-0.0011510643,0.0010249717,-0.0068947924,-0.0010442261,0.0009302141,-0.0235456154,-0.0069329394,0.0080831917,0.0000000000,0.0000000000,0.0000000000,0.0000000000,0.0000000000,0.0181296412,4.0529999733,4.0539588928,nan,nan,nan,nan,nan,nan,nan,nan,nan,nan,nan,nan,nan,-0.0591183417,-0.0125500783,0.9992244244,0.0636431351,-0.2311458439,-0.1144600064
0.0067757252,0.0889600068,0.0910341442,-0.0138553727,0.0581251547,-0.0004027927,nan,nan,nan,nan,0.0000000000,0.0000000000,0.0000000000,0.0000000000,nan,nan,nan,nan,nan,nan,nan,nan,nan,nan,nan,nan,nan,-0.0061789886,-0.0011510643,0.0010249717,-0.0068947924,-0.0010442261,0.0009302141,-0.0235456154,-0.0069329394,0.0080831917,0.0000000000,0.0000000000,0.0000000000,0.0000000000,0.0000000000,0.0181296412,4.0529999733,4.0539588928,nan,nan,nan,nan,nan,nan,nan,nan,nan,nan,nan,nan,nan,-0.0584428273,-0.0125261825,0.9999882579,0.0636431351,-0.2311458439,-0.1144600064
0.0067757252,0.0889600068,0.0910341442,-0.0138553727,0.0581251547,-0.0004027927,nan,nan,nan,nan,0.0000000000,0.0000000000,0.0000000000,0.0000000000,nan,nan,nan,nan,nan,nan,nan,nan,nan,nan,nan,nan,nan,-0.0061789886,-0.0011510643,0.0010249717,-0.0068947924,-0.0010442261,0.0009302141,-0.0012067640,0.0010185747,0.0124031147,0.0000000000,0.0000000000,0.0000000000,0.0000000000,0.0000000000,0.0181296412,4.0529999733,4.0539588928,nan,nan,nan,nan,nan,nan,nan,nan,nan,nan,nan,nan,nan,-0.0584428273,-0.0125261825,0.9999882579,0.0720718950,-0.0522166081,0.0641034171
0.0067757252,0.0889600068,0.0910341442,-0.0138553727,0.0581251547,-0.0004027927,nan,nan,nan,nan,0.0000000000,0.0000000000,0.0000000000,0.0000000000,nan,nan,nan,nan,nan,nan,nan,nan,nan,nan,nan,nan,nan,-0.0073663425,-0.0012487198,0.0015052895,0.0042198082,0.0008501466,-0.0005729598,-0.0012067640,0.0010185747,0.0124031147,0.0000000000,0.0000000000,0.0000000000,0.0000000000,0.0000000000,0.0181296412,4.0529999733,4.0539588928,nan,nan,nan,nan,nan,nan,nan,nan,nan,nan,nan,nan,nan,-0.0584428273,-0.0125261825,0.9999882579,0.0720718950,-0.0522166081,0.0641034171
0.0064191176,0.0888991803,0.0911050439,-0.0110842659,0.0581256553,-0.0003222341,nan,nan,nan,nan,0.0000000000,0.0000000000,0.0000000000,0.0000000000,nan,nan,nan,nan,nan,nan,nan,nan,nan,nan,nan,nan,nan,-0.0073663425,-0.0012487198,0.0015052895,0.0042198082,0.0008501466,-0.0005729598,-0.0012067640,0.0010185747,0.0124031147,0.0000000000,0.0000000000,0.0000000000,0.0000000000,0.0000000000,0.0184258185,4.0529999733,4.0539588928,nan,nan,nan,nan,nan,nan,nan,nan,nan,nan,nan,nan,nan,-0.0582167022,-0.0118014188,0.9991599321,-0.1119067296,-0.0011277077,0.0309566222
0.0064191176,0.0888991803,0.0911050439,-0.0110842659,0.0581256553,-0.0003222341,nan,nan,nan,nan,0.0000000000,0.0000000000,0.0000000000,0.0000000000,nan,nan,nan,nan,nan,nan,nan,nan,nan,nan,nan,nan,nan,-0.0075088344,-0.0009965011,0.0011649489,0.0038100705,0.0007629436,-0.0005638637,-0.0013297920,0.0113982307,0.0143139847,0.0000000000,0.0000000000,0.0000000000,0.0000000000,0.0000000000,0.0184258185,4.0529999733,4.0539588928,nan,nan,nan,nan,nan,nan,nan,nan,nan,nan,nan,nan,nan,-0.0582167022,-0.0118014188,0.9991599321,-0.1119067296,-0.0011277077,0.0309566222
0.0064965310,0.0889229923,0.0910804123,-0.0138553727,0.0581251547,-0.0004027927,nan,nan,nan,nan,0.0000000000,0.0000000000,0.0000000000,0.0000000000,nan,nan,nan,nan,nan,nan,nan,nan,nan,nan,nan,nan,nan,-0.0075088344,-0.0009965011,0.0011649489,0.0038100705,0.0007629436,-0.0005638637,-0.0013297920,0.0113982307,0.0143139847,0.0000000000,0.0000000000,0.0000000000,0.0000000000,0.0000000000,0.0184258185,4.0529999733,4.0539588928,nan,nan,nan,nan,nan,nan,nan,nan,nan,nan,nan,nan,nan,-0.0594598390,-0.0126002338,1.0000923872,-0.1119067296,-0.0011277077,0.0309566222
0.0064965310,0.0889229923,0.0910804123,-0.0138553727,0.0581251547,-0.0004027927,nan,nan,nan,nan,0.0000000000,0.0000000000,0.0000000000,0.0000000000,nan,nan,nan,nan,nan,nan,nan,nan,nan,nan,nan,nan,nan,-0.0075088344,-0.0009965011,0.0011649489,0.0038100705,0.0007629436,-0.0005638637,-0.0149464617,-0.0158342887,0.0013659096,0.0000000000,0.0000000000,0.0000000000,0.0000000000,0.0000000000,0.0184258185,4.0529999733,4.0539588928,nan,nan,nan,nan,nan,nan,nan,nan,nan,nan,nan,nan,nan,-0.0594598390,-0.0126002338,1.0000923872,0.0340935960,-0.0296940412,-0.0289327540
0.0064965310,0.0889229923,0.0910804123,-0.0138553727,0.0581251547,-0.0004027927,nan,nan,nan,nan,0.0000000000,0.0000000000,0.0000000000,0.0000000000,nan,nan,nan,nan,nan,nan,nan,nan,nan,nan,nan,nan,nan,-0.0104133040,-0.0017170343,0.0017254197,0.0005363958,0.0002474569,-0.0000537836,-0.0149464617,-0.0158342887,0.0013659096,0.0000000000,0.0000000000,0.0000000000,0.0000000000,0.0000000000,0.0184258185,4.0529999733,4.0539588928,nan,nan,nan,nan,nan,nan,nan,nan,nan,nan,nan,nan,nan,-0.0594598390,-0.0126002338,1.0000923872,0.0340935960,-0.0296940412,-0.0289327540
0.0059926286,0.0888426304,0.0911663100,-0.0138553727,0.0581251547,-0.0004027927,nan,nan,nan,nan,0.0000000000,0.0000000000,0.0000000000,0.0000000000,nan,nan,nan,nan,nan,nan,nan,nan,nan,nan,nan,nan,nan,-0.0104133040,-0.0017170343,0.0017254197,0.0005363958,0.0002474569,-0.0000537836,-0.0115823625,0.0015421002,0.0024055445,0.0000000000,0.0000000000,0.0000000000,0.0000000000,0.0000000000,0.0210885592,4.0529999733,4.0539588928,nan,nan,nan,nan,nan,nan,nan,nan,nan,nan,nan,nan,nan,-0.0584815517,-0.0136132138,1.0009158850,0.2223712951,-0.4816756546,0.1609027833
0.0059926286,0.0888426304,0.0911663100,-0.0138553727,0.0581251547,-0.0004027927,nan,nan,nan,nan,0.0000000000,0.0000000000,0.0000000000,0.0000000000,nan,nan,nan,nan,nan,nan,nan,nan,nan,nan,nan,nan,nan,-0.0126220500,-0.0025965103,0.0027000681,-0.0025647942,-0.0003482277,0.0005165197,-0.0115823625,0.0015421002,0.0024055445,0.0000000000,0.0000000000,0.0000000000,0.0000000000,0.0000000000,0.0210885592,4.0529999733,4.0539588928,nan,nan,nan,nan,nan,nan,nan,nan,nan,nan,nan,nan,nan,-0.0584815517,-0.0136132138,1.0009158850,0.2223712951,-0.4816756546,0.1609027833
0.0053725215,0.0887141302,0.0912945792,-0.0138553727,0.0581251547,-0.0004027927,nan,nan,nan,nan,0.0000000000,0.0000000000,0.0000000000,0.0000000000,nan,nan,nan,nan,nan,nan,nan,nan,nan,nan,nan,nan,nan,-0.0126220500,-0.0025965103,0.0027000681,-0.0025647942,-0.0003482277,0.0005165197,-0.0115823625,0.0015421002,0.0024055445,0.0000000000,0.0000000000,0.0000000000,0.0000000000,0.0000000000,0.0210885592,4.0529999733,4.0539588928,nan,nan,nan,nan,nan,nan,nan,nan,nan,nan,nan,nan,nan,-0.0565167256,-0.0140121989,0.9987484813,0.2223712951,-0.4816756546,0.1609027833
0.0053725215,0.0887141302,0.0912945792,-0.0138553727,0.0581251547,-0.0004027927,nan,nan,nan,nan,0.0000000000,0.0000000000,0.0000000000,0.0000000000,nan,nan,nan,nan,nan,nan,nan,nan,nan,nan,nan,nan,nan,-0.0126220500,-0.0025965103,0.0027000681,-0.0025647942,-0.0003482277,0.0005165197,0.0152139496,-0.0202014912,0.0089544263,0.0000000000,0.0000000000,0.0000000000,0.0000000000,0.0000000000,0.0210885592,4.0529999733,4.0539588928,nan,nan,nan,nan,nan,nan,nan,nan,nan,nan,nan,nan,nan,-0.0565167256,-0.0140121989,0.9987484813,0.0017639264,-0.0926400274,0.2198931277
0.0053725215,0.0887141302,0.0912945792,-0.0138553727,0.0581251547,-0.0004027927,nan,nan,nan,nan,0.0000000000,0.0000000000,0.0000000000,0.0000000000,nan,nan,nan,nan,nan,nan,nan,nan,nan,nan,nan,nan,nan,-0.0143923089,-0.0039014455,0.0030863115,-0.0054552783,-0.0011006235,0.0011135035,0.0152139496,-0.0202014912,0.0089544263,0.0000000000,0.0000000000,0.0000000000,0.0000000000,0.0000000000,0.0210885592,4.0529999733,4.0539588928,nan,nan,nan,nan,nan,nan,nan,nan,nan,nan,nan,nan,nan,-0.0565167256,-0.0140121989,0.9987484813,0.0017639264,-0.0926400274,0.2198931277
0.0046564438,0.0885228366,0.0914436132,-0.0138553727,0.0581251547,-0.0004027927,nan,nan,nan,nan,0.0000000000,0.0000000000,0.0000000000,0.0000000000,nan,nan,nan,nan,nan,nan,nan,nan,nan,nan,nan,nan,nan,-0.0143923089,-0.0039014455,0.0030863115,-0.0054552783,-0.0011006235,0.0011135035,-0.0018593797,-0.0131679801,0.0029107442,0.0000000000,0.0000000000,0.0000000000,0.0000000000,0.0000000000,0.0231097043,4.0529999733,4.0539588928,nan,nan,nan,nan,nan,nan,nan,nan,nan,nan,nan,nan,nan,-0.0607389398,-0.0145697622,0.9988392591,0.0859561786,-0.2023885697,0.0575774349
0.0046564438,0.0885228366,0.0914436132,-0.0138553727,0.0581251547,-0.0004027927,nan,nan,nan,nan,0.0000000000,0.0000000000,0.0000000000,0.0000000000,nan,nan,nan,nan,nan,nan,nan,nan,nan,nan,nan,nan,nan,-0.0143923089,-0.0039014455,0.0030863115,-0.0080192406,-0.0019374696,0.0016551813,-0.0018593797,-0.0131679801,0.0029107442,0.0000000000,0.0000000000,0.0000000000,0.0000000000,0.0000000000,0.0231097043,4.0529999733,4.0539588928,nan,nan,nan,nan,nan,nan,nan,nan,nan,nan,nan,nan,nan,-0.0607389398,-0.0145697622,0.9988392591,0.0859561786,-0.2023885697,0.0575774349
0.0046564438,0.0885228366,0.0914436132,-0.0138553727,0.0581251547,-0.0004027927,nan,nan,nan,nan,0.0000000000,0.0000000000,0.0000000000,0.0000000000,nan,nan,nan,nan,nan,nan,nan,nan,nan,nan,nan,nan,nan,-0.0172733832,-0.0050210748,0.0035330399,-0.0080192406,-0.0019374696,0.0016551813,-0.0018593797,-0.0131679801,0.0029107442,0.0000000000,0.0000000000,0.0000000000,0.0000000000,0.0000000000,0.0231097043,4.0529999733,4.0486803055,nan,nan,nan,nan,nan,nan,nan,nan,nan,nan,nan,nan,nan,-0.0607389398,-0.0145697622,0.9988392591,0.0859561786,-0.2023885697,0.0575774349
0.0038066590,0.0882749781,0.0916178599,-0.0138553727,0.0581251547,-0.0004027927,nan,nan,nan,nan,0.0000000000,0.0000000000,0.0000000000,0.0000000000,nan,nan,nan,nan,nan,nan,nan,nan,nan,nan,nan,nan,nan,-0.0172733832,-0.0050210748,0.0035330399,-0.0080192406,-0.0019374696,0.0016551813,-0.0067818449,0.0084170913,-0.0037480653,0.0000000000,0.0000000000,0.0000000000,0.0000000000,0.0000000000,0.0231097043,4.0529999733,4.0486803055,nan,nan,nan,nan,nan,nan,nan,nan,nan,nan,nan,nan,nan,-0.0588720441,-0.0106727034,0.9989262223,0.0664185435,-0.0418133549,-0.1599349082
0.0038066590,0.0882749781,0.0916178599,-0.0138553727,0.0581251547,-0.0004027927,nan,nan,nan,nan,0.0000000000,0.0000000000,0.0000000000,0.0000000000,nan,nan,nan,nan,nan,nan,nan,nan,nan,nan,nan,nan,nan,-0.0200238582,-0.0057001179,0.0042612590,-0.0105267186,-0.0027812158,0.0021846844,-0.0067818449,0.0084170913,-0.0037480653,0.0000000000,0.0000000000,0.0000000000,0.0000000000,0.0000000000,0.0231097043,4.0529999733,4.0486803055,nan,nan,nan,nan,nan,nan,nan,nan,nan,nan,nan,nan,nan,-0.0588720441,-0.0106727034,0.9989262223,0.0664185435,-0.0418133549,-0.1599349082
0.0028182508,0.0879928023,0.0918212160,-0.0138553727,0.0581251547,-0.0004027927,nan,nan,nan,nan,0.0000000000,0.0000000000,0.0000000000,0.0000000000,nan,nan,nan,nan,nan,nan,nan,nan,nan,nan,nan,nan,nan,-0.0200238582,-0.0057001179,0.0042612590,-0.0105267186,-0.0027812158,0.0021846844,-0.0008583762,0.0080157453,0.0153349089,0.0000000000,0.0000000000,0.0000000000,0.0000000000,0.0000000000,0.0232483856,4.0529999733,4.0486803055,nan,nan,nan,nan,nan,nan,nan,nan,nan,nan,nan,nan,nan,-0.0576825701,-0.0130932033,0.9977369308,0.1853869706,-0.1075990722,-0.0191470105
0.0028182508,0.0879928023,0.0918212160,-0.0138553727,0.0581251547,-0.0004027927,nan,nan,nan,nan,0.0000000000,0.0000000000,0.0000000000,0.0000000000,nan,nan,nan,nan,nan,nan,nan,nan,nan,nan,nan,nan,nan,-0.0059659886,-0.0022296035,0.0010807553,0.0132303322,0.0028533037,-0.0025227545,-0.0008583762,0.0080157453,0.0153349089,0.0000000000,0.0000000000,0.0000000000,0.0000000000,0.0000000000,0.0232483856,4.0529999733,4.0486803055,nan,nan,nan,nan,nan,nan,nan,nan,nan,nan,nan,nan,nan,-0.0576825701,-0.0130932033,0.9977369308,0.1853869706,-0.1075990722,-0.0191470105
0.0066506681,0.0888870507,0.0910622254,-0.0138553727,0.0581251547,-0.0004027927,nan,nan,nan,nan,0.0000000000,0.0000000000,0.0000000000,0.0000000000,nan,nan,nan,nan,nan,nan,nan,nan,nan,nan,nan,nan,nan,-0.0059659886,-0.0022296035,0.0010807553,0.0132303322,0.0028533037,-0.0025227545,-0.0008583762,0.0080157453,0.0153349089,0.0000000000,0.0000000000,0.0000000000,0.0000000000,0.0000000000,0.0232483856,4.0529999733,4.0486803055,nan,nan,nan,nan,nan,nan,nan,nan,nan,nan,nan,nan,nan,-0.0578883588,-0.0121831503,0.9988942146,0.1853869706,-0.1075990722,-0.0191470105
0.0066506681,0.0888870507,0.0910622254,-0.0138553727,0.0581251547,-0.0004027927,nan,nan,nan,nan,0.0000000000,0.0000000000,0.0000000000,0.0000000000,nan,nan,nan,nan,nan,nan,nan,nan,nan,nan,nan,nan,nan,-0.0059659886,-0.0022296035,0.0010807553,0.0132303322,0.0028533037,-0.0025227545,-0.0090356795,-0.0023301309,-0.0001637220,0.0000000000,0.0000000000,0.0000000000,0.0000000000,0.0000000000,0.0232483856,4.0529999733,4.0486803055,nan,nan,nan,nan,nan,nan,nan,nan,nan,nan,nan,nan,nan,-0.0578883588,-0.0121831503,0.9988942146,-0.0261528995,-0.0835121125,0.0575427674
0.0066506681,0.0888870507,0.0910622254,-0.0138553727,0.0581251547,-0.0004027927,nan,nan,nan,nan,0.0000000000,0.0000000000,0.0000000000,0.0000000000,nan,nan,nan,nan,nan,nan,nan,nan,nan,nan,nan,nan,nan,-0.0081875082,-0.0027732865,0.0015217786,0.0077760099,0.0014217909,-0.0014829132,-0.0090356795,-0.0023301309,-0.0001637220,0.0000000000,0.0000000000,0.0000000000,0.0000000000,0.0000000000,0.0232483856,4.0529999733,4.0486803055,nan,nan,nan,nan,nan,nan,nan,nan,nan,nan,nan,nan,nan,-0.0578883588,-0.0121831503,0.9988942146,-0.0261528995,-0.0835121125,0.0575427674
0.0062417542,0.0887453705,0.0911390781,-0.0138553727,0.0581251547,-0.0004027927,nan,nan,nan,nan,0.0000000000,0.0000000000,0.0000000000,0.0000000000,nan,nan,nan,nan,nan,nan,nan,nan,nan,nan,nan,nan,nan,-0.0081875082,-0.0027732865,0.0015217786,0.0077760099,0.0014217909,-0.0014829132,-0.0165429655,-0.0263425931,-0.0022441614,0.0000000000,0.0000000000,0.0000000000,0.0000000000,0.0000000000,0.0240691695,4.0529999733,4.0486803055,nan,nan,nan,nan,nan,nan,nan,nan,nan,nan,nan,nan,nan,-0.0608303547,-0.0125629492,0.9989537597,0.0011227296,0.1570074409,0.0112867514
0.0062417542,0.0887453705,0.0911390781,-0.0138553727,0.0581251547,-0.0004027927,nan,nan,nan,nan,0.0000000000,0.0000000000,0.0000000000,0.0000000000,nan,nan,nan,nan,nan,nan,nan,nan,nan,nan,nan,nan,nan,-0.0105231339,-0.0038684590,0.0018567252,0.0032137979,0.0001625150,-0.0006350250,-0.0165429655,-0.0263425931,-0.0022441614,0.0000000000,0.0000000000,0.0000000000,0.0000000000,0.0000000000,0.0240691695,4.0529999733,4.0486803055,nan,nan,nan,nan,nan,nan,nan,nan,nan,nan,nan,nan,nan,-0.0608303547,-0.0125629492,0.9989537597,0.0011227296,0.1570074409,0.0112867514
0.0065460433,0.0888334587,0.0910729393,-0.0138553727,0.0581251547,-0.0004027927,nan,nan,nan,nan,0.0000000000,0.0000000000,0.0000000000,0.0000000000,nan,nan,nan,nan,nan,nan,nan,nan,nan,nan,nan,nan,nan,-0.0105231339,-0.0038684590,0.0018567252,0.0032137979,0.0001625150,-0.0006350250,-0.0165429655,-0.0263425931,-0.0022441614,0.0000000000,0.0000000000,0.0000000000,0.0000000000,0.0000000000,0.0240691695,4.0529999733,4.0539588928,nan,nan,nan,nan,nan,nan,nan,nan,nan,nan,nan,nan,nan,-0.0606983788,-0.0105630588,0.9988113046,0.0011227296,0.1570074409,0.0112867514
0.0065460433,0.0888334587,0.0910729393,-0.0138553727,0.0581251547,-0.0004027927,nan,nan,nan,nan,0.0000000000,0.0000000000,0.0000000000,0.0000000000,nan,nan,nan,nan,nan,nan,nan,nan,nan,nan,nan,nan,nan,-0.0105231339,-0.0038684590,0.0018567252,0.0032137979,0.0001625150,-0.0006350250,-0.0079403566,0.0031406526,-0.0053332457,0.0000000000,0.0000000000,0.0000000000,0.0000000000,0.0000000000,0.0240691695,4.0529999733,4.0539588928,nan,nan,nan,nan,nan,nan,nan,nan,nan,nan,nan,nan,nan,-0.0606983788,-0.0105630588,0.9988113046,0.0194345918,-0.3122635186,0.1932182014
0.0065460433,0.0888334587,0.0910729393,-0.0138553727,0.0581251547,-0.0004027927,nan,nan,nan,nan,0.0000000000,0.0000000000,0.0000000000,0.0000000000,nan,nan,nan,nan,nan,nan,nan,nan,nan,nan,nan,nan,nan,-0.0093519902,-0.0033523373,0.0012709624,0.0038073414,0.0005215430,-0.0007966206,-0.0079403566,0.0031406526,-0.0053332457,0.0000000000,0.0000000000,0.0000000000,0.0000000000,0.0000000000,0.0240691695,4.0529999733,4.0539588928,nan,nan,nan,nan,nan,nan,nan,nan,nan,nan,nan,nan,nan,-0.0606983788,-0.0105630588,0.9988113046,0.0194345918,-0.3122635186,0.1932182014
0.0060960678,0.0886656567,0.0911354870,-0.0138553727,0.0581251547,-0.0004027927,nan,nan,nan,nan,0.0000000000,0.0000000000,0.0000000000,0.0000000000,nan,nan,nan,nan,nan,nan,nan,nan,nan,nan,nan,nan,nan,-0.0093519902,-0.0033523373,0.0012709624,0.0038073414,0.0005215430,-0.0007966206,-0.0139363594,-0.0079813655,0.0088339737,0.0000000000,0.0000000000,0.0000000000,0.0000000000,0.0000000000,0.0278897081,4.0529999733,4.0539588928,nan,nan,nan,nan,nan,nan,nan,nan,nan,nan,nan,nan,nan,-0.0574571975,-0.0120245460,0.9989187121,0.1350490302,-0.0850301385,0.0093625588
0.0060960678,0.0886656567,0.0911354870,-0.0138553727,0.0581251547,-0.0004027927,nan,nan,nan,nan,0.0000000000,0.0000000000,0.0000000000,0.0000000000,nan,nan,nan,nan,nan,nan,nan,nan,nan,nan,nan,nan,nan,-0.0109285228,-0.0041149082,0.0014023179,0.0001550218,-0.0006051170,-0.0002699718,-0.0139363594,-0.0079813655,0.0088339737,0.0000000000,0.0000000000,0.0000000000,0.0000000000,0.0000000000,0.0278897081,4.0529999733,4.0539588928,nan,nan,nan,nan,nan,nan,nan,nan,nan,nan,nan,nan,nan,-0.0574571975,-0.0120245460,0.9989187121,0.1350490302,-0.0850301385,0.0093625588
0.0065279254,0.0888242647,0.0910535082,-0.0138553727,0.0581251547,-0.0004027927,nan,nan,nan,nan,0.0000000000,0.0000000000,0.0000000000,0.0000000000,nan,nan,nan,nan,nan,nan,nan,nan,nan,nan,nan,nan,nan,-0.0109285228,-0.0041149082,0.0014023179,0.0001550218,-0.0006051170,-0.0002699718,-0.0139363594,-0.0079813655,0.0088339737,0.0000000000,0.0000000000,0.0000000000,0.0000000000,0.0000000000,0.0278897081,4.0529999733,4.0486803055,nan,nan,nan,nan,nan,nan,nan,nan,nan,nan,nan,nan,nan,-0.0598557070,-0.0120087313,0.9971947670,0.1350490302,-0.0850301385,0.0093625588
0.0065279254,0.0888242647,0.0910535082,-0.0138553727,0.0581251547,-0.0004027927,nan,nan,nan,nan,0.0000000000,0.0000000000,0.0000000000,0.0000000000,nan,nan,nan,nan,nan,nan,nan,nan,nan,nan,nan,nan,nan,-0.0109285228,-0.0041149082,0.0014023179,0.0001550218,-0.0006051170,-0.0002699718,0.0055209617,0.0153461564,0.0018149759,0.0000000000,0.0000000000,0.0000000000,0.0000000000,0.0000000000,0.0278897081,4.0529999733,4.0486803055,nan,nan,nan,nan,nan,nan,nan,nan,nan,nan,nan,nan,nan,-0.0598557070,-0.0120087313,0.9971947670,0.1362191439,-0.0472526848,-0.1731002331
0.0065279254,0.0888242647,0.0910535082,-0.0138553727,0.0581251547,-0.0004027927,nan,nan,nan,nan,0.0000000000,0.0000000000,0.0000000000,0.0000000000,nan,nan,nan,nan,nan,nan,nan,nan,nan,nan,nan,nan,nan,-0.0089246174,-0.0027900741,0.0007700114,0.0021529193,0.0003582823,-0.0006458951,0.0055209617,0.0153461564,0.0018149759,0.0000000000,0.0000000000,0.0000000000,0.0000000000,0.0000000000,0.0278897081,4.0529999733,4.0486803055,nan,nan,nan,nan,nan,nan,nan,nan,nan,nan,nan,nan,nan,-0.0598557070,-0.0120087313,0.9971947670,0.1362191439,-0.0472526848,-0.1731002331
0.0060897148,0.0886805058,0.0910868421,-0.0138553727,0.0581251547,-0.0004027927,nan,nan,nan,nan,0.0000000000,0.0000000000,0.0000000000,0.0000000000,nan,nan,nan,nan,nan,nan,nan,nan,nan,nan,nan,nan,nan,-0.0089246174,-0.0027900741,0.0007700114,0.0021529193,0.0003582823,-0.0006458951,0.0056593991,-0.0021883207,-0.0077668568,0.0000000000,0.0000000000,0.0000000000,0.0000000000,0.0000000000,0.0297390465,4.0529999733,4.0486803055,nan,nan,nan,nan,nan,nan,nan,nan,nan,nan,nan,nan,nan,-0.0573508330,-0.0127357459,0.9980722666,-0.0097758090,0.0504368097,-0.0732992887
0.0060897148,0.0886805058,0.0910868421,-0.0138553727,0.0581251547,-0.0004027927,nan,nan,nan,nan,0.0000000000,0.0000000000,0.0000000000,0.0000000000,nan,nan,nan,nan,nan,nan,nan,nan,nan,nan,nan,nan,nan,-0.0089246174,-0.0027900741,0.0007700114,-0.0009743222,-0.0005951227,-0.0002348765,0.0056593991,-0.0021883207,-0.0077668568,0.0000000000,0.0000000000,0.0000000000,0.0000000000,0.0000000000,0.0297390465,4.0529999733,4.0486803055,nan,nan,nan,nan,nan,nan,nan,nan,nan,nan,nan,nan,nan,-0.0573508330,-0.0127357459,0.9980722666,-0.0097758090,0.0504368097,-0.0732992887
0.0068470021,0.0889484435,0.0910081714,-0.0138553727,0.0581251547,-0.0004027927,nan,nan,nan,nan,0.0000000000,0.0000000000,0.0000000000,0.0000000000,nan,nan,nan,nan,nan,nan,nan,nan,nan,nan,nan,nan,nan,-0.0103448806,-0.0035623258,0.0009764016,-0.0009743222,-0.0005951227,-0.0002348765,0.0056593991,-0.0021883207,-0.0077668568,0.0000000000,0.0000000000,0.0000000000,0.0000000000,0.0000000000,0.0297390465,4.0529999733,4.0539588928,nan,nan,nan,nan,nan,nan,nan,nan,nan,nan,nan,nan,nan,-0.0586544573,-0.0128043834,0.9988324642,-0.0097758090,0.0504368097,-0.0732992887
0.0068470021,0.0889484435,0.0910081714,-0.0138553727,0.0581251547,-0.0004027927,nan,nan,nan,nan,0.0000000000,0.0000000000,0.0000000000,0.0000000000,nan,nan,nan,nan,nan,nan,nan,nan,nan,nan,nan,nan,nan,-0.0103448806,-0.0035623258,0.0009764016,-0.0009743222,-0.0005951227,-0.0002348765,-0.0095146848,-0.0078127049,0.0175603591,0.0000000000,0.0000000000,0.0000000000,0.0000000000,0.0000000000,0.0297390465,4.0529999733,4.0539588928,nan,nan,nan,nan,nan,nan,nan,nan,nan,nan,nan,nan,nan,-0.0586544573,-0.0128043834,0.9988324642,0.0074877627,-0.1072698608,0.2759586573
0.0068470021,0.0889484435,0.0910081714,-0.0138553727,0.0581251547,-0.0004027927,nan,nan,nan,nan,0.0000000000,0.0000000000,0.0000000000,0.0000000000,nan,nan,nan,nan,nan,nan,nan,nan,nan,nan,nan,nan,nan,-0.0077203126,-0.0025586197,0.0005327512,0.0032743611,0.0009984291,-0.0006218607,-0.0095146848,-0.0078127049,0.0175603591,0.0000000000,0.0000000000,0.0000000000,0.0000000000,0.0000000000,0.0297390465,4.0529999733,4.0539588928,nan,nan,nan,nan,nan,nan,nan,nan,nan,nan,nan,nan,nan,-0.0586544573,-0.0128043834,0.9988324642,0.0074877627,-0.1072698608,0.2759586573
0.0064748470,0.0888286307,0.0910332128,-0.0138553727,0.0581251547,-0.0004027927,nan,nan,nan,nan,0.0000000000,0.0000000000,0.0000000000,0.0000000000,nan,nan,nan,nan,nan,nan,nan,nan,nan,nan,nan,nan,nan,-0.0077203126,-0.0025586197,0.0005327512,0.0032743611,0.0009984291,-0.0006218607,0.0178883355,-0.0214201752,0.0099765202,0.0000000000,0.0000000000,0.0000000000,0.0000000000,0.0000000000,0.0289129969,4.0529999733,4.0539588928,nan,nan,nan,nan,nan,nan,nan,nan,nan,nan,nan,nan,nan,-0.0587592497,-0.0149679054,0.9990966916,0.1824427247,-0.1904061884,-0.1239713728
0.0064748470,0.0888286307,0.0910332128,-0.0138553727,0.0581251547,-0.0004027927,nan,nan,nan,nan,0.0000000000,0.0000000000,0.0000000000,0.0000000000,nan,nan,nan,nan,nan,nan,nan,nan,nan,nan,nan,nan,nan,-0.0094885472,-0.0033274142,0.0010646445,0.0001189426,-0.0000193981,-0.0002551964,0.0178883355,-0.0214201752,0.0099765202,0.0000000000,0.0000000000,0.0000000000,0.0000000000,0.0000000000,0.0289129969,4.0529999733,4.0539588928,nan,nan,nan,nan,nan,nan,nan,nan,nan,nan,nan,nan,nan,-0.0587592497,-0.0149679054,0.9990966916,0.1824427247,-0.1904061884,-0.1239713728
0.0059857913,0.0886637941,0.0910853967,-0.0138553727,0.0581251547,-0.0004027927,nan,nan,nan,nan,0.0000000000,0.0000000000,0.0000000000,0.0000000000,nan,nan,nan,nan,nan,nan,nan,nan,nan,nan,nan,nan,nan,-0.0094885472,-0.0033274142,0.0010646445,0.0001189426,-0.0000193981,-0.0002551964,0.0178883355,-0.0214201752,0.0099765202,0.0000000000,0.0000000000,0.0000000000,0.0000000000,0.0000000000,0.0289129969,4.0529999733,4.0539588928,nan,nan,nan,nan,nan,nan,nan,nan,nan,nan,nan,nan,nan,-0.0590805970,-0.0124164252,0.9976589084,0.1824427247,-0.1904061884,-0.1239713728
0.0059857913,0.0886637941,0.0910853967,-0.0138553727,0.0581251547,-0.0004027927,nan,nan,nan,nan,0.0000000000,0.0000000000,0.0000000000,0.0000000000,nan,nan,nan,nan,nan,nan,nan,nan,nan,nan,nan,nan,nan,-0.0094885472,-0.0033274142,0.0010646445,0.0001189426,-0.0000193981,-0.0002551964,0.0063894847,-0.0058135060,-0.0056782314,0.0000000000,0.0000000000,0.0000000000,0.0000000000,0.0000000000,0.0289129969,4.0529999733,4.0539588928,nan,nan,nan,nan,nan,nan,nan,nan,nan,nan,nan,nan,nan,-0.0590805970,-0.0124164252,0.9976589084,0.0381965786,0.0233817529,-0.0282878932
0.0059857913,0.0886637941,0.0910853967,-0.0138553727,0.0581251547,-0.0004027927,nan,nan,nan,nan,0.0000000000,0.0000000000,0.0000000000,0.0000000000,nan,nan,nan,nan,nan,nan,nan,nan,nan,nan,nan,nan,nan,-0.0123246452,-0.0040772101,0.0013554787,-0.0027843828,-0.0009647004,0.0001159146,0.0063894847,-0.0058135060,-0.0056782314,0.0000000000,0.0000000000,0.0000000000,0.0000000000,0.0000000000,0.0289129969,4.0529999733,4.0539588928,nan,nan,nan,nan,nan,nan,nan,nan,nan,nan,nan,nan,nan,-0.0590805970,-0.0124164252,0.9976589084,0.0381965786,0.0233817529,-0.0282878932
0.0053789811,0.0884664357,0.0911496952,-0.0138553727,0.0581251547,-0.0004027927,nan,nan,nan,nan,0.0000000000,0.0000000000,0.0000000000,0.0000000000,nan,nan,nan,nan,nan,nan,nan,nan,nan,nan,nan,nan,nan,-0.0123246452,-0.0040772101,0.0013554787,-0.0027843828,-0.0009647004,0.0001159146,0.0108605865,0.0129480725,0.0176878273,0.0000000000,0.0000000000,0.0000000000,0.0000000000,0.0000000000,0.0326412022,4.0529999733,4.0539588928,nan,nan,nan,nan,nan,nan,nan,nan,nan,nan,nan,nan,nan,-0.0592232272,-0.0108774295,0.9995750785,0.0438393764,-0.3182170093,-0.0115337716
0.0053789811,0.0884664357,0.0911496952,-0.0138553727,0.0581251547,-0.0004027927,nan,nan,nan,nan,0.0000000000,0.0000000000,0.0000000000,0.0000000000,nan,nan,nan,nan,nan,nan,nan,nan,nan,nan,nan,nan,nan,-0.0143370172,-0.0042907819,0.0021689779,-0.0056263395,-0.0018410337,0.0005250080,0.0108605865,0.0129480725,0.0176878273,0.0000000000,0.0000000000,0.0000000000,0.0000000000,0.0000000000,0.0326412022,4.0529999733,4.0539588928,nan,nan,nan,nan,nan,nan,nan,nan,nan,nan,nan,nan,nan,-0.0592232272,-0.0108774295,0.9995750785,0.0438393764,-0.3182170093,-0.0115337716
0.0046472191,0.0882442221,0.0912562832,-0.0138553727,0.0581251547,-0.0004027927,nan,nan,nan,nan,0.0000000000,0.0000000000,0.0000000000,0.0000000000,nan,nan,nan,nan,nan,nan,nan,nan,nan,nan,nan,nan,nan,-0.0143370172,-0.0042907819,0.0021689779,-0.0056263395,-0.0018410337,0.0005250080,0.0108605865,0.0129480725,0.0176878273,0.0000000000,0.0000000000,0.0000000000,0.0000000000,0.0000000000,0.0326412022,4.0529999733,4.0486803055,nan,nan,nan,nan,nan,nan,nan,nan,nan,nan,nan,nan,nan,-0.0585836507,-0.0122414678,0.9977782965,0.0438393764,-0.3182170093,-0.0115337716
0.0046472191,0.0882442221,0.0912562832,-0.0138553727,0.0581251547,-0.0004027927,nan,nan,nan,nan,0.0000000000,0.0000000000,0.0000000000,0.0000000000,nan,nan,nan,nan,nan,nan,nan,nan,nan,nan,nan,nan,nan,-0.0143370172,-0.0042907819,0.0021689779,-0.0056263395,-0.0018410337,0.0005250080,-0.0071061347,-0.0008803054,-0.0023184211,0.0000000000,0.0000000000,0.0000000000,0.0000000000,0.0000000000,0.0326412022,4.0529999733,4.0486803055,nan,nan,nan,nan,nan,nan,nan,nan,nan,nan,nan,nan,nan,-0.0585836507,-0.0122414678,0.9977782965,0.3193387985,0.0672588721,-0.2065212429
0.0046472191,0.0882442221,0.0912562832,-0.0138553727,0.0581251547,-0.0004027927,nan,nan,nan,nan,0.0000000000,0.0000000000,0.0000000000,0.0000000000,nan,nan,nan,nan,nan,nan,nan,nan,nan,nan,nan,nan,nan,-0.0177006312,-0.0051836078,0.0023962555,-0.0082575381,-0.0025886062,0.0010054096,-0.0071061347,-0.0008803054,-0.0023184211,0.0000000000,0.0000000000,0.0000000000,0.0000000000,0.0000000000,0.0326412022,4.0529999733,4.0486803055,nan,nan,nan,nan,nan,nan,nan,nan,nan,nan,nan,nan,nan,-0.0585836507,-0.0122414678,0.9977782965,0.3193387985,0.0672588721,-0.2065212429
0.0037801112,0.0879883841,0.0913762376,-0.0138553727,0.0581251547,-0.0004027927,nan,nan,nan,nan,0.0000000000,0.0000000000,0.0000000000,0.0000000000,nan,nan,nan,nan,nan,nan,nan,nan,nan,nan,nan,nan,nan,-0.0177006312,-0.0051836078,0.0023962555,-0.0082575381,-0.0025886062,0.0010054096,0.0028613214,0.0302917883,0.0067219594,0.0000000000,0.0000000000,0.0000000000,0.0000000000,0.0000000000,0.0308488850,4.0529999733,4.0486803055,nan,nan,nan,nan,nan,nan,nan,nan,nan,nan,nan,nan,nan,-0.0574155524,-0.0125334058,1.0007147789,0.3023281693,-0.0511781760,-0.1906072497
0.0037801112,0.0879883841,0.0913762376,-0.0138553727,0.0581251547,-0.0004027927,nan,nan,nan,nan,0.0000000000,0.0000000000,0.0000000000,0.0000000000,nan,nan,nan,nan,nan,nan,nan,nan,nan,nan,nan,nan,nan,-0.0177006312,-0.0051836078,0.0023962555,-0.0110976426,-0.0033759288,0.0014317781,0.0028613214,0.0302917883,0.0067219594,0.0000000000,0.0000000000,0.0000000000,0.0000000000,0.0000000000,0.0308488850,4.0529999733,4.0486803055,nan,nan,nan,nan,nan,nan,nan,nan,nan,nan,nan,nan,nan,-0.0574155524,-0.0125334058,1.0007147789,0.3023281693,-0.0511781760,-0.1906072497
0.0066723577,0.0889065117,0.0910420269,-0.0138553727,0.0581251547,-0.0004027927,nan,nan,nan,nan,0.0000000000,0.0000000000,0.0000000000,0.0000000000,nan,nan,nan,nan,nan,nan,nan,nan,nan,nan,nan,nan,nan,-0.0195591487,-0.0054826234,0.0029810572,-0.0110976426,-0.0033759288,0.0014317781,0.0028613214,0.0302917883,0.0067219594,0.0000000000,0.0000000000,0.0000000000,0.0000000000,0.0000000000,0.0308488850,4.0529999733,4.0539588928,nan,nan,nan,nan,nan,nan,nan,nan,nan,nan,nan,nan,nan,-0.0601622984,-0.0126069095,0.9997332692,0.3023281693,-0.0511781760,-0.1906072497
0.0066723577,0.0889065117,0.0910420269,-0.0138553727,0.0581251547,-0.0004027927,nan,nan,nan,nan,0.0000000000,0.0000000000,0.0000000000,0.0000000000,nan,nan,nan,nan,nan,nan,nan,nan,nan,nan,nan,nan,nan,-0.0195591487,-0.0054826234,0.0029810572,-0.0110976426,-0.0033759288,0.0014317781,0.0053944080,0.0044988818,0.0051432112,0.0000000000,0.0000000000,0.0000000000,0.0000000000,0.0000000000,0.0308488850,4.0529999733,4.0539588928,nan,nan,nan,nan,nan,nan,nan,nan,nan,nan,nan,nan,nan,-0.0601622984,-0.0126069095,0.9997332692,0.0515923128,-0.1285529882,0.0475088954
0.0066723577,0.0889065117,0.0910420269,-0.0138553727,0.0581251547,-0.0004027927,nan,nan,nan,nan,0.0000000000,0.0000000000,0.0000000000,0.0000000000,nan,nan,nan,nan,nan,nan,nan,nan,nan,nan,nan,nan,nan,-0.0073828707,-0.0013176674,0.0013078703,0.0077332035,0.0026185552,-0.0007888143,0.0053944080,0.0044988818,0.0051432112,0.0000000000,0.0000000000,0.0000000000,0.0000000000,0.0000000000,0.0308488850,4.0529999733,4.0539588928,nan,nan,nan,nan,nan,nan,nan,nan,nan,nan,nan,nan,nan,-0.0601622984,-0.0126069095,0.9997332692,0.0515923128,-0.1285529882,0.0475088954
0.0063131764,0.0888402537,0.0911052674,-0.0138553727,0.0581251547,-0.0004027927,nan,nan,nan,nan,0.0000000000,0.0000000000,0.0000000000,0.0000000000,nan,nan,nan,nan,nan,nan,nan,nan,nan,nan,nan,nan,nan,-0.0073828707,-0.0013176674,0.0013078703,0.0077332035,0.0026185552,-0.0007888143,-0.0010447653,-0.0054408265,0.0119411843,0.0000000000,0.0000000000,0.0000000000,0.0000000000,0.0000000000,0.0312473066,4.0529999733,4.0539588928,nan,nan,nan,nan,nan,nan,nan,nan,nan,nan,nan,nan,nan,-0.0610348992,-0.0146772442,0.9986615777,0.0738647878,-0.2959538102,0.1924379319
0.0063131764,0.0888402537,0.0911052674,-0.0138553727,0.0581251547,-0.0004027927,nan,nan,nan,nan,0.0000000000,0.0000000000,0.0000000000,0.0000000000,nan,nan,nan,nan,nan,nan,nan,nan,nan,nan,nan,nan,nan,-0.0092050638,-0.0020956493,0.0015485001,0.0035354299,0.0014884148,-0.0002222938,-0.0010447653,-0.0054408265,0.0119411843,0.0000000000,0.0000000000,0.0000000000,0.0000000000,0.0000000000,0.0312473066,4.0529999733,4.0539588928,nan,nan,nan,nan,nan,nan,nan,nan,nan,nan,nan,nan,nan,-0.0610348992,-0.0146772442,0.9986615777,0.0738647878,-0.2959538102,0.1924379319
0.0058416971,0.0887345597,0.0911845788,-0.0138553727,0.0581251547,-0.0004027927,nan,nan,nan,nan,0.0000000000,0.0000000000,0.0000000000,0.0000000000,nan,nan,nan,nan,nan,nan,nan,nan,nan,nan,nan,nan,nan,-0.0092050638,-0.0020956493,0.0015485001,0.0035354299,0.0014884148,-0.0002222938,-0.0010447653,-0.0054408265,0.0119411843,0.0000000000,0.0000000000,0.0000000000,0.0000000000,0.0000000000,0.0312473066,4.0529999733,4.0486803055,nan,nan,nan,nan,nan,nan,nan,nan,nan,nan,nan,nan,nan,-0.0599457398,-0.0128728459,0.9979820848,0.0738647878,-0.2959538102,0.1924379319
0.0058416971,0.0887345597,0.0911845788,-0.0138553727,0.0581251547,-0.0004027927,nan,nan,nan,nan,0.0000000000,0.0000000000,0.0000000000,0.0000000000,nan,nan,nan,nan,nan,nan,nan,nan,nan,nan,nan,nan,nan,-0.0092050638,-0.0020956493,0.0015485001,0.0035354299,0.0014884148,-0.0002222938,-0.0138285430,-0.0061820671,0.0149887530,0.0000000000,0.0000000000,0.0000000000,0.0000000000,0.0000000000,0.0312473066,4.0529999733,4.0486803055,nan,nan,nan,nan,nan,nan,nan,nan,nan,nan,nan,nan,nan,-0.0599457398,-0.0128728459,0.9979820848,0.1416211426,0.0372154973,-0.0190063938
0.0058416971,0.0887345597,0.0911845788,-0.0138553727,0.0581251547,-0.0004027927,nan,nan,nan,nan,0.0000000000,0.0000000000,0.0000000000,0.0000000000,nan,nan,nan,nan,nan,nan,nan,nan,nan,nan,nan,nan,nan,-0.0123547064,-0.0027430407,0.0021304877,-0.0002584379,0.0004544669,0.0003243231,-0.0138285430,-0.0061820671,0.0149887530,0.0000000000,0.0000000000,0.0000000000,0.0000000000,0.0000000000,0.0312473066,4.0529999733,4.0486803055,nan,nan,nan,nan,nan,nan,nan,nan,nan,nan,nan,nan,nan,-0.0599457398,-0.0128728459,0.9979820848,0.1416211426,0.0372154973,-0.0190063938
0.0052385288,0.0886001810,0.0912876800,-0.0138553727,0.0581251547,-0.0004027927,nan,nan,nan,nan,0.0000000000,0.0000000000,0.0000000000,0.0000000000,nan,nan,nan,nan,nan,nan,nan,nan,nan,nan,nan,nan,nan,-0.0123547064,-0.0027430407,0.0021304877,-0.0002584379,0.0004544669,0.0003243231,0.0128354672,0.0197387170,-0.0122464094,0.0000000000,0.0000000000,0.0000000000,0.0000000000,0.0000000000,0.0288947634,4.0529999733,4.0486803055,nan,nan,nan,nan,nan,nan,nan,nan,nan,nan,nan,nan,nan,-0.0577609055,-0.0120074926,0.9977011681,0.0538493171,0.0367897414,0.1110561565
0.0052385288,0.0886001810,0.0912876800,-0.0138553727,0.0581251547,-0.0004027927,nan,nan,nan,nan,0.0000000000,0.0000000000,0.0000000000,0.0000000000,nan,nan,nan,nan,nan,nan,nan,nan,nan,nan,nan,nan,nan,-0.0140949953,-0.0031032434,0.0023270168,-0.0037286535,-0.0004735798,0.0008412094,0.0128354672,0.0197387170,-0.0122464094,0.0000000000,0.0000000000,0.0000000000,0.0000000000,0.0000000000,0.0288947634,4.0529999733,4.0486803055,nan,nan,nan,nan,nan,nan,nan,nan,nan,nan,nan,nan,nan,-0.0577609055,-0.0120074926,0.9977011681,0.0538493171,0.0367897414,0.1110561565
0.0045178062,0.0884394348,0.0914025009,-0.0110842659,0.0581256553,-0.0003222341,nan,nan,nan,nan,0.0000000000,0.0000000000,0.0000000000,0.0000000000,nan,nan,nan,nan,nan,nan,nan,nan,nan,nan,nan,nan,nan,-0.0140949953,-0.0031032434,0.0023270168,-0.0037286535,-0.0004735798,0.0008412094,0.0128354672,0.0197387170,-0.0122464094,0.0000000000,0.0000000000,0.0000000000,0.0000000000,0.0000000000,0.0288947634,4.0529999733,4.0539588928,nan,nan,nan,nan,nan,nan,nan,nan,nan,nan,nan,nan,nan,-0.0595838949,-0.0139746685,1.0006898642,0.0538493171,0.0367897414,0.1110561565
0.0045178062,0.0884394348,0.0914025009,-0.0110842659,0.0581256553,-0.0003222341,nan,nan,nan,nan,0.0000000000,0.0000000000,0.0000000000,0.0000000000,nan,nan,nan,nan,nan,nan,nan,nan,nan,nan,nan,nan,nan,-0.0140949953,-0.0031032434,0.0023270168,-0.0037286535,-0.0004735798,0.0008412094,0.0097681694,-0.0233640540,-0.0015161831,0.0000000000,0.0000000000,0.0000000000,0.0000000000,0.0000000000,0.0288947634,4.0529999733,4.0539588928,nan,nan,nan,nan,nan,nan,nan,nan,nan,nan,nan,nan,nan,-0.0595838949,-0.0139746685,1.0006898642,0.1432389468,0.2236797363,0.0443900861
0.0045178062,0.0884394348,0.0914025009,-0.0110842659,0.0581256553,-0.0003222341,nan,nan,nan,nan,0.0000000000,0.0000000000,0.0000000000,0.0000000000,nan,nan,nan,nan,nan,nan,nan,nan,nan,nan,nan,nan,nan,-0.0172228049,-0.0042414977,0.0026977032,-0.0068214582,-0.0012672713,0.0012519335,0.0097681694,-0.0233640540,-0.0015161831,0.0000000000,0.0000000000,0.0000000000,0.0000000000,0.0000000000,0.0288947634,4.0529999733,4.0539588928,nan,nan,nan,nan,nan,nan,nan,nan,nan,nan,nan,nan,nan,-0.0595838949,-0.0139746685,1.0006898642,0.1432389468,0.2236797363,0.0443900861
0.0036680505,0.0882328898,0.0915333033,-0.0138553727,0.0581251547,-0.0004027927,nan,nan,nan,nan,0.0000000000,0.0000000000,0.0000000000,0.0000000000,nan,nan,nan,nan,nan,nan,nan,nan,nan,nan,nan,nan,nan,-0.0172228049,-0.0042414977,0.0026977032,-0.0068214582,-0.0012672713,0.0012519335,-0.0025553459,-0.0217033233,0.0019424452,0.0000000000,0.0000000000,0.0000000000,0.0000000000,0.0000000000,0.0315686166,4.0529999733,4.0539588928,nan,nan,nan,nan,nan,nan,nan,nan,nan,nan,nan,nan,nan,-0.0579880066,-0.0153630609,0.9994707108,0.2384748757,0.1671311110,0.0738029703
0.0036680505,0.0882328898,0.0915333033,-0.0138553727,0.0581251547,-0.0004027927,nan,nan,nan,nan,0.0000000000,0.0000000000,0.0000000000,0.0000000000,nan,nan,nan,nan,nan,nan,nan,nan,nan,nan,nan,nan,nan,-0.0202441439,-0.0055014426,0.0030616401,-0.0099540986,-0.0022279504,0.0016719472,-0.0025553459,-0.0217033233,0.0019424452,0.0000000000,0.0000000000,0.0000000000,0.0000000000,0.0000000000,0.0315686166,4.0529999733,4.0539588928,nan,nan,nan,nan,nan,nan,nan,nan,nan,nan,nan,nan,nan,-0.0579880066,-0.0153630609,0.9994707108,0.2384748757,0.1671311110,0.0738029703
0.0026740404,0.0879637972,0.0916829631,-0.0138553727,0.0581251547,-0.0004027927,nan,nan,nan,nan,0.0000000000,0.0000000000,0.0000000000,0.0000000000,nan,nan,nan,nan,nan,nan,nan,nan,nan,nan,nan,nan,nan,-0.0202441439,-0.0055014426,0.0030616401,-0.0099540986,-0.0022279504,0.0016719472,-0.0025553459,-0.0217033233,0.0019424452,0.0000000000,0.0000000000,0.0000000000,0.0000000000,0.0000000000,0.0315686166,4.0529999733,4.0539588928,nan,nan,nan,nan,nan,nan,nan,nan,nan,nan,nan,nan,nan,-0.0587657988,-0.0108098229,0.9979619384,0.2384748757,0.1671311110,0.0738029703
0.0026740404,0.0879637972,0.0916829631,-0.0138553727,0.0581251547,-0.0004027927,nan,nan,nan,nan,0.0000000000,0.0000000000,0.0000000000,0.0000000000,nan,nan,nan,nan,nan,nan,nan,nan,nan,nan,nan,nan,nan,-0.0202441439,-0.0055014426,0.0030616401,-0.0099540986,-0.0022279504,0.0016719472,0.0100186439,-0.0186631009,0.0167429186,0.0000000000,0.0000000000,0.0000000000,0.0000000000,0.0000000000,0.0315686166,4.0529999733,4.0539588928,nan,nan,nan,nan,nan,nan,nan,nan,nan,nan,nan,nan,nan,-0.0587657988,-0.0108098229,0.9979619384,0.1709043533,0.0840773508,0.2639344931
0.0026740404,0.0879637972,0.0916829631,-0.0138553727,0.0581251547,-0.0004027927,nan,nan,nan,nan,0.0000000000,0.0000000000,0.0000000000,0.0000000000,nan,nan,nan,nan,nan,nan,nan,nan,nan,nan,nan,nan,nan,-0.0231216475,-0.0060118567,0.0036194862,-0.0128351655,-0.0030763347,0.0020496284,0.0100186439,-0.0186631009,0.0167429186,0.0000000000,0.0000000000,0.0000000000,0.0000000000,0.0000000000,0.0315686166,4.0529999733,4.0539588928,nan,nan,nan,nan,nan,nan,nan,nan,nan,nan,nan,nan,nan,-0.0587657988,-0.0108098229,0.9979619384,0.1709043533,0.0840773508,0.2639344931
0.0015298863,0.0876683071,0.0918523669,-0.0138553727,0.0581251547,-0.0004027927,nan,nan,nan,nan,0.0000000000,0.0000000000,0.0000000000,0.0000000000,nan,nan,nan,nan,nan,nan,nan,nan,nan,nan,nan,nan,nan,-0.0231216475,-0.0060118567,0.0036194862,-0.0128351655,-0.0030763347,0.0020496284,0.0100186439,-0.0186631009,0.0167429186,0.0000000000,0.0000000000,0.0000000000,0.0000000000,0.0000000000,0.0351255909,4.0529999733,4.0539588928,nan,nan,nan,nan,nan,nan,nan,nan,nan,nan,nan,nan,nan,-0.0597787946,-0.0130547490,0.9979432225,0.0962309912,-0.2730019391,-0.0427202135
0.0015298863,0.0876683071,0.0918523669,-0.0138553727,0.0581251547,-0.0004027927,nan,nan,nan,nan,0.0000000000,0.0000000000,0.0000000000,0.0000000000,nan,nan,nan,nan,nan,nan,nan,nan,nan,nan,nan,nan,nan,-0.0264706407,-0.0072724898,0.0040735146,-0.0162231922,-0.0040574414,0.0024859412,-0.0061410652,-0.0291081648,0.0117470566,0.0000000000,0.0000000000,0.0000000000,0.0000000000,0.0000000000,0.0351255909,4.0529999733,4.0539588928,nan,nan,nan,nan,nan,nan,nan,nan,nan,nan,nan,nan,nan,-0.0597787946,-0.0130547490,0.9979432225,0.0962309912,-0.2730019391,-0.0427202135
0.0004687501,0.0873809010,0.0920040756,-0.0138553727,0.0581251547,-0.0004027927,nan,nan,nan,nan,0.0000000000,0.0000000000,0.0000000000,0.0000000000,nan,nan,nan,nan,nan,nan,nan,nan,nan,nan,nan,nan,nan,-0.0264706407,-0.0072724898,0.0040735146,-0.0162231922,-0.0040574414,0.0024859412,-0.0061410652,-0.0291081648,0.0117470566,0.0000000000,0.0000000000,0.0000000000,0.0000000000,0.0000000000,0.0351255909,4.0529999733,4.0486803055,nan,nan,nan,nan,nan,nan,nan,nan,nan,nan,nan,nan,nan,-0.0591019019,-0.0134716462,0.9980947375,0.0962309912,-0.2730019391,-0.0427202135
0.0004687501,0.0873809010,0.0920040756,-0.0138553727,0.0581251547,-0.0004027927,nan,nan,nan,nan,0.0000000000,0.0000000000,0.0000000000,0.0000000000,nan,nan,nan,nan,nan,nan,nan,nan,nan,nan,nan,nan,nan,-0.0264706407,-0.0072724898,0.0040735146,-0.0162231922,-0.0040574414,0.0024859412,-0.0043527703,-0.0192858409,-0.0049993694,0.0000000000,0.0000000000,0.0000000000,0.0000000000,0.0000000000,0.0351255909,4.0529999733,4.0486803055,nan,nan,nan,nan,nan,nan,nan,nan,nan,nan,nan,nan,nan,-0.0591019019,-0.0134716462,0.9980947375,0.1197261810,-0.0425904728,0.1488583833
0.0004687501,0.0873809010,0.0920040756,-0.0138553727,0.0581251547,-0.0004027927,nan,nan,nan,nan,0.0000000000,0.0000000000,0.0000000000,0.0000000000,nan,nan,nan,nan,nan,nan,nan,nan,nan,nan,nan,nan,nan,-0.0080572134,-0.0029860171,0.0012677717,0.0191457756,0.0045545385,-0.0029713477,-0.0043527703,-0.0192858409,-0.0049993694,0.0000000000,0.0000000000,0.0000000000,0.0000000000,0.0000000000,0.0351255909,4.0529999733,4.0486803055,nan,nan,nan,nan,nan,nan,nan,nan,nan,nan,nan,nan,nan,-0.0591019019,-0.0134716462,0.9980947375,0.1197261810,-0.0425904728,0.1488583833
0.0064846384,0.0888326243,0.0910784304,-0.0138553727,0.0581251547,-0.0004027927,nan,nan,nan,nan,0.0000000000,0.0000000000,0.0000000000,0.0000000000,nan,nan,nan,nan,nan,nan,nan,nan,nan,nan,nan,nan,nan,-0.0080572134,-0.0029860171,0.0012677717,0.0191457756,0.0045545385,-0.0029713477,-0.0269793049,-0.0086337524,0.0011425460,0.0000000000,0.0000000000,0.0000000000,0.0000000000,0.0000000000,0.0298439059,4.0529999733,4.0486803055,nan,nan,nan,nan,nan,nan,nan,nan,nan,nan,nan,nan,nan,-0.0605117530,-0.0135482308,0.9979100227,-0.0377820805,0.1596820652,-0.0079252888
0.0064846384,0.0888326243,0.0910784304,-0.0138553727,0.0581251547,-0.0004027927,nan,nan,nan,nan,0.0000000000,0.0000000000,0.0000000000,0.0000000000,nan,nan,nan,nan,nan,nan,nan,nan,nan,nan,nan,nan,nan,-0.0111296289,-0.0041199229,0.0017015277,0.0116516696,0.0024186524,-0.0018104265,-0.0269793049,-0.0086337524,0.0011425460,0.0000000000,0.0000000000,0.0000000000,0.0000000000,0.0000000000,0.0298439059,4.0529999733,4.0486803055,nan,nan,nan,nan,nan,nan,nan,nan,nan,nan,nan,nan,nan,-0.0605117530,-0.0135482308,0.9979100227,-0.0377820805,0.1596820652,-0.0079252888
0.0064846384,0.0888326243,0.0910784304,-0.0138553727,0.0581251547,-0.0004027927,nan,nan,nan,nan,0.0000000000,0.0000000000,0.0000000000,0.0000000000,nan,nan,nan,nan,nan,nan,nan,nan,nan,nan,nan,nan,nan,-0.0111296289,-0.0041199229,0.0017015277,0.0116516696,0.0024186524,-0.0018104265,-0.0269793049,-0.0086337524,0.0011425460,0.0000000000,0.0000000000,0.0000000000,0.0000000000,0.0000000000,0.0298439059,4.0529999733,4.0539588928,nan,nan,nan,nan,nan,nan,nan,nan,nan,nan,nan,nan,nan,-0.0606575236,-0.0111302258,0.9991413355,-0.0377820805,0.1596820652,-0.0079252888
0.0064846384,0.0888326243,0.0910784304,-0.0138553727,0.0581251547,-0.0004027927,nan,nan,nan,nan,0.0000000000,0.0000000000,0.0000000000,0.0000000000,nan,nan,nan,nan,nan,nan,nan,nan,nan,nan,nan,nan,nan,-0.0111296289,-0.0041199229,0.0017015277,0.0116516696,0.0024186524,-0.0018104265,-0.0081968401,0.0039197481,0.0316229127,0.0000000000,0.0000000000,0.0000000000,0.0000000000,0.0000000000,0.0298439059,4.0529999733,4.0539588928,nan,nan,nan,nan,nan,nan,nan,nan,nan,nan,nan,nan,nan,-0.0606575236,-0.0111302258,0.9991413355,0.0389930941,-0.0752121359,-0.0370555185
0.0064846384,0.0888326243,0.0910784304,-0.0138553727,0.0581251547,-0.0004027927,nan,nan,nan,nan,0.0000000000,0.0000000000,0.0000000000,0.0000000000,nan,nan,nan,nan,nan,nan,nan,nan,nan,nan,nan,nan,nan,-0.0132389292,-0.0043733898,0.0022931092,0.0051774401,0.0006181759,-0.0008200250,-0.0081968401,0.0039197481,0.0316229127,0.0000000000,0.0000000000,0.0000000000,0.0000000000,0.0000000000,0.0298439059,4.0529999733,4.0539588928,nan,nan,nan,nan,nan,nan,nan,nan,nan,nan,nan,nan,nan,-0.0606575236,-0.0111302258,0.9991413355,0.0389930941,-0.0752121359,-0.0370555185
0.0053279772,0.0884226039,0.0912594721,-0.0138553727,0.0581251547,-0.0004027927,nan,nan,nan,nan,0.0000000000,0.0000000000,0.0000000000,0.0000000000,nan,nan,nan,nan,nan,nan,nan,nan,nan,nan,nan,nan,nan,-0.0132389292,-0.0043733898,0.0022931092,0.0051774401,0.0006181759,-0.0008200250,-0.0124991741,-0.0132882493,-0.0081247063,0.0000000000,0.0000000000,0.0000000000,0.0000000000,0.0000000000,0.0315785967,4.0529999733,4.0539588928,nan,nan,nan,nan,nan,nan,nan,nan,nan,nan,nan,nan,nan,-0.0592576750,-0.0144179175,0.9988600016,0.0128966104,-0.0775302425,0.0099335462
0.0053279772,0.0884226039,0.0912594721,-0.0138553727,0.0581251547,-0.0004027927,nan,nan,nan,nan,0.0000000000,0.0000000000,0.0000000000,0.0000000000,nan,nan,nan,nan,nan,nan,nan,nan,nan,nan,nan,nan,nan,-0.0166791026,-0.0059089055,0.0026949265,-0.0002058004,-0.0009467615,0.0000747755,-0.0124991741,-0.0132882493,-0.0081247063,0.0000000000,0.0000000000,0.0000000000,0.0000000000,0.0000000000,0.0315785967,4.0529999733,4.0539588928,nan,nan,nan,nan,nan,nan,nan,nan,nan,nan,nan,nan,nan,-0.0592576750,-0.0144179175,0.9988600016,0.0128966104,-0.0775302425,0.0099335462
0.0045367521,0.0881437734,0.0913878605,-0.0138553727,0.0581251547,-0.0004027927,nan,nan,nan,nan,0.0000000000,0.0000000000,0.0000000000,0.0000000000,nan,nan,nan,nan,nan,nan,nan,nan,nan,nan,nan,nan,nan,-0.0166791026,-0.0059089055,0.0026949265,-0.0002058004,-0.0009467615,0.0000747755,-0.0124991741,-0.0132882493,-0.0081247063,0.0000000000,0.0000000000,0.0000000000,0.0000000000,0.0000000000,0.0315785967,4.0529999733,4.0486803055,nan,nan,nan,nan,nan,nan,nan,nan,nan,nan,nan,nan,nan,-0.0593383089,-0.0127798012,1.0005420446,0.0128966104,-0.0775302425,0.0099335462
0.0045367521,0.0881437734,0.0913878605,-0.0138553727,0.0581251547,-0.0004027927,nan,nan,nan,nan,0.0000000000,0.0000000000,0.0000000000,0.0000000000,nan,nan,nan,nan,nan,nan,nan,nan,nan,nan,nan,nan,nan,-0.0166791026,-0.0059089055,0.0026949265,-0.0002058004,-0.0009467615,0.0000747755,0.0004094025,-0.0192657374,0.0043620230,0.0000000000,0.0000000000,0.0000000000,0.0000000000,0.0000000000,0.0315785967,4.0529999733,4.0486803055,nan,nan,nan,nan,nan,nan,nan,nan,nan,nan,nan,nan,nan,-0.0593383089,-0.0127798012,1.0005420446,0.0077712182,0.0174267720,-0.2262637019
0.0045367521,0.0881437734,0.0913878605,-0.0138553727,0.0581251547,-0.0004027927,nan,nan,nan,nan,0.0000000000,0.0000000000,0.0000000000,0.0000000000,nan,nan,nan,nan,nan,nan,nan,nan,nan,nan,nan,nan,nan,-0.0070001832,-0.0025792858,0.0009855571,0.0110232029,0.0031873710,-0.0017337629,0.0004094025,-0.0192657374,0.0043620230,0.0000000000,0.0000000000,0.0000000000,0.0000000000,0.0000000000,0.0315785967,4.0529999733,4.0486803055,nan,nan,nan,nan,nan,nan,nan,nan,nan,nan,nan,nan,nan,-0.0593383089,-0.0127798012,1.0005420446,0.0077712182,0.0174267720,-0.2262637019
0.0066791233,0.0888834372,0.0910452306,-0.0138553727,0.0581251547,-0.0004027927,nan,nan,nan,nan,0.0000000000,0.0000000000,0.0000000000,0.0000000000,nan,nan,nan,nan,nan,nan,nan,nan,nan,nan,nan,nan,nan,-0.0070001832,-0.0025792858,0.0009855571,0.0110232029,0.0031873710,-0.0017337629,0.0239250604,-0.0019228654,0.0288220961,0.0000000000,0.0000000000,0.0000000000,0.0000000000,0.0000000000,0.0325116850,4.0529999733,4.0486803055,nan,nan,nan,nan,nan,nan,nan,nan,nan,nan,nan,nan,nan,-0.0566631258,-0.0142654143,1.0011423826,-0.0623581335,0.0088629751,-0.0558441132
0.0066791233,0.0888834372,0.0910452306,-0.0138553727,0.0581251547,-0.0004027927,nan,nan,nan,nan,0.0000000000,0.0000000000,0.0000000000,0.0000000000,nan,nan,nan,nan,nan,nan,nan,nan,nan,nan,nan,nan,nan,-0.0091631291,-0.0037832095,0.0020511053,0.0059328307,0.0014978973,-0.0008996836,0.0239250604,-0.0019228654,0.0288220961,0.0000000000,0.0000000000,0.0000000000,0.0000000000,0.0000000000,0.0325116850,4.0529999733,4.0486803055,nan,nan,nan,nan,nan,nan,nan,nan,nan,nan,nan,nan,nan,-0.0566631258,-0.0142654143,1.0011423826,-0.0623581335,0.0088629751,-0.0558441132
0.0062414380,0.0887085348,0.0911315307,-0.0138553727,0.0581251547,-0.0004027927,nan,nan,nan,nan,0.0000000000,0.0000000000,0.0000000000,0.0000000000,nan,nan,nan,nan,nan,nan,nan,nan,nan,nan,nan,nan,nan,-0.0091631291,-0.0037832095,0.0020511053,0.0059328307,0.0014978973,-0.0008996836,0.0239250604,-0.0019228654,0.0288220961,0.0000000000,0.0000000000,0.0000000000,0.0000000000,0.0000000000,0.0325116850,4.0529999733,4.0539588928,nan,nan,nan,nan,nan,nan,nan,nan,nan,nan,nan,nan,nan,-0.0586727075,-0.0136197535,0.9977273941,-0.0623581335,0.0088629751,-0.0558441132
0.0062414380,0.0887085348,0.0911315307,-0.0138553727,0.0581251547,-0.0004027927,nan,nan,nan,nan,0.0000000000,0.0000000000,0.0000000000,0.0000000000,nan,nan,nan,nan,nan,nan,nan,nan,nan,nan,nan,nan,nan,-0.0091631291,-0.0037832095,0.0020511053,0.0059328307,0.0014978973,-0.0008996836,0.0196044054,0.0022409880,0.0213271361,0.0000000000,0.0000000000,0.0000000000,0.0000000000,0.0000000000,0.0325116850,4.0529999733,4.0539588928,nan,nan,nan,nan,nan,nan,nan,nan,nan,nan,nan,nan,nan,-0.0586727075,-0.0136197535,0.9977273941,0.2278169096,0.0469869636,-0.0490421429
0.0062414380,0.0887085348,0.0911315307,-0.0138553727,0.0581251547,-0.0004027927,nan,nan,nan,nan,0.0000000000,0.0000000000,0.0000000000,0.0000000000,nan,nan,nan,nan,nan,nan,nan,nan,nan,nan,nan,nan,nan,-0.0074311146,-0.0032247349,0.0016089103,0.0055419775,0.0015095414,-0.0008454302,0.0196044054,0.0022409880,0.0213271361,0.0000000000,0.0000000000,0.0000000000,0.0000000000,0.0000000000,0.0325116850,4.0529999733,4.0539588928,nan,nan,nan,nan,nan,nan,nan,nan,nan,nan,nan,nan,nan,-0.0586727075,-0.0136197535,0.9977273941,0.2278169096,0.0469869636,-0.0490421429
0.0064554466,0.0887757093,0.0910992697,-0.0138553727,0.0581251547,-0.0004027927,nan,nan,nan,nan,0.0000000000,0.0000000000,0.0000000000,0.0000000000,nan,nan,nan,nan,nan,nan,nan,nan,nan,nan,nan,nan,nan,-0.0074311146,-0.0032247349,0.0016089103,0.0055419775,0.0015095414,-0.0008454302,0.0019927446,-0.0020861716,-0.0049753962,0.0000000000,0.0000000000,0.0000000000,0.0000000000,0.0000000000,0.0287559517,4.0529999733,4.0539588928,nan,nan,nan,nan,nan,nan,nan,nan,nan,nan,nan,nan,nan,-0.0565615743,-0.0134217432,0.9958194494,-0.1035564095,-0.1176830679,-0.1939188093
0.0064554466,0.0887757093,0.0910992697,-0.0138553727,0.0581251547,-0.0004027927,nan,nan,nan,nan,0.0000000000,0.0000000000,0.0000000000,0.0000000000,nan,nan,nan,nan,nan,nan,nan,nan,nan,nan,nan,nan,nan,-0.0100900205,-0.0043660500,0.0024680467,0.0017662583,0.0000526577,-0.0000965626,0.0019927446,-0.0020861716,-0.0049753962,0.0000000000,0.0000000000,0.0000000000,0.0000000000,0.0000000000,0.0287559517,4.0529999733,4.0539588928,nan,nan,nan,nan,nan,nan,nan,nan,nan,nan,nan,nan,nan,-0.0565615743,-0.0134217432,0.9958194494,-0.1035564095,-0.1176830679,-0.1939188093
0.0059882673,0.0885660350,0.0912081003,-0.0138553727,0.0581251547,-0.0004027927,nan,nan,nan,nan,0.0000000000,0.0000000000,0.0000000000,0.0000000000,nan,nan,nan,nan,nan,nan,nan,nan,nan,nan,nan,nan,nan,-0.0100900205,-0.0043660500,0.0024680467,0.0017662583,0.0000526577,-0.0000965626,0.0019927446,-0.0020861716,-0.0049753962,0.0000000000,0.0000000000,0.0000000000,0.0000000000,0.0000000000,0.0287559517,4.0529999733,4.0539588928,nan,nan,nan,nan,nan,nan,nan,nan,nan,nan,nan,nan,nan,-0.0591177270,-0.0104077198,0.9989923835,-0.1035564095,-0.1176830679,-0.1939188093
0.0059882673,0.0885660350,0.0912081003,-0.0138553727,0.0581251547,-0.0004027927,nan,nan,nan,nan,0.0000000000,0.0000000000,0.0000000000,0.0000000000,nan,nan,nan,nan,nan,nan,nan,nan,nan,nan,nan,nan,nan,-0.0100900205,-0.0043660500,0.0024680467,0.0017662583,0.0000526577,-0.0000965626,0.0126650296,-0.0119746905,-0.0013857902,0.0000000000,0.0000000000,0.0000000000,0.0000000000,0.0000000000,0.0287559517,4.0529999733,4.0539588928,nan,nan,nan,nan,nan,nan,nan,nan,nan,nan,nan,nan,nan,-0.0591177270,-0.0104077198,0.9989923835,0.2940828204,-0.0717088580,-0.0530065559
0.0059882673,0.0885660350,0.0912081003,-0.0138553727,0.0581251547,-0.0004027927,nan,nan,nan,nan,0.0000000000,0.0000000000,0.0000000000,0.0000000000,nan,nan,nan,nan,nan,nan,nan,nan,nan,nan,nan,nan,nan,-0.0119265364,-0.0047332053,0.0027321731,-0.0016692127,-0.0011647482,0.0006218681,0.0126650296,-0.0119746905,-0.0013857902,0.0000000000,0.0000000000,0.0000000000,0.0000000000,0.0000000000,0.0287559517,4.0529999733,4.0539588928,nan,nan,nan,nan,nan,nan,nan,nan,nan,nan,nan,nan,nan,-0.0591177270,-0.0104077198,0.9989923835,0.2940828204,-0.0717088580,-0.0530065559
0.0054009454,0.0883289054,0.0913429782,-0.0138553727,0.0581251547,-0.0004027927,nan,nan,nan,nan,0.0000000000,0.0000000000,0.0000000000,0.0000000000,nan,nan,nan,nan,nan,nan,nan,nan,nan,nan,nan,nan,nan,-0.0119265364,-0.0047332053,0.0027321731,-0.0016692127,-0.0011647482,0.0006218681,-0.0101105170,-0.0050759381,0.0140719097,0.0000000000,0.0000000000,0.0000000000,0.0000000000,0.0000000000,0.0308352038,4.0529999733,4.0539588928,nan,nan,nan,nan,nan,nan,nan,nan,nan,nan,nan,nan,nan,-0.0588575900,-0.0142081836,0.9989725351,0.0959736034,0.0810824484,-0.0268975720
0.0054009454,0.0883289054,0.0913429782,-0.0138553727,0.0581251547,-0.0004027927,nan,nan,nan,nan,0.0000000000,0.0000000000,0.0000000000,0.0000000000,nan,nan,nan,nan,nan,nan,nan,nan,nan,nan,nan,nan,nan,-0.0149110155,-0.0064683962,0.0033517641,-0.0048457887,-0.0023978685,0.0012435084,-0.0101105170,-0.0050759381,0.0140719097,0.0000000000,0.0000000000,0.0000000000,0.0000000000,0.0000000000,0.0308352038,4.0529999733,4.0539588928,nan,nan,nan,nan,nan,nan,nan,nan,nan,nan,nan,nan,nan,-0.0588575900,-0.0142081836,0.9989725351,0.0959736034,0.0810824484,-0.0268975720
0.0046950160,0.0880244300,0.0914941356,-0.0138553727,0.0581251547,-0.0004027927,nan,nan,nan,nan,0.0000000000,0.0000000000,0.0000000000,0.0000000000,nan,nan,nan,nan,nan,nan,nan,nan,nan,nan,nan,nan,nan,-0.0149110155,-0.0064683962,0.0033517641,-0.0048457887,-0.0023978685,0.0012435084,-0.0101105170,-0.0050759381,0.0140719097,0.0000000000,0.0000000000,0.0000000000,0.0000000000,0.0000000000,0.0308352038,4.0529999733,4.0539588928,nan,nan,nan,nan,nan,nan,nan,nan,nan,nan,nan,nan,nan,-0.0575306974,-0.0150654269,0.9993430376,0.0959736034,0.0810824484,-0.0268975720
0.0046950160,0.0880244300,0.0914941356,-0.0138553727,0.0581251547,-0.0004027927,nan,nan,nan,nan,0.0000000000,0.0000000000,0.0000000000,0.0000000000,nan,nan,nan,nan,nan,nan,nan,nan,nan,nan,nan,nan,nan,-0.0149110155,-0.0064683962,0.0033517641,-0.0048457887,-0.0023978685,0.0012435084,-0.0085284198,0.0087049920,0.0152249811,0.0000000000,0.0000000000,0.0000000000,0.0000000000,0.0000000000,0.0308352038,4.0529999733,4.0539588928,nan,nan,nan,nan,nan,nan,nan,nan,nan,nan,nan,nan,nan,-0.0575306974,-0.0150654269,0.9993430376,0.2654900849,0.0854828805,-0.1264111847
0.0046950160,0.0880244300,0.0914941356,-0.0138553727,0.0581251547,-0.0004027927,nan,nan,nan,nan,0.0000000000,0.0000000000,0.0000000000,0.0000000000,nan,nan,nan,nan,nan,nan,nan,nan,nan,nan,nan,nan,nan,-0.0165185779,-0.0069256555,0.0035112926,-0.0076732449,-0.0035221963,0.0017765180,-0.0085284198,0.0087049920,0.0152249811,0.0000000000,0.0000000000,0.0000000000,0.0000000000,0.0000000000,0.0308352038,4.0529999733,4.0539588928,nan,nan,nan,nan,nan,nan,nan,nan,nan,nan,nan,nan,nan,-0.0575306974,-0.0150654269,0.9993430376,0.2654900849,0.0854828805,-0.1264111847
0.0038826414,0.0876826271,0.0916592628,-0.0138553727,0.0581251547,-0.0004027927,nan,nan,nan,nan,0.0000000000,0.0000000000,0.0000000000,0.0000000000,nan,nan,nan,nan,nan,nan,nan,nan,nan,nan,nan,nan,nan,-0.0165185779,-0.0069256555,0.0035112926,-0.0076732449,-0.0035221963,0.0017765180,-0.0030760879,-0.0004678842,0.0153746698,0.0000000000,0.0000000000,0.0000000000,0.0000000000,0.0000000000,0.0308698080,4.0529999733,4.0539588928,nan,nan,nan,nan,nan,nan,nan,nan,nan,nan,nan,nan,nan,-0.0589881279,-0.0150584448,1.0009450912,0.0195948035,0.0396520980,0.0703356490
0.0038826414,0.0876826271,0.0916592628,-0.0138553727,0.0581251547,-0.0004027927,nan,nan,nan,nan,0.0000000000,0.0000000000,0.0000000000,0.0000000000,nan,nan,nan,nan,nan,nan,nan,nan,nan,nan,nan,nan,nan,-0.0196589660,-0.0080322782,0.0039999457,-0.0105571188,-0.0046407464,0.0022529515,-0.0030760879,-0.0004678842,0.0153746698,0.0000000000,0.0000000000,0.0000000000,0.0000000000,0.0000000000,0.0308698080,4.0529999733,4.0539588928,nan,nan,nan,nan,nan,nan,nan,nan,nan,nan,nan,nan,nan,-0.0589881279,-0.0150584448,1.0009450912,0.0195948035,0.0396520980,0.0703356490
0.0029399490,0.0872901231,0.0918396786,-0.0138553727,0.0581251547,-0.0004027927,nan,nan,nan,nan,0.0000000000,0.0000000000,0.0000000000,0.0000000000,nan,nan,nan,nan,nan,nan,nan,nan,nan,nan,nan,nan,nan,-0.0196589660,-0.0080322782,0.0039999457,-0.0105571188,-0.0046407464,0.0022529515,-0.0030760879,-0.0004678842,0.0153746698,0.0000000000,0.0000000000,0.0000000000,0.0000000000,0.0000000000,0.0308698080,4.0529999733,4.0539588928,nan,nan,nan,nan,nan,nan,nan,nan,nan,nan,nan,nan,nan,-0.0594749115,-0.0130993975,0.9991726279,0.0195948035,0.0396520980,0.0703356490
0.0029399490,0.0872901231,0.0918396786,-0.0138553727,0.0581251547,-0.0004027927,nan,nan,nan,nan,0.0000000000,0.0000000000,0.0000000000,0.0000000000,nan,nan,nan,nan,nan,nan,nan,nan,nan,nan,nan,nan,nan,-0.0196589660,-0.0080322782,0.0039999457,-0.0105571188,-0.0046407464,0.0022529515,0.0256961901,-0.0048882272,0.0190630928,0.0000000000,0.0000000000,0.0000000000,0.0000000000,0.0000000000,0.0308698080,4.0529999733,4.0539588928,nan,nan,nan,nan,nan,nan,nan,nan,nan,nan,nan,nan,nan,-0.0594749115,-0.0130993975,0.9991726279,-0.3317132294,-0.3099124730,-0.0528616756
0.0029399490,0.0872901231,0.0918396786,-0.0138553727,0.0581251547,-0.0004027927,nan,nan,nan,nan,0.0000000000,0.0000000000,0.0000000000,0.0000000000,nan,nan,nan,nan,nan,nan,nan,nan,nan,nan,nan,nan,nan,-0.0055599567,-0.0022362762,0.0009313955,0.0131870620,0.0054434352,-0.0027553826,0.0256961901,-0.0048882272,0.0190630928,0.0000000000,0.0000000000,0.0000000000,0.0000000000,0.0000000000,0.0308698080,4.0529999733,4.0539588928,nan,nan,nan,nan,nan,nan,nan,nan,nan,nan,nan,nan,nan,-0.0594749115,-0.0130993975,0.9991726279,-0.3317132294,-0.3099124730,-0.0528616756
0.0065853274,0.0888318047,0.0910675153,-0.0138553727,0.0581251547,-0.0004027927,nan,nan,nan,nan,0.0000000000,0.0000000000,0.0000000000,0.0000000000,nan,nan,nan,nan,nan,nan,nan,nan,nan,nan,nan,nan,nan,-0.0055599567,-0.0022362762,0.0009313955,0.0131870620,0.0054434352,-0.0027553826,0.0075877528,-0.0003729419,0.0109997829,0.0000000000,0.0000000000,0.0000000000,0.0000000000,0.0000000000,0.0322728641,4.0529999733,4.0539588928,nan,nan,nan,nan,nan,nan,nan,nan,nan,nan,nan,nan,nan,-0.0611831099,-0.0140576931,1.0000172853,-0.0236896370,-0.1945217550,0.0806114748
0.0065853274,0.0888318047,0.0910675153,-0.0138553727,0.0581251547,-0.0004027927,nan,nan,nan,nan,0.0000000000,0.0000000000,0.0000000000,0.0000000000,nan,nan,nan,nan,nan,nan,nan,nan,nan,nan,nan,nan,nan,-0.0083159441,-0.0026957693,0.0011619682,0.0078995284,0.0033833503,-0.0018062750,0.0075877528,-0.0003729419,0.0109997829,0.0000000000,0.0000000000,0.0000000000,0.0000000000,0.0000000000,0.0322728641,4.0529999733,4.0539588928,nan,nan,nan,nan,nan,nan,nan,nan,nan,nan,nan,nan,nan,-0.0611831099,-0.0140576931,1.0000172853,-0.0236896370,-0.1945217550,0.0806114748
0.0062033017,0.0887057856,0.0911158919,-0.0138553727,0.0581251547,-0.0004027927,nan,nan,nan,nan,0.0000000000,0.0000000000,0.0000000000,0.0000000000,nan,nan,nan,nan,nan,nan,nan,nan,nan,nan,nan,nan,nan,-0.0083159441,-0.0026957693,0.0011619682,0.0078995284,0.0033833503,-0.0018062750,0.0075877528,-0.0003729419,0.0109997829,0.0000000000,0.0000000000,0.0000000000,0.0000000000,0.0000000000,0.0322728641,4.0529999733,4.0486803055,nan,nan,nan,nan,nan,nan,nan,nan,nan,nan,nan,nan,nan,-0.0587889850,-0.0152771007,0.9998580813,-0.0236896370,-0.1945217550,0.0806114748
0.0062033017,0.0887057856,0.0911158919,-0.0138553727,0.0581251547,-0.0004027927,nan,nan,nan,nan,0.0000000000,0.0000000000,0.0000000000,0.0000000000,nan,nan,nan,nan,nan,nan,nan,nan,nan,nan,nan,nan,nan,-0.0083159441,-0.0026957693,0.0011619682,0.0078995284,0.0033833503,-0.0018062750,0.0075877528,-0.0003729419,0.0109997829,0.0000000000,0.0000000000,0.0000000000,0.0000000000,0.0000000000,0.0322728641,4.0529999733,4.0486803055,nan,nan,nan,nan,nan,nan,nan,nan,nan,nan,nan,nan,nan,-0.0587889850,-0.0152771007,0.9998580813,0.1516164988,0.0801699013,-0.1156225875
0.0062033017,0.0887057856,0.0911158919,-0.0138553727,0.0581251547,-0.0004027927,nan,nan,nan,nan,0.0000000000,0.0000000000,0.0000000000,0.0000000000,nan,nan,nan,nan,nan,nan,nan,nan,nan,nan,nan,nan,nan,-0.0095920982,-0.0036450960,0.0013801686,0.0033314561,0.0015836621,-0.0009947983,0.0075877528,-0.0003729419,0.0109997829,0.0000000000,0.0000000000,0.0000000000,0.0000000000,0.0000000000,0.0322728641,4.0529999733,4.0486803055,nan,nan,nan,nan,nan,nan,nan,nan,nan,nan,nan,nan,nan,-0.0587889850,-0.0152771007,0.9998580813,0.1516164988,0.0801699013,-0.1156225875
0.0056274738,0.0884924829,0.0911897793,-0.0138553727,0.0581251547,-0.0004027927,nan,nan,nan,nan,0.0000000000,0.0000000000,0.0000000000,0.0000000000,nan,nan,nan,nan,nan,nan,nan,nan,nan,nan,nan,nan,nan,-0.0095920982,-0.0036450960,0.0013801686,0.0033314561,0.0015836621,-0.0009947983,0.0084261205,-0.0008913662,0.0342120603,0.0000000000,0.0000000000,0.0000000000,0.0000000000,0.0000000000,0.0322840922,4.0529999733,4.0486803055,nan,nan,nan,nan,nan,nan,nan,nan,nan,nan,nan,nan,nan,-0.0573276095,-0.0117038926,0.9984284043,-0.1002334729,-0.1071297377,-0.0240355711
0.0056274738,0.0884924829,0.0911897793,-0.0138553727,0.0581251547,-0.0004027927,nan,nan,nan,nan,0.0000000000,0.0000000000,0.0000000000,0.0000000000,nan,nan,nan,nan,nan,nan,nan,nan,nan,nan,nan,nan,nan,-0.0119633637,-0.0041757626,0.0017926088,-0.0004318934,0.0001310393,-0.0003744274,0.0084261205,-0.0008913662,0.0342120603,0.0000000000,0.0000000000,0.0000000000,0.0000000000,0.0000000000,0.0322840922,4.0529999733,4.0486803055,nan,nan,nan,nan,nan,nan,nan,nan,nan,nan,nan,nan,nan,-0.0573276095,-0.0117038926,0.9984284043,-0.1002334729,-0.1071297377,-0.0240355711
0.0050371150,0.0882889032,0.0912629664,-0.0138553727,0.0581251547,-0.0004027927,nan,nan,nan,nan,0.0000000000,0.0000000000,0.0000000000,0.0000000000,nan,nan,nan,nan,nan,nan,nan,nan,nan,nan,nan,nan,nan,-0.0119633637,-0.0041757626,0.0017926088,-0.0004318934,0.0001310393,-0.0003744274,0.0084261205,-0.0008913662,0.0342120603,0.0000000000,0.0000000000,0.0000000000,0.0000000000,0.0000000000,0.0322840922,4.0529999733,4.0539588928,nan,nan,nan,nan,nan,nan,nan,nan,nan,nan,nan,nan,nan,-0.0588771850,-0.0136249401,1.0000730753,-0.1002334729,-0.1071297377,-0.0240355711
0.0050371150,0.0882889032,0.0912629664,-0.0138553727,0.0581251547,-0.0004027927,nan,nan,nan,nan,0.0000000000,0.0000000000,0.0000000000,0.0000000000,nan,nan,nan,nan,nan,nan,nan,nan,nan,nan,nan,nan,nan,-0.0119633637,-0.0041757626,0.0017926088,-0.0004318934,0.0001310393,-0.0003744274,0.0040905331,-0.0025643439,0.0242121518,0.0000000000,0.0000000000,0.0000000000,0.0000000000,0.0000000000,0.0322840922,4.0479998589,4.0539588928,nan,nan,nan,nan,nan,nan,nan,nan,nan,nan,nan,nan,nan,-0.0588771850,-0.0136249401,1.0000730753,-0.1012697518,0.0402622633,-0.0377120003
0.0050371150,0.0882889032,0.0912629664,-0.0138553727,0.0581251547,-0.0004027927,nan,nan,nan,nan,0.0000000000,0.0000000000,0.0000000000,0.0000000000,nan,nan,nan,nan,nan,nan,nan,nan,nan,nan,nan,nan,nan,-0.0051849158,-0.0015917919,0.0006606971,0.0083868159,0.0032929718,-0.0014705207,0.0040905331,-0.0025643439,0.0242121518,0.0000000000,0.0000000000,0.0000000000,0.0000000000,0.0000000000,0.0322840922,4.0479998589,4.0539588928,nan,nan,nan,nan,nan,nan,nan,nan,nan,nan,nan,nan,nan,-0.0588771850,-0.0136249401,1.0000730753,-0.1012697518,0.0402622633,-0.0377120003
0.0065592378,0.0888523906,0.0910513103,-0.0138553727,0.0581251547,-0.0004027927,nan,nan,nan,nan,0.0000000000,0.0000000000,0.0000000000,0.0000000000,nan,nan,nan,nan,nan,nan,nan,nan,nan,nan,nan,nan,nan,-0.0051849158,-0.0015917919,0.0006606971,0.0083868159,0.0032929718,-0.0014705207,-0.0088436343,0.0208373517,-0.0141017307,0.0000000000,0.0000000000,0.0000000000,0.0000000000,0.0000000000,0.0325015150,4.0479998589,4.0539588928,nan,nan,nan,nan,nan,nan,nan,nan,nan,nan,nan,nan,nan,-0.0585175268,-0.0142454952,0.9985017776,0.2462275624,-0.3212153316,0.0304282736
0.0065592378,0.0888523906,0.0910513103,-0.0138553727,0.0581251547,-0.0004027927,nan,nan,nan,nan,0.0000000000,0.0000000000,0.0000000000,0.0000000000,nan,nan,nan,nan,nan,nan,nan,nan,nan,nan,nan,nan,nan,-0.0074938540,-0.0020262981,0.0006214296,0.0043026479,0.0018593776,-0.0008802081,-0.0088436343,0.0208373517,-0.0141017307,0.0000000000,0.0000000000,0.0000000000,0.0000000000,0.0000000000,0.0325015150,4.0479998589,4.0539588928,nan,nan,nan,nan,nan,nan,nan,nan,nan,nan,nan,nan,nan,-0.0585175268,-0.0142454952,0.9985017776,0.2462275624,-0.3212153316,0.0304282736
0.0062544844,0.0887676850,0.0910760313,-0.0138553727,0.0581251547,-0.0004027927,nan,nan,nan,nan,0.0000000000,0.0000000000,0.0000000000,0.0000000000,nan,nan,nan,nan,nan,nan,nan,nan,nan,nan,nan,nan,nan,-0.0074938540,-0.0020262981,0.0006214296,0.0043026479,0.0018593776,-0.0008802081,-0.0088436343,0.0208373517,-0.0141017307,0.0000000000,0.0000000000,0.0000000000,0.0000000000,0.0000000000,0.0325015150,4.0479998589,4.0539588928,nan,nan,nan,nan,nan,nan,nan,nan,nan,nan,nan,nan,nan,-0.0572130382,-0.0109338248,0.9976113439,0.2462275624,-0.3212153316,0.0304282736
0.0062544844,0.0887676850,0.0910760313,-0.0138553727,0.0581251547,-0.0004027927,nan,nan,nan,nan,0.0000000000,0.0000000000,0.0000000000,0.0000000000,nan,nan,nan,nan,nan,nan,nan,nan,nan,nan,nan,nan,nan,-0.0074938540,-0.0020262981,0.0006214296,0.0043026479,0.0018593776,-0.0008802081,0.0228955634,0.0118289916,-0.0017962647,0.0000000000,0.0000000000,0.0000000000,0.0000000000,0.0000000000,0.0325015150,4.0479998589,4.0539588928,nan,nan,nan,nan,nan,nan,nan,nan,nan,nan,nan,nan,nan,-0.0572130382,-0.0109338248,0.9976113439,0.1619988084,0.1007657349,0.0122762369
0.0062544844,0.0887676850,0.0910760313,-0.0138553727,0.0581251547,-0.0004027927,nan,nan,nan,nan,0.0000000000,0.0000000000,0.0000000000,0.0000000000,nan,nan,nan,nan,nan,nan,nan,nan,nan,nan,nan,nan,nan,-0.0091852956,-0.0022518882,0.0006735569,0.0007721554,0.0007493409,-0.0004884467,0.0228955634,0.0118289916,-0.0017962647,0.0000000000,0.0000000000,0.0000000000,0.0000000000,0.0000000000,0.0325015150,4.0479998589,4.0539588928,nan,nan,nan,nan,nan,nan,nan,nan,nan,nan,nan,nan,nan,-0.0572130382,-0.0109338248,0.9976113439,0.1619988084,0.1007657349,0.0122762369
0.0057808096,0.0886471123,0.0911102444,-0.0138553727,0.0581251547,-0.0004027927,nan,nan,nan,nan,0.0000000000,0.0000000000,0.0000000000,0.0000000000,nan,nan,nan,nan,nan,nan,nan,nan,nan,nan,nan,nan,nan,-0.0091852956,-0.0022518882,0.0006735569,0.0007721554,0.0007493409,-0.0004884467,0.0150005352,-0.0144208577,0.0054577915,0.0000000000,0.0000000000,0.0000000000,0.0000000000,0.0000000000,0.0315393806,4.0479998589,4.0539588928,nan,nan,nan,nan,nan,nan,nan,nan,nan,nan,nan,nan,nan,-0.0596599467,-0.0119883129,0.9980897307,0.1497309655,-0.4950849712,-0.0849435031
0.0057808096,0.0886471123,0.0911102444,-0.0138553727,0.0581251547,-0.0004027927,nan,nan,nan,nan,0.0000000000,0.0000000000,0.0000000000,0.0000000000,nan,nan,nan,nan,nan,nan,nan,nan,nan,nan,nan,nan,nan,-0.0117352074,-0.0030030028,0.0011669871,-0.0023638417,-0.0001824601,-0.0001043693,0.0150005352,-0.0144208577,0.0054577915,0.0000000000,0.0000000000,0.0000000000,0.0000000000,0.0000000000,0.0315393806,4.0479998589,4.0539588928,nan,nan,nan,nan,nan,nan,nan,nan,nan,nan,nan,nan,nan,-0.0596599467,-0.0119883129,0.9980897307,0.1497309655,-0.4950849712,-0.0849435031
0.0052077393,0.0885011777,0.0911628082,-0.0138553727,0.0581251547,-0.0004027927,nan,nan,nan,nan,0.0000000000,0.0000000000,0.0000000000,0.0000000000,nan,nan,nan,nan,nan,nan,nan,nan,nan,nan,nan,nan,nan,-0.0117352074,-0.0030030028,0.0011669871,-0.0023638417,-0.0001824601,-0.0001043693,0.0150005352,-0.0144208577,0.0054577915,0.0000000000,0.0000000000,0.0000000000,0.0000000000,0.0000000000,0.0315393806,4.0479998589,4.0539588928,nan,nan,nan,nan,nan,nan,nan,nan,nan,nan,nan,nan,nan,-0.0591572002,-0.0134810582,0.9986345172,0.1497309655,-0.4950849712,-0.0849435031
0.0052077393,0.0885011777,0.0911628082,-0.0138553727,0.0581251547,-0.0004027927,nan,nan,nan,nan,0.0000000000,0.0000000000,0.0000000000,0.0000000000,nan,nan,nan,nan,nan,nan,nan,nan,nan,nan,nan,nan,nan,-0.0117352074,-0.0030030028,0.0011669871,-0.0023638417,-0.0001824601,-0.0001043693,-0.0140193328,0.0089422157,0.0087111825,0.0000000000,0.0000000000,0.0000000000,0.0000000000,0.0000000000,0.0315393806,4.0479998589,4.0539588928,nan,nan,nan,nan,nan,nan,nan,nan,nan,nan,nan,nan,nan,-0.0591572002,-0.0134810582,0.9986345172,-0.0324870534,0.2112352699,0.0095464354
0.0052077393,0.0885011777,0.0911628082,-0.0138553727,0.0581251547,-0.0004027927,nan,nan,nan,nan,0.0000000000,0.0000000000,0.0000000000,0.0000000000,nan,nan,nan,nan,nan,nan,nan,nan,nan,nan,nan,nan,nan,-0.0052006077,-0.0011903477,0.0006158680,-0.0052400809,-0.0010784236,0.0002592164,-0.0140193328,0.0089422157,0.0087111825,0.0000000000,0.0000000000,0.0000000000,0.0000000000,0.0000000000,0.0315393806,4.0479998589,4.0539588928,nan,nan,nan,nan,nan,nan,nan,nan,nan,nan,nan,nan,nan,-0.0591572002,-0.0134810582,0.9986345172,-0.0324870534,0.2112352699,0.0095464354
0.0066244085,0.0889014825,0.0910380557,-0.0138553727,0.0581251547,-0.0004027927,nan,nan,nan,nan,0.0000000000,0.0000000000,0.0000000000,0.0000000000,nan,nan,nan,nan,nan,nan,nan,nan,nan,nan,nan,nan,nan,-0.0052006077,-0.0011903477,0.0006158680,-0.0052400809,-0.0010784236,0.0002592164,-0.0031085804,-0.0019444687,0.0203108899,0.0000000000,0.0000000000,0.0000000000,0.0000000000,0.0000000000,0.0316757970,4.0479998589,4.0539588928,nan,nan,nan,nan,nan,nan,nan,nan,nan,nan,nan,nan,nan,-0.0595845655,-0.0146309249,0.9983977079,0.2352928370,-0.4648679495,-0.0959962606
0.0066244085,0.0889014825,0.0910380557,-0.0138553727,0.0581251547,-0.0004027927,nan,nan,nan,nan,0.0000000000,0.0000000000,0.0000000000,0.0000000000,nan,nan,nan,nan,nan,nan,nan,nan,nan,nan,nan,nan,nan,-0.0074445070,-0.0018194434,0.0013961670,0.0033777130,0.0012745244,-0.0003715121,-0.0031085804,-0.0019444687,0.0203108899,0.0000000000,0.0000000000,0.0000000000,0.0000000000,0.0000000000,0.0316757970,4.0479998589,4.0539588928,nan,nan,nan,nan,nan,nan,nan,nan,nan,nan,nan,nan,nan,-0.0595845655,-0.0146309249,0.9983977079,0.2352928370,-0.4648679495,-0.0959962606
0.0062652333,0.0888164788,0.0911021158,-0.0138553727,0.0581251547,-0.0004027927,nan,nan,nan,nan,0.0000000000,0.0000000000,0.0000000000,0.0000000000,nan,nan,nan,nan,nan,nan,nan,nan,nan,nan,nan,nan,nan,-0.0074445070,-0.0018194434,0.0013961670,0.0033777130,0.0012745244,-0.0003715121,-0.0031085804,-0.0019444687,0.0203108899,0.0000000000,0.0000000000,0.0000000000,0.0000000000,0.0000000000,0.0316757970,4.0479998589,4.0486803055,nan,nan,nan,nan,nan,nan,nan,nan,nan,nan,nan,nan,nan,-0.0600455403,-0.0153411869,0.9974281788,0.2352928370,-0.4648679495,-0.0959962606
0.0062652333,0.0888164788,0.0911021158,-0.0138553727,0.0581251547,-0.0004027927,nan,nan,nan,nan,0.0000000000,0.0000000000,0.0000000000,0.0000000000,nan,nan,nan,nan,nan,nan,nan,nan,nan,nan,nan,nan,nan,-0.0074445070,-0.0018194434,0.0013961670,0.0033777130,0.0012745244,-0.0003715121,0.0049658171,-0.0217313226,0.0009121657,0.0000000000,0.0000000000,0.0000000000,0.0000000000,0.0000000000,0.0316757970,4.0479998589,4.0486803055,nan,nan,nan,nan,nan,nan,nan,nan,nan,nan,nan,nan,nan,-0.0600455403,-0.0153411869,0.9974281788,-0.1217253730,-0.0795310885,-0.1891729236
0.0062652333,0.0888164788,0.0911021158,-0.0138553727,0.0581251547,-0.0004027927,nan,nan,nan,nan,0.0000000000,0.0000000000,0.0000000000,0.0000000000,nan,nan,nan,nan,nan,nan,nan,nan,nan,nan,nan,nan,nan,-0.0098284483,-0.0026296834,0.0018063217,0.0000797032,0.0003577696,0.0002034390,0.0049658171,-0.0217313226,0.0009121657,0.0000000000,0.0000000000,0.0000000000,0.0000000000,0.0000000000,0.0316757970,4.0479998589,4.0486803055,nan,nan,nan,nan,nan,nan,nan,nan,nan,nan,nan,nan,nan,-0.0600455403,-0.0153411869,0.9974281788,-0.1217253730,-0.0795310885,-0.1891729236
0.0065974970,0.0888935328,0.0910611749,-0.0138553727,0.0581251547,-0.0004027927,nan,nan,nan,nan,0.0000000000,0.0000000000,0.0000000000,0.0000000000,nan,nan,nan,nan,nan,nan,nan,nan,nan,nan,nan,nan,nan,-0.0098284483,-0.0026296834,0.0018063217,0.0000797032,0.0003577696,0.0002034390,0.0098427199,-0.0027634690,0.0002853441,0.0000000000,0.0000000000,0.0000000000,0.0000000000,0.0000000000,0.0283652171,4.0479998589,4.0486803055,nan,nan,nan,nan,nan,nan,nan,nan,nan,nan,nan,nan,nan,-0.0575372502,-0.0110899666,0.9988674521,-0.0668530092,-0.2012988180,-0.0405886807
0.0065974970,0.0888935328,0.0910611749,-0.0138553727,0.0581251547,-0.0004027927,nan,nan,nan,nan,0.0000000000,0.0000000000,0.0000000000,0.0000000000,nan,nan,nan,nan,nan,nan,nan,nan,nan,nan,nan,nan,nan,-0.0077449330,-0.0022546893,0.0013754468,0.0016062818,0.0005426328,-0.0000656031,0.0098427199,-0.0027634690,0.0002853441,0.0000000000,0.0000000000,0.0000000000,0.0000000000,0.0000000000,0.0283652171,4.0479998589,4.0486803055,nan,nan,nan,nan,nan,nan,nan,nan,nan,nan,nan,nan,nan,-0.0575372502,-0.0110899666,0.9988674521,-0.0668530092,-0.2012988180,-0.0405886807
0.0062186867,0.0887844488,0.0911292583,-0.0138553727,0.0581251547,-0.0004027927,nan,nan,nan,nan,0.0000000000,0.0000000000,0.0000000000,0.0000000000,nan,nan,nan,nan,nan,nan,nan,nan,nan,nan,nan,nan,nan,-0.0077449330,-0.0022546893,0.0013754468,0.0016062818,0.0005426328,-0.0000656031,0.0098427199,-0.0027634690,0.0002853441,0.0000000000,0.0000000000,0.0000000000,0.0000000000,0.0000000000,0.0283652171,4.0479998589,4.0486803055,nan,nan,nan,nan,nan,nan,nan,nan,nan,nan,nan,nan,nan,-0.0593657382,-0.0132566262,0.9989711046,-0.0668530092,-0.2012988180,-0.0405886807
0.0062186867,0.0887844488,0.0911292583,-0.0138553727,0.0581251547,-0.0004027927,nan,nan,nan,nan,0.0000000000,0.0000000000,0.0000000000,0.0000000000,nan,nan,nan,nan,nan,nan,nan,nan,nan,nan,nan,nan,nan,-0.0077449330,-0.0022546893,0.0013754468,0.0016062818,0.0005426328,-0.0000656031,-0.0006476886,0.0090783574,-0.0158921480,0.0000000000,0.0000000000,0.0000000000,0.0000000000,0.0000000000,0.0283652171,4.0479998589,4.0486803055,nan,nan,nan,nan,nan,nan,nan,nan,nan,nan,nan,nan,nan,-0.0593657382,-0.0132566262,0.9989711046,0.1791459173,-0.2733942270,-0.0385342017
0.0062186867,0.0887844488,0.0911292583,-0.0138553727,0.0581251547,-0.0004027927,nan,nan,nan,nan,0.0000000000,0.0000000000,0.0000000000,0.0000000000,nan,nan,nan,nan,nan,nan,nan,nan,nan,nan,nan,nan,nan,-0.0099315196,-0.0025017206,0.0015266624,-0.0012527304,-0.0002226284,0.0003695649,-0.0006476886,0.0090783574,-0.0158921480,0.0000000000,0.0000000000,0.0000000000,0.0000000000,0.0000000000,0.0283652171,4.0479998589,4.0486803055,nan,nan,nan,nan,nan,nan,nan,nan,nan,nan,nan,nan,nan,-0.0593657382,-0.0132566262,0.9989711046,0.1791459173,-0.2733942270,-0.0385342017
0.0057348222,0.0886603072,0.0912056789,-0.0138553727,0.0581251547,-0.0004027927,nan,nan,nan,nan,0.0000000000,0.0000000000,0.0000000000,0.0000000000,nan,nan,nan,nan,nan,nan,nan,nan,nan,nan,nan,nan,nan,-0.0099315196,-0.0025017206,0.0015266624,-0.0012527304,-0.0002226284,0.0003695649,-0.0105595971,-0.0021551319,-0.0085305031,0.0000000000,0.0000000000,0.0000000000,0.0000000000,0.0000000000,0.0318829902,4.0479998589,4.0486803055,nan,nan,nan,nan,nan,nan,nan,nan,nan,nan,nan,nan,nan,-0.0593838133,-0.0110275531,0.9980365038,-0.0685369372,-0.0523690656,-0.1102586687
0.0057348222,0.0886603072,0.0912056789,-0.0138553727,0.0581251547,-0.0004027927,nan,nan,nan,nan,0.0000000000,0.0000000000,0.0000000000,0.0000000000,nan,nan,nan,nan,nan,nan,nan,nan,nan,nan,nan,nan,nan,-0.0126362918,-0.0032629995,0.0015411385,-0.0039844611,-0.0009602494,0.0006849094,-0.0105595971,-0.0021551319,-0.0085305031,0.0000000000,0.0000000000,0.0000000000,0.0000000000,0.0000000000,0.0318829902,4.0479998589,4.0486803055,nan,nan,nan,nan,nan,nan,nan,nan,nan,nan,nan,nan,nan,-0.0593838133,-0.0110275531,0.9980365038,-0.0685369372,-0.0523690656,-0.1102586687
0.0051211999,0.0885025933,0.0912833661,-0.0138553727,0.0581251547,-0.0004027927,nan,nan,nan,nan,0.0000000000,0.0000000000,0.0000000000,0.0000000000,nan,nan,nan,nan,nan,nan,nan,nan,nan,nan,nan,nan,nan,-0.0126362918,-0.0032629995,0.0015411385,-0.0039844611,-0.0009602494,0.0006849094,-0.0105595971,-0.0021551319,-0.0085305031,0.0000000000,0.0000000000,0.0000000000,0.0000000000,0.0000000000,0.0318829902,4.0479998589,4.0539588928,nan,nan,nan,nan,nan,nan,nan,nan,nan,nan,nan,nan,nan,-0.0607324094,-0.0117570572,0.9997773767,-0.0685369372,-0.0523690656,-0.1102586687
0.0051211999,0.0885025933,0.0912833661,-0.0138553727,0.0581251547,-0.0004027927,nan,nan,nan,nan,0.0000000000,0.0000000000,0.0000000000,0.0000000000,nan,nan,nan,nan,nan,nan,nan,nan,nan,nan,nan,nan,nan,-0.0126362918,-0.0032629995,0.0015411385,-0.0039844611,-0.0009602494,0.0006849094,-0.0147850849,-0.0090476507,0.0000748444,0.0000000000,0.0000000000,0.0000000000,0.0000000000,0.0000000000,0.0318829902,4.0479998589,4.0539588928,nan,nan,nan,nan,nan,nan,nan,nan,nan,nan,nan,nan,nan,-0.0607324094,-0.0117570572,0.9997773767,-0.0460952744,0.1595126539,-0.0823118538
0.0051211999,0.0885025933,0.0912833661,-0.0138553727,0.0581251547,-0.0004027927,nan,nan,nan,nan,0.0000000000,0.0000000000,0.0000000000,0.0000000000,nan,nan,nan,nan,nan,nan,nan,nan,nan,nan,nan,nan,nan,-0.0155313769,-0.0038762724,0.0021403630,-0.0068538385,-0.0016851592,0.0010059803,-0.0147850849,-0.0090476507,0.0000748444,0.0000000000,0.0000000000,0.0000000000,0.0000000000,0.0000000000,0.0318829902,4.0479998589,4.0539588928,nan,nan,nan,nan,nan,nan,nan,nan,nan,nan,nan,nan,nan,-0.0607324094,-0.0117570572,0.9997773767,-0.0460952744,0.1595126539,-0.0823118538
0.0066486304,0.0889108852,0.0910452530,-0.0138553727,0.0581251547,-0.0004027927,nan,nan,nan,nan,0.0000000000,0.0000000000,0.0000000000,0.0000000000,nan,nan,nan,nan,nan,nan,nan,nan,nan,nan,nan,nan,nan,-0.0155313769,-0.0038762724,0.0021403630,-0.0068538385,-0.0016851592,0.0010059803,0.0081106275,-0.0040440401,-0.0069792368,0.0000000000,0.0000000000,0.0000000000,0.0000000000,0.0000000000,0.0325147286,4.0479998589,4.0539588928,nan,nan,nan,nan,nan,nan,nan,nan,nan,nan,nan,nan,nan,-0.0611747429,-0.0120744826,0.9971761107,-0.0157040581,-0.0177295730,0.0439075977
0.0066486304,0.0889108852,0.0910452530,-0.0138553727,0.0581251547,-0.0004027927,nan,nan,nan,nan,0.0000000000,0.0000000000,0.0000000000,0.0000000000,nan,nan,nan,nan,nan,nan,nan,nan,nan,nan,nan,nan,nan,-0.0084976889,-0.0018466852,0.0007956928,0.0031138628,0.0009703950,-0.0005501791,0.0081106275,-0.0040440401,-0.0069792368,0.0000000000,0.0000000000,0.0000000000,0.0000000000,0.0000000000,0.0325147286,4.0479998589,4.0539588928,nan,nan,nan,nan,nan,nan,nan,nan,nan,nan,nan,nan,nan,-0.0611747429,-0.0120744826,0.9971761107,-0.0157040581,-0.0177295730,0.0439075977
0.0062365122,0.0888214856,0.0910869092,-0.0138553727,0.0581251547,-0.0004027927,nan,nan,nan,nan,0.0000000000,0.0000000000,0.0000000000,0.0000000000,nan,nan,nan,nan,nan,nan,nan,nan,nan,nan,nan,nan,nan,-0.0084976889,-0.0018466852,0.0007956928,0.0031138628,0.0009703950,-0.0005501791,0.0081106275,-0.0040440401,-0.0069792368,0.0000000000,0.0000000000,0.0000000000,0.0000000000,0.0000000000,0.0325147286,4.0479998589,4.0539588928,nan,nan,nan,nan,nan,nan,nan,nan,nan,nan,nan,nan,nan,-0.0583303049,-0.0119916452,0.9990026951,-0.0157040581,-0.0177295730,0.0439075977
0.0062365122,0.0888214856,0.0910869092,-0.0138553727,0.0581251547,-0.0004027927,nan,nan,nan,nan,0.0000000000,0.0000000000,0.0000000000,0.0000000000,nan,nan,nan,nan,nan,nan,nan,nan,nan,nan,nan,nan,nan,-0.0084976889,-0.0018466852,0.0007956928,0.0031138628,0.0009703950,-0.0005501791,0.0146338623,0.0238155685,0.0120382477,0.0000000000,0.0000000000,0.0000000000,0.0000000000,0.0000000000,0.0325147286,4.0479998589,4.0539588928,nan,nan,nan,nan,nan,nan,nan,nan,nan,nan,nan,nan,nan,-0.0583303049,-0.0119916452,0.9990026951,0.1002470106,-0.0112000424,-0.3470376134
0.0062365122,0.0888214856,0.0910869092,-0.0138553727,0.0581251547,-0.0004027927,nan,nan,nan,nan,0.0000000000,0.0000000000,0.0000000000,0.0000000000,nan,nan,nan,nan,nan,nan,nan,nan,nan,nan,nan,nan,nan,-0.0102868341,-0.0019995328,0.0011666319,-0.0003011668,0.0001639955,-0.0001401862,0.0146338623,0.0238155685,0.0120382477,0.0000000000,0.0000000000,0.0000000000,0.0000000000,0.0000000000,0.0325147286,4.0479998589,4.0539588928,nan,nan,nan,nan,nan,nan,nan,nan,nan,nan,nan,nan,nan,-0.0583303049,-0.0119916452,0.9990026951,0.1002470106,-0.0112000424,-0.3470376134
0.0066164169,0.0889163017,0.0910408571,-0.0138553727,0.0581251547,-0.0004027927,nan,nan,nan,nan,0.0000000000,0.0000000000,0.0000000000,0.0000000000,nan,nan,nan,nan,nan,nan,nan,nan,nan,nan,nan,nan,nan,-0.0102868341,-0.0019995328,0.0011666319,-0.0003011668,0.0001639955,-0.0001401862,-0.0042707114,-0.0129638501,0.0037925043,0.0000000000,0.0000000000,0.0000000000,0.0000000000,0.0000000000,0.0310921930,4.0479998589,4.0539588928,nan,nan,nan,nan,nan,nan,nan,nan,nan,nan,nan,nan,nan,-0.0588757023,-0.0131527409,0.9990113378,0.4269164801,0.3150676787,-0.0778037384
0.0066164169,0.0889163017,0.0910408571,-0.0138553727,0.0581251547,-0.0004027927,nan,nan,nan,nan,0.0000000000,0.0000000000,0.0000000000,0.0000000000,nan,nan,nan,nan,nan,nan,nan,nan,nan,nan,nan,nan,nan,-0.0079071987,-0.0017225068,0.0008208440,0.0018634397,0.0006361878,-0.0003559655,-0.0042707114,-0.0129638501,0.0037925043,0.0000000000,0.0000000000,0.0000000000,0.0000000000,0.0000000000,0.0310921930,4.0479998589,4.0539588928,nan,nan,nan,nan,nan,nan,nan,nan,nan,nan,nan,nan,nan,-0.0588757023,-0.0131527409,0.9990113378,0.4269164801,0.3150676787,-0.0778037384
0.0062335259,0.0888342932,0.0910796672,-0.0138553727,0.0581251547,-0.0004027927,nan,nan,nan,nan,0.0000000000,0.0000000000,0.0000000000,0.0000000000,nan,nan,nan,nan,nan,nan,nan,nan,nan,nan,nan,nan,nan,-0.0079071987,-0.0017225068,0.0008208440,0.0018634397,0.0006361878,-0.0003559655,-0.0042707114,-0.0129638501,0.0037925043,0.0000000000,0.0000000000,0.0000000000,0.0000000000,0.0000000000,0.0310921930,4.0479998589,4.0539588928,nan,nan,nan,nan,nan,nan,nan,nan,nan,nan,nan,nan,nan,-0.0595108531,-0.0123180924,0.9992856383,0.4269164801,0.3150676787,-0.0778037384
0.0062335259,0.0888342932,0.0910796672,-0.0138553727,0.0581251547,-0.0004027927,nan,nan,nan,nan,0.0000000000,0.0000000000,0.0000000000,0.0000000000,nan,nan,nan,nan,nan,nan,nan,nan,nan,nan,nan,nan,nan,-0.0079071987,-0.0017225068,0.0008208440,0.0018634397,0.0006361878,-0.0003559655,0.0047969110,-0.0088369353,0.0078212358,0.0000000000,0.0000000000,0.0000000000,0.0000000000,0.0000000000,0.0310921930,4.0479998589,4.0539588928,nan,nan,nan,nan,nan,nan,nan,nan,nan,nan,nan,nan,nan,-0.0595108531,-0.0123180924,0.9992856383,-0.0877756178,-0.0079361303,-0.0085873837
0.0062335259,0.0888342932,0.0910796672,-0.0138553727,0.0581251547,-0.0004027927,nan,nan,nan,nan,0.0000000000,0.0000000000,0.0000000000,0.0000000000,nan,nan,nan,nan,nan,nan,nan,nan,nan,nan,nan,nan,nan,-0.0103725372,-0.0024917882,0.0012035683,-0.0011634981,-0.0001313541,-0.0000013204,0.0047969110,-0.0088369353,0.0078212358,0.0000000000,0.0000000000,0.0000000000,0.0000000000,0.0000000000,0.0310921930,4.0479998589,4.0539588928,nan,nan,nan,nan,nan,nan,nan,nan,nan,nan,nan,nan,nan,-0.0595108531,-0.0123180924,0.9992856383,-0.0877756178,-0.0079361303,-0.0085873837
0.0057260566,0.0887140185,0.0911355540,-0.0138570875,0.0608938544,-0.0004220429,nan,nan,nan,nan,0.0000000000,0.0000000000,0.0000000000,0.0000000000,nan,nan,nan,nan,nan,nan,nan,nan,nan,nan,nan,nan,nan,-0.0103725372,-0.0024917882,0.0012035683,-0.0011634981,-0.0001313541,-0.0000013204,0.0112366118,-0.0002009479,0.0370292477,0.0000000000,0.0000000000,0.0000000000,0.0000000000,0.0000000000,0.0293371249,4.0479998589,4.0539588928,nan,nan,nan,nan,nan,nan,nan,nan,nan,nan,nan,nan,nan,-0.0592541099,-0.0121086026,1.0033915043,-0.3455912471,-0.4144996703,-0.0254837871
0.0057260566,0.0887140185,0.0911355540,-0.0138570875,0.0608938544,-0.0004220429,nan,nan,nan,nan,0.0000000000,0.0000000000,0.0000000000,0.0000000000,nan,nan,nan,nan,nan,nan,nan,nan,nan,nan,nan,nan,nan,-0.0128948679,-0.0028381620,0.0026568500,-0.0040575839,-0.0008212550,0.0004836635,0.0112366118,-0.0002009479,0.0370292477,0.0000000000,0.0000000000,0.0000000000,0.0000000000,0.0000000000,0.0293371249,4.0479998589,4.0539588928,nan,nan,nan,nan,nan,nan,nan,nan,nan,nan,nan,nan,nan,-0.0592541099,-0.0121086026,1.0033915043,-0.3455912471,-0.4144996703,-0.0254837871
0.0050920011,0.0885718465,0.0912496597,-0.0138553727,0.0581251547,-0.0004027927,nan,nan,nan,nan,0.0000000000,0.0000000000,0.0000000000,0.0000000000,nan,nan,nan,nan,nan,nan,nan,nan,nan,nan,nan,nan,nan,-0.0128948679,-0.0028381620,0.0026568500,-0.0040575839,-0.0008212550,0.0004836635,0.0112366118,-0.0002009479,0.0370292477,0.0000000000,0.0000000000,0.0000000000,0.0000000000,0.0000000000,0.0293371249,4.0479998589,4.0539588928,nan,nan,nan,nan,nan,nan,nan,nan,nan,nan,nan,nan,nan,-0.0577107146,-0.0133590950,0.9989818335,-0.3455912471,-0.4144996703,-0.0254837871
0.0050920011,0.0885718465,0.0912496597,-0.0138553727,0.0581251547,-0.0004027927,nan,nan,nan,nan,0.0000000000,0.0000000000,0.0000000000,0.0000000000,nan,nan,nan,nan,nan,nan,nan,nan,nan,nan,nan,nan,nan,-0.0128948679,-0.0028381620,0.0026568500,-0.0040575839,-0.0008212550,0.0004836635,0.0169579145,0.0094513139,0.0280607883,0.0000000000,0.0000000000,0.0000000000,0.0000000000,0.0000000000,0.0293371249,4.0479998589,4.0539588928,nan,nan,nan,nan,nan,nan,nan,nan,nan,nan,nan,nan,nan,-0.0577107146,-0.0133590950,0.9989818335,-0.0413637422,-0.0007172228,0.0206065755
0.0050920011,0.0885718465,0.0912496597,-0.0138553727,0.0581251547,-0.0004027927,nan,nan,nan,nan,0.0000000000,0.0000000000,0.0000000000,0.0000000000,nan,nan,nan,nan,nan,nan,nan,nan,nan,nan,nan,nan,nan,-0.0150095560,-0.0037135682,0.0032263345,-0.0069149081,-0.0015370380,0.0011449093,0.0169579145,0.0094513139,0.0280607883,0.0000000000,0.0000000000,0.0000000000,0.0000000000,0.0000000000,0.0293371249,4.0479998589,4.0539588928,nan,nan,nan,nan,nan,nan,nan,nan,nan,nan,nan,nan,nan,-0.0577107146,-0.0133590950,0.9989818335,-0.0413637422,-0.0007172228,0.0206065755
0.0066276616,0.0889098048,0.0910577923,-0.0138570875,0.0608938544,-0.0004220429,nan,nan,nan,nan,0.0000000000,0.0000000000,0.0000000000,0.0000000000,nan,nan,nan,nan,nan,nan,nan,nan,nan,nan,nan,nan,nan,-0.0150095560,-0.0037135682,0.0032263345,-0.0069149081,-0.0015370380,0.0011449093,-0.0221064109,-0.0072464622,0.0024534918,0.0000000000,0.0000000000,0.0000000000,0.0000000000,0.0000000000,0.0324835628,4.0479998589,4.0539588928,nan,nan,nan,nan,nan,nan,nan,nan,nan,nan,nan,nan,nan,-0.0590870567,-0.0136907203,0.9984019399,-0.2146669328,0.1089029983,0.1480218023
0.0066276616,0.0889098048,0.0910577923,-0.0138570875,0.0608938544,-0.0004220429,nan,nan,nan,nan,0.0000000000,0.0000000000,0.0000000000,0.0000000000,nan,nan,nan,nan,nan,nan,nan,nan,nan,nan,nan,nan,nan,-0.0076491632,-0.0024212562,0.0016919184,0.0038899423,0.0007794247,-0.0003197951,-0.0221064109,-0.0072464622,0.0024534918,0.0000000000,0.0000000000,0.0000000000,0.0000000000,0.0000000000,0.0324835628,4.0479998589,4.0539588928,nan,nan,nan,nan,nan,nan,nan,nan,nan,nan,nan,nan,nan,-0.0590870567,-0.0136907203,0.9984019399,-0.2146669328,0.1089029983,0.1480218023
0.0062595136,0.0887914002,0.0911423042,-0.0138570875,0.0608938544,-0.0004220429,nan,nan,nan,nan,0.0000000000,0.0000000000,0.0000000000,0.0000000000,nan,nan,nan,nan,nan,nan,nan,nan,nan,nan,nan,nan,nan,-0.0076491632,-0.0024212562,0.0016919184,0.0038899423,0.0007794247,-0.0003197951,-0.0221064109,-0.0072464622,0.0024534918,0.0000000000,0.0000000000,0.0000000000,0.0000000000,0.0000000000,0.0324835628,4.0479998589,4.0486803055,nan,nan,nan,nan,nan,nan,nan,nan,nan,nan,nan,nan,nan,-0.0584868416,-0.0132904686,0.9983016849,-0.2146669328,0.1089029983,0.1480218023
0.0062595136,0.0887914002,0.0911423042,-0.0138570875,0.0608938544,-0.0004220429,nan,nan,nan,nan,0.0000000000,0.0000000000,0.0000000000,0.0000000000,nan,nan,nan,nan,nan,nan,nan,nan,nan,nan,nan,nan,nan,-0.0076491632,-0.0024212562,0.0016919184,0.0038899423,0.0007794247,-0.0003197951,0.0062577394,0.0038155899,0.0142508345,0.0000000000,0.0000000000,0.0000000000,0.0000000000,0.0000000000,0.0324835628,4.0479998589,4.0486803055,nan,nan,nan,nan,nan,nan,nan,nan,nan,nan,nan,nan,nan,-0.0584868416,-0.0132904686,0.9983016849,-0.0318479128,0.0495172292,0.0832525119
0.0062595136,0.0887914002,0.0911423042,-0.0138570875,0.0608938544,-0.0004220429,nan,nan,nan,nan,0.0000000000,0.0000000000,0.0000000000,0.0000000000,nan,nan,nan,nan,nan,nan,nan,nan,nan,nan,nan,nan,nan,-0.0098967785,-0.0033633101,0.0021247524,0.0004107703,-0.0002488127,0.0002771123,0.0062577394,0.0038155899,0.0142508345,0.0000000000,0.0000000000,0.0000000000,0.0000000000,0.0000000000,0.0324835628,4.0479998589,4.0486803055,nan,nan,nan,nan,nan,nan,nan,nan,nan,nan,nan,nan,nan,-0.0584868416,-0.0132904686,0.9983016849,-0.0318479128,0.0495172292,0.0832525119
0.0057744454,0.0886269808,0.0912430063,-0.0138570875,0.0608938544,-0.0004220429,nan,nan,nan,nan,0.0000000000,0.0000000000,0.0000000000,0.0000000000,nan,nan,nan,nan,nan,nan,nan,nan,nan,nan,nan,nan,nan,-0.0098967785,-0.0033633101,0.0021247524,0.0004107703,-0.0002488127,0.0002771123,0.0183071755,0.0010570689,0.0116862459,0.0000000000,0.0000000000,0.0000000000,0.0000000000,0.0000000000,0.0337096602,4.0479998589,4.0486803055,nan,nan,nan,nan,nan,nan,nan,nan,nan,nan,nan,nan,nan,-0.0576690435,-0.0125854416,0.9978757501,-0.0267589651,0.2379854172,0.0567233637
0.0057744454,0.0886269808,0.0912430063,-0.0138570875,0.0608938544,-0.0004220429,nan,nan,nan,nan,0.0000000000,0.0000000000,0.0000000000,0.0000000000,nan,nan,nan,nan,nan,nan,nan,nan,nan,nan,nan,nan,nan,-0.0117304837,-0.0040359213,0.0024886383,-0.0027065214,-0.0012026647,0.0008363443,0.0183071755,0.0010570689,0.0116862459,0.0000000000,0.0000000000,0.0000000000,0.0000000000,0.0000000000,0.0337096602,4.0479998589,4.0486803055,nan,nan,nan,nan,nan,nan,nan,nan,nan,nan,nan,nan,nan,-0.0576690435,-0.0125854416,0.9978757501,-0.0267589651,0.2379854172,0.0567233637
0.0051801261,0.0884229019,0.0913648456,-0.0138553727,0.0581251547,-0.0004027927,nan,nan,nan,nan,0.0000000000,0.0000000000,0.0000000000,0.0000000000,nan,nan,nan,nan,nan,nan,nan,nan,nan,nan,nan,nan,nan,-0.0117304837,-0.0040359213,0.0024886383,-0.0027065214,-0.0012026647,0.0008363443,0.0183071755,0.0010570689,0.0116862459,0.0000000000,0.0000000000,0.0000000000,0.0000000000,0.0000000000,0.0337096602,4.0479998589,4.0486803055,nan,nan,nan,nan,nan,nan,nan,nan,nan,nan,nan,nan,nan,-0.0576295219,-0.0128998235,0.9996064305,-0.0267589651,0.2379854172,0.0567233637
0.0051801261,0.0884229019,0.0913648456,-0.0138553727,0.0581251547,-0.0004027927,nan,nan,nan,nan,0.0000000000,0.0000000000,0.0000000000,0.0000000000,nan,nan,nan,nan,nan,nan,nan,nan,nan,nan,nan,nan,nan,-0.0117304837,-0.0040359213,0.0024886383,-0.0027065214,-0.0012026647,0.0008363443,0.0099058151,-0.0197193287,-0.0015419108,0.0000000000,0.0000000000,0.0000000000,0.0000000000,0.0000000000,0.0337096602,4.0479998589,4.0486803055,nan,nan,nan,nan,nan,nan,nan,nan,nan,nan,nan,nan,nan,-0.0576295219,-0.0128998235,0.9996064305,-0.1722045541,-0.1489565074,0.0492417589
0.0051801261,0.0884229019,0.0913648456,-0.0138553727,0.0581251547,-0.0004027927,nan,nan,nan,nan,0.0000000000,0.0000000000,0.0000000000,0.0000000000,nan,nan,nan,nan,nan,nan,nan,nan,nan,nan,nan,nan,nan,-0.0138502568,-0.0047017573,0.0026519422,-0.0047870977,-0.0018435054,0.0011612106,0.0099058151,-0.0197193287,-0.0015419108,0.0000000000,0.0000000000,0.0000000000,0.0000000000,0.0000000000,0.0337096602,4.0479998589,4.0486803055,nan,nan,nan,nan,nan,nan,nan,nan,nan,nan,nan,nan,nan,-0.0576295219,-0.0128998235,0.9996064305,-0.1722045541,-0.1489565074,0.0492417589
0.0069638751,0.0889884084,0.0910061523,-0.0138553727,0.0581251547,-0.0004027927,nan,nan,nan,nan,0.0000000000,0.0000000000,0.0000000000,0.0000000000,nan,nan,nan,nan,nan,nan,nan,nan,nan,nan,nan,nan,nan,-0.0138502568,-0.0047017573,0.0026519422,-0.0047870977,-0.0018435054,0.0011612106,-0.0045004254,-0.0107538002,0.0455778800,0.0000000000,0.0000000000,0.0000000000,0.0000000000,0.0000000000,0.0354885682,4.0479998589,4.0486803055,nan,nan,nan,nan,nan,nan,nan,nan,nan,nan,nan,nan,nan,-0.0590334386,-0.0152991591,1.0010951757,-0.0199337602,-0.4358361065,-0.1410978287
0.0069638751,0.0889884084,0.0910061523,-0.0138553727,0.0581251547,-0.0004027927,nan,nan,nan,nan,0.0000000000,0.0000000000,0.0000000000,0.0000000000,nan,nan,nan,nan,nan,nan,nan,nan,nan,nan,nan,nan,nan,-0.0056132870,-0.0016165568,0.0013339124,0.0070495624,0.0020577712,-0.0012941295,-0.0045004254,-0.0107538002,0.0455778800,0.0000000000,0.0000000000,0.0000000000,0.0000000000,0.0000000000,0.0354885682,4.0479998589,4.0486803055,nan,nan,nan,nan,nan,nan,nan,nan,nan,nan,nan,nan,nan,-0.0590334386,-0.0152991591,1.0010951757,-0.0199337602,-0.4358361065,-0.1410978287
0.0066946056,0.0889131948,0.0910586342,-0.0138553727,0.0581251547,-0.0004027927,nan,nan,nan,nan,0.0000000000,0.0000000000,0.0000000000,0.0000000000,nan,nan,nan,nan,nan,nan,nan,nan,nan,nan,nan,nan,nan,-0.0056132870,-0.0016165568,0.0013339124,0.0070495624,0.0020577712,-0.0012941295,-0.0045004254,-0.0107538002,0.0455778800,0.0000000000,0.0000000000,0.0000000000,0.0000000000,0.0000000000,0.0354885682,4.0479998589,4.0539588928,nan,nan,nan,nan,nan,nan,nan,nan,nan,nan,nan,nan,nan,-0.0606044680,-0.0132494466,0.9991043806,-0.0199337602,-0.4358361065,-0.1410978287
0.0066946056,0.0889131948,0.0910586342,-0.0138553727,0.0581251547,-0.0004027927,nan,nan,nan,nan,0.0000000000,0.0000000000,0.0000000000,0.0000000000,nan,nan,nan,nan,nan,nan,nan,nan,nan,nan,nan,nan,nan,-0.0056132870,-0.0016165568,0.0013339124,0.0070495624,0.0020577712,-0.0012941295,0.0008618594,0.0101091797,0.0070096422,0.0000000000,0.0000000000,0.0000000000,0.0000000000,0.0000000000,0.0354885682,4.0479998589,4.0539588928,nan,nan,nan,nan,nan,nan,nan,nan,nan,nan,nan,nan,nan,-0.0606044680,-0.0132494466,0.9991043806,-0.0822241008,0.0485989079,0.1348796934
0.0066946056,0.0889131948,0.0910586342,-0.0138553727,0.0581251547,-0.0004027927,nan,nan,nan,nan,0.0000000000,0.0000000000,0.0000000000,0.0000000000,nan,nan,nan,nan,nan,nan,nan,nan,nan,nan,nan,nan,nan,-0.0080095725,-0.0020831921,0.0015295432,0.0035068162,0.0010539470,-0.0005901284,0.0008618594,0.0101091797,0.0070096422,0.0000000000,0.0000000000,0.0000000000,0.0000000000,0.0000000000,0.0354885682,4.0479998589,4.0539588928,nan,nan,nan,nan,nan,nan,nan,nan,nan,nan,nan,nan,nan,-0.0606044680,-0.0132494466,0.9991043806,-0.0822241008,0.0485989079,0.1348796934
0.0068949903,0.0889723524,0.0910141543,-0.0138553727,0.0581251547,-0.0004027927,nan,nan,nan,nan,0.0000000000,0.0000000000,0.0000000000,0.0000000000,nan,nan,nan,nan,nan,nan,nan,nan,nan,nan,nan,nan,nan,-0.0080095725,-0.0020831921,0.0015295432,0.0035068162,0.0010539470,-0.0005901284,-0.0083572976,0.0038928501,0.0057700328,0.0000000000,0.0000000000,0.0000000000,0.0000000000,0.0000000000,0.0360622555,4.0479998589,4.0539588928,nan,nan,nan,nan,nan,nan,nan,nan,nan,nan,nan,nan,nan,-0.0582796559,-0.0136015005,0.9987161160,-0.1168635488,0.2502605915,0.1552334875
0.0068949903,0.0889723524,0.0910141543,-0.0138553727,0.0581251547,-0.0004027927,nan,nan,nan,nan,0.0000000000,0.0000000000,0.0000000000,0.0000000000,nan,nan,nan,nan,nan,nan,nan,nan,nan,nan,nan,nan,nan,-0.0078709973,-0.0018632358,0.0009692217,0.0035977692,0.0010778189,-0.0007325080,-0.0083572976,0.0038928501,0.0057700328,0.0000000000,0.0000000000,0.0000000000,0.0000000000,0.0000000000,0.0360622555,4.0479998589,4.0539588928,nan,nan,nan,nan,nan,nan,nan,nan,nan,nan,nan,nan,nan,-0.0582796559,-0.0136015005,0.9987161160,-0.1168635488,0.2502605915,0.1552334875
0.0065146256,0.0888777226,0.0910594091,-0.0138553727,0.0581251547,-0.0004027927,nan,nan,nan,nan,0.0000000000,0.0000000000,0.0000000000,0.0000000000,nan,nan,nan,nan,nan,nan,nan,nan,nan,nan,nan,nan,nan,-0.0078709973,-0.0018632358,0.0009692217,0.0035977692,0.0010778189,-0.0007325080,-0.0083572976,0.0038928501,0.0057700328,0.0000000000,0.0000000000,0.0000000000,0.0000000000,0.0000000000,0.0360622555,4.0479998589,4.0539588928,nan,nan,nan,nan,nan,nan,nan,nan,nan,nan,nan,nan,nan,-0.0601028688,-0.0123354932,0.9995898008,-0.1168635488,0.2502605915,0.1552334875
0.0065146256,0.0888777226,0.0910594091,-0.0138553727,0.0581251547,-0.0004027927,nan,nan,nan,nan,0.0000000000,0.0000000000,0.0000000000,0.0000000000,nan,nan,nan,nan,nan,nan,nan,nan,nan,nan,nan,nan,nan,-0.0078709973,-0.0018632358,0.0009692217,0.0035977692,0.0010778189,-0.0007325080,-0.0007421812,0.0024274241,0.0008876074,0.0000000000,0.0000000000,0.0000000000,0.0000000000,0.0000000000,0.0360622555,4.0479998589,4.0539588928,nan,nan,nan,nan,nan,nan,nan,nan,nan,nan,nan,nan,nan,-0.0601028688,-0.0123354932,0.9995898008,-0.3197902739,-0.3408802748,0.0256235935
0.0065146256,0.0888777226,0.0910594091,-0.0138553727,0.0581251547,-0.0004027927,nan,nan,nan,nan,0.0000000000,0.0000000000,0.0000000000,0.0000000000,nan,nan,nan,nan,nan,nan,nan,nan,nan,nan,nan,nan,nan,-0.0102896905,-0.0021771304,0.0014740140,0.0003668392,0.0002556923,-0.0002598477,-0.0007421812,0.0024274241,0.0008876074,0.0000000000,0.0000000000,0.0000000000,0.0000000000,0.0000000000,0.0360622555,4.0479998589,4.0539588928,nan,nan,nan,nan,nan,nan,nan,nan,nan,nan,nan,nan,nan,-0.0601028688,-0.0123354932,0.9995898008,-0.3197902739,-0.3408802748,0.0256235935
0.0067032836,0.0889309868,0.0910343528,-0.0138553727,0.0581251547,-0.0004027927,nan,nan,nan,nan,0.0000000000,0.0000000000,0.0000000000,0.0000000000,nan,nan,nan,nan,nan,nan,nan,nan,nan,nan,nan,nan,nan,-0.0102896905,-0.0021771304,0.0014740140,0.0003668392,0.0002556923,-0.0002598477,0.0176460687,-0.0021624982,-0.0026078583,0.0000000000,0.0000000000,0.0000000000,0.0000000000,0.0000000000,0.0367265679,4.0479998589,4.0539588928,nan,nan,nan,nan,nan,nan,nan,nan,nan,nan,nan,nan,nan,-0.0570447966,-0.0129971709,1.0021041632,0.2391695976,-0.1214905307,0.0903249532
0.0067032836,0.0889309868,0.0910343528,-0.0138553727,0.0581251547,-0.0004027927,nan,nan,nan,nan,0.0000000000,0.0000000000,0.0000000000,0.0000000000,nan,nan,nan,nan,nan,nan,nan,nan,nan,nan,nan,nan,nan,-0.0085029574,-0.0017407594,0.0012775713,0.0014424286,0.0005532858,-0.0003058571,0.0176460687,-0.0021624982,-0.0026078583,0.0000000000,0.0000000000,0.0000000000,0.0000000000,0.0000000000,0.0367265679,4.0479998589,4.0539588928,nan,nan,nan,nan,nan,nan,nan,nan,nan,nan,nan,nan,nan,-0.0570447966,-0.0129971709,1.0021041632,0.2391695976,-0.1214905307,0.0903249532
0.0062875864,0.0888487250,0.0910976380,-0.0138553727,0.0581251547,-0.0004027927,nan,nan,nan,nan,0.0000000000,0.0000000000,0.0000000000,0.0000000000,nan,nan,nan,nan,nan,nan,nan,nan,nan,nan,nan,nan,nan,-0.0085029574,-0.0017407594,0.0012775713,0.0014424286,0.0005532858,-0.0003058571,0.0176460687,-0.0021624982,-0.0026078583,0.0000000000,0.0000000000,0.0000000000,0.0000000000,0.0000000000,0.0367265679,4.0479998589,4.0539588928,nan,nan,nan,nan,nan,nan,nan,nan,nan,nan,nan,nan,nan,-0.0597387888,-0.0124938656,0.9978299737,0.2391695976,-0.1214905307,0.0903249532
0.0062875864,0.0888487250,0.0910976380,-0.0138553727,0.0581251547,-0.0004027927,nan,nan,nan,nan,0.0000000000,0.0000000000,0.0000000000,0.0000000000,nan,nan,nan,nan,nan,nan,nan,nan,nan,nan,nan,nan,nan,-0.0085029574,-0.0017407594,0.0012775713,-0.0014119205,-0.0001157307,0.0000931259,-0.0042268815,-0.0049191331,-0.0011969251,0.0000000000,0.0000000000,0.0000000000,0.0000000000,0.0000000000,0.0367265679,4.0479998589,4.0539588928,nan,nan,nan,nan,nan,nan,nan,nan,nan,nan,nan,nan,nan,-0.0597387888,-0.0124938656,0.9978299737,0.0896550566,-0.1291369945,0.0251590982
0.0062875864,0.0888487250,0.0910976380,-0.0138553727,0.0581251547,-0.0004027927,nan,nan,nan,nan,0.0000000000,0.0000000000,0.0000000000,0.0000000000,nan,nan,nan,nan,nan,nan,nan,nan,nan,nan,nan,nan,nan,-0.0108163105,-0.0024080786,0.0010070835,-0.0014119205,-0.0001157307,0.0000931259,-0.0042268815,-0.0049191331,-0.0011969251,0.0000000000,0.0000000000,0.0000000000,0.0000000000,0.0000000000,0.0367265679,4.0479998589,4.0539588928,nan,nan,nan,nan,nan,nan,nan,nan,nan,nan,nan,nan,nan,-0.0597387888,-0.0124938656,0.9978299737,0.0896550566,-0.1291369945,0.0251590982
0.0057607424,0.0887360796,0.0911487192,-0.0138553727,0.0581251547,-0.0004027927,nan,nan,nan,nan,0.0000000000,0.0000000000,0.0000000000,0.0000000000,nan,nan,nan,nan,nan,nan,nan,nan,nan,nan,nan,nan,nan,-0.0108163105,-0.0024080786,0.0010070835,-0.0014119205,-0.0001157307,0.0000931259,-0.0021462520,-0.0003998084,0.0020441867,0.0000000000,0.0000000000,0.0000000000,0.0000000000,0.0000000000,0.0362542942,4.0479998589,4.0539588928,nan,nan,nan,nan,nan,nan,nan,nan,nan,nan,nan,nan,nan,-0.0584644340,-0.0128955571,0.9991596341,0.1061174050,0.1384258121,0.0302608646
0.0057607424,0.0887360796,0.0911487192,-0.0138553727,0.0581251547,-0.0004027927,nan,nan,nan,nan,0.0000000000,0.0000000000,0.0000000000,0.0000000000,nan,nan,nan,nan,nan,nan,nan,nan,nan,nan,nan,nan,nan,-0.0077935858,-0.0014075291,0.0004488122,0.0016538032,0.0004982448,-0.0003784564,-0.0021462520,-0.0003998084,0.0020441867,0.0000000000,0.0000000000,0.0000000000,0.0000000000,0.0000000000,0.0362542942,4.0479998589,4.0539588928,nan,nan,nan,nan,nan,nan,nan,nan,nan,nan,nan,nan,nan,-0.0584644340,-0.0128955571,0.9991596341,0.1061174050,0.1384258121,0.0302608646
0.0063029509,0.0888642967,0.0910551250,-0.0138553727,0.0581251547,-0.0004027927,nan,nan,nan,nan,0.0000000000,0.0000000000,0.0000000000,0.0000000000,nan,nan,nan,nan,nan,nan,nan,nan,nan,nan,nan,nan,nan,-0.0077935858,-0.0014075291,0.0004488122,0.0016538032,0.0004982448,-0.0003784564,-0.0021462520,-0.0003998084,0.0020441867,0.0000000000,0.0000000000,0.0000000000,0.0000000000,0.0000000000,0.0362542942,4.0479998589,4.0486803055,nan,nan,nan,nan,nan,nan,nan,nan,nan,nan,nan,nan,nan,-0.0592583641,-0.0110562043,0.9981258512,0.1061174050,0.1384258121,0.0302608646
0.0063029509,0.0888642967,0.0910551250,-0.0138553727,0.0581251547,-0.0004027927,nan,nan,nan,nan,0.0000000000,0.0000000000,0.0000000000,0.0000000000,nan,nan,nan,nan,nan,nan,nan,nan,nan,nan,nan,nan,nan,-0.0077935858,-0.0014075291,0.0004488122,0.0016538032,0.0004982448,-0.0003784564,-0.0009430898,-0.0035129907,-0.0052361819,0.0000000000,0.0000000000,0.0000000000,0.0000000000,0.0000000000,0.0362542942,4.0479998589,4.0486803055,nan,nan,nan,nan,nan,nan,nan,nan,nan,nan,nan,nan,nan,-0.0592583641,-0.0110562043,0.9981258512,0.0483135469,-0.0056521702,0.0396906510
0.0063029509,0.0888642967,0.0910551250,-0.0138553727,0.0581251547,-0.0004027927,nan,nan,nan,nan,0.0000000000,0.0000000000,0.0000000000,0.0000000000,nan,nan,nan,nan,nan,nan,nan,nan,nan,nan,nan,nan,nan,-0.0104484763,-0.0014562820,0.0004538681,-0.0011506925,-0.0000007632,-0.0001677125,-0.0009430898,-0.0035129907,-0.0052361819,0.0000000000,0.0000000000,0.0000000000,0.0000000000,0.0000000000,0.0362542942,4.0479998589,4.0486803055,nan,nan,nan,nan,nan,nan,nan,nan,nan,nan,nan,nan,nan,-0.0592583641,-0.0110562043,0.9981258512,0.0483135469,-0.0056521702,0.0396906510
0.0057952767,0.0887952596,0.0910705924,-0.0138553727,0.0581251547,-0.0004027927,nan,nan,nan,nan,0.0000000000,0.0000000000,0.0000000000,0.0000000000,nan,nan,nan,nan,nan,nan,nan,nan,nan,nan,nan,nan,nan,-0.0104484763,-0.0014562820,0.0004538681,-0.0011506925,-0.0000007632,-0.0001677125,-0.0007241265,-0.0137418108,0.0067207902,0.0000000000,0.0000000000,0.0000000000,0.0000000000,0.0000000000,0.0348468013,4.0479998589,4.0486803055,nan,nan,nan,nan,nan,nan,nan,nan,nan,nan,nan,nan,nan,-0.0585226342,-0.0126813287,0.9992269278,0.0101358425,-0.0348957106,-0.2597170174
0.0057952767,0.0887952596,0.0910705924,-0.0138553727,0.0581251547,-0.0004027927,nan,nan,nan,nan,0.0000000000,0.0000000000,0.0000000000,0.0000000000,nan,nan,nan,nan,nan,nan,nan,nan,nan,nan,nan,nan,nan,-0.0123935807,-0.0018822070,0.0003335707,-0.0037642205,-0.0003934425,-0.0000815681,-0.0007241265,-0.0137418108,0.0067207902,0.0000000000,0.0000000000,0.0000000000,0.0000000000,0.0000000000,0.0348468013,4.0479998589,4.0486803055,nan,nan,nan,nan,nan,nan,nan,nan,nan,nan,nan,nan,nan,-0.0585226342,-0.0126813287,0.9992269278,0.0101358425,-0.0348957106,-0.2597170174
0.0051873550,0.0887084231,0.0910811573,-0.0138570875,0.0608938544,-0.0004220429,nan,nan,nan,nan,0.0000000000,0.0000000000,0.0000000000,0.0000000000,nan,nan,nan,nan,nan,nan,nan,nan,nan,nan,nan,nan,nan,-0.0123935807,-0.0018822070,0.0003335707,-0.0037642205,-0.0003934425,-0.0000815681,-0.0007241265,-0.0137418108,0.0067207902,0.0000000000,0.0000000000,0.0000000000,0.0000000000,0.0000000000,0.0348468013,4.0479998589,4.0539588928,nan,nan,nan,nan,nan,nan,nan,nan,nan,nan,nan,nan,nan,-0.0586165190,-0.0127363065,0.9978863001,0.0101358425,-0.0348957106,-0.2597170174
0.0051873550,0.0887084231,0.0910811573,-0.0138570875,0.0608938544,-0.0004220429,nan,nan,nan,nan,0.0000000000,0.0000000000,0.0000000000,0.0000000000,nan,nan,nan,nan,nan,nan,nan,nan,nan,nan,nan,nan,nan,-0.0123935807,-0.0018822070,0.0003335707,-0.0037642205,-0.0003934425,-0.0000815681,0.0356767401,-0.0259316061,-0.0032522215,0.0000000000,0.0000000000,0.0000000000,0.0000000000,0.0000000000,0.0348468013,4.0479998589,4.0539588928,nan,nan,nan,nan,nan,nan,nan,nan,nan,nan,nan,nan,nan,-0.0586165190,-0.0127363065,0.9978863001,0.2410461456,0.2524142563,0.0244775545
0.0051873550,0.0887084231,0.0910811573,-0.0138570875,0.0608938544,-0.0004220429,nan,nan,nan,nan,0.0000000000,0.0000000000,0.0000000000,0.0000000000,nan,nan,nan,nan,nan,nan,nan,nan,nan,nan,nan,nan,nan,-0.0144169517,-0.0025935832,0.0007785062,-0.0063181217,-0.0008205776,0.0000589329,0.0356767401,-0.0259316061,-0.0032522215,0.0000000000,0.0000000000,0.0000000000,0.0000000000,0.0000000000,0.0348468013,4.0479998589,4.0539588928,nan,nan,nan,nan,nan,nan,nan,nan,nan,nan,nan,nan,nan,-0.0586165190,-0.0127363065,0.9978863001,0.2410461456,0.2524142563,0.0244775545
0.0044736480,0.0885845125,0.0911143571,-0.0138553727,0.0581251547,-0.0004027927,nan,nan,nan,nan,0.0000000000,0.0000000000,0.0000000000,0.0000000000,nan,nan,nan,nan,nan,nan,nan,nan,nan,nan,nan,nan,nan,-0.0144169517,-0.0025935832,0.0007785062,-0.0063181217,-0.0008205776,0.0000589329,-0.0125542134,-0.0051471684,0.0042018094,0.0000000000,0.0000000000,0.0000000000,0.0000000000,0.0000000000,0.0309858248,4.0479998589,4.0539588928,nan,nan,nan,nan,nan,nan,nan,nan,nan,nan,nan,nan,nan,-0.0587833598,-0.0131225483,0.9983882308,-0.1878238916,-0.1077424660,-0.0840450749
0.0044736480,0.0885845125,0.0911143571,-0.0138553727,0.0581251547,-0.0004027927,nan,nan,nan,nan,0.0000000000,0.0000000000,0.0000000000,0.0000000000,nan,nan,nan,nan,nan,nan,nan,nan,nan,nan,nan,nan,nan,-0.0171194877,-0.0038632317,0.0011315558,-0.0086266883,-0.0013956547,0.0002608040,-0.0125542134,-0.0051471684,0.0042018094,0.0000000000,0.0000000000,0.0000000000,0.0000000000,0.0000000000,0.0309858248,4.0479998589,4.0539588928,nan,nan,nan,nan,nan,nan,nan,nan,nan,nan,nan,nan,nan,-0.0587833598,-0.0131225483,0.9983882308,-0.1878238916,-0.1077424660,-0.0840450749
0.0036329294,0.0884000883,0.0911615342,-0.0138553727,0.0581251547,-0.0004027927,nan,nan,nan,nan,0.0000000000,0.0000000000,0.0000000000,0.0000000000,nan,nan,nan,nan,nan,nan,nan,nan,nan,nan,nan,nan,nan,-0.0171194877,-0.0038632317,0.0011315558,-0.0086266883,-0.0013956547,0.0002608040,-0.0125542134,-0.0051471684,0.0042018094,0.0000000000,0.0000000000,0.0000000000,0.0000000000,0.0000000000,0.0309858248,4.0479998589,4.0539588928,nan,nan,nan,nan,nan,nan,nan,nan,nan,nan,nan,nan,nan,-0.0572447553,-0.0141245546,0.9970262647,-0.1878238916,-0.1077424660,-0.0840450749
0.0036329294,0.0884000883,0.0911615342,-0.0138553727,0.0581251547,-0.0004027927,nan,nan,nan,nan,0.0000000000,0.0000000000,0.0000000000,0.0000000000,nan,nan,nan,nan,nan,nan,nan,nan,nan,nan,nan,nan,nan,-0.0171194877,-0.0038632317,0.0011315558,-0.0086266883,-0.0013956547,0.0002608040,0.0124584790,-0.0166028719,-0.0078674294,0.0000000000,0.0000000000,0.0000000000,0.0000000000,0.0000000000,0.0309858248,4.0479998589,4.0539588928,nan,nan,nan,nan,nan,nan,nan,nan,nan,nan,nan,nan,nan,-0.0572447553,-0.0141245546,0.9970262647,0.0011454023,-0.1783771515,-0.1015052274
0.0036329294,0.0884000883,0.0911615342,-0.0138553727,0.0581251547,-0.0004027927,nan,nan,nan,nan,0.0000000000,0.0000000000,0.0000000000,0.0000000000,nan,nan,nan,nan,nan,nan,nan,nan,nan,nan,nan,nan,nan,-0.0196961462,-0.0048935837,0.0009102775,-0.0112474989,-0.0021555710,0.0004219670,0.0124584790,-0.0166028719,-0.0078674294,0.0000000000,0.0000000000,0.0000000000,0.0000000000,0.0000000000,0.0309858248,4.0479998589,4.0539588928,nan,nan,nan,nan,nan,nan,nan,nan,nan,nan,nan,nan,nan,-0.0572447553,-0.0141245546,0.9970262647,0.0011454023,-0.1783771515,-0.1015052274
0.0026601418,0.0881617442,0.0912000462,-0.0138553727,0.0581251547,-0.0004027927,nan,nan,nan,nan,0.0000000000,0.0000000000,0.0000000000,0.0000000000,nan,nan,nan,nan,nan,nan,nan,nan,nan,nan,nan,nan,nan,-0.0196961462,-0.0048935837,0.0009102775,-0.0112474989,-0.0021555710,0.0004219670,-0.0000242376,0.0086571062,-0.0017342842,0.0000000000,0.0000000000,0.0000000000,0.0000000000,0.0000000000,0.0339621045,4.0479998589,4.0539588928,nan,nan,nan,nan,nan,nan,nan,nan,nan,nan,nan,nan,nan,-0.0589619838,-0.0135780349,0.9974709153,0.0926223323,0.0169427656,-0.0046253060
0.0026601418,0.0881617442,0.0912000462,-0.0138553727,0.0581251547,-0.0004027927,nan,nan,nan,nan,0.0000000000,0.0000000000,0.0000000000,0.0000000000,nan,nan,nan,nan,nan,nan,nan,nan,nan,nan,nan,nan,nan,-0.0223927926,-0.0057406127,0.0009514560,-0.0136010209,-0.0029466508,0.0005208875,-0.0000242376,0.0086571062,-0.0017342842,0.0000000000,0.0000000000,0.0000000000,0.0000000000,0.0000000000,0.0339621045,4.0479998589,4.0539588928,nan,nan,nan,nan,nan,nan,nan,nan,nan,nan,nan,nan,nan,-0.0589619838,-0.0135780349,0.9974709153,0.0926223323,0.0169427656,-0.0046253060
0.0015525222,0.0878771618,0.0912409946,-0.0138553727,0.0581251547,-0.0004027927,nan,nan,nan,nan,0.0000000000,0.0000000000,0.0000000000,0.0000000000,nan,nan,nan,nan,nan,nan,nan,nan,nan,nan,nan,nan,nan,-0.0223927926,-0.0057406127,0.0009514560,-0.0136010209,-0.0029466508,0.0005208875,-0.0000242376,0.0086571062,-0.0017342842,0.0000000000,0.0000000000,0.0000000000,0.0000000000,0.0000000000,0.0339621045,4.0479998589,4.0539588928,nan,nan,nan,nan,nan,nan,nan,nan,nan,nan,nan,nan,nan,-0.0596239865,-0.0135318907,0.9971020222,0.0926223323,0.0169427656,-0.0046253060
0.0015525222,0.0878771618,0.0912409946,-0.0138553727,0.0581251547,-0.0004027927,nan,nan,nan,nan,0.0000000000,0.0000000000,0.0000000000,0.0000000000,nan,nan,nan,nan,nan,nan,nan,nan,nan,nan,nan,nan,nan,-0.0223927926,-0.0057406127,0.0009514560,-0.0136010209,-0.0029466508,0.0005208875,0.0016989815,-0.0230867416,-0.0144391153,0.0000000000,0.0000000000,0.0000000000,0.0000000000,0.0000000000,0.0339621045,4.0479998589,4.0539588928,nan,nan,nan,nan,nan,nan,nan,nan,nan,nan,nan,nan,nan,-0.0596239865,-0.0135318907,0.9971020222,0.1854860038,0.0132880397,-0.0863470286
0.0015525222,0.0878771618,0.0912409946,-0.0138553727,0.0581251547,-0.0004027927,nan,nan,nan,nan,0.0000000000,0.0000000000,0.0000000000,0.0000000000,nan,nan,nan,nan,nan,nan,nan,nan,nan,nan,nan,nan,nan,-0.0253050234,-0.0069939834,0.0006316200,-0.0163839888,-0.0038276589,0.0005922014,0.0016989815,-0.0230867416,-0.0144391153,0.0000000000,0.0000000000,0.0000000000,0.0000000000,0.0000000000,0.0339621045,4.0479998589,4.0539588928,nan,nan,nan,nan,nan,nan,nan,nan,nan,nan,nan,nan,nan,-0.0596239865,-0.0135318907,0.9971020222,0.1854860038,0.0132880397,-0.0863470286
0.0003004626,0.0875375047,0.0912685618,-0.0138553727,0.0581251547,-0.0004027927,nan,nan,nan,nan,0.0000000000,0.0000000000,0.0000000000,0.0000000000,nan,nan,nan,nan,nan,nan,nan,nan,nan,nan,nan,nan,nan,-0.0253050234,-0.0069939834,0.0006316200,-0.0163839888,-0.0038276589,0.0005922014,0.0094953831,0.0223737955,0.0145326704,0.0000000000,0.0000000000,0.0000000000,0.0000000000,0.0000000000,0.0354894325,4.0479998589,4.0539588928,nan,nan,nan,nan,nan,nan,nan,nan,nan,nan,nan,nan,nan,-0.0596878827,-0.0114975143,1.0002950430,-0.0661600232,0.0706237406,0.0051384587
0.0003004626,0.0875375047,0.0912685618,-0.0138553727,0.0581251547,-0.0004027927,nan,nan,nan,nan,0.0000000000,0.0000000000,0.0000000000,0.0000000000,nan,nan,nan,nan,nan,nan,nan,nan,nan,nan,nan,nan,nan,-0.0068970490,-0.0026521403,0.0001525775,0.0218497664,0.0043000886,-0.0009963232,0.0094953831,0.0223737955,0.0145326704,0.0000000000,0.0000000000,0.0000000000,0.0000000000,0.0000000000,0.0354894325,4.0479998589,4.0539588928,nan,nan,nan,nan,nan,nan,nan,nan,nan,nan,nan,nan,nan,-0.0596878827,-0.0114975143,1.0002950430,-0.0661600232,0.0706237406,0.0051384587
0.0065403618,0.0888495967,0.0910173133,-0.0138553727,0.0581251547,-0.0004027927,nan,nan,nan,nan,0.0000000000,0.0000000000,0.0000000000,0.0000000000,nan,nan,nan,nan,nan,nan,nan,nan,nan,nan,nan,nan,nan,-0.0068970490,-0.0026521403,0.0001525775,0.0218497664,0.0043000886,-0.0009963232,0.0094953831,0.0223737955,0.0145326704,0.0000000000,0.0000000000,0.0000000000,0.0000000000,0.0000000000,0.0354894325,4.0479998589,4.0539588928,nan,nan,nan,nan,nan,nan,nan,nan,nan,nan,nan,nan,nan,-0.0601807162,-0.0107012000,0.9971852899,-0.0661600232,0.0706237406,0.0051384587
0.0065403618,0.0888495967,0.0910173133,-0.0138553727,0.0581251547,-0.0004027927,nan,nan,nan,nan,0.0000000000,0.0000000000,0.0000000000,0.0000000000,nan,nan,nan,nan,nan,nan,nan,nan,nan,nan,nan,nan,nan,-0.0068970490,-0.0026521403,0.0001525775,0.0218497664,0.0043000886,-0.0009963232,-0.0002797542,0.0138781788,0.0010758877,0.0000000000,0.0000000000,0.0000000000,0.0000000000,0.0000000000,0.0354894325,4.0479998589,4.0539588928,nan,nan,nan,nan,nan,nan,nan,nan,nan,nan,nan,nan,nan,-0.0601807162,-0.0107012000,0.9971852899,0.0841765329,0.2487063408,0.0438483395
0.0065403618,0.0888495967,0.0910173133,-0.0138553727,0.0581251547,-0.0004027927,nan,nan,nan,nan,0.0000000000,0.0000000000,0.0000000000,0.0000000000,nan,nan,nan,nan,nan,nan,nan,nan,nan,nan,nan,nan,nan,-0.0095145721,-0.0033496541,0.0003087674,0.0137314769,0.0023210426,-0.0006696521,-0.0002797542,0.0138781788,0.0010758877,0.0000000000,0.0000000000,0.0000000000,0.0000000000,0.0000000000,0.0354894325,4.0479998589,4.0539588928,nan,nan,nan,nan,nan,nan,nan,nan,nan,nan,nan,nan,nan,-0.0601807162,-0.0107012000,0.9971852899,0.0841765329,0.2487063408,0.0438483395
0.0060812877,0.0886859670,0.0910272822,-0.0138553727,0.0581251547,-0.0004027927,nan,nan,nan,nan,0.0000000000,0.0000000000,0.0000000000,0.0000000000,nan,nan,nan,nan,nan,nan,nan,nan,nan,nan,nan,nan,nan,-0.0095145721,-0.0033496541,0.0003087674,0.0137314769,0.0023210426,-0.0006696521,-0.0002797542,0.0138781788,0.0010758877,0.0000000000,0.0000000000,0.0000000000,0.0000000000,0.0000000000,0.0345501862,4.0479998589,4.0539588928,nan,nan,nan,nan,nan,nan,nan,nan,nan,nan,nan,nan,nan,-0.0595462620,-0.0133507829,0.9968771935,-0.0087343827,-0.0602188483,-0.1010441631
0.0060812877,0.0886859670,0.0910272822,-0.0138553727,0.0581251547,-0.0004027927,nan,nan,nan,nan,0.0000000000,0.0000000000,0.0000000000,0.0000000000,nan,nan,nan,nan,nan,nan,nan,nan,nan,nan,nan,nan,nan,-0.0072497735,-0.0023430805,0.0000645804,0.0136249010,0.0028968751,-0.0006223493,-0.0035661943,-0.0043812105,0.0052683414,0.0000000000,0.0000000000,0.0000000000,0.0000000000,0.0000000000,0.0345501862,4.0479998589,4.0539588928,nan,nan,nan,nan,nan,nan,nan,nan,nan,nan,nan,nan,nan,-0.0595462620,-0.0133507829,0.9968771935,-0.0087343827,-0.0602188483,-0.1010441631
0.0066744243,0.0888944045,0.0910035223,-0.0138553727,0.0581251547,-0.0004027927,nan,nan,nan,nan,0.0000000000,0.0000000000,0.0000000000,0.0000000000,nan,nan,nan,nan,nan,nan,nan,nan,nan,nan,nan,nan,nan,-0.0072497735,-0.0023430805,0.0000645804,0.0136249010,0.0028968751,-0.0006223493,-0.0035661943,-0.0043812105,0.0052683414,0.0000000000,0.0000000000,0.0000000000,0.0000000000,0.0000000000,0.0345501862,4.0479998589,4.0486803055,nan,nan,nan,nan,nan,nan,nan,nan,nan,nan,nan,nan,nan,-0.0600583777,-0.0116743455,0.9996311665,-0.0087343827,-0.0602188483,-0.1010441631
0.0066744243,0.0888944045,0.0910035223,-0.0138553727,0.0581251547,-0.0004027927,nan,nan,nan,nan,0.0000000000,0.0000000000,0.0000000000,0.0000000000,nan,nan,nan,nan,nan,nan,nan,nan,nan,nan,nan,nan,nan,-0.0072497735,-0.0023430805,0.0000645804,0.0136249010,0.0028968751,-0.0006223493,0.0102845468,-0.0119903795,0.0005087078,0.0000000000,0.0000000000,0.0000000000,0.0000000000,0.0000000000,0.0345501862,4.0479998589,4.0486803055,nan,nan,nan,nan,nan,nan,nan,nan,nan,nan,nan,nan,nan,-0.0600583777,-0.0116743455,0.9996311665,0.1572182626,-0.3253172636,0.0325155556
0.0066744243,0.0888944045,0.0910035223,-0.0138553727,0.0581251547,-0.0004027927,nan,nan,nan,nan,0.0000000000,0.0000000000,0.0000000000,0.0000000000,nan,nan,nan,nan,nan,nan,nan,nan,nan,nan,nan,nan,nan,-0.0096097235,-0.0030627453,0.0005582135,0.0076651415,0.0014193846,-0.0003946202,0.0102845468,-0.0119903795,0.0005087078,0.0000000000,0.0000000000,0.0000000000,0.0000000000,0.0000000000,0.0345501862,4.0479998589,4.0486803055,nan,nan,nan,nan,nan,nan,nan,nan,nan,nan,nan,nan,nan,-0.0600583777,-0.0116743455,0.9996311665,0.1572182626,-0.3253172636,0.0325155556
0.0061885826,0.0887445211,0.0910260528,-0.0138553727,0.0581251547,-0.0004027927,nan,nan,nan,nan,0.0000000000,0.0000000000,0.0000000000,0.0000000000,nan,nan,nan,nan,nan,nan,nan,nan,nan,nan,nan,nan,nan,-0.0096097235,-0.0030627453,0.0005582135,0.0076651415,0.0014193846,-0.0003946202,0.0102845468,-0.0119903795,0.0005087078,0.0000000000,0.0000000000,0.0000000000,0.0000000000,0.0000000000,0.0345040634,4.0479998589,4.0486803055,nan,nan,nan,nan,nan,nan,nan,nan,nan,nan,nan,nan,nan,-0.0565791391,-0.0123511879,0.9962651134,-0.0030408227,-0.1859982610,0.0076480610
0.0061885826,0.0887445211,0.0910260528,-0.0138553727,0.0581251547,-0.0004027927,nan,nan,nan,nan,0.0000000000,0.0000000000,0.0000000000,0.0000000000,nan,nan,nan,nan,nan,nan,nan,nan,nan,nan,nan,nan,nan,-0.0072652902,-0.0021278420,0.0001334743,0.0084293541,0.0019306813,-0.0003524463,0.0062570758,0.0049375831,-0.0088193556,0.0000000000,0.0000000000,0.0000000000,0.0000000000,0.0000000000,0.0345040634,4.0479998589,4.0486803055,nan,nan,nan,nan,nan,nan,nan,nan,nan,nan,nan,nan,nan,-0.0565791391,-0.0123511879,0.9962651134,-0.0030408227,-0.1859982610,0.0076480610
0.0067254580,0.0889165103,0.0910062194,-0.0138553727,0.0581251547,-0.0004027927,nan,nan,nan,nan,0.0000000000,0.0000000000,0.0000000000,0.0000000000,nan,nan,nan,nan,nan,nan,nan,nan,nan,nan,nan,nan,nan,-0.0072652902,-0.0021278420,0.0001334743,0.0084293541,0.0019306813,-0.0003524463,0.0062570758,0.0049375831,-0.0088193556,0.0000000000,0.0000000000,0.0000000000,0.0000000000,0.0000000000,0.0345040634,4.0479998589,4.0539588928,nan,nan,nan,nan,nan,nan,nan,nan,nan,nan,nan,nan,nan,-0.0583191104,-0.0144605078,0.9986087084,-0.0030408227,-0.1859982610,0.0076480610
0.0067254580,0.0889165103,0.0910062194,-0.0138553727,0.0581251547,-0.0004027927,nan,nan,nan,nan,0.0000000000,0.0000000000,0.0000000000,0.0000000000,nan,nan,nan,nan,nan,nan,nan,nan,nan,nan,nan,nan,nan,-0.0072652902,-0.0021278420,0.0001334743,0.0038407072,0.0006458162,-0.0001728165,0.0009078846,-0.0242817570,0.0189250987,0.0000000000,0.0000000000,0.0000000000,0.0000000000,0.0000000000,0.0345040634,4.0479998589,4.0539588928,nan,nan,nan,nan,nan,nan,nan,nan,nan,nan,nan,nan,nan,-0.0583191104,-0.0144605078,0.9986087084,-0.0999607667,-0.1599676758,-0.1918887794
0.0067254580,0.0889165103,0.0910062194,-0.0138553727,0.0581251547,-0.0004027927,nan,nan,nan,nan,0.0000000000,0.0000000000,0.0000000000,0.0000000000,nan,nan,nan,nan,nan,nan,nan,nan,nan,nan,nan,nan,nan,-0.0092190420,-0.0033746606,0.0007269543,0.0038407072,0.0006458162,-0.0001728165,0.0009078846,-0.0242817570,0.0189250987,0.0000000000,0.0000000000,0.0000000000,0.0000000000,0.0000000000,0.0345040634,4.0479998589,4.0539588928,nan,nan,nan,nan,nan,nan,nan,nan,nan,nan,nan,nan,nan,-0.0583191104,-0.0144605078,0.9986087084,-0.0999607667,-0.1599676758,-0.1918887794
0.0062742736,0.0887586996,0.0910352767,-0.0138553727,0.0581251547,-0.0004027927,nan,nan,nan,nan,0.0000000000,0.0000000000,0.0000000000,0.0000000000,nan,nan,nan,nan,nan,nan,nan,nan,nan,nan,nan,nan,nan,-0.0092190420,-0.0033746606,0.0007269543,0.0038407072,0.0006458162,-0.0001728165,0.0009078846,-0.0242817570,0.0189250987,0.0000000000,0.0000000000,0.0000000000,0.0000000000,0.0000000000,0.0342300497,4.0479998589,4.0539588928,nan,nan,nan,nan,nan,nan,nan,nan,nan,nan,nan,nan,nan,-0.0594606288,-0.0102936653,0.9988598824,0.2818647623,0.2110444009,-0.0908933654
0.0062742736,0.0887586996,0.0910352767,-0.0138553727,0.0581251547,-0.0004027927,nan,nan,nan,nan,0.0000000000,0.0000000000,0.0000000000,0.0000000000,nan,nan,nan,nan,nan,nan,nan,nan,nan,nan,nan,nan,nan,-0.0082104206,-0.0025580516,0.0010643968,0.0040439707,0.0008751412,-0.0000851879,-0.0032108398,-0.0104980860,0.0184912365,0.0000000000,0.0000000000,0.0000000000,0.0000000000,0.0000000000,0.0342300497,4.0479998589,4.0539588928,nan,nan,nan,nan,nan,nan,nan,nan,nan,nan,nan,nan,nan,-0.0594606288,-0.0102936653,0.9988598824,0.2818647623,0.2110444009,-0.0908933654
0.0064493823,0.0888206139,0.0910497382,-0.0138553727,0.0581251547,-0.0004027927,nan,nan,nan,nan,0.0000000000,0.0000000000,0.0000000000,0.0000000000,nan,nan,nan,nan,nan,nan,nan,nan,nan,nan,nan,nan,nan,-0.0082104206,-0.0025580516,0.0010643968,0.0040439707,0.0008751412,-0.0000851879,-0.0032108398,-0.0104980860,0.0184912365,0.0000000000,0.0000000000,0.0000000000,0.0000000000,0.0000000000,0.0342300497,4.0479998589,4.0539588928,nan,nan,nan,nan,nan,nan,nan,nan,nan,nan,nan,nan,nan,-0.0589772128,-0.0121996524,0.9981035590,0.2818647623,0.2110444009,-0.0908933654
0.0064493823,0.0888206139,0.0910497382,-0.0138553727,0.0581251547,-0.0004027927,nan,nan,nan,nan,0.0000000000,0.0000000000,0.0000000000,0.0000000000,nan,nan,nan,nan,nan,nan,nan,nan,nan,nan,nan,nan,nan,-0.0082104206,-0.0025580516,0.0010643968,0.0003279243,-0.0002336443,0.0002186395,-0.0024545819,0.0084543275,-0.0011366988,0.0000000000,0.0000000000,0.0000000000,0.0000000000,0.0000000000,0.0342300497,4.0479998589,4.0539588928,nan,nan,nan,nan,nan,nan,nan,nan,nan,nan,nan,nan,nan,-0.0589772128,-0.0121996524,0.9981035590,0.0483783185,0.3268417716,-0.1312830448
0.0064493823,0.0888206139,0.0910497382,-0.0138553727,0.0581251547,-0.0004027927,nan,nan,nan,nan,0.0000000000,0.0000000000,0.0000000000,0.0000000000,nan,nan,nan,nan,nan,nan,nan,nan,nan,nan,nan,nan,nan,-0.0106339082,-0.0034811895,0.0010797305,0.0003279243,-0.0002336443,0.0002186395,-0.0024545819,0.0084543275,-0.0011366988,0.0000000000,0.0000000000,0.0000000000,0.0000000000,0.0000000000,0.0342300497,4.0479998589,4.0539588928,nan,nan,nan,nan,nan,nan,nan,nan,nan,nan,nan,nan,nan,-0.0589772128,-0.0121996524,0.9981035590,0.0483783185,0.3268417716,-0.1312830448
0.0059297616,0.0886444598,0.0911020935,-0.0138553727,0.0581251547,-0.0004027927,nan,nan,nan,nan,0.0000000000,0.0000000000,0.0000000000,0.0000000000,nan,nan,nan,nan,nan,nan,nan,nan,nan,nan,nan,nan,nan,-0.0106339082,-0.0034811895,0.0010797305,0.0003279243,-0.0002336443,0.0002186395,0.0179305524,-0.0063690771,0.0178538896,0.0000000000,0.0000000000,0.0000000000,0.0000000000,0.0000000000,0.0358340330,4.0479998589,4.0539588928,nan,nan,nan,nan,nan,nan,nan,nan,nan,nan,nan,nan,nan,-0.0562653579,-0.0135099050,1.0009852648,0.1132169440,0.0752552375,-0.0054916581
0.0059297616,0.0886444598,0.0911020935,-0.0138553727,0.0581251547,-0.0004027927,nan,nan,nan,nan,0.0000000000,0.0000000000,0.0000000000,0.0000000000,nan,nan,nan,nan,nan,nan,nan,nan,nan,nan,nan,nan,nan,-0.0062105558,-0.0026020976,0.0010734166,-0.0029751917,-0.0013322706,0.0005218986,0.0179305524,-0.0063690771,0.0178538896,0.0000000000,0.0000000000,0.0000000000,0.0000000000,0.0000000000,0.0358340330,4.0479998589,4.0539588928,nan,nan,nan,nan,nan,nan,nan,nan,nan,nan,nan,nan,nan,-0.0562653579,-0.0135099050,1.0009852648,0.1132169440,0.0752552375,-0.0054916581
0.0065379692,0.0888328478,0.0910519361,-0.0138553727,0.0581251547,-0.0004027927,nan,nan,nan,nan,0.0000000000,0.0000000000,0.0000000000,0.0000000000,nan,nan,nan,nan,nan,nan,nan,nan,nan,nan,nan,nan,nan,-0.0062105558,-0.0026020976,0.0010734166,-0.0029751917,-0.0013322706,0.0005218986,0.0055286479,0.0054750228,0.0302768834,0.0000000000,0.0000000000,0.0000000000,0.0000000000,0.0000000000,0.0358340330,4.0479998589,4.0539588928,nan,nan,nan,nan,nan,nan,nan,nan,nan,nan,nan,nan,nan,-0.0577134006,-0.0120882578,0.9985376000,0.0246871635,-0.1256285161,-0.0282038301
0.0065379692,0.0888328478,0.0910519361,-0.0138553727,0.0581251547,-0.0004027927,nan,nan,nan,nan,0.0000000000,0.0000000000,0.0000000000,0.0000000000,nan,nan,nan,nan,nan,nan,nan,nan,nan,nan,nan,nan,nan,-0.0062105558,-0.0026020976,0.0010734166,0.0008881578,-0.0000399609,0.0001205566,0.0055286479,0.0054750228,0.0302768834,0.0000000000,0.0000000000,0.0000000000,0.0000000000,0.0000000000,0.0358340330,4.0479998589,4.0539588928,nan,nan,nan,nan,nan,nan,nan,nan,nan,nan,nan,nan,nan,-0.0577134006,-0.0120882578,0.9985376000,0.0246871635,-0.1256285161,-0.0282038301
0.0065379692,0.0888328478,0.0910519361,-0.0138553727,0.0581251547,-0.0004027927,nan,nan,nan,nan,0.0000000000,0.0000000000,0.0000000000,0.0000000000,nan,nan,nan,nan,nan,nan,nan,nan,nan,nan,nan,nan,nan,-0.0083711995,-0.0031651952,0.0012163905,0.0008881578,-0.0000399609,0.0001205566,0.0055286479,0.0054750228,0.0302768834,0.0000000000,0.0000000000,0.0000000000,0.0000000000,0.0000000000,0.0358340330,4.0479998589,4.0539588928,nan,nan,nan,nan,nan,nan,nan,nan,nan,nan,nan,nan,nan,-0.0577134006,-0.0120882578,0.9985376000,0.0246871635,-0.1256285161,-0.0282038301
0.0061275247,0.0886721238,0.0911015347,-0.0138553727,0.0581251547,-0.0004027927,nan,nan,nan,nan,0.0000000000,0.0000000000,0.0000000000,0.0000000000,nan,nan,nan,nan,nan,nan,nan,nan,nan,nan,nan,nan,nan,-0.0083711995,-0.0031651952,0.0012163905,0.0008881578,-0.0000399609,0.0001205566,0.0010250969,-0.0002794344,0.0044894922,0.0000000000,0.0000000000,0.0000000000,0.0000000000,0.0000000000,0.0365134850,4.0479998589,4.0539588928,nan,nan,nan,nan,nan,nan,nan,nan,nan,nan,nan,nan,nan,-0.0595940761,-0.0124800075,1.0004826784,-0.1003353223,0.1532821208,-0.0681289658
0.0061275247,0.0886721238,0.0911015347,-0.0138553727,0.0581251547,-0.0004027927,nan,nan,nan,nan,0.0000000000,0.0000000000,0.0000000000,0.0000000000,nan,nan,nan,nan,nan,nan,nan,nan,nan,nan,nan,nan,nan,-0.0060854200,-0.0022750641,0.0007589560,-0.0020186498,-0.0010768963,0.0004083535,0.0010250969,-0.0002794344,0.0044894922,0.0000000000,0.0000000000,0.0000000000,0.0000000000,0.0000000000,0.0365134850,4.0479998589,4.0539588928,nan,nan,nan,nan,nan,nan,nan,nan,nan,nan,nan,nan,nan,-0.0595940761,-0.0124800075,1.0004826784,-0.1003353223,0.1532821208,-0.0681289658
0.0065676062,0.0888391957,0.0910495222,-0.0138553727,0.0581251547,-0.0004027927,nan,nan,nan,nan,0.0000000000,0.0000000000,0.0000000000,0.0000000000,nan,nan,nan,nan,nan,nan,nan,nan,nan,nan,nan,nan,nan,-0.0060854200,-0.0022750641,0.0007589560,-0.0020186498,-0.0010768963,0.0004083535,0.0010250969,-0.0002794344,0.0044894922,0.0000000000,0.0000000000,0.0000000000,0.0000000000,0.0000000000,0.0365134850,4.0479998589,4.0539588928,nan,nan,nan,nan,nan,nan,nan,nan,nan,nan,nan,nan,nan,-0.0579067692,-0.0118228877,0.9984183311,-0.1003353223,0.1532821208,-0.0681289658
0.0065676062,0.0888391957,0.0910495222,-0.0138553727,0.0581251547,-0.0004027927,nan,nan,nan,nan,0.0000000000,0.0000000000,0.0000000000,0.0000000000,nan,nan,nan,nan,nan,nan,nan,nan,nan,nan,nan,nan,nan,-0.0060854200,-0.0022750641,0.0007589560,-0.0020186498,-0.0010768963,0.0004083535,0.0077916603,0.0048654117,-0.0007466894,0.0000000000,0.0000000000,0.0000000000,0.0000000000,0.0000000000,0.0365134850,4.0479998589,4.0539588928,nan,nan,nan,nan,nan,nan,nan,nan,nan,nan,nan,nan,nan,-0.0579067692,-0.0118228877,0.9984183311,0.2312617004,0.0678782687,-0.0540541932
0.0065676062,0.0888391957,0.0910495222,-0.0138553727,0.0581251547,-0.0004027927,nan,nan,nan,nan,0.0000000000,0.0000000000,0.0000000000,0.0000000000,nan,nan,nan,nan,nan,nan,nan,nan,nan,nan,nan,nan,nan,-0.0080000674,-0.0028086223,0.0010470210,0.0006375355,0.0000665851,0.0000602288,0.0077916603,0.0048654117,-0.0007466894,0.0000000000,0.0000000000,0.0000000000,0.0000000000,0.0000000000,0.0365134850,4.0479998589,4.0539588928,nan,nan,nan,nan,nan,nan,nan,nan,nan,nan,nan,nan,nan,-0.0579067692,-0.0118228877,0.9984183311,0.2312617004,0.0678782687,-0.0540541932
0.0061760256,0.0886976719,0.0910995826,-0.0138553727,0.0581251547,-0.0004027927,nan,nan,nan,nan,0.0000000000,0.0000000000,0.0000000000,0.0000000000,nan,nan,nan,nan,nan,nan,nan,nan,nan,nan,nan,nan,nan,-0.0080000674,-0.0028086223,0.0010470210,0.0006375355,0.0000665851,0.0000602288,0.0095021054,0.0039691329,0.0352002382,0.0000000000,0.0000000000,0.0000000000,0.0000000000,0.0000000000,0.0375852957,4.0479998589,4.0539588928,nan,nan,nan,nan,nan,nan,nan,nan,nan,nan,nan,nan,nan,-0.0593520887,-0.0143478215,0.9987080097,0.2524915636,-0.1918202788,-0.2499042898
0.0061760256,0.0886976719,0.0910995826,-0.0138553727,0.0581251547,-0.0004027927,nan,nan,nan,nan,0.0000000000,0.0000000000,0.0000000000,0.0000000000,nan,nan,nan,nan,nan,nan,nan,nan,nan,nan,nan,nan,nan,-0.0101159709,-0.0038854440,0.0015970359,-0.0020370351,-0.0009199040,0.0003733049,0.0095021054,0.0039691329,0.0352002382,0.0000000000,0.0000000000,0.0000000000,0.0000000000,0.0000000000,0.0375852957,4.0479998589,4.0539588928,nan,nan,nan,nan,nan,nan,nan,nan,nan,nan,nan,nan,nan,-0.0593520887,-0.0143478215,0.9987080097,0.2524915636,-0.1918202788,-0.2499042898
0.0056815352,0.0885065645,0.0911679417,-0.0138553727,0.0581251547,-0.0004027927,nan,nan,nan,nan,0.0000000000,0.0000000000,0.0000000000,0.0000000000,nan,nan,nan,nan,nan,nan,nan,nan,nan,nan,nan,nan,nan,-0.0101159709,-0.0038854440,0.0015970359,-0.0020370351,-0.0009199040,0.0003733049,0.0095021054,0.0039691329,0.0352002382,0.0000000000,0.0000000000,0.0000000000,0.0000000000,0.0000000000,0.0375852957,4.0479998589,4.0486803055,nan,nan,nan,nan,nan,nan,nan,nan,nan,nan,nan,nan,nan,-0.0587193146,-0.0128087476,0.9975326657,0.2524915636,-0.1918202788,-0.2499042898
0.0056815352,0.0885065645,0.0911679417,-0.0138553727,0.0581251547,-0.0004027927,nan,nan,nan,nan,0.0000000000,0.0000000000,0.0000000000,0.0000000000,nan,nan,nan,nan,nan,nan,nan,nan,nan,nan,nan,nan,nan,-0.0101159709,-0.0038854440,0.0015970359,-0.0020370351,-0.0009199040,0.0003733049,0.0134315342,-0.0225017350,-0.0019231493,0.0000000000,0.0000000000,0.0000000000,0.0000000000,0.0000000000,0.0375852957,4.0479998589,4.0486803055,nan,nan,nan,nan,nan,nan,nan,nan,nan,nan,nan,nan,nan,-0.0587193146,-0.0128087476,0.9975326657,0.2438904047,0.0383438915,-0.0729640275
0.0056815352,0.0885065645,0.0911679417,-0.0138553727,0.0581251547,-0.0004027927,nan,nan,nan,nan,0.0000000000,0.0000000000,0.0000000000,0.0000000000,nan,nan,nan,nan,nan,nan,nan,nan,nan,nan,nan,nan,nan,-0.0121339774,-0.0045814631,0.0014959560,-0.0045192931,-0.0017844668,0.0006698923,0.0134315342,-0.0225017350,-0.0019231493,0.0000000000,0.0000000000,0.0000000000,0.0000000000,0.0000000000,0.0375852957,4.0479998589,4.0486803055,nan,nan,nan,nan,nan,nan,nan,nan,nan,nan,nan,nan,nan,-0.0587193146,-0.0128087476,0.9975326657,0.2438904047,0.0383438915,-0.0729640275
0.0050817183,0.0882855356,0.0912402794,-0.0138553727,0.0581251547,-0.0004027927,nan,nan,nan,nan,0.0000000000,0.0000000000,0.0000000000,0.0000000000,nan,nan,nan,nan,nan,nan,nan,nan,nan,nan,nan,nan,nan,-0.0121339774,-0.0045814631,0.0014959560,-0.0045192931,-0.0017844668,0.0006698923,-0.0143380230,-0.0145423962,-0.0091158096,0.0000000000,0.0000000000,0.0000000000,0.0000000000,0.0000000000,0.0367047489,4.0479998589,4.0486803055,nan,nan,nan,nan,nan,nan,nan,nan,nan,nan,nan,nan,nan,-0.0594393872,-0.0150410729,0.9992193580,0.0953766778,0.0215975530,0.0449587665
0.0050817183,0.0882855356,0.0912402794,-0.0138553727,0.0581251547,-0.0004027927,nan,nan,nan,nan,0.0000000000,0.0000000000,0.0000000000,0.0000000000,nan,nan,nan,nan,nan,nan,nan,nan,nan,nan,nan,nan,nan,-0.0149126314,-0.0058193058,0.0016805737,-0.0070714243,-0.0027473443,0.0009295289,-0.0143380230,-0.0145423962,-0.0091158096,0.0000000000,0.0000000000,0.0000000000,0.0000000000,0.0000000000,0.0367047489,4.0479998589,4.0486803055,nan,nan,nan,nan,nan,nan,nan,nan,nan,nan,nan,nan,nan,-0.0594393872,-0.0150410729,0.9992193580,0.0953766778,0.0215975530,0.0449587665
0.0065963818,0.0888447389,0.0910409614,-0.0138553727,0.0581251547,-0.0004027927,nan,nan,nan,nan,0.0000000000,0.0000000000,0.0000000000,0.0000000000,nan,nan,nan,nan,nan,nan,nan,nan,nan,nan,nan,nan,nan,-0.0149126314,-0.0058193058,0.0016805737,-0.0070714243,-0.0027473443,0.0009295289,-0.0143380230,-0.0145423962,-0.0091158096,0.0000000000,0.0000000000,0.0000000000,0.0000000000,0.0000000000,0.0367047489,4.0479998589,4.0486803055,nan,nan,nan,nan,nan,nan,nan,nan,nan,nan,nan,nan,nan,-0.0595359989,-0.0125143444,0.9988042116,0.0953766778,0.0215975530,0.0449587665
0.0065963818,0.0888447389,0.0910409614,-0.0138553727,0.0581251547,-0.0004027927,nan,nan,nan,nan,0.0000000000,0.0000000000,0.0000000000,0.0000000000,nan,nan,nan,nan,nan,nan,nan,nan,nan,nan,nan,nan,nan,-0.0149126314,-0.0058193058,0.0016805737,0.0027589186,0.0009667085,-0.0004200633,-0.0108101824,0.0094338935,0.0055162637,0.0000000000,0.0000000000,0.0000000000,0.0000000000,0.0000000000,0.0367047489,4.0479998589,4.0486803055,nan,nan,nan,nan,nan,nan,nan,nan,nan,nan,nan,nan,nan,-0.0595359989,-0.0125143444,0.9988042116,-0.1179319844,-0.2923967540,0.1169309020
0.0065963818,0.0888447389,0.0910409614,-0.0138553727,0.0581251547,-0.0004027927,nan,nan,nan,nan,0.0000000000,0.0000000000,0.0000000000,0.0000000000,nan,nan,nan,nan,nan,nan,nan,nan,nan,nan,nan,nan,nan,-0.0079106782,-0.0026729868,0.0006632246,0.0027589186,0.0009667085,-0.0004200633,-0.0108101824,0.0094338935,0.0055162637,0.0000000000,0.0000000000,0.0000000000,0.0000000000,0.0000000000,0.0367047489,4.0479998589,4.0486803055,nan,nan,nan,nan,nan,nan,nan,nan,nan,nan,nan,nan,nan,-0.0595359989,-0.0125143444,0.9988042116,-0.1179319844,-0.2923967540,0.1169309020
0.0062126368,0.0887081400,0.0910708979,-0.0138553727,0.0581251547,-0.0004027927,nan,nan,nan,nan,0.0000000000,0.0000000000,0.0000000000,0.0000000000,nan,nan,nan,nan,nan,nan,nan,nan,nan,nan,nan,nan,nan,-0.0079106782,-0.0026729868,0.0006632246,0.0027589186,0.0009667085,-0.0004200633,-0.0020769874,0.0027110425,0.0225725919,0.0000000000,0.0000000000,0.0000000000,0.0000000000,0.0000000000,0.0392663926,4.0479998589,4.0486803055,nan,nan,nan,nan,nan,nan,nan,nan,nan,nan,nan,nan,nan,-0.0570914969,-0.0104649728,0.9998139143,0.2200539410,-0.0804922208,-0.1621717066
0.0062126368,0.0887081400,0.0910708979,-0.0138553727,0.0581251547,-0.0004027927,nan,nan,nan,nan,0.0000000000,0.0000000000,0.0000000000,0.0000000000,nan,nan,nan,nan,nan,nan,nan,nan,nan,nan,nan,nan,nan,-0.0100900428,-0.0032789654,0.0016260461,-0.0004541782,-0.0001356781,0.0000024345,-0.0020769874,0.0027110425,0.0225725919,0.0000000000,0.0000000000,0.0000000000,0.0000000000,0.0000000000,0.0392663926,4.0479998589,4.0486803055,nan,nan,nan,nan,nan,nan,nan,nan,nan,nan,nan,nan,nan,-0.0570914969,-0.0104649728,0.9998139143,0.2200539410,-0.0804922208,-0.1621717066
0.0066377101,0.0888746679,0.0910452008,-0.0138553727,0.0581251547,-0.0004027927,nan,nan,nan,nan,0.0000000000,0.0000000000,0.0000000000,0.0000000000,nan,nan,nan,nan,nan,nan,nan,nan,nan,nan,nan,nan,nan,-0.0100900428,-0.0032789654,0.0016260461,-0.0004541782,-0.0001356781,0.0000024345,-0.0020769874,0.0027110425,0.0225725919,0.0000000000,0.0000000000,0.0000000000,0.0000000000,0.0000000000,0.0392663926,4.0479998589,4.0539588928,nan,nan,nan,nan,nan,nan,nan,nan,nan,nan,nan,nan,nan,-0.0597918034,-0.0131890113,0.9983015656,0.2200539410,-0.0804922208,-0.1621717066
0.0066377101,0.0888746679,0.0910452008,-0.0138553727,0.0581251547,-0.0004027927,nan,nan,nan,nan,0.0000000000,0.0000000000,0.0000000000,0.0000000000,nan,nan,nan,nan,nan,nan,nan,nan,nan,nan,nan,nan,nan,-0.0100900428,-0.0032789654,0.0016260461,0.0017589869,0.0007644298,-0.0000444020,-0.0060209553,0.0027738851,0.0025084557,0.0000000000,0.0000000000,0.0000000000,0.0000000000,0.0000000000,0.0392663926,4.0479998589,4.0539588928,nan,nan,nan,nan,nan,nan,nan,nan,nan,nan,nan,nan,nan,-0.0597918034,-0.0131890113,0.9983015656,0.2448462993,-0.0400740169,-0.1585516930
0.0066377101,0.0888746679,0.0910452008,-0.0138553727,0.0581251547,-0.0004027927,nan,nan,nan,nan,0.0000000000,0.0000000000,0.0000000000,0.0000000000,nan,nan,nan,nan,nan,nan,nan,nan,nan,nan,nan,nan,nan,-0.0080737770,-0.0023912271,0.0015661138,0.0017589869,0.0007644298,-0.0000444020,-0.0060209553,0.0027738851,0.0025084557,0.0000000000,0.0000000000,0.0000000000,0.0000000000,0.0000000000,0.0392663926,4.0479998589,4.0539588928,nan,nan,nan,nan,nan,nan,nan,nan,nan,nan,nan,nan,nan,-0.0597918034,-0.0131890113,0.9983015656,0.2448462993,-0.0400740169,-0.1585516930
0.0062493840,0.0887580812,0.0911206603,-0.0138553727,0.0581251547,-0.0004027927,nan,nan,nan,nan,0.0000000000,0.0000000000,0.0000000000,0.0000000000,nan,nan,nan,nan,nan,nan,nan,nan,nan,nan,nan,nan,nan,-0.0080737770,-0.0023912271,0.0015661138,0.0017589869,0.0007644298,-0.0000444020,0.0102436310,0.0185268261,0.0013238097,0.0000000000,0.0000000000,0.0000000000,0.0000000000,0.0000000000,0.0375737995,4.0479998589,4.0539588928,nan,nan,nan,nan,nan,nan,nan,nan,nan,nan,nan,nan,nan,-0.0607268400,-0.0113344081,0.9982905984,0.0076904260,-0.0366970785,0.0380064286
0.0062493840,0.0887580812,0.0911206603,-0.0138553727,0.0581251547,-0.0004027927,nan,nan,nan,nan,0.0000000000,0.0000000000,0.0000000000,0.0000000000,nan,nan,nan,nan,nan,nan,nan,nan,nan,nan,nan,nan,nan,-0.0080737770,-0.0023912271,0.0015661138,-0.0012169011,-0.0001637020,0.0003799249,0.0102436310,0.0185268261,0.0013238097,0.0000000000,0.0000000000,0.0000000000,0.0000000000,0.0000000000,0.0375737995,4.0479998589,4.0539588928,nan,nan,nan,nan,nan,nan,nan,nan,nan,nan,nan,nan,nan,-0.0607268400,-0.0113344081,0.9982905984,0.0076904260,-0.0366970785,0.0380064286
0.0069049145,0.0889747813,0.0910135210,-0.0110842659,0.0581256553,-0.0003222341,nan,nan,nan,nan,0.0000000000,0.0000000000,0.0000000000,0.0000000000,nan,nan,nan,nan,nan,nan,nan,nan,nan,nan,nan,nan,nan,-0.0100884726,-0.0027126709,0.0016016987,-0.0012169011,-0.0001637020,0.0003799249,0.0102436310,0.0185268261,0.0013238097,0.0000000000,0.0000000000,0.0000000000,0.0000000000,0.0000000000,0.0375737995,4.0479998589,4.0539588928,nan,nan,nan,nan,nan,nan,nan,nan,nan,nan,nan,nan,nan,-0.0585111789,-0.0123952106,1.0004929304,0.0076904260,-0.0366970785,0.0380064286
0.0069049145,0.0889747813,0.0910135210,-0.0110842659,0.0581256553,-0.0003222341,nan,nan,nan,nan,0.0000000000,0.0000000000,0.0000000000,0.0000000000,nan,nan,nan,nan,nan,nan,nan,nan,nan,nan,nan,nan,nan,-0.0100884726,-0.0027126709,0.0016016987,0.0026367127,0.0010657045,-0.0002980983,0.0070170821,-0.0131824091,-0.0042439094,0.0000000000,0.0000000000,0.0000000000,0.0000000000,0.0000000000,0.0375737995,4.0479998589,4.0539588928,nan,nan,nan,nan,nan,nan,nan,nan,nan,nan,nan,nan,nan,-0.0585111789,-0.0123952106,1.0004929304,0.0753825754,0.0575204752,-0.0720289052
0.0069049145,0.0889747813,0.0910135210,-0.0110842659,0.0581256553,-0.0003222341,nan,nan,nan,nan,0.0000000000,0.0000000000,0.0000000000,0.0000000000,nan,nan,nan,nan,nan,nan,nan,nan,nan,nan,nan,nan,nan,-0.0069222762,-0.0018200891,0.0010472895,0.0026367127,0.0010657045,-0.0002980983,0.0070170821,-0.0131824091,-0.0042439094,0.0000000000,0.0000000000,0.0000000000,0.0000000000,0.0000000000,0.0375737995,4.0479998589,4.0539588928,nan,nan,nan,nan,nan,nan,nan,nan,nan,nan,nan,nan,nan,-0.0585111789,-0.0123952106,1.0004929304,0.0753825754,0.0575204752,-0.0720289052
0.0065643461,0.0888895616,0.0910675302,-0.0138553727,0.0581251547,-0.0004027927,nan,nan,nan,nan,0.0000000000,0.0000000000,0.0000000000,0.0000000000,nan,nan,nan,nan,nan,nan,nan,nan,nan,nan,nan,nan,nan,-0.0069222762,-0.0018200891,0.0010472895,0.0026367127,0.0010657045,-0.0002980983,-0.0051304656,-0.0182777029,0.0154296337,0.0000000000,0.0000000000,0.0000000000,0.0000000000,0.0000000000,0.0345968418,4.0479998589,4.0539588928,nan,nan,nan,nan,nan,nan,nan,nan,nan,nan,nan,nan,nan,-0.0584538840,-0.0128814764,0.9986470342,-0.1217656508,-0.5832522511,-0.0686799362
0.0065643461,0.0888895616,0.0910675302,-0.0138553727,0.0581251547,-0.0004027927,nan,nan,nan,nan,0.0000000000,0.0000000000,0.0000000000,0.0000000000,nan,nan,nan,nan,nan,nan,nan,nan,nan,nan,nan,nan,nan,-0.0093962168,-0.0027900704,0.0020589442,-0.0003325006,0.0001883330,0.0002107844,-0.0051304656,-0.0182777029,0.0154296337,0.0000000000,0.0000000000,0.0000000000,0.0000000000,0.0000000000,0.0345968418,4.0479998589,4.0539588928,nan,nan,nan,nan,nan,nan,nan,nan,nan,nan,nan,nan,nan,-0.0584538840,-0.0128814764,0.9986470342,-0.1217656508,-0.5832522511,-0.0686799362
0.0066452660,0.0889019892,0.0910595134,-0.0138553727,0.0581251547,-0.0004027927,nan,nan,nan,nan,0.0000000000,0.0000000000,0.0000000000,0.0000000000,nan,nan,nan,nan,nan,nan,nan,nan,nan,nan,nan,nan,nan,-0.0093962168,-0.0027900704,0.0020589442,-0.0003325006,0.0001883330,0.0002107844,-0.0051304656,-0.0182777029,0.0154296337,0.0000000000,0.0000000000,0.0000000000,0.0000000000,0.0000000000,0.0345968418,4.0479998589,4.0486803055,nan,nan,nan,nan,nan,nan,nan,nan,nan,nan,nan,nan,nan,-0.0581980459,-0.0143577140,1.0004674196,-0.1217656508,-0.5832522511,-0.0686799362
0.0066452660,0.0889019892,0.0910595134,-0.0138553727,0.0581251547,-0.0004027927,nan,nan,nan,nan,0.0000000000,0.0000000000,0.0000000000,0.0000000000,nan,nan,nan,nan,nan,nan,nan,nan,nan,nan,nan,nan,nan,-0.0093962168,-0.0027900704,0.0020589442,-0.0003325006,0.0001883330,0.0002107844,-0.0097624147,-0.0256351307,-0.0023728001,0.0000000000,0.0000000000,0.0000000000,0.0000000000,0.0000000000,0.0345968418,4.0479998589,4.0486803055,nan,nan,nan,nan,nan,nan,nan,nan,nan,nan,nan,nan,nan,-0.0581980459,-0.0143577140,1.0004674196,0.0042301565,0.1874046177,0.1552711874
0.0066452660,0.0889019892,0.0910595134,-0.0138553727,0.0581251547,-0.0004027927,nan,nan,nan,nan,0.0000000000,0.0000000000,0.0000000000,0.0000000000,nan,nan,nan,nan,nan,nan,nan,nan,nan,nan,nan,nan,nan,-0.0089341886,-0.0033503878,0.0018112363,-0.0000305624,0.0000213135,0.0001552019,-0.0097624147,-0.0256351307,-0.0023728001,0.0000000000,0.0000000000,0.0000000000,0.0000000000,0.0000000000,0.0345968418,4.0479998589,4.0486803055,nan,nan,nan,nan,nan,nan,nan,nan,nan,nan,nan,nan,nan,-0.0581980459,-0.0143577140,1.0004674196,0.0042301565,0.1874046177,0.1552711874
0.0062123570,0.0887461826,0.0911485851,-0.0138553727,0.0581251547,-0.0004027927,nan,nan,nan,nan,0.0000000000,0.0000000000,0.0000000000,0.0000000000,nan,nan,nan,nan,nan,nan,nan,nan,nan,nan,nan,nan,nan,-0.0089341886,-0.0033503878,0.0018112363,-0.0000305624,0.0000213135,0.0001552019,-0.0173228588,0.0122823799,0.0182690416,0.0000000000,0.0000000000,0.0000000000,0.0000000000,0.0000000000,0.0370559357,4.0479998589,4.0486803055,nan,nan,nan,nan,nan,nan,nan,nan,nan,nan,nan,nan,nan,-0.0607067645,-0.0093087042,0.9994644523,0.1050719544,-0.4035852849,-0.0026946790
0.0062123570,0.0887461826,0.0911485851,-0.0138553727,0.0581251547,-0.0004027927,nan,nan,nan,nan,0.0000000000,0.0000000000,0.0000000000,0.0000000000,nan,nan,nan,nan,nan,nan,nan,nan,nan,nan,nan,nan,nan,-0.0113009140,-0.0032151905,0.0026302282,-0.0021611538,-0.0007055684,0.0005647243,-0.0173228588,0.0122823799,0.0182690416,0.0000000000,0.0000000000,0.0000000000,0.0000000000,0.0000000000,0.0370559357,4.0479998589,4.0486803055,nan,nan,nan,nan,nan,nan,nan,nan,nan,nan,nan,nan,nan,-0.0607067645,-0.0093087042,0.9994644523,0.1050719544,-0.4035852849,-0.0026946790
0.0056406953,0.0885710865,0.0912744179,-0.0138553727,0.0581251547,-0.0004027927,nan,nan,nan,nan,0.0000000000,0.0000000000,0.0000000000,0.0000000000,nan,nan,nan,nan,nan,nan,nan,nan,nan,nan,nan,nan,nan,-0.0113009140,-0.0032151905,0.0026302282,-0.0021611538,-0.0007055684,0.0005647243,-0.0173228588,0.0122823799,0.0182690416,0.0000000000,0.0000000000,0.0000000000,0.0000000000,0.0000000000,0.0370559357,4.0479998589,4.0486803055,nan,nan,nan,nan,nan,nan,nan,nan,nan,nan,nan,nan,nan,-0.0600781143,-0.0112753715,0.9973459840,0.1050719544,-0.4035852849,-0.0026946790
0.0056406953,0.0885710865,0.0912744179,-0.0138553727,0.0581251547,-0.0004027927,nan,nan,nan,nan,0.0000000000,0.0000000000,0.0000000000,0.0000000000,nan,nan,nan,nan,nan,nan,nan,nan,nan,nan,nan,nan,nan,-0.0113009140,-0.0032151905,0.0026302282,-0.0021611538,-0.0007055684,0.0005647243,0.0001398395,-0.0112163667,-0.0097683584,0.0000000000,0.0000000000,0.0000000000,0.0000000000,0.0000000000,0.0370559357,4.0479998589,4.0486803055,nan,nan,nan,nan,nan,nan,nan,nan,nan,nan,nan,nan,nan,-0.0600781143,-0.0112753715,0.9973459840,0.1387625784,0.3246512115,-0.1244174391
0.0056406953,0.0885710865,0.0912744179,-0.0138553727,0.0581251547,-0.0004027927,nan,nan,nan,nan,0.0000000000,0.0000000000,0.0000000000,0.0000000000,nan,nan,nan,nan,nan,nan,nan,nan,nan,nan,nan,nan,nan,-0.0143222753,-0.0046190466,0.0028025419,-0.0056791045,-0.0017859387,0.0012991575,0.0001398395,-0.0112163667,-0.0097683584,0.0000000000,0.0000000000,0.0000000000,0.0000000000,0.0000000000,0.0370559357,4.0479998589,4.0486803055,nan,nan,nan,nan,nan,nan,nan,nan,nan,nan,nan,nan,nan,-0.0600781143,-0.0112753715,0.9973459840,0.1387625784,0.3246512115,-0.1244174391
0.0049400106,0.0883445814,0.0914153233,-0.0138553727,0.0581251547,-0.0004027927,nan,nan,nan,nan,0.0000000000,0.0000000000,0.0000000000,0.0000000000,nan,nan,nan,nan,nan,nan,nan,nan,nan,nan,nan,nan,nan,-0.0143222753,-0.0046190466,0.0028025419,-0.0056791045,-0.0017859387,0.0012991575,-0.0108814640,-0.0106736533,-0.0028195274,0.0000000000,0.0000000000,0.0000000000,0.0000000000,0.0000000000,0.0376142934,4.0479998589,4.0486803055,nan,nan,nan,nan,nan,nan,nan,nan,nan,nan,nan,nan,nan,-0.0593760051,-0.0153180277,0.9982596636,-0.1286490709,-0.0307958610,0.0993561372
0.0049400106,0.0883445814,0.0914153233,-0.0138553727,0.0581251547,-0.0004027927,nan,nan,nan,nan,0.0000000000,0.0000000000,0.0000000000,0.0000000000,nan,nan,nan,nan,nan,nan,nan,nan,nan,nan,nan,nan,nan,-0.0170574766,-0.0061599030,0.0030858452,-0.0075574890,-0.0024773709,0.0015862226,-0.0108814640,-0.0106736533,-0.0028195274,0.0000000000,0.0000000000,0.0000000000,0.0000000000,0.0000000000,0.0376142934,4.0479998589,4.0486803055,nan,nan,nan,nan,nan,nan,nan,nan,nan,nan,nan,nan,nan,-0.0593760051,-0.0153180277,0.9982596636,-0.1286490709,-0.0307958610,0.0993561372
0.0066213664,0.0888702646,0.0910608917,-0.0138553727,0.0581251547,-0.0004027927,nan,nan,nan,nan,0.0000000000,0.0000000000,0.0000000000,0.0000000000,nan,nan,nan,nan,nan,nan,nan,nan,nan,nan,nan,nan,nan,-0.0170574766,-0.0061599030,0.0030858452,-0.0075574890,-0.0024773709,0.0015862226,-0.0108814640,-0.0106736533,-0.0028195274,0.0000000000,0.0000000000,0.0000000000,0.0000000000,0.0000000000,0.0376142934,4.0479998589,4.0486803055,nan,nan,nan,nan,nan,nan,nan,nan,nan,nan,nan,nan,nan,-0.0582907796,-0.0139318006,1.0004326105,-0.1286490709,-0.0307958610,0.0993561372
0.0066213664,0.0888702646,0.0910608917,-0.0138553727,0.0581251547,-0.0004027927,nan,nan,nan,nan,0.0000000000,0.0000000000,0.0000000000,0.0000000000,nan,nan,nan,nan,nan,nan,nan,nan,nan,nan,nan,nan,nan,-0.0170574766,-0.0061599030,0.0030858452,0.0034797699,0.0009366912,-0.0007391884,0.0030729563,-0.0053329812,0.0188993718,0.0000000000,0.0000000000,0.0000000000,0.0000000000,0.0000000000,0.0376142934,4.0479998589,4.0486803055,nan,nan,nan,nan,nan,nan,nan,nan,nan,nan,nan,nan,nan,-0.0582907796,-0.0139318006,1.0004326105,-0.1868642271,-0.2450976670,-0.0139146950
0.0066213664,0.0888702646,0.0910608917,-0.0138553727,0.0581251547,-0.0004027927,nan,nan,nan,nan,0.0000000000,0.0000000000,0.0000000000,0.0000000000,nan,nan,nan,nan,nan,nan,nan,nan,nan,nan,nan,nan,nan,-0.0079226186,-0.0032747886,0.0016305221,0.0034797699,0.0009366912,-0.0007391884,0.0030729563,-0.0053329812,0.0188993718,0.0000000000,0.0000000000,0.0000000000,0.0000000000,0.0000000000,0.0376142934,4.0479998589,4.0486803055,nan,nan,nan,nan,nan,nan,nan,nan,nan,nan,nan,nan,nan,-0.0582907796,-0.0139318006,1.0004326105,-0.1868642271,-0.2450976670,-0.0139146950
0.0062378654,0.0887076110,0.0911287069,-0.0138553727,0.0581251547,-0.0004027927,nan,nan,nan,nan,0.0000000000,0.0000000000,0.0000000000,0.0000000000,nan,nan,nan,nan,nan,nan,nan,nan,nan,nan,nan,nan,nan,-0.0079226186,-0.0032747886,0.0016305221,0.0034797699,0.0009366912,-0.0007391884,-0.0210645217,-0.0026812099,0.0052262414,0.0000000000,0.0000000000,0.0000000000,0.0000000000,0.0000000000,0.0383131318,4.0479998589,4.0486803055,nan,nan,nan,nan,nan,nan,nan,nan,nan,nan,nan,nan,nan,-0.0588575192,-0.0133526661,0.9983044267,-0.0397985168,-0.1453302801,-0.1134974211
0.0062378654,0.0887076110,0.0911287069,-0.0138553727,0.0581251547,-0.0004027927,nan,nan,nan,nan,0.0000000000,0.0000000000,0.0000000000,0.0000000000,nan,nan,nan,nan,nan,nan,nan,nan,nan,nan,nan,nan,nan,-0.0098206429,-0.0038227316,0.0014974795,0.0007141136,-0.0001017821,-0.0002387698,-0.0210645217,-0.0026812099,0.0052262414,0.0000000000,0.0000000000,0.0000000000,0.0000000000,0.0000000000,0.0383131318,4.0479998589,4.0486803055,nan,nan,nan,nan,nan,nan,nan,nan,nan,nan,nan,nan,nan,-0.0588575192,-0.0133526661,0.9983044267,-0.0397985168,-0.1453302801,-0.1134974211
0.0057621393,0.0885176957,0.0911979452,-0.0138553727,0.0581251547,-0.0004027927,nan,nan,nan,nan,0.0000000000,0.0000000000,0.0000000000,0.0000000000,nan,nan,nan,nan,nan,nan,nan,nan,nan,nan,nan,nan,nan,-0.0098206429,-0.0038227316,0.0014974795,0.0007141136,-0.0001017821,-0.0002387698,-0.0210645217,-0.0026812099,0.0052262414,0.0000000000,0.0000000000,0.0000000000,0.0000000000,0.0000000000,0.0383131318,4.0479998589,4.0486803055,nan,nan,nan,nan,nan,nan,nan,nan,nan,nan,nan,nan,nan,-0.0620404035,-0.0122278994,0.9969097972,-0.0397985168,-0.1453302801,-0.1134974211
0.0057621393,0.0885176957,0.0911979452,-0.0138553727,0.0581251547,-0.0004027927,nan,nan,nan,nan,0.0000000000,0.0000000000,0.0000000000,0.0000000000,nan,nan,nan,nan,nan,nan,nan,nan,nan,nan,nan,nan,nan,-0.0098206429,-0.0038227316,0.0014974795,0.0007141136,-0.0001017821,-0.0002387698,-0.0102025364,-0.0131991524,0.0151805421,0.0000000000,0.0000000000,0.0000000000,0.0000000000,0.0000000000,0.0383131318,4.0479998589,4.0486803055,nan,nan,nan,nan,nan,nan,nan,nan,nan,nan,nan,nan,nan,-0.0620404035,-0.0122278994,0.9969097972,-0.0457536355,-0.1021835133,-0.0701909065
0.0057621393,0.0885176957,0.0911979452,-0.0138553727,0.0581251547,-0.0004027927,nan,nan,nan,nan,0.0000000000,0.0000000000,0.0000000000,0.0000000000,nan,nan,nan,nan,nan,nan,nan,nan,nan,nan,nan,nan,nan,-0.0125826020,-0.0041975155,0.0015542419,-0.0030113827,-0.0013325874,0.0002526738,-0.0102025364,-0.0131991524,0.0151805421,0.0000000000,0.0000000000,0.0000000000,0.0000000000,0.0000000000,0.0383131318,4.0479998589,4.0486803055,nan,nan,nan,nan,nan,nan,nan,nan,nan,nan,nan,nan,nan,-0.0620404035,-0.0122278994,0.9969097972,-0.0457536355,-0.1021835133,-0.0701909065
0.0051504099,0.0883123428,0.0912681669,-0.0138553727,0.0581251547,-0.0004027927,nan,nan,nan,nan,0.0000000000,0.0000000000,0.0000000000,0.0000000000,nan,nan,nan,nan,nan,nan,nan,nan,nan,nan,nan,nan,nan,-0.0125826020,-0.0041975155,0.0015542419,-0.0030113827,-0.0013325874,0.0002526738,0.0203704219,-0.0077957110,0.0151594924,0.0000000000,0.0000000000,0.0000000000,0.0000000000,0.0000000000,0.0385906361,4.0479998589,4.0486803055,nan,nan,nan,nan,nan,nan,nan,nan,nan,nan,nan,nan,nan,-0.0563401803,-0.0124308942,0.9998167157,-0.1350687146,0.1813870668,0.3365544975
0.0051504099,0.0883123428,0.0912681669,-0.0138553727,0.0581251547,-0.0004027927,nan,nan,nan,nan,0.0000000000,0.0000000000,0.0000000000,0.0000000000,nan,nan,nan,nan,nan,nan,nan,nan,nan,nan,nan,nan,nan,-0.0146769751,-0.0049036425,0.0021104454,-0.0051680673,-0.0019543136,0.0005576537,0.0203704219,-0.0077957110,0.0151594924,0.0000000000,0.0000000000,0.0000000000,0.0000000000,0.0000000000,0.0385906361,4.0479998589,4.0486803055,nan,nan,nan,nan,nan,nan,nan,nan,nan,nan,nan,nan,nan,-0.0563401803,-0.0124308942,0.9998167157,-0.1350687146,0.1813870668,0.3365544975
0.0067128683,0.0888967067,0.0910364389,-0.0138553727,0.0581251547,-0.0004027927,nan,nan,nan,nan,0.0000000000,0.0000000000,0.0000000000,0.0000000000,nan,nan,nan,nan,nan,nan,nan,nan,nan,nan,nan,nan,nan,-0.0146769751,-0.0049036425,0.0021104454,-0.0051680673,-0.0019543136,0.0005576537,0.0203704219,-0.0077957110,0.0151594924,0.0000000000,0.0000000000,0.0000000000,0.0000000000,0.0000000000,0.0385906361,4.0479998589,4.0486803055,nan,nan,nan,nan,nan,nan,nan,nan,nan,nan,nan,nan,nan,-0.0559241362,-0.0116611337,1.0001252890,-0.1350687146,0.1813870668,0.3365544975
0.0067128683,0.0888967067,0.0910364389,-0.0138553727,0.0581251547,-0.0004027927,nan,nan,nan,nan,0.0000000000,0.0000000000,0.0000000000,0.0000000000,nan,nan,nan,nan,nan,nan,nan,nan,nan,nan,nan,nan,nan,-0.0146769751,-0.0049036425,0.0021104454,0.0050441199,0.0019380531,-0.0008893039,-0.0043117790,0.0099628158,0.0011764598,0.0000000000,0.0000000000,0.0000000000,0.0000000000,0.0000000000,0.0385906361,4.0479998589,4.0486803055,nan,nan,nan,nan,nan,nan,nan,nan,nan,nan,nan,nan,nan,-0.0559241362,-0.0116611337,1.0001252890,-0.0789860263,-0.0549923964,0.1923342347
0.0067128683,0.0888967067,0.0910364389,-0.0138553727,0.0581251547,-0.0004027927,nan,nan,nan,nan,0.0000000000,0.0000000000,0.0000000000,0.0000000000,nan,nan,nan,nan,nan,nan,nan,nan,nan,nan,nan,nan,nan,-0.0066251513,-0.0014304651,0.0008464768,0.0050441199,0.0019380531,-0.0008893039,-0.0043117790,0.0099628158,0.0011764598,0.0000000000,0.0000000000,0.0000000000,0.0000000000,0.0000000000,0.0385906361,4.0479998589,4.0486803055,nan,nan,nan,nan,nan,nan,nan,nan,nan,nan,nan,nan,nan,-0.0559241362,-0.0116611337,1.0001252890,-0.0789860263,-0.0549923964,0.1923342347
0.0063900794,0.0888217017,0.0910727903,-0.0138553727,0.0581251547,-0.0004027927,nan,nan,nan,nan,0.0000000000,0.0000000000,0.0000000000,0.0000000000,nan,nan,nan,nan,nan,nan,nan,nan,nan,nan,nan,nan,nan,-0.0066251513,-0.0014304651,0.0008464768,0.0050441199,0.0019380531,-0.0008893039,-0.0016321617,0.0137050897,0.0087591298,0.0000000000,0.0000000000,0.0000000000,0.0000000000,0.0000000000,0.0406077206,4.0479998589,4.0486803055,nan,nan,nan,nan,nan,nan,nan,nan,nan,nan,nan,nan,nan,-0.0593675338,-0.0127578322,0.9971345067,0.0509244353,0.0511757024,0.0632625595
0.0063900794,0.0888217017,0.0910727903,-0.0138553727,0.0581251547,-0.0004027927,nan,nan,nan,nan,0.0000000000,0.0000000000,0.0000000000,0.0000000000,nan,nan,nan,nan,nan,nan,nan,nan,nan,nan,nan,nan,nan,-0.0090966783,-0.0017846816,0.0007757875,0.0020646639,0.0010598644,-0.0005220847,-0.0016321617,0.0137050897,0.0087591298,0.0000000000,0.0000000000,0.0000000000,0.0000000000,0.0000000000,0.0406077206,4.0479998589,4.0486803055,nan,nan,nan,nan,nan,nan,nan,nan,nan,nan,nan,nan,nan,-0.0593675338,-0.0127578322,0.9971345067,0.0509244353,0.0511757024,0.0632625595
0.0067093913,0.0889254734,0.0910284221,-0.0138553727,0.0581251547,-0.0004027927,nan,nan,nan,nan,0.0000000000,0.0000000000,0.0000000000,0.0000000000,nan,nan,nan,nan,nan,nan,nan,nan,nan,nan,nan,nan,nan,-0.0090966783,-0.0017846816,0.0007757875,0.0020646639,0.0010598644,-0.0005220847,-0.0016321617,0.0137050897,0.0087591298,0.0000000000,0.0000000000,0.0000000000,0.0000000000,0.0000000000,0.0406077206,4.0479998589,4.0486803055,nan,nan,nan,nan,nan,nan,nan,nan,nan,nan,nan,nan,nan,-0.0589836091,-0.0150875645,0.9983165264,0.0509244353,0.0511757024,0.0632625595
0.0067093913,0.0889254734,0.0910284221,-0.0138553727,0.0581251547,-0.0004027927,nan,nan,nan,nan,0.0000000000,0.0000000000,0.0000000000,0.0000000000,nan,nan,nan,nan,nan,nan,nan,nan,nan,nan,nan,nan,nan,-0.0090966783,-0.0017846816,0.0007757875,0.0020646639,0.0010598644,-0.0005220847,0.0086744763,-0.0291205216,-0.0022704739,0.0000000000,0.0000000000,0.0000000000,0.0000000000,0.0000000000,0.0406077206,4.0479998589,4.0486803055,nan,nan,nan,nan,nan,nan,nan,nan,nan,nan,nan,nan,nan,-0.0589836091,-0.0150875645,0.9983165264,-0.0223877579,-0.0612865016,-0.0613473319
0.0067093913,0.0889254734,0.0910284221,-0.0138553727,0.0581251547,-0.0004027927,nan,nan,nan,nan,0.0000000000,0.0000000000,0.0000000000,0.0000000000,nan,nan,nan,nan,nan,nan,nan,nan,nan,nan,nan,nan,nan,-0.0074053919,-0.0016437613,0.0003897043,0.0029949390,0.0013086481,-0.0006348245,0.0086744763,-0.0291205216,-0.0022704739,0.0000000000,0.0000000000,0.0000000000,0.0000000000,0.0000000000,0.0406077206,4.0479998589,4.0486803055,nan,nan,nan,nan,nan,nan,nan,nan,nan,nan,nan,nan,nan,-0.0589836091,-0.0150875645,0.9983165264,-0.0223877579,-0.0612865016,-0.0613473319
0.0063463803,0.0888515636,0.0910438299,-0.0138553727,0.0581251547,-0.0004027927,nan,nan,nan,nan,0.0000000000,0.0000000000,0.0000000000,0.0000000000,nan,nan,nan,nan,nan,nan,nan,nan,nan,nan,nan,nan,nan,-0.0074053919,-0.0016437613,0.0003897043,0.0029949390,0.0013086481,-0.0006348245,-0.0108443657,0.0069371774,0.0001192832,0.0000000000,0.0000000000,0.0000000000,0.0000000000,0.0000000000,0.0440394767,4.0479998589,4.0486803055,nan,nan,nan,nan,nan,nan,nan,nan,nan,nan,nan,nan,nan,-0.0585936308,-0.0106776319,0.9979902506,0.1105628088,0.1139458269,-0.0291547850
0.0063463803,0.0888515636,0.0910438299,-0.0138553727,0.0581251547,-0.0004027927,nan,nan,nan,nan,0.0000000000,0.0000000000,0.0000000000,0.0000000000,nan,nan,nan,nan,nan,nan,nan,nan,nan,nan,nan,nan,nan,-0.0101006953,-0.0020327098,0.0003807195,0.0003635315,0.0005756019,-0.0004031847,-0.0108443657,0.0069371774,0.0001192832,0.0000000000,0.0000000000,0.0000000000,0.0000000000,0.0000000000,0.0440394767,4.0479998589,4.0486803055,nan,nan,nan,nan,nan,nan,nan,nan,nan,nan,nan,nan,nan,-0.0585936308,-0.0106776319,0.9979902506,0.1105628088,0.1139458269,-0.0291547850
0.0058571640,0.0887498334,0.0910608768,-0.0138553727,0.0581251547,-0.0004027927,nan,nan,nan,nan,0.0000000000,0.0000000000,0.0000000000,0.0000000000,nan,nan,nan,nan,nan,nan,nan,nan,nan,nan,nan,nan,nan,-0.0101006953,-0.0020327098,0.0003807195,0.0003635315,0.0005756019,-0.0004031847,-0.0108443657,0.0069371774,0.0001192832,0.0000000000,0.0000000000,0.0000000000,0.0000000000,0.0000000000,0.0440394767,4.0479998589,4.0486803055,nan,nan,nan,nan,nan,nan,nan,nan,nan,nan,nan,nan,nan,-0.0582926944,-0.0152430702,0.9996132255,0.1105628088,0.1139458269,-0.0291547850
0.0058571640,0.0887498334,0.0910608768,-0.0138553727,0.0581251547,-0.0004027927,nan,nan,nan,nan,0.0000000000,0.0000000000,0.0000000000,0.0000000000,nan,nan,nan,nan,nan,nan,nan,nan,nan,nan,nan,nan,nan,-0.0101006953,-0.0020327098,0.0003807195,-0.0033166881,-0.0004178713,-0.0001167486,0.0166945588,-0.0170896742,0.0144730285,0.0000000000,0.0000000000,0.0000000000,0.0000000000,0.0000000000,0.0440394767,4.0479998589,4.0486803055,nan,nan,nan,nan,nan,nan,nan,nan,nan,nan,nan,nan,nan,-0.0582926944,-0.0152430702,0.9996132255,-0.2906885147,0.0080146575,0.0162278917
0.0058571640,0.0887498334,0.0910608768,-0.0138553727,0.0581251547,-0.0004027927,nan,nan,nan,nan,0.0000000000,0.0000000000,0.0000000000,0.0000000000,nan,nan,nan,nan,nan,nan,nan,nan,nan,nan,nan,nan,nan,-0.0122027984,-0.0033202502,0.0008022968,-0.0033166881,-0.0004178713,-0.0001167486,0.0166945588,-0.0170896742,0.0144730285,0.0000000000,0.0000000000,0.0000000000,0.0000000000,0.0000000000,0.0440394767,4.0479998589,4.0486803055,nan,nan,nan,nan,nan,nan,nan,nan,nan,nan,nan,nan,nan,-0.0582926944,-0.0152430702,0.9996132255,-0.2906885147,0.0080146575,0.0162278917
0.0052574268,0.0885925144,0.0910967961,-0.0138553727,0.0581251547,-0.0004027927,nan,nan,nan,nan,0.0000000000,0.0000000000,0.0000000000,0.0000000000,nan,nan,nan,nan,nan,nan,nan,nan,nan,nan,nan,nan,nan,-0.0122027984,-0.0033202502,0.0008022968,-0.0033166881,-0.0004178713,-0.0001167486,0.0044880519,-0.0054888679,0.0028663052,0.0000000000,0.0000000000,0.0000000000,0.0000000000,0.0000000000,0.0420543477,4.0479998589,4.0486803055,nan,nan,nan,nan,nan,nan,nan,nan,nan,nan,nan,nan,nan,-0.0600552149,-0.0141111100,0.9985606074,-0.1995894760,-0.0859198943,0.1626348495
0.0052574268,0.0885925144,0.0910967961,-0.0138553727,0.0581251547,-0.0004027927,nan,nan,nan,nan,0.0000000000,0.0000000000,0.0000000000,0.0000000000,nan,nan,nan,nan,nan,nan,nan,nan,nan,nan,nan,nan,nan,-0.0143365553,-0.0041913418,0.0011875564,-0.0052628289,-0.0011148007,0.0001165519,0.0044880519,-0.0054888679,0.0028663052,0.0000000000,0.0000000000,0.0000000000,0.0000000000,0.0000000000,0.0420543477,4.0479998589,4.0486803055,nan,nan,nan,nan,nan,nan,nan,nan,nan,nan,nan,nan,nan,-0.0600552149,-0.0141111100,0.9985606074,-0.1995894760,-0.0859198943,0.1626348495
0.0045543592,0.0883862600,0.0911525339,-0.0138553727,0.0581251547,-0.0004027927,nan,nan,nan,nan,0.0000000000,0.0000000000,0.0000000000,0.0000000000,nan,nan,nan,nan,nan,nan,nan,nan,nan,nan,nan,nan,nan,-0.0143365553,-0.0041913418,0.0011875564,-0.0052628289,-0.0011148007,0.0001165519,0.0044880519,-0.0054888679,0.0028663052,0.0000000000,0.0000000000,0.0000000000,0.0000000000,0.0000000000,0.0420543477,4.0479998589,4.0539588928,nan,nan,nan,nan,nan,nan,nan,nan,nan,nan,nan,nan,nan,-0.0589247942,-0.0136269610,0.9975500703,-0.1995894760,-0.0859198943,0.1626348495
0.0045543592,0.0883862600,0.0911525339,-0.0138553727,0.0581251547,-0.0004027927,nan,nan,nan,nan,0.0000000000,0.0000000000,0.0000000000,0.0000000000,nan,nan,nan,nan,nan,nan,nan,nan,nan,nan,nan,nan,nan,-0.0143365553,-0.0041913418,0.0011875564,0.0067806276,0.0016550394,-0.0004934842,-0.0011059195,-0.0100910403,0.0083685350,0.0000000000,0.0000000000,0.0000000000,0.0000000000,0.0000000000,0.0420543477,4.0479998589,4.0539588928,nan,nan,nan,nan,nan,nan,nan,nan,nan,nan,nan,nan,nan,-0.0589247942,-0.0136269610,0.9975500703,0.0086347992,-0.1305925548,-0.1984564960
0.0045543592,0.0883862600,0.0911525339,-0.0138553727,0.0581251547,-0.0004027927,nan,nan,nan,nan,0.0000000000,0.0000000000,0.0000000000,0.0000000000,nan,nan,nan,nan,nan,nan,nan,nan,nan,nan,nan,nan,nan,-0.0062085455,-0.0024644251,0.0007477939,0.0067806276,0.0016550394,-0.0004934842,-0.0011059195,-0.0100910403,0.0083685350,0.0000000000,0.0000000000,0.0000000000,0.0000000000,0.0000000000,0.0420543477,4.0479998589,4.0539588928,nan,nan,nan,nan,nan,nan,nan,nan,nan,nan,nan,nan,nan,-0.0589247942,-0.0136269610,0.9975500703,0.0086347992,-0.1305925548,-0.1984564960
0.0066534588,0.0888656005,0.0910420716,-0.0138553727,0.0581251547,-0.0004027927,nan,nan,nan,nan,0.0000000000,0.0000000000,0.0000000000,0.0000000000,nan,nan,nan,nan,nan,nan,nan,nan,nan,nan,nan,nan,nan,-0.0062085455,-0.0024644251,0.0007477939,0.0067806276,0.0016550394,-0.0004934842,0.0318985581,0.0059097628,0.0001613832,0.0000000000,0.0000000000,0.0000000000,0.0000000000,0.0000000000,0.0407753550,4.0479998589,4.0539588928,nan,nan,nan,nan,nan,nan,nan,nan,nan,nan,nan,nan,nan,-0.0582216866,-0.0099350354,0.9992401600,-0.2367357165,-0.0333234668,0.0736695528
0.0066534588,0.0888656005,0.0910420716,-0.0138553727,0.0581251547,-0.0004027927,nan,nan,nan,nan,0.0000000000,0.0000000000,0.0000000000,0.0000000000,nan,nan,nan,nan,nan,nan,nan,nan,nan,nan,nan,nan,nan,-0.0079105496,-0.0030653516,0.0012293796,0.0031931901,0.0005042490,-0.0000967716,0.0318985581,0.0059097628,0.0001613832,0.0000000000,0.0000000000,0.0000000000,0.0000000000,0.0000000000,0.0407753550,4.0479998589,4.0539588928,nan,nan,nan,nan,nan,nan,nan,nan,nan,nan,nan,nan,nan,-0.0582216866,-0.0099350354,0.9992401600,-0.2367357165,-0.0333234668,0.0736695528
0.0062635727,0.0887103826,0.0911043137,-0.0138553727,0.0581251547,-0.0004027927,nan,nan,nan,nan,0.0000000000,0.0000000000,0.0000000000,0.0000000000,nan,nan,nan,nan,nan,nan,nan,nan,nan,nan,nan,nan,nan,-0.0079105496,-0.0030653516,0.0012293796,0.0031931901,0.0005042490,-0.0000967716,0.0318985581,0.0059097628,0.0001613832,0.0000000000,0.0000000000,0.0000000000,0.0000000000,0.0000000000,0.0407753550,4.0479998589,4.0539588928,nan,nan,nan,nan,nan,nan,nan,nan,nan,nan,nan,nan,nan,-0.0578490831,-0.0125248581,0.9977164268,-0.2367357165,-0.0333234668,0.0736695528
0.0062635727,0.0887103826,0.0911043137,-0.0138553727,0.0581251547,-0.0004027927,nan,nan,nan,nan,0.0000000000,0.0000000000,0.0000000000,0.0000000000,nan,nan,nan,nan,nan,nan,nan,nan,nan,nan,nan,nan,nan,-0.0079105496,-0.0030653516,0.0012293796,0.0031931901,0.0005042490,-0.0000967716,0.0029034319,-0.0218220316,0.0135316271,0.0000000000,0.0000000000,0.0000000000,0.0000000000,0.0000000000,0.0407753550,4.0479998589,4.0539588928,nan,nan,nan,nan,nan,nan,nan,nan,nan,nan,nan,nan,nan,-0.0578490831,-0.0125248581,0.9977164268,0.0246218573,0.1284784973,0.1003423408
0.0062635727,0.0887103826,0.0911043137,-0.0138553727,0.0581251547,-0.0004027927,nan,nan,nan,nan,0.0000000000,0.0000000000,0.0000000000,0.0000000000,nan,nan,nan,nan,nan,nan,nan,nan,nan,nan,nan,nan,nan,-0.0097537050,-0.0045543551,0.0016279840,0.0000746463,-0.0005861078,0.0002779819,0.0029034319,-0.0218220316,0.0135316271,0.0000000000,0.0000000000,0.0000000000,0.0000000000,0.0000000000,0.0407753550,4.0479998589,4.0539588928,nan,nan,nan,nan,nan,nan,nan,nan,nan,nan,nan,nan,nan,-0.0578490831,-0.0125248581,0.9977164268,0.0246218573,0.1284784973,0.1003423408
0.0057880492,0.0884904265,0.0911799744,-0.0138553727,0.0581251547,-0.0004027927,nan,nan,nan,nan,0.0000000000,0.0000000000,0.0000000000,0.0000000000,nan,nan,nan,nan,nan,nan,nan,nan,nan,nan,nan,nan,nan,-0.0097537050,-0.0045543551,0.0016279840,0.0000746463,-0.0005861078,0.0002779819,0.0132401111,-0.0113085285,0.0025482166,0.0000000000,0.0000000000,0.0000000000,0.0000000000,0.0000000000,0.0424523242,4.0479998589,4.0539588928,nan,nan,nan,nan,nan,nan,nan,nan,nan,nan,nan,nan,nan,-0.0599409752,-0.0125467349,0.9980688691,-0.0794195905,0.0312546156,-0.1116486713
0.0057880492,0.0884904265,0.0911799744,-0.0138553727,0.0581251547,-0.0004027927,nan,nan,nan,nan,0.0000000000,0.0000000000,0.0000000000,0.0000000000,nan,nan,nan,nan,nan,nan,nan,nan,nan,nan,nan,nan,nan,-0.0119780535,-0.0055143284,0.0016739182,-0.0033962724,-0.0020424267,0.0007195704,0.0132401111,-0.0113085285,0.0025482166,0.0000000000,0.0000000000,0.0000000000,0.0000000000,0.0000000000,0.0424523242,4.0479998589,4.0539588928,nan,nan,nan,nan,nan,nan,nan,nan,nan,nan,nan,nan,nan,-0.0599409752,-0.0125467349,0.9980688691,-0.0794195905,0.0312546156,-0.1116486713
0.0051993649,0.0882152170,0.0912615061,-0.0138553727,0.0581251547,-0.0004027927,nan,nan,nan,nan,0.0000000000,0.0000000000,0.0000000000,0.0000000000,nan,nan,nan,nan,nan,nan,nan,nan,nan,nan,nan,nan,nan,-0.0119780535,-0.0055143284,0.0016739182,-0.0033962724,-0.0020424267,0.0007195704,0.0132401111,-0.0113085285,0.0025482166,0.0000000000,0.0000000000,0.0000000000,0.0000000000,0.0000000000,0.0424523242,4.0479998589,4.0539588928,nan,nan,nan,nan,nan,nan,nan,nan,nan,nan,nan,nan,nan,-0.0574033856,-0.0102997320,0.9993734956,-0.0794195905,0.0312546156,-0.1116486713
0.0051993649,0.0882152170,0.0912615061,-0.0138553727,0.0581251547,-0.0004027927,nan,nan,nan,nan,0.0000000000,0.0000000000,0.0000000000,0.0000000000,nan,nan,nan,nan,nan,nan,nan,nan,nan,nan,nan,nan,nan,-0.0119780535,-0.0055143284,0.0016739182,-0.0053356132,-0.0028231523,0.0009129455,0.0063853716,0.0040043630,0.0028358998,0.0000000000,0.0000000000,0.0000000000,0.0000000000,0.0000000000,0.0424523242,4.0479998589,4.0539588928,nan,nan,nan,nan,nan,nan,nan,nan,nan,nan,nan,nan,nan,-0.0574033856,-0.0102997320,0.9993734956,-0.0626738146,-0.3240277767,0.2968555391
0.0051993649,0.0882152170,0.0912615061,-0.0138553727,0.0581251547,-0.0004027927,nan,nan,nan,nan,0.0000000000,0.0000000000,0.0000000000,0.0000000000,nan,nan,nan,nan,nan,nan,nan,nan,nan,nan,nan,nan,nan,-0.0142020695,-0.0064944830,0.0019658660,-0.0053356132,-0.0028231523,0.0009129455,0.0063853716,0.0040043630,0.0028358998,0.0000000000,0.0000000000,0.0000000000,0.0000000000,0.0000000000,0.0424523242,4.0479998589,4.0539588928,nan,nan,nan,nan,nan,nan,nan,nan,nan,nan,nan,nan,nan,-0.0574033856,-0.0102997320,0.9993734956,-0.0626738146,-0.3240277767,0.2968555391
0.0044987043,0.0878946558,0.0913567767,-0.0138553727,0.0581251547,-0.0004027927,nan,nan,nan,nan,0.0000000000,0.0000000000,0.0000000000,0.0000000000,nan,nan,nan,nan,nan,nan,nan,nan,nan,nan,nan,nan,nan,-0.0142020695,-0.0064944830,0.0019658660,-0.0053356132,-0.0028231523,0.0009129455,0.0136234183,0.0310556218,0.0005964160,0.0000000000,0.0000000000,0.0000000000,0.0000000000,0.0000000000,0.0485926643,4.0479998589,4.0539588928,nan,nan,nan,nan,nan,nan,nan,nan,nan,nan,nan,nan,nan,-0.0609019324,-0.0141343353,0.9988803267,-0.0841338113,-0.3662765622,0.0816233605
0.0044987043,0.0878946558,0.0913567767,-0.0138553727,0.0581251547,-0.0004027927,nan,nan,nan,nan,0.0000000000,0.0000000000,0.0000000000,0.0000000000,nan,nan,nan,nan,nan,nan,nan,nan,nan,nan,nan,nan,nan,-0.0170136243,-0.0071416721,0.0024235321,-0.0079752030,-0.0038828438,0.0012303367,0.0136234183,0.0310556218,0.0005964160,0.0000000000,0.0000000000,0.0000000000,0.0000000000,0.0000000000,0.0485926643,4.0479998589,4.0539588928,nan,nan,nan,nan,nan,nan,nan,nan,nan,nan,nan,nan,nan,-0.0609019324,-0.0141343353,0.9988803267,-0.0841338113,-0.3662765622,0.0816233605
0.0036307867,0.0875226259,0.0914778858,-0.0138553727,0.0581251547,-0.0004027927,nan,nan,nan,nan,0.0000000000,0.0000000000,0.0000000000,0.0000000000,nan,nan,nan,nan,nan,nan,nan,nan,nan,nan,nan,nan,nan,-0.0170136243,-0.0071416721,0.0024235321,-0.0079752030,-0.0038828438,0.0012303367,0.0136234183,0.0310556218,0.0005964160,0.0000000000,0.0000000000,0.0000000000,0.0000000000,0.0000000000,0.0485926643,4.0479998589,4.0539588928,nan,nan,nan,nan,nan,nan,nan,nan,nan,nan,nan,nan,nan,-0.0601812340,-0.0098307226,1.0001039505,-0.0841338113,-0.3662765622,0.0816233605
0.0036307867,0.0875226259,0.0914778858,-0.0138553727,0.0581251547,-0.0004027927,nan,nan,nan,nan,0.0000000000,0.0000000000,0.0000000000,0.0000000000,nan,nan,nan,nan,nan,nan,nan,nan,nan,nan,nan,nan,nan,-0.0170136243,-0.0071416721,0.0024235321,-0.0107002901,-0.0048291949,0.0015987719,0.0003977866,0.0199713912,0.0248424821,0.0000000000,0.0000000000,0.0000000000,0.0000000000,0.0000000000,0.0485926643,4.0479998589,4.0539588928,nan,nan,nan,nan,nan,nan,nan,nan,nan,nan,nan,nan,nan,-0.0601812340,-0.0098307226,1.0001039505,0.0495480783,-0.4854770899,-0.1049175560
0.0036307867,0.0875226259,0.0914778858,-0.0138553727,0.0581251547,-0.0004027927,nan,nan,nan,nan,0.0000000000,0.0000000000,0.0000000000,0.0000000000,nan,nan,nan,nan,nan,nan,nan,nan,nan,nan,nan,nan,nan,-0.0192605089,-0.0073090778,0.0031512601,-0.0107002901,-0.0048291949,0.0015987719,0.0003977866,0.0199713912,0.0248424821,0.0000000000,0.0000000000,0.0000000000,0.0000000000,0.0000000000,0.0485926643,4.0479998589,4.0539588928,nan,nan,nan,nan,nan,nan,nan,nan,nan,nan,nan,nan,nan,-0.0601812340,-0.0098307226,1.0001039505,0.0495480783,-0.4854770899,-0.1049175560
0.0026542477,0.0871533155,0.0916276127,-0.0138553727,0.0581251547,-0.0004027927,nan,nan,nan,nan,0.0000000000,0.0000000000,0.0000000000,0.0000000000,nan,nan,nan,nan,nan,nan,nan,nan,nan,nan,nan,nan,nan,-0.0192605089,-0.0073090778,0.0031512601,-0.0107002901,-0.0048291949,0.0015987719,0.0021742708,-0.0150440754,0.0028043247,0.0000000000,0.0000000000,0.0000000000,0.0000000000,0.0000000000,0.0474217385,4.0479998589,4.0539588928,nan,nan,nan,nan,nan,nan,nan,nan,nan,nan,nan,nan,nan,-0.0603136085,-0.0111109903,0.9993115664,-0.0833602697,-0.0710744187,0.0205647331
0.0026542477,0.0871533155,0.0916276127,-0.0138553727,0.0581251547,-0.0004027927,nan,nan,nan,nan,0.0000000000,0.0000000000,0.0000000000,0.0000000000,nan,nan,nan,nan,nan,nan,nan,nan,nan,nan,nan,nan,nan,-0.0227892753,-0.0078175096,0.0038233818,-0.0132306190,-0.0054565864,0.0020117683,0.0021742708,-0.0150440754,0.0028043247,0.0000000000,0.0000000000,0.0000000000,0.0000000000,0.0000000000,0.0474217385,4.0479998589,4.0539588928,nan,nan,nan,nan,nan,nan,nan,nan,nan,nan,nan,nan,nan,-0.0603136085,-0.0111109903,0.9993115664,-0.0833602697,-0.0710744187,0.0205647331
0.0015300161,0.0867671892,0.0918082297,-0.0138553727,0.0581251547,-0.0004027927,nan,nan,nan,nan,0.0000000000,0.0000000000,0.0000000000,0.0000000000,nan,nan,nan,nan,nan,nan,nan,nan,nan,nan,nan,nan,nan,-0.0227892753,-0.0078175096,0.0038233818,-0.0132306190,-0.0054565864,0.0020117683,0.0021742708,-0.0150440754,0.0028043247,0.0000000000,0.0000000000,0.0000000000,0.0000000000,0.0000000000,0.0474217385,4.0479998589,4.0486803055,nan,nan,nan,nan,nan,nan,nan,nan,nan,nan,nan,nan,nan,-0.0589807965,-0.0126313176,0.9975453019,-0.0833602697,-0.0710744187,0.0205647331
0.0015300161,0.0867671892,0.0918082297,-0.0138553727,0.0581251547,-0.0004027927,nan,nan,nan,nan,0.0000000000,0.0000000000,0.0000000000,0.0000000000,nan,nan,nan,nan,nan,nan,nan,nan,nan,nan,nan,nan,nan,-0.0227892753,-0.0078175096,0.0038233818,-0.0132306190,-0.0054565864,0.0020117683,-0.0081371041,0.0126697794,0.0075943642,0.0000000000,0.0000000000,0.0000000000,0.0000000000,0.0000000000,0.0474217385,4.0479998589,4.0486803055,nan,nan,nan,nan,nan,nan,nan,nan,nan,nan,nan,nan,nan,-0.0589807965,-0.0126313176,0.9975453019,-0.0969203711,0.1334767491,-0.0823403820
0.0015300161,0.0867671892,0.0918082297,-0.0138553727,0.0581251547,-0.0004027927,nan,nan,nan,nan,0.0000000000,0.0000000000,0.0000000000,0.0000000000,nan,nan,nan,nan,nan,nan,nan,nan,nan,nan,nan,nan,nan,-0.0063391579,-0.0006744532,0.0014623489,0.0174207520,0.0074110916,-0.0024617380,-0.0081371041,0.0126697794,0.0075943642,0.0000000000,0.0000000000,0.0000000000,0.0000000000,0.0000000000,0.0474217385,4.0479998589,4.0486803055,nan,nan,nan,nan,nan,nan,nan,nan,nan,nan,nan,nan,nan,-0.0589807965,-0.0126313176,0.9975453019,-0.0969203711,0.1334767491,-0.0823403820
0.0065280800,0.0888891444,0.0910827368,-0.0138553727,0.0581251547,-0.0004027927,nan,nan,nan,nan,0.0000000000,0.0000000000,0.0000000000,0.0000000000,nan,nan,nan,nan,nan,nan,nan,nan,nan,nan,nan,nan,nan,-0.0063391579,-0.0006744532,0.0014623489,0.0174207520,0.0074110916,-0.0024617380,-0.0079281665,-0.0114175230,-0.0044590868,0.0000000000,0.0000000000,0.0000000000,0.0000000000,0.0000000000,0.0496476740,4.0479998589,4.0486803055,nan,nan,nan,nan,nan,nan,nan,nan,nan,nan,nan,nan,nan,-0.0580603853,-0.0136916572,0.9972617030,-0.2484412193,-0.5237801671,-0.0673144758
0.0065280800,0.0888891444,0.0910827368,-0.0138553727,0.0581251547,-0.0004027927,nan,nan,nan,nan,0.0000000000,0.0000000000,0.0000000000,0.0000000000,nan,nan,nan,nan,nan,nan,nan,nan,nan,nan,nan,nan,nan,-0.0093761217,-0.0015283191,0.0012126327,0.0105130570,0.0050930465,-0.0014196353,-0.0079281665,-0.0114175230,-0.0044590868,0.0000000000,0.0000000000,0.0000000000,0.0000000000,0.0000000000,0.0496476740,4.0479998589,4.0486803055,nan,nan,nan,nan,nan,nan,nan,nan,nan,nan,nan,nan,nan,-0.0580603853,-0.0136916572,0.9972617030,-0.2484412193,-0.5237801671,-0.0673144758
0.0060732230,0.0888209194,0.0911458656,-0.0138553727,0.0581251547,-0.0004027927,nan,nan,nan,nan,0.0000000000,0.0000000000,0.0000000000,0.0000000000,nan,nan,nan,nan,nan,nan,nan,nan,nan,nan,nan,nan,nan,-0.0093761217,-0.0015283191,0.0012126327,0.0105130570,0.0050930465,-0.0014196353,-0.0079281665,-0.0114175230,-0.0044590868,0.0000000000,0.0000000000,0.0000000000,0.0000000000,0.0000000000,0.0496476740,4.0479998589,4.0486803055,nan,nan,nan,nan,nan,nan,nan,nan,nan,nan,nan,nan,nan,-0.0588994883,-0.0124622658,0.9998940825,-0.2484412193,-0.5237801671,-0.0673144758
0.0060732230,0.0888209194,0.0911458656,-0.0138553727,0.0581251547,-0.0004027927,nan,nan,nan,nan,0.0000000000,0.0000000000,0.0000000000,0.0000000000,nan,nan,nan,nan,nan,nan,nan,nan,nan,nan,nan,nan,nan,-0.0093761217,-0.0015283191,0.0012126327,0.0098218126,0.0042305700,-0.0014469934,0.0072624972,-0.0105728498,-0.0069307052,0.0000000000,0.0000000000,0.0000000000,0.0000000000,0.0000000000,0.0496476740,4.0479998589,4.0486803055,nan,nan,nan,nan,nan,nan,nan,nan,nan,nan,nan,nan,nan,-0.0588994883,-0.0124622658,0.9998940825,0.0848834142,-0.2974714339,-0.0175659899
0.0060732230,0.0888209194,0.0911458656,-0.0138553727,0.0581251547,-0.0004027927,nan,nan,nan,nan,0.0000000000,0.0000000000,0.0000000000,0.0000000000,nan,nan,nan,nan,nan,nan,nan,nan,nan,nan,nan,nan,nan,-0.0068700165,-0.0010996393,0.0008878177,0.0098218126,0.0042305700,-0.0014469934,0.0072624972,-0.0105728498,-0.0069307052,0.0000000000,0.0000000000,0.0000000000,0.0000000000,0.0000000000,0.0496476740,4.0479998589,4.0486803055,nan,nan,nan,nan,nan,nan,nan,nan,nan,nan,nan,nan,nan,-0.0588994883,-0.0124622658,0.9998940825,0.0848834142,-0.2974714339,-0.0175659899
0.0064204182,0.0888978913,0.0910747871,-0.0138553727,0.0581251547,-0.0004027927,nan,nan,nan,nan,0.0000000000,0.0000000000,0.0000000000,0.0000000000,nan,nan,nan,nan,nan,nan,nan,nan,nan,nan,nan,nan,nan,-0.0068700165,-0.0010996393,0.0008878177,0.0098218126,0.0042305700,-0.0014469934,-0.0012011275,-0.0136983683,0.0016582705,0.0000000000,0.0000000000,0.0000000000,0.0000000000,0.0000000000,0.0463996865,4.0479998589,4.0486803055,nan,nan,nan,nan,nan,nan,nan,nan,nan,nan,nan,nan,nan,-0.0581858121,-0.0128949713,0.9983344078,-0.2488976568,-0.2484182864,0.1301767975
0.0064204182,0.0888978913,0.0910747871,-0.0138553727,0.0581251547,-0.0004027927,nan,nan,nan,nan,0.0000000000,0.0000000000,0.0000000000,0.0000000000,nan,nan,nan,nan,nan,nan,nan,nan,nan,nan,nan,nan,nan,-0.0096173137,-0.0019238839,0.0010367716,0.0049521881,0.0026904384,-0.0008192149,-0.0012011275,-0.0136983683,0.0016582705,0.0000000000,0.0000000000,0.0000000000,0.0000000000,0.0000000000,0.0463996865,4.0479998589,4.0486803055,nan,nan,nan,nan,nan,nan,nan,nan,nan,nan,nan,nan,nan,-0.0581858121,-0.0128949713,0.9983344078,-0.2488976568,-0.2484182864,0.1301767975
0.0059512737,0.0888090581,0.0911227614,-0.0138553727,0.0581251547,-0.0004027927,nan,nan,nan,nan,0.0000000000,0.0000000000,0.0000000000,0.0000000000,nan,nan,nan,nan,nan,nan,nan,nan,nan,nan,nan,nan,nan,-0.0096173137,-0.0019238839,0.0010367716,0.0049521881,0.0026904384,-0.0008192149,-0.0012011275,-0.0136983683,0.0016582705,0.0000000000,0.0000000000,0.0000000000,0.0000000000,0.0000000000,0.0463996865,4.0479998589,4.0486803055,nan,nan,nan,nan,nan,nan,nan,nan,nan,nan,nan,nan,nan,-0.0582955591,-0.0107877869,1.0006623268,-0.2488976568,-0.2484182864,0.1301767975
0.0059512737,0.0888090581,0.0911227614,-0.0138553727,0.0581251547,-0.0004027927,nan,nan,nan,nan,0.0000000000,0.0000000000,0.0000000000,0.0000000000,nan,nan,nan,nan,nan,nan,nan,nan,nan,nan,nan,nan,nan,-0.0096173137,-0.0019238839,0.0010367716,0.0049521881,0.0026904384,-0.0008192149,0.0147951804,0.0088693798,0.0024827279,0.0000000000,0.0000000000,0.0000000000,0.0000000000,0.0000000000,0.0463996865,4.0479998589,4.0486803055,nan,nan,nan,nan,nan,nan,nan,nan,nan,nan,nan,nan,nan,-0.0582955591,-0.0107877869,1.0006623268,0.0636251047,-0.1432751268,0.0771215037
0.0059512737,0.0888090581,0.0911227614,-0.0138553727,0.0581251547,-0.0004027927,nan,nan,nan,nan,0.0000000000,0.0000000000,0.0000000000,0.0000000000,nan,nan,nan,nan,nan,nan,nan,nan,nan,nan,nan,nan,nan,-0.0061967359,-0.0011454365,0.0007478047,0.0067156889,0.0025185600,-0.0009935885,0.0147951804,0.0088693798,0.0024827279,0.0000000000,0.0000000000,0.0000000000,0.0000000000,0.0000000000,0.0463996865,4.0479998589,4.0486803055,nan,nan,nan,nan,nan,nan,nan,nan,nan,nan,nan,nan,nan,-0.0582955591,-0.0107877869,1.0006623268,0.0636251047,-0.1432751268,0.0771215037
0.0064801360,0.0889022946,0.0910536274,-0.0138553727,0.0581251547,-0.0004027927,nan,nan,nan,nan,0.0000000000,0.0000000000,0.0000000000,0.0000000000,nan,nan,nan,nan,nan,nan,nan,nan,nan,nan,nan,nan,nan,-0.0061967359,-0.0011454365,0.0007478047,0.0067156889,0.0025185600,-0.0009935885,0.0197055712,0.0059125014,0.0067523648,0.0000000000,0.0000000000,0.0000000000,0.0000000000,0.0000000000,0.0423629619,4.0479998589,4.0486803055,nan,nan,nan,nan,nan,nan,nan,nan,nan,nan,nan,nan,nan,-0.0594687052,-0.0128435800,0.9987511039,-0.0711695477,-0.1090635806,0.2445816100
0.0064801360,0.0889022946,0.0910536274,-0.0138553727,0.0581251547,-0.0004027927,nan,nan,nan,nan,0.0000000000,0.0000000000,0.0000000000,0.0000000000,nan,nan,nan,nan,nan,nan,nan,nan,nan,nan,nan,nan,nan,-0.0089085400,-0.0019441514,0.0009170698,0.0028635913,0.0014241397,-0.0005351456,0.0197055712,0.0059125014,0.0067523648,0.0000000000,0.0000000000,0.0000000000,0.0000000000,0.0000000000,0.0423629619,4.0479998589,4.0486803055,nan,nan,nan,nan,nan,nan,nan,nan,nan,nan,nan,nan,nan,-0.0594687052,-0.0128435800,0.9987511039,-0.0711695477,-0.1090635806,0.2445816100
0.0060446649,0.0888095796,0.0910935253,-0.0138553727,0.0581251547,-0.0004027927,nan,nan,nan,nan,0.0000000000,0.0000000000,0.0000000000,0.0000000000,nan,nan,nan,nan,nan,nan,nan,nan,nan,nan,nan,nan,nan,-0.0089085400,-0.0019441514,0.0009170698,0.0028635913,0.0014241397,-0.0005351456,0.0197055712,0.0059125014,0.0067523648,0.0000000000,0.0000000000,0.0000000000,0.0000000000,0.0000000000,0.0423629619,4.0479998589,4.0486803055,nan,nan,nan,nan,nan,nan,nan,nan,nan,nan,nan,nan,nan,-0.0560780019,-0.0121989502,0.9965146184,-0.0711695477,-0.1090635806,0.2445816100
0.0060446649,0.0888095796,0.0910935253,-0.0138553727,0.0581251547,-0.0004027927,nan,nan,nan,nan,0.0000000000,0.0000000000,0.0000000000,0.0000000000,nan,nan,nan,nan,nan,nan,nan,nan,nan,nan,nan,nan,nan,-0.0089085400,-0.0019441514,0.0009170698,0.0028635913,0.0014241397,-0.0005351456,0.0141112311,0.0174378883,-0.0045222370,0.0000000000,0.0000000000,0.0000000000,0.0000000000,0.0000000000,0.0423629619,4.0479998589,4.0486803055,nan,nan,nan,nan,nan,nan,nan,nan,nan,nan,nan,nan,nan,-0.0560780019,-0.0121989502,0.9965146184,-0.0490010194,0.1144553050,0.1679930091
0.0060446649,0.0888095796,0.0910935253,-0.0138553727,0.0581251547,-0.0004027927,nan,nan,nan,nan,0.0000000000,0.0000000000,0.0000000000,0.0000000000,nan,nan,nan,nan,nan,nan,nan,nan,nan,nan,nan,nan,nan,-0.0103385095,-0.0021201037,0.0006430283,-0.0004303698,0.0004937830,-0.0001894418,0.0141112311,0.0174378883,-0.0045222370,0.0000000000,0.0000000000,0.0000000000,0.0000000000,0.0000000000,0.0423629619,4.0479998589,4.0486803055,nan,nan,nan,nan,nan,nan,nan,nan,nan,nan,nan,nan,nan,-0.0560780019,-0.0121989502,0.9965146184,-0.0490010194,0.1144553050,0.1679930091
0.0055133509,0.0887041166,0.0911254510,-0.0138553727,0.0581251547,-0.0004027927,nan,nan,nan,nan,0.0000000000,0.0000000000,0.0000000000,0.0000000000,nan,nan,nan,nan,nan,nan,nan,nan,nan,nan,nan,nan,nan,-0.0103385095,-0.0021201037,0.0006430283,-0.0004303698,0.0004937830,-0.0001894418,-0.0253527761,-0.0122985784,0.0122545948,0.0000000000,0.0000000000,0.0000000000,0.0000000000,0.0000000000,0.0433662049,4.0479998589,4.0486803055,nan,nan,nan,nan,nan,nan,nan,nan,nan,nan,nan,nan,nan,-0.0615576766,-0.0127059584,0.9994934797,-0.0196451787,0.1001847535,-0.1459272504
0.0055133509,0.0887041166,0.0911254510,-0.0138553727,0.0581251547,-0.0004027927,nan,nan,nan,nan,0.0000000000,0.0000000000,0.0000000000,0.0000000000,nan,nan,nan,nan,nan,nan,nan,nan,nan,nan,nan,nan,nan,-0.0140632018,-0.0026035171,0.0011004432,-0.0034259367,-0.0002205392,0.0000530585,-0.0253527761,-0.0122985784,0.0122545948,0.0000000000,0.0000000000,0.0000000000,0.0000000000,0.0000000000,0.0433662049,4.0479998589,4.0486803055,nan,nan,nan,nan,nan,nan,nan,nan,nan,nan,nan,nan,nan,-0.0615576766,-0.0127059584,0.9994934797,-0.0196451787,0.1001847535,-0.1459272504
0.0048331451,0.0885787085,0.0911760703,-0.0138553727,0.0581251547,-0.0004027927,nan,nan,nan,nan,0.0000000000,0.0000000000,0.0000000000,0.0000000000,nan,nan,nan,nan,nan,nan,nan,nan,nan,nan,nan,nan,nan,-0.0140632018,-0.0026035171,0.0011004432,-0.0034259367,-0.0002205392,0.0000530585,-0.0253527761,-0.0122985784,0.0122545948,0.0000000000,0.0000000000,0.0000000000,0.0000000000,0.0000000000,0.0433662049,4.0479998589,4.0486803055,nan,nan,nan,nan,nan,nan,nan,nan,nan,nan,nan,nan,nan,-0.0595610254,-0.0134872040,0.9993538857,-0.0196451787,0.1001847535,-0.1459272504
0.0048331451,0.0885787085,0.0911760703,-0.0138553727,0.0581251547,-0.0004027927,nan,nan,nan,nan,0.0000000000,0.0000000000,0.0000000000,0.0000000000,nan,nan,nan,nan,nan,nan,nan,nan,nan,nan,nan,nan,nan,-0.0140632018,-0.0026035171,0.0011004432,-0.0034259367,-0.0002205392,0.0000530585,0.0023173483,0.0032059941,0.0060506989,0.0000000000,0.0000000000,0.0000000000,0.0000000000,0.0000000000,0.0433662049,4.0479998589,4.0486803055,nan,nan,nan,nan,nan,nan,nan,nan,nan,nan,nan,nan,nan,-0.0595610254,-0.0134872040,0.9993538857,0.1869605929,0.1084247604,0.3649573028
0.0048331451,0.0885787085,0.0911760703,-0.0138553727,0.0581251547,-0.0004027927,nan,nan,nan,nan,0.0000000000,0.0000000000,0.0000000000,0.0000000000,nan,nan,nan,nan,nan,nan,nan,nan,nan,nan,nan,nan,nan,-0.0161849689,-0.0030064699,0.0015277975,-0.0063783335,-0.0008806526,0.0003614874,0.0023173483,0.0032059941,0.0060506989,0.0000000000,0.0000000000,0.0000000000,0.0000000000,0.0000000000,0.0433662049,4.0479998589,4.0486803055,nan,nan,nan,nan,nan,nan,nan,nan,nan,nan,nan,nan,nan,-0.0595610254,-0.0134872040,0.9993538857,0.1869605929,0.1084247604,0.3649573028
0.0067758593,0.0889558420,0.0910273194,-0.0138553727,0.0581251547,-0.0004027927,nan,nan,nan,nan,0.0000000000,0.0000000000,0.0000000000,0.0000000000,nan,nan,nan,nan,nan,nan,nan,nan,nan,nan,nan,nan,nan,-0.0161849689,-0.0030064699,0.0015277975,-0.0063783335,-0.0008806526,0.0003614874,0.0240964722,-0.0002179725,0.0029972829,0.0000000000,0.0000000000,0.0000000000,0.0000000000,0.0000000000,0.0430879742,4.0479998589,4.0486803055,nan,nan,nan,nan,nan,nan,nan,nan,nan,nan,nan,nan,nan,-0.0596718527,-0.0132450638,0.9994753599,0.0466847643,-0.2257427275,0.1420778185
0.0067758593,0.0889558420,0.0910273194,-0.0138553727,0.0581251547,-0.0004027927,nan,nan,nan,nan,0.0000000000,0.0000000000,0.0000000000,0.0000000000,nan,nan,nan,nan,nan,nan,nan,nan,nan,nan,nan,nan,nan,-0.0077672261,-0.0016295615,0.0010341438,0.0048981477,0.0011724870,-0.0004327502,0.0240964722,-0.0002179725,0.0029972829,0.0000000000,0.0000000000,0.0000000000,0.0000000000,0.0000000000,0.0430879742,4.0479998589,4.0486803055,nan,nan,nan,nan,nan,nan,nan,nan,nan,nan,nan,nan,nan,-0.0596718527,-0.0132450638,0.9994753599,0.0466847643,-0.2257427275,0.1420778185
0.0063909977,0.0888729841,0.0910768509,-0.0138553727,0.0581251547,-0.0004027927,nan,nan,nan,nan,0.0000000000,0.0000000000,0.0000000000,0.0000000000,nan,nan,nan,nan,nan,nan,nan,nan,nan,nan,nan,nan,nan,-0.0077672261,-0.0016295615,0.0010341438,0.0048981477,0.0011724870,-0.0004327502,0.0240964722,-0.0002179725,0.0029972829,0.0000000000,0.0000000000,0.0000000000,0.0000000000,0.0000000000,0.0430879742,4.0479998589,4.0486803055,nan,nan,nan,nan,nan,nan,nan,nan,nan,nan,nan,nan,nan,-0.0588964596,-0.0131032486,0.9963937998,0.0466847643,-0.2257427275,0.1420778185
0.0063909977,0.0888729841,0.0910768509,-0.0138553727,0.0581251547,-0.0004027927,nan,nan,nan,nan,0.0000000000,0.0000000000,0.0000000000,0.0000000000,nan,nan,nan,nan,nan,nan,nan,nan,nan,nan,nan,nan,nan,-0.0077672261,-0.0016295615,0.0010341438,0.0048981477,0.0011724870,-0.0004327502,0.0063949120,0.0052874004,0.0063477377,0.0000000000,0.0000000000,0.0000000000,0.0000000000,0.0000000000,0.0430879742,4.0479998589,4.0486803055,nan,nan,nan,nan,nan,nan,nan,nan,nan,nan,nan,nan,nan,-0.0588964596,-0.0131032486,0.9963937998,0.0586036891,-0.1491108686,0.0358322076
0.0063909977,0.0888729841,0.0910768509,-0.0138553727,0.0581251547,-0.0004027927,nan,nan,nan,nan,0.0000000000,0.0000000000,0.0000000000,0.0000000000,nan,nan,nan,nan,nan,nan,nan,nan,nan,nan,nan,nan,nan,-0.0097648893,-0.0019661465,0.0009817726,0.0012569260,0.0003749100,-0.0000542711,0.0063949120,0.0052874004,0.0063477377,0.0000000000,0.0000000000,0.0000000000,0.0000000000,0.0000000000,0.0430879742,4.0479998589,4.0486803055,nan,nan,nan,nan,nan,nan,nan,nan,nan,nan,nan,nan,nan,-0.0588964596,-0.0131032486,0.9963937998,0.0586036891,-0.1491108686,0.0358322076
0.0067452206,0.0889498889,0.0910196826,-0.0138553727,0.0581251547,-0.0004027927,nan,nan,nan,nan,0.0000000000,0.0000000000,0.0000000000,0.0000000000,nan,nan,nan,nan,nan,nan,nan,nan,nan,nan,nan,nan,nan,-0.0097648893,-0.0019661465,0.0009817726,0.0012569260,0.0003749100,-0.0000542711,0.0107339201,0.0046555712,0.0277719367,0.0000000000,0.0000000000,0.0000000000,0.0000000000,0.0000000000,0.0409917906,4.0479998589,4.0486803055,nan,nan,nan,nan,nan,nan,nan,nan,nan,nan,nan,nan,nan,-0.0601190217,-0.0153710656,0.9998868704,-0.0445574485,-0.1742171645,-0.0376762711
0.0067452206,0.0889498889,0.0910196826,-0.0138553727,0.0581251547,-0.0004027927,nan,nan,nan,nan,0.0000000000,0.0000000000,0.0000000000,0.0000000000,nan,nan,nan,nan,nan,nan,nan,nan,nan,nan,nan,nan,nan,-0.0091502871,-0.0019123534,0.0012040418,0.0024050307,0.0005927228,-0.0002904407,0.0107339201,0.0046555712,0.0277719367,0.0000000000,0.0000000000,0.0000000000,0.0000000000,0.0000000000,0.0409917906,4.0479998589,4.0486803055,nan,nan,nan,nan,nan,nan,nan,nan,nan,nan,nan,nan,nan,-0.0601190217,-0.0153710656,0.9998868704,-0.0445574485,-0.1742171645,-0.0376762711
0.0062940526,0.0888541341,0.0910716504,-0.0138553727,0.0581251547,-0.0004027927,nan,nan,nan,nan,0.0000000000,0.0000000000,0.0000000000,0.0000000000,nan,nan,nan,nan,nan,nan,nan,nan,nan,nan,nan,nan,nan,-0.0091502871,-0.0019123534,0.0012040418,0.0024050307,0.0005927228,-0.0002904407,0.0107339201,0.0046555712,0.0277719367,0.0000000000,0.0000000000,0.0000000000,0.0000000000,0.0000000000,0.0409917906,4.0479998589,4.0539588928,nan,nan,nan,nan,nan,nan,nan,nan,nan,nan,nan,nan,nan,-0.0610692427,-0.0132602351,0.9989615679,-0.0445574485,-0.1742171645,-0.0376762711
0.0062940526,0.0888541341,0.0910716504,-0.0138553727,0.0581251547,-0.0004027927,nan,nan,nan,nan,0.0000000000,0.0000000000,0.0000000000,0.0000000000,nan,nan,nan,nan,nan,nan,nan,nan,nan,nan,nan,nan,nan,-0.0091502871,-0.0019123534,0.0012040418,0.0024050307,0.0005927228,-0.0002904407,-0.0200905614,-0.0075941430,0.0046169618,0.0000000000,0.0000000000,0.0000000000,0.0000000000,0.0000000000,0.0409917906,4.0479998589,4.0539588928,nan,nan,nan,nan,nan,nan,nan,nan,nan,nan,nan,nan,nan,-0.0610692427,-0.0132602351,0.9989615679,-0.1461509019,-0.0479882993,0.2228257805
0.0062940526,0.0888541341,0.0910716504,-0.0138553727,0.0581251547,-0.0004027927,nan,nan,nan,nan,0.0000000000,0.0000000000,0.0000000000,0.0000000000,nan,nan,nan,nan,nan,nan,nan,nan,nan,nan,nan,nan,nan,-0.0085899159,-0.0017850728,0.0010456442,-0.0010025471,-0.0001463001,0.0001236795,-0.0200905614,-0.0075941430,0.0046169618,0.0000000000,0.0000000000,0.0000000000,0.0000000000,0.0000000000,0.0409917906,4.0479998589,4.0539588928,nan,nan,nan,nan,nan,nan,nan,nan,nan,nan,nan,nan,nan,-0.0610692427,-0.0132602351,0.9989615679,-0.1461509019,-0.0479882993,0.2228257805
0.0064123049,0.0888781771,0.0910614431,-0.0138553727,0.0581251547,-0.0004027927,nan,nan,nan,nan,0.0000000000,0.0000000000,0.0000000000,0.0000000000,nan,nan,nan,nan,nan,nan,nan,nan,nan,nan,nan,nan,nan,-0.0085899159,-0.0017850728,0.0010456442,-0.0010025471,-0.0001463001,0.0001236795,-0.0007433944,-0.0039775805,0.0216370374,0.0000000000,0.0000000000,0.0000000000,0.0000000000,0.0000000000,0.0434140563,4.0479998589,4.0539588928,nan,nan,nan,nan,nan,nan,nan,nan,nan,nan,nan,nan,nan,-0.0601181723,-0.0128756873,0.9994099736,-0.0268675536,0.0841686279,-0.0927522779
0.0064123049,0.0888781771,0.0910614431,-0.0138553727,0.0581251547,-0.0004027927,nan,nan,nan,nan,0.0000000000,0.0000000000,0.0000000000,0.0000000000,nan,nan,nan,nan,nan,nan,nan,nan,nan,nan,nan,nan,nan,-0.0112936338,-0.0023718681,0.0016121790,-0.0004466375,-0.0000580991,0.0000607244,-0.0007433944,-0.0039775805,0.0216370374,0.0000000000,0.0000000000,0.0000000000,0.0000000000,0.0000000000,0.0434140563,4.0479998589,4.0539588928,nan,nan,nan,nan,nan,nan,nan,nan,nan,nan,nan,nan,nan,-0.0601181723,-0.0128756873,0.9994099736,-0.0268675536,0.0841686279,-0.0927522779
0.0058562597,0.0887596309,0.0911312923,-0.0138553727,0.0581251547,-0.0004027927,nan,nan,nan,nan,0.0000000000,0.0000000000,0.0000000000,0.0000000000,nan,nan,nan,nan,nan,nan,nan,nan,nan,nan,nan,nan,nan,-0.0112936338,-0.0023718681,0.0016121790,-0.0004466375,-0.0000580991,0.0000607244,-0.0007433944,-0.0039775805,0.0216370374,0.0000000000,0.0000000000,0.0000000000,0.0000000000,0.0000000000,0.0434140563,4.0479998589,4.0486803055,nan,nan,nan,nan,nan,nan,nan,nan,nan,nan,nan,nan,nan,-0.0587578788,-0.0155352140,0.9987538457,-0.0268675536,0.0841686279,-0.0927522779
0.0058562597,0.0887596309,0.0911312923,-0.0138553727,0.0581251547,-0.0004027927,nan,nan,nan,nan,0.0000000000,0.0000000000,0.0000000000,0.0000000000,nan,nan,nan,nan,nan,nan,nan,nan,nan,nan,nan,nan,nan,-0.0112936338,-0.0023718681,0.0016121790,-0.0036587967,-0.0007894955,0.0004882931,0.0051991227,-0.0095500154,0.0091415374,0.0000000000,0.0000000000,0.0000000000,0.0000000000,0.0000000000,0.0434140563,4.0479998589,4.0486803055,nan,nan,nan,nan,nan,nan,nan,nan,nan,nan,nan,nan,nan,-0.0587578788,-0.0155352140,0.9987538457,-0.1017826647,0.2452368289,0.1588951796
0.0058562597,0.0887596309,0.0911312923,-0.0138553727,0.0581251547,-0.0004027927,nan,nan,nan,nan,0.0000000000,0.0000000000,0.0000000000,0.0000000000,nan,nan,nan,nan,nan,nan,nan,nan,nan,nan,nan,nan,nan,-0.0141743012,-0.0034593020,0.0019221749,-0.0036587967,-0.0007894955,0.0004882931,0.0051991227,-0.0095500154,0.0091415374,0.0000000000,0.0000000000,0.0000000000,0.0000000000,0.0000000000,0.0434140563,4.0479998589,4.0486803055,nan,nan,nan,nan,nan,nan,nan,nan,nan,nan,nan,nan,nan,-0.0587578788,-0.0155352140,0.9987538457,-0.1017826647,0.2452368289,0.1588951796
0.0051616207,0.0885906219,0.0912201554,-0.0138553727,0.0581251547,-0.0004027927,nan,nan,nan,nan,0.0000000000,0.0000000000,0.0000000000,0.0000000000,nan,nan,nan,nan,nan,nan,nan,nan,nan,nan,nan,nan,nan,-0.0141743012,-0.0034593020,0.0019221749,-0.0036587967,-0.0007894955,0.0004882931,0.0088773202,0.0355105139,0.0027142777,0.0000000000,0.0000000000,0.0000000000,0.0000000000,0.0000000000,0.0473521054,4.0479998589,4.0486803055,nan,nan,nan,nan,nan,nan,nan,nan,nan,nan,nan,nan,nan,-0.0593563281,-0.0092866467,0.9982830882,0.1484132856,-0.0157966837,0.0139340833
0.0051616207,0.0885906219,0.0912201554,-0.0138553727,0.0581251547,-0.0004027927,nan,nan,nan,nan,0.0000000000,0.0000000000,0.0000000000,0.0000000000,nan,nan,nan,nan,nan,nan,nan,nan,nan,nan,nan,nan,nan,-0.0161258262,-0.0033193885,0.0018750960,-0.0066388608,-0.0015152334,0.0008309523,0.0088773202,0.0355105139,0.0027142777,0.0000000000,0.0000000000,0.0000000000,0.0000000000,0.0000000000,0.0473521054,4.0479998589,4.0486803055,nan,nan,nan,nan,nan,nan,nan,nan,nan,nan,nan,nan,nan,-0.0593563281,-0.0092866467,0.9982830882,0.1484132856,-0.0157966837,0.0139340833
0.0045019635,0.0884479135,0.0912984163,-0.0110842659,0.0581256553,-0.0003222341,nan,nan,nan,nan,0.0000000000,0.0000000000,0.0000000000,0.0000000000,nan,nan,nan,nan,nan,nan,nan,nan,nan,nan,nan,nan,nan,-0.0161258262,-0.0033193885,0.0018750960,-0.0066388608,-0.0015152334,0.0008309523,0.0088773202,0.0355105139,0.0027142777,0.0000000000,0.0000000000,0.0000000000,0.0000000000,0.0000000000,0.0473521054,4.0479998589,4.0539588928,nan,nan,nan,nan,nan,nan,nan,nan,nan,nan,nan,nan,nan,-0.0606895797,-0.0124530429,0.9989379048,0.1484132856,-0.0157966837,0.0139340833
0.0045019635,0.0884479135,0.0912984163,-0.0110842659,0.0581256553,-0.0003222341,nan,nan,nan,nan,0.0000000000,0.0000000000,0.0000000000,0.0000000000,nan,nan,nan,nan,nan,nan,nan,nan,nan,nan,nan,nan,nan,-0.0161258262,-0.0033193885,0.0018750960,-0.0066388608,-0.0015152334,0.0008309523,0.0008607874,0.0064629810,0.0007461047,0.0000000000,0.0000000000,0.0000000000,0.0000000000,0.0000000000,0.0473521054,4.0479998589,4.0539588928,nan,nan,nan,nan,nan,nan,nan,nan,nan,nan,nan,nan,nan,-0.0606895797,-0.0124530429,0.9989379048,0.2417916805,0.0071713999,0.0521551780
0.0045019635,0.0884479135,0.0912984163,-0.0110842659,0.0581256553,-0.0003222341,nan,nan,nan,nan,0.0000000000,0.0000000000,0.0000000000,0.0000000000,nan,nan,nan,nan,nan,nan,nan,nan,nan,nan,nan,nan,nan,-0.0186932590,-0.0039471732,0.0024695112,-0.0098441439,-0.0021619655,0.0012637202,0.0008607874,0.0064629810,0.0007461047,0.0000000000,0.0000000000,0.0000000000,0.0000000000,0.0000000000,0.0473521054,4.0479998589,4.0539588928,nan,nan,nan,nan,nan,nan,nan,nan,nan,nan,nan,nan,nan,-0.0606895797,-0.0124530429,0.9989379048,0.2417916805,0.0071713999,0.0521551780
0.0068979706,0.0889793336,0.0910156667,-0.0110842659,0.0581256553,-0.0003222341,nan,nan,nan,nan,0.0000000000,0.0000000000,0.0000000000,0.0000000000,nan,nan,nan,nan,nan,nan,nan,nan,nan,nan,nan,nan,nan,-0.0186932590,-0.0039471732,0.0024695112,-0.0098441439,-0.0021619655,0.0012637202,0.0103874141,0.0095756399,0.0098712696,0.0000000000,0.0000000000,0.0000000000,0.0000000000,0.0000000000,0.0493310913,4.0479998589,4.0539588928,nan,nan,nan,nan,nan,nan,nan,nan,nan,nan,nan,nan,nan,-0.0569946468,-0.0105338888,0.9993095398,0.0244505666,-0.2224124968,0.0084764659
0.0068979706,0.0889793336,0.0910156667,-0.0110842659,0.0581256553,-0.0003222341,nan,nan,nan,nan,0.0000000000,0.0000000000,0.0000000000,0.0000000000,nan,nan,nan,nan,nan,nan,nan,nan,nan,nan,nan,nan,nan,-0.0062373187,-0.0009388708,0.0013165163,0.0071668266,0.0016417193,-0.0007314359,0.0103874141,0.0095756399,0.0098712696,0.0000000000,0.0000000000,0.0000000000,0.0000000000,0.0000000000,0.0493310913,4.0479998589,4.0539588928,nan,nan,nan,nan,nan,nan,nan,nan,nan,nan,nan,nan,nan,-0.0569946468,-0.0105338888,0.9993095398,0.0244505666,-0.2224124968,0.0084764659
0.0065948898,0.0889295191,0.0910769403,-0.0110842659,0.0581256553,-0.0003222341,nan,nan,nan,nan,0.0000000000,0.0000000000,0.0000000000,0.0000000000,nan,nan,nan,nan,nan,nan,nan,nan,nan,nan,nan,nan,nan,-0.0062373187,-0.0009388708,0.0013165163,0.0071668266,0.0016417193,-0.0007314359,0.0103874141,0.0095756399,0.0098712696,0.0000000000,0.0000000000,0.0000000000,0.0000000000,0.0000000000,0.0493310913,4.0479998589,4.0486803055,nan,nan,nan,nan,nan,nan,nan,nan,nan,nan,nan,nan,nan,-0.0611977950,-0.0130878994,0.9985881448,0.0244505666,-0.2224124968,0.0084764659
0.0065948898,0.0889295191,0.0910769403,-0.0110842659,0.0581256553,-0.0003222341,nan,nan,nan,nan,0.0000000000,0.0000000000,0.0000000000,0.0000000000,nan,nan,nan,nan,nan,nan,nan,nan,nan,nan,nan,nan,nan,-0.0062373187,-0.0009388708,0.0013165163,0.0058855624,0.0013074833,-0.0006837325,-0.0186645146,-0.0036930249,0.0111541487,0.0000000000,0.0000000000,0.0000000000,0.0000000000,0.0000000000,0.0493310913,4.0479998589,4.0486803055,nan,nan,nan,nan,nan,nan,nan,nan,nan,nan,nan,nan,nan,-0.0611977950,-0.0130878994,0.9985881448,-0.2242320627,-0.1807180345,0.1171119511
0.0065948898,0.0889295191,0.0910769403,-0.0110842659,0.0581256553,-0.0003222341,nan,nan,nan,nan,0.0000000000,0.0000000000,0.0000000000,0.0000000000,nan,nan,nan,nan,nan,nan,nan,nan,nan,nan,nan,nan,nan,-0.0069849859,-0.0016307144,0.0008503844,0.0058855624,0.0013074833,-0.0006837325,-0.0186645146,-0.0036930249,0.0111541487,0.0000000000,0.0000000000,0.0000000000,0.0000000000,0.0000000000,0.0493310913,4.0479998589,4.0486803055,nan,nan,nan,nan,nan,nan,nan,nan,nan,nan,nan,nan,nan,-0.0611977950,-0.0130878994,0.9985881448,-0.2242320627,-0.1807180345,0.1171119511
0.0068332483,0.0889580473,0.0910163298,-0.0110842659,0.0581256553,-0.0003222341,nan,nan,nan,nan,0.0000000000,0.0000000000,0.0000000000,0.0000000000,nan,nan,nan,nan,nan,nan,nan,nan,nan,nan,nan,nan,nan,-0.0069849859,-0.0016307144,0.0008503844,0.0058855624,0.0013074833,-0.0006837325,-0.0062048016,-0.0055564088,0.0078235753,0.0000000000,0.0000000000,0.0000000000,0.0000000000,0.0000000000,0.0513366424,4.0479998589,4.0486803055,nan,nan,nan,nan,nan,nan,nan,nan,nan,nan,nan,nan,nan,-0.0572779402,-0.0119969770,0.9990437031,-0.1288853139,0.1066568494,0.0425868444
0.0068332483,0.0889580473,0.0910163298,-0.0110842659,0.0581256553,-0.0003222341,nan,nan,nan,nan,0.0000000000,0.0000000000,0.0000000000,0.0000000000,nan,nan,nan,nan,nan,nan,nan,nan,nan,nan,nan,nan,nan,-0.0087949941,-0.0023021158,0.0009795004,0.0035824738,0.0007001449,-0.0005037702,-0.0062048016,-0.0055564088,0.0078235753,0.0000000000,0.0000000000,0.0000000000,0.0000000000,0.0000000000,0.0513366424,4.0479998589,4.0486803055,nan,nan,nan,nan,nan,nan,nan,nan,nan,nan,nan,nan,nan,-0.0572779402,-0.0119969770,0.9990437031,-0.1288853139,0.1066568494,0.0425868444
0.0064079394,0.0888475552,0.0910602733,-0.0110842659,0.0581256553,-0.0003222341,nan,nan,nan,nan,0.0000000000,0.0000000000,0.0000000000,0.0000000000,nan,nan,nan,nan,nan,nan,nan,nan,nan,nan,nan,nan,nan,-0.0087949941,-0.0023021158,0.0009795004,0.0035824738,0.0007001449,-0.0005037702,-0.0062048016,-0.0055564088,0.0078235753,0.0000000000,0.0000000000,0.0000000000,0.0000000000,0.0000000000,0.0513366424,4.0479998589,4.0486803055,nan,nan,nan,nan,nan,nan,nan,nan,nan,nan,nan,nan,nan,-0.0594945662,-0.0128965080,0.9997069240,-0.1288853139,0.1066568494,0.0425868444
0.0064079394,0.0888475552,0.0910602733,-0.0110842659,0.0581256553,-0.0003222341,nan,nan,nan,nan,0.0000000000,0.0000000000,0.0000000000,0.0000000000,nan,nan,nan,nan,nan,nan,nan,nan,nan,nan,nan,nan,nan,-0.0087949941,-0.0023021158,0.0009795004,0.0035824738,0.0007001449,-0.0005037702,-0.0175531656,0.0004805788,-0.0088930307,0.0000000000,0.0000000000,0.0000000000,0.0000000000,0.0000000000,0.0513366424,4.0479998589,4.0486803055,nan,nan,nan,nan,nan,nan,nan,nan,nan,nan,nan,nan,nan,-0.0594945662,-0.0128965080,0.9997069240,0.2361392826,-0.3529263735,-0.0138782533
0.0064079394,0.0888475552,0.0910602733,-0.0110842659,0.0581256553,-0.0003222341,nan,nan,nan,nan,0.0000000000,0.0000000000,0.0000000000,0.0000000000,nan,nan,nan,nan,nan,nan,nan,nan,nan,nan,nan,nan,nan,-0.0114559336,-0.0029786900,0.0014471549,0.0000843660,-0.0001552779,-0.0000689230,-0.0175531656,0.0004805788,-0.0088930307,0.0000000000,0.0000000000,0.0000000000,0.0000000000,0.0000000000,0.0513366424,4.0479998589,4.0486803055,nan,nan,nan,nan,nan,nan,nan,nan,nan,nan,nan,nan,nan,-0.0594945662,-0.0128965080,0.9997069240,0.2361392826,-0.3529263735,-0.0138782533
0.0058476236,0.0887028128,0.0911279321,-0.0138553727,0.0581251547,-0.0004027927,nan,nan,nan,nan,0.0000000000,0.0000000000,0.0000000000,0.0000000000,nan,nan,nan,nan,nan,nan,nan,nan,nan,nan,nan,nan,nan,-0.0114559336,-0.0029786900,0.0014471549,0.0000843660,-0.0001552779,-0.0000689230,-0.0112953922,-0.0049508284,-0.0069318744,0.0000000000,0.0000000000,0.0000000000,0.0000000000,0.0000000000,0.0517163724,4.0479998589,4.0486803055,nan,nan,nan,nan,nan,nan,nan,nan,nan,nan,nan,nan,nan,-0.0591101199,-0.0134894317,0.9957872629,-0.2733255625,0.2261344939,-0.0125094177
0.0058476236,0.0887028128,0.0911279321,-0.0138553727,0.0581251547,-0.0004027927,nan,nan,nan,nan,0.0000000000,0.0000000000,0.0000000000,0.0000000000,nan,nan,nan,nan,nan,nan,nan,nan,nan,nan,nan,nan,nan,-0.0143344039,-0.0039461367,0.0011013432,-0.0032268155,-0.0009629274,0.0002851072,-0.0112953922,-0.0049508284,-0.0069318744,0.0000000000,0.0000000000,0.0000000000,0.0000000000,0.0000000000,0.0517163724,4.0479998589,4.0486803055,nan,nan,nan,nan,nan,nan,nan,nan,nan,nan,nan,nan,nan,-0.0591101199,-0.0134894317,0.9957872629,-0.2733255625,0.2261344939,-0.0125094177
0.0051451800,0.0885101110,0.0911797211,-0.0138553727,0.0581251547,-0.0004027927,nan,nan,nan,nan,0.0000000000,0.0000000000,0.0000000000,0.0000000000,nan,nan,nan,nan,nan,nan,nan,nan,nan,nan,nan,nan,nan,-0.0143344039,-0.0039461367,0.0011013432,-0.0032268155,-0.0009629274,0.0002851072,-0.0112953922,-0.0049508284,-0.0069318744,0.0000000000,0.0000000000,0.0000000000,0.0000000000,0.0000000000,0.0517163724,4.0479998589,4.0539588928,nan,nan,nan,nan,nan,nan,nan,nan,nan,nan,nan,nan,nan,-0.0589280836,-0.0129843745,1.0021603107,-0.2733255625,0.2261344939,-0.0125094177
0.0051451800,0.0885101110,0.0911797211,-0.0138553727,0.0581251547,-0.0004027927,nan,nan,nan,nan,0.0000000000,0.0000000000,0.0000000000,0.0000000000,nan,nan,nan,nan,nan,nan,nan,nan,nan,nan,nan,nan,nan,-0.0143344039,-0.0039461367,0.0011013432,-0.0064172358,-0.0018674914,0.0004948031,0.0023958154,-0.0104587600,0.0240016524,0.0000000000,0.0000000000,0.0000000000,0.0000000000,0.0000000000,0.0517163724,4.0479998589,4.0539588928,nan,nan,nan,nan,nan,nan,nan,nan,nan,nan,nan,nan,nan,-0.0589280836,-0.0129843745,1.0021603107,0.1547247320,0.2211917937,-0.0409137420
0.0051451800,0.0885101110,0.0911797211,-0.0138553727,0.0581251547,-0.0004027927,nan,nan,nan,nan,0.0000000000,0.0000000000,0.0000000000,0.0000000000,nan,nan,nan,nan,nan,nan,nan,nan,nan,nan,nan,nan,nan,-0.0168536715,-0.0050583519,0.0017359483,-0.0064172358,-0.0018674914,0.0004948031,0.0023958154,-0.0104587600,0.0240016524,0.0000000000,0.0000000000,0.0000000000,0.0000000000,0.0000000000,0.0517163724,4.0479998589,4.0539588928,nan,nan,nan,nan,nan,nan,nan,nan,nan,nan,nan,nan,nan,-0.0589280836,-0.0129843745,1.0021603107,0.1547247320,0.2211917937,-0.0409137420
0.0043166946,0.0882662013,0.0912497640,-0.0138553727,0.0581251547,-0.0004027927,nan,nan,nan,nan,0.0000000000,0.0000000000,0.0000000000,0.0000000000,nan,nan,nan,nan,nan,nan,nan,nan,nan,nan,nan,nan,nan,-0.0168536715,-0.0050583519,0.0017359483,-0.0064172358,-0.0018674914,0.0004948031,-0.0132620065,-0.0057987561,0.0331771038,0.0000000000,0.0000000000,0.0000000000,0.0000000000,0.0000000000,0.0538352989,4.0479998589,4.0539588928,nan,nan,nan,nan,nan,nan,nan,nan,nan,nan,nan,nan,nan,-0.0593127012,-0.0122564826,0.9992919564,0.1843738705,-0.0986908302,0.0160825085
0.0043166946,0.0882662013,0.0912497640,-0.0138553727,0.0581251547,-0.0004027927,nan,nan,nan,nan,0.0000000000,0.0000000000,0.0000000000,0.0000000000,nan,nan,nan,nan,nan,nan,nan,nan,nan,nan,nan,nan,nan,-0.0197906699,-0.0055969716,0.0019258609,-0.0092991525,-0.0027096192,0.0007515272,-0.0132620065,-0.0057987561,0.0331771038,0.0000000000,0.0000000000,0.0000000000,0.0000000000,0.0000000000,0.0538352989,4.0479998589,4.0539588928,nan,nan,nan,nan,nan,nan,nan,nan,nan,nan,nan,nan,nan,-0.0593127012,-0.0122564826,0.9992919564,0.1843738705,-0.0986908302,0.0160825085
0.0033454152,0.0879906639,0.0913308114,-0.0138553727,0.0581251547,-0.0004027927,nan,nan,nan,nan,0.0000000000,0.0000000000,0.0000000000,0.0000000000,nan,nan,nan,nan,nan,nan,nan,nan,nan,nan,nan,nan,nan,-0.0197906699,-0.0055969716,0.0019258609,-0.0092991525,-0.0027096192,0.0007515272,-0.0132620065,-0.0057987561,0.0331771038,0.0000000000,0.0000000000,0.0000000000,0.0000000000,0.0000000000,0.0538352989,4.0479998589,4.0486803055,nan,nan,nan,nan,nan,nan,nan,nan,nan,nan,nan,nan,nan,-0.0589224622,-0.0143637583,0.9968172312,0.1843738705,-0.0986908302,0.0160825085
0.0033454152,0.0879906639,0.0913308114,-0.0138553727,0.0581251547,-0.0004027927,nan,nan,nan,nan,0.0000000000,0.0000000000,0.0000000000,0.0000000000,nan,nan,nan,nan,nan,nan,nan,nan,nan,nan,nan,nan,nan,-0.0197906699,-0.0055969716,0.0019258609,-0.0092991525,-0.0027096192,0.0007515272,-0.0097400304,-0.0039378665,-0.0019646646,0.0000000000,0.0000000000,0.0000000000,0.0000000000,0.0000000000,0.0538352989,4.0479998589,4.0486803055,nan,nan,nan,nan,nan,nan,nan,nan,nan,nan,nan,nan,nan,-0.0589224622,-0.0143637583,0.9968172312,0.0715073496,-0.0670798719,-0.0176039301
0.0033454152,0.0879906639,0.0913308114,-0.0138553727,0.0581251547,-0.0004027927,nan,nan,nan,nan,0.0000000000,0.0000000000,0.0000000000,0.0000000000,nan,nan,nan,nan,nan,nan,nan,nan,nan,nan,nan,nan,nan,-0.0227091201,-0.0066050207,0.0019449454,-0.0124155926,-0.0035734354,0.0010020961,-0.0097400304,-0.0039378665,-0.0019646646,0.0000000000,0.0000000000,0.0000000000,0.0000000000,0.0000000000,0.0538352989,4.0479998589,4.0486803055,nan,nan,nan,nan,nan,nan,nan,nan,nan,nan,nan,nan,nan,-0.0589224622,-0.0143637583,0.9968172312,0.0715073496,-0.0670798719,-0.0176039301
0.0066760737,0.0889056101,0.0910293013,-0.0138553727,0.0581251547,-0.0004027927,nan,nan,nan,nan,0.0000000000,0.0000000000,0.0000000000,0.0000000000,nan,nan,nan,nan,nan,nan,nan,nan,nan,nan,nan,nan,nan,-0.0227091201,-0.0066050207,0.0019449454,-0.0124155926,-0.0035734354,0.0010020961,0.0029012111,0.0058069946,-0.0016442371,0.0000000000,0.0000000000,0.0000000000,0.0000000000,0.0000000000,0.0511553362,4.0479998589,4.0486803055,nan,nan,nan,nan,nan,nan,nan,nan,nan,nan,nan,nan,nan,-0.0589435734,-0.0129468348,0.9969527125,-0.1120615453,0.1262012273,0.0468143038
0.0066760737,0.0889056101,0.0910293013,-0.0138553727,0.0581251547,-0.0004027927,nan,nan,nan,nan,0.0000000000,0.0000000000,0.0000000000,0.0000000000,nan,nan,nan,nan,nan,nan,nan,nan,nan,nan,nan,nan,nan,-0.0081265420,-0.0025799961,0.0005335367,0.0099003548,0.0025697767,-0.0009628715,0.0029012111,0.0058069946,-0.0016442371,0.0000000000,0.0000000000,0.0000000000,0.0000000000,0.0000000000,0.0511553362,4.0479998589,4.0486803055,nan,nan,nan,nan,nan,nan,nan,nan,nan,nan,nan,nan,nan,-0.0589435734,-0.0129468348,0.9969527125,-0.1120615453,0.1262012273,0.0468143038
0.0062799337,0.0887785479,0.0910555646,-0.0138553727,0.0581251547,-0.0004027927,nan,nan,nan,nan,0.0000000000,0.0000000000,0.0000000000,0.0000000000,nan,nan,nan,nan,nan,nan,nan,nan,nan,nan,nan,nan,nan,-0.0081265420,-0.0025799961,0.0005335367,0.0099003548,0.0025697767,-0.0009628715,0.0029012111,0.0058069946,-0.0016442371,0.0000000000,0.0000000000,0.0000000000,0.0000000000,0.0000000000,0.0511553362,4.0479998589,4.0486803055,nan,nan,nan,nan,nan,nan,nan,nan,nan,nan,nan,nan,nan,-0.0597737432,-0.0109468922,0.9995301962,-0.1120615453,0.1262012273,0.0468143038
0.0062799337,0.0887785479,0.0910555646,-0.0138553727,0.0581251547,-0.0004027927,nan,nan,nan,nan,0.0000000000,0.0000000000,0.0000000000,0.0000000000,nan,nan,nan,nan,nan,nan,nan,nan,nan,nan,nan,nan,nan,-0.0081265420,-0.0025799961,0.0005335367,0.0049334774,0.0012367065,-0.0005218893,-0.0015919292,0.0012908863,-0.0019494618,0.0000000000,0.0000000000,0.0000000000,0.0000000000,0.0000000000,0.0511553362,4.0479998589,4.0486803055,nan,nan,nan,nan,nan,nan,nan,nan,nan,nan,nan,nan,nan,-0.0597737432,-0.0109468922,0.9995301962,-0.0561100170,0.0270708539,0.0800291672
0.0062799337,0.0887785479,0.0910555646,-0.0138553727,0.0581251547,-0.0004027927,nan,nan,nan,nan,0.0000000000,0.0000000000,0.0000000000,0.0000000000,nan,nan,nan,nan,nan,nan,nan,nan,nan,nan,nan,nan,nan,-0.0108133852,-0.0025739141,0.0009350042,0.0049334774,0.0012367065,-0.0005218893,-0.0015919292,0.0012908863,-0.0019494618,0.0000000000,0.0000000000,0.0000000000,0.0000000000,0.0000000000,0.0511553362,4.0479998589,4.0486803055,nan,nan,nan,nan,nan,nan,nan,nan,nan,nan,nan,nan,nan,-0.0597737432,-0.0109468922,0.9995301962,-0.0561100170,0.0270708539,0.0800291672
0.0066156206,0.0888988078,0.0910332352,-0.0138553727,0.0581251547,-0.0004027927,nan,nan,nan,nan,0.0000000000,0.0000000000,0.0000000000,0.0000000000,nan,nan,nan,nan,nan,nan,nan,nan,nan,nan,nan,nan,nan,-0.0108133852,-0.0025739141,0.0009350042,0.0049334774,0.0012367065,-0.0005218893,0.0013697101,-0.0004792096,0.0130135641,0.0000000000,0.0000000000,0.0000000000,0.0000000000,0.0000000000,0.0554677546,4.0479998589,4.0486803055,nan,nan,nan,nan,nan,nan,nan,nan,nan,nan,nan,nan,nan,-0.0595929660,-0.0122224875,0.9991761446,0.1165164933,-0.1424504369,0.0013811860
0.0066156206,0.0888988078,0.0910332352,-0.0138553727,0.0581251547,-0.0004027927,nan,nan,nan,nan,0.0000000000,0.0000000000,0.0000000000,0.0000000000,nan,nan,nan,nan,nan,nan,nan,nan,nan,nan,nan,nan,nan,-0.0088380668,-0.0015602057,0.0012691991,0.0054859472,0.0016292393,-0.0004812569,0.0013697101,-0.0004792096,0.0130135641,0.0000000000,0.0000000000,0.0000000000,0.0000000000,0.0000000000,0.0554677546,4.0479998589,4.0486803055,nan,nan,nan,nan,nan,nan,nan,nan,nan,nan,nan,nan,nan,-0.0595929660,-0.0122224875,0.9991761446,0.1165164933,-0.1424504369,0.0013811860
0.0061836387,0.0888212770,0.0910921916,-0.0110842659,0.0581256553,-0.0003222341,nan,nan,nan,nan,0.0000000000,0.0000000000,0.0000000000,0.0000000000,nan,nan,nan,nan,nan,nan,nan,nan,nan,nan,nan,nan,nan,-0.0088380668,-0.0015602057,0.0012691991,0.0054859472,0.0016292393,-0.0004812569,0.0013697101,-0.0004792096,0.0130135641,0.0000000000,0.0000000000,0.0000000000,0.0000000000,0.0000000000,0.0554677546,4.0479998589,4.0486803055,nan,nan,nan,nan,nan,nan,nan,nan,nan,nan,nan,nan,nan,-0.0590880327,-0.0136801517,0.9995496273,0.1165164933,-0.1424504369,0.0013811860
0.0061836387,0.0888212770,0.0910921916,-0.0110842659,0.0581256553,-0.0003222341,nan,nan,nan,nan,0.0000000000,0.0000000000,0.0000000000,0.0000000000,nan,nan,nan,nan,nan,nan,nan,nan,nan,nan,nan,nan,nan,-0.0088380668,-0.0015602057,0.0012691991,0.0054859472,0.0016292393,-0.0004812569,0.0017860745,-0.0044771498,0.0178913120,0.0000000000,0.0000000000,0.0000000000,0.0000000000,0.0000000000,0.0554677546,4.0479998589,4.0486803055,nan,nan,nan,nan,nan,nan,nan,nan,nan,nan,nan,nan,nan,-0.0590880327,-0.0136801517,0.9995496273,0.2439047098,0.0988288894,0.0622997358
0.0061836387,0.0888212770,0.0910921916,-0.0110842659,0.0581256553,-0.0003222341,nan,nan,nan,nan,0.0000000000,0.0000000000,0.0000000000,0.0000000000,nan,nan,nan,nan,nan,nan,nan,nan,nan,nan,nan,nan,nan,-0.0110758934,-0.0020508766,0.0019024208,0.0015061416,0.0007186837,0.0000256396,0.0017860745,-0.0044771498,0.0178913120,0.0000000000,0.0000000000,0.0000000000,0.0000000000,0.0000000000,0.0554677546,4.0479998589,4.0486803055,nan,nan,nan,nan,nan,nan,nan,nan,nan,nan,nan,nan,nan,-0.0590880327,-0.0136801517,0.9995496273,0.2439047098,0.0988288894,0.0622997358
0.0069570574,0.0889910012,0.0910054594,-0.0110842659,0.0581256553,-0.0003222341,nan,nan,nan,nan,0.0000000000,0.0000000000,0.0000000000,0.0000000000,nan,nan,nan,nan,nan,nan,nan,nan,nan,nan,nan,nan,nan,-0.0110758934,-0.0020508766,0.0019024208,0.0015061416,0.0007186837,0.0000256396,0.0018654530,-0.0125066284,0.0155477468,0.0000000000,0.0000000000,0.0000000000,0.0000000000,0.0000000000,0.0568133630,4.0479998589,4.0486803055,nan,nan,nan,nan,nan,nan,nan,nan,nan,nan,nan,nan,nan,-0.0599327758,-0.0135830212,0.9980890155,0.1026964113,-0.0306599047,0.2104731500
0.0069570574,0.0889910012,0.0910054594,-0.0110842659,0.0581256553,-0.0003222341,nan,nan,nan,nan,0.0000000000,0.0000000000,0.0000000000,0.0000000000,nan,nan,nan,nan,nan,nan,nan,nan,nan,nan,nan,nan,nan,-0.0075307498,-0.0017388015,0.0016315286,0.0057715261,0.0015253698,-0.0004957634,0.0018654530,-0.0125066284,0.0155477468,0.0000000000,0.0000000000,0.0000000000,0.0000000000,0.0000000000,0.0568133630,4.0479998589,4.0486803055,nan,nan,nan,nan,nan,nan,nan,nan,nan,nan,nan,nan,nan,-0.0599327758,-0.0135830212,0.9980890155,0.1026964113,-0.0306599047,0.2104731500
0.0065903165,0.0889108554,0.0910814479,-0.0110842659,0.0581256553,-0.0003222341,nan,nan,nan,nan,0.0000000000,0.0000000000,0.0000000000,0.0000000000,nan,nan,nan,nan,nan,nan,nan,nan,nan,nan,nan,nan,nan,-0.0075307498,-0.0017388015,0.0016315286,0.0057715261,0.0015253698,-0.0004957634,0.0018654530,-0.0125066284,0.0155477468,0.0000000000,0.0000000000,0.0000000000,0.0000000000,0.0000000000,0.0568133630,4.0479998589,4.0486803055,nan,nan,nan,nan,nan,nan,nan,nan,nan,nan,nan,nan,nan,-0.0589999370,-0.0133883832,0.9987371564,0.1026964113,-0.0306599047,0.2104731500
0.0065903165,0.0889108554,0.0910814479,-0.0110842659,0.0581256553,-0.0003222341,nan,nan,nan,nan,0.0000000000,0.0000000000,0.0000000000,0.0000000000,nan,nan,nan,nan,nan,nan,nan,nan,nan,nan,nan,nan,nan,-0.0075307498,-0.0017388015,0.0016315286,0.0020432719,0.0006412687,0.0000889374,-0.0008599008,-0.0045689484,0.0016009677,0.0000000000,0.0000000000,0.0000000000,0.0000000000,0.0000000000,0.0568133630,4.0479998589,4.0486803055,nan,nan,nan,nan,nan,nan,nan,nan,nan,nan,nan,nan,nan,-0.0589999370,-0.0133883832,0.9987371564,0.0330275185,-0.1531798691,0.0489248075
0.0065903165,0.0889108554,0.0910814479,-0.0110842659,0.0581256553,-0.0003222341,nan,nan,nan,nan,0.0000000000,0.0000000000,0.0000000000,0.0000000000,nan,nan,nan,nan,nan,nan,nan,nan,nan,nan,nan,nan,nan,-0.0097499704,-0.0023209469,0.0019187144,0.0020432719,0.0006412687,0.0000889374,-0.0008599008,-0.0045689484,0.0016009677,0.0000000000,0.0000000000,0.0000000000,0.0000000000,0.0000000000,0.0568133630,4.0479998589,4.0486803055,nan,nan,nan,nan,nan,nan,nan,nan,nan,nan,nan,nan,nan,-0.0589999370,-0.0133883832,0.9987371564,0.0330275185,-0.1531798691,0.0489248075
0.0069975746,0.0889994502,0.0910004303,-0.0110842659,0.0581256553,-0.0003222341,nan,nan,nan,nan,0.0000000000,0.0000000000,0.0000000000,0.0000000000,nan,nan,nan,nan,nan,nan,nan,nan,nan,nan,nan,nan,nan,-0.0097499704,-0.0023209469,0.0019187144,0.0020432719,0.0006412687,0.0000889374,0.0104945507,-0.0055875350,0.0048590363,0.0000000000,0.0000000000,0.0000000000,0.0000000000,0.0000000000,0.0576223359,4.0479998589,4.0486803055,nan,nan,nan,nan,nan,nan,nan,nan,nan,nan,nan,nan,nan,-0.0584628694,-0.0142140752,0.9965009689,0.1377866417,-0.1698186696,0.0451437086
0.0069975746,0.0889994502,0.0910004303,-0.0110842659,0.0581256553,-0.0003222341,nan,nan,nan,nan,0.0000000000,0.0000000000,0.0000000000,0.0000000000,nan,nan,nan,nan,nan,nan,nan,nan,nan,nan,nan,nan,nan,-0.0085092559,-0.0028230445,0.0011268121,0.0039491197,0.0009064967,-0.0004877724,0.0104945507,-0.0055875350,0.0048590363,0.0000000000,0.0000000000,0.0000000000,0.0000000000,0.0000000000,0.0576223359,4.0479998589,4.0539588928,nan,nan,nan,nan,nan,nan,nan,nan,nan,nan,nan,nan,nan,-0.0584628694,-0.0142140752,0.9965009689,0.1377866417,-0.1698186696,0.0451437086
0.0065824338,0.0888615176,0.0910516605,-0.0138553727,0.0581251547,-0.0004027927,nan,nan,nan,nan,0.0000000000,0.0000000000,0.0000000000,0.0000000000,nan,nan,nan,nan,nan,nan,nan,nan,nan,nan,nan,nan,nan,-0.0085092559,-0.0028230445,0.0011268121,0.0039491197,0.0009064967,-0.0004877724,0.0104945507,-0.0055875350,0.0048590363,0.0000000000,0.0000000000,0.0000000000,0.0000000000,0.0000000000,0.0576223359,4.0479998589,4.0539588928,nan,nan,nan,nan,nan,nan,nan,nan,nan,nan,nan,nan,nan,-0.0579140708,-0.0140587725,0.9984958172,0.1377866417,-0.1698186696,0.0451437086
0.0065824338,0.0888615176,0.0910516605,-0.0138553727,0.0581251547,-0.0004027927,nan,nan,nan,nan,0.0000000000,0.0000000000,0.0000000000,0.0000000000,nan,nan,nan,nan,nan,nan,nan,nan,nan,nan,nan,nan,nan,-0.0085092559,-0.0028230445,0.0011268121,-0.0002391421,-0.0003920528,0.0000071462,-0.0030604107,0.0081281941,-0.0015372330,0.0000000000,0.0000000000,0.0000000000,0.0000000000,0.0000000000,0.0576223359,4.0479998589,4.0539588928,nan,nan,nan,nan,nan,nan,nan,nan,nan,nan,nan,nan,nan,-0.0579140708,-0.0140587725,0.9984958172,-0.0029404557,0.2821184397,0.0350662433
0.0065824338,0.0888615176,0.0910516605,-0.0138553727,0.0581251547,-0.0004027927,nan,nan,nan,nan,0.0000000000,0.0000000000,0.0000000000,0.0000000000,nan,nan,nan,nan,nan,nan,nan,nan,nan,nan,nan,nan,nan,-0.0108075067,-0.0035700167,0.0011743861,-0.0002391421,-0.0003920528,0.0000071462,-0.0030604107,0.0081281941,-0.0015372330,0.0000000000,0.0000000000,0.0000000000,0.0000000000,0.0000000000,0.0565311164,4.0479998589,4.0539588928,nan,nan,nan,nan,nan,nan,nan,nan,nan,nan,nan,nan,nan,-0.0579140708,-0.0140587725,0.9984958172,-0.0029404557,0.2821184397,0.0350662433
0.0060547362,0.0886875987,0.0911097378,-0.0138553727,0.0581251547,-0.0004027927,nan,nan,nan,nan,0.0000000000,0.0000000000,0.0000000000,0.0000000000,nan,nan,nan,nan,nan,nan,nan,nan,nan,nan,nan,nan,nan,-0.0108075067,-0.0035700167,0.0011743861,-0.0002391421,-0.0003920528,0.0000071462,0.0121337064,-0.0126561821,0.0052239029,0.0000000000,0.0000000000,0.0000000000,0.0000000000,0.0000000000,0.0565311164,4.0479998589,4.0539588928,nan,nan,nan,nan,nan,nan,nan,nan,nan,nan,nan,nan,nan,-0.0573836491,-0.0120495716,0.9987236857,-0.0204107445,0.1425908655,-0.0378574505
0.0060547362,0.0886875987,0.0911097378,-0.0138553727,0.0581251547,-0.0004027927,nan,nan,nan,nan,0.0000000000,0.0000000000,0.0000000000,0.0000000000,nan,nan,nan,nan,nan,nan,nan,nan,nan,nan,nan,nan,nan,-0.0126466136,-0.0037527913,0.0014874472,-0.0026822328,-0.0010457176,0.0002800952,0.0121337064,-0.0126561821,0.0052239029,0.0000000000,0.0000000000,0.0000000000,0.0000000000,0.0000000000,0.0565311164,4.0479998589,4.0539588928,nan,nan,nan,nan,nan,nan,nan,nan,nan,nan,nan,nan,nan,-0.0573836491,-0.0120495716,0.9987236857,-0.0204107445,0.1425908655,-0.0378574505
0.0054320362,0.0885019228,0.0911800638,-0.0138553727,0.0581251547,-0.0004027927,nan,nan,nan,nan,0.0000000000,0.0000000000,0.0000000000,0.0000000000,nan,nan,nan,nan,nan,nan,nan,nan,nan,nan,nan,nan,nan,-0.0126466136,-0.0037527913,0.0014874472,-0.0026822328,-0.0010457176,0.0002800952,0.0121337064,-0.0126561821,0.0052239029,0.0000000000,0.0000000000,0.0000000000,0.0000000000,0.0000000000,0.0565311164,4.0479998589,4.0539588928,nan,nan,nan,nan,nan,nan,nan,nan,nan,nan,nan,nan,nan,-0.0582426637,-0.0114190355,0.9997936487,-0.0204107445,0.1425908655,-0.0378574505
0.0054320362,0.0885019228,0.0911800638,-0.0138553727,0.0581251547,-0.0004027927,nan,nan,nan,nan,0.0000000000,0.0000000000,0.0000000000,0.0000000000,nan,nan,nan,nan,nan,nan,nan,nan,nan,nan,nan,nan,nan,-0.0126466136,-0.0037527913,0.0014874472,-0.0063225375,-0.0020918141,0.0007288584,-0.0065090894,-0.0080921017,0.0175135806,0.0000000000,0.0000000000,0.0000000000,0.0000000000,0.0000000000,0.0565311164,4.0479998589,4.0539588928,nan,nan,nan,nan,nan,nan,nan,nan,nan,nan,nan,nan,nan,-0.0582426637,-0.0114190355,0.9997936487,0.3362002969,0.2289170921,-0.1856804192
0.0054320362,0.0885019228,0.0911800638,-0.0138553727,0.0581251547,-0.0004027927,nan,nan,nan,nan,0.0000000000,0.0000000000,0.0000000000,0.0000000000,nan,nan,nan,nan,nan,nan,nan,nan,nan,nan,nan,nan,nan,-0.0148498407,-0.0046133623,0.0020346546,-0.0063225375,-0.0020918141,0.0007288584,-0.0065090894,-0.0080921017,0.0175135806,0.0000000000,0.0000000000,0.0000000000,0.0000000000,0.0000000000,0.0563150719,4.0479998589,4.0539588928,nan,nan,nan,nan,nan,nan,nan,nan,nan,nan,nan,nan,nan,-0.0582426637,-0.0114190355,0.9997936487,0.3362002969,0.2289170921,-0.1856804192
0.0047027203,0.0882748291,0.0912736729,-0.0138553727,0.0581251547,-0.0004027927,nan,nan,nan,nan,0.0000000000,0.0000000000,0.0000000000,0.0000000000,nan,nan,nan,nan,nan,nan,nan,nan,nan,nan,nan,nan,nan,-0.0148498407,-0.0046133623,0.0020346546,-0.0063225375,-0.0020918141,0.0007288584,-0.0098731704,0.0046952339,-0.0104220780,0.0000000000,0.0000000000,0.0000000000,0.0000000000,0.0000000000,0.0563150719,4.0479998589,4.0539588928,nan,nan,nan,nan,nan,nan,nan,nan,nan,nan,nan,nan,nan,-0.0600339733,-0.0123139462,0.9975908399,0.0994203687,0.1534013450,-0.0637270063
0.0047027203,0.0882748291,0.0912736729,-0.0138553727,0.0581251547,-0.0004027927,nan,nan,nan,nan,0.0000000000,0.0000000000,0.0000000000,0.0000000000,nan,nan,nan,nan,nan,nan,nan,nan,nan,nan,nan,nan,nan,-0.0174741894,-0.0054010563,0.0021217735,-0.0081274379,-0.0026536442,0.0009768758,-0.0098731704,0.0046952339,-0.0104220780,0.0000000000,0.0000000000,0.0000000000,0.0000000000,0.0000000000,0.0563150719,4.0479998589,4.0539588928,nan,nan,nan,nan,nan,nan,nan,nan,nan,nan,nan,nan,nan,-0.0600339733,-0.0123139462,0.9975908399,0.0994203687,0.1534013450,-0.0637270063
0.0038452749,0.0880043358,0.0913739130,-0.0110842659,0.0581256553,-0.0003222341,nan,nan,nan,nan,0.0000000000,0.0000000000,0.0000000000,0.0000000000,nan,nan,nan,nan,nan,nan,nan,nan,nan,nan,nan,nan,nan,-0.0174741894,-0.0054010563,0.0021217735,-0.0081274379,-0.0026536442,0.0009768758,-0.0098731704,0.0046952339,-0.0104220780,0.0000000000,0.0000000000,0.0000000000,0.0000000000,0.0000000000,0.0563150719,4.0479998589,4.0486803055,nan,nan,nan,nan,nan,nan,nan,nan,nan,nan,nan,nan,nan,-0.0603617206,-0.0132686291,0.9993572235,0.0994203687,0.1534013450,-0.0637270063
0.0038452749,0.0880043358,0.0913739130,-0.0110842659,0.0581256553,-0.0003222341,nan,nan,nan,nan,0.0000000000,0.0000000000,0.0000000000,0.0000000000,nan,nan,nan,nan,nan,nan,nan,nan,nan,nan,nan,nan,nan,-0.0174741894,-0.0054010563,0.0021217735,-0.0106740175,-0.0034243276,0.0012397027,0.0044355900,-0.0132509591,0.0134240380,0.0000000000,0.0000000000,0.0000000000,0.0000000000,0.0000000000,0.0563150719,4.0479998589,4.0486803055,nan,nan,nan,nan,nan,nan,nan,nan,nan,nan,nan,nan,nan,-0.0603617206,-0.0132686291,0.9993572235,0.2777947783,-0.0771842971,0.0530885793
0.0038452749,0.0880043358,0.0913739130,-0.0110842659,0.0581256553,-0.0003222341,nan,nan,nan,nan,0.0000000000,0.0000000000,0.0000000000,0.0000000000,nan,nan,nan,nan,nan,nan,nan,nan,nan,nan,nan,nan,nan,-0.0202911422,-0.0065367529,0.0024710004,-0.0106740175,-0.0034243276,0.0012397027,0.0044355900,-0.0132509591,0.0134240380,0.0000000000,0.0000000000,0.0000000000,0.0000000000,0.0000000000,0.0563150719,4.0479998589,4.0486803055,nan,nan,nan,nan,nan,nan,nan,nan,nan,nan,nan,nan,nan,-0.0603617206,-0.0132686291,0.9993572235,0.2777947783,-0.0771842971,0.0530885793
0.0028413755,0.0876871049,0.0914854184,-0.0110842659,0.0581256553,-0.0003222341,nan,nan,nan,nan,0.0000000000,0.0000000000,0.0000000000,0.0000000000,nan,nan,nan,nan,nan,nan,nan,nan,nan,nan,nan,nan,nan,-0.0202911422,-0.0065367529,0.0024710004,-0.0106740175,-0.0034243276,0.0012397027,-0.0039807148,-0.0092886453,-0.0005174786,0.0000000000,0.0000000000,0.0000000000,0.0000000000,0.0000000000,0.0534936525,4.0479998589,4.0486803055,nan,nan,nan,nan,nan,nan,nan,nan,nan,nan,nan,nan,nan,-0.0568150915,-0.0119664753,0.9980153441,-0.0485139713,-0.0819863975,-0.0962309986
0.0028413755,0.0876871049,0.0914854184,-0.0110842659,0.0581256553,-0.0003222341,nan,nan,nan,nan,0.0000000000,0.0000000000,0.0000000000,0.0000000000,nan,nan,nan,nan,nan,nan,nan,nan,nan,nan,nan,nan,nan,-0.0057617198,-0.0015730530,0.0004251365,0.0125626251,0.0039467211,-0.0014916386,-0.0039807148,-0.0092886453,-0.0005174786,0.0000000000,0.0000000000,0.0000000000,0.0000000000,0.0000000000,0.0534936525,4.0479998589,4.0486803055,nan,nan,nan,nan,nan,nan,nan,nan,nan,nan,nan,nan,nan,-0.0568150915,-0.0119664753,0.9980153441,-0.0485139713,-0.0819863975,-0.0962309986
0.0067396276,0.0889287964,0.0910219997,-0.0110842659,0.0581256553,-0.0003222341,nan,nan,nan,nan,0.0000000000,0.0000000000,0.0000000000,0.0000000000,nan,nan,nan,nan,nan,nan,nan,nan,nan,nan,nan,nan,nan,-0.0057617198,-0.0015730530,0.0004251365,0.0125626251,0.0039467211,-0.0014916386,-0.0039807148,-0.0092886453,-0.0005174786,0.0000000000,0.0000000000,0.0000000000,0.0000000000,0.0000000000,0.0534936525,4.0479998589,4.0486803055,nan,nan,nan,nan,nan,nan,nan,nan,nan,nan,nan,nan,nan,-0.0585986748,-0.0124964686,0.9989945292,-0.0485139713,-0.0819863975,-0.0962309986
0.0067396276,0.0889287964,0.0910219997,-0.0110842659,0.0581256553,-0.0003222341,nan,nan,nan,nan,0.0000000000,0.0000000000,0.0000000000,0.0000000000,nan,nan,nan,nan,nan,nan,nan,nan,nan,nan,nan,nan,nan,-0.0057617198,-0.0015730530,0.0004251365,0.0073936945,0.0023981051,-0.0009184261,0.0053995615,-0.0012770392,0.0061220350,0.0000000000,0.0000000000,0.0000000000,0.0000000000,0.0000000000,0.0534936525,4.0479998589,4.0486803055,nan,nan,nan,nan,nan,nan,nan,nan,nan,nan,nan,nan,nan,-0.0585986748,-0.0124964686,0.9989945292,0.1209285408,-0.3735428452,-0.0144459447
0.0067396276,0.0889287964,0.0910219997,-0.0110842659,0.0581256553,-0.0003222341,nan,nan,nan,nan,0.0000000000,0.0000000000,0.0000000000,0.0000000000,nan,nan,nan,nan,nan,nan,nan,nan,nan,nan,nan,nan,nan,-0.0077815973,-0.0019307900,0.0009859324,0.0073936945,0.0023981051,-0.0009184261,0.0053995615,-0.0012770392,0.0061220350,0.0000000000,0.0000000000,0.0000000000,0.0000000000,0.0000000000,0.0534936525,4.0479998589,4.0486803055,nan,nan,nan,nan,nan,nan,nan,nan,nan,nan,nan,nan,nan,-0.0585986748,-0.0124964686,0.9989945292,0.1209285408,-0.3735428452,-0.0144459447
0.0063604582,0.0888340324,0.0910654515,-0.0110842659,0.0581256553,-0.0003222341,nan,nan,nan,nan,0.0000000000,0.0000000000,0.0000000000,0.0000000000,nan,nan,nan,nan,nan,nan,nan,nan,nan,nan,nan,nan,nan,-0.0077815973,-0.0019307900,0.0009859324,0.0073936945,0.0023981051,-0.0009184261,-0.0058654957,-0.0051288065,0.0165347569,0.0000000000,0.0000000000,0.0000000000,0.0000000000,0.0000000000,0.0542761609,4.0479998589,4.0486803055,nan,nan,nan,nan,nan,nan,nan,nan,nan,nan,nan,nan,nan,-0.0589438714,-0.0113735851,0.9981381297,-0.1815225333,0.0126815410,0.1292191893
0.0063604582,0.0888340324,0.0910654515,-0.0110842659,0.0581256553,-0.0003222341,nan,nan,nan,nan,0.0000000000,0.0000000000,0.0000000000,0.0000000000,nan,nan,nan,nan,nan,nan,nan,nan,nan,nan,nan,nan,nan,-0.0072926637,-0.0014716409,0.0008763237,0.0075016841,0.0023548079,-0.0008735468,-0.0058654957,-0.0051288065,0.0165347569,0.0000000000,0.0000000000,0.0000000000,0.0000000000,0.0000000000,0.0542761609,4.0479998589,4.0486803055,nan,nan,nan,nan,nan,nan,nan,nan,nan,nan,nan,nan,nan,-0.0589438714,-0.0113735851,0.9981381297,-0.1815225333,0.0126815410,0.1292191893
0.0066802837,0.0889327526,0.0910371169,-0.0110842659,0.0581256553,-0.0003222341,nan,nan,nan,nan,0.0000000000,0.0000000000,0.0000000000,0.0000000000,nan,nan,nan,nan,nan,nan,nan,nan,nan,nan,nan,nan,nan,-0.0072926637,-0.0014716409,0.0008763237,0.0075016841,0.0023548079,-0.0008735468,-0.0058654957,-0.0051288065,0.0165347569,0.0000000000,0.0000000000,0.0000000000,0.0000000000,0.0000000000,0.0542761609,4.0479998589,4.0486803055,nan,nan,nan,nan,nan,nan,nan,nan,nan,nan,nan,nan,nan,-0.0591504984,-0.0130983423,0.9965229034,-0.1815225333,0.0126815410,0.1292191893
0.0066802837,0.0889327526,0.0910371169,-0.0110842659,0.0581256553,-0.0003222341,nan,nan,nan,nan,0.0000000000,0.0000000000,0.0000000000,0.0000000000,nan,nan,nan,nan,nan,nan,nan,nan,nan,nan,nan,nan,nan,-0.0072926637,-0.0014716409,0.0008763237,0.0033421938,0.0012249744,-0.0003737664,0.0219650734,-0.0059156953,-0.0102741430,0.0000000000,0.0000000000,0.0000000000,0.0000000000,0.0000000000,0.0542761609,4.0479998589,4.0486803055,nan,nan,nan,nan,nan,nan,nan,nan,nan,nan,nan,nan,nan,-0.0591504984,-0.0130983423,0.9965229034,-0.1486532688,-0.0806002468,-0.0608796850
0.0066802837,0.0889327526,0.0910371169,-0.0110842659,0.0581256553,-0.0003222341,nan,nan,nan,nan,0.0000000000,0.0000000000,0.0000000000,0.0000000000,nan,nan,nan,nan,nan,nan,nan,nan,nan,nan,nan,nan,nan,-0.0091111753,-0.0025426736,0.0011295730,0.0033421938,0.0012249744,-0.0003737664,0.0219650734,-0.0059156953,-0.0102741430,0.0000000000,0.0000000000,0.0000000000,0.0000000000,0.0000000000,0.0544437617,4.0479998589,4.0486803055,nan,nan,nan,nan,nan,nan,nan,nan,nan,nan,nan,nan,nan,-0.0591504984,-0.0130983423,0.9965229034,-0.1486532688,-0.0806002468,-0.0608796850
0.0062277247,0.0888119861,0.0910931453,-0.0110842659,0.0581256553,-0.0003222341,nan,nan,nan,nan,0.0000000000,0.0000000000,0.0000000000,0.0000000000,nan,nan,nan,nan,nan,nan,nan,nan,nan,nan,nan,nan,nan,-0.0091111753,-0.0025426736,0.0011295730,0.0033421938,0.0012249744,-0.0003737664,-0.0011487474,0.0075851199,-0.0105536403,0.0000000000,0.0000000000,0.0000000000,0.0000000000,0.0000000000,0.0544437617,4.0479998589,4.0486803055,nan,nan,nan,nan,nan,nan,nan,nan,nan,nan,nan,nan,nan,-0.0598678030,-0.0114999879,0.9992482662,0.0359493010,-0.2338680923,0.0122921532
0.0062277247,0.0888119861,0.0910931453,-0.0110842659,0.0581256553,-0.0003222341,nan,nan,nan,nan,0.0000000000,0.0000000000,0.0000000000,0.0000000000,nan,nan,nan,nan,nan,nan,nan,nan,nan,nan,nan,nan,nan,-0.0117628304,-0.0032676596,0.0013630077,-0.0001948111,0.0001572320,0.0000666198,-0.0011487474,0.0075851199,-0.0105536403,0.0000000000,0.0000000000,0.0000000000,0.0000000000,0.0000000000,0.0544437617,4.0479998589,4.0486803055,nan,nan,nan,nan,nan,nan,nan,nan,nan,nan,nan,nan,nan,-0.0598678030,-0.0114999879,0.9992482662,0.0359493010,-0.2338680923,0.0122921532
0.0056538330,0.0886501074,0.0911628678,-0.0110842659,0.0581256553,-0.0003222341,nan,nan,nan,nan,0.0000000000,0.0000000000,0.0000000000,0.0000000000,nan,nan,nan,nan,nan,nan,nan,nan,nan,nan,nan,nan,nan,-0.0117628304,-0.0032676596,0.0013630077,-0.0001948111,0.0001572320,0.0000666198,-0.0011487474,0.0075851199,-0.0105536403,0.0000000000,0.0000000000,0.0000000000,0.0000000000,0.0000000000,0.0544437617,4.0479998589,4.0539588928,nan,nan,nan,nan,nan,nan,nan,nan,nan,nan,nan,nan,nan,-0.0623348318,-0.0123591637,0.9998362064,0.0359493010,-0.2338680923,0.0122921532
0.0056538330,0.0886501074,0.0911628678,-0.0110842659,0.0581256553,-0.0003222341,nan,nan,nan,nan,0.0000000000,0.0000000000,0.0000000000,0.0000000000,nan,nan,nan,nan,nan,nan,nan,nan,nan,nan,nan,nan,nan,-0.0117628304,-0.0032676596,0.0013630077,-0.0034326613,-0.0008165413,0.0004319757,0.0010574983,0.0202313922,0.0138660874,0.0000000000,0.0000000000,0.0000000000,0.0000000000,0.0000000000,0.0544437617,4.0479998589,4.0539588928,nan,nan,nan,nan,nan,nan,nan,nan,nan,nan,nan,nan,nan,-0.0623348318,-0.0123591637,0.9998362064,0.0619429573,0.1286669523,0.0105245514
0.0056538330,0.0886501074,0.0911628678,-0.0110842659,0.0581256553,-0.0003222341,nan,nan,nan,nan,0.0000000000,0.0000000000,0.0000000000,0.0000000000,nan,nan,nan,nan,nan,nan,nan,nan,nan,nan,nan,nan,nan,-0.0143716214,-0.0038473022,0.0018899065,-0.0034326613,-0.0008165413,0.0004319757,0.0010574983,0.0202313922,0.0138660874,0.0000000000,0.0000000000,0.0000000000,0.0000000000,0.0000000000,0.0604229718,4.0479998589,4.0539588928,nan,nan,nan,nan,nan,nan,nan,nan,nan,nan,nan,nan,nan,-0.0623348318,-0.0123591637,0.9998362064,0.0619429573,0.1286669523,0.0105245514
0.0049476027,0.0884563327,0.0912514329,-0.0110012237,0.0609096672,0.0024337204,nan,nan,nan,nan,0.0000000000,0.0000000000,0.0000000000,0.0000000000,nan,nan,nan,nan,nan,nan,nan,nan,nan,nan,nan,nan,nan,-0.0143716214,-0.0038473022,0.0018899065,-0.0034326613,-0.0008165413,0.0004319757,0.0010574983,0.0202313922,0.0138660874,0.0000000000,0.0000000000,0.0000000000,0.0000000000,0.0000000000,0.0604229718,4.0479998589,4.0539588928,nan,nan,nan,nan,nan,nan,nan,nan,nan,nan,nan,nan,nan,-0.0591661707,-0.0137939239,0.9978627563,0.1536209881,-0.0056395382,-0.0392411239
0.0049476027,0.0884563327,0.0912514329,-0.0110012237,0.0609096672,0.0024337204,nan,nan,nan,nan,0.0000000000,0.0000000000,0.0000000000,0.0000000000,nan,nan,nan,nan,nan,nan,nan,nan,nan,nan,nan,nan,nan,-0.0171706267,-0.0050032088,0.0023874051,-0.0065903957,-0.0017128262,0.0008499456,-0.0030448032,-0.0112227509,0.0006198049,0.0000000000,0.0000000000,0.0000000000,0.0000000000,0.0000000000,0.0604229718,4.0479998589,4.0486803055,nan,nan,nan,nan,nan,nan,nan,nan,nan,nan,nan,nan,nan,-0.0591661707,-0.0137939239,0.9978627563,0.1536209881,-0.0056395382,-0.0392411239
0.0041031349,0.0882133394,0.0913660824,-0.0110037016,0.0581409438,0.0024487776,nan,nan,nan,nan,0.0000000000,0.0000000000,0.0000000000,0.0000000000,nan,nan,nan,nan,nan,nan,nan,nan,nan,nan,nan,nan,nan,-0.0171706267,-0.0050032088,0.0023874051,-0.0065903957,-0.0017128262,0.0008499456,-0.0030448032,-0.0112227509,0.0006198049,0.0000000000,0.0000000000,0.0000000000,0.0000000000,0.0000000000,0.0604229718,4.0479998589,4.0486803055,nan,nan,nan,nan,nan,nan,nan,nan,nan,nan,nan,nan,nan,-0.0602075569,-0.0115793599,0.9965132475,0.1536209881,-0.0056395382,-0.0392411239
0.0041031349,0.0882133394,0.0913660824,-0.0110037016,0.0581409438,0.0024487776,nan,nan,nan,nan,0.0000000000,0.0000000000,0.0000000000,0.0000000000,nan,nan,nan,nan,nan,nan,nan,nan,nan,nan,nan,nan,nan,-0.0171706267,-0.0050032088,0.0023874051,-0.0095066279,-0.0026442043,0.0012649752,-0.0149349701,-0.0160830449,-0.0178509653,0.0000000000,0.0000000000,0.0000000000,0.0000000000,0.0000000000,0.0604229718,4.0479998589,4.0486803055,nan,nan,nan,nan,nan,nan,nan,nan,nan,nan,nan,nan,nan,-0.0602075569,-0.0115793599,0.9965132475,0.0083325291,0.0211187974,-0.0628003255
0.0041031349,0.0882133394,0.0913660824,-0.0110037016,0.0581409438,0.0024487776,nan,nan,nan,nan,0.0000000000,0.0000000000,0.0000000000,0.0000000000,nan,nan,nan,nan,nan,nan,nan,nan,nan,nan,nan,nan,nan,-0.0202835277,-0.0062176702,0.0025680768,-0.0095066279,-0.0026442043,0.0012649752,-0.0149349701,-0.0160830449,-0.0178509653,0.0000000000,0.0000000000,0.0000000000,0.0000000000,0.0000000000,0.0604229718,4.0479998589,4.0486803055,nan,nan,nan,nan,nan,nan,nan,nan,nan,nan,nan,nan,nan,-0.0602075569,-0.0115793599,0.9965132475,0.0083325291,0.0211187974,-0.0628003255
0.0031093094,0.0879082978,0.0914932489,-0.0110012237,0.0609096672,0.0024337204,nan,nan,nan,nan,0.0000000000,0.0000000000,0.0000000000,0.0000000000,nan,nan,nan,nan,nan,nan,nan,nan,nan,nan,nan,nan,nan,-0.0202835277,-0.0062176702,0.0025680768,-0.0095066279,-0.0026442043,0.0012649752,-0.0149349701,-0.0160830449,-0.0178509653,0.0000000000,0.0000000000,0.0000000000,0.0000000000,0.0000000000,0.0651529878,4.0479998589,4.0486803055,nan,nan,nan,nan,nan,nan,nan,nan,nan,nan,nan,nan,nan,-0.0575240403,-0.0144299371,0.9970430732,0.4388330281,0.0469148830,-0.3538987935
0.0031093094,0.0879082978,0.0914932489,-0.0110012237,0.0609096672,0.0024337204,nan,nan,nan,nan,0.0000000000,0.0000000000,0.0000000000,0.0000000000,nan,nan,nan,nan,nan,nan,nan,nan,nan,nan,nan,nan,nan,-0.0059609441,-0.0030584843,0.0008427182,0.0119567728,0.0032740862,-0.0014951859,-0.0149349701,-0.0160830449,-0.0178509653,0.0000000000,0.0000000000,0.0000000000,0.0000000000,0.0000000000,0.0651529878,4.0479998589,4.0486803055,nan,nan,nan,nan,nan,nan,nan,nan,nan,nan,nan,nan,nan,-0.0575240403,-0.0144299371,0.9970430732,0.4388330281,0.0469148830,-0.3538987935
0.0065613743,0.0888368711,0.0910579190,-0.0110012237,0.0609096672,0.0024337204,nan,nan,nan,nan,0.0000000000,0.0000000000,0.0000000000,0.0000000000,nan,nan,nan,nan,nan,nan,nan,nan,nan,nan,nan,nan,nan,-0.0059609441,-0.0030584843,0.0008427182,0.0119567728,0.0032740862,-0.0014951859,-0.0149349701,-0.0160830449,-0.0178509653,0.0000000000,0.0000000000,0.0000000000,0.0000000000,0.0000000000,0.0651529878,4.0479998589,4.0486803055,nan,nan,nan,nan,nan,nan,nan,nan,nan,nan,nan,nan,nan,-0.0607419200,-0.0132330991,0.9969741702,0.4388330281,0.0469148830,-0.3538987935
0.0065613743,0.0888368711,0.0910579190,-0.0110012237,0.0609096672,0.0024337204,nan,nan,nan,nan,0.0000000000,0.0000000000,0.0000000000,0.0000000000,nan,nan,nan,nan,nan,nan,nan,nan,nan,nan,nan,nan,nan,-0.0059609441,-0.0030584843,0.0008427182,0.0068376185,0.0015389300,-0.0008209650,0.0016271125,0.0118034175,0.0013740958,0.0000000000,0.0000000000,0.0000000000,0.0000000000,0.0000000000,0.0651529878,4.0479998589,4.0486803055,nan,nan,nan,nan,nan,nan,nan,nan,nan,nan,nan,nan,nan,-0.0607419200,-0.0132330991,0.9969741702,0.0507503748,0.0811240003,0.2090599835
0.0065613743,0.0888368711,0.0910579190,-0.0110012237,0.0609096672,0.0024337204,nan,nan,nan,nan,0.0000000000,0.0000000000,0.0000000000,0.0000000000,nan,nan,nan,nan,nan,nan,nan,nan,nan,nan,nan,nan,nan,-0.0083453674,-0.0036198203,0.0010495025,0.0068376185,0.0015389300,-0.0008209650,0.0016271125,0.0118034175,0.0013740958,0.0000000000,0.0000000000,0.0000000000,0.0000000000,0.0000000000,0.0617773309,4.0479998589,4.0486803055,nan,nan,nan,nan,nan,nan,nan,nan,nan,nan,nan,nan,nan,-0.0607419200,-0.0132330991,0.9969741702,0.0507503748,0.0811240003,0.2090599835
0.0061539663,0.0886601880,0.0911077335,-0.0110012237,0.0609096672,0.0024337204,nan,nan,nan,nan,0.0000000000,0.0000000000,0.0000000000,0.0000000000,nan,nan,nan,nan,nan,nan,nan,nan,nan,nan,nan,nan,nan,-0.0083453674,-0.0036198203,0.0010495025,0.0068376185,0.0015389300,-0.0008209650,0.0137734627,-0.0063259099,0.0094549479,0.0000000000,0.0000000000,0.0000000000,0.0000000000,0.0000000000,0.0617773309,4.0479998589,4.0486803055,nan,nan,nan,nan,nan,nan,nan,nan,nan,nan,nan,nan,nan,-0.0598782226,-0.0131953228,0.9982049465,0.3310106695,0.0774902180,-0.0107739056
0.0061539663,0.0886601880,0.0911077335,-0.0110012237,0.0609096672,0.0024337204,nan,nan,nan,nan,0.0000000000,0.0000000000,0.0000000000,0.0000000000,nan,nan,nan,nan,nan,nan,nan,nan,nan,nan,nan,nan,nan,-0.0056868964,-0.0028166433,0.0004933230,0.0089387950,0.0026577928,-0.0011192671,0.0137734627,-0.0063259099,0.0094549479,0.0000000000,0.0000000000,0.0000000000,0.0000000000,0.0000000000,0.0617773309,4.0479998589,4.0539588928,nan,nan,nan,nan,nan,nan,nan,nan,nan,nan,nan,nan,nan,-0.0598782226,-0.0131953228,0.9982049465,0.3310106695,0.0774902180,-0.0107739056
0.0067864116,0.0888976678,0.0910195783,-0.0110012237,0.0609096672,0.0024337204,nan,nan,nan,nan,0.0000000000,0.0000000000,0.0000000000,0.0000000000,nan,nan,nan,nan,nan,nan,nan,nan,nan,nan,nan,nan,nan,-0.0056868964,-0.0028166433,0.0004933230,0.0089387950,0.0026577928,-0.0011192671,0.0137734627,-0.0063259099,0.0094549479,0.0000000000,0.0000000000,0.0000000000,0.0000000000,0.0000000000,0.0617773309,4.0479998589,4.0539588928,nan,nan,nan,nan,nan,nan,nan,nan,nan,nan,nan,nan,nan,-0.0595993735,-0.0125194006,0.9982464910,0.3310106695,0.0774902180,-0.0107739056
0.0067864116,0.0888976678,0.0910195783,-0.0110012237,0.0609096672,0.0024337204,nan,nan,nan,nan,0.0000000000,0.0000000000,0.0000000000,0.0000000000,nan,nan,nan,nan,nan,nan,nan,nan,nan,nan,nan,nan,nan,-0.0056868964,-0.0028166433,0.0004933230,0.0047630733,0.0011015293,-0.0006528439,0.0210531689,0.0022595988,-0.0082656248,0.0000000000,0.0000000000,0.0000000000,0.0000000000,0.0000000000,0.0617773309,4.0479998589,4.0539588928,nan,nan,nan,nan,nan,nan,nan,nan,nan,nan,nan,nan,nan,-0.0595993735,-0.0125194006,0.9982464910,0.3429638445,0.1068271324,-0.2841806114
0.0067864116,0.0888976678,0.0910195783,-0.0110012237,0.0609096672,0.0024337204,nan,nan,nan,nan,0.0000000000,0.0000000000,0.0000000000,0.0000000000,nan,nan,nan,nan,nan,nan,nan,nan,nan,nan,nan,nan,nan,-0.0078572417,-0.0035772375,0.0005466717,0.0047630733,0.0011015293,-0.0006528439,0.0210531689,0.0022595988,-0.0082656248,0.0000000000,0.0000000000,0.0000000000,0.0000000000,0.0000000000,0.0603227280,4.0479998589,4.0539588928,nan,nan,nan,nan,nan,nan,nan,nan,nan,nan,nan,nan,nan,-0.0595993735,-0.0125194006,0.9982464910,0.3429638445,0.1068271324,-0.2841806114
0.0064023021,0.0887205750,0.0910510421,-0.0110012237,0.0609096672,0.0024337204,nan,nan,nan,nan,0.0000000000,0.0000000000,0.0000000000,0.0000000000,nan,nan,nan,nan,nan,nan,nan,nan,nan,nan,nan,nan,nan,-0.0078572417,-0.0035772375,0.0005466717,0.0047630733,0.0011015293,-0.0006528439,0.0067726551,-0.0131333433,0.0051666000,0.0000000000,0.0000000000,0.0000000000,0.0000000000,0.0000000000,0.0603227280,4.0479998589,4.0539588928,nan,nan,nan,nan,nan,nan,nan,nan,nan,nan,nan,nan,nan,-0.0610287376,-0.0130539360,1.0015660524,-0.0117876651,0.0338217132,0.2147591561
0.0064023021,0.0887205750,0.0910510421,-0.0110012237,0.0609096672,0.0024337204,nan,nan,nan,nan,0.0000000000,0.0000000000,0.0000000000,0.0000000000,nan,nan,nan,nan,nan,nan,nan,nan,nan,nan,nan,nan,nan,-0.0101976525,-0.0047553889,0.0012133110,0.0012240721,-0.0002182043,-0.0002696952,0.0067726551,-0.0131333433,0.0051666000,0.0000000000,0.0000000000,0.0000000000,0.0000000000,0.0000000000,0.0603227280,4.0479998589,4.0486803055,nan,nan,nan,nan,nan,nan,nan,nan,nan,nan,nan,nan,nan,-0.0610287376,-0.0130539360,1.0015660524,-0.0117876651,0.0338217132,0.2147591561
0.0059031313,0.0884926096,0.0911104456,-0.0110012237,0.0609096672,0.0024337204,nan,nan,nan,nan,0.0000000000,0.0000000000,0.0000000000,0.0000000000,nan,nan,nan,nan,nan,nan,nan,nan,nan,nan,nan,nan,nan,-0.0101976525,-0.0047553889,0.0012133110,0.0012240721,-0.0002182043,-0.0002696952,0.0067726551,-0.0131333433,0.0051666000,0.0000000000,0.0000000000,0.0000000000,0.0000000000,0.0000000000,0.0603227280,4.0479998589,4.0486803055,nan,nan,nan,nan,nan,nan,nan,nan,nan,nan,nan,nan,nan,-0.0606499277,-0.0120856948,0.9988340139,-0.0117876651,0.0338217132,0.2147591561
0.0059031313,0.0884926096,0.0911104456,-0.0110012237,0.0609096672,0.0024337204,nan,nan,nan,nan,0.0000000000,0.0000000000,0.0000000000,0.0000000000,nan,nan,nan,nan,nan,nan,nan,nan,nan,nan,nan,nan,nan,-0.0101976525,-0.0047553889,0.0012133110,-0.0019832975,-0.0014704027,0.0001841555,-0.0279234983,-0.0271021128,0.0107740797,0.0000000000,0.0000000000,0.0000000000,0.0000000000,0.0000000000,0.0603227280,4.0479998589,4.0486803055,nan,nan,nan,nan,nan,nan,nan,nan,nan,nan,nan,nan,nan,-0.0606499277,-0.0120856948,0.9988340139,-0.0296208095,0.1639908999,0.0652687624
0.0059031313,0.0884926096,0.0911104456,-0.0110012237,0.0609096672,0.0024337204,nan,nan,nan,nan,0.0000000000,0.0000000000,0.0000000000,0.0000000000,nan,nan,nan,nan,nan,nan,nan,nan,nan,nan,nan,nan,nan,-0.0128803737,-0.0058332426,0.0020718293,-0.0019832975,-0.0014704027,0.0001841555,-0.0279234983,-0.0271021128,0.0107740797,0.0000000000,0.0000000000,0.0000000000,0.0000000000,0.0000000000,0.0592072457,4.0479998589,4.0486803055,nan,nan,nan,nan,nan,nan,nan,nan,nan,nan,nan,nan,nan,-0.0606499277,-0.0120856948,0.9988340139,-0.0296208095,0.1639908999,0.0652687624
0.0052779042,0.0882127360,0.0912066624,-0.0137726736,0.0609129795,0.0023492881,nan,nan,nan,nan,0.0000000000,0.0000000000,0.0000000000,0.0000000000,nan,nan,nan,nan,nan,nan,nan,nan,nan,nan,nan,nan,nan,-0.0128803737,-0.0058332426,0.0020718293,-0.0019832975,-0.0014704027,0.0001841555,-0.0036905648,0.0106077772,-0.0040369178,0.0000000000,0.0000000000,0.0000000000,0.0000000000,0.0000000000,0.0592072457,4.0479998589,4.0486803055,nan,nan,nan,nan,nan,nan,nan,nan,nan,nan,nan,nan,nan,-0.0594670512,-0.0109949186,0.9989441037,0.2251444012,-0.0458664782,0.0193005409
0.0052779042,0.0882127360,0.0912066624,-0.0137726736,0.0609129795,0.0023492881,nan,nan,nan,nan,0.0000000000,0.0000000000,0.0000000000,0.0000000000,nan,nan,nan,nan,nan,nan,nan,nan,nan,nan,nan,nan,nan,-0.0071010110,-0.0024129918,0.0014881003,0.0054671825,0.0021139781,-0.0006362959,-0.0036905648,0.0106077772,-0.0040369178,0.0000000000,0.0000000000,0.0000000000,0.0000000000,0.0000000000,0.0592072457,4.0479998589,4.0486803055,nan,nan,nan,nan,nan,nan,nan,nan,nan,nan,nan,nan,nan,-0.0594670512,-0.0109949186,0.9989441037,0.2251444012,-0.0458664782,0.0193005409
0.0064587551,0.0887796655,0.0910815150,-0.0110012237,0.0609096672,0.0024337204,nan,nan,nan,nan,0.0000000000,0.0000000000,0.0000000000,0.0000000000,nan,nan,nan,nan,nan,nan,nan,nan,nan,nan,nan,nan,nan,-0.0071010110,-0.0024129918,0.0014881003,0.0054671825,0.0021139781,-0.0006362959,-0.0036905648,0.0106077772,-0.0040369178,0.0000000000,0.0000000000,0.0000000000,0.0000000000,0.0000000000,0.0592072457,4.0479998589,4.0486803055,nan,nan,nan,nan,nan,nan,nan,nan,nan,nan,nan,nan,nan,-0.0576553009,-0.0152551215,0.9995203614,0.2251444012,-0.0458664782,0.0193005409
0.0064587551,0.0887796655,0.0910815150,-0.0110012237,0.0609096672,0.0024337204,nan,nan,nan,nan,0.0000000000,0.0000000000,0.0000000000,0.0000000000,nan,nan,nan,nan,nan,nan,nan,nan,nan,nan,nan,nan,nan,-0.0071010110,-0.0024129918,0.0014881003,0.0019515849,0.0008001491,-0.0000295923,-0.0017097460,-0.0245361384,0.0088737346,0.0000000000,0.0000000000,0.0000000000,0.0000000000,0.0000000000,0.0592072457,4.0479998589,4.0486803055,nan,nan,nan,nan,nan,nan,nan,nan,nan,nan,nan,nan,nan,-0.0576553009,-0.0152551215,0.9995203614,0.0038343626,-0.1267932206,0.1900569052
0.0064587551,0.0887796655,0.0910815150,-0.0110012237,0.0609096672,0.0024337204,nan,nan,nan,nan,0.0000000000,0.0000000000,0.0000000000,0.0000000000,nan,nan,nan,nan,nan,nan,nan,nan,nan,nan,nan,nan,nan,-0.0088579133,-0.0037765570,0.0019943218,0.0019515849,0.0008001491,-0.0000295923,-0.0017097460,-0.0245361384,0.0088737346,0.0000000000,0.0000000000,0.0000000000,0.0000000000,0.0000000000,0.0612170734,4.0479998589,4.0486803055,nan,nan,nan,nan,nan,nan,nan,nan,nan,nan,nan,nan,nan,-0.0576553009,-0.0152551215,0.9995203614,0.0038343626,-0.1267932206,0.1900569052
0.0060243136,0.0886012241,0.0911756307,-0.0137726736,0.0609129795,0.0023492881,nan,nan,nan,nan,0.0000000000,0.0000000000,0.0000000000,0.0000000000,nan,nan,nan,nan,nan,nan,nan,nan,nan,nan,nan,nan,nan,-0.0088579133,-0.0037765570,0.0019943218,0.0019515849,0.0008001491,-0.0000295923,0.0085463384,0.0003796838,0.0134696467,0.0000000000,0.0000000000,0.0000000000,0.0000000000,0.0000000000,0.0612170734,4.0479998589,4.0486803055,nan,nan,nan,nan,nan,nan,nan,nan,nan,nan,nan,nan,nan,-0.0597454831,-0.0119954860,0.9990668297,-0.0029546909,0.0971739590,0.0492356271
0.0060243136,0.0886012241,0.0911756307,-0.0137726736,0.0609129795,0.0023492881,nan,nan,nan,nan,0.0000000000,0.0000000000,0.0000000000,0.0000000000,nan,nan,nan,nan,nan,nan,nan,nan,nan,nan,nan,nan,nan,-0.0114263464,-0.0047366302,0.0021190830,-0.0011586492,-0.0004958300,0.0004904515,0.0085463384,0.0003796838,0.0134696467,0.0000000000,0.0000000000,0.0000000000,0.0000000000,0.0000000000,0.0612170734,4.0479998589,4.0486803055,nan,nan,nan,nan,nan,nan,nan,nan,nan,nan,nan,nan,nan,-0.0597454831,-0.0119954860,0.9990668297,-0.0029546909,0.0971739590,0.0492356271
0.0054664691,0.0883682594,0.0912756249,-0.0137726736,0.0609129795,0.0023492881,nan,nan,nan,nan,0.0000000000,0.0000000000,0.0000000000,0.0000000000,nan,nan,nan,nan,nan,nan,nan,nan,nan,nan,nan,nan,nan,-0.0114263464,-0.0047366302,0.0021190830,-0.0011586492,-0.0004958300,0.0004904515,0.0085463384,0.0003796838,0.0134696467,0.0000000000,0.0000000000,0.0000000000,0.0000000000,0.0000000000,0.0612170734,4.0479998589,4.0486803055,nan,nan,nan,nan,nan,nan,nan,nan,nan,nan,nan,nan,nan,-0.0579290912,-0.0152691938,0.9971023202,-0.0029546909,0.0971739590,0.0492356271
0.0054664691,0.0883682594,0.0912756249,-0.0137726736,0.0609129795,0.0023492881,nan,nan,nan,nan,0.0000000000,0.0000000000,0.0000000000,0.0000000000,nan,nan,nan,nan,nan,nan,nan,nan,nan,nan,nan,nan,nan,-0.0114263464,-0.0047366302,0.0021190830,-0.0040052421,-0.0017375901,0.0008912314,0.0075503876,-0.0063043665,0.0031574967,0.0000000000,0.0000000000,0.0000000000,0.0000000000,0.0000000000,0.0612170734,4.0479998589,4.0486803055,nan,nan,nan,nan,nan,nan,nan,nan,nan,nan,nan,nan,nan,-0.0579290912,-0.0152691938,0.9971023202,0.0432124883,-0.0541591085,-0.1559315771
0.0054664691,0.0883682594,0.0912756249,-0.0137726736,0.0609129795,0.0023492881,nan,nan,nan,nan,0.0000000000,0.0000000000,0.0000000000,0.0000000000,nan,nan,nan,nan,nan,nan,nan,nan,nan,nan,nan,nan,nan,-0.0134954769,-0.0061162016,0.0022409023,-0.0040052421,-0.0017375901,0.0008912314,0.0075503876,-0.0063043665,0.0031574967,0.0000000000,0.0000000000,0.0000000000,0.0000000000,0.0000000000,0.0612170734,4.0479998589,4.0486803055,nan,nan,nan,nan,nan,nan,nan,nan,nan,nan,nan,nan,nan,-0.0579290912,-0.0152691938,0.9971023202,0.0432124883,-0.0541591085,-0.1559315771
0.0048044049,0.0880665407,0.0913819075,-0.0137726736,0.0609129795,0.0023492881,nan,nan,nan,nan,0.0000000000,0.0000000000,0.0000000000,0.0000000000,nan,nan,nan,nan,nan,nan,nan,nan,nan,nan,nan,nan,nan,-0.0134954769,-0.0061162016,0.0022409023,-0.0040052421,-0.0017375901,0.0008912314,-0.0094835181,-0.0117324013,0.0078691831,0.0000000000,0.0000000000,0.0000000000,0.0000000000,0.0000000000,0.0666567162,4.0479998589,4.0486803055,nan,nan,nan,nan,nan,nan,nan,nan,nan,nan,nan,nan,nan,-0.0595896170,-0.0169602055,0.9982760549,0.0521059558,0.2432267070,0.1320197135
0.0048044049,0.0880665407,0.0913819075,-0.0137726736,0.0609129795,0.0023492881,nan,nan,nan,nan,0.0000000000,0.0000000000,0.0000000000,0.0000000000,nan,nan,nan,nan,nan,nan,nan,nan,nan,nan,nan,nan,nan,-0.0053211511,-0.0026738176,0.0006672480,-0.0067601707,-0.0030628273,0.0012641976,-0.0094835181,-0.0117324013,0.0078691831,0.0000000000,0.0000000000,0.0000000000,0.0000000000,0.0000000000,0.0666567162,4.0479998589,4.0486803055,nan,nan,nan,nan,nan,nan,nan,nan,nan,nan,nan,nan,nan,-0.0595896170,-0.0169602055,0.9982760549,0.0521059558,0.2432267070,0.1320197135
0.0066006561,0.0888243541,0.0910607874,-0.0137726736,0.0609129795,0.0023492881,nan,nan,nan,nan,0.0000000000,0.0000000000,0.0000000000,0.0000000000,nan,nan,nan,nan,nan,nan,nan,nan,nan,nan,nan,nan,nan,-0.0053211511,-0.0026738176,0.0006672480,-0.0067601707,-0.0030628273,0.0012641976,-0.0094835181,-0.0117324013,0.0078691831,0.0000000000,0.0000000000,0.0000000000,0.0000000000,0.0000000000,0.0666567162,4.0479998589,4.0486803055,nan,nan,nan,nan,nan,nan,nan,nan,nan,nan,nan,nan,nan,-0.0609178767,-0.0156722292,1.0008502007,0.0521059558,0.2432267070,0.1320197135
0.0066006561,0.0888243541,0.0910607874,-0.0137726736,0.0609129795,0.0023492881,nan,nan,nan,nan,0.0000000000,0.0000000000,0.0000000000,0.0000000000,nan,nan,nan,nan,nan,nan,nan,nan,nan,nan,nan,nan,nan,-0.0053211511,-0.0026738176,0.0006672480,0.0042767762,0.0017144599,-0.0006989594,-0.0185292084,-0.0082251262,0.0007940519,0.0000000000,0.0000000000,0.0000000000,0.0000000000,0.0000000000,0.0666567162,4.0479998589,4.0486803055,nan,nan,nan,nan,nan,nan,nan,nan,nan,nan,nan,nan,nan,-0.0609178767,-0.0156722292,1.0008502007,0.0608880147,-0.1324902475,0.1654399037
0.0066006561,0.0888243541,0.0910607874,-0.0137726736,0.0609129795,0.0023492881,nan,nan,nan,nan,0.0000000000,0.0000000000,0.0000000000,0.0000000000,nan,nan,nan,nan,nan,nan,nan,nan,nan,nan,nan,nan,nan,-0.0077206129,-0.0031967922,0.0014376091,0.0042767762,0.0017144599,-0.0006989594,-0.0185292084,-0.0082251262,0.0007940519,0.0000000000,0.0000000000,0.0000000000,0.0000000000,0.0000000000,0.0684086531,4.0479998589,4.0486803055,nan,nan,nan,nan,nan,nan,nan,nan,nan,nan,nan,nan,nan,-0.0609178767,-0.0156722292,1.0008502007,0.0608880147,-0.1324902475,0.1654399037
0.0062298002,0.0886646137,0.0911305472,-0.0137726736,0.0609129795,0.0023492881,nan,nan,nan,nan,0.0000000000,0.0000000000,0.0000000000,0.0000000000,nan,nan,nan,nan,nan,nan,nan,nan,nan,nan,nan,nan,nan,-0.0077206129,-0.0031967922,0.0014376091,0.0042767762,0.0017144599,-0.0006989594,0.0006920490,-0.0344168283,-0.0030446453,0.0000000000,0.0000000000,0.0000000000,0.0000000000,0.0000000000,0.0684086531,4.0479998589,4.0486803055,nan,nan,nan,nan,nan,nan,nan,nan,nan,nan,nan,nan,nan,-0.0591531880,-0.0147001930,0.9971618056,-0.0272356216,-0.0426878557,0.1446588784
0.0062298002,0.0886646137,0.0911305472,-0.0137726736,0.0609129795,0.0023492881,nan,nan,nan,nan,0.0000000000,0.0000000000,0.0000000000,0.0000000000,nan,nan,nan,nan,nan,nan,nan,nan,nan,nan,nan,nan,nan,-0.0100084944,-0.0046467809,0.0020024576,0.0009247774,0.0003066291,-0.0000616502,0.0006920490,-0.0344168283,-0.0030446453,0.0000000000,0.0000000000,0.0000000000,0.0000000000,0.0000000000,0.0684086531,4.0479998589,4.0486803055,nan,nan,nan,nan,nan,nan,nan,nan,nan,nan,nan,nan,nan,-0.0591531880,-0.0147001930,0.9971618056,-0.0272356216,-0.0426878557,0.1446588784
0.0068489802,0.0889292657,0.0910252705,-0.0137726736,0.0609129795,0.0023492881,nan,nan,nan,nan,0.0000000000,0.0000000000,0.0000000000,0.0000000000,nan,nan,nan,nan,nan,nan,nan,nan,nan,nan,nan,nan,nan,-0.0100084944,-0.0046467809,0.0020024576,0.0009247774,0.0003066291,-0.0000616502,0.0006920490,-0.0344168283,-0.0030446453,0.0000000000,0.0000000000,0.0000000000,0.0000000000,0.0000000000,0.0684086531,4.0479998589,4.0486803055,nan,nan,nan,nan,nan,nan,nan,nan,nan,nan,nan,nan,nan,-0.0593311526,-0.0118064117,1.0007393360,-0.0272356216,-0.0426878557,0.1446588784
0.0068489802,0.0889292657,0.0910252705,-0.0137726736,0.0609129795,0.0023492881,nan,nan,nan,nan,0.0000000000,0.0000000000,0.0000000000,0.0000000000,nan,nan,nan,nan,nan,nan,nan,nan,nan,nan,nan,nan,nan,-0.0100084944,-0.0046467809,0.0020024576,0.0037647039,0.0015441988,-0.0005934634,0.0222888030,0.0133617818,0.0219457708,0.0000000000,0.0000000000,0.0000000000,0.0000000000,0.0000000000,0.0684086531,4.0479998589,4.0486803055,nan,nan,nan,nan,nan,nan,nan,nan,nan,nan,nan,nan,nan,-0.0593311526,-0.0118064117,1.0007393360,0.0100154169,-0.3909522593,0.1330066621
0.0068489802,0.0889292657,0.0910252705,-0.0137726736,0.0609129795,0.0023492881,nan,nan,nan,nan,0.0000000000,0.0000000000,0.0000000000,0.0000000000,nan,nan,nan,nan,nan,nan,nan,nan,nan,nan,nan,nan,nan,-0.0071963533,-0.0028140040,0.0015641151,0.0037647039,0.0015441988,-0.0005934634,0.0222888030,0.0133617818,0.0219457708,0.0000000000,0.0000000000,0.0000000000,0.0000000000,0.0000000000,0.0684086531,4.0479998589,4.0486803055,nan,nan,nan,nan,nan,nan,nan,nan,nan,nan,nan,nan,nan,-0.0593311526,-0.0118064117,1.0007393360,0.0100154169,-0.3909522593,0.1330066621
0.0064930194,0.0887835622,0.0910985097,-0.0137726736,0.0609129795,0.0023492881,nan,nan,nan,nan,0.0000000000,0.0000000000,0.0000000000,0.0000000000,nan,nan,nan,nan,nan,nan,nan,nan,nan,nan,nan,nan,nan,-0.0071963533,-0.0028140040,0.0015641151,0.0037647039,0.0015441988,-0.0005934634,0.0182021838,-0.0024843016,-0.0078551499,0.0000000000,0.0000000000,0.0000000000,0.0000000000,0.0000000000,0.0688919425,4.0479998589,4.0486803055,nan,nan,nan,nan,nan,nan,nan,nan,nan,nan,nan,nan,nan,-0.0585847199,-0.0146023398,0.9989015460,-0.0873856544,-0.2560563684,-0.3309964538
0.0064930194,0.0887835622,0.0910985097,-0.0137726736,0.0609129795,0.0023492881,nan,nan,nan,nan,0.0000000000,0.0000000000,0.0000000000,0.0000000000,nan,nan,nan,nan,nan,nan,nan,nan,nan,nan,nan,nan,nan,-0.0092602093,-0.0036025017,0.0018405714,0.0006465118,0.0002947568,0.0000199455,0.0182021838,-0.0024843016,-0.0078551499,0.0000000000,0.0000000000,0.0000000000,0.0000000000,0.0000000000,0.0688919425,4.0479998589,4.0486803055,nan,nan,nan,nan,nan,nan,nan,nan,nan,nan,nan,nan,nan,-0.0585847199,-0.0146023398,0.9989015460,-0.0873856544,-0.2560563684,-0.3309964538
0.0066476525,0.0888570175,0.0910596922,-0.0137726736,0.0609129795,0.0023492881,nan,nan,nan,nan,0.0000000000,0.0000000000,0.0000000000,0.0000000000,nan,nan,nan,nan,nan,nan,nan,nan,nan,nan,nan,nan,nan,-0.0092602093,-0.0036025017,0.0018405714,0.0006465118,0.0002947568,0.0000199455,0.0182021838,-0.0024843016,-0.0078551499,0.0000000000,0.0000000000,0.0000000000,0.0000000000,0.0000000000,0.0688919425,4.0479998589,4.0486803055,nan,nan,nan,nan,nan,nan,nan,nan,nan,nan,nan,nan,nan,-0.0611268803,-0.0132084256,0.9992228746,-0.0873856544,-0.2560563684,-0.3309964538
0.0066476525,0.0888570175,0.0910596922,-0.0137726736,0.0609129795,0.0023492881,nan,nan,nan,nan,0.0000000000,0.0000000000,0.0000000000,0.0000000000,nan,nan,nan,nan,nan,nan,nan,nan,nan,nan,nan,nan,nan,-0.0092602093,-0.0036025017,0.0018405714,0.0012150735,0.0006023256,-0.0002154549,0.0059524146,0.0052442607,-0.0166832767,0.0000000000,0.0000000000,0.0000000000,0.0000000000,0.0000000000,0.0688919425,4.0479998589,4.0486803055,nan,nan,nan,nan,nan,nan,nan,nan,nan,nan,nan,nan,nan,-0.0611268803,-0.0132084256,0.9992228746,-0.0796918124,-0.0338579528,0.1255919486
0.0066476525,0.0888570175,0.0910596922,-0.0137726736,0.0609129795,0.0023492881,nan,nan,nan,nan,0.0000000000,0.0000000000,0.0000000000,0.0000000000,nan,nan,nan,nan,nan,nan,nan,nan,nan,nan,nan,nan,nan,-0.0085385656,-0.0031913819,0.0012172834,0.0012150735,0.0006023256,-0.0002154549,0.0059524146,0.0052442607,-0.0166832767,0.0000000000,0.0000000000,0.0000000000,0.0000000000,0.0000000000,0.0688919425,4.0479998589,4.0486803055,nan,nan,nan,nan,nan,nan,nan,nan,nan,nan,nan,nan,nan,-0.0611268803,-0.0132084256,0.9992228746,-0.0796918124,-0.0338579528,0.1255919486
0.0062304111,0.0887029544,0.0911215991,-0.0137726736,0.0609129795,0.0023492881,-0.1000000015,0.0000000000,-0.0399999991,0.0000000000,0.0000000000,0.0000000000,0.0000000000,0.0000000000,nan,nan,nan,nan,nan,nan,nan,nan,nan,nan,nan,nan,nan,-0.0085385656,-0.0031913819,0.0012172834,0.0012150735,0.0006023256,-0.0002154549,0.0010712029,-0.0188363176,0.0021646393,0.0000000000,0.0000000000,0.0000000000,0.0000000000,0.0000000000,0.0674302354,4.0479998589,4.0486803055,nan,nan,nan,nan,nan,nan,nan,nan,nan,nan,nan,nan,nan,-0.0589438044,-0.0134097692,0.9976481199,0.2336610556,-0.2432434410,-0.0028817249
0.0062304111,0.0887029544,0.0911215991,-0.0137726736,0.0609129795,0.0023492881,-0.1000000015,0.0000000000,-0.0399999991,0.0000000000,0.0000000000,0.0000000000,0.0000000000,0.0000000000,nan,nan,nan,nan,nan,nan,nan,nan,nan,nan,nan,nan,nan,-0.0111416215,-0.0040665413,0.0016050860,-0.0016270620,-0.0004865694,0.0001835489,0.0010712029,-0.0188363176,0.0021646393,0.0000000000,0.0000000000,0.0000000000,0.0000000000,0.0000000000,0.0674302354,4.0479998589,4.0486803055,nan,nan,nan,nan,nan,nan,nan,nan,nan,nan,nan,nan,nan,-0.0589438044,-0.0134097692,0.9976481199,0.2336610556,-0.2432434410,-0.0028817249
0.0066091516,0.0888570473,0.0910536051,-0.0137726736,0.0609129795,0.0023492881,-0.1000000015,0.0000000000,-0.0399999991,0.0000000000,0.0000000000,0.0000000000,0.0000000000,0.0000000000,nan,nan,nan,nan,nan,nan,nan,nan,nan,nan,nan,nan,nan,-0.0111416215,-0.0040665413,0.0016050860,-0.0016270620,-0.0004865694,0.0001835489,0.0010712029,-0.0188363176,0.0021646393,0.0000000000,0.0000000000,0.0000000000,0.0000000000,0.0000000000,0.0674302354,4.0479998589,4.0486803055,nan,nan,nan,nan,nan,nan,nan,nan,nan,nan,nan,nan,nan,-0.0596430339,-0.0121471584,0.9963417053,0.2336610556,-0.2432434410,-0.0028817249
0.0066091516,0.0888570473,0.0910536051,-0.0137726736,0.0609129795,0.0023492881,-0.1000000015,0.0000000000,-0.0399999991,0.0000000000,0.0000000000,0.0000000000,0.0000000000,0.0000000000,nan,nan,nan,nan,nan,nan,nan,nan,nan,nan,nan,nan,nan,-0.0111416215,-0.0040665413,0.0016050860,0.0008542225,0.0005246408,-0.0002501945,0.0009745889,-0.0007636252,-0.0013939763,0.0000000000,0.0000000000,0.0000000000,0.0000000000,0.0000000000,0.0674302354,4.0479998589,4.0486803055,nan,nan,nan,nan,nan,nan,nan,nan,nan,nan,nan,nan,nan,-0.0596430339,-0.0121471584,0.9963417053,0.0513968319,-0.2212114334,-0.0631372854
0.0066091516,0.0888570473,0.0910536051,-0.0137726736,0.0609129795,0.0023492881,-0.1000000015,0.0000000000,-0.0399999991,0.0000000000,0.0000000000,0.0000000000,0.0000000000,0.0000000000,nan,nan,nan,nan,nan,nan,nan,nan,nan,nan,nan,nan,nan,-0.0084273769,-0.0026872596,0.0008175627,0.0008542225,0.0005246408,-0.0002501945,0.0009745889,-0.0007636252,-0.0013939763,0.0000000000,0.0000000000,0.0000000000,0.0000000000,0.0000000000,0.0674302354,4.0479998589,4.0486803055,nan,nan,nan,nan,nan,nan,nan,nan,nan,nan,nan,nan,nan,-0.0596430339,-0.0121471584,0.9963417053,0.0513968319,-0.2212114334,-0.0631372854
0.0061947089,0.0887298882,0.0910922289,-0.0137726736,0.0609129795,0.0023492881,-0.1000000015,0.0000000000,-0.0399999991,0.0000000000,0.0000000000,0.0000000000,0.0000000000,0.0000000000,nan,nan,nan,nan,nan,nan,nan,nan,nan,nan,nan,nan,nan,-0.0084273769,-0.0026872596,0.0008175627,0.0008542225,0.0005246408,-0.0002501945,0.0204058271,0.0056241262,0.0143221710,0.0000000000,0.0000000000,0.0000000000,0.0000000000,0.0000000000,0.0682566240,4.0479998589,4.0486803055,nan,nan,nan,nan,nan,nan,nan,nan,nan,nan,nan,nan,nan,-0.0581481270,-0.0125624193,0.9990605712,-0.1362041533,-0.2038233131,-0.0806273669
0.0061947089,0.0887298882,0.0910922289,-0.0137726736,0.0609129795,0.0023492881,-0.1000000015,0.0000000000,-0.0399999991,0.0000000000,0.0000000000,0.0000000000,0.0000000000,0.0000000000,nan,nan,nan,nan,nan,nan,nan,nan,nan,nan,nan,nan,nan,-0.0107704513,-0.0029642086,0.0010274678,-0.0018540357,-0.0003531242,0.0000184927,0.0204058271,0.0056241262,0.0143221710,0.0000000000,0.0000000000,0.0000000000,0.0000000000,0.0000000000,0.0682566240,4.0479998589,4.0486803055,nan,nan,nan,nan,nan,nan,nan,nan,nan,nan,nan,nan,nan,-0.0581481270,-0.0125624193,0.9990605712,-0.1362041533,-0.2038233131,-0.0806273669
0.0056658224,0.0885816589,0.0911393911,-0.0137726736,0.0609129795,0.0023492881,-0.1000000015,0.0000000000,-0.0399999991,0.0000000000,0.0000000000,0.0000000000,0.0000000000,0.0000000000,nan,nan,nan,nan,nan,nan,nan,nan,nan,nan,nan,nan,nan,-0.0107704513,-0.0029642086,0.0010274678,-0.0018540357,-0.0003531242,0.0000184927,0.0204058271,0.0056241262,0.0143221710,0.0000000000,0.0000000000,0.0000000000,0.0000000000,0.0000000000,0.0682566240,4.0479998589,4.0486803055,nan,nan,nan,nan,nan,nan,nan,nan,nan,nan,nan,nan,nan,-0.0583269782,-0.0150010539,0.9975567460,-0.1362041533,-0.2038233131,-0.0806273669
0.0056658224,0.0885816589,0.0911393911,-0.0137726736,0.0609129795,0.0023492881,-0.1000000015,0.0000000000,-0.0399999991,0.0000000000,0.0000000000,0.0000000000,0.0000000000,0.0000000000,nan,nan,nan,nan,nan,nan,nan,nan,nan,nan,nan,nan,nan,-0.0107704513,-0.0029642086,0.0010274678,-0.0043635964,-0.0011140771,0.0003251366,0.0124513209,0.0035839388,0.0066705039,0.0000000000,0.0000000000,0.0000000000,0.0000000000,0.0000000000,0.0682566240,4.0479998589,4.0486803055,nan,nan,nan,nan,nan,nan,nan,nan,nan,nan,nan,nan,nan,-0.0583269782,-0.0150010539,0.9975567460,0.2566125989,-0.1221434027,0.0075171050
0.0056658224,0.0885816589,0.0911393911,-0.0137726736,0.0609129795,0.0023492881,-0.1000000015,0.0000000000,-0.0399999991,0.0000000000,0.0000000000,0.0000000000,0.0000000000,0.0000000000,nan,nan,nan,nan,nan,nan,nan,nan,nan,nan,nan,nan,nan,-0.0128571978,-0.0037327888,0.0014165520,-0.0043635964,-0.0011140771,0.0003251366,0.0124513209,0.0035839388,0.0066705039,0.0000000000,0.0000000000,0.0000000000,0.0000000000,0.0000000000,0.0688093528,4.0479998589,4.0486803055,nan,nan,nan,nan,nan,nan,nan,nan,nan,nan,nan,nan,nan,-0.0583269782,-0.0150010539,0.9975567460,0.2566125989,-0.1221434027,0.0075171050
0.0050328136,0.0883961394,0.0912087783,-0.0137726736,0.0609129795,0.0023492881,-0.1000000015,0.0000000000,-0.0399999991,0.0000000000,0.0000000000,0.0000000000,0.0000000000,0.0000000000,nan,nan,nan,nan,nan,nan,nan,nan,nan,nan,nan,nan,nan,-0.0128571978,-0.0037327888,0.0014165520,-0.0043635964,-0.0011140771,0.0003251366,0.0082204835,0.0079650749,-0.0134304706,0.0000000000,0.0000000000,0.0000000000,0.0000000000,0.0000000000,0.0688093528,4.0479998589,4.0486803055,nan,nan,nan,nan,nan,nan,nan,nan,nan,nan,nan,nan,nan,-0.0579234995,-0.0121372370,0.9983023405,-0.0816788077,-0.1366093755,0.0619191751
0.0050328136,0.0883961394,0.0912087783,-0.0137726736,0.0609129795,0.0023492881,-0.1000000015,0.0000000000,-0.0399999991,0.0000000000,0.0000000000,0.0000000000,0.0000000000,0.0000000000,nan,nan,nan,nan,nan,nan,nan,nan,nan,nan,nan,nan,nan,-0.0148540623,-0.0041841888,0.0014599274,-0.0068172896,-0.0018706803,0.0006384553,0.0082204835,0.0079650749,-0.0134304706,0.0000000000,0.0000000000,0.0000000000,0.0000000000,0.0000000000,0.0688093528,4.0479998589,4.0486803055,nan,nan,nan,nan,nan,nan,nan,nan,nan,nan,nan,nan,nan,-0.0579234995,-0.0121372370,0.9983023405,-0.0816788077,-0.1366093755,0.0619191751
0.0066518905,0.0888973325,0.0910363719,-0.0137726736,0.0609129795,0.0023492881,-0.1000000015,0.0000000000,-0.0399999991,0.0000000000,0.0000000000,0.0000000000,0.0000000000,0.0000000000,nan,nan,nan,nan,nan,nan,nan,nan,nan,nan,nan,nan,nan,-0.0148540623,-0.0041841888,0.0014599274,-0.0068172896,-0.0018706803,0.0006384553,0.0082204835,0.0079650749,-0.0134304706,0.0000000000,0.0000000000,0.0000000000,0.0000000000,0.0000000000,0.0688093528,4.0479998589,4.0170087814,nan,nan,nan,nan,nan,nan,nan,nan,nan,nan,nan,nan,nan,-0.0570428185,-0.0076564816,1.0001361370,-0.0816788077,-0.1366093755,0.0619191751
0.0066518905,0.0888973325,0.0910363719,-0.0137726736,0.0609129795,0.0023492881,-0.1000000015,0.0000000000,-0.0399999991,0.0000000000,0.0000000000,0.0000000000,0.0000000000,0.0000000000,nan,nan,nan,nan,nan,nan,nan,nan,nan,nan,nan,nan,nan,-0.0148540623,-0.0041841888,0.0014599274,0.0041212877,0.0014641385,-0.0005071225,-0.0114184571,-0.0130710090,0.0015775788,0.0000000000,0.0000000000,0.0000000000,0.0000000000,0.0000000000,0.0688093528,4.0479998589,4.0170087814,nan,nan,nan,nan,nan,nan,nan,nan,nan,nan,nan,nan,nan,-0.0570428185,-0.0076564816,1.0001361370,0.3540289104,-0.0388199165,-3.8240740299
0.0066518905,0.0888973325,0.0910363719,-0.0137726736,0.0609129795,0.0023492881,-0.1000000015,0.0000000000,-0.0399999991,0.0000000000,0.0000000000,0.0000000000,0.0000000000,0.0000000000,nan,nan,nan,nan,nan,nan,nan,nan,nan,nan,nan,nan,nan,-0.0072653051,-0.0020547956,0.0007832414,0.0041212877,0.0014641385,-0.0005071225,-0.0114184571,-0.0130710090,0.0015775788,0.0000000000,0.0000000000,0.0000000000,0.0000000000,0.0000000000,0.0551653728,4.0479998589,4.0170087814,nan,nan,nan,nan,nan,nan,nan,nan,nan,nan,nan,nan,nan,-0.0570428185,-0.0076564816,1.0001361370,0.3540289104,-0.0388199165,-3.8240740299
0.0063050683,0.0888053104,0.0910728797,-0.0138570875,0.0608938544,-0.0004220429,-0.1000000015,0.0000000000,-0.0399999991,0.0000000000,0.0000000000,0.0000000000,0.0000000000,0.0000000000,nan,nan,nan,nan,nan,nan,nan,nan,nan,nan,nan,nan,nan,-0.0072653051,-0.0020547956,0.0007832414,0.0041212877,0.0014641385,-0.0005071225,-0.0018621301,0.0352714360,0.0249196645,0.0000000000,0.0000000000,0.0000000000,0.0000000000,0.0000000000,0.0551653728,4.0479998589,4.0170087814,nan,nan,nan,nan,nan,nan,nan,nan,nan,nan,nan,nan,nan,-0.0622326359,-0.0211372320,0.9995719790,0.6327099800,0.4685336351,0.6671150923
0.0063050683,0.0888053104,0.0910728797,-0.0138570875,0.0608938544,-0.0004220429,-0.1000000015,0.0000000000,-0.0399999991,0.0000000000,0.0000000000,0.0000000000,0.0000000000,0.0000000000,nan,nan,nan,nan,nan,nan,nan,nan,nan,nan,nan,nan,nan,-0.0107137887,-0.0029548092,0.0014854504,0.0008422734,0.0003950112,-0.0001261541,-0.0018621301,0.0352714360,0.0249196645,0.0000000000,0.0000000000,0.0000000000,0.0000000000,0.0000000000,0.0551653728,4.0479998589,4.0117301941,nan,nan,nan,nan,nan,nan,nan,nan,nan,nan,nan,nan,nan,-0.0622326359,-0.0211372320,0.9995719790,0.6327099800,0.4685336351,0.6671150923
0.0057857567,0.0886247456,0.0911447033,-0.0137726736,0.0609129795,0.0023492881,-0.1000000015,0.0000000000,-0.0399999991,0.0000000000,0.0000000000,0.0000000000,0.0000000000,0.0000000000,nan,nan,nan,nan,nan,nan,nan,nan,nan,nan,nan,nan,nan,-0.0107137887,-0.0029548092,0.0014854504,0.0008422734,0.0003950112,-0.0001261541,-0.0018621301,0.0352714360,0.0249196645,0.0000000000,0.0000000000,0.0000000000,0.0000000000,0.0000000000,0.0551653728,4.0479998589,4.0117301941,nan,nan,nan,nan,nan,nan,nan,nan,nan,nan,nan,nan,nan,-0.0631480664,-0.0055942158,1.0029231310,0.6327099800,0.4685336351,0.6671150923
0.0057857567,0.0886247456,0.0911447033,-0.0137726736,0.0609129795,0.0023492881,-0.1000000015,0.0000000000,-0.0399999991,0.0000000000,0.0000000000,0.0000000000,0.0000000000,0.0000000000,nan,nan,nan,nan,nan,nan,nan,nan,nan,nan,nan,nan,nan,-0.0107137887,-0.0029548092,0.0014854504,-0.0025590949,-0.0008795086,0.0004476474,-0.0566021726,-0.0443999171,0.0362971760,0.0000000000,0.0000000000,0.0000000000,0.0000000000,0.0000000000,0.0551653728,4.0479998589,4.0117301941,nan,nan,nan,nan,nan,nan,nan,nan,nan,nan,nan,nan,nan,-0.0631480664,-0.0055942158,1.0029231310,-0.6178211570,0.0494137518,3.0278067589
0.0057857567,0.0886247456,0.0911447033,-0.0137726736,0.0609129795,0.0023492881,-0.1000000015,0.0000000000,-0.0399999991,0.0000000000,0.0000000000,0.0000000000,0.0000000000,0.0000000000,nan,nan,nan,nan,nan,nan,nan,nan,nan,nan,nan,nan,nan,-0.0145179750,-0.0053495937,0.0031276632,-0.0025590949,-0.0008795086,0.0004476474,-0.0566021726,-0.0443999171,0.0362971760,0.0000000000,0.0000000000,0.0000000000,0.0000000000,0.0000000000,0.0775009841,4.0479998589,4.0117301941,nan,nan,nan,nan,nan,nan,nan,nan,nan,nan,nan,nan,nan,-0.0631480664,-0.0055942158,1.0029231310,-0.6178211570,0.0494137518,3.0278067589
0.0050740214,0.0883446857,0.0912870243,-0.0137726736,0.0609129795,0.0023492881,-0.1000000015,0.0000000000,-0.0399999991,0.0000000000,0.0000000000,0.0000000000,0.0000000000,0.0000000000,nan,nan,nan,nan,nan,nan,nan,nan,nan,nan,nan,nan,nan,-0.0145179750,-0.0053495937,0.0031276632,-0.0025590949,-0.0008795086,0.0004476474,0.0019417795,-0.0196972117,0.0017225898,0.0000000000,0.0000000000,0.0000000000,0.0000000000,0.0000000000,0.0775009841,4.0479998589,4.0117301941,nan,nan,nan,nan,nan,nan,nan,nan,nan,nan,nan,nan,nan,-0.0608719625,-0.0161581039,1.0000777245,0.0927896500,-0.1911638230,1.5695327520
0.0050740214,0.0883446857,0.0912870243,-0.0137726736,0.0609129795,0.0023492881,-0.1000000015,0.0000000000,-0.0399999991,0.0000000000,0.0000000000,0.0000000000,0.0000000000,0.0000000000,nan,nan,nan,nan,nan,nan,nan,nan,nan,nan,nan,nan,nan,-0.0179778226,-0.0079949582,0.0038949123,-0.0070961700,-0.0028531621,0.0013671694,0.0019417795,-0.0196972117,0.0017225898,0.0000000000,0.0000000000,0.0000000000,0.0000000000,0.0000000000,0.0775009841,4.0479998589,4.0275659561,nan,nan,nan,nan,nan,nan,nan,nan,nan,nan,nan,nan,nan,-0.0608719625,-0.0161581039,1.0000777245,0.0927896500,-0.1911638230,1.5695327520
0.0041824756,0.0879487619,0.0914650336,-0.0137726736,0.0609129795,0.0023492881,-0.1000000015,0.0000000000,-0.0399999991,0.0000000000,0.0000000000,0.0000000000,0.0000000000,0.0000000000,nan,nan,nan,nan,nan,nan,nan,nan,nan,nan,nan,nan,nan,-0.0179778226,-0.0079949582,0.0038949123,-0.0070961700,-0.0028531621,0.0013671694,0.0019417795,-0.0196972117,0.0017225898,0.0000000000,0.0000000000,0.0000000000,0.0000000000,0.0000000000,0.0775009841,4.0479998589,4.0275659561,nan,nan,nan,nan,nan,nan,nan,nan,nan,nan,nan,nan,nan,-0.0607334487,-0.0239010397,0.9971951842,0.0927896500,-0.1911638230,1.5695327520
0.0041824756,0.0879487619,0.0914650336,-0.0137726736,0.0609129795,0.0023492881,-0.1000000015,0.0000000000,-0.0399999991,0.0000000000,0.0000000000,0.0000000000,0.0000000000,0.0000000000,nan,nan,nan,nan,nan,nan,nan,nan,nan,nan,nan,nan,nan,-0.0179778226,-0.0079949582,0.0038949123,-0.0094815884,-0.0040668617,0.0018097662,0.0030140367,0.0200023819,0.0005718577,0.0000000000,0.0000000000,0.0000000000,0.0000000000,0.0000000000,0.0775009841,4.0479998589,4.0275659561,nan,nan,nan,nan,nan,nan,nan,nan,nan,nan,nan,nan,nan,-0.0607334487,-0.0239010397,0.9971951842,0.5407012105,0.1506378204,0.1911342591
0.0041824756,0.0879487619,0.0914650336,-0.0137726736,0.0609129795,0.0023492881,-0.1000000015,0.0000000000,-0.0399999991,0.0000000000,0.0000000000,0.0000000000,0.0000000000,0.0000000000,nan,nan,nan,nan,nan,nan,nan,nan,nan,nan,nan,nan,nan,-0.0217169486,-0.0107371286,0.0037126683,-0.0094815884,-0.0040668617,0.0018097662,0.0030140367,0.0200023819,0.0005718577,0.0000000000,0.0000000000,0.0000000000,0.0000000000,0.0000000000,0.0775009841,4.0479998589,4.0275659561,nan,nan,nan,nan,nan,nan,nan,nan,nan,nan,nan,nan,nan,-0.0607334487,-0.0239010397,0.9971951842,0.5407012105,0.1506378204,0.1911342591
0.0031127974,0.0874349922,0.0916410685,-0.0137726736,0.0609129795,0.0023492881,-0.1000000015,0.0000000000,-0.0399999991,0.0000000000,0.0000000000,0.0000000000,0.0000000000,0.0000000000,nan,nan,nan,nan,nan,nan,nan,nan,nan,nan,nan,nan,nan,-0.0217169486,-0.0107371286,0.0037126683,-0.0094815884,-0.0040668617,0.0018097662,-0.0460454561,-0.0517964102,0.0001344860,0.0000000000,0.0000000000,0.0000000000,0.0000000000,0.0000000000,0.0679414719,4.0479998589,4.0275659561,nan,nan,nan,nan,nan,nan,nan,nan,nan,nan,nan,nan,nan,-0.0617307536,-0.0173659269,1.0073024035,-0.5392719507,0.0962697491,-0.9516788721
0.0031127974,0.0874349922,0.0916410685,-0.0137726736,0.0609129795,0.0023492881,-0.1000000015,0.0000000000,-0.0399999991,0.0000000000,0.0000000000,0.0000000000,0.0000000000,0.0000000000,nan,nan,nan,nan,nan,nan,nan,nan,nan,nan,nan,nan,nan,-0.0265098661,-0.0130062168,0.0053142374,-0.0130958473,-0.0060175438,0.0023403072,-0.0460454561,-0.0517964102,0.0001344860,0.0000000000,0.0000000000,0.0000000000,0.0000000000,0.0000000000,0.0679414719,4.0479998589,4.0328445435,nan,nan,nan,nan,nan,nan,nan,nan,nan,nan,nan,nan,nan,-0.0617307536,-0.0173659269,1.0073024035,-0.5392719507,0.0962697491,-0.9516788721
0.0067115254,0.0888772011,0.0910443962,-0.0137726736,0.0609129795,0.0023492881,-0.1000000015,0.0000000000,-0.0399999991,0.0000000000,0.0000000000,0.0000000000,0.0000000000,0.0000000000,nan,nan,nan,nan,nan,nan,nan,nan,nan,nan,nan,nan,nan,-0.0265098661,-0.0130062168,0.0053142374,-0.0130958473,-0.0060175438,0.0023403072,-0.0460454561,-0.0517964102,0.0001344860,0.0000000000,0.0000000000,0.0000000000,0.0000000000,0.0000000000,0.0679414719,4.0479998589,4.0328445435,nan,nan,nan,nan,nan,nan,nan,nan,nan,nan,nan,nan,nan,-0.0644113421,-0.0193509441,0.9990317822,-0.5392719507,0.0962697491,-0.9516788721
0.0067115254,0.0888772011,0.0910443962,-0.0137726736,0.0609129795,0.0023492881,-0.1000000015,0.0000000000,-0.0399999991,0.0000000000,0.0000000000,0.0000000000,0.0000000000,0.0000000000,nan,nan,nan,nan,nan,nan,nan,nan,nan,nan,nan,nan,nan,-0.0265098661,-0.0130062168,0.0053142374,0.0114730513,0.0040237596,-0.0016468484,-0.0329344906,-0.0508330427,0.0351405963,0.0000000000,0.0000000000,0.0000000000,0.0000000000,0.0000000000,0.0679414719,4.0479998589,4.0328445435,nan,nan,nan,nan,nan,nan,nan,nan,nan,nan,nan,nan,nan,-0.0644113421,-0.0193509441,0.9990317822,0.0309128407,0.3080193400,1.3475091457
0.0067115254,0.0888772011,0.0910443962,-0.0137726736,0.0609129795,0.0023492881,-0.1000000015,0.0000000000,-0.0399999991,0.0000000000,0.0000000000,0.0000000000,0.0000000000,0.0000000000,nan,nan,nan,nan,nan,nan,nan,nan,nan,nan,nan,nan,nan,-0.0116799995,-0.0074255541,0.0035453264,0.0114730513,0.0040237596,-0.0016468484,-0.0329344906,-0.0508330427,0.0351405963,0.0000000000,0.0000000000,0.0000000000,0.0000000000,0.0000000000,0.0747700408,4.0479998589,4.0328445435,nan,nan,nan,nan,nan,nan,nan,nan,nan,nan,nan,nan,nan,-0.0644113421,-0.0193509441,0.9990317822,0.0309128407,0.3080193400,1.3475091457
0.0060940091,0.0884973928,0.0912198052,-0.0137726736,0.0609129795,0.0023492881,-0.1000000015,0.0000000000,-0.0399999991,0.0000000000,0.0000000000,0.0000000000,0.0000000000,0.0000000000,nan,nan,nan,nan,nan,nan,nan,nan,nan,nan,nan,nan,nan,-0.0116799995,-0.0074255541,0.0035453264,0.0114730513,0.0040237596,-0.0016468484,-0.0172020849,0.0378596187,0.0614437126,0.0000000000,0.0000000000,0.0000000000,0.0000000000,0.0000000000,0.0747700408,4.0479998589,4.0328445435,nan,nan,nan,nan,nan,nan,nan,nan,nan,nan,nan,nan,nan,-0.0648907200,-0.0235135145,0.9959919453,0.5464529991,0.1366624236,-1.4811328650
0.0060940091,0.0884973928,0.0912198052,-0.0137726736,0.0609129795,0.0023492881,-0.1000000015,0.0000000000,-0.0399999991,0.0000000000,0.0000000000,0.0000000000,0.0000000000,0.0000000000,nan,nan,nan,nan,nan,nan,nan,nan,nan,nan,nan,nan,nan,-0.0162018277,-0.0096283266,0.0043260544,0.0045770211,0.0007270563,-0.0002093954,-0.0172020849,0.0378596187,0.0614437126,0.0000000000,0.0000000000,0.0000000000,0.0000000000,0.0000000000,0.0747700408,4.0479998589,4.0328445435,nan,nan,nan,nan,nan,nan,nan,nan,nan,nan,nan,nan,nan,-0.0648907200,-0.0235135145,0.9959919453,0.5464529991,0.1366624236,-1.4811328650
0.0052957917,0.0880348533,0.0914251208,-0.0137726736,0.0609129795,0.0023492881,-0.1000000015,0.0000000000,-0.0399999991,0.0000000000,0.0000000000,0.0000000000,0.0000000000,0.0000000000,nan,nan,nan,nan,nan,nan,nan,nan,nan,nan,nan,nan,nan,-0.0162018277,-0.0096283266,0.0043260544,0.0045770211,0.0007270563,-0.0002093954,-0.0172020849,0.0378596187,0.0614437126,0.0000000000,0.0000000000,0.0000000000,0.0000000000,0.0000000000,0.0747700408,4.0479998589,4.0328445435,nan,nan,nan,nan,nan,nan,nan,nan,nan,nan,nan,nan,nan,-0.0659631193,-0.0139196133,0.9976094961,0.5464529991,0.1366624236,-1.4811328650
0.0052957917,0.0880348533,0.0914251208,-0.0137726736,0.0609129795,0.0023492881,-0.1000000015,0.0000000000,-0.0399999991,0.0000000000,0.0000000000,0.0000000000,0.0000000000,0.0000000000,nan,nan,nan,nan,nan,nan,nan,nan,nan,nan,nan,nan,nan,-0.0162018277,-0.0096283266,0.0043260544,-0.0013693766,-0.0022616663,0.0011104679,-0.0551489070,-0.0987978280,-0.0003993649,0.0000000000,0.0000000000,0.0000000000,0.0000000000,0.0000000000,0.0747700408,4.0479998589,4.0328445435,nan,nan,nan,nan,nan,nan,nan,nan,nan,nan,nan,nan,nan,-0.0659631193,-0.0139196133,0.9976094961,-1.0768574476,0.1588691324,0.8709741831
0.0052957917,0.0880348533,0.0914251208,-0.0137726736,0.0609129795,0.0023492881,-0.1000000015,0.0000000000,-0.0399999991,0.0000000000,0.0000000000,0.0000000000,0.0000000000,0.0000000000,nan,nan,nan,nan,nan,nan,nan,nan,nan,nan,nan,nan,nan,-0.0197040234,-0.0120841786,0.0052409447,-0.0013693766,-0.0022616663,0.0011104679,-0.0551489070,-0.0987978280,-0.0003993649,0.0000000000,0.0000000000,0.0000000000,0.0000000000,0.0000000000,0.0817052200,4.0479998589,4.0328445435,nan,nan,nan,nan,nan,nan,nan,nan,nan,nan,nan,nan,nan,-0.0659631193,-0.0139196133,0.9976094961,-1.0768574476,0.1588691324,0.8709741831
0.0043025631,0.0874356553,0.0916850120,-0.0137726736,0.0609129795,0.0023492881,-0.1000000015,0.0000000000,-0.0399999991,0.0000000000,0.0000000000,0.0000000000,0.0000000000,0.0000000000,nan,nan,nan,nan,nan,nan,nan,nan,nan,nan,nan,nan,nan,-0.0197040234,-0.0120841786,0.0052409447,-0.0013693766,-0.0022616663,0.0011104679,0.0227851663,0.0258783083,0.0197226591,0.0000000000,0.0000000000,0.0000000000,0.0000000000,0.0000000000,0.0817052200,4.0479998589,4.0328445435,nan,nan,nan,nan,nan,nan,nan,nan,nan,nan,nan,nan,nan,-0.0684821308,-0.0205443315,0.9969463348,1.0606149435,-0.7917265892,0.5664097667
0.0043025631,0.0874356553,0.0916850120,-0.0137726736,0.0609129795,0.0023492881,-0.1000000015,0.0000000000,-0.0399999991,0.0000000000,0.0000000000,0.0000000000,0.0000000000,0.0000000000,nan,nan,nan,nan,nan,nan,nan,nan,nan,nan,nan,nan,nan,-0.0237212442,-0.0141222700,0.0060207308,-0.0067122933,-0.0051061097,0.0022299308,0.0227851663,0.0258783083,0.0197226591,0.0000000000,0.0000000000,0.0000000000,0.0000000000,0.0000000000,0.0817052200,4.0479998589,4.0328445435,nan,nan,nan,nan,nan,nan,nan,nan,nan,nan,nan,nan,nan,-0.0684821308,-0.0205443315,0.9969463348,1.0606149435,-0.7917265892,0.5664097667
0.0031271856,0.0867376477,0.0919730067,-0.0137726736,0.0609129795,0.0023492881,-0.1000000015,0.0000000000,-0.0399999991,0.0000000000,0.0000000000,0.0000000000,0.0000000000,0.0000000000,nan,nan,nan,nan,nan,nan,nan,nan,nan,nan,nan,nan,nan,-0.0237212442,-0.0141222700,0.0060207308,-0.0067122933,-0.0051061097,0.0022299308,0.0227851663,0.0258783083,0.0197226591,0.0000000000,0.0000000000,0.0000000000,0.0000000000,0.0000000000,0.0817052200,4.0479998589,4.0328445435,nan,nan,nan,nan,nan,nan,nan,nan,nan,nan,nan,nan,nan,-0.0637669340,-0.0133086694,1.0055358410,1.0606149435,-0.7917265892,0.5664097667
0.0031271856,0.0867376477,0.0919730067,-0.0137726736,0.0609129795,0.0023492881,-0.1000000015,0.0000000000,-0.0399999991,0.0000000000,0.0000000000,0.0000000000,0.0000000000,0.0000000000,nan,nan,nan,nan,nan,nan,nan,nan,nan,nan,nan,nan,nan,-0.0237212442,-0.0141222700,0.0060207308,-0.0117804045,-0.0077137970,0.0033678734,-0.0603051111,-0.0357481390,0.0209798105,0.0000000000,0.0000000000,0.0000000000,0.0000000000,0.0000000000,0.0817052200,4.0479998589,4.0328445435,nan,nan,nan,nan,nan,nan,nan,nan,nan,nan,nan,nan,nan,-0.0637669340,-0.0133086694,1.0055358410,-0.1178733781,0.3277423978,-1.4395205975
0.0031271856,0.0867376477,0.0919730067,-0.0137726736,0.0609129795,0.0023492881,-0.1000000015,0.0000000000,-0.0399999991,0.0000000000,0.0000000000,0.0000000000,0.0000000000,0.0000000000,nan,nan,nan,nan,nan,nan,nan,nan,nan,nan,nan,nan,nan,-0.0274064671,-0.0156201627,0.0074255755,-0.0117804045,-0.0077137970,0.0033678734,-0.0603051111,-0.0357481390,0.0209798105,0.0000000000,0.0000000000,0.0000000000,0.0000000000,0.0000000000,0.0817052200,4.0479998589,4.0328445435,nan,nan,nan,nan,nan,nan,nan,nan,nan,nan,nan,nan,nan,-0.0637669340,-0.0133086694,1.0055358410,-0.1178733781,0.3277423978,-1.4395205975
0.0017307351,0.0859484300,0.0923410654,-0.0137726736,0.0609129795,0.0023492881,-0.1000000015,0.0000000000,-0.0399999991,0.0000000000,0.0000000000,0.0000000000,0.0000000000,0.0000000000,nan,nan,nan,nan,nan,nan,nan,nan,nan,nan,nan,nan,nan,-0.0274064671,-0.0156201627,0.0074255755,-0.0117804045,-0.0077137970,0.0033678734,0.0215207916,-0.0192732736,0.0289577525,0.0000000000,0.0000000000,0.0000000000,0.0000000000,0.0000000000,0.0801403970,4.0479998589,4.0328445435,nan,nan,nan,nan,nan,nan,nan,nan,nan,nan,nan,nan,nan,-0.0681245327,-0.0153967114,0.9982009530,-0.0174866095,-0.0161336381,2.7891862392
0.0017307351,0.0859484300,0.0923410654,-0.0137726736,0.0609129795,0.0023492881,-0.1000000015,0.0000000000,-0.0399999991,0.0000000000,0.0000000000,0.0000000000,0.0000000000,0.0000000000,nan,nan,nan,nan,nan,nan,nan,nan,nan,nan,nan,nan,nan,-0.0330230482,-0.0186806619,0.0085447235,-0.0165282432,-0.0100480327,0.0045479541,0.0215207916,-0.0192732736,0.0289577525,0.0000000000,0.0000000000,0.0000000000,0.0000000000,0.0000000000,0.0801403970,4.0479998589,4.0328445435,nan,nan,nan,nan,nan,nan,nan,nan,nan,nan,nan,nan,nan,-0.0681245327,-0.0153967114,0.9982009530,-0.0174866095,-0.0161336381,2.7891862392
0.0000962843,0.0850362703,0.0927499980,-0.0137726736,0.0609129795,0.0023492881,-0.1000000015,0.0000000000,-0.0399999991,0.0000000000,0.0000000000,0.0000000000,0.0000000000,0.0000000000,nan,nan,nan,nan,nan,nan,nan,nan,nan,nan,nan,nan,nan,-0.0330230482,-0.0186806619,0.0085447235,-0.0165282432,-0.0100480327,0.0045479541,0.0215207916,-0.0192732736,0.0289577525,0.0000000000,0.0000000000,0.0000000000,0.0000000000,0.0000000000,0.0801403970,4.0479998589,4.0328445435,nan,nan,nan,nan,nan,nan,nan,nan,nan,nan,nan,nan,nan,-0.0627226606,-0.0156105291,0.9998300672,-0.0174866095,-0.0161336381,2.7891862392
0.0000962843,0.0850362703,0.0927499980,-0.0137726736,0.0609129795,0.0023492881,-0.1000000015,0.0000000000,-0.0399999991,0.0000000000,0.0000000000,0.0000000000,0.0000000000,0.0000000000,nan,nan,nan,nan,nan,nan,nan,nan,nan,nan,nan,nan,nan,-0.0330230482,-0.0186806619,0.0085447235,0.0180319566,0.0100908745,-0.0045562433,0.0027045954,0.0251276139,0.0150764612,0.0000000000,0.0000000000,0.0000000000,0.0000000000,0.0000000000,0.0801403970,4.0479998589,4.0328445435,nan,nan,nan,nan,nan,nan,nan,nan,nan,nan,nan,nan,nan,-0.0627226606,-0.0156105291,0.9998300672,0.1395931989,-0.2165474892,-2.8129484653
0.0000962843,0.0850362703,0.0927499980,-0.0137726736,0.0609129795,0.0023492881,-0.1000000015,0.0000000000,0.1599999964,0.0000000000,0.0000000000,0.0000000000,0.0000000000,0.0000000000,nan,nan,nan,nan,nan,nan,nan,nan,nan,nan,nan,nan,nan,-0.0110789621,-0.0054838615,0.0022652450,0.0180319566,0.0100908745,-0.0045562433,0.0027045954,0.0251276139,0.0150764612,0.0000000000,0.0000000000,0.0000000000,0.0000000000,0.0000000000,0.0745493919,4.0479998589,4.0328445435,nan,nan,nan,nan,nan,nan,nan,nan,nan,nan,nan,nan,nan,-0.0627226606,-0.0156105291,0.9998300672,0.1395931989,-0.2165474892,-2.8129484653
0.0060304981,0.0884863958,0.0911973715,-0.0137726736,0.0609129795,0.0023492881,-0.1000000015,0.0000000000,0.1599999964,0.0000000000,0.0000000000,0.0000000000,0.0000000000,0.0000000000,nan,nan,nan,nan,nan,nan,nan,nan,nan,nan,nan,nan,nan,-0.0110789621,-0.0054838615,0.0022652450,0.0180319566,0.0100908745,-0.0045562433,0.0068817763,0.0216440056,0.0275976900,0.0000000000,0.0000000000,0.0000000000,0.0000000000,0.0000000000,0.0745493919,4.0479998589,4.0328445435,nan,nan,nan,nan,nan,nan,nan,nan,nan,nan,nan,nan,nan,-0.0648868531,-0.0125424052,0.9991976023,-0.1202475950,0.2357744426,2.3036503792
0.0060304981,0.0884863958,0.0911973715,-0.0137726736,0.0609129795,0.0023492881,-0.1000000015,0.0000000000,0.1599999964,0.0000000000,0.0000000000,0.0000000000,0.0000000000,0.0000000000,nan,nan,nan,nan,nan,nan,nan,nan,nan,nan,nan,nan,nan,-0.0141096339,-0.0062461952,0.0038666199,0.0096559506,0.0056728036,-0.0025280535,0.0068817763,0.0216440056,0.0275976900,0.0000000000,0.0000000000,0.0000000000,0.0000000000,0.0000000000,0.0745493919,4.0479998589,4.0328445435,nan,nan,nan,nan,nan,nan,nan,nan,nan,nan,nan,nan,nan,-0.0648868531,-0.0125424052,0.9991976023,-0.1202475950,0.2357744426,2.3036503792
0.0053295824,0.0881702304,0.0913753510,-0.0137726736,0.0609129795,0.0023492881,-0.1000000015,0.0000000000,0.1599999964,0.0000000000,0.0000000000,0.0000000000,0.0000000000,0.0000000000,nan,nan,nan,nan,nan,nan,nan,nan,nan,nan,nan,nan,nan,-0.0141096339,-0.0062461952,0.0038666199,0.0096559506,0.0056728036,-0.0025280535,0.0068817763,0.0216440056,0.0275976900,0.0000000000,0.0000000000,0.0000000000,0.0000000000,0.0000000000,0.0745493919,4.0479998589,4.0328445435,nan,nan,nan,nan,nan,nan,nan,nan,nan,nan,nan,nan,nan,-0.0596994907,-0.0184859224,0.9948845506,-0.1202475950,0.2357744426,2.3036503792
0.0053295824,0.0881702304,0.0913753510,-0.0137726736,0.0609129795,0.0023492881,-0.1000000015,0.0000000000,0.1599999964,0.0000000000,0.0000000000,0.0000000000,0.0000000000,0.0000000000,nan,nan,nan,nan,nan,nan,nan,nan,nan,nan,nan,nan,nan,-0.0141096339,-0.0062461952,0.0038666199,0.0106605673,0.0061277007,-0.0026221713,-0.0290102940,0.0048676296,0.0012817098,0.0000000000,0.0000000000,0.0000000000,0.0000000000,0.0000000000,0.0745493919,4.0479998589,4.0328445435,nan,nan,nan,nan,nan,nan,nan,nan,nan,nan,nan,nan,nan,-0.0596994907,-0.0184859224,0.9948845506,-0.0499803796,-0.1451528519,-1.5935745239
0.0053295824,0.0881702304,0.0913753510,-0.0137726736,0.0609129795,0.0023492881,-0.1000000015,0.0000000000,0.1599999964,0.0000000000,0.0000000000,0.0000000000,0.0000000000,0.0000000000,nan,nan,nan,nan,nan,nan,nan,nan,nan,nan,nan,nan,nan,-0.0102045638,-0.0044747642,0.0023558959,0.0106605673,0.0061277007,-0.0026221713,-0.0290102940,0.0048676296,0.0012817098,0.0000000000,0.0000000000,0.0000000000,0.0000000000,0.0000000000,0.0738254040,4.0479998589,4.0328445435,nan,nan,nan,nan,nan,nan,nan,nan,nan,nan,nan,nan,nan,-0.0596994907,-0.0184859224,0.9948845506,-0.0499803796,-0.1451528519,-1.5935745239
0.0060089547,0.0885470361,0.0912148505,-0.0137726736,0.0609129795,0.0023492881,-0.1000000015,0.0000000000,0.1599999964,0.0000000000,0.0000000000,0.0000000000,0.0000000000,0.0000000000,nan,nan,nan,nan,nan,nan,nan,nan,nan,nan,nan,nan,nan,-0.0102045638,-0.0044747642,0.0023558959,0.0106605673,0.0061277007,-0.0026221713,0.0141780702,-0.0514474735,0.0260680579,0.0000000000,0.0000000000,0.0000000000,0.0000000000,0.0000000000,0.0738254040,4.0479998589,4.0328445435,nan,nan,nan,nan,nan,nan,nan,nan,nan,nan,nan,nan,nan,-0.0652785152,-0.0116476044,1.0000898838,-0.0400481336,0.0190349128,-0.3298747540
0.0060089547,0.0885470361,0.0912148505,-0.0137726736,0.0609129795,0.0023492881,-0.1000000015,0.0000000000,0.1599999964,0.0000000000,0.0682505518,0.1108537465,0.0648325309,0.1423727870,nan,nan,nan,nan,nan,nan,nan,nan,nan,nan,nan,nan,nan,-0.0015546590,-0.0020396451,0.0049401559,0.0047128359,0.0032171484,-0.0011719379,0.0141780702,-0.0514474735,0.0260680579,0.0000000000,0.0000000000,0.0000000000,0.0000000000,0.0000000000,0.0738254040,4.0479998589,3.6211144924,nan,nan,nan,nan,nan,nan,nan,nan,nan,nan,nan,nan,nan,-0.0652785152,-0.0116476044,1.0000898838,-0.0400481336,0.0190349128,-0.3298747540
0.0058202376,0.0884184018,0.0914330333,-0.0137726736,0.0609129795,0.0023492881,-0.1000000015,0.0000000000,0.3600000143,0.0000000000,0.0682505518,0.1108537465,0.0648325309,0.1423727870,nan,nan,nan,nan,nan,nan,nan,nan,nan,nan,nan,nan,nan,-0.0015546590,-0.0020396451,0.0049401559,0.0047128359,0.0032171484,-0.0011719379,0.0141780702,-0.0514474735,0.0260680579,-0.1361271441,-0.1141558439,0.1368797868,0.0000000000,0.0000000000,0.0738254040,3.6050000191,3.6211144924,nan,nan,nan,nan,nan,nan,nan,nan,nan,nan,nan,nan,nan,-0.0737229288,-0.0389915146,1.0397911072,-0.0400481336,0.0190349128,-0.3298747540
0.0058202376,0.0884184018,0.0914330333,-0.0137726736,0.0609129795,0.0023492881,-0.1000000015,0.0000000000,0.3600000143,0.0000000000,0.2165316343,-0.0036102848,0.1543297470,0.0890943781,nan,nan,nan,nan,nan,nan,nan,nan,nan,nan,nan,nan,nan,-0.0015546590,-0.0020396451,0.0049401559,0.0109812804,0.0051143300,-0.0008394954,0.1044588760,0.0655151606,0.2953487337,-0.1361271441,-0.1141558439,0.1368797868,0.0000000000,0.0000000000,0.0738254040,3.6050000191,3.6211144924,nan,nan,nan,nan,nan,nan,nan,nan,nan,nan,nan,nan,nan,-0.0737229288,-0.0389915146,1.0397911072,2.8579897881,7.0157012939,-10.7067012787
0.0058202376,0.0884184018,0.0914330333,-0.0137726736,0.0609129795,0.0023492881,-0.1000000015,0.0000000000,0.3600000143,0.0000000000,0.2165316343,-0.0036102848,0.1543297470,0.0890943781,nan,nan,nan,nan,nan,nan,nan,nan,nan,nan,nan,nan,nan,0.0260231979,0.0057130060,0.0125867520,0.0109812804,0.0051143300,-0.0008394954,0.1044588760,0.0655151606,0.2953487337,-0.1361271441,-0.1141558439,0.1368797868,0.0000000000,0.0000000000,0.0738254040,3.6050000191,3.6211144924,nan,nan,nan,nan,nan,nan,nan,nan,nan,nan,nan,nan,nan,-0.0737229288,-0.0389915146,1.0397911072,2.8579897881,7.0157012939,-10.7067012787
0.0081306221,0.0891498029,0.0918245763,-0.0109964551,0.0664474719,0.0024036306,-0.1000000015,0.0000000000,0.3600000143,0.0000000000,0.2165316343,-0.0036102848,0.1543297470,0.0890943781,nan,nan,nan,nan,nan,nan,nan,nan,nan,nan,nan,nan,nan,0.0260231979,0.0057130060,0.0125867520,0.0109812804,0.0051143300,-0.0008394954,0.0838909596,-0.1067902818,0.4976495206,-0.1361271441,-0.1141558439,0.1368797868,1.9995225668,3.4107718468,0.0000000000,3.6050000191,3.6211144924,nan,nan,nan,nan,nan,nan,nan,nan,nan,nan,nan,nan,nan,-0.0730305314,-0.0227286406,1.0375416279,8.3222198486,5.4822754860,13.7418041229
0.0081306221,0.0891498029,0.0918245763,-0.0109964551,0.0664474719,0.0024036306,-0.1000000015,0.0000000000,0.3600000143,0.0000000000,0.0368627459,0.1741939485,-0.0083924625,0.2496772856,nan,nan,nan,nan,nan,nan,nan,nan,nan,nan,nan,nan,nan,0.0644010827,0.0115987081,0.0371549092,0.0191838443,0.0059660263,0.0053217052,0.0838909596,-0.1067902818,0.4976495206,-0.1361271441,-0.1141558439,0.1368797868,1.9995225668,3.4107718468,0.0000000000,3.6050000191,3.6211144924,nan,nan,nan,nan,nan,nan,nan,nan,nan,nan,nan,nan,nan,-0.0730305314,-0.0227286406,1.0375416279,8.3222198486,5.4822754860,13.7418041229
0.0111793317,0.0896984264,0.0936222374,-0.0026800135,0.0664369144,0.0026800135,-0.1000000015,0.0000000000,0.3600000143,0.0000000000,0.0368627459,0.1741939485,-0.0083924625,0.2496772856,nan,nan,nan,nan,nan,nan,nan,nan,nan,nan,nan,nan,nan,0.0644010827,0.0115987081,0.0371549092,0.0191838443,0.0059660263,0.0053217052,0.0838909596,-0.1067902818,0.4976495206,-0.1518273652,-0.1173199564,0.5301448703,1.9995225668,3.4107718468,0.0000000000,3.6050000191,3.6000001431,nan,nan,nan,nan,nan,nan,nan,nan,nan,nan,nan,nan,nan,-0.0375237502,-0.0295397975,1.0785983801,8.3222198486,5.4822754860,13.7418041229
0.0111793317,0.0896984264,0.0936222374,-0.0026800135,0.0664369144,0.0026800135,-0.1000000015,0.0000000000,0.3600000143,0.0000000000,0.1246173829,0.0738170445,0.1420187801,0.1012527719,nan,nan,nan,nan,nan,nan,nan,nan,nan,nan,nan,nan,nan,0.0644010827,0.0115987081,0.0371549092,0.0345506854,0.0076113329,0.0176618341,0.4273590744,-0.1339386553,0.9890507460,-0.1518273652,-0.1173199564,0.5301448703,1.9995225668,3.4107718468,0.0000000000,3.6050000191,3.6000001431,nan,nan,nan,nan,nan,nan,nan,nan,nan,nan,nan,nan,nan,-0.0375237502,-0.0295397975,1.0785983801,2.9063649178,-13.5677671432,-10.5115194321
0.0111793317,0.0896984264,0.0936222374,-0.0026800135,0.0664369144,0.0026800135,-0.1000000015,0.0000000000,0.3600000143,0.0000000000,0.1246173829,0.0738170445,0.1420187801,0.1012527719,nan,nan,nan,nan,nan,nan,nan,nan,nan,nan,nan,nan,nan,0.0914541259,0.0121212378,0.0714496896,0.0345506854,0.0076113329,0.0176618341,0.4273590744,-0.1339386553,0.9890507460,-0.1518273652,-0.1173199564,0.5301448703,1.9995225668,3.4107718468,0.0000000000,3.6050000191,3.6000001431,nan,nan,nan,nan,nan,nan,nan,nan,nan,nan,nan,nan,nan,-0.0375237502,-0.0295397975,1.0785983801,2.9063649178,-13.5677671432,-10.5115194321
0.0158876311,0.0902941450,0.0975325629,-0.0054093174,0.0470675141,0.0054093174,-0.1000000015,0.0000000000,0.3600000143,0.0000000000,0.1246173829,0.0738170445,0.1420187801,0.1012527719,nan,nan,nan,nan,nan,nan,nan,nan,nan,nan,nan,nan,nan,0.0914541259,0.0121212378,0.0714496896,0.0345506854,0.0076113329,0.0176618341,0.2765002847,-0.1234352365,1.4047281742,-0.1518273652,-0.1173199564,0.5301448703,1.8014322519,4.4266233444,0.0000000000,3.6050000191,3.6000001431,nan,nan,nan,nan,nan,nan,nan,nan,nan,nan,nan,nan,nan,-0.0211527944,-0.0187015105,1.1409559250,-0.1509704888,-25.7503795624,10.1794700623
0.0158876311,0.0902941450,0.0975325629,-0.0054093174,0.0470675141,0.0054093174,-0.1000000015,0.0000000000,0.3600000143,0.0000000000,0.0324986652,0.1798153669,-0.0087953005,0.2203677446,nan,nan,nan,nan,nan,nan,nan,nan,nan,nan,nan,nan,nan,0.1228769869,0.0132916523,0.1471783072,0.0534048714,0.0086962022,0.0404451601,0.2765002847,-0.1234352365,1.4047281742,-0.1518273652,-0.1173199564,0.5301448703,1.8014322519,4.4266233444,0.0000000000,3.6050000191,3.6000001431,nan,nan,nan,nan,nan,nan,nan,nan,nan,nan,nan,nan,nan,-0.0211527944,-0.0187015105,1.1409559250,-0.1509704888,-25.7503795624,10.1794700623
0.0219062865,0.0909180865,0.1045681536,0.0000459811,0.0332119877,0.0027686873,-0.1000000015,0.0000000000,0.3600000143,0.0000000000,0.0324986652,0.1798153669,-0.0087953005,0.2203677446,nan,nan,nan,nan,nan,nan,nan,nan,nan,nan,nan,nan,nan,0.1228769869,0.0132916523,0.1471783072,0.0534048714,0.0086962022,0.0404451601,0.2765002847,-0.1234352365,1.4047281742,-0.1729186028,-0.1191167310,0.4979401827,1.8014322519,4.4266233444,0.0000000000,3.6050000191,3.6580646038,nan,nan,nan,nan,nan,nan,nan,nan,nan,nan,nan,nan,nan,-0.0169051215,-0.0195112582,1.1090893745,-0.1509704888,-25.7503795624,10.1794700623
0.0219062865,0.0909180865,0.1045681536,0.0000459811,0.0332119877,0.0027686873,-0.1000000015,0.0000000000,0.3600000143,0.0000000000,0.1343709528,0.0661570206,0.0989395007,0.1130266339,nan,nan,nan,nan,nan,nan,nan,nan,nan,nan,nan,nan,nan,0.1228769869,0.0132916523,0.1471783072,0.0064154123,-0.0182361901,0.0784783736,0.1420106143,-0.2920459509,1.1190378666,-0.1729186028,-0.1191167310,0.4979401827,1.8014322519,4.4266233444,0.0000000000,3.6050000191,3.6580646038,nan,nan,nan,nan,nan,nan,nan,nan,nan,nan,nan,nan,nan,-0.0169051215,-0.0195112582,1.1090893745,12.7524251938,1.8996150494,-12.7728471756
0.0219062865,0.0909180865,0.1045681536,0.0000459811,0.0332119877,0.0027686873,-0.1000000015,0.0000000000,0.3600000143,0.0000000000,0.1343709528,0.0661570206,0.0989395007,0.1130266339,nan,nan,nan,nan,nan,nan,nan,nan,nan,nan,nan,nan,nan,0.0879645273,-0.0082708178,0.1946929842,0.0064154123,-0.0182361901,0.0784783736,0.1420106143,-0.2920459509,1.1190378666,-0.1729186028,-0.1191167310,0.4979401827,1.8014322519,4.4266233444,0.0000000000,3.6050000191,3.6580646038,nan,nan,nan,nan,nan,nan,nan,nan,nan,nan,nan,nan,nan,-0.0169051215,-0.0195112582,1.1090893745,12.7524251938,1.8996150494,-12.7728471756
0.0159222428,0.0861105472,0.1151126102,0.0028106472,0.0304402394,0.0028106472,-0.1000000015,0.0000000000,0.3600000143,0.0000000000,0.1343709528,0.0661570206,0.0989395007,0.1130266339,nan,nan,nan,nan,nan,nan,nan,nan,nan,nan,nan,nan,nan,0.0879645273,-0.0082708178,0.1946929842,0.0064154123,-0.0182361901,0.0784783736,0.2124874294,-0.1259558052,0.6385604143,-0.1729186028,-0.1191167310,0.4979401827,0.1693182588,1.0996536016,0.0000000000,3.6050000191,3.6580646038,nan,nan,nan,nan,nan,nan,nan,nan,nan,nan,nan,nan,nan,-0.0186017286,-0.0196516588,1.0745580196,-9.4170980453,2.7556533813,10.0678234100
0.0159222428,0.0861105472,0.1151126102,0.0028106472,0.0304402394,0.0028106472,-0.1000000015,0.0000000000,0.3600000143,0.0000000000,0.0378393233,0.1527580768,-0.0000244144,0.2158938050,nan,nan,nan,nan,nan,nan,nan,nan,nan,nan,nan,nan,nan,0.1043392271,-0.0142731722,0.2424548119,0.0296892934,-0.0166298319,0.1151340455,0.2124874294,-0.1259558052,0.6385604143,-0.1729186028,-0.1191167310,0.4979401827,0.1693182588,1.0996536016,0.0000000000,3.6050000191,3.6791789532,nan,nan,nan,nan,nan,nan,nan,nan,nan,nan,nan,nan,nan,-0.0186017286,-0.0196516588,1.0745580196,-9.4170980453,2.7556533813,10.0678234100
0.0210080445,0.0853152126,0.1270855963,-0.0027227038,0.0332157875,0.0027227038,-0.1000000015,0.0000000000,0.3600000143,0.0000000000,0.0378393233,0.1527580768,-0.0000244144,0.2158938050,nan,nan,nan,nan,nan,nan,nan,nan,nan,nan,nan,nan,nan,0.1043392271,-0.0142731722,0.2424548119,0.0296892934,-0.0166298319,0.1151340455,0.2124874294,-0.1259558052,0.6385604143,-0.1684700102,-0.1084462255,0.4406131208,0.1693182588,1.0996536016,0.0000000000,3.6050000191,3.6791789532,nan,nan,nan,nan,nan,nan,nan,nan,nan,nan,nan,nan,nan,-0.0030281837,-0.0091822697,1.0399837494,-9.4170980453,2.7556533813,10.0678234100
0.0210080445,0.0853152126,0.1270855963,-0.0027227038,0.0332157875,0.0027227038,-0.1000000015,0.0000000000,0.3600000143,0.0000000000,0.0709453002,0.1404470950,0.0566140264,0.1349538416,nan,nan,nan,nan,nan,nan,nan,nan,nan,nan,nan,nan,nan,0.1043392271,-0.0142731722,0.2424548119,0.0258150809,-0.0240168888,0.1614121199,0.2229653448,-0.1311955750,0.3587231934,-0.1684700102,-0.1084462255,0.4406131208,0.1693182588,1.0996536016,0.0000000000,3.6050000191,3.6791789532,nan,nan,nan,nan,nan,nan,nan,nan,nan,nan,nan,nan,nan,-0.0030281837,-0.0091822697,1.0399837494,8.7419023514,-12.3747510910,-16.2185878754
0.0210080445,0.0853152126,0.1270855963,-0.0027227038,0.0332157875,0.0027227038,-0.1000000015,0.0000000000,0.3600000143,0.0000000000,0.0709453002,0.1404470950,0.0566140264,0.1349538416,nan,nan,nan,nan,nan,nan,nan,nan,nan,nan,nan,nan,nan,0.0990401059,-0.0231074970,0.2710804939,0.0258150809,-0.0240168888,0.1614121199,0.2229653448,-0.1311955750,0.3587231934,-0.1684700102,-0.1084462255,0.4406131208,0.1693182588,1.0996536016,0.0000000000,3.6050000191,3.6791789532,nan,nan,nan,nan,nan,nan,nan,nan,nan,nan,nan,nan,nan,-0.0030281837,-0.0091822697,1.0399837494,8.7419023514,-12.3747510910,-16.2185878754
0.0220135413,0.0829979703,0.1417969316,0.0083032434,0.0138376973,0.0000574501,-0.1000000015,0.0000000000,0.3600000143,0.0000000000,0.0709453002,0.1404470950,0.0566140264,0.1349538416,nan,nan,nan,nan,nan,nan,nan,nan,nan,nan,nan,nan,nan,0.0990401059,-0.0231074970,0.2710804939,0.0258150809,-0.0240168888,0.1614121199,0.0523832813,-0.2249692380,0.0461345352,-0.1684700102,-0.1084462255,0.4406131208,0.7220129967,2.9919724464,0.0000000000,3.6050000191,3.6791789532,nan,nan,nan,nan,nan,nan,nan,nan,nan,nan,nan,nan,nan,-0.0236474313,-0.0216832049,1.0067242384,5.3187079430,-9.6899337769,10.1299982071
0.0220135413,0.0829979703,0.1417969316,0.0083032434,0.0138376973,0.0000574501,-0.1000000015,0.0000000000,0.3600000143,0.0000000000,0.0292942710,0.1689265370,-0.0165957119,0.2184451073,nan,nan,nan,nan,nan,nan,nan,nan,nan,nan,nan,nan,nan,0.1030336916,-0.0293155611,0.2764616609,0.0450770520,-0.0249034781,0.1896707267,0.0523832813,-0.2249692380,0.0461345352,-0.1684700102,-0.1084462255,0.4406131208,0.7220129967,2.9919724464,0.0000000000,3.6050000191,3.6369502544,nan,nan,nan,nan,nan,nan,nan,nan,nan,nan,nan,nan,nan,-0.0236474313,-0.0216832049,1.0067242384,5.3187079430,-9.6899337769,10.1299982071
0.0271770731,0.0812883750,0.1558943242,0.0055237382,0.0083102671,-0.0027446245,-0.1000000015,0.0000000000,0.3600000143,0.0000000000,0.0292942710,0.1689265370,-0.0165957119,0.2184451073,nan,nan,nan,nan,nan,nan,nan,nan,nan,nan,nan,nan,nan,0.1030336916,-0.0293155611,0.2764616609,0.0450770520,-0.0249034781,0.1896707267,0.0523832813,-0.2249692380,0.0461345352,-0.1773008406,-0.1023584604,0.3768789172,0.7220129967,2.9919724464,0.0000000000,3.6050000191,3.6369502544,nan,nan,nan,nan,nan,nan,nan,nan,nan,nan,nan,nan,nan,-0.0131881023,-0.0066826879,0.9878435731,5.3187079430,-9.6899337769,10.1299982071
0.0271770731,0.0812883750,0.1558943242,0.0055237382,0.0083102671,-0.0027446245,-0.1000000015,0.0000000000,0.3600000143,0.0000000000,0.1321980655,0.0686839148,0.1015823632,0.0966262296,nan,nan,nan,nan,nan,nan,nan,nan,nan,nan,nan,nan,nan,0.1030336916,-0.0293155611,0.2764616609,0.0523032285,-0.0350876264,0.2012493461,-0.0090705678,-0.1536717564,-0.2137180865,-0.1773008406,-0.1023584604,0.3768789172,0.7220129967,2.9919724464,0.0000000000,3.6050000191,3.6369502544,nan,nan,nan,nan,nan,nan,nan,nan,nan,nan,nan,nan,nan,-0.0131881023,-0.0066826879,0.9878435731,-4.2992568016,-5.9587926865,-13.6687889099
0.0271770731,0.0812883750,0.1558943242,0.0055237382,0.0083102671,-0.0027446245,-0.1000000015,0.0000000000,0.3600000143,0.0000000000,0.1321980655,0.0686839148,0.1015823632,0.0966262296,nan,nan,nan,nan,nan,nan,nan,nan,nan,nan,nan,nan,nan,0.0965547636,-0.0453666113,0.2511299551,0.0523032285,-0.0350876264,0.2012493461,-0.0090705678,-0.1536717564,-0.2137180865,-0.1773008406,-0.1023584604,0.3768789172,0.7220129967,2.9919724464,0.0000000000,3.6050000191,3.6369502544,nan,nan,nan,nan,nan,nan,nan,nan,nan,nan,nan,nan,nan,-0.0131881023,-0.0066826879,0.9878435731,-4.2992568016,-5.9587926865,-13.6687889099
0.0296054929,0.0785086527,0.1638940871,0.0055274251,0.0027828396,-0.0055274251,-0.1000000015,0.0000000000,0.3600000143,0.0000000000,0.1321980655,0.0686839148,0.1015823632,0.0966262296,nan,nan,nan,nan,nan,nan,nan,nan,nan,nan,nan,nan,nan,0.0965547636,-0.0453666113,0.2511299551,0.0523032285,-0.0350876264,0.2012493461,-0.1659091413,-0.2285774797,-0.2223485708,-0.1773008406,-0.1023584604,0.3768789172,0.2061432302,3.4653592110,0.0000000000,3.6050000191,3.6369502544,nan,nan,nan,nan,nan,nan,nan,nan,nan,nan,nan,nan,nan,-0.0144384429,-0.0130404513,0.9683697224,0.0650906563,-21.7579784393,11.0620660782
0.0296054929,0.0785086527,0.1638940871,0.0055274251,0.0027828396,-0.0055274251,-0.1000000015,0.0000000000,0.3600000143,0.0000000000,0.0174532700,0.1794308424,-0.0037293050,0.2112977803,nan,nan,nan,nan,nan,nan,nan,nan,nan,nan,nan,nan,nan,0.0938256606,-0.0524267331,0.2395782471,0.0630443692,-0.0392676555,0.2117214799,-0.1659091413,-0.2285774797,-0.2223485708,-0.1773008406,-0.1023584604,0.3768789172,0.2061432302,3.4653592110,0.0000000000,3.6050000191,3.6369502544,nan,nan,nan,nan,nan,nan,nan,nan,nan,nan,nan,nan,nan,-0.0144384429,-0.0130404513,0.9683697224,0.0650906563,-21.7579784393,11.0620660782
0.0342060328,0.0757596791,0.1759258211,0.0055812540,-0.0110471044,-0.0083336351,-0.1000000015,0.0000000000,0.3600000143,0.0000000000,0.0174532700,0.1794308424,-0.0037293050,0.2112977803,nan,nan,nan,nan,nan,nan,nan,nan,nan,nan,nan,nan,nan,0.0938256606,-0.0524267331,0.2395782471,0.0630443692,-0.0392676555,0.2117214799,-0.1659091413,-0.2285774797,-0.2223485708,-0.1861250848,-0.0923079625,0.3367863894,0.2061432302,3.4653592110,0.0000000000,3.6050000191,3.6422288418,nan,nan,nan,nan,nan,nan,nan,nan,nan,nan,nan,nan,nan,-0.0098465616,-0.0119036725,0.9619318247,0.0650906563,-21.7579784393,11.0620660782
0.0342060328,0.0757596791,0.1759258211,0.0055812540,-0.0110471044,-0.0083336351,-0.1000000015,0.0000000000,0.3600000143,0.0000000000,0.1066849828,0.0953871980,0.0753490552,0.1290180832,nan,nan,nan,nan,nan,nan,nan,nan,nan,nan,nan,nan,nan,0.0938256606,-0.0524267331,0.2395782471,0.0704975873,-0.0456563979,0.2197345793,-0.2454886287,-0.2166762352,-0.4605384171,-0.1861250848,-0.0923079625,0.3367863894,0.2061432302,3.4653592110,0.0000000000,3.6050000191,3.6422288418,nan,nan,nan,nan,nan,nan,nan,nan,nan,nan,nan,nan,nan,-0.0098465616,-0.0119036725,0.9619318247,-3.5072121620,-2.7152130604,-13.3159017563
0.0342060328,0.0757596791,0.1759258211,0.0055812540,-0.0110471044,-0.0083336351,-0.1000000015,0.0000000000,0.3600000143,0.0000000000,0.1066849828,0.0953871980,0.0753490552,0.1290180832,nan,nan,nan,nan,nan,nan,nan,nan,nan,nan,nan,nan,nan,0.0824871883,-0.0632347390,0.2155658007,0.0704975873,-0.0456563979,0.2197345793,-0.2454886287,-0.2166762352,-0.4605384171,-0.1861250848,-0.0923079625,0.3367863894,0.0975806266,3.5484228134,0.0000000000,3.6050000191,3.6422288418,nan,nan,nan,nan,nan,nan,nan,nan,nan,nan,nan,nan,nan,-0.0098465616,-0.0119036725,0.9619318247,-3.5072121620,-2.7152130604,-13.3159017563
0.0383751802,0.0725592598,0.1870520264,0.0028367472,-0.0165937882,-0.0083264782,-0.1000000015,0.0000000000,0.3600000143,0.0000000000,0.1066849828,0.0953871980,0.0753490552,0.1290180832,nan,nan,nan,nan,nan,nan,nan,nan,nan,nan,nan,nan,nan,0.0824871883,-0.0632347390,0.2155658007,0.0704975873,-0.0456563979,0.2197345793,-0.2508336604,-0.0877046362,-0.5748777986,-0.1861250848,-0.0923079625,0.3367863894,0.0975806266,3.5484228134,0.0000000000,3.6050000191,3.6422288418,nan,nan,nan,nan,nan,nan,nan,nan,nan,nan,nan,nan,nan,-0.0184173211,-0.0181978624,0.9449380040,-3.7819862366,-14.5219659805,10.3124370575
0.0383751802,0.0725592598,0.1870520264,0.0028367472,-0.0165937882,-0.0083264782,-0.1000000015,0.0000000000,0.3600000143,0.0000000000,0.0407232791,0.1570336521,0.0212344546,0.1932707727,nan,nan,nan,nan,nan,nan,nan,nan,nan,nan,nan,nan,nan,0.0724101812,-0.0700689927,0.1923510283,0.0714673251,-0.0516798347,0.2141062915,-0.2508336604,-0.0877046362,-0.5748777986,-0.1861250848,-0.0923079625,0.3367863894,0.0975806266,3.5484228134,0.0000000000,3.6050000191,3.6527860165,nan,nan,nan,nan,nan,nan,nan,nan,nan,nan,nan,nan,nan,-0.0184173211,-0.0181978624,0.9449380040,-3.7819862366,-14.5219659805,10.3124370575
0.0419385843,0.0689406469,0.1968008429,-0.0026302343,-0.0249234316,-0.0110383115,-0.1000000015,0.0000000000,0.3600000143,0.0000000000,0.0407232791,0.1570336521,0.0212344546,0.1932707727,nan,nan,nan,nan,nan,nan,nan,nan,nan,nan,nan,nan,nan,0.0724101812,-0.0700689927,0.1923510283,0.0714673251,-0.0516798347,0.2141062915,-0.2508336604,-0.0877046362,-0.5748777986,-0.1933054924,-0.0816871971,0.3008657694,0.0975806266,3.5484228134,0.0000000000,3.6050000191,3.6527860165,nan,nan,nan,nan,nan,nan,nan,nan,nan,nan,nan,nan,nan,-0.0045100753,-0.0094005717,0.9455236197,-3.7819862366,-14.5219659805,10.3124370575
0.0419385843,0.0689406469,0.1968008429,-0.0026302343,-0.0249234316,-0.0110383115,-0.1000000015,0.0000000000,0.3600000143,0.0000000000,0.0591348149,0.1385549754,0.0384802036,0.1786190569,nan,nan,nan,nan,nan,nan,nan,nan,nan,nan,nan,nan,nan,0.0724101812,-0.0700689927,0.1923510283,0.0696160421,-0.0593143068,0.2069739103,-0.4739349782,-0.1787796021,-0.5134071708,-0.1933054924,-0.0816871971,0.3008657694,0.0975806266,3.5484228134,0.0000000000,3.6050000191,3.6527860165,nan,nan,nan,nan,nan,nan,nan,nan,nan,nan,nan,nan,nan,-0.0045100753,-0.0094005717,0.9455236197,-2.1315405369,-5.4722342491,-14.5638008118
0.0419385843,0.0689406469,0.1968008429,-0.0026302343,-0.0249234316,-0.0110383115,-0.1000000015,0.0000000000,0.3600000143,0.0000000000,0.0591348149,0.1385549754,0.0384802036,0.1786190569,nan,nan,nan,nan,nan,nan,nan,nan,nan,nan,nan,nan,nan,0.0504878387,-0.0786954314,0.1599856019,0.0696160421,-0.0593143068,0.2069739103,-0.4739349782,-0.1787796021,-0.5134071708,-0.1933054924,-0.0816871971,0.3008657694,-0.2356176972,2.8955655098,0.0000000000,3.6050000191,3.6527860165,nan,nan,nan,nan,nan,nan,nan,nan,nan,nan,nan,nan,nan,-0.0045100753,-0.0094005717,0.9455236197,-2.1315405369,-5.4722342491,-14.5638008118
0.0446436033,0.0649636462,0.2051674128,-0.0053683492,-0.0304741969,-0.0109897419,-0.1000000015,0.0000000000,0.3600000143,0.0000000000,0.0591348149,0.1385549754,0.0384802036,0.1786190569,nan,nan,nan,nan,nan,nan,nan,nan,nan,nan,nan,nan,nan,0.0504878387,-0.0786954314,0.1599856019,0.0696160421,-0.0593143068,0.2069739103,-0.2802985311,-0.0234339330,-0.4897107780,-0.1933054924,-0.0816871971,0.3008657694,-0.2356176972,2.8955655098,0.0000000000,3.6050000191,3.6527860165,nan,nan,nan,nan,nan,nan,nan,nan,nan,nan,nan,nan,nan,-0.0152563574,-0.0209240951,0.9509593844,-2.5620045662,-4.2658958435,13.4881324768
0.0446436033,0.0649636462,0.2051674128,-0.0053683492,-0.0304741969,-0.0109897419,-0.1000000015,0.0000000000,0.3600000143,0.0000000000,0.0444373265,0.1550042033,0.0287632570,0.1890623420,nan,nan,nan,nan,nan,nan,nan,nan,nan,nan,nan,nan,nan,0.0335046202,-0.0838133544,0.1399311721,0.0613716356,-0.0653405264,0.1900980175,-0.2802985311,-0.0234339330,-0.4897107780,-0.1933054924,-0.0816871971,0.3008657694,-0.2356176972,2.8955655098,0.0000000000,3.6050000191,3.6158359051,nan,nan,nan,nan,nan,nan,nan,nan,nan,nan,nan,nan,nan,-0.0152563574,-0.0209240951,0.9509593844,-2.5620045662,-4.2658958435,13.4881324768
0.0463076420,0.0606793538,0.2122307867,-0.0053683492,-0.0304741969,-0.0109897419,-0.1000000015,0.0000000000,0.3600000143,0.0000000000,0.0444373265,0.1550042033,0.0287632570,0.1890623420,nan,nan,nan,nan,nan,nan,nan,nan,nan,nan,nan,nan,nan,0.0335046202,-0.0838133544,0.1399311721,0.0613716356,-0.0653405264,0.1900980175,-0.2802985311,-0.0234339330,-0.4897107780,-0.1942411065,-0.0690433830,0.2769733667,-0.2356176972,2.8955655098,0.0000000000,3.6050000191,3.6158359051,nan,nan,nan,nan,nan,nan,nan,nan,nan,nan,nan,nan,nan,-0.0034231336,-0.0100001339,0.9536751509,-2.5620045662,-4.2658958435,13.4881324768
0.0463076420,0.0606793538,0.2122307867,-0.0053683492,-0.0304741969,-0.0109897419,-0.1000000015,0.0000000000,0.3600000143,0.0000000000,0.1134782955,0.0805859491,0.0923170820,0.1350240409,nan,nan,nan,nan,nan,nan,nan,nan,nan,nan,nan,nan,nan,0.0335046202,-0.0838133544,0.1399311721,0.0507779270,-0.0727798939,0.1747771800,-0.2840645313,-0.0045272522,-0.4737887979,-0.1942411065,-0.0690433830,0.2769733667,-0.2356176972,2.8955655098,0.0000000000,3.6050000191,3.6158359051,nan,nan,nan,nan,nan,nan,nan,nan,nan,nan,nan,nan,nan,-0.0034231336,-0.0100001339,0.9536751509,-4.2195734978,1.5385098457,-12.3793697357
0.0463076420,0.0606793538,0.2122307867,-0.0053683492,-0.0304741969,-0.0109897419,-0.1000000015,0.0000000000,0.5600000024,0.0000000000,0.1134782955,0.0805859491,0.0923170820,0.1350240409,nan,nan,nan,nan,nan,nan,nan,nan,nan,nan,nan,nan,nan,0.0112369945,-0.1082790419,0.1171819642,0.0507779270,-0.0727798939,0.1747771800,-0.2840645313,-0.0045272522,-0.4737887979,-0.1942411065,-0.0690433830,0.2769733667,-2.4322576523,2.6775317192,0.0000000000,3.6050000191,3.6158359051,nan,nan,nan,nan,nan,nan,nan,nan,nan,nan,nan,nan,nan,-0.0034231336,-0.0100001339,0.9536751509,-4.2195734978,1.5385098457,-12.3793697357
0.0481174588,0.0510468259,0.2202297300,-0.0081516663,-0.0277216066,-0.0109583804,-0.1000000015,0.0000000000,0.5600000024,0.0000000000,0.1134782955,0.0805859491,0.0923170820,0.1350240409,nan,nan,nan,nan,nan,nan,nan,nan,nan,nan,nan,nan,nan,0.0112369945,-0.1082790419,0.1171819642,0.0507779270,-0.0727798939,0.1747771800,-0.2824358642,0.0193955079,-0.4328430891,-0.1942411065,-0.0690433830,0.2769733667,-2.4322576523,2.6775317192,0.0000000000,3.6050000191,3.6158359051,nan,nan,nan,nan,nan,nan,nan,nan,nan,nan,nan,nan,nan,-0.0126023591,-0.0099648284,0.9568322301,-3.5529022217,7.1658101082,8.7495927811
0.0481174588,0.0510468259,0.2202297300,-0.0081516663,-0.0277216066,-0.0109583804,-0.1000000015,0.0000000000,0.5600000024,0.0000000000,0.0901625082,0.1444968432,0.0801342800,0.1755581051,nan,nan,nan,nan,nan,nan,nan,nan,nan,nan,nan,nan,nan,-0.0065987175,-0.1125135869,0.0991906524,0.0425488390,-0.1049518362,0.1649623215,-0.2824358642,0.0193955079,-0.4328430891,-0.1942411065,-0.0690433830,0.2769733667,-2.4322576523,2.6775317192,0.0000000000,3.6050000191,3.5894429684,nan,nan,nan,nan,nan,nan,nan,nan,nan,nan,nan,nan,nan,-0.0126023591,-0.0099648284,0.9568322301,-3.5529022217,7.1658101082,8.7495927811
0.0477990545,0.0453468300,0.2251874059,-0.0137029282,-0.0249841530,-0.0109001556,-0.1000000015,0.0000000000,0.5600000024,0.0000000000,0.0901625082,0.1444968432,0.0801342800,0.1755581051,nan,nan,nan,nan,nan,nan,nan,nan,nan,nan,nan,nan,nan,-0.0065987175,-0.1125135869,0.0991906524,0.0425488390,-0.1049518362,0.1649623215,-0.2824358642,0.0193955079,-0.4328430891,-0.1902487427,-0.0474871472,0.6574866176,-2.4322576523,2.6775317192,0.0000000000,3.6050000191,3.5894429684,nan,nan,nan,nan,nan,nan,nan,nan,nan,nan,nan,nan,nan,-0.0014830941,-0.0028199081,1.0050354004,-3.5529022217,7.1658101082,8.7495927811
0.0477990545,0.0453468300,0.2251874059,-0.0137029282,-0.0249841530,-0.0109001556,-0.1000000015,0.0000000000,0.5600000024,0.0000000000,0.0889356881,0.1434348077,0.0794628859,0.1768459678,nan,nan,nan,nan,nan,nan,nan,nan,nan,nan,nan,nan,nan,-0.0065987175,-0.1125135869,0.0991906524,0.0425488390,-0.1049518362,0.1649623215,-0.2824358642,0.0193955079,-0.4328430891,-0.1902487427,-0.0474871472,0.6574866176,-2.4322576523,2.6775317192,0.0000000000,3.6050000191,3.5894429684,nan,nan,nan,nan,nan,nan,nan,nan,nan,nan,nan,nan,nan,-0.0014830941,-0.0028199081,1.0050354004,-10.3960914612,4.1116809845,-12.3606185913
0.0477990545,0.0453468300,0.2251874059,-0.0137029282,-0.0249841530,-0.0109001556,-0.1000000015,0.0000000000,0.5600000024,0.0000000000,0.0889356881,0.1434348077,0.0794628859,0.1768459678,nan,nan,nan,nan,nan,nan,nan,nan,nan,nan,nan,nan,nan,-0.0265698787,-0.1152268350,0.0927296802,0.0259016585,-0.1094827577,0.1470313370,-0.2824358642,0.0193955079,-0.4328430891,-0.1902487427,-0.0474871472,0.6574866176,-1.0880645514,2.2297353745,0.0000000000,3.6050000191,3.5894429684,nan,nan,nan,nan,nan,nan,nan,nan,nan,nan,nan,nan,nan,-0.0014830941,-0.0028199081,1.0050354004,-10.3960914612,4.1116809845,-12.3606185913
0.0478864498,0.0396141224,0.2290079296,-0.0192538012,-0.0222466598,-0.0108572373,-0.1000000015,0.0000000000,0.5600000024,0.0000000000,0.0889356881,0.1434348077,0.0794628859,0.1768459678,nan,nan,nan,nan,nan,nan,nan,nan,nan,nan,nan,nan,nan,-0.0265698787,-0.1152268350,0.0927296802,0.0259016585,-0.1094827577,0.1470313370,-0.1868506968,0.1592223942,0.3236866593,-0.1902487427,-0.0474871472,0.6574866176,-1.0880645514,2.2297353745,0.0000000000,3.6050000191,3.5894429684,nan,nan,nan,nan,nan,nan,nan,nan,nan,nan,nan,nan,nan,-0.0140390648,-0.0140447058,1.0323842764,-3.5373249054,7.9247322083,10.0812358856
0.0478864498,0.0396141224,0.2290079296,-0.0192538012,-0.0222466598,-0.0108572373,-0.1000000015,0.0000000000,0.5600000024,0.0000000000,0.0956405029,0.1308461130,0.0676188320,0.1905211061,nan,nan,nan,nan,nan,nan,nan,nan,nan,nan,nan,nan,nan,-0.0439013056,-0.1148567200,0.1051020995,0.0154609419,-0.1100899503,0.1283695400,-0.1868506968,0.1592223942,0.3236866593,-0.1902487427,-0.0474871472,0.6574866176,-1.0880645514,2.2297353745,0.0000000000,3.6050000191,3.5683286190,nan,nan,nan,nan,nan,nan,nan,nan,nan,nan,nan,nan,nan,-0.0140390648,-0.0140447058,1.0323842764,-3.5373249054,7.9247322083,10.0812358856
0.0456849039,0.0337666497,0.2340128571,-0.0220461147,-0.0139898377,-0.0136847762,-0.1000000015,0.0000000000,0.7599999905,0.0000000000,0.0956405029,0.1308461130,0.0676188320,0.1905211061,nan,nan,nan,nan,nan,nan,nan,nan,nan,nan,nan,nan,nan,-0.0439013056,-0.1148567200,0.1051020995,0.0154609419,-0.1100899503,0.1283695400,-0.1868506968,0.1592223942,0.3236866593,-0.1824954152,-0.0300122984,0.6387956738,-1.0880645514,2.2297353745,0.0000000000,3.6050000191,3.5683286190,nan,nan,nan,nan,nan,nan,nan,nan,nan,nan,nan,nan,nan,-0.0045412998,-0.0076305578,1.0296328068,-3.5373249054,7.9247322083,10.0812358856
0.0456849039,0.0337666497,0.2340128571,-0.0220461147,-0.0139898377,-0.0136847762,-0.1000000015,0.0000000000,0.7599999905,0.0000000000,0.0985183492,0.1602990776,0.0927260295,0.2001129240,nan,nan,nan,nan,nan,nan,nan,nan,nan,nan,nan,nan,nan,-0.0439013056,-0.1148567200,0.1051020995,0.0154609419,-0.1100899503,0.1283695400,-0.2273609638,0.0423212722,0.3414668739,-0.1824954152,-0.0300122984,0.6387956738,-1.0880645514,2.2297353745,0.0000000000,3.6050000191,3.5683286190,nan,nan,nan,nan,nan,nan,nan,nan,nan,nan,nan,nan,nan,-0.0045412998,-0.0076305578,1.0296328068,-7.1615228653,8.5386209488,-11.8025255203
0.0456849039,0.0337666497,0.2340128571,-0.0220461147,-0.0139898377,-0.0136847762,-0.1000000015,0.0000000000,0.7599999905,0.0000000000,0.0985183492,0.1602990776,0.0927260295,0.2001129240,nan,nan,nan,nan,nan,nan,nan,nan,nan,nan,nan,nan,nan,-0.0521257743,-0.1061884388,0.1187794060,-0.0041374685,-0.1133058220,0.1250319928,-0.2273609638,0.0423212722,0.3414668739,-0.1824954152,-0.0300122984,0.6387956738,-1.0880645514,2.2297353745,0.0000000000,3.6050000191,3.5683286190,nan,nan,nan,nan,nan,nan,nan,nan,nan,nan,nan,nan,nan,-0.0045412998,-0.0076305578,1.0296328068,-7.1615228653,8.5386209488,-11.8025255203
0.0454675406,0.0294400938,0.2384991795,-0.0220833915,-0.0084551307,-0.0137454204,-0.1000000015,0.0000000000,0.7599999905,0.0000000000,0.0985183492,0.1602990776,0.0927260295,0.2001129240,nan,nan,nan,nan,nan,nan,nan,nan,nan,nan,nan,nan,nan,-0.0521257743,-0.1061884388,0.1187794060,-0.0041374685,-0.1133058220,0.1250319928,-0.0043666530,0.2520524561,0.8977733254,-0.1824954152,-0.0300122984,0.6387956738,-0.5421520472,2.4643859863,0.0000000000,3.6050000191,3.5683286190,nan,nan,nan,nan,nan,nan,nan,nan,nan,nan,nan,nan,nan,-0.0146855311,-0.0173968021,1.0741885900,-8.0214529037,2.5236713886,9.3189926147
0.0454675406,0.0294400938,0.2384991795,-0.0220833915,-0.0084551307,-0.0137454204,-0.1000000015,0.0000000000,0.7599999905,0.0000000000,0.1396047920,0.1348439753,0.1146654487,0.1563042700,nan,nan,nan,nan,nan,nan,nan,nan,nan,nan,nan,nan,nan,-0.0646245480,-0.1031869277,0.1501147151,-0.0065195626,-0.1044500396,0.1189140230,-0.0043666530,0.2520524561,0.8977733254,-0.1824954152,-0.0300122984,0.6387956738,-0.5421520472,2.4643859863,0.0000000000,3.6050000191,3.5313782692,nan,nan,nan,nan,nan,nan,nan,nan,nan,nan,nan,nan,nan,-0.0146855311,-0.0173968021,1.0741885900,-8.0214529037,2.5236713886,9.3189926147
0.0421416797,0.0241342373,0.2456441373,-0.0248699191,-0.0057068643,-0.0137679745,-0.1000000015,0.0000000000,0.7599999905,0.0000000000,0.1396047920,0.1348439753,0.1146654487,0.1563042700,nan,nan,nan,nan,nan,nan,nan,nan,nan,nan,nan,nan,nan,-0.0646245480,-0.1031869277,0.1501147151,-0.0065195626,-0.1044500396,0.1189140230,-0.0043666530,0.2520524561,0.8977733254,-0.1743139774,-0.0187339876,1.0101052523,-0.5421520472,2.4643859863,0.0000000000,3.4990000725,3.5313782692,nan,nan,nan,nan,nan,nan,nan,nan,nan,nan,nan,nan,nan,0.0084589208,-0.0104903802,1.1093394756,-8.0214529037,2.5236713886,9.3189926147
0.0421416797,0.0241342373,0.2456441373,-0.0248699191,-0.0057068643,-0.0137679745,-0.1000000015,0.0000000000,0.7599999905,0.0000000000,0.0576089136,0.2022339255,0.0363561474,0.2368047684,nan,nan,nan,nan,nan,nan,nan,nan,nan,nan,nan,nan,nan,-0.0646245480,-0.1031869277,0.1501147151,-0.0257633924,-0.1056939512,0.1354159415,-0.1174238846,0.0369818509,1.0146498680,-0.1743139774,-0.0187339876,1.0101052523,-0.5421520472,2.4643859863,0.0000000000,3.4990000725,3.5313782692,nan,nan,nan,nan,nan,nan,nan,nan,nan,nan,nan,nan,nan,0.0084589208,-0.0104903802,1.1093394756,-4.3768897057,10.2276515961,-10.4723148346
0.0421416797,0.0241342373,0.2456441373,-0.0248699191,-0.0057068643,-0.0137679745,-0.1000000015,0.0000000000,0.7599999905,0.0000000000,0.0576089136,0.2022339255,0.0363561474,0.2368047684,nan,nan,nan,nan,nan,nan,nan,nan,nan,nan,nan,nan,nan,-0.0816112831,-0.0980442166,0.2124519944,-0.0257633924,-0.1056939512,0.1354159415,-0.1174238846,0.0369818509,1.0146498680,-0.1743139774,-0.0187339876,1.0101052523,-1.1248062849,0.8395153284,0.0000000000,3.4990000725,3.5313782692,nan,nan,nan,nan,nan,nan,nan,nan,nan,nan,nan,nan,nan,0.0084589208,-0.0104903802,1.1093394756,-4.3768897057,10.2276515961,-10.4723148346
0.0380284302,0.0190049950,0.2552852631,-0.0221211725,-0.0029204926,-0.0138063745,-0.1000000015,0.0000000000,0.7599999905,0.0000000000,0.0576089136,0.2022339255,0.0363561474,0.2368047684,nan,nan,nan,nan,nan,nan,nan,nan,nan,nan,nan,nan,nan,-0.0816112831,-0.0980442166,0.2124519944,-0.0257633924,-0.1056939512,0.1354159415,0.0369721130,0.1462510377,0.9842396379,-0.1743139774,-0.0187339876,1.0101052523,-1.1248062849,0.8395153284,0.0000000000,3.4990000725,3.5313782692,nan,nan,nan,nan,nan,nan,nan,nan,nan,nan,nan,nan,nan,-0.0137916030,-0.0187075771,1.1026932001,-3.1060137749,5.5226902962,11.1892719269
0.0380284302,0.0190049950,0.2552852631,-0.0221211725,-0.0029204926,-0.0138063745,-0.1000000015,0.0000000000,0.7599999905,0.0000000000,0.1539635360,0.1112565845,0.1567528844,0.1023025885,nan,nan,nan,nan,nan,nan,nan,nan,nan,nan,nan,nan,nan,-0.0922789276,-0.0949343592,0.2527303398,-0.0433630161,-0.1034384370,0.1585315317,0.0369721130,0.1462510377,0.9842396379,-0.1743139774,-0.0187339876,1.0101052523,-1.1248062849,0.8395153284,0.0000000000,3.4990000725,3.5260996819,nan,nan,nan,nan,nan,nan,nan,nan,nan,nan,nan,nan,nan,-0.0137916030,-0.0187075771,1.1026932001,-3.1060137749,5.5226902962,11.1892719269
0.0331747271,0.0140366927,0.2674701810,-0.0249271323,0.0025949267,-0.0138712471,-0.1000000015,0.0000000000,0.7599999905,0.0000000000,0.1539635360,0.1112565845,0.1567528844,0.1023025885,nan,nan,nan,nan,nan,nan,nan,nan,nan,nan,nan,nan,nan,-0.0922789276,-0.0949343592,0.2527303398,-0.0433630161,-0.1034384370,0.1585315317,0.0369721130,0.1462510377,0.9842396379,-0.1599127948,-0.0062395567,0.9537146091,-1.1248062849,0.8395153284,0.0000000000,3.4990000725,3.5260996819,nan,nan,nan,nan,nan,nan,nan,nan,nan,nan,nan,nan,nan,0.0090136100,-0.0113395294,1.0896342993,-3.1060137749,5.5226902962,11.1892719269
0.0331747271,0.0140366927,0.2674701810,-0.0249271323,0.0025949267,-0.0138712471,-0.1000000015,0.0000000000,0.7599999905,0.0000000000,0.0418799110,0.1964721233,0.0226230267,0.2548165321,nan,nan,nan,nan,nan,nan,nan,nan,nan,nan,nan,nan,nan,-0.0922789276,-0.0949343592,0.2527303398,-0.0609378964,-0.1030641273,0.1921326369,-0.0525251888,0.0739221796,0.9124369621,-0.1599127948,-0.0062395567,0.9537146091,-1.1248062849,0.8395153284,0.0000000000,3.4990000725,3.5260996819,nan,nan,nan,nan,nan,nan,nan,nan,nan,nan,nan,nan,nan,0.0090136100,-0.0113395294,1.0896342993,-6.3197398186,0.0767301396,-4.2573013306
0.0331747271,0.0140366927,0.2674701810,-0.0249271323,0.0025949267,-0.0138712471,-0.1000000015,0.0000000000,0.7599999905,0.0000000000,0.0418799110,0.1964721233,0.0226230267,0.2548165321,nan,nan,nan,nan,nan,nan,nan,nan,nan,nan,nan,nan,nan,-0.1055013388,-0.0891070664,0.3076820970,-0.0609378964,-0.1030641273,0.1921326369,-0.0525251888,0.0739221796,0.9124369621,-0.1599127948,-0.0062395567,0.9537146091,-1.1255996227,0.3586785197,0.0000000000,3.4990000725,3.5260996819,nan,nan,nan,nan,nan,nan,nan,nan,nan,nan,nan,nan,nan,0.0090136100,-0.0113395294,1.0896342993,-6.3197398186,0.0767301396,-4.2573013306
0.0276823658,0.0092710629,0.2819863856,-0.0249315568,0.0054312106,-0.0083710310,-0.1000000015,0.0000000000,0.7599999905,0.0000000000,0.0418799110,0.1964721233,0.0226230267,0.2548165321,nan,nan,nan,nan,nan,nan,nan,nan,nan,nan,nan,nan,nan,-0.1055013388,-0.0891070664,0.3076820970,-0.0609378964,-0.1030641273,0.1921326369,0.0487264208,0.1912163645,0.7862856388,-0.1599127948,-0.0062395567,0.9537146091,-1.1255996227,0.3586785197,0.0000000000,3.4990000725,3.5260996819,nan,nan,nan,nan,nan,nan,nan,nan,nan,nan,nan,nan,nan,-0.0124345338,-0.0182191115,1.0778824091,5.5063648224,3.6066858768,8.1264410019
0.0276823658,0.0092710629,0.2819863856,-0.0249315568,0.0054312106,-0.0083710310,-0.1000000015,0.0000000000,0.7599999905,0.0000000000,0.2477119118,0.0058136876,0.2062806189,0.0481849425,nan,nan,nan,nan,nan,nan,nan,nan,nan,nan,nan,nan,nan,-0.1133813560,-0.0853078365,0.3394143283,-0.0755050704,-0.0993123129,0.2241458446,0.0487264208,0.1912163645,0.7862856388,-0.1599127948,-0.0062395567,0.9537146091,-1.1255996227,0.3586785197,0.0000000000,3.4990000725,3.4997067451,nan,nan,nan,nan,nan,nan,nan,nan,nan,nan,nan,nan,nan,-0.0124345338,-0.0182191115,1.0778824091,5.5063648224,3.6066858768,8.1264410019
0.0203765072,0.0038463369,0.3020737171,-0.0221756228,0.0082101523,-0.0083942644,-0.1000000015,0.0000000000,0.7599999905,0.0000000000,0.2477119118,0.0058136876,0.2062806189,0.0481849425,nan,nan,nan,nan,nan,nan,nan,nan,nan,nan,nan,nan,nan,-0.1133813560,-0.0853078365,0.3394143283,-0.0755050704,-0.0993123129,0.2241458446,0.0487264208,0.1912163645,0.7862856388,-0.1417598128,0.0054167630,0.8801282644,-1.1255996227,0.3586785197,0.0000000000,3.4990000725,3.4997067451,nan,nan,nan,nan,nan,nan,nan,nan,nan,nan,nan,nan,nan,0.0079256194,-0.0130169587,1.0723317862,5.5063648224,3.6066858768,8.1264410019
0.0203765072,0.0038463369,0.3020737171,-0.0221756228,0.0082101523,-0.0083942644,-0.1000000015,0.0000000000,0.7599999905,0.0000000000,0.2477119118,0.0058136876,0.2062806189,0.0481849425,nan,nan,nan,nan,nan,nan,nan,nan,nan,nan,nan,nan,nan,-0.1133813560,-0.0853078365,0.3394143283,-0.0755050704,-0.0993123129,0.2241458446,0.0487264208,0.1912163645,0.7862856388,-0.1417598128,0.0054167630,0.8801282644,-1.1255996227,0.3586785197,0.0000000000,3.4990000725,3.4997067451,nan,nan,nan,nan,nan,nan,nan,nan,nan,nan,nan,nan,nan,0.0079256194,-0.0130169587,1.0723317862,5.5063648224,3.6066858768,8.1264410019
0.0203765072,0.0038463369,0.3020737171,-0.0221756228,0.0082101523,-0.0083942644,-0.1000000015,0.0000000000,0.7599999905,0.0000000000,0.2477119118,0.0058136876,0.2062806189,0.0481849425,nan,nan,nan,nan,nan,nan,nan,nan,nan,nan,nan,nan,nan,-0.1133813560,-0.0853078365,0.3394143283,-0.0755050704,-0.0993123129,0.2241458446,0.0487264208,0.1912163645,0.7862856388,-0.1417598128,0.0054167630,0.8801282644,-1.1255996227,0.3586785197,0.0000000000,3.4990000725,3.4997067451,nan,nan,nan,nan,nan,nan,nan,nan,nan,nan,nan,nan,nan,0.0079256194,-0.0130169587,1.0723317862,5.5063648224,3.6066858768,8.1264410019
0.0203765072,0.0038463369,0.3020737171,-0.0221756228,0.0082101523,-0.0083942644,-0.1000000015,0.0000000000,0.7599999905,0.0000000000,0.2477119118,0.0058136876,0.2062806189,0.0481849425,nan,nan,nan,nan,nan,nan,nan,nan,nan,nan,nan,nan,nan,-0.1133813560,-0.0853078365,0.3394143283,-0.0755050704,-0.0993123129,0.2241458446,0.0487264208,0.1912163645,0.7862856388,-0.1417598128,0.0054167630,0.8801282644,-1.1255996227,0.3586785197,0.0000000000,3.4990000725,3.4997067451,nan,nan,nan,nan,nan,nan,nan,nan,nan,nan,nan,nan,nan,0.0079256194,-0.0130169587,1.0723317862,5.5063648224,3.6066858768,8.1264410019
0.0203765072,0.0038463369,0.3020737171,-0.0221756228,0.0082101523,-0.0083942644,-0.1000000015,0.0000000000,0.7599999905,0.0000000000,0.2477119118,0.0058136876,0.2062806189,0.0481849425,nan,nan,nan,nan,nan,nan,nan,nan,nan,nan,nan,nan,nan,-0.1133813560,-0.0853078365,0.3394143283,-0.0755050704,-0.0993123129,0.2241458446,0.0487264208,0.1912163645,0.7862856388,-0.1417598128,0.0054167630,0.8801282644,-1.1255996227,0.3586785197,0.0000000000,3.4990000725,3.4997067451,nan,nan,nan,nan,nan,nan,nan,nan,nan,nan,nan,nan,nan,0.0079256194,-0.0130169587,1.0723317862,5.5063648224,3.6066858768,8.1264410019
0.0203765072,0.0038463369,0.3020737171,-0.0221756228,0.0082101523,-0.0083942644,-0.1000000015,0.0000000000,0.7599999905,0.0000000000,0.2477119118,0.0058136876,0.2062806189,0.0481849425,nan,nan,nan,nan,nan,nan,nan,nan,nan,nan,nan,nan,nan,-0.1133813560,-0.0853078365,0.3394143283,-0.0755050704,-0.0993123129,0.2241458446,0.0487264208,0.1912163645,0.7862856388,-0.1417598128,0.0054167630,0.8801282644,-1.1255996227,0.3586785197,0.0000000000,3.4990000725,3.4997067451,nan,nan,nan,nan,nan,nan,nan,nan,nan,nan,nan,nan,nan,0.0079256194,-0.0130169587,1.0723317862,5.5063648224,3.6066858768,8.1264410019
0.0203765072,0.0038463369,0.3020737171,-0.0221756228,0.0082101523,-0.0083942644,-0.1000000015,0.0000000000,0.7599999905,0.0000000000,0.2477119118,0.0058136876,0.2062806189,0.0481849425,nan,nan,nan,nan,nan,nan,nan,nan,nan,nan,nan,nan,nan,-0.1133813560,-0.0853078365,0.3394143283,-0.0755050704,-0.0993123129,0.2241458446,0.0487264208,0.1912163645,0.7862856388,-0.1417598128,0.0054167630,0.8801282644,-1.1255996227,0.3586785197,0.0000000000,3.4990000725,3.4997067451,nan,nan,nan,nan,nan,nan,nan,nan,nan,nan,nan,nan,nan,0.0079256194,-0.0130169587,1.0723317862,5.5063648224,3.6066858768,8.1264410019
0.0203765072,0.0038463369,0.3020737171,-0.0221756228,0.0082101523,-0.0083942644,-0.1000000015,0.0000000000,0.7599999905,0.0000000000,0.2477119118,0.0058136876,0.2062806189,0.0481849425,nan,nan,nan,nan,nan,nan,nan,nan,nan,nan,nan,nan,nan,-0.1133813560,-0.0853078365,0.3394143283,-0.0755050704,-0.0993123129,0.2241458446,0.0487264208,0.1912163645,0.7862856388,-0.1417598128,0.0054167630,0.8801282644,-1.1255996227,0.3586785197,0.0000000000,3.4990000725,3.4997067451,nan,nan,nan,nan,nan,nan,nan,nan,nan,nan,nan,nan,nan,0.0079256194,-0.0130169587,1.0723317862,5.5063648224,3.6066858768,8.1264410019
0.0203765072,0.0038463369,0.3020737171,-0.0221756228,0.0082101523,-0.0083942644,-0.1000000015,0.0000000000,0.7599999905,0.0000000000,0.2477119118,0.0058136876,0.2062806189,0.0481849425,nan,nan,nan,nan,nan,nan,nan,nan,nan,nan,nan,nan,nan,-0.1133813560,-0.0853078365,0.3394143283,-0.0755050704,-0.0993123129,0.2241458446,0.0487264208,0.1912163645,0.7862856388,-0.1417598128,0.0054167630,0.8801282644,-1.1255996227,0.3586785197,0.0000000000,3.4990000725,3.4997067451,nan,nan,nan,nan,nan,nan,nan,nan,nan,nan,nan,nan,nan,0.0079256194,-0.0130169587,1.0723317862,5.5063648224,3.6066858768,8.1264410019
0.0203765072,0.0038463369,0.3020737171,-0.0221756228,0.0082101523,-0.0083942644,-0.1000000015,0.0000000000,0.7599999905,0.0000000000,0.2477119118,0.0058136876,0.2062806189,0.0481849425,nan,nan,nan,nan,nan,nan,nan,nan,nan,nan,nan,nan,nan,-0.1133813560,-0.0853078365,0.3394143283,-0.0755050704,-0.0993123129,0.2241458446,0.0487264208,0.1912163645,0.7862856388,-0.1417598128,0.0054167630,0.8801282644,-1.1255996227,0.3586785197,0.0000000000,3.4990000725,3.4997067451,nan,nan,nan,nan,nan,nan,nan,nan,nan,nan,nan,nan,nan,0.0079256194,-0.0130169587,1.0723317862,5.5063648224,3.6066858768,8.1264410019
0.0203765072,0.0038463369,0.3020737171,-0.0221756228,0.0082101523,-0.0083942644,-0.1000000015,0.0000000000,0.7599999905,0.0000000000,0.2477119118,0.0058136876,0.2062806189,0.0481849425,nan,nan,nan,nan,nan,nan,nan,nan,nan,nan,nan,nan,nan,-0.1133813560,-0.0853078365,0.3394143283,-0.0755050704,-0.0993123129,0.2241458446,0.0487264208,0.1912163645,0.7862856388,-0.1417598128,0.0054167630,0.8801282644,-1.1255996227,0.3586785197,0.0000000000,3.4990000725,3.4997067451,nan,nan,nan,nan,nan,nan,nan,nan,nan,nan,nan,nan,nan,0.0079256194,-0.0130169587,1.0723317862,5.5063648224,3.6066858768,8.1264410019
0.0203765072,0.0038463369,0.3020737171,-0.0221756228,0.0082101523,-0.0083942644,-0.1000000015,0.0000000000,0.7599999905,0.0000000000,0.2477119118,0.0058136876,0.2062806189,0.0481849425,nan,nan,nan,nan,nan,nan,nan,nan,nan,nan,nan,nan,nan,-0.1133813560,-0.0853078365,0.3394143283,-0.0755050704,-0.0993123129,0.2241458446,0.0487264208,0.1912163645,0.7862856388,-0.1417598128,0.0054167630,0.8801282644,-1.1255996227,0.3586785197,0.0000000000,3.4990000725,3.4997067451,nan,nan,nan,nan,nan,nan,nan,nan,nan,nan,nan,nan,nan,0.0079256194,-0.0130169587,1.0723317862,5.5063648224,3.6066858768,8.1264410019
0.0203765072,0.0038463369,0.3020737171,-0.0221756228,0.0082101523,-0.0083942644,-0.1000000015,0.0000000000,0.7599999905,0.0000000000,0.2477119118,0.0058136876,0.2062806189,0.0481849425,nan,nan,nan,nan,nan,nan,nan,nan,nan,nan,nan,nan,nan,-0.1133813560,-0.0853078365,0.3394143283,-0.0755050704,-0.0993123129,0.2241458446,0.0487264208,0.1912163645,0.7862856388,-0.1417598128,0.0054167630,0.8801282644,-1.1255996227,0.3586785197,0.0000000000,3.4990000725,3.4997067451,nan,nan,nan,nan,nan,nan,nan,nan,nan,nan,nan,nan,nan,0.0079256194,-0.0130169587,1.0723317862,5.5063648224,3.6066858768,8.1264410019
0.0203765072,0.0038463369,0.3020737171,-0.0221756228,0.0082101523,-0.0083942644,-0.1000000015,0.0000000000,0.7599999905,0.0000000000,0.2477119118,0.0058136876,0.2062806189,0.0481849425,nan,nan,nan,nan,nan,nan,nan,nan,nan,nan,nan,nan,nan,-0.1133813560,-0.0853078365,0.3394143283,-0.0755050704,-0.0993123129,0.2241458446,0.0487264208,0.1912163645,0.7862856388,-0.1417598128,0.0054167630,0.8801282644,-1.1255996227,0.3586785197,0.0000000000,3.4990000725,3.4997067451,nan,nan,nan,nan,nan,nan,nan,nan,nan,nan,nan,nan,nan,0.0079256194,-0.0130169587,1.0723317862,5.5063648224,3.6066858768,8.1264410019
0.0203765072,0.0038463369,0.3020737171,-0.0221756228,0.0082101523,-0.0083942644,-0.1000000015,0.0000000000,0.7599999905,0.0000000000,0.2477119118,0.0058136876,0.2062806189,0.0481849425,nan,nan,nan,nan,nan,nan,nan,nan,nan,nan,nan,nan,nan,-0.1133813560,-0.0853078365,0.3394143283,-0.0755050704,-0.0993123129,0.2241458446,0.0487264208,0.1912163645,0.7862856388,-0.1417598128,0.0054167630,0.8801282644,-1.1255996227,0.3586785197,0.0000000000,3.4990000725,3.4997067451,nan,nan,nan,nan,nan,nan,nan,nan,nan,nan,nan,nan,nan,0.0079256194,-0.0130169587,1.0723317862,5.5063648224,3.6066858768,8.1264410019
0.0203765072,0.0038463369,0.3020737171,-0.0221756228,0.0082101523,-0.0083942644,-0.1000000015,0.0000000000,0.7599999905,0.0000000000,0.2477119118,0.0058136876,0.2062806189,0.0481849425,nan,nan,nan,nan,nan,nan,nan,nan,nan,nan,nan,nan,nan,-0.1133813560,-0.0853078365,0.3394143283,-0.0755050704,-0.0993123129,0.2241458446,0.0487264208,0.1912163645,0.7862856388,-0.1417598128,0.0054167630,0.8801282644,-1.1255996227,0.3586785197,0.0000000000,3.4990000725,3.4997067451,nan,nan,nan,nan,nan,nan,nan,nan,nan,nan,nan,nan,nan,0.0079256194,-0.0130169587,1.0723317862,5.5063648224,3.6066858768,8.1264410019
0.0203765072,0.0038463369,0.3020737171,-0.0221756228,0.0082101523,-0.0083942644,-0.1000000015,0.0000000000,0.7599999905,0.0000000000,0.2477119118,0.0058136876,0.2062806189,0.0481849425,nan,nan,nan,nan,nan,nan,nan,nan,nan,nan,nan,nan,nan,-0.1133813560,-0.0853078365,0.3394143283,-0.0755050704,-0.0993123129,0.2241458446,0.0487264208,0.1912163645,0.7862856388,-0.1417598128,0.0054167630,0.8801282644,-1.1255996227,0.3586785197,0.0000000000,3.4990000725,3.4997067451,nan,nan,nan,nan,nan,nan,nan,nan,nan,nan,nan,nan,nan,0.0079256194,-0.0130169587,1.0723317862,5.5063648224,3.6066858768,8.1264410019
0.0203765072,0.0038463369,0.3020737171,-0.0221756228,0.0082101523,-0.0083942644,-0.1000000015,0.0000000000,0.7599999905,0.0000000000,0.2477119118,0.0058136876,0.2062806189,0.0481849425,nan,nan,nan,nan,nan,nan,nan,nan,nan,nan,nan,nan,nan,-0.1133813560,-0.0853078365,0.3394143283,-0.0755050704,-0.0993123129,0.2241458446,0.0487264208,0.1912163645,0.7862856388,-0.1417598128,0.0054167630,0.8801282644,-1.1255996227,0.3586785197,0.0000000000,3.4990000725,3.4997067451,nan,nan,nan,nan,nan,nan,nan,nan,nan,nan,nan,nan,nan,0.0079256194,-0.0130169587,1.0723317862,5.5063648224,3.6066858768,8.1264410019
0.0203765072,0.0038463369,0.3020737171,-0.0221756228,0.0082101523,-0.0083942644,-0.1000000015,0.0000000000,0.7599999905,0.0000000000,0.2477119118,0.0058136876,0.2062806189,0.0481849425,nan,nan,nan,nan,nan,nan,nan,nan,nan,nan,nan,nan,nan,-0.1133813560,-0.0853078365,0.3394143283,-0.0755050704,-0.0993123129,0.2241458446,0.0487264208,0.1912163645,0.7862856388,-0.1417598128,0.0054167630,0.8801282644,-1.1255996227,0.3586785197,0.0000000000,3.4990000725,3.4997067451,nan,nan,nan,nan,nan,nan,nan,nan,nan,nan,nan,nan,nan,0.0079256194,-0.0130169587,1.0723317862,5.5063648224,3.6066858768,8.1264410019
0.0203765072,0.0038463369,0.3020737171,-0.0221756228,0.0082101523,-0.0083942644,-0.1000000015,0.0000000000,0.7599999905,0.0000000000,0.2477119118,0.0058136876,0.2062806189,0.0481849425,nan,nan,nan,nan,nan,nan,nan,nan,nan,nan,nan,nan,nan,-0.1133813560,-0.0853078365,0.3394143283,-0.0755050704,-0.0993123129,0.2241458446,0.0487264208,0.1912163645,0.7862856388,-0.1417598128,0.0054167630,0.8801282644,-1.1255996227,0.3586785197,0.0000000000,3.4990000725,3.4997067451,nan,nan,nan,nan,nan,nan,nan,nan,nan,nan,nan,nan,nan,0.0079256194,-0.0130169587,1.0723317862,5.5063648224,3.6066858768,8.1264410019
0.0203765072,0.0038463369,0.3020737171,-0.0221756228,0.0082101523,-0.0083942644,-0.1000000015,0.0000000000,0.7599999905,0.0000000000,0.2477119118,0.0058136876,0.2062806189,0.0481849425,nan,nan,nan,nan,nan,nan,nan,nan,nan,nan,nan,nan,nan,-0.1133813560,-0.0853078365,0.3394143283,-0.0755050704,-0.0993123129,0.2241458446,0.0487264208,0.1912163645,0.7862856388,-0.1417598128,0.0054167630,0.8801282644,-1.1255996227,0.3586785197,0.0000000000,3.4990000725,3.4997067451,nan,nan,nan,nan,nan,nan,nan,nan,nan,nan,nan,nan,nan,0.0079256194,-0.0130169587,1.0723317862,5.5063648224,3.6066858768,8.1264410019
0.0203765072,0.0038463369,0.3020737171,-0.0221756228,0.0082101523,-0.0083942644,-0.1000000015,0.0000000000,0.7599999905,0.0000000000,0.2477119118,0.0058136876,0.2062806189,0.0481849425,nan,nan,nan,nan,nan,nan,nan,nan,nan,nan,nan,nan,nan,-0.1133813560,-0.0853078365,0.3394143283,-0.0755050704,-0.0993123129,0.2241458446,0.0487264208,0.1912163645,0.7862856388,-0.1417598128,0.0054167630,0.8801282644,-1.1255996227,0.3586785197,0.0000000000,3.4990000725,3.4997067451,nan,nan,nan,nan,nan,nan,nan,nan,nan,nan,nan,nan,nan,0.0079256194,-0.0130169587,1.0723317862,5.5063648224,3.6066858768,8.1264410019
0.0203765072,0.0038463369,0.3020737171,-0.0221756228,0.0082101523,-0.0083942644,-0.1000000015,0.0000000000,0.7599999905,0.0000000000,0.2477119118,0.0058136876,0.2062806189,0.0481849425,nan,nan,nan,nan,nan,nan,nan,nan,nan,nan,nan,nan,nan,-0.1133813560,-0.0853078365,0.3394143283,-0.0755050704,-0.0993123129,0.2241458446,0.0487264208,0.1912163645,0.7862856388,-0.1417598128,0.0054167630,0.8801282644,-1.1255996227,0.3586785197,0.0000000000,3.4990000725,3.4997067451,nan,nan,nan,nan,nan,nan,nan,nan,nan,nan,nan,nan,nan,0.0079256194,-0.0130169587,1.0723317862,5.5063648224,3.6066858768,8.1264410019
0.0203765072,0.0038463369,0.3020737171,-0.0221756228,0.0082101523,-0.0083942644,-0.1000000015,0.0000000000,0.7599999905,0.0000000000,0.2477119118,0.0058136876,0.2062806189,0.0481849425,nan,nan,nan,nan,nan,nan,nan,nan,nan,nan,nan,nan,nan,-0.1133813560,-0.0853078365,0.3394143283,-0.0755050704,-0.0993123129,0.2241458446,0.0487264208,0.1912163645,0.7862856388,-0.1417598128,0.0054167630,0.8801282644,-1.1255996227,0.3586785197,0.0000000000,3.4990000725,3.4997067451,nan,nan,nan,nan,nan,nan,nan,nan,nan,nan,nan,nan,nan,0.0079256194,-0.0130169587,1.0723317862,5.5063648224,3.6066858768,8.1264410019
0.0203765072,0.0038463369,0.3020737171,-0.0221756228,0.0082101523,-0.0083942644,-0.1000000015,0.0000000000,0.7599999905,0.0000000000,0.2477119118,0.0058136876,0.2062806189,0.0481849425,nan,nan,nan,nan,nan,nan,nan,nan,nan,nan,nan,nan,nan,-0.1133813560,-0.0853078365,0.3394143283,-0.0755050704,-0.0993123129,0.2241458446,0.0487264208,0.1912163645,0.7862856388,-0.1417598128,0.0054167630,0.8801282644,-1.1255996227,0.3586785197,0.0000000000,3.4990000725,3.4997067451,nan,nan,nan,nan,nan,nan,nan,nan,nan,nan,nan,nan,nan,0.0079256194,-0.0130169587,1.0723317862,5.5063648224,3.6066858768,8.1264410019
0.0203765072,0.0038463369,0.3020737171,-0.0221756228,0.0082101523,-0.0083942644,-0.1000000015,0.0000000000,0.7599999905,0.0000000000,0.2477119118,0.0058136876,0.2062806189,0.0481849425,nan,nan,nan,nan,nan,nan,nan,nan,nan,nan,nan,nan,nan,-0.1133813560,-0.0853078365,0.3394143283,-0.0755050704,-0.0993123129,0.2241458446,0.0487264208,0.1912163645,0.7862856388,-0.1417598128,0.0054167630,0.8801282644,-1.1255996227,0.3586785197,0.0000000000,3.4990000725,3.4997067451,nan,nan,nan,nan,nan,nan,nan,nan,nan,nan,nan,nan,nan,0.0079256194,-0.0130169587,1.0723317862,5.5063648224,3.6066858768,8.1264410019
0.0203765072,0.0038463369,0.3020737171,-0.0221756228,0.0082101523,-0.0083942644,-0.1000000015,0.0000000000,0.7599999905,0.0000000000,0.2477119118,0.0058136876,0.2062806189,0.0481849425,nan,nan,nan,nan,nan,nan,nan,nan,nan,nan,nan,nan,nan,-0.1133813560,-0.0853078365,0.3394143283,-0.0755050704,-0.0993123129,0.2241458446,0.0487264208,0.1912163645,0.7862856388,-0.1417598128,0.0054167630,0.8801282644,-1.1255996227,0.3586785197,0.0000000000,3.4990000725,3.4997067451,nan,nan,nan,nan,nan,nan,nan,nan,nan,nan,nan,nan,nan,0.0079256194,-0.0130169587,1.0723317862,5.5063648224,3.6066858768,8.1264410019
0.0203765072,0.0038463369,0.3020737171,-0.0221756228,0.0082101523,-0.0083942644,-0.1000000015,0.0000000000,0.7599999905,0.0000000000,0.2477119118,0.0058136876,0.2062806189,0.0481849425,nan,nan,nan,nan,nan,nan,nan,nan,nan,nan,nan,nan,nan,-0.1133813560,-0.0853078365,0.3394143283,-0.0755050704,-0.0993123129,0.2241458446,0.0487264208,0.1912163645,0.7862856388,-0.1417598128,0.0054167630,0.8801282644,-1.1255996227,0.3586785197,0.0000000000,3.4990000725,3.4997067451,nan,nan,nan,nan,nan,nan,nan,nan,nan,nan,nan,nan,nan,0.0079256194,-0.0130169587,1.0723317862,5.5063648224,3.6066858768,8.1264410019
0.0203765072,0.0038463369,0.3020737171,-0.0221756228,0.0082101523,-0.0083942644,-0.1000000015,0.0000000000,0.7599999905,0.0000000000,0.2477119118,0.0058136876,0.2062806189,0.0481849425,nan,nan,nan,nan,nan,nan,nan,nan,nan,nan,nan,nan,nan,-0.1133813560,-0.0853078365,0.3394143283,-0.0755050704,-0.0993123129,0.2241458446,0.0487264208,0.1912163645,0.7862856388,-0.1417598128,0.0054167630,0.8801282644,-1.1255996227,0.3586785197,0.0000000000,3.4990000725,3.4997067451,nan,nan,nan,nan,nan,nan,nan,nan,nan,nan,nan,nan,nan,0.0079256194,-0.0130169587,1.0723317862,5.5063648224,3.6066858768,8.1264410019
0.0203765072,0.0038463369,0.3020737171,-0.0221756228,0.0082101523,-0.0083942644,-0.1000000015,0.0000000000,0.7599999905,0.0000000000,0.2477119118,0.0058136876,0.2062806189,0.0481849425,nan,nan,nan,nan,nan,nan,nan,nan,nan,nan,nan,nan,nan,-0.1133813560,-0.0853078365,0.3394143283,-0.0755050704,-0.0993123129,0.2241458446,0.0487264208,0.1912163645,0.7862856388,-0.1417598128,0.0054167630,0.8801282644,-1.1255996227,0.3586785197,0.0000000000,3.4990000725,3.4997067451,nan,nan,nan,nan,nan,nan,nan,nan,nan,nan,nan,nan,nan,0.0079256194,-0.0130169587,1.0723317862,5.5063648224,3.6066858768,8.1264410019
0.0203765072,0.0038463369,0.3020737171,-0.0221756228,0.0082101523,-0.0083942644,-0.1000000015,0.0000000000,0.7599999905,0.0000000000,0.2477119118,0.0058136876,0.2062806189,0.0481849425,nan,nan,nan,nan,nan,nan,nan,nan,nan,nan,nan,nan,nan,-0.1133813560,-0.0853078365,0.3394143283,-0.0755050704,-0.0993123129,0.2241458446,0.0487264208,0.1912163645,0.7862856388,-0.1417598128,0.0054167630,0.8801282644,-1.1255996227,0.3586785197,0.0000000000,3.4990000725,3.4997067451,nan,nan,nan,nan,nan,nan,nan,nan,nan,nan,nan,nan,nan,0.0079256194,-0.0130169587,1.0723317862,5.5063648224,3.6066858768,8.1264410019
0.0203765072,0.0038463369,0.3020737171,-0.0221756228,0.0082101523,-0.0083942644,-0.1000000015,0.0000000000,0.7599999905,0.0000000000,0.2477119118,0.0058136876,0.2062806189,0.0481849425,nan,nan,nan,nan,nan,nan,nan,nan,nan,nan,nan,nan,nan,-0.1133813560,-0.0853078365,0.3394143283,-0.0755050704,-0.0993123129,0.2241458446,0.0487264208,0.1912163645,0.7862856388,-0.1417598128,0.0054167630,0.8801282644,-1.1255996227,0.3586785197,0.0000000000,3.4990000725,3.4997067451,nan,nan,nan,nan,nan,nan,nan,nan,nan,nan,nan,nan,nan,0.0079256194,-0.0130169587,1.0723317862,5.5063648224,3.6066858768,8.1264410019
0.0203765072,0.0038463369,0.3020737171,-0.0221756228,0.0082101523,-0.0083942644,-0.1000000015,0.0000000000,0.7599999905,0.0000000000,0.2477119118,0.0058136876,0.2062806189,0.0481849425,nan,nan,nan,nan,nan,nan,nan,nan,nan,nan,nan,nan,nan,-0.1133813560,-0.0853078365,0.3394143283,-0.0755050704,-0.0993123129,0.2241458446,0.0487264208,0.1912163645,0.7862856388,-0.1417598128,0.0054167630,0.8801282644,-1.1255996227,0.3586785197,0.0000000000,3.4990000725,3.4997067451,nan,nan,nan,nan,nan,nan,nan,nan,nan,nan,nan,nan,nan,0.0079256194,-0.0130169587,1.0723317862,5.5063648224,3.6066858768,8.1264410019
0.0203765072,0.0038463369,0.3020737171,-0.0221756228,0.0082101523,-0.0083942644,-0.1000000015,0.0000000000,0.7599999905,0.0000000000,0.2477119118,0.0058136876,0.2062806189,0.0481849425,nan,nan,nan,nan,nan,nan,nan,nan,nan,nan,nan,nan,nan,-0.1133813560,-0.0853078365,0.3394143283,-0.0755050704,-0.0993123129,0.2241458446,0.0487264208,0.1912163645,0.7862856388,-0.1417598128,0.0054167630,0.8801282644,-1.1255996227,0.3586785197,0.0000000000,3.4990000725,3.4997067451,nan,nan,nan,nan,nan,nan,nan,nan,nan,nan,nan,nan,nan,0.0079256194,-0.0130169587,1.0723317862,5.5063648224,3.6066858768,8.1264410019
0.0203765072,0.0038463369,0.3020737171,-0.0221756228,0.0082101523,-0.0083942644,-0.1000000015,0.0000000000,0.7599999905,0.0000000000,0.2477119118,0.0058136876,0.2062806189,0.0481849425,nan,nan,nan,nan,nan,nan,nan,nan,nan,nan,nan,nan,nan,-0.1133813560,-0.0853078365,0.3394143283,-0.0755050704,-0.0993123129,0.2241458446,0.0487264208,0.1912163645,0.7862856388,-0.1417598128,0.0054167630,0.8801282644,-1.1255996227,0.3586785197,0.0000000000,3.4990000725,3.4997067451,nan,nan,nan,nan,nan,nan,nan,nan,nan,nan,nan,nan,nan,0.0079256194,-0.0130169587,1.0723317862,5.5063648224,3.6066858768,8.1264410019
0.0203765072,0.0038463369,0.3020737171,-0.0221756228,0.0082101523,-0.0083942644,-0.1000000015,0.0000000000,0.7599999905,0.0000000000,0.2477119118,0.0058136876,0.2062806189,0.0481849425,nan,nan,nan,nan,nan,nan,nan,nan,nan,nan,nan,nan,nan,-0.1133813560,-0.0853078365,0.3394143283,-0.0755050704,-0.0993123129,0.2241458446,0.0487264208,0.1912163645,0.7862856388,-0.1417598128,0.0054167630,0.8801282644,-1.1255996227,0.3586785197,0.0000000000,3.4990000725,3.4997067451,nan,nan,nan,nan,nan,nan,nan,nan,nan,nan,nan,nan,nan,0.0079256194,-0.0130169587,1.0723317862,5.5063648224,3.6066858768,8.1264410019
0.0203765072,0.0038463369,0.3020737171,-0.0221756228,0.0082101523,-0.0083942644,-0.1000000015,0.0000000000,0.7599999905,0.0000000000,0.2477119118,0.0058136876,0.2062806189,0.0481849425,nan,nan,nan,nan,nan,nan,nan,nan,nan,nan,nan,nan,nan,-0.1133813560,-0.0853078365,0.3394143283,-0.0755050704,-0.0993123129,0.2241458446,0.0487264208,0.1912163645,0.7862856388,-0.1417598128,0.0054167630,0.8801282644,-1.1255996227,0.3586785197,0.0000000000,3.4990000725,3.4997067451,nan,nan,nan,nan,nan,nan,nan,nan,nan,nan,nan,nan,nan,0.0079256194,-0.0130169587,1.0723317862,5.5063648224,3.6066858768,8.1264410019
0.0203765072,0.0038463369,0.3020737171,-0.0221756228,0.0082101523,-0.0083942644,-0.1000000015,0.0000000000,0.7599999905,0.0000000000,0.2477119118,0.0058136876,0.2062806189,0.0481849425,nan,nan,nan,nan,nan,nan,nan,nan,nan,nan,nan,nan,nan,-0.1133813560,-0.0853078365,0.3394143283,-0.0755050704,-0.0993123129,0.2241458446,0.0487264208,0.1912163645,0.7862856388,-0.1417598128,0.0054167630,0.8801282644,-1.1255996227,0.3586785197,0.0000000000,3.4990000725,3.4997067451,nan,nan,nan,nan,nan,nan,nan,nan,nan,nan,nan,nan,nan,0.0079256194,-0.0130169587,1.0723317862,5.5063648224,3.6066858768,8.1264410019
0.0203765072,0.0038463369,0.3020737171,-0.0221756228,0.0082101523,-0.0083942644,-0.1000000015,0.0000000000,0.7599999905,0.0000000000,0.2477119118,0.0058136876,0.2062806189,0.0481849425,nan,nan,nan,nan,nan,nan,nan,nan,nan,nan,nan,nan,nan,-0.1133813560,-0.0853078365,0.3394143283,-0.0755050704,-0.0993123129,0.2241458446,0.0487264208,0.1912163645,0.7862856388,-0.1417598128,0.0054167630,0.8801282644,-1.1255996227,0.3586785197,0.0000000000,3.4990000725,3.4997067451,nan,nan,nan,nan,nan,nan,nan,nan,nan,nan,nan,nan,nan,0.0079256194,-0.0130169587,1.0723317862,5.5063648224,3.6066858768,8.1264410019
0.0203765072,0.0038463369,0.3020737171,-0.0221756228,0.0082101523,-0.0083942644,-0.1000000015,0.0000000000,0.7599999905,0.0000000000,0.2477119118,0.0058136876,0.2062806189,0.0481849425,nan,nan,nan,nan,nan,nan,nan,nan,nan,nan,nan,nan,nan,-0.1133813560,-0.0853078365,0.3394143283,-0.0755050704,-0.0993123129,0.2241458446,0.0487264208,0.1912163645,0.7862856388,-0.1417598128,0.0054167630,0.8801282644,-1.1255996227,0.3586785197,0.0000000000,3.4990000725,3.4997067451,nan,nan,nan,nan,nan,nan,nan,nan,nan,nan,nan,nan,nan,0.0079256194,-0.0130169587,1.0723317862,5.5063648224,3.6066858768,8.1264410019
0.0203765072,0.0038463369,0.3020737171,-0.0221756228,0.0082101523,-0.0083942644,-0.1000000015,0.0000000000,0.7599999905,0.0000000000,0.2477119118,0.0058136876,0.2062806189,0.0481849425,nan,nan,nan,nan,nan,nan,nan,nan,nan,nan,nan,nan,nan,-0.1133813560,-0.0853078365,0.3394143283,-0.0755050704,-0.0993123129,0.2241458446,0.0487264208,0.1912163645,0.7862856388,-0.1417598128,0.0054167630,0.8801282644,-1.1255996227,0.3586785197,0.0000000000,3.4990000725,3.4997067451,nan,nan,nan,nan,nan,nan,nan,nan,nan,nan,nan,nan,nan,0.0079256194,-0.0130169587,1.0723317862,5.5063648224,3.6066858768,8.1264410019
0.0203765072,0.0038463369,0.3020737171,-0.0221756228,0.0082101523,-0.0083942644,-0.1000000015,0.0000000000,0.7599999905,0.0000000000,0.2477119118,0.0058136876,0.2062806189,0.0481849425,nan,nan,nan,nan,nan,nan,nan,nan,nan,nan,nan,nan,nan,-0.1133813560,-0.0853078365,0.3394143283,-0.0755050704,-0.0993123129,0.2241458446,0.0487264208,0.1912163645,0.7862856388,-0.1417598128,0.0054167630,0.8801282644,-1.1255996227,0.3586785197,0.0000000000,3.4990000725,3.4997067451,nan,nan,nan,nan,nan,nan,nan,nan,nan,nan,nan,nan,nan,0.0079256194,-0.0130169587,1.0723317862,5.5063648224,3.6066858768,8.1264410019
0.0203765072,0.0038463369,0.3020737171,-0.0221756228,0.0082101523,-0.0083942644,-0.1000000015,0.0000000000,0.7599999905,0.0000000000,0.2477119118,0.0058136876,0.2062806189,0.0481849425,nan,nan,nan,nan,nan,nan,nan,nan,nan,nan,nan,nan,nan,-0.1133813560,-0.0853078365,0.3394143283,-0.0755050704,-0.0993123129,0.2241458446,0.0487264208,0.1912163645,0.7862856388,-0.1417598128,0.0054167630,0.8801282644,-1.1255996227,0.3586785197,0.0000000000,3.4990000725,3.4997067451,nan,nan,nan,nan,nan,nan,nan,nan,nan,nan,nan,nan,nan,0.0079256194,-0.0130169587,1.0723317862,5.5063648224,3.6066858768,8.1264410019
0.0203765072,0.0038463369,0.3020737171,-0.0221756228,0.0082101523,-0.0083942644,-0.1000000015,0.0000000000,0.7599999905,0.0000000000,0.2477119118,0.0058136876,0.2062806189,0.0481849425,nan,nan,nan,nan,nan,nan,nan,nan,nan,nan,nan,nan,nan,-0.1133813560,-0.0853078365,0.3394143283,-0.0755050704,-0.0993123129,0.2241458446,0.0487264208,0.1912163645,0.7862856388,-0.1417598128,0.0054167630,0.8801282644,-1.1255996227,0.3586785197,0.0000000000,3.4990000725,3.4997067451,nan,nan,nan,nan,nan,nan,nan,nan,nan,nan,nan,nan,nan,0.0079256194,-0.0130169587,1.0723317862,5.5063648224,3.6066858768,8.1264410019
0.0203765072,0.0038463369,0.3020737171,-0.0221756228,0.0082101523,-0.0083942644,-0.1000000015,0.0000000000,0.7599999905,0.0000000000,0.2477119118,0.0058136876,0.2062806189,0.0481849425,nan,nan,nan,nan,nan,nan,nan,nan,nan,nan,nan,nan,nan,-0.1133813560,-0.0853078365,0.3394143283,-0.0755050704,-0.0993123129,0.2241458446,0.0487264208,0.1912163645,0.7862856388,-0.1417598128,0.0054167630,0.8801282644,-1.1255996227,0.3586785197,0.0000000000,3.4990000725,3.4997067451,nan,nan,nan,nan,nan,nan,nan,nan,nan,nan,nan,nan,nan,0.0079256194,-0.0130169587,1.0723317862,5.5063648224,3.6066858768,8.1264410019
0.0203765072,0.0038463369,0.3020737171,-0.0221756228,0.0082101523,-0.0083942644,-0.1000000015,0.0000000000,0.7599999905,0.0000000000,0.2477119118,0.0058136876,0.2062806189,0.0481849425,nan,nan,nan,nan,nan,nan,nan,nan,nan,nan,nan,nan,nan,-0.1133813560,-0.0853078365,0.3394143283,-0.0755050704,-0.0993123129,0.2241458446,0.0487264208,0.1912163645,0.7862856388,-0.1417598128,0.0054167630,0.8801282644,-1.1255996227,0.3586785197,0.0000000000,3.4990000725,3.4997067451,nan,nan,nan,nan,nan,nan,nan,nan,nan,nan,nan,nan,nan,0.0079256194,-0.0130169587,1.0723317862,5.5063648224,3.6066858768,8.1264410019
0.0203765072,0.0038463369,0.3020737171,-0.0221756228,0.0082101523,-0.0083942644,-0.1000000015,0.0000000000,0.7599999905,0.0000000000,0.2477119118,0.0058136876,0.2062806189,0.0481849425,nan,nan,nan,nan,nan,nan,nan,nan,nan,nan,nan,nan,nan,-0.1133813560,-0.0853078365,0.3394143283,-0.0755050704,-0.0993123129,0.2241458446,0.0487264208,0.1912163645,0.7862856388,-0.1417598128,0.0054167630,0.8801282644,-1.1255996227,0.3586785197,0.0000000000,3.4990000725,3.4997067451,nan,nan,nan,nan,nan,nan,nan,nan,nan,nan,nan,nan,nan,0.0079256194,-0.0130169587,1.0723317862,5.5063648224,3.6066858768,8.1264410019
0.0203765072,0.0038463369,0.3020737171,-0.0221756228,0.0082101523,-0.0083942644,-0.1000000015,0.0000000000,0.7599999905,0.0000000000,0.2477119118,0.0058136876,0.2062806189,0.0481849425,nan,nan,nan,nan,nan,nan,nan,nan,nan,nan,nan,nan,nan,-0.1133813560,-0.0853078365,0.3394143283,-0.0755050704,-0.0993123129,0.2241458446,0.0487264208,0.1912163645,0.7862856388,-0.1417598128,0.0054167630,0.8801282644,-1.1255996227,0.3586785197,0.0000000000,3.4990000725,3.4997067451,nan,nan,nan,nan,nan,nan,nan,nan,nan,nan,nan,nan,nan,0.0079256194,-0.0130169587,1.0723317862,5.5063648224,3.6066858768,8.1264410019
0.0203765072,0.0038463369,0.3020737171,-0.0221756228,0.0082101523,-0.0083942644,-0.1000000015,0.0000000000,0.7599999905,0.0000000000,0.2477119118,0.0058136876,0.2062806189,0.0481849425,nan,nan,nan,nan,nan,nan,nan,nan,nan,nan,nan,nan,nan,-0.1133813560,-0.0853078365,0.3394143283,-0.0755050704,-0.0993123129,0.2241458446,0.0487264208,0.1912163645,0.7862856388,-0.1417598128,0.0054167630,0.8801282644,-1.1255996227,0.3586785197,0.0000000000,3.4990000725,3.4997067451,nan,nan,nan,nan,nan,nan,nan,nan,nan,nan,nan,nan,nan,0.0079256194,-0.0130169587,1.0723317862,5.5063648224,3.6066858768,8.1264410019
0.0203765072,0.0038463369,0.3020737171,-0.0221756228,0.0082101523,-0.0083942644,-0.1000000015,0.0000000000,0.7599999905,0.0000000000,0.2477119118,0.0058136876,0.2062806189,0.0481849425,nan,nan,nan,nan,nan,nan,nan,nan,nan,nan,nan,nan,nan,-0.1133813560,-0.0853078365,0.3394143283,-0.0755050704,-0.0993123129,0.2241458446,0.0487264208,0.1912163645,0.7862856388,-0.1417598128,0.0054167630,0.8801282644,-1.1255996227,0.3586785197,0.0000000000,3.4990000725,3.4997067451,nan,nan,nan,nan,nan,nan,nan,nan,nan,nan,nan,nan,nan,0.0079256194,-0.0130169587,1.0723317862,5.5063648224,3.6066858768,8.1264410019
0.0203765072,0.0038463369,0.3020737171,-0.0221756228,0.0082101523,-0.0083942644,-0.1000000015,0.0000000000,0.7599999905,0.0000000000,0.2477119118,0.0058136876,0.2062806189,0.0481849425,nan,nan,nan,nan,nan,nan,nan,nan,nan,nan,nan,nan,nan,-0.1133813560,-0.0853078365,0.3394143283,-0.0755050704,-0.0993123129,0.2241458446,0.0487264208,0.1912163645,0.7862856388,-0.1417598128,0.0054167630,0.8801282644,-1.1255996227,0.3586785197,0.0000000000,3.4990000725,3.4997067451,nan,nan,nan,nan,nan,nan,nan,nan,nan,nan,nan,nan,nan,0.0079256194,-0.0130169587,1.0723317862,5.5063648224,3.6066858768,8.1264410019
0.0203765072,0.0038463369,0.3020737171,-0.0221756228,0.0082101523,-0.0083942644,-0.1000000015,0.0000000000,0.7599999905,0.0000000000,0.2477119118,0.0058136876,0.2062806189,0.0481849425,nan,nan,nan,nan,nan,nan,nan,nan,nan,nan,nan,nan,nan,-0.1133813560,-0.0853078365,0.3394143283,-0.0755050704,-0.0993123129,0.2241458446,0.0487264208,0.1912163645,0.7862856388,-0.1417598128,0.0054167630,0.8801282644,-1.1255996227,0.3586785197,0.0000000000,3.4990000725,3.4997067451,nan,nan,nan,nan,nan,nan,nan,nan,nan,nan,nan,nan,nan,0.0079256194,-0.0130169587,1.0723317862,5.5063648224,3.6066858768,8.1264410019
0.0203765072,0.0038463369,0.3020737171,-0.0221756228,0.0082101523,-0.0083942644,-0.1000000015,0.0000000000,0.7599999905,0.0000000000,0.2477119118,0.0058136876,0.2062806189,0.0481849425,nan,nan,nan,nan,nan,nan,nan,nan,nan,nan,nan,nan,nan,-0.1133813560,-0.0853078365,0.3394143283,-0.0755050704,-0.0993123129,0.2241458446,0.0487264208,0.1912163645,0.7862856388,-0.1417598128,0.0054167630,0.8801282644,-1.1255996227,0.3586785197,0.0000000000,3.4990000725,3.4997067451,nan,nan,nan,nan,nan,nan,nan,nan,nan,nan,nan,nan,nan,0.0079256194,-0.0130169587,1.0723317862,5.5063648224,3.6066858768,8.1264410019
0.0203765072,0.0038463369,0.3020737171,-0.0221756228,0.0082101523,-0.0083942644,-0.1000000015,0.0000000000,0.7599999905,0.0000000000,0.2477119118,0.0058136876,0.2062806189,0.0481849425,nan,nan,nan,nan,nan,nan,nan,nan,nan,nan,nan,nan,nan,-0.1133813560,-0.0853078365,0.3394143283,-0.0755050704,-0.0993123129,0.2241458446,0.0487264208,0.1912163645,0.7862856388,-0.1417598128,0.0054167630,0.8801282644,-1.1255996227,0.3586785197,0.0000000000,3.4990000725,3.4997067451,nan,nan,nan,nan,nan,nan,nan,nan,nan,nan,nan,nan,nan,0.0079256194,-0.0130169587,1.0723317862,5.5063648224,3.6066858768,8.1264410019
0.0203765072,0.0038463369,0.3020737171,-0.0221756228,0.0082101523,-0.0083942644,-0.1000000015,0.0000000000,0.7599999905,0.0000000000,0.2477119118,0.0058136876,0.2062806189,0.0481849425,nan,nan,nan,nan,nan,nan,nan,nan,nan,nan,nan,nan,nan,-0.1133813560,-0.0853078365,0.3394143283,-0.0755050704,-0.0993123129,0.2241458446,0.0487264208,0.1912163645,0.7862856388,-0.1417598128,0.0054167630,0.8801282644,-1.1255996227,0.3586785197,0.0000000000,3.4990000725,3.4997067451,nan,nan,nan,nan,nan,nan,nan,nan,nan,nan,nan,nan,nan,0.0079256194,-0.0130169587,1.0723317862,5.5063648224,3.6066858768,8.1264410019
0.0203765072,0.0038463369,0.3020737171,-0.0221756228,0.0082101523,-0.0083942644,-0.1000000015,0.0000000000,0.7599999905,0.0000000000,0.2477119118,0.0058136876,0.2062806189,0.0481849425,nan,nan,nan,nan,nan,nan,nan,nan,nan,nan,nan,nan,nan,-0.1133813560,-0.0853078365,0.3394143283,-0.0755050704,-0.0993123129,0.2241458446,0.0487264208,0.1912163645,0.7862856388,-0.1417598128,0.0054167630,0.8801282644,-1.1255996227,0.3586785197,0.0000000000,3.4990000725,3.4997067451,nan,nan,nan,nan,nan,nan,nan,nan,nan,nan,nan,nan,nan,0.0079256194,-0.0130169587,1.0723317862,5.5063648224,3.6066858768,8.1264410019
0.0203765072,0.0038463369,0.3020737171,-0.0221756228,0.0082101523,-0.0083942644,-0.1000000015,0.0000000000,0.7599999905,0.0000000000,0.2477119118,0.0058136876,0.2062806189,0.0481849425,nan,nan,nan,nan,nan,nan,nan,nan,nan,nan,nan,nan,nan,-0.1133813560,-0.0853078365,0.3394143283,-0.0755050704,-0.0993123129,0.2241458446,0.0487264208,0.1912163645,0.7862856388,-0.1417598128,0.0054167630,0.8801282644,-1.1255996227,0.3586785197,0.0000000000,3.4990000725,3.4997067451,nan,nan,nan,nan,nan,nan,nan,nan,nan,nan,nan,nan,nan,0.0079256194,-0.0130169587,1.0723317862,5.5063648224,3.6066858768,8.1264410019
0.0203765072,0.0038463369,0.3020737171,-0.0221756228,0.0082101523,-0.0083942644,-0.1000000015,0.0000000000,0.7599999905,0.0000000000,0.2477119118,0.0058136876,0.2062806189,0.0481849425,nan,nan,nan,nan,nan,nan,nan,nan,nan,nan,nan,nan,nan,-0.1133813560,-0.0853078365,0.3394143283,-0.0755050704,-0.0993123129,0.2241458446,0.0487264208,0.1912163645,0.7862856388,-0.1417598128,0.0054167630,0.8801282644,-1.1255996227,0.3586785197,0.0000000000,3.4990000725,3.4997067451,nan,nan,nan,nan,nan,nan,nan,nan,nan,nan,nan,nan,nan,0.0079256194,-0.0130169587,1.0723317862,5.5063648224,3.6066858768,8.1264410019
0.0203765072,0.0038463369,0.3020737171,-0.0221756228,0.0082101523,-0.0083942644,-0.1000000015,0.0000000000,0.7599999905,0.0000000000,0.2477119118,0.0058136876,0.2062806189,0.0481849425,nan,nan,nan,nan,nan,nan,nan,nan,nan,nan,nan,nan,nan,-0.1133813560,-0.0853078365,0.3394143283,-0.0755050704,-0.0993123129,0.2241458446,0.0487264208,0.1912163645,0.7862856388,-0.1417598128,0.0054167630,0.8801282644,-1.1255996227,0.3586785197,0.0000000000,3.4990000725,3.4997067451,nan,nan,nan,nan,nan,nan,nan,nan,nan,nan,nan,nan,nan,0.0079256194,-0.0130169587,1.0723317862,5.5063648224,3.6066858768,8.1264410019
0.0203765072,0.0038463369,0.3020737171,-0.0221756228,0.0082101523,-0.0083942644,-0.1000000015,0.0000000000,0.7599999905,0.0000000000,0.2477119118,0.0058136876,0.2062806189,0.0481849425,nan,nan,nan,nan,nan,nan,nan,nan,nan,nan,nan,nan,nan,-0.1133813560,-0.0853078365,0.3394143283,-0.0755050704,-0.0993123129,0.2241458446,0.0487264208,0.1912163645,0.7862856388,-0.1417598128,0.0054167630,0.8801282644,-1.1255996227,0.3586785197,0.0000000000,3.4990000725,3.4997067451,nan,nan,nan,nan,nan,nan,nan,nan,nan,nan,nan,nan,nan,0.0079256194,-0.0130169587,1.0723317862,5.5063648224,3.6066858768,8.1264410019
0.0203765072,0.0038463369,0.3020737171,-0.0221756228,0.0082101523,-0.0083942644,-0.1000000015,0.0000000000,0.7599999905,0.0000000000,0.2477119118,0.0058136876,0.2062806189,0.0481849425,nan,nan,nan,nan,nan,nan,nan,nan,nan,nan,nan,nan,nan,-0.1133813560,-0.0853078365,0.3394143283,-0.0755050704,-0.0993123129,0.2241458446,0.0487264208,0.1912163645,0.7862856388,-0.1417598128,0.0054167630,0.8801282644,-1.1255996227,0.3586785197,0.0000000000,3.4990000725,3.4997067451,nan,nan,nan,nan,nan,nan,nan,nan,nan,nan,nan,nan,nan,0.0079256194,-0.0130169587,1.0723317862,5.5063648224,3.6066858768,8.1264410019
0.0203765072,0.0038463369,0.3020737171,-0.0221756228,0.0082101523,-0.0083942644,-0.1000000015,0.0000000000,0.7599999905,0.0000000000,0.2477119118,0.0058136876,0.2062806189,0.0481849425,nan,nan,nan,nan,nan,nan,nan,nan,nan,nan,nan,nan,nan,-0.1133813560,-0.0853078365,0.3394143283,-0.0755050704,-0.0993123129,0.2241458446,0.0487264208,0.1912163645,0.7862856388,-0.1417598128,0.0054167630,0.8801282644,-1.1255996227,0.3586785197,0.0000000000,3.4990000725,3.4997067451,nan,nan,nan,nan,nan,nan,nan,nan,nan,nan,nan,nan,nan,0.0079256194,-0.0130169587,1.0723317862,5.5063648224,3.6066858768,8.1264410019
0.0203765072,0.0038463369,0.3020737171,-0.0221756228,0.0082101523,-0.0083942644,-0.1000000015,0.0000000000,0.7599999905,0.0000000000,0.2477119118,0.0058136876,0.2062806189,0.0481849425,nan,nan,nan,nan,nan,nan,nan,nan,nan,nan,nan,nan,nan,-0.1133813560,-0.0853078365,0.3394143283,-0.0755050704,-0.0993123129,0.2241458446,0.0487264208,0.1912163645,0.7862856388,-0.1417598128,0.0054167630,0.8801282644,-1.1255996227,0.3586785197,0.0000000000,3.4990000725,3.4997067451,nan,nan,nan,nan,nan,nan,nan,nan,nan,nan,nan,nan,nan,0.0079256194,-0.0130169587,1.0723317862,5.5063648224,3.6066858768,8.1264410019
0.0203765072,0.0038463369,0.3020737171,-0.0221756228,0.0082101523,-0.0083942644,-0.1000000015,0.0000000000,0.7599999905,0.0000000000,0.2477119118,0.0058136876,0.2062806189,0.0481849425,nan,nan,nan,nan,nan,nan,nan,nan,nan,nan,nan,nan,nan,-0.1133813560,-0.0853078365,0.3394143283,-0.0755050704,-0.0993123129,0.2241458446,0.0487264208,0.1912163645,0.7862856388,-0.1417598128,0.0054167630,0.8801282644,-1.1255996227,0.3586785197,0.0000000000,3.4990000725,3.4997067451,nan,nan,nan,nan,nan,nan,nan,nan,nan,nan,nan,nan,nan,0.0079256194,-0.0130169587,1.0723317862,5.5063648224,3.6066858768,8.1264410019
0.0203765072,0.0038463369,0.3020737171,-0.0221756228,0.0082101523,-0.0083942644,-0.1000000015,0.0000000000,0.7599999905,0.0000000000,0.2477119118,0.0058136876,0.2062806189,0.0481849425,nan,nan,nan,nan,nan,nan,nan,nan,nan,nan,nan,nan,nan,-0.1133813560,-0.0853078365,0.3394143283,-0.0755050704,-0.0993123129,0.2241458446,0.0487264208,0.1912163645,0.7862856388,-0.1417598128,0.0054167630,0.8801282644,-1.1255996227,0.3586785197,0.0000000000,3.4990000725,3.4997067451,nan,nan,nan,nan,nan,nan,nan,nan,nan,nan,nan,nan,nan,0.0079256194,-0.0130169587,1.0723317862,5.5063648224,3.6066858768,8.1264410019
0.0203765072,0.0038463369,0.3020737171,-0.0221756228,0.0082101523,-0.0083942644,-0.1000000015,0.0000000000,0.7599999905,0.0000000000,0.2477119118,0.0058136876,0.2062806189,0.0481849425,nan,nan,nan,nan,nan,nan,nan,nan,nan,nan,nan,nan,nan,-0.1133813560,-0.0853078365,0.3394143283,-0.0755050704,-0.0993123129,0.2241458446,0.0487264208,0.1912163645,0.7862856388,-0.1417598128,0.0054167630,0.8801282644,-1.1255996227,0.3586785197,0.0000000000,3.4990000725,3.4997067451,nan,nan,nan,nan,nan,nan,nan,nan,nan,nan,nan,nan,nan,0.0079256194,-0.0130169587,1.0723317862,5.5063648224,3.6066858768,8.1264410019
0.0203765072,0.0038463369,0.3020737171,-0.0221756228,0.0082101523,-0.0083942644,-0.1000000015,0.0000000000,0.7599999905,0.0000000000,0.2477119118,0.0058136876,0.2062806189,0.0481849425,nan,nan,nan,nan,nan,nan,nan,nan,nan,nan,nan,nan,nan,-0.1133813560,-0.0853078365,0.3394143283,-0.0755050704,-0.0993123129,0.2241458446,0.0487264208,0.1912163645,0.7862856388,-0.1417598128,0.0054167630,0.8801282644,-1.1255996227,0.3586785197,0.0000000000,3.4990000725,3.4997067451,nan,nan,nan,nan,nan,nan,nan,nan,nan,nan,nan,nan,nan,0.0079256194,-0.0130169587,1.0723317862,5.5063648224,3.6066858768,8.1264410019
0.0203765072,0.0038463369,0.3020737171,-0.0221756228,0.0082101523,-0.0083942644,-0.1000000015,0.0000000000,0.7599999905,0.0000000000,0.2477119118,0.0058136876,0.2062806189,0.0481849425,nan,nan,nan,nan,nan,nan,nan,nan,nan,nan,nan,nan,nan,-0.1133813560,-0.0853078365,0.3394143283,-0.0755050704,-0.0993123129,0.2241458446,0.0487264208,0.1912163645,0.7862856388,-0.1417598128,0.0054167630,0.8801282644,-1.1255996227,0.3586785197,0.0000000000,3.4990000725,3.4997067451,nan,nan,nan,nan,nan,nan,nan,nan,nan,nan,nan,nan,nan,0.0079256194,-0.0130169587,1.0723317862,5.5063648224,3.6066858768,8.1264410019
0.0203765072,0.0038463369,0.3020737171,-0.0221756228,0.0082101523,-0.0083942644,-0.1000000015,0.0000000000,0.7599999905,0.0000000000,0.2477119118,0.0058136876,0.2062806189,0.0481849425,nan,nan,nan,nan,nan,nan,nan,nan,nan,nan,nan,nan,nan,-0.1133813560,-0.0853078365,0.3394143283,-0.0755050704,-0.0993123129,0.2241458446,0.0487264208,0.1912163645,0.7862856388,-0.1417598128,0.0054167630,0.8801282644,-1.1255996227,0.3586785197,0.0000000000,3.4990000725,3.4997067451,nan,nan,nan,nan,nan,nan,nan,nan,nan,nan,nan,nan,nan,0.0079256194,-0.0130169587,1.0723317862,5.5063648224,3.6066858768,8.1264410019
0.0203765072,0.0038463369,0.3020737171,-0.0221756228,0.0082101523,-0.0083942644,-0.1000000015,0.0000000000,0.7599999905,0.0000000000,0.2477119118,0.0058136876,0.2062806189,0.0481849425,nan,nan,nan,nan,nan,nan,nan,nan,nan,nan,nan,nan,nan,-0.1133813560,-0.0853078365,0.3394143283,-0.0755050704,-0.0993123129,0.2241458446,0.0487264208,0.1912163645,0.7862856388,-0.1417598128,0.0054167630,0.8801282644,-1.1255996227,0.3586785197,0.0000000000,3.4990000725,3.4997067451,nan,nan,nan,nan,nan,nan,nan,nan,nan,nan,nan,nan,nan,0.0079256194,-0.0130169587,1.0723317862,5.5063648224,3.6066858768,8.1264410019
0.0203765072,0.0038463369,0.3020737171,-0.0221756228,0.0082101523,-0.0083942644,-0.1000000015,0.0000000000,0.7599999905,0.0000000000,0.2477119118,0.0058136876,0.2062806189,0.0481849425,nan,nan,nan,nan,nan,nan,nan,nan,nan,nan,nan,nan,nan,-0.1133813560,-0.0853078365,0.3394143283,-0.0755050704,-0.0993123129,0.2241458446,0.0487264208,0.1912163645,0.7862856388,-0.1417598128,0.0054167630,0.8801282644,-1.1255996227,0.3586785197,0.0000000000,3.4990000725,3.4997067451,nan,nan,nan,nan,nan,nan,nan,nan,nan,nan,nan,nan,nan,0.0079256194,-0.0130169587,1.0723317862,5.5063648224,3.6066858768,8.1264410019
0.0203765072,0.0038463369,0.3020737171,-0.0221756228,0.0082101523,-0.0083942644,-0.1000000015,0.0000000000,0.7599999905,0.0000000000,0.2477119118,0.0058136876,0.2062806189,0.0481849425,nan,nan,nan,nan,nan,nan,nan,nan,nan,nan,nan,nan,nan,-0.1133813560,-0.0853078365,0.3394143283,-0.0755050704,-0.0993123129,0.2241458446,0.0487264208,0.1912163645,0.7862856388,-0.1417598128,0.0054167630,0.8801282644,-1.1255996227,0.3586785197,0.0000000000,3.4990000725,3.4997067451,nan,nan,nan,nan,nan,nan,nan,nan,nan,nan,nan,nan,nan,0.0079256194,-0.0130169587,1.0723317862,5.5063648224,3.6066858768,8.1264410019
0.0203765072,0.0038463369,0.3020737171,-0.0221756228,0.0082101523,-0.0083942644,-0.1000000015,0.0000000000,0.7599999905,0.0000000000,0.2477119118,0.0058136876,0.2062806189,0.0481849425,nan,nan,nan,nan,nan,nan,nan,nan,nan,nan,nan,nan,nan,-0.1133813560,-0.0853078365,0.3394143283,-0.0755050704,-0.0993123129,0.2241458446,0.0487264208,0.1912163645,0.7862856388,-0.1417598128,0.0054167630,0.8801282644,-1.1255996227,0.3586785197,0.0000000000,3.4990000725,3.4997067451,nan,nan,nan,nan,nan,nan,nan,nan,nan,nan,nan,nan,nan,0.0079256194,-0.0130169587,1.0723317862,5.5063648224,3.6066858768,8.1264410019
0.0203765072,0.0038463369,0.3020737171,-0.0221756228,0.0082101523,-0.0083942644,-0.1000000015,0.0000000000,0.7599999905,0.0000000000,0.2477119118,0.0058136876,0.2062806189,0.0481849425,nan,nan,nan,nan,nan,nan,nan,nan,nan,nan,nan,nan,nan,-0.1133813560,-0.0853078365,0.3394143283,-0.0755050704,-0.0993123129,0.2241458446,0.0487264208,0.1912163645,0.7862856388,-0.1417598128,0.0054167630,0.8801282644,-1.1255996227,0.3586785197,0.0000000000,3.4990000725,3.4997067451,nan,nan,nan,nan,nan,nan,nan,nan,nan,nan,nan,nan,nan,0.0079256194,-0.0130169587,1.0723317862,5.5063648224,3.6066858768,8.1264410019
0.0203765072,0.0038463369,0.3020737171,-0.0221756228,0.0082101523,-0.0083942644,-0.1000000015,0.0000000000,0.7599999905,0.0000000000,0.2477119118,0.0058136876,0.2062806189,0.0481849425,nan,nan,nan,nan,nan,nan,nan,nan,nan,nan,nan,nan,nan,-0.1133813560,-0.0853078365,0.3394143283,-0.0755050704,-0.0993123129,0.2241458446,0.0487264208,0.1912163645,0.7862856388,-0.1417598128,0.0054167630,0.8801282644,-1.1255996227,0.3586785197,0.0000000000,3.4990000725,3.4997067451,nan,nan,nan,nan,nan,nan,nan,nan,nan,nan,nan,nan,nan,0.0079256194,-0.0130169587,1.0723317862,5.5063648224,3.6066858768,8.1264410019
0.0203765072,0.0038463369,0.3020737171,-0.0221756228,0.0082101523,-0.0083942644,-0.1000000015,0.0000000000,0.7599999905,0.0000000000,0.2477119118,0.0058136876,0.2062806189,0.0481849425,nan,nan,nan,nan,nan,nan,nan,nan,nan,nan,nan,nan,nan,-0.1133813560,-0.0853078365,0.3394143283,-0.0755050704,-0.0993123129,0.2241458446,0.0487264208,0.1912163645,0.7862856388,-0.1417598128,0.0054167630,0.8801282644,-1.1255996227,0.3586785197,0.0000000000,3.4990000725,3.4997067451,nan,nan,nan,nan,nan,nan,nan,nan,nan,nan,nan,nan,nan,0.0079256194,-0.0130169587,1.0723317862,5.5063648224,3.6066858768,8.1264410019
0.0203765072,0.0038463369,0.3020737171,-0.0221756228,0.0082101523,-0.0083942644,-0.1000000015,0.0000000000,0.7599999905,0.0000000000,0.2477119118,0.0058136876,0.2062806189,0.0481849425,nan,nan,nan,nan,nan,nan,nan,nan,nan,nan,nan,nan,nan,-0.1133813560,-0.0853078365,0.3394143283,-0.0755050704,-0.0993123129,0.2241458446,0.0487264208,0.1912163645,0.7862856388,-0.1417598128,0.0054167630,0.8801282644,-1.1255996227,0.3586785197,0.0000000000,3.4990000725,3.4997067451,nan,nan,nan,nan,nan,nan,nan,nan,nan,nan,nan,nan,nan,0.0079256194,-0.0130169587,1.0723317862,5.5063648224,3.6066858768,8.1264410019
0.0203765072,0.0038463369,0.3020737171,-0.0221756228,0.0082101523,-0.0083942644,-0.1000000015,0.0000000000,0.7599999905,0.0000000000,0.2477119118,0.0058136876,0.2062806189,0.0481849425,nan,nan,nan,nan,nan,nan,nan,nan,nan,nan,nan,nan,nan,-0.1133813560,-0.0853078365,0.3394143283,-0.0755050704,-0.0993123129,0.2241458446,0.0487264208,0.1912163645,0.7862856388,-0.1417598128,0.0054167630,0.8801282644,-1.1255996227,0.3586785197,0.0000000000,3.4990000725,3.4997067451,nan,nan,nan,nan,nan,nan,nan,nan,nan,nan,nan,nan,nan,0.0079256194,-0.0130169587,1.0723317862,5.5063648224,3.6066858768,8.1264410019
0.0203765072,0.0038463369,0.3020737171,-0.0221756228,0.0082101523,-0.0083942644,-0.1000000015,0.0000000000,0.7599999905,0.0000000000,0.2477119118,0.0058136876,0.2062806189,0.0481849425,nan,nan,nan,nan,nan,nan,nan,nan,nan,nan,nan,nan,nan,-0.1133813560,-0.0853078365,0.3394143283,-0.0755050704,-0.0993123129,0.2241458446,0.0487264208,0.1912163645,0.7862856388,-0.1417598128,0.0054167630,0.8801282644,-1.1255996227,0.3586785197,0.0000000000,3.4990000725,3.4997067451,nan,nan,nan,nan,nan,nan,nan,nan,nan,nan,nan,nan,nan,0.0079256194,-0.0130169587,1.0723317862,5.5063648224,3.6066858768,8.1264410019
0.0203765072,0.0038463369,0.3020737171,-0.0221756228,0.0082101523,-0.0083942644,-0.1000000015,0.0000000000,0.7599999905,0.0000000000,0.2477119118,0.0058136876,0.2062806189,0.0481849425,nan,nan,nan,nan,nan,nan,nan,nan,nan,nan,nan,nan,nan,-0.1133813560,-0.0853078365,0.3394143283,-0.0755050704,-0.0993123129,0.2241458446,0.0487264208,0.1912163645,0.7862856388,-0.1417598128,0.0054167630,0.8801282644,-1.1255996227,0.3586785197,0.0000000000,3.4990000725,3.4997067451,nan,nan,nan,nan,nan,nan,nan,nan,nan,nan,nan,nan,nan,0.0079256194,-0.0130169587,1.0723317862,5.5063648224,3.6066858768,8.1264410019
0.0203765072,0.0038463369,0.3020737171,-0.0221756228,0.0082101523,-0.0083942644,-0.1000000015,0.0000000000,0.7599999905,0.0000000000,0.2477119118,0.0058136876,0.2062806189,0.0481849425,nan,nan,nan,nan,nan,nan,nan,nan,nan,nan,nan,nan,nan,-0.1133813560,-0.0853078365,0.3394143283,-0.0755050704,-0.0993123129,0.2241458446,0.0487264208,0.1912163645,0.7862856388,-0.1417598128,0.0054167630,0.8801282644,-1.1255996227,0.3586785197,0.0000000000,3.4990000725,3.4997067451,nan,nan,nan,nan,nan,nan,nan,nan,nan,nan,nan,nan,nan,0.0079256194,-0.0130169587,1.0723317862,5.5063648224,3.6066858768,8.1264410019
0.0203765072,0.0038463369,0.3020737171,-0.0221756228,0.0082101523,-0.0083942644,-0.1000000015,0.0000000000,0.7599999905,0.0000000000,0.2477119118,0.0058136876,0.2062806189,0.0481849425,nan,nan,nan,nan,nan,nan,nan,nan,nan,nan,nan,nan,nan,-0.1133813560,-0.0853078365,0.3394143283,-0.0755050704,-0.0993123129,0.2241458446,0.0487264208,0.1912163645,0.7862856388,-0.1417598128,0.0054167630,0.8801282644,-1.1255996227,0.3586785197,0.0000000000,3.4990000725,3.4997067451,nan,nan,nan,nan,nan,nan,nan,nan,nan,nan,nan,nan,nan,0.0079256194,-0.0130169587,1.0723317862,5.5063648224,3.6066858768,8.1264410019
0.0203765072,0.0038463369,0.3020737171,-0.0221756228,0.0082101523,-0.0083942644,-0.1000000015,0.0000000000,0.7599999905,0.0000000000,0.2477119118,0.0058136876,0.2062806189,0.0481849425,nan,nan,nan,nan,nan,nan,nan,nan,nan,nan,nan,nan,nan,-0.1133813560,-0.0853078365,0.3394143283,-0.0755050704,-0.0993123129,0.2241458446,0.0487264208,0.1912163645,0.7862856388,-0.1417598128,0.0054167630,0.8801282644,-1.1255996227,0.3586785197,0.0000000000,3.4990000725,3.4997067451,nan,nan,nan,nan,nan,nan,nan,nan,nan,nan,nan,nan,nan,0.0079256194,-0.0130169587,1.0723317862,5.5063648224,3.6066858768,8.1264410019
0.0203765072,0.0038463369,0.3020737171,-0.0221756228,0.0082101523,-0.0083942644,-0.1000000015,0.0000000000,0.7599999905,0.0000000000,0.2477119118,0.0058136876,0.2062806189,0.0481849425,nan,nan,nan,nan,nan,nan,nan,nan,nan,nan,nan,nan,nan,-0.1133813560,-0.0853078365,0.3394143283,-0.0755050704,-0.0993123129,0.2241458446,0.0487264208,0.1912163645,0.7862856388,-0.1417598128,0.0054167630,0.8801282644,-1.1255996227,0.3586785197,0.0000000000,3.4990000725,3.4997067451,nan,nan,nan,nan,nan,nan,nan,nan,nan,nan,nan,nan,nan,0.0079256194,-0.0130169587,1.0723317862,5.5063648224,3.6066858768,8.1264410019
0.0203765072,0.0038463369,0.3020737171,-0.0221756228,0.0082101523,-0.0083942644,-0.1000000015,0.0000000000,0.7599999905,0.0000000000,0.2477119118,0.0058136876,0.2062806189,0.0481849425,nan,nan,nan,nan,nan,nan,nan,nan,nan,nan,nan,nan,nan,-0.1133813560,-0.0853078365,0.3394143283,-0.0755050704,-0.0993123129,0.2241458446,0.0487264208,0.1912163645,0.7862856388,-0.1417598128,0.0054167630,0.8801282644,-1.1255996227,0.3586785197,0.0000000000,3.4990000725,3.4997067451,nan,nan,nan,nan,nan,nan,nan,nan,nan,nan,nan,nan,nan,0.0079256194,-0.0130169587,1.0723317862,5.5063648224,3.6066858768,8.1264410019
0.0203765072,0.0038463369,0.3020737171,-0.0221756228,0.0082101523,-0.0083942644,-0.1000000015,0.0000000000,0.7599999905,0.0000000000,0.2477119118,0.0058136876,0.2062806189,0.0481849425,nan,nan,nan,nan,nan,nan,nan,nan,nan,nan,nan,nan,nan,-0.1133813560,-0.0853078365,0.3394143283,-0.0755050704,-0.0993123129,0.2241458446,0.0487264208,0.1912163645,0.7862856388,-0.1417598128,0.0054167630,0.8801282644,-1.1255996227,0.3586785197,0.0000000000,3.4990000725,3.4997067451,nan,nan,nan,nan,nan,nan,nan,nan,nan,nan,nan,nan,nan,0.0079256194,-0.0130169587,1.0723317862,5.5063648224,3.6066858768,8.1264410019
0.0203765072,0.0038463369,0.3020737171,-0.0221756228,0.0082101523,-0.0083942644,-0.1000000015,0.0000000000,0.7599999905,0.0000000000,0.2477119118,0.0058136876,0.2062806189,0.0481849425,nan,nan,nan,nan,nan,nan,nan,nan,nan,nan,nan,nan,nan,-0.1133813560,-0.0853078365,0.3394143283,-0.0755050704,-0.0993123129,0.2241458446,0.0487264208,0.1912163645,0.7862856388,-0.1417598128,0.0054167630,0.8801282644,-1.1255996227,0.3586785197,0.0000000000,3.4990000725,3.4997067451,nan,nan,nan,nan,nan,nan,nan,nan,nan,nan,nan,nan,nan,0.0079256194,-0.0130169587,1.0723317862,5.5063648224,3.6066858768,8.1264410019
0.0203765072,0.0038463369,0.3020737171,-0.0221756228,0.0082101523,-0.0083942644,-0.1000000015,0.0000000000,0.7599999905,0.0000000000,0.2477119118,0.0058136876,0.2062806189,0.0481849425,nan,nan,nan,nan,nan,nan,nan,nan,nan,nan,nan,nan,nan,-0.1133813560,-0.0853078365,0.3394143283,-0.0755050704,-0.0993123129,0.2241458446,0.0487264208,0.1912163645,0.7862856388,-0.1417598128,0.0054167630,0.8801282644,-1.1255996227,0.3586785197,0.0000000000,3.4990000725,3.4997067451,nan,nan,nan,nan,nan,nan,nan,nan,nan,nan,nan,nan,nan,0.0079256194,-0.0130169587,1.0723317862,5.5063648224,3.6066858768,8.1264410019
0.0203765072,0.0038463369,0.3020737171,-0.0221756228,0.0082101523,-0.0083942644,-0.1000000015,0.0000000000,0.7599999905,0.0000000000,0.2477119118,0.0058136876,0.2062806189,0.0481849425,nan,nan,nan,nan,nan,nan,nan,nan,nan,nan,nan,nan,nan,-0.1133813560,-0.0853078365,0.3394143283,-0.0755050704,-0.0993123129,0.2241458446,0.0487264208,0.1912163645,0.7862856388,-0.1417598128,0.0054167630,0.8801282644,-1.1255996227,0.3586785197,0.0000000000,3.4990000725,3.4997067451,nan,nan,nan,nan,nan,nan,nan,nan,nan,nan,nan,nan,nan,0.0079256194,-0.0130169587,1.0723317862,5.5063648224,3.6066858768,8.1264410019
0.0203765072,0.0038463369,0.3020737171,-0.0221756228,0.0082101523,-0.0083942644,-0.1000000015,0.0000000000,0.7599999905,0.0000000000,0.2477119118,0.0058136876,0.2062806189,0.0481849425,nan,nan,nan,nan,nan,nan,nan,nan,nan,nan,nan,nan,nan,-0.1133813560,-0.0853078365,0.3394143283,-0.0755050704,-0.0993123129,0.2241458446,0.0487264208,0.1912163645,0.7862856388,-0.1417598128,0.0054167630,0.8801282644,-1.1255996227,0.3586785197,0.0000000000,3.4990000725,3.4997067451,nan,nan,nan,nan,nan,nan,nan,nan,nan,nan,nan,nan,nan,0.0079256194,-0.0130169587,1.0723317862,5.5063648224,3.6066858768,8.1264410019
0.0203765072,0.0038463369,0.3020737171,-0.0221756228,0.0082101523,-0.0083942644,-0.1000000015,0.0000000000,0.7599999905,0.0000000000,0.2477119118,0.0058136876,0.2062806189,0.0481849425,nan,nan,nan,nan,nan,nan,nan,nan,nan,nan,nan,nan,nan,-0.1133813560,-0.0853078365,0.3394143283,-0.0755050704,-0.0993123129,0.2241458446,0.0487264208,0.1912163645,0.7862856388,-0.1417598128,0.0054167630,0.8801282644,-1.1255996227,0.3586785197,0.0000000000,3.4990000725,3.4997067451,nan,nan,nan,nan,nan,nan,nan,nan,nan,nan,nan,nan,nan,0.0079256194,-0.0130169587,1.0723317862,5.5063648224,3.6066858768,8.1264410019
0.0203765072,0.0038463369,0.3020737171,-0.0221756228,0.0082101523,-0.0083942644,-0.1000000015,0.0000000000,0.7599999905,0.0000000000,0.2477119118,0.0058136876,0.2062806189,0.0481849425,nan,nan,nan,nan,nan,nan,nan,nan,nan,nan,nan,nan,nan,-0.1133813560,-0.0853078365,0.3394143283,-0.0755050704,-0.0993123129,0.2241458446,0.0487264208,0.1912163645,0.7862856388,-0.1417598128,0.0054167630,0.8801282644,-1.1255996227,0.3586785197,0.0000000000,3.4990000725,3.4997067451,nan,nan,nan,nan,nan,nan,nan,nan,nan,nan,nan,nan,nan,0.0079256194,-0.0130169587,1.0723317862,5.5063648224,3.6066858768,8.1264410019
0.0203765072,0.0038463369,0.3020737171,-0.0221756228,0.0082101523,-0.0083942644,-0.1000000015,0.0000000000,0.7599999905,0.0000000000,0.2477119118,0.0058136876,0.2062806189,0.0481849425,nan,nan,nan,nan,nan,nan,nan,nan,nan,nan,nan,nan,nan,-0.1133813560,-0.0853078365,0.3394143283,-0.0755050704,-0.0993123129,0.2241458446,0.0487264208,0.1912163645,0.7862856388,-0.1417598128,0.0054167630,0.8801282644,-1.1255996227,0.3586785197,0.0000000000,3.4990000725,3.4997067451,nan,nan,nan,nan,nan,nan,nan,nan,nan,nan,nan,nan,nan,0.0079256194,-0.0130169587,1.0723317862,5.5063648224,3.6066858768,8.1264410019
0.0203765072,0.0038463369,0.3020737171,-0.0221756228,0.0082101523,-0.0083942644,-0.1000000015,0.0000000000,0.7599999905,0.0000000000,0.2477119118,0.0058136876,0.2062806189,0.0481849425,nan,nan,nan,nan,nan,nan,nan,nan,nan,nan,nan,nan,nan,-0.1133813560,-0.0853078365,0.3394143283,-0.0755050704,-0.0993123129,0.2241458446,0.0487264208,0.1912163645,0.7862856388,-0.1417598128,0.0054167630,0.8801282644,-1.1255996227,0.3586785197,0.0000000000,3.4990000725,3.4997067451,nan,nan,nan,nan,nan,nan,nan,nan,nan,nan,nan,nan,nan,0.0079256194,-0.0130169587,1.0723317862,5.5063648224,3.6066858768,8.1264410019
0.0203765072,0.0038463369,0.3020737171,-0.0221756228,0.0082101523,-0.0083942644,-0.1000000015,0.0000000000,0.7599999905,0.0000000000,0.2477119118,0.0058136876,0.2062806189,0.0481849425,nan,nan,nan,nan,nan,nan,nan,nan,nan,nan,nan,nan,nan,-0.1133813560,-0.0853078365,0.3394143283,-0.0755050704,-0.0993123129,0.2241458446,0.0487264208,0.1912163645,0.7862856388,-0.1417598128,0.0054167630,0.8801282644,-1.1255996227,0.3586785197,0.0000000000,3.4990000725,3.4997067451,nan,nan,nan,nan,nan,nan,nan,nan,nan,nan,nan,nan,nan,0.0079256194,-0.0130169587,1.0723317862,5.5063648224,3.6066858768,8.1264410019
0.0203765072,0.0038463369,0.3020737171,-0.0221756228,0.0082101523,-0.0083942644,-0.1000000015,0.0000000000,0.7599999905,0.0000000000,0.2477119118,0.0058136876,0.2062806189,0.0481849425,nan,nan,nan,nan,nan,nan,nan,nan,nan,nan,nan,nan,nan,-0.1133813560,-0.0853078365,0.3394143283,-0.0755050704,-0.0993123129,0.2241458446,0.0487264208,0.1912163645,0.7862856388,-0.1417598128,0.0054167630,0.8801282644,-1.1255996227,0.3586785197,0.0000000000,3.4990000725,3.4997067451,nan,nan,nan,nan,nan,nan,nan,nan,nan,nan,nan,nan,nan,0.0079256194,-0.0130169587,1.0723317862,5.5063648224,3.6066858768,8.1264410019
0.0203765072,0.0038463369,0.3020737171,-0.0221756228,0.0082101523,-0.0083942644,-0.1000000015,0.0000000000,0.7599999905,0.0000000000,0.2477119118,0.0058136876,0.2062806189,0.0481849425,nan,nan,nan,nan,nan,nan,nan,nan,nan,nan,nan,nan,nan,-0.1133813560,-0.0853078365,0.3394143283,-0.0755050704,-0.0993123129,0.2241458446,0.0487264208,0.1912163645,0.7862856388,-0.1417598128,0.0054167630,0.8801282644,-1.1255996227,0.3586785197,0.0000000000,3.4990000725,3.4997067451,nan,nan,nan,nan,nan,nan,nan,nan,nan,nan,nan,nan,nan,0.0079256194,-0.0130169587,1.0723317862,5.5063648224,3.6066858768,8.1264410019
0.0203765072,0.0038463369,0.3020737171,-0.0221756228,0.0082101523,-0.0083942644,-0.1000000015,0.0000000000,0.7599999905,0.0000000000,0.2477119118,0.0058136876,0.2062806189,0.0481849425,nan,nan,nan,nan,nan,nan,nan,nan,nan,nan,nan,nan,nan,-0.1133813560,-0.0853078365,0.3394143283,-0.0755050704,-0.0993123129,0.2241458446,0.0487264208,0.1912163645,0.7862856388,-0.1417598128,0.0054167630,0.8801282644,-1.1255996227,0.3586785197,0.0000000000,3.4990000725,3.4997067451,nan,nan,nan,nan,nan,nan,nan,nan,nan,nan,nan,nan,nan,0.0079256194,-0.0130169587,1.0723317862,5.5063648224,3.6066858768,8.1264410019
0.0203765072,0.0038463369,0.3020737171,-0.0221756228,0.0082101523,-0.0083942644,-0.1000000015,0.0000000000,0.7599999905,0.0000000000,0.2477119118,0.0058136876,0.2062806189,0.0481849425,nan,nan,nan,nan,nan,nan,nan,nan,nan,nan,nan,nan,nan,-0.1133813560,-0.0853078365,0.3394143283,-0.0755050704,-0.0993123129,0.2241458446,0.0487264208,0.1912163645,0.7862856388,-0.1417598128,0.0054167630,0.8801282644,-1.1255996227,0.3586785197,0.0000000000,3.4990000725,3.4997067451,nan,nan,nan,nan,nan,nan,nan,nan,nan,nan,nan,nan,nan,0.0079256194,-0.0130169587,1.0723317862,5.5063648224,3.6066858768,8.1264410019
0.0203765072,0.0038463369,0.3020737171,-0.0221756228,0.0082101523,-0.0083942644,-0.1000000015,0.0000000000,0.7599999905,0.0000000000,0.2477119118,0.0058136876,0.2062806189,0.0481849425,nan,nan,nan,nan,nan,nan,nan,nan,nan,nan,nan,nan,nan,-0.1133813560,-0.0853078365,0.3394143283,-0.0755050704,-0.0993123129,0.2241458446,0.0487264208,0.1912163645,0.7862856388,-0.1417598128,0.0054167630,0.8801282644,-1.1255996227,0.3586785197,0.0000000000,3.4990000725,3.4997067451,nan,nan,nan,nan,nan,nan,nan,nan,nan,nan,nan,nan,nan,0.0079256194,-0.0130169587,1.0723317862,5.5063648224,3.6066858768,8.1264410019
0.0203765072,0.0038463369,0.3020737171,-0.0221756228,0.0082101523,-0.0083942644,-0.1000000015,0.0000000000,0.7599999905,0.0000000000,0.2477119118,0.0058136876,0.2062806189,0.0481849425,nan,nan,nan,nan,nan,nan,nan,nan,nan,nan,nan,nan,nan,-0.1133813560,-0.0853078365,0.3394143283,-0.0755050704,-0.0993123129,0.2241458446,0.0487264208,0.1912163645,0.7862856388,-0.1417598128,0.0054167630,0.8801282644,-1.1255996227,0.3586785197,0.0000000000,3.4990000725,3.4997067451,nan,nan,nan,nan,nan,nan,nan,nan,nan,nan,nan,nan,nan,0.0079256194,-0.0130169587,1.0723317862,5.5063648224,3.6066858768,8.1264410019
0.0203765072,0.0038463369,0.3020737171,-0.0221756228,0.0082101523,-0.0083942644,-0.1000000015,0.0000000000,0.7599999905,0.0000000000,0.2477119118,0.0058136876,0.2062806189,0.0481849425,nan,nan,nan,nan,nan,nan,nan,nan,nan,nan,nan,nan,nan,-0.1133813560,-0.0853078365,0.3394143283,-0.0755050704,-0.0993123129,0.2241458446,0.0487264208,0.1912163645,0.7862856388,-0.1417598128,0.0054167630,0.8801282644,-1.1255996227,0.3586785197,0.0000000000,3.4990000725,3.4997067451,nan,nan,nan,nan,nan,nan,nan,nan,nan,nan,nan,nan,nan,0.0079256194,-0.0130169587,1.0723317862,5.5063648224,3.6066858768,8.1264410019
0.0203765072,0.0038463369,0.3020737171,-0.0221756228,0.0082101523,-0.0083942644,-0.1000000015,0.0000000000,0.7599999905,0.0000000000,0.2477119118,0.0058136876,0.2062806189,0.0481849425,nan,nan,nan,nan,nan,nan,nan,nan,nan,nan,nan,nan,nan,-0.1133813560,-0.0853078365,0.3394143283,-0.0755050704,-0.0993123129,0.2241458446,0.0487264208,0.1912163645,0.7862856388,-0.1417598128,0.0054167630,0.8801282644,-1.1255996227,0.3586785197,0.0000000000,3.4990000725,3.4997067451,nan,nan,nan,nan,nan,nan,nan,nan,nan,nan,nan,nan,nan,0.0079256194,-0.0130169587,1.0723317862,5.5063648224,3.6066858768,8.1264410019
0.0203765072,0.0038463369,0.3020737171,-0.0221756228,0.0082101523,-0.0083942644,-0.1000000015,0.0000000000,0.7599999905,0.0000000000,0.2477119118,0.0058136876,0.2062806189,0.0481849425,nan,nan,nan,nan,nan,nan,nan,nan,nan,nan,nan,nan,nan,-0.1133813560,-0.0853078365,0.3394143283,-0.0755050704,-0.0993123129,0.2241458446,0.0487264208,0.1912163645,0.7862856388,-0.1417598128,0.0054167630,0.8801282644,-1.1255996227,0.3586785197,0.0000000000,3.4990000725,3.4997067451,nan,nan,nan,nan,nan,nan,nan,nan,nan,nan,nan,nan,nan,0.0079256194,-0.0130169587,1.0723317862,5.5063648224,3.6066858768,8.1264410019
0.0203765072,0.0038463369,0.3020737171,-0.0221756228,0.0082101523,-0.0083942644,-0.1000000015,0.0000000000,0.7599999905,0.0000000000,0.2477119118,0.0058136876,0.2062806189,0.0481849425,nan,nan,nan,nan,nan,nan,nan,nan,nan,nan,nan,nan,nan,-0.1133813560,-0.0853078365,0.3394143283,-0.0755050704,-0.0993123129,0.2241458446,0.0487264208,0.1912163645,0.7862856388,-0.1417598128,0.0054167630,0.8801282644,-1.1255996227,0.3586785197,0.0000000000,3.4990000725,3.4997067451,nan,nan,nan,nan,nan,nan,nan,nan,nan,nan,nan,nan,nan,0.0079256194,-0.0130169587,1.0723317862,5.5063648224,3.6066858768,8.1264410019
0.0203765072,0.0038463369,0.3020737171,-0.0221756228,0.0082101523,-0.0083942644,-0.1000000015,0.0000000000,0.7599999905,0.0000000000,0.2477119118,0.0058136876,0.2062806189,0.0481849425,nan,nan,nan,nan,nan,nan,nan,nan,nan,nan,nan,nan,nan,-0.1133813560,-0.0853078365,0.3394143283,-0.0755050704,-0.0993123129,0.2241458446,0.0487264208,0.1912163645,0.7862856388,-0.1417598128,0.0054167630,0.8801282644,-1.1255996227,0.3586785197,0.0000000000,3.4990000725,3.4997067451,nan,nan,nan,nan,nan,nan,nan,nan,nan,nan,nan,nan,nan,0.0079256194,-0.0130169587,1.0723317862,5.5063648224,3.6066858768,8.1264410019
0.0203765072,0.0038463369,0.3020737171,-0.0221756228,0.0082101523,-0.0083942644,-0.1000000015,0.0000000000,0.7599999905,0.0000000000,0.2477119118,0.0058136876,0.2062806189,0.0481849425,nan,nan,nan,nan,nan,nan,nan,nan,nan,nan,nan,nan,nan,-0.1133813560,-0.0853078365,0.3394143283,-0.0755050704,-0.0993123129,0.2241458446,0.0487264208,0.1912163645,0.7862856388,-0.1417598128,0.0054167630,0.8801282644,-1.1255996227,0.3586785197,0.0000000000,3.4990000725,3.4997067451,nan,nan,nan,nan,nan,nan,nan,nan,nan,nan,nan,nan,nan,0.0079256194,-0.0130169587,1.0723317862,5.5063648224,3.6066858768,8.1264410019
0.0203765072,0.0038463369,0.3020737171,-0.0221756228,0.0082101523,-0.0083942644,-0.1000000015,0.0000000000,0.7599999905,0.0000000000,0.2477119118,0.0058136876,0.2062806189,0.0481849425,nan,nan,nan,nan,nan,nan,nan,nan,nan,nan,nan,nan,nan,-0.1133813560,-0.0853078365,0.3394143283,-0.0755050704,-0.0993123129,0.2241458446,0.0487264208,0.1912163645,0.7862856388,-0.1417598128,0.0054167630,0.8801282644,-1.1255996227,0.3586785197,0.0000000000,3.4990000725,3.4997067451,nan,nan,nan,nan,nan,nan,nan,nan,nan,nan,nan,nan,nan,0.0079256194,-0.0130169587,1.0723317862,5.5063648224,3.6066858768,8.1264410019
0.0203765072,0.0038463369,0.3020737171,-0.0221756228,0.0082101523,-0.0083942644,-0.1000000015,0.0000000000,0.7599999905,0.0000000000,0.2477119118,0.0058136876,0.2062806189,0.0481849425,nan,nan,nan,nan,nan,nan,nan,nan,nan,nan,nan,nan,nan,-0.1133813560,-0.0853078365,0.3394143283,-0.0755050704,-0.0993123129,0.2241458446,0.0487264208,0.1912163645,0.7862856388,-0.1417598128,0.0054167630,0.8801282644,-1.1255996227,0.3586785197,0.0000000000,3.4990000725,3.4997067451,nan,nan,nan,nan,nan,nan,nan,nan,nan,nan,nan,nan,nan,0.0079256194,-0.0130169587,1.0723317862,5.5063648224,3.6066858768,8.1264410019
0.0203765072,0.0038463369,0.3020737171,-0.0221756228,0.0082101523,-0.0083942644,-0.1000000015,0.0000000000,0.7599999905,0.0000000000,0.2477119118,0.0058136876,0.2062806189,0.0481849425,nan,nan,nan,nan,nan,nan,nan,nan,nan,nan,nan,nan,nan,-0.1133813560,-0.0853078365,0.3394143283,-0.0755050704,-0.0993123129,0.2241458446,0.0487264208,0.1912163645,0.7862856388,-0.1417598128,0.0054167630,0.8801282644,-1.1255996227,0.3586785197,0.0000000000,3.4990000725,3.4997067451,nan,nan,nan,nan,nan,nan,nan,nan,nan,nan,nan,nan,nan,0.0079256194,-0.0130169587,1.0723317862,5.5063648224,3.6066858768,8.1264410019
0.0203765072,0.0038463369,0.3020737171,-0.0221756228,0.0082101523,-0.0083942644,-0.1000000015,0.0000000000,0.7599999905,0.0000000000,0.2477119118,0.0058136876,0.2062806189,0.0481849425,nan,nan,nan,nan,nan,nan,nan,nan,nan,nan,nan,nan,nan,-0.1133813560,-0.0853078365,0.3394143283,-0.0755050704,-0.0993123129,0.2241458446,0.0487264208,0.1912163645,0.7862856388,-0.1417598128,0.0054167630,0.8801282644,-1.1255996227,0.3586785197,0.0000000000,3.4990000725,3.4997067451,nan,nan,nan,nan,nan,nan,nan,nan,nan,nan,nan,nan,nan,0.0079256194,-0.0130169587,1.0723317862,5.5063648224,3.6066858768,8.1264410019
0.0203765072,0.0038463369,0.3020737171,-0.0221756228,0.0082101523,-0.0083942644,-0.1000000015,0.0000000000,0.7599999905,0.0000000000,0.2477119118,0.0058136876,0.2062806189,0.0481849425,nan,nan,nan,nan,nan,nan,nan,nan,nan,nan,nan,nan,nan,-0.1133813560,-0.0853078365,0.3394143283,-0.0755050704,-0.0993123129,0.2241458446,0.0487264208,0.1912163645,0.7862856388,-0.1417598128,0.0054167630,0.8801282644,-1.1255996227,0.3586785197,0.0000000000,3.4990000725,3.4997067451,nan,nan,nan,nan,nan,nan,nan,nan,nan,nan,nan,nan,nan,0.0079256194,-0.0130169587,1.0723317862,5.5063648224,3.6066858768,8.1264410019
0.0203765072,0.0038463369,0.3020737171,-0.0221756228,0.0082101523,-0.0083942644,-0.1000000015,0.0000000000,0.7599999905,0.0000000000,0.2477119118,0.0058136876,0.2062806189,0.0481849425,nan,nan,nan,nan,nan,nan,nan,nan,nan,nan,nan,nan,nan,-0.1133813560,-0.0853078365,0.3394143283,-0.0755050704,-0.0993123129,0.2241458446,0.0487264208,0.1912163645,0.7862856388,-0.1417598128,0.0054167630,0.8801282644,-1.1255996227,0.3586785197,0.0000000000,3.4990000725,3.4997067451,nan,nan,nan,nan,nan,nan,nan,nan,nan,nan,nan,nan,nan,0.0079256194,-0.0130169587,1.0723317862,5.5063648224,3.6066858768,8.1264410019
0.0203765072,0.0038463369,0.3020737171,-0.0221756228,0.0082101523,-0.0083942644,-0.1000000015,0.0000000000,0.7599999905,0.0000000000,0.2477119118,0.0058136876,0.2062806189,0.0481849425,nan,nan,nan,nan,nan,nan,nan,nan,nan,nan,nan,nan,nan,-0.1133813560,-0.0853078365,0.3394143283,-0.0755050704,-0.0993123129,0.2241458446,0.0487264208,0.1912163645,0.7862856388,-0.1417598128,0.0054167630,0.8801282644,-1.1255996227,0.3586785197,0.0000000000,3.4990000725,3.4997067451,nan,nan,nan,nan,nan,nan,nan,nan,nan,nan,nan,nan,nan,0.0079256194,-0.0130169587,1.0723317862,5.5063648224,3.6066858768,8.1264410019
0.0203765072,0.0038463369,0.3020737171,-0.0221756228,0.0082101523,-0.0083942644,-0.1000000015,0.0000000000,0.7599999905,0.0000000000,0.2477119118,0.0058136876,0.2062806189,0.0481849425,nan,nan,nan,nan,nan,nan,nan,nan,nan,nan,nan,nan,nan,-0.1133813560,-0.0853078365,0.3394143283,-0.0755050704,-0.0993123129,0.2241458446,0.0487264208,0.1912163645,0.7862856388,-0.1417598128,0.0054167630,0.8801282644,-1.1255996227,0.3586785197,0.0000000000,3.4990000725,3.4997067451,nan,nan,nan,nan,nan,nan,nan,nan,nan,nan,nan,nan,nan,0.0079256194,-0.0130169587,1.0723317862,5.5063648224,3.6066858768,8.1264410019
0.0203765072,0.0038463369,0.3020737171,-0.0221756228,0.0082101523,-0.0083942644,-0.1000000015,0.0000000000,0.7599999905,0.0000000000,0.2477119118,0.0058136876,0.2062806189,0.0481849425,nan,nan,nan,nan,nan,nan,nan,nan,nan,nan,nan,nan,nan,-0.1133813560,-0.0853078365,0.3394143283,-0.0755050704,-0.0993123129,0.2241458446,0.0487264208,0.1912163645,0.7862856388,-0.1417598128,0.0054167630,0.8801282644,-1.1255996227,0.3586785197,0.0000000000,3.4990000725,3.4997067451,nan,nan,nan,nan,nan,nan,nan,nan,nan,nan,nan,nan,nan,0.0079256194,-0.0130169587,1.0723317862,5.5063648224,3.6066858768,8.1264410019
0.0203765072,0.0038463369,0.3020737171,-0.0221756228,0.0082101523,-0.0083942644,-0.1000000015,0.0000000000,0.7599999905,0.0000000000,0.2477119118,0.0058136876,0.2062806189,0.0481849425,nan,nan,nan,nan,nan,nan,nan,nan,nan,nan,nan,nan,nan,-0.1133813560,-0.0853078365,0.3394143283,-0.0755050704,-0.0993123129,0.2241458446,0.0487264208,0.1912163645,0.7862856388,-0.1417598128,0.0054167630,0.8801282644,-1.1255996227,0.3586785197,0.0000000000,3.4990000725,3.4997067451,nan,nan,nan,nan,nan,nan,nan,nan,nan,nan,nan,nan,nan,0.0079256194,-0.0130169587,1.0723317862,5.5063648224,3.6066858768,8.1264410019
0.0203765072,0.0038463369,0.3020737171,-0.0221756228,0.0082101523,-0.0083942644,-0.1000000015,0.0000000000,0.7599999905,0.0000000000,0.2477119118,0.0058136876,0.2062806189,0.0481849425,nan,nan,nan,nan,nan,nan,nan,nan,nan,nan,nan,nan,nan,-0.1133813560,-0.0853078365,0.3394143283,-0.0755050704,-0.0993123129,0.2241458446,0.0487264208,0.1912163645,0.7862856388,-0.1417598128,0.0054167630,0.8801282644,-1.1255996227,0.3586785197,0.0000000000,3.4990000725,3.4997067451,nan,nan,nan,nan,nan,nan,nan,nan,nan,nan,nan,nan,nan,0.0079256194,-0.0130169587,1.0723317862,5.5063648224,3.6066858768,8.1264410019
0.0203765072,0.0038463369,0.3020737171,-0.0221756228,0.0082101523,-0.0083942644,-0.1000000015,0.0000000000,0.7599999905,0.0000000000,0.2477119118,0.0058136876,0.2062806189,0.0481849425,nan,nan,nan,nan,nan,nan,nan,nan,nan,nan,nan,nan,nan,-0.1133813560,-0.0853078365,0.3394143283,-0.0755050704,-0.0993123129,0.2241458446,0.0487264208,0.1912163645,0.7862856388,-0.1417598128,0.0054167630,0.8801282644,-1.1255996227,0.3586785197,0.0000000000,3.4990000725,3.4997067451,nan,nan,nan,nan,nan,nan,nan,nan,nan,nan,nan,nan,nan,0.0079256194,-0.0130169587,1.0723317862,5.5063648224,3.6066858768,8.1264410019
0.0203765072,0.0038463369,0.3020737171,-0.0221756228,0.0082101523,-0.0083942644,-0.1000000015,0.0000000000,0.7599999905,0.0000000000,0.2477119118,0.0058136876,0.2062806189,0.0481849425,nan,nan,nan,nan,nan,nan,nan,nan,nan,nan,nan,nan,nan,-0.1133813560,-0.0853078365,0.3394143283,-0.0755050704,-0.0993123129,0.2241458446,0.0487264208,0.1912163645,0.7862856388,-0.1417598128,0.0054167630,0.8801282644,-1.1255996227,0.3586785197,0.0000000000,3.4990000725,3.4997067451,nan,nan,nan,nan,nan,nan,nan,nan,nan,nan,nan,nan,nan,0.0079256194,-0.0130169587,1.0723317862,5.5063648224,3.6066858768,8.1264410019
0.0203765072,0.0038463369,0.3020737171,-0.0221756228,0.0082101523,-0.0083942644,-0.1000000015,0.0000000000,0.7599999905,0.0000000000,0.2477119118,0.0058136876,0.2062806189,0.0481849425,nan,nan,nan,nan,nan,nan,nan,nan,nan,nan,nan,nan,nan,-0.1133813560,-0.0853078365,0.3394143283,-0.0755050704,-0.0993123129,0.2241458446,0.0487264208,0.1912163645,0.7862856388,-0.1417598128,0.0054167630,0.8801282644,-1.1255996227,0.3586785197,0.0000000000,3.4990000725,3.4997067451,nan,nan,nan,nan,nan,nan,nan,nan,nan,nan,nan,nan,nan,0.0079256194,-0.0130169587,1.0723317862,5.5063648224,3.6066858768,8.1264410019
0.0203765072,0.0038463369,0.3020737171,-0.0221756228,0.0082101523,-0.0083942644,-0.1000000015,0.0000000000,0.7599999905,0.0000000000,0.2477119118,0.0058136876,0.2062806189,0.0481849425,nan,nan,nan,nan,nan,nan,nan,nan,nan,nan,nan,nan,nan,-0.1133813560,-0.0853078365,0.3394143283,-0.0755050704,-0.0993123129,0.2241458446,0.0487264208,0.1912163645,0.7862856388,-0.1417598128,0.0054167630,0.8801282644,-1.1255996227,0.3586785197,0.0000000000,3.4990000725,3.4997067451,nan,nan,nan,nan,nan,nan,nan,nan,nan,nan,nan,nan,nan,0.0079256194,-0.0130169587,1.0723317862,5.5063648224,3.6066858768,8.1264410019
0.0203765072,0.0038463369,0.3020737171,-0.0221756228,0.0082101523,-0.0083942644,-0.1000000015,0.0000000000,0.7599999905,0.0000000000,0.2477119118,0.0058136876,0.2062806189,0.0481849425,nan,nan,nan,nan,nan,nan,nan,nan,nan,nan,nan,nan,nan,-0.1133813560,-0.0853078365,0.3394143283,-0.0755050704,-0.0993123129,0.2241458446,0.0487264208,0.1912163645,0.7862856388,-0.1417598128,0.0054167630,0.8801282644,-1.1255996227,0.3586785197,0.0000000000,3.4990000725,3.4997067451,nan,nan,nan,nan,nan,nan,nan,nan,nan,nan,nan,nan,nan,0.0079256194,-0.0130169587,1.0723317862,5.5063648224,3.6066858768,8.1264410019
0.0203765072,0.0038463369,0.3020737171,-0.0221756228,0.0082101523,-0.0083942644,-0.1000000015,0.0000000000,0.7599999905,0.0000000000,0.2477119118,0.0058136876,0.2062806189,0.0481849425,nan,nan,nan,nan,nan,nan,nan,nan,nan,nan,nan,nan,nan,-0.1133813560,-0.0853078365,0.3394143283,-0.0755050704,-0.0993123129,0.2241458446,0.0487264208,0.1912163645,0.7862856388,-0.1417598128,0.0054167630,0.8801282644,-1.1255996227,0.3586785197,0.0000000000,3.4990000725,3.4997067451,nan,nan,nan,nan,nan,nan,nan,nan,nan,nan,nan,nan,nan,0.0079256194,-0.0130169587,1.0723317862,5.5063648224,3.6066858768,8.1264410019
0.0203765072,0.0038463369,0.3020737171,-0.0221756228,0.0082101523,-0.0083942644,-0.1000000015,0.0000000000,0.7599999905,0.0000000000,0.2477119118,0.0058136876,0.2062806189,0.0481849425,nan,nan,nan,nan,nan,nan,nan,nan,nan,nan,nan,nan,nan,-0.1133813560,-0.0853078365,0.3394143283,-0.0755050704,-0.0993123129,0.2241458446,0.0487264208,0.1912163645,0.7862856388,-0.1417598128,0.0054167630,0.8801282644,-1.1255996227,0.3586785197,0.0000000000,3.4990000725,3.4997067451,nan,nan,nan,nan,nan,nan,nan,nan,nan,nan,nan,nan,nan,0.0079256194,-0.0130169587,1.0723317862,5.5063648224,3.6066858768,8.1264410019
0.0203765072,0.0038463369,0.3020737171,-0.0221756228,0.0082101523,-0.0083942644,-0.1000000015,0.0000000000,0.7599999905,0.0000000000,0.2477119118,0.0058136876,0.2062806189,0.0481849425,nan,nan,nan,nan,nan,nan,nan,nan,nan,nan,nan,nan,nan,-0.1133813560,-0.0853078365,0.3394143283,-0.0755050704,-0.0993123129,0.2241458446,0.0487264208,0.1912163645,0.7862856388,-0.1417598128,0.0054167630,0.8801282644,-1.1255996227,0.3586785197,0.0000000000,3.4990000725,3.4997067451,nan,nan,nan,nan,nan,nan,nan,nan,nan,nan,nan,nan,nan,0.0079256194,-0.0130169587,1.0723317862,5.5063648224,3.6066858768,8.1264410019
0.0203765072,0.0038463369,0.3020737171,-0.0221756228,0.0082101523,-0.0083942644,-0.1000000015,0.0000000000,0.7599999905,0.0000000000,0.2477119118,0.0058136876,0.2062806189,0.0481849425,nan,nan,nan,nan,nan,nan,nan,nan,nan,nan,nan,nan,nan,-0.1133813560,-0.0853078365,0.3394143283,-0.0755050704,-0.0993123129,0.2241458446,0.0487264208,0.1912163645,0.7862856388,-0.1417598128,0.0054167630,0.8801282644,-1.1255996227,0.3586785197,0.0000000000,3.4990000725,3.4997067451,nan,nan,nan,nan,nan,nan,nan,nan,nan,nan,nan,nan,nan,0.0079256194,-0.0130169587,1.0723317862,5.5063648224,3.6066858768,8.1264410019
0.0203765072,0.0038463369,0.3020737171,-0.0221756228,0.0082101523,-0.0083942644,-0.1000000015,0.0000000000,0.7599999905,0.0000000000,0.2477119118,0.0058136876,0.2062806189,0.0481849425,nan,nan,nan,nan,nan,nan,nan,nan,nan,nan,nan,nan,nan,-0.1133813560,-0.0853078365,0.3394143283,-0.0755050704,-0.0993123129,0.2241458446,0.0487264208,0.1912163645,0.7862856388,-0.1417598128,0.0054167630,0.8801282644,-1.1255996227,0.3586785197,0.0000000000,3.4990000725,3.4997067451,nan,nan,nan,nan,nan,nan,nan,nan,nan,nan,nan,nan,nan,0.0079256194,-0.0130169587,1.0723317862,5.5063648224,3.6066858768,8.1264410019
0.0203765072,0.0038463369,0.3020737171,-0.0221756228,0.0082101523,-0.0083942644,-0.1000000015,0.0000000000,0.7599999905,0.0000000000,0.2477119118,0.0058136876,0.2062806189,0.0481849425,nan,nan,nan,nan,nan,nan,nan,nan,nan,nan,nan,nan,nan,-0.1133813560,-0.0853078365,0.3394143283,-0.0755050704,-0.0993123129,0.2241458446,0.0487264208,0.1912163645,0.7862856388,-0.1417598128,0.0054167630,0.8801282644,-1.1255996227,0.3586785197,0.0000000000,3.4990000725,3.4997067451,nan,nan,nan,nan,nan,nan,nan,nan,nan,nan,nan,nan,nan,0.0079256194,-0.0130169587,1.0723317862,5.5063648224,3.6066858768,8.1264410019
0.0203765072,0.0038463369,0.3020737171,-0.0221756228,0.0082101523,-0.0083942644,-0.1000000015,0.0000000000,0.7599999905,0.0000000000,0.2477119118,0.0058136876,0.2062806189,0.0481849425,nan,nan,nan,nan,nan,nan,nan,nan,nan,nan,nan,nan,nan,-0.1133813560,-0.0853078365,0.3394143283,-0.0755050704,-0.0993123129,0.2241458446,0.0487264208,0.1912163645,0.7862856388,-0.1417598128,0.0054167630,0.8801282644,-1.1255996227,0.3586785197,0.0000000000,3.4990000725,3.4997067451,nan,nan,nan,nan,nan,nan,nan,nan,nan,nan,nan,nan,nan,0.0079256194,-0.0130169587,1.0723317862,5.5063648224,3.6066858768,8.1264410019
0.0203765072,0.0038463369,0.3020737171,-0.0221756228,0.0082101523,-0.0083942644,-0.1000000015,0.0000000000,0.7599999905,0.0000000000,0.2477119118,0.0058136876,0.2062806189,0.0481849425,nan,nan,nan,nan,nan,nan,nan,nan,nan,nan,nan,nan,nan,-0.1133813560,-0.0853078365,0.3394143283,-0.0755050704,-0.0993123129,0.2241458446,0.0487264208,0.1912163645,0.7862856388,-0.1417598128,0.0054167630,0.8801282644,-1.1255996227,0.3586785197,0.0000000000,3.4990000725,3.4997067451,nan,nan,nan,nan,nan,nan,nan,nan,nan,nan,nan,nan,nan,0.0079256194,-0.0130169587,1.0723317862,5.5063648224,3.6066858768,8.1264410019
0.0203765072,0.0038463369,0.3020737171,-0.0221756228,0.0082101523,-0.0083942644,-0.1000000015,0.0000000000,0.7599999905,0.0000000000,0.2477119118,0.0058136876,0.2062806189,0.0481849425,nan,nan,nan,nan,nan,nan,nan,nan,nan,nan,nan,nan,nan,-0.1133813560,-0.0853078365,0.3394143283,-0.0755050704,-0.0993123129,0.2241458446,0.0487264208,0.1912163645,0.7862856388,-0.1417598128,0.0054167630,0.8801282644,-1.1255996227,0.3586785197,0.0000000000,3.4990000725,3.4997067451,nan,nan,nan,nan,nan,nan,nan,nan,nan,nan,nan,nan,nan,0.0079256194,-0.0130169587,1.0723317862,5.5063648224,3.6066858768,8.1264410019
0.0203765072,0.0038463369,0.3020737171,-0.0221756228,0.0082101523,-0.0083942644,-0.1000000015,0.0000000000,0.7599999905,0.0000000000,0.2477119118,0.0058136876,0.2062806189,0.0481849425,nan,nan,nan,nan,nan,nan,nan,nan,nan,nan,nan,nan,nan,-0.1133813560,-0.0853078365,0.3394143283,-0.0755050704,-0.0993123129,0.2241458446,0.0487264208,0.1912163645,0.7862856388,-0.1417598128,0.0054167630,0.8801282644,-1.1255996227,0.3586785197,0.0000000000,3.4990000725,3.4997067451,nan,nan,nan,nan,nan,nan,nan,nan,nan,nan,nan,nan,nan,0.0079256194,-0.0130169587,1.0723317862,5.5063648224,3.6066858768,8.1264410019
0.0203765072,0.0038463369,0.3020737171,-0.0221756228,0.0082101523,-0.0083942644,-0.1000000015,0.0000000000,0.7599999905,0.0000000000,0.2477119118,0.0058136876,0.2062806189,0.0481849425,nan,nan,nan,nan,nan,nan,nan,nan,nan,nan,nan,nan,nan,-0.1133813560,-0.0853078365,0.3394143283,-0.0755050704,-0.0993123129,0.2241458446,0.0487264208,0.1912163645,0.7862856388,-0.1417598128,0.0054167630,0.8801282644,-1.1255996227,0.3586785197,0.0000000000,3.4990000725,3.4997067451,nan,nan,nan,nan,nan,nan,nan,nan,nan,nan,nan,nan,nan,0.0079256194,-0.0130169587,1.0723317862,5.5063648224,3.6066858768,8.1264410019
0.0203765072,0.0038463369,0.3020737171,-0.0221756228,0.0082101523,-0.0083942644,-0.1000000015,0.0000000000,0.7599999905,0.0000000000,0.2477119118,0.0058136876,0.2062806189,0.0481849425,nan,nan,nan,nan,nan,nan,nan,nan,nan,nan,nan,nan,nan,-0.1133813560,-0.0853078365,0.3394143283,-0.0755050704,-0.0993123129,0.2241458446,0.0487264208,0.1912163645,0.7862856388,-0.1417598128,0.0054167630,0.8801282644,-1.1255996227,0.3586785197,0.0000000000,3.4990000725,3.4997067451,nan,nan,nan,nan,nan,nan,nan,nan,nan,nan,nan,nan,nan,0.0079256194,-0.0130169587,1.0723317862,5.5063648224,3.6066858768,8.1264410019
0.0203765072,0.0038463369,0.3020737171,-0.0221756228,0.0082101523,-0.0083942644,-0.1000000015,0.0000000000,0.7599999905,0.0000000000,0.2477119118,0.0058136876,0.2062806189,0.0481849425,nan,nan,nan,nan,nan,nan,nan,nan,nan,nan,nan,nan,nan,-0.1133813560,-0.0853078365,0.3394143283,-0.0755050704,-0.0993123129,0.2241458446,0.0487264208,0.1912163645,0.7862856388,-0.1417598128,0.0054167630,0.8801282644,-1.1255996227,0.3586785197,0.0000000000,3.4990000725,3.4997067451,nan,nan,nan,nan,nan,nan,nan,nan,nan,nan,nan,nan,nan,0.0079256194,-0.0130169587,1.0723317862,5.5063648224,3.6066858768,8.1264410019
0.0203765072,0.0038463369,0.3020737171,-0.0221756228,0.0082101523,-0.0083942644,-0.1000000015,0.0000000000,0.7599999905,0.0000000000,0.2477119118,0.0058136876,0.2062806189,0.0481849425,nan,nan,nan,nan,nan,nan,nan,nan,nan,nan,nan,nan,nan,-0.1133813560,-0.0853078365,0.3394143283,-0.0755050704,-0.0993123129,0.2241458446,0.0487264208,0.1912163645,0.7862856388,-0.1417598128,0.0054167630,0.8801282644,-1.1255996227,0.3586785197,0.0000000000,3.4990000725,3.4997067451,nan,nan,nan,nan,nan,nan,nan,nan,nan,nan,nan,nan,nan,0.0079256194,-0.0130169587,1.0723317862,5.5063648224,3.6066858768,8.1264410019
0.0203765072,0.0038463369,0.3020737171,-0.0221756228,0.0082101523,-0.0083942644,-0.1000000015,0.0000000000,0.7599999905,0.0000000000,0.2477119118,0.0058136876,0.2062806189,0.0481849425,nan,nan,nan,nan,nan,nan,nan,nan,nan,nan,nan,nan,nan,-0.1133813560,-0.0853078365,0.3394143283,-0.0755050704,-0.0993123129,0.2241458446,0.0487264208,0.1912163645,0.7862856388,-0.1417598128,0.0054167630,0.8801282644,-1.1255996227,0.3586785197,0.0000000000,3.4990000725,3.4997067451,nan,nan,nan,nan,nan,nan,nan,nan,nan,nan,nan,nan,nan,0.0079256194,-0.0130169587,1.0723317862,5.5063648224,3.6066858768,8.1264410019
0.0203765072,0.0038463369,0.3020737171,-0.0221756228,0.0082101523,-0.0083942644,-0.1000000015,0.0000000000,0.7599999905,0.0000000000,0.2477119118,0.0058136876,0.2062806189,0.0481849425,nan,nan,nan,nan,nan,nan,nan,nan,nan,nan,nan,nan,nan,-0.1133813560,-0.0853078365,0.3394143283,-0.0755050704,-0.0993123129,0.2241458446,0.0487264208,0.1912163645,0.7862856388,-0.1417598128,0.0054167630,0.8801282644,-1.1255996227,0.3586785197,0.0000000000,3.4990000725,3.4997067451,nan,nan,nan,nan,nan,nan,nan,nan,nan,nan,nan,nan,nan,0.0079256194,-0.0130169587,1.0723317862,5.5063648224,3.6066858768,8.1264410019
0.0203765072,0.0038463369,0.3020737171,-0.0221756228,0.0082101523,-0.0083942644,-0.1000000015,0.0000000000,0.7599999905,0.0000000000,0.2477119118,0.0058136876,0.2062806189,0.0481849425,nan,nan,nan,nan,nan,nan,nan,nan,nan,nan,nan,nan,nan,-0.1133813560,-0.0853078365,0.3394143283,-0.0755050704,-0.0993123129,0.2241458446,0.0487264208,0.1912163645,0.7862856388,-0.1417598128,0.0054167630,0.8801282644,-1.1255996227,0.3586785197,0.0000000000,3.4990000725,3.4997067451,nan,nan,nan,nan,nan,nan,nan,nan,nan,nan,nan,nan,nan,0.0079256194,-0.0130169587,1.0723317862,5.5063648224,3.6066858768,8.1264410019
0.0203765072,0.0038463369,0.3020737171,-0.0221756228,0.0082101523,-0.0083942644,-0.1000000015,0.0000000000,0.7599999905,0.0000000000,0.2477119118,0.0058136876,0.2062806189,0.0481849425,nan,nan,nan,nan,nan,nan,nan,nan,nan,nan,nan,nan,nan,-0.1133813560,-0.0853078365,0.3394143283,-0.0755050704,-0.0993123129,0.2241458446,0.0487264208,0.1912163645,0.7862856388,-0.1417598128,0.0054167630,0.8801282644,-1.1255996227,0.3586785197,0.0000000000,3.4990000725,3.4997067451,nan,nan,nan,nan,nan,nan,nan,nan,nan,nan,nan,nan,nan,0.0079256194,-0.0130169587,1.0723317862,5.5063648224,3.6066858768,8.1264410019
0.0203765072,0.0038463369,0.3020737171,-0.0221756228,0.0082101523,-0.0083942644,-0.1000000015,0.0000000000,0.7599999905,0.0000000000,0.2477119118,0.0058136876,0.2062806189,0.0481849425,nan,nan,nan,nan,nan,nan,nan,nan,nan,nan,nan,nan,nan,-0.1133813560,-0.0853078365,0.3394143283,-0.0755050704,-0.0993123129,0.2241458446,0.0487264208,0.1912163645,0.7862856388,-0.1417598128,0.0054167630,0.8801282644,-1.1255996227,0.3586785197,0.0000000000,3.4990000725,3.4997067451,nan,nan,nan,nan,nan,nan,nan,nan,nan,nan,nan,nan,nan,0.0079256194,-0.0130169587,1.0723317862,5.5063648224,3.6066858768,8.1264410019
0.0203765072,0.0038463369,0.3020737171,-0.0221756228,0.0082101523,-0.0083942644,-0.1000000015,0.0000000000,0.7599999905,0.0000000000,0.2477119118,0.0058136876,0.2062806189,0.0481849425,nan,nan,nan,nan,nan,nan,nan,nan,nan,nan,nan,nan,nan,-0.1133813560,-0.0853078365,0.3394143283,-0.0755050704,-0.0993123129,0.2241458446,0.0487264208,0.1912163645,0.7862856388,-0.1417598128,0.0054167630,0.8801282644,-1.1255996227,0.3586785197,0.0000000000,3.4990000725,3.4997067451,nan,nan,nan,nan,nan,nan,nan,nan,nan,nan,nan,nan,nan,0.0079256194,-0.0130169587,1.0723317862,5.5063648224,3.6066858768,8.1264410019
0.0203765072,0.0038463369,0.3020737171,-0.0221756228,0.0082101523,-0.0083942644,-0.1000000015,0.0000000000,0.7599999905,0.0000000000,0.2477119118,0.0058136876,0.2062806189,0.0481849425,nan,nan,nan,nan,nan,nan,nan,nan,nan,nan,nan,nan,nan,-0.1133813560,-0.0853078365,0.3394143283,-0.0755050704,-0.0993123129,0.2241458446,0.0487264208,0.1912163645,0.7862856388,-0.1417598128,0.0054167630,0.8801282644,-1.1255996227,0.3586785197,0.0000000000,3.4990000725,3.4997067451,nan,nan,nan,nan,nan,nan,nan,nan,nan,nan,nan,nan,nan,0.0079256194,-0.0130169587,1.0723317862,5.5063648224,3.6066858768,8.1264410019
0.0203765072,0.0038463369,0.3020737171,-0.0221756228,0.0082101523,-0.0083942644,-0.1000000015,0.0000000000,0.7599999905,0.0000000000,0.2477119118,0.0058136876,0.2062806189,0.0481849425,nan,nan,nan,nan,nan,nan,nan,nan,nan,nan,nan,nan,nan,-0.1133813560,-0.0853078365,0.3394143283,-0.0755050704,-0.0993123129,0.2241458446,0.0487264208,0.1912163645,0.7862856388,-0.1417598128,0.0054167630,0.8801282644,-1.1255996227,0.3586785197,0.0000000000,3.4990000725,3.4997067451,nan,nan,nan,nan,nan,nan,nan,nan,nan,nan,nan,nan,nan,0.0079256194,-0.0130169587,1.0723317862,5.5063648224,3.6066858768,8.1264410019
0.0203765072,0.0038463369,0.3020737171,-0.0221756228,0.0082101523,-0.0083942644,-0.1000000015,0.0000000000,0.7599999905,0.0000000000,0.2477119118,0.0058136876,0.2062806189,0.0481849425,nan,nan,nan,nan,nan,nan,nan,nan,nan,nan,nan,nan,nan,-0.1133813560,-0.0853078365,0.3394143283,-0.0755050704,-0.0993123129,0.2241458446,0.0487264208,0.1912163645,0.7862856388,-0.1417598128,0.0054167630,0.8801282644,-1.1255996227,0.3586785197,0.0000000000,3.4990000725,3.4997067451,nan,nan,nan,nan,nan,nan,nan,nan,nan,nan,nan,nan,nan,0.0079256194,-0.0130169587,1.0723317862,5.5063648224,3.6066858768,8.1264410019
0.0203765072,0.0038463369,0.3020737171,-0.0221756228,0.0082101523,-0.0083942644,-0.1000000015,0.0000000000,0.7599999905,0.0000000000,0.2477119118,0.0058136876,0.2062806189,0.0481849425,nan,nan,nan,nan,nan,nan,nan,nan,nan,nan,nan,nan,nan,-0.1133813560,-0.0853078365,0.3394143283,-0.0755050704,-0.0993123129,0.2241458446,0.0487264208,0.1912163645,0.7862856388,-0.1417598128,0.0054167630,0.8801282644,-1.1255996227,0.3586785197,0.0000000000,3.4990000725,3.4997067451,nan,nan,nan,nan,nan,nan,nan,nan,nan,nan,nan,nan,nan,0.0079256194,-0.0130169587,1.0723317862,5.5063648224,3.6066858768,8.1264410019
0.0203765072,0.0038463369,0.3020737171,-0.0221756228,0.0082101523,-0.0083942644,-0.1000000015,0.0000000000,0.7599999905,0.0000000000,0.2477119118,0.0058136876,0.2062806189,0.0481849425,nan,nan,nan,nan,nan,nan,nan,nan,nan,nan,nan,nan,nan,-0.1133813560,-0.0853078365,0.3394143283,-0.0755050704,-0.0993123129,0.2241458446,0.0487264208,0.1912163645,0.7862856388,-0.1417598128,0.0054167630,0.8801282644,-1.1255996227,0.3586785197,0.0000000000,3.4990000725,3.4997067451,nan,nan,nan,nan,nan,nan,nan,nan,nan,nan,nan,nan,nan,0.0079256194,-0.0130169587,1.0723317862,5.5063648224,3.6066858768,8.1264410019
0.0203765072,0.0038463369,0.3020737171,-0.0221756228,0.0082101523,-0.0083942644,-0.1000000015,0.0000000000,0.7599999905,0.0000000000,0.2477119118,0.0058136876,0.2062806189,0.0481849425,nan,nan,nan,nan,nan,nan,nan,nan,nan,nan,nan,nan,nan,-0.1133813560,-0.0853078365,0.3394143283,-0.0755050704,-0.0993123129,0.2241458446,0.0487264208,0.1912163645,0.7862856388,-0.1417598128,0.0054167630,0.8801282644,-1.1255996227,0.3586785197,0.0000000000,3.4990000725,3.4997067451,nan,nan,nan,nan,nan,nan,nan,nan,nan,nan,nan,nan,nan,0.0079256194,-0.0130169587,1.0723317862,5.5063648224,3.6066858768,8.1264410019
0.0203765072,0.0038463369,0.3020737171,-0.0221756228,0.0082101523,-0.0083942644,-0.1000000015,0.0000000000,0.7599999905,0.0000000000,0.2477119118,0.0058136876,0.2062806189,0.0481849425,nan,nan,nan,nan,nan,nan,nan,nan,nan,nan,nan,nan,nan,-0.1133813560,-0.0853078365,0.3394143283,-0.0755050704,-0.0993123129,0.2241458446,0.0487264208,0.1912163645,0.7862856388,-0.1417598128,0.0054167630,0.8801282644,-1.1255996227,0.3586785197,0.0000000000,3.4990000725,3.4997067451,nan,nan,nan,nan,nan,nan,nan,nan,nan,nan,nan,nan,nan,0.0079256194,-0.0130169587,1.0723317862,5.5063648224,3.6066858768,8.1264410019
0.0203765072,0.0038463369,0.3020737171,-0.0221756228,0.0082101523,-0.0083942644,-0.1000000015,0.0000000000,0.7599999905,0.0000000000,0.2477119118,0.0058136876,0.2062806189,0.0481849425,nan,nan,nan,nan,nan,nan,nan,nan,nan,nan,nan,nan,nan,-0.1133813560,-0.0853078365,0.3394143283,-0.0755050704,-0.0993123129,0.2241458446,0.0487264208,0.1912163645,0.7862856388,-0.1417598128,0.0054167630,0.8801282644,-1.1255996227,0.3586785197,0.0000000000,3.4990000725,3.4997067451,nan,nan,nan,nan,nan,nan,nan,nan,nan,nan,nan,nan,nan,0.0079256194,-0.0130169587,1.0723317862,5.5063648224,3.6066858768,8.1264410019
0.0203765072,0.0038463369,0.3020737171,-0.0221756228,0.0082101523,-0.0083942644,-0.1000000015,0.0000000000,0.7599999905,0.0000000000,0.2477119118,0.0058136876,0.2062806189,0.0481849425,nan,nan,nan,nan,nan,nan,nan,nan,nan,nan,nan,nan,nan,-0.1133813560,-0.0853078365,0.3394143283,-0.0755050704,-0.0993123129,0.2241458446,0.0487264208,0.1912163645,0.7862856388,-0.1417598128,0.0054167630,0.8801282644,-1.1255996227,0.3586785197,0.0000000000,3.4990000725,3.4997067451,nan,nan,nan,nan,nan,nan,nan,nan,nan,nan,nan,nan,nan,0.0079256194,-0.0130169587,1.0723317862,5.5063648224,3.6066858768,8.1264410019
0.0203765072,0.0038463369,0.3020737171,-0.0221756228,0.0082101523,-0.0083942644,-0.1000000015,0.0000000000,0.7599999905,0.0000000000,0.2477119118,0.0058136876,0.2062806189,0.0481849425,nan,nan,nan,nan,nan,nan,nan,nan,nan,nan,nan,nan,nan,-0.1133813560,-0.0853078365,0.3394143283,-0.0755050704,-0.0993123129,0.2241458446,0.0487264208,0.1912163645,0.7862856388,-0.1417598128,0.0054167630,0.8801282644,-1.1255996227,0.3586785197,0.0000000000,3.4990000725,3.4997067451,nan,nan,nan,nan,nan,nan,nan,nan,nan,nan,nan,nan,nan,0.0079256194,-0.0130169587,1.0723317862,5.5063648224,3.6066858768,8.1264410019
0.0203765072,0.0038463369,0.3020737171,-0.0221756228,0.0082101523,-0.0083942644,-0.1000000015,0.0000000000,0.7599999905,0.0000000000,0.2477119118,0.0058136876,0.2062806189,0.0481849425,nan,nan,nan,nan,nan,nan,nan,nan,nan,nan,nan,nan,nan,-0.1133813560,-0.0853078365,0.3394143283,-0.0755050704,-0.0993123129,0.2241458446,0.0487264208,0.1912163645,0.7862856388,-0.1417598128,0.0054167630,0.8801282644,-1.1255996227,0.3586785197,0.0000000000,3.4990000725,3.4997067451,nan,nan,nan,nan,nan,nan,nan,nan,nan,nan,nan,nan,nan,0.0079256194,-0.0130169587,1.0723317862,5.5063648224,3.6066858768,8.1264410019
0.0203765072,0.0038463369,0.3020737171,-0.0221756228,0.0082101523,-0.0083942644,-0.1000000015,0.0000000000,0.7599999905,0.0000000000,0.2477119118,0.0058136876,0.2062806189,0.0481849425,nan,nan,nan,nan,nan,nan,nan,nan,nan,nan,nan,nan,nan,-0.1133813560,-0.0853078365,0.3394143283,-0.0755050704,-0.0993123129,0.2241458446,0.0487264208,0.1912163645,0.7862856388,-0.1417598128,0.0054167630,0.8801282644,-1.1255996227,0.3586785197,0.0000000000,3.4990000725,3.4997067451,nan,nan,nan,nan,nan,nan,nan,nan,nan,nan,nan,nan,nan,0.0079256194,-0.0130169587,1.0723317862,5.5063648224,3.6066858768,8.1264410019
0.0203765072,0.0038463369,0.3020737171,-0.0221756228,0.0082101523,-0.0083942644,-0.1000000015,0.0000000000,0.7599999905,0.0000000000,0.2477119118,0.0058136876,0.2062806189,0.0481849425,nan,nan,nan,nan,nan,nan,nan,nan,nan,nan,nan,nan,nan,-0.1133813560,-0.0853078365,0.3394143283,-0.0755050704,-0.0993123129,0.2241458446,0.0487264208,0.1912163645,0.7862856388,-0.1417598128,0.0054167630,0.8801282644,-1.1255996227,0.3586785197,0.0000000000,3.4990000725,3.4997067451,nan,nan,nan,nan,nan,nan,nan,nan,nan,nan,nan,nan,nan,0.0079256194,-0.0130169587,1.0723317862,5.5063648224,3.6066858768,8.1264410019
0.0203765072,0.0038463369,0.3020737171,-0.0221756228,0.0082101523,-0.0083942644,-0.1000000015,0.0000000000,0.7599999905,0.0000000000,0.2477119118,0.0058136876,0.2062806189,0.0481849425,nan,nan,nan,nan,nan,nan,nan,nan,nan,nan,nan,nan,nan,-0.1133813560,-0.0853078365,0.3394143283,-0.0755050704,-0.0993123129,0.2241458446,0.0487264208,0.1912163645,0.7862856388,-0.1417598128,0.0054167630,0.8801282644,-1.1255996227,0.3586785197,0.0000000000,3.4990000725,3.4997067451,nan,nan,nan,nan,nan,nan,nan,nan,nan,nan,nan,nan,nan,0.0079256194,-0.0130169587,1.0723317862,5.5063648224,3.6066858768,8.1264410019
0.0203765072,0.0038463369,0.3020737171,-0.0221756228,0.0082101523,-0.0083942644,-0.1000000015,0.0000000000,0.7599999905,0.0000000000,0.2477119118,0.0058136876,0.2062806189,0.0481849425,nan,nan,nan,nan,nan,nan,nan,nan,nan,nan,nan,nan,nan,-0.1133813560,-0.0853078365,0.3394143283,-0.0755050704,-0.0993123129,0.2241458446,0.0487264208,0.1912163645,0.7862856388,-0.1417598128,0.0054167630,0.8801282644,-1.1255996227,0.3586785197,0.0000000000,3.4990000725,3.4997067451,nan,nan,nan,nan,nan,nan,nan,nan,nan,nan,nan,nan,nan,0.0079256194,-0.0130169587,1.0723317862,5.5063648224,3.6066858768,8.1264410019
0.0203765072,0.0038463369,0.3020737171,-0.0221756228,0.0082101523,-0.0083942644,-0.1000000015,0.0000000000,0.7599999905,0.0000000000,0.2477119118,0.0058136876,0.2062806189,0.0481849425,nan,nan,nan,nan,nan,nan,nan,nan,nan,nan,nan,nan,nan,-0.1133813560,-0.0853078365,0.3394143283,-0.0755050704,-0.0993123129,0.2241458446,0.0487264208,0.1912163645,0.7862856388,-0.1417598128,0.0054167630,0.8801282644,-1.1255996227,0.3586785197,0.0000000000,3.4990000725,3.4997067451,nan,nan,nan,nan,nan,nan,nan,nan,nan,nan,nan,nan,nan,0.0079256194,-0.0130169587,1.0723317862,5.5063648224,3.6066858768,8.1264410019
0.0203765072,0.0038463369,0.3020737171,-0.0221756228,0.0082101523,-0.0083942644,-0.1000000015,0.0000000000,0.7599999905,0.0000000000,0.2477119118,0.0058136876,0.2062806189,0.0481849425,nan,nan,nan,nan,nan,nan,nan,nan,nan,nan,nan,nan,nan,-0.1133813560,-0.0853078365,0.3394143283,-0.0755050704,-0.0993123129,0.2241458446,0.0487264208,0.1912163645,0.7862856388,-0.1417598128,0.0054167630,0.8801282644,-1.1255996227,0.3586785197,0.0000000000,3.4990000725,3.4997067451,nan,nan,nan,nan,nan,nan,nan,nan,nan,nan,nan,nan,nan,0.0079256194,-0.0130169587,1.0723317862,5.5063648224,3.6066858768,8.1264410019
0.0203765072,0.0038463369,0.3020737171,-0.0221756228,0.0082101523,-0.0083942644,-0.1000000015,0.0000000000,0.7599999905,0.0000000000,0.2477119118,0.0058136876,0.2062806189,0.0481849425,nan,nan,nan,nan,nan,nan,nan,nan,nan,nan,nan,nan,nan,-0.1133813560,-0.0853078365,0.3394143283,-0.0755050704,-0.0993123129,0.2241458446,0.0487264208,0.1912163645,0.7862856388,-0.1417598128,0.0054167630,0.8801282644,-1.1255996227,0.3586785197,0.0000000000,3.4990000725,3.4997067451,nan,nan,nan,nan,nan,nan,nan,nan,nan,nan,nan,nan,nan,0.0079256194,-0.0130169587,1.0723317862,5.5063648224,3.6066858768,8.1264410019
0.0203765072,0.0038463369,0.3020737171,-0.0221756228,0.0082101523,-0.0083942644,-0.1000000015,0.0000000000,0.7599999905,0.0000000000,0.2477119118,0.0058136876,0.2062806189,0.0481849425,nan,nan,nan,nan,nan,nan,nan,nan,nan,nan,nan,nan,nan,-0.1133813560,-0.0853078365,0.3394143283,-0.0755050704,-0.0993123129,0.2241458446,0.0487264208,0.1912163645,0.7862856388,-0.1417598128,0.0054167630,0.8801282644,-1.1255996227,0.3586785197,0.0000000000,3.4990000725,3.4997067451,nan,nan,nan,nan,nan,nan,nan,nan,nan,nan,nan,nan,nan,0.0079256194,-0.0130169587,1.0723317862,5.5063648224,3.6066858768,8.1264410019
0.0203765072,0.0038463369,0.3020737171,-0.0221756228,0.0082101523,-0.0083942644,-0.1000000015,0.0000000000,0.7599999905,0.0000000000,0.2477119118,0.0058136876,0.2062806189,0.0481849425,nan,nan,nan,nan,nan,nan,nan,nan,nan,nan,nan,nan,nan,-0.1133813560,-0.0853078365,0.3394143283,-0.0755050704,-0.0993123129,0.2241458446,0.0487264208,0.1912163645,0.7862856388,-0.1417598128,0.0054167630,0.8801282644,-1.1255996227,0.3586785197,0.0000000000,3.4990000725,3.4997067451,nan,nan,nan,nan,nan,nan,nan,nan,nan,nan,nan,nan,nan,0.0079256194,-0.0130169587,1.0723317862,5.5063648224,3.6066858768,8.1264410019
0.0203765072,0.0038463369,0.3020737171,-0.0221756228,0.0082101523,-0.0083942644,-0.1000000015,0.0000000000,0.7599999905,0.0000000000,0.2477119118,0.0058136876,0.2062806189,0.0481849425,nan,nan,nan,nan,nan,nan,nan,nan,nan,nan,nan,nan,nan,-0.1133813560,-0.0853078365,0.3394143283,-0.0755050704,-0.0993123129,0.2241458446,0.0487264208,0.1912163645,0.7862856388,-0.1417598128,0.0054167630,0.8801282644,-1.1255996227,0.3586785197,0.0000000000,3.4990000725,3.4997067451,nan,nan,nan,nan,nan,nan,nan,nan,nan,nan,nan,nan,nan,0.0079256194,-0.0130169587,1.0723317862,5.5063648224,3.6066858768,8.1264410019
0.0203765072,0.0038463369,0.3020737171,-0.0221756228,0.0082101523,-0.0083942644,-0.1000000015,0.0000000000,0.7599999905,0.0000000000,0.2477119118,0.0058136876,0.2062806189,0.0481849425,nan,nan,nan,nan,nan,nan,nan,nan,nan,nan,nan,nan,nan,-0.1133813560,-0.0853078365,0.3394143283,-0.0755050704,-0.0993123129,0.2241458446,0.0487264208,0.1912163645,0.7862856388,-0.1417598128,0.0054167630,0.8801282644,-1.1255996227,0.3586785197,0.0000000000,3.4990000725,3.4997067451,nan,nan,nan,nan,nan,nan,nan,nan,nan,nan,nan,nan,nan,0.0079256194,-0.0130169587,1.0723317862,5.5063648224,3.6066858768,8.1264410019
0.0203765072,0.0038463369,0.3020737171,-0.0221756228,0.0082101523,-0.0083942644,-0.1000000015,0.0000000000,0.7599999905,0.0000000000,0.2477119118,0.0058136876,0.2062806189,0.0481849425,nan,nan,nan,nan,nan,nan,nan,nan,nan,nan,nan,nan,nan,-0.1133813560,-0.0853078365,0.3394143283,-0.0755050704,-0.0993123129,0.2241458446,0.0487264208,0.1912163645,0.7862856388,-0.1417598128,0.0054167630,0.8801282644,-1.1255996227,0.3586785197,0.0000000000,3.4990000725,3.4997067451,nan,nan,nan,nan,nan,nan,nan,nan,nan,nan,nan,nan,nan,0.0079256194,-0.0130169587,1.0723317862,5.5063648224,3.6066858768,8.1264410019
0.0203765072,0.0038463369,0.3020737171,-0.0221756228,0.0082101523,-0.0083942644,-0.1000000015,0.0000000000,0.7599999905,0.0000000000,0.2477119118,0.0058136876,0.2062806189,0.0481849425,nan,nan,nan,nan,nan,nan,nan,nan,nan,nan,nan,nan,nan,-0.1133813560,-0.0853078365,0.3394143283,-0.0755050704,-0.0993123129,0.2241458446,0.0487264208,0.1912163645,0.7862856388,-0.1417598128,0.0054167630,0.8801282644,-1.1255996227,0.3586785197,0.0000000000,3.4990000725,3.4997067451,nan,nan,nan,nan,nan,nan,nan,nan,nan,nan,nan,nan,nan,0.0079256194,-0.0130169587,1.0723317862,5.5063648224,3.6066858768,8.1264410019
0.0203765072,0.0038463369,0.3020737171,-0.0221756228,0.0082101523,-0.0083942644,-0.1000000015,0.0000000000,0.7599999905,0.0000000000,0.2477119118,0.0058136876,0.2062806189,0.0481849425,nan,nan,nan,nan,nan,nan,nan,nan,nan,nan,nan,nan,nan,-0.1133813560,-0.0853078365,0.3394143283,-0.0755050704,-0.0993123129,0.2241458446,0.0487264208,0.1912163645,0.7862856388,-0.1417598128,0.0054167630,0.8801282644,-1.1255996227,0.3586785197,0.0000000000,3.4990000725,3.4997067451,nan,nan,nan,nan,nan,nan,nan,nan,nan,nan,nan,nan,nan,0.0079256194,-0.0130169587,1.0723317862,5.5063648224,3.6066858768,8.1264410019
0.0203765072,0.0038463369,0.3020737171,-0.0221756228,0.0082101523,-0.0083942644,-0.1000000015,0.0000000000,0.7599999905,0.0000000000,0.2477119118,0.0058136876,0.2062806189,0.0481849425,nan,nan,nan,nan,nan,nan,nan,nan,nan,nan,nan,nan,nan,-0.1133813560,-0.0853078365,0.3394143283,-0.0755050704,-0.0993123129,0.2241458446,0.0487264208,0.1912163645,0.7862856388,-0.1417598128,0.0054167630,0.8801282644,-1.1255996227,0.3586785197,0.0000000000,3.4990000725,3.4997067451,nan,nan,nan,nan,nan,nan,nan,nan,nan,nan,nan,nan,nan,0.0079256194,-0.0130169587,1.0723317862,5.5063648224,3.6066858768,8.1264410019
0.0203765072,0.0038463369,0.3020737171,-0.0221756228,0.0082101523,-0.0083942644,-0.1000000015,0.0000000000,0.7599999905,0.0000000000,0.2477119118,0.0058136876,0.2062806189,0.0481849425,nan,nan,nan,nan,nan,nan,nan,nan,nan,nan,nan,nan,nan,-0.1133813560,-0.0853078365,0.3394143283,-0.0755050704,-0.0993123129,0.2241458446,0.0487264208,0.1912163645,0.7862856388,-0.1417598128,0.0054167630,0.8801282644,-1.1255996227,0.3586785197,0.0000000000,3.4990000725,3.4997067451,nan,nan,nan,nan,nan,nan,nan,nan,nan,nan,nan,nan,nan,0.0079256194,-0.0130169587,1.0723317862,5.5063648224,3.6066858768,8.1264410019
0.0203765072,0.0038463369,0.3020737171,-0.0221756228,0.0082101523,-0.0083942644,-0.1000000015,0.0000000000,0.7599999905,0.0000000000,0.2477119118,0.0058136876,0.2062806189,0.0481849425,nan,nan,nan,nan,nan,nan,nan,nan,nan,nan,nan,nan,nan,-0.1133813560,-0.0853078365,0.3394143283,-0.0755050704,-0.0993123129,0.2241458446,0.0487264208,0.1912163645,0.7862856388,-0.1417598128,0.0054167630,0.8801282644,-1.1255996227,0.3586785197,0.0000000000,3.4990000725,3.4997067451,nan,nan,nan,nan,nan,nan,nan,nan,nan,nan,nan,nan,nan,0.0079256194,-0.0130169587,1.0723317862,5.5063648224,3.6066858768,8.1264410019
0.0203765072,0.0038463369,0.3020737171,-0.0221756228,0.0082101523,-0.0083942644,-0.1000000015,0.0000000000,0.7599999905,0.0000000000,0.2477119118,0.0058136876,0.2062806189,0.0481849425,nan,nan,nan,nan,nan,nan,nan,nan,nan,nan,nan,nan,nan,-0.1133813560,-0.0853078365,0.3394143283,-0.0755050704,-0.0993123129,0.2241458446,0.0487264208,0.1912163645,0.7862856388,-0.1417598128,0.0054167630,0.8801282644,-1.1255996227,0.3586785197,0.0000000000,3.4990000725,3.4997067451,nan,nan,nan,nan,nan,nan,nan,nan,nan,nan,nan,nan,nan,0.0079256194,-0.0130169587,1.0723317862,5.5063648224,3.6066858768,8.1264410019
0.0203765072,0.0038463369,0.3020737171,-0.0221756228,0.0082101523,-0.0083942644,-0.1000000015,0.0000000000,0.7599999905,0.0000000000,0.2477119118,0.0058136876,0.2062806189,0.0481849425,nan,nan,nan,nan,nan,nan,nan,nan,nan,nan,nan,nan,nan,-0.1133813560,-0.0853078365,0.3394143283,-0.0755050704,-0.0993123129,0.2241458446,0.0487264208,0.1912163645,0.7862856388,-0.1417598128,0.0054167630,0.8801282644,-1.1255996227,0.3586785197,0.0000000000,3.4990000725,3.4997067451,nan,nan,nan,nan,nan,nan,nan,nan,nan,nan,nan,nan,nan,0.0079256194,-0.0130169587,1.0723317862,5.5063648224,3.6066858768,8.1264410019
0.0203765072,0.0038463369,0.3020737171,-0.0221756228,0.0082101523,-0.0083942644,-0.1000000015,0.0000000000,0.7599999905,0.0000000000,0.2477119118,0.0058136876,0.2062806189,0.0481849425,nan,nan,nan,nan,nan,nan,nan,nan,nan,nan,nan,nan,nan,-0.1133813560,-0.0853078365,0.3394143283,-0.0755050704,-0.0993123129,0.2241458446,0.0487264208,0.1912163645,0.7862856388,-0.1417598128,0.0054167630,0.8801282644,-1.1255996227,0.3586785197,0.0000000000,3.4990000725,3.4997067451,nan,nan,nan,nan,nan,nan,nan,nan,nan,nan,nan,nan,nan,0.0079256194,-0.0130169587,1.0723317862,5.5063648224,3.6066858768,8.1264410019
0.0203765072,0.0038463369,0.3020737171,-0.0221756228,0.0082101523,-0.0083942644,-0.1000000015,0.0000000000,0.7599999905,0.0000000000,0.2477119118,0.0058136876,0.2062806189,0.0481849425,nan,nan,nan,nan,nan,nan,nan,nan,nan,nan,nan,nan,nan,-0.1133813560,-0.0853078365,0.3394143283,-0.0755050704,-0.0993123129,0.2241458446,0.0487264208,0.1912163645,0.7862856388,-0.1417598128,0.0054167630,0.8801282644,-1.1255996227,0.3586785197,0.0000000000,3.4990000725,3.4997067451,nan,nan,nan,nan,nan,nan,nan,nan,nan,nan,nan,nan,nan,0.0079256194,-0.0130169587,1.0723317862,5.5063648224,3.6066858768,8.1264410019
0.0203765072,0.0038463369,0.3020737171,-0.0221756228,0.0082101523,-0.0083942644,-0.1000000015,0.0000000000,0.7599999905,0.0000000000,0.2477119118,0.0058136876,0.2062806189,0.0481849425,nan,nan,nan,nan,nan,nan,nan,nan,nan,nan,nan,nan,nan,-0.1133813560,-0.0853078365,0.3394143283,-0.0755050704,-0.0993123129,0.2241458446,0.0487264208,0.1912163645,0.7862856388,-0.1417598128,0.0054167630,0.8801282644,-1.1255996227,0.3586785197,0.0000000000,3.4990000725,3.4997067451,nan,nan,nan,nan,nan,nan,nan,nan,nan,nan,nan,nan,nan,0.0079256194,-0.0130169587,1.0723317862,5.5063648224,3.6066858768,8.1264410019
0.0203765072,0.0038463369,0.3020737171,-0.0221756228,0.0082101523,-0.0083942644,-0.1000000015,0.0000000000,0.7599999905,0.0000000000,0.2477119118,0.0058136876,0.2062806189,0.0481849425,nan,nan,nan,nan,nan,nan,nan,nan,nan,nan,nan,nan,nan,-0.1133813560,-0.0853078365,0.3394143283,-0.0755050704,-0.0993123129,0.2241458446,0.0487264208,0.1912163645,0.7862856388,-0.1417598128,0.0054167630,0.8801282644,-1.1255996227,0.3586785197,0.0000000000,3.4990000725,3.4997067451,nan,nan,nan,nan,nan,nan,nan,nan,nan,nan,nan,nan,nan,0.0079256194,-0.0130169587,1.0723317862,5.5063648224,3.6066858768,8.1264410019
0.0203765072,0.0038463369,0.3020737171,-0.0221756228,0.0082101523,-0.0083942644,-0.1000000015,0.0000000000,0.7599999905,0.0000000000,0.2477119118,0.0058136876,0.2062806189,0.0481849425,nan,nan,nan,nan,nan,nan,nan,nan,nan,nan,nan,nan,nan,-0.1133813560,-0.0853078365,0.3394143283,-0.0755050704,-0.0993123129,0.2241458446,0.0487264208,0.1912163645,0.7862856388,-0.1417598128,0.0054167630,0.8801282644,-1.1255996227,0.3586785197,0.0000000000,3.4990000725,3.4997067451,nan,nan,nan,nan,nan,nan,nan,nan,nan,nan,nan,nan,nan,0.0079256194,-0.0130169587,1.0723317862,5.5063648224,3.6066858768,8.1264410019
0.0203765072,0.0038463369,0.3020737171,-0.0221756228,0.0082101523,-0.0083942644,-0.1000000015,0.0000000000,0.7599999905,0.0000000000,0.2477119118,0.0058136876,0.2062806189,0.0481849425,nan,nan,nan,nan,nan,nan,nan,nan,nan,nan,nan,nan,nan,-0.1133813560,-0.0853078365,0.3394143283,-0.0755050704,-0.0993123129,0.2241458446,0.0487264208,0.1912163645,0.7862856388,-0.1417598128,0.0054167630,0.8801282644,-1.1255996227,0.3586785197,0.0000000000,3.4990000725,3.4997067451,nan,nan,nan,nan,nan,nan,nan,nan,nan,nan,nan,nan,nan,0.0079256194,-0.0130169587,1.0723317862,5.5063648224,3.6066858768,8.1264410019
0.0203765072,0.0038463369,0.3020737171,-0.0221756228,0.0082101523,-0.0083942644,-0.1000000015,0.0000000000,0.7599999905,0.0000000000,0.2477119118,0.0058136876,0.2062806189,0.0481849425,nan,nan,nan,nan,nan,nan,nan,nan,nan,nan,nan,nan,nan,-0.1133813560,-0.0853078365,0.3394143283,-0.0755050704,-0.0993123129,0.2241458446,0.0487264208,0.1912163645,0.7862856388,-0.1417598128,0.0054167630,0.8801282644,-1.1255996227,0.3586785197,0.0000000000,3.4990000725,3.4997067451,nan,nan,nan,nan,nan,nan,nan,nan,nan,nan,nan,nan,nan,0.0079256194,-0.0130169587,1.0723317862,5.5063648224,3.6066858768,8.1264410019
0.0203765072,0.0038463369,0.3020737171,-0.0221756228,0.0082101523,-0.0083942644,-0.1000000015,0.0000000000,0.7599999905,0.0000000000,0.2477119118,0.0058136876,0.2062806189,0.0481849425,nan,nan,nan,nan,nan,nan,nan,nan,nan,nan,nan,nan,nan,-0.1133813560,-0.0853078365,0.3394143283,-0.0755050704,-0.0993123129,0.2241458446,0.0487264208,0.1912163645,0.7862856388,-0.1417598128,0.0054167630,0.8801282644,-1.1255996227,0.3586785197,0.0000000000,3.4990000725,3.4997067451,nan,nan,nan,nan,nan,nan,nan,nan,nan,nan,nan,nan,nan,0.0079256194,-0.0130169587,1.0723317862,5.5063648224,3.6066858768,8.1264410019
0.0203765072,0.0038463369,0.3020737171,-0.0221756228,0.0082101523,-0.0083942644,-0.1000000015,0.0000000000,0.7599999905,0.0000000000,0.2477119118,0.0058136876,0.2062806189,0.0481849425,nan,nan,nan,nan,nan,nan,nan,nan,nan,nan,nan,nan,nan,-0.1133813560,-0.0853078365,0.3394143283,-0.0755050704,-0.0993123129,0.2241458446,0.0487264208,0.1912163645,0.7862856388,-0.1417598128,0.0054167630,0.8801282644,-1.1255996227,0.3586785197,0.0000000000,3.4990000725,3.4997067451,nan,nan,nan,nan,nan,nan,nan,nan,nan,nan,nan,nan,nan,0.0079256194,-0.0130169587,1.0723317862,5.5063648224,3.6066858768,8.1264410019
0.0203765072,0.0038463369,0.3020737171,-0.0221756228,0.0082101523,-0.0083942644,-0.1000000015,0.0000000000,0.7599999905,0.0000000000,0.2477119118,0.0058136876,0.2062806189,0.0481849425,nan,nan,nan,nan,nan,nan,nan,nan,nan,nan,nan,nan,nan,-0.1133813560,-0.0853078365,0.3394143283,-0.0755050704,-0.0993123129,0.2241458446,0.0487264208,0.1912163645,0.7862856388,-0.1417598128,0.0054167630,0.8801282644,-1.1255996227,0.3586785197,0.0000000000,3.4990000725,3.4997067451,nan,nan,nan,nan,nan,nan,nan,nan,nan,nan,nan,nan,nan,0.0079256194,-0.0130169587,1.0723317862,5.5063648224,3.6066858768,8.1264410019
0.0203765072,0.0038463369,0.3020737171,-0.0221756228,0.0082101523,-0.0083942644,-0.1000000015,0.0000000000,0.7599999905,0.0000000000,0.2477119118,0.0058136876,0.2062806189,0.0481849425,nan,nan,nan,nan,nan,nan,nan,nan,nan,nan,nan,nan,nan,-0.1133813560,-0.0853078365,0.3394143283,-0.0755050704,-0.0993123129,0.2241458446,0.0487264208,0.1912163645,0.7862856388,-0.1417598128,0.0054167630,0.8801282644,-1.1255996227,0.3586785197,0.0000000000,3.4990000725,3.4997067451,nan,nan,nan,nan,nan,nan,nan,nan,nan,nan,nan,nan,nan,0.0079256194,-0.0130169587,1.0723317862,5.5063648224,3.6066858768,8.1264410019
0.0203765072,0.0038463369,0.3020737171,-0.0221756228,0.0082101523,-0.0083942644,-0.1000000015,0.0000000000,0.7599999905,0.0000000000,0.2477119118,0.0058136876,0.2062806189,0.0481849425,nan,nan,nan,nan,nan,nan,nan,nan,nan,nan,nan,nan,nan,-0.1133813560,-0.0853078365,0.3394143283,-0.0755050704,-0.0993123129,0.2241458446,0.0487264208,0.1912163645,0.7862856388,-0.1417598128,0.0054167630,0.8801282644,-1.1255996227,0.3586785197,0.0000000000,3.4990000725,3.4997067451,nan,nan,nan,nan,nan,nan,nan,nan,nan,nan,nan,nan,nan,0.0079256194,-0.0130169587,1.0723317862,5.5063648224,3.6066858768,8.1264410019
0.0203765072,0.0038463369,0.3020737171,-0.0221756228,0.0082101523,-0.0083942644,-0.1000000015,0.0000000000,0.7599999905,0.0000000000,0.2477119118,0.0058136876,0.2062806189,0.0481849425,nan,nan,nan,nan,nan,nan,nan,nan,nan,nan,nan,nan,nan,-0.1133813560,-0.0853078365,0.3394143283,-0.0755050704,-0.0993123129,0.2241458446,0.0487264208,0.1912163645,0.7862856388,-0.1417598128,0.0054167630,0.8801282644,-1.1255996227,0.3586785197,0.0000000000,3.4990000725,3.4997067451,nan,nan,nan,nan,nan,nan,nan,nan,nan,nan,nan,nan,nan,0.0079256194,-0.0130169587,1.0723317862,5.5063648224,3.6066858768,8.1264410019
0.0203765072,0.0038463369,0.3020737171,-0.0221756228,0.0082101523,-0.0083942644,-0.1000000015,0.0000000000,0.7599999905,0.0000000000,0.2477119118,0.0058136876,0.2062806189,0.0481849425,nan,nan,nan,nan,nan,nan,nan,nan,nan,nan,nan,nan,nan,-0.1133813560,-0.0853078365,0.3394143283,-0.0755050704,-0.0993123129,0.2241458446,0.0487264208,0.1912163645,0.7862856388,-0.1417598128,0.0054167630,0.8801282644,-1.1255996227,0.3586785197,0.0000000000,3.4990000725,3.4997067451,nan,nan,nan,nan,nan,nan,nan,nan,nan,nan,nan,nan,nan,0.0079256194,-0.0130169587,1.0723317862,5.5063648224,3.6066858768,8.1264410019
0.0203765072,0.0038463369,0.3020737171,-0.0221756228,0.0082101523,-0.0083942644,-0.1000000015,0.0000000000,0.7599999905,0.0000000000,0.2477119118,0.0058136876,0.2062806189,0.0481849425,nan,nan,nan,nan,nan,nan,nan,nan,nan,nan,nan,nan,nan,-0.1133813560,-0.0853078365,0.3394143283,-0.0755050704,-0.0993123129,0.2241458446,0.0487264208,0.1912163645,0.7862856388,-0.1417598128,0.0054167630,0.8801282644,-1.1255996227,0.3586785197,0.0000000000,3.4990000725,3.4997067451,nan,nan,nan,nan,nan,nan,nan,nan,nan,nan,nan,nan,nan,0.0079256194,-0.0130169587,1.0723317862,5.5063648224,3.6066858768,8.1264410019
0.0203765072,0.0038463369,0.3020737171,-0.0221756228,0.0082101523,-0.0083942644,-0.1000000015,0.0000000000,0.7599999905,0.0000000000,0.2477119118,0.0058136876,0.2062806189,0.0481849425,nan,nan,nan,nan,nan,nan,nan,nan,nan,nan,nan,nan,nan,-0.1133813560,-0.0853078365,0.3394143283,-0.0755050704,-0.0993123129,0.2241458446,0.0487264208,0.1912163645,0.7862856388,-0.1417598128,0.0054167630,0.8801282644,-1.1255996227,0.3586785197,0.0000000000,3.4990000725,3.4997067451,nan,nan,nan,nan,nan,nan,nan,nan,nan,nan,nan,nan,nan,0.0079256194,-0.0130169587,1.0723317862,5.5063648224,3.6066858768,8.1264410019
0.0203765072,0.0038463369,0.3020737171,-0.0221756228,0.0082101523,-0.0083942644,-0.1000000015,0.0000000000,0.7599999905,0.0000000000,0.2477119118,0.0058136876,0.2062806189,0.0481849425,nan,nan,nan,nan,nan,nan,nan,nan,nan,nan,nan,nan,nan,-0.1133813560,-0.0853078365,0.3394143283,-0.0755050704,-0.0993123129,0.2241458446,0.0487264208,0.1912163645,0.7862856388,-0.1417598128,0.0054167630,0.8801282644,-1.1255996227,0.3586785197,0.0000000000,3.4990000725,3.4997067451,nan,nan,nan,nan,nan,nan,nan,nan,nan,nan,nan,nan,nan,0.0079256194,-0.0130169587,1.0723317862,5.5063648224,3.6066858768,8.1264410019
0.0203765072,0.0038463369,0.3020737171,-0.0221756228,0.0082101523,-0.0083942644,-0.1000000015,0.0000000000,0.7599999905,0.0000000000,0.2477119118,0.0058136876,0.2062806189,0.0481849425,nan,nan,nan,nan,nan,nan,nan,nan,nan,nan,nan,nan,nan,-0.1133813560,-0.0853078365,0.3394143283,-0.0755050704,-0.0993123129,0.2241458446,0.0487264208,0.1912163645,0.7862856388,-0.1417598128,0.0054167630,0.8801282644,-1.1255996227,0.3586785197,0.0000000000,3.4990000725,3.4997067451,nan,nan,nan,nan,nan,nan,nan,nan,nan,nan,nan,nan,nan,0.0079256194,-0.0130169587,1.0723317862,5.5063648224,3.6066858768,8.1264410019
0.0203765072,0.0038463369,0.3020737171,-0.0221756228,0.0082101523,-0.0083942644,-0.1000000015,0.0000000000,0.7599999905,0.0000000000,0.2477119118,0.0058136876,0.2062806189,0.0481849425,nan,nan,nan,nan,nan,nan,nan,nan,nan,nan,nan,nan,nan,-0.1133813560,-0.0853078365,0.3394143283,-0.0755050704,-0.0993123129,0.2241458446,0.0487264208,0.1912163645,0.7862856388,-0.1417598128,0.0054167630,0.8801282644,-1.1255996227,0.3586785197,0.0000000000,3.4990000725,3.4997067451,nan,nan,nan,nan,nan,nan,nan,nan,nan,nan,nan,nan,nan,0.0079256194,-0.0130169587,1.0723317862,5.5063648224,3.6066858768,8.1264410019
0.0203765072,0.0038463369,0.3020737171,-0.0221756228,0.0082101523,-0.0083942644,-0.1000000015,0.0000000000,0.7599999905,0.0000000000,0.2477119118,0.0058136876,0.2062806189,0.0481849425,nan,nan,nan,nan,nan,nan,nan,nan,nan,nan,nan,nan,nan,-0.1133813560,-0.0853078365,0.3394143283,-0.0755050704,-0.0993123129,0.2241458446,0.0487264208,0.1912163645,0.7862856388,-0.1417598128,0.0054167630,0.8801282644,-1.1255996227,0.3586785197,0.0000000000,3.4990000725,3.4997067451,nan,nan,nan,nan,nan,nan,nan,nan,nan,nan,nan,nan,nan,0.0079256194,-0.0130169587,1.0723317862,5.5063648224,3.6066858768,8.1264410019
0.0203765072,0.0038463369,0.3020737171,-0.0221756228,0.0082101523,-0.0083942644,-0.1000000015,0.0000000000,0.7599999905,0.0000000000,0.2477119118,0.0058136876,0.2062806189,0.0481849425,nan,nan,nan,nan,nan,nan,nan,nan,nan,nan,nan,nan,nan,-0.1133813560,-0.0853078365,0.3394143283,-0.0755050704,-0.0993123129,0.2241458446,0.0487264208,0.1912163645,0.7862856388,-0.1417598128,0.0054167630,0.8801282644,-1.1255996227,0.3586785197,0.0000000000,3.4990000725,3.4997067451,nan,nan,nan,nan,nan,nan,nan,nan,nan,nan,nan,nan,nan,0.0079256194,-0.0130169587,1.0723317862,5.5063648224,3.6066858768,8.1264410019
0.0203765072,0.0038463369,0.3020737171,-0.0221756228,0.0082101523,-0.0083942644,-0.1000000015,0.0000000000,0.7599999905,0.0000000000,0.2477119118,0.0058136876,0.2062806189,0.0481849425,nan,nan,nan,nan,nan,nan,nan,nan,nan,nan,nan,nan,nan,-0.1133813560,-0.0853078365,0.3394143283,-0.0755050704,-0.0993123129,0.2241458446,0.0487264208,0.1912163645,0.7862856388,-0.1417598128,0.0054167630,0.8801282644,-1.1255996227,0.3586785197,0.0000000000,3.4990000725,3.4997067451,nan,nan,nan,nan,nan,nan,nan,nan,nan,nan,nan,nan,nan,0.0079256194,-0.0130169587,1.0723317862,5.5063648224,3.6066858768,8.1264410019
0.0203765072,0.0038463369,0.3020737171,-0.0221756228,0.0082101523,-0.0083942644,-0.1000000015,0.0000000000,0.7599999905,0.0000000000,0.2477119118,0.0058136876,0.2062806189,0.0481849425,nan,nan,nan,nan,nan,nan,nan,nan,nan,nan,nan,nan,nan,-0.1133813560,-0.0853078365,0.3394143283,-0.0755050704,-0.0993123129,0.2241458446,0.0487264208,0.1912163645,0.7862856388,-0.1417598128,0.0054167630,0.8801282644,-1.1255996227,0.3586785197,0.0000000000,3.4990000725,3.4997067451,nan,nan,nan,nan,nan,nan,nan,nan,nan,nan,nan,nan,nan,0.0079256194,-0.0130169587,1.0723317862,5.5063648224,3.6066858768,8.1264410019
0.0203765072,0.0038463369,0.3020737171,-0.0221756228,0.0082101523,-0.0083942644,-0.1000000015,0.0000000000,0.7599999905,0.0000000000,0.2477119118,0.0058136876,0.2062806189,0.0481849425,nan,nan,nan,nan,nan,nan,nan,nan,nan,nan,nan,nan,nan,-0.1133813560,-0.0853078365,0.3394143283,-0.0755050704,-0.0993123129,0.2241458446,0.0487264208,0.1912163645,0.7862856388,-0.1417598128,0.0054167630,0.8801282644,-1.1255996227,0.3586785197,0.0000000000,3.4990000725,3.4997067451,nan,nan,nan,nan,nan,nan,nan,nan,nan,nan,nan,nan,nan,0.0079256194,-0.0130169587,1.0723317862,5.5063648224,3.6066858768,8.1264410019
0.0203765072,0.0038463369,0.3020737171,-0.0221756228,0.0082101523,-0.0083942644,-0.1000000015,0.0000000000,0.7599999905,0.0000000000,0.2477119118,0.0058136876,0.2062806189,0.0481849425,nan,nan,nan,nan,nan,nan,nan,nan,nan,nan,nan,nan,nan,-0.1133813560,-0.0853078365,0.3394143283,-0.0755050704,-0.0993123129,0.2241458446,0.0487264208,0.1912163645,0.7862856388,-0.1417598128,0.0054167630,0.8801282644,-1.1255996227,0.3586785197,0.0000000000,3.4990000725,3.4997067451,nan,nan,nan,nan,nan,nan,nan,nan,nan,nan,nan,nan,nan,0.0079256194,-0.0130169587,1.0723317862,5.5063648224,3.6066858768,8.1264410019
