t_sec,pose_x,pose_y,pose_z,pose_roll,pose_pitch,pose_yaw,status_battery_voltage,raw_battery_voltage,filt_battery_voltage,cmd_x,cmd_y,cmd_z,cmd_yaw,est_vx,est_vy,est_vz,est_ax,est_ay,est_az,gyro_x,gyro_y,gyro_z,angAcc_x,angAcc_y,angAcc_z,velDes_vx,velDes_vy,velDes_vz,attDes_roll,attDes_pitch,attDes_yaw,motor_f1,motor_f2,motor_f3,motor_f4,motor_f1_scaled,motor_f2_scaled,motor_f3_scaled,motor_f4_scaled,bodyInFx,bodyInFy,bodyInFz,droneWorldFx,droneWorldFy,droneWorldFz,droneWorldFx_scaled,droneWorldFy_scaled,droneWorldFz_scaled,zero_bias_count,rateDes_roll,rateDes_pitch,rateDes_yaw,age_pose,age_status,age_cf_voltage,age_cmd_position,age_stateEstimate_velocity,age_stateEstimate_acc,age_gyro_feedback,age_vel_des,age_att_des,age_rate_des,age_cf_motor_force,age_cf_motor_force_scaled,age_cf_body_input_force,age_cf_world_force,age_cf_F_input_scaled,age_cf_zero_bias_dbg,validity_bitmask
1779239121.6703283787,-0.0117205698,0.1028584763,0.0909052044,-0.0110970443,0.0802790102,-0.0004456738,nan,nan,nan,nan,nan,nan,nan,nan,nan,nan,nan,nan,nan,nan,nan,nan,nan,nan,nan,nan,nan,nan,nan,nan,nan,nan,nan,nan,nan,nan,nan,nan,nan,nan,nan,nan,nan,nan,nan,nan,nan,nan,nan,nan,nan,nan,0.0000309944,inf,inf,inf,inf,inf,inf,inf,inf,inf,inf,inf,inf,inf,inf,inf,5
1779239121.6804859638,-0.0117205698,0.1028584763,0.0909052044,-0.0110970443,0.0802790102,-0.0004456738,nan,nan,nan,nan,nan,nan,nan,nan,nan,nan,nan,nan,nan,nan,nan,nan,nan,nan,nan,nan,nan,nan,nan,nan,nan,nan,nan,nan,nan,nan,nan,nan,nan,nan,nan,nan,nan,nan,nan,nan,nan,nan,nan,nan,nan,nan,0.0101885796,inf,inf,inf,inf,inf,inf,inf,inf,inf,inf,inf,inf,inf,inf,inf,7
1779239121.6902623177,-0.0117205698,0.1028584763,0.0909052044,-0.0110970443,0.0802790102,-0.0004456738,nan,nan,nan,nan,nan,nan,nan,nan,nan,nan,nan,nan,nan,nan,nan,nan,nan,nan,nan,nan,nan,nan,nan,nan,nan,nan,nan,nan,nan,nan,nan,nan,nan,nan,nan,nan,nan,nan,nan,nan,nan,nan,nan,nan,nan,nan,0.0199649334,inf,inf,inf,inf,inf,inf,inf,inf,inf,inf,inf,inf,inf,inf,inf,7
1779239121.7002406120,-0.0117205698,0.1028584763,0.0909052044,-0.0110970443,0.0802790102,-0.0004456738,nan,nan,nan,nan,nan,nan,nan,nan,nan,nan,nan,nan,nan,nan,nan,nan,nan,nan,nan,nan,nan,nan,nan,nan,nan,nan,nan,nan,nan,nan,nan,nan,nan,nan,nan,nan,nan,nan,nan,nan,nan,nan,nan,nan,nan,nan,0.0299432278,inf,inf,inf,inf,inf,inf,inf,inf,inf,inf,inf,inf,inf,inf,inf,7
1779239121.7102663517,-0.0125564262,0.1028213203,0.0908489376,-0.0110970443,0.0802790102,-0.0004456738,nan,nan,nan,nan,nan,nan,nan,nan,nan,nan,nan,nan,nan,nan,nan,nan,nan,nan,nan,0.0000000000,0.0000000000,0.0000000000,nan,nan,nan,nan,nan,nan,nan,nan,nan,nan,nan,nan,nan,nan,nan,nan,nan,nan,nan,nan,nan,nan,nan,nan,0.0000698566,inf,inf,inf,inf,inf,inf,0.0000083447,inf,inf,inf,inf,inf,inf,inf,inf,519
1779239121.7202668190,-0.0125564262,0.1028213203,0.0908489376,-0.0110970443,0.0802790102,-0.0004456738,nan,nan,nan,nan,nan,nan,nan,nan,nan,nan,nan,nan,nan,nan,nan,nan,nan,nan,nan,0.0000000000,0.0000000000,0.0000000000,nan,nan,nan,nan,nan,nan,nan,nan,nan,nan,nan,nan,nan,nan,nan,nan,nan,nan,nan,nan,nan,nan,nan,nan,0.0100703239,inf,inf,inf,inf,inf,inf,0.0100088120,inf,inf,inf,inf,inf,inf,inf,inf,519
1779239121.7302372456,-0.0125564262,0.1028213203,0.0908489376,-0.0110970443,0.0802790102,-0.0004456738,nan,nan,nan,nan,nan,nan,nan,nan,nan,nan,nan,nan,nan,nan,nan,nan,nan,nan,nan,0.0000000000,0.0000000000,0.0000000000,nan,nan,nan,nan,nan,nan,nan,nan,nan,nan,nan,nan,nan,nan,nan,nan,nan,nan,nan,nan,nan,nan,nan,nan,0.0200407505,inf,inf,inf,inf,inf,inf,0.0199792385,inf,inf,inf,inf,inf,inf,inf,inf,519
1779239121.7402369976,-0.0125564262,0.1028213203,0.0908489376,-0.0110970443,0.0802790102,-0.0004456738,nan,nan,nan,nan,nan,nan,nan,nan,nan,nan,nan,nan,nan,nan,nan,nan,nan,nan,nan,0.0000000000,0.0000000000,0.0000000000,nan,nan,nan,nan,nan,nan,nan,nan,nan,nan,nan,nan,nan,nan,nan,nan,nan,nan,nan,nan,nan,nan,nan,nan,0.0300405025,inf,inf,inf,inf,inf,inf,0.0299789906,inf,inf,inf,inf,inf,inf,inf,inf,519
1779239121.7502520084,-0.0125564262,0.1028213203,0.0908489376,-0.0110970443,0.0802790102,-0.0004456738,nan,nan,nan,nan,nan,nan,nan,nan,nan,nan,nan,nan,nan,nan,nan,nan,nan,nan,nan,0.0000000000,0.0000000000,0.0000000000,nan,nan,nan,nan,nan,nan,nan,nan,nan,nan,nan,nan,nan,nan,nan,nan,nan,nan,nan,nan,nan,nan,nan,nan,0.0400555134,inf,inf,inf,inf,inf,inf,0.0399940014,inf,inf,inf,inf,inf,inf,inf,inf,519
1779239121.7602109909,-0.0135683287,0.1027639732,0.0907900631,-0.0110970443,0.0802790102,-0.0004456738,nan,nan,nan,nan,nan,nan,nan,nan,nan,nan,nan,nan,nan,nan,nan,nan,nan,nan,nan,0.0000000000,0.0000000000,0.0000000000,0.0000000000,0.0000000000,0.0153807933,nan,nan,nan,nan,nan,nan,nan,nan,nan,nan,nan,nan,nan,nan,nan,nan,nan,nan,nan,nan,nan,0.0000224113,inf,inf,inf,inf,inf,inf,0.0499529839,0.0000066757,inf,inf,inf,inf,inf,inf,inf,1543
1779239121.7702643871,-0.0135683287,0.1027639732,0.0907900631,-0.0110970443,0.0802790102,-0.0004456738,nan,nan,nan,nan,nan,nan,nan,nan,nan,nan,nan,nan,nan,nan,nan,nan,nan,nan,nan,0.0000000000,0.0000000000,0.0000000000,0.0000000000,0.0000000000,0.0153807933,nan,nan,nan,nan,nan,nan,nan,nan,nan,nan,nan,nan,nan,nan,nan,nan,nan,nan,nan,nan,nan,0.0100758076,inf,inf,inf,inf,inf,inf,0.0600063801,0.0100600719,inf,inf,inf,inf,inf,inf,inf,1543
1779239121.7802207470,-0.0135683287,0.1027639732,0.0907900631,-0.0110970443,0.0802790102,-0.0004456738,nan,nan,nan,nan,nan,nan,nan,nan,nan,nan,nan,nan,nan,nan,nan,nan,nan,nan,nan,0.0000000000,0.0000000000,0.0000000000,0.0000000000,0.0000000000,0.0153807933,nan,nan,nan,nan,nan,nan,nan,nan,nan,nan,nan,nan,nan,nan,nan,nan,nan,nan,nan,nan,nan,0.0200321674,inf,inf,inf,inf,inf,inf,0.0699627399,0.0200164318,inf,inf,inf,inf,inf,inf,inf,1543
1779239121.7902808189,-0.0135683287,0.1027639732,0.0907900631,-0.0110970443,0.0802790102,-0.0004456738,nan,nan,nan,nan,nan,nan,nan,nan,nan,nan,nan,nan,nan,nan,nan,nan,nan,nan,nan,0.0000000000,0.0000000000,0.0000000000,0.0000000000,0.0000000000,0.0153807933,nan,nan,nan,nan,nan,nan,nan,nan,nan,nan,nan,nan,nan,nan,nan,nan,nan,nan,nan,nan,nan,0.0300922394,inf,inf,inf,inf,inf,inf,0.0800228119,0.0300765038,inf,inf,inf,inf,inf,inf,inf,1543
1779239121.8002357483,-0.0135683287,0.1027639732,0.0907900631,-0.0110970443,0.0802790102,-0.0004456738,nan,nan,nan,nan,nan,nan,nan,nan,nan,nan,nan,nan,nan,nan,nan,nan,nan,nan,nan,0.0000000000,0.0000000000,0.0000000000,0.0000000000,0.0000000000,0.0153807933,nan,nan,nan,nan,nan,nan,nan,nan,nan,nan,nan,nan,nan,nan,nan,nan,nan,nan,nan,nan,nan,0.0400471687,inf,inf,inf,inf,inf,inf,0.0899777412,0.0400314331,inf,inf,inf,inf,inf,inf,inf,1543
1779239121.8103199005,-0.0107375029,0.1029417813,0.0910002962,-0.0110970443,0.0802790102,-0.0004456738,nan,nan,nan,nan,nan,nan,nan,nan,nan,nan,nan,nan,nan,nan,nan,nan,nan,nan,nan,0.0000000000,0.0000000000,0.0000000000,0.0000000000,0.0000000000,0.0153807933,nan,nan,nan,nan,nan,nan,nan,nan,nan,nan,nan,nan,nan,nan,nan,nan,nan,nan,nan,nan,nan,0.0000455379,inf,inf,inf,inf,inf,inf,0.0000147820,0.0501155853,inf,inf,inf,inf,inf,inf,inf,1543
1779239121.8202934265,-0.0107375029,0.1029417813,0.0910002962,-0.0110970443,0.0802790102,-0.0004456738,nan,nan,nan,nan,nan,nan,nan,nan,nan,nan,nan,nan,nan,nan,nan,nan,nan,nan,nan,0.0000000000,0.0000000000,0.0000000000,0.0000000000,0.0000000000,0.0153807933,nan,nan,nan,nan,nan,nan,nan,nan,nan,nan,nan,nan,nan,nan,nan,nan,nan,nan,nan,nan,nan,0.0100190639,inf,inf,inf,inf,inf,inf,0.0099883080,0.0600891113,inf,inf,inf,inf,inf,inf,inf,1543
1779239121.8304162025,-0.0107375029,0.1029417813,0.0910002962,-0.0110970443,0.0802790102,-0.0004456738,nan,nan,nan,nan,nan,nan,nan,nan,nan,nan,nan,nan,nan,nan,nan,nan,nan,nan,nan,0.0000000000,0.0000000000,0.0000000000,0.0000000000,0.0000000000,0.0153807933,nan,nan,nan,nan,nan,nan,nan,nan,nan,nan,nan,nan,nan,nan,nan,nan,nan,nan,nan,nan,nan,0.0201418400,inf,inf,inf,inf,inf,inf,0.0201110840,0.0702118874,inf,inf,inf,inf,inf,inf,inf,1543
1779239121.8403716087,-0.0107375029,0.1029417813,0.0910002962,-0.0110970443,0.0802790102,-0.0004456738,nan,nan,nan,nan,nan,nan,nan,nan,nan,nan,nan,nan,nan,nan,nan,nan,nan,nan,nan,0.0000000000,0.0000000000,0.0000000000,0.0000000000,0.0000000000,0.0153807933,nan,nan,nan,nan,nan,nan,nan,nan,nan,nan,nan,nan,nan,nan,nan,nan,nan,nan,nan,nan,nan,0.0300972462,inf,inf,inf,inf,inf,inf,0.0300664902,0.0801672935,inf,inf,inf,inf,inf,inf,inf,1543
1779239121.8502852917,-0.0107375029,0.1029417813,0.0910002962,-0.0110970443,0.0802790102,-0.0004456738,nan,nan,nan,nan,nan,nan,nan,nan,nan,nan,nan,nan,nan,nan,nan,nan,nan,nan,nan,0.0000000000,0.0000000000,0.0000000000,0.0000000000,0.0000000000,0.0153807933,nan,nan,nan,nan,nan,nan,nan,nan,nan,nan,nan,nan,nan,nan,nan,nan,nan,nan,nan,nan,nan,0.0400109291,inf,inf,inf,inf,inf,inf,0.0399801731,0.0900809765,inf,inf,inf,inf,inf,inf,inf,1543
1779239121.8603873253,-0.0103835966,0.1029573977,0.0910063908,-0.0110970443,0.0802790102,-0.0004456738,nan,nan,nan,nan,nan,nan,nan,nan,nan,nan,nan,nan,nan,nan,nan,nan,nan,nan,nan,0.0000000000,0.0000000000,0.0000000000,0.0000000000,0.0000000000,0.0107857874,nan,nan,nan,nan,nan,nan,nan,nan,nan,nan,nan,nan,nan,nan,nan,nan,nan,nan,nan,nan,nan,0.0000562668,inf,inf,inf,inf,inf,inf,0.0500822067,0.0000188351,inf,inf,inf,inf,inf,inf,inf,1543
1779239121.8703148365,-0.0103835966,0.1029573977,0.0910063908,-0.0110970443,0.0802790102,-0.0004456738,nan,nan,nan,nan,nan,nan,nan,nan,nan,nan,nan,nan,nan,nan,nan,nan,nan,nan,nan,0.0000000000,0.0000000000,0.0000000000,0.0000000000,0.0000000000,0.0107857874,nan,nan,nan,nan,nan,nan,nan,nan,nan,nan,nan,nan,nan,nan,nan,nan,nan,nan,nan,nan,nan,0.0099837780,inf,inf,inf,inf,inf,inf,0.0600097179,0.0099463463,inf,inf,inf,inf,inf,inf,inf,1543
1779239121.8803405762,-0.0103835966,0.1029573977,0.0910063908,-0.0110970443,0.0802790102,-0.0004456738,nan,nan,nan,nan,nan,nan,nan,nan,nan,nan,nan,nan,nan,nan,nan,nan,nan,nan,nan,0.0000000000,0.0000000000,0.0000000000,0.0000000000,0.0000000000,0.0107857874,nan,nan,nan,nan,nan,nan,nan,nan,nan,nan,nan,nan,nan,nan,nan,nan,nan,nan,nan,nan,nan,0.0200095177,inf,inf,inf,inf,inf,inf,0.0700354576,0.0199720860,inf,inf,inf,inf,inf,inf,inf,1543
1779239121.8903052807,-0.0103835966,0.1029573977,0.0910063908,-0.0110970443,0.0802790102,-0.0004456738,nan,nan,nan,nan,nan,nan,nan,nan,nan,nan,nan,nan,nan,nan,nan,nan,nan,nan,nan,0.0000000000,0.0000000000,0.0000000000,0.0000000000,0.0000000000,0.0107857874,nan,nan,nan,nan,nan,nan,nan,nan,nan,nan,nan,nan,nan,nan,nan,nan,nan,nan,nan,nan,nan,0.0299742222,inf,inf,inf,inf,inf,inf,0.0800001621,0.0299367905,inf,inf,inf,inf,inf,inf,inf,1543
1779239121.9002299309,-0.0103835966,0.1029573977,0.0910063908,-0.0110970443,0.0802790102,-0.0004456738,nan,nan,nan,nan,nan,nan,nan,nan,nan,nan,nan,nan,nan,nan,nan,nan,nan,nan,nan,0.0000000000,0.0000000000,0.0000000000,0.0000000000,0.0000000000,0.0107857874,nan,nan,nan,nan,nan,nan,nan,nan,nan,nan,nan,nan,nan,nan,nan,nan,nan,nan,nan,nan,nan,0.0398988724,inf,inf,inf,inf,inf,inf,0.0899248123,0.0398614407,inf,inf,inf,inf,inf,inf,inf,1543
1779239121.9102692604,-0.0108663132,0.1028795391,0.0909949020,-0.0110970443,0.0802790102,-0.0004456738,nan,nan,nan,nan,nan,nan,nan,nan,nan,nan,nan,nan,nan,nan,nan,nan,nan,nan,nan,0.0000000000,0.0000000000,0.0000000000,0.0000000000,0.0000000000,0.0107857874,nan,nan,nan,nan,nan,nan,nan,nan,nan,nan,nan,nan,nan,nan,nan,nan,nan,nan,nan,nan,nan,0.0000240803,inf,inf,inf,inf,inf,inf,0.0000081062,0.0499007702,inf,inf,inf,inf,inf,inf,inf,1543
1779239121.9211552143,-0.0108663132,0.1028795391,0.0909949020,-0.0110970443,0.0802790102,-0.0004456738,nan,nan,nan,nan,nan,nan,nan,nan,nan,nan,nan,nan,nan,nan,nan,nan,nan,nan,nan,0.0000000000,0.0000000000,0.0000000000,0.0000000000,0.0000000000,0.0107857874,nan,nan,nan,nan,nan,nan,nan,nan,nan,nan,nan,nan,nan,nan,nan,nan,nan,nan,nan,nan,nan,0.0109100342,inf,inf,inf,inf,inf,inf,0.0108940601,0.0607867241,inf,inf,inf,inf,inf,inf,inf,1543
1779239121.9303038120,-0.0108663132,0.1028795391,0.0909949020,-0.0110970443,0.0802790102,-0.0004456738,nan,nan,nan,nan,nan,nan,nan,nan,nan,nan,nan,nan,nan,nan,nan,nan,nan,nan,nan,0.0000000000,0.0000000000,0.0000000000,0.0000000000,0.0000000000,0.0107857874,nan,nan,nan,nan,nan,nan,nan,nan,nan,nan,nan,nan,nan,nan,nan,nan,nan,nan,nan,nan,nan,0.0200586319,inf,inf,inf,inf,inf,inf,0.0200426579,0.0699353218,inf,inf,inf,inf,inf,inf,inf,1543
1779239121.9403223991,-0.0108663132,0.1028795391,0.0909949020,-0.0110970443,0.0802790102,-0.0004456738,nan,nan,nan,nan,nan,nan,nan,nan,nan,nan,nan,nan,nan,nan,nan,nan,nan,nan,nan,0.0000000000,0.0000000000,0.0000000000,0.0000000000,0.0000000000,0.0107857874,nan,nan,nan,nan,nan,nan,nan,nan,nan,nan,nan,nan,nan,nan,nan,nan,nan,nan,nan,nan,nan,0.0300772190,inf,inf,inf,inf,inf,inf,0.0300612450,0.0799539089,inf,inf,inf,inf,inf,inf,inf,1543
1779239121.9503154755,-0.0108663132,0.1028795391,0.0909949020,-0.0110970443,0.0802790102,-0.0004456738,nan,nan,nan,nan,nan,nan,nan,nan,nan,nan,nan,nan,nan,nan,nan,nan,nan,nan,nan,0.0000000000,0.0000000000,0.0000000000,0.0000000000,0.0000000000,0.0107857874,nan,nan,nan,nan,nan,nan,nan,nan,nan,nan,nan,nan,nan,nan,nan,nan,nan,nan,nan,nan,nan,0.0400702953,inf,inf,inf,inf,inf,inf,0.0400543213,0.0899469852,inf,inf,inf,inf,inf,inf,inf,1543
1779239121.9602251053,-0.0108663132,0.1028795391,0.0909949020,-0.0110970443,0.0802790102,-0.0004456738,nan,nan,nan,nan,nan,nan,nan,nan,nan,nan,nan,nan,nan,nan,nan,nan,nan,nan,nan,0.0000000000,0.0000000000,0.0000000000,0.0000000000,0.0000000000,0.0142635889,nan,nan,nan,nan,nan,nan,nan,nan,nan,nan,nan,nan,nan,nan,nan,nan,nan,nan,nan,nan,nan,0.0499799252,inf,inf,inf,inf,inf,inf,0.0499639511,0.0000095367,inf,inf,inf,inf,inf,inf,inf,1543
1779239121.9702558517,-0.0114851892,0.1027865782,0.0909847766,-0.0110970443,0.0802790102,-0.0004456738,nan,nan,nan,nan,nan,nan,nan,nan,nan,nan,nan,nan,nan,nan,nan,nan,nan,nan,nan,0.0000000000,0.0000000000,0.0000000000,0.0000000000,0.0000000000,0.0142635889,nan,nan,nan,nan,nan,nan,nan,nan,nan,nan,nan,nan,nan,nan,nan,nan,nan,nan,nan,nan,nan,0.0000112057,inf,inf,inf,inf,inf,inf,0.0599946976,0.0100402832,inf,inf,inf,inf,inf,inf,inf,1543
1779239121.9802780151,-0.0114851892,0.1027865782,0.0909847766,-0.0110970443,0.0802790102,-0.0004456738,nan,nan,nan,nan,nan,nan,nan,nan,nan,nan,nan,nan,nan,nan,nan,nan,nan,nan,nan,0.0000000000,0.0000000000,0.0000000000,0.0000000000,0.0000000000,0.0142635889,nan,nan,nan,nan,nan,nan,nan,nan,nan,nan,nan,nan,nan,nan,nan,nan,nan,nan,nan,nan,nan,0.0100333691,inf,inf,inf,inf,inf,inf,0.0700168610,0.0200624466,inf,inf,inf,inf,inf,inf,inf,1543
1779239121.9903743267,-0.0114851892,0.1027865782,0.0909847766,-0.0110970443,0.0802790102,-0.0004456738,nan,nan,nan,nan,nan,nan,nan,nan,nan,nan,nan,nan,nan,nan,nan,nan,nan,nan,nan,0.0000000000,0.0000000000,0.0000000000,0.0000000000,0.0000000000,0.0142635889,nan,nan,nan,nan,nan,nan,nan,nan,nan,nan,nan,nan,nan,nan,nan,nan,nan,nan,nan,nan,nan,0.0201296806,inf,inf,inf,inf,inf,inf,0.0801131725,0.0301587582,inf,inf,inf,inf,inf,inf,inf,1543
1779239122.0002851486,-0.0114851892,0.1027865782,0.0909847766,-0.0110970443,0.0802790102,-0.0004456738,nan,nan,nan,nan,nan,nan,nan,nan,nan,nan,nan,nan,nan,nan,nan,nan,nan,nan,nan,0.0000000000,0.0000000000,0.0000000000,0.0000000000,0.0000000000,0.0142635889,nan,nan,nan,nan,nan,nan,nan,nan,nan,nan,nan,nan,nan,nan,nan,nan,nan,nan,nan,nan,nan,0.0300405025,inf,inf,inf,inf,inf,inf,0.0900239944,0.0400695801,inf,inf,inf,inf,inf,inf,inf,1543
1779239122.0102906227,-0.0102470350,0.1029600129,0.0910053179,-0.0110970443,0.0802790102,-0.0004456738,nan,nan,nan,nan,nan,nan,nan,nan,nan,nan,nan,nan,nan,nan,nan,nan,nan,nan,nan,0.0000000000,0.0000000000,0.0000000000,0.0000000000,0.0000000000,0.0142635889,nan,nan,nan,nan,nan,nan,nan,nan,nan,nan,nan,nan,nan,nan,nan,nan,nan,nan,nan,nan,nan,0.0000336170,inf,inf,inf,inf,inf,inf,0.0000109673,0.0500750542,inf,inf,inf,inf,inf,inf,inf,1543
1779239122.0218625069,-0.0102470350,0.1029600129,0.0910053179,-0.0110970443,0.0802790102,-0.0004456738,nan,nan,nan,nan,nan,nan,nan,nan,nan,nan,nan,nan,nan,nan,nan,nan,nan,nan,nan,0.0000000000,0.0000000000,0.0000000000,0.0000000000,0.0000000000,0.0142635889,nan,nan,nan,nan,nan,nan,nan,nan,nan,nan,nan,nan,nan,nan,nan,nan,nan,nan,nan,nan,nan,0.0116055012,inf,inf,inf,inf,inf,inf,0.0115828514,0.0616469383,inf,inf,inf,inf,inf,inf,inf,1543
1779239122.0320782661,-0.0102470350,0.1029600129,0.0910053179,-0.0110970443,0.0802790102,-0.0004456738,nan,nan,nan,nan,nan,nan,nan,nan,nan,nan,nan,nan,nan,nan,nan,nan,nan,nan,nan,0.0000000000,0.0000000000,0.0000000000,0.0000000000,0.0000000000,0.0142635889,nan,nan,nan,nan,nan,nan,nan,nan,nan,nan,nan,nan,nan,nan,nan,nan,nan,nan,nan,nan,nan,0.0218212605,inf,inf,inf,inf,inf,inf,0.0217986107,0.0718626976,inf,inf,inf,inf,inf,inf,inf,1543
1779239122.0407552719,-0.0102470350,0.1029600129,0.0910053179,-0.0110970443,0.0802790102,-0.0004456738,nan,nan,nan,nan,nan,nan,nan,nan,nan,nan,nan,nan,nan,nan,nan,nan,nan,nan,nan,0.0000000000,0.0000000000,0.0000000000,0.0000000000,0.0000000000,0.0142635889,nan,nan,nan,nan,nan,nan,nan,nan,nan,nan,nan,nan,nan,nan,nan,nan,nan,nan,nan,nan,nan,0.0304982662,inf,inf,inf,inf,inf,inf,0.0304756165,0.0805397034,inf,inf,inf,inf,inf,inf,inf,1543
1779239122.0508143902,-0.0102470350,0.1029600129,0.0910053179,-0.0110970443,0.0802790102,-0.0004456738,nan,nan,nan,nan,nan,nan,nan,nan,nan,nan,nan,nan,nan,nan,nan,nan,nan,nan,nan,0.0000000000,0.0000000000,0.0000000000,0.0000000000,0.0000000000,0.0142635889,nan,nan,nan,nan,nan,nan,nan,nan,nan,nan,nan,nan,nan,nan,nan,nan,nan,nan,nan,nan,nan,0.0405573845,inf,inf,inf,inf,inf,inf,0.0405347347,0.0905988216,inf,inf,inf,inf,inf,inf,inf,1543
1779239122.0604560375,-0.0102470350,0.1029600129,0.0910053179,-0.0110970443,0.0802790102,-0.0004456738,nan,nan,nan,nan,nan,nan,nan,nan,nan,nan,nan,nan,nan,nan,nan,nan,nan,nan,nan,0.0000000000,0.0000000000,0.0000000000,0.0000000000,0.0000000000,0.0144966152,nan,nan,nan,nan,nan,nan,nan,nan,nan,nan,nan,nan,nan,nan,nan,nan,nan,nan,nan,nan,nan,0.0501990318,inf,inf,inf,inf,inf,inf,0.0501763821,0.0000116825,inf,inf,inf,inf,inf,inf,inf,1543
1779239122.0702781677,-0.0107406853,0.1028584763,0.0909989700,-0.0110989326,0.0830488266,-0.0004611465,nan,nan,nan,nan,nan,nan,nan,nan,nan,nan,nan,nan,nan,nan,nan,nan,nan,nan,nan,0.0000000000,0.0000000000,0.0000000000,0.0000000000,0.0000000000,0.0144966152,nan,nan,nan,nan,nan,nan,nan,nan,nan,nan,nan,nan,nan,nan,nan,nan,nan,nan,nan,nan,nan,0.0000126362,inf,inf,inf,inf,inf,inf,0.0599985123,0.0098338127,inf,inf,inf,inf,inf,inf,inf,1543
1779239122.0802838802,-0.0107406853,0.1028584763,0.0909989700,-0.0110989326,0.0830488266,-0.0004611465,nan,nan,nan,nan,nan,nan,nan,nan,nan,nan,nan,nan,nan,nan,nan,nan,nan,nan,nan,0.0000000000,0.0000000000,0.0000000000,0.0000000000,0.0000000000,0.0144966152,nan,nan,nan,nan,nan,nan,nan,nan,nan,nan,nan,nan,nan,nan,nan,nan,nan,nan,nan,nan,nan,0.0100183487,inf,inf,inf,inf,inf,inf,0.0700042248,0.0198395252,inf,inf,inf,inf,inf,inf,inf,1543
1779239122.0902810097,-0.0107406853,0.1028584763,0.0909989700,-0.0110989326,0.0830488266,-0.0004611465,nan,nan,nan,nan,nan,nan,nan,nan,nan,nan,nan,nan,nan,nan,nan,nan,nan,nan,nan,0.0000000000,0.0000000000,0.0000000000,0.0000000000,0.0000000000,0.0144966152,nan,nan,nan,nan,nan,nan,nan,nan,nan,nan,nan,nan,nan,nan,nan,nan,nan,nan,nan,nan,nan,0.0200154781,inf,inf,inf,inf,inf,inf,0.0800013542,0.0298366547,inf,inf,inf,inf,inf,inf,inf,1543
1779239122.1002604961,-0.0107406853,0.1028584763,0.0909989700,-0.0110989326,0.0830488266,-0.0004611465,nan,nan,nan,nan,nan,nan,nan,nan,nan,nan,nan,nan,nan,nan,nan,nan,nan,nan,nan,0.0000000000,0.0000000000,0.0000000000,0.0000000000,0.0000000000,0.0144966152,nan,nan,nan,nan,nan,nan,nan,nan,nan,nan,nan,nan,nan,nan,nan,nan,nan,nan,nan,nan,nan,0.0299949646,inf,inf,inf,inf,inf,inf,0.0899808407,0.0398161411,inf,inf,inf,inf,inf,inf,inf,1543
1779239122.1102719307,-0.0106589170,0.1028914824,0.0910053104,-0.0110989326,0.0830488266,-0.0004611465,nan,nan,nan,nan,nan,nan,nan,nan,nan,nan,nan,nan,nan,nan,nan,nan,nan,nan,nan,0.0000000000,0.0000000000,0.0000000000,0.0000000000,0.0000000000,0.0144966152,nan,nan,nan,nan,nan,nan,nan,nan,nan,nan,nan,nan,nan,nan,nan,nan,nan,nan,nan,nan,nan,0.0000348091,inf,inf,inf,inf,inf,inf,0.0000102520,0.0498275757,inf,inf,inf,inf,inf,inf,inf,1543
1779239122.1202571392,-0.0106589170,0.1028914824,0.0910053104,-0.0110989326,0.0830488266,-0.0004611465,nan,nan,nan,nan,nan,nan,nan,nan,nan,nan,nan,nan,nan,nan,nan,nan,nan,nan,nan,0.0000000000,0.0000000000,0.0000000000,0.0000000000,0.0000000000,0.0144966152,nan,nan,nan,nan,nan,nan,nan,nan,nan,nan,nan,nan,nan,nan,nan,nan,nan,nan,nan,nan,nan,0.0100200176,inf,inf,inf,inf,inf,inf,0.0099954605,0.0598127842,inf,inf,inf,inf,inf,inf,inf,1543
1779239122.1302573681,-0.0106589170,0.1028914824,0.0910053104,-0.0110989326,0.0830488266,-0.0004611465,nan,nan,nan,nan,nan,nan,nan,nan,nan,nan,nan,nan,nan,nan,nan,nan,nan,nan,nan,0.0000000000,0.0000000000,0.0000000000,0.0000000000,0.0000000000,0.0144966152,nan,nan,nan,nan,nan,nan,nan,nan,nan,nan,nan,nan,nan,nan,nan,nan,nan,nan,nan,nan,nan,0.0200202465,inf,inf,inf,inf,inf,inf,0.0199956894,0.0698130131,inf,inf,inf,inf,inf,inf,inf,1543
1779239122.1402201653,-0.0106589170,0.1028914824,0.0910053104,-0.0110989326,0.0830488266,-0.0004611465,nan,nan,nan,nan,nan,nan,nan,nan,nan,nan,nan,nan,nan,nan,nan,nan,nan,nan,nan,0.0000000000,0.0000000000,0.0000000000,0.0000000000,0.0000000000,0.0144966152,nan,nan,nan,nan,nan,nan,nan,nan,nan,nan,nan,nan,nan,nan,nan,nan,nan,nan,nan,nan,nan,0.0299830437,inf,inf,inf,inf,inf,inf,0.0299584866,0.0797758102,inf,inf,inf,inf,inf,inf,inf,1543
1779239122.1502690315,-0.0106589170,0.1028914824,0.0910053104,-0.0110989326,0.0830488266,-0.0004611465,nan,nan,nan,nan,nan,nan,nan,nan,nan,nan,nan,nan,nan,nan,nan,nan,nan,nan,nan,0.0000000000,0.0000000000,0.0000000000,0.0000000000,0.0000000000,0.0144966152,nan,nan,nan,nan,nan,nan,nan,nan,nan,nan,nan,nan,nan,nan,nan,nan,nan,nan,nan,nan,nan,0.0400319099,inf,inf,inf,inf,inf,inf,0.0400073528,0.0898246765,inf,inf,inf,inf,inf,inf,inf,1543
1779239122.1602597237,-0.0112770423,0.1028305143,0.0909990594,-0.0110989326,0.0830488266,-0.0004611465,nan,nan,nan,nan,nan,nan,nan,nan,nan,nan,nan,nan,nan,nan,nan,nan,nan,nan,nan,0.0000000000,0.0000000000,0.0000000000,0.0000000000,0.0000000000,0.0142787313,nan,nan,nan,nan,nan,nan,nan,nan,nan,nan,nan,nan,nan,nan,nan,nan,nan,nan,nan,nan,nan,0.0000319481,inf,inf,inf,inf,inf,inf,0.0499980450,0.0000097752,inf,inf,inf,inf,inf,inf,inf,1543
1779239122.1702809334,-0.0112770423,0.1028305143,0.0909990594,-0.0110989326,0.0830488266,-0.0004611465,nan,nan,nan,nan,nan,nan,nan,nan,nan,nan,nan,nan,nan,nan,nan,nan,nan,nan,nan,0.0000000000,0.0000000000,0.0000000000,0.0000000000,0.0000000000,0.0142787313,nan,nan,nan,nan,nan,nan,nan,nan,nan,nan,nan,nan,nan,nan,nan,nan,nan,nan,nan,nan,nan,0.0100531578,inf,inf,inf,inf,inf,inf,0.0600192547,0.0100309849,inf,inf,inf,inf,inf,inf,inf,1543
1779239122.1802775860,-0.0112770423,0.1028305143,0.0909990594,-0.0110989326,0.0830488266,-0.0004611465,nan,nan,nan,nan,nan,nan,nan,nan,nan,nan,nan,nan,nan,nan,nan,nan,nan,nan,nan,0.0000000000,0.0000000000,0.0000000000,0.0000000000,0.0000000000,0.0142787313,nan,nan,nan,nan,nan,nan,nan,nan,nan,nan,nan,nan,nan,nan,nan,nan,nan,nan,nan,nan,nan,0.0200498104,inf,inf,inf,inf,inf,inf,0.0700159073,0.0200276375,inf,inf,inf,inf,inf,inf,inf,1543
1779239122.1902534962,-0.0112770423,0.1028305143,0.0909990594,-0.0110989326,0.0830488266,-0.0004611465,nan,nan,nan,nan,nan,nan,nan,nan,nan,nan,nan,nan,nan,nan,nan,nan,nan,nan,nan,0.0000000000,0.0000000000,0.0000000000,0.0000000000,0.0000000000,0.0142787313,nan,nan,nan,nan,nan,nan,nan,nan,nan,nan,nan,nan,nan,nan,nan,nan,nan,nan,nan,nan,nan,0.0300257206,inf,inf,inf,inf,inf,inf,0.0799918175,0.0300035477,inf,inf,inf,inf,inf,inf,inf,1543
1779239122.2003138065,-0.0112770423,0.1028305143,0.0909990594,-0.0110989326,0.0830488266,-0.0004611465,nan,nan,nan,nan,nan,nan,nan,nan,nan,nan,nan,nan,nan,nan,nan,nan,nan,nan,nan,0.0000000000,0.0000000000,0.0000000000,0.0000000000,0.0000000000,0.0142787313,nan,nan,nan,nan,nan,nan,nan,nan,nan,nan,nan,nan,nan,nan,nan,nan,nan,nan,nan,nan,nan,0.0400860310,inf,inf,inf,inf,inf,inf,0.0900521278,0.0400638580,inf,inf,inf,inf,inf,inf,inf,1543
1779239122.2104027271,-0.0107131954,0.1029188037,0.0910133570,-0.0110989326,0.0830488266,-0.0004611465,nan,nan,nan,nan,nan,nan,nan,nan,nan,nan,nan,nan,nan,nan,nan,nan,nan,nan,nan,0.0000000000,0.0000000000,0.0000000000,0.0000000000,0.0000000000,0.0142787313,nan,nan,nan,nan,nan,nan,nan,nan,nan,nan,nan,nan,nan,nan,nan,nan,nan,nan,nan,nan,nan,0.0000665188,inf,inf,inf,inf,inf,inf,0.0000228882,0.0501527786,inf,inf,inf,inf,inf,inf,inf,1543
1779239122.2203316689,-0.0107131954,0.1029188037,0.0910133570,-0.0110989326,0.0830488266,-0.0004611465,nan,nan,nan,nan,nan,nan,nan,nan,nan,nan,nan,nan,nan,nan,nan,nan,nan,nan,nan,0.0000000000,0.0000000000,0.0000000000,0.0000000000,0.0000000000,0.0142787313,nan,nan,nan,nan,nan,nan,nan,nan,nan,nan,nan,nan,nan,nan,nan,nan,nan,nan,nan,nan,nan,0.0099954605,inf,inf,inf,inf,inf,inf,0.0099518299,0.0600817204,inf,inf,inf,inf,inf,inf,inf,1543
1779239122.2303414345,-0.0107131954,0.1029188037,0.0910133570,-0.0110989326,0.0830488266,-0.0004611465,nan,nan,nan,nan,nan,nan,nan,nan,nan,nan,nan,nan,nan,nan,nan,nan,nan,nan,nan,0.0000000000,0.0000000000,0.0000000000,0.0000000000,0.0000000000,0.0142787313,nan,nan,nan,nan,nan,nan,nan,nan,nan,nan,nan,nan,nan,nan,nan,nan,nan,nan,nan,nan,nan,0.0200052261,inf,inf,inf,inf,inf,inf,0.0199615955,0.0700914860,inf,inf,inf,inf,inf,inf,inf,1543
1779239122.2403681278,-0.0107131954,0.1029188037,0.0910133570,-0.0110989326,0.0830488266,-0.0004611465,nan,nan,nan,nan,nan,nan,nan,nan,nan,nan,nan,nan,nan,nan,nan,nan,nan,nan,nan,0.0000000000,0.0000000000,0.0000000000,0.0000000000,0.0000000000,0.0142787313,nan,nan,nan,nan,nan,nan,nan,nan,nan,nan,nan,nan,nan,nan,nan,nan,nan,nan,nan,nan,nan,0.0300319195,inf,inf,inf,inf,inf,inf,0.0299882889,0.0801181793,inf,inf,inf,inf,inf,inf,inf,1543
1779239122.2503509521,-0.0107131954,0.1029188037,0.0910133570,-0.0110989326,0.0830488266,-0.0004611465,nan,nan,nan,nan,nan,nan,nan,nan,nan,nan,nan,nan,nan,nan,nan,nan,nan,nan,nan,0.0000000000,0.0000000000,0.0000000000,0.0000000000,0.0000000000,0.0142787313,nan,nan,nan,nan,nan,nan,nan,nan,nan,nan,nan,nan,nan,nan,nan,nan,nan,nan,nan,nan,nan,0.0400147438,inf,inf,inf,inf,inf,inf,0.0399711132,0.0901010036,inf,inf,inf,inf,inf,inf,inf,1543
1779239122.2603311539,-0.0107131954,0.1029188037,0.0910133570,-0.0110989326,0.0830488266,-0.0004611465,nan,nan,nan,nan,nan,nan,nan,nan,nan,nan,nan,nan,nan,nan,nan,nan,nan,nan,nan,0.0000000000,0.0000000000,0.0000000000,0.0000000000,0.0000000000,0.0159987379,nan,nan,nan,nan,nan,nan,nan,nan,nan,nan,nan,nan,nan,nan,nan,nan,nan,nan,nan,nan,nan,0.0499949455,inf,inf,inf,inf,inf,inf,0.0499513149,0.0000233650,inf,inf,inf,inf,inf,inf,inf,1543
1779239122.2702548504,-0.0113057429,0.1028609350,0.0910137892,-0.0110989326,0.0830488266,-0.0004611465,nan,nan,nan,nan,nan,nan,nan,nan,nan,nan,nan,nan,nan,nan,nan,nan,nan,nan,nan,0.0000000000,0.0000000000,0.0000000000,0.0000000000,0.0000000000,0.0159987379,nan,nan,nan,nan,nan,nan,nan,nan,nan,nan,nan,nan,nan,nan,nan,nan,nan,nan,nan,nan,nan,0.0000150204,inf,inf,inf,inf,inf,inf,0.0598750114,0.0099470615,inf,inf,inf,inf,inf,inf,inf,1543
1779239122.2803092003,-0.0113057429,0.1028609350,0.0910137892,-0.0110989326,0.0830488266,-0.0004611465,nan,nan,nan,nan,nan,nan,nan,nan,nan,nan,nan,nan,nan,nan,nan,nan,nan,nan,nan,0.0000000000,0.0000000000,0.0000000000,0.0000000000,0.0000000000,0.0159987379,nan,nan,nan,nan,nan,nan,nan,nan,nan,nan,nan,nan,nan,nan,nan,nan,nan,nan,nan,nan,nan,0.0100693703,inf,inf,inf,inf,inf,inf,0.0699293613,0.0200014114,inf,inf,inf,inf,inf,inf,inf,1543
1779239122.2903299332,-0.0113057429,0.1028609350,0.0910137892,-0.0110989326,0.0830488266,-0.0004611465,nan,nan,nan,nan,nan,nan,nan,nan,nan,nan,nan,nan,nan,nan,nan,nan,nan,nan,nan,0.0000000000,0.0000000000,0.0000000000,0.0000000000,0.0000000000,0.0159987379,nan,nan,nan,nan,nan,nan,nan,nan,nan,nan,nan,nan,nan,nan,nan,nan,nan,nan,nan,nan,nan,0.0200901031,inf,inf,inf,inf,inf,inf,0.0799500942,0.0300221443,inf,inf,inf,inf,inf,inf,inf,1543
1779239122.3003149033,-0.0113057429,0.1028609350,0.0910137892,-0.0110989326,0.0830488266,-0.0004611465,nan,nan,nan,nan,nan,nan,nan,nan,nan,nan,nan,nan,nan,nan,nan,nan,nan,nan,nan,0.0000000000,0.0000000000,0.0000000000,0.0000000000,0.0000000000,0.0159987379,nan,nan,nan,nan,nan,nan,nan,nan,nan,nan,nan,nan,nan,nan,nan,nan,nan,nan,nan,nan,nan,0.0300750732,inf,inf,inf,inf,inf,inf,0.0899350643,0.0400071144,inf,inf,inf,inf,inf,inf,inf,1543
1779239122.3103678226,-0.0120380372,0.1028062627,0.0910005942,-0.0110989326,0.0830488266,-0.0004611465,nan,nan,nan,nan,nan,nan,nan,nan,nan,nan,nan,nan,nan,nan,nan,nan,nan,nan,nan,0.0000000000,0.0000000000,0.0000000000,0.0000000000,0.0000000000,0.0159987379,nan,nan,nan,nan,nan,nan,nan,nan,nan,nan,nan,nan,nan,nan,nan,nan,nan,nan,nan,nan,nan,0.0000581741,inf,inf,inf,inf,inf,inf,0.0000209808,0.0500600338,inf,inf,inf,inf,inf,inf,inf,1543
1779239122.3204500675,-0.0120380372,0.1028062627,0.0910005942,-0.0110989326,0.0830488266,-0.0004611465,3.6419999599,nan,nan,nan,nan,nan,nan,nan,nan,nan,nan,nan,nan,nan,nan,nan,nan,nan,nan,0.0000000000,0.0000000000,0.0000000000,0.0000000000,0.0000000000,0.0159987379,nan,nan,nan,nan,nan,nan,nan,nan,nan,nan,nan,nan,nan,nan,nan,nan,nan,nan,nan,nan,nan,0.0101404190,0.0000333786,inf,inf,inf,inf,inf,0.0101032257,0.0601422787,inf,inf,inf,inf,inf,inf,inf,1551
1779239122.3304131031,-0.0120380372,0.1028062627,0.0910005942,-0.0110989326,0.0830488266,-0.0004611465,3.6419999599,nan,nan,nan,nan,nan,nan,nan,nan,nan,nan,nan,nan,nan,nan,nan,nan,nan,nan,0.0000000000,0.0000000000,0.0000000000,0.0000000000,0.0000000000,0.0159987379,nan,nan,nan,nan,nan,nan,nan,nan,nan,nan,nan,nan,nan,nan,nan,nan,nan,nan,nan,nan,nan,0.0201034546,0.0099964142,inf,inf,inf,inf,inf,0.0200662613,0.0701053143,inf,inf,inf,inf,inf,inf,inf,1551
1779239122.3410873413,-0.0120380372,0.1028062627,0.0910005942,-0.0110989326,0.0830488266,-0.0004611465,3.6419999599,nan,nan,nan,nan,nan,nan,nan,nan,nan,nan,nan,nan,nan,nan,nan,nan,nan,nan,0.0000000000,0.0000000000,0.0000000000,0.0000000000,0.0000000000,0.0159987379,nan,nan,nan,nan,nan,nan,nan,nan,nan,nan,nan,nan,nan,nan,nan,nan,nan,nan,nan,nan,nan,0.0307776928,0.0206706524,inf,inf,inf,inf,inf,0.0307404995,0.0807795525,inf,inf,inf,inf,inf,inf,inf,1551
1779239122.3508281708,-0.0120380372,0.1028062627,0.0910005942,-0.0110989326,0.0830488266,-0.0004611465,3.6419999599,nan,nan,nan,nan,nan,nan,nan,nan,nan,nan,nan,nan,nan,nan,nan,nan,nan,nan,0.0000000000,0.0000000000,0.0000000000,0.0000000000,0.0000000000,0.0159987379,nan,nan,nan,nan,nan,nan,nan,nan,nan,nan,nan,nan,nan,nan,nan,nan,nan,nan,nan,nan,nan,0.0405185223,0.0304114819,inf,inf,inf,inf,inf,0.0404813290,0.0905203819,inf,inf,inf,inf,inf,inf,inf,1551
1779239122.3604109287,-0.0120380372,0.1028062627,0.0910005942,-0.0110989326,0.0830488266,-0.0004611465,3.6419999599,nan,nan,nan,nan,nan,nan,nan,nan,nan,nan,nan,nan,nan,nan,nan,nan,nan,nan,0.0000000000,0.0000000000,0.0000000000,0.0000000000,0.0000000000,0.0159987379,nan,nan,nan,nan,nan,nan,nan,nan,nan,nan,nan,nan,nan,nan,nan,nan,nan,nan,nan,nan,nan,0.0501012802,0.0399942398,inf,inf,inf,inf,inf,0.0500640869,0.1001031399,inf,inf,inf,inf,inf,inf,inf,1551
1779239122.3703761101,-0.0131043950,0.1027167961,0.0909893587,-0.0110989326,0.0830488266,-0.0004611465,3.6419999599,nan,nan,nan,nan,nan,nan,nan,nan,nan,nan,nan,nan,nan,nan,nan,nan,nan,nan,0.0000000000,0.0000000000,0.0000000000,0.0000000000,0.0000000000,0.0172057487,nan,nan,nan,nan,nan,nan,nan,nan,nan,nan,nan,nan,nan,nan,nan,nan,nan,nan,nan,nan,nan,0.0000526905,0.0499594212,inf,inf,inf,inf,inf,0.0600292683,0.0000188351,inf,inf,inf,inf,inf,inf,inf,1551
1779239122.3803403378,-0.0131043950,0.1027167961,0.0909893587,-0.0110989326,0.0830488266,-0.0004611465,3.6419999599,nan,nan,nan,nan,nan,nan,nan,nan,nan,nan,nan,nan,nan,nan,nan,nan,nan,nan,0.0000000000,0.0000000000,0.0000000000,0.0000000000,0.0000000000,0.0172057487,nan,nan,nan,nan,nan,nan,nan,nan,nan,nan,nan,nan,nan,nan,nan,nan,nan,nan,nan,nan,nan,0.0100169182,0.0599236488,inf,inf,inf,inf,inf,0.0699934959,0.0099830627,inf,inf,inf,inf,inf,inf,inf,1551
1779239122.3904142380,-0.0131043950,0.1027167961,0.0909893587,-0.0110989326,0.0830488266,-0.0004611465,3.6419999599,nan,nan,nan,nan,nan,nan,nan,nan,nan,nan,nan,nan,nan,nan,nan,nan,nan,nan,0.0000000000,0.0000000000,0.0000000000,0.0000000000,0.0000000000,0.0172057487,nan,nan,nan,nan,nan,nan,nan,nan,nan,nan,nan,nan,nan,nan,nan,nan,nan,nan,nan,nan,nan,0.0200908184,0.0699975491,inf,inf,inf,inf,inf,0.0800673962,0.0200569630,inf,inf,inf,inf,inf,inf,inf,1551
1779239122.4004678726,-0.0131043950,0.1027167961,0.0909893587,-0.0110989326,0.0830488266,-0.0004611465,3.6419999599,nan,nan,nan,nan,nan,nan,nan,nan,nan,nan,nan,nan,nan,nan,nan,nan,nan,nan,0.0000000000,0.0000000000,0.0000000000,0.0000000000,0.0000000000,0.0172057487,nan,nan,nan,nan,nan,nan,nan,nan,nan,nan,nan,nan,nan,nan,nan,nan,nan,nan,nan,nan,nan,0.0301444530,0.0800511837,inf,inf,inf,inf,inf,0.0901210308,0.0301105976,inf,inf,inf,inf,inf,inf,inf,1551
1779239122.4105451107,-0.0102245137,0.1029846892,0.0909986570,-0.0110989326,0.0830488266,-0.0004611465,3.6419999599,nan,nan,nan,nan,nan,nan,nan,nan,nan,nan,nan,nan,nan,nan,nan,nan,nan,nan,0.0000000000,0.0000000000,0.0000000000,0.0000000000,0.0000000000,0.0172057487,nan,nan,nan,nan,nan,nan,nan,nan,nan,nan,nan,nan,nan,nan,nan,nan,nan,nan,nan,nan,nan,0.0000827312,0.0901284218,inf,inf,inf,inf,inf,0.0000281334,0.0401878357,inf,inf,inf,inf,inf,inf,inf,1551
1779239122.4203374386,-0.0102245137,0.1029846892,0.0909986570,-0.0110989326,0.0830488266,-0.0004611465,3.6419999599,nan,nan,nan,nan,nan,nan,nan,nan,nan,nan,nan,nan,nan,nan,nan,nan,nan,nan,0.0000000000,0.0000000000,0.0000000000,0.0000000000,0.0000000000,0.0172057487,nan,nan,nan,nan,nan,nan,nan,nan,nan,nan,nan,nan,nan,nan,nan,nan,nan,nan,nan,nan,nan,0.0098750591,0.0999207497,inf,inf,inf,inf,inf,0.0098204613,0.0499801636,inf,inf,inf,inf,inf,inf,inf,1551
1779239122.4303500652,-0.0102245137,0.1029846892,0.0909986570,-0.0110989326,0.0830488266,-0.0004611465,3.6419999599,nan,nan,nan,nan,nan,nan,nan,nan,nan,nan,nan,nan,nan,nan,nan,nan,nan,nan,0.0000000000,0.0000000000,0.0000000000,0.0000000000,0.0000000000,0.0172057487,nan,nan,nan,nan,nan,nan,nan,nan,nan,nan,nan,nan,nan,nan,nan,nan,nan,nan,nan,nan,nan,0.0198876858,0.1099333763,inf,inf,inf,inf,inf,0.0198330879,0.0599927902,inf,inf,inf,inf,inf,inf,inf,1551
1779239122.4403550625,-0.0102245137,0.1029846892,0.0909986570,-0.0110989326,0.0830488266,-0.0004611465,3.6419999599,nan,nan,nan,nan,nan,nan,nan,nan,nan,nan,nan,nan,nan,nan,nan,nan,nan,nan,0.0000000000,0.0000000000,0.0000000000,0.0000000000,0.0000000000,0.0172057487,nan,nan,nan,nan,nan,nan,nan,nan,nan,nan,nan,nan,nan,nan,nan,nan,nan,nan,nan,nan,nan,0.0298926830,0.1199383736,inf,inf,inf,inf,inf,0.0298380852,0.0699977875,inf,inf,inf,inf,inf,inf,inf,1551
1779239122.4503679276,-0.0102245137,0.1029846892,0.0909986570,-0.0110989326,0.0830488266,-0.0004611465,3.6419999599,nan,nan,nan,nan,nan,nan,nan,nan,nan,nan,nan,nan,nan,nan,nan,nan,nan,nan,0.0000000000,0.0000000000,0.0000000000,0.0000000000,0.0000000000,0.0172057487,nan,nan,nan,nan,nan,nan,nan,nan,nan,nan,nan,nan,nan,nan,nan,nan,nan,nan,nan,nan,nan,0.0399055481,0.1299512386,inf,inf,inf,inf,inf,0.0398509502,0.0800106525,inf,inf,inf,inf,inf,inf,inf,1551
1779239122.4603419304,-0.0106413234,0.1029604301,0.0909926668,-0.0110989326,0.0830488266,-0.0004611465,3.6419999599,nan,nan,nan,nan,nan,nan,nan,nan,nan,nan,nan,nan,nan,nan,nan,nan,nan,nan,0.0000000000,0.0000000000,0.0000000000,0.0000000000,0.0000000000,0.0164613929,nan,nan,nan,nan,nan,nan,nan,nan,nan,nan,nan,nan,nan,nan,nan,nan,nan,nan,nan,nan,nan,0.0000500679,0.1399252415,inf,inf,inf,inf,inf,0.0498249531,0.0000159740,inf,inf,inf,inf,inf,inf,inf,1551
1779239122.4703652859,-0.0106413234,0.1029604301,0.0909926668,-0.0110989326,0.0830488266,-0.0004611465,3.6419999599,nan,nan,nan,nan,nan,nan,nan,nan,nan,nan,nan,nan,nan,nan,nan,nan,nan,nan,0.0000000000,0.0000000000,0.0000000000,0.0000000000,0.0000000000,0.0164613929,nan,nan,nan,nan,nan,nan,nan,nan,nan,nan,nan,nan,nan,nan,nan,nan,nan,nan,nan,nan,nan,0.0100734234,0.1499485970,inf,inf,inf,inf,inf,0.0598483086,0.0100393295,inf,inf,inf,inf,inf,inf,inf,1551
1779239122.4803245068,-0.0106413234,0.1029604301,0.0909926668,-0.0110989326,0.0830488266,-0.0004611465,3.6419999599,nan,nan,nan,nan,nan,nan,nan,nan,nan,nan,nan,nan,nan,nan,nan,nan,nan,nan,0.0000000000,0.0000000000,0.0000000000,0.0000000000,0.0000000000,0.0164613929,nan,nan,nan,nan,nan,nan,nan,nan,nan,nan,nan,nan,nan,nan,nan,nan,nan,nan,nan,nan,nan,0.0200326443,0.1599078178,inf,inf,inf,inf,inf,0.0698075294,0.0199985504,inf,inf,inf,inf,inf,inf,inf,1551
1779239122.4902722836,-0.0106413234,0.1029604301,0.0909926668,-0.0110989326,0.0830488266,-0.0004611465,3.6419999599,nan,nan,nan,nan,nan,nan,nan,nan,nan,nan,nan,nan,nan,nan,nan,nan,nan,nan,0.0000000000,0.0000000000,0.0000000000,0.0000000000,0.0000000000,0.0164613929,nan,nan,nan,nan,nan,nan,nan,nan,nan,nan,nan,nan,nan,nan,nan,nan,nan,nan,nan,nan,nan,0.0299804211,0.1698555946,inf,inf,inf,inf,inf,0.0797553062,0.0299463272,inf,inf,inf,inf,inf,inf,inf,1551
1779239122.5002465248,-0.0106413234,0.1029604301,0.0909926668,-0.0110989326,0.0830488266,-0.0004611465,3.6419999599,nan,nan,nan,nan,nan,nan,nan,nan,nan,nan,nan,nan,nan,nan,nan,nan,nan,nan,0.0000000000,0.0000000000,0.0000000000,0.0000000000,0.0000000000,0.0164613929,nan,nan,nan,nan,nan,nan,nan,nan,nan,nan,nan,nan,nan,nan,nan,nan,nan,nan,nan,nan,nan,0.0399546623,0.1798298359,inf,inf,inf,inf,inf,0.0897295475,0.0399205685,inf,inf,inf,inf,inf,inf,inf,1551
1779239122.5102932453,-0.0110725947,0.1029390544,0.0910032392,-0.0110989326,0.0830488266,-0.0004611465,3.6419999599,nan,nan,nan,nan,nan,nan,nan,nan,nan,nan,nan,nan,nan,nan,nan,nan,nan,nan,0.0000000000,0.0000000000,0.0000000000,0.0000000000,0.0000000000,0.0164613929,nan,nan,nan,nan,nan,nan,nan,nan,nan,nan,nan,nan,nan,nan,nan,nan,nan,nan,nan,nan,nan,0.0000455379,0.1898765564,inf,inf,inf,inf,inf,0.0000162125,0.0499672890,inf,inf,inf,inf,inf,inf,inf,1551
1779239122.5203180313,-0.0110725947,0.1029390544,0.0910032392,-0.0110989326,0.0830488266,-0.0004611465,3.6419999599,nan,nan,nan,nan,nan,nan,nan,nan,nan,nan,nan,nan,nan,nan,nan,nan,nan,nan,0.0000000000,0.0000000000,0.0000000000,0.0000000000,0.0000000000,0.0164613929,nan,nan,nan,nan,nan,nan,nan,nan,nan,nan,nan,nan,nan,nan,nan,nan,nan,nan,nan,nan,nan,0.0100703239,0.1999013424,inf,inf,inf,inf,inf,0.0100409985,0.0599920750,inf,inf,inf,inf,inf,inf,inf,1551
1779239122.5305459499,-0.0110725947,0.1029390544,0.0910032392,-0.0110989326,0.0830488266,-0.0004611465,3.6419999599,nan,nan,nan,nan,nan,nan,nan,nan,nan,nan,nan,nan,nan,nan,nan,nan,nan,nan,0.0000000000,0.0000000000,0.0000000000,0.0000000000,0.0000000000,0.0164613929,nan,nan,nan,nan,nan,nan,nan,nan,nan,nan,nan,nan,nan,nan,nan,nan,nan,nan,nan,nan,nan,0.0202982426,0.2101292610,inf,inf,inf,inf,inf,0.0202689171,0.0702199936,inf,inf,inf,inf,inf,inf,inf,1551
1779239122.5404348373,-0.0110725947,0.1029390544,0.0910032392,-0.0110989326,0.0830488266,-0.0004611465,3.6419999599,nan,nan,nan,nan,nan,nan,nan,nan,nan,nan,nan,nan,nan,nan,nan,nan,nan,nan,0.0000000000,0.0000000000,0.0000000000,0.0000000000,0.0000000000,0.0164613929,nan,nan,nan,nan,nan,nan,nan,nan,nan,nan,nan,nan,nan,nan,nan,nan,nan,nan,nan,nan,nan,0.0301871300,0.2200181484,inf,inf,inf,inf,inf,0.0301578045,0.0801088810,inf,inf,inf,inf,inf,inf,inf,1551
1779239122.5503242016,-0.0110725947,0.1029390544,0.0910032392,-0.0110989326,0.0830488266,-0.0004611465,3.6419999599,nan,nan,nan,nan,nan,nan,nan,nan,nan,nan,nan,nan,nan,nan,nan,nan,nan,nan,0.0000000000,0.0000000000,0.0000000000,0.0000000000,0.0000000000,0.0164613929,nan,nan,nan,nan,nan,nan,nan,nan,nan,nan,nan,nan,nan,nan,nan,nan,nan,nan,nan,nan,nan,0.0400764942,0.2299075127,inf,inf,inf,inf,inf,0.0400471687,0.0899982452,inf,inf,inf,inf,inf,inf,inf,1551
1779239122.5603449345,-0.0117745334,0.1029084921,0.0910145193,-0.0110989326,0.0830488266,-0.0004611465,3.6419999599,nan,nan,nan,nan,nan,nan,nan,nan,nan,nan,nan,nan,nan,nan,nan,nan,nan,nan,0.0000000000,0.0000000000,0.0000000000,0.0000000000,0.0000000000,0.0195223726,nan,nan,nan,nan,nan,nan,nan,nan,nan,nan,nan,nan,nan,nan,nan,nan,nan,nan,nan,nan,nan,0.0000510216,0.2399282455,inf,inf,inf,inf,inf,0.0500679016,0.0000178814,inf,inf,inf,inf,inf,inf,inf,1551
1779239122.5703718662,-0.0117745334,0.1029084921,0.0910145193,-0.0110989326,0.0830488266,-0.0004611465,3.6419999599,nan,nan,nan,nan,nan,nan,nan,nan,nan,nan,nan,nan,nan,nan,nan,nan,nan,nan,0.0000000000,0.0000000000,0.0000000000,0.0000000000,0.0000000000,0.0195223726,nan,nan,nan,nan,nan,nan,nan,nan,nan,nan,nan,nan,nan,nan,nan,nan,nan,nan,nan,nan,nan,0.0100779533,0.2499551773,inf,inf,inf,inf,inf,0.0600948334,0.0100448132,inf,inf,inf,inf,inf,inf,inf,1551
1779239122.5803587437,-0.0117745334,0.1029084921,0.0910145193,-0.0110989326,0.0830488266,-0.0004611465,3.6419999599,nan,nan,nan,nan,nan,nan,nan,nan,nan,nan,nan,nan,nan,nan,nan,nan,nan,nan,0.0000000000,0.0000000000,0.0000000000,0.0000000000,0.0000000000,0.0195223726,nan,nan,nan,nan,nan,nan,nan,nan,nan,nan,nan,nan,nan,nan,nan,nan,nan,nan,nan,nan,nan,0.0200648308,0.2599420547,inf,inf,inf,inf,inf,0.0700817108,0.0200316906,inf,inf,inf,inf,inf,inf,inf,1551
1779239122.5903491974,-0.0117745334,0.1029084921,0.0910145193,-0.0110989326,0.0830488266,-0.0004611465,3.6419999599,nan,nan,nan,nan,nan,nan,nan,nan,nan,nan,nan,nan,nan,nan,nan,nan,nan,nan,0.0000000000,0.0000000000,0.0000000000,0.0000000000,0.0000000000,0.0195223726,nan,nan,nan,nan,nan,nan,nan,nan,nan,nan,nan,nan,nan,nan,nan,nan,nan,nan,nan,nan,nan,0.0300552845,0.2699325085,inf,inf,inf,inf,inf,0.0800721645,0.0300221443,inf,inf,inf,inf,inf,inf,inf,1551
1779239122.6003644466,-0.0117745334,0.1029084921,0.0910145193,-0.0110989326,0.0830488266,-0.0004611465,3.6419999599,nan,nan,nan,nan,nan,nan,nan,nan,nan,nan,nan,nan,nan,nan,nan,nan,nan,nan,0.0000000000,0.0000000000,0.0000000000,0.0000000000,0.0000000000,0.0195223726,nan,nan,nan,nan,nan,nan,nan,nan,nan,nan,nan,nan,nan,nan,nan,nan,nan,nan,nan,nan,nan,0.0400705338,0.2799477577,inf,inf,inf,inf,inf,0.0900874138,0.0400373936,inf,inf,inf,inf,inf,inf,inf,1551
1779239122.6103680134,-0.0126473280,0.1028638333,0.0910325572,-0.0110989326,0.0830488266,-0.0004611465,3.6419999599,nan,nan,nan,nan,nan,nan,nan,nan,nan,nan,nan,nan,nan,nan,nan,nan,nan,nan,0.0000000000,0.0000000000,0.0000000000,0.0000000000,0.0000000000,0.0195223726,nan,nan,nan,nan,nan,nan,nan,nan,nan,nan,nan,nan,nan,nan,nan,nan,nan,nan,nan,nan,nan,0.0000557899,0.2899513245,inf,inf,inf,inf,inf,0.0000178814,0.0500409603,inf,inf,inf,inf,inf,inf,inf,1551
1779239122.6203482151,-0.0126473280,0.1028638333,0.0910325572,-0.0110989326,0.0830488266,-0.0004611465,3.6419999599,nan,nan,nan,nan,nan,nan,nan,nan,nan,nan,nan,nan,nan,nan,nan,nan,nan,nan,0.0000000000,0.0000000000,0.0000000000,0.0000000000,0.0000000000,0.0195223726,nan,nan,nan,nan,nan,nan,nan,nan,nan,nan,nan,nan,nan,nan,nan,nan,nan,nan,nan,nan,nan,0.0100359917,0.2999315262,inf,inf,inf,inf,inf,0.0099980831,0.0600211620,inf,inf,inf,inf,inf,inf,inf,1551
1779239122.6303393841,-0.0126473280,0.1028638333,0.0910325572,-0.0110989326,0.0830488266,-0.0004611465,3.6419999599,nan,nan,nan,nan,nan,nan,nan,nan,nan,nan,nan,nan,nan,nan,nan,nan,nan,nan,0.0000000000,0.0000000000,0.0000000000,0.0000000000,0.0000000000,0.0195223726,nan,nan,nan,nan,nan,nan,nan,nan,nan,nan,nan,nan,nan,nan,nan,nan,nan,nan,nan,nan,nan,0.0200271606,0.3099226952,inf,inf,inf,inf,inf,0.0199892521,0.0700123310,inf,inf,inf,inf,inf,inf,inf,1551
1779239122.6403477192,-0.0126473280,0.1028638333,0.0910325572,-0.0110989326,0.0830488266,-0.0004611465,3.6419999599,nan,nan,nan,nan,nan,nan,nan,nan,nan,nan,nan,nan,nan,nan,nan,nan,nan,nan,0.0000000000,0.0000000000,0.0000000000,0.0000000000,0.0000000000,0.0195223726,nan,nan,nan,nan,nan,nan,nan,nan,nan,nan,nan,nan,nan,nan,nan,nan,nan,nan,nan,nan,nan,0.0300354958,0.3199310303,inf,inf,inf,inf,inf,0.0299975872,0.0800206661,inf,inf,inf,inf,inf,inf,inf,1551
1779239122.6503708363,-0.0126473280,0.1028638333,0.0910325572,-0.0110989326,0.0830488266,-0.0004611465,3.6419999599,nan,nan,nan,nan,nan,nan,nan,nan,nan,nan,nan,nan,nan,nan,nan,nan,nan,nan,0.0000000000,0.0000000000,0.0000000000,0.0000000000,0.0000000000,0.0195223726,nan,nan,nan,nan,nan,nan,nan,nan,nan,nan,nan,nan,nan,nan,nan,nan,nan,nan,nan,nan,nan,0.0400586128,0.3299541473,inf,inf,inf,inf,inf,0.0400207043,0.0900437832,inf,inf,inf,inf,inf,inf,inf,1551
1779239122.6604053974,-0.0136903487,0.1028215811,0.0910382792,-0.0110989326,0.0830488266,-0.0004611465,3.6419999599,nan,nan,nan,nan,nan,nan,nan,nan,nan,nan,nan,nan,nan,nan,nan,nan,nan,nan,0.0000000000,0.0000000000,0.0000000000,0.0000000000,0.0000000000,0.0216104519,nan,nan,nan,nan,nan,nan,nan,nan,nan,nan,nan,nan,nan,nan,nan,nan,nan,nan,nan,nan,nan,0.0000510216,0.3399887085,inf,inf,inf,inf,inf,0.0500552654,0.0000193119,inf,inf,inf,inf,inf,inf,inf,1551
1779239122.6703090668,-0.0136903487,0.1028215811,0.0910382792,-0.0110989326,0.0830488266,-0.0004611465,3.6419999599,nan,nan,nan,nan,nan,nan,nan,nan,nan,nan,nan,nan,nan,nan,nan,nan,nan,nan,0.0000000000,0.0000000000,0.0000000000,0.0000000000,0.0000000000,0.0216104519,nan,nan,nan,nan,nan,nan,nan,nan,nan,nan,nan,nan,nan,nan,nan,nan,nan,nan,nan,nan,nan,0.0099546909,0.3498923779,inf,inf,inf,inf,inf,0.0599589348,0.0099229813,inf,inf,inf,inf,inf,inf,inf,1551
1779239122.6803512573,-0.0136903487,0.1028215811,0.0910382792,-0.0110989326,0.0830488266,-0.0004611465,3.6419999599,nan,nan,nan,nan,nan,nan,nan,nan,nan,nan,nan,nan,nan,nan,nan,nan,nan,nan,0.0000000000,0.0000000000,0.0000000000,0.0000000000,0.0000000000,0.0216104519,nan,nan,nan,nan,nan,nan,nan,nan,nan,nan,nan,nan,nan,nan,nan,nan,nan,nan,nan,nan,nan,0.0199968815,0.3599345684,inf,inf,inf,inf,inf,0.0700011253,0.0199651718,inf,inf,inf,inf,inf,inf,inf,1551
1779239122.6903645992,-0.0136903487,0.1028215811,0.0910382792,-0.0110989326,0.0830488266,-0.0004611465,3.6419999599,nan,nan,nan,nan,nan,nan,nan,nan,nan,nan,nan,nan,nan,nan,nan,nan,nan,nan,0.0000000000,0.0000000000,0.0000000000,0.0000000000,0.0000000000,0.0216104519,nan,nan,nan,nan,nan,nan,nan,nan,nan,nan,nan,nan,nan,nan,nan,nan,nan,nan,nan,nan,nan,0.0300102234,0.3699479103,inf,inf,inf,inf,inf,0.0800144672,0.0299785137,inf,inf,inf,inf,inf,inf,inf,1551
1779239122.7004020214,-0.0136903487,0.1028215811,0.0910382792,-0.0110989326,0.0830488266,-0.0004611465,3.6419999599,nan,nan,nan,nan,nan,nan,nan,nan,nan,nan,nan,nan,nan,nan,nan,nan,nan,nan,0.0000000000,0.0000000000,0.0000000000,0.0000000000,0.0000000000,0.0216104519,nan,nan,nan,nan,nan,nan,nan,nan,nan,nan,nan,nan,nan,nan,nan,nan,nan,nan,nan,nan,nan,0.0400476456,0.3799853325,inf,inf,inf,inf,inf,0.0900518894,0.0400159359,inf,inf,inf,inf,inf,inf,inf,1551
1779239122.7103765011,-0.0105995880,0.1029869691,0.0910288766,-0.0110989326,0.0830488266,-0.0004611465,3.6419999599,nan,nan,nan,nan,nan,nan,nan,nan,nan,nan,nan,nan,nan,nan,nan,nan,nan,nan,0.0000000000,0.0000000000,0.0000000000,0.0000000000,0.0000000000,0.0216104519,nan,nan,nan,nan,nan,nan,nan,nan,nan,nan,nan,nan,nan,nan,nan,nan,nan,nan,nan,nan,nan,0.0000545979,0.3899598122,inf,inf,inf,inf,inf,0.0000181198,0.0499904156,inf,inf,inf,inf,inf,inf,inf,1551
1779239122.7209362984,-0.0105995880,0.1029869691,0.0910288766,-0.0110989326,0.0830488266,-0.0004611465,3.6419999599,nan,nan,nan,nan,nan,nan,nan,nan,nan,nan,nan,nan,nan,nan,nan,nan,nan,nan,0.0000000000,0.0000000000,0.0000000000,0.0000000000,0.0000000000,0.0216104519,nan,nan,nan,nan,nan,nan,nan,nan,nan,nan,nan,nan,nan,nan,nan,nan,nan,nan,nan,nan,nan,0.0106143951,0.4005196095,inf,inf,inf,inf,inf,0.0105779171,0.0605502129,inf,inf,inf,inf,inf,inf,inf,1551
1779239122.7308032513,-0.0105995880,0.1029869691,0.0910288766,-0.0110989326,0.0830488266,-0.0004611465,3.6419999599,nan,nan,nan,nan,nan,nan,nan,nan,nan,nan,nan,nan,nan,nan,nan,nan,nan,nan,0.0000000000,0.0000000000,0.0000000000,0.0000000000,0.0000000000,0.0216104519,nan,nan,nan,nan,nan,nan,nan,nan,nan,nan,nan,nan,nan,nan,nan,nan,nan,nan,nan,nan,nan,0.0204813480,0.4103865623,inf,inf,inf,inf,inf,0.0204448700,0.0704171658,inf,inf,inf,inf,inf,inf,inf,1551
1779239122.7409057617,-0.0105995880,0.1029869691,0.0910288766,-0.0110989326,0.0830488266,-0.0004611465,3.6419999599,nan,nan,nan,nan,nan,nan,nan,nan,nan,nan,nan,nan,nan,nan,nan,nan,nan,nan,0.0000000000,0.0000000000,0.0000000000,0.0000000000,0.0000000000,0.0216104519,nan,nan,nan,nan,nan,nan,nan,nan,nan,nan,nan,nan,nan,nan,nan,nan,nan,nan,nan,nan,nan,0.0305838585,0.4204890728,inf,inf,inf,inf,inf,0.0305473804,0.0805196762,inf,inf,inf,inf,inf,inf,inf,1551
1779239122.7503669262,-0.0105995880,0.1029869691,0.0910288766,-0.0110989326,0.0830488266,-0.0004611465,3.6419999599,nan,nan,nan,nan,nan,nan,nan,nan,nan,nan,nan,nan,nan,nan,nan,nan,nan,nan,0.0000000000,0.0000000000,0.0000000000,0.0000000000,0.0000000000,0.0216104519,nan,nan,nan,nan,nan,nan,nan,nan,nan,nan,nan,nan,nan,nan,nan,nan,nan,nan,nan,nan,nan,0.0400450230,0.4299502373,inf,inf,inf,inf,inf,0.0400085449,0.0899808407,inf,inf,inf,inf,inf,inf,inf,1551
1779239122.7603156567,-0.0111396788,0.1029849425,0.0910350606,-0.0110989326,0.0830488266,-0.0004611465,3.6419999599,nan,nan,nan,nan,nan,nan,nan,nan,nan,nan,nan,nan,nan,nan,nan,nan,nan,nan,0.0000000000,0.0000000000,0.0000000000,0.0000000000,0.0000000000,0.0210052133,nan,nan,nan,nan,nan,nan,nan,nan,nan,nan,nan,nan,nan,nan,nan,nan,nan,nan,nan,nan,nan,0.0000505447,0.4398989677,inf,inf,inf,inf,inf,0.0499572754,0.0000169277,inf,inf,inf,inf,inf,inf,inf,1551
1779239122.7702634335,-0.0111396788,0.1029849425,0.0910350606,-0.0110989326,0.0830488266,-0.0004611465,3.6419999599,nan,nan,nan,nan,nan,nan,nan,nan,nan,nan,nan,nan,nan,nan,nan,nan,nan,nan,0.0000000000,0.0000000000,0.0000000000,0.0000000000,0.0000000000,0.0210052133,nan,nan,nan,nan,nan,nan,nan,nan,nan,nan,nan,nan,nan,nan,nan,nan,nan,nan,nan,nan,nan,0.0099983215,0.4498467445,inf,inf,inf,inf,inf,0.0599050522,0.0099647045,inf,inf,inf,inf,inf,inf,inf,1551
1779239122.7802975178,-0.0111396788,0.1029849425,0.0910350606,-0.0110989326,0.0830488266,-0.0004611465,3.6419999599,nan,nan,nan,nan,nan,nan,nan,nan,nan,nan,nan,nan,nan,nan,nan,nan,nan,nan,0.0000000000,0.0000000000,0.0000000000,0.0000000000,0.0000000000,0.0210052133,nan,nan,nan,nan,nan,nan,nan,nan,nan,nan,nan,nan,nan,nan,nan,nan,nan,nan,nan,nan,nan,0.0200324059,0.4598808289,inf,inf,inf,inf,inf,0.0699391365,0.0199987888,inf,inf,inf,inf,inf,inf,inf,1551
1779239122.7903342247,-0.0111396788,0.1029849425,0.0910350606,-0.0110989326,0.0830488266,-0.0004611465,3.6419999599,nan,nan,nan,nan,nan,nan,nan,nan,nan,nan,nan,nan,nan,nan,nan,nan,nan,nan,0.0000000000,0.0000000000,0.0000000000,0.0000000000,0.0000000000,0.0210052133,nan,nan,nan,nan,nan,nan,nan,nan,nan,nan,nan,nan,nan,nan,nan,nan,nan,nan,nan,nan,nan,0.0300691128,0.4699175358,inf,inf,inf,inf,inf,0.0799758434,0.0300354958,inf,inf,inf,inf,inf,inf,inf,1551
1779239122.8003757000,-0.0111396788,0.1029849425,0.0910350606,-0.0110989326,0.0830488266,-0.0004611465,3.6419999599,nan,nan,nan,nan,nan,nan,nan,nan,nan,nan,nan,nan,nan,nan,nan,nan,nan,nan,0.0000000000,0.0000000000,0.0000000000,0.0000000000,0.0000000000,0.0210052133,nan,nan,nan,nan,nan,nan,nan,nan,nan,nan,nan,nan,nan,nan,nan,nan,nan,nan,nan,nan,nan,0.0401105881,0.4799590111,inf,inf,inf,inf,inf,0.0900173187,0.0400769711,inf,inf,inf,inf,inf,inf,inf,1551
1779239122.8103756905,-0.0102221482,0.1029964611,0.0910106301,-0.0110989326,0.0830488266,-0.0004611465,3.6419999599,nan,nan,nan,nan,nan,nan,nan,nan,nan,nan,nan,nan,nan,nan,nan,nan,nan,nan,0.0000000000,0.0000000000,0.0000000000,0.0000000000,0.0000000000,0.0210052133,nan,nan,nan,nan,nan,nan,nan,nan,nan,nan,nan,nan,nan,nan,nan,nan,nan,nan,nan,nan,nan,0.0000624657,0.4899590015,inf,inf,inf,inf,inf,0.0000197887,0.0500769615,inf,inf,inf,inf,inf,inf,inf,1551
1779239122.8203365803,-0.0102221482,0.1029964611,0.0910106301,-0.0110989326,0.0830488266,-0.0004611465,3.6419999599,nan,nan,nan,nan,nan,nan,nan,nan,nan,nan,nan,nan,nan,nan,nan,nan,nan,nan,0.0000000000,0.0000000000,0.0000000000,0.0000000000,0.0000000000,0.0210052133,nan,nan,nan,nan,nan,nan,nan,nan,nan,nan,nan,nan,nan,nan,nan,nan,nan,nan,nan,nan,nan,0.0100233555,0.4999198914,inf,inf,inf,inf,inf,0.0099806786,0.0600378513,inf,inf,inf,inf,inf,inf,inf,1551
1779239122.8303830624,-0.0102221482,0.1029964611,0.0910106301,-0.0110989326,0.0830488266,-0.0004611465,3.6419999599,nan,nan,nan,nan,nan,nan,nan,nan,nan,nan,nan,nan,nan,nan,nan,nan,nan,nan,0.0000000000,0.0000000000,0.0000000000,0.0000000000,0.0000000000,0.0210052133,nan,nan,nan,nan,nan,nan,nan,nan,nan,nan,nan,nan,nan,nan,nan,nan,nan,nan,nan,nan,nan,0.0200698376,0.5099663734,inf,inf,inf,inf,inf,0.0200271606,0.0700843334,inf,inf,inf,inf,inf,inf,inf,1551
1779239122.8403522968,-0.0102221482,0.1029964611,0.0910106301,-0.0110989326,0.0830488266,-0.0004611465,3.6419999599,nan,nan,nan,nan,nan,nan,nan,nan,nan,nan,nan,nan,nan,nan,nan,nan,nan,nan,0.0000000000,0.0000000000,0.0000000000,0.0000000000,0.0000000000,0.0210052133,nan,nan,nan,nan,nan,nan,nan,nan,nan,nan,nan,nan,nan,nan,nan,nan,nan,nan,nan,nan,nan,0.0300390720,0.5199356079,inf,inf,inf,inf,inf,0.0299963951,0.0800535679,inf,inf,inf,inf,inf,inf,inf,1551
1779239122.8503265381,-0.0102221482,0.1029964611,0.0910106301,-0.0110989326,0.0830488266,-0.0004611465,3.6419999599,nan,nan,nan,nan,nan,nan,nan,nan,nan,nan,nan,nan,nan,nan,nan,nan,nan,nan,0.0000000000,0.0000000000,0.0000000000,0.0000000000,0.0000000000,0.0210052133,nan,nan,nan,nan,nan,nan,nan,nan,nan,nan,nan,nan,nan,nan,nan,nan,nan,nan,nan,nan,nan,0.0400133133,0.5299098492,inf,inf,inf,inf,inf,0.0399706364,0.0900278091,inf,inf,inf,inf,inf,inf,inf,1551
1779239122.8603985310,-0.0106463218,0.1029817536,0.0910299942,-0.0110989326,0.0830488266,-0.0004611465,3.6419999599,nan,nan,nan,nan,nan,nan,nan,nan,nan,nan,nan,nan,nan,nan,nan,nan,nan,nan,0.0000000000,0.0000000000,0.0000000000,0.0000000000,0.0000000000,0.0207757540,nan,nan,nan,nan,nan,nan,nan,nan,nan,nan,nan,nan,nan,nan,nan,nan,nan,nan,nan,nan,nan,0.0000700951,0.5399818420,inf,inf,inf,inf,inf,0.0500426292,0.0000224113,inf,inf,inf,inf,inf,inf,inf,1551
1779239122.8703248501,-0.0106463218,0.1029817536,0.0910299942,-0.0110989326,0.0830488266,-0.0004611465,3.6419999599,nan,nan,nan,nan,nan,nan,nan,nan,nan,nan,nan,nan,nan,nan,nan,nan,nan,nan,0.0000000000,0.0000000000,0.0000000000,0.0000000000,0.0000000000,0.0207757540,nan,nan,nan,nan,nan,nan,nan,nan,nan,nan,nan,nan,nan,nan,nan,nan,nan,nan,nan,nan,nan,0.0099964142,0.5499081612,inf,inf,inf,inf,inf,0.0599689484,0.0099487305,inf,inf,inf,inf,inf,inf,inf,1551
1779239122.8803322315,-0.0106463218,0.1029817536,0.0910299942,-0.0110989326,0.0830488266,-0.0004611465,3.6419999599,nan,nan,nan,nan,nan,nan,nan,nan,nan,nan,nan,nan,nan,nan,nan,nan,nan,nan,0.0000000000,0.0000000000,0.0000000000,0.0000000000,0.0000000000,0.0207757540,nan,nan,nan,nan,nan,nan,nan,nan,nan,nan,nan,nan,nan,nan,nan,nan,nan,nan,nan,nan,nan,0.0200037956,0.5599155426,inf,inf,inf,inf,inf,0.0699763298,0.0199561119,inf,inf,inf,inf,inf,inf,inf,1551
1779239122.8903458118,-0.0106463218,0.1029817536,0.0910299942,-0.0110989326,0.0830488266,-0.0004611465,3.6419999599,nan,nan,nan,nan,nan,nan,nan,nan,nan,nan,nan,nan,nan,nan,nan,nan,nan,nan,0.0000000000,0.0000000000,0.0000000000,0.0000000000,0.0000000000,0.0207757540,nan,nan,nan,nan,nan,nan,nan,nan,nan,nan,nan,nan,nan,nan,nan,nan,nan,nan,nan,nan,nan,0.0300173759,0.5699291229,inf,inf,inf,inf,inf,0.0799899101,0.0299696922,inf,inf,inf,inf,inf,inf,inf,1551
1779239122.9003205299,-0.0106463218,0.1029817536,0.0910299942,-0.0110989326,0.0830488266,-0.0004611465,3.6419999599,nan,nan,nan,nan,nan,nan,nan,nan,nan,nan,nan,nan,nan,nan,nan,nan,nan,nan,0.0000000000,0.0000000000,0.0000000000,0.0000000000,0.0000000000,0.0207757540,nan,nan,nan,nan,nan,nan,nan,nan,nan,nan,nan,nan,nan,nan,nan,nan,nan,nan,nan,nan,nan,0.0399920940,0.5799038410,inf,inf,inf,inf,inf,0.0899646282,0.0399444103,inf,inf,inf,inf,inf,inf,inf,1551
1779239122.9103808403,-0.0103117609,0.1029873863,0.0910144672,-0.0110989326,0.0830488266,-0.0004611465,3.6419999599,nan,nan,nan,nan,nan,nan,nan,nan,nan,nan,nan,nan,nan,nan,nan,nan,nan,nan,0.0000000000,0.0000000000,0.0000000000,0.0000000000,0.0000000000,0.0207757540,nan,nan,nan,nan,nan,nan,nan,nan,nan,nan,nan,nan,nan,nan,nan,nan,nan,nan,nan,nan,nan,0.0000634193,0.5899641514,inf,inf,inf,inf,inf,0.0000214577,0.0500047207,inf,inf,inf,inf,inf,inf,inf,1551
1779239122.9203219414,-0.0103117609,0.1029873863,0.0910144672,-0.0110989326,0.0830488266,-0.0004611465,3.6419999599,nan,nan,nan,nan,nan,nan,nan,nan,nan,nan,nan,nan,nan,nan,nan,nan,nan,nan,0.0000000000,0.0000000000,0.0000000000,0.0000000000,0.0000000000,0.0207757540,nan,nan,nan,nan,nan,nan,nan,nan,nan,nan,nan,nan,nan,nan,nan,nan,nan,nan,nan,nan,nan,0.0100045204,0.5999052525,inf,inf,inf,inf,inf,0.0099625587,0.0599458218,inf,inf,inf,inf,inf,inf,inf,1551
1779239122.9303450584,-0.0103117609,0.1029873863,0.0910144672,-0.0110989326,0.0830488266,-0.0004611465,3.6419999599,nan,nan,nan,nan,nan,nan,nan,nan,nan,nan,nan,nan,nan,nan,nan,nan,nan,nan,0.0000000000,0.0000000000,0.0000000000,0.0000000000,0.0000000000,0.0207757540,nan,nan,nan,nan,nan,nan,nan,nan,nan,nan,nan,nan,nan,nan,nan,nan,nan,nan,nan,nan,nan,0.0200276375,0.6099283695,inf,inf,inf,inf,inf,0.0199856758,0.0699689388,inf,inf,inf,inf,inf,inf,inf,1551
1779239122.9403245449,-0.0103117609,0.1029873863,0.0910144672,-0.0110989326,0.0830488266,-0.0004611465,3.6419999599,nan,nan,nan,nan,nan,nan,nan,nan,nan,nan,nan,nan,nan,nan,nan,nan,nan,nan,0.0000000000,0.0000000000,0.0000000000,0.0000000000,0.0000000000,0.0207757540,nan,nan,nan,nan,nan,nan,nan,nan,nan,nan,nan,nan,nan,nan,nan,nan,nan,nan,nan,nan,nan,0.0300071239,0.6199078560,inf,inf,inf,inf,inf,0.0299651623,0.0799484253,inf,inf,inf,inf,inf,inf,inf,1551
1779239122.9503102303,-0.0103117609,0.1029873863,0.0910144672,-0.0110989326,0.0830488266,-0.0004611465,3.6419999599,nan,nan,nan,nan,nan,nan,nan,nan,nan,nan,nan,nan,nan,nan,nan,nan,nan,nan,0.0000000000,0.0000000000,0.0000000000,0.0000000000,0.0000000000,0.0207757540,nan,nan,nan,nan,nan,nan,nan,nan,nan,nan,nan,nan,nan,nan,nan,nan,nan,nan,nan,nan,nan,0.0399928093,0.6298935413,inf,inf,inf,inf,inf,0.0399508476,0.0899341106,inf,inf,inf,inf,inf,inf,inf,1551
1779239122.9603679180,-0.0108976495,0.1029658616,0.0910609886,-0.0110989326,0.0830488266,-0.0004611465,3.6419999599,nan,nan,nan,nan,nan,nan,nan,nan,nan,nan,nan,nan,nan,nan,nan,nan,nan,nan,0.0000000000,0.0000000000,0.0000000000,0.0000000000,0.0000000000,0.0248862933,nan,nan,nan,nan,nan,nan,nan,nan,nan,nan,nan,nan,nan,nan,nan,nan,nan,nan,nan,nan,nan,0.0000605583,0.6399512291,inf,inf,inf,inf,inf,0.0500085354,0.0000181198,inf,inf,inf,inf,inf,inf,inf,1551
1779239122.9703216553,-0.0108976495,0.1029658616,0.0910609886,-0.0110989326,0.0830488266,-0.0004611465,3.6419999599,nan,nan,nan,nan,nan,nan,nan,nan,nan,nan,nan,nan,nan,nan,nan,nan,nan,nan,0.0000000000,0.0000000000,0.0000000000,0.0000000000,0.0000000000,0.0248862933,nan,nan,nan,nan,nan,nan,nan,nan,nan,nan,nan,nan,nan,nan,nan,nan,nan,nan,nan,nan,nan,0.0100142956,0.6499049664,inf,inf,inf,inf,inf,0.0599622726,0.0099718571,inf,inf,inf,inf,inf,inf,inf,1551
1779239122.9803247452,-0.0108976495,0.1029658616,0.0910609886,-0.0110989326,0.0830488266,-0.0004611465,3.6419999599,nan,nan,nan,nan,nan,nan,nan,nan,nan,nan,nan,nan,nan,nan,nan,nan,nan,nan,0.0000000000,0.0000000000,0.0000000000,0.0000000000,0.0000000000,0.0248862933,nan,nan,nan,nan,nan,nan,nan,nan,nan,nan,nan,nan,nan,nan,nan,nan,nan,nan,nan,nan,nan,0.0200173855,0.6599080563,inf,inf,inf,inf,inf,0.0699653625,0.0199749470,inf,inf,inf,inf,inf,inf,inf,1551
1779239122.9924364090,-0.0108976495,0.1029658616,0.0910609886,-0.0110989326,0.0830488266,-0.0004611465,3.6419999599,nan,nan,nan,nan,nan,nan,nan,nan,nan,nan,nan,nan,nan,nan,nan,nan,nan,nan,0.0000000000,0.0000000000,0.0000000000,0.0000000000,0.0000000000,0.0248862933,nan,nan,nan,nan,nan,nan,nan,nan,nan,nan,nan,nan,nan,nan,nan,nan,nan,nan,nan,nan,nan,0.0321290493,0.6720197201,inf,inf,inf,inf,inf,0.0820770264,0.0320866108,inf,inf,inf,inf,inf,inf,inf,1551
1779239123.0003259182,-0.0108976495,0.1029658616,0.0910609886,-0.0110989326,0.0830488266,-0.0004611465,3.6419999599,nan,nan,nan,nan,nan,nan,nan,nan,nan,nan,nan,nan,nan,nan,nan,nan,nan,nan,0.0000000000,0.0000000000,0.0000000000,0.0000000000,0.0000000000,0.0248862933,nan,nan,nan,nan,nan,nan,nan,nan,nan,nan,nan,nan,nan,nan,nan,nan,nan,nan,nan,nan,nan,0.0400185585,0.6799092293,inf,inf,inf,inf,inf,0.0899665356,0.0399761200,inf,inf,inf,inf,inf,inf,inf,1551
1779239123.0103745461,-0.0116552478,0.1029637456,0.0911140293,-0.0110989326,0.0830488266,-0.0004611465,3.6419999599,nan,nan,nan,nan,nan,nan,nan,nan,nan,nan,nan,nan,nan,nan,nan,nan,nan,nan,0.0000000000,0.0000000000,0.0000000000,0.0000000000,0.0000000000,0.0248862933,nan,nan,nan,nan,nan,nan,nan,nan,nan,nan,nan,nan,nan,nan,nan,nan,nan,nan,nan,nan,nan,0.0000514984,0.6899578571,inf,inf,inf,inf,inf,0.0000176430,0.0500247478,inf,inf,inf,inf,inf,inf,inf,1551
1779239123.0203280449,-0.0116552478,0.1029637456,0.0911140293,-0.0110989326,0.0830488266,-0.0004611465,3.6419999599,nan,nan,nan,nan,nan,nan,nan,nan,nan,nan,nan,nan,nan,nan,nan,nan,nan,nan,0.0000000000,0.0000000000,0.0000000000,0.0000000000,0.0000000000,0.0248862933,nan,nan,nan,nan,nan,nan,nan,nan,nan,nan,nan,nan,nan,nan,nan,nan,nan,nan,nan,nan,nan,0.0100049973,0.6999113560,inf,inf,inf,inf,inf,0.0099711418,0.0599782467,inf,inf,inf,inf,inf,inf,inf,1551
1779239123.0303039551,-0.0116552478,0.1029637456,0.0911140293,-0.0110989326,0.0830488266,-0.0004611465,3.6419999599,nan,nan,nan,nan,nan,nan,nan,nan,nan,nan,nan,nan,nan,nan,nan,nan,nan,nan,0.0000000000,0.0000000000,0.0000000000,0.0000000000,0.0000000000,0.0248862933,nan,nan,nan,nan,nan,nan,nan,nan,nan,nan,nan,nan,nan,nan,nan,nan,nan,nan,nan,nan,nan,0.0199809074,0.7098872662,inf,inf,inf,inf,inf,0.0199470520,0.0699541569,inf,inf,inf,inf,inf,inf,inf,1551
1779239123.0402507782,-0.0116552478,0.1029637456,0.0911140293,-0.0110989326,0.0830488266,-0.0004611465,3.6419999599,nan,nan,nan,nan,nan,nan,nan,nan,nan,nan,nan,nan,nan,nan,nan,nan,nan,nan,0.0000000000,0.0000000000,0.0000000000,0.0000000000,0.0000000000,0.0248862933,nan,nan,nan,nan,nan,nan,nan,nan,nan,nan,nan,nan,nan,nan,nan,nan,nan,nan,nan,nan,nan,0.0299277306,0.7198340893,inf,inf,inf,inf,inf,0.0298938751,0.0799009800,inf,inf,inf,inf,inf,inf,inf,1551
1779239123.0502429008,-0.0116552478,0.1029637456,0.0911140293,-0.0110989326,0.0830488266,-0.0004611465,3.6419999599,nan,nan,nan,nan,nan,nan,nan,nan,nan,nan,nan,nan,nan,nan,nan,nan,nan,nan,0.0000000000,0.0000000000,0.0000000000,0.0000000000,0.0000000000,0.0248862933,nan,nan,nan,nan,nan,nan,nan,nan,nan,nan,nan,nan,nan,nan,nan,nan,nan,nan,nan,nan,nan,0.0399198532,0.7298262119,inf,inf,inf,inf,inf,0.0398859978,0.0898931026,inf,inf,inf,inf,inf,inf,inf,1551
1779239123.0604145527,-0.0125976996,0.1029752269,0.0911474079,-0.0110989326,0.0830488266,-0.0004611465,3.6419999599,nan,nan,nan,nan,nan,nan,nan,nan,nan,nan,nan,nan,nan,nan,nan,nan,nan,nan,0.0000000000,0.0000000000,0.0000000000,0.0000000000,0.0000000000,0.0286658853,nan,nan,nan,nan,nan,nan,nan,nan,nan,nan,nan,nan,nan,nan,nan,nan,nan,nan,nan,nan,nan,0.0000569820,0.7399978638,inf,inf,inf,inf,inf,0.0500576496,0.0000190735,inf,inf,inf,inf,inf,inf,inf,1551
1779239123.0703985691,-0.0125976996,0.1029752269,0.0911474079,-0.0110989326,0.0830488266,-0.0004611465,3.6419999599,nan,nan,nan,nan,nan,nan,nan,nan,nan,nan,nan,nan,nan,nan,nan,nan,nan,nan,0.0000000000,0.0000000000,0.0000000000,0.0000000000,0.0000000000,0.0286658853,nan,nan,nan,nan,nan,nan,nan,nan,nan,nan,nan,nan,nan,nan,nan,nan,nan,nan,nan,nan,nan,0.0100409985,0.7499818802,inf,inf,inf,inf,inf,0.0600416660,0.0100030899,inf,inf,inf,inf,inf,inf,inf,1551
1779239123.0804054737,-0.0125976996,0.1029752269,0.0911474079,-0.0110989326,0.0830488266,-0.0004611465,3.6419999599,nan,nan,nan,nan,nan,nan,nan,nan,nan,nan,nan,nan,nan,nan,nan,nan,nan,nan,0.0000000000,0.0000000000,0.0000000000,0.0000000000,0.0000000000,0.0286658853,nan,nan,nan,nan,nan,nan,nan,nan,nan,nan,nan,nan,nan,nan,nan,nan,nan,nan,nan,nan,nan,0.0200479031,0.7599887848,inf,inf,inf,inf,inf,0.0700485706,0.0200099945,inf,inf,inf,inf,inf,inf,inf,1551
1779239123.0912895203,-0.0125976996,0.1029752269,0.0911474079,-0.0110989326,0.0830488266,-0.0004611465,3.6419999599,nan,nan,nan,nan,nan,nan,nan,nan,nan,nan,nan,nan,nan,nan,nan,nan,nan,nan,0.0000000000,0.0000000000,0.0000000000,0.0000000000,0.0000000000,0.0286658853,nan,nan,nan,nan,nan,nan,nan,nan,nan,nan,nan,nan,nan,nan,nan,nan,nan,nan,nan,nan,nan,0.0309319496,0.7708728313,inf,inf,inf,inf,inf,0.0809326172,0.0308940411,inf,inf,inf,inf,inf,inf,inf,1551
1779239123.1002793312,-0.0125976996,0.1029752269,0.0911474079,-0.0110989326,0.0830488266,-0.0004611465,3.6419999599,nan,nan,nan,nan,nan,nan,nan,nan,nan,nan,nan,nan,nan,nan,nan,nan,nan,nan,0.0000000000,0.0000000000,0.0000000000,0.0000000000,0.0000000000,0.0286658853,nan,nan,nan,nan,nan,nan,nan,nan,nan,nan,nan,nan,nan,nan,nan,nan,nan,nan,nan,nan,nan,0.0399217606,0.7798626423,inf,inf,inf,inf,inf,0.0899224281,0.0398838520,inf,inf,inf,inf,inf,inf,inf,1551
1779239123.1103332043,-0.0137205804,0.1029687375,0.0911764354,-0.0110989326,0.0830488266,-0.0004611465,3.6419999599,nan,nan,nan,nan,nan,nan,nan,nan,nan,nan,nan,nan,nan,nan,nan,nan,nan,nan,0.0000000000,0.0000000000,0.0000000000,0.0000000000,0.0000000000,0.0286658853,nan,nan,nan,nan,nan,nan,nan,nan,nan,nan,nan,nan,nan,nan,nan,nan,nan,nan,nan,nan,nan,0.0000462532,0.7899165154,inf,inf,inf,inf,inf,0.0000169277,0.0499377251,inf,inf,inf,inf,inf,inf,inf,1551
1779239123.1202962399,-0.0137205804,0.1029687375,0.0911764354,-0.0110989326,0.0830488266,-0.0004611465,3.6419999599,nan,nan,nan,nan,nan,nan,nan,nan,nan,nan,nan,nan,nan,nan,nan,nan,nan,nan,0.0000000000,0.0000000000,0.0000000000,0.0000000000,0.0000000000,0.0286658853,nan,nan,nan,nan,nan,nan,nan,nan,nan,nan,nan,nan,nan,nan,nan,nan,nan,nan,nan,nan,nan,0.0100092888,0.7998795509,inf,inf,inf,inf,inf,0.0099799633,0.0599007607,inf,inf,inf,inf,inf,inf,inf,1551
1779239123.1303000450,-0.0137205804,0.1029687375,0.0911764354,-0.0110989326,0.0830488266,-0.0004611465,3.6419999599,nan,nan,nan,nan,nan,nan,nan,nan,nan,nan,nan,nan,nan,nan,nan,nan,nan,nan,0.0000000000,0.0000000000,0.0000000000,0.0000000000,0.0000000000,0.0286658853,nan,nan,nan,nan,nan,nan,nan,nan,nan,nan,nan,nan,nan,nan,nan,nan,nan,nan,nan,nan,nan,0.0200130939,0.8098833561,inf,inf,inf,inf,inf,0.0199837685,0.0699045658,inf,inf,inf,inf,inf,inf,inf,1551
1779239123.1403009892,-0.0137205804,0.1029687375,0.0911764354,-0.0110989326,0.0830488266,-0.0004611465,3.6419999599,nan,nan,nan,nan,nan,nan,nan,nan,nan,nan,nan,nan,nan,nan,nan,nan,nan,nan,0.0000000000,0.0000000000,0.0000000000,0.0000000000,0.0000000000,0.0286658853,nan,nan,nan,nan,nan,nan,nan,nan,nan,nan,nan,nan,nan,nan,nan,nan,nan,nan,nan,nan,nan,0.0300140381,0.8198843002,inf,inf,inf,inf,inf,0.0299847126,0.0799055099,inf,inf,inf,inf,inf,inf,inf,1551
1779239123.1502640247,-0.0137205804,0.1029687375,0.0911764354,-0.0110989326,0.0830488266,-0.0004611465,3.6419999599,nan,nan,nan,nan,nan,nan,nan,nan,nan,nan,nan,nan,nan,nan,nan,nan,nan,nan,0.0000000000,0.0000000000,0.0000000000,0.0000000000,0.0000000000,0.0286658853,nan,nan,nan,nan,nan,nan,nan,nan,nan,nan,nan,nan,nan,nan,nan,nan,nan,nan,nan,nan,nan,0.0399770737,0.8298473358,inf,inf,inf,inf,inf,0.0399477482,0.0898685455,inf,inf,inf,inf,inf,inf,inf,1551
1779239123.1602940559,-0.0137205804,0.1029687375,0.0911764354,-0.0110989326,0.0830488266,-0.0004611465,3.6419999599,nan,nan,nan,nan,nan,nan,nan,nan,nan,nan,nan,nan,nan,nan,nan,nan,nan,nan,0.0000000000,0.0000000000,0.0000000000,0.0000000000,0.0000000000,0.0285110157,nan,nan,nan,nan,nan,nan,nan,nan,nan,nan,nan,nan,nan,nan,nan,nan,nan,nan,nan,nan,nan,0.0500071049,0.8398773670,inf,inf,inf,inf,inf,0.0499777794,0.0000181198,inf,inf,inf,inf,inf,inf,inf,1551
1779239123.1702620983,-0.0150326751,0.1029408127,0.0912163854,-0.0110989326,0.0830488266,-0.0004611465,3.6419999599,nan,nan,nan,nan,nan,nan,nan,nan,nan,nan,nan,nan,nan,nan,nan,nan,nan,nan,0.0000000000,0.0000000000,0.0000000000,0.0000000000,0.0000000000,0.0285110157,nan,nan,nan,nan,nan,nan,nan,nan,nan,nan,nan,nan,nan,nan,nan,nan,nan,nan,nan,nan,nan,0.0000169277,0.8498454094,inf,inf,inf,inf,inf,0.0599458218,0.0099861622,inf,inf,inf,inf,inf,inf,inf,1551
1779239123.1802771091,-0.0150326751,0.1029408127,0.0912163854,-0.0110989326,0.0830488266,-0.0004611465,3.6419999599,nan,nan,nan,nan,nan,nan,nan,nan,nan,nan,nan,nan,nan,nan,nan,nan,nan,nan,0.0000000000,0.0000000000,0.0000000000,0.0000000000,0.0000000000,0.0285110157,nan,nan,nan,nan,nan,nan,nan,nan,nan,nan,nan,nan,nan,nan,nan,nan,nan,nan,nan,nan,nan,0.0100319386,0.8598604202,inf,inf,inf,inf,inf,0.0699608326,0.0200011730,inf,inf,inf,inf,inf,inf,inf,1551
1779239123.1902318001,-0.0150326751,0.1029408127,0.0912163854,-0.0110989326,0.0830488266,-0.0004611465,3.6419999599,nan,nan,nan,nan,nan,nan,nan,nan,nan,nan,nan,nan,nan,nan,nan,nan,nan,nan,0.0000000000,0.0000000000,0.0000000000,0.0000000000,0.0000000000,0.0285110157,nan,nan,nan,nan,nan,nan,nan,nan,nan,nan,nan,nan,nan,nan,nan,nan,nan,nan,nan,nan,nan,0.0199866295,0.8698151112,inf,inf,inf,inf,inf,0.0799155235,0.0299558640,inf,inf,inf,inf,inf,inf,inf,1551
1779239123.2002346516,-0.0150326751,0.1029408127,0.0912163854,-0.0110989326,0.0830488266,-0.0004611465,3.6419999599,nan,nan,nan,nan,nan,nan,nan,nan,nan,nan,nan,nan,nan,nan,nan,nan,nan,nan,0.0000000000,0.0000000000,0.0000000000,0.0000000000,0.0000000000,0.0285110157,nan,nan,nan,nan,nan,nan,nan,nan,nan,nan,nan,nan,nan,nan,nan,nan,nan,nan,nan,nan,nan,0.0299894810,0.8798179626,inf,inf,inf,inf,inf,0.0899183750,0.0399587154,inf,inf,inf,inf,inf,inf,inf,1551
1779239123.2103316784,-0.0103493491,0.1029938757,0.0910251364,-0.0110989326,0.0830488266,-0.0004611465,3.6419999599,nan,nan,nan,nan,nan,nan,nan,nan,nan,nan,nan,nan,nan,nan,nan,nan,nan,nan,0.0000000000,0.0000000000,0.0000000000,0.0000000000,0.0000000000,0.0285110157,nan,nan,nan,nan,nan,nan,nan,nan,nan,nan,nan,nan,nan,nan,nan,nan,nan,nan,nan,nan,nan,0.0000529289,0.8899149895,inf,inf,inf,inf,inf,0.0000190735,0.0500557423,inf,inf,inf,inf,inf,inf,inf,1551
1779239123.2202892303,-0.0103493491,0.1029938757,0.0910251364,-0.0110989326,0.0830488266,-0.0004611465,3.6419999599,nan,nan,nan,nan,nan,nan,nan,nan,nan,nan,nan,nan,nan,nan,nan,nan,nan,nan,0.0000000000,0.0000000000,0.0000000000,0.0000000000,0.0000000000,0.0285110157,nan,nan,nan,nan,nan,nan,nan,nan,nan,nan,nan,nan,nan,nan,nan,nan,nan,nan,nan,nan,nan,0.0100104809,0.8998725414,inf,inf,inf,inf,inf,0.0099766254,0.0600132942,inf,inf,inf,inf,inf,inf,inf,1551
1779239123.2302951813,-0.0103493491,0.1029938757,0.0910251364,-0.0110989326,0.0830488266,-0.0004611465,3.6419999599,nan,nan,nan,nan,nan,nan,nan,nan,nan,nan,nan,nan,nan,nan,nan,nan,nan,nan,0.0000000000,0.0000000000,0.0000000000,0.0000000000,0.0000000000,0.0285110157,nan,nan,nan,nan,nan,nan,nan,nan,nan,nan,nan,nan,nan,nan,nan,nan,nan,nan,nan,nan,nan,0.0200164318,0.9098784924,inf,inf,inf,inf,inf,0.0199825764,0.0700192451,inf,inf,inf,inf,inf,inf,inf,1551
1779239123.2402732372,-0.0103493491,0.1029938757,0.0910251364,-0.0110989326,0.0830488266,-0.0004611465,3.6419999599,nan,nan,nan,nan,nan,nan,nan,nan,nan,nan,nan,nan,nan,nan,nan,nan,nan,nan,0.0000000000,0.0000000000,0.0000000000,0.0000000000,0.0000000000,0.0285110157,nan,nan,nan,nan,nan,nan,nan,nan,nan,nan,nan,nan,nan,nan,nan,nan,nan,nan,nan,nan,nan,0.0299944878,0.9198565483,inf,inf,inf,inf,inf,0.0299606323,0.0799973011,inf,inf,inf,inf,inf,inf,inf,1551
1779239123.2502944469,-0.0103493491,0.1029938757,0.0910251364,-0.0110989326,0.0830488266,-0.0004611465,3.6419999599,nan,nan,nan,nan,nan,nan,nan,nan,nan,nan,nan,nan,nan,nan,nan,nan,nan,nan,0.0000000000,0.0000000000,0.0000000000,0.0000000000,0.0000000000,0.0285110157,nan,nan,nan,nan,nan,nan,nan,nan,nan,nan,nan,nan,nan,nan,nan,nan,nan,nan,nan,nan,nan,0.0400156975,0.9298777580,inf,inf,inf,inf,inf,0.0399818420,0.0900185108,inf,inf,inf,inf,inf,inf,inf,1551
1779239123.2602910995,-0.0103493491,0.1029938757,0.0910251364,-0.0110989326,0.0830488266,-0.0004611465,3.6419999599,nan,nan,nan,nan,nan,nan,nan,nan,nan,nan,nan,nan,nan,nan,nan,nan,nan,nan,0.0000000000,0.0000000000,0.0000000000,0.0000000000,0.0000000000,0.0296556689,nan,nan,nan,nan,nan,nan,nan,nan,nan,nan,nan,nan,nan,nan,nan,nan,nan,nan,nan,nan,nan,0.0500123501,0.9398744106,inf,inf,inf,inf,inf,0.0499784946,0.0000219345,inf,inf,inf,inf,inf,inf,inf,1551
1779239123.2703042030,-0.0106780939,0.1029591039,0.0910132453,-0.0110989326,0.0830488266,-0.0004611465,3.6419999599,nan,nan,nan,nan,nan,nan,nan,nan,nan,nan,nan,nan,nan,nan,nan,nan,nan,nan,0.0000000000,0.0000000000,0.0000000000,0.0000000000,0.0000000000,0.0296556689,nan,nan,nan,nan,nan,nan,nan,nan,nan,nan,nan,nan,nan,nan,nan,nan,nan,nan,nan,nan,nan,0.0000174046,0.9498875141,inf,inf,inf,inf,inf,0.0599915981,0.0100350380,inf,inf,inf,inf,inf,inf,inf,1551
1779239123.2802984715,-0.0106780939,0.1029591039,0.0910132453,-0.0110989326,0.0830488266,-0.0004611465,3.6419999599,nan,nan,nan,nan,nan,nan,nan,nan,nan,nan,nan,nan,nan,nan,nan,nan,nan,nan,0.0000000000,0.0000000000,0.0000000000,0.0000000000,0.0000000000,0.0296556689,nan,nan,nan,nan,nan,nan,nan,nan,nan,nan,nan,nan,nan,nan,nan,nan,nan,nan,nan,nan,nan,0.0100116730,0.9598817825,inf,inf,inf,inf,inf,0.0699858665,0.0200293064,inf,inf,inf,inf,inf,inf,inf,1551
1779239123.2903263569,-0.0106780939,0.1029591039,0.0910132453,-0.0110989326,0.0830488266,-0.0004611465,3.6419999599,nan,nan,nan,nan,nan,nan,nan,nan,nan,nan,nan,nan,nan,nan,nan,nan,nan,nan,0.0000000000,0.0000000000,0.0000000000,0.0000000000,0.0000000000,0.0296556689,nan,nan,nan,nan,nan,nan,nan,nan,nan,nan,nan,nan,nan,nan,nan,nan,nan,nan,nan,nan,nan,0.0200395584,0.9699096680,inf,inf,inf,inf,inf,0.0800137520,0.0300571918,inf,inf,inf,inf,inf,inf,inf,1551
1779239123.3003091812,-0.0106780939,0.1029591039,0.0910132453,-0.0110989326,0.0830488266,-0.0004611465,3.6419999599,nan,nan,nan,nan,nan,nan,nan,nan,nan,nan,nan,nan,nan,nan,nan,nan,nan,nan,0.0000000000,0.0000000000,0.0000000000,0.0000000000,0.0000000000,0.0296556689,nan,nan,nan,nan,nan,nan,nan,nan,nan,nan,nan,nan,nan,nan,nan,nan,nan,nan,nan,nan,nan,0.0300223827,0.9798924923,inf,inf,inf,inf,inf,0.0899965763,0.0400400162,inf,inf,inf,inf,inf,inf,inf,1551
1779239123.3103053570,-0.0106737418,0.1029323339,0.0910291374,-0.0110989326,0.0830488266,-0.0004611465,3.6419999599,nan,nan,nan,nan,nan,nan,nan,nan,nan,nan,nan,nan,nan,nan,nan,nan,nan,nan,0.0000000000,0.0000000000,0.0000000000,0.0000000000,0.0000000000,0.0296556689,nan,nan,nan,nan,nan,nan,nan,nan,nan,nan,nan,nan,nan,nan,nan,nan,nan,nan,nan,nan,nan,0.0000450611,0.9898886681,inf,inf,inf,inf,inf,0.0000150204,0.0500361919,inf,inf,inf,inf,inf,inf,inf,1551
1779239123.3203234673,-0.0106737418,0.1029323339,0.0910291374,-0.0110989326,0.0830488266,-0.0004611465,3.6419999599,nan,nan,nan,nan,nan,nan,nan,nan,nan,nan,nan,nan,nan,nan,nan,nan,nan,nan,0.0000000000,0.0000000000,0.0000000000,0.0000000000,0.0000000000,0.0296556689,nan,nan,nan,nan,nan,nan,nan,nan,nan,nan,nan,nan,nan,nan,nan,nan,nan,nan,nan,nan,nan,0.0100631714,0.0000183582,inf,inf,inf,inf,inf,0.0100331306,0.0600543022,inf,inf,inf,inf,inf,inf,inf,1551
1779239123.3302762508,-0.0106737418,0.1029323339,0.0910291374,-0.0110989326,0.0830488266,-0.0004611465,3.6419999599,nan,nan,nan,nan,nan,nan,nan,nan,nan,nan,nan,nan,nan,nan,nan,nan,nan,nan,0.0000000000,0.0000000000,0.0000000000,0.0000000000,0.0000000000,0.0296556689,nan,nan,nan,nan,nan,nan,nan,nan,nan,nan,nan,nan,nan,nan,nan,nan,nan,nan,nan,nan,nan,0.0200159550,0.0099711418,inf,inf,inf,inf,inf,0.0199859142,0.0700070858,inf,inf,inf,inf,inf,inf,inf,1551
1779239123.3403942585,-0.0106737418,0.1029323339,0.0910291374,-0.0110989326,0.0830488266,-0.0004611465,3.6419999599,nan,nan,nan,nan,nan,nan,nan,nan,nan,nan,nan,nan,nan,nan,nan,nan,nan,nan,0.0000000000,0.0000000000,0.0000000000,0.0000000000,0.0000000000,0.0296556689,nan,nan,nan,nan,nan,nan,nan,nan,nan,nan,nan,nan,nan,nan,nan,nan,nan,nan,nan,nan,nan,0.0301339626,0.0200891495,inf,inf,inf,inf,inf,0.0301039219,0.0801250935,inf,inf,inf,inf,inf,inf,inf,1551
1779239123.3502955437,-0.0106737418,0.1029323339,0.0910291374,-0.0110989326,0.0830488266,-0.0004611465,3.6419999599,nan,nan,nan,nan,nan,nan,nan,nan,nan,nan,nan,nan,nan,nan,nan,nan,nan,nan,0.0000000000,0.0000000000,0.0000000000,0.0000000000,0.0000000000,0.0296556689,nan,nan,nan,nan,nan,nan,nan,nan,nan,nan,nan,nan,nan,nan,nan,nan,nan,nan,nan,nan,nan,0.0400352478,0.0299904346,inf,inf,inf,inf,inf,0.0400052071,0.0900263786,inf,inf,inf,inf,inf,inf,inf,1551
1779239123.3603222370,-0.0113412077,0.1028323472,0.0910526291,-0.0110989326,0.0830488266,-0.0004611465,3.6419999599,nan,nan,nan,nan,nan,nan,nan,nan,nan,nan,nan,nan,nan,nan,nan,nan,nan,nan,0.0000000000,0.0000000000,0.0000000000,0.0000000000,0.0000000000,0.0353489630,nan,nan,nan,nan,nan,nan,nan,nan,nan,nan,nan,nan,nan,nan,nan,nan,nan,nan,nan,nan,nan,0.0000467300,0.0400171280,inf,inf,inf,inf,inf,0.0500319004,0.0000159740,inf,inf,inf,inf,inf,inf,inf,1551
1779239123.3702850342,-0.0113412077,0.1028323472,0.0910526291,-0.0110989326,0.0830488266,-0.0004611465,3.6419999599,nan,nan,nan,nan,nan,nan,nan,nan,nan,nan,nan,nan,nan,nan,nan,nan,nan,nan,0.0000000000,0.0000000000,0.0000000000,0.0000000000,0.0000000000,0.0353489630,nan,nan,nan,nan,nan,nan,nan,nan,nan,nan,nan,nan,nan,nan,nan,nan,nan,nan,nan,nan,nan,0.0100095272,0.0499799252,inf,inf,inf,inf,inf,0.0599946976,0.0099787712,inf,inf,inf,inf,inf,inf,inf,1551
1779239123.3802711964,-0.0113412077,0.1028323472,0.0910526291,-0.0110989326,0.0830488266,-0.0004611465,3.6419999599,nan,nan,nan,nan,nan,nan,nan,nan,nan,nan,nan,nan,nan,nan,nan,nan,nan,nan,0.0000000000,0.0000000000,0.0000000000,0.0000000000,0.0000000000,0.0353489630,nan,nan,nan,nan,nan,nan,nan,nan,nan,nan,nan,nan,nan,nan,nan,nan,nan,nan,nan,nan,nan,0.0199956894,0.0599660873,inf,inf,inf,inf,inf,0.0699808598,0.0199649334,inf,inf,inf,inf,inf,inf,inf,1551
1779239123.3902750015,-0.0113412077,0.1028323472,0.0910526291,-0.0110989326,0.0830488266,-0.0004611465,3.6419999599,nan,nan,nan,nan,nan,nan,nan,nan,nan,nan,nan,nan,nan,nan,nan,nan,nan,nan,0.0000000000,0.0000000000,0.0000000000,0.0000000000,0.0000000000,0.0353489630,nan,nan,nan,nan,nan,nan,nan,nan,nan,nan,nan,nan,nan,nan,nan,nan,nan,nan,nan,nan,nan,0.0299994946,0.0699698925,inf,inf,inf,inf,inf,0.0799846649,0.0299687386,inf,inf,inf,inf,inf,inf,inf,1551
1779239123.4002807140,-0.0113412077,0.1028323472,0.0910526291,-0.0110989326,0.0830488266,-0.0004611465,3.6419999599,nan,nan,nan,nan,nan,nan,nan,nan,nan,nan,nan,nan,nan,nan,nan,nan,nan,nan,0.0000000000,0.0000000000,0.0000000000,0.0000000000,0.0000000000,0.0353489630,nan,nan,nan,nan,nan,nan,nan,nan,nan,nan,nan,nan,nan,nan,nan,nan,nan,nan,nan,nan,nan,0.0400052071,0.0799756050,inf,inf,inf,inf,inf,0.0899903774,0.0399744511,inf,inf,inf,inf,inf,inf,inf,1551
1779239123.4103124142,-0.0121497782,0.1026974320,0.0910313055,-0.0110989326,0.0830488266,-0.0004611465,3.6419999599,nan,nan,nan,nan,nan,nan,nan,nan,nan,nan,nan,nan,nan,nan,nan,nan,nan,nan,0.0000000000,0.0000000000,0.0000000000,0.0000000000,0.0000000000,0.0353489630,nan,nan,nan,nan,nan,nan,nan,nan,nan,nan,nan,nan,nan,nan,nan,nan,nan,nan,nan,nan,nan,0.0000479221,0.0900073051,inf,inf,inf,inf,inf,0.0000152588,0.0500061512,inf,inf,inf,inf,inf,inf,inf,1551
1779239123.4202711582,-0.0121497782,0.1026974320,0.0910313055,-0.0110989326,0.0830488266,-0.0004611465,3.6419999599,nan,nan,nan,nan,nan,nan,nan,nan,nan,nan,nan,nan,nan,nan,nan,nan,nan,nan,0.0000000000,0.0000000000,0.0000000000,0.0000000000,0.0000000000,0.0353489630,nan,nan,nan,nan,nan,nan,nan,nan,nan,nan,nan,nan,nan,nan,nan,nan,nan,nan,nan,nan,nan,0.0100066662,0.0999660492,inf,inf,inf,inf,inf,0.0099740028,0.0599648952,inf,inf,inf,inf,inf,inf,inf,1551
1779239123.4302473068,-0.0121497782,0.1026974320,0.0910313055,-0.0110989326,0.0830488266,-0.0004611465,3.6419999599,nan,nan,nan,nan,nan,nan,nan,nan,nan,nan,nan,nan,nan,nan,nan,nan,nan,nan,0.0000000000,0.0000000000,0.0000000000,0.0000000000,0.0000000000,0.0353489630,nan,nan,nan,nan,nan,nan,nan,nan,nan,nan,nan,nan,nan,nan,nan,nan,nan,nan,nan,nan,nan,0.0199828148,0.1099421978,inf,inf,inf,inf,inf,0.0199501514,0.0699410439,inf,inf,inf,inf,inf,inf,inf,1551
1779239123.4402675629,-0.0121497782,0.1026974320,0.0910313055,-0.0110989326,0.0830488266,-0.0004611465,3.6419999599,nan,nan,nan,nan,nan,nan,nan,nan,nan,nan,nan,nan,nan,nan,nan,nan,nan,nan,0.0000000000,0.0000000000,0.0000000000,0.0000000000,0.0000000000,0.0353489630,nan,nan,nan,nan,nan,nan,nan,nan,nan,nan,nan,nan,nan,nan,nan,nan,nan,nan,nan,nan,nan,0.0300030708,0.1199624538,inf,inf,inf,inf,inf,0.0299704075,0.0799612999,inf,inf,inf,inf,inf,inf,inf,1551
1779239123.4502625465,-0.0121497782,0.1026974320,0.0910313055,-0.0110989326,0.0830488266,-0.0004611465,3.6419999599,nan,nan,nan,nan,nan,nan,nan,nan,nan,nan,nan,nan,nan,nan,nan,nan,nan,nan,0.0000000000,0.0000000000,0.0000000000,0.0000000000,0.0000000000,0.0353489630,nan,nan,nan,nan,nan,nan,nan,nan,nan,nan,nan,nan,nan,nan,nan,nan,nan,nan,nan,nan,nan,0.0399980545,0.1299574375,inf,inf,inf,inf,inf,0.0399653912,0.0899562836,inf,inf,inf,inf,inf,inf,inf,1551
1779239123.4603412151,-0.0129421894,0.1025576144,0.0909959897,-0.0110989326,0.0830488266,-0.0004611465,3.6419999599,nan,nan,nan,nan,nan,nan,nan,nan,nan,nan,nan,nan,nan,nan,nan,nan,nan,nan,0.0000000000,0.0000000000,0.0000000000,0.0000000000,0.0000000000,0.0384129956,nan,nan,nan,nan,nan,nan,nan,nan,nan,nan,nan,nan,nan,nan,nan,nan,nan,nan,nan,nan,nan,0.0000524521,0.1400361061,inf,inf,inf,inf,inf,0.0500440598,0.0000152588,inf,inf,inf,inf,inf,inf,inf,1551
1779239123.4702866077,-0.0129421894,0.1025576144,0.0909959897,-0.0110989326,0.0830488266,-0.0004611465,3.6419999599,nan,nan,nan,nan,nan,nan,nan,nan,nan,nan,nan,nan,nan,nan,nan,nan,nan,nan,0.0000000000,0.0000000000,0.0000000000,0.0000000000,0.0000000000,0.0384129956,nan,nan,nan,nan,nan,nan,nan,nan,nan,nan,nan,nan,nan,nan,nan,nan,nan,nan,nan,nan,nan,0.0099978447,0.1499814987,inf,inf,inf,inf,inf,0.0599894524,0.0099606514,inf,inf,inf,inf,inf,inf,inf,1551
1779239123.4802734852,-0.0129421894,0.1025576144,0.0909959897,-0.0110989326,0.0830488266,-0.0004611465,3.6419999599,nan,nan,nan,nan,nan,nan,nan,nan,nan,nan,nan,nan,nan,nan,nan,nan,nan,nan,0.0000000000,0.0000000000,0.0000000000,0.0000000000,0.0000000000,0.0384129956,nan,nan,nan,nan,nan,nan,nan,nan,nan,nan,nan,nan,nan,nan,nan,nan,nan,nan,nan,nan,nan,0.0199847221,0.1599683762,inf,inf,inf,inf,inf,0.0699763298,0.0199475288,inf,inf,inf,inf,inf,inf,inf,1551
1779239123.4903059006,-0.0129421894,0.1025576144,0.0909959897,-0.0110989326,0.0830488266,-0.0004611465,3.6419999599,nan,nan,nan,nan,nan,nan,nan,nan,nan,nan,nan,nan,nan,nan,nan,nan,nan,nan,0.0000000000,0.0000000000,0.0000000000,0.0000000000,0.0000000000,0.0384129956,nan,nan,nan,nan,nan,nan,nan,nan,nan,nan,nan,nan,nan,nan,nan,nan,nan,nan,nan,nan,nan,0.0300171375,0.1700007915,inf,inf,inf,inf,inf,0.0800087452,0.0299799442,inf,inf,inf,inf,inf,inf,inf,1551
1779239123.5002887249,-0.0129421894,0.1025576144,0.0909959897,-0.0110989326,0.0830488266,-0.0004611465,3.6419999599,nan,nan,nan,nan,nan,nan,nan,nan,nan,nan,nan,nan,nan,nan,nan,nan,nan,nan,0.0000000000,0.0000000000,0.0000000000,0.0000000000,0.0000000000,0.0384129956,nan,nan,nan,nan,nan,nan,nan,nan,nan,nan,nan,nan,nan,nan,nan,nan,nan,nan,nan,nan,nan,0.0399999619,0.1799836159,inf,inf,inf,inf,inf,0.0899915695,0.0399627686,inf,inf,inf,inf,inf,inf,inf,1551
1779239123.5103225708,-0.0140712885,0.1023695245,0.0909432471,-0.0110989326,0.0830488266,-0.0004611465,3.6419999599,nan,nan,nan,nan,nan,nan,nan,nan,nan,nan,nan,nan,nan,nan,nan,nan,nan,nan,0.0000000000,0.0000000000,0.0000000000,0.0000000000,0.0000000000,0.0384129956,nan,nan,nan,nan,nan,nan,nan,nan,nan,nan,nan,nan,nan,nan,nan,nan,nan,nan,nan,nan,nan,0.0000474453,0.1900174618,inf,inf,inf,inf,inf,0.0000157356,0.0499966145,inf,inf,inf,inf,inf,inf,inf,1551
1779239123.5203502178,-0.0140712885,0.1023695245,0.0909432471,-0.0110989326,0.0830488266,-0.0004611465,3.6419999599,nan,nan,nan,nan,nan,nan,nan,nan,nan,nan,nan,nan,nan,nan,nan,nan,nan,nan,0.0000000000,0.0000000000,0.0000000000,0.0000000000,0.0000000000,0.0384129956,nan,nan,nan,nan,nan,nan,nan,nan,nan,nan,nan,nan,nan,nan,nan,nan,nan,nan,nan,nan,nan,0.0100750923,0.2000451088,inf,inf,inf,inf,inf,0.0100433826,0.0600242615,inf,inf,inf,inf,inf,inf,inf,1551
1779239123.5303533077,-0.0140712885,0.1023695245,0.0909432471,-0.0110989326,0.0830488266,-0.0004611465,3.6419999599,nan,nan,nan,nan,nan,nan,nan,nan,nan,nan,nan,nan,nan,nan,nan,nan,nan,nan,0.0000000000,0.0000000000,0.0000000000,0.0000000000,0.0000000000,0.0384129956,nan,nan,nan,nan,nan,nan,nan,nan,nan,nan,nan,nan,nan,nan,nan,nan,nan,nan,nan,nan,nan,0.0200781822,0.2100481987,inf,inf,inf,inf,inf,0.0200464725,0.0700273514,inf,inf,inf,inf,inf,inf,inf,1551
1779239123.5403108597,-0.0140712885,0.1023695245,0.0909432471,-0.0110989326,0.0830488266,-0.0004611465,3.6419999599,nan,nan,nan,nan,nan,nan,nan,nan,nan,nan,nan,nan,nan,nan,nan,nan,nan,nan,0.0000000000,0.0000000000,0.0000000000,0.0000000000,0.0000000000,0.0384129956,nan,nan,nan,nan,nan,nan,nan,nan,nan,nan,nan,nan,nan,nan,nan,nan,nan,nan,nan,nan,nan,0.0300357342,0.2200057507,inf,inf,inf,inf,inf,0.0300040245,0.0799849033,inf,inf,inf,inf,inf,inf,inf,1551
1779239123.5503380299,-0.0140712885,0.1023695245,0.0909432471,-0.0110989326,0.0830488266,-0.0004611465,3.6419999599,nan,nan,nan,nan,nan,nan,nan,nan,nan,nan,nan,nan,nan,nan,nan,nan,nan,nan,0.0000000000,0.0000000000,0.0000000000,0.0000000000,0.0000000000,0.0384129956,nan,nan,nan,nan,nan,nan,nan,nan,nan,nan,nan,nan,nan,nan,nan,nan,nan,nan,nan,nan,nan,0.0400629044,0.2300329208,inf,inf,inf,inf,inf,0.0400311947,0.0900120735,inf,inf,inf,inf,inf,inf,inf,1551
1779239123.5603840351,-0.0153748346,0.1021672636,0.0908937454,-0.0110989326,0.0830488266,-0.0004611465,3.6419999599,nan,nan,nan,nan,nan,nan,nan,nan,nan,nan,nan,nan,nan,nan,nan,nan,nan,nan,0.0000000000,0.0000000000,0.0000000000,0.0000000000,0.0000000000,0.0397848487,nan,nan,nan,nan,nan,nan,nan,nan,nan,nan,nan,nan,nan,nan,nan,nan,nan,nan,nan,nan,nan,0.0000598431,0.2400789261,inf,inf,inf,inf,inf,0.0500771999,0.0000195503,inf,inf,inf,inf,inf,inf,inf,1551
1779239123.5702950954,-0.0153748346,0.1021672636,0.0908937454,-0.0110989326,0.0830488266,-0.0004611465,3.6419999599,nan,nan,nan,nan,nan,nan,nan,nan,nan,nan,nan,nan,nan,nan,nan,nan,nan,nan,0.0000000000,0.0000000000,0.0000000000,0.0000000000,0.0000000000,0.0397848487,nan,nan,nan,nan,nan,nan,nan,nan,nan,nan,nan,nan,nan,nan,nan,nan,nan,nan,nan,nan,nan,0.0099709034,0.2499899864,inf,inf,inf,inf,inf,0.0599882603,0.0099306107,inf,inf,inf,inf,inf,inf,inf,1551
1779239123.5803356171,-0.0153748346,0.1021672636,0.0908937454,-0.0110989326,0.0830488266,-0.0004611465,3.6419999599,nan,nan,nan,nan,nan,nan,nan,nan,nan,nan,nan,nan,nan,nan,nan,nan,nan,nan,0.0000000000,0.0000000000,0.0000000000,0.0000000000,0.0000000000,0.0397848487,nan,nan,nan,nan,nan,nan,nan,nan,nan,nan,nan,nan,nan,nan,nan,nan,nan,nan,nan,nan,nan,0.0200114250,0.2600305080,inf,inf,inf,inf,inf,0.0700287819,0.0199711323,inf,inf,inf,inf,inf,inf,inf,1551
1779239123.5903353691,-0.0153748346,0.1021672636,0.0908937454,-0.0110989326,0.0830488266,-0.0004611465,3.6419999599,nan,nan,nan,nan,nan,nan,nan,nan,nan,nan,nan,nan,nan,nan,nan,nan,nan,nan,0.0000000000,0.0000000000,0.0000000000,0.0000000000,0.0000000000,0.0397848487,nan,nan,nan,nan,nan,nan,nan,nan,nan,nan,nan,nan,nan,nan,nan,nan,nan,nan,nan,nan,nan,0.0300111771,0.2700302601,inf,inf,inf,inf,inf,0.0800285339,0.0299708843,inf,inf,inf,inf,inf,inf,inf,1551
1779239123.6004114151,-0.0153748346,0.1021672636,0.0908937454,-0.0110989326,0.0830488266,-0.0004611465,3.6419999599,nan,nan,nan,nan,nan,nan,nan,nan,nan,nan,nan,nan,nan,nan,nan,nan,nan,nan,0.0000000000,0.0000000000,0.0000000000,0.0000000000,0.0000000000,0.0397848487,nan,nan,nan,nan,nan,nan,nan,nan,nan,nan,nan,nan,nan,nan,nan,nan,nan,nan,nan,nan,nan,0.0400872231,0.2801063061,inf,inf,inf,inf,inf,0.0901045799,0.0400469303,inf,inf,inf,inf,inf,inf,inf,1551
1779239123.6103634834,-0.0101134647,0.1029836833,0.0909943655,-0.0110989326,0.0830488266,-0.0004611465,3.6419999599,nan,nan,nan,nan,nan,nan,nan,nan,nan,nan,nan,nan,nan,nan,nan,nan,nan,nan,0.0000000000,0.0000000000,0.0000000000,0.0000000000,0.0000000000,0.0397848487,nan,nan,nan,nan,nan,nan,nan,nan,nan,nan,nan,nan,nan,nan,nan,nan,nan,nan,nan,nan,nan,0.0000586510,0.2900583744,inf,inf,inf,inf,inf,0.0000209808,0.0499989986,inf,inf,inf,inf,inf,inf,inf,1551
1779239123.6203174591,-0.0101134647,0.1029836833,0.0909943655,-0.0110989326,0.0830488266,-0.0004611465,3.6419999599,nan,nan,nan,nan,nan,nan,nan,nan,nan,nan,nan,nan,nan,nan,nan,nan,nan,nan,0.0000000000,0.0000000000,0.0000000000,0.0000000000,0.0000000000,0.0397848487,nan,nan,nan,nan,nan,nan,nan,nan,nan,nan,nan,nan,nan,nan,nan,nan,nan,nan,nan,nan,nan,0.0100126266,0.3000123501,inf,inf,inf,inf,inf,0.0099749565,0.0599529743,inf,inf,inf,inf,inf,inf,inf,1551
1779239123.6303188801,-0.0101134647,0.1029836833,0.0909943655,-0.0110989326,0.0830488266,-0.0004611465,3.6419999599,nan,nan,nan,nan,nan,nan,nan,nan,nan,nan,nan,nan,nan,nan,nan,nan,nan,nan,0.0000000000,0.0000000000,0.0000000000,0.0000000000,0.0000000000,0.0397848487,nan,nan,nan,nan,nan,nan,nan,nan,nan,nan,nan,nan,nan,nan,nan,nan,nan,nan,nan,nan,nan,0.0200140476,0.3100137711,inf,inf,inf,inf,inf,0.0199763775,0.0699543953,inf,inf,inf,inf,inf,inf,inf,1551
1779239123.6403439045,-0.0101134647,0.1029836833,0.0909943655,-0.0110989326,0.0830488266,-0.0004611465,3.6419999599,nan,nan,nan,nan,nan,nan,nan,nan,nan,nan,nan,nan,nan,nan,nan,nan,nan,nan,0.0000000000,0.0000000000,0.0000000000,0.0000000000,0.0000000000,0.0397848487,nan,nan,nan,nan,nan,nan,nan,nan,nan,nan,nan,nan,nan,nan,nan,nan,nan,nan,nan,nan,nan,0.0300390720,0.3200387955,inf,inf,inf,inf,inf,0.0300014019,0.0799794197,inf,inf,inf,inf,inf,inf,inf,1551
1779239123.6502983570,-0.0101134647,0.1029836833,0.0909943655,-0.0110989326,0.0830488266,-0.0004611465,3.6419999599,nan,nan,nan,nan,nan,nan,nan,nan,nan,nan,nan,nan,nan,nan,nan,nan,nan,nan,0.0000000000,0.0000000000,0.0000000000,0.0000000000,0.0000000000,0.0397848487,nan,nan,nan,nan,nan,nan,nan,nan,nan,nan,nan,nan,nan,nan,nan,nan,nan,nan,nan,nan,nan,0.0399935246,0.3299932480,inf,inf,inf,inf,inf,0.0399558544,0.0899338722,inf,inf,inf,inf,inf,inf,inf,1551
1779239123.6603653431,-0.0105295787,0.1029049456,0.0909623355,-0.0110989326,0.0830488266,-0.0004611465,3.6419999599,nan,nan,nan,nan,nan,nan,nan,nan,nan,nan,nan,nan,nan,nan,nan,nan,nan,nan,0.0000000000,0.0000000000,0.0000000000,0.0000000000,0.0000000000,0.0445551984,nan,nan,nan,nan,nan,nan,nan,nan,nan,nan,nan,nan,nan,nan,nan,nan,nan,nan,nan,nan,nan,0.0000591278,0.3400602341,inf,inf,inf,inf,inf,0.0500228405,0.0000193119,inf,inf,inf,inf,inf,inf,inf,1551
1779239123.6704173088,-0.0105295787,0.1029049456,0.0909623355,-0.0110989326,0.0830488266,-0.0004611465,3.6419999599,nan,nan,nan,nan,nan,nan,nan,nan,nan,nan,nan,nan,nan,nan,nan,nan,nan,nan,0.0000000000,0.0000000000,0.0000000000,0.0000000000,0.0000000000,0.0445551984,nan,nan,nan,nan,nan,nan,nan,nan,nan,nan,nan,nan,nan,nan,nan,nan,nan,nan,nan,nan,nan,0.0101110935,0.3501121998,inf,inf,inf,inf,inf,0.0600748062,0.0100712776,inf,inf,inf,inf,inf,inf,inf,1551
1779239123.6803479195,-0.0105295787,0.1029049456,0.0909623355,-0.0110989326,0.0830488266,-0.0004611465,3.6419999599,nan,nan,nan,nan,nan,nan,nan,nan,nan,nan,nan,nan,nan,nan,nan,nan,nan,nan,0.0000000000,0.0000000000,0.0000000000,0.0000000000,0.0000000000,0.0445551984,nan,nan,nan,nan,nan,nan,nan,nan,nan,nan,nan,nan,nan,nan,nan,nan,nan,nan,nan,nan,nan,0.0200417042,0.3600428104,inf,inf,inf,inf,inf,0.0700054169,0.0200018883,inf,inf,inf,inf,inf,inf,inf,1551
1779239123.6903667450,-0.0105295787,0.1029049456,0.0909623355,-0.0110989326,0.0830488266,-0.0004611465,3.6419999599,nan,nan,nan,nan,nan,nan,nan,nan,nan,nan,nan,nan,nan,nan,nan,nan,nan,nan,0.0000000000,0.0000000000,0.0000000000,0.0000000000,0.0000000000,0.0445551984,nan,nan,nan,nan,nan,nan,nan,nan,nan,nan,nan,nan,nan,nan,nan,nan,nan,nan,nan,nan,nan,0.0300605297,0.3700616360,inf,inf,inf,inf,inf,0.0800242424,0.0300207138,inf,inf,inf,inf,inf,inf,inf,1551
1779239123.7003383636,-0.0105295787,0.1029049456,0.0909623355,-0.0110989326,0.0830488266,-0.0004611465,3.6419999599,nan,nan,nan,nan,nan,nan,nan,nan,nan,nan,nan,nan,nan,nan,nan,nan,nan,nan,0.0000000000,0.0000000000,0.0000000000,0.0000000000,0.0000000000,0.0445551984,nan,nan,nan,nan,nan,nan,nan,nan,nan,nan,nan,nan,nan,nan,nan,nan,nan,nan,nan,nan,nan,0.0400321484,0.3800332546,inf,inf,inf,inf,inf,0.0899958611,0.0399923325,inf,inf,inf,inf,inf,inf,inf,1551
1779239123.7103664875,-0.0103451172,0.1029260010,0.0909914970,-0.0110989326,0.0830488266,-0.0004611465,3.6419999599,nan,nan,nan,nan,nan,nan,nan,nan,nan,nan,nan,nan,nan,nan,nan,nan,nan,nan,0.0000000000,0.0000000000,0.0000000000,0.0000000000,0.0000000000,0.0445551984,nan,nan,nan,nan,nan,nan,nan,nan,nan,nan,nan,nan,nan,nan,nan,nan,nan,nan,nan,nan,nan,0.0000481606,0.3900613785,inf,inf,inf,inf,inf,0.0000157356,0.0500204563,inf,inf,inf,inf,inf,inf,inf,1551
1779239123.7202918530,-0.0103451172,0.1029260010,0.0909914970,-0.0110989326,0.0830488266,-0.0004611465,3.6419999599,nan,nan,nan,nan,nan,nan,nan,nan,nan,nan,nan,nan,nan,nan,nan,nan,nan,nan,0.0000000000,0.0000000000,0.0000000000,0.0000000000,0.0000000000,0.0445551984,nan,nan,nan,nan,nan,nan,nan,nan,nan,nan,nan,nan,nan,nan,nan,nan,nan,nan,nan,nan,nan,0.0099735260,0.3999867439,inf,inf,inf,inf,inf,0.0099411011,0.0599458218,inf,inf,inf,inf,inf,inf,inf,1551
1779239123.7303066254,-0.0103451172,0.1029260010,0.0909914970,-0.0110989326,0.0830488266,-0.0004611465,3.6419999599,nan,nan,nan,nan,nan,nan,nan,nan,nan,nan,nan,nan,nan,nan,nan,nan,nan,nan,0.0000000000,0.0000000000,0.0000000000,0.0000000000,0.0000000000,0.0445551984,nan,nan,nan,nan,nan,nan,nan,nan,nan,nan,nan,nan,nan,nan,nan,nan,nan,nan,nan,nan,nan,0.0199882984,0.4100015163,inf,inf,inf,inf,inf,0.0199558735,0.0699605942,inf,inf,inf,inf,inf,inf,inf,1551
1779239123.7402889729,-0.0103451172,0.1029260010,0.0909914970,-0.0110989326,0.0830488266,-0.0004611465,3.6419999599,nan,nan,nan,nan,nan,nan,nan,nan,nan,nan,nan,nan,nan,nan,nan,nan,nan,nan,0.0000000000,0.0000000000,0.0000000000,0.0000000000,0.0000000000,0.0445551984,nan,nan,nan,nan,nan,nan,nan,nan,nan,nan,nan,nan,nan,nan,nan,nan,nan,nan,nan,nan,nan,0.0299706459,0.4199838638,inf,inf,inf,inf,inf,0.0299382210,0.0799429417,inf,inf,inf,inf,inf,inf,inf,1551
1779239123.7503361702,-0.0103451172,0.1029260010,0.0909914970,-0.0110989326,0.0830488266,-0.0004611465,3.6419999599,nan,nan,nan,nan,nan,nan,nan,nan,nan,nan,nan,nan,nan,nan,nan,nan,nan,nan,0.0000000000,0.0000000000,0.0000000000,0.0000000000,0.0000000000,0.0445551984,nan,nan,nan,nan,nan,nan,nan,nan,nan,nan,nan,nan,nan,nan,nan,nan,nan,nan,nan,nan,nan,0.0400178432,0.4300310612,inf,inf,inf,inf,inf,0.0399854183,0.0899901390,inf,inf,inf,inf,inf,inf,inf,1551
1779239123.7604067326,-0.0108509297,0.1028127000,0.0909677446,-0.0110989326,0.0830488266,-0.0004611465,3.6419999599,nan,nan,nan,nan,nan,nan,nan,nan,nan,nan,nan,nan,nan,nan,nan,nan,nan,nan,0.0000000000,0.0000000000,0.0000000000,0.0000000000,0.0000000000,0.0446346849,nan,nan,nan,nan,nan,nan,nan,nan,nan,nan,nan,nan,nan,nan,nan,nan,nan,nan,nan,nan,nan,0.0000576973,0.4401016235,inf,inf,inf,inf,inf,0.0500559807,0.0000202656,inf,inf,inf,inf,inf,inf,inf,1551
1779239123.7703204155,-0.0108509297,0.1028127000,0.0909677446,-0.0110989326,0.0830488266,-0.0004611465,3.6419999599,nan,nan,nan,nan,nan,nan,nan,nan,nan,nan,nan,nan,nan,nan,nan,nan,nan,nan,0.0000000000,0.0000000000,0.0000000000,0.0000000000,0.0000000000,0.0446346849,nan,nan,nan,nan,nan,nan,nan,nan,nan,nan,nan,nan,nan,nan,nan,nan,nan,nan,nan,nan,nan,0.0099713802,0.4500153065,inf,inf,inf,inf,inf,0.0599696636,0.0099339485,inf,inf,inf,inf,inf,inf,inf,1551
1779239123.7803730965,-0.0108509297,0.1028127000,0.0909677446,-0.0110989326,0.0830488266,-0.0004611465,3.6419999599,nan,nan,nan,nan,nan,nan,nan,nan,nan,nan,nan,nan,nan,nan,nan,nan,nan,nan,0.0000000000,0.0000000000,0.0000000000,0.0000000000,0.0000000000,0.0446346849,nan,nan,nan,nan,nan,nan,nan,nan,nan,nan,nan,nan,nan,nan,nan,nan,nan,nan,nan,nan,nan,0.0200240612,0.4600679874,inf,inf,inf,inf,inf,0.0700223446,0.0199866295,inf,inf,inf,inf,inf,inf,inf,1551
1779239123.7903602123,-0.0108509297,0.1028127000,0.0909677446,-0.0110989326,0.0830488266,-0.0004611465,3.6419999599,nan,nan,nan,nan,nan,nan,nan,nan,nan,nan,nan,nan,nan,nan,nan,nan,nan,nan,0.0000000000,0.0000000000,0.0000000000,0.0000000000,0.0000000000,0.0446346849,nan,nan,nan,nan,nan,nan,nan,nan,nan,nan,nan,nan,nan,nan,nan,nan,nan,nan,nan,nan,nan,0.0300111771,0.4700551033,inf,inf,inf,inf,inf,0.0800094604,0.0299737453,inf,inf,inf,inf,inf,inf,inf,1551
1779239123.8002915382,-0.0108509297,0.1028127000,0.0909677446,-0.0110989326,0.0830488266,-0.0004611465,3.6419999599,nan,nan,nan,nan,nan,nan,nan,nan,nan,nan,nan,nan,nan,nan,nan,nan,nan,nan,0.0000000000,0.0000000000,0.0000000000,0.0000000000,0.0000000000,0.0446346849,nan,nan,nan,nan,nan,nan,nan,nan,nan,nan,nan,nan,nan,nan,nan,nan,nan,nan,nan,nan,nan,0.0399425030,0.4799864292,inf,inf,inf,inf,inf,0.0899407864,0.0399050713,inf,inf,inf,inf,inf,inf,inf,1551
1779239123.8103129864,-0.0115199210,0.1026937366,0.0909307972,-0.0110989326,0.0830488266,-0.0004611465,3.6419999599,nan,nan,nan,nan,nan,nan,nan,nan,nan,nan,nan,nan,nan,nan,nan,nan,nan,nan,0.0000000000,0.0000000000,0.0000000000,0.0000000000,0.0000000000,0.0446346849,nan,nan,nan,nan,nan,nan,nan,nan,nan,nan,nan,nan,nan,nan,nan,nan,nan,nan,nan,nan,nan,0.0000483990,0.4900078773,inf,inf,inf,inf,inf,0.0000166893,0.0499265194,inf,inf,inf,inf,inf,inf,inf,1551
1779239123.8202872276,-0.0115199210,0.1026937366,0.0909307972,-0.0110989326,0.0830488266,-0.0004611465,3.6419999599,nan,nan,nan,nan,nan,nan,nan,nan,nan,nan,nan,nan,nan,nan,nan,nan,nan,nan,0.0000000000,0.0000000000,0.0000000000,0.0000000000,0.0000000000,0.0446346849,nan,nan,nan,nan,nan,nan,nan,nan,nan,nan,nan,nan,nan,nan,nan,nan,nan,nan,nan,nan,nan,0.0100226402,0.4999821186,inf,inf,inf,inf,inf,0.0099909306,0.0599007607,inf,inf,inf,inf,inf,inf,inf,1551
1779239123.8303086758,-0.0115199210,0.1026937366,0.0909307972,-0.0110989326,0.0830488266,-0.0004611465,3.6419999599,nan,nan,nan,nan,nan,nan,nan,nan,nan,nan,nan,nan,nan,nan,nan,nan,nan,nan,0.0000000000,0.0000000000,0.0000000000,0.0000000000,0.0000000000,0.0446346849,nan,nan,nan,nan,nan,nan,nan,nan,nan,nan,nan,nan,nan,nan,nan,nan,nan,nan,nan,nan,nan,0.0200440884,0.5100035667,inf,inf,inf,inf,inf,0.0200123787,0.0699222088,inf,inf,inf,inf,inf,inf,inf,1551
1779239123.8402667046,-0.0115199210,0.1026937366,0.0909307972,-0.0110989326,0.0830488266,-0.0004611465,3.6419999599,nan,nan,nan,nan,nan,nan,nan,nan,nan,nan,nan,nan,nan,nan,nan,nan,nan,nan,0.0000000000,0.0000000000,0.0000000000,0.0000000000,0.0000000000,0.0446346849,nan,nan,nan,nan,nan,nan,nan,nan,nan,nan,nan,nan,nan,nan,nan,nan,nan,nan,nan,nan,nan,0.0300021172,0.5199615955,inf,inf,inf,inf,inf,0.0299704075,0.0798802376,inf,inf,inf,inf,inf,inf,inf,1551
1779239123.8503234386,-0.0115199210,0.1026937366,0.0909307972,-0.0110989326,0.0830488266,-0.0004611465,3.6419999599,nan,nan,nan,nan,nan,nan,nan,nan,nan,nan,nan,nan,nan,nan,nan,nan,nan,nan,0.0000000000,0.0000000000,0.0000000000,0.0000000000,0.0000000000,0.0446346849,nan,nan,nan,nan,nan,nan,nan,nan,nan,nan,nan,nan,nan,nan,nan,nan,nan,nan,nan,nan,nan,0.0400588512,0.5300183296,inf,inf,inf,inf,inf,0.0400271416,0.0899369717,inf,inf,inf,inf,inf,inf,inf,1551
1779239123.8603198528,-0.0123388804,0.1025672182,0.0908870548,-0.0110989326,0.0830488266,-0.0004611465,3.6419999599,nan,nan,nan,nan,nan,nan,nan,nan,nan,nan,nan,nan,nan,nan,nan,nan,nan,nan,0.0000000000,0.0000000000,0.0000000000,0.0000000000,0.0000000000,0.0464820042,nan,nan,nan,nan,nan,nan,nan,nan,nan,nan,nan,nan,nan,nan,nan,nan,nan,nan,nan,nan,nan,0.0000505447,0.5400147438,inf,inf,inf,inf,inf,0.0500235558,0.0000157356,inf,inf,inf,inf,inf,inf,inf,1551
1779239123.8702740669,-0.0123388804,0.1025672182,0.0908870548,-0.0110989326,0.0830488266,-0.0004611465,3.6419999599,nan,nan,nan,nan,nan,nan,nan,nan,nan,nan,nan,nan,nan,nan,nan,nan,nan,nan,0.0000000000,0.0000000000,0.0000000000,0.0000000000,0.0000000000,0.0464820042,nan,nan,nan,nan,nan,nan,nan,nan,nan,nan,nan,nan,nan,nan,nan,nan,nan,nan,nan,nan,nan,0.0100047588,0.5499689579,inf,inf,inf,inf,inf,0.0599777699,0.0099699497,inf,inf,inf,inf,inf,inf,inf,1551
1779239123.8802936077,-0.0123388804,0.1025672182,0.0908870548,-0.0110989326,0.0830488266,-0.0004611465,3.6419999599,nan,nan,nan,nan,nan,nan,nan,nan,nan,nan,nan,nan,nan,nan,nan,nan,nan,nan,0.0000000000,0.0000000000,0.0000000000,0.0000000000,0.0000000000,0.0464820042,nan,nan,nan,nan,nan,nan,nan,nan,nan,nan,nan,nan,nan,nan,nan,nan,nan,nan,nan,nan,nan,0.0200242996,0.5599884987,inf,inf,inf,inf,inf,0.0699973106,0.0199894905,inf,inf,inf,inf,inf,inf,inf,1551
1779239123.8903086185,-0.0123388804,0.1025672182,0.0908870548,-0.0110989326,0.0830488266,-0.0004611465,3.6419999599,nan,nan,nan,nan,nan,nan,nan,nan,nan,nan,nan,nan,nan,nan,nan,nan,nan,nan,0.0000000000,0.0000000000,0.0000000000,0.0000000000,0.0000000000,0.0464820042,nan,nan,nan,nan,nan,nan,nan,nan,nan,nan,nan,nan,nan,nan,nan,nan,nan,nan,nan,nan,nan,0.0300393105,0.5700035095,inf,inf,inf,inf,inf,0.0800123215,0.0300045013,inf,inf,inf,inf,inf,inf,inf,1551
1779239123.9002845287,-0.0123388804,0.1025672182,0.0908870548,-0.0110989326,0.0830488266,-0.0004611465,3.6419999599,nan,nan,nan,nan,nan,nan,nan,nan,nan,nan,nan,nan,nan,nan,nan,nan,nan,nan,0.0000000000,0.0000000000,0.0000000000,0.0000000000,0.0000000000,0.0464820042,nan,nan,nan,nan,nan,nan,nan,nan,nan,nan,nan,nan,nan,nan,nan,nan,nan,nan,nan,nan,nan,0.0400152206,0.5799794197,inf,inf,inf,inf,inf,0.0899882317,0.0399804115,inf,inf,inf,inf,inf,inf,inf,1551
1779239123.9103116989,-0.0133372582,0.1024350375,0.0908508673,-0.0110989326,0.0830488266,-0.0004611465,3.6419999599,nan,nan,nan,nan,nan,nan,nan,nan,nan,nan,nan,nan,nan,nan,nan,nan,nan,nan,0.0000000000,0.0000000000,0.0000000000,0.0000000000,0.0000000000,0.0464820042,nan,nan,nan,nan,nan,nan,nan,nan,nan,nan,nan,nan,nan,nan,nan,nan,nan,nan,nan,nan,nan,0.0000467300,0.5900065899,inf,inf,inf,inf,inf,0.0000150204,0.0500075817,inf,inf,inf,inf,inf,inf,inf,1551
1779239123.9203045368,-0.0133372582,0.1024350375,0.0908508673,-0.0110989326,0.0830488266,-0.0004611465,3.6419999599,nan,nan,nan,nan,nan,nan,nan,nan,nan,nan,nan,nan,nan,nan,nan,nan,nan,nan,0.0000000000,0.0000000000,0.0000000000,0.0000000000,0.0000000000,0.0464820042,nan,nan,nan,nan,nan,nan,nan,nan,nan,nan,nan,nan,nan,nan,nan,nan,nan,nan,nan,nan,nan,0.0100395679,0.5999994278,inf,inf,inf,inf,inf,0.0100078583,0.0600004196,inf,inf,inf,inf,inf,inf,inf,1551
1779239123.9302899837,-0.0133372582,0.1024350375,0.0908508673,-0.0110989326,0.0830488266,-0.0004611465,3.6419999599,nan,nan,nan,nan,nan,nan,nan,nan,nan,nan,nan,nan,nan,nan,nan,nan,nan,nan,0.0000000000,0.0000000000,0.0000000000,0.0000000000,0.0000000000,0.0464820042,nan,nan,nan,nan,nan,nan,nan,nan,nan,nan,nan,nan,nan,nan,nan,nan,nan,nan,nan,nan,nan,0.0200250149,0.6099848747,inf,inf,inf,inf,inf,0.0199933052,0.0699858665,inf,inf,inf,inf,inf,inf,inf,1551
1779239123.9403028488,-0.0133372582,0.1024350375,0.0908508673,-0.0110989326,0.0830488266,-0.0004611465,3.6419999599,nan,nan,nan,nan,nan,nan,nan,nan,nan,nan,nan,nan,nan,nan,nan,nan,nan,nan,0.0000000000,0.0000000000,0.0000000000,0.0000000000,0.0000000000,0.0464820042,nan,nan,nan,nan,nan,nan,nan,nan,nan,nan,nan,nan,nan,nan,nan,nan,nan,nan,nan,nan,nan,0.0300378799,0.6199977398,inf,inf,inf,inf,inf,0.0300061703,0.0799987316,inf,inf,inf,inf,inf,inf,inf,1551
1779239123.9503014088,-0.0133372582,0.1024350375,0.0908508673,-0.0110989326,0.0830488266,-0.0004611465,3.6419999599,nan,nan,nan,nan,nan,nan,nan,nan,nan,nan,nan,nan,nan,nan,nan,nan,nan,nan,0.0000000000,0.0000000000,0.0000000000,0.0000000000,0.0000000000,0.0464820042,nan,nan,nan,nan,nan,nan,nan,nan,nan,nan,nan,nan,nan,nan,nan,nan,nan,nan,nan,nan,nan,0.0400364399,0.6299962997,inf,inf,inf,inf,inf,0.0400047302,0.0899972916,inf,inf,inf,inf,inf,inf,inf,1551
1779239123.9603199959,-0.0145107023,0.1022832990,0.0908183306,-0.0110989326,0.0830488266,-0.0004611465,3.6419999599,nan,nan,nan,nan,nan,nan,nan,nan,nan,nan,nan,nan,nan,nan,nan,nan,nan,nan,0.0000000000,0.0000000000,0.0000000000,0.0000000000,0.0000000000,0.0484101065,nan,nan,nan,nan,nan,nan,nan,nan,nan,nan,nan,nan,nan,nan,nan,nan,nan,nan,nan,nan,nan,0.0000441074,0.6400148869,inf,inf,inf,inf,inf,0.0500233173,0.0000138283,inf,inf,inf,inf,inf,inf,inf,1551
1779239123.9703342915,-0.0145107023,0.1022832990,0.0908183306,-0.0110989326,0.0830488266,-0.0004611465,3.6419999599,nan,nan,nan,nan,nan,nan,nan,nan,nan,nan,nan,nan,nan,nan,nan,nan,nan,nan,0.0000000000,0.0000000000,0.0000000000,0.0000000000,0.0000000000,0.0484101065,nan,nan,nan,nan,nan,nan,nan,nan,nan,nan,nan,nan,nan,nan,nan,nan,nan,nan,nan,nan,nan,0.0100584030,0.6500291824,inf,inf,inf,inf,inf,0.0600376129,0.0100281239,inf,inf,inf,inf,inf,inf,inf,1551
1779239123.9803476334,-0.0145107023,0.1022832990,0.0908183306,-0.0110989326,0.0830488266,-0.0004611465,3.6419999599,nan,nan,nan,nan,nan,nan,nan,nan,nan,nan,nan,nan,nan,nan,nan,nan,nan,nan,0.0000000000,0.0000000000,0.0000000000,0.0000000000,0.0000000000,0.0484101065,nan,nan,nan,nan,nan,nan,nan,nan,nan,nan,nan,nan,nan,nan,nan,nan,nan,nan,nan,nan,nan,0.0200717449,0.6600425243,inf,inf,inf,inf,inf,0.0700509548,0.0200414658,inf,inf,inf,inf,inf,inf,inf,1551
1779239123.9903588295,-0.0145107023,0.1022832990,0.0908183306,-0.0110989326,0.0830488266,-0.0004611465,3.6419999599,nan,nan,nan,nan,nan,nan,nan,nan,nan,nan,nan,nan,nan,nan,nan,nan,nan,nan,0.0000000000,0.0000000000,0.0000000000,0.0000000000,0.0000000000,0.0484101065,nan,nan,nan,nan,nan,nan,nan,nan,nan,nan,nan,nan,nan,nan,nan,nan,nan,nan,nan,nan,nan,0.0300829411,0.6700537205,inf,inf,inf,inf,inf,0.0800621510,0.0300526619,inf,inf,inf,inf,inf,inf,inf,1551
1779239124.0003585815,-0.0145107023,0.1022832990,0.0908183306,-0.0110989326,0.0830488266,-0.0004611465,3.6419999599,nan,nan,nan,nan,nan,nan,nan,nan,nan,nan,nan,nan,nan,nan,nan,nan,nan,nan,0.0000000000,0.0000000000,0.0000000000,0.0000000000,0.0000000000,0.0484101065,nan,nan,nan,nan,nan,nan,nan,nan,nan,nan,nan,nan,nan,nan,nan,nan,nan,nan,nan,nan,nan,0.0400826931,0.6800534725,inf,inf,inf,inf,inf,0.0900619030,0.0400524139,inf,inf,inf,inf,inf,inf,inf,1551
1779239124.0103895664,-0.0158620570,0.1021241620,0.0907791406,-0.0110989326,0.0830488266,-0.0004611465,3.6419999599,nan,nan,nan,nan,nan,nan,nan,nan,nan,nan,nan,nan,nan,nan,nan,nan,nan,nan,0.0000000000,0.0000000000,0.0000000000,0.0000000000,0.0000000000,0.0484101065,nan,nan,nan,nan,nan,nan,nan,nan,nan,nan,nan,nan,nan,nan,nan,nan,nan,nan,nan,nan,nan,0.0000677109,0.6900844574,inf,inf,inf,inf,inf,0.0000226498,0.0500833988,inf,inf,inf,inf,inf,inf,inf,1551
1779239124.0203297138,-0.0158620570,0.1021241620,0.0907791406,-0.0110989326,0.0830488266,-0.0004611465,3.6419999599,nan,nan,nan,nan,nan,nan,nan,nan,nan,nan,nan,nan,nan,nan,nan,nan,nan,nan,0.0000000000,0.0000000000,0.0000000000,0.0000000000,0.0000000000,0.0484101065,nan,nan,nan,nan,nan,nan,nan,nan,nan,nan,nan,nan,nan,nan,nan,nan,nan,nan,nan,nan,nan,0.0100078583,0.7000246048,inf,inf,inf,inf,inf,0.0099627972,0.0600235462,inf,inf,inf,inf,inf,inf,inf,1551
1779239124.0303688049,-0.0158620570,0.1021241620,0.0907791406,-0.0110989326,0.0830488266,-0.0004611465,3.6419999599,nan,nan,nan,nan,nan,nan,nan,nan,nan,nan,nan,nan,nan,nan,nan,nan,nan,nan,0.0000000000,0.0000000000,0.0000000000,0.0000000000,0.0000000000,0.0484101065,nan,nan,nan,nan,nan,nan,nan,nan,nan,nan,nan,nan,nan,nan,nan,nan,nan,nan,nan,nan,nan,0.0200469494,0.7100636959,inf,inf,inf,inf,inf,0.0200018883,0.0700626373,inf,inf,inf,inf,inf,inf,inf,1551
1779239124.0403165817,-0.0158620570,0.1021241620,0.0907791406,-0.0110989326,0.0830488266,-0.0004611465,3.6419999599,nan,nan,nan,nan,nan,nan,nan,nan,nan,nan,nan,nan,nan,nan,nan,nan,nan,nan,0.0000000000,0.0000000000,0.0000000000,0.0000000000,0.0000000000,0.0484101065,nan,nan,nan,nan,nan,nan,nan,nan,nan,nan,nan,nan,nan,nan,nan,nan,nan,nan,nan,nan,nan,0.0299947262,0.7200114727,inf,inf,inf,inf,inf,0.0299496651,0.0800104141,inf,inf,inf,inf,inf,inf,inf,1551
1779239124.0503356457,-0.0158620570,0.1021241620,0.0907791406,-0.0110989326,0.0830488266,-0.0004611465,3.6419999599,nan,nan,nan,nan,nan,nan,nan,nan,nan,nan,nan,nan,nan,nan,nan,nan,nan,nan,0.0000000000,0.0000000000,0.0000000000,0.0000000000,0.0000000000,0.0484101065,nan,nan,nan,nan,nan,nan,nan,nan,nan,nan,nan,nan,nan,nan,nan,nan,nan,nan,nan,nan,nan,0.0400137901,0.7300305367,inf,inf,inf,inf,inf,0.0399687290,0.0900294781,inf,inf,inf,inf,inf,inf,inf,1551
1779239124.0603387356,-0.0174092557,0.1019291878,0.0907424763,-0.0110989326,0.0830488266,-0.0004611465,3.6419999599,nan,nan,nan,nan,nan,nan,nan,nan,nan,nan,nan,nan,nan,nan,nan,nan,nan,nan,0.0000000000,0.0000000000,0.0000000000,0.0000000000,0.0000000000,0.0497864932,nan,nan,nan,nan,nan,nan,nan,nan,nan,nan,nan,nan,nan,nan,nan,nan,nan,nan,nan,nan,nan,0.0000483990,0.7400336266,inf,inf,inf,inf,inf,0.0499718189,0.0000164509,inf,inf,inf,inf,inf,inf,inf,1551
1779239124.0702834129,-0.0174092557,0.1019291878,0.0907424763,-0.0110989326,0.0830488266,-0.0004611465,3.6419999599,nan,nan,nan,nan,nan,nan,nan,nan,nan,nan,nan,nan,nan,nan,nan,nan,nan,nan,0.0000000000,0.0000000000,0.0000000000,0.0000000000,0.0000000000,0.0497864932,nan,nan,nan,nan,nan,nan,nan,nan,nan,nan,nan,nan,nan,nan,nan,nan,nan,nan,nan,nan,nan,0.0099930763,0.7499783039,inf,inf,inf,inf,inf,0.0599164963,0.0099611282,inf,inf,inf,inf,inf,inf,inf,1551
1779239124.0803341866,-0.0174092557,0.1019291878,0.0907424763,-0.0110989326,0.0830488266,-0.0004611465,3.6419999599,nan,nan,nan,nan,nan,nan,nan,nan,nan,nan,nan,nan,nan,nan,nan,nan,nan,nan,0.0000000000,0.0000000000,0.0000000000,0.0000000000,0.0000000000,0.0497864932,nan,nan,nan,nan,nan,nan,nan,nan,nan,nan,nan,nan,nan,nan,nan,nan,nan,nan,nan,nan,nan,0.0200438499,0.7600290775,inf,inf,inf,inf,inf,0.0699672699,0.0200119019,inf,inf,inf,inf,inf,inf,inf,1551
1779239124.0903272629,-0.0174092557,0.1019291878,0.0907424763,-0.0110989326,0.0830488266,-0.0004611465,3.6419999599,nan,nan,nan,nan,nan,nan,nan,nan,nan,nan,nan,nan,nan,nan,nan,nan,nan,nan,0.0000000000,0.0000000000,0.0000000000,0.0000000000,0.0000000000,0.0497864932,nan,nan,nan,nan,nan,nan,nan,nan,nan,nan,nan,nan,nan,nan,nan,nan,nan,nan,nan,nan,nan,0.0300369263,0.7700221539,inf,inf,inf,inf,inf,0.0799603462,0.0300049782,inf,inf,inf,inf,inf,inf,inf,1551
1779239124.1003119946,-0.0174092557,0.1019291878,0.0907424763,-0.0110989326,0.0830488266,-0.0004611465,3.6419999599,nan,nan,nan,nan,nan,nan,nan,nan,nan,nan,nan,nan,nan,nan,nan,nan,nan,nan,0.0000000000,0.0000000000,0.0000000000,0.0000000000,0.0000000000,0.0497864932,nan,nan,nan,nan,nan,nan,nan,nan,nan,nan,nan,nan,nan,nan,nan,nan,nan,nan,nan,nan,nan,0.0400216579,0.7800068855,inf,inf,inf,inf,inf,0.0899450779,0.0399897099,inf,inf,inf,inf,inf,inf,inf,1551
1779239124.1102933884,-0.0174092557,0.1019291878,0.0907424763,-0.0110989326,0.0830488266,-0.0004611465,3.6419999599,nan,nan,nan,nan,nan,nan,nan,nan,nan,nan,nan,nan,nan,nan,nan,nan,nan,nan,0.0000000000,0.0000000000,0.0000000000,0.0000000000,0.0000000000,0.0497864932,nan,nan,nan,nan,nan,nan,nan,nan,nan,nan,nan,nan,nan,nan,nan,nan,nan,nan,nan,nan,nan,0.0500030518,0.7899882793,inf,inf,inf,inf,inf,0.0000131130,0.0499711037,inf,inf,inf,inf,inf,inf,inf,1551
1779239124.1202607155,-0.0191503689,0.1017045081,0.0907298401,-0.0110989326,0.0830488266,-0.0004611465,3.6419999599,nan,nan,nan,nan,nan,nan,nan,nan,nan,nan,nan,nan,nan,nan,nan,nan,nan,nan,0.0000000000,0.0000000000,0.0000000000,0.0000000000,0.0000000000,0.0497864932,nan,nan,nan,nan,nan,nan,nan,nan,nan,nan,nan,nan,nan,nan,nan,nan,nan,nan,nan,nan,nan,0.0000138283,0.7999556065,inf,inf,inf,inf,inf,0.0099804401,0.0599384308,inf,inf,inf,inf,inf,inf,inf,1551
1779239124.1302883625,-0.0191503689,0.1017045081,0.0907298401,-0.0110989326,0.0830488266,-0.0004611465,3.6419999599,nan,nan,nan,nan,nan,nan,nan,nan,nan,nan,nan,nan,nan,nan,nan,nan,nan,nan,0.0000000000,0.0000000000,0.0000000000,0.0000000000,0.0000000000,0.0497864932,nan,nan,nan,nan,nan,nan,nan,nan,nan,nan,nan,nan,nan,nan,nan,nan,nan,nan,nan,nan,nan,0.0100414753,0.8099832535,inf,inf,inf,inf,inf,0.0200080872,0.0699660778,inf,inf,inf,inf,inf,inf,inf,1551
1779239124.1403148174,-0.0191503689,0.1017045081,0.0907298401,-0.0110989326,0.0830488266,-0.0004611465,3.6419999599,nan,nan,nan,nan,nan,nan,nan,nan,nan,nan,nan,nan,nan,nan,nan,nan,nan,nan,0.0000000000,0.0000000000,0.0000000000,0.0000000000,0.0000000000,0.0497864932,nan,nan,nan,nan,nan,nan,nan,nan,nan,nan,nan,nan,nan,nan,nan,nan,nan,nan,nan,nan,nan,0.0200679302,0.8200097084,inf,inf,inf,inf,inf,0.0300345421,0.0799925327,inf,inf,inf,inf,inf,inf,inf,1551
1779239124.1503231525,-0.0191503689,0.1017045081,0.0907298401,-0.0110989326,0.0830488266,-0.0004611465,3.6419999599,nan,nan,nan,nan,nan,nan,nan,nan,nan,nan,nan,nan,nan,nan,nan,nan,nan,nan,0.0000000000,0.0000000000,0.0000000000,0.0000000000,0.0000000000,0.0497864932,nan,nan,nan,nan,nan,nan,nan,nan,nan,nan,nan,nan,nan,nan,nan,nan,nan,nan,nan,nan,nan,0.0300762653,0.8300180435,inf,inf,inf,inf,inf,0.0400428772,0.0900008678,inf,inf,inf,inf,inf,inf,inf,1551
1779239124.1603381634,-0.0106414100,0.1029191688,0.0910271704,-0.0110989326,0.0830488266,-0.0004611465,3.6419999599,nan,nan,nan,nan,nan,nan,nan,nan,nan,nan,nan,nan,nan,nan,nan,nan,nan,nan,0.0000000000,0.0000000000,0.0000000000,0.0000000000,0.0000000000,0.0484532788,nan,nan,nan,nan,nan,nan,nan,nan,nan,nan,nan,nan,nan,nan,nan,nan,nan,nan,nan,nan,nan,0.0000567436,0.8400330544,inf,inf,inf,inf,inf,0.0500578880,0.0000185966,inf,inf,inf,inf,inf,inf,inf,1551
1779239124.1703059673,-0.0106414100,0.1029191688,0.0910271704,-0.0110989326,0.0830488266,-0.0004611465,3.6419999599,nan,nan,nan,nan,nan,nan,nan,nan,nan,nan,nan,nan,nan,nan,nan,nan,nan,nan,0.0000000000,0.0000000000,0.0000000000,0.0000000000,0.0000000000,0.0484532788,nan,nan,nan,nan,nan,nan,nan,nan,nan,nan,nan,nan,nan,nan,nan,nan,nan,nan,nan,nan,nan,0.0100245476,0.8500008583,inf,inf,inf,inf,inf,0.0600256920,0.0099864006,inf,inf,inf,inf,inf,inf,inf,1551
1779239124.1802847385,-0.0106414100,0.1029191688,0.0910271704,-0.0110989326,0.0830488266,-0.0004611465,3.6419999599,nan,nan,nan,nan,nan,nan,nan,nan,nan,nan,nan,nan,nan,nan,nan,nan,nan,nan,0.0000000000,0.0000000000,0.0000000000,0.0000000000,0.0000000000,0.0484532788,nan,nan,nan,nan,nan,nan,nan,nan,nan,nan,nan,nan,nan,nan,nan,nan,nan,nan,nan,nan,nan,0.0200033188,0.8599796295,inf,inf,inf,inf,inf,0.0700044632,0.0199651718,inf,inf,inf,inf,inf,inf,inf,1551
1779239124.1902730465,-0.0106414100,0.1029191688,0.0910271704,-0.0110989326,0.0830488266,-0.0004611465,3.6419999599,nan,nan,nan,nan,nan,nan,nan,nan,nan,nan,nan,nan,nan,nan,nan,nan,nan,nan,0.0000000000,0.0000000000,0.0000000000,0.0000000000,0.0000000000,0.0484532788,nan,nan,nan,nan,nan,nan,nan,nan,nan,nan,nan,nan,nan,nan,nan,nan,nan,nan,nan,nan,nan,0.0299916267,0.8699679375,inf,inf,inf,inf,inf,0.0799927711,0.0299534798,inf,inf,inf,inf,inf,inf,inf,1551
1779239124.2003290653,-0.0106414100,0.1029191688,0.0910271704,-0.0110989326,0.0830488266,-0.0004611465,3.6419999599,nan,nan,nan,nan,nan,nan,nan,nan,nan,nan,nan,nan,nan,nan,nan,nan,nan,nan,0.0000000000,0.0000000000,0.0000000000,0.0000000000,0.0000000000,0.0484532788,nan,nan,nan,nan,nan,nan,nan,nan,nan,nan,nan,nan,nan,nan,nan,nan,nan,nan,nan,nan,nan,0.0400476456,0.8800239563,inf,inf,inf,inf,inf,0.0900487900,0.0400094986,inf,inf,inf,inf,inf,inf,inf,1551
1779239124.2103457451,-0.0112916222,0.1028314903,0.0910208672,-0.0110989326,0.0830488266,-0.0004611465,3.6419999599,nan,nan,nan,nan,nan,nan,nan,nan,nan,nan,nan,nan,nan,nan,nan,nan,nan,nan,0.0000000000,0.0000000000,0.0000000000,0.0000000000,0.0000000000,0.0484532788,nan,nan,nan,nan,nan,nan,nan,nan,nan,nan,nan,nan,nan,nan,nan,nan,nan,nan,nan,nan,nan,0.0000522137,0.8900406361,inf,inf,inf,inf,inf,0.0000162125,0.0500261784,inf,inf,inf,inf,inf,inf,inf,1551
1779239124.2203056812,-0.0112916222,0.1028314903,0.0910208672,-0.0110989326,0.0830488266,-0.0004611465,3.6419999599,nan,nan,nan,nan,nan,nan,nan,nan,nan,nan,nan,nan,nan,nan,nan,nan,nan,nan,0.0000000000,0.0000000000,0.0000000000,0.0000000000,0.0000000000,0.0484532788,nan,nan,nan,nan,nan,nan,nan,nan,nan,nan,nan,nan,nan,nan,nan,nan,nan,nan,nan,nan,nan,0.0100121498,0.9000005722,inf,inf,inf,inf,inf,0.0099761486,0.0599861145,inf,inf,inf,inf,inf,inf,inf,1551
1779239124.2303142548,-0.0112916222,0.1028314903,0.0910208672,-0.0110989326,0.0830488266,-0.0004611465,3.6419999599,nan,nan,nan,nan,nan,nan,nan,nan,nan,nan,nan,nan,nan,nan,nan,nan,nan,nan,0.0000000000,0.0000000000,0.0000000000,0.0000000000,0.0000000000,0.0484532788,nan,nan,nan,nan,nan,nan,nan,nan,nan,nan,nan,nan,nan,nan,nan,nan,nan,nan,nan,nan,nan,0.0200207233,0.9100091457,inf,inf,inf,inf,inf,0.0199847221,0.0699946880,inf,inf,inf,inf,inf,inf,inf,1551
1779239124.2402753830,-0.0112916222,0.1028314903,0.0910208672,-0.0110989326,0.0830488266,-0.0004611465,3.6419999599,nan,nan,nan,nan,nan,nan,nan,nan,nan,nan,nan,nan,nan,nan,nan,nan,nan,nan,0.0000000000,0.0000000000,0.0000000000,0.0000000000,0.0000000000,0.0484532788,nan,nan,nan,nan,nan,nan,nan,nan,nan,nan,nan,nan,nan,nan,nan,nan,nan,nan,nan,nan,nan,0.0299818516,0.9199702740,inf,inf,inf,inf,inf,0.0299458504,0.0799558163,inf,inf,inf,inf,inf,inf,inf,1551
1779239124.2503008842,-0.0112916222,0.1028314903,0.0910208672,-0.0110989326,0.0830488266,-0.0004611465,3.6419999599,nan,nan,nan,nan,nan,nan,nan,nan,nan,nan,nan,nan,nan,nan,nan,nan,nan,nan,0.0000000000,0.0000000000,0.0000000000,0.0000000000,0.0000000000,0.0484532788,nan,nan,nan,nan,nan,nan,nan,nan,nan,nan,nan,nan,nan,nan,nan,nan,nan,nan,nan,nan,nan,0.0400073528,0.9299957752,inf,inf,inf,inf,inf,0.0399713516,0.0899813175,inf,inf,inf,inf,inf,inf,inf,1551
1779239124.2603085041,-0.0104458649,0.1029361039,0.0909919590,-0.0110989326,0.0830488266,-0.0004611465,3.6419999599,nan,nan,nan,nan,nan,nan,nan,nan,nan,nan,nan,nan,nan,nan,nan,nan,nan,nan,0.0000000000,0.0000000000,0.0000000000,0.0000000000,0.0000000000,0.0500222743,nan,nan,nan,nan,nan,nan,nan,nan,nan,nan,nan,nan,nan,nan,nan,nan,nan,nan,nan,nan,nan,0.0000457764,0.9400033951,inf,inf,inf,inf,inf,0.0499789715,0.0000138283,inf,inf,inf,inf,inf,inf,inf,1551
1779239124.2702631950,-0.0104458649,0.1029361039,0.0909919590,-0.0110989326,0.0830488266,-0.0004611465,3.6419999599,nan,nan,nan,nan,nan,nan,nan,nan,nan,nan,nan,nan,nan,nan,nan,nan,nan,nan,0.0000000000,0.0000000000,0.0000000000,0.0000000000,0.0000000000,0.0500222743,nan,nan,nan,nan,nan,nan,nan,nan,nan,nan,nan,nan,nan,nan,nan,nan,nan,nan,nan,nan,nan,0.0100004673,0.9499580860,inf,inf,inf,inf,inf,0.0599336624,0.0099685192,inf,inf,inf,inf,inf,inf,inf,1551
1779239124.2802779675,-0.0104458649,0.1029361039,0.0909919590,-0.0110989326,0.0830488266,-0.0004611465,3.6419999599,nan,nan,nan,nan,nan,nan,nan,nan,nan,nan,nan,nan,nan,nan,nan,nan,nan,nan,0.0000000000,0.0000000000,0.0000000000,0.0000000000,0.0000000000,0.0500222743,nan,nan,nan,nan,nan,nan,nan,nan,nan,nan,nan,nan,nan,nan,nan,nan,nan,nan,nan,nan,nan,0.0200152397,0.9599728584,inf,inf,inf,inf,inf,0.0699484348,0.0199832916,inf,inf,inf,inf,inf,inf,inf,1551
1779239124.2903280258,-0.0104458649,0.1029361039,0.0909919590,-0.0110989326,0.0830488266,-0.0004611465,3.6419999599,nan,nan,nan,nan,nan,nan,nan,nan,nan,nan,nan,nan,nan,nan,nan,nan,nan,nan,0.0000000000,0.0000000000,0.0000000000,0.0000000000,0.0000000000,0.0500222743,nan,nan,nan,nan,nan,nan,nan,nan,nan,nan,nan,nan,nan,nan,nan,nan,nan,nan,nan,nan,nan,0.0300652981,0.9700229168,inf,inf,inf,inf,inf,0.0799984932,0.0300333500,inf,inf,inf,inf,inf,inf,inf,1551
1779239124.3003165722,-0.0104458649,0.1029361039,0.0909919590,-0.0110989326,0.0830488266,-0.0004611465,3.6419999599,nan,nan,nan,nan,nan,nan,nan,nan,nan,nan,nan,nan,nan,nan,nan,nan,nan,nan,0.0000000000,0.0000000000,0.0000000000,0.0000000000,0.0000000000,0.0500222743,nan,nan,nan,nan,nan,nan,nan,nan,nan,nan,nan,nan,nan,nan,nan,nan,nan,nan,nan,nan,nan,0.0400538445,0.9800114632,inf,inf,inf,inf,inf,0.0899870396,0.0400218964,inf,inf,inf,inf,inf,inf,inf,1551
1779239124.3103952408,-0.0110511715,0.1028366759,0.0909565389,-0.0110989326,0.0830488266,-0.0004611465,3.6419999599,nan,nan,nan,nan,nan,nan,nan,nan,nan,nan,nan,nan,nan,nan,nan,nan,nan,nan,0.0000000000,0.0000000000,0.0000000000,0.0000000000,0.0000000000,0.0500222743,nan,nan,nan,nan,nan,nan,nan,nan,nan,nan,nan,nan,nan,nan,nan,nan,nan,nan,nan,nan,nan,0.0000643730,0.9900901318,inf,inf,inf,inf,inf,0.0000200272,0.0501005650,inf,inf,inf,inf,inf,inf,inf,1551
1779239124.3202922344,-0.0110511715,0.1028366759,0.0909565389,-0.0110989326,0.0830488266,-0.0004611465,3.6419999599,nan,nan,nan,nan,nan,nan,nan,nan,nan,nan,nan,nan,nan,nan,nan,nan,nan,nan,0.0000000000,0.0000000000,0.0000000000,0.0000000000,0.0000000000,0.0500222743,nan,nan,nan,nan,nan,nan,nan,nan,nan,nan,nan,nan,nan,nan,nan,nan,nan,nan,nan,nan,nan,0.0099613667,0.0000150204,inf,inf,inf,inf,inf,0.0099170208,0.0599975586,inf,inf,inf,inf,inf,inf,inf,1551
1779239124.3303203583,-0.0110511715,0.1028366759,0.0909565389,-0.0110989326,0.0830488266,-0.0004611465,3.6419999599,nan,nan,nan,nan,nan,nan,nan,nan,nan,nan,nan,nan,nan,nan,nan,nan,nan,nan,0.0000000000,0.0000000000,0.0000000000,0.0000000000,0.0000000000,0.0500222743,nan,nan,nan,nan,nan,nan,nan,nan,nan,nan,nan,nan,nan,nan,nan,nan,nan,nan,nan,nan,nan,0.0199894905,0.0100431442,inf,inf,inf,inf,inf,0.0199451447,0.0700256824,inf,inf,inf,inf,inf,inf,inf,1551
1779239124.3403046131,-0.0110511715,0.1028366759,0.0909565389,-0.0110989326,0.0830488266,-0.0004611465,3.6419999599,nan,nan,nan,nan,nan,nan,nan,nan,nan,nan,nan,nan,nan,nan,nan,nan,nan,nan,0.0000000000,0.0000000000,0.0000000000,0.0000000000,0.0000000000,0.0500222743,nan,nan,nan,nan,nan,nan,nan,nan,nan,nan,nan,nan,nan,nan,nan,nan,nan,nan,nan,nan,nan,0.0299737453,0.0200273991,inf,inf,inf,inf,inf,0.0299293995,0.0800099373,inf,inf,inf,inf,inf,inf,inf,1551
1779239124.3502719402,-0.0110511715,0.1028366759,0.0909565389,-0.0110989326,0.0830488266,-0.0004611465,3.6419999599,nan,nan,nan,nan,nan,nan,nan,nan,nan,nan,nan,nan,nan,nan,nan,nan,nan,nan,0.0000000000,0.0000000000,0.0000000000,0.0000000000,0.0000000000,0.0500222743,nan,nan,nan,nan,nan,nan,nan,nan,nan,nan,nan,nan,nan,nan,nan,nan,nan,nan,nan,nan,nan,0.0399410725,0.0299947262,inf,inf,inf,inf,inf,0.0398967266,0.0899772644,inf,inf,inf,inf,inf,inf,inf,1551
1779239124.3602669239,-0.0108526479,0.1028805971,0.0909851715,-0.0110989326,0.0830488266,-0.0004611465,3.6419999599,nan,nan,nan,nan,nan,nan,nan,nan,nan,nan,nan,nan,nan,nan,nan,nan,nan,nan,0.0000000000,0.0000000000,0.0000000000,0.0000000000,0.0000000000,0.0520145744,nan,nan,nan,nan,nan,nan,nan,nan,nan,nan,nan,nan,nan,nan,nan,nan,nan,nan,nan,nan,nan,0.0000336170,0.0399897099,inf,inf,inf,inf,inf,0.0498917103,0.0000104904,inf,inf,inf,inf,inf,inf,inf,1551
1779239124.3702919483,-0.0108526479,0.1028805971,0.0909851715,-0.0110989326,0.0830488266,-0.0004611465,3.6419999599,nan,nan,nan,nan,nan,nan,nan,nan,nan,nan,nan,nan,nan,nan,nan,nan,nan,nan,0.0000000000,0.0000000000,0.0000000000,0.0000000000,0.0000000000,0.0520145744,nan,nan,nan,nan,nan,nan,nan,nan,nan,nan,nan,nan,nan,nan,nan,nan,nan,nan,nan,nan,nan,0.0100586414,0.0500147343,inf,inf,inf,inf,inf,0.0599167347,0.0100355148,inf,inf,inf,inf,inf,inf,inf,1551
1779239124.3802964687,-0.0108526479,0.1028805971,0.0909851715,-0.0110989326,0.0830488266,-0.0004611465,3.6419999599,nan,nan,nan,nan,nan,nan,nan,nan,nan,nan,nan,nan,nan,nan,nan,nan,nan,nan,0.0000000000,0.0000000000,0.0000000000,0.0000000000,0.0000000000,0.0520145744,nan,nan,nan,nan,nan,nan,nan,nan,nan,nan,nan,nan,nan,nan,nan,nan,nan,nan,nan,nan,nan,0.0200631618,0.0600192547,inf,inf,inf,inf,inf,0.0699212551,0.0200400352,inf,inf,inf,inf,inf,inf,inf,1551
1779239124.3902859688,-0.0108526479,0.1028805971,0.0909851715,-0.0110989326,0.0830488266,-0.0004611465,3.6419999599,nan,nan,nan,nan,nan,nan,nan,nan,nan,nan,nan,nan,nan,nan,nan,nan,nan,nan,0.0000000000,0.0000000000,0.0000000000,0.0000000000,0.0000000000,0.0520145744,nan,nan,nan,nan,nan,nan,nan,nan,nan,nan,nan,nan,nan,nan,nan,nan,nan,nan,nan,nan,nan,0.0300526619,0.0700087547,inf,inf,inf,inf,inf,0.0799107552,0.0300295353,inf,inf,inf,inf,inf,inf,inf,1551
1779239124.4003283978,-0.0108526479,0.1028805971,0.0909851715,-0.0110989326,0.0830488266,-0.0004611465,3.6419999599,nan,nan,nan,nan,nan,nan,nan,nan,nan,nan,nan,nan,nan,nan,nan,nan,nan,nan,0.0000000000,0.0000000000,0.0000000000,0.0000000000,0.0000000000,0.0520145744,nan,nan,nan,nan,nan,nan,nan,nan,nan,nan,nan,nan,nan,nan,nan,nan,nan,nan,nan,nan,nan,0.0400950909,0.0800511837,inf,inf,inf,inf,inf,0.0899531841,0.0400719643,inf,inf,inf,inf,inf,inf,inf,1551
1779239124.4102764130,-0.0115793254,0.1027934775,0.0909670591,-0.0109836423,0.0830641180,0.0023135321,3.6419999599,nan,nan,nan,nan,nan,nan,nan,nan,nan,nan,nan,nan,nan,nan,nan,nan,nan,nan,0.0000000000,0.0000000000,0.0000000000,0.0000000000,0.0000000000,0.0520145744,nan,nan,nan,nan,nan,nan,nan,nan,nan,nan,nan,nan,nan,nan,nan,nan,nan,nan,nan,nan,nan,0.0000360012,0.0899991989,inf,inf,inf,inf,inf,0.0000092983,0.0500199795,inf,inf,inf,inf,inf,inf,inf,1551
1779239124.4202797413,-0.0115793254,0.1027934775,0.0909670591,-0.0109836423,0.0830641180,0.0023135321,3.6419999599,nan,nan,nan,nan,nan,nan,nan,nan,nan,nan,nan,nan,nan,nan,nan,nan,nan,nan,0.0000000000,0.0000000000,0.0000000000,0.0000000000,0.0000000000,0.0520145744,nan,nan,nan,nan,nan,nan,nan,nan,nan,nan,nan,nan,nan,nan,nan,nan,nan,nan,nan,nan,nan,0.0100393295,0.1000025272,inf,inf,inf,inf,inf,0.0100126266,0.0600233078,inf,inf,inf,inf,inf,inf,inf,1551
1779239124.4302570820,-0.0115793254,0.1027934775,0.0909670591,-0.0109836423,0.0830641180,0.0023135321,3.6419999599,nan,nan,nan,nan,nan,nan,nan,nan,nan,nan,nan,nan,nan,nan,nan,nan,nan,nan,0.0000000000,0.0000000000,0.0000000000,0.0000000000,0.0000000000,0.0520145744,nan,nan,nan,nan,nan,nan,nan,nan,nan,nan,nan,nan,nan,nan,nan,nan,nan,nan,nan,nan,nan,0.0200166702,0.1099798679,inf,inf,inf,inf,inf,0.0199899673,0.0700006485,inf,inf,inf,inf,inf,inf,inf,1551
1779239124.4402780533,-0.0115793254,0.1027934775,0.0909670591,-0.0109836423,0.0830641180,0.0023135321,3.6419999599,nan,nan,nan,nan,nan,nan,nan,nan,nan,nan,nan,nan,nan,nan,nan,nan,nan,nan,0.0000000000,0.0000000000,0.0000000000,0.0000000000,0.0000000000,0.0520145744,nan,nan,nan,nan,nan,nan,nan,nan,nan,nan,nan,nan,nan,nan,nan,nan,nan,nan,nan,nan,nan,0.0300376415,0.1200008392,inf,inf,inf,inf,inf,0.0300109386,0.0800216198,inf,inf,inf,inf,inf,inf,inf,1551
1779239124.4503350258,-0.0115793254,0.1027934775,0.0909670591,-0.0109836423,0.0830641180,0.0023135321,3.6419999599,nan,nan,nan,nan,nan,nan,nan,nan,nan,nan,nan,nan,nan,nan,nan,nan,nan,nan,0.0000000000,0.0000000000,0.0000000000,0.0000000000,0.0000000000,0.0520145744,nan,nan,nan,nan,nan,nan,nan,nan,nan,nan,nan,nan,nan,nan,nan,nan,nan,nan,nan,nan,nan,0.0400946140,0.1300578117,inf,inf,inf,inf,inf,0.0400679111,0.0900785923,inf,inf,inf,inf,inf,inf,inf,1551
1779239124.4603209496,-0.0124561097,0.1026984230,0.0909386054,-0.0110989326,0.0830488266,-0.0004611465,3.6419999599,nan,nan,nan,nan,nan,nan,nan,nan,nan,nan,nan,nan,nan,nan,nan,nan,nan,nan,0.0000000000,0.0000000000,0.0000000000,0.0000000000,0.0000000000,0.0537131689,nan,nan,nan,nan,nan,nan,nan,nan,nan,nan,nan,nan,nan,nan,nan,nan,nan,nan,nan,nan,nan,0.0000500679,0.1400437355,inf,inf,inf,inf,inf,0.0500538349,0.0000162125,inf,inf,inf,inf,inf,inf,inf,1551
1779239124.4703145027,-0.0124561097,0.1026984230,0.0909386054,-0.0110989326,0.0830488266,-0.0004611465,3.6419999599,nan,nan,nan,nan,nan,nan,nan,nan,nan,nan,nan,nan,nan,nan,nan,nan,nan,nan,0.0000000000,0.0000000000,0.0000000000,0.0000000000,0.0000000000,0.0537131689,nan,nan,nan,nan,nan,nan,nan,nan,nan,nan,nan,nan,nan,nan,nan,nan,nan,nan,nan,nan,nan,0.0100436211,0.1500372887,inf,inf,inf,inf,inf,0.0600473881,0.0100097656,inf,inf,inf,inf,inf,inf,inf,1551
1779239124.4803540707,-0.0124561097,0.1026984230,0.0909386054,-0.0110989326,0.0830488266,-0.0004611465,3.6419999599,nan,nan,nan,nan,nan,nan,nan,nan,nan,nan,nan,nan,nan,nan,nan,nan,nan,nan,0.0000000000,0.0000000000,0.0000000000,0.0000000000,0.0000000000,0.0537131689,nan,nan,nan,nan,nan,nan,nan,nan,nan,nan,nan,nan,nan,nan,nan,nan,nan,nan,nan,nan,nan,0.0200831890,0.1600768566,inf,inf,inf,inf,inf,0.0700869560,0.0200493336,inf,inf,inf,inf,inf,inf,inf,1551
1779239124.4902853966,-0.0124561097,0.1026984230,0.0909386054,-0.0110989326,0.0830488266,-0.0004611465,3.6419999599,nan,nan,nan,nan,nan,nan,nan,nan,nan,nan,nan,nan,nan,nan,nan,nan,nan,nan,0.0000000000,0.0000000000,0.0000000000,0.0000000000,0.0000000000,0.0537131689,nan,nan,nan,nan,nan,nan,nan,nan,nan,nan,nan,nan,nan,nan,nan,nan,nan,nan,nan,nan,nan,0.0300145149,0.1700081825,inf,inf,inf,inf,inf,0.0800182819,0.0299806595,inf,inf,inf,inf,inf,inf,inf,1551
1779239124.5002791882,-0.0124561097,0.1026984230,0.0909386054,-0.0110989326,0.0830488266,-0.0004611465,3.6419999599,nan,nan,nan,nan,nan,nan,nan,nan,nan,nan,nan,nan,nan,nan,nan,nan,nan,nan,0.0000000000,0.0000000000,0.0000000000,0.0000000000,0.0000000000,0.0537131689,nan,nan,nan,nan,nan,nan,nan,nan,nan,nan,nan,nan,nan,nan,nan,nan,nan,nan,nan,nan,nan,0.0400083065,0.1800019741,inf,inf,inf,inf,inf,0.0900120735,0.0399744511,inf,inf,inf,inf,inf,inf,inf,1551
1779239124.5102882385,-0.0135200135,0.1026092470,0.0909078792,-0.0109836423,0.0830641180,0.0023135321,3.6419999599,nan,nan,nan,nan,nan,nan,nan,nan,nan,nan,nan,nan,nan,nan,nan,nan,nan,nan,0.0000000000,0.0000000000,0.0000000000,0.0000000000,0.0000000000,0.0537131689,nan,nan,nan,nan,nan,nan,nan,nan,nan,nan,nan,nan,nan,nan,nan,nan,nan,nan,nan,nan,nan,0.0000424385,0.1900110245,inf,inf,inf,inf,inf,0.0000143051,0.0499835014,inf,inf,inf,inf,inf,inf,inf,1551
1779239124.5202505589,-0.0135200135,0.1026092470,0.0909078792,-0.0109836423,0.0830641180,0.0023135321,3.6419999599,nan,nan,nan,nan,nan,nan,nan,nan,nan,nan,nan,nan,nan,nan,nan,nan,nan,nan,0.0000000000,0.0000000000,0.0000000000,0.0000000000,0.0000000000,0.0537131689,nan,nan,nan,nan,nan,nan,nan,nan,nan,nan,nan,nan,nan,nan,nan,nan,nan,nan,nan,nan,nan,0.0100047588,0.1999733448,inf,inf,inf,inf,inf,0.0099766254,0.0599458218,inf,inf,inf,inf,inf,inf,inf,1551
1779239124.5302464962,-0.0135200135,0.1026092470,0.0909078792,-0.0109836423,0.0830641180,0.0023135321,3.6419999599,nan,nan,nan,nan,nan,nan,nan,nan,nan,nan,nan,nan,nan,nan,nan,nan,nan,nan,0.0000000000,0.0000000000,0.0000000000,0.0000000000,0.0000000000,0.0537131689,nan,nan,nan,nan,nan,nan,nan,nan,nan,nan,nan,nan,nan,nan,nan,nan,nan,nan,nan,nan,nan,0.0200006962,0.2099692822,inf,inf,inf,inf,inf,0.0199725628,0.0699417591,inf,inf,inf,inf,inf,inf,inf,1551
1779239124.5402829647,-0.0135200135,0.1026092470,0.0909078792,-0.0109836423,0.0830641180,0.0023135321,3.6419999599,nan,nan,nan,nan,nan,nan,nan,nan,nan,nan,nan,nan,nan,nan,nan,nan,nan,nan,0.0000000000,0.0000000000,0.0000000000,0.0000000000,0.0000000000,0.0537131689,nan,nan,nan,nan,nan,nan,nan,nan,nan,nan,nan,nan,nan,nan,nan,nan,nan,nan,nan,nan,nan,0.0300371647,0.2200057507,inf,inf,inf,inf,inf,0.0300090313,0.0799782276,inf,inf,inf,inf,inf,inf,inf,1551
1779239124.5502293110,-0.0135200135,0.1026092470,0.0909078792,-0.0109836423,0.0830641180,0.0023135321,3.6419999599,nan,nan,nan,nan,nan,nan,nan,nan,nan,nan,nan,nan,nan,nan,nan,nan,nan,nan,0.0000000000,0.0000000000,0.0000000000,0.0000000000,0.0000000000,0.0537131689,nan,nan,nan,nan,nan,nan,nan,nan,nan,nan,nan,nan,nan,nan,nan,nan,nan,nan,nan,nan,nan,0.0399835110,0.2299520969,inf,inf,inf,inf,inf,0.0399553776,0.0899245739,inf,inf,inf,inf,inf,inf,inf,1551
1779239124.5602419376,-0.0147701437,0.1025068909,0.0908536837,-0.0109836423,0.0830641180,0.0023135321,3.6419999599,nan,nan,nan,nan,nan,nan,nan,nan,nan,nan,nan,nan,nan,nan,nan,nan,nan,nan,0.0000000000,0.0000000000,0.0000000000,0.0000000000,0.0000000000,0.0568201393,nan,nan,nan,nan,nan,nan,nan,nan,nan,nan,nan,nan,nan,nan,nan,nan,nan,nan,nan,nan,nan,0.0000255108,0.2399647236,inf,inf,inf,inf,inf,0.0499680042,0.0000071526,inf,inf,inf,inf,inf,inf,inf,1551
1779239124.5702276230,-0.0147701437,0.1025068909,0.0908536837,-0.0109836423,0.0830641180,0.0023135321,3.6419999599,nan,nan,nan,nan,nan,nan,nan,nan,nan,nan,nan,nan,nan,nan,nan,nan,nan,nan,0.0000000000,0.0000000000,0.0000000000,0.0000000000,0.0000000000,0.0568201393,nan,nan,nan,nan,nan,nan,nan,nan,nan,nan,nan,nan,nan,nan,nan,nan,nan,nan,nan,nan,nan,0.0100111961,0.2499504089,inf,inf,inf,inf,inf,0.0599536896,0.0099928379,inf,inf,inf,inf,inf,inf,inf,1551
1779239124.5802280903,-0.0147701437,0.1025068909,0.0908536837,-0.0109836423,0.0830641180,0.0023135321,3.6419999599,nan,nan,nan,nan,nan,nan,nan,nan,nan,nan,nan,nan,nan,nan,nan,nan,nan,nan,0.0000000000,0.0000000000,0.0000000000,0.0000000000,0.0000000000,0.0568201393,nan,nan,nan,nan,nan,nan,nan,nan,nan,nan,nan,nan,nan,nan,nan,nan,nan,nan,nan,nan,nan,0.0200116634,0.2599508762,inf,inf,inf,inf,inf,0.0699541569,0.0199933052,inf,inf,inf,inf,inf,inf,inf,1551
1779239124.5902390480,-0.0147701437,0.1025068909,0.0908536837,-0.0109836423,0.0830641180,0.0023135321,3.6419999599,nan,nan,nan,nan,nan,nan,nan,nan,nan,nan,nan,nan,nan,nan,nan,nan,nan,nan,0.0000000000,0.0000000000,0.0000000000,0.0000000000,0.0000000000,0.0568201393,nan,nan,nan,nan,nan,nan,nan,nan,nan,nan,nan,nan,nan,nan,nan,nan,nan,nan,nan,nan,nan,0.0300226212,0.2699618340,inf,inf,inf,inf,inf,0.0799651146,0.0300042629,inf,inf,inf,inf,inf,inf,inf,1551
1779239124.6002840996,-0.0147701437,0.1025068909,0.0908536837,-0.0109836423,0.0830641180,0.0023135321,3.6419999599,nan,nan,nan,nan,nan,nan,nan,nan,nan,nan,nan,nan,nan,nan,nan,nan,nan,nan,0.0000000000,0.0000000000,0.0000000000,0.0000000000,0.0000000000,0.0568201393,nan,nan,nan,nan,nan,nan,nan,nan,nan,nan,nan,nan,nan,nan,nan,nan,nan,nan,nan,nan,nan,0.0400676727,0.2800068855,inf,inf,inf,inf,inf,0.0900101662,0.0400493145,inf,inf,inf,inf,inf,inf,inf,1551
1779239124.6102306843,-0.0162024554,0.1023932844,0.0908001661,-0.0109836423,0.0830641180,0.0023135321,3.6419999599,nan,nan,nan,nan,nan,nan,nan,nan,nan,nan,nan,nan,nan,nan,nan,nan,nan,nan,0.0000000000,0.0000000000,0.0000000000,0.0000000000,0.0000000000,0.0568201393,nan,nan,nan,nan,nan,nan,nan,nan,nan,nan,nan,nan,nan,nan,nan,nan,nan,nan,nan,nan,nan,0.0000262260,0.2899534702,inf,inf,inf,inf,inf,0.0000076294,0.0499958992,inf,inf,inf,inf,inf,inf,inf,1551
1779239124.6202383041,-0.0162024554,0.1023932844,0.0908001661,-0.0109836423,0.0830641180,0.0023135321,3.6419999599,nan,nan,nan,nan,nan,nan,nan,nan,nan,nan,nan,nan,nan,nan,nan,nan,nan,nan,0.0000000000,0.0000000000,0.0000000000,0.0000000000,0.0000000000,0.0568201393,nan,nan,nan,nan,nan,nan,nan,nan,nan,nan,nan,nan,nan,nan,nan,nan,nan,nan,nan,nan,nan,0.0100338459,0.2999610901,inf,inf,inf,inf,inf,0.0100152493,0.0600035191,inf,inf,inf,inf,inf,inf,inf,1551
1779239124.6302278042,-0.0162024554,0.1023932844,0.0908001661,-0.0109836423,0.0830641180,0.0023135321,3.6419999599,nan,nan,nan,nan,nan,nan,nan,nan,nan,nan,nan,nan,nan,nan,nan,nan,nan,nan,0.0000000000,0.0000000000,0.0000000000,0.0000000000,0.0000000000,0.0568201393,nan,nan,nan,nan,nan,nan,nan,nan,nan,nan,nan,nan,nan,nan,nan,nan,nan,nan,nan,nan,nan,0.0200233459,0.3099505901,inf,inf,inf,inf,inf,0.0200047493,0.0699930191,inf,inf,inf,inf,inf,inf,inf,1551
1779239124.6402544975,-0.0162024554,0.1023932844,0.0908001661,-0.0109836423,0.0830641180,0.0023135321,3.6419999599,nan,nan,nan,nan,nan,nan,nan,nan,nan,nan,nan,nan,nan,nan,nan,nan,nan,nan,0.0000000000,0.0000000000,0.0000000000,0.0000000000,0.0000000000,0.0568201393,nan,nan,nan,nan,nan,nan,nan,nan,nan,nan,nan,nan,nan,nan,nan,nan,nan,nan,nan,nan,nan,0.0300500393,0.3199772835,inf,inf,inf,inf,inf,0.0300314426,0.0800197124,inf,inf,inf,inf,inf,inf,inf,1551
1779239124.6502842903,-0.0162024554,0.1023932844,0.0908001661,-0.0109836423,0.0830641180,0.0023135321,3.6419999599,nan,nan,nan,nan,nan,nan,nan,nan,nan,nan,nan,nan,nan,nan,nan,nan,nan,nan,0.0000000000,0.0000000000,0.0000000000,0.0000000000,0.0000000000,0.0568201393,nan,nan,nan,nan,nan,nan,nan,nan,nan,nan,nan,nan,nan,nan,nan,nan,nan,nan,nan,nan,nan,0.0400798321,0.3300070763,inf,inf,inf,inf,inf,0.0400612354,0.0900495052,inf,inf,inf,inf,inf,inf,inf,1551
1779239124.6602671146,-0.0105824349,0.1029551923,0.0910257399,-0.0109836423,0.0830641180,0.0023135321,3.6419999599,nan,nan,nan,nan,nan,nan,nan,nan,nan,nan,nan,nan,nan,nan,nan,nan,nan,nan,0.0000000000,0.0000000000,0.0000000000,0.0000000000,0.0000000000,0.0563849695,nan,nan,nan,nan,nan,nan,nan,nan,nan,nan,nan,nan,nan,nan,nan,nan,nan,nan,nan,nan,nan,0.0000345707,0.3399899006,inf,inf,inf,inf,inf,0.0500440598,0.0000109673,inf,inf,inf,inf,inf,inf,inf,1551
1779239124.6702606678,-0.0105824349,0.1029551923,0.0910257399,-0.0109836423,0.0830641180,0.0023135321,3.6419999599,nan,nan,nan,nan,nan,nan,nan,nan,nan,nan,nan,nan,nan,nan,nan,nan,nan,nan,0.0000000000,0.0000000000,0.0000000000,0.0000000000,0.0000000000,0.0563849695,nan,nan,nan,nan,nan,nan,nan,nan,nan,nan,nan,nan,nan,nan,nan,nan,nan,nan,nan,nan,nan,0.0100281239,0.3499834538,inf,inf,inf,inf,inf,0.0600376129,0.0100045204,inf,inf,inf,inf,inf,inf,inf,1551
1779239124.6803071499,-0.0105824349,0.1029551923,0.0910257399,-0.0109836423,0.0830641180,0.0023135321,3.6419999599,nan,nan,nan,nan,nan,nan,nan,nan,nan,nan,nan,nan,nan,nan,nan,nan,nan,nan,0.0000000000,0.0000000000,0.0000000000,0.0000000000,0.0000000000,0.0563849695,nan,nan,nan,nan,nan,nan,nan,nan,nan,nan,nan,nan,nan,nan,nan,nan,nan,nan,nan,nan,nan,0.0200746059,0.3600299358,inf,inf,inf,inf,inf,0.0700840950,0.0200510025,inf,inf,inf,inf,inf,inf,inf,1551
1779239124.6903386116,-0.0105824349,0.1029551923,0.0910257399,-0.0109836423,0.0830641180,0.0023135321,3.6419999599,nan,nan,nan,nan,nan,nan,nan,nan,nan,nan,nan,nan,nan,nan,nan,nan,nan,nan,0.0000000000,0.0000000000,0.0000000000,0.0000000000,0.0000000000,0.0563849695,nan,nan,nan,nan,nan,nan,nan,nan,nan,nan,nan,nan,nan,nan,nan,nan,nan,nan,nan,nan,nan,0.0301060677,0.3700613976,inf,inf,inf,inf,inf,0.0801155567,0.0300824642,inf,inf,inf,inf,inf,inf,inf,1551
1779239124.7003068924,-0.0105824349,0.1029551923,0.0910257399,-0.0109836423,0.0830641180,0.0023135321,3.6419999599,nan,nan,nan,nan,nan,nan,nan,nan,nan,nan,nan,nan,nan,nan,nan,nan,nan,nan,0.0000000000,0.0000000000,0.0000000000,0.0000000000,0.0000000000,0.0563849695,nan,nan,nan,nan,nan,nan,nan,nan,nan,nan,nan,nan,nan,nan,nan,nan,nan,nan,nan,nan,nan,0.0400743484,0.3800296783,inf,inf,inf,inf,inf,0.0900838375,0.0400507450,inf,inf,inf,inf,inf,inf,inf,1551
1779239124.7103693485,-0.0111387726,0.1029268876,0.0910590142,-0.0109817247,0.0858340788,0.0022985371,3.6419999599,nan,nan,nan,nan,nan,nan,nan,nan,nan,nan,nan,nan,nan,nan,nan,nan,nan,nan,0.0000000000,0.0000000000,0.0000000000,0.0000000000,0.0000000000,0.0563849695,nan,nan,nan,nan,nan,nan,nan,nan,nan,nan,nan,nan,nan,nan,nan,nan,nan,nan,nan,nan,nan,0.0000624657,0.3900921345,inf,inf,inf,inf,inf,0.0000195503,0.0501132011,inf,inf,inf,inf,inf,inf,inf,1551
1779239124.7203173637,-0.0111387726,0.1029268876,0.0910590142,-0.0109817247,0.0858340788,0.0022985371,3.6419999599,nan,nan,nan,nan,nan,nan,nan,nan,nan,nan,nan,nan,nan,nan,nan,nan,nan,nan,0.0000000000,0.0000000000,0.0000000000,0.0000000000,0.0000000000,0.0563849695,nan,nan,nan,nan,nan,nan,nan,nan,nan,nan,nan,nan,nan,nan,nan,nan,nan,nan,nan,nan,nan,0.0100104809,0.4000401497,inf,inf,inf,inf,inf,0.0099675655,0.0600612164,inf,inf,inf,inf,inf,inf,inf,1551
1779239124.7303142548,-0.0111387726,0.1029268876,0.0910590142,-0.0109817247,0.0858340788,0.0022985371,3.6419999599,nan,nan,nan,nan,nan,nan,nan,nan,nan,nan,nan,nan,nan,nan,nan,nan,nan,nan,0.0000000000,0.0000000000,0.0000000000,0.0000000000,0.0000000000,0.0563849695,nan,nan,nan,nan,nan,nan,nan,nan,nan,nan,nan,nan,nan,nan,nan,nan,nan,nan,nan,nan,nan,0.0200073719,0.4100370407,inf,inf,inf,inf,inf,0.0199644566,0.0700581074,inf,inf,inf,inf,inf,inf,inf,1551
1779239124.7402956486,-0.0111387726,0.1029268876,0.0910590142,-0.0109817247,0.0858340788,0.0022985371,3.6419999599,nan,nan,nan,nan,nan,nan,nan,nan,nan,nan,nan,nan,nan,nan,nan,nan,nan,nan,0.0000000000,0.0000000000,0.0000000000,0.0000000000,0.0000000000,0.0563849695,nan,nan,nan,nan,nan,nan,nan,nan,nan,nan,nan,nan,nan,nan,nan,nan,nan,nan,nan,nan,nan,0.0299887657,0.4200184345,inf,inf,inf,inf,inf,0.0299458504,0.0800395012,inf,inf,inf,inf,inf,inf,inf,1551
1779239124.7503256798,-0.0111387726,0.1029268876,0.0910590142,-0.0109817247,0.0858340788,0.0022985371,3.6419999599,nan,nan,nan,nan,nan,nan,nan,nan,nan,nan,nan,nan,nan,nan,nan,nan,nan,nan,0.0000000000,0.0000000000,0.0000000000,0.0000000000,0.0000000000,0.0563849695,nan,nan,nan,nan,nan,nan,nan,nan,nan,nan,nan,nan,nan,nan,nan,nan,nan,nan,nan,nan,nan,0.0400187969,0.4300484657,inf,inf,inf,inf,inf,0.0399758816,0.0900695324,inf,inf,inf,inf,inf,inf,inf,1551
1779239124.7602910995,-0.0111387726,0.1029268876,0.0910590142,-0.0109817247,0.0858340788,0.0022985371,3.6419999599,nan,nan,nan,nan,nan,nan,nan,nan,nan,nan,nan,nan,nan,nan,nan,nan,nan,nan,0.0000000000,0.0000000000,0.0000000000,0.0000000000,0.0000000000,0.0578325354,nan,nan,nan,nan,nan,nan,nan,nan,nan,nan,nan,nan,nan,nan,nan,nan,nan,nan,nan,nan,nan,0.0499842167,0.4400138855,inf,inf,inf,inf,inf,0.0499413013,0.0000200272,inf,inf,inf,inf,inf,inf,inf,1551
1779239124.7702851295,-0.0106685180,0.1029713303,0.0910563022,-0.0109817247,0.0858340788,0.0022985371,3.6419999599,nan,nan,nan,nan,nan,nan,nan,nan,nan,nan,nan,nan,nan,nan,nan,nan,nan,nan,0.0000000000,0.0000000000,0.0000000000,0.0000000000,0.0000000000,0.0578325354,nan,nan,nan,nan,nan,nan,nan,nan,nan,nan,nan,nan,nan,nan,nan,nan,nan,nan,nan,nan,nan,0.0000162125,0.4500079155,inf,inf,inf,inf,inf,0.0599353313,0.0100140572,inf,inf,inf,inf,inf,inf,inf,1551
1779239124.7802898884,-0.0106685180,0.1029713303,0.0910563022,-0.0109817247,0.0858340788,0.0022985371,3.6419999599,nan,nan,nan,nan,nan,nan,nan,nan,nan,nan,nan,nan,nan,nan,nan,nan,nan,nan,0.0000000000,0.0000000000,0.0000000000,0.0000000000,0.0000000000,0.0578325354,nan,nan,nan,nan,nan,nan,nan,nan,nan,nan,nan,nan,nan,nan,nan,nan,nan,nan,nan,nan,nan,0.0100209713,0.4600126743,inf,inf,inf,inf,inf,0.0699400902,0.0200188160,inf,inf,inf,inf,inf,inf,inf,1551
1779239124.7903108597,-0.0106685180,0.1029713303,0.0910563022,-0.0109817247,0.0858340788,0.0022985371,3.6419999599,nan,nan,nan,nan,nan,nan,nan,nan,nan,nan,nan,nan,nan,nan,nan,nan,nan,nan,0.0000000000,0.0000000000,0.0000000000,0.0000000000,0.0000000000,0.0578325354,nan,nan,nan,nan,nan,nan,nan,nan,nan,nan,nan,nan,nan,nan,nan,nan,nan,nan,nan,nan,nan,0.0200419426,0.4700336456,inf,inf,inf,inf,inf,0.0799610615,0.0300397873,inf,inf,inf,inf,inf,inf,inf,1551
1779239124.8003053665,-0.0106685180,0.1029713303,0.0910563022,-0.0109817247,0.0858340788,0.0022985371,3.6419999599,nan,nan,nan,nan,nan,nan,nan,nan,nan,nan,nan,nan,nan,nan,nan,nan,nan,nan,0.0000000000,0.0000000000,0.0000000000,0.0000000000,0.0000000000,0.0578325354,nan,nan,nan,nan,nan,nan,nan,nan,nan,nan,nan,nan,nan,nan,nan,nan,nan,nan,nan,nan,nan,0.0300364494,0.4800281525,inf,inf,inf,inf,inf,0.0899555683,0.0400342941,inf,inf,inf,inf,inf,inf,inf,1551
1779239124.8103446960,-0.0112500703,0.1029701307,0.0911264420,-0.0109817247,0.0858340788,0.0022985371,3.6419999599,nan,nan,nan,nan,nan,nan,nan,nan,nan,nan,nan,nan,nan,nan,nan,nan,nan,nan,0.0000000000,0.0000000000,0.0000000000,0.0000000000,0.0000000000,0.0578325354,nan,nan,nan,nan,nan,nan,nan,nan,nan,nan,nan,nan,nan,nan,nan,nan,nan,nan,nan,nan,nan,0.0000605583,0.4900674820,inf,inf,inf,inf,inf,0.0000169277,0.0500736237,inf,inf,inf,inf,inf,inf,inf,1551
1779239124.8203551769,-0.0112500703,0.1029701307,0.0911264420,-0.0109817247,0.0858340788,0.0022985371,3.6419999599,nan,nan,nan,nan,nan,nan,nan,nan,nan,nan,nan,nan,nan,nan,nan,nan,nan,nan,0.0000000000,0.0000000000,0.0000000000,0.0000000000,0.0000000000,0.0578325354,nan,nan,nan,nan,nan,nan,nan,nan,nan,nan,nan,nan,nan,nan,nan,nan,nan,nan,nan,nan,nan,0.0100710392,0.5000779629,inf,inf,inf,inf,inf,0.0100274086,0.0600841045,inf,inf,inf,inf,inf,inf,inf,1551
1779239124.8303091526,-0.0112500703,0.1029701307,0.0911264420,-0.0109817247,0.0858340788,0.0022985371,3.6419999599,nan,nan,nan,nan,nan,nan,nan,nan,nan,nan,nan,nan,nan,nan,nan,nan,nan,nan,0.0000000000,0.0000000000,0.0000000000,0.0000000000,0.0000000000,0.0578325354,nan,nan,nan,nan,nan,nan,nan,nan,nan,nan,nan,nan,nan,nan,nan,nan,nan,nan,nan,nan,nan,0.0200250149,0.5100319386,inf,inf,inf,inf,inf,0.0199813843,0.0700380802,inf,inf,inf,inf,inf,inf,inf,1551
1779239124.8403220177,-0.0112500703,0.1029701307,0.0911264420,-0.0109817247,0.0858340788,0.0022985371,3.6419999599,nan,nan,nan,nan,nan,nan,nan,nan,nan,nan,nan,nan,nan,nan,nan,nan,nan,nan,0.0000000000,0.0000000000,0.0000000000,0.0000000000,0.0000000000,0.0578325354,nan,nan,nan,nan,nan,nan,nan,nan,nan,nan,nan,nan,nan,nan,nan,nan,nan,nan,nan,nan,nan,0.0300378799,0.5200448036,inf,inf,inf,inf,inf,0.0299942493,0.0800509453,inf,inf,inf,inf,inf,inf,inf,1551
1779239124.8503348827,-0.0112500703,0.1029701307,0.0911264420,-0.0109817247,0.0858340788,0.0022985371,3.6419999599,nan,nan,nan,nan,nan,nan,nan,nan,nan,nan,nan,nan,nan,nan,nan,nan,nan,nan,0.0000000000,0.0000000000,0.0000000000,0.0000000000,0.0000000000,0.0578325354,nan,nan,nan,nan,nan,nan,nan,nan,nan,nan,nan,nan,nan,nan,nan,nan,nan,nan,nan,nan,nan,0.0400507450,0.5300576687,inf,inf,inf,inf,inf,0.0400071144,0.0900638103,inf,inf,inf,inf,inf,inf,inf,1551
1779239124.8603737354,-0.0119723687,0.1029477939,0.0912146196,-0.0109817247,0.0858340788,0.0022985371,3.6419999599,nan,nan,nan,nan,nan,nan,nan,nan,nan,nan,nan,nan,nan,nan,nan,nan,nan,nan,0.0000000000,0.0000000000,0.0000000000,0.0000000000,0.0000000000,0.0609493889,nan,nan,nan,nan,nan,nan,nan,nan,nan,nan,nan,nan,nan,nan,nan,nan,nan,nan,nan,nan,nan,0.0000603199,0.5400965214,inf,inf,inf,inf,inf,0.0500459671,0.0000185966,inf,inf,inf,inf,inf,inf,inf,1551
1779239124.8703043461,-0.0119723687,0.1029477939,0.0912146196,-0.0109817247,0.0858340788,0.0022985371,3.6419999599,nan,nan,nan,nan,nan,nan,nan,nan,nan,nan,nan,nan,nan,nan,nan,nan,nan,nan,0.0000000000,0.0000000000,0.0000000000,0.0000000000,0.0000000000,0.0609493889,nan,nan,nan,nan,nan,nan,nan,nan,nan,nan,nan,nan,nan,nan,nan,nan,nan,nan,nan,nan,nan,0.0099909306,0.5500271320,inf,inf,inf,inf,inf,0.0599765778,0.0099492073,inf,inf,inf,inf,inf,inf,inf,1551
1779239124.8803167343,-0.0119723687,0.1029477939,0.0912146196,-0.0109817247,0.0858340788,0.0022985371,3.6419999599,nan,nan,nan,nan,nan,nan,nan,nan,nan,nan,nan,nan,nan,nan,nan,nan,nan,nan,0.0000000000,0.0000000000,0.0000000000,0.0000000000,0.0000000000,0.0609493889,nan,nan,nan,nan,nan,nan,nan,nan,nan,nan,nan,nan,nan,nan,nan,nan,nan,nan,nan,nan,nan,0.0200033188,0.5600395203,inf,inf,inf,inf,inf,0.0699889660,0.0199615955,inf,inf,inf,inf,inf,inf,inf,1551
1779239124.8903048038,-0.0119723687,0.1029477939,0.0912146196,-0.0109817247,0.0858340788,0.0022985371,3.6419999599,nan,nan,nan,nan,nan,nan,nan,nan,nan,nan,nan,nan,nan,nan,nan,nan,nan,nan,0.0000000000,0.0000000000,0.0000000000,0.0000000000,0.0000000000,0.0609493889,nan,nan,nan,nan,nan,nan,nan,nan,nan,nan,nan,nan,nan,nan,nan,nan,nan,nan,nan,nan,nan,0.0299913883,0.5700275898,inf,inf,inf,inf,inf,0.0799770355,0.0299496651,inf,inf,inf,inf,inf,inf,inf,1551
1779239124.9003164768,-0.0119723687,0.1029477939,0.0912146196,-0.0109817247,0.0858340788,0.0022985371,3.6419999599,nan,nan,nan,nan,nan,nan,nan,nan,nan,nan,nan,nan,nan,nan,nan,nan,nan,nan,0.0000000000,0.0000000000,0.0000000000,0.0000000000,0.0000000000,0.0609493889,nan,nan,nan,nan,nan,nan,nan,nan,nan,nan,nan,nan,nan,nan,nan,nan,nan,nan,nan,nan,nan,0.0400030613,0.5800392628,inf,inf,inf,inf,inf,0.0899887085,0.0399613380,inf,inf,inf,inf,inf,inf,inf,1551
1779239124.9103803635,-0.0128597347,0.1028721705,0.0913005322,-0.0109817247,0.0858340788,0.0022985371,3.6419999599,nan,nan,nan,nan,nan,nan,nan,nan,nan,nan,nan,nan,nan,nan,nan,nan,nan,nan,0.0000000000,0.0000000000,0.0000000000,0.0000000000,0.0000000000,0.0609493889,nan,nan,nan,nan,nan,nan,nan,nan,nan,nan,nan,nan,nan,nan,nan,nan,nan,nan,nan,nan,nan,0.0000603199,0.5901031494,inf,inf,inf,inf,inf,0.0000197887,0.0500252247,inf,inf,inf,inf,inf,inf,inf,1551
1779239124.9203231335,-0.0128597347,0.1028721705,0.0913005322,-0.0109817247,0.0858340788,0.0022985371,3.6419999599,nan,nan,nan,nan,nan,nan,nan,nan,nan,nan,nan,nan,nan,nan,nan,nan,nan,nan,0.0000000000,0.0000000000,0.0000000000,0.0000000000,0.0000000000,0.0609493889,nan,nan,nan,nan,nan,nan,nan,nan,nan,nan,nan,nan,nan,nan,nan,nan,nan,nan,nan,nan,nan,0.0100030899,0.6000459194,inf,inf,inf,inf,inf,0.0099625587,0.0599679947,inf,inf,inf,inf,inf,inf,inf,1551
1779239124.9303336143,-0.0128597347,0.1028721705,0.0913005322,-0.0109817247,0.0858340788,0.0022985371,3.6419999599,nan,nan,nan,nan,nan,nan,nan,nan,nan,nan,nan,nan,nan,nan,nan,nan,nan,nan,0.0000000000,0.0000000000,0.0000000000,0.0000000000,0.0000000000,0.0609493889,nan,nan,nan,nan,nan,nan,nan,nan,nan,nan,nan,nan,nan,nan,nan,nan,nan,nan,nan,nan,nan,0.0200135708,0.6100564003,inf,inf,inf,inf,inf,0.0199730396,0.0699784756,inf,inf,inf,inf,inf,inf,inf,1551
1779239124.9403312206,-0.0128597347,0.1028721705,0.0913005322,-0.0109817247,0.0858340788,0.0022985371,3.6419999599,nan,nan,nan,nan,nan,nan,nan,nan,nan,nan,nan,nan,nan,nan,nan,nan,nan,nan,0.0000000000,0.0000000000,0.0000000000,0.0000000000,0.0000000000,0.0609493889,nan,nan,nan,nan,nan,nan,nan,nan,nan,nan,nan,nan,nan,nan,nan,nan,nan,nan,nan,nan,nan,0.0300111771,0.6200540066,inf,inf,inf,inf,inf,0.0299706459,0.0799760818,inf,inf,inf,inf,inf,inf,inf,1551
1779239124.9503560066,-0.0128597347,0.1028721705,0.0913005322,-0.0109817247,0.0858340788,0.0022985371,3.6419999599,nan,nan,nan,nan,nan,nan,nan,nan,nan,nan,nan,nan,nan,nan,nan,nan,nan,nan,0.0000000000,0.0000000000,0.0000000000,0.0000000000,0.0000000000,0.0609493889,nan,nan,nan,nan,nan,nan,nan,nan,nan,nan,nan,nan,nan,nan,nan,nan,nan,nan,nan,nan,nan,0.0400359631,0.6300787926,inf,inf,inf,inf,inf,0.0399954319,0.0900008678,inf,inf,inf,inf,inf,inf,inf,1551
1779239124.9604272842,-0.0105608935,0.1029541045,0.0910413787,-0.0109817247,0.0858340788,0.0022985371,3.6419999599,nan,nan,nan,nan,nan,nan,nan,nan,nan,nan,nan,nan,nan,nan,nan,nan,nan,nan,0.0000000000,0.0000000000,0.0000000000,0.0000000000,0.0000000000,0.0602327473,nan,nan,nan,nan,nan,nan,nan,nan,nan,nan,nan,nan,nan,nan,nan,nan,nan,nan,nan,nan,nan,0.0000658035,0.6401500702,inf,inf,inf,inf,inf,0.0500667095,0.0000202656,inf,inf,inf,inf,inf,inf,inf,1551
1779239124.9703180790,-0.0105608935,0.1029541045,0.0910413787,-0.0109817247,0.0858340788,0.0022985371,3.6419999599,nan,nan,nan,nan,nan,nan,nan,nan,nan,nan,nan,nan,nan,nan,nan,nan,nan,nan,0.0000000000,0.0000000000,0.0000000000,0.0000000000,0.0000000000,0.0602327473,nan,nan,nan,nan,nan,nan,nan,nan,nan,nan,nan,nan,nan,nan,nan,nan,nan,nan,nan,nan,nan,0.0099565983,0.6500408649,inf,inf,inf,inf,inf,0.0599575043,0.0099110603,inf,inf,inf,inf,inf,inf,inf,1551
1779239124.9803469181,-0.0105608935,0.1029541045,0.0910413787,-0.0109817247,0.0858340788,0.0022985371,3.6419999599,nan,nan,nan,nan,nan,nan,nan,nan,nan,nan,nan,nan,nan,nan,nan,nan,nan,nan,0.0000000000,0.0000000000,0.0000000000,0.0000000000,0.0000000000,0.0602327473,nan,nan,nan,nan,nan,nan,nan,nan,nan,nan,nan,nan,nan,nan,nan,nan,nan,nan,nan,nan,nan,0.0199854374,0.6600697041,inf,inf,inf,inf,inf,0.0699863434,0.0199398994,inf,inf,inf,inf,inf,inf,inf,1551
1779239124.9903147221,-0.0105608935,0.1029541045,0.0910413787,-0.0109817247,0.0858340788,0.0022985371,3.6419999599,nan,nan,nan,nan,nan,nan,nan,nan,nan,nan,nan,nan,nan,nan,nan,nan,nan,nan,0.0000000000,0.0000000000,0.0000000000,0.0000000000,0.0000000000,0.0602327473,nan,nan,nan,nan,nan,nan,nan,nan,nan,nan,nan,nan,nan,nan,nan,nan,nan,nan,nan,nan,nan,0.0299532413,0.6700375080,inf,inf,inf,inf,inf,0.0799541473,0.0299077034,inf,inf,inf,inf,inf,inf,inf,1551
1779239125.0003230572,-0.0105608935,0.1029541045,0.0910413787,-0.0109817247,0.0858340788,0.0022985371,3.6419999599,nan,nan,nan,nan,nan,nan,nan,nan,nan,nan,nan,nan,nan,nan,nan,nan,nan,nan,0.0000000000,0.0000000000,0.0000000000,0.0000000000,0.0000000000,0.0602327473,nan,nan,nan,nan,nan,nan,nan,nan,nan,nan,nan,nan,nan,nan,nan,nan,nan,nan,nan,nan,nan,0.0399615765,0.6800458431,inf,inf,inf,inf,inf,0.0899624825,0.0399160385,inf,inf,inf,inf,inf,inf,inf,1551
1779239125.0103652477,-0.0110782320,0.1028672457,0.0910325795,-0.0109817247,0.0858340788,0.0022985371,3.6419999599,nan,nan,nan,nan,nan,nan,nan,nan,nan,nan,nan,nan,nan,nan,nan,nan,nan,nan,0.0000000000,0.0000000000,0.0000000000,0.0000000000,0.0000000000,0.0602327473,nan,nan,nan,nan,nan,nan,nan,nan,nan,nan,nan,nan,nan,nan,nan,nan,nan,nan,nan,nan,nan,0.0000593662,0.6900880337,inf,inf,inf,inf,inf,0.0000188351,0.0499582291,inf,inf,inf,inf,inf,inf,inf,1551
1779239125.0203120708,-0.0110782320,0.1028672457,0.0910325795,-0.0109817247,0.0858340788,0.0022985371,3.6419999599,nan,nan,nan,nan,nan,nan,nan,nan,nan,nan,nan,nan,nan,nan,nan,nan,nan,nan,0.0000000000,0.0000000000,0.0000000000,0.0000000000,0.0000000000,0.0602327473,nan,nan,nan,nan,nan,nan,nan,nan,nan,nan,nan,nan,nan,nan,nan,nan,nan,nan,nan,nan,nan,0.0100061893,0.7000348568,inf,inf,inf,inf,inf,0.0099656582,0.0599050522,inf,inf,inf,inf,inf,inf,inf,1551
1779239125.0303173065,-0.0110782320,0.1028672457,0.0910325795,-0.0109817247,0.0858340788,0.0022985371,3.6419999599,nan,nan,nan,nan,nan,nan,nan,nan,nan,nan,nan,nan,nan,nan,nan,nan,nan,nan,0.0000000000,0.0000000000,0.0000000000,0.0000000000,0.0000000000,0.0602327473,nan,nan,nan,nan,nan,nan,nan,nan,nan,nan,nan,nan,nan,nan,nan,nan,nan,nan,nan,nan,nan,0.0200114250,0.7100400925,inf,inf,inf,inf,inf,0.0199708939,0.0699102879,inf,inf,inf,inf,inf,inf,inf,1551
1779239125.0403215885,-0.0110782320,0.1028672457,0.0910325795,-0.0109817247,0.0858340788,0.0022985371,3.6419999599,nan,nan,nan,nan,nan,nan,nan,nan,nan,nan,nan,nan,nan,nan,nan,nan,nan,nan,0.0000000000,0.0000000000,0.0000000000,0.0000000000,0.0000000000,0.0602327473,nan,nan,nan,nan,nan,nan,nan,nan,nan,nan,nan,nan,nan,nan,nan,nan,nan,nan,nan,nan,nan,0.0300157070,0.7200443745,inf,inf,inf,inf,inf,0.0299751759,0.0799145699,inf,inf,inf,inf,inf,inf,inf,1551
1779239125.0502991676,-0.0110782320,0.1028672457,0.0910325795,-0.0109817247,0.0858340788,0.0022985371,3.6419999599,nan,nan,nan,nan,nan,nan,nan,nan,nan,nan,nan,nan,nan,nan,nan,nan,nan,nan,0.0000000000,0.0000000000,0.0000000000,0.0000000000,0.0000000000,0.0602327473,nan,nan,nan,nan,nan,nan,nan,nan,nan,nan,nan,nan,nan,nan,nan,nan,nan,nan,nan,nan,nan,0.0399932861,0.7300219536,inf,inf,inf,inf,inf,0.0399527550,0.0898921490,inf,inf,inf,inf,inf,inf,inf,1551
1779239125.0603468418,-0.0105665410,0.1029196754,0.0909980237,-0.0109817247,0.0858340788,0.0022985371,3.6419999599,nan,nan,nan,nan,nan,nan,nan,nan,nan,nan,nan,nan,nan,nan,nan,nan,nan,nan,0.0000000000,0.0000000000,0.0000000000,0.0000000000,0.0000000000,0.0601367094,nan,nan,nan,nan,nan,nan,nan,nan,nan,nan,nan,nan,nan,nan,nan,nan,nan,nan,nan,nan,nan,0.0000660419,0.7400696278,inf,inf,inf,inf,inf,0.0500004292,0.0000190735,inf,inf,inf,inf,inf,inf,inf,1551
1779239125.0703296661,-0.0105665410,0.1029196754,0.0909980237,-0.0109817247,0.0858340788,0.0022985371,3.6419999599,nan,nan,nan,nan,nan,nan,nan,nan,nan,nan,nan,nan,nan,nan,nan,nan,nan,nan,0.0000000000,0.0000000000,0.0000000000,0.0000000000,0.0000000000,0.0601367094,nan,nan,nan,nan,nan,nan,nan,nan,nan,nan,nan,nan,nan,nan,nan,nan,nan,nan,nan,nan,nan,0.0100488663,0.7500524521,inf,inf,inf,inf,inf,0.0599832535,0.0100018978,inf,inf,inf,inf,inf,inf,inf,1551
1779239125.0802977085,-0.0105665410,0.1029196754,0.0909980237,-0.0109817247,0.0858340788,0.0022985371,3.6419999599,nan,nan,nan,nan,nan,nan,nan,nan,nan,nan,nan,nan,nan,nan,nan,nan,nan,nan,0.0000000000,0.0000000000,0.0000000000,0.0000000000,0.0000000000,0.0601367094,nan,nan,nan,nan,nan,nan,nan,nan,nan,nan,nan,nan,nan,nan,nan,nan,nan,nan,nan,nan,nan,0.0200169086,0.7600204945,inf,inf,inf,inf,inf,0.0699512959,0.0199699402,inf,inf,inf,inf,inf,inf,inf,1551
1779239125.0902674198,-0.0105665410,0.1029196754,0.0909980237,-0.0109817247,0.0858340788,0.0022985371,3.6419999599,nan,nan,nan,nan,nan,nan,nan,nan,nan,nan,nan,nan,nan,nan,nan,nan,nan,nan,0.0000000000,0.0000000000,0.0000000000,0.0000000000,0.0000000000,0.0601367094,nan,nan,nan,nan,nan,nan,nan,nan,nan,nan,nan,nan,nan,nan,nan,nan,nan,nan,nan,nan,nan,0.0299866199,0.7699902058,inf,inf,inf,inf,inf,0.0799210072,0.0299396515,inf,inf,inf,inf,inf,inf,inf,1551
1779239125.1003003120,-0.0105665410,0.1029196754,0.0909980237,-0.0109817247,0.0858340788,0.0022985371,3.6419999599,nan,nan,nan,nan,nan,nan,nan,nan,nan,nan,nan,nan,nan,nan,nan,nan,nan,nan,0.0000000000,0.0000000000,0.0000000000,0.0000000000,0.0000000000,0.0601367094,nan,nan,nan,nan,nan,nan,nan,nan,nan,nan,nan,nan,nan,nan,nan,nan,nan,nan,nan,nan,nan,0.0400195122,0.7800230980,inf,inf,inf,inf,inf,0.0899538994,0.0399725437,inf,inf,inf,inf,inf,inf,inf,1551
1779239125.1103136539,-0.0110961022,0.1028382257,0.0909584984,-0.0109817247,0.0858340788,0.0022985371,3.6419999599,nan,nan,nan,nan,nan,nan,nan,nan,nan,nan,nan,nan,nan,nan,nan,nan,nan,nan,0.0000000000,0.0000000000,0.0000000000,0.0000000000,0.0000000000,0.0601367094,nan,nan,nan,nan,nan,nan,nan,nan,nan,nan,nan,nan,nan,nan,nan,nan,nan,nan,nan,nan,nan,0.0000534058,0.7900364399,inf,inf,inf,inf,inf,0.0000164509,0.0499858856,inf,inf,inf,inf,inf,inf,inf,1551
1779239125.1203150749,-0.0110961022,0.1028382257,0.0909584984,-0.0109817247,0.0858340788,0.0022985371,3.6419999599,nan,nan,nan,nan,nan,nan,nan,nan,nan,nan,nan,nan,nan,nan,nan,nan,nan,nan,0.0000000000,0.0000000000,0.0000000000,0.0000000000,0.0000000000,0.0601367094,nan,nan,nan,nan,nan,nan,nan,nan,nan,nan,nan,nan,nan,nan,nan,nan,nan,nan,nan,nan,nan,0.0100548267,0.8000378609,inf,inf,inf,inf,inf,0.0100178719,0.0599873066,inf,inf,inf,inf,inf,inf,inf,1551
1779239125.1303460598,-0.0110961022,0.1028382257,0.0909584984,-0.0109817247,0.0858340788,0.0022985371,3.6419999599,nan,nan,nan,nan,nan,nan,nan,nan,nan,nan,nan,nan,nan,nan,nan,nan,nan,nan,0.0000000000,0.0000000000,0.0000000000,0.0000000000,0.0000000000,0.0601367094,nan,nan,nan,nan,nan,nan,nan,nan,nan,nan,nan,nan,nan,nan,nan,nan,nan,nan,nan,nan,nan,0.0200858116,0.8100688457,inf,inf,inf,inf,inf,0.0200488567,0.0700182915,inf,inf,inf,inf,inf,inf,inf,1551
1779239125.1402988434,-0.0110961022,0.1028382257,0.0909584984,-0.0109817247,0.0858340788,0.0022985371,3.6419999599,nan,nan,nan,nan,nan,nan,nan,nan,nan,nan,nan,nan,nan,nan,nan,nan,nan,nan,0.0000000000,0.0000000000,0.0000000000,0.0000000000,0.0000000000,0.0601367094,nan,nan,nan,nan,nan,nan,nan,nan,nan,nan,nan,nan,nan,nan,nan,nan,nan,nan,nan,nan,nan,0.0300385952,0.8200216293,inf,inf,inf,inf,inf,0.0300016403,0.0799710751,inf,inf,inf,inf,inf,inf,inf,1551
1779239125.1503374577,-0.0110961022,0.1028382257,0.0909584984,-0.0109817247,0.0858340788,0.0022985371,3.6419999599,nan,nan,nan,nan,nan,nan,nan,nan,nan,nan,nan,nan,nan,nan,nan,nan,nan,nan,0.0000000000,0.0000000000,0.0000000000,0.0000000000,0.0000000000,0.0601367094,nan,nan,nan,nan,nan,nan,nan,nan,nan,nan,nan,nan,nan,nan,nan,nan,nan,nan,nan,nan,nan,0.0400772095,0.8300602436,inf,inf,inf,inf,inf,0.0400402546,0.0900096893,inf,inf,inf,inf,inf,inf,inf,1551
1779239125.1603872776,-0.0101962639,0.1029739678,0.0909907296,-0.0109817247,0.0858340788,0.0022985371,3.6419999599,nan,nan,nan,nan,nan,nan,nan,nan,nan,nan,nan,nan,nan,nan,nan,nan,nan,nan,0.0000000000,0.0000000000,0.0000000000,0.0000000000,0.0000000000,0.0606453121,nan,nan,nan,nan,nan,nan,nan,nan,nan,nan,nan,nan,nan,nan,nan,nan,nan,nan,nan,nan,nan,0.0000662804,0.8401100636,inf,inf,inf,inf,inf,0.0500900745,0.0000224113,inf,inf,inf,inf,inf,inf,inf,1551
1779239125.1703374386,-0.0101962639,0.1029739678,0.0909907296,-0.0109817247,0.0858340788,0.0022985371,3.6419999599,nan,nan,nan,nan,nan,nan,nan,nan,nan,nan,nan,nan,nan,nan,nan,nan,nan,nan,0.0000000000,0.0000000000,0.0000000000,0.0000000000,0.0000000000,0.0606453121,nan,nan,nan,nan,nan,nan,nan,nan,nan,nan,nan,nan,nan,nan,nan,nan,nan,nan,nan,nan,nan,0.0100164413,0.8500602245,inf,inf,inf,inf,inf,0.0600402355,0.0099725723,inf,inf,inf,inf,inf,inf,inf,1551
1779239125.1803677082,-0.0101962639,0.1029739678,0.0909907296,-0.0109817247,0.0858340788,0.0022985371,3.6419999599,nan,nan,nan,nan,nan,nan,nan,nan,nan,nan,nan,nan,nan,nan,nan,nan,nan,nan,0.0000000000,0.0000000000,0.0000000000,0.0000000000,0.0000000000,0.0606453121,nan,nan,nan,nan,nan,nan,nan,nan,nan,nan,nan,nan,nan,nan,nan,nan,nan,nan,nan,nan,nan,0.0200467110,0.8600904942,inf,inf,inf,inf,inf,0.0700705051,0.0200028419,inf,inf,inf,inf,inf,inf,inf,1551
1779239125.1903562546,-0.0101962639,0.1029739678,0.0909907296,-0.0109817247,0.0858340788,0.0022985371,3.6419999599,nan,nan,nan,nan,nan,nan,nan,nan,nan,nan,nan,nan,nan,nan,nan,nan,nan,nan,0.0000000000,0.0000000000,0.0000000000,0.0000000000,0.0000000000,0.0606453121,nan,nan,nan,nan,nan,nan,nan,nan,nan,nan,nan,nan,nan,nan,nan,nan,nan,nan,nan,nan,nan,0.0300352573,0.8700790405,inf,inf,inf,inf,inf,0.0800590515,0.0299913883,inf,inf,inf,inf,inf,inf,inf,1551
1779239125.2003295422,-0.0101962639,0.1029739678,0.0909907296,-0.0109817247,0.0858340788,0.0022985371,3.6419999599,nan,nan,nan,nan,nan,nan,nan,nan,nan,nan,nan,nan,nan,nan,nan,nan,nan,nan,0.0000000000,0.0000000000,0.0000000000,0.0000000000,0.0000000000,0.0606453121,nan,nan,nan,nan,nan,nan,nan,nan,nan,nan,nan,nan,nan,nan,nan,nan,nan,nan,nan,nan,nan,0.0400085449,0.8800523281,inf,inf,inf,inf,inf,0.0900323391,0.0399646759,inf,inf,inf,inf,inf,inf,inf,1551
1779239125.2103807926,-0.0106438315,0.1029264778,0.0909603164,-0.0109817247,0.0858340788,0.0022985371,3.6419999599,nan,nan,nan,nan,nan,nan,nan,nan,nan,nan,nan,nan,nan,nan,nan,nan,nan,nan,0.0000000000,0.0000000000,0.0000000000,0.0000000000,0.0000000000,0.0606453121,nan,nan,nan,nan,nan,nan,nan,nan,nan,nan,nan,nan,nan,nan,nan,nan,nan,nan,nan,nan,nan,0.0000638962,0.8901035786,inf,inf,inf,inf,inf,0.0000205040,0.0500159264,inf,inf,inf,inf,inf,inf,inf,1551
1779239125.2203257084,-0.0106438315,0.1029264778,0.0909603164,-0.0109817247,0.0858340788,0.0022985371,3.6419999599,nan,nan,nan,nan,nan,nan,nan,nan,nan,nan,nan,nan,nan,nan,nan,nan,nan,nan,0.0000000000,0.0000000000,0.0000000000,0.0000000000,0.0000000000,0.0606453121,nan,nan,nan,nan,nan,nan,nan,nan,nan,nan,nan,nan,nan,nan,nan,nan,nan,nan,nan,nan,nan,0.0100088120,0.9000484943,inf,inf,inf,inf,inf,0.0099654198,0.0599608421,inf,inf,inf,inf,inf,inf,inf,1551
1779239125.2303321362,-0.0106438315,0.1029264778,0.0909603164,-0.0109817247,0.0858340788,0.0022985371,3.6419999599,nan,nan,nan,nan,nan,nan,nan,nan,nan,nan,nan,nan,nan,nan,nan,nan,nan,nan,0.0000000000,0.0000000000,0.0000000000,0.0000000000,0.0000000000,0.0606453121,nan,nan,nan,nan,nan,nan,nan,nan,nan,nan,nan,nan,nan,nan,nan,nan,nan,nan,nan,nan,nan,0.0200152397,0.9100549221,inf,inf,inf,inf,inf,0.0199718475,0.0699672699,inf,inf,inf,inf,inf,inf,inf,1551
1779239125.2403252125,-0.0106438315,0.1029264778,0.0909603164,-0.0109817247,0.0858340788,0.0022985371,3.6419999599,nan,nan,nan,nan,nan,nan,nan,nan,nan,nan,nan,nan,nan,nan,nan,nan,nan,nan,0.0000000000,0.0000000000,0.0000000000,0.0000000000,0.0000000000,0.0606453121,nan,nan,nan,nan,nan,nan,nan,nan,nan,nan,nan,nan,nan,nan,nan,nan,nan,nan,nan,nan,nan,0.0300083160,0.9200479984,inf,inf,inf,inf,inf,0.0299649239,0.0799603462,inf,inf,inf,inf,inf,inf,inf,1551
1779239125.2502598763,-0.0106438315,0.1029264778,0.0909603164,-0.0109817247,0.0858340788,0.0022985371,3.6419999599,nan,nan,nan,nan,nan,nan,nan,nan,nan,nan,nan,nan,nan,nan,nan,nan,nan,nan,0.0000000000,0.0000000000,0.0000000000,0.0000000000,0.0000000000,0.0606453121,nan,nan,nan,nan,nan,nan,nan,nan,nan,nan,nan,nan,nan,nan,nan,nan,nan,nan,nan,nan,nan,0.0399429798,0.9299826622,inf,inf,inf,inf,inf,0.0398995876,0.0898950100,inf,inf,inf,inf,inf,inf,inf,1551
1779239125.2602920532,-0.0105246566,0.1029434130,0.0909936428,-0.0109817247,0.0858340788,0.0022985371,3.6419999599,nan,nan,nan,nan,nan,nan,nan,nan,nan,nan,nan,nan,nan,nan,nan,nan,nan,nan,0.0000000000,0.0000000000,0.0000000000,0.0000000000,0.0000000000,0.0593880191,nan,nan,nan,nan,nan,nan,nan,nan,nan,nan,nan,nan,nan,nan,nan,nan,nan,nan,nan,nan,nan,0.0000412464,0.9400148392,inf,inf,inf,inf,inf,0.0499317646,0.0000131130,inf,inf,inf,inf,inf,inf,inf,1551
1779239125.2702515125,-0.0105246566,0.1029434130,0.0909936428,-0.0109817247,0.0858340788,0.0022985371,3.6419999599,nan,nan,nan,nan,nan,nan,nan,nan,nan,nan,nan,nan,nan,nan,nan,nan,nan,nan,0.0000000000,0.0000000000,0.0000000000,0.0000000000,0.0000000000,0.0593880191,nan,nan,nan,nan,nan,nan,nan,nan,nan,nan,nan,nan,nan,nan,nan,nan,nan,nan,nan,nan,nan,0.0100007057,0.9499742985,inf,inf,inf,inf,inf,0.0598912239,0.0099725723,inf,inf,inf,inf,inf,inf,inf,1551
1779239125.2802550793,-0.0105246566,0.1029434130,0.0909936428,-0.0109817247,0.0858340788,0.0022985371,3.6419999599,nan,nan,nan,nan,nan,nan,nan,nan,nan,nan,nan,nan,nan,nan,nan,nan,nan,nan,0.0000000000,0.0000000000,0.0000000000,0.0000000000,0.0000000000,0.0593880191,nan,nan,nan,nan,nan,nan,nan,nan,nan,nan,nan,nan,nan,nan,nan,nan,nan,nan,nan,nan,nan,0.0200042725,0.9599778652,inf,inf,inf,inf,inf,0.0698947906,0.0199761391,inf,inf,inf,inf,inf,inf,inf,1551
1779239125.2902488708,-0.0105246566,0.1029434130,0.0909936428,-0.0109817247,0.0858340788,0.0022985371,3.6419999599,nan,nan,nan,nan,nan,nan,nan,nan,nan,nan,nan,nan,nan,nan,nan,nan,nan,nan,0.0000000000,0.0000000000,0.0000000000,0.0000000000,0.0000000000,0.0593880191,nan,nan,nan,nan,nan,nan,nan,nan,nan,nan,nan,nan,nan,nan,nan,nan,nan,nan,nan,nan,nan,0.0299980640,0.9699716568,inf,inf,inf,inf,inf,0.0798885822,0.0299699306,inf,inf,inf,inf,inf,inf,inf,1551
1779239125.3002398014,-0.0105246566,0.1029434130,0.0909936428,-0.0109817247,0.0858340788,0.0022985371,3.6419999599,nan,nan,nan,nan,nan,nan,nan,nan,nan,nan,nan,nan,nan,nan,nan,nan,nan,nan,0.0000000000,0.0000000000,0.0000000000,0.0000000000,0.0000000000,0.0593880191,nan,nan,nan,nan,nan,nan,nan,nan,nan,nan,nan,nan,nan,nan,nan,nan,nan,nan,nan,nan,nan,0.0399889946,0.9799625874,inf,inf,inf,inf,inf,0.0898795128,0.0399608612,inf,inf,inf,inf,inf,inf,inf,1551
1779239125.3102784157,-0.0110754417,0.1029075161,0.0909995884,-0.0109817247,0.0858340788,0.0022985371,3.6419999599,nan,nan,nan,nan,nan,nan,nan,nan,nan,nan,nan,nan,nan,nan,nan,nan,nan,nan,0.0000000000,0.0000000000,0.0000000000,0.0000000000,0.0000000000,0.0593880191,nan,nan,nan,nan,nan,nan,nan,nan,nan,nan,nan,nan,nan,nan,nan,nan,nan,nan,nan,nan,nan,0.0000548363,0.9900012016,inf,inf,inf,inf,inf,0.0000135899,0.0499994755,inf,inf,inf,inf,inf,inf,inf,1551
1779239125.3202490807,-0.0110754417,0.1029075161,0.0909995884,-0.0109817247,0.0858340788,0.0022985371,3.6419999599,nan,nan,nan,nan,nan,nan,nan,nan,nan,nan,nan,nan,nan,nan,nan,nan,nan,nan,0.0000000000,0.0000000000,0.0000000000,0.0000000000,0.0000000000,0.0593880191,nan,nan,nan,nan,nan,nan,nan,nan,nan,nan,nan,nan,nan,nan,nan,nan,nan,nan,nan,nan,nan,0.0100255013,0.0000119209,inf,inf,inf,inf,inf,0.0099842548,0.0599701405,inf,inf,inf,inf,inf,inf,inf,1551
1779239125.3302545547,-0.0110754417,0.1029075161,0.0909995884,-0.0109817247,0.0858340788,0.0022985371,3.6419999599,nan,nan,nan,nan,nan,nan,nan,nan,nan,nan,nan,nan,nan,nan,nan,nan,nan,nan,0.0000000000,0.0000000000,0.0000000000,0.0000000000,0.0000000000,0.0593880191,nan,nan,nan,nan,nan,nan,nan,nan,nan,nan,nan,nan,nan,nan,nan,nan,nan,nan,nan,nan,nan,0.0200309753,0.0100173950,inf,inf,inf,inf,inf,0.0199897289,0.0699756145,inf,inf,inf,inf,inf,inf,inf,1551
1779239125.3402543068,-0.0110754417,0.1029075161,0.0909995884,-0.0109817247,0.0858340788,0.0022985371,3.6419999599,nan,nan,nan,nan,nan,nan,nan,nan,nan,nan,nan,nan,nan,nan,nan,nan,nan,nan,0.0000000000,0.0000000000,0.0000000000,0.0000000000,0.0000000000,0.0593880191,nan,nan,nan,nan,nan,nan,nan,nan,nan,nan,nan,nan,nan,nan,nan,nan,nan,nan,nan,nan,nan,0.0300307274,0.0200171471,inf,inf,inf,inf,inf,0.0299894810,0.0799753666,inf,inf,inf,inf,inf,inf,inf,1551
1779239125.3502516747,-0.0110754417,0.1029075161,0.0909995884,-0.0109817247,0.0858340788,0.0022985371,3.6419999599,nan,nan,nan,nan,nan,nan,nan,nan,nan,nan,nan,nan,nan,nan,nan,nan,nan,nan,0.0000000000,0.0000000000,0.0000000000,0.0000000000,0.0000000000,0.0593880191,nan,nan,nan,nan,nan,nan,nan,nan,nan,nan,nan,nan,nan,nan,nan,nan,nan,nan,nan,nan,nan,0.0400280952,0.0300145149,inf,inf,inf,inf,inf,0.0399868488,0.0899727345,inf,inf,inf,inf,inf,inf,inf,1551
1779239125.3602733612,-0.0117889382,0.1028594077,0.0909988061,-0.0109817247,0.0858340788,0.0022985371,3.6419999599,nan,nan,nan,nan,nan,nan,nan,nan,nan,nan,nan,nan,nan,nan,nan,nan,nan,nan,0.0000000000,0.0000000000,0.0000000000,0.0000000000,0.0000000000,0.0590026714,nan,nan,nan,nan,nan,nan,nan,nan,nan,nan,nan,nan,nan,nan,nan,nan,nan,nan,nan,nan,nan,0.0000326633,0.0400362015,inf,inf,inf,inf,inf,0.0500085354,0.0000100136,inf,inf,inf,inf,inf,inf,inf,1551
1779239125.3702614307,-0.0117889382,0.1028594077,0.0909988061,-0.0109817247,0.0858340788,0.0022985371,3.6419999599,nan,nan,nan,nan,nan,nan,nan,nan,nan,nan,nan,nan,nan,nan,nan,nan,nan,nan,0.0000000000,0.0000000000,0.0000000000,0.0000000000,0.0000000000,0.0590026714,nan,nan,nan,nan,nan,nan,nan,nan,nan,nan,nan,nan,nan,nan,nan,nan,nan,nan,nan,nan,nan,0.0100207329,0.0500242710,inf,inf,inf,inf,inf,0.0599966049,0.0099980831,inf,inf,inf,inf,inf,inf,inf,1551
1779239125.3802762032,-0.0117889382,0.1028594077,0.0909988061,-0.0109817247,0.0858340788,0.0022985371,3.6419999599,nan,nan,nan,nan,nan,nan,nan,nan,nan,nan,nan,nan,nan,nan,nan,nan,nan,nan,0.0000000000,0.0000000000,0.0000000000,0.0000000000,0.0000000000,0.0590026714,nan,nan,nan,nan,nan,nan,nan,nan,nan,nan,nan,nan,nan,nan,nan,nan,nan,nan,nan,nan,nan,0.0200355053,0.0600390434,inf,inf,inf,inf,inf,0.0700113773,0.0200128555,inf,inf,inf,inf,inf,inf,inf,1551
1779239125.3902716637,-0.0117889382,0.1028594077,0.0909988061,-0.0109817247,0.0858340788,0.0022985371,3.6419999599,nan,nan,nan,nan,nan,nan,nan,nan,nan,nan,nan,nan,nan,nan,nan,nan,nan,nan,0.0000000000,0.0000000000,0.0000000000,0.0000000000,0.0000000000,0.0590026714,nan,nan,nan,nan,nan,nan,nan,nan,nan,nan,nan,nan,nan,nan,nan,nan,nan,nan,nan,nan,nan,0.0300309658,0.0700345039,inf,inf,inf,inf,inf,0.0800068378,0.0300083160,inf,inf,inf,inf,inf,inf,inf,1551
1779239125.4002573490,-0.0117889382,0.1028594077,0.0909988061,-0.0109817247,0.0858340788,0.0022985371,3.6419999599,nan,nan,nan,nan,nan,nan,nan,nan,nan,nan,nan,nan,nan,nan,nan,nan,nan,nan,0.0000000000,0.0000000000,0.0000000000,0.0000000000,0.0000000000,0.0590026714,nan,nan,nan,nan,nan,nan,nan,nan,nan,nan,nan,nan,nan,nan,nan,nan,nan,nan,nan,nan,nan,0.0400166512,0.0800201893,inf,inf,inf,inf,inf,0.0899925232,0.0399940014,inf,inf,inf,inf,inf,inf,inf,1551
1779239125.4102489948,-0.0126973586,0.1027703956,0.0909817815,-0.0109817247,0.0858340788,0.0022985371,3.6419999599,nan,nan,nan,nan,nan,nan,nan,nan,nan,nan,nan,nan,nan,nan,nan,nan,nan,nan,0.0000000000,0.0000000000,0.0000000000,0.0000000000,0.0000000000,0.0590026714,nan,nan,nan,nan,nan,nan,nan,nan,nan,nan,nan,nan,nan,nan,nan,nan,nan,nan,nan,nan,nan,0.0000326633,0.0900118351,inf,inf,inf,inf,inf,0.0000095367,0.0499856472,inf,inf,inf,inf,inf,inf,inf,1551
1779239125.4202687740,-0.0126973586,0.1027703956,0.0909817815,-0.0109817247,0.0858340788,0.0022985371,3.6419999599,nan,nan,nan,nan,nan,nan,nan,nan,nan,nan,nan,nan,nan,nan,nan,nan,nan,nan,0.0000000000,0.0000000000,0.0000000000,0.0000000000,0.0000000000,0.0590026714,nan,nan,nan,nan,nan,nan,nan,nan,nan,nan,nan,nan,nan,nan,nan,nan,nan,nan,nan,nan,nan,0.0100524426,0.1000316143,inf,inf,inf,inf,inf,0.0100293159,0.0600054264,inf,inf,inf,inf,inf,inf,inf,1551
1779239125.4302563667,-0.0126973586,0.1027703956,0.0909817815,-0.0109817247,0.0858340788,0.0022985371,3.6419999599,nan,nan,nan,nan,nan,nan,nan,nan,nan,nan,nan,nan,nan,nan,nan,nan,nan,nan,0.0000000000,0.0000000000,0.0000000000,0.0000000000,0.0000000000,0.0590026714,nan,nan,nan,nan,nan,nan,nan,nan,nan,nan,nan,nan,nan,nan,nan,nan,nan,nan,nan,nan,nan,0.0200400352,0.1100192070,inf,inf,inf,inf,inf,0.0200169086,0.0699930191,inf,inf,inf,inf,inf,inf,inf,1551
1779239125.4402682781,-0.0126973586,0.1027703956,0.0909817815,-0.0109817247,0.0858340788,0.0022985371,3.6419999599,nan,nan,nan,nan,nan,nan,nan,nan,nan,nan,nan,nan,nan,nan,nan,nan,nan,nan,0.0000000000,0.0000000000,0.0000000000,0.0000000000,0.0000000000,0.0590026714,nan,nan,nan,nan,nan,nan,nan,nan,nan,nan,nan,nan,nan,nan,nan,nan,nan,nan,nan,nan,nan,0.0300519466,0.1200311184,inf,inf,inf,inf,inf,0.0300288200,0.0800049305,inf,inf,inf,inf,inf,inf,inf,1551
1779239125.4502778053,-0.0126973586,0.1027703956,0.0909817815,-0.0109817247,0.0858340788,0.0022985371,3.6419999599,nan,nan,nan,nan,nan,nan,nan,nan,nan,nan,nan,nan,nan,nan,nan,nan,nan,nan,0.0000000000,0.0000000000,0.0000000000,0.0000000000,0.0000000000,0.0590026714,nan,nan,nan,nan,nan,nan,nan,nan,nan,nan,nan,nan,nan,nan,nan,nan,nan,nan,nan,nan,nan,0.0400614738,0.1300406456,inf,inf,inf,inf,inf,0.0400383472,0.0900144577,inf,inf,inf,inf,inf,inf,inf,1551
1779239125.4602296352,-0.0137723470,0.1026620343,0.0909641832,-0.0109817247,0.0858340788,0.0022985371,3.6419999599,nan,nan,nan,nan,nan,nan,nan,nan,nan,nan,nan,nan,nan,nan,nan,nan,nan,nan,0.0000000000,0.0000000000,0.0000000000,0.0000000000,0.0000000000,0.0617180876,nan,nan,nan,nan,nan,nan,nan,nan,nan,nan,nan,nan,nan,nan,nan,nan,nan,nan,nan,nan,nan,0.0000281334,0.1399924755,inf,inf,inf,inf,inf,0.0499901772,0.0000081062,inf,inf,inf,inf,inf,inf,inf,1551
1779239125.4702489376,-0.0137723470,0.1026620343,0.0909641832,-0.0109817247,0.0858340788,0.0022985371,3.6419999599,nan,nan,nan,nan,nan,nan,nan,nan,nan,nan,nan,nan,nan,nan,nan,nan,nan,nan,0.0000000000,0.0000000000,0.0000000000,0.0000000000,0.0000000000,0.0617180876,nan,nan,nan,nan,nan,nan,nan,nan,nan,nan,nan,nan,nan,nan,nan,nan,nan,nan,nan,nan,nan,0.0100474358,0.1500117779,inf,inf,inf,inf,inf,0.0600094795,0.0100274086,inf,inf,inf,inf,inf,inf,inf,1551
1779239125.4802308083,-0.0137723470,0.1026620343,0.0909641832,-0.0109817247,0.0858340788,0.0022985371,3.6419999599,nan,nan,nan,nan,nan,nan,nan,nan,nan,nan,nan,nan,nan,nan,nan,nan,nan,nan,0.0000000000,0.0000000000,0.0000000000,0.0000000000,0.0000000000,0.0617180876,nan,nan,nan,nan,nan,nan,nan,nan,nan,nan,nan,nan,nan,nan,nan,nan,nan,nan,nan,nan,nan,0.0200293064,0.1599936485,inf,inf,inf,inf,inf,0.0699913502,0.0200092793,inf,inf,inf,inf,inf,inf,inf,1551
1779239125.4902260303,-0.0137723470,0.1026620343,0.0909641832,-0.0109817247,0.0858340788,0.0022985371,3.6419999599,nan,nan,nan,nan,nan,nan,nan,nan,nan,nan,nan,nan,nan,nan,nan,nan,nan,nan,0.0000000000,0.0000000000,0.0000000000,0.0000000000,0.0000000000,0.0617180876,nan,nan,nan,nan,nan,nan,nan,nan,nan,nan,nan,nan,nan,nan,nan,nan,nan,nan,nan,nan,nan,0.0300245285,0.1699888706,inf,inf,inf,inf,inf,0.0799865723,0.0300045013,inf,inf,inf,inf,inf,inf,inf,1551
1779239125.5002617836,-0.0137723470,0.1026620343,0.0909641832,-0.0109817247,0.0858340788,0.0022985371,3.6419999599,nan,nan,nan,nan,nan,nan,nan,nan,nan,nan,nan,nan,nan,nan,nan,nan,nan,nan,0.0000000000,0.0000000000,0.0000000000,0.0000000000,0.0000000000,0.0617180876,nan,nan,nan,nan,nan,nan,nan,nan,nan,nan,nan,nan,nan,nan,nan,nan,nan,nan,nan,nan,nan,0.0400602818,0.1800246239,inf,inf,inf,inf,inf,0.0900223255,0.0400402546,inf,inf,inf,inf,inf,inf,inf,1551
1779239125.5102455616,-0.0150362113,0.1025431082,0.0909309983,-0.0109817247,0.0858340788,0.0022985371,3.6419999599,nan,nan,nan,nan,nan,nan,nan,nan,nan,nan,nan,nan,nan,nan,nan,nan,nan,nan,0.0000000000,0.0000000000,0.0000000000,0.0000000000,0.0000000000,0.0617180876,nan,nan,nan,nan,nan,nan,nan,nan,nan,nan,nan,nan,nan,nan,nan,nan,nan,nan,nan,nan,nan,0.0000231266,0.1900084019,inf,inf,inf,inf,inf,0.0000066757,0.0500240326,inf,inf,inf,inf,inf,inf,inf,1551
1779239125.5202629566,-0.0150362113,0.1025431082,0.0909309983,-0.0109817247,0.0858340788,0.0022985371,3.6419999599,nan,nan,nan,nan,nan,nan,nan,nan,nan,nan,nan,nan,nan,nan,nan,nan,nan,nan,0.0000000000,0.0000000000,0.0000000000,0.0000000000,0.0000000000,0.0617180876,nan,nan,nan,nan,nan,nan,nan,nan,nan,nan,nan,nan,nan,nan,nan,nan,nan,nan,nan,nan,nan,0.0100405216,0.2000257969,inf,inf,inf,inf,inf,0.0100240707,0.0600414276,inf,inf,inf,inf,inf,inf,inf,1551
1779239125.5302212238,-0.0150362113,0.1025431082,0.0909309983,-0.0109817247,0.0858340788,0.0022985371,3.6419999599,nan,nan,nan,nan,nan,nan,nan,nan,nan,nan,nan,nan,nan,nan,nan,nan,nan,nan,0.0000000000,0.0000000000,0.0000000000,0.0000000000,0.0000000000,0.0617180876,nan,nan,nan,nan,nan,nan,nan,nan,nan,nan,nan,nan,nan,nan,nan,nan,nan,nan,nan,nan,nan,0.0199987888,0.2099840641,inf,inf,inf,inf,inf,0.0199823380,0.0699996948,inf,inf,inf,inf,inf,inf,inf,1551
1779239125.5402183533,-0.0150362113,0.1025431082,0.0909309983,-0.0109817247,0.0858340788,0.0022985371,3.6419999599,nan,nan,nan,nan,nan,nan,nan,nan,nan,nan,nan,nan,nan,nan,nan,nan,nan,nan,0.0000000000,0.0000000000,0.0000000000,0.0000000000,0.0000000000,0.0617180876,nan,nan,nan,nan,nan,nan,nan,nan,nan,nan,nan,nan,nan,nan,nan,nan,nan,nan,nan,nan,nan,0.0299959183,0.2199811935,inf,inf,inf,inf,inf,0.0299794674,0.0799968243,inf,inf,inf,inf,inf,inf,inf,1551
1779239125.5502402782,-0.0150362113,0.1025431082,0.0909309983,-0.0109817247,0.0858340788,0.0022985371,3.6419999599,nan,nan,nan,nan,nan,nan,nan,nan,nan,nan,nan,nan,nan,nan,nan,nan,nan,nan,0.0000000000,0.0000000000,0.0000000000,0.0000000000,0.0000000000,0.0617180876,nan,nan,nan,nan,nan,nan,nan,nan,nan,nan,nan,nan,nan,nan,nan,nan,nan,nan,nan,nan,nan,0.0400178432,0.2300031185,inf,inf,inf,inf,inf,0.0400013924,0.0900187492,inf,inf,inf,inf,inf,inf,inf,1551
1779239125.5602278709,-0.0165014546,0.1024181917,0.0908576101,-0.0109817247,0.0858340788,0.0022985371,3.6419999599,nan,nan,nan,nan,nan,nan,nan,nan,nan,nan,nan,nan,nan,nan,nan,nan,nan,nan,0.0000000000,0.0000000000,0.0000000000,0.0000000000,0.0000000000,0.0634728745,nan,nan,nan,nan,nan,nan,nan,nan,nan,nan,nan,nan,nan,nan,nan,nan,nan,nan,nan,nan,nan,0.0000314713,0.2399907112,inf,inf,inf,inf,inf,0.0499889851,0.0000104904,inf,inf,inf,inf,inf,inf,inf,1551
1779239125.5702235699,-0.0165014546,0.1024181917,0.0908576101,-0.0109817247,0.0858340788,0.0022985371,3.6419999599,nan,nan,nan,nan,nan,nan,nan,nan,nan,nan,nan,nan,nan,nan,nan,nan,nan,nan,0.0000000000,0.0000000000,0.0000000000,0.0000000000,0.0000000000,0.0634728745,nan,nan,nan,nan,nan,nan,nan,nan,nan,nan,nan,nan,nan,nan,nan,nan,nan,nan,nan,nan,nan,0.0100271702,0.2499864101,inf,inf,inf,inf,inf,0.0599846840,0.0100061893,inf,inf,inf,inf,inf,inf,inf,1551
1779239125.5802457333,-0.0165014546,0.1024181917,0.0908576101,-0.0109817247,0.0858340788,0.0022985371,3.6419999599,nan,nan,nan,nan,nan,nan,nan,nan,nan,nan,nan,nan,nan,nan,nan,nan,nan,nan,0.0000000000,0.0000000000,0.0000000000,0.0000000000,0.0000000000,0.0634728745,nan,nan,nan,nan,nan,nan,nan,nan,nan,nan,nan,nan,nan,nan,nan,nan,nan,nan,nan,nan,nan,0.0200493336,0.2600085735,inf,inf,inf,inf,inf,0.0700068474,0.0200283527,inf,inf,inf,inf,inf,inf,inf,1551
1779239125.5902643204,-0.0165014546,0.1024181917,0.0908576101,-0.0109817247,0.0858340788,0.0022985371,3.6419999599,nan,nan,nan,nan,nan,nan,nan,nan,nan,nan,nan,nan,nan,nan,nan,nan,nan,nan,0.0000000000,0.0000000000,0.0000000000,0.0000000000,0.0000000000,0.0634728745,nan,nan,nan,nan,nan,nan,nan,nan,nan,nan,nan,nan,nan,nan,nan,nan,nan,nan,nan,nan,nan,0.0300679207,0.2700271606,inf,inf,inf,inf,inf,0.0800254345,0.0300469398,inf,inf,inf,inf,inf,inf,inf,1551
1779239125.6002576351,-0.0165014546,0.1024181917,0.0908576101,-0.0109817247,0.0858340788,0.0022985371,3.6419999599,nan,nan,nan,nan,nan,nan,nan,nan,nan,nan,nan,nan,nan,nan,nan,nan,nan,nan,0.0000000000,0.0000000000,0.0000000000,0.0000000000,0.0000000000,0.0634728745,nan,nan,nan,nan,nan,nan,nan,nan,nan,nan,nan,nan,nan,nan,nan,nan,nan,nan,nan,nan,nan,0.0400612354,0.2800204754,inf,inf,inf,inf,inf,0.0900187492,0.0400402546,inf,inf,inf,inf,inf,inf,inf,1551
1779239125.6102280617,-0.0181943458,0.1022683308,0.0907820016,-0.0109817247,0.0858340788,0.0022985371,3.6419999599,nan,nan,nan,nan,nan,nan,nan,nan,nan,nan,nan,nan,nan,nan,nan,nan,nan,nan,0.0000000000,0.0000000000,0.0000000000,0.0000000000,0.0000000000,0.0634728745,nan,nan,nan,nan,nan,nan,nan,nan,nan,nan,nan,nan,nan,nan,nan,nan,nan,nan,nan,nan,nan,0.0000276566,0.2899909019,inf,inf,inf,inf,inf,0.0000083447,0.0500106812,inf,inf,inf,inf,inf,inf,inf,1551
1779239125.6202793121,-0.0181943458,0.1022683308,0.0907820016,-0.0109817247,0.0858340788,0.0022985371,3.6419999599,nan,nan,nan,nan,nan,nan,nan,nan,nan,nan,nan,nan,nan,nan,nan,nan,nan,nan,0.0000000000,0.0000000000,0.0000000000,0.0000000000,0.0000000000,0.0634728745,nan,nan,nan,nan,nan,nan,nan,nan,nan,nan,nan,nan,nan,nan,nan,nan,nan,nan,nan,nan,nan,0.0100789070,0.3000421524,inf,inf,inf,inf,inf,0.0100595951,0.0600619316,inf,inf,inf,inf,inf,inf,inf,1551
1779239125.6302256584,-0.0181943458,0.1022683308,0.0907820016,-0.0109817247,0.0858340788,0.0022985371,3.6419999599,nan,nan,nan,nan,nan,nan,nan,nan,nan,nan,nan,nan,nan,nan,nan,nan,nan,nan,0.0000000000,0.0000000000,0.0000000000,0.0000000000,0.0000000000,0.0634728745,nan,nan,nan,nan,nan,nan,nan,nan,nan,nan,nan,nan,nan,nan,nan,nan,nan,nan,nan,nan,nan,0.0200252533,0.3099884987,inf,inf,inf,inf,inf,0.0200059414,0.0700082779,inf,inf,inf,inf,inf,inf,inf,1551
1779239125.6402285099,-0.0181943458,0.1022683308,0.0907820016,-0.0109817247,0.0858340788,0.0022985371,3.6419999599,nan,nan,nan,nan,nan,nan,nan,nan,nan,nan,nan,nan,nan,nan,nan,nan,nan,nan,0.0000000000,0.0000000000,0.0000000000,0.0000000000,0.0000000000,0.0634728745,nan,nan,nan,nan,nan,nan,nan,nan,nan,nan,nan,nan,nan,nan,nan,nan,nan,nan,nan,nan,nan,0.0300281048,0.3199913502,inf,inf,inf,inf,inf,0.0300087929,0.0800111294,inf,inf,inf,inf,inf,inf,inf,1551
1779239125.6502244473,-0.0181943458,0.1022683308,0.0907820016,-0.0109817247,0.0858340788,0.0022985371,3.6419999599,nan,nan,nan,nan,nan,nan,nan,nan,nan,nan,nan,nan,nan,nan,nan,nan,nan,nan,0.0000000000,0.0000000000,0.0000000000,0.0000000000,0.0000000000,0.0634728745,nan,nan,nan,nan,nan,nan,nan,nan,nan,nan,nan,nan,nan,nan,nan,nan,nan,nan,nan,nan,nan,0.0400240421,0.3299872875,inf,inf,inf,inf,inf,0.0400047302,0.0900070667,inf,inf,inf,inf,inf,inf,inf,1551
1779239125.6602253914,-0.0201007500,0.1020647660,0.0906929299,-0.0109817247,0.0858340788,0.0022985371,3.6419999599,nan,nan,nan,nan,nan,nan,nan,nan,nan,nan,nan,nan,nan,nan,nan,nan,nan,nan,0.0000000000,0.0000000000,0.0000000000,0.0000000000,0.0000000000,0.0634289533,nan,nan,nan,nan,nan,nan,nan,nan,nan,nan,nan,nan,nan,nan,nan,nan,nan,nan,nan,nan,nan,0.0000283718,0.3399882317,inf,inf,inf,inf,inf,0.0500056744,0.0000088215,inf,inf,inf,inf,inf,inf,inf,1551
1779239125.6702260971,-0.0201007500,0.1020647660,0.0906929299,-0.0109817247,0.0858340788,0.0022985371,3.6419999599,nan,nan,nan,nan,nan,nan,nan,nan,nan,nan,nan,nan,nan,nan,nan,nan,nan,nan,0.0000000000,0.0000000000,0.0000000000,0.0000000000,0.0000000000,0.0634289533,nan,nan,nan,nan,nan,nan,nan,nan,nan,nan,nan,nan,nan,nan,nan,nan,nan,nan,nan,nan,nan,0.0100290775,0.3499889374,inf,inf,inf,inf,inf,0.0600063801,0.0100095272,inf,inf,inf,inf,inf,inf,inf,1551
1779239125.6802442074,-0.0201007500,0.1020647660,0.0906929299,-0.0109817247,0.0858340788,0.0022985371,3.6419999599,nan,nan,nan,nan,nan,nan,nan,nan,nan,nan,nan,nan,nan,nan,nan,nan,nan,nan,0.0000000000,0.0000000000,0.0000000000,0.0000000000,0.0000000000,0.0634289533,nan,nan,nan,nan,nan,nan,nan,nan,nan,nan,nan,nan,nan,nan,nan,nan,nan,nan,nan,nan,nan,0.0200471878,0.3600070477,inf,inf,inf,inf,inf,0.0700244904,0.0200276375,inf,inf,inf,inf,inf,inf,inf,1551
1779239125.6902544498,-0.0201007500,0.1020647660,0.0906929299,-0.0109817247,0.0858340788,0.0022985371,3.6419999599,nan,nan,nan,nan,nan,nan,nan,nan,nan,nan,nan,nan,nan,nan,nan,nan,nan,nan,0.0000000000,0.0000000000,0.0000000000,0.0000000000,0.0000000000,0.0634289533,nan,nan,nan,nan,nan,nan,nan,nan,nan,nan,nan,nan,nan,nan,nan,nan,nan,nan,nan,nan,nan,0.0300574303,0.3700172901,inf,inf,inf,inf,inf,0.0800347328,0.0300378799,inf,inf,inf,inf,inf,inf,inf,1551
1779239125.7002327442,-0.0201007500,0.1020647660,0.0906929299,-0.0109817247,0.0858340788,0.0022985371,3.6419999599,nan,nan,nan,nan,nan,nan,nan,nan,nan,nan,nan,nan,nan,nan,nan,nan,nan,nan,0.0000000000,0.0000000000,0.0000000000,0.0000000000,0.0000000000,0.0634289533,nan,nan,nan,nan,nan,nan,nan,nan,nan,nan,nan,nan,nan,nan,nan,nan,nan,nan,nan,nan,nan,0.0400357246,0.3799955845,inf,inf,inf,inf,inf,0.0900130272,0.0400161743,inf,inf,inf,inf,inf,inf,inf,1551
1779239125.7102427483,-0.0222406611,0.1018373519,0.0905799344,-0.0109817247,0.0858340788,0.0022985371,3.6419999599,nan,nan,nan,nan,nan,nan,nan,nan,nan,nan,nan,nan,nan,nan,nan,nan,nan,nan,0.0000000000,0.0000000000,0.0000000000,0.0000000000,0.0000000000,0.0634289533,nan,nan,nan,nan,nan,nan,nan,nan,nan,nan,nan,nan,nan,nan,nan,nan,nan,nan,nan,nan,nan,0.0000345707,0.3900055885,inf,inf,inf,inf,inf,0.0000092983,0.0500261784,inf,inf,inf,inf,inf,inf,inf,1551
1779239125.7202546597,-0.0222406611,0.1018373519,0.0905799344,-0.0109817247,0.0858340788,0.0022985371,3.6419999599,nan,nan,nan,nan,nan,nan,nan,nan,nan,nan,nan,nan,nan,nan,nan,nan,nan,nan,0.0000000000,0.0000000000,0.0000000000,0.0000000000,0.0000000000,0.0634289533,nan,nan,nan,nan,nan,nan,nan,nan,nan,nan,nan,nan,nan,nan,nan,nan,nan,nan,nan,nan,nan,0.0100464821,0.4000174999,inf,inf,inf,inf,inf,0.0100212097,0.0600380898,inf,inf,inf,inf,inf,inf,inf,1551
1779239125.7302699089,-0.0222406611,0.1018373519,0.0905799344,-0.0109817247,0.0858340788,0.0022985371,3.6419999599,nan,nan,nan,nan,nan,nan,nan,nan,nan,nan,nan,nan,nan,nan,nan,nan,nan,nan,0.0000000000,0.0000000000,0.0000000000,0.0000000000,0.0000000000,0.0634289533,nan,nan,nan,nan,nan,nan,nan,nan,nan,nan,nan,nan,nan,nan,nan,nan,nan,nan,nan,nan,nan,0.0200617313,0.4100327492,inf,inf,inf,inf,inf,0.0200364590,0.0700533390,inf,inf,inf,inf,inf,inf,inf,1551
1779239125.7402312756,-0.0222406611,0.1018373519,0.0905799344,-0.0109817247,0.0858340788,0.0022985371,3.6419999599,nan,nan,nan,nan,nan,nan,nan,nan,nan,nan,nan,nan,nan,nan,nan,nan,nan,nan,0.0000000000,0.0000000000,0.0000000000,0.0000000000,0.0000000000,0.0634289533,nan,nan,nan,nan,nan,nan,nan,nan,nan,nan,nan,nan,nan,nan,nan,nan,nan,nan,nan,nan,nan,0.0300230980,0.4199941158,inf,inf,inf,inf,inf,0.0299978256,0.0800147057,inf,inf,inf,inf,inf,inf,inf,1551
1779239125.7502713203,-0.0222406611,0.1018373519,0.0905799344,-0.0109817247,0.0858340788,0.0022985371,3.6419999599,nan,nan,nan,nan,nan,nan,nan,nan,nan,nan,nan,nan,nan,nan,nan,nan,nan,nan,0.0000000000,0.0000000000,0.0000000000,0.0000000000,0.0000000000,0.0634289533,nan,nan,nan,nan,nan,nan,nan,nan,nan,nan,nan,nan,nan,nan,nan,nan,nan,nan,nan,nan,nan,0.0400631428,0.4300341606,inf,inf,inf,inf,inf,0.0400378704,0.0900547504,inf,inf,inf,inf,inf,inf,inf,1551
1779239125.7602167130,-0.0103195133,0.1029669419,0.0909934863,-0.0109817247,0.0858340788,0.0022985371,3.6419999599,nan,nan,nan,nan,nan,nan,nan,nan,nan,nan,nan,nan,nan,nan,nan,nan,nan,nan,0.0000000000,0.0000000000,0.0000000000,0.0000000000,0.0000000000,0.0614597201,nan,nan,nan,nan,nan,nan,nan,nan,nan,nan,nan,nan,nan,nan,nan,nan,nan,nan,nan,nan,nan,0.0000226498,0.4399795532,inf,inf,inf,inf,inf,0.0499832630,0.0000066757,inf,inf,inf,inf,inf,inf,inf,1551
1779239125.7702267170,-0.0103195133,0.1029669419,0.0909934863,-0.0109817247,0.0858340788,0.0022985371,3.6419999599,nan,nan,nan,nan,nan,nan,nan,nan,nan,nan,nan,nan,nan,nan,nan,nan,nan,nan,0.0000000000,0.0000000000,0.0000000000,0.0000000000,0.0000000000,0.0614597201,nan,nan,nan,nan,nan,nan,nan,nan,nan,nan,nan,nan,nan,nan,nan,nan,nan,nan,nan,nan,nan,0.0100326538,0.4499895573,inf,inf,inf,inf,inf,0.0599932671,0.0100166798,inf,inf,inf,inf,inf,inf,inf,1551
1779239125.7802579403,-0.0103195133,0.1029669419,0.0909934863,-0.0109817247,0.0858340788,0.0022985371,3.6419999599,nan,nan,nan,nan,nan,nan,nan,nan,nan,nan,nan,nan,nan,nan,nan,nan,nan,nan,0.0000000000,0.0000000000,0.0000000000,0.0000000000,0.0000000000,0.0614597201,nan,nan,nan,nan,nan,nan,nan,nan,nan,nan,nan,nan,nan,nan,nan,nan,nan,nan,nan,nan,nan,0.0200638771,0.4600207806,inf,inf,inf,inf,inf,0.0700244904,0.0200479031,inf,inf,inf,inf,inf,inf,inf,1551
1779239125.7902553082,-0.0103195133,0.1029669419,0.0909934863,-0.0109817247,0.0858340788,0.0022985371,3.6419999599,nan,nan,nan,nan,nan,nan,nan,nan,nan,nan,nan,nan,nan,nan,nan,nan,nan,nan,0.0000000000,0.0000000000,0.0000000000,0.0000000000,0.0000000000,0.0614597201,nan,nan,nan,nan,nan,nan,nan,nan,nan,nan,nan,nan,nan,nan,nan,nan,nan,nan,nan,nan,nan,0.0300612450,0.4700181484,inf,inf,inf,inf,inf,0.0800218582,0.0300452709,inf,inf,inf,inf,inf,inf,inf,1551
1779239125.8002305031,-0.0103195133,0.1029669419,0.0909934863,-0.0109817247,0.0858340788,0.0022985371,3.6419999599,nan,nan,nan,nan,nan,nan,nan,nan,nan,nan,nan,nan,nan,nan,nan,nan,nan,nan,0.0000000000,0.0000000000,0.0000000000,0.0000000000,0.0000000000,0.0614597201,nan,nan,nan,nan,nan,nan,nan,nan,nan,nan,nan,nan,nan,nan,nan,nan,nan,nan,nan,nan,nan,0.0400364399,0.4799933434,inf,inf,inf,inf,inf,0.0899970531,0.0400204659,inf,inf,inf,inf,inf,inf,inf,1551
1779239125.8102159500,-0.0109964069,0.1028658450,0.0909419209,-0.0109817247,0.0858340788,0.0022985371,3.6419999599,nan,nan,nan,nan,nan,nan,nan,nan,nan,nan,nan,nan,nan,nan,nan,nan,nan,nan,0.0000000000,0.0000000000,0.0000000000,0.0000000000,0.0000000000,0.0614597201,nan,nan,nan,nan,nan,nan,nan,nan,nan,nan,nan,nan,nan,nan,nan,nan,nan,nan,nan,nan,nan,0.0000243187,0.4899787903,inf,inf,inf,inf,inf,0.0000073910,0.0500059128,inf,inf,inf,inf,inf,inf,inf,1551
1779239125.8202538490,-0.0109964069,0.1028658450,0.0909419209,-0.0109817247,0.0858340788,0.0022985371,3.6419999599,nan,nan,nan,nan,nan,nan,nan,nan,nan,nan,nan,nan,nan,nan,nan,nan,nan,nan,0.0000000000,0.0000000000,0.0000000000,0.0000000000,0.0000000000,0.0614597201,nan,nan,nan,nan,nan,nan,nan,nan,nan,nan,nan,nan,nan,nan,nan,nan,nan,nan,nan,nan,nan,0.0100622177,0.5000166893,inf,inf,inf,inf,inf,0.0100452900,0.0600438118,inf,inf,inf,inf,inf,inf,inf,1551
1779239125.8303389549,-0.0109964069,0.1028658450,0.0909419209,-0.0109817247,0.0858340788,0.0022985371,3.6419999599,nan,nan,nan,nan,nan,nan,nan,nan,nan,nan,nan,nan,nan,nan,nan,nan,nan,nan,0.0000000000,0.0000000000,0.0000000000,0.0000000000,0.0000000000,0.0614597201,nan,nan,nan,nan,nan,nan,nan,nan,nan,nan,nan,nan,nan,nan,nan,nan,nan,nan,nan,nan,nan,0.0201473236,0.5101017952,inf,inf,inf,inf,inf,0.0201303959,0.0701289177,inf,inf,inf,inf,inf,inf,inf,1551
1779239125.8402802944,-0.0109964069,0.1028658450,0.0909419209,-0.0109817247,0.0858340788,0.0022985371,3.6419999599,nan,nan,nan,nan,nan,nan,nan,nan,nan,nan,nan,nan,nan,nan,nan,nan,nan,nan,0.0000000000,0.0000000000,0.0000000000,0.0000000000,0.0000000000,0.0614597201,nan,nan,nan,nan,nan,nan,nan,nan,nan,nan,nan,nan,nan,nan,nan,nan,nan,nan,nan,nan,nan,0.0300886631,0.5200431347,inf,inf,inf,inf,inf,0.0300717354,0.0800702572,inf,inf,inf,inf,inf,inf,inf,1551
1779239125.8502309322,-0.0109964069,0.1028658450,0.0909419209,-0.0109817247,0.0858340788,0.0022985371,3.6419999599,nan,nan,nan,nan,nan,nan,nan,nan,nan,nan,nan,nan,nan,nan,nan,nan,nan,nan,0.0000000000,0.0000000000,0.0000000000,0.0000000000,0.0000000000,0.0614597201,nan,nan,nan,nan,nan,nan,nan,nan,nan,nan,nan,nan,nan,nan,nan,nan,nan,nan,nan,nan,nan,0.0400393009,0.5299937725,inf,inf,inf,inf,inf,0.0400223732,0.0900208950,inf,inf,inf,inf,inf,inf,inf,1551
1779239125.8602213860,-0.0109964069,0.1028658450,0.0909419209,-0.0109817247,0.0858340788,0.0022985371,3.6419999599,nan,nan,nan,nan,nan,nan,nan,nan,nan,nan,nan,nan,nan,nan,nan,nan,nan,nan,0.0000000000,0.0000000000,0.0000000000,0.0000000000,0.0000000000,0.0614597201,nan,nan,nan,nan,nan,nan,nan,nan,nan,nan,nan,nan,nan,nan,nan,nan,nan,nan,nan,nan,nan,0.0500297546,0.5399842262,inf,inf,inf,inf,inf,0.0500128269,0.1000113487,inf,inf,inf,inf,inf,inf,inf,1551
1779239125.8702540398,-0.0118173491,0.1027068496,0.0908871964,-0.0109817247,0.0858340788,0.0022985371,3.6419999599,nan,nan,nan,nan,nan,nan,nan,nan,nan,nan,nan,nan,nan,nan,nan,nan,nan,nan,0.0000000000,0.0000000000,0.0000000000,0.0000000000,0.0000000000,0.0647235289,nan,nan,nan,nan,nan,nan,nan,nan,nan,nan,nan,nan,nan,nan,nan,nan,nan,nan,nan,nan,nan,0.0000250340,0.5500168800,inf,inf,inf,inf,inf,0.0600454807,0.0000078678,inf,inf,inf,inf,inf,inf,inf,1551
1779239125.8802521229,-0.0118173491,0.1027068496,0.0908871964,-0.0109817247,0.0858340788,0.0022985371,3.6419999599,nan,nan,nan,nan,nan,nan,nan,nan,nan,nan,nan,nan,nan,nan,nan,nan,nan,nan,0.0000000000,0.0000000000,0.0000000000,0.0000000000,0.0000000000,0.0647235289,nan,nan,nan,nan,nan,nan,nan,nan,nan,nan,nan,nan,nan,nan,nan,nan,nan,nan,nan,nan,nan,0.0100231171,0.5600149632,inf,inf,inf,inf,inf,0.0700435638,0.0100059509,inf,inf,inf,inf,inf,inf,inf,1551
1779239125.8902359009,-0.0118173491,0.1027068496,0.0908871964,-0.0109817247,0.0858340788,0.0022985371,3.6419999599,nan,nan,nan,nan,nan,nan,nan,nan,nan,nan,nan,nan,nan,nan,nan,nan,nan,nan,0.0000000000,0.0000000000,0.0000000000,0.0000000000,0.0000000000,0.0647235289,nan,nan,nan,nan,nan,nan,nan,nan,nan,nan,nan,nan,nan,nan,nan,nan,nan,nan,nan,nan,nan,0.0200068951,0.5699987411,inf,inf,inf,inf,inf,0.0800273418,0.0199897289,inf,inf,inf,inf,inf,inf,inf,1551
1779239125.9002444744,-0.0118173491,0.1027068496,0.0908871964,-0.0109817247,0.0858340788,0.0022985371,3.6419999599,nan,nan,nan,nan,nan,nan,nan,nan,nan,nan,nan,nan,nan,nan,nan,nan,nan,nan,0.0000000000,0.0000000000,0.0000000000,0.0000000000,0.0000000000,0.0647235289,nan,nan,nan,nan,nan,nan,nan,nan,nan,nan,nan,nan,nan,nan,nan,nan,nan,nan,nan,nan,nan,0.0300154686,0.5800073147,inf,inf,inf,inf,inf,0.0900359154,0.0299983025,inf,inf,inf,inf,inf,inf,inf,1551
1779239125.9102320671,-0.0109213870,0.1028392613,0.0909857079,-0.0109817247,0.0858340788,0.0022985371,3.6419999599,nan,nan,nan,nan,nan,nan,nan,nan,nan,nan,nan,nan,nan,nan,nan,nan,nan,nan,0.0000000000,0.0000000000,0.0000000000,0.0000000000,0.0000000000,0.0647235289,nan,nan,nan,nan,nan,nan,nan,nan,nan,nan,nan,nan,nan,nan,nan,nan,nan,nan,nan,nan,nan,0.0000288486,0.5899949074,inf,inf,inf,inf,inf,0.0000081062,0.0399858952,inf,inf,inf,inf,inf,inf,inf,1551
1779239125.9202699661,-0.0109213870,0.1028392613,0.0909857079,-0.0109817247,0.0858340788,0.0022985371,3.6419999599,nan,nan,nan,nan,nan,nan,nan,nan,nan,nan,nan,nan,nan,nan,nan,nan,nan,nan,0.0000000000,0.0000000000,0.0000000000,0.0000000000,0.0000000000,0.0647235289,nan,nan,nan,nan,nan,nan,nan,nan,nan,nan,nan,nan,nan,nan,nan,nan,nan,nan,nan,nan,nan,0.0100667477,0.6000328064,inf,inf,inf,inf,inf,0.0100460052,0.0500237942,inf,inf,inf,inf,inf,inf,inf,1551
1779239125.9302558899,-0.0109213870,0.1028392613,0.0909857079,-0.0109817247,0.0858340788,0.0022985371,3.6419999599,nan,nan,nan,nan,nan,nan,nan,nan,nan,nan,nan,nan,nan,nan,nan,nan,nan,nan,0.0000000000,0.0000000000,0.0000000000,0.0000000000,0.0000000000,0.0647235289,nan,nan,nan,nan,nan,nan,nan,nan,nan,nan,nan,nan,nan,nan,nan,nan,nan,nan,nan,nan,nan,0.0200526714,0.6100187302,inf,inf,inf,inf,inf,0.0200319290,0.0600097179,inf,inf,inf,inf,inf,inf,inf,1551
1779239125.9402432442,-0.0109213870,0.1028392613,0.0909857079,-0.0109817247,0.0858340788,0.0022985371,3.6419999599,nan,nan,nan,nan,nan,nan,nan,nan,nan,nan,nan,nan,nan,nan,nan,nan,nan,nan,0.0000000000,0.0000000000,0.0000000000,0.0000000000,0.0000000000,0.0647235289,nan,nan,nan,nan,nan,nan,nan,nan,nan,nan,nan,nan,nan,nan,nan,nan,nan,nan,nan,nan,nan,0.0300400257,0.6200060844,inf,inf,inf,inf,inf,0.0300192833,0.0699970722,inf,inf,inf,inf,inf,inf,inf,1551
1779239125.9502286911,-0.0109213870,0.1028392613,0.0909857079,-0.0109817247,0.0858340788,0.0022985371,3.6419999599,nan,nan,nan,nan,nan,nan,nan,nan,nan,nan,nan,nan,nan,nan,nan,nan,nan,nan,0.0000000000,0.0000000000,0.0000000000,0.0000000000,0.0000000000,0.0647235289,nan,nan,nan,nan,nan,nan,nan,nan,nan,nan,nan,nan,nan,nan,nan,nan,nan,nan,nan,nan,nan,0.0400254726,0.6299915314,inf,inf,inf,inf,inf,0.0400047302,0.0799825191,inf,inf,inf,inf,inf,inf,inf,1551
1779239125.9602582455,-0.0116003482,0.1027309299,0.0909942463,-0.0109817247,0.0858340788,0.0022985371,3.6419999599,nan,nan,nan,nan,nan,nan,nan,nan,nan,nan,nan,nan,nan,nan,nan,nan,nan,nan,0.0000000000,0.0000000000,0.0000000000,0.0000000000,0.0000000000,0.0689031258,nan,nan,nan,nan,nan,nan,nan,nan,nan,nan,nan,nan,nan,nan,nan,nan,nan,nan,nan,nan,nan,0.0000245571,0.6400210857,inf,inf,inf,inf,inf,0.0500342846,0.0000076294,inf,inf,inf,inf,inf,inf,inf,1551
1779239125.9702305794,-0.0116003482,0.1027309299,0.0909942463,-0.0109817247,0.0858340788,0.0022985371,3.6419999599,nan,nan,nan,nan,nan,nan,nan,nan,nan,nan,nan,nan,nan,nan,nan,nan,nan,nan,0.0000000000,0.0000000000,0.0000000000,0.0000000000,0.0000000000,0.0689031258,nan,nan,nan,nan,nan,nan,nan,nan,nan,nan,nan,nan,nan,nan,nan,nan,nan,nan,nan,nan,nan,0.0099968910,0.6499934196,inf,inf,inf,inf,inf,0.0600066185,0.0099799633,inf,inf,inf,inf,inf,inf,inf,1551
1779239125.9802258015,-0.0116003482,0.1027309299,0.0909942463,-0.0109817247,0.0858340788,0.0022985371,3.6419999599,nan,nan,nan,nan,nan,nan,nan,nan,nan,nan,nan,nan,nan,nan,nan,nan,nan,nan,0.0000000000,0.0000000000,0.0000000000,0.0000000000,0.0000000000,0.0689031258,nan,nan,nan,nan,nan,nan,nan,nan,nan,nan,nan,nan,nan,nan,nan,nan,nan,nan,nan,nan,nan,0.0199921131,0.6599886417,inf,inf,inf,inf,inf,0.0700018406,0.0199751854,inf,inf,inf,inf,inf,inf,inf,1551
1779239125.9902243614,-0.0116003482,0.1027309299,0.0909942463,-0.0109817247,0.0858340788,0.0022985371,3.6419999599,nan,nan,nan,nan,nan,nan,nan,nan,nan,nan,nan,nan,nan,nan,nan,nan,nan,nan,0.0000000000,0.0000000000,0.0000000000,0.0000000000,0.0000000000,0.0689031258,nan,nan,nan,nan,nan,nan,nan,nan,nan,nan,nan,nan,nan,nan,nan,nan,nan,nan,nan,nan,nan,0.0299906731,0.6699872017,inf,inf,inf,inf,inf,0.0800004005,0.0299737453,inf,inf,inf,inf,inf,inf,inf,1551
1779239126.0002601147,-0.0116003482,0.1027309299,0.0909942463,-0.0109817247,0.0858340788,0.0022985371,3.6419999599,nan,nan,nan,nan,nan,nan,nan,nan,nan,nan,nan,nan,nan,nan,nan,nan,nan,nan,0.0000000000,0.0000000000,0.0000000000,0.0000000000,0.0000000000,0.0689031258,nan,nan,nan,nan,nan,nan,nan,nan,nan,nan,nan,nan,nan,nan,nan,nan,nan,nan,nan,nan,nan,0.0400264263,0.6800229549,inf,inf,inf,inf,inf,0.0900361538,0.0400094986,inf,inf,inf,inf,inf,inf,inf,1551
1779239126.0102388859,-0.0124292681,0.1026339680,0.0909716487,-0.0109817247,0.0858340788,0.0022985371,3.6419999599,nan,nan,nan,nan,nan,nan,nan,nan,nan,nan,nan,nan,nan,nan,nan,nan,nan,nan,0.0000000000,0.0000000000,0.0000000000,0.0000000000,0.0000000000,0.0689031258,nan,nan,nan,nan,nan,nan,nan,nan,nan,nan,nan,nan,nan,nan,nan,nan,nan,nan,nan,nan,nan,0.0000236034,0.6900017262,inf,inf,inf,inf,inf,0.0000071526,0.0499882698,inf,inf,inf,inf,inf,inf,inf,1551
1779239126.0202553272,-0.0124292681,0.1026339680,0.0909716487,-0.0109817247,0.0858340788,0.0022985371,3.6419999599,nan,nan,nan,nan,nan,nan,nan,nan,nan,nan,nan,nan,nan,nan,nan,nan,nan,nan,0.0000000000,0.0000000000,0.0000000000,0.0000000000,0.0000000000,0.0689031258,nan,nan,nan,nan,nan,nan,nan,nan,nan,nan,nan,nan,nan,nan,nan,nan,nan,nan,nan,nan,nan,0.0100400448,0.7000181675,inf,inf,inf,inf,inf,0.0100235939,0.0600047112,inf,inf,inf,inf,inf,inf,inf,1551
1779239126.0302405357,-0.0124292681,0.1026339680,0.0909716487,-0.0109817247,0.0858340788,0.0022985371,3.6419999599,nan,nan,nan,nan,nan,nan,nan,nan,nan,nan,nan,nan,nan,nan,nan,nan,nan,nan,0.0000000000,0.0000000000,0.0000000000,0.0000000000,0.0000000000,0.0689031258,nan,nan,nan,nan,nan,nan,nan,nan,nan,nan,nan,nan,nan,nan,nan,nan,nan,nan,nan,nan,nan,0.0200252533,0.7100033760,inf,inf,inf,inf,inf,0.0200088024,0.0699899197,inf,inf,inf,inf,inf,inf,inf,1551
1779239126.0402629375,-0.0124292681,0.1026339680,0.0909716487,-0.0109817247,0.0858340788,0.0022985371,3.6419999599,nan,nan,nan,nan,nan,nan,nan,nan,nan,nan,nan,nan,nan,nan,nan,nan,nan,nan,0.0000000000,0.0000000000,0.0000000000,0.0000000000,0.0000000000,0.0689031258,nan,nan,nan,nan,nan,nan,nan,nan,nan,nan,nan,nan,nan,nan,nan,nan,nan,nan,nan,nan,nan,0.0300476551,0.7200257778,inf,inf,inf,inf,inf,0.0300312042,0.0800123215,inf,inf,inf,inf,inf,inf,inf,1551
1779239126.0503096581,-0.0124292681,0.1026339680,0.0909716487,-0.0109817247,0.0858340788,0.0022985371,3.6419999599,nan,nan,nan,nan,nan,nan,nan,nan,nan,nan,nan,nan,nan,nan,nan,nan,nan,nan,0.0000000000,0.0000000000,0.0000000000,0.0000000000,0.0000000000,0.0689031258,nan,nan,nan,nan,nan,nan,nan,nan,nan,nan,nan,nan,nan,nan,nan,nan,nan,nan,nan,nan,nan,0.0400943756,0.7300724983,inf,inf,inf,inf,inf,0.0400779247,0.0900590420,inf,inf,inf,inf,inf,inf,inf,1551
1779239126.0602424145,-0.0104116676,0.1029428765,0.0910080671,-0.0109817247,0.0858340788,0.0022985371,3.6419999599,nan,nan,nan,nan,nan,nan,nan,nan,nan,nan,nan,nan,nan,nan,nan,nan,nan,nan,0.0000000000,0.0000000000,0.0000000000,0.0000000000,0.0000000000,0.0719962493,nan,nan,nan,nan,nan,nan,nan,nan,nan,nan,nan,nan,nan,nan,nan,nan,nan,nan,nan,nan,nan,0.0000293255,0.7400052547,inf,inf,inf,inf,inf,0.0500106812,0.0000085831,inf,inf,inf,inf,inf,inf,inf,1551
1779239126.0702528954,-0.0104116676,0.1029428765,0.0910080671,-0.0109817247,0.0858340788,0.0022985371,3.6419999599,nan,nan,nan,nan,nan,nan,nan,nan,nan,nan,nan,nan,nan,nan,nan,nan,nan,nan,0.0000000000,0.0000000000,0.0000000000,0.0000000000,0.0000000000,0.0719962493,nan,nan,nan,nan,nan,nan,nan,nan,nan,nan,nan,nan,nan,nan,nan,nan,nan,nan,nan,nan,nan,0.0100398064,0.7500157356,inf,inf,inf,inf,inf,0.0600211620,0.0100190639,inf,inf,inf,inf,inf,inf,inf,1551
1779239126.0802836418,-0.0104116676,0.1029428765,0.0910080671,-0.0109817247,0.0858340788,0.0022985371,3.6419999599,nan,nan,nan,nan,nan,nan,nan,nan,nan,nan,nan,nan,nan,nan,nan,nan,nan,nan,0.0000000000,0.0000000000,0.0000000000,0.0000000000,0.0000000000,0.0719962493,nan,nan,nan,nan,nan,nan,nan,nan,nan,nan,nan,nan,nan,nan,nan,nan,nan,nan,nan,nan,nan,0.0200705528,0.7600464821,inf,inf,inf,inf,inf,0.0700519085,0.0200498104,inf,inf,inf,inf,inf,inf,inf,1551
1779239126.0902571678,-0.0104116676,0.1029428765,0.0910080671,-0.0109817247,0.0858340788,0.0022985371,3.6419999599,nan,nan,nan,nan,nan,nan,nan,nan,nan,nan,nan,nan,nan,nan,nan,nan,nan,nan,0.0000000000,0.0000000000,0.0000000000,0.0000000000,0.0000000000,0.0719962493,nan,nan,nan,nan,nan,nan,nan,nan,nan,nan,nan,nan,nan,nan,nan,nan,nan,nan,nan,nan,nan,0.0300440788,0.7700200081,inf,inf,inf,inf,inf,0.0800254345,0.0300233364,inf,inf,inf,inf,inf,inf,inf,1551
1779239126.1002626419,-0.0104116676,0.1029428765,0.0910080671,-0.0109817247,0.0858340788,0.0022985371,3.6419999599,nan,nan,nan,nan,nan,nan,nan,nan,nan,nan,nan,nan,nan,nan,nan,nan,nan,nan,0.0000000000,0.0000000000,0.0000000000,0.0000000000,0.0000000000,0.0719962493,nan,nan,nan,nan,nan,nan,nan,nan,nan,nan,nan,nan,nan,nan,nan,nan,nan,nan,nan,nan,nan,0.0400495529,0.7800254822,inf,inf,inf,inf,inf,0.0900309086,0.0400288105,inf,inf,inf,inf,inf,inf,inf,1551
1779239126.1102402210,-0.0108450279,0.1029238626,0.0909996778,-0.0109817247,0.0858340788,0.0022985371,3.6419999599,nan,nan,nan,nan,nan,nan,nan,nan,nan,nan,nan,nan,nan,nan,nan,nan,nan,nan,0.0000000000,0.0000000000,0.0000000000,0.0000000000,0.0000000000,0.0719962493,nan,nan,nan,nan,nan,nan,nan,nan,nan,nan,nan,nan,nan,nan,nan,nan,nan,nan,nan,nan,nan,0.0000317097,0.7900030613,inf,inf,inf,inf,inf,0.0000085831,0.0500063896,inf,inf,inf,inf,inf,inf,inf,1551
1779239126.1202726364,-0.0108450279,0.1029238626,0.0909996778,-0.0109817247,0.0858340788,0.0022985371,3.6419999599,nan,nan,nan,nan,nan,nan,nan,nan,nan,nan,nan,nan,nan,nan,nan,nan,nan,nan,0.0000000000,0.0000000000,0.0000000000,0.0000000000,0.0000000000,0.0719962493,nan,nan,nan,nan,nan,nan,nan,nan,nan,nan,nan,nan,nan,nan,nan,nan,nan,nan,nan,nan,nan,0.0100641251,0.8000354767,inf,inf,inf,inf,inf,0.0100409985,0.0600388050,inf,inf,inf,inf,inf,inf,inf,1551
1779239126.1302697659,-0.0108450279,0.1029238626,0.0909996778,-0.0109817247,0.0858340788,0.0022985371,3.6419999599,nan,nan,nan,nan,nan,nan,nan,nan,nan,nan,nan,nan,nan,nan,nan,nan,nan,nan,0.0000000000,0.0000000000,0.0000000000,0.0000000000,0.0000000000,0.0719962493,nan,nan,nan,nan,nan,nan,nan,nan,nan,nan,nan,nan,nan,nan,nan,nan,nan,nan,nan,nan,nan,0.0200612545,0.8100326061,inf,inf,inf,inf,inf,0.0200381279,0.0700359344,inf,inf,inf,inf,inf,inf,inf,1551
1779239126.1402688026,-0.0108450279,0.1029238626,0.0909996778,-0.0109817247,0.0858340788,0.0022985371,3.6419999599,nan,nan,nan,nan,nan,nan,nan,nan,nan,nan,nan,nan,nan,nan,nan,nan,nan,nan,0.0000000000,0.0000000000,0.0000000000,0.0000000000,0.0000000000,0.0719962493,nan,nan,nan,nan,nan,nan,nan,nan,nan,nan,nan,nan,nan,nan,nan,nan,nan,nan,nan,nan,nan,0.0300602913,0.8200316429,inf,inf,inf,inf,inf,0.0300371647,0.0800349712,inf,inf,inf,inf,inf,inf,inf,1551
1779239126.1502678394,-0.0108450279,0.1029238626,0.0909996778,-0.0109817247,0.0858340788,0.0022985371,3.6419999599,nan,nan,nan,nan,nan,nan,nan,nan,nan,nan,nan,nan,nan,nan,nan,nan,nan,nan,0.0000000000,0.0000000000,0.0000000000,0.0000000000,0.0000000000,0.0719962493,nan,nan,nan,nan,nan,nan,nan,nan,nan,nan,nan,nan,nan,nan,nan,nan,nan,nan,nan,nan,nan,0.0400593281,0.8300306797,inf,inf,inf,inf,inf,0.0400362015,0.0900340080,inf,inf,inf,inf,inf,inf,inf,1551
1779239126.1603221893,-0.0108450279,0.1029238626,0.0909996778,-0.0109817247,0.0858340788,0.0022985371,3.6419999599,nan,nan,nan,nan,nan,nan,nan,nan,nan,nan,nan,nan,nan,nan,nan,nan,nan,nan,0.0000000000,0.0000000000,0.0000000000,0.0000000000,0.0000000000,0.0720630214,nan,nan,nan,nan,nan,nan,nan,nan,nan,nan,nan,nan,nan,nan,nan,nan,nan,nan,nan,nan,nan,0.0501136780,0.8400850296,inf,inf,inf,inf,inf,0.0500905514,0.0000205040,inf,inf,inf,inf,inf,inf,inf,1551
1779239126.1703152657,-0.0114099262,0.1028872132,0.0909811035,-0.0109817247,0.0858340788,0.0022985371,3.6419999599,nan,nan,nan,nan,nan,nan,nan,nan,nan,nan,nan,nan,nan,nan,nan,nan,nan,nan,0.0000000000,0.0000000000,0.0000000000,0.0000000000,0.0000000000,0.0720630214,nan,nan,nan,nan,nan,nan,nan,nan,nan,nan,nan,nan,nan,nan,nan,nan,nan,nan,nan,nan,nan,0.0000214577,0.8500781059,inf,inf,inf,inf,inf,0.0600836277,0.0100135803,inf,inf,inf,inf,inf,inf,inf,1551
1779239126.1803004742,-0.0114099262,0.1028872132,0.0909811035,-0.0109817247,0.0858340788,0.0022985371,3.6419999599,nan,nan,nan,nan,nan,nan,nan,nan,nan,nan,nan,nan,nan,nan,nan,nan,nan,nan,0.0000000000,0.0000000000,0.0000000000,0.0000000000,0.0000000000,0.0720630214,nan,nan,nan,nan,nan,nan,nan,nan,nan,nan,nan,nan,nan,nan,nan,nan,nan,nan,nan,nan,nan,0.0100066662,0.8600633144,inf,inf,inf,inf,inf,0.0700688362,0.0199987888,inf,inf,inf,inf,inf,inf,inf,1551
1779239126.1903221607,-0.0114099262,0.1028872132,0.0909811035,-0.0109817247,0.0858340788,0.0022985371,3.6419999599,nan,nan,nan,nan,nan,nan,nan,nan,nan,nan,nan,nan,nan,nan,nan,nan,nan,nan,0.0000000000,0.0000000000,0.0000000000,0.0000000000,0.0000000000,0.0720630214,nan,nan,nan,nan,nan,nan,nan,nan,nan,nan,nan,nan,nan,nan,nan,nan,nan,nan,nan,nan,nan,0.0200283527,0.8700850010,inf,inf,inf,inf,inf,0.0800905228,0.0300204754,inf,inf,inf,inf,inf,inf,inf,1551
1779239126.2002842426,-0.0114099262,0.1028872132,0.0909811035,-0.0109817247,0.0858340788,0.0022985371,3.6419999599,nan,nan,nan,nan,nan,nan,nan,nan,nan,nan,nan,nan,nan,nan,nan,nan,nan,nan,0.0000000000,0.0000000000,0.0000000000,0.0000000000,0.0000000000,0.0720630214,nan,nan,nan,nan,nan,nan,nan,nan,nan,nan,nan,nan,nan,nan,nan,nan,nan,nan,nan,nan,nan,0.0299904346,0.8800470829,inf,inf,inf,inf,inf,0.0900526047,0.0399825573,inf,inf,inf,inf,inf,inf,inf,1551
1779239126.2103676796,-0.0121046249,0.1028137505,0.0909652859,-0.0109817247,0.0858340788,0.0022985371,3.6419999599,nan,nan,nan,nan,nan,nan,nan,nan,nan,nan,nan,nan,nan,nan,nan,nan,nan,nan,0.0000000000,0.0000000000,0.0000000000,0.0000000000,0.0000000000,0.0720630214,nan,nan,nan,nan,nan,nan,nan,nan,nan,nan,nan,nan,nan,nan,nan,nan,nan,nan,nan,nan,nan,0.0000896454,0.8901305199,inf,inf,inf,inf,inf,0.0000495911,0.0500659943,inf,inf,inf,inf,inf,inf,inf,1551
1779239126.2202992439,-0.0121046249,0.1028137505,0.0909652859,-0.0109817247,0.0858340788,0.0022985371,3.6419999599,nan,nan,nan,nan,nan,nan,nan,nan,nan,nan,nan,nan,nan,nan,nan,nan,nan,nan,0.0000000000,0.0000000000,0.0000000000,0.0000000000,0.0000000000,0.0720630214,nan,nan,nan,nan,nan,nan,nan,nan,nan,nan,nan,nan,nan,nan,nan,nan,nan,nan,nan,nan,nan,0.0100212097,0.9000620842,inf,inf,inf,inf,inf,0.0099811554,0.0599975586,inf,inf,inf,inf,inf,inf,inf,1551
1779239126.2303376198,-0.0121046249,0.1028137505,0.0909652859,-0.0109817247,0.0858340788,0.0022985371,3.6419999599,nan,nan,nan,nan,nan,nan,nan,nan,nan,nan,nan,nan,nan,nan,nan,nan,nan,nan,0.0000000000,0.0000000000,0.0000000000,0.0000000000,0.0000000000,0.0720630214,nan,nan,nan,nan,nan,nan,nan,nan,nan,nan,nan,nan,nan,nan,nan,nan,nan,nan,nan,nan,nan,0.0200595856,0.9101004601,inf,inf,inf,inf,inf,0.0200195312,0.0700359344,inf,inf,inf,inf,inf,inf,inf,1551
1779239126.2403025627,-0.0121046249,0.1028137505,0.0909652859,-0.0109817247,0.0858340788,0.0022985371,3.6419999599,nan,nan,nan,nan,nan,nan,nan,nan,nan,nan,nan,nan,nan,nan,nan,nan,nan,nan,0.0000000000,0.0000000000,0.0000000000,0.0000000000,0.0000000000,0.0720630214,nan,nan,nan,nan,nan,nan,nan,nan,nan,nan,nan,nan,nan,nan,nan,nan,nan,nan,nan,nan,nan,0.0300245285,0.9200654030,inf,inf,inf,inf,inf,0.0299844742,0.0800008774,inf,inf,inf,inf,inf,inf,inf,1551
1779239126.2502918243,-0.0121046249,0.1028137505,0.0909652859,-0.0109817247,0.0858340788,0.0022985371,3.6419999599,nan,nan,nan,nan,nan,nan,nan,nan,nan,nan,nan,nan,nan,nan,nan,nan,nan,nan,0.0000000000,0.0000000000,0.0000000000,0.0000000000,0.0000000000,0.0720630214,nan,nan,nan,nan,nan,nan,nan,nan,nan,nan,nan,nan,nan,nan,nan,nan,nan,nan,nan,nan,nan,0.0400137901,0.9300546646,inf,inf,inf,inf,inf,0.0399737358,0.0899901390,inf,inf,inf,inf,inf,inf,inf,1551
1779239126.2602632046,-0.0121046249,0.1028137505,0.0909652859,-0.0109817247,0.0858340788,0.0022985371,3.6419999599,nan,nan,nan,nan,nan,nan,nan,nan,nan,nan,nan,nan,nan,nan,nan,nan,nan,nan,0.0000000000,0.0000000000,0.0000000000,0.0000000000,0.0000000000,0.0720630214,nan,nan,nan,nan,nan,nan,nan,nan,nan,nan,nan,nan,nan,nan,nan,nan,nan,nan,nan,nan,nan,0.0499851704,0.9400260448,inf,inf,inf,inf,inf,0.0499451160,0.0999615192,inf,inf,inf,inf,inf,inf,inf,1551
1779239126.2703042030,-0.0129495990,0.1027199030,0.0909486413,-0.0109817247,0.0858340788,0.0022985371,3.6419999599,nan,nan,nan,nan,nan,nan,nan,nan,nan,nan,nan,nan,nan,nan,nan,nan,nan,nan,0.0000000000,0.0000000000,0.0000000000,0.0000000000,0.0000000000,0.0717818886,nan,nan,nan,nan,nan,nan,nan,nan,nan,nan,nan,nan,nan,nan,nan,nan,nan,nan,nan,nan,nan,0.0000474453,0.9500670433,inf,inf,inf,inf,inf,0.0599861145,0.0000159740,inf,inf,inf,inf,inf,inf,inf,1551
1779239126.2802658081,-0.0129495990,0.1027199030,0.0909486413,-0.0109817247,0.0858340788,0.0022985371,3.6419999599,nan,nan,nan,nan,nan,nan,nan,nan,nan,nan,nan,nan,nan,nan,nan,nan,nan,nan,0.0000000000,0.0000000000,0.0000000000,0.0000000000,0.0000000000,0.0717818886,nan,nan,nan,nan,nan,nan,nan,nan,nan,nan,nan,nan,nan,nan,nan,nan,nan,nan,nan,nan,nan,0.0100090504,0.9600286484,inf,inf,inf,inf,inf,0.0699477196,0.0099775791,inf,inf,inf,inf,inf,inf,inf,1551
1779239126.2903161049,-0.0129495990,0.1027199030,0.0909486413,-0.0109817247,0.0858340788,0.0022985371,3.6419999599,nan,nan,nan,nan,nan,nan,nan,nan,nan,nan,nan,nan,nan,nan,nan,nan,nan,nan,0.0000000000,0.0000000000,0.0000000000,0.0000000000,0.0000000000,0.0717818886,nan,nan,nan,nan,nan,nan,nan,nan,nan,nan,nan,nan,nan,nan,nan,nan,nan,nan,nan,nan,nan,0.0200593472,0.9700789452,inf,inf,inf,inf,inf,0.0799980164,0.0200278759,inf,inf,inf,inf,inf,inf,inf,1551
1779239126.3003163338,-0.0129495990,0.1027199030,0.0909486413,-0.0109817247,0.0858340788,0.0022985371,3.6419999599,nan,nan,nan,nan,nan,nan,nan,nan,nan,nan,nan,nan,nan,nan,nan,nan,nan,nan,0.0000000000,0.0000000000,0.0000000000,0.0000000000,0.0000000000,0.0717818886,nan,nan,nan,nan,nan,nan,nan,nan,nan,nan,nan,nan,nan,nan,nan,nan,nan,nan,nan,nan,nan,0.0300595760,0.9800791740,inf,inf,inf,inf,inf,0.0899982452,0.0300281048,inf,inf,inf,inf,inf,inf,inf,1551
1779239126.3103120327,-0.0106806876,0.1029130071,0.0910194814,-0.0109817247,0.0858340788,0.0022985371,3.6419999599,nan,nan,nan,nan,nan,nan,nan,nan,nan,nan,nan,nan,nan,nan,nan,nan,nan,nan,0.0000000000,0.0000000000,0.0000000000,0.0000000000,0.0000000000,0.0717818886,nan,nan,nan,nan,nan,nan,nan,nan,nan,nan,nan,nan,nan,nan,nan,nan,nan,nan,nan,nan,nan,0.0000467300,0.9900748730,inf,inf,inf,inf,inf,0.0000154972,0.0400238037,inf,inf,inf,inf,inf,inf,inf,1551
1779239126.3203406334,-0.0106806876,0.1029130071,0.0910194814,-0.0109817247,0.0858340788,0.0022985371,3.6419999599,nan,nan,nan,nan,nan,nan,nan,nan,nan,nan,nan,nan,nan,nan,nan,nan,nan,nan,0.0000000000,0.0000000000,0.0000000000,0.0000000000,0.0000000000,0.0717818886,nan,nan,nan,nan,nan,nan,nan,nan,nan,nan,nan,nan,nan,nan,nan,nan,nan,nan,nan,nan,nan,0.0100753307,0.0000228882,inf,inf,inf,inf,inf,0.0100440979,0.0500524044,inf,inf,inf,inf,inf,inf,inf,1551
1779239126.3303155899,-0.0106806876,0.1029130071,0.0910194814,-0.0109817247,0.0858340788,0.0022985371,3.6419999599,nan,nan,nan,nan,nan,nan,nan,nan,nan,nan,nan,nan,nan,nan,nan,nan,nan,nan,0.0000000000,0.0000000000,0.0000000000,0.0000000000,0.0000000000,0.0717818886,nan,nan,nan,nan,nan,nan,nan,nan,nan,nan,nan,nan,nan,nan,nan,nan,nan,nan,nan,nan,nan,0.0200502872,0.0099978447,inf,inf,inf,inf,inf,0.0200190544,0.0600273609,inf,inf,inf,inf,inf,inf,inf,1551
1779239126.3402879238,-0.0106806876,0.1029130071,0.0910194814,-0.0109817247,0.0858340788,0.0022985371,3.6419999599,nan,nan,nan,nan,nan,nan,nan,nan,nan,nan,nan,nan,nan,nan,nan,nan,nan,nan,0.0000000000,0.0000000000,0.0000000000,0.0000000000,0.0000000000,0.0717818886,nan,nan,nan,nan,nan,nan,nan,nan,nan,nan,nan,nan,nan,nan,nan,nan,nan,nan,nan,nan,nan,0.0300226212,0.0199701786,inf,inf,inf,inf,inf,0.0299913883,0.0699996948,inf,inf,inf,inf,inf,inf,inf,1551
1779239126.3502953053,-0.0106806876,0.1029130071,0.0910194814,-0.0109817247,0.0858340788,0.0022985371,3.6419999599,nan,nan,nan,nan,nan,nan,nan,nan,nan,nan,nan,nan,nan,nan,nan,nan,nan,nan,0.0000000000,0.0000000000,0.0000000000,0.0000000000,0.0000000000,0.0717818886,nan,nan,nan,nan,nan,nan,nan,nan,nan,nan,nan,nan,nan,nan,nan,nan,nan,nan,nan,nan,nan,0.0400300026,0.0299775600,inf,inf,inf,inf,inf,0.0399987698,0.0800070763,inf,inf,inf,inf,inf,inf,inf,1551
1779239126.3603281975,-0.0106806876,0.1029130071,0.0910194814,-0.0109817247,0.0858340788,0.0022985371,3.6419999599,nan,nan,nan,nan,nan,nan,nan,nan,nan,nan,nan,nan,nan,nan,nan,nan,nan,nan,0.0000000000,0.0000000000,0.0000000000,0.0000000000,0.0000000000,0.0742384121,nan,nan,nan,nan,nan,nan,nan,nan,nan,nan,nan,nan,nan,nan,nan,nan,nan,nan,nan,nan,nan,0.0500628948,0.0400104523,inf,inf,inf,inf,inf,0.0500316620,0.0000214577,inf,inf,inf,inf,inf,inf,inf,1551
1779239126.3703548908,-0.0101173380,0.1029811949,0.0910057575,-0.0109817247,0.0858340788,0.0022985371,3.6419999599,nan,nan,nan,nan,nan,nan,nan,nan,nan,nan,nan,nan,nan,nan,nan,nan,nan,nan,0.0000000000,0.0000000000,0.0000000000,0.0000000000,0.0000000000,0.0742384121,nan,nan,nan,nan,nan,nan,nan,nan,nan,nan,nan,nan,nan,nan,nan,nan,nan,nan,nan,nan,nan,0.0000238419,0.0500371456,inf,inf,inf,inf,inf,0.0600583553,0.0100481510,inf,inf,inf,inf,inf,inf,inf,1551
1779239126.3803188801,-0.0101173380,0.1029811949,0.0910057575,-0.0109817247,0.0858340788,0.0022985371,3.6419999599,nan,nan,nan,nan,nan,nan,nan,nan,nan,nan,nan,nan,nan,nan,nan,nan,nan,nan,0.0000000000,0.0000000000,0.0000000000,0.0000000000,0.0000000000,0.0742384121,nan,nan,nan,nan,nan,nan,nan,nan,nan,nan,nan,nan,nan,nan,nan,nan,nan,nan,nan,nan,nan,0.0099878311,0.0600011349,inf,inf,inf,inf,inf,0.0700223446,0.0200121403,inf,inf,inf,inf,inf,inf,inf,1551
1779239126.3903379440,-0.0101173380,0.1029811949,0.0910057575,-0.0109817247,0.0858340788,0.0022985371,3.6419999599,nan,nan,nan,nan,nan,nan,nan,nan,nan,nan,nan,nan,nan,nan,nan,nan,nan,nan,0.0000000000,0.0000000000,0.0000000000,0.0000000000,0.0000000000,0.0742384121,nan,nan,nan,nan,nan,nan,nan,nan,nan,nan,nan,nan,nan,nan,nan,nan,nan,nan,nan,nan,nan,0.0200068951,0.0700201988,inf,inf,inf,inf,inf,0.0800414085,0.0300312042,inf,inf,inf,inf,inf,inf,inf,1551
1779239126.4003186226,-0.0101173380,0.1029811949,0.0910057575,-0.0109817247,0.0858340788,0.0022985371,3.6419999599,nan,nan,nan,nan,nan,nan,nan,nan,nan,nan,nan,nan,nan,nan,nan,nan,nan,nan,0.0000000000,0.0000000000,0.0000000000,0.0000000000,0.0000000000,0.0742384121,nan,nan,nan,nan,nan,nan,nan,nan,nan,nan,nan,nan,nan,nan,nan,nan,nan,nan,nan,nan,nan,0.0299875736,0.0800008774,inf,inf,inf,inf,inf,0.0900220871,0.0400118828,inf,inf,inf,inf,inf,inf,inf,1551
1779239126.4103715420,-0.0104720099,0.1029285118,0.0910263285,-0.0109817247,0.0858340788,0.0022985371,3.6419999599,nan,nan,nan,nan,nan,nan,nan,nan,nan,nan,nan,nan,nan,nan,nan,nan,nan,nan,0.0000000000,0.0000000000,0.0000000000,0.0000000000,0.0000000000,0.0742384121,nan,nan,nan,nan,nan,nan,nan,nan,nan,nan,nan,nan,nan,nan,nan,nan,nan,nan,nan,nan,nan,0.0000629425,0.0900537968,inf,inf,inf,inf,inf,0.0000200272,0.0500648022,inf,inf,inf,inf,inf,inf,inf,1551
1779239126.4203271866,-0.0104720099,0.1029285118,0.0910263285,-0.0109817247,0.0858340788,0.0022985371,3.6419999599,nan,nan,nan,nan,nan,nan,nan,nan,nan,nan,nan,nan,nan,nan,nan,nan,nan,nan,0.0000000000,0.0000000000,0.0000000000,0.0000000000,0.0000000000,0.0742384121,nan,nan,nan,nan,nan,nan,nan,nan,nan,nan,nan,nan,nan,nan,nan,nan,nan,nan,nan,nan,nan,0.0100185871,0.1000094414,inf,inf,inf,inf,inf,0.0099756718,0.0600204468,inf,inf,inf,inf,inf,inf,inf,1551
1779239126.4303171635,-0.0104720099,0.1029285118,0.0910263285,-0.0109817247,0.0858340788,0.0022985371,3.6419999599,nan,nan,nan,nan,nan,nan,nan,nan,nan,nan,nan,nan,nan,nan,nan,nan,nan,nan,0.0000000000,0.0000000000,0.0000000000,0.0000000000,0.0000000000,0.0742384121,nan,nan,nan,nan,nan,nan,nan,nan,nan,nan,nan,nan,nan,nan,nan,nan,nan,nan,nan,nan,nan,0.0200085640,0.1099994183,inf,inf,inf,inf,inf,0.0199656487,0.0700104237,inf,inf,inf,inf,inf,inf,inf,1551
1779239126.4402756691,-0.0104720099,0.1029285118,0.0910263285,-0.0109817247,0.0858340788,0.0022985371,3.6419999599,nan,nan,nan,nan,nan,nan,nan,nan,nan,nan,nan,nan,nan,nan,nan,nan,nan,nan,0.0000000000,0.0000000000,0.0000000000,0.0000000000,0.0000000000,0.0742384121,nan,nan,nan,nan,nan,nan,nan,nan,nan,nan,nan,nan,nan,nan,nan,nan,nan,nan,nan,nan,nan,0.0299670696,0.1199579239,inf,inf,inf,inf,inf,0.0299241543,0.0799689293,inf,inf,inf,inf,inf,inf,inf,1551
1779239126.4503231049,-0.0104720099,0.1029285118,0.0910263285,-0.0109817247,0.0858340788,0.0022985371,3.6419999599,nan,nan,nan,nan,nan,nan,nan,nan,nan,nan,nan,nan,nan,nan,nan,nan,nan,nan,0.0000000000,0.0000000000,0.0000000000,0.0000000000,0.0000000000,0.0742384121,nan,nan,nan,nan,nan,nan,nan,nan,nan,nan,nan,nan,nan,nan,nan,nan,nan,nan,nan,nan,nan,0.0400145054,0.1300053596,inf,inf,inf,inf,inf,0.0399715900,0.0900163651,inf,inf,inf,inf,inf,inf,inf,1551
1779239126.4602944851,-0.0104720099,0.1029285118,0.0910263285,-0.0109817247,0.0858340788,0.0022985371,3.6419999599,nan,nan,nan,nan,nan,nan,nan,nan,nan,nan,nan,nan,nan,nan,nan,nan,nan,nan,0.0000000000,0.0000000000,0.0000000000,0.0000000000,0.0000000000,0.0734372064,nan,nan,nan,nan,nan,nan,nan,nan,nan,nan,nan,nan,nan,nan,nan,nan,nan,nan,nan,nan,nan,0.0499858856,0.1399767399,inf,inf,inf,inf,inf,0.0499429703,0.0000183582,inf,inf,inf,inf,inf,inf,inf,1551
1779239126.4702894688,-0.0110381069,0.1028490588,0.0910583362,-0.0109817247,0.0858340788,0.0022985371,3.6419999599,nan,nan,nan,nan,nan,nan,nan,nan,nan,nan,nan,nan,nan,nan,nan,nan,nan,nan,0.0000000000,0.0000000000,0.0000000000,0.0000000000,0.0000000000,0.0734372064,nan,nan,nan,nan,nan,nan,nan,nan,nan,nan,nan,nan,nan,nan,nan,nan,nan,nan,nan,nan,nan,0.0000185966,0.1499717236,inf,inf,inf,inf,inf,0.0599379539,0.0100133419,inf,inf,inf,inf,inf,inf,inf,1551
1779239126.4802868366,-0.0110381069,0.1028490588,0.0910583362,-0.0109817247,0.0858340788,0.0022985371,3.6419999599,nan,nan,nan,nan,nan,nan,nan,nan,nan,nan,nan,nan,nan,nan,nan,nan,nan,nan,0.0000000000,0.0000000000,0.0000000000,0.0000000000,0.0000000000,0.0734372064,nan,nan,nan,nan,nan,nan,nan,nan,nan,nan,nan,nan,nan,nan,nan,nan,nan,nan,nan,nan,nan,0.0100159645,0.1599690914,inf,inf,inf,inf,inf,0.0699353218,0.0200107098,inf,inf,inf,inf,inf,inf,inf,1551
1779239126.4902589321,-0.0110381069,0.1028490588,0.0910583362,-0.0109817247,0.0858340788,0.0022985371,3.6419999599,nan,nan,nan,nan,nan,nan,nan,nan,nan,nan,nan,nan,nan,nan,nan,nan,nan,nan,0.0000000000,0.0000000000,0.0000000000,0.0000000000,0.0000000000,0.0734372064,nan,nan,nan,nan,nan,nan,nan,nan,nan,nan,nan,nan,nan,nan,nan,nan,nan,nan,nan,nan,nan,0.0199880600,0.1699411869,inf,inf,inf,inf,inf,0.0799074173,0.0299828053,inf,inf,inf,inf,inf,inf,inf,1551
1779239126.5002489090,-0.0110381069,0.1028490588,0.0910583362,-0.0109817247,0.0858340788,0.0022985371,3.6419999599,nan,nan,nan,nan,nan,nan,nan,nan,nan,nan,nan,nan,nan,nan,nan,nan,nan,nan,0.0000000000,0.0000000000,0.0000000000,0.0000000000,0.0000000000,0.0734372064,nan,nan,nan,nan,nan,nan,nan,nan,nan,nan,nan,nan,nan,nan,nan,nan,nan,nan,nan,nan,nan,0.0299780369,0.1799311638,inf,inf,inf,inf,inf,0.0898973942,0.0399727821,inf,inf,inf,inf,inf,inf,inf,1551
1779239126.5102508068,-0.0117481891,0.1027501002,0.0910761282,-0.0109817247,0.0858340788,0.0022985371,3.6419999599,nan,nan,nan,nan,nan,nan,nan,nan,nan,nan,nan,nan,nan,nan,nan,nan,nan,nan,0.0000000000,0.0000000000,0.0000000000,0.0000000000,0.0000000000,0.0734372064,nan,nan,nan,nan,nan,nan,nan,nan,nan,nan,nan,nan,nan,nan,nan,nan,nan,nan,nan,nan,nan,0.0000307560,0.1899330616,inf,inf,inf,inf,inf,0.0000092983,0.0499746799,inf,inf,inf,inf,inf,inf,inf,1551
1779239126.5202310085,-0.0117481891,0.1027501002,0.0910761282,-0.0109817247,0.0858340788,0.0022985371,3.6419999599,nan,nan,nan,nan,nan,nan,nan,nan,nan,nan,nan,nan,nan,nan,nan,nan,nan,nan,0.0000000000,0.0000000000,0.0000000000,0.0000000000,0.0000000000,0.0734372064,nan,nan,nan,nan,nan,nan,nan,nan,nan,nan,nan,nan,nan,nan,nan,nan,nan,nan,nan,nan,nan,0.0100109577,0.1999132633,inf,inf,inf,inf,inf,0.0099895000,0.0599548817,inf,inf,inf,inf,inf,inf,inf,1551
1779239126.5302488804,-0.0117481891,0.1027501002,0.0910761282,-0.0109817247,0.0858340788,0.0022985371,3.6419999599,nan,nan,nan,nan,nan,nan,nan,nan,nan,nan,nan,nan,nan,nan,nan,nan,nan,nan,0.0000000000,0.0000000000,0.0000000000,0.0000000000,0.0000000000,0.0734372064,nan,nan,nan,nan,nan,nan,nan,nan,nan,nan,nan,nan,nan,nan,nan,nan,nan,nan,nan,nan,nan,0.0200288296,0.2099311352,inf,inf,inf,inf,inf,0.0200073719,0.0699727535,inf,inf,inf,inf,inf,inf,inf,1551
1779239126.5402810574,-0.0117481891,0.1027501002,0.0910761282,-0.0109817247,0.0858340788,0.0022985371,3.6419999599,nan,nan,nan,nan,nan,nan,nan,nan,nan,nan,nan,nan,nan,nan,nan,nan,nan,nan,0.0000000000,0.0000000000,0.0000000000,0.0000000000,0.0000000000,0.0734372064,nan,nan,nan,nan,nan,nan,nan,nan,nan,nan,nan,nan,nan,nan,nan,nan,nan,nan,nan,nan,nan,0.0300610065,0.2199633121,inf,inf,inf,inf,inf,0.0300395489,0.0800049305,inf,inf,inf,inf,inf,inf,inf,1551
1779239126.5502719879,-0.0117481891,0.1027501002,0.0910761282,-0.0109817247,0.0858340788,0.0022985371,3.6419999599,nan,nan,nan,nan,nan,nan,nan,nan,nan,nan,nan,nan,nan,nan,nan,nan,nan,nan,0.0000000000,0.0000000000,0.0000000000,0.0000000000,0.0000000000,0.0734372064,nan,nan,nan,nan,nan,nan,nan,nan,nan,nan,nan,nan,nan,nan,nan,nan,nan,nan,nan,nan,nan,0.0400519371,0.2299542427,inf,inf,inf,inf,inf,0.0400304794,0.0899958611,inf,inf,inf,inf,inf,inf,inf,1551
1779239126.5602688789,-0.0126177995,0.1026484147,0.0911072120,-0.0109817247,0.0858340788,0.0022985371,3.6419999599,nan,nan,nan,nan,nan,nan,nan,nan,nan,nan,nan,nan,nan,nan,nan,nan,nan,nan,0.0000000000,0.0000000000,0.0000000000,0.0000000000,0.0000000000,0.0721485540,nan,nan,nan,nan,nan,nan,nan,nan,nan,nan,nan,nan,nan,nan,nan,nan,nan,nan,nan,nan,nan,0.0000355244,0.2399511337,inf,inf,inf,inf,inf,0.0500273705,0.0000104904,inf,inf,inf,inf,inf,inf,inf,1551
1779239126.5702481270,-0.0126177995,0.1026484147,0.0911072120,-0.0109817247,0.0858340788,0.0022985371,3.6419999599,nan,nan,nan,nan,nan,nan,nan,nan,nan,nan,nan,nan,nan,nan,nan,nan,nan,nan,0.0000000000,0.0000000000,0.0000000000,0.0000000000,0.0000000000,0.0721485540,nan,nan,nan,nan,nan,nan,nan,nan,nan,nan,nan,nan,nan,nan,nan,nan,nan,nan,nan,nan,nan,0.0100147724,0.2499303818,inf,inf,inf,inf,inf,0.0600066185,0.0099897385,inf,inf,inf,inf,inf,inf,inf,1551
1779239126.5802681446,-0.0126177995,0.1026484147,0.0911072120,-0.0109817247,0.0858340788,0.0022985371,3.6419999599,nan,nan,nan,nan,nan,nan,nan,nan,nan,nan,nan,nan,nan,nan,nan,nan,nan,nan,0.0000000000,0.0000000000,0.0000000000,0.0000000000,0.0000000000,0.0721485540,nan,nan,nan,nan,nan,nan,nan,nan,nan,nan,nan,nan,nan,nan,nan,nan,nan,nan,nan,nan,nan,0.0200347900,0.2599503994,inf,inf,inf,inf,inf,0.0700266361,0.0200097561,inf,inf,inf,inf,inf,inf,inf,1551
1779239126.5902693272,-0.0126177995,0.1026484147,0.0911072120,-0.0109817247,0.0858340788,0.0022985371,3.6419999599,nan,nan,nan,nan,nan,nan,nan,nan,nan,nan,nan,nan,nan,nan,nan,nan,nan,nan,0.0000000000,0.0000000000,0.0000000000,0.0000000000,0.0000000000,0.0721485540,nan,nan,nan,nan,nan,nan,nan,nan,nan,nan,nan,nan,nan,nan,nan,nan,nan,nan,nan,nan,nan,0.0300359726,0.2699515820,inf,inf,inf,inf,inf,0.0800278187,0.0300109386,inf,inf,inf,inf,inf,inf,inf,1551
1779239126.6002542973,-0.0126177995,0.1026484147,0.0911072120,-0.0109817247,0.0858340788,0.0022985371,3.6419999599,nan,nan,nan,nan,nan,nan,nan,nan,nan,nan,nan,nan,nan,nan,nan,nan,nan,nan,0.0000000000,0.0000000000,0.0000000000,0.0000000000,0.0000000000,0.0721485540,nan,nan,nan,nan,nan,nan,nan,nan,nan,nan,nan,nan,nan,nan,nan,nan,nan,nan,nan,nan,nan,0.0400209427,0.2799365520,inf,inf,inf,inf,inf,0.0900127888,0.0399959087,inf,inf,inf,inf,inf,inf,inf,1551
1779239126.6103284359,-0.0103487074,0.1029796973,0.0910343155,-0.0109817247,0.0858340788,0.0022985371,3.6419999599,nan,nan,nan,nan,nan,nan,nan,nan,nan,nan,nan,nan,nan,nan,nan,nan,nan,nan,0.0000000000,0.0000000000,0.0000000000,0.0000000000,0.0000000000,0.0721485540,nan,nan,nan,nan,nan,nan,nan,nan,nan,nan,nan,nan,nan,nan,nan,nan,nan,nan,nan,nan,nan,0.0000476837,0.2900106907,inf,inf,inf,inf,inf,0.0000159740,0.0500700474,inf,inf,inf,inf,inf,inf,inf,1551
1779239126.6202595234,-0.0103487074,0.1029796973,0.0910343155,-0.0109817247,0.0858340788,0.0022985371,3.6419999599,nan,nan,nan,nan,nan,nan,nan,nan,nan,nan,nan,nan,nan,nan,nan,nan,nan,nan,0.0000000000,0.0000000000,0.0000000000,0.0000000000,0.0000000000,0.0721485540,nan,nan,nan,nan,nan,nan,nan,nan,nan,nan,nan,nan,nan,nan,nan,nan,nan,nan,nan,nan,nan,0.0099787712,0.2999417782,inf,inf,inf,inf,inf,0.0099470615,0.0600011349,inf,inf,inf,inf,inf,inf,inf,1551
1779239126.6302630901,-0.0103487074,0.1029796973,0.0910343155,-0.0109817247,0.0858340788,0.0022985371,3.6419999599,nan,nan,nan,nan,nan,nan,nan,nan,nan,nan,nan,nan,nan,nan,nan,nan,nan,nan,0.0000000000,0.0000000000,0.0000000000,0.0000000000,0.0000000000,0.0721485540,nan,nan,nan,nan,nan,nan,nan,nan,nan,nan,nan,nan,nan,nan,nan,nan,nan,nan,nan,nan,nan,0.0199823380,0.3099453449,inf,inf,inf,inf,inf,0.0199506283,0.0700047016,inf,inf,inf,inf,inf,inf,inf,1551
1779239126.6403164864,-0.0103487074,0.1029796973,0.0910343155,-0.0109817247,0.0858340788,0.0022985371,3.6419999599,nan,nan,nan,nan,nan,nan,nan,nan,nan,nan,nan,nan,nan,nan,nan,nan,nan,nan,0.0000000000,0.0000000000,0.0000000000,0.0000000000,0.0000000000,0.0721485540,nan,nan,nan,nan,nan,nan,nan,nan,nan,nan,nan,nan,nan,nan,nan,nan,nan,nan,nan,nan,nan,0.0300357342,0.3199987411,inf,inf,inf,inf,inf,0.0300040245,0.0800580978,inf,inf,inf,inf,inf,inf,inf,1551
1779239126.6502845287,-0.0103487074,0.1029796973,0.0910343155,-0.0109817247,0.0858340788,0.0022985371,3.6419999599,nan,nan,nan,nan,nan,nan,nan,nan,nan,nan,nan,nan,nan,nan,nan,nan,nan,nan,0.0000000000,0.0000000000,0.0000000000,0.0000000000,0.0000000000,0.0721485540,nan,nan,nan,nan,nan,nan,nan,nan,nan,nan,nan,nan,nan,nan,nan,nan,nan,nan,nan,nan,nan,0.0400037766,0.3299667835,inf,inf,inf,inf,inf,0.0399720669,0.0900261402,inf,inf,inf,inf,inf,inf,inf,1551
1779239126.6602826118,-0.0108206058,0.1029349044,0.0910599157,-0.0109817247,0.0858340788,0.0022985371,3.6419999599,nan,nan,nan,nan,nan,nan,nan,nan,nan,nan,nan,nan,nan,nan,nan,nan,nan,nan,0.0000000000,0.0000000000,0.0000000000,0.0000000000,0.0000000000,0.0708796531,nan,nan,nan,nan,nan,nan,nan,nan,nan,nan,nan,nan,nan,nan,nan,nan,nan,nan,nan,nan,nan,0.0000407696,0.3399648666,inf,inf,inf,inf,inf,0.0499701500,0.0000135899,inf,inf,inf,inf,inf,inf,inf,1551
1779239126.6703004837,-0.0108206058,0.1029349044,0.0910599157,-0.0109817247,0.0858340788,0.0022985371,3.6419999599,nan,nan,nan,nan,nan,nan,nan,nan,nan,nan,nan,nan,nan,nan,nan,nan,nan,nan,0.0000000000,0.0000000000,0.0000000000,0.0000000000,0.0000000000,0.0708796531,nan,nan,nan,nan,nan,nan,nan,nan,nan,nan,nan,nan,nan,nan,nan,nan,nan,nan,nan,nan,nan,0.0100586414,0.3499827385,inf,inf,inf,inf,inf,0.0599880219,0.0100314617,inf,inf,inf,inf,inf,inf,inf,1551
1779239126.6802682877,-0.0108206058,0.1029349044,0.0910599157,-0.0109817247,0.0858340788,0.0022985371,3.6419999599,nan,nan,nan,nan,nan,nan,nan,nan,nan,nan,nan,nan,nan,nan,nan,nan,nan,nan,0.0000000000,0.0000000000,0.0000000000,0.0000000000,0.0000000000,0.0708796531,nan,nan,nan,nan,nan,nan,nan,nan,nan,nan,nan,nan,nan,nan,nan,nan,nan,nan,nan,nan,nan,0.0200264454,0.3599505424,inf,inf,inf,inf,inf,0.0699558258,0.0199992657,inf,inf,inf,inf,inf,inf,inf,1551
1779239126.6902523041,-0.0108206058,0.1029349044,0.0910599157,-0.0109817247,0.0858340788,0.0022985371,3.6419999599,nan,nan,nan,nan,nan,nan,nan,nan,nan,nan,nan,nan,nan,nan,nan,nan,nan,nan,0.0000000000,0.0000000000,0.0000000000,0.0000000000,0.0000000000,0.0708796531,nan,nan,nan,nan,nan,nan,nan,nan,nan,nan,nan,nan,nan,nan,nan,nan,nan,nan,nan,nan,nan,0.0300104618,0.3699345589,inf,inf,inf,inf,inf,0.0799398422,0.0299832821,inf,inf,inf,inf,inf,inf,inf,1551
1779239126.7002730370,-0.0108206058,0.1029349044,0.0910599157,-0.0109817247,0.0858340788,0.0022985371,3.6419999599,nan,nan,nan,nan,nan,nan,nan,nan,nan,nan,nan,nan,nan,nan,nan,nan,nan,nan,0.0000000000,0.0000000000,0.0000000000,0.0000000000,0.0000000000,0.0708796531,nan,nan,nan,nan,nan,nan,nan,nan,nan,nan,nan,nan,nan,nan,nan,nan,nan,nan,nan,nan,nan,0.0400311947,0.3799552917,inf,inf,inf,inf,inf,0.0899605751,0.0400040150,inf,inf,inf,inf,inf,inf,inf,1551
1779239126.7102742195,-0.0114332410,0.1028597504,0.0910806805,-0.0109817247,0.0858340788,0.0022985371,3.6419999599,nan,nan,nan,nan,nan,nan,nan,nan,nan,nan,nan,nan,nan,nan,nan,nan,nan,nan,0.0000000000,0.0000000000,0.0000000000,0.0000000000,0.0000000000,0.0708796531,nan,nan,nan,nan,nan,nan,nan,nan,nan,nan,nan,nan,nan,nan,nan,nan,nan,nan,nan,nan,nan,0.0000350475,0.3899564743,inf,inf,inf,inf,inf,0.0000090599,0.0500051975,inf,inf,inf,inf,inf,inf,inf,1551
1779239126.7202351093,-0.0114332410,0.1028597504,0.0910806805,-0.0109817247,0.0858340788,0.0022985371,3.6419999599,nan,nan,nan,nan,nan,nan,nan,nan,nan,nan,nan,nan,nan,nan,nan,nan,nan,nan,0.0000000000,0.0000000000,0.0000000000,0.0000000000,0.0000000000,0.0708796531,nan,nan,nan,nan,nan,nan,nan,nan,nan,nan,nan,nan,nan,nan,nan,nan,nan,nan,nan,nan,nan,0.0099959373,0.3999173641,inf,inf,inf,inf,inf,0.0099699497,0.0599660873,inf,inf,inf,inf,inf,inf,inf,1551
1779239126.7302589417,-0.0114332410,0.1028597504,0.0910806805,-0.0109817247,0.0858340788,0.0022985371,3.6419999599,nan,nan,nan,nan,nan,nan,nan,nan,nan,nan,nan,nan,nan,nan,nan,nan,nan,nan,0.0000000000,0.0000000000,0.0000000000,0.0000000000,0.0000000000,0.0708796531,nan,nan,nan,nan,nan,nan,nan,nan,nan,nan,nan,nan,nan,nan,nan,nan,nan,nan,nan,nan,nan,0.0200197697,0.4099411964,inf,inf,inf,inf,inf,0.0199937820,0.0699899197,inf,inf,inf,inf,inf,inf,inf,1551
1779239126.7402713299,-0.0114332410,0.1028597504,0.0910806805,-0.0109817247,0.0858340788,0.0022985371,3.6419999599,nan,nan,nan,nan,nan,nan,nan,nan,nan,nan,nan,nan,nan,nan,nan,nan,nan,nan,0.0000000000,0.0000000000,0.0000000000,0.0000000000,0.0000000000,0.0708796531,nan,nan,nan,nan,nan,nan,nan,nan,nan,nan,nan,nan,nan,nan,nan,nan,nan,nan,nan,nan,nan,0.0300321579,0.4199535847,inf,inf,inf,inf,inf,0.0300061703,0.0800023079,inf,inf,inf,inf,inf,inf,inf,1551
1779239126.7502491474,-0.0114332410,0.1028597504,0.0910806805,-0.0109817247,0.0858340788,0.0022985371,3.6419999599,nan,nan,nan,nan,nan,nan,nan,nan,nan,nan,nan,nan,nan,nan,nan,nan,nan,nan,0.0000000000,0.0000000000,0.0000000000,0.0000000000,0.0000000000,0.0708796531,nan,nan,nan,nan,nan,nan,nan,nan,nan,nan,nan,nan,nan,nan,nan,nan,nan,nan,nan,nan,nan,0.0400099754,0.4299314022,inf,inf,inf,inf,inf,0.0399839878,0.0899801254,inf,inf,inf,inf,inf,inf,inf,1551
1779239126.7602374554,-0.0122174323,0.1027758196,0.0910929292,-0.0109817247,0.0858340788,0.0022985371,3.6419999599,nan,nan,nan,nan,nan,nan,nan,nan,nan,nan,nan,nan,nan,nan,nan,nan,nan,nan,0.0000000000,0.0000000000,0.0000000000,0.0000000000,0.0000000000,0.0745504498,nan,nan,nan,nan,nan,nan,nan,nan,nan,nan,nan,nan,nan,nan,nan,nan,nan,nan,nan,nan,nan,0.0000300407,0.4399197102,inf,inf,inf,inf,inf,0.0499722958,0.0000085831,inf,inf,inf,inf,inf,inf,inf,1551
1779239126.7702500820,-0.0122174323,0.1027758196,0.0910929292,-0.0109817247,0.0858340788,0.0022985371,3.6419999599,nan,nan,nan,nan,nan,nan,nan,nan,nan,nan,nan,nan,nan,nan,nan,nan,nan,nan,0.0000000000,0.0000000000,0.0000000000,0.0000000000,0.0000000000,0.0745504498,nan,nan,nan,nan,nan,nan,nan,nan,nan,nan,nan,nan,nan,nan,nan,nan,nan,nan,nan,nan,nan,0.0100426674,0.4499323368,inf,inf,inf,inf,inf,0.0599849224,0.0100212097,inf,inf,inf,inf,inf,inf,inf,1551
1779239126.7802660465,-0.0122174323,0.1027758196,0.0910929292,-0.0109817247,0.0858340788,0.0022985371,3.6419999599,nan,nan,nan,nan,nan,nan,nan,nan,nan,nan,nan,nan,nan,nan,nan,nan,nan,nan,0.0000000000,0.0000000000,0.0000000000,0.0000000000,0.0000000000,0.0745504498,nan,nan,nan,nan,nan,nan,nan,nan,nan,nan,nan,nan,nan,nan,nan,nan,nan,nan,nan,nan,nan,0.0200586319,0.4599483013,inf,inf,inf,inf,inf,0.0700008869,0.0200371742,inf,inf,inf,inf,inf,inf,inf,1551
1779239126.7902779579,-0.0122174323,0.1027758196,0.0910929292,-0.0109817247,0.0858340788,0.0022985371,3.6419999599,nan,nan,nan,nan,nan,nan,nan,nan,nan,nan,nan,nan,nan,nan,nan,nan,nan,nan,0.0000000000,0.0000000000,0.0000000000,0.0000000000,0.0000000000,0.0745504498,nan,nan,nan,nan,nan,nan,nan,nan,nan,nan,nan,nan,nan,nan,nan,nan,nan,nan,nan,nan,nan,0.0300705433,0.4699602127,inf,inf,inf,inf,inf,0.0800127983,0.0300490856,inf,inf,inf,inf,inf,inf,inf,1551
1779239126.8002922535,-0.0122174323,0.1027758196,0.0910929292,-0.0109817247,0.0858340788,0.0022985371,3.6419999599,nan,nan,nan,nan,nan,nan,nan,nan,nan,nan,nan,nan,nan,nan,nan,nan,nan,nan,0.0000000000,0.0000000000,0.0000000000,0.0000000000,0.0000000000,0.0745504498,nan,nan,nan,nan,nan,nan,nan,nan,nan,nan,nan,nan,nan,nan,nan,nan,nan,nan,nan,nan,nan,0.0400848389,0.4799745083,inf,inf,inf,inf,inf,0.0900270939,0.0400633812,inf,inf,inf,inf,inf,inf,inf,1551
1779239126.8102607727,-0.0131677892,0.1026877537,0.0910948217,-0.0109817247,0.0858340788,0.0022985371,3.6419999599,nan,nan,nan,nan,nan,nan,nan,nan,nan,nan,nan,nan,nan,nan,nan,nan,nan,nan,0.0000000000,0.0000000000,0.0000000000,0.0000000000,0.0000000000,0.0745504498,nan,nan,nan,nan,nan,nan,nan,nan,nan,nan,nan,nan,nan,nan,nan,nan,nan,nan,nan,nan,nan,0.0000343323,0.4899430275,inf,inf,inf,inf,inf,0.0000104904,0.0500319004,inf,inf,inf,inf,inf,inf,inf,1551
1779239126.8202583790,-0.0131677892,0.1026877537,0.0910948217,-0.0109817247,0.0858340788,0.0022985371,3.6419999599,nan,nan,nan,nan,nan,nan,nan,nan,nan,nan,nan,nan,nan,nan,nan,nan,nan,nan,0.0000000000,0.0000000000,0.0000000000,0.0000000000,0.0000000000,0.0745504498,nan,nan,nan,nan,nan,nan,nan,nan,nan,nan,nan,nan,nan,nan,nan,nan,nan,nan,nan,nan,nan,0.0100319386,0.4999406338,inf,inf,inf,inf,inf,0.0100080967,0.0600295067,inf,inf,inf,inf,inf,inf,inf,1551
1779239126.8303232193,-0.0131677892,0.1026877537,0.0910948217,-0.0109817247,0.0858340788,0.0022985371,3.6419999599,nan,nan,nan,nan,nan,nan,nan,nan,nan,nan,nan,nan,nan,nan,nan,nan,nan,nan,0.0000000000,0.0000000000,0.0000000000,0.0000000000,0.0000000000,0.0745504498,nan,nan,nan,nan,nan,nan,nan,nan,nan,nan,nan,nan,nan,nan,nan,nan,nan,nan,nan,nan,nan,0.0200967789,0.5100054741,inf,inf,inf,inf,inf,0.0200729370,0.0700943470,inf,inf,inf,inf,inf,inf,inf,1551
1779239126.8403067589,-0.0131677892,0.1026877537,0.0910948217,-0.0109817247,0.0858340788,0.0022985371,3.6419999599,nan,nan,nan,nan,nan,nan,nan,nan,nan,nan,nan,nan,nan,nan,nan,nan,nan,nan,0.0000000000,0.0000000000,0.0000000000,0.0000000000,0.0000000000,0.0745504498,nan,nan,nan,nan,nan,nan,nan,nan,nan,nan,nan,nan,nan,nan,nan,nan,nan,nan,nan,nan,nan,0.0300803185,0.5199890137,inf,inf,inf,inf,inf,0.0300564766,0.0800778866,inf,inf,inf,inf,inf,inf,inf,1551
1779239126.8503129482,-0.0131677892,0.1026877537,0.0910948217,-0.0109817247,0.0858340788,0.0022985371,3.6419999599,nan,nan,nan,nan,nan,nan,nan,nan,nan,nan,nan,nan,nan,nan,nan,nan,nan,nan,0.0000000000,0.0000000000,0.0000000000,0.0000000000,0.0000000000,0.0745504498,nan,nan,nan,nan,nan,nan,nan,nan,nan,nan,nan,nan,nan,nan,nan,nan,nan,nan,nan,nan,nan,0.0400865078,0.5299952030,inf,inf,inf,inf,inf,0.0400626659,0.0900840759,inf,inf,inf,inf,inf,inf,inf,1551
1779239126.8603324890,-0.0143013541,0.1025999188,0.0911019593,-0.0109817247,0.0858340788,0.0022985371,3.6419999599,nan,nan,nan,nan,nan,nan,nan,nan,nan,nan,nan,nan,nan,nan,nan,nan,nan,nan,0.0000000000,0.0000000000,0.0000000000,0.0000000000,0.0000000000,0.0711394995,nan,nan,nan,nan,nan,nan,nan,nan,nan,nan,nan,nan,nan,nan,nan,nan,nan,nan,nan,nan,nan,0.0000541210,0.5400147438,inf,inf,inf,inf,inf,0.0500822067,0.0000174046,inf,inf,inf,inf,inf,inf,inf,1551
1779239126.8703086376,-0.0143013541,0.1025999188,0.0911019593,-0.0109817247,0.0858340788,0.0022985371,3.6419999599,nan,nan,nan,nan,nan,nan,nan,nan,nan,nan,nan,nan,nan,nan,nan,nan,nan,nan,0.0000000000,0.0000000000,0.0000000000,0.0000000000,0.0000000000,0.0711394995,nan,nan,nan,nan,nan,nan,nan,nan,nan,nan,nan,nan,nan,nan,nan,nan,nan,nan,nan,nan,nan,0.0100302696,0.5499908924,inf,inf,inf,inf,inf,0.0600583553,0.0099935532,inf,inf,inf,inf,inf,inf,inf,1551
1779239126.8803164959,-0.0143013541,0.1025999188,0.0911019593,-0.0109817247,0.0858340788,0.0022985371,3.6419999599,nan,nan,nan,nan,nan,nan,nan,nan,nan,nan,nan,nan,nan,nan,nan,nan,nan,nan,0.0000000000,0.0000000000,0.0000000000,0.0000000000,0.0000000000,0.0711394995,nan,nan,nan,nan,nan,nan,nan,nan,nan,nan,nan,nan,nan,nan,nan,nan,nan,nan,nan,nan,nan,0.0200381279,0.5599987507,inf,inf,inf,inf,inf,0.0700662136,0.0200014114,inf,inf,inf,inf,inf,inf,inf,1551
1779239126.8902943134,-0.0143013541,0.1025999188,0.0911019593,-0.0109817247,0.0858340788,0.0022985371,3.6419999599,nan,nan,nan,nan,nan,nan,nan,nan,nan,nan,nan,nan,nan,nan,nan,nan,nan,nan,0.0000000000,0.0000000000,0.0000000000,0.0000000000,0.0000000000,0.0711394995,nan,nan,nan,nan,nan,nan,nan,nan,nan,nan,nan,nan,nan,nan,nan,nan,nan,nan,nan,nan,nan,0.0300159454,0.5699765682,inf,inf,inf,inf,inf,0.0800440311,0.0299792290,inf,inf,inf,inf,inf,inf,inf,1551
1779239126.9003043175,-0.0143013541,0.1025999188,0.0911019593,-0.0109817247,0.0858340788,0.0022985371,3.6419999599,nan,nan,nan,nan,nan,nan,nan,nan,nan,nan,nan,nan,nan,nan,nan,nan,nan,nan,0.0000000000,0.0000000000,0.0000000000,0.0000000000,0.0000000000,0.0711394995,nan,nan,nan,nan,nan,nan,nan,nan,nan,nan,nan,nan,nan,nan,nan,nan,nan,nan,nan,nan,nan,0.0400259495,0.5799865723,inf,inf,inf,inf,inf,0.0900540352,0.0399892330,inf,inf,inf,inf,inf,inf,inf,1551
1779239126.9103183746,-0.0156450029,0.1025268734,0.0911082700,-0.0109817247,0.0858340788,0.0022985371,3.6419999599,nan,nan,nan,nan,nan,nan,nan,nan,nan,nan,nan,nan,nan,nan,nan,nan,nan,nan,0.0000000000,0.0000000000,0.0000000000,0.0000000000,0.0000000000,0.0711394995,nan,nan,nan,nan,nan,nan,nan,nan,nan,nan,nan,nan,nan,nan,nan,nan,nan,nan,nan,nan,nan,0.0000526905,0.5900006294,inf,inf,inf,inf,inf,0.0000174046,0.0500032902,inf,inf,inf,inf,inf,inf,inf,1551
1779239126.9202966690,-0.0156450029,0.1025268734,0.0911082700,-0.0109817247,0.0858340788,0.0022985371,3.6419999599,nan,nan,nan,nan,nan,nan,nan,nan,nan,nan,nan,nan,nan,nan,nan,nan,nan,nan,0.0000000000,0.0000000000,0.0000000000,0.0000000000,0.0000000000,0.0711394995,nan,nan,nan,nan,nan,nan,nan,nan,nan,nan,nan,nan,nan,nan,nan,nan,nan,nan,nan,nan,nan,0.0100309849,0.5999789238,inf,inf,inf,inf,inf,0.0099956989,0.0599815845,inf,inf,inf,inf,inf,inf,inf,1551
1779239126.9302768707,-0.0156450029,0.1025268734,0.0911082700,-0.0109817247,0.0858340788,0.0022985371,3.6419999599,nan,nan,nan,nan,nan,nan,nan,nan,nan,nan,nan,nan,nan,nan,nan,nan,nan,nan,0.0000000000,0.0000000000,0.0000000000,0.0000000000,0.0000000000,0.0711394995,nan,nan,nan,nan,nan,nan,nan,nan,nan,nan,nan,nan,nan,nan,nan,nan,nan,nan,nan,nan,nan,0.0200111866,0.6099591255,inf,inf,inf,inf,inf,0.0199759007,0.0699617863,inf,inf,inf,inf,inf,inf,inf,1551
1779239126.9402618408,-0.0156450029,0.1025268734,0.0911082700,-0.0109817247,0.0858340788,0.0022985371,3.6419999599,nan,nan,nan,nan,nan,nan,nan,nan,nan,nan,nan,nan,nan,nan,nan,nan,nan,nan,0.0000000000,0.0000000000,0.0000000000,0.0000000000,0.0000000000,0.0711394995,nan,nan,nan,nan,nan,nan,nan,nan,nan,nan,nan,nan,nan,nan,nan,nan,nan,nan,nan,nan,nan,0.0299961567,0.6199440956,inf,inf,inf,inf,inf,0.0299608707,0.0799467564,inf,inf,inf,inf,inf,inf,inf,1551
1779239126.9502520561,-0.0156450029,0.1025268734,0.0911082700,-0.0109817247,0.0858340788,0.0022985371,3.6419999599,nan,nan,nan,nan,nan,nan,nan,nan,nan,nan,nan,nan,nan,nan,nan,nan,nan,nan,0.0000000000,0.0000000000,0.0000000000,0.0000000000,0.0000000000,0.0711394995,nan,nan,nan,nan,nan,nan,nan,nan,nan,nan,nan,nan,nan,nan,nan,nan,nan,nan,nan,nan,nan,0.0399863720,0.6299343109,inf,inf,inf,inf,inf,0.0399510860,0.0899369717,inf,inf,inf,inf,inf,inf,inf,1551
1779239126.9602570534,-0.0171911474,0.1024513841,0.0911034197,-0.0109817247,0.0858340788,0.0022985371,3.6419999599,nan,nan,nan,nan,nan,nan,nan,nan,nan,nan,nan,nan,nan,nan,nan,nan,nan,nan,0.0000000000,0.0000000000,0.0000000000,0.0000000000,0.0000000000,0.0715011582,nan,nan,nan,nan,nan,nan,nan,nan,nan,nan,nan,nan,nan,nan,nan,nan,nan,nan,nan,nan,nan,0.0000302792,0.6399393082,inf,inf,inf,inf,inf,0.0499560833,0.0000097752,inf,inf,inf,inf,inf,inf,inf,1551
1779239126.9702689648,-0.0171911474,0.1024513841,0.0911034197,-0.0109817247,0.0858340788,0.0022985371,3.6419999599,nan,nan,nan,nan,nan,nan,nan,nan,nan,nan,nan,nan,nan,nan,nan,nan,nan,nan,0.0000000000,0.0000000000,0.0000000000,0.0000000000,0.0000000000,0.0715011582,nan,nan,nan,nan,nan,nan,nan,nan,nan,nan,nan,nan,nan,nan,nan,nan,nan,nan,nan,nan,nan,0.0100421906,0.6499512196,inf,inf,inf,inf,inf,0.0599679947,0.0100216866,inf,inf,inf,inf,inf,inf,inf,1551
1779239126.9802594185,-0.0171911474,0.1024513841,0.0911034197,-0.0109817247,0.0858340788,0.0022985371,3.6419999599,nan,nan,nan,nan,nan,nan,nan,nan,nan,nan,nan,nan,nan,nan,nan,nan,nan,nan,0.0000000000,0.0000000000,0.0000000000,0.0000000000,0.0000000000,0.0715011582,nan,nan,nan,nan,nan,nan,nan,nan,nan,nan,nan,nan,nan,nan,nan,nan,nan,nan,nan,nan,nan,0.0200326443,0.6599416733,inf,inf,inf,inf,inf,0.0699584484,0.0200121403,inf,inf,inf,inf,inf,inf,inf,1551
1779239126.9902729988,-0.0171911474,0.1024513841,0.0911034197,-0.0109817247,0.0858340788,0.0022985371,3.6419999599,nan,nan,nan,nan,nan,nan,nan,nan,nan,nan,nan,nan,nan,nan,nan,nan,nan,nan,0.0000000000,0.0000000000,0.0000000000,0.0000000000,0.0000000000,0.0715011582,nan,nan,nan,nan,nan,nan,nan,nan,nan,nan,nan,nan,nan,nan,nan,nan,nan,nan,nan,nan,nan,0.0300462246,0.6699552536,inf,inf,inf,inf,inf,0.0799720287,0.0300257206,inf,inf,inf,inf,inf,inf,inf,1551
1779239127.0002465248,-0.0171911474,0.1024513841,0.0911034197,-0.0109817247,0.0858340788,0.0022985371,3.6419999599,nan,nan,nan,nan,nan,nan,nan,nan,nan,nan,nan,nan,nan,nan,nan,nan,nan,nan,0.0000000000,0.0000000000,0.0000000000,0.0000000000,0.0000000000,0.0715011582,nan,nan,nan,nan,nan,nan,nan,nan,nan,nan,nan,nan,nan,nan,nan,nan,nan,nan,nan,nan,nan,0.0400197506,0.6799287796,inf,inf,inf,inf,inf,0.0899455547,0.0399992466,inf,inf,inf,inf,inf,inf,inf,1551
1779239127.0102832317,-0.0189278871,0.1023408398,0.0910984799,-0.0109817247,0.0858340788,0.0022985371,3.6419999599,nan,nan,nan,nan,nan,nan,nan,nan,nan,nan,nan,nan,nan,nan,nan,nan,nan,nan,0.0000000000,0.0000000000,0.0000000000,0.0000000000,0.0000000000,0.0715011582,nan,nan,nan,nan,nan,nan,nan,nan,nan,nan,nan,nan,nan,nan,nan,nan,nan,nan,nan,nan,nan,0.0000452995,0.6899654865,inf,inf,inf,inf,inf,0.0000109673,0.0500359535,inf,inf,inf,inf,inf,inf,inf,1551
1779239127.0202891827,-0.0189278871,0.1023408398,0.0910984799,-0.0109817247,0.0858340788,0.0022985371,3.6419999599,nan,nan,nan,nan,nan,nan,nan,nan,nan,nan,nan,nan,nan,nan,nan,nan,nan,nan,0.0000000000,0.0000000000,0.0000000000,0.0000000000,0.0000000000,0.0715011582,nan,nan,nan,nan,nan,nan,nan,nan,nan,nan,nan,nan,nan,nan,nan,nan,nan,nan,nan,nan,nan,0.0100512505,0.6999714375,inf,inf,inf,inf,inf,0.0100169182,0.0600419044,inf,inf,inf,inf,inf,inf,inf,1551
1779239127.0302734375,-0.0189278871,0.1023408398,0.0910984799,-0.0109817247,0.0858340788,0.0022985371,3.6419999599,nan,nan,nan,nan,nan,nan,nan,nan,nan,nan,nan,nan,nan,nan,nan,nan,nan,nan,0.0000000000,0.0000000000,0.0000000000,0.0000000000,0.0000000000,0.0715011582,nan,nan,nan,nan,nan,nan,nan,nan,nan,nan,nan,nan,nan,nan,nan,nan,nan,nan,nan,nan,nan,0.0200355053,0.7099556923,inf,inf,inf,inf,inf,0.0200011730,0.0700261593,inf,inf,inf,inf,inf,inf,inf,1551
1779239127.0402486324,-0.0189278871,0.1023408398,0.0910984799,-0.0109817247,0.0858340788,0.0022985371,3.6419999599,nan,nan,nan,nan,nan,nan,nan,nan,nan,nan,nan,nan,nan,nan,nan,nan,nan,nan,0.0000000000,0.0000000000,0.0000000000,0.0000000000,0.0000000000,0.0715011582,nan,nan,nan,nan,nan,nan,nan,nan,nan,nan,nan,nan,nan,nan,nan,nan,nan,nan,nan,nan,nan,0.0300107002,0.7199308872,inf,inf,inf,inf,inf,0.0299763680,0.0800013542,inf,inf,inf,inf,inf,inf,inf,1551
1779239127.0502617359,-0.0189278871,0.1023408398,0.0910984799,-0.0109817247,0.0858340788,0.0022985371,3.6419999599,nan,nan,nan,nan,nan,nan,nan,nan,nan,nan,nan,nan,nan,nan,nan,nan,nan,nan,0.0000000000,0.0000000000,0.0000000000,0.0000000000,0.0000000000,0.0715011582,nan,nan,nan,nan,nan,nan,nan,nan,nan,nan,nan,nan,nan,nan,nan,nan,nan,nan,nan,nan,nan,0.0400238037,0.7299439907,inf,inf,inf,inf,inf,0.0399894714,0.0900144577,inf,inf,inf,inf,inf,inf,inf,1551
1779239127.0602622032,-0.0208598394,0.1022079065,0.0910897553,-0.0109817247,0.0858340788,0.0022985371,3.6419999599,nan,nan,nan,nan,nan,nan,nan,nan,nan,nan,nan,nan,nan,nan,nan,nan,nan,nan,0.0000000000,0.0000000000,0.0000000000,0.0000000000,0.0000000000,0.0739815384,nan,nan,nan,nan,nan,nan,nan,nan,nan,nan,nan,nan,nan,nan,nan,nan,nan,nan,nan,nan,nan,0.0000333786,0.7399444580,inf,inf,inf,inf,inf,0.0499899387,0.0000097752,inf,inf,inf,inf,inf,inf,inf,1551
1779239127.0702676773,-0.0208598394,0.1022079065,0.0910897553,-0.0109817247,0.0858340788,0.0022985371,3.6419999599,nan,nan,nan,nan,nan,nan,nan,nan,nan,nan,nan,nan,nan,nan,nan,nan,nan,nan,0.0000000000,0.0000000000,0.0000000000,0.0000000000,0.0000000000,0.0739815384,nan,nan,nan,nan,nan,nan,nan,nan,nan,nan,nan,nan,nan,nan,nan,nan,nan,nan,nan,nan,nan,0.0100388527,0.7499499321,inf,inf,inf,inf,inf,0.0599954128,0.0100152493,inf,inf,inf,inf,inf,inf,inf,1551
1779239127.0802564621,-0.0208598394,0.1022079065,0.0910897553,-0.0109817247,0.0858340788,0.0022985371,3.6419999599,nan,nan,nan,nan,nan,nan,nan,nan,nan,nan,nan,nan,nan,nan,nan,nan,nan,nan,0.0000000000,0.0000000000,0.0000000000,0.0000000000,0.0000000000,0.0739815384,nan,nan,nan,nan,nan,nan,nan,nan,nan,nan,nan,nan,nan,nan,nan,nan,nan,nan,nan,nan,nan,0.0200276375,0.7599387169,inf,inf,inf,inf,inf,0.0699841976,0.0200040340,inf,inf,inf,inf,inf,inf,inf,1551
1779239127.0902438164,-0.0208598394,0.1022079065,0.0910897553,-0.0109817247,0.0858340788,0.0022985371,3.6419999599,nan,nan,nan,nan,nan,nan,nan,nan,nan,nan,nan,nan,nan,nan,nan,nan,nan,nan,0.0000000000,0.0000000000,0.0000000000,0.0000000000,0.0000000000,0.0739815384,nan,nan,nan,nan,nan,nan,nan,nan,nan,nan,nan,nan,nan,nan,nan,nan,nan,nan,nan,nan,nan,0.0300149918,0.7699260712,inf,inf,inf,inf,inf,0.0799715519,0.0299913883,inf,inf,inf,inf,inf,inf,inf,1551
1779239127.1002323627,-0.0208598394,0.1022079065,0.0910897553,-0.0109817247,0.0858340788,0.0022985371,3.6419999599,nan,nan,nan,nan,nan,nan,nan,nan,nan,nan,nan,nan,nan,nan,nan,nan,nan,nan,0.0000000000,0.0000000000,0.0000000000,0.0000000000,0.0000000000,0.0739815384,nan,nan,nan,nan,nan,nan,nan,nan,nan,nan,nan,nan,nan,nan,nan,nan,nan,nan,nan,nan,nan,0.0400035381,0.7799146175,inf,inf,inf,inf,inf,0.0899600983,0.0399799347,inf,inf,inf,inf,inf,inf,inf,1551
1779239127.1102347374,-0.0230152402,0.1020373106,0.0910711884,-0.0109817247,0.0858340788,0.0022985371,3.6419999599,nan,nan,nan,nan,nan,nan,nan,nan,nan,nan,nan,nan,nan,nan,nan,nan,nan,nan,0.0000000000,0.0000000000,0.0000000000,0.0000000000,0.0000000000,0.0739815384,nan,nan,nan,nan,nan,nan,nan,nan,nan,nan,nan,nan,nan,nan,nan,nan,nan,nan,nan,nan,nan,0.0000290871,0.7899169922,inf,inf,inf,inf,inf,0.0000083447,0.0499823093,inf,inf,inf,inf,inf,inf,inf,1551
1779239127.1202440262,-0.0230152402,0.1020373106,0.0910711884,-0.0109817247,0.0858340788,0.0022985371,3.6419999599,nan,nan,nan,nan,nan,nan,nan,nan,nan,nan,nan,nan,nan,nan,nan,nan,nan,nan,0.0000000000,0.0000000000,0.0000000000,0.0000000000,0.0000000000,0.0739815384,nan,nan,nan,nan,nan,nan,nan,nan,nan,nan,nan,nan,nan,nan,nan,nan,nan,nan,nan,nan,nan,0.0100383759,0.7999262810,inf,inf,inf,inf,inf,0.0100176334,0.0599915981,inf,inf,inf,inf,inf,inf,inf,1551
1779239127.1302144527,-0.0230152402,0.1020373106,0.0910711884,-0.0109817247,0.0858340788,0.0022985371,3.6419999599,nan,nan,nan,nan,nan,nan,nan,nan,nan,nan,nan,nan,nan,nan,nan,nan,nan,nan,0.0000000000,0.0000000000,0.0000000000,0.0000000000,0.0000000000,0.0739815384,nan,nan,nan,nan,nan,nan,nan,nan,nan,nan,nan,nan,nan,nan,nan,nan,nan,nan,nan,nan,nan,0.0200088024,0.8098967075,inf,inf,inf,inf,inf,0.0199880600,0.0699620247,inf,inf,inf,inf,inf,inf,inf,1551
1779239127.1402211189,-0.0230152402,0.1020373106,0.0910711884,-0.0109817247,0.0858340788,0.0022985371,3.6419999599,nan,nan,nan,nan,nan,nan,nan,nan,nan,nan,nan,nan,nan,nan,nan,nan,nan,nan,0.0000000000,0.0000000000,0.0000000000,0.0000000000,0.0000000000,0.0739815384,nan,nan,nan,nan,nan,nan,nan,nan,nan,nan,nan,nan,nan,nan,nan,nan,nan,nan,nan,nan,nan,0.0300154686,0.8199033737,inf,inf,inf,inf,inf,0.0299947262,0.0799686909,inf,inf,inf,inf,inf,inf,inf,1551
1779239127.1502211094,-0.0230152402,0.1020373106,0.0910711884,-0.0109817247,0.0858340788,0.0022985371,3.6419999599,nan,nan,nan,nan,nan,nan,nan,nan,nan,nan,nan,nan,nan,nan,nan,nan,nan,nan,0.0000000000,0.0000000000,0.0000000000,0.0000000000,0.0000000000,0.0739815384,nan,nan,nan,nan,nan,nan,nan,nan,nan,nan,nan,nan,nan,nan,nan,nan,nan,nan,nan,nan,nan,0.0400154591,0.8299033642,inf,inf,inf,inf,inf,0.0399947166,0.0899686813,inf,inf,inf,inf,inf,inf,inf,1551
1779239127.1602163315,-0.0230152402,0.1020373106,0.0910711884,-0.0109817247,0.0858340788,0.0022985371,3.6419999599,nan,nan,nan,nan,nan,nan,nan,nan,nan,nan,nan,nan,nan,nan,nan,nan,nan,nan,0.0000000000,0.0000000000,0.0000000000,0.0000000000,0.0000000000,0.0764728785,nan,nan,nan,nan,nan,nan,nan,nan,nan,nan,nan,nan,nan,nan,nan,nan,nan,nan,nan,nan,nan,0.0500106812,0.8398985863,inf,inf,inf,inf,inf,0.0499899387,0.0000083447,inf,inf,inf,inf,inf,inf,inf,1551
1779239127.1701884270,-0.0254128724,0.1018441394,0.0910473764,-0.0109817247,0.0858340788,0.0022985371,3.6419999599,nan,nan,nan,nan,nan,nan,nan,nan,nan,nan,nan,nan,nan,nan,nan,nan,nan,nan,0.0000000000,0.0000000000,0.0000000000,0.0000000000,0.0000000000,0.0764728785,nan,nan,nan,nan,nan,nan,nan,nan,nan,nan,nan,nan,nan,nan,nan,nan,nan,nan,nan,nan,nan,0.0000073910,0.8498706818,inf,inf,inf,inf,inf,0.0599620342,0.0099804401,inf,inf,inf,inf,inf,inf,inf,1551
1779239127.1802356243,-0.0254128724,0.1018441394,0.0910473764,-0.0109817247,0.0858340788,0.0022985371,3.6419999599,nan,nan,nan,nan,nan,nan,nan,nan,nan,nan,nan,nan,nan,nan,nan,nan,nan,nan,0.0000000000,0.0000000000,0.0000000000,0.0000000000,0.0000000000,0.0764728785,nan,nan,nan,nan,nan,nan,nan,nan,nan,nan,nan,nan,nan,nan,nan,nan,nan,nan,nan,nan,nan,0.0100545883,0.8599178791,inf,inf,inf,inf,inf,0.0700092316,0.0200276375,inf,inf,inf,inf,inf,inf,inf,1551
1779239127.1902225018,-0.0254128724,0.1018441394,0.0910473764,-0.0109817247,0.0858340788,0.0022985371,3.6419999599,nan,nan,nan,nan,nan,nan,nan,nan,nan,nan,nan,nan,nan,nan,nan,nan,nan,nan,0.0000000000,0.0000000000,0.0000000000,0.0000000000,0.0000000000,0.0764728785,nan,nan,nan,nan,nan,nan,nan,nan,nan,nan,nan,nan,nan,nan,nan,nan,nan,nan,nan,nan,nan,0.0200414658,0.8699047565,inf,inf,inf,inf,inf,0.0799961090,0.0300145149,inf,inf,inf,inf,inf,inf,inf,1551
1779239127.2002387047,-0.0254128724,0.1018441394,0.0910473764,-0.0109817247,0.0858340788,0.0022985371,3.6419999599,nan,nan,nan,nan,nan,nan,nan,nan,nan,nan,nan,nan,nan,nan,nan,nan,nan,nan,0.0000000000,0.0000000000,0.0000000000,0.0000000000,0.0000000000,0.0764728785,nan,nan,nan,nan,nan,nan,nan,nan,nan,nan,nan,nan,nan,nan,nan,nan,nan,nan,nan,nan,nan,0.0300576687,0.8799209595,inf,inf,inf,inf,inf,0.0900123119,0.0400307178,inf,inf,inf,inf,inf,inf,inf,1551
1779239127.2102179527,-0.0103700710,0.1029574126,0.0909838378,-0.0109817247,0.0858340788,0.0022985371,3.6419999599,nan,nan,nan,nan,nan,nan,nan,nan,nan,nan,nan,nan,nan,nan,nan,nan,nan,nan,0.0000000000,0.0000000000,0.0000000000,0.0000000000,0.0000000000,0.0764728785,nan,nan,nan,nan,nan,nan,nan,nan,nan,nan,nan,nan,nan,nan,nan,nan,nan,nan,nan,nan,nan,0.0000290871,0.8899002075,inf,inf,inf,inf,inf,0.0000083447,0.0500099659,inf,inf,inf,inf,inf,inf,inf,1551
1779239127.2202596664,-0.0103700710,0.1029574126,0.0909838378,-0.0109817247,0.0858340788,0.0022985371,3.6419999599,nan,nan,nan,nan,nan,nan,nan,nan,nan,nan,nan,nan,nan,nan,nan,nan,nan,nan,0.0000000000,0.0000000000,0.0000000000,0.0000000000,0.0000000000,0.0764728785,nan,nan,nan,nan,nan,nan,nan,nan,nan,nan,nan,nan,nan,nan,nan,nan,nan,nan,nan,nan,nan,0.0100708008,0.8999419212,inf,inf,inf,inf,inf,0.0100500584,0.0600516796,inf,inf,inf,inf,inf,inf,inf,1551
1779239127.2302234173,-0.0103700710,0.1029574126,0.0909838378,-0.0109817247,0.0858340788,0.0022985371,3.6419999599,nan,nan,nan,nan,nan,nan,nan,nan,nan,nan,nan,nan,nan,nan,nan,nan,nan,nan,0.0000000000,0.0000000000,0.0000000000,0.0000000000,0.0000000000,0.0764728785,nan,nan,nan,nan,nan,nan,nan,nan,nan,nan,nan,nan,nan,nan,nan,nan,nan,nan,nan,nan,nan,0.0200345516,0.9099056721,inf,inf,inf,inf,inf,0.0200138092,0.0700154305,inf,inf,inf,inf,inf,inf,inf,1551
1779239127.2402262688,-0.0103700710,0.1029574126,0.0909838378,-0.0109817247,0.0858340788,0.0022985371,3.6419999599,nan,nan,nan,nan,nan,nan,nan,nan,nan,nan,nan,nan,nan,nan,nan,nan,nan,nan,0.0000000000,0.0000000000,0.0000000000,0.0000000000,0.0000000000,0.0764728785,nan,nan,nan,nan,nan,nan,nan,nan,nan,nan,nan,nan,nan,nan,nan,nan,nan,nan,nan,nan,nan,0.0300374031,0.9199085236,inf,inf,inf,inf,inf,0.0300166607,0.0800182819,inf,inf,inf,inf,inf,inf,inf,1551
1779239127.2502548695,-0.0103700710,0.1029574126,0.0909838378,-0.0109817247,0.0858340788,0.0022985371,3.6419999599,nan,nan,nan,nan,nan,nan,nan,nan,nan,nan,nan,nan,nan,nan,nan,nan,nan,nan,0.0000000000,0.0000000000,0.0000000000,0.0000000000,0.0000000000,0.0764728785,nan,nan,nan,nan,nan,nan,nan,nan,nan,nan,nan,nan,nan,nan,nan,nan,nan,nan,nan,nan,nan,0.0400660038,0.9299371243,inf,inf,inf,inf,inf,0.0400452614,0.0900468826,inf,inf,inf,inf,inf,inf,inf,1551
1779239127.2602200508,-0.0110636922,0.1028922051,0.0909456164,-0.0109817247,0.0858340788,0.0022985371,3.6419999599,nan,nan,nan,nan,nan,nan,nan,nan,nan,nan,nan,nan,nan,nan,nan,nan,nan,nan,0.0000000000,0.0000000000,0.0000000000,0.0000000000,0.0000000000,0.0736212805,nan,nan,nan,nan,nan,nan,nan,nan,nan,nan,nan,nan,nan,nan,nan,nan,nan,nan,nan,nan,nan,0.0000267029,0.9399023056,inf,inf,inf,inf,inf,0.0500104427,0.0000076294,inf,inf,inf,inf,inf,inf,inf,1551
1779239127.2702260017,-0.0110636922,0.1028922051,0.0909456164,-0.0109817247,0.0858340788,0.0022985371,3.6419999599,nan,nan,nan,nan,nan,nan,nan,nan,nan,nan,nan,nan,nan,nan,nan,nan,nan,nan,0.0000000000,0.0000000000,0.0000000000,0.0000000000,0.0000000000,0.0736212805,nan,nan,nan,nan,nan,nan,nan,nan,nan,nan,nan,nan,nan,nan,nan,nan,nan,nan,nan,nan,nan,0.0100326538,0.9499082565,inf,inf,inf,inf,inf,0.0600163937,0.0100135803,inf,inf,inf,inf,inf,inf,inf,1551
1779239127.2802224159,-0.0110636922,0.1028922051,0.0909456164,-0.0109817247,0.0858340788,0.0022985371,3.6419999599,nan,nan,nan,nan,nan,nan,nan,nan,nan,nan,nan,nan,nan,nan,nan,nan,nan,nan,0.0000000000,0.0000000000,0.0000000000,0.0000000000,0.0000000000,0.0736212805,nan,nan,nan,nan,nan,nan,nan,nan,nan,nan,nan,nan,nan,nan,nan,nan,nan,nan,nan,nan,nan,0.0200290680,0.9599046707,inf,inf,inf,inf,inf,0.0700128078,0.0200099945,inf,inf,inf,inf,inf,inf,inf,1551
1779239127.2902412415,-0.0110636922,0.1028922051,0.0909456164,-0.0109817247,0.0858340788,0.0022985371,3.6419999599,nan,nan,nan,nan,nan,nan,nan,nan,nan,nan,nan,nan,nan,nan,nan,nan,nan,nan,0.0000000000,0.0000000000,0.0000000000,0.0000000000,0.0000000000,0.0736212805,nan,nan,nan,nan,nan,nan,nan,nan,nan,nan,nan,nan,nan,nan,nan,nan,nan,nan,nan,nan,nan,0.0300478935,0.9699234962,inf,inf,inf,inf,inf,0.0800316334,0.0300288200,inf,inf,inf,inf,inf,inf,inf,1551
1779239127.3002841473,-0.0110636922,0.1028922051,0.0909456164,-0.0109817247,0.0858340788,0.0022985371,3.6419999599,nan,nan,nan,nan,nan,nan,nan,nan,nan,nan,nan,nan,nan,nan,nan,nan,nan,nan,0.0000000000,0.0000000000,0.0000000000,0.0000000000,0.0000000000,0.0736212805,nan,nan,nan,nan,nan,nan,nan,nan,nan,nan,nan,nan,nan,nan,nan,nan,nan,nan,nan,nan,nan,0.0400907993,0.9799664021,inf,inf,inf,inf,inf,0.0900745392,0.0400717258,inf,inf,inf,inf,inf,inf,inf,1551
1779239127.3102810383,-0.0119059104,0.1028080061,0.0909235701,-0.0109817247,0.0858340788,0.0022985371,3.6419999599,nan,nan,nan,nan,nan,nan,nan,nan,nan,nan,nan,nan,nan,nan,nan,nan,nan,nan,0.0000000000,0.0000000000,0.0000000000,0.0000000000,0.0000000000,0.0736212805,nan,nan,nan,nan,nan,nan,nan,nan,nan,nan,nan,nan,nan,nan,nan,nan,nan,nan,nan,nan,nan,0.0000367165,0.9899632931,inf,inf,inf,inf,inf,0.0000121593,0.0500686169,inf,inf,inf,inf,inf,inf,inf,1551
1779239127.3202493191,-0.0119059104,0.1028080061,0.0909235701,-0.0109817247,0.0858340788,0.0022985371,3.6419999599,nan,nan,nan,nan,nan,nan,nan,nan,nan,nan,nan,nan,nan,nan,nan,nan,nan,nan,0.0000000000,0.0000000000,0.0000000000,0.0000000000,0.0000000000,0.0736212805,nan,nan,nan,nan,nan,nan,nan,nan,nan,nan,nan,nan,nan,nan,nan,nan,nan,nan,nan,nan,nan,0.0100049973,0.0000114441,inf,inf,inf,inf,inf,0.0099804401,0.0600368977,inf,inf,inf,inf,inf,inf,inf,1551
1779239127.3302755356,-0.0119059104,0.1028080061,0.0909235701,-0.0109817247,0.0858340788,0.0022985371,3.6419999599,nan,nan,nan,nan,nan,nan,nan,nan,nan,nan,nan,nan,nan,nan,nan,nan,nan,nan,0.0000000000,0.0000000000,0.0000000000,0.0000000000,0.0000000000,0.0736212805,nan,nan,nan,nan,nan,nan,nan,nan,nan,nan,nan,nan,nan,nan,nan,nan,nan,nan,nan,nan,nan,0.0200312138,0.0100376606,inf,inf,inf,inf,inf,0.0200066566,0.0700631142,inf,inf,inf,inf,inf,inf,inf,1551
1779239127.3403275013,-0.0119059104,0.1028080061,0.0909235701,-0.0109817247,0.0858340788,0.0022985371,3.6419999599,nan,nan,nan,nan,nan,nan,nan,nan,nan,nan,nan,nan,nan,nan,nan,nan,nan,nan,0.0000000000,0.0000000000,0.0000000000,0.0000000000,0.0000000000,0.0736212805,nan,nan,nan,nan,nan,nan,nan,nan,nan,nan,nan,nan,nan,nan,nan,nan,nan,nan,nan,nan,nan,0.0300831795,0.0200896263,inf,inf,inf,inf,inf,0.0300586224,0.0801150799,inf,inf,inf,inf,inf,inf,inf,1551
1779239127.3502745628,-0.0119059104,0.1028080061,0.0909235701,-0.0109817247,0.0858340788,0.0022985371,3.6419999599,nan,nan,nan,nan,nan,nan,nan,nan,nan,nan,nan,nan,nan,nan,nan,nan,nan,nan,0.0000000000,0.0000000000,0.0000000000,0.0000000000,0.0000000000,0.0736212805,nan,nan,nan,nan,nan,nan,nan,nan,nan,nan,nan,nan,nan,nan,nan,nan,nan,nan,nan,nan,nan,0.0400302410,0.0300366879,inf,inf,inf,inf,inf,0.0400056839,0.0900621414,inf,inf,inf,inf,inf,inf,inf,1551
1779239127.3602471352,-0.0129420357,0.1027014926,0.0909002498,-0.0109817247,0.0858340788,0.0022985371,3.6419999599,nan,nan,nan,nan,nan,nan,nan,nan,nan,nan,nan,nan,nan,nan,nan,nan,nan,nan,0.0000000000,0.0000000000,0.0000000000,0.0000000000,0.0000000000,0.0749955326,nan,nan,nan,nan,nan,nan,nan,nan,nan,nan,nan,nan,nan,nan,nan,nan,nan,nan,nan,nan,nan,0.0000443459,0.0400092602,inf,inf,inf,inf,inf,0.0499782562,0.0000116825,inf,inf,inf,inf,inf,inf,inf,1551
1779239127.3702301979,-0.0129420357,0.1027014926,0.0909002498,-0.0109817247,0.0858340788,0.0022985371,3.6419999599,nan,nan,nan,nan,nan,nan,nan,nan,nan,nan,nan,nan,nan,nan,nan,nan,nan,nan,0.0000000000,0.0000000000,0.0000000000,0.0000000000,0.0000000000,0.0749955326,nan,nan,nan,nan,nan,nan,nan,nan,nan,nan,nan,nan,nan,nan,nan,nan,nan,nan,nan,nan,nan,0.0100274086,0.0499923229,inf,inf,inf,inf,inf,0.0599613190,0.0099947453,inf,inf,inf,inf,inf,inf,inf,1551
1779239127.3802349567,-0.0129420357,0.1027014926,0.0909002498,-0.0109817247,0.0858340788,0.0022985371,3.6419999599,nan,nan,nan,nan,nan,nan,nan,nan,nan,nan,nan,nan,nan,nan,nan,nan,nan,nan,0.0000000000,0.0000000000,0.0000000000,0.0000000000,0.0000000000,0.0749955326,nan,nan,nan,nan,nan,nan,nan,nan,nan,nan,nan,nan,nan,nan,nan,nan,nan,nan,nan,nan,nan,0.0200321674,0.0599970818,inf,inf,inf,inf,inf,0.0699660778,0.0199995041,inf,inf,inf,inf,inf,inf,inf,1551
1779239127.3902788162,-0.0129420357,0.1027014926,0.0909002498,-0.0109817247,0.0858340788,0.0022985371,3.6419999599,nan,nan,nan,nan,nan,nan,nan,nan,nan,nan,nan,nan,nan,nan,nan,nan,nan,nan,0.0000000000,0.0000000000,0.0000000000,0.0000000000,0.0000000000,0.0749955326,nan,nan,nan,nan,nan,nan,nan,nan,nan,nan,nan,nan,nan,nan,nan,nan,nan,nan,nan,nan,nan,0.0300760269,0.0700409412,inf,inf,inf,inf,inf,0.0800099373,0.0300433636,inf,inf,inf,inf,inf,inf,inf,1551
1779239127.4002654552,-0.0129420357,0.1027014926,0.0909002498,-0.0109817247,0.0858340788,0.0022985371,3.6419999599,nan,nan,nan,nan,nan,nan,nan,nan,nan,nan,nan,nan,nan,nan,nan,nan,nan,nan,0.0000000000,0.0000000000,0.0000000000,0.0000000000,0.0000000000,0.0749955326,nan,nan,nan,nan,nan,nan,nan,nan,nan,nan,nan,nan,nan,nan,nan,nan,nan,nan,nan,nan,nan,0.0400626659,0.0800275803,inf,inf,inf,inf,inf,0.0899965763,0.0400300026,inf,inf,inf,inf,inf,inf,inf,1551
1779239127.4102389812,-0.0141326301,0.1025655568,0.0908973441,-0.0109817247,0.0858340788,0.0022985371,3.6419999599,nan,nan,nan,nan,nan,nan,nan,nan,nan,nan,nan,nan,nan,nan,nan,nan,nan,nan,0.0000000000,0.0000000000,0.0000000000,0.0000000000,0.0000000000,0.0749955326,nan,nan,nan,nan,nan,nan,nan,nan,nan,nan,nan,nan,nan,nan,nan,nan,nan,nan,nan,nan,nan,0.0000350475,0.0900011063,inf,inf,inf,inf,inf,0.0000109673,0.0500035286,inf,inf,inf,inf,inf,inf,inf,1551
1779239127.4203028679,-0.0141326301,0.1025655568,0.0908973441,-0.0109817247,0.0858340788,0.0022985371,3.6419999599,nan,nan,nan,nan,nan,nan,nan,nan,nan,nan,nan,nan,nan,nan,nan,nan,nan,nan,0.0000000000,0.0000000000,0.0000000000,0.0000000000,0.0000000000,0.0749955326,nan,nan,nan,nan,nan,nan,nan,nan,nan,nan,nan,nan,nan,nan,nan,nan,nan,nan,nan,nan,nan,0.0100989342,0.1000649929,inf,inf,inf,inf,inf,0.0100748539,0.0600674152,inf,inf,inf,inf,inf,inf,inf,1551
1779239127.4302794933,-0.0141326301,0.1025655568,0.0908973441,-0.0109817247,0.0858340788,0.0022985371,3.6419999599,nan,nan,nan,nan,nan,nan,nan,nan,nan,nan,nan,nan,nan,nan,nan,nan,nan,nan,0.0000000000,0.0000000000,0.0000000000,0.0000000000,0.0000000000,0.0749955326,nan,nan,nan,nan,nan,nan,nan,nan,nan,nan,nan,nan,nan,nan,nan,nan,nan,nan,nan,nan,nan,0.0200755596,0.1100416183,inf,inf,inf,inf,inf,0.0200514793,0.0700440407,inf,inf,inf,inf,inf,inf,inf,1551
1779239127.4402747154,-0.0141326301,0.1025655568,0.0908973441,-0.0109817247,0.0858340788,0.0022985371,3.6419999599,nan,nan,nan,nan,nan,nan,nan,nan,nan,nan,nan,nan,nan,nan,nan,nan,nan,nan,0.0000000000,0.0000000000,0.0000000000,0.0000000000,0.0000000000,0.0749955326,nan,nan,nan,nan,nan,nan,nan,nan,nan,nan,nan,nan,nan,nan,nan,nan,nan,nan,nan,nan,nan,0.0300707817,0.1200368404,inf,inf,inf,inf,inf,0.0300467014,0.0800392628,inf,inf,inf,inf,inf,inf,inf,1551
1779239127.4502727985,-0.0141326301,0.1025655568,0.0908973441,-0.0109817247,0.0858340788,0.0022985371,3.6419999599,nan,nan,nan,nan,nan,nan,nan,nan,nan,nan,nan,nan,nan,nan,nan,nan,nan,nan,0.0000000000,0.0000000000,0.0000000000,0.0000000000,0.0000000000,0.0749955326,nan,nan,nan,nan,nan,nan,nan,nan,nan,nan,nan,nan,nan,nan,nan,nan,nan,nan,nan,nan,nan,0.0400688648,0.1300349236,inf,inf,inf,inf,inf,0.0400447845,0.0900373459,inf,inf,inf,inf,inf,inf,inf,1551
1779239127.4602501392,-0.0155150574,0.1024043411,0.0908785537,-0.0109817247,0.0858340788,0.0022985371,3.6419999599,nan,nan,nan,nan,nan,nan,nan,nan,nan,nan,nan,nan,nan,nan,nan,nan,nan,nan,0.0000000000,0.0000000000,0.0000000000,0.0000000000,0.0000000000,0.0804128274,nan,nan,nan,nan,nan,nan,nan,nan,nan,nan,nan,nan,nan,nan,nan,nan,nan,nan,nan,nan,nan,0.0000312328,0.1400122643,inf,inf,inf,inf,inf,0.0500221252,0.0000107288,inf,inf,inf,inf,inf,inf,inf,1551
1779239127.4702775478,-0.0155150574,0.1024043411,0.0908785537,-0.0109817247,0.0858340788,0.0022985371,3.6419999599,nan,nan,nan,nan,nan,nan,nan,nan,nan,nan,nan,nan,nan,nan,nan,nan,nan,nan,0.0000000000,0.0000000000,0.0000000000,0.0000000000,0.0000000000,0.0804128274,nan,nan,nan,nan,nan,nan,nan,nan,nan,nan,nan,nan,nan,nan,nan,nan,nan,nan,nan,nan,nan,0.0100586414,0.1500396729,inf,inf,inf,inf,inf,0.0600495338,0.0100381374,inf,inf,inf,inf,inf,inf,inf,1551
1779239127.4802598953,-0.0155150574,0.1024043411,0.0908785537,-0.0109817247,0.0858340788,0.0022985371,3.6419999599,nan,nan,nan,nan,nan,nan,nan,nan,nan,nan,nan,nan,nan,nan,nan,nan,nan,nan,0.0000000000,0.0000000000,0.0000000000,0.0000000000,0.0000000000,0.0804128274,nan,nan,nan,nan,nan,nan,nan,nan,nan,nan,nan,nan,nan,nan,nan,nan,nan,nan,nan,nan,nan,0.0200409889,0.1600220203,inf,inf,inf,inf,inf,0.0700318813,0.0200204849,inf,inf,inf,inf,inf,inf,inf,1551
1779239127.4902691841,-0.0155150574,0.1024043411,0.0908785537,-0.0109817247,0.0858340788,0.0022985371,3.6419999599,nan,nan,nan,nan,nan,nan,nan,nan,nan,nan,nan,nan,nan,nan,nan,nan,nan,nan,0.0000000000,0.0000000000,0.0000000000,0.0000000000,0.0000000000,0.0804128274,nan,nan,nan,nan,nan,nan,nan,nan,nan,nan,nan,nan,nan,nan,nan,nan,nan,nan,nan,nan,nan,0.0300502777,0.1700313091,inf,inf,inf,inf,inf,0.0800411701,0.0300297737,inf,inf,inf,inf,inf,inf,inf,1551
1779239127.5002727509,-0.0155150574,0.1024043411,0.0908785537,-0.0109817247,0.0858340788,0.0022985371,3.6419999599,nan,nan,nan,nan,nan,nan,nan,nan,nan,nan,nan,nan,nan,nan,nan,nan,nan,nan,0.0000000000,0.0000000000,0.0000000000,0.0000000000,0.0000000000,0.0804128274,nan,nan,nan,nan,nan,nan,nan,nan,nan,nan,nan,nan,nan,nan,nan,nan,nan,nan,nan,nan,nan,0.0400538445,0.1800348759,inf,inf,inf,inf,inf,0.0900447369,0.0400333405,inf,inf,inf,inf,inf,inf,inf,1551
1779239127.5102524757,-0.0171086546,0.1022090688,0.0908118561,-0.0109817247,0.0858340788,0.0022985371,3.6419999599,nan,nan,nan,nan,nan,nan,nan,nan,nan,nan,nan,nan,nan,nan,nan,nan,nan,nan,0.0000000000,0.0000000000,0.0000000000,0.0000000000,0.0000000000,0.0804128274,nan,nan,nan,nan,nan,nan,nan,nan,nan,nan,nan,nan,nan,nan,nan,nan,nan,nan,nan,nan,nan,0.0000324249,0.1900146008,inf,inf,inf,inf,inf,0.0000107288,0.0500130653,inf,inf,inf,inf,inf,inf,inf,1551
1779239127.5202615261,-0.0171086546,0.1022090688,0.0908118561,-0.0109817247,0.0858340788,0.0022985371,3.6419999599,nan,nan,nan,nan,nan,nan,nan,nan,nan,nan,nan,nan,nan,nan,nan,nan,nan,nan,0.0000000000,0.0000000000,0.0000000000,0.0000000000,0.0000000000,0.0804128274,nan,nan,nan,nan,nan,nan,nan,nan,nan,nan,nan,nan,nan,nan,nan,nan,nan,nan,nan,nan,nan,0.0100414753,0.2000236511,inf,inf,inf,inf,inf,0.0100197792,0.0600221157,inf,inf,inf,inf,inf,inf,inf,1551
1779239127.5302236080,-0.0171086546,0.1022090688,0.0908118561,-0.0109817247,0.0858340788,0.0022985371,3.6419999599,nan,nan,nan,nan,nan,nan,nan,nan,nan,nan,nan,nan,nan,nan,nan,nan,nan,nan,0.0000000000,0.0000000000,0.0000000000,0.0000000000,0.0000000000,0.0804128274,nan,nan,nan,nan,nan,nan,nan,nan,nan,nan,nan,nan,nan,nan,nan,nan,nan,nan,nan,nan,nan,0.0200035572,0.2099857330,inf,inf,inf,inf,inf,0.0199818611,0.0699841976,inf,inf,inf,inf,inf,inf,inf,1551
1779239127.5402531624,-0.0171086546,0.1022090688,0.0908118561,-0.0109817247,0.0858340788,0.0022985371,3.6419999599,nan,nan,nan,nan,nan,nan,nan,nan,nan,nan,nan,nan,nan,nan,nan,nan,nan,nan,0.0000000000,0.0000000000,0.0000000000,0.0000000000,0.0000000000,0.0804128274,nan,nan,nan,nan,nan,nan,nan,nan,nan,nan,nan,nan,nan,nan,nan,nan,nan,nan,nan,nan,nan,0.0300331116,0.2200152874,inf,inf,inf,inf,inf,0.0300114155,0.0800137520,inf,inf,inf,inf,inf,inf,inf,1551
1779239127.5502555370,-0.0171086546,0.1022090688,0.0908118561,-0.0109817247,0.0858340788,0.0022985371,3.6419999599,nan,nan,nan,nan,nan,nan,nan,nan,nan,nan,nan,nan,nan,nan,nan,nan,nan,nan,0.0000000000,0.0000000000,0.0000000000,0.0000000000,0.0000000000,0.0804128274,nan,nan,nan,nan,nan,nan,nan,nan,nan,nan,nan,nan,nan,nan,nan,nan,nan,nan,nan,nan,nan,0.0400354862,0.2300176620,inf,inf,inf,inf,inf,0.0400137901,0.0900161266,inf,inf,inf,inf,inf,inf,inf,1551
1779239127.5602593422,-0.0189098734,0.1019919068,0.0907216817,-0.0109817247,0.0858340788,0.0022985371,3.6419999599,nan,nan,nan,nan,nan,nan,nan,nan,nan,nan,nan,nan,nan,nan,nan,nan,nan,nan,0.0000000000,0.0000000000,0.0000000000,0.0000000000,0.0000000000,0.0811498761,nan,nan,nan,nan,nan,nan,nan,nan,nan,nan,nan,nan,nan,nan,nan,nan,nan,nan,nan,nan,nan,0.0000333786,0.2400214672,inf,inf,inf,inf,inf,0.0500175953,0.0000109673,inf,inf,inf,inf,inf,inf,inf,1551
1779239127.5702681541,-0.0189098734,0.1019919068,0.0907216817,-0.0109817247,0.0858340788,0.0022985371,3.6419999599,nan,nan,nan,nan,nan,nan,nan,nan,nan,nan,nan,nan,nan,nan,nan,nan,nan,nan,0.0000000000,0.0000000000,0.0000000000,0.0000000000,0.0000000000,0.0811498761,nan,nan,nan,nan,nan,nan,nan,nan,nan,nan,nan,nan,nan,nan,nan,nan,nan,nan,nan,nan,nan,0.0100421906,0.2500302792,inf,inf,inf,inf,inf,0.0600264072,0.0100197792,inf,inf,inf,inf,inf,inf,inf,1551
1779239127.5802624226,-0.0189098734,0.1019919068,0.0907216817,-0.0109817247,0.0858340788,0.0022985371,3.6419999599,nan,nan,nan,nan,nan,nan,nan,nan,nan,nan,nan,nan,nan,nan,nan,nan,nan,nan,0.0000000000,0.0000000000,0.0000000000,0.0000000000,0.0000000000,0.0811498761,nan,nan,nan,nan,nan,nan,nan,nan,nan,nan,nan,nan,nan,nan,nan,nan,nan,nan,nan,nan,nan,0.0200364590,0.2600245476,inf,inf,inf,inf,inf,0.0700206757,0.0200140476,inf,inf,inf,inf,inf,inf,inf,1551
1779239127.5902612209,-0.0189098734,0.1019919068,0.0907216817,-0.0109817247,0.0858340788,0.0022985371,3.6419999599,nan,nan,nan,nan,nan,nan,nan,nan,nan,nan,nan,nan,nan,nan,nan,nan,nan,nan,0.0000000000,0.0000000000,0.0000000000,0.0000000000,0.0000000000,0.0811498761,nan,nan,nan,nan,nan,nan,nan,nan,nan,nan,nan,nan,nan,nan,nan,nan,nan,nan,nan,nan,nan,0.0300352573,0.2700233459,inf,inf,inf,inf,inf,0.0800194740,0.0300128460,inf,inf,inf,inf,inf,inf,inf,1551
1779239127.6002686024,-0.0189098734,0.1019919068,0.0907216817,-0.0109817247,0.0858340788,0.0022985371,3.6419999599,nan,nan,nan,nan,nan,nan,nan,nan,nan,nan,nan,nan,nan,nan,nan,nan,nan,nan,0.0000000000,0.0000000000,0.0000000000,0.0000000000,0.0000000000,0.0811498761,nan,nan,nan,nan,nan,nan,nan,nan,nan,nan,nan,nan,nan,nan,nan,nan,nan,nan,nan,nan,nan,0.0400426388,0.2800307274,inf,inf,inf,inf,inf,0.0900268555,0.0400202274,inf,inf,inf,inf,inf,inf,inf,1551
1779239127.6103408337,-0.0104372082,0.1029375494,0.0909973159,-0.0109817247,0.0858340788,0.0022985371,3.6419999599,nan,nan,nan,nan,nan,nan,nan,nan,nan,nan,nan,nan,nan,nan,nan,nan,nan,nan,0.0000000000,0.0000000000,0.0000000000,0.0000000000,0.0000000000,0.0811498761,nan,nan,nan,nan,nan,nan,nan,nan,nan,nan,nan,nan,nan,nan,nan,nan,nan,nan,nan,nan,nan,0.0000545979,0.2901029587,inf,inf,inf,inf,inf,0.0000178814,0.0500924587,inf,inf,inf,inf,inf,inf,inf,1551
1779239127.6202988625,-0.0104372082,0.1029375494,0.0909973159,-0.0109817247,0.0858340788,0.0022985371,3.6419999599,nan,nan,nan,nan,nan,nan,nan,nan,nan,nan,nan,nan,nan,nan,nan,nan,nan,nan,0.0000000000,0.0000000000,0.0000000000,0.0000000000,0.0000000000,0.0811498761,nan,nan,nan,nan,nan,nan,nan,nan,nan,nan,nan,nan,nan,nan,nan,nan,nan,nan,nan,nan,nan,0.0100126266,0.3000609875,inf,inf,inf,inf,inf,0.0099759102,0.0600504875,inf,inf,inf,inf,inf,inf,inf,1551
1779239127.6303112507,-0.0104372082,0.1029375494,0.0909973159,-0.0109817247,0.0858340788,0.0022985371,3.6419999599,nan,nan,nan,nan,nan,nan,nan,nan,nan,nan,nan,nan,nan,nan,nan,nan,nan,nan,0.0000000000,0.0000000000,0.0000000000,0.0000000000,0.0000000000,0.0811498761,nan,nan,nan,nan,nan,nan,nan,nan,nan,nan,nan,nan,nan,nan,nan,nan,nan,nan,nan,nan,nan,0.0200250149,0.3100733757,inf,inf,inf,inf,inf,0.0199882984,0.0700628757,inf,inf,inf,inf,inf,inf,inf,1551
1779239127.6402628422,-0.0104372082,0.1029375494,0.0909973159,-0.0109817247,0.0858340788,0.0022985371,3.6419999599,nan,nan,nan,nan,nan,nan,nan,nan,nan,nan,nan,nan,nan,nan,nan,nan,nan,nan,0.0000000000,0.0000000000,0.0000000000,0.0000000000,0.0000000000,0.0811498761,nan,nan,nan,nan,nan,nan,nan,nan,nan,nan,nan,nan,nan,nan,nan,nan,nan,nan,nan,nan,nan,0.0299766064,0.3200249672,inf,inf,inf,inf,inf,0.0299398899,0.0800144672,inf,inf,inf,inf,inf,inf,inf,1551
1779239127.6502561569,-0.0104372082,0.1029375494,0.0909973159,-0.0109817247,0.0858340788,0.0022985371,3.6419999599,nan,nan,nan,nan,nan,nan,nan,nan,nan,nan,nan,nan,nan,nan,nan,nan,nan,nan,0.0000000000,0.0000000000,0.0000000000,0.0000000000,0.0000000000,0.0811498761,nan,nan,nan,nan,nan,nan,nan,nan,nan,nan,nan,nan,nan,nan,nan,nan,nan,nan,nan,nan,nan,0.0399699211,0.3300182819,inf,inf,inf,inf,inf,0.0399332047,0.0900077820,inf,inf,inf,inf,inf,inf,inf,1551
1779239127.6602826118,-0.0109813167,0.1028446853,0.0909549296,-0.0109817247,0.0858340788,0.0022985371,3.6419999599,nan,nan,nan,nan,nan,nan,nan,nan,nan,nan,nan,nan,nan,nan,nan,nan,nan,nan,0.0000000000,0.0000000000,0.0000000000,0.0000000000,0.0000000000,0.0818159357,nan,nan,nan,nan,nan,nan,nan,nan,nan,nan,nan,nan,nan,nan,nan,nan,nan,nan,nan,nan,nan,0.0000410080,0.3400447369,inf,inf,inf,inf,inf,0.0499596596,0.0000138283,inf,inf,inf,inf,inf,inf,inf,1551
1779239127.6702628136,-0.0109813167,0.1028446853,0.0909549296,-0.0109817247,0.0858340788,0.0022985371,3.6419999599,nan,nan,nan,nan,nan,nan,nan,nan,nan,nan,nan,nan,nan,nan,nan,nan,nan,nan,0.0000000000,0.0000000000,0.0000000000,0.0000000000,0.0000000000,0.0818159357,nan,nan,nan,nan,nan,nan,nan,nan,nan,nan,nan,nan,nan,nan,nan,nan,nan,nan,nan,nan,nan,0.0100212097,0.3500249386,inf,inf,inf,inf,inf,0.0599398613,0.0099940300,inf,inf,inf,inf,inf,inf,inf,1551
1779239127.6802501678,-0.0109813167,0.1028446853,0.0909549296,-0.0109817247,0.0858340788,0.0022985371,3.6419999599,nan,nan,nan,nan,nan,nan,nan,nan,nan,nan,nan,nan,nan,nan,nan,nan,nan,nan,0.0000000000,0.0000000000,0.0000000000,0.0000000000,0.0000000000,0.0818159357,nan,nan,nan,nan,nan,nan,nan,nan,nan,nan,nan,nan,nan,nan,nan,nan,nan,nan,nan,nan,nan,0.0200085640,0.3600122929,inf,inf,inf,inf,inf,0.0699272156,0.0199813843,inf,inf,inf,inf,inf,inf,inf,1551
1779239127.6902594566,-0.0109813167,0.1028446853,0.0909549296,-0.0109817247,0.0858340788,0.0022985371,3.6419999599,nan,nan,nan,nan,nan,nan,nan,nan,nan,nan,nan,nan,nan,nan,nan,nan,nan,nan,0.0000000000,0.0000000000,0.0000000000,0.0000000000,0.0000000000,0.0818159357,nan,nan,nan,nan,nan,nan,nan,nan,nan,nan,nan,nan,nan,nan,nan,nan,nan,nan,nan,nan,nan,0.0300178528,0.3700215816,inf,inf,inf,inf,inf,0.0799365044,0.0299906731,inf,inf,inf,inf,inf,inf,inf,1551
1779239127.7002239227,-0.0109813167,0.1028446853,0.0909549296,-0.0109817247,0.0858340788,0.0022985371,3.6419999599,nan,nan,nan,nan,nan,nan,nan,nan,nan,nan,nan,nan,nan,nan,nan,nan,nan,nan,0.0000000000,0.0000000000,0.0000000000,0.0000000000,0.0000000000,0.0818159357,nan,nan,nan,nan,nan,nan,nan,nan,nan,nan,nan,nan,nan,nan,nan,nan,nan,nan,nan,nan,nan,0.0399823189,0.3799860477,inf,inf,inf,inf,inf,0.0899009705,0.0399551392,inf,inf,inf,inf,inf,inf,inf,1551
1779239127.7102141380,-0.0104967589,0.1029213667,0.0909867510,-0.0109817247,0.0858340788,0.0022985371,3.6419999599,nan,nan,nan,nan,nan,nan,nan,nan,nan,nan,nan,nan,nan,nan,nan,nan,nan,nan,0.0000000000,0.0000000000,0.0000000000,0.0000000000,0.0000000000,0.0818159357,nan,nan,nan,nan,nan,nan,nan,nan,nan,nan,nan,nan,nan,nan,nan,nan,nan,nan,nan,nan,nan,0.0000240803,0.3899762630,inf,inf,inf,inf,inf,0.0000069141,0.0499453545,inf,inf,inf,inf,inf,inf,inf,1551
1779239127.7202606201,-0.0104967589,0.1029213667,0.0909867510,-0.0109817247,0.0858340788,0.0022985371,3.6419999599,nan,nan,nan,nan,nan,nan,nan,nan,nan,nan,nan,nan,nan,nan,nan,nan,nan,nan,0.0000000000,0.0000000000,0.0000000000,0.0000000000,0.0000000000,0.0818159357,nan,nan,nan,nan,nan,nan,nan,nan,nan,nan,nan,nan,nan,nan,nan,nan,nan,nan,nan,nan,nan,0.0100705624,0.4000227451,inf,inf,inf,inf,inf,0.0100533962,0.0599918365,inf,inf,inf,inf,inf,inf,inf,1551
1779239127.7302258015,-0.0104967589,0.1029213667,0.0909867510,-0.0109817247,0.0858340788,0.0022985371,3.6419999599,nan,nan,nan,nan,nan,nan,nan,nan,nan,nan,nan,nan,nan,nan,nan,nan,nan,nan,0.0000000000,0.0000000000,0.0000000000,0.0000000000,0.0000000000,0.0818159357,nan,nan,nan,nan,nan,nan,nan,nan,nan,nan,nan,nan,nan,nan,nan,nan,nan,nan,nan,nan,nan,0.0200357437,0.4099879265,inf,inf,inf,inf,inf,0.0200185776,0.0699570179,inf,inf,inf,inf,inf,inf,inf,1551
1779239127.7402405739,-0.0104967589,0.1029213667,0.0909867510,-0.0109817247,0.0858340788,0.0022985371,3.6419999599,nan,nan,nan,nan,nan,nan,nan,nan,nan,nan,nan,nan,nan,nan,nan,nan,nan,nan,0.0000000000,0.0000000000,0.0000000000,0.0000000000,0.0000000000,0.0818159357,nan,nan,nan,nan,nan,nan,nan,nan,nan,nan,nan,nan,nan,nan,nan,nan,nan,nan,nan,nan,nan,0.0300505161,0.4200026989,inf,inf,inf,inf,inf,0.0300333500,0.0799717903,inf,inf,inf,inf,inf,inf,inf,1551
1779239127.7502279282,-0.0104967589,0.1029213667,0.0909867510,-0.0109817247,0.0858340788,0.0022985371,3.6419999599,nan,nan,nan,nan,nan,nan,nan,nan,nan,nan,nan,nan,nan,nan,nan,nan,nan,nan,0.0000000000,0.0000000000,0.0000000000,0.0000000000,0.0000000000,0.0818159357,nan,nan,nan,nan,nan,nan,nan,nan,nan,nan,nan,nan,nan,nan,nan,nan,nan,nan,nan,nan,nan,0.0400378704,0.4299900532,inf,inf,inf,inf,inf,0.0400207043,0.0899591446,inf,inf,inf,inf,inf,inf,inf,1551
1779239127.7602255344,-0.0110534262,0.1028100997,0.0909568891,-0.0109817247,0.0858340788,0.0022985371,3.6419999599,nan,nan,nan,nan,nan,nan,nan,nan,nan,nan,nan,nan,nan,nan,nan,nan,nan,nan,0.0000000000,0.0000000000,0.0000000000,0.0000000000,0.0000000000,0.0807470083,nan,nan,nan,nan,nan,nan,nan,nan,nan,nan,nan,nan,nan,nan,nan,nan,nan,nan,nan,nan,nan,0.0000250340,0.4399876595,inf,inf,inf,inf,inf,0.0500183105,0.0000071526,inf,inf,inf,inf,inf,inf,inf,1551
1779239127.7702245712,-0.0110534262,0.1028100997,0.0909568891,-0.0109817247,0.0858340788,0.0022985371,3.6419999599,nan,nan,nan,nan,nan,nan,nan,nan,nan,nan,nan,nan,nan,nan,nan,nan,nan,nan,0.0000000000,0.0000000000,0.0000000000,0.0000000000,0.0000000000,0.0807470083,nan,nan,nan,nan,nan,nan,nan,nan,nan,nan,nan,nan,nan,nan,nan,nan,nan,nan,nan,nan,nan,0.0100240707,0.4499866962,inf,inf,inf,inf,inf,0.0600173473,0.0100061893,inf,inf,inf,inf,inf,inf,inf,1551
1779239127.7802250385,-0.0110534262,0.1028100997,0.0909568891,-0.0109817247,0.0858340788,0.0022985371,3.6419999599,nan,nan,nan,nan,nan,nan,nan,nan,nan,nan,nan,nan,nan,nan,nan,nan,nan,nan,0.0000000000,0.0000000000,0.0000000000,0.0000000000,0.0000000000,0.0807470083,nan,nan,nan,nan,nan,nan,nan,nan,nan,nan,nan,nan,nan,nan,nan,nan,nan,nan,nan,nan,nan,0.0200245380,0.4599871635,inf,inf,inf,inf,inf,0.0700178146,0.0200066566,inf,inf,inf,inf,inf,inf,inf,1551
1779239127.7902445793,-0.0110534262,0.1028100997,0.0909568891,-0.0109817247,0.0858340788,0.0022985371,3.6419999599,nan,nan,nan,nan,nan,nan,nan,nan,nan,nan,nan,nan,nan,nan,nan,nan,nan,nan,0.0000000000,0.0000000000,0.0000000000,0.0000000000,0.0000000000,0.0807470083,nan,nan,nan,nan,nan,nan,nan,nan,nan,nan,nan,nan,nan,nan,nan,nan,nan,nan,nan,nan,nan,0.0300440788,0.4700067043,inf,inf,inf,inf,inf,0.0800373554,0.0300261974,inf,inf,inf,inf,inf,inf,inf,1551
1779239127.8002285957,-0.0110534262,0.1028100997,0.0909568891,-0.0109817247,0.0858340788,0.0022985371,3.6419999599,nan,nan,nan,nan,nan,nan,nan,nan,nan,nan,nan,nan,nan,nan,nan,nan,nan,nan,0.0000000000,0.0000000000,0.0000000000,0.0000000000,0.0000000000,0.0807470083,nan,nan,nan,nan,nan,nan,nan,nan,nan,nan,nan,nan,nan,nan,nan,nan,nan,nan,nan,nan,nan,0.0400280952,0.4799907207,inf,inf,inf,inf,inf,0.0900213718,0.0400102139,inf,inf,inf,inf,inf,inf,inf,1551
1779239127.8102703094,-0.0117629636,0.1026611254,0.0909081027,-0.0109817247,0.0858340788,0.0022985371,3.6419999599,nan,nan,nan,nan,nan,nan,nan,nan,nan,nan,nan,nan,nan,nan,nan,nan,nan,nan,0.0000000000,0.0000000000,0.0000000000,0.0000000000,0.0000000000,0.0807470083,nan,nan,nan,nan,nan,nan,nan,nan,nan,nan,nan,nan,nan,nan,nan,nan,nan,nan,nan,nan,nan,0.0000379086,0.4900324345,inf,inf,inf,inf,inf,0.0000121593,0.0500519276,inf,inf,inf,inf,inf,inf,inf,1551
1779239127.8202497959,-0.0117629636,0.1026611254,0.0909081027,-0.0109817247,0.0858340788,0.0022985371,3.6419999599,nan,nan,nan,nan,nan,nan,nan,nan,nan,nan,nan,nan,nan,nan,nan,nan,nan,nan,0.0000000000,0.0000000000,0.0000000000,0.0000000000,0.0000000000,0.0807470083,nan,nan,nan,nan,nan,nan,nan,nan,nan,nan,nan,nan,nan,nan,nan,nan,nan,nan,nan,nan,nan,0.0100173950,0.5000119209,inf,inf,inf,inf,inf,0.0099916458,0.0600314140,inf,inf,inf,inf,inf,inf,inf,1551
1779239127.8302421570,-0.0117629636,0.1026611254,0.0909081027,-0.0109817247,0.0858340788,0.0022985371,3.6419999599,nan,nan,nan,nan,nan,nan,nan,nan,nan,nan,nan,nan,nan,nan,nan,nan,nan,nan,0.0000000000,0.0000000000,0.0000000000,0.0000000000,0.0000000000,0.0807470083,nan,nan,nan,nan,nan,nan,nan,nan,nan,nan,nan,nan,nan,nan,nan,nan,nan,nan,nan,nan,nan,0.0200097561,0.5100042820,inf,inf,inf,inf,inf,0.0199840069,0.0700237751,inf,inf,inf,inf,inf,inf,inf,1551
1779239127.8402602673,-0.0117629636,0.1026611254,0.0909081027,-0.0109817247,0.0858340788,0.0022985371,3.6419999599,nan,nan,nan,nan,nan,nan,nan,nan,nan,nan,nan,nan,nan,nan,nan,nan,nan,nan,0.0000000000,0.0000000000,0.0000000000,0.0000000000,0.0000000000,0.0807470083,nan,nan,nan,nan,nan,nan,nan,nan,nan,nan,nan,nan,nan,nan,nan,nan,nan,nan,nan,nan,nan,0.0300278664,0.5200223923,inf,inf,inf,inf,inf,0.0300021172,0.0800418854,inf,inf,inf,inf,inf,inf,inf,1551
1779239127.8502256870,-0.0117629636,0.1026611254,0.0909081027,-0.0109817247,0.0858340788,0.0022985371,3.6419999599,nan,nan,nan,nan,nan,nan,nan,nan,nan,nan,nan,nan,nan,nan,nan,nan,nan,nan,0.0000000000,0.0000000000,0.0000000000,0.0000000000,0.0000000000,0.0807470083,nan,nan,nan,nan,nan,nan,nan,nan,nan,nan,nan,nan,nan,nan,nan,nan,nan,nan,nan,nan,nan,0.0399932861,0.5299878120,inf,inf,inf,inf,inf,0.0399675369,0.0900073051,inf,inf,inf,inf,inf,inf,inf,1551
1779239127.8602337837,-0.0126346294,0.1024913341,0.0908628702,-0.0109817247,0.0858340788,0.0022985371,3.6419999599,nan,nan,nan,nan,nan,nan,nan,nan,nan,nan,nan,nan,nan,nan,nan,nan,nan,nan,0.0000000000,0.0000000000,0.0000000000,0.0000000000,0.0000000000,0.0802382603,nan,nan,nan,nan,nan,nan,nan,nan,nan,nan,nan,nan,nan,nan,nan,nan,nan,nan,nan,nan,nan,0.0000309944,0.5399959087,inf,inf,inf,inf,inf,0.0499756336,0.0000071526,inf,inf,inf,inf,inf,inf,inf,1551
1779239127.8702797890,-0.0126346294,0.1024913341,0.0908628702,-0.0109817247,0.0858340788,0.0022985371,3.6419999599,nan,nan,nan,nan,nan,nan,nan,nan,nan,nan,nan,nan,nan,nan,nan,nan,nan,nan,0.0000000000,0.0000000000,0.0000000000,0.0000000000,0.0000000000,0.0802382603,nan,nan,nan,nan,nan,nan,nan,nan,nan,nan,nan,nan,nan,nan,nan,nan,nan,nan,nan,nan,nan,0.0100769997,0.5500419140,inf,inf,inf,inf,inf,0.0600216389,0.0100531578,inf,inf,inf,inf,inf,inf,inf,1551
1779239127.8802883625,-0.0126346294,0.1024913341,0.0908628702,-0.0109817247,0.0858340788,0.0022985371,3.6419999599,nan,nan,nan,nan,nan,nan,nan,nan,nan,nan,nan,nan,nan,nan,nan,nan,nan,nan,0.0000000000,0.0000000000,0.0000000000,0.0000000000,0.0000000000,0.0802382603,nan,nan,nan,nan,nan,nan,nan,nan,nan,nan,nan,nan,nan,nan,nan,nan,nan,nan,nan,nan,nan,0.0200855732,0.5600504875,inf,inf,inf,inf,inf,0.0700302124,0.0200617313,inf,inf,inf,inf,inf,inf,inf,1551
1779239127.8902790546,-0.0126346294,0.1024913341,0.0908628702,-0.0109817247,0.0858340788,0.0022985371,3.6419999599,nan,nan,nan,nan,nan,nan,nan,nan,nan,nan,nan,nan,nan,nan,nan,nan,nan,nan,0.0000000000,0.0000000000,0.0000000000,0.0000000000,0.0000000000,0.0802382603,nan,nan,nan,nan,nan,nan,nan,nan,nan,nan,nan,nan,nan,nan,nan,nan,nan,nan,nan,nan,nan,0.0300762653,0.5700411797,inf,inf,inf,inf,inf,0.0800209045,0.0300524235,inf,inf,inf,inf,inf,inf,inf,1551
1779239127.9002835751,-0.0126346294,0.1024913341,0.0908628702,-0.0109817247,0.0858340788,0.0022985371,3.6419999599,nan,nan,nan,nan,nan,nan,nan,nan,nan,nan,nan,nan,nan,nan,nan,nan,nan,nan,0.0000000000,0.0000000000,0.0000000000,0.0000000000,0.0000000000,0.0802382603,nan,nan,nan,nan,nan,nan,nan,nan,nan,nan,nan,nan,nan,nan,nan,nan,nan,nan,nan,nan,nan,0.0400807858,0.5800457001,inf,inf,inf,inf,inf,0.0900254250,0.0400569439,inf,inf,inf,inf,inf,inf,inf,1551
1779239127.9103562832,-0.0104871336,0.1029060185,0.0910009965,-0.0109817247,0.0858340788,0.0022985371,3.6419999599,nan,nan,nan,nan,nan,nan,nan,nan,nan,nan,nan,nan,nan,nan,nan,nan,nan,nan,0.0000000000,0.0000000000,0.0000000000,0.0000000000,0.0000000000,0.0802382603,nan,nan,nan,nan,nan,nan,nan,nan,nan,nan,nan,nan,nan,nan,nan,nan,nan,nan,nan,nan,nan,0.0000534058,0.5901184082,inf,inf,inf,inf,inf,0.0000178814,0.0501296520,inf,inf,inf,inf,inf,inf,inf,1551
1779239127.9202845097,-0.0104871336,0.1029060185,0.0910009965,-0.0109817247,0.0858340788,0.0022985371,3.6419999599,nan,nan,nan,nan,nan,nan,nan,nan,nan,nan,nan,nan,nan,nan,nan,nan,nan,nan,0.0000000000,0.0000000000,0.0000000000,0.0000000000,0.0000000000,0.0802382603,nan,nan,nan,nan,nan,nan,nan,nan,nan,nan,nan,nan,nan,nan,nan,nan,nan,nan,nan,nan,nan,0.0099816322,0.6000466347,inf,inf,inf,inf,inf,0.0099461079,0.0600578785,inf,inf,inf,inf,inf,inf,inf,1551
1779239127.9302866459,-0.0104871336,0.1029060185,0.0910009965,-0.0109817247,0.0858340788,0.0022985371,3.6419999599,nan,nan,nan,nan,nan,nan,nan,nan,nan,nan,nan,nan,nan,nan,nan,nan,nan,nan,0.0000000000,0.0000000000,0.0000000000,0.0000000000,0.0000000000,0.0802382603,nan,nan,nan,nan,nan,nan,nan,nan,nan,nan,nan,nan,nan,nan,nan,nan,nan,nan,nan,nan,nan,0.0199837685,0.6100487709,inf,inf,inf,inf,inf,0.0199482441,0.0700600147,inf,inf,inf,inf,inf,inf,inf,1551
1779239127.9402823448,-0.0104871336,0.1029060185,0.0910009965,-0.0109817247,0.0858340788,0.0022985371,3.6419999599,nan,nan,nan,nan,nan,nan,nan,nan,nan,nan,nan,nan,nan,nan,nan,nan,nan,nan,0.0000000000,0.0000000000,0.0000000000,0.0000000000,0.0000000000,0.0802382603,nan,nan,nan,nan,nan,nan,nan,nan,nan,nan,nan,nan,nan,nan,nan,nan,nan,nan,nan,nan,nan,0.0299794674,0.6200444698,inf,inf,inf,inf,inf,0.0299439430,0.0800557137,inf,inf,inf,inf,inf,inf,inf,1551
1779239127.9502933025,-0.0104871336,0.1029060185,0.0910009965,-0.0109817247,0.0858340788,0.0022985371,3.6419999599,nan,nan,nan,nan,nan,nan,nan,nan,nan,nan,nan,nan,nan,nan,nan,nan,nan,nan,0.0000000000,0.0000000000,0.0000000000,0.0000000000,0.0000000000,0.0802382603,nan,nan,nan,nan,nan,nan,nan,nan,nan,nan,nan,nan,nan,nan,nan,nan,nan,nan,nan,nan,nan,0.0399904251,0.6300554276,inf,inf,inf,inf,inf,0.0399549007,0.0900666714,inf,inf,inf,inf,inf,inf,inf,1551
1779239127.9603347778,-0.0109593198,0.1028340086,0.0910151154,-0.0109817247,0.0858340788,0.0022985371,3.6419999599,nan,nan,nan,nan,nan,nan,nan,nan,nan,nan,nan,nan,nan,nan,nan,nan,nan,nan,0.0000000000,0.0000000000,0.0000000000,0.0000000000,0.0000000000,0.0778312907,nan,nan,nan,nan,nan,nan,nan,nan,nan,nan,nan,nan,nan,nan,nan,nan,nan,nan,nan,nan,nan,0.0000598431,0.6400969028,inf,inf,inf,inf,inf,0.0499963760,0.0000202656,inf,inf,inf,inf,inf,inf,inf,1551
1779239127.9703037739,-0.0109593198,0.1028340086,0.0910151154,-0.0109817247,0.0858340788,0.0022985371,3.6419999599,nan,nan,nan,nan,nan,nan,nan,nan,nan,nan,nan,nan,nan,nan,nan,nan,nan,nan,0.0000000000,0.0000000000,0.0000000000,0.0000000000,0.0000000000,0.0778312907,nan,nan,nan,nan,nan,nan,nan,nan,nan,nan,nan,nan,nan,nan,nan,nan,nan,nan,nan,nan,nan,0.0100288391,0.6500658989,inf,inf,inf,inf,inf,0.0599653721,0.0099892616,inf,inf,inf,inf,inf,inf,inf,1551
1779239127.9802429676,-0.0109593198,0.1028340086,0.0910151154,-0.0109817247,0.0858340788,0.0022985371,3.6419999599,nan,nan,nan,nan,nan,nan,nan,nan,nan,nan,nan,nan,nan,nan,nan,nan,nan,nan,0.0000000000,0.0000000000,0.0000000000,0.0000000000,0.0000000000,0.0778312907,nan,nan,nan,nan,nan,nan,nan,nan,nan,nan,nan,nan,nan,nan,nan,nan,nan,nan,nan,nan,nan,0.0199680328,0.6600050926,inf,inf,inf,inf,inf,0.0699045658,0.0199284554,inf,inf,inf,inf,inf,inf,inf,1551
1779239127.9902300835,-0.0109593198,0.1028340086,0.0910151154,-0.0109817247,0.0858340788,0.0022985371,3.6419999599,nan,nan,nan,nan,nan,nan,nan,nan,nan,nan,nan,nan,nan,nan,nan,nan,nan,nan,0.0000000000,0.0000000000,0.0000000000,0.0000000000,0.0000000000,0.0778312907,nan,nan,nan,nan,nan,nan,nan,nan,nan,nan,nan,nan,nan,nan,nan,nan,nan,nan,nan,nan,nan,0.0299551487,0.6699922085,inf,inf,inf,inf,inf,0.0798916817,0.0299155712,inf,inf,inf,inf,inf,inf,inf,1551
1779239128.0002501011,-0.0109593198,0.1028340086,0.0910151154,-0.0109817247,0.0858340788,0.0022985371,3.6419999599,nan,nan,nan,nan,nan,nan,nan,nan,nan,nan,nan,nan,nan,nan,nan,nan,nan,nan,0.0000000000,0.0000000000,0.0000000000,0.0000000000,0.0000000000,0.0778312907,nan,nan,nan,nan,nan,nan,nan,nan,nan,nan,nan,nan,nan,nan,nan,nan,nan,nan,nan,nan,nan,0.0399751663,0.6800122261,inf,inf,inf,inf,inf,0.0899116993,0.0399355888,inf,inf,inf,inf,inf,inf,inf,1551
1779239128.0102605820,-0.0101350909,0.1029772088,0.0910051242,-0.0109817247,0.0858340788,0.0022985371,3.6419999599,nan,nan,nan,nan,nan,nan,nan,nan,nan,nan,nan,nan,nan,nan,nan,nan,nan,nan,0.0000000000,0.0000000000,0.0000000000,0.0000000000,0.0000000000,0.0778312907,nan,nan,nan,nan,nan,nan,nan,nan,nan,nan,nan,nan,nan,nan,nan,nan,nan,nan,nan,nan,nan,0.0000336170,0.6900227070,inf,inf,inf,inf,inf,0.0000114441,0.0499460697,inf,inf,inf,inf,inf,inf,inf,1551
1779239128.0202524662,-0.0101350909,0.1029772088,0.0910051242,-0.0109817247,0.0858340788,0.0022985371,3.6419999599,nan,nan,nan,nan,nan,nan,nan,nan,nan,nan,nan,nan,nan,nan,nan,nan,nan,nan,0.0000000000,0.0000000000,0.0000000000,0.0000000000,0.0000000000,0.0778312907,nan,nan,nan,nan,nan,nan,nan,nan,nan,nan,nan,nan,nan,nan,nan,nan,nan,nan,nan,nan,nan,0.0100255013,0.7000145912,inf,inf,inf,inf,inf,0.0100033283,0.0599379539,inf,inf,inf,inf,inf,inf,inf,1551
1779239128.0302414894,-0.0101350909,0.1029772088,0.0910051242,-0.0109817247,0.0858340788,0.0022985371,3.6419999599,nan,nan,nan,nan,nan,nan,nan,nan,nan,nan,nan,nan,nan,nan,nan,nan,nan,nan,0.0000000000,0.0000000000,0.0000000000,0.0000000000,0.0000000000,0.0778312907,nan,nan,nan,nan,nan,nan,nan,nan,nan,nan,nan,nan,nan,nan,nan,nan,nan,nan,nan,nan,nan,0.0200145245,0.7100036144,inf,inf,inf,inf,inf,0.0199923515,0.0699269772,inf,inf,inf,inf,inf,inf,inf,1551
1779239128.0402340889,-0.0101350909,0.1029772088,0.0910051242,-0.0109817247,0.0858340788,0.0022985371,3.6419999599,nan,nan,nan,nan,nan,nan,nan,nan,nan,nan,nan,nan,nan,nan,nan,nan,nan,nan,0.0000000000,0.0000000000,0.0000000000,0.0000000000,0.0000000000,0.0778312907,nan,nan,nan,nan,nan,nan,nan,nan,nan,nan,nan,nan,nan,nan,nan,nan,nan,nan,nan,nan,nan,0.0300071239,0.7199962139,inf,inf,inf,inf,inf,0.0299849510,0.0799195766,inf,inf,inf,inf,inf,inf,inf,1551
1779239128.0502455235,-0.0101350909,0.1029772088,0.0910051242,-0.0109817247,0.0858340788,0.0022985371,3.6419999599,nan,nan,nan,nan,nan,nan,nan,nan,nan,nan,nan,nan,nan,nan,nan,nan,nan,nan,0.0000000000,0.0000000000,0.0000000000,0.0000000000,0.0000000000,0.0778312907,nan,nan,nan,nan,nan,nan,nan,nan,nan,nan,nan,nan,nan,nan,nan,nan,nan,nan,nan,nan,nan,0.0400185585,0.7300076485,inf,inf,inf,inf,inf,0.0399963856,0.0899310112,inf,inf,inf,inf,inf,inf,inf,1551
1779239128.0602967739,-0.0105830273,0.1028950512,0.0910293236,-0.0109817247,0.0858340788,0.0022985371,3.6419999599,nan,nan,nan,nan,nan,nan,nan,nan,nan,nan,nan,nan,nan,nan,nan,nan,nan,nan,0.0000000000,0.0000000000,0.0000000000,0.0000000000,0.0000000000,0.0797309279,nan,nan,nan,nan,nan,nan,nan,nan,nan,nan,nan,nan,nan,nan,nan,nan,nan,nan,nan,nan,nan,0.0000350475,0.7400588989,inf,inf,inf,inf,inf,0.0500476360,0.0000114441,inf,inf,inf,inf,inf,inf,inf,1551
1779239128.0702445507,-0.0105830273,0.1028950512,0.0910293236,-0.0109817247,0.0858340788,0.0022985371,3.6419999599,nan,nan,nan,nan,nan,nan,nan,nan,nan,nan,nan,nan,nan,nan,nan,nan,nan,nan,0.0000000000,0.0000000000,0.0000000000,0.0000000000,0.0000000000,0.0797309279,nan,nan,nan,nan,nan,nan,nan,nan,nan,nan,nan,nan,nan,nan,nan,nan,nan,nan,nan,nan,nan,0.0099828243,0.7500066757,inf,inf,inf,inf,inf,0.0599954128,0.0099592209,inf,inf,inf,inf,inf,inf,inf,1551
1779239128.0802550316,-0.0105830273,0.1028950512,0.0910293236,-0.0109817247,0.0858340788,0.0022985371,3.6419999599,nan,nan,nan,nan,nan,nan,nan,nan,nan,nan,nan,nan,nan,nan,nan,nan,nan,nan,0.0000000000,0.0000000000,0.0000000000,0.0000000000,0.0000000000,0.0797309279,nan,nan,nan,nan,nan,nan,nan,nan,nan,nan,nan,nan,nan,nan,nan,nan,nan,nan,nan,nan,nan,0.0199933052,0.7600171566,inf,inf,inf,inf,inf,0.0700058937,0.0199697018,inf,inf,inf,inf,inf,inf,inf,1551
1779239128.0902564526,-0.0105830273,0.1028950512,0.0910293236,-0.0109817247,0.0858340788,0.0022985371,3.6419999599,nan,nan,nan,nan,nan,nan,nan,nan,nan,nan,nan,nan,nan,nan,nan,nan,nan,nan,0.0000000000,0.0000000000,0.0000000000,0.0000000000,0.0000000000,0.0797309279,nan,nan,nan,nan,nan,nan,nan,nan,nan,nan,nan,nan,nan,nan,nan,nan,nan,nan,nan,nan,nan,0.0299947262,0.7700185776,inf,inf,inf,inf,inf,0.0800073147,0.0299711227,inf,inf,inf,inf,inf,inf,inf,1551
1779239128.1002602577,-0.0105830273,0.1028950512,0.0910293236,-0.0109817247,0.0858340788,0.0022985371,3.6419999599,nan,nan,nan,nan,nan,nan,nan,nan,nan,nan,nan,nan,nan,nan,nan,nan,nan,nan,0.0000000000,0.0000000000,0.0000000000,0.0000000000,0.0000000000,0.0797309279,nan,nan,nan,nan,nan,nan,nan,nan,nan,nan,nan,nan,nan,nan,nan,nan,nan,nan,nan,nan,nan,0.0399985313,0.7800223827,inf,inf,inf,inf,inf,0.0900111198,0.0399749279,inf,inf,inf,inf,inf,inf,inf,1551
1779239128.1102461815,-0.0104479669,0.1029210016,0.0910098627,-0.0109817247,0.0858340788,0.0022985371,3.6419999599,nan,nan,nan,nan,nan,nan,nan,nan,nan,nan,nan,nan,nan,nan,nan,nan,nan,nan,0.0000000000,0.0000000000,0.0000000000,0.0000000000,0.0000000000,0.0797309279,nan,nan,nan,nan,nan,nan,nan,nan,nan,nan,nan,nan,nan,nan,nan,nan,nan,nan,nan,nan,nan,0.0000331402,0.7900083065,inf,inf,inf,inf,inf,0.0000107288,0.0499608517,inf,inf,inf,inf,inf,inf,inf,1551
1779239128.1202237606,-0.0104479669,0.1029210016,0.0910098627,-0.0109817247,0.0858340788,0.0022985371,3.6419999599,nan,nan,nan,nan,nan,nan,nan,nan,nan,nan,nan,nan,nan,nan,nan,nan,nan,nan,0.0000000000,0.0000000000,0.0000000000,0.0000000000,0.0000000000,0.0797309279,nan,nan,nan,nan,nan,nan,nan,nan,nan,nan,nan,nan,nan,nan,nan,nan,nan,nan,nan,nan,nan,0.0100107193,0.7999858856,inf,inf,inf,inf,inf,0.0099883080,0.0599384308,inf,inf,inf,inf,inf,inf,inf,1551
1779239128.1302368641,-0.0104479669,0.1029210016,0.0910098627,-0.0109817247,0.0858340788,0.0022985371,3.6419999599,nan,nan,nan,nan,nan,nan,nan,nan,nan,nan,nan,nan,nan,nan,nan,nan,nan,nan,0.0000000000,0.0000000000,0.0000000000,0.0000000000,0.0000000000,0.0797309279,nan,nan,nan,nan,nan,nan,nan,nan,nan,nan,nan,nan,nan,nan,nan,nan,nan,nan,nan,nan,nan,0.0200238228,0.8099989891,inf,inf,inf,inf,inf,0.0200014114,0.0699515343,inf,inf,inf,inf,inf,inf,inf,1551
1779239128.1402585506,-0.0104479669,0.1029210016,0.0910098627,-0.0109817247,0.0858340788,0.0022985371,3.6419999599,nan,nan,nan,nan,nan,nan,nan,nan,nan,nan,nan,nan,nan,nan,nan,nan,nan,nan,0.0000000000,0.0000000000,0.0000000000,0.0000000000,0.0000000000,0.0797309279,nan,nan,nan,nan,nan,nan,nan,nan,nan,nan,nan,nan,nan,nan,nan,nan,nan,nan,nan,nan,nan,0.0300455093,0.8200206757,inf,inf,inf,inf,inf,0.0300230980,0.0799732208,inf,inf,inf,inf,inf,inf,inf,1551
1779239128.1502110958,-0.0104479669,0.1029210016,0.0910098627,-0.0109817247,0.0858340788,0.0022985371,3.6419999599,nan,nan,-0.1000000015,0.0000000000,-0.0399999991,0.0000000000,nan,nan,nan,nan,nan,nan,nan,nan,nan,nan,nan,nan,0.0000000000,0.0000000000,0.0000000000,0.0000000000,0.0000000000,0.0797309279,nan,nan,nan,nan,nan,nan,nan,nan,nan,nan,nan,nan,nan,nan,nan,nan,nan,nan,nan,nan,nan,0.0399980545,0.8299732208,inf,0.0000076294,inf,inf,inf,0.0399756432,0.0899257660,inf,inf,inf,inf,inf,inf,inf,1583
1779239128.1602408886,-0.0109980311,0.1028417721,0.0910145491,-0.0109817247,0.0858340788,0.0022985371,3.6419999599,nan,nan,-0.1000000015,0.0000000000,-0.0399999991,0.0000000000,nan,nan,nan,nan,nan,nan,nan,nan,nan,nan,nan,nan,0.0000000000,0.0000000000,0.0000000000,0.0000000000,0.0000000000,0.0775419176,nan,nan,nan,nan,nan,nan,nan,nan,nan,nan,nan,nan,nan,nan,nan,nan,nan,nan,nan,nan,nan,0.0000269413,0.8400030136,inf,0.0100374222,inf,inf,inf,0.0500054359,0.0000090599,inf,inf,inf,inf,inf,inf,inf,1583
1779239128.1702542305,-0.0109980311,0.1028417721,0.0910145491,-0.0109817247,0.0858340788,0.0022985371,3.6419999599,nan,nan,-0.1000000015,0.0000000000,-0.0399999991,0.0000000000,nan,nan,nan,nan,nan,nan,nan,nan,nan,nan,nan,nan,0.0000000000,0.0000000000,0.0000000000,0.0000000000,0.0000000000,0.0775419176,nan,nan,nan,nan,nan,nan,nan,nan,nan,nan,nan,nan,nan,nan,nan,nan,nan,nan,nan,nan,nan,0.0100402832,0.8500163555,inf,0.0200507641,inf,inf,inf,0.0600187778,0.0100224018,inf,inf,inf,inf,inf,inf,inf,1583
1779239128.1802275181,-0.0109980311,0.1028417721,0.0910145491,-0.0109817247,0.0858340788,0.0022985371,3.6419999599,nan,nan,-0.1000000015,0.0000000000,-0.0399999991,0.0000000000,nan,nan,nan,nan,nan,nan,nan,nan,nan,nan,nan,nan,0.0000000000,0.0000000000,0.0000000000,0.0000000000,0.0000000000,0.0775419176,nan,nan,nan,nan,nan,nan,nan,nan,nan,nan,nan,nan,nan,nan,nan,nan,nan,nan,nan,nan,nan,0.0200135708,0.8599896431,inf,0.0300240517,inf,inf,inf,0.0699920654,0.0199956894,inf,inf,inf,inf,inf,inf,inf,1583
1779239128.1902570724,-0.0109980311,0.1028417721,0.0910145491,-0.0109817247,0.0858340788,0.0022985371,3.6419999599,nan,nan,-0.1000000015,0.0000000000,-0.0399999991,0.0000000000,nan,nan,nan,nan,nan,nan,nan,nan,nan,nan,nan,nan,0.0000000000,0.0000000000,0.0000000000,0.0000000000,0.0000000000,0.0775419176,nan,nan,nan,nan,nan,nan,nan,nan,nan,nan,nan,nan,nan,nan,nan,nan,nan,nan,nan,nan,nan,0.0300431252,0.8700191975,inf,0.0400536060,inf,inf,inf,0.0800216198,0.0300252438,inf,inf,inf,inf,inf,inf,inf,1583
1779239128.2002449036,-0.0109980311,0.1028417721,0.0910145491,-0.0109817247,0.0858340788,0.0022985371,3.6419999599,nan,nan,-0.1000000015,0.0000000000,-0.0399999991,0.0000000000,nan,nan,nan,nan,nan,nan,nan,nan,nan,nan,nan,nan,0.0000000000,0.0000000000,0.0000000000,0.0000000000,0.0000000000,0.0775419176,nan,nan,nan,nan,nan,nan,nan,nan,nan,nan,nan,nan,nan,nan,nan,nan,nan,nan,nan,nan,nan,0.0400309563,0.8800070286,inf,0.0000123978,inf,inf,inf,0.0900094509,0.0400130749,inf,inf,inf,inf,inf,inf,inf,1583
1779239128.2102806568,-0.0117019285,0.1027480662,0.0910314247,-0.0109817247,0.0858340788,0.0022985371,3.6419999599,nan,nan,-0.1000000015,0.0000000000,-0.0399999991,0.0000000000,nan,nan,nan,nan,nan,nan,nan,nan,nan,nan,nan,nan,0.0000000000,0.0000000000,0.0000000000,0.0000000000,0.0000000000,0.0775419176,nan,nan,nan,nan,nan,nan,nan,nan,nan,nan,nan,nan,nan,nan,nan,nan,nan,nan,nan,nan,nan,0.0000367165,0.8900427818,inf,0.0100481510,inf,inf,inf,0.0000116825,0.0500488281,inf,inf,inf,inf,inf,inf,inf,1583
1779239128.2202596664,-0.0117019285,0.1027480662,0.0910314247,-0.0109817247,0.0858340788,0.0022985371,3.6419999599,nan,nan,-0.1000000015,0.0000000000,-0.0399999991,0.0000000000,nan,nan,nan,nan,nan,nan,nan,nan,nan,nan,nan,nan,0.0000000000,0.0000000000,0.0000000000,0.0000000000,0.0000000000,0.0775419176,nan,nan,nan,nan,nan,nan,nan,nan,nan,nan,nan,nan,nan,nan,nan,nan,nan,nan,nan,nan,nan,0.0100157261,0.9000217915,inf,0.0200271606,inf,inf,inf,0.0099906921,0.0600278378,inf,inf,inf,inf,inf,inf,inf,1583
1779239128.2302558422,-0.0117019285,0.1027480662,0.0910314247,-0.0109817247,0.0858340788,0.0022985371,3.6419999599,nan,nan,-0.1000000015,0.0000000000,-0.0399999991,0.0000000000,nan,nan,nan,nan,nan,nan,nan,nan,nan,nan,nan,nan,0.0000000000,0.0000000000,0.0000000000,0.0000000000,0.0000000000,0.0775419176,nan,nan,nan,nan,nan,nan,nan,nan,nan,nan,nan,nan,nan,nan,nan,nan,nan,nan,nan,nan,nan,0.0200119019,0.9100179672,inf,0.0300233364,inf,inf,inf,0.0199868679,0.0700240135,inf,inf,inf,inf,inf,inf,inf,1583
1779239128.2402584553,-0.0117019285,0.1027480662,0.0910314247,-0.0109817247,0.0858340788,0.0022985371,3.6419999599,nan,nan,-0.1000000015,0.0000000000,-0.0399999991,0.0000000000,nan,nan,nan,nan,nan,nan,nan,nan,nan,nan,nan,nan,0.0000000000,0.0000000000,0.0000000000,0.0000000000,0.0000000000,0.0775419176,nan,nan,nan,nan,nan,nan,nan,nan,nan,nan,nan,nan,nan,nan,nan,nan,nan,nan,nan,nan,nan,0.0300145149,0.9200205803,inf,0.0400259495,inf,inf,inf,0.0299894810,0.0800266266,inf,inf,inf,inf,inf,inf,inf,1583
1779239128.2502667904,-0.0117019285,0.1027480662,0.0910314247,-0.0109817247,0.0858340788,0.0022985371,3.6419999599,nan,nan,-0.1000000015,0.0000000000,-0.0399999991,0.0000000000,nan,nan,nan,nan,nan,nan,nan,nan,nan,nan,nan,nan,0.0000000000,0.0000000000,0.0000000000,0.0000000000,0.0000000000,0.0775419176,nan,nan,nan,nan,nan,nan,nan,nan,nan,nan,nan,nan,nan,nan,nan,nan,nan,nan,nan,nan,nan,0.0400228500,0.9300289154,inf,0.0000197887,inf,inf,inf,0.0399978161,0.0900349617,inf,inf,inf,inf,inf,inf,inf,1583
1779239128.2603247166,-0.0109070390,0.1028613523,0.0910317525,-0.0109817247,0.0858340788,0.0022985371,3.6419999599,nan,nan,-0.1000000015,0.0000000000,-0.0399999991,0.0000000000,nan,nan,nan,nan,nan,nan,nan,nan,nan,nan,nan,nan,0.0000000000,0.0000000000,0.0000000000,0.0000000000,0.0000000000,0.0817399472,nan,nan,nan,nan,nan,nan,nan,nan,nan,nan,nan,nan,nan,nan,nan,nan,nan,nan,nan,nan,nan,0.0000538826,0.9400868416,inf,0.0100777149,inf,inf,inf,0.0500557423,0.0000164509,inf,inf,inf,inf,inf,inf,inf,1583
1779239128.2703425884,-0.0109070390,0.1028613523,0.0910317525,-0.0109817247,0.0858340788,0.0022985371,3.6419999599,nan,nan,-0.1000000015,0.0000000000,-0.0399999991,0.0000000000,nan,nan,nan,nan,nan,nan,nan,nan,nan,nan,nan,nan,0.0000000000,0.0000000000,0.0000000000,0.0000000000,0.0000000000,0.0817399472,nan,nan,nan,nan,nan,nan,nan,nan,nan,nan,nan,nan,nan,nan,nan,nan,nan,nan,nan,nan,nan,0.0100717545,0.9501047134,inf,0.0200955868,inf,inf,inf,0.0600736141,0.0100343227,inf,inf,inf,inf,inf,inf,inf,1583
1779239128.2802503109,-0.0109070390,0.1028613523,0.0910317525,-0.0109817247,0.0858340788,0.0022985371,3.6419999599,nan,nan,-0.1000000015,0.0000000000,-0.0399999991,0.0000000000,nan,nan,nan,nan,nan,nan,nan,nan,nan,nan,nan,nan,0.0000000000,0.0000000000,0.0000000000,0.0000000000,0.0000000000,0.0817399472,nan,nan,nan,nan,nan,nan,nan,nan,nan,nan,nan,nan,nan,nan,nan,nan,nan,nan,nan,nan,nan,0.0199794769,0.9600124359,inf,0.0300033092,inf,inf,inf,0.0699813366,0.0199420452,inf,inf,inf,inf,inf,inf,inf,1583
1779239128.2902536392,-0.0109070390,0.1028613523,0.0910317525,-0.0109817247,0.0858340788,0.0022985371,3.6419999599,nan,nan,-0.1000000015,0.0000000000,-0.0399999991,0.0000000000,nan,nan,nan,nan,nan,nan,nan,nan,nan,nan,nan,nan,0.0000000000,0.0000000000,0.0000000000,0.0000000000,0.0000000000,0.0817399472,nan,nan,nan,nan,nan,nan,nan,nan,nan,nan,nan,nan,nan,nan,nan,nan,nan,nan,nan,nan,nan,0.0299828053,0.9700157642,inf,0.0400066376,inf,inf,inf,0.0799846649,0.0299453735,inf,inf,inf,inf,inf,inf,inf,1583
1779239128.3002138138,-0.0109070390,0.1028613523,0.0910317525,-0.0109817247,0.0858340788,0.0022985371,3.6419999599,nan,nan,-0.1000000015,0.0000000000,-0.0399999991,0.0000000000,nan,nan,nan,nan,nan,nan,nan,nan,nan,nan,nan,nan,0.0000000000,0.0000000000,0.0000000000,0.0000000000,0.0000000000,0.0817399472,nan,nan,nan,nan,nan,nan,nan,nan,nan,nan,nan,nan,nan,nan,nan,nan,nan,nan,nan,nan,nan,0.0399429798,0.9799759388,inf,0.0000126362,inf,inf,inf,0.0899448395,0.0399055481,inf,inf,inf,inf,inf,inf,inf,1583
1779239128.3102307320,-0.0113846976,0.1027676538,0.0910452381,-0.0109817247,0.0858340788,0.0022985371,3.6419999599,nan,nan,-0.1000000015,0.0000000000,-0.0399999991,0.0000000000,nan,nan,nan,nan,nan,nan,nan,nan,nan,nan,nan,nan,0.0000000000,0.0000000000,0.0000000000,0.0000000000,0.0000000000,0.0817399472,nan,nan,nan,nan,nan,nan,nan,nan,nan,nan,nan,nan,nan,nan,nan,nan,nan,nan,nan,nan,nan,0.0000274181,0.9899928570,inf,0.0100295544,inf,inf,inf,0.0000081062,0.0499224663,inf,inf,inf,inf,inf,inf,inf,1583
1779239128.3202407360,-0.0113846976,0.1027676538,0.0910452381,-0.0109817247,0.0858340788,0.0022985371,3.6419999599,nan,nan,-0.1000000015,0.0000000000,-0.0399999991,0.0000000000,nan,nan,nan,nan,nan,nan,nan,nan,nan,nan,nan,nan,0.0000000000,0.0000000000,0.0000000000,0.0000000000,0.0000000000,0.0817399472,nan,nan,nan,nan,nan,nan,nan,nan,nan,nan,nan,nan,nan,nan,nan,nan,nan,nan,nan,nan,nan,0.0100374222,0.0000123978,inf,0.0200395584,inf,inf,inf,0.0100181103,0.0599324703,inf,inf,inf,inf,inf,inf,inf,1583
1779239128.3302979469,-0.0113846976,0.1027676538,0.0910452381,-0.0109817247,0.0858340788,0.0022985371,3.6419999599,nan,nan,-0.1000000015,0.0000000000,-0.0399999991,0.0000000000,nan,nan,nan,nan,nan,nan,nan,nan,nan,nan,nan,nan,0.0000000000,0.0000000000,0.0000000000,0.0000000000,0.0000000000,0.0817399472,nan,nan,nan,nan,nan,nan,nan,nan,nan,nan,nan,nan,nan,nan,nan,nan,nan,nan,nan,nan,nan,0.0200946331,0.0100696087,inf,0.0300967693,inf,inf,inf,0.0200753212,0.0699896812,inf,inf,inf,inf,inf,inf,inf,1583
1779239128.3402941227,-0.0113846976,0.1027676538,0.0910452381,-0.0109817247,0.0858340788,0.0022985371,3.6419999599,nan,nan,-0.1000000015,0.0000000000,-0.0399999991,0.0000000000,nan,nan,nan,nan,nan,nan,nan,nan,nan,nan,nan,nan,0.0000000000,0.0000000000,0.0000000000,0.0000000000,0.0000000000,0.0817399472,nan,nan,nan,nan,nan,nan,nan,nan,nan,nan,nan,nan,nan,nan,nan,nan,nan,nan,nan,nan,nan,0.0300908089,0.0200657845,inf,0.0400929451,inf,inf,inf,0.0300714970,0.0799858570,inf,inf,inf,inf,inf,inf,inf,1583
1779239128.3502969742,-0.0113846976,0.1027676538,0.0910452381,-0.0109817247,0.0858340788,0.0022985371,3.6419999599,nan,nan,-0.1000000015,0.0000000000,-0.0399999991,0.0000000000,nan,nan,nan,nan,nan,nan,nan,nan,nan,nan,nan,nan,0.0000000000,0.0000000000,0.0000000000,0.0000000000,0.0000000000,0.0817399472,nan,nan,nan,nan,nan,nan,nan,nan,nan,nan,nan,nan,nan,nan,nan,nan,nan,nan,nan,nan,nan,0.0400936604,0.0300686359,inf,0.0000216961,inf,inf,inf,0.0400743484,0.0899887085,inf,inf,inf,inf,inf,inf,inf,1583
1779239128.3603179455,-0.0120952148,0.1026435569,0.0910697877,-0.0109817247,0.0858340788,0.0022985371,3.6419999599,nan,nan,-0.1000000015,0.0000000000,-0.0399999991,0.0000000000,nan,nan,nan,nan,nan,nan,nan,nan,nan,nan,nan,nan,0.0000000000,0.0000000000,0.0000000000,0.0000000000,0.0000000000,0.0830538124,nan,nan,nan,nan,nan,nan,nan,nan,nan,nan,nan,nan,nan,nan,nan,nan,nan,nan,nan,nan,nan,0.0000481606,0.0400896072,inf,0.0100426674,inf,inf,inf,0.0500953197,0.0000169277,inf,inf,inf,inf,inf,inf,inf,1583
1779239128.3703014851,-0.0120952148,0.1026435569,0.0910697877,-0.0109817247,0.0858340788,0.0022985371,3.6419999599,nan,nan,-0.1000000015,0.0000000000,-0.0399999991,0.0000000000,nan,nan,nan,nan,nan,nan,nan,nan,nan,nan,nan,nan,0.0000000000,0.0000000000,0.0000000000,0.0000000000,0.0000000000,0.0830538124,nan,nan,nan,nan,nan,nan,nan,nan,nan,nan,nan,nan,nan,nan,nan,nan,nan,nan,nan,nan,nan,0.0100317001,0.0500731468,inf,0.0200262070,inf,inf,inf,0.0600788593,0.0100004673,inf,inf,inf,inf,inf,inf,inf,1583
1779239128.3802592754,-0.0120952148,0.1026435569,0.0910697877,-0.0109817247,0.0858340788,0.0022985371,3.6419999599,nan,nan,-0.1000000015,0.0000000000,-0.0399999991,0.0000000000,nan,nan,nan,nan,nan,nan,nan,nan,nan,nan,nan,nan,0.0000000000,0.0000000000,0.0000000000,0.0000000000,0.0000000000,0.0830538124,nan,nan,nan,nan,nan,nan,nan,nan,nan,nan,nan,nan,nan,nan,nan,nan,nan,nan,nan,nan,nan,0.0199894905,0.0600309372,inf,0.0299839973,inf,inf,inf,0.0700366497,0.0199582577,inf,inf,inf,inf,inf,inf,inf,1583
1779239128.3902976513,-0.0120952148,0.1026435569,0.0910697877,-0.0109817247,0.0858340788,0.0022985371,3.6419999599,nan,nan,-0.1000000015,0.0000000000,-0.0399999991,0.0000000000,nan,nan,nan,nan,nan,nan,nan,nan,nan,nan,nan,nan,0.0000000000,0.0000000000,0.0000000000,0.0000000000,0.0000000000,0.0830538124,nan,nan,nan,nan,nan,nan,nan,nan,nan,nan,nan,nan,nan,nan,nan,nan,nan,nan,nan,nan,nan,0.0300278664,0.0700693130,inf,0.0400223732,inf,inf,inf,0.0800750256,0.0299966335,inf,inf,inf,inf,inf,inf,inf,1583
1779239128.4002847672,-0.0120952148,0.1026435569,0.0910697877,-0.0109817247,0.0858340788,0.0022985371,3.6419999599,nan,nan,-0.1000000015,0.0000000000,-0.0399999991,0.0000000000,nan,nan,nan,nan,nan,nan,nan,nan,nan,nan,nan,nan,0.0000000000,0.0000000000,0.0000000000,0.0000000000,0.0000000000,0.0830538124,nan,nan,nan,nan,nan,nan,nan,nan,nan,nan,nan,nan,nan,nan,nan,nan,nan,nan,nan,nan,nan,0.0400149822,0.0800564289,inf,0.0000174046,inf,inf,inf,0.0900621414,0.0399837494,inf,inf,inf,inf,inf,inf,inf,1583
1779239128.4103305340,-0.0129679022,0.1025270224,0.0911009833,-0.0109817247,0.0858340788,0.0022985371,3.6419999599,nan,nan,-0.1000000015,0.0000000000,-0.0399999991,0.0000000000,nan,nan,nan,nan,nan,nan,nan,nan,nan,nan,nan,nan,0.0000000000,0.0000000000,0.0000000000,0.0000000000,0.0000000000,0.0830538124,nan,nan,nan,nan,nan,nan,nan,nan,nan,nan,nan,nan,nan,nan,nan,nan,nan,nan,nan,nan,nan,0.0000491142,0.0901021957,inf,0.0100631714,inf,inf,inf,0.0000150204,0.0500295162,inf,inf,inf,inf,inf,inf,inf,1583
1779239128.4202730656,-0.0129679022,0.1025270224,0.0911009833,-0.0109817247,0.0858340788,0.0022985371,3.6419999599,nan,nan,-0.1000000015,0.0000000000,-0.0399999991,0.0000000000,nan,nan,nan,nan,nan,nan,nan,nan,nan,nan,nan,nan,0.0000000000,0.0000000000,0.0000000000,0.0000000000,0.0000000000,0.0830538124,nan,nan,nan,nan,nan,nan,nan,nan,nan,nan,nan,nan,nan,nan,nan,nan,nan,nan,nan,nan,nan,0.0099916458,0.1000447273,inf,0.0200057030,inf,inf,inf,0.0099575520,0.0599720478,inf,inf,inf,inf,inf,inf,inf,1583
1779239128.4302830696,-0.0129679022,0.1025270224,0.0911009833,-0.0109817247,0.0858340788,0.0022985371,3.6419999599,nan,nan,-0.1000000015,0.0000000000,-0.0399999991,0.0000000000,nan,nan,nan,nan,nan,nan,nan,nan,nan,nan,nan,nan,0.0000000000,0.0000000000,0.0000000000,0.0000000000,0.0000000000,0.0830538124,nan,nan,nan,nan,nan,nan,nan,nan,nan,nan,nan,nan,nan,nan,nan,nan,nan,nan,nan,nan,nan,0.0200016499,0.1100547314,inf,0.0300157070,inf,inf,inf,0.0199675560,0.0699820518,inf,inf,inf,inf,inf,inf,inf,1583
1779239128.4402446747,-0.0129679022,0.1025270224,0.0911009833,-0.0109817247,0.0858340788,0.0022985371,3.6419999599,nan,nan,-0.1000000015,0.0000000000,-0.0399999991,0.0000000000,nan,nan,nan,nan,nan,nan,nan,nan,nan,nan,nan,nan,0.0000000000,0.0000000000,0.0000000000,0.0000000000,0.0000000000,0.0830538124,nan,nan,nan,nan,nan,nan,nan,nan,nan,nan,nan,nan,nan,nan,nan,nan,nan,nan,nan,nan,nan,0.0299632549,0.1200163364,inf,0.0399773121,inf,inf,inf,0.0299291611,0.0799436569,inf,inf,inf,inf,inf,inf,inf,1583
1779239128.4502565861,-0.0129679022,0.1025270224,0.0911009833,-0.0109817247,0.0858340788,0.0022985371,3.6419999599,nan,nan,-0.1000000015,0.0000000000,-0.0399999991,0.0000000000,nan,nan,nan,nan,nan,nan,nan,nan,nan,nan,nan,nan,0.0000000000,0.0000000000,0.0000000000,0.0000000000,0.0000000000,0.0830538124,nan,nan,nan,nan,nan,nan,nan,nan,nan,nan,nan,nan,nan,nan,nan,nan,nan,nan,nan,nan,nan,0.0399751663,0.1300282478,inf,0.0000135899,inf,inf,inf,0.0399410725,0.0899555683,inf,inf,inf,inf,inf,inf,inf,1583
1779239128.4603283405,-0.0106806811,0.1029108241,0.0910206884,-0.0109836423,0.0830641180,0.0023135321,3.6419999599,nan,nan,-0.1000000015,0.0000000000,-0.0399999991,0.0000000000,nan,nan,nan,nan,nan,nan,nan,nan,nan,nan,nan,nan,0.0000000000,0.0000000000,0.0000000000,0.0000000000,0.0000000000,0.0785726309,nan,nan,nan,nan,nan,nan,nan,nan,nan,nan,nan,nan,nan,nan,nan,nan,nan,nan,nan,nan,nan,0.0000538826,0.1401000023,inf,0.0100853443,inf,inf,inf,0.0500128269,0.0000174046,inf,inf,inf,inf,inf,inf,inf,1583
1779239128.4702949524,-0.0106806811,0.1029108241,0.0910206884,-0.0109836423,0.0830641180,0.0023135321,3.6419999599,nan,nan,-0.1000000015,0.0000000000,-0.0399999991,0.0000000000,nan,nan,nan,nan,nan,nan,nan,nan,nan,nan,nan,nan,0.0000000000,0.0000000000,0.0000000000,0.0000000000,0.0000000000,0.0785726309,nan,nan,nan,nan,nan,nan,nan,nan,nan,nan,nan,nan,nan,nan,nan,nan,nan,nan,nan,nan,nan,0.0100204945,0.1500666142,inf,0.0200519562,inf,inf,inf,0.0599794388,0.0099840164,inf,inf,inf,inf,inf,inf,inf,1583
1779239128.4802768230,-0.0106806811,0.1029108241,0.0910206884,-0.0109836423,0.0830641180,0.0023135321,3.6419999599,nan,nan,-0.1000000015,0.0000000000,-0.0399999991,0.0000000000,nan,nan,nan,nan,nan,nan,nan,nan,nan,nan,nan,nan,0.0000000000,0.0000000000,0.0000000000,0.0000000000,0.0000000000,0.0785726309,nan,nan,nan,nan,nan,nan,nan,nan,nan,nan,nan,nan,nan,nan,nan,nan,nan,nan,nan,nan,nan,0.0200023651,0.1600484848,inf,0.0300338268,inf,inf,inf,0.0699613094,0.0199658871,inf,inf,inf,inf,inf,inf,inf,1583
1779239128.4902975559,-0.0106806811,0.1029108241,0.0910206884,-0.0109836423,0.0830641180,0.0023135321,3.6419999599,nan,nan,-0.1000000015,0.0000000000,-0.0399999991,0.0000000000,nan,nan,nan,nan,nan,nan,nan,nan,nan,nan,nan,nan,0.0000000000,0.0000000000,0.0000000000,0.0000000000,0.0000000000,0.0785726309,nan,nan,nan,nan,nan,nan,nan,nan,nan,nan,nan,nan,nan,nan,nan,nan,nan,nan,nan,nan,nan,0.0300230980,0.1700692177,inf,0.0400545597,inf,inf,inf,0.0799820423,0.0299866199,inf,inf,inf,inf,inf,inf,inf,1583
1779239128.5002992153,-0.0106806811,0.1029108241,0.0910206884,-0.0109836423,0.0830641180,0.0023135321,3.6419999599,nan,nan,-0.1000000015,0.0000000000,-0.0399999991,0.0000000000,nan,nan,nan,nan,nan,nan,nan,nan,nan,nan,nan,nan,0.0000000000,0.0000000000,0.0000000000,0.0000000000,0.0000000000,0.0785726309,nan,nan,nan,nan,nan,nan,nan,nan,nan,nan,nan,nan,nan,nan,nan,nan,nan,nan,nan,nan,nan,0.0400247574,0.1800708771,inf,0.0000202656,inf,inf,inf,0.0899837017,0.0399882793,inf,inf,inf,inf,inf,inf,inf,1583
1779239128.5103037357,-0.0106806811,0.1029108241,0.0910206884,-0.0109836423,0.0830641180,0.0023135321,3.6419999599,nan,nan,-0.1000000015,0.0000000000,-0.0399999991,0.0000000000,nan,nan,nan,nan,nan,nan,nan,nan,nan,nan,nan,nan,0.0000000000,0.0000000000,0.0000000000,0.0000000000,0.0000000000,0.0785726309,nan,nan,nan,nan,nan,nan,nan,nan,nan,nan,nan,nan,nan,nan,nan,nan,nan,nan,nan,nan,nan,0.0500292778,0.1900753975,inf,0.0100247860,inf,inf,inf,0.0000197887,0.0499927998,inf,inf,inf,inf,inf,inf,inf,1583
1779239128.5203037262,-0.0112106809,0.1028555110,0.0910261199,-0.0109817247,0.0858340788,0.0022985371,3.6419999599,nan,nan,-0.1000000015,0.0000000000,-0.0399999991,0.0000000000,nan,nan,nan,nan,nan,nan,nan,nan,nan,nan,nan,nan,0.0000000000,0.0000000000,0.0000000000,0.0000000000,0.0000000000,0.0785726309,nan,nan,nan,nan,nan,nan,nan,nan,nan,nan,nan,nan,nan,nan,nan,nan,nan,nan,nan,nan,nan,0.0000188351,0.2000753880,inf,0.0200247765,inf,inf,inf,0.0100197792,0.0599927902,inf,inf,inf,inf,inf,inf,inf,1583
1779239128.5302972794,-0.0112106809,0.1028555110,0.0910261199,-0.0109817247,0.0858340788,0.0022985371,3.6419999599,nan,nan,-0.1000000015,0.0000000000,-0.0399999991,0.0000000000,nan,nan,nan,nan,nan,nan,nan,nan,nan,nan,nan,nan,0.0000000000,0.0000000000,0.0000000000,0.0000000000,0.0000000000,0.0785726309,nan,nan,nan,nan,nan,nan,nan,nan,nan,nan,nan,nan,nan,nan,nan,nan,nan,nan,nan,nan,nan,0.0100123882,0.2100689411,inf,0.0300183296,inf,inf,inf,0.0200133324,0.0699863434,inf,inf,inf,inf,inf,inf,inf,1583
1779239128.5402433872,-0.0112106809,0.1028555110,0.0910261199,-0.0109817247,0.0858340788,0.0022985371,3.6419999599,nan,nan,-0.1000000015,0.0000000000,-0.0399999991,0.0000000000,nan,nan,nan,nan,nan,nan,nan,nan,nan,nan,nan,nan,0.0000000000,0.0000000000,0.0000000000,0.0000000000,0.0000000000,0.0785726309,nan,nan,nan,nan,nan,nan,nan,nan,nan,nan,nan,nan,nan,nan,nan,nan,nan,nan,nan,nan,nan,0.0199584961,0.2200150490,inf,0.0399644375,inf,inf,inf,0.0299594402,0.0799324512,inf,inf,inf,inf,inf,inf,inf,1583
1779239128.5502681732,-0.0112106809,0.1028555110,0.0910261199,-0.0109817247,0.0858340788,0.0022985371,3.6419999599,nan,nan,-0.1000000015,0.0000000000,-0.0399999991,0.0000000000,nan,nan,nan,nan,nan,nan,nan,nan,nan,nan,nan,nan,0.0000000000,0.0000000000,0.0000000000,0.0000000000,0.0000000000,0.0785726309,nan,nan,nan,nan,nan,nan,nan,nan,nan,nan,nan,nan,nan,nan,nan,nan,nan,nan,nan,nan,nan,0.0299832821,0.2300398350,inf,0.0000169277,inf,inf,inf,0.0399842262,0.0899572372,inf,inf,inf,inf,inf,inf,inf,1583
1779239128.5603172779,-0.0107116830,0.1029337347,0.0910238326,-0.0109836423,0.0830641180,0.0023135321,3.6419999599,nan,nan,-0.1000000015,0.0000000000,-0.0399999991,0.0000000000,nan,nan,nan,nan,nan,nan,nan,nan,nan,nan,nan,nan,0.0000000000,0.0000000000,0.0000000000,0.0000000000,0.0000000000,0.0752034560,nan,nan,nan,nan,nan,nan,nan,nan,nan,nan,nan,nan,nan,nan,nan,nan,nan,nan,nan,nan,nan,0.0000534058,0.2400889397,inf,0.0100660324,inf,inf,inf,0.0500333309,0.0000159740,inf,inf,inf,inf,inf,inf,inf,1583
1779239128.5703380108,-0.0107116830,0.1029337347,0.0910238326,-0.0109836423,0.0830641180,0.0023135321,3.6419999599,nan,nan,-0.1000000015,0.0000000000,-0.0399999991,0.0000000000,nan,nan,nan,nan,nan,nan,nan,nan,nan,nan,nan,nan,0.0000000000,0.0000000000,0.0000000000,0.0000000000,0.0000000000,0.0752034560,nan,nan,nan,nan,nan,nan,nan,nan,nan,nan,nan,nan,nan,nan,nan,nan,nan,nan,nan,nan,nan,0.0100741386,0.2501096725,inf,0.0200867653,inf,inf,inf,0.0600540638,0.0100367069,inf,inf,inf,inf,inf,inf,inf,1583
1779239128.5803298950,-0.0107116830,0.1029337347,0.0910238326,-0.0109836423,0.0830641180,0.0023135321,3.6419999599,nan,nan,-0.1000000015,0.0000000000,-0.0399999991,0.0000000000,nan,nan,nan,nan,nan,nan,nan,nan,nan,nan,nan,nan,0.0000000000,0.0000000000,0.0000000000,0.0000000000,0.0000000000,0.0752034560,nan,nan,nan,nan,nan,nan,nan,nan,nan,nan,nan,nan,nan,nan,nan,nan,nan,nan,nan,nan,nan,0.0200660229,0.2601015568,inf,0.0300786495,inf,inf,inf,0.0700459480,0.0200285912,inf,inf,inf,inf,inf,inf,inf,1583
1779239128.5903065205,-0.0107116830,0.1029337347,0.0910238326,-0.0109836423,0.0830641180,0.0023135321,3.6419999599,nan,nan,-0.1000000015,0.0000000000,-0.0399999991,0.0000000000,nan,nan,nan,nan,nan,nan,nan,nan,nan,nan,nan,nan,0.0000000000,0.0000000000,0.0000000000,0.0000000000,0.0000000000,0.0752034560,nan,nan,nan,nan,nan,nan,nan,nan,nan,nan,nan,nan,nan,nan,nan,nan,nan,nan,nan,nan,nan,0.0300426483,0.2700781822,inf,0.0400552750,inf,inf,inf,0.0800225735,0.0300052166,inf,inf,inf,inf,inf,inf,inf,1583
1779239128.6003034115,-0.0107116830,0.1029337347,0.0910238326,-0.0109836423,0.0830641180,0.0023135321,3.6419999599,nan,nan,-0.1000000015,0.0000000000,-0.0399999991,0.0000000000,nan,nan,nan,nan,nan,nan,nan,nan,nan,nan,nan,nan,0.0000000000,0.0000000000,0.0000000000,0.0000000000,0.0000000000,0.0752034560,nan,nan,nan,nan,nan,nan,nan,nan,nan,nan,nan,nan,nan,nan,nan,nan,nan,nan,nan,nan,nan,0.0400395393,0.2800750732,inf,0.0000200272,inf,inf,inf,0.0900194645,0.0400021076,inf,inf,inf,inf,inf,inf,inf,1583
1779239128.6103851795,-0.0112811290,0.1028832346,0.0910514072,-0.0109817247,0.0858340788,0.0022985371,3.6419999599,nan,nan,-0.1000000015,0.0000000000,-0.0399999991,0.0000000000,nan,nan,nan,nan,nan,nan,nan,nan,nan,nan,nan,nan,0.0000000000,0.0000000000,0.0000000000,0.0000000000,0.0000000000,0.0752034560,nan,nan,nan,nan,nan,nan,nan,nan,nan,nan,nan,nan,nan,nan,nan,nan,nan,nan,nan,nan,nan,0.0000660419,0.2901568413,inf,0.0101017952,inf,inf,inf,0.0000209808,0.0500838757,inf,inf,inf,inf,inf,inf,inf,1583
1779239128.6203377247,-0.0112811290,0.1028832346,0.0910514072,-0.0109817247,0.0858340788,0.0022985371,3.6419999599,nan,nan,-0.1000000015,0.0000000000,-0.0399999991,0.0000000000,nan,nan,nan,nan,nan,nan,nan,nan,nan,nan,nan,nan,0.0000000000,0.0000000000,0.0000000000,0.0000000000,0.0000000000,0.0752034560,nan,nan,nan,nan,nan,nan,nan,nan,nan,nan,nan,nan,nan,nan,nan,nan,nan,nan,nan,nan,nan,0.0100185871,0.3001093864,inf,0.0200543404,inf,inf,inf,0.0099735260,0.0600364208,inf,inf,inf,inf,inf,inf,inf,1583
1779239128.6303923130,-0.0112811290,0.1028832346,0.0910514072,-0.0109817247,0.0858340788,0.0022985371,3.6419999599,nan,nan,-0.1000000015,0.0000000000,-0.0399999991,0.0000000000,nan,nan,nan,nan,nan,nan,nan,nan,nan,nan,nan,nan,0.0000000000,0.0000000000,0.0000000000,0.0000000000,0.0000000000,0.0752034560,nan,nan,nan,nan,nan,nan,nan,nan,nan,nan,nan,nan,nan,nan,nan,nan,nan,nan,nan,nan,nan,0.0200731754,0.3101639748,inf,0.0301089287,inf,inf,inf,0.0200281143,0.0700910091,inf,inf,inf,inf,inf,inf,inf,1583
1779239128.6403079033,-0.0112811290,0.1028832346,0.0910514072,-0.0109817247,0.0858340788,0.0022985371,3.6419999599,nan,nan,-0.1000000015,0.0000000000,-0.0399999991,0.0000000000,nan,nan,nan,nan,nan,nan,nan,nan,nan,nan,nan,nan,0.0000000000,0.0000000000,0.0000000000,0.0000000000,0.0000000000,0.0752034560,nan,nan,nan,nan,nan,nan,nan,nan,nan,nan,nan,nan,nan,nan,nan,nan,nan,nan,nan,nan,nan,0.0299887657,0.3200795650,inf,0.0400245190,inf,inf,inf,0.0299437046,0.0800065994,inf,inf,inf,inf,inf,inf,inf,1583
1779239128.6503190994,-0.0112811290,0.1028832346,0.0910514072,-0.0109817247,0.0858340788,0.0022985371,3.6419999599,nan,nan,-0.1000000015,0.0000000000,-0.0399999991,0.0000000000,nan,nan,nan,nan,nan,nan,nan,nan,nan,nan,nan,nan,0.0000000000,0.0000000000,0.0000000000,0.0000000000,0.0000000000,0.0752034560,nan,nan,nan,nan,nan,nan,nan,nan,nan,nan,nan,nan,nan,nan,nan,nan,nan,nan,nan,nan,nan,0.0399999619,0.3300907612,inf,0.0000250340,inf,inf,inf,0.0399549007,0.0900177956,inf,inf,inf,inf,inf,inf,inf,1583
1779239128.6603698730,-0.0120061850,0.1028162539,0.0910769328,-0.0109836423,0.0830641180,0.0023135321,3.6419999599,nan,nan,-0.1000000015,0.0000000000,-0.0399999991,0.0000000000,nan,nan,nan,nan,nan,nan,nan,nan,nan,nan,nan,nan,0.0000000000,0.0000000000,0.0000000000,0.0000000000,0.0000000000,0.0738900229,nan,nan,nan,nan,nan,nan,nan,nan,nan,nan,nan,nan,nan,nan,nan,nan,nan,nan,nan,nan,nan,0.0000631809,0.3401415348,inf,0.0100758076,inf,inf,inf,0.0500056744,0.0000238419,inf,inf,inf,inf,inf,inf,inf,1583
1779239128.6703593731,-0.0120061850,0.1028162539,0.0910769328,-0.0109836423,0.0830641180,0.0023135321,3.6419999599,nan,nan,-0.1000000015,0.0000000000,-0.0399999991,0.0000000000,nan,nan,nan,nan,nan,nan,nan,nan,nan,nan,nan,nan,0.0000000000,0.0000000000,0.0000000000,0.0000000000,0.0000000000,0.0738900229,nan,nan,nan,nan,nan,nan,nan,nan,nan,nan,nan,nan,nan,nan,nan,nan,nan,nan,nan,nan,nan,0.0100526810,0.3501310349,inf,0.0200653076,inf,inf,inf,0.0599951744,0.0100133419,inf,inf,inf,inf,inf,inf,inf,1583
1779239128.6804139614,-0.0120061850,0.1028162539,0.0910769328,-0.0109836423,0.0830641180,0.0023135321,3.6419999599,nan,nan,-0.1000000015,0.0000000000,-0.0399999991,0.0000000000,nan,nan,nan,nan,nan,nan,nan,nan,nan,nan,nan,nan,0.0000000000,0.0000000000,0.0000000000,0.0000000000,0.0000000000,0.0738900229,nan,nan,nan,nan,nan,nan,nan,nan,nan,nan,nan,nan,nan,nan,nan,nan,nan,nan,nan,nan,nan,0.0201072693,0.3601856232,inf,0.0301198959,inf,inf,inf,0.0700497627,0.0200679302,inf,inf,inf,inf,inf,inf,inf,1583
1779239128.6902976036,-0.0120061850,0.1028162539,0.0910769328,-0.0109836423,0.0830641180,0.0023135321,3.6419999599,nan,nan,-0.1000000015,0.0000000000,-0.0399999991,0.0000000000,nan,nan,nan,nan,nan,nan,nan,nan,nan,nan,nan,nan,0.0000000000,0.0000000000,0.0000000000,0.0000000000,0.0000000000,0.0738900229,nan,nan,nan,nan,nan,nan,nan,nan,nan,nan,nan,nan,nan,nan,nan,nan,nan,nan,nan,nan,nan,0.0299909115,0.3700692654,inf,0.0400035381,inf,inf,inf,0.0799334049,0.0299515724,inf,inf,inf,inf,inf,inf,inf,1583
1779239128.7003188133,-0.0120061850,0.1028162539,0.0910769328,-0.0109836423,0.0830641180,0.0023135321,3.6419999599,nan,nan,-0.1000000015,0.0000000000,-0.0399999991,0.0000000000,nan,nan,nan,nan,nan,nan,nan,nan,nan,nan,nan,nan,0.0000000000,0.0000000000,0.0000000000,0.0000000000,0.0000000000,0.0738900229,nan,nan,nan,nan,nan,nan,nan,nan,nan,nan,nan,nan,nan,nan,nan,nan,nan,nan,nan,nan,nan,0.0400121212,0.3800904751,inf,0.0000226498,inf,inf,inf,0.0899546146,0.0399727821,inf,inf,inf,inf,inf,inf,inf,1583
1779239128.7103569508,-0.0129141957,0.1027131081,0.0910975710,-0.0109836423,0.0830641180,0.0023135321,3.6419999599,nan,nan,-0.1000000015,0.0000000000,-0.0399999991,0.0000000000,nan,nan,nan,nan,nan,nan,nan,nan,nan,nan,nan,nan,0.0000000000,0.0000000000,0.0000000000,0.0000000000,0.0000000000,0.0738900229,nan,nan,nan,nan,nan,nan,nan,nan,nan,nan,nan,nan,nan,nan,nan,nan,nan,nan,nan,nan,nan,0.0000619888,0.3901286125,inf,0.0100607872,inf,inf,inf,0.0000212193,0.0500109196,inf,inf,inf,inf,inf,inf,inf,1583
1779239128.7202823162,-0.0129141957,0.1027131081,0.0910975710,-0.0109836423,0.0830641180,0.0023135321,3.6419999599,nan,nan,-0.1000000015,0.0000000000,-0.0399999991,0.0000000000,nan,nan,nan,nan,nan,nan,nan,nan,nan,nan,nan,nan,0.0000000000,0.0000000000,0.0000000000,0.0000000000,0.0000000000,0.0738900229,nan,nan,nan,nan,nan,nan,nan,nan,nan,nan,nan,nan,nan,nan,nan,nan,nan,nan,nan,nan,nan,0.0099873543,0.4000539780,inf,0.0199861526,inf,inf,inf,0.0099465847,0.0599362850,inf,inf,inf,inf,inf,inf,inf,1583
1779239128.7302637100,-0.0129141957,0.1027131081,0.0910975710,-0.0109836423,0.0830641180,0.0023135321,3.6419999599,nan,nan,-0.1000000015,0.0000000000,-0.0399999991,0.0000000000,nan,nan,nan,nan,nan,nan,nan,nan,nan,nan,nan,nan,0.0000000000,0.0000000000,0.0000000000,0.0000000000,0.0000000000,0.0738900229,nan,nan,nan,nan,nan,nan,nan,nan,nan,nan,nan,nan,nan,nan,nan,nan,nan,nan,nan,nan,nan,0.0199687481,0.4100353718,inf,0.0299675465,inf,inf,inf,0.0199279785,0.0699176788,inf,inf,inf,inf,inf,inf,inf,1583
1779239128.7402884960,-0.0129141957,0.1027131081,0.0910975710,-0.0109836423,0.0830641180,0.0023135321,3.6419999599,nan,nan,-0.1000000015,0.0000000000,-0.0399999991,0.0000000000,nan,nan,nan,nan,nan,nan,nan,nan,nan,nan,nan,nan,0.0000000000,0.0000000000,0.0000000000,0.0000000000,0.0000000000,0.0738900229,nan,nan,nan,nan,nan,nan,nan,nan,nan,nan,nan,nan,nan,nan,nan,nan,nan,nan,nan,nan,nan,0.0299935341,0.4200601578,inf,0.0399923325,inf,inf,inf,0.0299527645,0.0799424648,inf,inf,inf,inf,inf,inf,inf,1583
1779239128.7502970695,-0.0129141957,0.1027131081,0.0910975710,-0.0109836423,0.0830641180,0.0023135321,3.6419999599,nan,nan,-0.1000000015,0.0000000000,-0.0399999991,0.0000000000,nan,nan,nan,nan,nan,nan,nan,nan,nan,nan,nan,nan,0.0000000000,0.0000000000,0.0000000000,0.0000000000,0.0000000000,0.0738900229,nan,nan,nan,nan,nan,nan,nan,nan,nan,nan,nan,nan,nan,nan,nan,nan,nan,nan,nan,nan,nan,0.0400021076,0.4300687313,inf,0.0000216961,inf,inf,inf,0.0399613380,0.0899510384,inf,inf,inf,inf,inf,inf,inf,1583
1779239128.7603080273,-0.0106327888,0.1029142886,0.0910238475,-0.0109836423,0.0830641180,0.0023135321,3.6419999599,nan,nan,-0.1000000015,0.0000000000,-0.0399999991,0.0000000000,nan,nan,nan,nan,nan,nan,nan,nan,nan,nan,nan,nan,0.0000000000,0.0000000000,0.0000000000,0.0000000000,0.0000000000,0.0759488344,nan,nan,nan,nan,nan,nan,nan,nan,nan,nan,nan,nan,nan,nan,nan,nan,nan,nan,nan,nan,nan,0.0000538826,0.4400796890,inf,0.0100326538,inf,inf,inf,0.0499722958,0.0000219345,inf,inf,inf,inf,inf,inf,inf,1583
1779239128.7702801228,-0.0106327888,0.1029142886,0.0910238475,-0.0109836423,0.0830641180,0.0023135321,3.6419999599,nan,nan,-0.1000000015,0.0000000000,-0.0399999991,0.0000000000,nan,nan,nan,nan,nan,nan,nan,nan,nan,nan,nan,nan,0.0000000000,0.0000000000,0.0000000000,0.0000000000,0.0000000000,0.0759488344,nan,nan,nan,nan,nan,nan,nan,nan,nan,nan,nan,nan,nan,nan,nan,nan,nan,nan,nan,nan,nan,0.0100259781,0.4500517845,inf,0.0200047493,inf,inf,inf,0.0599443913,0.0099940300,inf,inf,inf,inf,inf,inf,inf,1583
1779239128.7803258896,-0.0106327888,0.1029142886,0.0910238475,-0.0109836423,0.0830641180,0.0023135321,3.6419999599,nan,nan,-0.1000000015,0.0000000000,-0.0399999991,0.0000000000,nan,nan,nan,nan,nan,nan,nan,nan,nan,nan,nan,nan,0.0000000000,0.0000000000,0.0000000000,0.0000000000,0.0000000000,0.0759488344,nan,nan,nan,nan,nan,nan,nan,nan,nan,nan,nan,nan,nan,nan,nan,nan,nan,nan,nan,nan,nan,0.0200717449,0.4600975513,inf,0.0300505161,inf,inf,inf,0.0699901581,0.0200397968,inf,inf,inf,inf,inf,inf,inf,1583
1779239128.7902677059,-0.0106327888,0.1029142886,0.0910238475,-0.0109836423,0.0830641180,0.0023135321,3.6419999599,nan,nan,-0.1000000015,0.0000000000,-0.0399999991,0.0000000000,nan,nan,nan,nan,nan,nan,nan,nan,nan,nan,nan,nan,0.0000000000,0.0000000000,0.0000000000,0.0000000000,0.0000000000,0.0759488344,nan,nan,nan,nan,nan,nan,nan,nan,nan,nan,nan,nan,nan,nan,nan,nan,nan,nan,nan,nan,nan,0.0300135612,0.4700393677,inf,0.0399923325,inf,inf,inf,0.0799319744,0.0299816132,inf,inf,inf,inf,inf,inf,inf,1583
1779239128.8002591133,-0.0106327888,0.1029142886,0.0910238475,-0.0109836423,0.0830641180,0.0023135321,3.6419999599,nan,nan,-0.1000000015,0.0000000000,-0.0399999991,0.0000000000,nan,nan,nan,nan,nan,nan,nan,nan,nan,nan,nan,nan,0.0000000000,0.0000000000,0.0000000000,0.0000000000,0.0000000000,0.0759488344,nan,nan,nan,nan,nan,nan,nan,nan,nan,nan,nan,nan,nan,nan,nan,nan,nan,nan,nan,nan,nan,0.0400049686,0.4800307751,inf,0.0000171661,inf,inf,inf,0.0899233818,0.0399730206,inf,inf,inf,inf,inf,inf,inf,1583
1779239128.8103141785,-0.0111733060,0.1028107703,0.0910088718,-0.0109836423,0.0830641180,0.0023135321,3.6419999599,nan,nan,-0.1000000015,0.0000000000,-0.0399999991,0.0000000000,nan,nan,nan,nan,nan,nan,nan,nan,nan,nan,nan,nan,0.0000000000,0.0000000000,0.0000000000,0.0000000000,0.0000000000,0.0759488344,nan,nan,nan,nan,nan,nan,nan,nan,nan,nan,nan,nan,nan,nan,nan,nan,nan,nan,nan,nan,nan,0.0000624657,0.4900858402,inf,0.0100722313,inf,inf,inf,0.0000219345,0.0500280857,inf,inf,inf,inf,inf,inf,inf,1583
1779239128.8202953339,-0.0111733060,0.1028107703,0.0910088718,-0.0109836423,0.0830641180,0.0023135321,3.6419999599,nan,nan,-0.1000000015,0.0000000000,-0.0399999991,0.0000000000,nan,nan,nan,nan,nan,nan,nan,nan,nan,nan,nan,nan,0.0000000000,0.0000000000,0.0000000000,0.0000000000,0.0000000000,0.0759488344,nan,nan,nan,nan,nan,nan,nan,nan,nan,nan,nan,nan,nan,nan,nan,nan,nan,nan,nan,nan,nan,0.0100436211,0.5000669956,inf,0.0200533867,inf,inf,inf,0.0100030899,0.0600092411,inf,inf,inf,inf,inf,inf,inf,1583
1779239128.8302242756,-0.0111733060,0.1028107703,0.0910088718,-0.0109836423,0.0830641180,0.0023135321,3.6419999599,nan,nan,-0.1000000015,0.0000000000,-0.0399999991,0.0000000000,nan,nan,nan,nan,nan,nan,nan,nan,nan,nan,nan,nan,0.0000000000,0.0000000000,0.0000000000,0.0000000000,0.0000000000,0.0759488344,nan,nan,nan,nan,nan,nan,nan,nan,nan,nan,nan,nan,nan,nan,nan,nan,nan,nan,nan,nan,nan,0.0199725628,0.5099959373,inf,0.0299823284,inf,inf,inf,0.0199320316,0.0699381828,inf,inf,inf,inf,inf,inf,inf,1583
1779239128.8402304649,-0.0111733060,0.1028107703,0.0910088718,-0.0109836423,0.0830641180,0.0023135321,3.6419999599,nan,nan,-0.1000000015,0.0000000000,-0.0399999991,0.0000000000,nan,nan,nan,nan,nan,nan,nan,nan,nan,nan,nan,nan,0.0000000000,0.0000000000,0.0000000000,0.0000000000,0.0000000000,0.0759488344,nan,nan,nan,nan,nan,nan,nan,nan,nan,nan,nan,nan,nan,nan,nan,nan,nan,nan,nan,nan,nan,0.0299787521,0.5200021267,inf,0.0399885178,inf,inf,inf,0.0299382210,0.0799443722,inf,inf,inf,inf,inf,inf,inf,1583
1779239128.8502459526,-0.0111733060,0.1028107703,0.0910088718,-0.0109836423,0.0830641180,0.0023135321,3.6419999599,nan,nan,-0.1000000015,0.0000000000,-0.0399999991,0.0000000000,nan,nan,nan,nan,nan,nan,nan,nan,nan,nan,nan,nan,0.0000000000,0.0000000000,0.0000000000,0.0000000000,0.0000000000,0.0759488344,nan,nan,nan,nan,nan,nan,nan,nan,nan,nan,nan,nan,nan,nan,nan,nan,nan,nan,nan,nan,nan,0.0399942398,0.5300176144,inf,0.0000116825,inf,inf,inf,0.0399537086,0.0899598598,inf,inf,inf,inf,inf,inf,inf,1583
1779239128.8602926731,-0.0102780182,0.1029460728,0.0909800529,-0.0109836423,0.0830641180,0.0023135321,3.6419999599,nan,nan,-0.1000000015,0.0000000000,-0.0399999991,0.0000000000,nan,nan,nan,nan,nan,nan,nan,nan,nan,nan,nan,nan,0.0000000000,0.0000000000,0.0000000000,0.0000000000,0.0000000000,0.0749152377,nan,nan,nan,nan,nan,nan,nan,nan,nan,nan,nan,nan,nan,nan,nan,nan,nan,nan,nan,nan,nan,0.0000443459,0.5400643349,inf,0.0100584030,inf,inf,inf,0.0500004292,0.0000138283,inf,inf,inf,inf,inf,inf,inf,1583
1779239128.8703486919,-0.0102780182,0.1029460728,0.0909800529,-0.0109836423,0.0830641180,0.0023135321,3.6419999599,nan,nan,-0.1000000015,0.0000000000,-0.0399999991,0.0000000000,nan,nan,nan,nan,nan,nan,nan,nan,nan,nan,nan,nan,0.0000000000,0.0000000000,0.0000000000,0.0000000000,0.0000000000,0.0749152377,nan,nan,nan,nan,nan,nan,nan,nan,nan,nan,nan,nan,nan,nan,nan,nan,nan,nan,nan,nan,nan,0.0101003647,0.5501203537,inf,0.0201144218,inf,inf,inf,0.0600564480,0.0100698471,inf,inf,inf,inf,inf,inf,inf,1583
1779239128.8803515434,-0.0102780182,0.1029460728,0.0909800529,-0.0109836423,0.0830641180,0.0023135321,3.6419999599,nan,nan,-0.1000000015,0.0000000000,-0.0399999991,0.0000000000,nan,nan,nan,nan,nan,nan,nan,nan,nan,nan,nan,nan,0.0000000000,0.0000000000,0.0000000000,0.0000000000,0.0000000000,0.0749152377,nan,nan,nan,nan,nan,nan,nan,nan,nan,nan,nan,nan,nan,nan,nan,nan,nan,nan,nan,nan,nan,0.0201032162,0.5601232052,inf,0.0301172733,inf,inf,inf,0.0700592995,0.0200726986,inf,inf,inf,inf,inf,inf,inf,1583
1779239128.8903203011,-0.0102780182,0.1029460728,0.0909800529,-0.0109836423,0.0830641180,0.0023135321,3.6419999599,nan,nan,-0.1000000015,0.0000000000,-0.0399999991,0.0000000000,nan,nan,nan,nan,nan,nan,nan,nan,nan,nan,nan,nan,0.0000000000,0.0000000000,0.0000000000,0.0000000000,0.0000000000,0.0749152377,nan,nan,nan,nan,nan,nan,nan,nan,nan,nan,nan,nan,nan,nan,nan,nan,nan,nan,nan,nan,nan,0.0300719738,0.5700919628,inf,0.0400860310,inf,inf,inf,0.0800280571,0.0300414562,inf,inf,inf,inf,inf,inf,inf,1583
1779239128.9003407955,-0.0102780182,0.1029460728,0.0909800529,-0.0109836423,0.0830641180,0.0023135321,3.6419999599,nan,nan,-0.1000000015,0.0000000000,-0.0399999991,0.0000000000,nan,nan,nan,nan,nan,nan,nan,nan,nan,nan,nan,nan,0.0000000000,0.0000000000,0.0000000000,0.0000000000,0.0000000000,0.0749152377,nan,nan,nan,nan,nan,nan,nan,nan,nan,nan,nan,nan,nan,nan,nan,nan,nan,nan,nan,nan,nan,0.0400924683,0.5801124573,inf,0.0000259876,inf,inf,inf,0.0900485516,0.0400619507,inf,inf,inf,inf,inf,inf,inf,1583
1779239128.9104499817,-0.0107841408,0.1028532535,0.0909419954,-0.0109836423,0.0830641180,0.0023135321,3.6419999599,nan,nan,-0.1000000015,0.0000000000,-0.0399999991,0.0000000000,nan,nan,nan,nan,nan,nan,nan,nan,nan,nan,nan,nan,0.0000000000,0.0000000000,0.0000000000,0.0000000000,0.0000000000,0.0749152377,nan,nan,nan,nan,nan,nan,nan,nan,nan,nan,nan,nan,nan,nan,nan,nan,nan,nan,nan,nan,nan,0.0000839233,0.5902216434,inf,0.0101351738,inf,inf,inf,0.0000290871,0.0501711369,inf,inf,inf,inf,inf,inf,inf,1583
1779239128.9203348160,-0.0107841408,0.1028532535,0.0909419954,-0.0109836423,0.0830641180,0.0023135321,3.6419999599,nan,nan,-0.1000000015,0.0000000000,-0.0399999991,0.0000000000,nan,nan,nan,nan,nan,nan,nan,nan,nan,nan,nan,nan,0.0000000000,0.0000000000,0.0000000000,0.0000000000,0.0000000000,0.0749152377,nan,nan,nan,nan,nan,nan,nan,nan,nan,nan,nan,nan,nan,nan,nan,nan,nan,nan,nan,nan,nan,0.0099687576,0.6001064777,inf,0.0200200081,inf,inf,inf,0.0099139214,0.0600559711,inf,inf,inf,inf,inf,inf,inf,1583
1779239128.9303414822,-0.0107841408,0.1028532535,0.0909419954,-0.0109836423,0.0830641180,0.0023135321,3.6419999599,nan,nan,-0.1000000015,0.0000000000,-0.0399999991,0.0000000000,nan,nan,nan,nan,nan,nan,nan,nan,nan,nan,nan,nan,0.0000000000,0.0000000000,0.0000000000,0.0000000000,0.0000000000,0.0749152377,nan,nan,nan,nan,nan,nan,nan,nan,nan,nan,nan,nan,nan,nan,nan,nan,nan,nan,nan,nan,nan,0.0199754238,0.6101131439,inf,0.0300266743,inf,inf,inf,0.0199205875,0.0700626373,inf,inf,inf,inf,inf,inf,inf,1583
1779239128.9403314590,-0.0107841408,0.1028532535,0.0909419954,-0.0109836423,0.0830641180,0.0023135321,3.6419999599,nan,nan,-0.1000000015,0.0000000000,-0.0399999991,0.0000000000,nan,nan,nan,nan,nan,nan,nan,nan,nan,nan,nan,nan,0.0000000000,0.0000000000,0.0000000000,0.0000000000,0.0000000000,0.0749152377,nan,nan,nan,nan,nan,nan,nan,nan,nan,nan,nan,nan,nan,nan,nan,nan,nan,nan,nan,nan,nan,0.0299654007,0.6201031208,inf,0.0400166512,inf,inf,inf,0.0299105644,0.0800526142,inf,inf,inf,inf,inf,inf,inf,1583
1779239128.9503011703,-0.0107841408,0.1028532535,0.0909419954,-0.0109836423,0.0830641180,0.0023135321,3.6419999599,nan,nan,-0.1000000015,0.0000000000,-0.0399999991,0.0000000000,nan,nan,nan,nan,nan,nan,nan,nan,nan,nan,nan,nan,0.0000000000,0.0000000000,0.0000000000,0.0000000000,0.0000000000,0.0749152377,nan,nan,nan,nan,nan,nan,nan,nan,nan,nan,nan,nan,nan,nan,nan,nan,nan,nan,nan,nan,nan,0.0399351120,0.6300728321,inf,0.0000205040,inf,inf,inf,0.0398802757,0.0900223255,inf,inf,inf,inf,inf,inf,inf,1583
1779239128.9603965282,-0.0114301704,0.1027628779,0.0909112617,-0.0109836423,0.0830641180,0.0023135321,3.6419999599,nan,nan,-0.1000000015,0.0000000000,-0.0399999991,0.0000000000,nan,nan,nan,nan,nan,nan,nan,nan,nan,nan,nan,nan,0.0000000000,0.0000000000,0.0000000000,0.0000000000,0.0000000000,0.0794660971,nan,nan,nan,nan,nan,nan,nan,nan,nan,nan,nan,nan,nan,nan,nan,nan,nan,nan,nan,nan,nan,0.0000741482,0.6401681900,inf,0.0101158619,inf,inf,inf,0.0499756336,0.0000240803,inf,inf,inf,inf,inf,inf,inf,1583
1779239128.9703109264,-0.0114301704,0.1027628779,0.0909112617,-0.0109836423,0.0830641180,0.0023135321,3.6419999599,nan,nan,-0.1000000015,0.0000000000,-0.0399999991,0.0000000000,nan,nan,nan,nan,nan,nan,nan,nan,nan,nan,nan,nan,0.0000000000,0.0000000000,0.0000000000,0.0000000000,0.0000000000,0.0794660971,nan,nan,nan,nan,nan,nan,nan,nan,nan,nan,nan,nan,nan,nan,nan,nan,nan,nan,nan,nan,nan,0.0099885464,0.6500825882,inf,0.0200302601,inf,inf,inf,0.0598900318,0.0099384785,inf,inf,inf,inf,inf,inf,inf,1583
1779239128.9803009033,-0.0114301704,0.1027628779,0.0909112617,-0.0109836423,0.0830641180,0.0023135321,3.6419999599,nan,nan,-0.1000000015,0.0000000000,-0.0399999991,0.0000000000,nan,nan,nan,nan,nan,nan,nan,nan,nan,nan,nan,nan,0.0000000000,0.0000000000,0.0000000000,0.0000000000,0.0000000000,0.0794660971,nan,nan,nan,nan,nan,nan,nan,nan,nan,nan,nan,nan,nan,nan,nan,nan,nan,nan,nan,nan,nan,0.0199785233,0.6600725651,inf,0.0300202370,inf,inf,inf,0.0698800087,0.0199284554,inf,inf,inf,inf,inf,inf,inf,1583
1779239128.9903221130,-0.0114301704,0.1027628779,0.0909112617,-0.0109836423,0.0830641180,0.0023135321,3.6419999599,nan,nan,-0.1000000015,0.0000000000,-0.0399999991,0.0000000000,nan,nan,nan,nan,nan,nan,nan,nan,nan,nan,nan,nan,0.0000000000,0.0000000000,0.0000000000,0.0000000000,0.0000000000,0.0794660971,nan,nan,nan,nan,nan,nan,nan,nan,nan,nan,nan,nan,nan,nan,nan,nan,nan,nan,nan,nan,nan,0.0299997330,0.6700937748,inf,0.0400414467,inf,inf,inf,0.0799012184,0.0299496651,inf,inf,inf,inf,inf,inf,inf,1583
1779239129.0002753735,-0.0114301704,0.1027628779,0.0909112617,-0.0109836423,0.0830641180,0.0023135321,3.6419999599,nan,nan,-0.1000000015,0.0000000000,-0.0399999991,0.0000000000,nan,nan,nan,nan,nan,nan,nan,nan,nan,nan,nan,nan,0.0000000000,0.0000000000,0.0000000000,0.0000000000,0.0000000000,0.0794660971,nan,nan,nan,nan,nan,nan,nan,nan,nan,nan,nan,nan,nan,nan,nan,nan,nan,nan,nan,nan,nan,0.0399529934,0.6800470352,inf,0.0000185966,inf,inf,inf,0.0898544788,0.0399029255,inf,inf,inf,inf,inf,inf,inf,1583
1779239129.0103290081,-0.0122559257,0.1026639715,0.0908692330,-0.0109836423,0.0830641180,0.0023135321,3.6419999599,nan,nan,-0.1000000015,0.0000000000,-0.0399999991,0.0000000000,nan,nan,nan,nan,nan,nan,nan,nan,nan,nan,nan,nan,0.0000000000,0.0000000000,0.0000000000,0.0000000000,0.0000000000,0.0794660971,nan,nan,nan,nan,nan,nan,nan,nan,nan,nan,nan,nan,nan,nan,nan,nan,nan,nan,nan,nan,nan,0.0000491142,0.6901006699,inf,0.0100722313,inf,inf,inf,0.0000162125,0.0499565601,inf,inf,inf,inf,inf,inf,inf,1583
1779239129.0203185081,-0.0122559257,0.1026639715,0.0908692330,-0.0109836423,0.0830641180,0.0023135321,3.6419999599,nan,nan,-0.1000000015,0.0000000000,-0.0399999991,0.0000000000,nan,nan,nan,nan,nan,nan,nan,nan,nan,nan,nan,nan,0.0000000000,0.0000000000,0.0000000000,0.0000000000,0.0000000000,0.0794660971,nan,nan,nan,nan,nan,nan,nan,nan,nan,nan,nan,nan,nan,nan,nan,nan,nan,nan,nan,nan,nan,0.0100386143,0.7000901699,inf,0.0200617313,inf,inf,inf,0.0100057125,0.0599460602,inf,inf,inf,inf,inf,inf,inf,1583
1779239129.0302774906,-0.0122559257,0.1026639715,0.0908692330,-0.0109836423,0.0830641180,0.0023135321,3.6419999599,nan,nan,-0.1000000015,0.0000000000,-0.0399999991,0.0000000000,nan,nan,nan,nan,nan,nan,nan,nan,nan,nan,nan,nan,0.0000000000,0.0000000000,0.0000000000,0.0000000000,0.0000000000,0.0794660971,nan,nan,nan,nan,nan,nan,nan,nan,nan,nan,nan,nan,nan,nan,nan,nan,nan,nan,nan,nan,nan,0.0199975967,0.7100491524,inf,0.0300207138,inf,inf,inf,0.0199646950,0.0699050426,inf,inf,inf,inf,inf,inf,inf,1583
1779239129.0403199196,-0.0122559257,0.1026639715,0.0908692330,-0.0109836423,0.0830641180,0.0023135321,3.6419999599,nan,nan,-0.1000000015,0.0000000000,-0.0399999991,0.0000000000,nan,nan,nan,nan,nan,nan,nan,nan,nan,nan,nan,nan,0.0000000000,0.0000000000,0.0000000000,0.0000000000,0.0000000000,0.0794660971,nan,nan,nan,nan,nan,nan,nan,nan,nan,nan,nan,nan,nan,nan,nan,nan,nan,nan,nan,nan,nan,0.0300400257,0.7200915813,inf,0.0400631428,inf,inf,inf,0.0300071239,0.0799474716,inf,inf,inf,inf,inf,inf,inf,1583
1779239129.0503132343,-0.0122559257,0.1026639715,0.0908692330,-0.0109836423,0.0830641180,0.0023135321,3.6419999599,nan,nan,-0.1000000015,0.0000000000,-0.0399999991,0.0000000000,nan,nan,nan,nan,nan,nan,nan,nan,nan,nan,nan,nan,0.0000000000,0.0000000000,0.0000000000,0.0000000000,0.0000000000,0.0794660971,nan,nan,nan,nan,nan,nan,nan,nan,nan,nan,nan,nan,nan,nan,nan,nan,nan,nan,nan,nan,nan,0.0400333405,0.7300848961,inf,0.0000212193,inf,inf,inf,0.0400004387,0.0899407864,inf,inf,inf,inf,inf,inf,inf,1583
1779239129.0602731705,-0.0107183121,0.1029043719,0.0910025984,-0.0109836423,0.0830641180,0.0023135321,3.6419999599,nan,nan,-0.1000000015,0.0000000000,-0.0399999991,0.0000000000,nan,nan,nan,nan,nan,nan,nan,nan,nan,nan,nan,nan,0.0000000000,0.0000000000,0.0000000000,0.0000000000,0.0000000000,0.0779131278,nan,nan,nan,nan,nan,nan,nan,nan,nan,nan,nan,nan,nan,nan,nan,nan,nan,nan,nan,nan,nan,0.0000464916,0.7400448322,inf,0.0099811554,inf,inf,inf,0.0499603748,0.0000157356,inf,inf,inf,inf,inf,inf,inf,1583
1779239129.0702657700,-0.0107183121,0.1029043719,0.0910025984,-0.0109836423,0.0830641180,0.0023135321,3.6419999599,nan,nan,-0.1000000015,0.0000000000,-0.0399999991,0.0000000000,nan,nan,nan,nan,nan,nan,nan,nan,nan,nan,nan,nan,0.0000000000,0.0000000000,0.0000000000,0.0000000000,0.0000000000,0.0779131278,nan,nan,nan,nan,nan,nan,nan,nan,nan,nan,nan,nan,nan,nan,nan,nan,nan,nan,nan,nan,nan,0.0100390911,0.7500374317,inf,0.0199737549,inf,inf,inf,0.0599529743,0.0100083351,inf,inf,inf,inf,inf,inf,inf,1583
1779239129.0802583694,-0.0107183121,0.1029043719,0.0910025984,-0.0109836423,0.0830641180,0.0023135321,3.6419999599,nan,nan,-0.1000000015,0.0000000000,-0.0399999991,0.0000000000,nan,nan,nan,nan,nan,nan,nan,nan,nan,nan,nan,nan,0.0000000000,0.0000000000,0.0000000000,0.0000000000,0.0000000000,0.0779131278,nan,nan,nan,nan,nan,nan,nan,nan,nan,nan,nan,nan,nan,nan,nan,nan,nan,nan,nan,nan,nan,0.0200316906,0.7600300312,inf,0.0299663544,inf,inf,inf,0.0699455738,0.0200009346,inf,inf,inf,inf,inf,inf,inf,1583
1779239129.0903964043,-0.0107183121,0.1029043719,0.0910025984,-0.0109836423,0.0830641180,0.0023135321,3.6419999599,nan,nan,-0.1000000015,0.0000000000,-0.0399999991,0.0000000000,nan,nan,nan,nan,nan,nan,nan,nan,nan,nan,nan,nan,0.0000000000,0.0000000000,0.0000000000,0.0000000000,0.0000000000,0.0779131278,nan,nan,nan,nan,nan,nan,nan,nan,nan,nan,nan,nan,nan,nan,nan,nan,nan,nan,nan,nan,nan,0.0301697254,0.7701680660,inf,0.0401043892,inf,inf,inf,0.0800836086,0.0301389694,inf,inf,inf,inf,inf,inf,inf,1583
1779239129.1002807617,-0.0107183121,0.1029043719,0.0910025984,-0.0109836423,0.0830641180,0.0023135321,3.6419999599,nan,nan,-0.1000000015,0.0000000000,-0.0399999991,0.0000000000,nan,nan,nan,nan,nan,nan,nan,nan,nan,nan,nan,nan,0.0000000000,0.0000000000,0.0000000000,0.0000000000,0.0000000000,0.0779131278,nan,nan,nan,nan,nan,nan,nan,nan,nan,nan,nan,nan,nan,nan,nan,nan,nan,nan,nan,nan,nan,0.0400540829,0.7800524235,inf,0.0000193119,inf,inf,inf,0.0899679661,0.0400233269,inf,inf,inf,inf,inf,inf,inf,1583
1779239129.1103613377,-0.0113315387,0.1028441191,0.0910245702,-0.0109836423,0.0830641180,0.0023135321,3.6419999599,nan,nan,-0.1000000015,0.0000000000,-0.0399999991,0.0000000000,nan,nan,nan,nan,nan,nan,nan,nan,nan,nan,nan,nan,0.0000000000,0.0000000000,0.0000000000,0.0000000000,0.0000000000,0.0779131278,nan,nan,nan,nan,nan,nan,nan,nan,nan,nan,nan,nan,nan,nan,nan,nan,nan,nan,nan,nan,nan,0.0000548363,0.7901329994,inf,0.0100998878,inf,inf,inf,0.0000178814,0.0501039028,inf,inf,inf,inf,inf,inf,inf,1583
1779239129.1203286648,-0.0113315387,0.1028441191,0.0910245702,-0.0109836423,0.0830641180,0.0023135321,3.6419999599,nan,nan,-0.1000000015,0.0000000000,-0.0399999991,0.0000000000,nan,nan,nan,nan,nan,nan,nan,nan,nan,nan,nan,nan,0.0000000000,0.0000000000,0.0000000000,0.0000000000,0.0000000000,0.0779131278,nan,nan,nan,nan,nan,nan,nan,nan,nan,nan,nan,nan,nan,nan,nan,nan,nan,nan,nan,nan,nan,0.0100221634,0.8001003265,inf,0.0200672150,inf,inf,inf,0.0099852085,0.0600712299,inf,inf,inf,inf,inf,inf,inf,1583
1779239129.1302542686,-0.0113315387,0.1028441191,0.0910245702,-0.0109836423,0.0830641180,0.0023135321,3.6419999599,nan,nan,-0.1000000015,0.0000000000,-0.0399999991,0.0000000000,nan,nan,nan,nan,nan,nan,nan,nan,nan,nan,nan,nan,0.0000000000,0.0000000000,0.0000000000,0.0000000000,0.0000000000,0.0779131278,nan,nan,nan,nan,nan,nan,nan,nan,nan,nan,nan,nan,nan,nan,nan,nan,nan,nan,nan,nan,nan,0.0199477673,0.8100259304,inf,0.0299928188,inf,inf,inf,0.0199108124,0.0699968338,inf,inf,inf,inf,inf,inf,inf,1583
1779239129.1403133869,-0.0113315387,0.1028441191,0.0910245702,-0.0109836423,0.0830641180,0.0023135321,3.6419999599,nan,nan,-0.1000000015,0.0000000000,-0.0399999991,0.0000000000,nan,nan,nan,nan,nan,nan,nan,nan,nan,nan,nan,nan,0.0000000000,0.0000000000,0.0000000000,0.0000000000,0.0000000000,0.0779131278,nan,nan,nan,nan,nan,nan,nan,nan,nan,nan,nan,nan,nan,nan,nan,nan,nan,nan,nan,nan,nan,0.0300068855,0.8200850487,inf,0.0400519371,inf,inf,inf,0.0299699306,0.0800559521,inf,inf,inf,inf,inf,inf,inf,1583
1779239129.1502771378,-0.0113315387,0.1028441191,0.0910245702,-0.0109836423,0.0830641180,0.0023135321,3.6419999599,nan,nan,-0.1000000015,0.0000000000,-0.0399999991,0.0000000000,nan,nan,nan,nan,nan,nan,nan,nan,nan,nan,nan,nan,0.0000000000,0.0000000000,0.0000000000,0.0000000000,0.0000000000,0.0779131278,nan,nan,nan,nan,nan,nan,nan,nan,nan,nan,nan,nan,nan,nan,nan,nan,nan,nan,nan,nan,nan,0.0399706364,0.8300487995,inf,0.0000159740,inf,inf,inf,0.0399336815,0.0900197029,inf,inf,inf,inf,inf,inf,inf,1583
1779239129.1603229046,-0.0121152280,0.1027713194,0.0910695568,-0.0109836423,0.0830641180,0.0023135321,3.6419999599,nan,nan,-0.1000000015,0.0000000000,-0.0399999991,0.0000000000,nan,nan,nan,nan,nan,nan,nan,nan,nan,nan,nan,nan,0.0000000000,0.0000000000,0.0000000000,0.0000000000,0.0000000000,0.0820825845,nan,nan,nan,nan,nan,nan,nan,nan,nan,nan,nan,nan,nan,nan,nan,nan,nan,nan,nan,nan,nan,0.0000481606,0.8400945663,inf,0.0100617409,inf,inf,inf,0.0499794483,0.0000159740,inf,inf,inf,inf,inf,inf,inf,1583
1779239129.1703069210,-0.0121152280,0.1027713194,0.0910695568,-0.0109836423,0.0830641180,0.0023135321,3.6419999599,nan,nan,-0.1000000015,0.0000000000,-0.0399999991,0.0000000000,nan,nan,nan,nan,nan,nan,nan,nan,nan,nan,nan,nan,0.0000000000,0.0000000000,0.0000000000,0.0000000000,0.0000000000,0.0820825845,nan,nan,nan,nan,nan,nan,nan,nan,nan,nan,nan,nan,nan,nan,nan,nan,nan,nan,nan,nan,nan,0.0100321770,0.8500785828,inf,0.0200457573,inf,inf,inf,0.0599634647,0.0099999905,inf,inf,inf,inf,inf,inf,inf,1583
1779239129.1802535057,-0.0121152280,0.1027713194,0.0910695568,-0.0109836423,0.0830641180,0.0023135321,3.6419999599,nan,nan,-0.1000000015,0.0000000000,-0.0399999991,0.0000000000,nan,nan,nan,nan,nan,nan,nan,nan,nan,nan,nan,nan,0.0000000000,0.0000000000,0.0000000000,0.0000000000,0.0000000000,0.0820825845,nan,nan,nan,nan,nan,nan,nan,nan,nan,nan,nan,nan,nan,nan,nan,nan,nan,nan,nan,nan,nan,0.0199787617,0.8600251675,inf,0.0299923420,inf,inf,inf,0.0699100494,0.0199465752,inf,inf,inf,inf,inf,inf,inf,1583
1779239129.1902601719,-0.0121152280,0.1027713194,0.0910695568,-0.0109836423,0.0830641180,0.0023135321,3.6419999599,nan,nan,-0.1000000015,0.0000000000,-0.0399999991,0.0000000000,nan,nan,nan,nan,nan,nan,nan,nan,nan,nan,nan,nan,0.0000000000,0.0000000000,0.0000000000,0.0000000000,0.0000000000,0.0820825845,nan,nan,nan,nan,nan,nan,nan,nan,nan,nan,nan,nan,nan,nan,nan,nan,nan,nan,nan,nan,nan,0.0299854279,0.8700318336,inf,0.0399990082,inf,inf,inf,0.0799167156,0.0299532413,inf,inf,inf,inf,inf,inf,inf,1583
1779239129.2002460957,-0.0121152280,0.1027713194,0.0910695568,-0.0109836423,0.0830641180,0.0023135321,3.6419999599,nan,nan,-0.1000000015,0.0000000000,-0.0399999991,0.0000000000,nan,nan,nan,nan,nan,nan,nan,nan,nan,nan,nan,nan,0.0000000000,0.0000000000,0.0000000000,0.0000000000,0.0000000000,0.0820825845,nan,nan,nan,nan,nan,nan,nan,nan,nan,nan,nan,nan,nan,nan,nan,nan,nan,nan,nan,nan,nan,0.0399713516,0.8800177574,inf,0.0000135899,inf,inf,inf,0.0899026394,0.0399391651,inf,inf,inf,inf,inf,inf,inf,1583
1779239129.2102375031,-0.0132761626,0.1026385501,0.0911117867,-0.0109836423,0.0830641180,0.0023135321,3.6419999599,nan,nan,-0.1000000015,0.0000000000,-0.0399999991,0.0000000000,nan,nan,nan,nan,nan,nan,nan,nan,nan,nan,nan,nan,0.0000000000,0.0000000000,0.0000000000,0.0000000000,0.0000000000,0.0820825845,nan,nan,nan,nan,nan,nan,nan,nan,nan,nan,nan,nan,nan,nan,nan,nan,nan,nan,nan,nan,nan,0.0000288486,0.8900091648,inf,0.0100049973,inf,inf,inf,0.0000092983,0.0499305725,inf,inf,inf,inf,inf,inf,inf,1583
1779239129.2202272415,-0.0132761626,0.1026385501,0.0911117867,-0.0109836423,0.0830641180,0.0023135321,3.6419999599,nan,nan,-0.1000000015,0.0000000000,-0.0399999991,0.0000000000,nan,nan,nan,nan,nan,nan,nan,nan,nan,nan,nan,nan,0.0000000000,0.0000000000,0.0000000000,0.0000000000,0.0000000000,0.0820825845,nan,nan,nan,nan,nan,nan,nan,nan,nan,nan,nan,nan,nan,nan,nan,nan,nan,nan,nan,nan,nan,0.0100185871,0.8999989033,inf,0.0199947357,inf,inf,inf,0.0099990368,0.0599203110,inf,inf,inf,inf,inf,inf,inf,1583
1779239129.2302427292,-0.0132761626,0.1026385501,0.0911117867,-0.0109836423,0.0830641180,0.0023135321,3.6419999599,nan,nan,-0.1000000015,0.0000000000,-0.0399999991,0.0000000000,nan,nan,nan,nan,nan,nan,nan,nan,nan,nan,nan,nan,0.0000000000,0.0000000000,0.0000000000,0.0000000000,0.0000000000,0.0820825845,nan,nan,nan,nan,nan,nan,nan,nan,nan,nan,nan,nan,nan,nan,nan,nan,nan,nan,nan,nan,nan,0.0200340748,0.9100143909,inf,0.0300102234,inf,inf,inf,0.0200145245,0.0699357986,inf,inf,inf,inf,inf,inf,inf,1583
1779239129.2402670383,-0.0132761626,0.1026385501,0.0911117867,-0.0109836423,0.0830641180,0.0023135321,3.6419999599,nan,nan,-0.1000000015,0.0000000000,-0.0399999991,0.0000000000,nan,nan,nan,nan,nan,nan,nan,nan,nan,nan,nan,nan,0.0000000000,0.0000000000,0.0000000000,0.0000000000,0.0000000000,0.0820825845,nan,nan,nan,nan,nan,nan,nan,nan,nan,nan,nan,nan,nan,nan,nan,nan,nan,nan,nan,nan,nan,0.0300583839,0.9200387001,inf,0.0400345325,inf,inf,inf,0.0300388336,0.0799601078,inf,inf,inf,inf,inf,inf,inf,1583
1779239129.2502269745,-0.0132761626,0.1026385501,0.0911117867,-0.0109836423,0.0830641180,0.0023135321,3.6419999599,nan,nan,-0.1000000015,0.0000000000,-0.0399999991,0.0000000000,nan,nan,nan,nan,nan,nan,nan,nan,nan,nan,nan,nan,0.0000000000,0.0000000000,0.0000000000,0.0000000000,0.0000000000,0.0820825845,nan,nan,nan,nan,nan,nan,nan,nan,nan,nan,nan,nan,nan,nan,nan,nan,nan,nan,nan,nan,nan,0.0400183201,0.9299986362,inf,0.0000114441,inf,inf,inf,0.0399987698,0.0899200439,inf,inf,inf,inf,inf,inf,inf,1583
1779239129.2602565289,-0.0105805742,0.1029305458,0.0910285413,-0.0109836423,0.0830641180,0.0023135321,3.6419999599,nan,nan,-0.1000000015,0.0000000000,-0.0399999991,0.0000000000,nan,nan,nan,nan,nan,nan,nan,nan,nan,nan,nan,nan,0.0000000000,0.0000000000,0.0000000000,0.0000000000,0.0000000000,0.0846238583,nan,nan,nan,nan,nan,nan,nan,nan,nan,nan,nan,nan,nan,nan,nan,nan,nan,nan,nan,nan,nan,0.0000331402,0.9400281906,inf,0.0100409985,inf,inf,inf,0.0500283241,0.0000104904,inf,inf,inf,inf,inf,inf,inf,1583
1779239129.2702515125,-0.0105805742,0.1029305458,0.0910285413,-0.0109836423,0.0830641180,0.0023135321,3.6419999599,nan,nan,-0.1000000015,0.0000000000,-0.0399999991,0.0000000000,nan,nan,nan,nan,nan,nan,nan,nan,nan,nan,nan,nan,0.0000000000,0.0000000000,0.0000000000,0.0000000000,0.0000000000,0.0846238583,nan,nan,nan,nan,nan,nan,nan,nan,nan,nan,nan,nan,nan,nan,nan,nan,nan,nan,nan,nan,nan,0.0100281239,0.9500231743,inf,0.0200359821,inf,inf,inf,0.0600233078,0.0100054741,inf,inf,inf,inf,inf,inf,inf,1583
1779239129.2802267075,-0.0105805742,0.1029305458,0.0910285413,-0.0109836423,0.0830641180,0.0023135321,3.6419999599,nan,nan,-0.1000000015,0.0000000000,-0.0399999991,0.0000000000,nan,nan,nan,nan,nan,nan,nan,nan,nan,nan,nan,nan,0.0000000000,0.0000000000,0.0000000000,0.0000000000,0.0000000000,0.0846238583,nan,nan,nan,nan,nan,nan,nan,nan,nan,nan,nan,nan,nan,nan,nan,nan,nan,nan,nan,nan,nan,0.0200033188,0.9599983692,inf,0.0300111771,inf,inf,inf,0.0699985027,0.0199806690,inf,inf,inf,inf,inf,inf,inf,1583
1779239129.2902557850,-0.0105805742,0.1029305458,0.0910285413,-0.0109836423,0.0830641180,0.0023135321,3.6419999599,nan,nan,-0.1000000015,0.0000000000,-0.0399999991,0.0000000000,nan,nan,nan,nan,nan,nan,nan,nan,nan,nan,nan,nan,0.0000000000,0.0000000000,0.0000000000,0.0000000000,0.0000000000,0.0846238583,nan,nan,nan,nan,nan,nan,nan,nan,nan,nan,nan,nan,nan,nan,nan,nan,nan,nan,nan,nan,nan,0.0300323963,0.9700274467,inf,0.0400402546,inf,inf,inf,0.0800275803,0.0300097466,inf,inf,inf,inf,inf,inf,inf,1583
1779239129.3002588749,-0.0105805742,0.1029305458,0.0910285413,-0.0109836423,0.0830641180,0.0023135321,3.6419999599,nan,nan,-0.1000000015,0.0000000000,-0.0399999991,0.0000000000,nan,nan,nan,nan,nan,nan,nan,nan,nan,nan,nan,nan,0.0000000000,0.0000000000,0.0000000000,0.0000000000,0.0000000000,0.0846238583,nan,nan,nan,nan,nan,nan,nan,nan,nan,nan,nan,nan,nan,nan,nan,nan,nan,nan,nan,nan,nan,0.0400354862,0.9800305367,inf,0.0000133514,inf,inf,inf,0.0900306702,0.0400128365,inf,inf,inf,inf,inf,inf,inf,1583
1779239129.3102726936,-0.0111413430,0.1028647497,0.0910323188,-0.0109836423,0.0830641180,0.0023135321,3.6419999599,nan,nan,-0.1000000015,0.0000000000,-0.0399999991,0.0000000000,nan,nan,nan,nan,nan,nan,nan,nan,nan,nan,nan,nan,0.0000000000,0.0000000000,0.0000000000,0.0000000000,0.0000000000,0.0846238583,nan,nan,nan,nan,nan,nan,nan,nan,nan,nan,nan,nan,nan,nan,nan,nan,nan,nan,nan,nan,nan,0.0000381470,0.9900443554,inf,0.0100271702,inf,inf,inf,0.0000116825,0.0500266552,inf,inf,inf,inf,inf,inf,inf,1583
1779239129.3203220367,-0.0111413430,0.1028647497,0.0910323188,-0.0109836423,0.0830641180,0.0023135321,3.6419999599,nan,nan,-0.1000000015,0.0000000000,-0.0399999991,0.0000000000,nan,nan,nan,nan,nan,nan,nan,nan,nan,nan,nan,nan,0.0000000000,0.0000000000,0.0000000000,0.0000000000,0.0000000000,0.0846238583,nan,nan,nan,nan,nan,nan,nan,nan,nan,nan,nan,nan,nan,nan,nan,nan,nan,nan,nan,nan,nan,0.0100874901,0.0000221729,inf,0.0200765133,inf,inf,inf,0.0100610256,0.0600759983,inf,inf,inf,inf,inf,inf,inf,1583
1779239129.3303270340,-0.0111413430,0.1028647497,0.0910323188,-0.0109836423,0.0830641180,0.0023135321,3.6419999599,nan,nan,-0.1000000015,0.0000000000,-0.0399999991,0.0000000000,nan,nan,nan,nan,nan,nan,nan,nan,nan,nan,nan,nan,0.0000000000,0.0000000000,0.0000000000,0.0000000000,0.0000000000,0.0846238583,nan,nan,nan,nan,nan,nan,nan,nan,nan,nan,nan,nan,nan,nan,nan,nan,nan,nan,nan,nan,nan,0.0200924873,0.0100271702,inf,0.0300815105,inf,inf,inf,0.0200660229,0.0700809956,inf,inf,inf,inf,inf,inf,inf,1583
1779239129.3402962685,-0.0111413430,0.1028647497,0.0910323188,-0.0109836423,0.0830641180,0.0023135321,3.6419999599,nan,nan,-0.1000000015,0.0000000000,-0.0399999991,0.0000000000,nan,nan,nan,nan,nan,nan,nan,nan,nan,nan,nan,nan,0.0000000000,0.0000000000,0.0000000000,0.0000000000,0.0000000000,0.0846238583,nan,nan,nan,nan,nan,nan,nan,nan,nan,nan,nan,nan,nan,nan,nan,nan,nan,nan,nan,nan,nan,0.0300617218,0.0199964046,inf,0.0400507450,inf,inf,inf,0.0300352573,0.0800502300,inf,inf,inf,inf,inf,inf,inf,1583
1779239129.3502764702,-0.0111413430,0.1028647497,0.0910323188,-0.0109836423,0.0830641180,0.0023135321,3.6419999599,nan,nan,-0.1000000015,0.0000000000,-0.0399999991,0.0000000000,nan,nan,nan,nan,nan,nan,nan,nan,nan,nan,nan,nan,0.0000000000,0.0000000000,0.0000000000,0.0000000000,0.0000000000,0.0846238583,nan,nan,nan,nan,nan,nan,nan,nan,nan,nan,nan,nan,nan,nan,nan,nan,nan,nan,nan,nan,nan,0.0400419235,0.0299766064,inf,0.0000176430,inf,inf,inf,0.0400154591,0.0900304317,inf,inf,inf,inf,inf,inf,inf,1583
1779239129.3603026867,-0.0105964364,0.1029403582,0.0910181850,-0.0109836423,0.0830641180,0.0023135321,3.6419999599,nan,nan,-0.1000000015,0.0000000000,-0.0399999991,0.0000000000,nan,nan,nan,nan,nan,nan,nan,nan,nan,nan,nan,nan,0.0000000000,0.0000000000,0.0000000000,0.0000000000,0.0000000000,0.0903404728,nan,nan,nan,nan,nan,nan,nan,nan,nan,nan,nan,nan,nan,nan,nan,nan,nan,nan,nan,nan,nan,0.0000445843,0.0400028229,inf,0.0100438595,inf,inf,inf,0.0500416756,0.0000147820,inf,inf,inf,inf,inf,inf,inf,1583
1779239129.3702678680,-0.0105964364,0.1029403582,0.0910181850,-0.0109836423,0.0830641180,0.0023135321,3.6419999599,nan,nan,-0.1000000015,0.0000000000,-0.0399999991,0.0000000000,nan,nan,nan,nan,nan,nan,nan,nan,nan,nan,nan,nan,0.0000000000,0.0000000000,0.0000000000,0.0000000000,0.0000000000,0.0903404728,nan,nan,nan,nan,nan,nan,nan,nan,nan,nan,nan,nan,nan,nan,nan,nan,nan,nan,nan,nan,nan,0.0100097656,0.0499680042,inf,0.0200090408,inf,inf,inf,0.0600068569,0.0099799633,inf,inf,inf,inf,inf,inf,inf,1583
1779239129.3802692890,-0.0105964364,0.1029403582,0.0910181850,-0.0109836423,0.0830641180,0.0023135321,3.6419999599,nan,nan,-0.1000000015,0.0000000000,-0.0399999991,0.0000000000,nan,nan,nan,nan,nan,nan,nan,nan,nan,nan,nan,nan,0.0000000000,0.0000000000,0.0000000000,0.0000000000,0.0000000000,0.0903404728,nan,nan,nan,nan,nan,nan,nan,nan,nan,nan,nan,nan,nan,nan,nan,nan,nan,nan,nan,nan,nan,0.0200111866,0.0599694252,inf,0.0300104618,inf,inf,inf,0.0700082779,0.0199813843,inf,inf,inf,inf,inf,inf,inf,1583
1779239129.3903121948,-0.0105964364,0.1029403582,0.0910181850,-0.0109836423,0.0830641180,0.0023135321,3.6419999599,nan,nan,-0.1000000015,0.0000000000,-0.0399999991,0.0000000000,nan,nan,nan,nan,nan,nan,nan,nan,nan,nan,nan,nan,0.0000000000,0.0000000000,0.0000000000,0.0000000000,0.0000000000,0.0903404728,nan,nan,nan,nan,nan,nan,nan,nan,nan,nan,nan,nan,nan,nan,nan,nan,nan,nan,nan,nan,nan,0.0300540924,0.0700123310,inf,0.0400533676,inf,inf,inf,0.0800511837,0.0300242901,inf,inf,inf,inf,inf,inf,inf,1583
1779239129.4002232552,-0.0105964364,0.1029403582,0.0910181850,-0.0109836423,0.0830641180,0.0023135321,3.6419999599,nan,nan,-0.1000000015,0.0000000000,-0.0399999991,0.0000000000,nan,nan,nan,nan,nan,nan,nan,nan,nan,nan,nan,nan,0.0000000000,0.0000000000,0.0000000000,0.0000000000,0.0000000000,0.0903404728,nan,nan,nan,nan,nan,nan,nan,nan,nan,nan,nan,nan,nan,nan,nan,nan,nan,nan,nan,nan,nan,0.0399651527,0.0799233913,inf,0.0000114441,inf,inf,inf,0.0899622440,0.0399353504,inf,inf,inf,inf,inf,inf,inf,1583
1779239129.4102606773,-0.0111644864,0.1028914601,0.0910311416,-0.0109836423,0.0830641180,0.0023135321,3.6419999599,nan,nan,-0.1000000015,0.0000000000,-0.0399999991,0.0000000000,nan,nan,nan,nan,nan,nan,nan,nan,nan,nan,nan,nan,0.0000000000,0.0000000000,0.0000000000,0.0000000000,0.0000000000,0.0903404728,nan,nan,nan,nan,nan,nan,nan,nan,nan,nan,nan,nan,nan,nan,nan,nan,nan,nan,nan,nan,nan,0.0000336170,0.0899608135,inf,0.0100488663,inf,inf,inf,0.0000102520,0.0499727726,inf,inf,inf,inf,inf,inf,inf,1583
1779239129.4202558994,-0.0111644864,0.1028914601,0.0910311416,-0.0109836423,0.0830641180,0.0023135321,3.6419999599,nan,nan,-0.1000000015,0.0000000000,-0.0399999991,0.0000000000,nan,nan,nan,nan,nan,nan,nan,nan,nan,nan,nan,nan,0.0000000000,0.0000000000,0.0000000000,0.0000000000,0.0000000000,0.0903404728,nan,nan,nan,nan,nan,nan,nan,nan,nan,nan,nan,nan,nan,nan,nan,nan,nan,nan,nan,nan,nan,0.0100288391,0.0999560356,inf,0.0200440884,inf,inf,inf,0.0100054741,0.0599679947,inf,inf,inf,inf,inf,inf,inf,1583
1779239129.4302268028,-0.0111644864,0.1028914601,0.0910311416,-0.0109836423,0.0830641180,0.0023135321,3.6419999599,nan,nan,-0.1000000015,0.0000000000,-0.0399999991,0.0000000000,nan,nan,nan,nan,nan,nan,nan,nan,nan,nan,nan,nan,0.0000000000,0.0000000000,0.0000000000,0.0000000000,0.0000000000,0.0903404728,nan,nan,nan,nan,nan,nan,nan,nan,nan,nan,nan,nan,nan,nan,nan,nan,nan,nan,nan,nan,nan,0.0199997425,0.1099269390,inf,0.0300149918,inf,inf,inf,0.0199763775,0.0699388981,inf,inf,inf,inf,inf,inf,inf,1583
1779239129.4402658939,-0.0111644864,0.1028914601,0.0910311416,-0.0109836423,0.0830641180,0.0023135321,3.6419999599,nan,nan,-0.1000000015,0.0000000000,-0.0399999991,0.0000000000,nan,nan,nan,nan,nan,nan,nan,nan,nan,nan,nan,nan,0.0000000000,0.0000000000,0.0000000000,0.0000000000,0.0000000000,0.0903404728,nan,nan,nan,nan,nan,nan,nan,nan,nan,nan,nan,nan,nan,nan,nan,nan,nan,nan,nan,nan,nan,0.0300388336,0.1199660301,inf,0.0400540829,inf,inf,inf,0.0300154686,0.0799779892,inf,inf,inf,inf,inf,inf,inf,1583
1779239129.4502370358,-0.0111644864,0.1028914601,0.0910311416,-0.0109836423,0.0830641180,0.0023135321,3.6419999599,nan,nan,-0.1000000015,0.0000000000,-0.0399999991,0.0000000000,nan,nan,nan,nan,nan,nan,nan,nan,nan,nan,nan,nan,0.0000000000,0.0000000000,0.0000000000,0.0000000000,0.0000000000,0.0903404728,nan,nan,nan,nan,nan,nan,nan,nan,nan,nan,nan,nan,nan,nan,nan,nan,nan,nan,nan,nan,nan,0.0400099754,0.1299371719,inf,0.0000109673,inf,inf,inf,0.0399866104,0.0899491310,inf,inf,inf,inf,inf,inf,inf,1583
1779239129.4602291584,-0.0106165018,0.1029418036,0.0910195485,-0.0109836423,0.0830641180,0.0023135321,3.6419999599,nan,nan,-0.1000000015,0.0000000000,-0.0399999991,0.0000000000,nan,nan,nan,nan,nan,nan,nan,nan,nan,nan,nan,nan,0.0000000000,0.0000000000,0.0000000000,0.0000000000,0.0000000000,0.0959649682,nan,nan,nan,nan,nan,nan,nan,nan,nan,nan,nan,nan,nan,nan,nan,nan,nan,nan,nan,nan,nan,0.0000264645,0.1399292946,inf,0.0100030899,inf,inf,inf,0.0499787331,0.0000085831,inf,inf,inf,inf,inf,inf,inf,1583
1779239129.4702537060,-0.0106165018,0.1029418036,0.0910195485,-0.0109836423,0.0830641180,0.0023135321,3.6419999599,nan,nan,-0.1000000015,0.0000000000,-0.0399999991,0.0000000000,nan,nan,nan,nan,nan,nan,nan,nan,nan,nan,nan,nan,0.0000000000,0.0000000000,0.0000000000,0.0000000000,0.0000000000,0.0959649682,nan,nan,nan,nan,nan,nan,nan,nan,nan,nan,nan,nan,nan,nan,nan,nan,nan,nan,nan,nan,nan,0.0100510120,0.1499538422,inf,0.0200276375,inf,inf,inf,0.0600032806,0.0100331306,inf,inf,inf,inf,inf,inf,inf,1583
1779239129.4802613258,-0.0106165018,0.1029418036,0.0910195485,-0.0109836423,0.0830641180,0.0023135321,3.6419999599,nan,nan,-0.1000000015,0.0000000000,-0.0399999991,0.0000000000,nan,nan,nan,nan,nan,nan,nan,nan,nan,nan,nan,nan,0.0000000000,0.0000000000,0.0000000000,0.0000000000,0.0000000000,0.0959649682,nan,nan,nan,nan,nan,nan,nan,nan,nan,nan,nan,nan,nan,nan,nan,nan,nan,nan,nan,nan,nan,0.0200586319,0.1599614620,inf,0.0300352573,inf,inf,inf,0.0700109005,0.0200407505,inf,inf,inf,inf,inf,inf,inf,1583
1779239129.4902319908,-0.0106165018,0.1029418036,0.0910195485,-0.0109836423,0.0830641180,0.0023135321,3.6419999599,nan,nan,-0.1000000015,0.0000000000,-0.0399999991,0.0000000000,nan,nan,nan,nan,nan,nan,nan,nan,nan,nan,nan,nan,0.0000000000,0.0000000000,0.0000000000,0.0000000000,0.0000000000,0.0959649682,nan,nan,nan,nan,nan,nan,nan,nan,nan,nan,nan,nan,nan,nan,nan,nan,nan,nan,nan,nan,nan,0.0300292969,0.1699321270,inf,0.0400059223,inf,inf,inf,0.0799815655,0.0300114155,inf,inf,inf,inf,inf,inf,inf,1583
1779239129.5002281666,-0.0106165018,0.1029418036,0.0910195485,-0.0109836423,0.0830641180,0.0023135321,3.6419999599,nan,nan,-0.1000000015,0.0000000000,-0.0399999991,0.0000000000,nan,nan,nan,nan,nan,nan,nan,nan,nan,nan,nan,nan,0.0000000000,0.0000000000,0.0000000000,0.0000000000,0.0000000000,0.0959649682,nan,nan,nan,nan,nan,nan,nan,nan,nan,nan,nan,nan,nan,nan,nan,nan,nan,nan,nan,nan,nan,0.0400254726,0.1799283028,inf,0.0000083447,inf,inf,inf,0.0899777412,0.0400075912,inf,inf,inf,inf,inf,inf,inf,1583
1779239129.5102086067,-0.0111815082,0.1028975174,0.0910124630,-0.0109836423,0.0830641180,0.0023135321,3.6419999599,nan,nan,-0.1000000015,0.0000000000,-0.0399999991,0.0000000000,nan,nan,nan,nan,nan,nan,nan,nan,nan,nan,nan,nan,0.0000000000,0.0000000000,0.0000000000,0.0000000000,0.0000000000,0.0959649682,nan,nan,nan,nan,nan,nan,nan,nan,nan,nan,nan,nan,nan,nan,nan,nan,nan,nan,nan,nan,nan,0.0000231266,0.1899087429,inf,0.0099887848,inf,inf,inf,0.0000066757,0.0499880314,inf,inf,inf,inf,inf,inf,inf,1583
1779239129.5202684402,-0.0111815082,0.1028975174,0.0910124630,-0.0109836423,0.0830641180,0.0023135321,3.6419999599,nan,nan,-0.1000000015,0.0000000000,-0.0399999991,0.0000000000,nan,nan,nan,nan,nan,nan,nan,nan,nan,nan,nan,nan,0.0000000000,0.0000000000,0.0000000000,0.0000000000,0.0000000000,0.0959649682,nan,nan,nan,nan,nan,nan,nan,nan,nan,nan,nan,nan,nan,nan,nan,nan,nan,nan,nan,nan,nan,0.0100829601,0.1999685764,inf,0.0200486183,inf,inf,inf,0.0100665092,0.0600478649,inf,inf,inf,inf,inf,inf,inf,1583
1779239129.5302939415,-0.0111815082,0.1028975174,0.0910124630,-0.0109836423,0.0830641180,0.0023135321,3.6419999599,nan,nan,-0.1000000015,0.0000000000,-0.0399999991,0.0000000000,nan,nan,nan,nan,nan,nan,nan,nan,nan,nan,nan,nan,0.0000000000,0.0000000000,0.0000000000,0.0000000000,0.0000000000,0.0959649682,nan,nan,nan,nan,nan,nan,nan,nan,nan,nan,nan,nan,nan,nan,nan,nan,nan,nan,nan,nan,nan,0.0201084614,0.2099940777,inf,0.0300741196,inf,inf,inf,0.0200920105,0.0700733662,inf,inf,inf,inf,inf,inf,inf,1583
1779239129.5402457714,-0.0111815082,0.1028975174,0.0910124630,-0.0109836423,0.0830641180,0.0023135321,3.6419999599,nan,nan,-0.1000000015,0.0000000000,-0.0399999991,0.0000000000,nan,nan,nan,nan,nan,nan,nan,nan,nan,nan,nan,nan,0.0000000000,0.0000000000,0.0000000000,0.0000000000,0.0000000000,0.0959649682,nan,nan,nan,nan,nan,nan,nan,nan,nan,nan,nan,nan,nan,nan,nan,nan,nan,nan,nan,nan,nan,0.0300602913,0.2199459076,inf,0.0400259495,inf,inf,inf,0.0300438404,0.0800251961,inf,inf,inf,inf,inf,inf,inf,1583
1779239129.5502879620,-0.0111815082,0.1028975174,0.0910124630,-0.0109836423,0.0830641180,0.0023135321,3.6419999599,nan,nan,-0.1000000015,0.0000000000,-0.0399999991,0.0000000000,nan,nan,nan,nan,nan,nan,nan,nan,nan,nan,nan,nan,0.0000000000,0.0000000000,0.0000000000,0.0000000000,0.0000000000,0.0959649682,nan,nan,nan,nan,nan,nan,nan,nan,nan,nan,nan,nan,nan,nan,nan,nan,nan,nan,nan,nan,nan,0.0401024818,0.2299880981,inf,0.0000188351,inf,inf,inf,0.0400860310,0.0900673866,inf,inf,inf,inf,inf,inf,inf,1583
1779239129.5603601933,-0.0118951090,0.1028545275,0.0909960270,-0.0109836423,0.0830641180,0.0023135321,3.6419999599,nan,nan,-0.1000000015,0.0000000000,-0.0399999991,0.0000000000,nan,nan,nan,nan,nan,nan,nan,nan,nan,nan,nan,nan,0.0000000000,0.0000000000,0.0000000000,0.0000000000,0.0000000000,0.1040579230,nan,nan,nan,nan,nan,nan,nan,nan,nan,nan,nan,nan,nan,nan,nan,nan,nan,nan,nan,nan,nan,0.0000562668,0.2400603294,inf,0.0100910664,inf,inf,inf,0.0501582623,0.0000188351,inf,inf,inf,inf,inf,inf,inf,1583
1779239129.5703971386,-0.0118951090,0.1028545275,0.0909960270,-0.0109836423,0.0830641180,0.0023135321,3.6419999599,nan,nan,-0.1000000015,0.0000000000,-0.0399999991,0.0000000000,nan,nan,nan,nan,nan,nan,nan,nan,nan,nan,nan,nan,0.0000000000,0.0000000000,0.0000000000,0.0000000000,0.0000000000,0.1040579230,nan,nan,nan,nan,nan,nan,nan,nan,nan,nan,nan,nan,nan,nan,nan,nan,nan,nan,nan,nan,nan,0.0100932121,0.2500972748,inf,0.0201280117,inf,inf,inf,0.0601952076,0.0100557804,inf,inf,inf,inf,inf,inf,inf,1583
1779239129.5803232193,-0.0118951090,0.1028545275,0.0909960270,-0.0109836423,0.0830641180,0.0023135321,3.6419999599,nan,nan,-0.1000000015,0.0000000000,-0.0399999991,0.0000000000,nan,nan,nan,nan,nan,nan,nan,nan,nan,nan,nan,nan,0.0000000000,0.0000000000,0.0000000000,0.0000000000,0.0000000000,0.1040579230,nan,nan,nan,nan,nan,nan,nan,nan,nan,nan,nan,nan,nan,nan,nan,nan,nan,nan,nan,nan,nan,0.0200192928,0.2600233555,inf,0.0300540924,inf,inf,inf,0.0701212883,0.0199818611,inf,inf,inf,inf,inf,inf,inf,1583
1779239129.5904042721,-0.0118951090,0.1028545275,0.0909960270,-0.0109836423,0.0830641180,0.0023135321,3.6419999599,nan,nan,-0.1000000015,0.0000000000,-0.0399999991,0.0000000000,nan,nan,nan,nan,nan,nan,nan,nan,nan,nan,nan,nan,0.0000000000,0.0000000000,0.0000000000,0.0000000000,0.0000000000,0.1040579230,nan,nan,nan,nan,nan,nan,nan,nan,nan,nan,nan,nan,nan,nan,nan,nan,nan,nan,nan,nan,nan,0.0301003456,0.2701044083,inf,0.0401351452,inf,inf,inf,0.0802023411,0.0300629139,inf,inf,inf,inf,inf,inf,inf,1583
1779239129.6003286839,-0.0118951090,0.1028545275,0.0909960270,-0.0109836423,0.0830641180,0.0023135321,3.6419999599,nan,nan,-0.1000000015,0.0000000000,-0.0399999991,0.0000000000,nan,nan,nan,nan,nan,nan,nan,nan,nan,nan,nan,nan,0.0000000000,0.0000000000,0.0000000000,0.0000000000,0.0000000000,0.1040579230,nan,nan,nan,nan,nan,nan,nan,nan,nan,nan,nan,nan,nan,nan,nan,nan,nan,nan,nan,nan,nan,0.0400247574,0.2800288200,inf,0.0000226498,inf,inf,inf,0.0901267529,0.0399873257,inf,inf,inf,inf,inf,inf,inf,1583
1779239129.6104476452,-0.0127871158,0.1028035656,0.0909820572,-0.0109836423,0.0830641180,0.0023135321,3.6419999599,nan,nan,-0.1000000015,0.0000000000,-0.0399999991,0.0000000000,nan,nan,nan,nan,nan,nan,nan,nan,nan,nan,nan,nan,0.0000000000,0.0000000000,0.0000000000,0.0000000000,0.0000000000,0.1040579230,nan,nan,nan,nan,nan,nan,nan,nan,nan,nan,nan,nan,nan,nan,nan,nan,nan,nan,nan,nan,nan,0.0000727177,0.2901477814,inf,0.0101416111,inf,inf,inf,0.0000231266,0.0501062870,inf,inf,inf,inf,inf,inf,inf,1583
1779239129.6203396320,-0.0127871158,0.1028035656,0.0909820572,-0.0109836423,0.0830641180,0.0023135321,3.6419999599,nan,nan,-0.1000000015,0.0000000000,-0.0399999991,0.0000000000,nan,nan,nan,nan,nan,nan,nan,nan,nan,nan,nan,nan,0.0000000000,0.0000000000,0.0000000000,0.0000000000,0.0000000000,0.1040579230,nan,nan,nan,nan,nan,nan,nan,nan,nan,nan,nan,nan,nan,nan,nan,nan,nan,nan,nan,nan,nan,0.0099647045,0.3000397682,inf,0.0200335979,inf,inf,inf,0.0099151134,0.0599982738,inf,inf,inf,inf,inf,inf,inf,1583
1779239129.6303157806,-0.0127871158,0.1028035656,0.0909820572,-0.0109836423,0.0830641180,0.0023135321,3.6419999599,nan,nan,-0.1000000015,0.0000000000,-0.0399999991,0.0000000000,nan,nan,nan,nan,nan,nan,nan,nan,nan,nan,nan,nan,0.0000000000,0.0000000000,0.0000000000,0.0000000000,0.0000000000,0.1040579230,nan,nan,nan,nan,nan,nan,nan,nan,nan,nan,nan,nan,nan,nan,nan,nan,nan,nan,nan,nan,nan,0.0199408531,0.3100159168,inf,0.0300097466,inf,inf,inf,0.0198912621,0.0699744225,inf,inf,inf,inf,inf,inf,inf,1583
1779239129.6403131485,-0.0127871158,0.1028035656,0.0909820572,-0.0109836423,0.0830641180,0.0023135321,3.6419999599,nan,nan,-0.1000000015,0.0000000000,-0.0399999991,0.0000000000,nan,nan,nan,nan,nan,nan,nan,nan,nan,nan,nan,nan,0.0000000000,0.0000000000,0.0000000000,0.0000000000,0.0000000000,0.1040579230,nan,nan,nan,nan,nan,nan,nan,nan,nan,nan,nan,nan,nan,nan,nan,nan,nan,nan,nan,nan,nan,0.0299382210,0.3200132847,inf,0.0400071144,inf,inf,inf,0.0298886299,0.0799717903,inf,inf,inf,inf,inf,inf,inf,1583
1779239129.6512773037,-0.0127871158,0.1028035656,0.0909820572,-0.0109836423,0.0830641180,0.0023135321,3.6419999599,nan,nan,-0.1000000015,0.0000000000,-0.0399999991,0.0000000000,nan,nan,nan,nan,nan,nan,nan,nan,nan,nan,nan,nan,0.0000000000,0.0000000000,0.0000000000,0.0000000000,0.0000000000,0.1040579230,nan,nan,nan,nan,nan,nan,nan,nan,nan,nan,nan,nan,nan,nan,nan,nan,nan,nan,nan,nan,nan,0.0409023762,0.3309774399,inf,0.0000333786,inf,inf,inf,0.0408527851,0.0909359455,inf,inf,inf,inf,inf,inf,inf,1583
1779239129.6603381634,-0.0138543928,0.1027332172,0.0909808949,-0.0109836423,0.0830641180,0.0023135321,3.6419999599,nan,nan,-0.1000000015,0.0000000000,-0.0399999991,0.0000000000,nan,nan,nan,nan,nan,nan,nan,nan,nan,nan,nan,nan,0.0000000000,0.0000000000,0.0000000000,0.0000000000,0.0000000000,0.1053118855,nan,nan,nan,nan,nan,nan,nan,nan,nan,nan,nan,nan,nan,nan,nan,nan,nan,nan,nan,nan,nan,0.0000545979,0.3400382996,inf,0.0090942383,inf,inf,inf,0.0499136448,0.0000159740,inf,inf,inf,inf,inf,inf,inf,1583
1779239129.6703381538,-0.0138543928,0.1027332172,0.0909808949,-0.0109836423,0.0830641180,0.0023135321,3.6419999599,nan,nan,-0.1000000015,0.0000000000,-0.0399999991,0.0000000000,nan,nan,nan,nan,nan,nan,nan,nan,nan,nan,nan,nan,0.0000000000,0.0000000000,0.0000000000,0.0000000000,0.0000000000,0.1053118855,nan,nan,nan,nan,nan,nan,nan,nan,nan,nan,nan,nan,nan,nan,nan,nan,nan,nan,nan,nan,nan,0.0100545883,0.3500382900,inf,0.0190942287,inf,inf,inf,0.0599136353,0.0100159645,inf,inf,inf,inf,inf,inf,inf,1583
1779239129.6803276539,-0.0138543928,0.1027332172,0.0909808949,-0.0109836423,0.0830641180,0.0023135321,3.6419999599,nan,nan,-0.1000000015,0.0000000000,-0.0399999991,0.0000000000,nan,nan,nan,nan,nan,nan,nan,nan,nan,nan,nan,nan,0.0000000000,0.0000000000,0.0000000000,0.0000000000,0.0000000000,0.1053118855,nan,nan,nan,nan,nan,nan,nan,nan,nan,nan,nan,nan,nan,nan,nan,nan,nan,nan,nan,nan,nan,0.0200440884,0.3600277901,inf,0.0290837288,inf,inf,inf,0.0699031353,0.0200054646,inf,inf,inf,inf,inf,inf,inf,1583
1779239129.6902899742,-0.0138543928,0.1027332172,0.0909808949,-0.0109836423,0.0830641180,0.0023135321,3.6419999599,nan,nan,-0.1000000015,0.0000000000,-0.0399999991,0.0000000000,nan,nan,nan,nan,nan,nan,nan,nan,nan,nan,nan,nan,0.0000000000,0.0000000000,0.0000000000,0.0000000000,0.0000000000,0.1053118855,nan,nan,nan,nan,nan,nan,nan,nan,nan,nan,nan,nan,nan,nan,nan,nan,nan,nan,nan,nan,nan,0.0300064087,0.3699901104,inf,0.0390460491,inf,inf,inf,0.0798654556,0.0299677849,inf,inf,inf,inf,inf,inf,inf,1583
1779239129.7002701759,-0.0138543928,0.1027332172,0.0909808949,-0.0109836423,0.0830641180,0.0023135321,3.6419999599,nan,nan,-0.1000000015,0.0000000000,-0.0399999991,0.0000000000,nan,nan,nan,nan,nan,nan,nan,nan,nan,nan,nan,nan,0.0000000000,0.0000000000,0.0000000000,0.0000000000,0.0000000000,0.1053118855,nan,nan,nan,nan,nan,nan,nan,nan,nan,nan,nan,nan,nan,nan,nan,nan,nan,nan,nan,nan,nan,0.0399866104,0.3799703121,inf,0.0000176430,inf,inf,inf,0.0898456573,0.0399479866,inf,inf,inf,inf,inf,inf,inf,1583
1779239129.7104041576,-0.0150849652,0.1026260257,0.0909650177,-0.0109836423,0.0830641180,0.0023135321,3.6419999599,nan,nan,-0.1000000015,0.0000000000,-0.0399999991,0.0000000000,nan,nan,nan,nan,nan,nan,nan,nan,nan,nan,nan,nan,-0.1067849249,-0.1738671809,-0.2618557215,0.0000000000,0.0000000000,0.1053118855,nan,nan,nan,nan,nan,nan,nan,nan,nan,nan,nan,nan,nan,nan,nan,nan,nan,nan,nan,nan,nan,0.0000712872,0.3901042938,inf,0.0101516247,inf,inf,inf,0.0000233650,0.0500819683,inf,inf,inf,inf,inf,inf,inf,1583
1779239129.7204442024,-0.0150849652,0.1026260257,0.0909650177,-0.0109836423,0.0830641180,0.0023135321,3.6419999599,nan,nan,-0.1000000015,0.0000000000,-0.0399999991,0.0000000000,nan,nan,nan,nan,nan,nan,nan,nan,nan,nan,nan,nan,-0.1067849249,-0.1738671809,-0.2618557215,0.0000000000,0.0000000000,0.1053118855,nan,nan,nan,nan,nan,nan,nan,nan,nan,nan,nan,nan,nan,nan,nan,nan,nan,nan,nan,nan,nan,0.0101113319,0.4001443386,inf,0.0201916695,inf,inf,inf,0.0100634098,0.0601220131,inf,inf,inf,inf,inf,inf,inf,1583
1779239129.7303438187,-0.0150849652,0.1026260257,0.0909650177,-0.0109836423,0.0830641180,0.0023135321,3.6419999599,nan,nan,-0.1000000015,0.0000000000,-0.0399999991,0.0000000000,nan,nan,nan,nan,nan,nan,nan,nan,nan,nan,nan,nan,-0.1067849249,-0.1738671809,-0.2618557215,0.0000000000,0.0000000000,0.1053118855,nan,nan,nan,nan,nan,nan,nan,nan,nan,nan,nan,nan,nan,nan,nan,nan,nan,nan,nan,nan,nan,0.0200109482,0.4100439548,inf,0.0300912857,inf,inf,inf,0.0199630260,0.0700216293,inf,inf,inf,inf,inf,inf,inf,1583
1779239129.7402663231,-0.0150849652,0.1026260257,0.0909650177,-0.0109836423,0.0830641180,0.0023135321,3.6419999599,nan,nan,-0.1000000015,0.0000000000,-0.0399999991,0.0000000000,nan,nan,nan,nan,nan,nan,nan,nan,nan,nan,nan,nan,-0.1067849249,-0.1738671809,-0.2618557215,0.0000000000,0.0000000000,0.1053118855,nan,nan,nan,nan,nan,nan,nan,nan,nan,nan,nan,nan,nan,nan,nan,nan,nan,nan,nan,nan,nan,0.0299334526,0.4199664593,inf,0.0400137901,inf,inf,inf,0.0298855305,0.0799441338,inf,inf,inf,inf,inf,inf,inf,1583
1779239129.7502872944,-0.0150849652,0.1026260257,0.0909650177,-0.0109836423,0.0830641180,0.0023135321,3.6419999599,nan,nan,-0.1000000015,0.0000000000,-0.0399999991,0.0000000000,nan,nan,nan,nan,nan,nan,nan,nan,nan,nan,nan,nan,-0.1067849249,-0.1738671809,-0.2618557215,0.0000000000,0.0000000000,0.1053118855,nan,nan,nan,nan,nan,nan,nan,nan,nan,nan,nan,nan,nan,nan,nan,nan,nan,nan,nan,nan,nan,0.0399544239,0.4299874306,inf,0.0000188351,inf,inf,inf,0.0399065018,0.0899651051,inf,inf,inf,inf,inf,inf,inf,1583
1779239129.7603108883,-0.0101199057,0.1029988676,0.0909896195,-0.0109836423,0.0830641180,0.0023135321,3.6419999599,nan,nan,-0.1000000015,0.0000000000,-0.0399999991,0.0000000000,nan,nan,nan,nan,nan,nan,nan,nan,nan,nan,nan,nan,-0.1067849249,-0.1738671809,-0.2618557215,3.7332990170,3.6577205658,0.0000000000,nan,nan,nan,nan,nan,nan,nan,nan,nan,nan,nan,nan,nan,nan,nan,nan,nan,nan,nan,nan,nan,0.0000481606,0.4400110245,inf,0.0100424290,inf,inf,inf,0.0499300957,0.0000159740,inf,inf,inf,inf,inf,inf,inf,1583
1779239129.7703237534,-0.0101199057,0.1029988676,0.0909896195,-0.0109836423,0.0830641180,0.0023135321,3.6419999599,nan,nan,-0.1000000015,0.0000000000,-0.0399999991,0.0000000000,nan,nan,nan,nan,nan,nan,nan,nan,nan,nan,nan,nan,-0.1067849249,-0.1738671809,-0.2618557215,3.7332990170,3.6577205658,0.0000000000,nan,nan,nan,nan,nan,nan,nan,nan,nan,nan,nan,nan,nan,nan,nan,nan,nan,nan,nan,nan,nan,0.0100610256,0.4500238895,inf,0.0200552940,inf,inf,inf,0.0599429607,0.0100288391,inf,inf,inf,inf,inf,inf,inf,1583
1779239129.7803270817,-0.0101199057,0.1029988676,0.0909896195,-0.0109836423,0.0830641180,0.0023135321,3.6419999599,nan,nan,-0.1000000015,0.0000000000,-0.0399999991,0.0000000000,nan,nan,nan,nan,nan,nan,nan,nan,nan,nan,nan,nan,-0.1067849249,-0.1738671809,-0.2618557215,3.7332990170,3.6577205658,0.0000000000,nan,nan,nan,nan,nan,nan,nan,nan,nan,nan,nan,nan,nan,nan,nan,nan,nan,nan,nan,nan,nan,0.0200643539,0.4600272179,inf,0.0300586224,inf,inf,inf,0.0699462891,0.0200321674,inf,inf,inf,inf,inf,inf,inf,1583
1779239129.7903196812,-0.0101199057,0.1029988676,0.0909896195,-0.0109836423,0.0830641180,0.0023135321,3.6419999599,nan,nan,-0.1000000015,0.0000000000,-0.0399999991,0.0000000000,nan,nan,nan,nan,nan,nan,nan,nan,nan,nan,nan,nan,-0.1067849249,-0.1738671809,-0.2618557215,3.7332990170,3.6577205658,0.0000000000,nan,nan,nan,nan,nan,nan,nan,nan,nan,nan,nan,nan,nan,nan,nan,nan,nan,nan,nan,nan,nan,0.0300569534,0.4700198174,inf,0.0400512218,inf,inf,inf,0.0799388885,0.0300247669,inf,inf,inf,inf,inf,inf,inf,1583
1779239129.8003056049,-0.0101199057,0.1029988676,0.0909896195,-0.0109836423,0.0830641180,0.0023135321,3.6419999599,nan,nan,-0.1000000015,0.0000000000,-0.0399999991,0.0000000000,nan,nan,nan,nan,nan,nan,nan,nan,nan,nan,nan,nan,-0.1067849249,-0.1738671809,-0.2618557215,3.7332990170,3.6577205658,0.0000000000,nan,nan,nan,nan,nan,nan,nan,nan,nan,nan,nan,nan,nan,nan,nan,nan,nan,nan,nan,nan,nan,0.0400428772,0.4800057411,inf,0.0000205040,inf,inf,inf,0.0899248123,0.0400106907,inf,inf,inf,inf,inf,inf,inf,1583
1779239129.8103516102,-0.0080355303,0.1032527909,0.0907924175,-0.0109836423,0.0830641180,0.0023135321,3.6419999599,nan,nan,-0.1000000015,0.0000000000,-0.0399999991,0.0000000000,nan,nan,nan,nan,nan,nan,nan,nan,nan,nan,nan,nan,-0.1250156760,-0.1759366840,-0.2608584762,3.7332990170,3.6577205658,0.0000000000,nan,nan,nan,nan,nan,nan,nan,nan,nan,nan,nan,nan,nan,nan,nan,nan,nan,nan,nan,nan,nan,0.0000569820,0.4900517464,inf,0.0100665092,inf,inf,inf,0.0000174046,0.0500566959,inf,inf,inf,inf,inf,inf,inf,1583
1779239129.8203067780,-0.0080355303,0.1032527909,0.0907924175,-0.0109836423,0.0830641180,0.0023135321,3.6419999599,nan,nan,-0.1000000015,0.0000000000,-0.0399999991,0.0000000000,nan,nan,nan,nan,nan,nan,nan,nan,nan,nan,nan,nan,-0.1250156760,-0.1759366840,-0.2608584762,3.7332990170,3.6577205658,0.0000000000,nan,nan,nan,nan,nan,nan,nan,nan,nan,nan,nan,nan,nan,nan,nan,nan,nan,nan,nan,nan,nan,0.0100121498,0.5000069141,inf,0.0200216770,inf,inf,inf,0.0099725723,0.0600118637,inf,inf,inf,inf,inf,inf,inf,1583
1779239129.8302741051,-0.0080355303,0.1032527909,0.0907924175,-0.0109836423,0.0830641180,0.0023135321,3.6419999599,nan,nan,-0.1000000015,0.0000000000,-0.0399999991,0.0000000000,nan,nan,nan,nan,nan,nan,nan,nan,nan,nan,nan,nan,-0.1250156760,-0.1759366840,-0.2608584762,3.7332990170,3.6577205658,0.0000000000,nan,nan,nan,nan,nan,nan,nan,nan,nan,nan,nan,nan,nan,nan,nan,nan,nan,nan,nan,nan,nan,0.0199794769,0.5099742413,inf,0.0299890041,inf,inf,inf,0.0199398994,0.0699791908,inf,inf,inf,inf,inf,inf,inf,1583
1779239129.8403367996,-0.0080355303,0.1032527909,0.0907924175,-0.0109836423,0.0830641180,0.0023135321,3.6419999599,nan,nan,-0.1000000015,0.0000000000,-0.0399999991,0.0000000000,nan,nan,nan,nan,nan,nan,nan,nan,nan,nan,nan,nan,-0.1250156760,-0.1759366840,-0.2608584762,3.7332990170,3.6577205658,0.0000000000,nan,nan,nan,nan,nan,nan,nan,nan,nan,nan,nan,nan,nan,nan,nan,nan,nan,nan,nan,nan,nan,0.0300421715,0.5200369358,inf,0.0400516987,inf,inf,inf,0.0300025940,0.0800418854,inf,inf,inf,inf,inf,inf,inf,1583
1779239129.8502426147,-0.0080355303,0.1032527909,0.0907924175,-0.0109836423,0.0830641180,0.0023135321,3.6419999599,nan,nan,-0.1000000015,0.0000000000,-0.0399999991,0.0000000000,nan,nan,nan,nan,nan,nan,nan,nan,nan,nan,nan,nan,-0.1250156760,-0.1759366840,-0.2608584762,3.7332990170,3.6577205658,0.0000000000,nan,nan,nan,nan,nan,nan,nan,nan,nan,nan,nan,nan,nan,nan,nan,nan,nan,nan,nan,nan,nan,0.0399479866,0.5299427509,inf,0.0000135899,inf,inf,inf,0.0399084091,0.0899477005,inf,inf,inf,inf,inf,inf,inf,1583
1779239129.8602676392,-0.0040505477,0.1037482917,0.0904566646,-0.0109836423,0.0830641180,0.0023135321,3.6419999599,nan,nan,-0.1000000015,0.0000000000,-0.0399999991,0.0000000000,nan,nan,nan,nan,nan,nan,nan,nan,nan,nan,nan,nan,-0.1250156760,-0.1759366840,-0.2608584762,3.9101071358,4.2206821442,0.0000000000,nan,nan,nan,nan,nan,nan,nan,nan,nan,nan,nan,nan,nan,nan,nan,nan,nan,nan,nan,nan,nan,0.0000360012,0.5399677753,inf,0.0100386143,inf,inf,inf,0.0499334335,0.0000114441,inf,inf,inf,inf,inf,inf,inf,1583
1779239129.8703293800,-0.0040505477,0.1037482917,0.0904566646,-0.0109836423,0.0830641180,0.0023135321,3.6419999599,nan,nan,-0.1000000015,0.0000000000,-0.0399999991,0.0000000000,nan,nan,nan,nan,nan,nan,nan,nan,nan,nan,nan,nan,-0.1250156760,-0.1759366840,-0.2608584762,3.9101071358,4.2206821442,0.0000000000,nan,nan,nan,nan,nan,nan,nan,nan,nan,nan,nan,nan,nan,nan,nan,nan,nan,nan,nan,nan,nan,0.0100977421,0.5500295162,inf,0.0201003551,inf,inf,inf,0.0599951744,0.0100731850,inf,inf,inf,inf,inf,inf,inf,1583
1779239129.8803284168,-0.0040505477,0.1037482917,0.0904566646,-0.0109836423,0.0830641180,0.0023135321,3.6419999599,nan,nan,-0.1000000015,0.0000000000,-0.0399999991,0.0000000000,nan,nan,nan,nan,nan,nan,nan,nan,nan,nan,nan,nan,-0.1250156760,-0.1759366840,-0.2608584762,3.9101071358,4.2206821442,0.0000000000,nan,nan,nan,nan,nan,nan,nan,nan,nan,nan,nan,nan,nan,nan,nan,nan,nan,nan,nan,nan,nan,0.0200967789,0.5600285530,inf,0.0300993919,inf,inf,inf,0.0699942112,0.0200722218,inf,inf,inf,inf,inf,inf,inf,1583
1779239129.8902831078,-0.0040505477,0.1037482917,0.0904566646,-0.0109836423,0.0830641180,0.0023135321,3.6419999599,nan,nan,-0.1000000015,0.0000000000,-0.0399999991,0.0000000000,nan,nan,nan,nan,nan,nan,nan,nan,nan,nan,nan,nan,-0.1250156760,-0.1759366840,-0.2608584762,3.9101071358,4.2206821442,0.0000000000,nan,nan,nan,nan,nan,nan,nan,nan,nan,nan,nan,nan,nan,nan,nan,nan,nan,nan,nan,nan,nan,0.0300514698,0.5699832439,inf,0.0400540829,inf,inf,inf,0.0799489021,0.0300269127,inf,inf,inf,inf,inf,inf,inf,1583
1779239129.9002892971,-0.0040505477,0.1037482917,0.0904566646,-0.0109836423,0.0830641180,0.0023135321,3.6419999599,nan,nan,-0.1000000015,0.0000000000,-0.0399999991,0.0000000000,nan,nan,nan,nan,nan,nan,nan,nan,nan,nan,nan,nan,-0.1250156760,-0.1759366840,-0.2608584762,3.9101071358,4.2206821442,0.0000000000,nan,nan,nan,nan,nan,nan,nan,nan,nan,nan,nan,nan,nan,nan,nan,nan,nan,nan,nan,nan,nan,0.0400576591,0.5799894333,inf,0.0000190735,inf,inf,inf,0.0899550915,0.0400331020,inf,inf,inf,inf,inf,inf,inf,1583
1779239129.9103534222,0.0018243227,0.1044864655,0.0899864212,-0.0109836423,0.0830641180,0.0023135321,3.6419999599,nan,nan,-0.1000000015,0.0000000000,-0.0399999991,0.0000000000,nan,nan,nan,nan,nan,nan,nan,nan,nan,nan,nan,nan,-0.1517354250,-0.1795221865,-0.2585031986,3.9101071358,4.2206821442,0.0000000000,nan,nan,nan,nan,nan,nan,nan,nan,nan,nan,nan,nan,nan,nan,nan,nan,nan,nan,nan,nan,nan,0.0000565052,0.5900535583,inf,0.0100831985,inf,inf,inf,0.0000176430,0.0500972271,inf,inf,inf,inf,inf,inf,inf,1583
1779239129.9202961922,0.0018243227,0.1044864655,0.0899864212,-0.0109836423,0.0830641180,0.0023135321,3.6419999599,nan,nan,-0.1000000015,0.0000000000,-0.0399999991,0.0000000000,nan,nan,nan,nan,nan,nan,nan,nan,nan,nan,nan,nan,-0.1517354250,-0.1795221865,-0.2585031986,3.9101071358,4.2206821442,0.0000000000,nan,nan,nan,nan,nan,nan,nan,nan,nan,nan,nan,nan,nan,nan,nan,nan,nan,nan,nan,nan,nan,0.0099992752,0.5999963284,inf,0.0200259686,inf,inf,inf,0.0099604130,0.0600399971,inf,inf,inf,inf,inf,inf,inf,1583
1779239129.9303252697,0.0018243227,0.1044864655,0.0899864212,-0.0109836423,0.0830641180,0.0023135321,3.6419999599,nan,nan,-0.1000000015,0.0000000000,-0.0399999991,0.0000000000,nan,nan,nan,nan,nan,nan,nan,nan,nan,nan,nan,nan,-0.1517354250,-0.1795221865,-0.2585031986,3.9101071358,4.2206821442,0.0000000000,nan,nan,nan,nan,nan,nan,nan,nan,nan,nan,nan,nan,nan,nan,nan,nan,nan,nan,nan,nan,nan,0.0200283527,0.6100254059,inf,0.0300550461,inf,inf,inf,0.0199894905,0.0700690746,inf,inf,inf,inf,inf,inf,inf,1583
1779239129.9403278828,0.0018243227,0.1044864655,0.0899864212,-0.0109836423,0.0830641180,0.0023135321,3.6419999599,nan,nan,-0.1000000015,0.0000000000,-0.0399999991,0.0000000000,nan,nan,nan,nan,nan,nan,nan,nan,nan,nan,nan,nan,-0.1517354250,-0.1795221865,-0.2585031986,3.9101071358,4.2206821442,0.0000000000,nan,nan,nan,nan,nan,nan,nan,nan,nan,nan,nan,nan,nan,nan,nan,nan,nan,nan,nan,nan,nan,0.0300309658,0.6200280190,inf,0.0400576591,inf,inf,inf,0.0299921036,0.0800716877,inf,inf,inf,inf,inf,inf,inf,1583
1779239129.9502897263,0.0018243227,0.1044864655,0.0899864212,-0.0109836423,0.0830641180,0.0023135321,3.6419999599,nan,nan,-0.1000000015,0.0000000000,-0.0399999991,0.0000000000,nan,nan,nan,nan,nan,nan,nan,nan,nan,nan,nan,nan,-0.1517354250,-0.1795221865,-0.2585031986,3.9101071358,4.2206821442,0.0000000000,nan,nan,nan,nan,nan,nan,nan,nan,nan,nan,nan,nan,nan,nan,nan,nan,nan,nan,nan,nan,nan,0.0399928093,0.6299898624,inf,0.0000178814,inf,inf,inf,0.0399539471,0.0900335312,inf,inf,inf,inf,inf,inf,inf,1583
1779239129.9603030682,-0.0076933652,0.1034106985,0.0907441452,-0.0110088449,0.0526038277,0.0024789182,3.6419999599,nan,nan,-0.1000000015,0.0000000000,-0.0399999991,0.0000000000,nan,nan,nan,nan,nan,nan,nan,nan,nan,nan,nan,nan,-0.1517354250,-0.1795221865,-0.2585031986,3.5742878914,1.4107774496,0.0000000000,nan,nan,nan,nan,nan,nan,nan,nan,nan,nan,nan,nan,nan,nan,nan,nan,nan,nan,nan,nan,nan,0.0000526905,0.6400032043,inf,0.0100312233,inf,inf,inf,0.0499672890,0.0000166893,inf,inf,inf,inf,inf,inf,inf,1583
1779239129.9702963829,-0.0076933652,0.1034106985,0.0907441452,-0.0110088449,0.0526038277,0.0024789182,3.6419999599,nan,nan,-0.1000000015,0.0000000000,-0.0399999991,0.0000000000,nan,nan,nan,nan,nan,nan,nan,nan,nan,nan,nan,nan,-0.1517354250,-0.1795221865,-0.2585031986,3.5742878914,1.4107774496,0.0000000000,nan,nan,nan,nan,nan,nan,nan,nan,nan,nan,nan,nan,nan,nan,nan,nan,nan,nan,nan,nan,nan,0.0100460052,0.6499965191,inf,0.0200245380,inf,inf,inf,0.0599606037,0.0100100040,inf,inf,inf,inf,inf,inf,inf,1583
1779239129.9802722931,-0.0076933652,0.1034106985,0.0907441452,-0.0110088449,0.0526038277,0.0024789182,3.6419999599,nan,nan,-0.1000000015,0.0000000000,-0.0399999991,0.0000000000,nan,nan,nan,nan,nan,nan,nan,nan,nan,nan,nan,nan,-0.1517354250,-0.1795221865,-0.2585031986,3.5742878914,1.4107774496,0.0000000000,nan,nan,nan,nan,nan,nan,nan,nan,nan,nan,nan,nan,nan,nan,nan,nan,nan,nan,nan,nan,nan,0.0200219154,0.6599724293,inf,0.0300004482,inf,inf,inf,0.0699365139,0.0199859142,inf,inf,inf,inf,inf,inf,inf,1583
1779239129.9902462959,-0.0076933652,0.1034106985,0.0907441452,-0.0110088449,0.0526038277,0.0024789182,3.6419999599,nan,nan,-0.1000000015,0.0000000000,-0.0399999991,0.0000000000,nan,nan,nan,nan,nan,nan,nan,nan,nan,nan,nan,nan,-0.1517354250,-0.1795221865,-0.2585031986,3.5742878914,1.4107774496,0.0000000000,nan,nan,nan,nan,nan,nan,nan,nan,nan,nan,nan,nan,nan,nan,nan,nan,nan,nan,nan,nan,nan,0.0299959183,0.6699464321,inf,0.0399744511,inf,inf,inf,0.0799105167,0.0299599171,inf,inf,inf,inf,inf,inf,inf,1583
1779239130.0002253056,-0.0076933652,0.1034106985,0.0907441452,-0.0110088449,0.0526038277,0.0024789182,3.6419999599,nan,nan,-0.1000000015,0.0000000000,-0.0399999991,0.0000000000,nan,nan,nan,nan,nan,nan,nan,nan,nan,nan,nan,nan,-0.1517354250,-0.1795221865,-0.2585031986,3.5742878914,1.4107774496,0.0000000000,nan,nan,nan,nan,nan,nan,nan,nan,nan,nan,nan,nan,nan,nan,nan,nan,nan,nan,nan,nan,nan,0.0399749279,0.6799254417,inf,0.0000112057,inf,inf,inf,0.0898895264,0.0399389267,inf,inf,inf,inf,inf,inf,inf,1583
1779239130.0102503300,-0.0028605117,0.1041681543,0.0905834585,-0.0138381743,-0.0083024484,0.0000574466,3.6419999599,nan,nan,-0.1000000015,0.0000000000,-0.0399999991,0.0000000000,nan,nan,nan,nan,nan,nan,nan,nan,nan,nan,nan,nan,-0.1471721232,-0.1804048419,-0.2603324056,3.5742878914,1.4107774496,0.0000000000,nan,nan,nan,nan,nan,nan,nan,nan,nan,nan,nan,nan,nan,nan,nan,nan,nan,nan,nan,nan,nan,0.0000336170,0.6899504662,inf,0.0100362301,inf,inf,inf,0.0000097752,0.0499639511,inf,inf,inf,inf,inf,inf,inf,1583
1779239130.0202488899,-0.0028605117,0.1041681543,0.0905834585,-0.0138381743,-0.0083024484,0.0000574466,3.6419999599,nan,nan,-0.1000000015,0.0000000000,-0.0399999991,0.0000000000,nan,nan,nan,nan,nan,nan,nan,nan,nan,nan,nan,nan,-0.1471721232,-0.1804048419,-0.2603324056,3.5742878914,1.4107774496,0.0000000000,nan,nan,nan,nan,nan,nan,nan,nan,nan,nan,nan,nan,nan,nan,nan,nan,nan,nan,nan,nan,nan,0.0100321770,0.6999490261,inf,0.0200347900,inf,inf,inf,0.0100083351,0.0599625111,inf,inf,inf,inf,inf,inf,inf,1583
1779239130.0302631855,-0.0028605117,0.1041681543,0.0905834585,-0.0138381743,-0.0083024484,0.0000574466,3.6419999599,nan,nan,-0.1000000015,0.0000000000,-0.0399999991,0.0000000000,nan,nan,nan,nan,nan,nan,nan,nan,nan,nan,nan,nan,-0.1471721232,-0.1804048419,-0.2603324056,3.5742878914,1.4107774496,0.0000000000,nan,nan,nan,nan,nan,nan,nan,nan,nan,nan,nan,nan,nan,nan,nan,nan,nan,nan,nan,nan,nan,0.0200464725,0.7099633217,inf,0.0300490856,inf,inf,inf,0.0200226307,0.0699768066,inf,inf,inf,inf,inf,inf,inf,1583
1779239130.0402703285,-0.0028605117,0.1041681543,0.0905834585,-0.0138381743,-0.0083024484,0.0000574466,3.6419999599,nan,nan,-0.1000000015,0.0000000000,-0.0399999991,0.0000000000,nan,nan,nan,nan,nan,nan,nan,nan,nan,nan,nan,nan,-0.1471721232,-0.1804048419,-0.2603324056,3.5742878914,1.4107774496,0.0000000000,nan,nan,nan,nan,nan,nan,nan,nan,nan,nan,nan,nan,nan,nan,nan,nan,nan,nan,nan,nan,nan,0.0300536156,0.7199704647,inf,0.0400562286,inf,inf,inf,0.0300297737,0.0799839497,inf,inf,inf,inf,inf,inf,inf,1583
1779239130.0502421856,-0.0028605117,0.1041681543,0.0905834585,-0.0138381743,-0.0083024484,0.0000574466,3.6419999599,nan,nan,-0.1000000015,0.0000000000,-0.0399999991,0.0000000000,nan,nan,nan,nan,nan,nan,nan,nan,nan,nan,nan,nan,-0.1471721232,-0.1804048419,-0.2603324056,3.5742878914,1.4107774496,0.0000000000,nan,nan,nan,nan,nan,nan,nan,nan,nan,nan,nan,nan,nan,nan,nan,nan,nan,nan,nan,nan,nan,0.0400254726,0.7299423218,inf,0.0000128746,inf,inf,inf,0.0400016308,0.0899558067,inf,inf,inf,inf,inf,inf,inf,1583
1779239130.0602715015,-0.0108552380,0.1042948589,0.0916294754,0.0000000000,-0.0359799753,0.0000000000,3.6419999599,nan,nan,-0.1000000015,0.0000000000,-0.0399999991,0.0000000000,nan,nan,nan,nan,nan,nan,nan,nan,nan,nan,nan,nan,-0.1471721232,-0.1804048419,-0.2603324056,3.8028843403,-0.7279809713,0.0000000000,nan,nan,nan,nan,nan,nan,nan,nan,nan,nan,nan,nan,nan,nan,nan,nan,nan,nan,nan,nan,nan,0.0000338554,0.7399716377,inf,0.0100421906,inf,inf,inf,0.0500309467,0.0000104904,inf,inf,inf,inf,inf,inf,inf,1583
1779239130.0702855587,-0.0108552380,0.1042948589,0.0916294754,0.0000000000,-0.0359799753,0.0000000000,3.6419999599,nan,nan,-0.1000000015,0.0000000000,-0.0399999991,0.0000000000,nan,nan,nan,nan,nan,nan,nan,nan,nan,nan,nan,nan,-0.1471721232,-0.1804048419,-0.2603324056,3.8028843403,-0.7279809713,0.0000000000,nan,nan,nan,nan,nan,nan,nan,nan,nan,nan,nan,nan,nan,nan,nan,nan,nan,nan,nan,nan,nan,0.0100479126,0.7499856949,inf,0.0200562477,inf,inf,inf,0.0600450039,0.0100245476,inf,inf,inf,inf,inf,inf,inf,1583
1779239130.0803105831,-0.0108552380,0.1042948589,0.0916294754,0.0000000000,-0.0359799753,0.0000000000,3.6419999599,nan,nan,-0.1000000015,0.0000000000,-0.0399999991,0.0000000000,nan,nan,nan,nan,nan,nan,nan,nan,nan,nan,nan,nan,-0.1471721232,-0.1804048419,-0.2603324056,3.8028843403,-0.7279809713,0.0000000000,nan,nan,nan,nan,nan,nan,nan,nan,nan,nan,nan,nan,nan,nan,nan,nan,nan,nan,nan,nan,nan,0.0200729370,0.7600107193,inf,0.0300812721,inf,inf,inf,0.0700700283,0.0200495720,inf,inf,inf,inf,inf,inf,inf,1583
1779239130.0903053284,-0.0108552380,0.1042948589,0.0916294754,0.0000000000,-0.0359799753,0.0000000000,3.6419999599,nan,nan,-0.1000000015,0.0000000000,-0.0399999991,0.0000000000,nan,nan,nan,nan,nan,nan,nan,nan,nan,nan,nan,nan,-0.1471721232,-0.1804048419,-0.2603324056,3.8028843403,-0.7279809713,0.0000000000,nan,nan,nan,nan,nan,nan,nan,nan,nan,nan,nan,nan,nan,nan,nan,nan,nan,nan,nan,nan,nan,0.0300676823,0.7700054646,inf,0.0400760174,inf,inf,inf,0.0800647736,0.0300443172,inf,inf,inf,inf,inf,inf,inf,1583
1779239130.1003379822,-0.0108552380,0.1042948589,0.0916294754,0.0000000000,-0.0359799753,0.0000000000,3.6419999599,nan,nan,-0.1000000015,0.0000000000,-0.0399999991,0.0000000000,nan,nan,nan,nan,nan,nan,nan,nan,nan,nan,nan,nan,-0.1471721232,-0.1804048419,-0.2603324056,3.8028843403,-0.7279809713,0.0000000000,nan,nan,nan,nan,nan,nan,nan,nan,nan,nan,nan,nan,nan,nan,nan,nan,nan,nan,nan,nan,nan,0.0401003361,0.7800381184,inf,0.0000276566,inf,inf,inf,0.0900974274,0.0400769711,inf,inf,inf,inf,inf,inf,inf,1583
1779239130.1102850437,-0.0110390633,0.1049582809,0.0916287452,0.0248851916,-0.0194060437,0.0025264050,3.6419999599,nan,nan,-0.1000000015,0.0000000000,-0.0399999991,0.0000000000,nan,nan,nan,nan,nan,nan,nan,nan,nan,nan,nan,nan,-0.1196976230,-0.1804236025,-0.2625626028,3.8028843403,-0.7279809713,0.0000000000,nan,nan,nan,nan,nan,nan,nan,nan,nan,nan,nan,nan,nan,nan,nan,nan,nan,nan,nan,nan,nan,0.0000443459,0.7899851799,inf,0.0099747181,inf,inf,inf,0.0000150204,0.0500240326,inf,inf,inf,inf,inf,inf,inf,1583
1779239130.1202726364,-0.0110390633,0.1049582809,0.0916287452,0.0248851916,-0.0194060437,0.0025264050,3.6419999599,nan,nan,-0.1000000015,0.0000000000,-0.0399999991,0.0000000000,nan,nan,nan,nan,nan,nan,nan,nan,nan,nan,nan,nan,-0.1196976230,-0.1804236025,-0.2625626028,3.8028843403,-0.7279809713,0.0000000000,nan,nan,nan,nan,nan,nan,nan,nan,nan,nan,nan,nan,nan,nan,nan,nan,nan,nan,nan,nan,nan,0.0100319386,0.7999727726,inf,0.0199623108,inf,inf,inf,0.0100026131,0.0600116253,inf,inf,inf,inf,inf,inf,inf,1583
1779239130.1302888393,-0.0110390633,0.1049582809,0.0916287452,0.0248851916,-0.0194060437,0.0025264050,3.6419999599,nan,nan,-0.1000000015,0.0000000000,-0.0399999991,0.0000000000,nan,nan,nan,nan,nan,nan,nan,nan,nan,nan,nan,nan,-0.1196976230,-0.1804236025,-0.2625626028,3.8028843403,-0.7279809713,0.0000000000,nan,nan,nan,nan,nan,nan,nan,nan,nan,nan,nan,nan,nan,nan,nan,nan,nan,nan,nan,nan,nan,0.0200481415,0.8099889755,inf,0.0299785137,inf,inf,inf,0.0200188160,0.0700278282,inf,inf,inf,inf,inf,inf,inf,1583
1779239130.1402850151,-0.0110390633,0.1049582809,0.0916287452,0.0248851916,-0.0194060437,0.0025264050,3.6419999599,nan,nan,-0.1000000015,0.0000000000,-0.0399999991,0.0000000000,nan,nan,nan,nan,nan,nan,nan,nan,nan,nan,nan,nan,-0.1196976230,-0.1804236025,-0.2625626028,3.8028843403,-0.7279809713,0.0000000000,nan,nan,nan,nan,nan,nan,nan,nan,nan,nan,nan,nan,nan,nan,nan,nan,nan,nan,nan,nan,nan,0.0300443172,0.8199851513,inf,0.0399746895,inf,inf,inf,0.0300149918,0.0800240040,inf,inf,inf,inf,inf,inf,inf,1583
1779239130.1503436565,-0.0110390633,0.1049582809,0.0916287452,0.0248851916,-0.0194060437,0.0025264050,3.6419999599,nan,nan,-0.1000000015,0.0000000000,-0.0399999991,0.0000000000,nan,nan,nan,nan,nan,nan,nan,nan,nan,nan,nan,nan,-0.1196976230,-0.1804236025,-0.2625626028,3.8028843403,-0.7279809713,0.0000000000,nan,nan,nan,nan,nan,nan,nan,nan,nan,nan,nan,nan,nan,nan,nan,nan,nan,nan,nan,nan,nan,0.0401029587,0.8300437927,inf,0.0000171661,inf,inf,inf,0.0400736332,0.0900826454,inf,inf,inf,inf,inf,inf,inf,1583
1779239130.1602540016,-0.0123343356,0.1049476191,0.0914369971,0.0415381746,0.0137773716,0.0030543938,3.6419999599,nan,nan,-0.1000000015,0.0000000000,-0.0399999991,0.0000000000,nan,nan,nan,nan,nan,nan,nan,nan,nan,nan,nan,nan,-0.1196976230,-0.1804236025,-0.2625626028,2.8382568359,0.8179695606,0.0000000000,nan,nan,nan,nan,nan,nan,nan,nan,nan,nan,nan,nan,nan,nan,nan,nan,nan,nan,nan,nan,nan,0.0000367165,0.8399541378,inf,0.0099275112,inf,inf,inf,0.0499839783,0.0000119209,inf,inf,inf,inf,inf,inf,inf,1583
1779239130.1702599525,-0.0123343356,0.1049476191,0.0914369971,0.0415381746,0.0137773716,0.0030543938,3.6419999599,nan,nan,-0.1000000015,0.0000000000,-0.0399999991,0.0000000000,nan,nan,nan,nan,nan,nan,nan,nan,nan,nan,nan,nan,-0.1196976230,-0.1804236025,-0.2625626028,2.8382568359,0.8179695606,0.0000000000,nan,nan,nan,nan,nan,nan,nan,nan,nan,nan,nan,nan,nan,nan,nan,nan,nan,nan,nan,nan,nan,0.0100426674,0.8499600887,inf,0.0199334621,inf,inf,inf,0.0599899292,0.0100178719,inf,inf,inf,inf,inf,inf,inf,1583
1779239130.1802613735,-0.0123343356,0.1049476191,0.0914369971,0.0415381746,0.0137773716,0.0030543938,3.6419999599,nan,nan,-0.1000000015,0.0000000000,-0.0399999991,0.0000000000,nan,nan,nan,nan,nan,nan,nan,nan,nan,nan,nan,nan,-0.1196976230,-0.1804236025,-0.2625626028,2.8382568359,0.8179695606,0.0000000000,nan,nan,nan,nan,nan,nan,nan,nan,nan,nan,nan,nan,nan,nan,nan,nan,nan,nan,nan,nan,nan,0.0200440884,0.8599615097,inf,0.0299348831,inf,inf,inf,0.0699913502,0.0200192928,inf,inf,inf,inf,inf,inf,inf,1583
1779239130.1902353764,-0.0123343356,0.1049476191,0.0914369971,0.0415381746,0.0137773716,0.0030543938,3.6419999599,nan,nan,-0.1000000015,0.0000000000,-0.0399999991,0.0000000000,nan,nan,nan,nan,nan,nan,nan,nan,nan,nan,nan,nan,-0.1196976230,-0.1804236025,-0.2625626028,2.8382568359,0.8179695606,0.0000000000,nan,nan,nan,nan,nan,nan,nan,nan,nan,nan,nan,nan,nan,nan,nan,nan,nan,nan,nan,nan,nan,0.0300180912,0.8699355125,inf,0.0399088860,inf,inf,inf,0.0799653530,0.0299932957,inf,inf,inf,inf,inf,inf,inf,1583
1779239130.2001986504,-0.0123343356,0.1049476191,0.0914369971,0.0415381746,0.0137773716,0.0030543938,3.6419999599,nan,nan,-0.1000000015,0.0000000000,-0.0399999991,0.0000000000,nan,nan,nan,nan,nan,nan,nan,nan,nan,nan,nan,nan,-0.1196976230,-0.1804236025,-0.2625626028,2.8382568359,0.8179695606,0.0000000000,nan,nan,nan,nan,nan,nan,nan,nan,nan,nan,nan,nan,nan,nan,nan,nan,nan,nan,nan,nan,nan,0.0399813652,0.8798987865,inf,0.0000085831,inf,inf,inf,0.0899286270,0.0399565697,inf,inf,inf,inf,inf,inf,inf,1583
1779239130.2102346420,-0.0140083972,0.1037957519,0.0911361054,0.0580623816,0.0305920683,-0.0046496272,3.6419999599,nan,nan,-0.1000000015,0.0000000000,-0.0399999991,0.0000000000,nan,nan,nan,nan,nan,nan,nan,nan,nan,nan,nan,nan,-0.1035320759,-0.1725725532,-0.2609604001,2.8382568359,0.8179695606,0.0000000000,nan,nan,nan,nan,nan,nan,nan,nan,nan,nan,nan,nan,nan,nan,nan,nan,nan,nan,nan,nan,nan,0.0000419617,0.8899347782,inf,0.0100445747,inf,inf,inf,0.0000073910,0.0499925613,inf,inf,inf,inf,inf,inf,inf,1583
1779239130.2202754021,-0.0140083972,0.1037957519,0.0911361054,0.0580623816,0.0305920683,-0.0046496272,3.6419999599,nan,nan,-0.1000000015,0.0000000000,-0.0399999991,0.0000000000,nan,nan,nan,nan,nan,nan,nan,nan,nan,nan,nan,nan,-0.1035320759,-0.1725725532,-0.2609604001,2.8382568359,0.8179695606,0.0000000000,nan,nan,nan,nan,nan,nan,nan,nan,nan,nan,nan,nan,nan,nan,nan,nan,nan,nan,nan,nan,nan,0.0100827217,0.8999755383,inf,0.0200853348,inf,inf,inf,0.0100481510,0.0600333214,inf,inf,inf,inf,inf,inf,inf,1583
1779239130.2302842140,-0.0140083972,0.1037957519,0.0911361054,0.0580623816,0.0305920683,-0.0046496272,3.6419999599,nan,nan,-0.1000000015,0.0000000000,-0.0399999991,0.0000000000,nan,nan,nan,nan,nan,nan,nan,nan,nan,nan,nan,nan,-0.1035320759,-0.1725725532,-0.2609604001,2.8382568359,0.8179695606,0.0000000000,nan,nan,nan,nan,nan,nan,nan,nan,nan,nan,nan,nan,nan,nan,nan,nan,nan,nan,nan,nan,nan,0.0200915337,0.9099843502,inf,0.0300941467,inf,inf,inf,0.0200569630,0.0700421333,inf,inf,inf,inf,inf,inf,inf,1583
1779239130.2402508259,-0.0140083972,0.1037957519,0.0911361054,0.0580623816,0.0305920683,-0.0046496272,3.6419999599,nan,nan,-0.1000000015,0.0000000000,-0.0399999991,0.0000000000,nan,nan,nan,nan,nan,nan,nan,nan,nan,nan,nan,nan,-0.1035320759,-0.1725725532,-0.2609604001,2.8382568359,0.8179695606,0.0000000000,nan,nan,nan,nan,nan,nan,nan,nan,nan,nan,nan,nan,nan,nan,nan,nan,nan,nan,nan,nan,nan,0.0300581455,0.9199509621,inf,0.0400607586,inf,inf,inf,0.0300235748,0.0800087452,inf,inf,inf,inf,inf,inf,inf,1583
1779239130.2502129078,-0.0140083972,0.1037957519,0.0911361054,0.0580623816,0.0305920683,-0.0046496272,3.6419999599,nan,nan,-0.1000000015,0.0000000000,-0.0399999991,0.0000000000,nan,nan,nan,nan,nan,nan,nan,nan,nan,nan,nan,nan,-0.1035320759,-0.1725725532,-0.2609604001,2.8382568359,0.8179695606,0.0000000000,nan,nan,nan,nan,nan,nan,nan,nan,nan,nan,nan,nan,nan,nan,nan,nan,nan,nan,nan,nan,nan,0.0400202274,0.9299130440,inf,0.0000097752,inf,inf,inf,0.0399856567,0.0899708271,inf,inf,inf,inf,inf,inf,inf,1583
1779239130.2602434158,-0.0157160722,0.1009926796,0.0905587450,0.0634508882,0.0281900106,-0.0157207468,3.6419999599,nan,nan,-0.1000000015,0.0000000000,-0.0399999991,0.0000000000,nan,nan,nan,nan,nan,nan,nan,nan,nan,nan,nan,nan,-0.1035320759,-0.1725725532,-0.2609604001,1.3601570129,1.0069105625,0.0000000000,nan,nan,nan,nan,nan,nan,nan,nan,nan,nan,nan,nan,nan,nan,nan,nan,nan,nan,nan,nan,nan,0.0000286102,0.9399435520,inf,0.0100402832,inf,inf,inf,0.0500161648,0.0000095367,inf,inf,inf,inf,inf,inf,inf,1583
1779239130.2702236176,-0.0157160722,0.1009926796,0.0905587450,0.0634508882,0.0281900106,-0.0157207468,3.6419999599,nan,nan,-0.1000000015,0.0000000000,-0.0399999991,0.0000000000,nan,nan,nan,nan,nan,nan,nan,nan,nan,nan,nan,nan,-0.1035320759,-0.1725725532,-0.2609604001,1.3601570129,1.0069105625,0.0000000000,nan,nan,nan,nan,nan,nan,nan,nan,nan,nan,nan,nan,nan,nan,nan,nan,nan,nan,nan,nan,nan,0.0100088120,0.9499237537,inf,0.0200204849,inf,inf,inf,0.0599963665,0.0099897385,inf,inf,inf,inf,inf,inf,inf,1583
1779239130.2802293301,-0.0157160722,0.1009926796,0.0905587450,0.0634508882,0.0281900106,-0.0157207468,3.6419999599,nan,nan,-0.1000000015,0.0000000000,-0.0399999991,0.0000000000,nan,nan,nan,nan,nan,nan,nan,nan,nan,nan,nan,nan,-0.1035320759,-0.1725725532,-0.2609604001,1.3601570129,1.0069105625,0.0000000000,nan,nan,nan,nan,nan,nan,nan,nan,nan,nan,nan,nan,nan,nan,nan,nan,nan,nan,nan,nan,nan,0.0200145245,0.9599294662,inf,0.0300261974,inf,inf,inf,0.0700020790,0.0199954510,inf,inf,inf,inf,inf,inf,inf,1583
1779239130.2902410030,-0.0157160722,0.1009926796,0.0905587450,0.0634508882,0.0281900106,-0.0157207468,3.6419999599,nan,nan,-0.1000000015,0.0000000000,-0.0399999991,0.0000000000,nan,nan,nan,nan,nan,nan,nan,nan,nan,nan,nan,nan,-0.1035320759,-0.1725725532,-0.2609604001,1.3601570129,1.0069105625,0.0000000000,nan,nan,nan,nan,nan,nan,nan,nan,nan,nan,nan,nan,nan,nan,nan,nan,nan,nan,nan,nan,nan,0.0300261974,0.9699411392,inf,0.0400378704,inf,inf,inf,0.0800137520,0.0300071239,inf,inf,inf,inf,inf,inf,inf,1583
1779239130.3002407551,-0.0157160722,0.1009926796,0.0905587450,0.0634508882,0.0281900106,-0.0157207468,3.6419999599,nan,nan,-0.1000000015,0.0000000000,-0.0399999991,0.0000000000,nan,nan,nan,nan,nan,nan,nan,nan,nan,nan,nan,nan,-0.1035320759,-0.1725725532,-0.2609604001,1.3601570129,1.0069105625,0.0000000000,nan,nan,nan,nan,nan,nan,nan,nan,nan,nan,nan,nan,nan,nan,nan,nan,nan,nan,nan,nan,nan,0.0400259495,0.9799408913,inf,0.0000131130,inf,inf,inf,0.0900135040,0.0400068760,inf,inf,inf,inf,inf,inf,inf,1583
1779239130.3102798462,-0.0173959415,0.0965828821,0.0897764564,0.0633957184,0.0229207798,-0.0241958526,3.6419999599,nan,nan,-0.1000000015,0.0000000000,-0.0399999991,0.0000000000,nan,nan,nan,nan,nan,nan,nan,nan,nan,nan,nan,nan,-0.0974550545,-0.1552444845,-0.2573921680,1.3601570129,1.0069105625,0.0000000000,nan,nan,nan,nan,nan,nan,nan,nan,nan,nan,nan,nan,nan,nan,nan,nan,nan,nan,nan,nan,nan,0.0000338554,0.9899799824,inf,0.0100522041,inf,inf,inf,0.0000102520,0.0500459671,inf,inf,inf,inf,inf,inf,inf,1583
1779239130.3202452660,-0.0173959415,0.0965828821,0.0897764564,0.0633957184,0.0229207798,-0.0241958526,3.2090001106,nan,nan,-0.1000000015,0.0000000000,-0.0399999991,0.0000000000,nan,nan,nan,nan,nan,nan,nan,nan,nan,nan,nan,nan,-0.0974550545,-0.1552444845,-0.2573921680,1.3601570129,1.0069105625,0.0000000000,nan,nan,nan,nan,nan,nan,nan,nan,nan,nan,nan,nan,nan,nan,nan,nan,nan,nan,nan,nan,nan,0.0099992752,0.0000109673,inf,0.0200176239,inf,inf,inf,0.0099756718,0.0600113869,inf,inf,inf,inf,inf,inf,inf,1583
1779239130.3302624226,-0.0173959415,0.0965828821,0.0897764564,0.0633957184,0.0229207798,-0.0241958526,3.2090001106,nan,nan,-0.1000000015,0.0000000000,-0.0399999991,0.0000000000,nan,nan,nan,nan,nan,nan,nan,nan,nan,nan,nan,nan,-0.0974550545,-0.1552444845,-0.2573921680,1.3601570129,1.0069105625,0.0000000000,nan,nan,nan,nan,nan,nan,nan,nan,nan,nan,nan,nan,nan,nan,nan,nan,nan,nan,nan,nan,nan,0.0200164318,0.0100281239,inf,0.0300347805,inf,inf,inf,0.0199928284,0.0700285435,inf,inf,inf,inf,inf,inf,inf,1583
1779239130.3402583599,-0.0173959415,0.0965828821,0.0897764564,0.0633957184,0.0229207798,-0.0241958526,3.2090001106,nan,nan,-0.1000000015,0.0000000000,-0.0399999991,0.0000000000,nan,nan,nan,nan,nan,nan,nan,nan,nan,nan,nan,nan,-0.0974550545,-0.1552444845,-0.2573921680,1.3601570129,1.0069105625,0.0000000000,nan,nan,nan,nan,nan,nan,nan,nan,nan,nan,nan,nan,nan,nan,nan,nan,nan,nan,nan,nan,nan,0.0300123692,0.0200240612,inf,0.0400307178,inf,inf,inf,0.0299887657,0.0800244808,inf,inf,inf,inf,inf,inf,inf,1583
1779239130.3502326012,-0.0173959415,0.0965828821,0.0897764564,0.0633957184,0.0229207798,-0.0241958526,3.2090001106,nan,nan,-0.1000000015,0.0000000000,-0.0399999991,0.0000000000,nan,nan,nan,nan,nan,nan,nan,nan,nan,nan,nan,nan,-0.0974550545,-0.1552444845,-0.2573921680,1.3601570129,1.0069105625,0.0000000000,nan,nan,nan,nan,nan,nan,nan,nan,nan,nan,nan,nan,nan,nan,nan,nan,nan,nan,nan,nan,nan,0.0399866104,0.0299983025,inf,0.0000102520,inf,inf,inf,0.0399630070,0.0899987221,inf,inf,inf,inf,inf,inf,inf,1583
1779239130.3602423668,-0.0192331541,0.0904999524,0.0888653770,0.0577903130,0.0257000869,-0.0269472833,3.2090001106,nan,nan,-0.1000000015,0.0000000000,-0.0399999991,0.0000000000,nan,nan,nan,nan,nan,nan,nan,nan,nan,nan,nan,nan,-0.0974550545,-0.1552444845,-0.2573921680,-0.6103804111,0.8191954494,0.0000000000,nan,nan,nan,nan,nan,nan,nan,nan,nan,nan,nan,nan,nan,nan,nan,nan,nan,nan,nan,nan,nan,0.0000305176,0.0400080681,inf,0.0100200176,inf,inf,inf,0.0499727726,0.0000090599,inf,inf,inf,inf,inf,inf,inf,1583
1779239130.3702387810,-0.0192331541,0.0904999524,0.0888653770,0.0577903130,0.0257000869,-0.0269472833,3.2090001106,nan,nan,-0.1000000015,0.0000000000,-0.0399999991,0.0000000000,nan,nan,nan,nan,nan,nan,nan,nan,nan,nan,nan,nan,-0.0974550545,-0.1552444845,-0.2573921680,-0.6103804111,0.8191954494,0.0000000000,nan,nan,nan,nan,nan,nan,nan,nan,nan,nan,nan,nan,nan,nan,nan,nan,nan,nan,nan,nan,nan,0.0100269318,0.0500044823,inf,0.0200164318,inf,inf,inf,0.0599691868,0.0100054741,inf,inf,inf,inf,inf,inf,inf,1583
1779239130.3802621365,-0.0192331541,0.0904999524,0.0888653770,0.0577903130,0.0257000869,-0.0269472833,3.2090001106,nan,nan,-0.1000000015,0.0000000000,-0.0399999991,0.0000000000,nan,nan,nan,nan,nan,nan,nan,nan,nan,nan,nan,nan,-0.0974550545,-0.1552444845,-0.2573921680,-0.6103804111,0.8191954494,0.0000000000,nan,nan,nan,nan,nan,nan,nan,nan,nan,nan,nan,nan,nan,nan,nan,nan,nan,nan,nan,nan,nan,0.0200502872,0.0600278378,inf,0.0300397873,inf,inf,inf,0.0699925423,0.0200288296,inf,inf,inf,inf,inf,inf,inf,1583
1779239130.3902368546,-0.0192331541,0.0904999524,0.0888653770,0.0577903130,0.0257000869,-0.0269472833,3.2090001106,nan,nan,-0.1000000015,0.0000000000,-0.0399999991,0.0000000000,nan,nan,nan,nan,nan,nan,nan,nan,nan,nan,nan,nan,-0.0974550545,-0.1552444845,-0.2573921680,-0.6103804111,0.8191954494,0.0000000000,nan,nan,nan,nan,nan,nan,nan,nan,nan,nan,nan,nan,nan,nan,nan,nan,nan,nan,nan,nan,nan,0.0300250053,0.0700025558,inf,0.0400145054,inf,inf,inf,0.0799672604,0.0300035477,inf,inf,inf,inf,inf,inf,inf,1583
1779239130.4002137184,-0.0192331541,0.0904999524,0.0888653770,0.0577903130,0.0257000869,-0.0269472833,3.2090001106,nan,nan,-0.1000000015,0.0000000000,-0.0399999991,0.0000000000,nan,nan,nan,nan,nan,nan,nan,nan,nan,nan,nan,nan,-0.0974550545,-0.1552444845,-0.2573921680,-0.6103804111,0.8191954494,0.0000000000,nan,nan,nan,nan,nan,nan,nan,nan,nan,nan,nan,nan,nan,nan,nan,nan,nan,nan,nan,nan,nan,0.0400018692,0.0799794197,inf,0.0000085831,inf,inf,inf,0.0899441242,0.0399804115,inf,inf,inf,inf,inf,inf,inf,1583
1779239130.4102118015,-0.0212218817,0.0828029290,0.0879749358,0.0521380979,0.0285364091,-0.0324825542,3.2090001106,nan,nan,-0.1000000015,0.0000000000,-0.0399999991,0.0000000000,nan,nan,nan,nan,nan,nan,nan,nan,nan,nan,nan,nan,-0.0930487216,-0.1241916418,-0.2535736263,-0.6103804111,0.8191954494,0.0000000000,nan,nan,nan,nan,nan,nan,nan,nan,nan,nan,nan,nan,nan,nan,nan,nan,nan,nan,nan,nan,nan,0.0000255108,0.0899775028,inf,0.0100066662,inf,inf,inf,0.0000078678,0.0499784946,inf,inf,inf,inf,inf,inf,inf,1583
1779239130.4202318192,-0.0212218817,0.0828029290,0.0879749358,0.0521380979,0.0285364091,-0.0324825542,3.2090001106,nan,nan,-0.1000000015,0.0000000000,-0.0399999991,0.0000000000,nan,nan,nan,nan,nan,nan,nan,nan,nan,nan,nan,nan,-0.0930487216,-0.1241916418,-0.2535736263,-0.6103804111,0.8191954494,0.0000000000,nan,nan,nan,nan,nan,nan,nan,nan,nan,nan,nan,nan,nan,nan,nan,nan,nan,nan,nan,nan,nan,0.0100455284,0.0999975204,inf,0.0200266838,inf,inf,inf,0.0100278854,0.0599985123,inf,inf,inf,inf,inf,inf,inf,1583
1779239130.4302160740,-0.0212218817,0.0828029290,0.0879749358,0.0521380979,0.0285364091,-0.0324825542,3.2090001106,nan,nan,-0.1000000015,0.0000000000,-0.0399999991,0.0000000000,nan,nan,nan,nan,nan,nan,nan,nan,nan,nan,nan,nan,-0.0930487216,-0.1241916418,-0.2535736263,-0.6103804111,0.8191954494,0.0000000000,nan,nan,nan,nan,nan,nan,nan,nan,nan,nan,nan,nan,nan,nan,nan,nan,nan,nan,nan,nan,nan,0.0200297832,0.1099817753,inf,0.0300109386,inf,inf,inf,0.0200121403,0.0699827671,inf,inf,inf,inf,inf,inf,inf,1583
1779239130.4402015209,-0.0212218817,0.0828029290,0.0879749358,0.0521380979,0.0285364091,-0.0324825542,3.2090001106,nan,nan,-0.1000000015,0.0000000000,-0.0399999991,0.0000000000,nan,nan,nan,nan,nan,nan,nan,nan,nan,nan,nan,nan,-0.0930487216,-0.1241916418,-0.2535736263,-0.6103804111,0.8191954494,0.0000000000,nan,nan,nan,nan,nan,nan,nan,nan,nan,nan,nan,nan,nan,nan,nan,nan,nan,nan,nan,nan,nan,0.0300152302,0.1199672222,inf,0.0399963856,inf,inf,inf,0.0299975872,0.0799682140,inf,inf,inf,inf,inf,inf,inf,1583
1779239130.4502136707,-0.0212218817,0.0828029290,0.0879749358,0.0521380979,0.0285364091,-0.0324825542,3.2090001106,nan,nan,-0.1000000015,0.0000000000,-0.0399999991,0.0000000000,nan,nan,nan,nan,nan,nan,nan,nan,nan,nan,nan,nan,-0.0930487216,-0.1241916418,-0.2535736263,-0.6103804111,0.8191954494,0.0000000000,nan,nan,nan,nan,nan,nan,nan,nan,nan,nan,nan,nan,nan,nan,nan,nan,nan,nan,nan,nan,nan,0.0400273800,0.1299793720,inf,0.0000085831,inf,inf,inf,0.0400097370,0.0899803638,inf,inf,inf,inf,inf,inf,inf,1583
1779239130.4602098465,-0.0212218817,0.0828029290,0.0879749358,0.0521380979,0.0285364091,-0.0324825542,3.2090001106,nan,nan,-0.1000000015,0.0000000000,-0.0399999991,0.0000000000,nan,nan,nan,nan,nan,nan,nan,nan,nan,nan,nan,nan,-0.0930487216,-0.1241916418,-0.2535736263,-2.4615612030,0.7475039363,0.0000000000,nan,nan,nan,nan,nan,nan,nan,nan,nan,nan,nan,nan,nan,nan,nan,nan,nan,nan,nan,nan,nan,0.0500235558,0.1399755478,inf,0.0100047588,inf,inf,inf,0.0500059128,0.0000078678,inf,inf,inf,inf,inf,inf,inf,1583
1779239130.4702022076,-0.0233314615,0.0736125484,0.0870766193,0.0493297094,0.0285597143,-0.0352899794,3.2090001106,nan,nan,-0.1000000015,0.0000000000,-0.0399999991,0.0000000000,nan,nan,nan,nan,nan,nan,nan,nan,nan,nan,nan,nan,-0.0930487216,-0.1241916418,-0.2535736263,-2.4615612030,0.7475039363,0.0000000000,nan,nan,nan,nan,nan,nan,nan,nan,nan,nan,nan,nan,nan,nan,nan,nan,nan,nan,nan,nan,nan,0.0000083447,0.1499679089,inf,0.0199971199,inf,inf,inf,0.0599982738,0.0100002289,inf,inf,inf,inf,inf,inf,inf,1583
1779239130.4802739620,-0.0233314615,0.0736125484,0.0870766193,0.0493297094,0.0285597143,-0.0352899794,3.2090001106,nan,nan,-0.1000000015,0.0000000000,-0.0399999991,0.0000000000,nan,nan,nan,nan,nan,nan,nan,nan,nan,nan,nan,nan,-0.0930487216,-0.1241916418,-0.2535736263,-2.4615612030,0.7475039363,0.0000000000,nan,nan,nan,nan,nan,nan,nan,nan,nan,nan,nan,nan,nan,nan,nan,nan,nan,nan,nan,nan,nan,0.0100800991,0.1600396633,inf,0.0300688744,inf,inf,inf,0.0700700283,0.0200719833,inf,inf,inf,inf,inf,inf,inf,1583
1779239130.4902603626,-0.0233314615,0.0736125484,0.0870766193,0.0493297094,0.0285597143,-0.0352899794,3.2090001106,nan,nan,-0.1000000015,0.0000000000,-0.0399999991,0.0000000000,nan,nan,nan,nan,nan,nan,nan,nan,nan,nan,nan,nan,-0.0930487216,-0.1241916418,-0.2535736263,-2.4615612030,0.7475039363,0.0000000000,nan,nan,nan,nan,nan,nan,nan,nan,nan,nan,nan,nan,nan,nan,nan,nan,nan,nan,nan,nan,nan,0.0200664997,0.1700260639,inf,0.0400552750,inf,inf,inf,0.0800564289,0.0300583839,inf,inf,inf,inf,inf,inf,inf,1583
1779239130.5002207756,-0.0233314615,0.0736125484,0.0870766193,0.0493297094,0.0285597143,-0.0352899794,3.2090001106,nan,nan,-0.1000000015,0.0000000000,-0.0399999991,0.0000000000,nan,nan,nan,nan,nan,nan,nan,nan,nan,nan,nan,nan,-0.0930487216,-0.1241916418,-0.2535736263,-2.4615612030,0.7475039363,0.0000000000,nan,nan,nan,nan,nan,nan,nan,nan,nan,nan,nan,nan,nan,nan,nan,nan,nan,nan,nan,nan,nan,0.0300269127,0.1799864769,inf,0.0000128746,inf,inf,inf,0.0900168419,0.0400187969,inf,inf,inf,inf,inf,inf,inf,1583
1779239130.5102562904,-0.0255529489,0.0630819276,0.0858008415,0.0382674163,0.0256500099,-0.0382674163,3.2090001106,nan,nan,-0.1000000015,0.0000000000,-0.0399999991,0.0000000000,nan,nan,nan,nan,nan,nan,nan,nan,nan,nan,nan,nan,-0.0881488770,-0.0836278945,-0.2480740398,-2.4615612030,0.7475039363,0.0000000000,nan,nan,nan,nan,nan,nan,nan,nan,nan,nan,nan,nan,nan,nan,nan,nan,nan,nan,nan,nan,nan,0.0000367165,0.1900219917,inf,0.0100483894,inf,inf,inf,0.0000138283,0.0500543118,inf,inf,inf,inf,inf,inf,inf,1583
1779239130.5202188492,-0.0255529489,0.0630819276,0.0858008415,0.0382674163,0.0256500099,-0.0382674163,3.2090001106,nan,nan,-0.1000000015,0.0000000000,-0.0399999991,0.0000000000,nan,nan,nan,nan,nan,nan,nan,nan,nan,nan,nan,nan,-0.0881488770,-0.0836278945,-0.2480740398,-2.4615612030,0.7475039363,0.0000000000,nan,nan,nan,nan,nan,nan,nan,nan,nan,nan,nan,nan,nan,nan,nan,nan,nan,nan,nan,nan,nan,0.0099992752,0.1999845505,inf,0.0200109482,inf,inf,inf,0.0099763870,0.0600168705,inf,inf,inf,inf,inf,inf,inf,1583
1779239130.5302159786,-0.0255529489,0.0630819276,0.0858008415,0.0382674163,0.0256500099,-0.0382674163,3.2090001106,nan,nan,-0.1000000015,0.0000000000,-0.0399999991,0.0000000000,nan,nan,nan,nan,nan,nan,nan,nan,nan,nan,nan,nan,-0.0881488770,-0.0836278945,-0.2480740398,-2.4615612030,0.7475039363,0.0000000000,nan,nan,nan,nan,nan,nan,nan,nan,nan,nan,nan,nan,nan,nan,nan,nan,nan,nan,nan,nan,nan,0.0199964046,0.2099816799,inf,0.0300080776,inf,inf,inf,0.0199735165,0.0700139999,inf,inf,inf,inf,inf,inf,inf,1583
1779239130.5402507782,-0.0255529489,0.0630819276,0.0858008415,0.0382674163,0.0256500099,-0.0382674163,3.2090001106,nan,nan,-0.1000000015,0.0000000000,-0.0399999991,0.0000000000,nan,nan,nan,nan,nan,nan,nan,nan,nan,nan,nan,nan,-0.0881488770,-0.0836278945,-0.2480740398,-2.4615612030,0.7475039363,0.0000000000,nan,nan,nan,nan,nan,nan,nan,nan,nan,nan,nan,nan,nan,nan,nan,nan,nan,nan,nan,nan,nan,0.0300312042,0.2200164795,inf,0.0400428772,inf,inf,inf,0.0300083160,0.0800487995,inf,inf,inf,inf,inf,inf,inf,1583
1779239130.5501935482,-0.0255529489,0.0630819276,0.0858008415,0.0382674163,0.0256500099,-0.0382674163,3.2090001106,nan,nan,-0.1000000015,0.0000000000,-0.0399999991,0.0000000000,nan,nan,nan,nan,nan,nan,nan,nan,nan,nan,nan,nan,-0.0881488770,-0.0836278945,-0.2480740398,-2.4615612030,0.7475039363,0.0000000000,nan,nan,nan,nan,nan,nan,nan,nan,nan,nan,nan,nan,nan,nan,nan,nan,nan,nan,nan,nan,nan,0.0399739742,0.2299592495,inf,0.0000073910,inf,inf,inf,0.0399510860,0.0899915695,inf,inf,inf,inf,inf,inf,inf,1583
1779239130.5602691174,-0.0255529489,0.0630819276,0.0858008415,0.0382674163,0.0256500099,-0.0382674163,3.2090001106,nan,nan,-0.1000000015,0.0000000000,-0.0399999991,0.0000000000,nan,nan,nan,nan,nan,nan,nan,nan,nan,nan,nan,nan,-0.0881488770,-0.0836278945,-0.2480740398,-2.4615612030,0.7475039363,0.0000000000,nan,nan,nan,nan,nan,nan,nan,nan,nan,nan,nan,nan,nan,nan,nan,nan,nan,nan,nan,nan,nan,0.0500495434,0.2400348186,inf,0.0100829601,inf,inf,inf,0.0500266552,0.1000671387,inf,inf,inf,inf,inf,inf,inf,1583
1779239130.5702421665,-0.0279349219,0.0514483489,0.0844938383,0.0216805203,0.0225943251,-0.0412762412,3.2090001106,nan,nan,-0.1000000015,0.0000000000,-0.0399999991,0.0000000000,nan,nan,nan,nan,nan,nan,nan,nan,nan,nan,nan,nan,-0.0881488770,-0.0836278945,-0.2480740398,-4.0249948502,0.5743272305,0.0000000000,nan,nan,nan,nan,nan,nan,nan,nan,nan,nan,nan,nan,nan,nan,nan,nan,nan,nan,nan,nan,nan,0.0000309944,0.2500078678,inf,0.0200560093,inf,inf,inf,0.0599997044,0.0000095367,inf,inf,inf,inf,inf,inf,inf,1583
1779239130.5802800655,-0.0279349219,0.0514483489,0.0844938383,0.0216805203,0.0225943251,-0.0412762412,3.2090001106,nan,nan,-0.1000000015,0.0000000000,-0.0399999991,0.0000000000,nan,nan,nan,nan,nan,nan,nan,nan,nan,nan,nan,nan,-0.0881488770,-0.0836278945,-0.2480740398,-4.0249948502,0.5743272305,0.0000000000,nan,nan,nan,nan,nan,nan,nan,nan,nan,nan,nan,nan,nan,nan,nan,nan,nan,nan,nan,nan,nan,0.0100688934,0.2600457668,inf,0.0300939083,inf,inf,inf,0.0700376034,0.0100474358,inf,inf,inf,inf,inf,inf,inf,1583
1779239130.5902290344,-0.0279349219,0.0514483489,0.0844938383,0.0216805203,0.0225943251,-0.0412762412,3.2090001106,nan,nan,-0.1000000015,0.0000000000,-0.0399999991,0.0000000000,nan,nan,nan,nan,nan,nan,nan,nan,nan,nan,nan,nan,-0.0881488770,-0.0836278945,-0.2480740398,-4.0249948502,0.5743272305,0.0000000000,nan,nan,nan,nan,nan,nan,nan,nan,nan,nan,nan,nan,nan,nan,nan,nan,nan,nan,nan,nan,nan,0.0200178623,0.2699947357,inf,0.0400428772,inf,inf,inf,0.0799865723,0.0199964046,inf,inf,inf,inf,inf,inf,inf,1583
1779239130.6001987457,-0.0279349219,0.0514483489,0.0844938383,0.0216805203,0.0225943251,-0.0412762412,3.2090001106,nan,nan,-0.1000000015,0.0000000000,-0.0399999991,0.0000000000,nan,nan,nan,nan,nan,nan,nan,nan,nan,nan,nan,nan,-0.0881488770,-0.0836278945,-0.2480740398,-4.0249948502,0.5743272305,0.0000000000,nan,nan,nan,nan,nan,nan,nan,nan,nan,nan,nan,nan,nan,nan,nan,nan,nan,nan,nan,nan,nan,0.0299875736,0.2799644470,inf,0.0000083447,inf,inf,inf,0.0899562836,0.0299661160,inf,inf,inf,inf,inf,inf,inf,1583
1779239130.6102542877,-0.0305741541,0.0390968025,0.0832097009,0.0079570127,0.0167740748,-0.0414511530,3.2090001106,nan,nan,-0.1000000015,0.0000000000,-0.0399999991,0.0000000000,nan,nan,nan,nan,nan,nan,nan,nan,nan,nan,nan,nan,-0.0821083784,-0.0382979177,-0.2429821938,-4.0249948502,0.5743272305,0.0000000000,nan,nan,nan,nan,nan,nan,nan,nan,nan,nan,nan,nan,nan,nan,nan,nan,nan,nan,nan,nan,nan,0.0000321865,0.2900199890,inf,0.0100638866,inf,inf,inf,0.0000095367,0.0400216579,inf,inf,inf,inf,inf,inf,inf,1583
1779239130.6202549934,-0.0305741541,0.0390968025,0.0832097009,0.0079570127,0.0167740748,-0.0414511530,3.2090001106,nan,nan,-0.1000000015,0.0000000000,-0.0399999991,0.0000000000,nan,nan,nan,nan,nan,nan,nan,nan,nan,nan,nan,nan,-0.0821083784,-0.0382979177,-0.2429821938,-4.0249948502,0.5743272305,0.0000000000,nan,nan,nan,nan,nan,nan,nan,nan,nan,nan,nan,nan,nan,nan,nan,nan,nan,nan,nan,nan,nan,0.0100328922,0.3000206947,inf,0.0200645924,inf,inf,inf,0.0100102425,0.0500223637,inf,inf,inf,inf,inf,inf,inf,1583
1779239130.6302578449,-0.0305741541,0.0390968025,0.0832097009,0.0079570127,0.0167740748,-0.0414511530,3.2090001106,nan,nan,-0.1000000015,0.0000000000,-0.0399999991,0.0000000000,nan,nan,nan,nan,nan,nan,nan,nan,nan,nan,nan,nan,-0.0821083784,-0.0382979177,-0.2429821938,-4.0249948502,0.5743272305,0.0000000000,nan,nan,nan,nan,nan,nan,nan,nan,nan,nan,nan,nan,nan,nan,nan,nan,nan,nan,nan,nan,nan,0.0200357437,0.3100235462,inf,0.0300674438,inf,inf,inf,0.0200130939,0.0600252151,inf,inf,inf,inf,inf,inf,inf,1583
1779239130.6402623653,-0.0305741541,0.0390968025,0.0832097009,0.0079570127,0.0167740748,-0.0414511530,3.2090001106,nan,nan,-0.1000000015,0.0000000000,-0.0399999991,0.0000000000,nan,nan,nan,nan,nan,nan,nan,nan,nan,nan,nan,nan,-0.0821083784,-0.0382979177,-0.2429821938,-4.0249948502,0.5743272305,0.0000000000,nan,nan,nan,nan,nan,nan,nan,nan,nan,nan,nan,nan,nan,nan,nan,nan,nan,nan,nan,nan,nan,0.0300402641,0.3200280666,inf,0.0400719643,inf,inf,inf,0.0300176144,0.0700297356,inf,inf,inf,inf,inf,inf,inf,1583
1779239130.6502010822,-0.0305741541,0.0390968025,0.0832097009,0.0079570127,0.0167740748,-0.0414511530,3.2090001106,nan,nan,-0.1000000015,0.0000000000,-0.0399999991,0.0000000000,nan,nan,nan,nan,nan,nan,nan,nan,nan,nan,nan,nan,-0.0821083784,-0.0382979177,-0.2429821938,-4.0249948502,0.5743272305,0.0000000000,nan,nan,nan,nan,nan,nan,nan,nan,nan,nan,nan,nan,nan,nan,nan,nan,nan,nan,nan,nan,nan,0.0399789810,0.3299667835,inf,0.0000085831,inf,inf,inf,0.0399563313,0.0799684525,inf,inf,inf,inf,inf,inf,inf,1583
1779239130.6602227688,-0.0305741541,0.0390968025,0.0832097009,0.0079570127,0.0167740748,-0.0414511530,3.2090001106,nan,nan,-0.1000000015,0.0000000000,-0.0399999991,0.0000000000,nan,nan,nan,nan,nan,nan,nan,nan,nan,nan,nan,nan,-0.0821083784,-0.0382979177,-0.2429821938,-4.0249948502,0.5743272305,0.0000000000,nan,nan,nan,nan,nan,nan,nan,nan,nan,nan,nan,nan,nan,nan,nan,nan,nan,nan,nan,nan,nan,0.0500006676,0.3399884701,inf,0.0100302696,inf,inf,inf,0.0499780178,0.0899901390,inf,inf,inf,inf,inf,inf,inf,1583
1779239130.6702263355,-0.0335585475,0.0263741314,0.0821675956,-0.0058405257,0.0137118115,-0.0443255519,3.2090001106,nan,nan,-0.1000000015,0.0000000000,-0.0399999991,0.0000000000,nan,nan,nan,nan,nan,nan,nan,nan,nan,nan,nan,nan,-0.0821083784,-0.0382979177,-0.2429821938,-4.9670190811,0.2084871531,0.0000000000,nan,nan,nan,nan,nan,nan,nan,nan,nan,nan,nan,nan,nan,nan,nan,nan,nan,nan,nan,nan,nan,0.0000252724,0.3499920368,inf,0.0200338364,inf,inf,inf,0.0599815845,0.0000076294,inf,inf,inf,inf,inf,inf,inf,1583
1779239130.6802289486,-0.0335585475,0.0263741314,0.0821675956,-0.0058405257,0.0137118115,-0.0443255519,3.2090001106,nan,nan,-0.1000000015,0.0000000000,-0.0399999991,0.0000000000,nan,nan,nan,nan,nan,nan,nan,nan,nan,nan,nan,nan,-0.0821083784,-0.0382979177,-0.2429821938,-4.9670190811,0.2084871531,0.0000000000,nan,nan,nan,nan,nan,nan,nan,nan,nan,nan,nan,nan,nan,nan,nan,nan,nan,nan,nan,nan,nan,0.0100278854,0.3599946499,inf,0.0300364494,inf,inf,inf,0.0699841976,0.0100102425,inf,inf,inf,inf,inf,inf,inf,1583
1779239130.6902251244,-0.0335585475,0.0263741314,0.0821675956,-0.0058405257,0.0137118115,-0.0443255519,3.2090001106,nan,nan,-0.1000000015,0.0000000000,-0.0399999991,0.0000000000,nan,nan,nan,nan,nan,nan,nan,nan,nan,nan,nan,nan,-0.0821083784,-0.0382979177,-0.2429821938,-4.9670190811,0.2084871531,0.0000000000,nan,nan,nan,nan,nan,nan,nan,nan,nan,nan,nan,nan,nan,nan,nan,nan,nan,nan,nan,nan,nan,0.0200240612,0.3699908257,inf,0.0400326252,inf,inf,inf,0.0799803734,0.0200064182,inf,inf,inf,inf,inf,inf,inf,1583
1779239130.7002298832,-0.0335585475,0.0263741314,0.0821675956,-0.0058405257,0.0137118115,-0.0443255519,3.2090001106,nan,nan,-0.1000000015,0.0000000000,-0.0399999991,0.0000000000,nan,nan,nan,nan,nan,nan,nan,nan,nan,nan,nan,nan,-0.0821083784,-0.0382979177,-0.2429821938,-4.9670190811,0.2084871531,0.0000000000,nan,nan,nan,nan,nan,nan,nan,nan,nan,nan,nan,nan,nan,nan,nan,nan,nan,nan,nan,nan,nan,0.0300288200,0.3799955845,inf,0.0000114441,inf,inf,inf,0.0899851322,0.0300111771,inf,inf,inf,inf,inf,inf,inf,1583
1779239130.7102694511,-0.0369678661,0.0135809779,0.0811959952,-0.0141230513,0.0135472539,-0.0416137560,3.2090001106,nan,nan,-0.1000000015,0.0000000000,-0.0399999991,0.0000000000,nan,nan,nan,nan,nan,nan,nan,nan,nan,nan,nan,nan,-0.0733719319,0.0066321827,-0.2401023209,-4.9670190811,0.2084871531,0.0000000000,nan,nan,nan,nan,nan,nan,nan,nan,nan,nan,nan,nan,nan,nan,nan,nan,nan,nan,nan,nan,nan,0.0000364780,0.3900351524,inf,0.0100510120,inf,inf,inf,0.0000116825,0.0400507450,inf,inf,inf,inf,inf,inf,inf,1583
1779239130.7202317715,-0.0369678661,0.0135809779,0.0811959952,-0.0141230513,0.0135472539,-0.0416137560,3.2090001106,nan,nan,-0.1000000015,0.0000000000,-0.0399999991,0.0000000000,nan,nan,nan,nan,nan,nan,nan,nan,nan,nan,nan,nan,-0.0733719319,0.0066321827,-0.2401023209,-4.9670190811,0.2084871531,0.0000000000,nan,nan,nan,nan,nan,nan,nan,nan,nan,nan,nan,nan,nan,nan,nan,nan,nan,nan,nan,nan,nan,0.0099987984,0.3999974728,inf,0.0200133324,inf,inf,inf,0.0099740028,0.0500130653,inf,inf,inf,inf,inf,inf,inf,1583
1779239130.7302336693,-0.0369678661,0.0135809779,0.0811959952,-0.0141230513,0.0135472539,-0.0416137560,3.2090001106,nan,nan,-0.1000000015,0.0000000000,-0.0399999991,0.0000000000,nan,nan,nan,nan,nan,nan,nan,nan,nan,nan,nan,nan,-0.0733719319,0.0066321827,-0.2401023209,-4.9670190811,0.2084871531,0.0000000000,nan,nan,nan,nan,nan,nan,nan,nan,nan,nan,nan,nan,nan,nan,nan,nan,nan,nan,nan,nan,nan,0.0200006962,0.4099993706,inf,0.0300152302,inf,inf,inf,0.0199759007,0.0600149632,inf,inf,inf,inf,inf,inf,inf,1583
1779239130.7403008938,-0.0369678661,0.0135809779,0.0811959952,-0.0141230513,0.0135472539,-0.0416137560,3.2090001106,nan,nan,-0.1000000015,0.0000000000,-0.0399999991,0.0000000000,nan,nan,nan,nan,nan,nan,nan,nan,nan,nan,nan,nan,-0.0733719319,0.0066321827,-0.2401023209,-4.9670190811,0.2084871531,0.0000000000,nan,nan,nan,nan,nan,nan,nan,nan,nan,nan,nan,nan,nan,nan,nan,nan,nan,nan,nan,nan,nan,0.0300679207,0.4200665951,inf,0.0400824547,inf,inf,inf,0.0300431252,0.0700821877,inf,inf,inf,inf,inf,inf,inf,1583
1779239130.7501990795,-0.0369678661,0.0135809779,0.0811959952,-0.0141230513,0.0135472539,-0.0416137560,3.2090001106,nan,nan,-0.1000000015,0.0000000000,-0.0399999991,0.0000000000,nan,nan,nan,nan,nan,nan,nan,nan,nan,nan,nan,nan,-0.0733719319,0.0066321827,-0.2401023209,-4.9670190811,0.2084871531,0.0000000000,nan,nan,nan,nan,nan,nan,nan,nan,nan,nan,nan,nan,nan,nan,nan,nan,nan,nan,nan,nan,nan,0.0399661064,0.4299647808,inf,0.0000078678,inf,inf,inf,0.0399413109,0.0799803734,inf,inf,inf,inf,inf,inf,inf,1583
1779239130.7602109909,-0.0408282243,0.0009738936,0.0801752061,-0.0251920959,0.0133167118,-0.0416880627,3.2090001106,nan,nan,-0.1000000015,0.0000000000,-0.0399999991,0.0000000000,nan,nan,nan,nan,nan,nan,nan,nan,nan,nan,nan,nan,-0.0733719319,0.0066321827,-0.2401023209,-5.4827599525,-0.2552881241,0.0000000000,nan,nan,nan,nan,nan,nan,nan,nan,nan,nan,nan,nan,nan,nan,nan,nan,nan,nan,nan,nan,nan,0.0000245571,0.4399766922,inf,0.0100197792,inf,inf,inf,0.0499532223,0.0000069141,inf,inf,inf,inf,inf,inf,inf,1583
1779239130.7702312469,-0.0408282243,0.0009738936,0.0801752061,-0.0251920959,0.0133167118,-0.0416880627,3.2090001106,nan,nan,-0.1000000015,0.0000000000,-0.0399999991,0.0000000000,nan,nan,nan,nan,nan,nan,nan,nan,nan,nan,nan,nan,-0.0733719319,0.0066321827,-0.2401023209,-5.4827599525,-0.2552881241,0.0000000000,nan,nan,nan,nan,nan,nan,nan,nan,nan,nan,nan,nan,nan,nan,nan,nan,nan,nan,nan,nan,nan,0.0100448132,0.4499969482,inf,0.0200400352,inf,inf,inf,0.0599734783,0.0100271702,inf,inf,inf,inf,inf,inf,inf,1583
1779239130.7802283764,-0.0408282243,0.0009738936,0.0801752061,-0.0251920959,0.0133167118,-0.0416880627,3.2090001106,nan,nan,-0.1000000015,0.0000000000,-0.0399999991,0.0000000000,nan,nan,nan,nan,nan,nan,nan,nan,nan,nan,nan,nan,-0.0733719319,0.0066321827,-0.2401023209,-5.4827599525,-0.2552881241,0.0000000000,nan,nan,nan,nan,nan,nan,nan,nan,nan,nan,nan,nan,nan,nan,nan,nan,nan,nan,nan,nan,nan,0.0200419426,0.4599940777,inf,0.0300371647,inf,inf,inf,0.0699706078,0.0200242996,inf,inf,inf,inf,inf,inf,inf,1583
1779239130.7902307510,-0.0408282243,0.0009738936,0.0801752061,-0.0251920959,0.0133167118,-0.0416880627,3.2090001106,nan,nan,-0.1000000015,0.0000000000,-0.0399999991,0.0000000000,nan,nan,nan,nan,nan,nan,nan,nan,nan,nan,nan,nan,-0.0733719319,0.0066321827,-0.2401023209,-5.4827599525,-0.2552881241,0.0000000000,nan,nan,nan,nan,nan,nan,nan,nan,nan,nan,nan,nan,nan,nan,nan,nan,nan,nan,nan,nan,nan,0.0300443172,0.4699964523,inf,0.0400395393,inf,inf,inf,0.0799729824,0.0300266743,inf,inf,inf,inf,inf,inf,inf,1583
1779239130.8002214432,-0.0408282243,0.0009738936,0.0801752061,-0.0251920959,0.0133167118,-0.0416880627,3.2090001106,nan,nan,-0.1000000015,0.0000000000,-0.0399999991,0.0000000000,nan,nan,nan,nan,nan,nan,nan,nan,nan,nan,nan,nan,-0.0733719319,0.0066321827,-0.2401023209,-5.4827599525,-0.2552881241,0.0000000000,nan,nan,nan,nan,nan,nan,nan,nan,nan,nan,nan,nan,nan,nan,nan,nan,nan,nan,nan,nan,nan,0.0400350094,0.4799871445,inf,0.0000109673,inf,inf,inf,0.0899636745,0.0400173664,inf,inf,inf,inf,inf,inf,inf,1583
1779239130.8102667332,-0.0451122969,-0.0111865755,0.0793607980,-0.0390114120,0.0130819435,-0.0390114120,3.2090001106,nan,nan,-0.1000000015,0.0000000000,-0.0399999991,0.0000000000,nan,nan,nan,nan,nan,nan,nan,nan,nan,nan,nan,nan,-0.0615103170,0.0478462875,-0.2365812808,-5.4827599525,-0.2552881241,0.0000000000,nan,nan,nan,nan,nan,nan,nan,nan,nan,nan,nan,nan,nan,nan,nan,nan,nan,nan,nan,nan,nan,0.0000324249,0.4900324345,inf,0.0100562572,inf,inf,inf,0.0000097752,0.0500626564,inf,inf,inf,inf,inf,inf,inf,1583
1779239130.8202486038,-0.0451122969,-0.0111865755,0.0793607980,-0.0390114120,0.0130819435,-0.0390114120,3.2090001106,nan,nan,-0.1000000015,0.0000000000,-0.0399999991,0.0000000000,nan,nan,nan,nan,nan,nan,nan,nan,nan,nan,nan,nan,-0.0615103170,0.0478462875,-0.2365812808,-5.4827599525,-0.2552881241,0.0000000000,nan,nan,nan,nan,nan,nan,nan,nan,nan,nan,nan,nan,nan,nan,nan,nan,nan,nan,nan,nan,nan,0.0100142956,0.5000143051,inf,0.0200381279,inf,inf,inf,0.0099916458,0.0600445271,inf,inf,inf,inf,inf,inf,inf,1583
1779239130.8302576542,-0.0451122969,-0.0111865755,0.0793607980,-0.0390114120,0.0130819435,-0.0390114120,3.2090001106,nan,nan,-0.1000000015,0.0000000000,-0.0399999991,0.0000000000,nan,nan,nan,nan,nan,nan,nan,nan,nan,nan,nan,nan,-0.0615103170,0.0478462875,-0.2365812808,-5.4827599525,-0.2552881241,0.0000000000,nan,nan,nan,nan,nan,nan,nan,nan,nan,nan,nan,nan,nan,nan,nan,nan,nan,nan,nan,nan,nan,0.0200233459,0.5100233555,inf,0.0300471783,inf,inf,inf,0.0200006962,0.0700535774,inf,inf,inf,inf,inf,inf,inf,1583
1779239130.8402628899,-0.0451122969,-0.0111865755,0.0793607980,-0.0390114120,0.0130819435,-0.0390114120,3.2090001106,nan,nan,-0.1000000015,0.0000000000,-0.0399999991,0.0000000000,nan,nan,nan,nan,nan,nan,nan,nan,nan,nan,nan,nan,-0.0615103170,0.0478462875,-0.2365812808,-5.4827599525,-0.2552881241,0.0000000000,nan,nan,nan,nan,nan,nan,nan,nan,nan,nan,nan,nan,nan,nan,nan,nan,nan,nan,nan,nan,nan,0.0300285816,0.5200285912,inf,0.0400524139,inf,inf,inf,0.0300059319,0.0800588131,inf,inf,inf,inf,inf,inf,inf,1583
1779239130.8502254486,-0.0451122969,-0.0111865755,0.0793607980,-0.0390114120,0.0130819435,-0.0390114120,3.2090001106,nan,nan,-0.1000000015,0.0000000000,-0.0399999991,0.0000000000,nan,nan,nan,nan,nan,nan,nan,nan,nan,nan,nan,nan,-0.0615103170,0.0478462875,-0.2365812808,-5.4827599525,-0.2552881241,0.0000000000,nan,nan,nan,nan,nan,nan,nan,nan,nan,nan,nan,nan,nan,nan,nan,nan,nan,nan,nan,nan,nan,0.0399911404,0.5299911499,inf,0.0000112057,inf,inf,inf,0.0399684906,0.0900213718,inf,inf,inf,inf,inf,inf,inf,1583
1779239130.8602898121,-0.0497941226,-0.0225906372,0.0784343556,-0.0500140329,0.0101688079,-0.0362460410,3.2090001106,nan,nan,-0.1000000015,0.0000000000,-0.0399999991,0.0000000000,nan,nan,nan,nan,nan,nan,nan,nan,nan,nan,nan,nan,-0.0615103170,0.0478462875,-0.2365812808,-5.3891682625,-0.7292585373,0.0000000000,nan,nan,nan,nan,nan,nan,nan,nan,nan,nan,nan,nan,nan,nan,nan,nan,nan,nan,nan,nan,nan,0.0000393391,0.5400555134,inf,0.0100755692,inf,inf,inf,0.0500328541,0.0000121593,inf,inf,inf,inf,inf,inf,inf,1583
1779239130.8702659607,-0.0497941226,-0.0225906372,0.0784343556,-0.0500140329,0.0101688079,-0.0362460410,3.2090001106,nan,nan,-0.1000000015,0.0000000000,-0.0399999991,0.0000000000,nan,nan,nan,nan,nan,nan,nan,nan,nan,nan,nan,nan,-0.0615103170,0.0478462875,-0.2365812808,-5.3891682625,-0.7292585373,0.0000000000,nan,nan,nan,nan,nan,nan,nan,nan,nan,nan,nan,nan,nan,nan,nan,nan,nan,nan,nan,nan,nan,0.0100154877,0.5500316620,inf,0.0200517178,inf,inf,inf,0.0600090027,0.0099883080,inf,inf,inf,inf,inf,inf,inf,1583
1779239130.8802614212,-0.0497941226,-0.0225906372,0.0784343556,-0.0500140329,0.0101688079,-0.0362460410,3.2090001106,nan,nan,-0.1000000015,0.0000000000,-0.0399999991,0.0000000000,nan,nan,nan,nan,nan,nan,nan,nan,nan,nan,nan,nan,-0.0615103170,0.0478462875,-0.2365812808,-5.3891682625,-0.7292585373,0.0000000000,nan,nan,nan,nan,nan,nan,nan,nan,nan,nan,nan,nan,nan,nan,nan,nan,nan,nan,nan,nan,nan,0.0200109482,0.5600271225,inf,0.0300471783,inf,inf,inf,0.0700044632,0.0199837685,inf,inf,inf,inf,inf,inf,inf,1583
1779239130.8902420998,-0.0497941226,-0.0225906372,0.0784343556,-0.0500140329,0.0101688079,-0.0362460410,3.2090001106,nan,nan,-0.1000000015,0.0000000000,-0.0399999991,0.0000000000,nan,nan,nan,nan,nan,nan,nan,nan,nan,nan,nan,nan,-0.0615103170,0.0478462875,-0.2365812808,-5.3891682625,-0.7292585373,0.0000000000,nan,nan,nan,nan,nan,nan,nan,nan,nan,nan,nan,nan,nan,nan,nan,nan,nan,nan,nan,nan,nan,0.0299916267,0.5700078011,inf,0.0400278568,inf,inf,inf,0.0799851418,0.0299644470,inf,inf,inf,inf,inf,inf,inf,1583
1779239130.9005706310,-0.0497941226,-0.0225906372,0.0784343556,-0.0500140329,0.0101688079,-0.0362460410,3.2090001106,nan,nan,-0.1000000015,0.0000000000,-0.0399999991,0.0000000000,nan,nan,nan,nan,nan,nan,nan,nan,nan,nan,nan,nan,-0.0615103170,0.0478462875,-0.2365812808,-5.3891682625,-0.7292585373,0.0000000000,nan,nan,nan,nan,nan,nan,nan,nan,nan,nan,nan,nan,nan,nan,nan,nan,nan,nan,nan,nan,nan,0.0403201580,0.5803363323,inf,0.0000205040,inf,inf,inf,0.0903136730,0.0402929783,inf,inf,inf,inf,inf,inf,inf,1583
1779239130.9103462696,-0.0130954627,0.1083684191,0.0927908868,-0.0665827610,0.0101438879,-0.0280298285,3.2090001106,nan,nan,-0.1000000015,0.0000000000,-0.0399999991,0.0000000000,nan,nan,nan,nan,nan,nan,nan,nan,nan,nan,nan,nan,-0.2866988182,-0.8847792149,-0.3419842720,-5.3891682625,-0.7292585373,0.0000000000,nan,nan,nan,nan,nan,nan,nan,nan,nan,nan,nan,nan,nan,nan,nan,nan,nan,nan,nan,nan,nan,0.0000557899,0.5901119709,inf,0.0097961426,inf,inf,inf,0.0000188351,0.0500686169,inf,inf,inf,inf,inf,inf,inf,1583
1779239130.9202980995,-0.0130954627,0.1083684191,0.0927908868,-0.0665827610,0.0101438879,-0.0280298285,3.2090001106,nan,nan,-0.1000000015,0.0000000000,-0.0399999991,0.0000000000,nan,nan,nan,nan,nan,nan,nan,nan,nan,nan,nan,nan,-0.2866988182,-0.8847792149,-0.3419842720,-5.3891682625,-0.7292585373,0.0000000000,nan,nan,nan,nan,nan,nan,nan,nan,nan,nan,nan,nan,nan,nan,nan,nan,nan,nan,nan,nan,nan,0.0100076199,0.6000638008,inf,0.0197479725,inf,inf,inf,0.0099706650,0.0600204468,inf,inf,inf,inf,inf,inf,inf,1583
1779239130.9303221703,-0.0130954627,0.1083684191,0.0927908868,-0.0665827610,0.0101438879,-0.0280298285,3.2090001106,nan,nan,-0.1000000015,0.0000000000,-0.0399999991,0.0000000000,nan,nan,nan,nan,nan,nan,nan,nan,nan,nan,nan,nan,-0.2866988182,-0.8847792149,-0.3419842720,-5.3891682625,-0.7292585373,0.0000000000,nan,nan,nan,nan,nan,nan,nan,nan,nan,nan,nan,nan,nan,nan,nan,nan,nan,nan,nan,nan,nan,0.0200316906,0.6100878716,inf,0.0297720432,inf,inf,inf,0.0199947357,0.0700445175,inf,inf,inf,inf,inf,inf,inf,1583
1779239130.9403307438,-0.0130954627,0.1083684191,0.0927908868,-0.0665827610,0.0101438879,-0.0280298285,3.2090001106,nan,nan,-0.1000000015,0.0000000000,-0.0399999991,0.0000000000,nan,nan,nan,nan,nan,nan,nan,nan,nan,nan,nan,nan,-0.2866988182,-0.8847792149,-0.3419842720,-5.3891682625,-0.7292585373,0.0000000000,nan,nan,nan,nan,nan,nan,nan,nan,nan,nan,nan,nan,nan,nan,nan,nan,nan,nan,nan,nan,nan,0.0300402641,0.6200964451,inf,0.0397806168,inf,inf,inf,0.0300033092,0.0800530910,inf,inf,inf,inf,inf,inf,inf,1583
1779239130.9503052235,-0.0130954627,0.1083684191,0.0927908868,-0.0665827610,0.0101438879,-0.0280298285,3.2090001106,nan,nan,-0.1000000015,0.0000000000,-0.0399999991,0.0000000000,nan,nan,nan,nan,nan,nan,nan,nan,nan,nan,nan,nan,-0.2866988182,-0.8847792149,-0.3419842720,-5.3891682625,-0.7292585373,0.0000000000,nan,nan,nan,nan,nan,nan,nan,nan,nan,nan,nan,nan,nan,nan,nan,nan,nan,nan,nan,nan,nan,0.0400147438,0.6300709248,inf,0.0000205040,inf,inf,inf,0.0399777889,0.0900275707,inf,inf,inf,inf,inf,inf,inf,1583
1779239130.9603288174,-0.0147277284,0.1129748896,0.0920385048,-0.0193719050,-0.0002144600,-0.0221397432,3.2090001106,nan,nan,-0.1000000015,0.0000000000,-0.0399999991,0.0000000000,nan,nan,nan,nan,nan,nan,nan,nan,nan,nan,nan,nan,-0.2866988182,-0.8847792149,-0.3419842720,7.3805875778,0.8333690166,0.0000000000,nan,nan,nan,nan,nan,nan,nan,nan,nan,nan,nan,nan,nan,nan,nan,nan,nan,nan,nan,nan,nan,0.0000553131,0.6400945187,inf,0.0100440979,inf,inf,inf,0.0500013828,0.0000193119,inf,inf,inf,inf,inf,inf,inf,1583
1779239130.9702639580,-0.0147277284,0.1129748896,0.0920385048,-0.0193719050,-0.0002144600,-0.0221397432,3.2090001106,nan,nan,-0.1000000015,0.0000000000,-0.0399999991,0.0000000000,nan,nan,nan,nan,nan,nan,nan,nan,nan,nan,nan,nan,-0.2866988182,-0.8847792149,-0.3419842720,7.3805875778,0.8333690166,0.0000000000,nan,nan,nan,nan,nan,nan,nan,nan,nan,nan,nan,nan,nan,nan,nan,nan,nan,nan,nan,nan,nan,0.0099904537,0.6500296593,inf,0.0199792385,inf,inf,inf,0.0599365234,0.0099544525,inf,inf,inf,inf,inf,inf,inf,1583
1779239130.9802448750,-0.0147277284,0.1129748896,0.0920385048,-0.0193719050,-0.0002144600,-0.0221397432,3.2090001106,nan,nan,-0.1000000015,0.0000000000,-0.0399999991,0.0000000000,nan,nan,nan,nan,nan,nan,nan,nan,nan,nan,nan,nan,-0.2866988182,-0.8847792149,-0.3419842720,7.3805875778,0.8333690166,0.0000000000,nan,nan,nan,nan,nan,nan,nan,nan,nan,nan,nan,nan,nan,nan,nan,nan,nan,nan,nan,nan,nan,0.0199713707,0.6600105762,inf,0.0299601555,inf,inf,inf,0.0699174404,0.0199353695,inf,inf,inf,inf,inf,inf,inf,1583
1779239130.9903106689,-0.0147277284,0.1129748896,0.0920385048,-0.0193719050,-0.0002144600,-0.0221397432,3.2090001106,nan,nan,-0.1000000015,0.0000000000,-0.0399999991,0.0000000000,nan,nan,nan,nan,nan,nan,nan,nan,nan,nan,nan,nan,-0.2866988182,-0.8847792149,-0.3419842720,7.3805875778,0.8333690166,0.0000000000,nan,nan,nan,nan,nan,nan,nan,nan,nan,nan,nan,nan,nan,nan,nan,nan,nan,nan,nan,nan,nan,0.0300371647,0.6700763702,inf,0.0400259495,inf,inf,inf,0.0799832344,0.0300011635,inf,inf,inf,inf,inf,inf,inf,1583
1779239131.0002436638,-0.0147277284,0.1129748896,0.0920385048,-0.0193719050,-0.0002144600,-0.0221397432,3.2090001106,nan,nan,-0.1000000015,0.0000000000,-0.0399999991,0.0000000000,nan,nan,nan,nan,nan,nan,nan,nan,nan,nan,nan,nan,-0.2866988182,-0.8847792149,-0.3419842720,7.3805875778,0.8333690166,0.0000000000,nan,nan,nan,nan,nan,nan,nan,nan,nan,nan,nan,nan,nan,nan,nan,nan,nan,nan,nan,nan,nan,0.0399701595,0.6800093651,inf,0.0000123978,inf,inf,inf,0.0899162292,0.0399341583,inf,inf,inf,inf,inf,inf,inf,1583
1779239131.0103051662,-0.0169712454,0.1186066195,0.0915111229,-0.0027215223,-0.0055578718,-0.0165979545,3.2090001106,nan,nan,-0.1000000015,0.0000000000,-0.0399999991,0.0000000000,nan,nan,nan,nan,nan,nan,nan,nan,nan,nan,nan,nan,-0.1002565324,-0.2191313952,-0.2614557445,7.3805875778,0.8333690166,0.0000000000,nan,nan,nan,nan,nan,nan,nan,nan,nan,nan,nan,nan,nan,nan,nan,nan,nan,nan,nan,nan,nan,0.0000452995,0.6900708675,inf,0.0100739002,inf,inf,inf,0.0000157356,0.0499956608,inf,inf,inf,inf,inf,inf,inf,1583
1779239131.0202593803,-0.0169712454,0.1186066195,0.0915111229,-0.0027215223,-0.0055578718,-0.0165979545,3.2090001106,nan,nan,-0.1000000015,0.0000000000,-0.0399999991,0.0000000000,nan,nan,nan,nan,nan,nan,nan,nan,nan,nan,nan,nan,-0.1002565324,-0.2191313952,-0.2614557445,7.3805875778,0.8333690166,0.0000000000,nan,nan,nan,nan,nan,nan,nan,nan,nan,nan,nan,nan,nan,nan,nan,nan,nan,nan,nan,nan,nan,0.0099995136,0.7000250816,inf,0.0200281143,inf,inf,inf,0.0099699497,0.0599498749,inf,inf,inf,inf,inf,inf,inf,1583
1779239131.0302422047,-0.0169712454,0.1186066195,0.0915111229,-0.0027215223,-0.0055578718,-0.0165979545,3.2090001106,nan,nan,-0.1000000015,0.0000000000,-0.0399999991,0.0000000000,nan,nan,nan,nan,nan,nan,nan,nan,nan,nan,nan,nan,-0.1002565324,-0.2191313952,-0.2614557445,7.3805875778,0.8333690166,0.0000000000,nan,nan,nan,nan,nan,nan,nan,nan,nan,nan,nan,nan,nan,nan,nan,nan,nan,nan,nan,nan,nan,0.0199823380,0.7100079060,inf,0.0300109386,inf,inf,inf,0.0199527740,0.0699326992,inf,inf,inf,inf,inf,inf,inf,1583
1779239131.0402607918,-0.0169712454,0.1186066195,0.0915111229,-0.0027215223,-0.0055578718,-0.0165979545,3.2090001106,nan,nan,-0.1000000015,0.0000000000,-0.0399999991,0.0000000000,nan,nan,nan,nan,nan,nan,nan,nan,nan,nan,nan,nan,-0.1002565324,-0.2191313952,-0.2614557445,7.3805875778,0.8333690166,0.0000000000,nan,nan,nan,nan,nan,nan,nan,nan,nan,nan,nan,nan,nan,nan,nan,nan,nan,nan,nan,nan,nan,0.0300009251,0.7200264931,inf,0.0400295258,inf,inf,inf,0.0299713612,0.0799512863,inf,inf,inf,inf,inf,inf,inf,1583
1779239131.0502369404,-0.0169712454,0.1186066195,0.0915111229,-0.0027215223,-0.0055578718,-0.0165979545,3.2090001106,nan,nan,-0.1000000015,0.0000000000,0.1599999964,0.0000000000,nan,nan,nan,nan,nan,nan,nan,nan,nan,nan,nan,nan,-0.1002565324,-0.2191313952,-0.2614557445,7.3805875778,0.8333690166,0.0000000000,nan,nan,nan,nan,nan,nan,nan,nan,nan,nan,nan,nan,nan,nan,nan,nan,nan,nan,nan,nan,nan,0.0399770737,0.7300026417,inf,0.0000152588,inf,inf,inf,0.0399475098,0.0899274349,inf,inf,inf,inf,inf,inf,inf,1583
1779239131.0603432655,-0.0199726708,0.1245917827,0.0915103108,0.0276948541,-0.0025757281,-0.0138748245,3.2090001106,nan,nan,-0.1000000015,0.0000000000,0.1599999964,0.0000000000,nan,nan,nan,nan,nan,nan,nan,nan,nan,nan,nan,nan,-0.1002565324,-0.2191313952,-0.2614557445,6.9768528938,0.0497260094,0.0000000000,nan,nan,nan,nan,nan,nan,nan,nan,nan,nan,nan,nan,nan,nan,nan,nan,nan,nan,nan,nan,nan,0.0000598431,0.7401089668,inf,0.0101215839,inf,inf,inf,0.0500538349,0.0000205040,inf,inf,inf,inf,inf,inf,inf,1583
1779239131.0702672005,-0.0199726708,0.1245917827,0.0915103108,0.0276948541,-0.0025757281,-0.0138748245,3.2090001106,nan,nan,-0.1000000015,0.0000000000,0.1599999964,0.0000000000,nan,nan,nan,nan,nan,nan,nan,nan,nan,nan,nan,nan,-0.1002565324,-0.2191313952,-0.2614557445,6.9768528938,0.0497260094,0.0000000000,nan,nan,nan,nan,nan,nan,nan,nan,nan,nan,nan,nan,nan,nan,nan,nan,nan,nan,nan,nan,nan,0.0099837780,0.7500329018,inf,0.0200455189,inf,inf,inf,0.0599777699,0.0099444389,inf,inf,inf,inf,inf,inf,inf,1583
1779239131.0802967548,-0.0199726708,0.1245917827,0.0915103108,0.0276948541,-0.0025757281,-0.0138748245,3.2090001106,nan,nan,-0.1000000015,0.0000000000,0.1599999964,0.0000000000,nan,nan,nan,nan,nan,nan,nan,nan,nan,nan,nan,nan,-0.1002565324,-0.2191313952,-0.2614557445,6.9768528938,0.0497260094,0.0000000000,nan,nan,nan,nan,nan,nan,nan,nan,nan,nan,nan,nan,nan,nan,nan,nan,nan,nan,nan,nan,nan,0.0200133324,0.7600624561,inf,0.0300750732,inf,inf,inf,0.0700073242,0.0199739933,inf,inf,inf,inf,inf,inf,inf,1583
1779239131.0902786255,-0.0199726708,0.1245917827,0.0915103108,0.0276948541,-0.0025757281,-0.0138748245,3.2090001106,nan,nan,-0.1000000015,0.0000000000,0.1599999964,0.0000000000,nan,nan,nan,nan,nan,nan,nan,nan,nan,nan,nan,nan,-0.1002565324,-0.2191313952,-0.2614557445,6.9768528938,0.0497260094,0.0000000000,nan,nan,nan,nan,nan,nan,nan,nan,nan,nan,nan,nan,nan,nan,nan,nan,nan,nan,nan,nan,nan,0.0299952030,0.7700443268,inf,0.0400569439,inf,inf,inf,0.0799891949,0.0299558640,inf,inf,inf,inf,inf,inf,inf,1583
1779239131.1002550125,-0.0199726708,0.1245917827,0.0915103108,0.0276948541,-0.0025757281,-0.0138748245,3.2090001106,nan,nan,-0.1000000015,0.0000000000,0.1599999964,0.0000000000,nan,nan,nan,nan,nan,nan,nan,nan,nan,nan,nan,nan,-0.1002565324,-0.2191313952,-0.2614557445,6.9768528938,0.0497260094,0.0000000000,nan,nan,nan,nan,nan,nan,nan,nan,nan,nan,nan,nan,nan,nan,nan,nan,nan,nan,nan,nan,nan,0.0399715900,0.7800207138,inf,0.0000145435,inf,inf,inf,0.0899655819,0.0399322510,inf,inf,inf,inf,inf,inf,inf,1583
1779239131.1102550030,-0.0236425120,0.1302496493,0.0913292766,0.0525875338,0.0004365792,-0.0165996979,3.2090001106,nan,nan,-0.1000000015,0.0000000000,0.1599999964,0.0000000000,nan,nan,nan,nan,nan,nan,nan,nan,nan,nan,nan,nan,-0.0862705410,-0.2383779138,0.1380205303,6.9768528938,0.0497260094,0.0000000000,nan,nan,nan,nan,nan,nan,nan,nan,nan,nan,nan,nan,nan,nan,nan,nan,nan,nan,nan,nan,nan,0.0000376701,0.7900207043,inf,0.0100145340,inf,inf,inf,0.0000116825,0.0499322414,inf,inf,inf,inf,inf,inf,inf,1583
1779239131.1202785969,-0.0236425120,0.1302496493,0.0913292766,0.0525875338,0.0004365792,-0.0165996979,3.2090001106,nan,nan,-0.1000000015,0.0000000000,0.1599999964,0.0000000000,nan,nan,nan,nan,nan,nan,nan,nan,nan,nan,nan,nan,-0.0862705410,-0.2383779138,0.1380205303,6.9768528938,0.0497260094,0.0000000000,nan,nan,nan,nan,nan,nan,nan,nan,nan,nan,nan,nan,nan,nan,nan,nan,nan,nan,nan,nan,nan,0.0100612640,0.8000442982,inf,0.0200381279,inf,inf,inf,0.0100352764,0.0599558353,inf,inf,inf,inf,inf,inf,inf,1583
1779239131.1302876472,-0.0236425120,0.1302496493,0.0913292766,0.0525875338,0.0004365792,-0.0165996979,3.2090001106,nan,nan,-0.1000000015,0.0000000000,0.1599999964,0.0000000000,nan,nan,nan,nan,nan,nan,nan,nan,nan,nan,nan,nan,-0.0862705410,-0.2383779138,0.1380205303,6.9768528938,0.0497260094,0.0000000000,nan,nan,nan,nan,nan,nan,nan,nan,nan,nan,nan,nan,nan,nan,nan,nan,nan,nan,nan,nan,nan,0.0200703144,0.8100533485,inf,0.0300471783,inf,inf,inf,0.0200443268,0.0699648857,inf,inf,inf,inf,inf,inf,inf,1583
1779239131.1402554512,-0.0236425120,0.1302496493,0.0913292766,0.0525875338,0.0004365792,-0.0165996979,3.2090001106,nan,nan,-0.1000000015,0.0000000000,0.1599999964,0.0000000000,nan,nan,nan,nan,nan,nan,nan,nan,nan,nan,nan,nan,-0.0862705410,-0.2383779138,0.1380205303,6.9768528938,0.0497260094,0.0000000000,nan,nan,nan,nan,nan,nan,nan,nan,nan,nan,nan,nan,nan,nan,nan,nan,nan,nan,nan,nan,nan,0.0300381184,0.8200211525,inf,0.0400149822,inf,inf,inf,0.0300121307,0.0799326897,inf,inf,inf,inf,inf,inf,inf,1583
1779239131.1502621174,-0.0236425120,0.1302496493,0.0913292766,0.0525875338,0.0004365792,-0.0165996979,3.2090001106,nan,nan,-0.1000000015,0.0000000000,0.1599999964,0.0000000000,nan,nan,nan,nan,nan,nan,nan,nan,nan,nan,nan,nan,-0.0862705410,-0.2383779138,0.1380205303,6.9768528938,0.0497260094,0.0000000000,nan,nan,nan,nan,nan,nan,nan,nan,nan,nan,nan,nan,nan,nan,nan,nan,nan,nan,nan,nan,nan,0.0400447845,0.8300278187,inf,0.0000174046,inf,inf,inf,0.0400187969,0.0899393559,inf,inf,inf,inf,inf,inf,inf,1583
1779239131.1602637768,-0.0279526263,0.1349761635,0.0914056897,0.0747375085,0.0007238025,-0.0193595687,3.2090001106,nan,nan,-0.1000000015,0.0000000000,0.1599999964,0.0000000000,nan,nan,nan,nan,nan,nan,nan,nan,nan,nan,nan,nan,-0.0862705410,-0.2383779138,0.1380205303,6.0195817947,-0.5006219149,0.0000000000,nan,nan,nan,nan,nan,nan,nan,nan,nan,nan,nan,nan,nan,nan,nan,nan,nan,nan,nan,nan,nan,0.0000395775,0.8400294781,inf,0.0100190639,inf,inf,inf,0.0500204563,0.0000114441,inf,inf,inf,inf,inf,inf,inf,1583
1779239131.1702954769,-0.0279526263,0.1349761635,0.0914056897,0.0747375085,0.0007238025,-0.0193595687,3.2090001106,nan,nan,-0.1000000015,0.0000000000,0.1599999964,0.0000000000,nan,nan,nan,nan,nan,nan,nan,nan,nan,nan,nan,nan,-0.0862705410,-0.2383779138,0.1380205303,6.0195817947,-0.5006219149,0.0000000000,nan,nan,nan,nan,nan,nan,nan,nan,nan,nan,nan,nan,nan,nan,nan,nan,nan,nan,nan,nan,nan,0.0100712776,0.8500611782,inf,0.0200507641,inf,inf,inf,0.0600521564,0.0100431442,inf,inf,inf,inf,inf,inf,inf,1583
1779239131.1802990437,-0.0279526263,0.1349761635,0.0914056897,0.0747375085,0.0007238025,-0.0193595687,3.2090001106,nan,nan,-0.1000000015,0.0000000000,0.1599999964,0.0000000000,nan,nan,nan,nan,nan,nan,nan,nan,nan,nan,nan,nan,-0.0862705410,-0.2383779138,0.1380205303,6.0195817947,-0.5006219149,0.0000000000,nan,nan,nan,nan,nan,nan,nan,nan,nan,nan,nan,nan,nan,nan,nan,nan,nan,nan,nan,nan,nan,0.0200748444,0.8600647449,inf,0.0300543308,inf,inf,inf,0.0700557232,0.0200467110,inf,inf,inf,inf,inf,inf,inf,1583
1779239131.1902911663,-0.0279526263,0.1349761635,0.0914056897,0.0747375085,0.0007238025,-0.0193595687,3.2090001106,nan,nan,-0.1000000015,0.0000000000,0.1599999964,0.0000000000,nan,nan,nan,nan,nan,nan,nan,nan,nan,nan,nan,nan,-0.0862705410,-0.2383779138,0.1380205303,6.0195817947,-0.5006219149,0.0000000000,nan,nan,nan,nan,nan,nan,nan,nan,nan,nan,nan,nan,nan,nan,nan,nan,nan,nan,nan,nan,nan,0.0300669670,0.8700568676,inf,0.0400464535,inf,inf,inf,0.0800478458,0.0300388336,inf,inf,inf,inf,inf,inf,inf,1583
1779239131.2002449036,-0.0279526263,0.1349761635,0.0914056897,0.0747375085,0.0007238025,-0.0193595687,3.2090001106,nan,nan,-0.1000000015,0.0000000000,0.3600000143,0.0000000000,nan,nan,nan,nan,nan,nan,nan,nan,nan,nan,nan,nan,-0.0862705410,-0.2383779138,0.1380205303,6.0195817947,-0.5006219149,0.0000000000,nan,nan,nan,nan,nan,nan,nan,nan,nan,nan,nan,nan,nan,nan,nan,nan,nan,nan,nan,nan,nan,0.0400207043,0.8800106049,inf,0.0000152588,inf,inf,inf,0.0900015831,0.0399925709,inf,inf,inf,inf,inf,inf,inf,1583
1779239131.2102832794,-0.0329076946,0.1381942779,0.0915556103,0.0968943630,0.0012063375,-0.0248792911,3.2090001106,nan,nan,-0.1000000015,0.0000000000,0.3600000143,0.0000000000,nan,nan,nan,nan,nan,nan,nan,nan,nan,nan,nan,nan,-0.0673709959,-0.2456916869,0.1365517378,6.0195817947,-0.5006219149,0.0000000000,nan,nan,nan,nan,nan,nan,nan,nan,nan,nan,nan,nan,nan,nan,nan,nan,nan,nan,nan,nan,nan,0.0000417233,0.8900489807,inf,0.0100536346,inf,inf,inf,0.0000135899,0.0500309467,inf,inf,inf,inf,inf,inf,inf,1583
1779239131.2202861309,-0.0329076946,0.1381942779,0.0915556103,0.0968943630,0.0012063375,-0.0248792911,3.2090001106,nan,nan,-0.1000000015,0.0000000000,0.3600000143,0.0000000000,nan,nan,nan,nan,nan,nan,nan,nan,nan,nan,nan,nan,-0.0673709959,-0.2456916869,0.1365517378,6.0195817947,-0.5006219149,0.0000000000,nan,nan,nan,nan,nan,nan,nan,nan,nan,nan,nan,nan,nan,nan,nan,nan,nan,nan,nan,nan,nan,0.0100445747,0.9000518322,inf,0.0200564861,inf,inf,inf,0.0100164413,0.0600337982,inf,inf,inf,inf,inf,inf,inf,1583
1779239131.2302935123,-0.0329076946,0.1381942779,0.0915556103,0.0968943630,0.0012063375,-0.0248792911,3.2090001106,nan,nan,-0.1000000015,0.0000000000,0.3600000143,0.0000000000,nan,nan,nan,nan,nan,nan,nan,nan,nan,nan,nan,nan,-0.0673709959,-0.2456916869,0.1365517378,6.0195817947,-0.5006219149,0.0000000000,nan,nan,nan,nan,nan,nan,nan,nan,nan,nan,nan,nan,nan,nan,nan,nan,nan,nan,nan,nan,nan,0.0200519562,0.9100592136,inf,0.0300638676,inf,inf,inf,0.0200238228,0.0700411797,inf,inf,inf,inf,inf,inf,inf,1583
1779239131.2402336597,-0.0329076946,0.1381942779,0.0915556103,0.0968943630,0.0012063375,-0.0248792911,3.2090001106,nan,nan,-0.1000000015,0.0000000000,0.3600000143,0.0000000000,nan,nan,nan,nan,nan,nan,nan,nan,nan,nan,nan,nan,-0.0673709959,-0.2456916869,0.1365517378,6.0195817947,-0.5006219149,0.0000000000,nan,nan,nan,nan,nan,nan,nan,nan,nan,nan,nan,nan,nan,nan,nan,nan,nan,nan,nan,nan,nan,0.0299921036,0.9199993610,inf,0.0400040150,inf,inf,inf,0.0299639702,0.0799813271,inf,inf,inf,inf,inf,inf,inf,1583
1779239131.2502725124,-0.0329076946,0.1381942779,0.0915556103,0.0968943630,0.0012063375,-0.0248792911,3.2090001106,nan,nan,-0.1000000015,0.0000000000,0.3600000143,0.0000000000,nan,nan,nan,nan,nan,nan,nan,nan,nan,nan,nan,nan,-0.0673709959,-0.2456916869,0.1365517378,6.0195817947,-0.5006219149,0.0000000000,nan,nan,nan,nan,nan,nan,nan,nan,nan,nan,nan,nan,nan,nan,nan,nan,nan,nan,nan,nan,nan,0.0400309563,0.9300382137,inf,0.0000174046,inf,inf,inf,0.0400028229,0.0900201797,inf,inf,inf,inf,inf,inf,inf,1583
1779239131.2602818012,-0.0385313183,0.1393007636,0.0918738395,0.1051613687,0.0043641930,-0.0302566534,3.2090001106,nan,nan,-0.1000000015,0.0000000000,0.3600000143,0.0000000000,nan,nan,nan,nan,nan,nan,nan,nan,nan,nan,nan,nan,-0.0673709959,-0.2456916869,0.1365517378,3.8051903248,-1.0823807716,0.0000000000,nan,nan,nan,nan,nan,nan,nan,nan,nan,nan,nan,nan,nan,nan,nan,nan,nan,nan,nan,nan,nan,0.0000419617,0.9400475025,inf,0.0100266933,inf,inf,inf,0.0500121117,0.0000140667,inf,inf,inf,inf,inf,inf,inf,1583
1779239131.2702701092,-0.0385313183,0.1393007636,0.0918738395,0.1051613687,0.0043641930,-0.0302566534,3.2090001106,nan,nan,-0.1000000015,0.0000000000,0.3600000143,0.0000000000,nan,nan,nan,nan,nan,nan,nan,nan,nan,nan,nan,nan,-0.0673709959,-0.2456916869,0.1365517378,3.8051903248,-1.0823807716,0.0000000000,nan,nan,nan,nan,nan,nan,nan,nan,nan,nan,nan,nan,nan,nan,nan,nan,nan,nan,nan,nan,nan,0.0100302696,0.9500358105,inf,0.0200150013,inf,inf,inf,0.0600004196,0.0100023746,inf,inf,inf,inf,inf,inf,inf,1583
1779239131.2802891731,-0.0385313183,0.1393007636,0.0918738395,0.1051613687,0.0043641930,-0.0302566534,3.2090001106,nan,nan,-0.1000000015,0.0000000000,0.3600000143,0.0000000000,nan,nan,nan,nan,nan,nan,nan,nan,nan,nan,nan,nan,-0.0673709959,-0.2456916869,0.1365517378,3.8051903248,-1.0823807716,0.0000000000,nan,nan,nan,nan,nan,nan,nan,nan,nan,nan,nan,nan,nan,nan,nan,nan,nan,nan,nan,nan,nan,0.0200493336,0.9600548744,inf,0.0300340652,inf,inf,inf,0.0700194836,0.0200214386,inf,inf,inf,inf,inf,inf,inf,1583
1779239131.2903282642,-0.0385313183,0.1393007636,0.0918738395,0.1051613687,0.0043641930,-0.0302566534,3.2090001106,nan,nan,-0.1000000015,0.0000000000,0.3600000143,0.0000000000,nan,nan,nan,nan,nan,nan,nan,nan,nan,nan,nan,nan,-0.0673709959,-0.2456916869,0.1365517378,3.8051903248,-1.0823807716,0.0000000000,nan,nan,nan,nan,nan,nan,nan,nan,nan,nan,nan,nan,nan,nan,nan,nan,nan,nan,nan,nan,nan,0.0300884247,0.9700939655,inf,0.0400731564,inf,inf,inf,0.0800585747,0.0300605297,inf,inf,inf,inf,inf,inf,inf,1583
1779239131.3002645969,-0.0385313183,0.1393007636,0.0918738395,0.1051613687,0.0043641930,-0.0302566534,3.2090001106,nan,nan,-0.1000000015,0.0000000000,0.3600000143,0.0000000000,nan,nan,nan,nan,nan,nan,nan,nan,nan,nan,nan,nan,-0.0673709959,-0.2456916869,0.1365517378,3.8051903248,-1.0823807716,0.0000000000,nan,nan,nan,nan,nan,nan,nan,nan,nan,nan,nan,nan,nan,nan,nan,nan,nan,nan,nan,nan,nan,0.0400247574,0.9800302982,inf,0.0000176430,inf,inf,inf,0.0899949074,0.0399968624,inf,inf,inf,inf,inf,inf,inf,1583
1779239131.3102700710,-0.0159041025,0.0882816389,0.0978321806,0.0911630479,0.0081809804,-0.0578143246,3.2090001106,nan,nan,-0.1000000015,0.0000000000,0.3600000143,0.0000000000,nan,nan,nan,nan,nan,nan,nan,nan,nan,nan,nan,nan,-0.2807532251,0.1874148250,0.4861224890,3.8051903248,-1.0823807716,0.0000000000,nan,nan,nan,nan,nan,nan,nan,nan,nan,nan,nan,nan,nan,nan,nan,nan,nan,nan,nan,nan,nan,0.0000479221,0.9900357723,inf,0.0100231171,inf,inf,inf,0.0000150204,0.0500023365,inf,inf,inf,inf,inf,inf,inf,1583
1779239131.3202528954,-0.0159041025,0.0882816389,0.0978321806,0.0911630479,0.0081809804,-0.0578143246,3.0030000210,nan,nan,-0.1000000015,0.0000000000,0.3600000143,0.0000000000,nan,nan,nan,nan,nan,nan,nan,nan,nan,nan,nan,nan,-0.2807532251,0.1874148250,0.4861224890,3.8051903248,-1.0823807716,0.0000000000,nan,nan,nan,nan,nan,nan,nan,nan,nan,nan,nan,nan,nan,nan,nan,nan,nan,nan,nan,nan,nan,0.0100307465,0.0000133514,inf,0.0200059414,inf,inf,inf,0.0099978447,0.0599851608,inf,inf,inf,inf,inf,inf,inf,1583
1779239131.3302445412,-0.0159041025,0.0882816389,0.0978321806,0.0911630479,0.0081809804,-0.0578143246,3.0030000210,nan,nan,-0.1000000015,0.0000000000,0.3600000143,0.0000000000,nan,nan,nan,nan,nan,nan,nan,nan,nan,nan,nan,nan,-0.2807532251,0.1874148250,0.4861224890,3.8051903248,-1.0823807716,0.0000000000,nan,nan,nan,nan,nan,nan,nan,nan,nan,nan,nan,nan,nan,nan,nan,nan,nan,nan,nan,nan,nan,0.0200223923,0.0100049973,inf,0.0299975872,inf,inf,inf,0.0199894905,0.0699768066,inf,inf,inf,inf,inf,inf,inf,1583
1779239131.3402311802,-0.0159041025,0.0882816389,0.0978321806,0.0911630479,0.0081809804,-0.0578143246,3.0030000210,nan,nan,-0.1000000015,0.0000000000,0.3600000143,0.0000000000,nan,nan,nan,nan,nan,nan,nan,nan,nan,nan,nan,nan,-0.2807532251,0.1874148250,0.4861224890,3.8051903248,-1.0823807716,0.0000000000,nan,nan,nan,nan,nan,nan,nan,nan,nan,nan,nan,nan,nan,nan,nan,nan,nan,nan,nan,nan,nan,0.0300090313,0.0199916363,inf,0.0399842262,inf,inf,inf,0.0299761295,0.0799634457,inf,inf,inf,inf,inf,inf,inf,1583
1779239131.3502757549,-0.0159041025,0.0882816389,0.0978321806,0.0911630479,0.0081809804,-0.0578143246,3.0030000210,nan,nan,-0.1000000015,0.0000000000,0.3600000143,0.0000000000,nan,nan,nan,nan,nan,nan,nan,nan,nan,nan,nan,nan,-0.2807532251,0.1874148250,0.4861224890,3.8051903248,-1.0823807716,0.0000000000,nan,nan,nan,nan,nan,nan,nan,nan,nan,nan,nan,nan,nan,nan,nan,nan,nan,nan,nan,nan,nan,0.0400536060,0.0300362110,inf,0.0000176430,inf,inf,inf,0.0400207043,0.0900080204,inf,inf,inf,inf,inf,inf,inf,1583
1779239131.3603079319,-0.0185815077,0.0769293755,0.0993357301,0.0222857071,-0.0049198789,-0.0554163225,3.0030000210,nan,nan,-0.1000000015,0.0000000000,0.3600000143,0.0000000000,nan,nan,nan,nan,nan,nan,nan,nan,nan,nan,nan,nan,-0.2807532251,0.1874148250,0.4861224890,-3.7116799355,0.6573049426,0.0000000000,nan,nan,nan,nan,nan,nan,nan,nan,nan,nan,nan,nan,nan,nan,nan,nan,nan,nan,nan,nan,nan,0.0000433922,0.0400683880,inf,0.0100498199,inf,inf,inf,0.0500528812,0.0000150204,inf,inf,inf,inf,inf,inf,inf,1583
1779239131.3702850342,-0.0185815077,0.0769293755,0.0993357301,0.0222857071,-0.0049198789,-0.0554163225,3.0030000210,nan,nan,-0.1000000015,0.0000000000,0.3600000143,0.0000000000,nan,nan,nan,nan,nan,nan,nan,nan,nan,nan,nan,nan,-0.2807532251,0.1874148250,0.4861224890,-3.7116799355,0.6573049426,0.0000000000,nan,nan,nan,nan,nan,nan,nan,nan,nan,nan,nan,nan,nan,nan,nan,nan,nan,nan,nan,nan,nan,0.0100204945,0.0500454903,inf,0.0200269222,inf,inf,inf,0.0600299835,0.0099921227,inf,inf,inf,inf,inf,inf,inf,1583
1779239131.3802621365,-0.0185815077,0.0769293755,0.0993357301,0.0222857071,-0.0049198789,-0.0554163225,3.0030000210,nan,nan,-0.1000000015,0.0000000000,0.3600000143,0.0000000000,nan,nan,nan,nan,nan,nan,nan,nan,nan,nan,nan,nan,-0.2807532251,0.1874148250,0.4861224890,-3.7116799355,0.6573049426,0.0000000000,nan,nan,nan,nan,nan,nan,nan,nan,nan,nan,nan,nan,nan,nan,nan,nan,nan,nan,nan,nan,nan,0.0199975967,0.0600225925,inf,0.0300040245,inf,inf,inf,0.0700070858,0.0199692249,inf,inf,inf,inf,inf,inf,inf,1583
1779239131.3902790546,-0.0185815077,0.0769293755,0.0993357301,0.0222857071,-0.0049198789,-0.0554163225,3.0030000210,nan,nan,-0.1000000015,0.0000000000,0.3600000143,0.0000000000,nan,nan,nan,nan,nan,nan,nan,nan,nan,nan,nan,nan,-0.2807532251,0.1874148250,0.4861224890,-3.7116799355,0.6573049426,0.0000000000,nan,nan,nan,nan,nan,nan,nan,nan,nan,nan,nan,nan,nan,nan,nan,nan,nan,nan,nan,nan,nan,0.0300145149,0.0700395107,inf,0.0400209427,inf,inf,inf,0.0800240040,0.0299861431,inf,inf,inf,inf,inf,inf,inf,1583
1779239131.4002678394,-0.0185815077,0.0769293755,0.0993357301,0.0222857071,-0.0049198789,-0.0554163225,3.0030000210,nan,nan,-0.1000000015,0.0000000000,0.5600000024,0.0000000000,nan,nan,nan,nan,nan,nan,nan,nan,nan,nan,nan,nan,-0.2807532251,0.1874148250,0.4861224890,-3.7116799355,0.6573049426,0.0000000000,nan,nan,nan,nan,nan,nan,nan,nan,nan,nan,nan,nan,nan,nan,nan,nan,nan,nan,nan,nan,nan,0.0400032997,0.0800282955,inf,0.0000164509,inf,inf,inf,0.0900127888,0.0399749279,inf,inf,inf,inf,inf,inf,inf,1583
1779239131.4103009701,-0.0193320736,0.0728566423,0.1027288437,-0.0137646364,-0.0031112865,-0.0498007205,3.0030000210,nan,nan,-0.1000000015,0.0000000000,0.5600000024,0.0000000000,nan,nan,nan,nan,nan,nan,nan,nan,nan,nan,nan,nan,-0.1105168611,-0.1555124074,0.4980491400,-3.7116799355,0.6573049426,0.0000000000,nan,nan,nan,nan,nan,nan,nan,nan,nan,nan,nan,nan,nan,nan,nan,nan,nan,nan,nan,nan,nan,0.0000452995,0.0900614262,inf,0.0100495815,inf,inf,inf,0.0000157356,0.0500080585,inf,inf,inf,inf,inf,inf,inf,1583
1779239131.4203052521,-0.0193320736,0.0728566423,0.1027288437,-0.0137646364,-0.0031112865,-0.0498007205,3.0030000210,nan,nan,-0.1000000015,0.0000000000,0.5600000024,0.0000000000,nan,nan,nan,nan,nan,nan,nan,nan,nan,nan,nan,nan,-0.1105168611,-0.1555124074,0.4980491400,-3.7116799355,0.6573049426,0.0000000000,nan,nan,nan,nan,nan,nan,nan,nan,nan,nan,nan,nan,nan,nan,nan,nan,nan,nan,nan,nan,nan,0.0100495815,0.1000657082,inf,0.0200538635,inf,inf,inf,0.0100200176,0.0600123405,inf,inf,inf,inf,inf,inf,inf,1583
1779239131.4302892685,-0.0193320736,0.0728566423,0.1027288437,-0.0137646364,-0.0031112865,-0.0498007205,3.0030000210,nan,nan,-0.1000000015,0.0000000000,0.5600000024,0.0000000000,nan,nan,nan,nan,nan,nan,nan,nan,nan,nan,nan,nan,-0.1105168611,-0.1555124074,0.4980491400,-3.7116799355,0.6573049426,0.0000000000,nan,nan,nan,nan,nan,nan,nan,nan,nan,nan,nan,nan,nan,nan,nan,nan,nan,nan,nan,nan,nan,0.0200335979,0.1100497246,inf,0.0300378799,inf,inf,inf,0.0200040340,0.0699963570,inf,inf,inf,inf,inf,inf,inf,1583
1779239131.4403111935,-0.0193320736,0.0728566423,0.1027288437,-0.0137646364,-0.0031112865,-0.0498007205,3.0030000210,nan,nan,-0.1000000015,0.0000000000,0.5600000024,0.0000000000,nan,nan,nan,nan,nan,nan,nan,nan,nan,nan,nan,nan,-0.1105168611,-0.1555124074,0.4980491400,-3.7116799355,0.6573049426,0.0000000000,nan,nan,nan,nan,nan,nan,nan,nan,nan,nan,nan,nan,nan,nan,nan,nan,nan,nan,nan,nan,nan,0.0300555229,0.1200716496,inf,0.0400598049,inf,inf,inf,0.0300259590,0.0800182819,inf,inf,inf,inf,inf,inf,inf,1583
1779239131.4502909184,-0.0193320736,0.0728566423,0.1027288437,-0.0137646364,-0.0031112865,-0.0498007205,3.0030000210,nan,nan,-0.1000000015,0.0000000000,0.5600000024,0.0000000000,nan,nan,nan,nan,nan,nan,nan,nan,nan,nan,nan,nan,-0.1105168611,-0.1555124074,0.4980491400,-3.7116799355,0.6573049426,0.0000000000,nan,nan,nan,nan,nan,nan,nan,nan,nan,nan,nan,nan,nan,nan,nan,nan,nan,nan,nan,nan,nan,0.0400352478,0.1300513744,inf,0.0000188351,inf,inf,inf,0.0400056839,0.0899980068,inf,inf,inf,inf,inf,inf,inf,1583
1779239131.4603960514,-0.0224187374,0.0621858053,0.1050383151,-0.0027668638,-0.0000612743,-0.0442842365,3.0030000210,nan,nan,-0.1000000015,0.0000000000,0.5600000024,0.0000000000,nan,nan,nan,nan,nan,nan,nan,nan,nan,nan,nan,nan,-0.1105168611,-0.1555124074,0.4980491400,-2.7136168480,0.3612862527,0.0000000000,nan,nan,nan,nan,nan,nan,nan,nan,nan,nan,nan,nan,nan,nan,nan,nan,nan,nan,nan,nan,nan,0.0000653267,0.1401565075,inf,0.0101239681,inf,inf,inf,0.0501108170,0.0000226498,inf,inf,inf,inf,inf,inf,inf,1583
1779239131.4703574181,-0.0224187374,0.0621858053,0.1050383151,-0.0027668638,-0.0000612743,-0.0442842365,3.0030000210,nan,nan,-0.1000000015,0.0000000000,0.5600000024,0.0000000000,nan,nan,nan,nan,nan,nan,nan,nan,nan,nan,nan,nan,-0.1105168611,-0.1555124074,0.4980491400,-2.7136168480,0.3612862527,0.0000000000,nan,nan,nan,nan,nan,nan,nan,nan,nan,nan,nan,nan,nan,nan,nan,nan,nan,nan,nan,nan,nan,0.0100266933,0.1501178741,inf,0.0200853348,inf,inf,inf,0.0600721836,0.0099840164,inf,inf,inf,inf,inf,inf,inf,1583
1779239131.4803569317,-0.0224187374,0.0621858053,0.1050383151,-0.0027668638,-0.0000612743,-0.0442842365,3.0030000210,nan,nan,-0.1000000015,0.0000000000,0.5600000024,0.0000000000,nan,nan,nan,nan,nan,nan,nan,nan,nan,nan,nan,nan,-0.1105168611,-0.1555124074,0.4980491400,-2.7136168480,0.3612862527,0.0000000000,nan,nan,nan,nan,nan,nan,nan,nan,nan,nan,nan,nan,nan,nan,nan,nan,nan,nan,nan,nan,nan,0.0200262070,0.1601173878,inf,0.0300848484,inf,inf,inf,0.0700716972,0.0199835300,inf,inf,inf,inf,inf,inf,inf,1583
1779239131.4903597832,-0.0224187374,0.0621858053,0.1050383151,-0.0027668638,-0.0000612743,-0.0442842365,3.0030000210,nan,nan,-0.1000000015,0.0000000000,0.5600000024,0.0000000000,nan,nan,nan,nan,nan,nan,nan,nan,nan,nan,nan,nan,-0.1105168611,-0.1555124074,0.4980491400,-2.7136168480,0.3612862527,0.0000000000,nan,nan,nan,nan,nan,nan,nan,nan,nan,nan,nan,nan,nan,nan,nan,nan,nan,nan,nan,nan,nan,0.0300290585,0.1701202393,inf,0.0400876999,inf,inf,inf,0.0800745487,0.0299863815,inf,inf,inf,inf,inf,inf,inf,1583
1779239131.5003783703,-0.0224187374,0.0621858053,0.1050383151,-0.0027668638,-0.0000612743,-0.0442842365,3.0030000210,nan,nan,-0.1000000015,0.0000000000,0.5600000024,0.0000000000,nan,nan,nan,nan,nan,nan,nan,nan,nan,nan,nan,nan,-0.0858243108,-0.0634358153,0.8968829513,-2.7136168480,0.3612862527,0.0000000000,nan,nan,nan,nan,nan,nan,nan,nan,nan,nan,nan,nan,nan,nan,nan,nan,nan,nan,nan,nan,nan,0.0400476456,0.1801388264,inf,0.0000495911,inf,inf,inf,0.0000178814,0.0400049686,inf,inf,inf,inf,inf,inf,inf,1583
1779239131.5103070736,-0.0259202346,0.0513302051,0.1079372168,-0.0275558049,-0.0061078228,-0.0414360757,3.0030000210,nan,nan,-0.1000000015,0.0000000000,0.5600000024,0.0000000000,nan,nan,nan,nan,nan,nan,nan,nan,nan,nan,nan,nan,-0.0858243108,-0.0634358153,0.8968829513,-2.7136168480,0.3612862527,0.0000000000,nan,nan,nan,nan,nan,nan,nan,nan,nan,nan,nan,nan,nan,nan,nan,nan,nan,nan,nan,nan,nan,0.0000181198,0.1900675297,inf,0.0099782944,inf,inf,inf,0.0099465847,0.0499336720,inf,inf,inf,inf,inf,inf,inf,1583
1779239131.5203230381,-0.0259202346,0.0513302051,0.1079372168,-0.0275558049,-0.0061078228,-0.0414360757,3.0030000210,nan,nan,-0.1000000015,0.0000000000,0.5600000024,0.0000000000,nan,nan,nan,nan,nan,nan,nan,nan,nan,nan,nan,nan,-0.0858243108,-0.0634358153,0.8968829513,-2.7136168480,0.3612862527,0.0000000000,nan,nan,nan,nan,nan,nan,nan,nan,nan,nan,nan,nan,nan,nan,nan,nan,nan,nan,nan,nan,nan,0.0100340843,0.2000834942,inf,0.0199942589,inf,inf,inf,0.0199625492,0.0599496365,inf,inf,inf,inf,inf,inf,inf,1583
1779239131.5303890705,-0.0259202346,0.0513302051,0.1079372168,-0.0275558049,-0.0061078228,-0.0414360757,3.0030000210,nan,nan,-0.1000000015,0.0000000000,0.5600000024,0.0000000000,nan,nan,nan,nan,nan,nan,nan,nan,nan,nan,nan,nan,-0.0858243108,-0.0634358153,0.8968829513,-2.7136168480,0.3612862527,0.0000000000,nan,nan,nan,nan,nan,nan,nan,nan,nan,nan,nan,nan,nan,nan,nan,nan,nan,nan,nan,nan,nan,0.0201001167,0.2101495266,inf,0.0300602913,inf,inf,inf,0.0300285816,0.0700156689,inf,inf,inf,inf,inf,inf,inf,1583
1779239131.5403459072,-0.0259202346,0.0513302051,0.1079372168,-0.0275558049,-0.0061078228,-0.0414360757,3.0030000210,nan,nan,-0.1000000015,0.0000000000,0.5600000024,0.0000000000,nan,nan,nan,nan,nan,nan,nan,nan,nan,nan,nan,nan,-0.0858243108,-0.0634358153,0.8968829513,-2.7136168480,0.3612862527,0.0000000000,nan,nan,nan,nan,nan,nan,nan,nan,nan,nan,nan,nan,nan,nan,nan,nan,nan,nan,nan,nan,nan,0.0300569534,0.2201063633,inf,0.0400171280,inf,inf,inf,0.0399854183,0.0799725056,inf,inf,inf,inf,inf,inf,inf,1583
1779239131.5503120422,-0.0259202346,0.0513302051,0.1079372168,-0.0275558049,-0.0061078228,-0.0414360757,3.0030000210,nan,nan,-0.1000000015,0.0000000000,0.5600000024,0.0000000000,nan,nan,nan,nan,nan,nan,nan,nan,nan,nan,nan,nan,-0.0858243108,-0.0634358153,0.8968829513,-2.7136168480,0.3612862527,0.0000000000,nan,nan,nan,nan,nan,nan,nan,nan,nan,nan,nan,nan,nan,nan,nan,nan,nan,nan,nan,nan,nan,0.0400230885,0.2300724983,inf,0.0000214577,inf,inf,inf,0.0499515533,0.0899386406,inf,inf,inf,inf,inf,inf,inf,1583
1779239131.5603296757,-0.0299842209,0.0407400914,0.1120512113,-0.0415083152,-0.0008042250,-0.0387396603,3.0030000210,nan,nan,-0.1000000015,0.0000000000,0.5600000024,0.0000000000,nan,nan,nan,nan,nan,nan,nan,nan,nan,nan,nan,nan,-0.0858243108,-0.0634358153,0.8968829513,-3.0239183903,-0.1991646737,0.0000000000,nan,nan,nan,nan,nan,nan,nan,nan,nan,nan,nan,nan,nan,nan,nan,nan,nan,nan,nan,nan,nan,0.0000541210,0.2400901318,inf,0.0100390911,inf,inf,inf,0.0599691868,0.0000169277,inf,inf,inf,inf,inf,inf,inf,1583
1779239131.5703251362,-0.0299842209,0.0407400914,0.1120512113,-0.0415083152,-0.0008042250,-0.0387396603,3.0030000210,nan,nan,-0.1000000015,0.0000000000,0.5600000024,0.0000000000,nan,nan,nan,nan,nan,nan,nan,nan,nan,nan,nan,nan,-0.0858243108,-0.0634358153,0.8968829513,-3.0239183903,-0.1991646737,0.0000000000,nan,nan,nan,nan,nan,nan,nan,nan,nan,nan,nan,nan,nan,nan,nan,nan,nan,nan,nan,nan,nan,0.0100495815,0.2500855923,inf,0.0200345516,inf,inf,inf,0.0699646473,0.0100123882,inf,inf,inf,inf,inf,inf,inf,1583
1779239131.5802967548,-0.0299842209,0.0407400914,0.1120512113,-0.0415083152,-0.0008042250,-0.0387396603,3.0030000210,nan,nan,-0.1000000015,0.0000000000,0.5600000024,0.0000000000,nan,nan,nan,nan,nan,nan,nan,nan,nan,nan,nan,nan,-0.0858243108,-0.0634358153,0.8968829513,-3.0239183903,-0.1991646737,0.0000000000,nan,nan,nan,nan,nan,nan,nan,nan,nan,nan,nan,nan,nan,nan,nan,nan,nan,nan,nan,nan,nan,0.0200212002,0.2600572109,inf,0.0300061703,inf,inf,inf,0.0799362659,0.0199840069,inf,inf,inf,inf,inf,inf,inf,1583
1779239131.5902807713,-0.0299842209,0.0407400914,0.1120512113,-0.0415083152,-0.0008042250,-0.0387396603,3.0030000210,nan,nan,-0.1000000015,0.0000000000,0.5600000024,0.0000000000,nan,nan,nan,nan,nan,nan,nan,nan,nan,nan,nan,nan,-0.0858243108,-0.0634358153,0.8968829513,-3.0239183903,-0.1991646737,0.0000000000,nan,nan,nan,nan,nan,nan,nan,nan,nan,nan,nan,nan,nan,nan,nan,nan,nan,nan,nan,nan,nan,0.0300052166,0.2700412273,inf,0.0399901867,inf,inf,inf,0.0899202824,0.0299680233,inf,inf,inf,inf,inf,inf,inf,1583
1779239131.6002957821,-0.0299842209,0.0407400914,0.1120512113,-0.0415083152,-0.0008042250,-0.0387396603,3.0030000210,nan,nan,-0.1000000015,0.0000000000,0.5600000024,0.0000000000,nan,nan,nan,nan,nan,nan,nan,nan,nan,nan,nan,nan,-0.0858243108,-0.0634358153,0.8968829513,-3.0239183903,-0.1991646737,0.0000000000,nan,nan,nan,nan,nan,nan,nan,nan,nan,nan,nan,nan,nan,nan,nan,nan,nan,nan,nan,nan,nan,0.0400202274,0.2800562382,inf,0.0000202656,inf,inf,inf,0.0999352932,0.0399830341,inf,inf,inf,inf,inf,inf,inf,1583
1779239131.6103293896,-0.0256526135,0.0493894331,0.1139523685,-0.0469805778,-0.0061190737,-0.0247717398,3.0030000210,nan,nan,-0.1000000015,0.0000000000,0.5600000024,0.0000000000,nan,nan,nan,nan,nan,nan,nan,nan,nan,nan,nan,nan,-0.1440396160,-0.1904415786,0.9005165100,-3.0239183903,-0.1991646737,0.0000000000,nan,nan,nan,nan,nan,nan,nan,nan,nan,nan,nan,nan,nan,nan,nan,nan,nan,nan,nan,nan,nan,0.0000524521,0.2900898457,inf,0.0100538731,inf,inf,inf,0.0000164509,0.0500166416,inf,inf,inf,inf,inf,inf,inf,1583
1779239131.6203064919,-0.0256526135,0.0493894331,0.1139523685,-0.0469805778,-0.0061190737,-0.0247717398,3.0030000210,nan,nan,-0.1000000015,0.0000000000,0.5600000024,0.0000000000,nan,nan,nan,nan,nan,nan,nan,nan,nan,nan,nan,nan,-0.1440396160,-0.1904415786,0.9005165100,-3.0239183903,-0.1991646737,0.0000000000,nan,nan,nan,nan,nan,nan,nan,nan,nan,nan,nan,nan,nan,nan,nan,nan,nan,nan,nan,nan,nan,0.0100295544,0.3000669479,inf,0.0200309753,inf,inf,inf,0.0099935532,0.0599937439,inf,inf,inf,inf,inf,inf,inf,1583
1779239131.6302981377,-0.0256526135,0.0493894331,0.1139523685,-0.0469805778,-0.0061190737,-0.0247717398,3.0030000210,nan,nan,-0.1000000015,0.0000000000,0.5600000024,0.0000000000,nan,nan,nan,nan,nan,nan,nan,nan,nan,nan,nan,nan,-0.1440396160,-0.1904415786,0.9005165100,-3.0239183903,-0.1991646737,0.0000000000,nan,nan,nan,nan,nan,nan,nan,nan,nan,nan,nan,nan,nan,nan,nan,nan,nan,nan,nan,nan,nan,0.0200212002,0.3100585938,inf,0.0300226212,inf,inf,inf,0.0199851990,0.0699853897,inf,inf,inf,inf,inf,inf,inf,1583
1779239131.6402995586,-0.0256526135,0.0493894331,0.1139523685,-0.0469805778,-0.0061190737,-0.0247717398,3.0030000210,nan,nan,-0.1000000015,0.0000000000,0.5600000024,0.0000000000,nan,nan,nan,nan,nan,nan,nan,nan,nan,nan,nan,nan,-0.1440396160,-0.1904415786,0.9005165100,-3.0239183903,-0.1991646737,0.0000000000,nan,nan,nan,nan,nan,nan,nan,nan,nan,nan,nan,nan,nan,nan,nan,nan,nan,nan,nan,nan,nan,0.0300226212,0.3200600147,inf,0.0400240421,inf,inf,inf,0.0299866199,0.0799868107,inf,inf,inf,inf,inf,inf,inf,1583
1779239131.6502900124,-0.0256526135,0.0493894331,0.1139523685,-0.0469805778,-0.0061190737,-0.0247717398,3.0030000210,nan,nan,-0.1000000015,0.0000000000,0.5600000024,0.0000000000,nan,nan,nan,nan,nan,nan,nan,nan,nan,nan,nan,nan,-0.1440396160,-0.1904415786,0.9005165100,-3.0239183903,-0.1991646737,0.0000000000,nan,nan,nan,nan,nan,nan,nan,nan,nan,nan,nan,nan,nan,nan,nan,nan,nan,nan,nan,nan,nan,0.0400130749,0.3300504684,inf,0.0000183582,inf,inf,inf,0.0399770737,0.0899772644,inf,inf,inf,inf,inf,inf,inf,1583
1779239131.6603271961,-0.0288996659,0.0443916768,0.1189947873,-0.0303211634,-0.0114052901,-0.0219707609,3.0030000210,nan,nan,-0.1000000015,0.0000000000,0.5600000024,0.0000000000,nan,nan,nan,nan,nan,nan,nan,nan,nan,nan,nan,nan,-0.1440396160,-0.1904415786,0.9005165100,-0.0381217599,0.0123665333,0.0000000000,nan,nan,nan,nan,nan,nan,nan,nan,nan,nan,nan,nan,nan,nan,nan,nan,nan,nan,nan,nan,nan,0.0000545979,0.3400876522,inf,0.0100555420,inf,inf,inf,0.0500142574,0.0000176430,inf,inf,inf,inf,inf,inf,inf,1583
1779239131.6703159809,-0.0288996659,0.0443916768,0.1189947873,-0.0303211634,-0.0114052901,-0.0219707609,3.0030000210,nan,nan,-0.1000000015,0.0000000000,0.5600000024,0.0000000000,nan,nan,nan,nan,nan,nan,nan,nan,nan,nan,nan,nan,-0.1440396160,-0.1904415786,0.9005165100,-0.0381217599,0.0123665333,0.0000000000,nan,nan,nan,nan,nan,nan,nan,nan,nan,nan,nan,nan,nan,nan,nan,nan,nan,nan,nan,nan,nan,0.0100433826,0.3500764370,inf,0.0200443268,inf,inf,inf,0.0600030422,0.0100064278,inf,inf,inf,inf,inf,inf,inf,1583
1779239131.6802911758,-0.0288996659,0.0443916768,0.1189947873,-0.0303211634,-0.0114052901,-0.0219707609,3.0030000210,nan,nan,-0.1000000015,0.0000000000,0.5600000024,0.0000000000,nan,nan,nan,nan,nan,nan,nan,nan,nan,nan,nan,nan,-0.1440396160,-0.1904415786,0.9005165100,-0.0381217599,0.0123665333,0.0000000000,nan,nan,nan,nan,nan,nan,nan,nan,nan,nan,nan,nan,nan,nan,nan,nan,nan,nan,nan,nan,nan,0.0200185776,0.3600516319,inf,0.0300195217,inf,inf,inf,0.0699782372,0.0199816227,inf,inf,inf,inf,inf,inf,inf,1583
1779239131.6903140545,-0.0288996659,0.0443916768,0.1189947873,-0.0303211634,-0.0114052901,-0.0219707609,3.0030000210,nan,nan,-0.1000000015,0.0000000000,0.5600000024,0.0000000000,nan,nan,nan,nan,nan,nan,nan,nan,nan,nan,nan,nan,-0.1440396160,-0.1904415786,0.9005165100,-0.0381217599,0.0123665333,0.0000000000,nan,nan,nan,nan,nan,nan,nan,nan,nan,nan,nan,nan,nan,nan,nan,nan,nan,nan,nan,nan,nan,0.0300414562,0.3700745106,inf,0.0400424004,inf,inf,inf,0.0800011158,0.0300045013,inf,inf,inf,inf,inf,inf,inf,1583
1779239131.7002701759,-0.0288996659,0.0443916768,0.1189947873,-0.0303211634,-0.0114052901,-0.0219707609,3.0030000210,nan,nan,-0.1000000015,0.0000000000,0.5600000024,0.0000000000,nan,nan,nan,nan,nan,nan,nan,nan,nan,nan,nan,nan,-0.1440396160,-0.1904415786,0.9005165100,-0.0381217599,0.0123665333,0.0000000000,nan,nan,nan,nan,nan,nan,nan,nan,nan,nan,nan,nan,nan,nan,nan,nan,nan,nan,nan,nan,nan,0.0399975777,0.3800306320,inf,0.0000181198,inf,inf,inf,0.0899572372,0.0399606228,inf,inf,inf,inf,inf,inf,inf,1583
1779239131.7102875710,-0.0336225852,0.0337640010,0.1258859634,-0.0192658567,-0.0112568466,-0.0192658567,3.0030000210,nan,nan,-0.1000000015,0.0000000000,0.5600000024,0.0000000000,nan,nan,nan,nan,nan,nan,nan,nan,nan,nan,nan,nan,-0.0734678507,-0.0300564505,0.8499479294,-0.0381217599,0.0123665333,0.0000000000,nan,nan,nan,nan,nan,nan,nan,nan,nan,nan,nan,nan,nan,nan,nan,nan,nan,nan,nan,nan,nan,0.0000379086,0.3900480270,inf,0.0100355148,inf,inf,inf,0.0000116825,0.0499780178,inf,inf,inf,inf,inf,inf,inf,1583
1779239131.7203133106,-0.0336225852,0.0337640010,0.1258859634,-0.0192658567,-0.0112568466,-0.0192658567,3.0030000210,nan,nan,-0.1000000015,0.0000000000,0.5600000024,0.0000000000,nan,nan,nan,nan,nan,nan,nan,nan,nan,nan,nan,nan,-0.0734678507,-0.0300564505,0.8499479294,-0.0381217599,0.0123665333,0.0000000000,nan,nan,nan,nan,nan,nan,nan,nan,nan,nan,nan,nan,nan,nan,nan,nan,nan,nan,nan,nan,nan,0.0100636482,0.4000737667,inf,0.0200612545,inf,inf,inf,0.0100374222,0.0600037575,inf,inf,inf,inf,inf,inf,inf,1583
1779239131.7303359509,-0.0336225852,0.0337640010,0.1258859634,-0.0192658567,-0.0112568466,-0.0192658567,3.0030000210,nan,nan,-0.1000000015,0.0000000000,0.5600000024,0.0000000000,nan,nan,nan,nan,nan,nan,nan,nan,nan,nan,nan,nan,-0.0734678507,-0.0300564505,0.8499479294,-0.0381217599,0.0123665333,0.0000000000,nan,nan,nan,nan,nan,nan,nan,nan,nan,nan,nan,nan,nan,nan,nan,nan,nan,nan,nan,nan,nan,0.0200862885,0.4100964069,inf,0.0300838947,inf,inf,inf,0.0200600624,0.0700263977,inf,inf,inf,inf,inf,inf,inf,1583
1779239131.7403204441,-0.0336225852,0.0337640010,0.1258859634,-0.0192658567,-0.0112568466,-0.0192658567,3.0030000210,nan,nan,-0.1000000015,0.0000000000,0.5600000024,0.0000000000,nan,nan,nan,nan,nan,nan,nan,nan,nan,nan,nan,nan,-0.0734678507,-0.0300564505,0.8499479294,-0.0381217599,0.0123665333,0.0000000000,nan,nan,nan,nan,nan,nan,nan,nan,nan,nan,nan,nan,nan,nan,nan,nan,nan,nan,nan,nan,nan,0.0300707817,0.4200809002,inf,0.0400683880,inf,inf,inf,0.0300445557,0.0800108910,inf,inf,inf,inf,inf,inf,inf,1583
1779239131.7503066063,-0.0336225852,0.0337640010,0.1258859634,-0.0192658567,-0.0112568466,-0.0192658567,3.0030000210,nan,nan,-0.1000000015,0.0000000000,0.5600000024,0.0000000000,nan,nan,nan,nan,nan,nan,nan,nan,nan,nan,nan,nan,-0.0734678507,-0.0300564505,0.8499479294,-0.0381217599,0.0123665333,0.0000000000,nan,nan,nan,nan,nan,nan,nan,nan,nan,nan,nan,nan,nan,nan,nan,nan,nan,nan,nan,nan,nan,0.0400569439,0.4300670624,inf,0.0000197887,inf,inf,inf,0.0400307178,0.0899970531,inf,inf,inf,inf,inf,inf,inf,1583
1779239131.7603743076,-0.0383780189,0.0285667032,0.1318424642,-0.0276071476,-0.0085313526,-0.0164893992,3.0030000210,nan,nan,-0.1000000015,0.0000000000,0.5600000024,0.0000000000,nan,nan,nan,nan,nan,nan,nan,nan,nan,nan,nan,nan,-0.0734678507,-0.0300564505,0.8499479294,-0.9269318581,-0.7030439377,0.0000000000,nan,nan,nan,nan,nan,nan,nan,nan,nan,nan,nan,nan,nan,nan,nan,nan,nan,nan,nan,nan,nan,0.0000572205,0.4401347637,inf,0.0100874901,inf,inf,inf,0.0500984192,0.0000176430,inf,inf,inf,inf,inf,inf,inf,1583
1779239131.7703239918,-0.0383780189,0.0285667032,0.1318424642,-0.0276071476,-0.0085313526,-0.0164893992,3.0030000210,nan,nan,-0.1000000015,0.0000000000,0.5600000024,0.0000000000,nan,nan,nan,nan,nan,nan,nan,nan,nan,nan,nan,nan,-0.0734678507,-0.0300564505,0.8499479294,-0.9269318581,-0.7030439377,0.0000000000,nan,nan,nan,nan,nan,nan,nan,nan,nan,nan,nan,nan,nan,nan,nan,nan,nan,nan,nan,nan,nan,0.0100069046,0.4500844479,inf,0.0200371742,inf,inf,inf,0.0600481033,0.0099673271,inf,inf,inf,inf,inf,inf,inf,1583
1779239131.7803187370,-0.0383780189,0.0285667032,0.1318424642,-0.0276071476,-0.0085313526,-0.0164893992,3.0030000210,nan,nan,-0.1000000015,0.0000000000,0.5600000024,0.0000000000,nan,nan,nan,nan,nan,nan,nan,nan,nan,nan,nan,nan,-0.0734678507,-0.0300564505,0.8499479294,-0.9269318581,-0.7030439377,0.0000000000,nan,nan,nan,nan,nan,nan,nan,nan,nan,nan,nan,nan,nan,nan,nan,nan,nan,nan,nan,nan,nan,0.0200016499,0.4600791931,inf,0.0300319195,inf,inf,inf,0.0700428486,0.0199620724,inf,inf,inf,inf,inf,inf,inf,1583
1779239131.7903356552,-0.0383780189,0.0285667032,0.1318424642,-0.0276071476,-0.0085313526,-0.0164893992,3.0030000210,nan,nan,-0.1000000015,0.0000000000,0.5600000024,0.0000000000,nan,nan,nan,nan,nan,nan,nan,nan,nan,nan,nan,nan,-0.0734678507,-0.0300564505,0.8499479294,-0.9269318581,-0.7030439377,0.0000000000,nan,nan,nan,nan,nan,nan,nan,nan,nan,nan,nan,nan,nan,nan,nan,nan,nan,nan,nan,nan,nan,0.0300185680,0.4700961113,inf,0.0400488377,inf,inf,inf,0.0800597668,0.0299789906,inf,inf,inf,inf,inf,inf,inf,1583
1779239131.8003549576,-0.0383780189,0.0285667032,0.1318424642,-0.0276071476,-0.0085313526,-0.0164893992,3.0030000210,nan,nan,-0.1000000015,0.0000000000,0.5600000024,0.0000000000,nan,nan,nan,nan,nan,nan,nan,nan,nan,nan,nan,nan,-0.0605555251,-0.0095247161,0.8278142214,-0.9269318581,-0.7030439377,0.0000000000,nan,nan,nan,nan,nan,nan,nan,nan,nan,nan,nan,nan,nan,nan,nan,nan,nan,nan,nan,nan,nan,0.0400378704,0.4801154137,inf,0.0000596046,inf,inf,inf,0.0000193119,0.0399982929,inf,inf,inf,inf,inf,inf,inf,1583
1779239131.8103053570,-0.0433425345,0.0194871686,0.1379870027,-0.0276455647,-0.0056876630,-0.0109926995,3.0030000210,nan,nan,-0.1000000015,0.0000000000,0.5600000024,0.0000000000,nan,nan,nan,nan,nan,nan,nan,nan,nan,nan,nan,nan,-0.0605555251,-0.0095247161,0.8278142214,-0.9269318581,-0.7030439377,0.0000000000,nan,nan,nan,nan,nan,nan,nan,nan,nan,nan,nan,nan,nan,nan,nan,nan,nan,nan,nan,nan,nan,0.0000207424,0.4900658131,inf,0.0100100040,inf,inf,inf,0.0099697113,0.0499486923,inf,inf,inf,inf,inf,inf,inf,1583
1779239131.8203105927,-0.0433425345,0.0194871686,0.1379870027,-0.0276455647,-0.0056876630,-0.0109926995,3.0030000210,nan,nan,-0.1000000015,0.0000000000,0.5600000024,0.0000000000,nan,nan,nan,nan,nan,nan,nan,nan,nan,nan,nan,nan,-0.0605555251,-0.0095247161,0.8278142214,-0.9269318581,-0.7030439377,0.0000000000,nan,nan,nan,nan,nan,nan,nan,nan,nan,nan,nan,nan,nan,nan,nan,nan,nan,nan,nan,nan,nan,0.0100259781,0.5000710487,inf,0.0200152397,inf,inf,inf,0.0199749470,0.0599539280,inf,inf,inf,inf,inf,inf,inf,1583
1779239131.8303163052,-0.0433425345,0.0194871686,0.1379870027,-0.0276455647,-0.0056876630,-0.0109926995,3.0030000210,nan,nan,-0.1000000015,0.0000000000,0.5600000024,0.0000000000,nan,nan,nan,nan,nan,nan,nan,nan,nan,nan,nan,nan,-0.0605555251,-0.0095247161,0.8278142214,-0.9269318581,-0.7030439377,0.0000000000,nan,nan,nan,nan,nan,nan,nan,nan,nan,nan,nan,nan,nan,nan,nan,nan,nan,nan,nan,nan,nan,0.0200316906,0.5100767612,inf,0.0300209522,inf,inf,inf,0.0299806595,0.0699596405,inf,inf,inf,inf,inf,inf,inf,1583
1779239131.8402986526,-0.0433425345,0.0194871686,0.1379870027,-0.0276455647,-0.0056876630,-0.0109926995,3.0030000210,nan,nan,-0.1000000015,0.0000000000,0.5600000024,0.0000000000,nan,nan,nan,nan,nan,nan,nan,nan,nan,nan,nan,nan,-0.0605555251,-0.0095247161,0.8278142214,-0.9269318581,-0.7030439377,0.0000000000,nan,nan,nan,nan,nan,nan,nan,nan,nan,nan,nan,nan,nan,nan,nan,nan,nan,nan,nan,nan,nan,0.0300140381,0.5200591087,inf,0.0400032997,inf,inf,inf,0.0399630070,0.0799419880,inf,inf,inf,inf,inf,inf,inf,1583
1779239131.8502650261,-0.0433425345,0.0194871686,0.1379870027,-0.0276455647,-0.0056876630,-0.0109926995,3.0030000210,nan,nan,-0.1000000015,0.0000000000,0.5600000024,0.0000000000,nan,nan,nan,nan,nan,nan,nan,nan,nan,nan,nan,nan,-0.0605555251,-0.0095247161,0.8278142214,-0.9269318581,-0.7030439377,0.0000000000,nan,nan,nan,nan,nan,nan,nan,nan,nan,nan,nan,nan,nan,nan,nan,nan,nan,nan,nan,nan,nan,0.0399804115,0.5300254822,inf,0.0000157356,inf,inf,inf,0.0499293804,0.0899083614,inf,inf,inf,inf,inf,inf,inf,1583
1779239131.8602783680,-0.0492155366,0.0144261671,0.1428992748,-0.0276686136,-0.0028438597,-0.0054962796,3.0030000210,nan,nan,-0.1000000015,0.0000000000,0.5600000024,0.0000000000,nan,nan,nan,nan,nan,nan,nan,nan,nan,nan,nan,nan,-0.0605555251,-0.0095247161,0.8278142214,-1.3670419455,-1.2580856085,0.0000000000,nan,nan,nan,nan,nan,nan,nan,nan,nan,nan,nan,nan,nan,nan,nan,nan,nan,nan,nan,nan,nan,0.0000357628,0.5400388241,inf,0.0100290775,inf,inf,inf,0.0599427223,0.0000116825,inf,inf,inf,inf,inf,inf,inf,1583
1779239131.8703279495,-0.0492155366,0.0144261671,0.1428992748,-0.0276686136,-0.0028438597,-0.0054962796,3.0030000210,nan,nan,-0.1000000015,0.0000000000,0.5600000024,0.0000000000,nan,nan,nan,nan,nan,nan,nan,nan,nan,nan,nan,nan,-0.0605555251,-0.0095247161,0.8278142214,-1.3670419455,-1.2580856085,0.0000000000,nan,nan,nan,nan,nan,nan,nan,nan,nan,nan,nan,nan,nan,nan,nan,nan,nan,nan,nan,nan,nan,0.0100853443,0.5500884056,inf,0.0200786591,inf,inf,inf,0.0699923038,0.0100612640,inf,inf,inf,inf,inf,inf,inf,1583
1779239131.8802890778,-0.0492155366,0.0144261671,0.1428992748,-0.0276686136,-0.0028438597,-0.0054962796,3.0030000210,nan,nan,-0.1000000015,0.0000000000,0.5600000024,0.0000000000,nan,nan,nan,nan,nan,nan,nan,nan,nan,nan,nan,nan,-0.0605555251,-0.0095247161,0.8278142214,-1.3670419455,-1.2580856085,0.0000000000,nan,nan,nan,nan,nan,nan,nan,nan,nan,nan,nan,nan,nan,nan,nan,nan,nan,nan,nan,nan,nan,0.0200464725,0.5600495338,inf,0.0300397873,inf,inf,inf,0.0799534321,0.0200223923,inf,inf,inf,inf,inf,inf,inf,1583
1779239131.8903787136,-0.0492155366,0.0144261671,0.1428992748,-0.0276686136,-0.0028438597,-0.0054962796,3.0030000210,nan,nan,-0.1000000015,0.0000000000,0.5600000024,0.0000000000,nan,nan,nan,nan,nan,nan,nan,nan,nan,nan,nan,nan,-0.0605555251,-0.0095247161,0.8278142214,-1.3670419455,-1.2580856085,0.0000000000,nan,nan,nan,nan,nan,nan,nan,nan,nan,nan,nan,nan,nan,nan,nan,nan,nan,nan,nan,nan,nan,0.0301361084,0.5701391697,inf,0.0401294231,inf,inf,inf,0.0900430679,0.0301120281,inf,inf,inf,inf,inf,inf,inf,1583
1779239131.9002921581,-0.0492155366,0.0144261671,0.1428992748,-0.0276686136,-0.0028438597,-0.0054962796,3.0030000210,nan,nan,-0.1000000015,0.0000000000,0.5600000024,0.0000000000,nan,nan,nan,nan,nan,nan,nan,nan,nan,nan,nan,nan,-0.0479109325,0.0078872228,0.8165978193,-1.3670419455,-1.2580856085,0.0000000000,nan,nan,nan,nan,nan,nan,nan,nan,nan,nan,nan,nan,nan,nan,nan,nan,nan,nan,nan,nan,nan,0.0400495529,0.5800526142,inf,0.0000486374,inf,inf,inf,0.0000159740,0.0400254726,inf,inf,inf,inf,inf,inf,inf,1583
1779239131.9102427959,-0.0538227595,0.0069667562,0.1466858536,-0.0332047156,-0.0055802776,-0.0026752799,3.0030000210,nan,nan,-0.1000000015,0.0000000000,0.5600000024,0.0000000000,nan,nan,nan,nan,nan,nan,nan,nan,nan,nan,nan,nan,-0.0479109325,0.0078872228,0.8165978193,-1.3670419455,-1.2580856085,0.0000000000,nan,nan,nan,nan,nan,nan,nan,nan,nan,nan,nan,nan,nan,nan,nan,nan,nan,nan,nan,nan,nan,0.0000154972,0.5900032520,inf,0.0099992752,inf,inf,inf,0.0099666119,0.0499761105,inf,inf,inf,inf,inf,inf,inf,1583
1779239131.9203252792,-0.0538227595,0.0069667562,0.1466858536,-0.0332047156,-0.0055802776,-0.0026752799,3.0030000210,nan,nan,-0.1000000015,0.0000000000,0.5600000024,0.0000000000,nan,nan,nan,nan,nan,nan,nan,nan,nan,nan,nan,nan,-0.0479109325,0.0078872228,0.8165978193,-1.3670419455,-1.2580856085,0.0000000000,nan,nan,nan,nan,nan,nan,nan,nan,nan,nan,nan,nan,nan,nan,nan,nan,nan,nan,nan,nan,nan,0.0100979805,0.6000857353,inf,0.0200817585,inf,inf,inf,0.0200490952,0.0600585938,inf,inf,inf,inf,inf,inf,inf,1583
1779239131.9302723408,-0.0538227595,0.0069667562,0.1466858536,-0.0332047156,-0.0055802776,-0.0026752799,3.0030000210,nan,nan,-0.1000000015,0.0000000000,0.5600000024,0.0000000000,nan,nan,nan,nan,nan,nan,nan,nan,nan,nan,nan,nan,-0.0479109325,0.0078872228,0.8165978193,-1.3670419455,-1.2580856085,0.0000000000,nan,nan,nan,nan,nan,nan,nan,nan,nan,nan,nan,nan,nan,nan,nan,nan,nan,nan,nan,nan,nan,0.0200450420,0.6100327969,inf,0.0300288200,inf,inf,inf,0.0299961567,0.0700056553,inf,inf,inf,inf,inf,inf,inf,1583
1779239131.9402670860,-0.0538227595,0.0069667562,0.1466858536,-0.0332047156,-0.0055802776,-0.0026752799,3.0030000210,nan,nan,-0.1000000015,0.0000000000,0.5600000024,0.0000000000,nan,nan,nan,nan,nan,nan,nan,nan,nan,nan,nan,nan,-0.0479109325,0.0078872228,0.8165978193,-1.3670419455,-1.2580856085,0.0000000000,nan,nan,nan,nan,nan,nan,nan,nan,nan,nan,nan,nan,nan,nan,nan,nan,nan,nan,nan,nan,nan,0.0300397873,0.6200275421,inf,0.0400235653,inf,inf,inf,0.0399909019,0.0800004005,inf,inf,inf,inf,inf,inf,inf,1583
1779239131.9502375126,-0.0538227595,0.0069667562,0.1466858536,-0.0332047156,-0.0055802776,-0.0026752799,3.0030000210,nan,nan,-0.1000000015,0.0000000000,0.5600000024,0.0000000000,nan,nan,nan,nan,nan,nan,nan,nan,nan,nan,nan,nan,-0.0479109325,0.0078872228,0.8165978193,-1.3670419455,-1.2580856085,0.0000000000,nan,nan,nan,nan,nan,nan,nan,nan,nan,nan,nan,nan,nan,nan,nan,nan,nan,nan,nan,nan,nan,0.0400102139,0.6299979687,inf,0.0000152588,inf,inf,inf,0.0499613285,0.0899708271,inf,inf,inf,inf,inf,inf,inf,1583
1779239131.9603717327,-0.0603406653,0.0023931416,0.1495254934,-0.0276801780,-0.0027289780,0.0028055816,3.0030000210,nan,nan,-0.1000000015,0.0000000000,0.5600000024,0.0000000000,nan,nan,nan,nan,nan,nan,nan,nan,nan,nan,nan,nan,-0.0479109325,0.0078872228,0.8165978193,-1.5080819130,-1.7046488523,0.0000000000,nan,nan,nan,nan,nan,nan,nan,nan,nan,nan,nan,nan,nan,nan,nan,nan,nan,nan,nan,nan,nan,0.0000600815,0.6401321888,inf,0.0101494789,inf,inf,inf,0.0600955486,0.0000212193,inf,inf,inf,inf,inf,inf,inf,1583
1779239131.9702899456,-0.0603406653,0.0023931416,0.1495254934,-0.0276801780,-0.0027289780,0.0028055816,3.0030000210,nan,nan,-0.1000000015,0.0000000000,0.5600000024,0.0000000000,nan,nan,nan,nan,nan,nan,nan,nan,nan,nan,nan,nan,-0.0479109325,0.0078872228,0.8165978193,-1.5080819130,-1.7046488523,0.0000000000,nan,nan,nan,nan,nan,nan,nan,nan,nan,nan,nan,nan,nan,nan,nan,nan,nan,nan,nan,nan,nan,0.0099782944,0.6500504017,inf,0.0200676918,inf,inf,inf,0.0700137615,0.0099394321,inf,inf,inf,inf,inf,inf,inf,1583
1779239131.9802632332,-0.0603406653,0.0023931416,0.1495254934,-0.0276801780,-0.0027289780,0.0028055816,3.0030000210,nan,nan,-0.1000000015,0.0000000000,0.5600000024,0.0000000000,nan,nan,nan,nan,nan,nan,nan,nan,nan,nan,nan,nan,-0.0479109325,0.0078872228,0.8165978193,-1.5080819130,-1.7046488523,0.0000000000,nan,nan,nan,nan,nan,nan,nan,nan,nan,nan,nan,nan,nan,nan,nan,nan,nan,nan,nan,nan,nan,0.0199515820,0.6600236893,inf,0.0300409794,inf,inf,inf,0.0799870491,0.0199127197,inf,inf,inf,inf,inf,inf,inf,1583
1779239131.9902429581,-0.0603406653,0.0023931416,0.1495254934,-0.0276801780,-0.0027289780,0.0028055816,3.0030000210,nan,nan,-0.1000000015,0.0000000000,0.5600000024,0.0000000000,nan,nan,nan,nan,nan,nan,nan,nan,nan,nan,nan,nan,-0.0479109325,0.0078872228,0.8165978193,-1.5080819130,-1.7046488523,0.0000000000,nan,nan,nan,nan,nan,nan,nan,nan,nan,nan,nan,nan,nan,nan,nan,nan,nan,nan,nan,nan,nan,0.0299313068,0.6700034142,inf,0.0400207043,inf,inf,inf,0.0899667740,0.0298924446,inf,inf,inf,inf,inf,inf,inf,1583
1779239132.0003285408,-0.0603406653,0.0023931416,0.1495254934,-0.0276801780,-0.0027289780,0.0028055816,3.0030000210,nan,nan,-0.1000000015,0.0000000000,0.5600000024,0.0000000000,nan,nan,nan,nan,nan,nan,nan,nan,nan,nan,nan,nan,-0.0479109325,0.0078872228,0.8165978193,-1.5080819130,-1.7046488523,0.0000000000,nan,nan,nan,nan,nan,nan,nan,nan,nan,nan,nan,nan,nan,nan,nan,nan,nan,nan,nan,nan,nan,0.0400168896,0.6800889969,inf,0.0000226498,inf,inf,inf,0.1000523567,0.0399780273,inf,inf,inf,inf,inf,inf,inf,1583
1779239132.0103590488,-0.0666610673,-0.0047669797,0.1504636854,-0.0249008342,0.0028362508,0.0055002099,3.0030000210,nan,nan,-0.1000000015,0.0000000000,0.5600000024,0.0000000000,nan,nan,nan,nan,nan,nan,nan,nan,nan,nan,nan,nan,-0.0259887278,0.0271578450,0.8165705800,-1.5080819130,-1.7046488523,0.0000000000,nan,nan,nan,nan,nan,nan,nan,nan,nan,nan,nan,nan,nan,nan,nan,nan,nan,nan,nan,nan,nan,0.0000455379,0.6901195049,inf,0.0100531578,inf,inf,inf,0.0000159740,0.0500085354,inf,inf,inf,inf,inf,inf,inf,1583
1779239132.0202853680,-0.0666610673,-0.0047669797,0.1504636854,-0.0249008342,0.0028362508,0.0055002099,3.0030000210,nan,nan,-0.1000000015,0.0000000000,0.5600000024,0.0000000000,nan,nan,nan,nan,nan,nan,nan,nan,nan,nan,nan,nan,-0.0259887278,0.0271578450,0.8165705800,-1.5080819130,-1.7046488523,0.0000000000,nan,nan,nan,nan,nan,nan,nan,nan,nan,nan,nan,nan,nan,nan,nan,nan,nan,nan,nan,nan,nan,0.0099718571,0.7000458241,inf,0.0199794769,inf,inf,inf,0.0099422932,0.0599348545,inf,inf,inf,inf,inf,inf,inf,1583
1779239132.0303447247,-0.0666610673,-0.0047669797,0.1504636854,-0.0249008342,0.0028362508,0.0055002099,3.0030000210,nan,nan,-0.1000000015,0.0000000000,0.5600000024,0.0000000000,nan,nan,nan,nan,nan,nan,nan,nan,nan,nan,nan,nan,-0.0259887278,0.0271578450,0.8165705800,-1.5080819130,-1.7046488523,0.0000000000,nan,nan,nan,nan,nan,nan,nan,nan,nan,nan,nan,nan,nan,nan,nan,nan,nan,nan,nan,nan,nan,0.0200312138,0.7101051807,inf,0.0300388336,inf,inf,inf,0.0200016499,0.0699942112,inf,inf,inf,inf,inf,inf,inf,1583
1779239132.0403165817,-0.0666610673,-0.0047669797,0.1504636854,-0.0249008342,0.0028362508,0.0055002099,3.0030000210,nan,nan,-0.1000000015,0.0000000000,0.5600000024,0.0000000000,nan,nan,nan,nan,nan,nan,nan,nan,nan,nan,nan,nan,-0.0259887278,0.0271578450,0.8165705800,-1.5080819130,-1.7046488523,0.0000000000,nan,nan,nan,nan,nan,nan,nan,nan,nan,nan,nan,nan,nan,nan,nan,nan,nan,nan,nan,nan,nan,0.0300030708,0.7200770378,inf,0.0400106907,inf,inf,inf,0.0299735069,0.0799660683,inf,inf,inf,inf,inf,inf,inf,1583
1779239132.0503058434,-0.0666610673,-0.0047669797,0.1504636854,-0.0249008342,0.0028362508,0.0055002099,3.0030000210,nan,nan,-0.1000000015,0.0000000000,0.5600000024,0.0000000000,nan,nan,nan,nan,nan,nan,nan,nan,nan,nan,nan,nan,-0.0259887278,0.0271578450,0.8165705800,-1.5080819130,-1.7046488523,0.0000000000,nan,nan,nan,nan,nan,nan,nan,nan,nan,nan,nan,nan,nan,nan,nan,nan,nan,nan,nan,nan,nan,0.0399923325,0.7300662994,inf,0.0000228882,inf,inf,inf,0.0399627686,0.0899553299,inf,inf,inf,inf,inf,inf,inf,1583
1779239132.0603358746,-0.0739125237,-0.0090037221,0.1507913023,-0.0276606397,0.0029204211,0.0110308994,3.0030000210,nan,nan,-0.1000000015,0.0000000000,0.5600000024,0.0000000000,nan,nan,nan,nan,nan,nan,nan,nan,nan,nan,nan,nan,-0.0259887278,0.0271578450,0.8165705800,-1.8135656118,-2.0691311359,0.0000000000,nan,nan,nan,nan,nan,nan,nan,nan,nan,nan,nan,nan,nan,nan,nan,nan,nan,nan,nan,nan,nan,0.0000562668,0.7400963306,inf,0.0100529194,inf,inf,inf,0.0499927998,0.0000166893,inf,inf,inf,inf,inf,inf,inf,1583
1779239132.0702822208,-0.0739125237,-0.0090037221,0.1507913023,-0.0276606397,0.0029204211,0.0110308994,3.0030000210,nan,nan,-0.1000000015,0.0000000000,0.5600000024,0.0000000000,nan,nan,nan,nan,nan,nan,nan,nan,nan,nan,nan,nan,-0.0259887278,0.0271578450,0.8165705800,-1.8135656118,-2.0691311359,0.0000000000,nan,nan,nan,nan,nan,nan,nan,nan,nan,nan,nan,nan,nan,nan,nan,nan,nan,nan,nan,nan,nan,0.0100026131,0.7500426769,inf,0.0199992657,inf,inf,inf,0.0599391460,0.0099630356,inf,inf,inf,inf,inf,inf,inf,1583
1779239132.0802638531,-0.0739125237,-0.0090037221,0.1507913023,-0.0276606397,0.0029204211,0.0110308994,3.0030000210,nan,nan,-0.1000000015,0.0000000000,0.5600000024,0.0000000000,nan,nan,nan,nan,nan,nan,nan,nan,nan,nan,nan,nan,-0.0259887278,0.0271578450,0.8165705800,-1.8135656118,-2.0691311359,0.0000000000,nan,nan,nan,nan,nan,nan,nan,nan,nan,nan,nan,nan,nan,nan,nan,nan,nan,nan,nan,nan,nan,0.0199842453,0.7600243092,inf,0.0299808979,inf,inf,inf,0.0699207783,0.0199446678,inf,inf,inf,inf,inf,inf,inf,1583
1779239132.0902488232,-0.0739125237,-0.0090037221,0.1507913023,-0.0276606397,0.0029204211,0.0110308994,3.0030000210,nan,nan,-0.1000000015,0.0000000000,0.5600000024,0.0000000000,nan,nan,nan,nan,nan,nan,nan,nan,nan,nan,nan,nan,-0.0259887278,0.0271578450,0.8165705800,-1.8135656118,-2.0691311359,0.0000000000,nan,nan,nan,nan,nan,nan,nan,nan,nan,nan,nan,nan,nan,nan,nan,nan,nan,nan,nan,nan,nan,0.0299692154,0.7700092793,inf,0.0399658680,inf,inf,inf,0.0799057484,0.0299296379,inf,inf,inf,inf,inf,inf,inf,1583
1779239132.1001899242,-0.0739125237,-0.0090037221,0.1507913023,-0.0276606397,0.0029204211,0.0110308994,3.0030000210,nan,nan,-0.1000000015,0.0000000000,0.5600000024,0.0000000000,nan,nan,nan,nan,nan,nan,nan,nan,nan,nan,nan,nan,-0.0259887278,0.0271578450,0.8165705800,-1.8135656118,-2.0691311359,0.0000000000,nan,nan,nan,nan,nan,nan,nan,nan,nan,nan,nan,nan,nan,nan,nan,nan,nan,nan,nan,nan,nan,0.0399103165,0.7799503803,inf,0.0000071526,inf,inf,inf,0.0898468494,0.0398707390,inf,inf,inf,inf,inf,inf,inf,1583
1779239132.1102628708,-0.0815131962,-0.0126887271,0.1500793695,-0.0303985129,0.0084700681,0.0109428499,3.0030000210,nan,nan,-0.1000000015,0.0000000000,0.5600000024,0.0000000000,nan,nan,nan,nan,nan,nan,nan,nan,nan,nan,nan,nan,-0.0028393250,0.0311265476,0.8215527534,-1.8135656118,-2.0691311359,0.0000000000,nan,nan,nan,nan,nan,nan,nan,nan,nan,nan,nan,nan,nan,nan,nan,nan,nan,nan,nan,nan,nan,0.0000271797,0.7900233269,inf,0.0100800991,inf,inf,inf,0.0000081062,0.0499436855,inf,inf,inf,inf,inf,inf,inf,1583
1779239132.1202592850,-0.0815131962,-0.0126887271,0.1500793695,-0.0303985129,0.0084700681,0.0109428499,3.0030000210,nan,nan,-0.1000000015,0.0000000000,0.5600000024,0.0000000000,nan,nan,nan,nan,nan,nan,nan,nan,nan,nan,nan,nan,-0.0028393250,0.0311265476,0.8215527534,-1.8135656118,-2.0691311359,0.0000000000,nan,nan,nan,nan,nan,nan,nan,nan,nan,nan,nan,nan,nan,nan,nan,nan,nan,nan,nan,nan,nan,0.0100235939,0.8000197411,inf,0.0200765133,inf,inf,inf,0.0100045204,0.0599400997,inf,inf,inf,inf,inf,inf,inf,1583
1779239132.1303043365,-0.0815131962,-0.0126887271,0.1500793695,-0.0303985129,0.0084700681,0.0109428499,3.0030000210,nan,nan,-0.1000000015,0.0000000000,0.5600000024,0.0000000000,nan,nan,nan,nan,nan,nan,nan,nan,nan,nan,nan,nan,-0.0028393250,0.0311265476,0.8215527534,-1.8135656118,-2.0691311359,0.0000000000,nan,nan,nan,nan,nan,nan,nan,nan,nan,nan,nan,nan,nan,nan,nan,nan,nan,nan,nan,nan,nan,0.0200686455,0.8100647926,inf,0.0301215649,inf,inf,inf,0.0200495720,0.0699851513,inf,inf,inf,inf,inf,inf,inf,1583
1779239132.1403138638,-0.0815131962,-0.0126887271,0.1500793695,-0.0303985129,0.0084700681,0.0109428499,3.0030000210,nan,nan,-0.1000000015,0.0000000000,0.5600000024,0.0000000000,nan,nan,nan,nan,nan,nan,nan,nan,nan,nan,nan,nan,-0.0028393250,0.0311265476,0.8215527534,-1.8135656118,-2.0691311359,0.0000000000,nan,nan,nan,nan,nan,nan,nan,nan,nan,nan,nan,nan,nan,nan,nan,nan,nan,nan,nan,nan,nan,0.0300781727,0.8200743198,inf,0.0401310921,inf,inf,inf,0.0300590992,0.0799946785,inf,inf,inf,inf,inf,inf,inf,1583
1779239132.1502621174,-0.0815131962,-0.0126887271,0.1500793695,-0.0303985129,0.0084700681,0.0109428499,3.0030000210,nan,nan,-0.1000000015,0.0000000000,0.5600000024,0.0000000000,nan,nan,nan,nan,nan,nan,nan,nan,nan,nan,nan,nan,-0.0028393250,0.0311265476,0.8215527534,-1.8135656118,-2.0691311359,0.0000000000,nan,nan,nan,nan,nan,nan,nan,nan,nan,nan,nan,nan,nan,nan,nan,nan,nan,nan,nan,nan,nan,0.0400264263,0.8300225735,inf,0.0000166893,inf,inf,inf,0.0400073528,0.0899429321,inf,inf,inf,inf,inf,inf,inf,1583
1779239132.1603217125,-0.0893781632,-0.0157334022,0.1483192146,-0.0248324892,0.0112414426,0.0136995171,3.0030000210,nan,nan,-0.1000000015,0.0000000000,0.5600000024,0.0000000000,nan,nan,nan,nan,nan,nan,nan,nan,nan,nan,nan,nan,-0.0028393250,0.0311265476,0.8215527534,-1.4781101942,-2.4418694973,0.0000000000,nan,nan,nan,nan,nan,nan,nan,nan,nan,nan,nan,nan,nan,nan,nan,nan,nan,nan,nan,nan,nan,0.0000512600,0.8400821686,inf,0.0100762844,inf,inf,inf,0.0500669479,0.0000176430,inf,inf,inf,inf,inf,inf,inf,1583
1779239132.1703345776,-0.0893781632,-0.0157334022,0.1483192146,-0.0248324892,0.0112414426,0.0136995171,3.0030000210,nan,nan,-0.1000000015,0.0000000000,0.5600000024,0.0000000000,nan,nan,nan,nan,nan,nan,nan,nan,nan,nan,nan,nan,-0.0028393250,0.0311265476,0.8215527534,-1.4781101942,-2.4418694973,0.0000000000,nan,nan,nan,nan,nan,nan,nan,nan,nan,nan,nan,nan,nan,nan,nan,nan,nan,nan,nan,nan,nan,0.0100641251,0.8500950336,inf,0.0200891495,inf,inf,inf,0.0600798130,0.0100305080,inf,inf,inf,inf,inf,inf,inf,1583
1779239132.1803216934,-0.0893781632,-0.0157334022,0.1483192146,-0.0248324892,0.0112414426,0.0136995171,3.0030000210,nan,nan,-0.1000000015,0.0000000000,0.5600000024,0.0000000000,nan,nan,nan,nan,nan,nan,nan,nan,nan,nan,nan,nan,-0.0028393250,0.0311265476,0.8215527534,-1.4781101942,-2.4418694973,0.0000000000,nan,nan,nan,nan,nan,nan,nan,nan,nan,nan,nan,nan,nan,nan,nan,nan,nan,nan,nan,nan,nan,0.0200512409,0.8600821495,inf,0.0300762653,inf,inf,inf,0.0700669289,0.0200176239,inf,inf,inf,inf,inf,inf,inf,1583
1779239132.1903324127,-0.0893781632,-0.0157334022,0.1483192146,-0.0248324892,0.0112414426,0.0136995171,3.0030000210,nan,nan,-0.1000000015,0.0000000000,0.5600000024,0.0000000000,nan,nan,nan,nan,nan,nan,nan,nan,nan,nan,nan,nan,-0.0028393250,0.0311265476,0.8215527534,-1.4781101942,-2.4418694973,0.0000000000,nan,nan,nan,nan,nan,nan,nan,nan,nan,nan,nan,nan,nan,nan,nan,nan,nan,nan,nan,nan,nan,0.0300619602,0.8700928688,inf,0.0400869846,inf,inf,inf,0.0800776482,0.0300283432,inf,inf,inf,inf,inf,inf,inf,1583
1779239132.2003133297,-0.0893781632,-0.0157334022,0.1483192146,-0.0248324892,0.0112414426,0.0136995171,3.0030000210,nan,nan,-0.1000000015,0.0000000000,0.5600000024,0.0000000000,nan,nan,nan,nan,nan,nan,nan,nan,nan,nan,nan,nan,-0.0028393250,0.0311265476,0.8215527534,-1.4781101942,-2.4418694973,0.0000000000,nan,nan,nan,nan,nan,nan,nan,nan,nan,nan,nan,nan,nan,nan,nan,nan,nan,nan,nan,nan,nan,0.0400428772,0.8800737858,inf,0.0000221729,inf,inf,inf,0.0900585651,0.0400092602,inf,inf,inf,inf,inf,inf,inf,1583
1779239132.2103786469,-0.0973895192,-0.0182247963,0.1455345899,-0.0220044561,0.0167876962,0.0164223142,3.0030000210,nan,nan,-0.1000000015,0.0000000000,0.5600000024,0.0000000000,nan,nan,nan,nan,nan,nan,nan,nan,nan,nan,nan,nan,0.0190708898,0.0371296965,0.8362002969,-1.4781101942,-2.4418694973,0.0000000000,nan,nan,nan,nan,nan,nan,nan,nan,nan,nan,nan,nan,nan,nan,nan,nan,nan,nan,nan,nan,nan,0.0000631809,0.8901391029,inf,0.0100874901,inf,inf,inf,0.0000221729,0.0500745773,inf,inf,inf,inf,inf,inf,inf,1583
1779239132.2202928066,-0.0973895192,-0.0182247963,0.1455345899,-0.0220044561,0.0167876962,0.0164223142,3.0030000210,nan,nan,-0.1000000015,0.0000000000,0.5600000024,0.0000000000,nan,nan,nan,nan,nan,nan,nan,nan,nan,nan,nan,nan,0.0190708898,0.0371296965,0.8362002969,-1.4781101942,-2.4418694973,0.0000000000,nan,nan,nan,nan,nan,nan,nan,nan,nan,nan,nan,nan,nan,nan,nan,nan,nan,nan,nan,nan,nan,0.0099773407,0.9000532627,inf,0.0200016499,inf,inf,inf,0.0099363327,0.0599887371,inf,inf,inf,inf,inf,inf,inf,1583
1779239132.2302818298,-0.0973895192,-0.0182247963,0.1455345899,-0.0220044561,0.0167876962,0.0164223142,3.0030000210,nan,nan,-0.1000000015,0.0000000000,0.5600000024,0.0000000000,nan,nan,nan,nan,nan,nan,nan,nan,nan,nan,nan,nan,0.0190708898,0.0371296965,0.8362002969,-1.4781101942,-2.4418694973,0.0000000000,nan,nan,nan,nan,nan,nan,nan,nan,nan,nan,nan,nan,nan,nan,nan,nan,nan,nan,nan,nan,nan,0.0199663639,0.9100422859,inf,0.0299906731,inf,inf,inf,0.0199253559,0.0699777603,inf,inf,inf,inf,inf,inf,inf,1583
1779239132.2402887344,-0.0973895192,-0.0182247963,0.1455345899,-0.0220044561,0.0167876962,0.0164223142,3.0030000210,nan,nan,-0.1000000015,0.0000000000,0.5600000024,0.0000000000,nan,nan,nan,nan,nan,nan,nan,nan,nan,nan,nan,nan,0.0190708898,0.0371296965,0.8362002969,-1.4781101942,-2.4418694973,0.0000000000,nan,nan,nan,nan,nan,nan,nan,nan,nan,nan,nan,nan,nan,nan,nan,nan,nan,nan,nan,nan,nan,0.0299732685,0.9200491905,inf,0.0399975777,inf,inf,inf,0.0299322605,0.0799846649,inf,inf,inf,inf,inf,inf,inf,1583
1779239132.2502808571,-0.0973895192,-0.0182247963,0.1455345899,-0.0220044561,0.0167876962,0.0164223142,3.0030000210,nan,nan,-0.1000000015,0.0000000000,0.5600000024,0.0000000000,nan,nan,nan,nan,nan,nan,nan,nan,nan,nan,nan,nan,0.0190708898,0.0371296965,0.8362002969,-1.4781101942,-2.4418694973,0.0000000000,nan,nan,nan,nan,nan,nan,nan,nan,nan,nan,nan,nan,nan,nan,nan,nan,nan,nan,nan,nan,nan,0.0399653912,0.9300413132,inf,0.0000164509,inf,inf,inf,0.0399243832,0.0899767876,inf,inf,inf,inf,inf,inf,inf,1583
1779239132.2603075504,-0.1056047902,-0.0202361383,0.1417820305,-0.0164018926,0.0250447069,0.0164018926,3.0030000210,nan,nan,-0.1000000015,0.0000000000,0.5600000024,0.0000000000,nan,nan,nan,nan,nan,nan,nan,nan,nan,nan,nan,nan,0.0190708898,0.0371296965,0.8362002969,-1.2392730713,-2.6472156048,0.0000000000,nan,nan,nan,nan,nan,nan,nan,nan,nan,nan,nan,nan,nan,nan,nan,nan,nan,nan,nan,nan,nan,0.0000472069,0.9400680065,inf,0.0100431442,inf,inf,inf,0.0499510765,0.0000145435,inf,inf,inf,inf,inf,inf,inf,1583
1779239132.2703263760,-0.1056047902,-0.0202361383,0.1417820305,-0.0164018926,0.0250447069,0.0164018926,3.0030000210,nan,nan,-0.1000000015,0.0000000000,0.5600000024,0.0000000000,nan,nan,nan,nan,nan,nan,nan,nan,nan,nan,nan,nan,0.0190708898,0.0371296965,0.8362002969,-1.2392730713,-2.6472156048,0.0000000000,nan,nan,nan,nan,nan,nan,nan,nan,nan,nan,nan,nan,nan,nan,nan,nan,nan,nan,nan,nan,nan,0.0100660324,0.9500868320,inf,0.0200619698,inf,inf,inf,0.0599699020,0.0100333691,inf,inf,inf,inf,inf,inf,inf,1583
1779239132.2802863121,-0.1056047902,-0.0202361383,0.1417820305,-0.0164018926,0.0250447069,0.0164018926,3.0030000210,nan,nan,-0.1000000015,0.0000000000,0.5600000024,0.0000000000,nan,nan,nan,nan,nan,nan,nan,nan,nan,nan,nan,nan,0.0190708898,0.0371296965,0.8362002969,-1.2392730713,-2.6472156048,0.0000000000,nan,nan,nan,nan,nan,nan,nan,nan,nan,nan,nan,nan,nan,nan,nan,nan,nan,nan,nan,nan,nan,0.0200259686,0.9600467682,inf,0.0300219059,inf,inf,inf,0.0699298382,0.0199933052,inf,inf,inf,inf,inf,inf,inf,1583
1779239132.2902812958,-0.1056047902,-0.0202361383,0.1417820305,-0.0164018926,0.0250447069,0.0164018926,3.0030000210,nan,nan,-0.1000000015,0.0000000000,0.5600000024,0.0000000000,nan,nan,nan,nan,nan,nan,nan,nan,nan,nan,nan,nan,0.0190708898,0.0371296965,0.8362002969,-1.2392730713,-2.6472156048,0.0000000000,nan,nan,nan,nan,nan,nan,nan,nan,nan,nan,nan,nan,nan,nan,nan,nan,nan,nan,nan,nan,nan,0.0300209522,0.9700417519,inf,0.0400168896,inf,inf,inf,0.0799248219,0.0299882889,inf,inf,inf,inf,inf,inf,inf,1583
1779239132.3002936840,-0.1056047902,-0.0202361383,0.1417820305,-0.0164018926,0.0250447069,0.0164018926,3.0030000210,nan,nan,-0.1000000015,0.0000000000,0.5600000024,0.0000000000,nan,nan,nan,nan,nan,nan,nan,nan,nan,nan,nan,nan,0.0190708898,0.0371296965,0.8362002969,-1.2392730713,-2.6472156048,0.0000000000,nan,nan,nan,nan,nan,nan,nan,nan,nan,nan,nan,nan,nan,nan,nan,nan,nan,nan,nan,nan,nan,0.0400333405,0.9800541401,inf,0.0000176430,inf,inf,inf,0.0899372101,0.0400006771,inf,inf,inf,inf,inf,inf,inf,1583
1779239132.3103458881,-0.1035045311,-0.0337497331,0.1357716769,-0.0191921528,0.0222998649,0.0163932283,3.0030000210,nan,nan,-0.1000000015,0.0000000000,0.5600000024,0.0000000000,nan,nan,nan,nan,nan,nan,nan,nan,nan,nan,nan,nan,0.0396619663,0.0404162332,0.8582417369,-1.2392730713,-2.6472156048,0.0000000000,nan,nan,nan,nan,nan,nan,nan,nan,nan,nan,nan,nan,nan,nan,nan,nan,nan,nan,nan,nan,nan,0.0000543594,0.9901063442,inf,0.0100698471,inf,inf,inf,0.0000171661,0.0500528812,inf,inf,inf,inf,inf,inf,inf,1583
1779239132.3202941418,-0.1035045311,-0.0337497331,0.1357716769,-0.0191921528,0.0222998649,0.0163932283,2.8080000877,nan,nan,-0.1000000015,0.0000000000,0.5600000024,0.0000000000,nan,nan,nan,nan,nan,nan,nan,nan,nan,nan,nan,nan,0.0396619663,0.0404162332,0.8582417369,-1.2392730713,-2.6472156048,0.0000000000,nan,nan,nan,nan,nan,nan,nan,nan,nan,nan,nan,nan,nan,nan,nan,nan,nan,nan,nan,nan,nan,0.0100026131,0.0000185966,inf,0.0200181007,inf,inf,inf,0.0099654198,0.0600011349,inf,inf,inf,inf,inf,inf,inf,1583
1779239132.3303070068,-0.1035045311,-0.0337497331,0.1357716769,-0.0191921528,0.0222998649,0.0163932283,2.8080000877,nan,nan,-0.1000000015,0.0000000000,0.5600000024,0.0000000000,nan,nan,nan,nan,nan,nan,nan,nan,nan,nan,nan,nan,0.0396619663,0.0404162332,0.8582417369,-1.2392730713,-2.6472156048,0.0000000000,nan,nan,nan,nan,nan,nan,nan,nan,nan,nan,nan,nan,nan,nan,nan,nan,nan,nan,nan,nan,nan,0.0200154781,0.0100314617,inf,0.0300309658,inf,inf,inf,0.0199782848,0.0700139999,inf,inf,inf,inf,inf,inf,inf,1583
1779239132.3403532505,-0.1035045311,-0.0337497331,0.1357716769,-0.0191921528,0.0222998649,0.0163932283,2.8080000877,nan,nan,-0.1000000015,0.0000000000,0.5600000024,0.0000000000,nan,nan,nan,nan,nan,nan,nan,nan,nan,nan,nan,nan,0.0396619663,0.0404162332,0.8582417369,-1.2392730713,-2.6472156048,0.0000000000,nan,nan,nan,nan,nan,nan,nan,nan,nan,nan,nan,nan,nan,nan,nan,nan,nan,nan,nan,nan,nan,0.0300617218,0.0200777054,inf,0.0400772095,inf,inf,inf,0.0300245285,0.0800602436,inf,inf,inf,inf,inf,inf,inf,1583
1779239132.3502855301,-0.1035045311,-0.0337497331,0.1357716769,-0.0191921528,0.0222998649,0.0163932283,2.8080000877,nan,nan,-0.1000000015,0.0000000000,0.5600000024,0.0000000000,nan,nan,nan,nan,nan,nan,nan,nan,nan,nan,nan,nan,0.0396619663,0.0404162332,0.8582417369,-1.2392730713,-2.6472156048,0.0000000000,nan,nan,nan,nan,nan,nan,nan,nan,nan,nan,nan,nan,nan,nan,nan,nan,nan,nan,nan,nan,nan,0.0399940014,0.0300099850,inf,0.0000181198,inf,inf,inf,0.0399568081,0.0899925232,inf,inf,inf,inf,inf,inf,inf,1583
1779239132.3604204655,-0.1092636213,-0.0370039828,0.1305214763,-0.0274749956,0.0251351200,0.0162629825,2.8080000877,nan,nan,-0.1000000015,0.0000000000,0.5600000024,0.0000000000,nan,nan,nan,nan,nan,nan,nan,nan,nan,nan,nan,nan,0.0396619663,0.0404162332,0.8582417369,-1.9938981533,-2.1919767857,0.0000000000,nan,nan,nan,nan,nan,nan,nan,nan,nan,nan,nan,nan,nan,nan,nan,nan,nan,nan,nan,nan,nan,0.0000576973,0.0401449203,inf,0.0101530552,inf,inf,inf,0.0500917435,0.0000159740,inf,inf,inf,inf,inf,inf,inf,1583
1779239132.3703076839,-0.1092636213,-0.0370039828,0.1305214763,-0.0274749956,0.0251351200,0.0162629825,2.8080000877,nan,nan,-0.1000000015,0.0000000000,0.5600000024,0.0000000000,nan,nan,nan,nan,nan,nan,nan,nan,nan,nan,nan,nan,0.0396619663,0.0404162332,0.8582417369,-1.9938981533,-2.1919767857,0.0000000000,nan,nan,nan,nan,nan,nan,nan,nan,nan,nan,nan,nan,nan,nan,nan,nan,nan,nan,nan,nan,nan,0.0099449158,0.0500321388,inf,0.0200402737,inf,inf,inf,0.0599789619,0.0099031925,inf,inf,inf,inf,inf,inf,inf,1583
1779239132.3802921772,-0.1092636213,-0.0370039828,0.1305214763,-0.0274749956,0.0251351200,0.0162629825,2.8080000877,nan,nan,-0.1000000015,0.0000000000,0.5600000024,0.0000000000,nan,nan,nan,nan,nan,nan,nan,nan,nan,nan,nan,nan,0.0396619663,0.0404162332,0.8582417369,-1.9938981533,-2.1919767857,0.0000000000,nan,nan,nan,nan,nan,nan,nan,nan,nan,nan,nan,nan,nan,nan,nan,nan,nan,nan,nan,nan,nan,0.0199294090,0.0600166321,inf,0.0300247669,inf,inf,inf,0.0699634552,0.0198876858,inf,inf,inf,inf,inf,inf,inf,1583
1779239132.3903026581,-0.1092636213,-0.0370039828,0.1305214763,-0.0274749956,0.0251351200,0.0162629825,2.8080000877,nan,nan,-0.1000000015,0.0000000000,0.5600000024,0.0000000000,nan,nan,nan,nan,nan,nan,nan,nan,nan,nan,nan,nan,0.0396619663,0.0404162332,0.8582417369,-1.9938981533,-2.1919767857,0.0000000000,nan,nan,nan,nan,nan,nan,nan,nan,nan,nan,nan,nan,nan,nan,nan,nan,nan,nan,nan,nan,nan,0.0299398899,0.0700271130,inf,0.0400352478,inf,inf,inf,0.0799739361,0.0298981667,inf,inf,inf,inf,inf,inf,inf,1583
1779239132.4002971649,-0.1092636213,-0.0370039828,0.1305214763,-0.0274749956,0.0251351200,0.0162629825,2.8080000877,nan,nan,-0.1000000015,0.0000000000,0.5600000024,0.0000000000,nan,nan,nan,nan,nan,nan,nan,nan,nan,nan,nan,nan,0.0396619663,0.0404162332,0.8582417369,-1.9938981533,-2.1919767857,0.0000000000,nan,nan,nan,nan,nan,nan,nan,nan,nan,nan,nan,nan,nan,nan,nan,nan,nan,nan,nan,nan,nan,0.0399343967,0.0800216198,inf,0.0000181198,inf,inf,inf,0.0899684429,0.0398926735,inf,inf,inf,inf,inf,inf,inf,1583
1779239132.4103765488,-0.1135458648,-0.0402148664,0.1249488145,-0.0468968448,0.0197577606,0.0161474261,2.8080000877,nan,nan,-0.1000000015,0.0000000000,0.5600000024,0.0000000000,nan,nan,nan,nan,nan,nan,nan,nan,nan,nan,nan,nan,0.0345656686,0.0745492280,0.8844876885,-1.9938981533,-2.1919767857,0.0000000000,nan,nan,nan,nan,nan,nan,nan,nan,nan,nan,nan,nan,nan,nan,nan,nan,nan,nan,nan,nan,nan,0.0000576973,0.0901010036,inf,0.0100975037,inf,inf,inf,0.0000183582,0.0499720573,inf,inf,inf,inf,inf,inf,inf,1583
1779239132.4203212261,-0.1135458648,-0.0402148664,0.1249488145,-0.0468968448,0.0197577606,0.0161474261,2.8080000877,nan,nan,-0.1000000015,0.0000000000,0.5600000024,0.0000000000,nan,nan,nan,nan,nan,nan,nan,nan,nan,nan,nan,nan,0.0345656686,0.0745492280,0.8844876885,-1.9938981533,-2.1919767857,0.0000000000,nan,nan,nan,nan,nan,nan,nan,nan,nan,nan,nan,nan,nan,nan,nan,nan,nan,nan,nan,nan,nan,0.0100023746,0.1000456810,inf,0.0200421810,inf,inf,inf,0.0099630356,0.0599167347,inf,inf,inf,inf,inf,inf,inf,1583
1779239132.4303452969,-0.1135458648,-0.0402148664,0.1249488145,-0.0468968448,0.0197577606,0.0161474261,2.8080000877,nan,nan,-0.1000000015,0.0000000000,0.5600000024,0.0000000000,nan,nan,nan,nan,nan,nan,nan,nan,nan,nan,nan,nan,0.0345656686,0.0745492280,0.8844876885,-1.9938981533,-2.1919767857,0.0000000000,nan,nan,nan,nan,nan,nan,nan,nan,nan,nan,nan,nan,nan,nan,nan,nan,nan,nan,nan,nan,nan,0.0200264454,0.1100697517,inf,0.0300662518,inf,inf,inf,0.0199871063,0.0699408054,inf,inf,inf,inf,inf,inf,inf,1583
1779239132.4402983189,-0.1135458648,-0.0402148664,0.1249488145,-0.0468968448,0.0197577606,0.0161474261,2.8080000877,nan,nan,-0.1000000015,0.0000000000,0.5600000024,0.0000000000,nan,nan,nan,nan,nan,nan,nan,nan,nan,nan,nan,nan,0.0345656686,0.0745492280,0.8844876885,-1.9938981533,-2.1919767857,0.0000000000,nan,nan,nan,nan,nan,nan,nan,nan,nan,nan,nan,nan,nan,nan,nan,nan,nan,nan,nan,nan,nan,0.0299794674,0.1200227737,inf,0.0400192738,inf,inf,inf,0.0299401283,0.0798938274,inf,inf,inf,inf,inf,inf,inf,1583
1779239132.4502766132,-0.1135458648,-0.0402148664,0.1249488145,-0.0468968448,0.0197577606,0.0161474261,2.8080000877,nan,nan,-0.1000000015,0.0000000000,0.5600000024,0.0000000000,nan,nan,nan,nan,nan,nan,nan,nan,nan,nan,nan,nan,0.0345656686,0.0745492280,0.8844876885,-1.9938981533,-2.1919767857,0.0000000000,nan,nan,nan,nan,nan,nan,nan,nan,nan,nan,nan,nan,nan,nan,nan,nan,nan,nan,nan,nan,nan,0.0399577618,0.1300010681,inf,0.0000181198,inf,inf,inf,0.0399184227,0.0898721218,inf,inf,inf,inf,inf,inf,inf,1583
1779239132.4603419304,-0.1183156148,-0.0420124680,0.1199129745,-0.0385838332,0.0251714009,0.0133557979,2.8080000877,nan,nan,-0.1000000015,0.0000000000,0.5600000024,0.0000000000,nan,nan,nan,nan,nan,nan,nan,nan,nan,nan,nan,nan,0.0345656686,0.0745492280,0.8844876885,-1.5691241026,-1.6922805309,0.0000000000,nan,nan,nan,nan,nan,nan,nan,nan,nan,nan,nan,nan,nan,nan,nan,nan,nan,nan,nan,nan,nan,0.0000617504,0.1400663853,inf,0.0100834370,inf,inf,inf,0.0499837399,0.0000200272,inf,inf,inf,inf,inf,inf,inf,1583
1779239132.4703218937,-0.1183156148,-0.0420124680,0.1199129745,-0.0385838332,0.0251714009,0.0133557979,2.8080000877,nan,nan,-0.1000000015,0.0000000000,0.5600000024,0.0000000000,nan,nan,nan,nan,nan,nan,nan,nan,nan,nan,nan,nan,0.0345656686,0.0745492280,0.8844876885,-1.5691241026,-1.6922805309,0.0000000000,nan,nan,nan,nan,nan,nan,nan,nan,nan,nan,nan,nan,nan,nan,nan,nan,nan,nan,nan,nan,nan,0.0100417137,0.1500463486,inf,0.0200634003,inf,inf,inf,0.0599637032,0.0099999905,inf,inf,inf,inf,inf,inf,inf,1583
1779239132.4803314209,-0.1183156148,-0.0420124680,0.1199129745,-0.0385838332,0.0251714009,0.0133557979,2.8080000877,nan,nan,-0.1000000015,0.0000000000,0.5600000024,0.0000000000,nan,nan,nan,nan,nan,nan,nan,nan,nan,nan,nan,nan,0.0345656686,0.0745492280,0.8844876885,-1.5691241026,-1.6922805309,0.0000000000,nan,nan,nan,nan,nan,nan,nan,nan,nan,nan,nan,nan,nan,nan,nan,nan,nan,nan,nan,nan,nan,0.0200512409,0.1600558758,inf,0.0300729275,inf,inf,inf,0.0699732304,0.0200095177,inf,inf,inf,inf,inf,inf,inf,1583
1779239132.4903039932,-0.1183156148,-0.0420124680,0.1199129745,-0.0385838332,0.0251714009,0.0133557979,2.8080000877,nan,nan,-0.1000000015,0.0000000000,0.5600000024,0.0000000000,nan,nan,nan,nan,nan,nan,nan,nan,nan,nan,nan,nan,0.0345656686,0.0745492280,0.8844876885,-1.5691241026,-1.6922805309,0.0000000000,nan,nan,nan,nan,nan,nan,nan,nan,nan,nan,nan,nan,nan,nan,nan,nan,nan,nan,nan,nan,nan,0.0300238132,0.1700284481,inf,0.0400454998,inf,inf,inf,0.0799458027,0.0299820900,inf,inf,inf,inf,inf,inf,inf,1583
1779239132.5003123283,-0.1183156148,-0.0420124680,0.1199129745,-0.0385838332,0.0251714009,0.0133557979,2.8080000877,nan,nan,-0.1000000015,0.0000000000,0.5600000024,0.0000000000,nan,nan,nan,nan,nan,nan,nan,nan,nan,nan,nan,nan,0.0345656686,0.0745492280,0.8844876885,-1.5691241026,-1.6922805309,0.0000000000,nan,nan,nan,nan,nan,nan,nan,nan,nan,nan,nan,nan,nan,nan,nan,nan,nan,nan,nan,nan,nan,0.0400321484,0.1800367832,inf,0.0000221729,inf,inf,inf,0.0899541378,0.0399904251,inf,inf,inf,inf,inf,inf,inf,1583
1779239132.5103776455,-0.1226347908,-0.0428645499,0.1151567176,-0.0386456929,0.0195836595,0.0106943478,2.8080000877,nan,nan,-0.1000000015,0.0000000000,0.5600000024,0.0000000000,nan,nan,nan,nan,nan,nan,nan,nan,nan,nan,nan,nan,0.0418248251,0.0750860870,0.9022722840,-1.5691241026,-1.6922805309,0.0000000000,nan,nan,nan,nan,nan,nan,nan,nan,nan,nan,nan,nan,nan,nan,nan,nan,nan,nan,nan,nan,nan,0.0000655651,0.1901021004,inf,0.0100874901,inf,inf,inf,0.0000219345,0.0500557423,inf,inf,inf,inf,inf,inf,inf,1583
1779239132.5202994347,-0.1226347908,-0.0428645499,0.1151567176,-0.0386456929,0.0195836595,0.0106943478,2.8080000877,nan,nan,-0.1000000015,0.0000000000,0.5600000024,0.0000000000,nan,nan,nan,nan,nan,nan,nan,nan,nan,nan,nan,nan,0.0418248251,0.0750860870,0.9022722840,-1.5691241026,-1.6922805309,0.0000000000,nan,nan,nan,nan,nan,nan,nan,nan,nan,nan,nan,nan,nan,nan,nan,nan,nan,nan,nan,nan,nan,0.0099873543,0.2000238895,inf,0.0200092793,inf,inf,inf,0.0099437237,0.0599775314,inf,inf,inf,inf,inf,inf,inf,1583
1779239132.5314064026,-0.1226347908,-0.0428645499,0.1151567176,-0.0386456929,0.0195836595,0.0106943478,2.8080000877,nan,nan,-0.1000000015,0.0000000000,0.5600000024,0.0000000000,nan,nan,nan,nan,nan,nan,nan,nan,nan,nan,nan,nan,0.0418248251,0.0750860870,0.9022722840,-1.5691241026,-1.6922805309,0.0000000000,nan,nan,nan,nan,nan,nan,nan,nan,nan,nan,nan,nan,nan,nan,nan,nan,nan,nan,nan,nan,nan,0.0210943222,0.2111308575,inf,0.0311162472,inf,inf,inf,0.0210506916,0.0710844994,inf,inf,inf,inf,inf,inf,inf,1583
1779239132.5403046608,-0.1226347908,-0.0428645499,0.1151567176,-0.0386456929,0.0195836595,0.0106943478,2.8080000877,nan,nan,-0.1000000015,0.0000000000,0.5600000024,0.0000000000,nan,nan,nan,nan,nan,nan,nan,nan,nan,nan,nan,nan,0.0418248251,0.0750860870,0.9022722840,-1.5691241026,-1.6922805309,0.0000000000,nan,nan,nan,nan,nan,nan,nan,nan,nan,nan,nan,nan,nan,nan,nan,nan,nan,nan,nan,nan,nan,0.0299925804,0.2200291157,inf,0.0400145054,inf,inf,inf,0.0299489498,0.0799827576,inf,inf,inf,inf,inf,inf,inf,1583
1779239132.5503466129,-0.1226347908,-0.0428645499,0.1151567176,-0.0386456929,0.0195836595,0.0106943478,2.8080000877,nan,nan,-0.1000000015,0.0000000000,0.5600000024,0.0000000000,nan,nan,nan,nan,nan,nan,nan,nan,nan,nan,nan,nan,0.0418248251,0.0750860870,0.9022722840,-1.5691241026,-1.6922805309,0.0000000000,nan,nan,nan,nan,nan,nan,nan,nan,nan,nan,nan,nan,nan,nan,nan,nan,nan,nan,nan,nan,nan,0.0400345325,0.2300710678,inf,0.0000228882,inf,inf,inf,0.0399909019,0.0900247097,inf,inf,inf,inf,inf,inf,inf,1583
1779239132.5603668690,-0.1265399903,-0.0427870788,0.1112964377,-0.0386186181,0.0251179831,0.0105880617,2.8080000877,nan,nan,-0.1000000015,0.0000000000,0.5600000024,0.0000000000,nan,nan,nan,nan,nan,nan,nan,nan,nan,nan,nan,nan,0.0418248251,0.0750860870,0.9022722840,-0.8178397417,-1.5105576515,0.0000000000,nan,nan,nan,nan,nan,nan,nan,nan,nan,nan,nan,nan,nan,nan,nan,nan,nan,nan,nan,nan,nan,0.0000612736,0.2400913239,inf,0.0100431442,inf,inf,inf,0.0500111580,0.0000197887,inf,inf,inf,inf,inf,inf,inf,1583
1779239132.5703573227,-0.1265399903,-0.0427870788,0.1112964377,-0.0386186181,0.0251179831,0.0105880617,2.8080000877,nan,nan,-0.1000000015,0.0000000000,0.5600000024,0.0000000000,nan,nan,nan,nan,nan,nan,nan,nan,nan,nan,nan,nan,0.0418248251,0.0750860870,0.9022722840,-0.8178397417,-1.5105576515,0.0000000000,nan,nan,nan,nan,nan,nan,nan,nan,nan,nan,nan,nan,nan,nan,nan,nan,nan,nan,nan,nan,nan,0.0100517273,0.2500817776,inf,0.0200335979,inf,inf,inf,0.0600016117,0.0100102425,inf,inf,inf,inf,inf,inf,inf,1583
1779239132.5803194046,-0.1265399903,-0.0427870788,0.1112964377,-0.0386186181,0.0251179831,0.0105880617,2.8080000877,nan,nan,-0.1000000015,0.0000000000,0.5600000024,0.0000000000,nan,nan,nan,nan,nan,nan,nan,nan,nan,nan,nan,nan,0.0418248251,0.0750860870,0.9022722840,-0.8178397417,-1.5105576515,0.0000000000,nan,nan,nan,nan,nan,nan,nan,nan,nan,nan,nan,nan,nan,nan,nan,nan,nan,nan,nan,nan,nan,0.0200138092,0.2600438595,inf,0.0299956799,inf,inf,inf,0.0699636936,0.0199723244,inf,inf,inf,inf,inf,inf,inf,1583
1779239132.5903348923,-0.1265399903,-0.0427870788,0.1112964377,-0.0386186181,0.0251179831,0.0105880617,2.8080000877,nan,nan,-0.1000000015,0.0000000000,0.5600000024,0.0000000000,nan,nan,nan,nan,nan,nan,nan,nan,nan,nan,nan,nan,0.0418248251,0.0750860870,0.9022722840,-0.8178397417,-1.5105576515,0.0000000000,nan,nan,nan,nan,nan,nan,nan,nan,nan,nan,nan,nan,nan,nan,nan,nan,nan,nan,nan,nan,nan,0.0300292969,0.2700593472,inf,0.0400111675,inf,inf,inf,0.0799791813,0.0299878120,inf,inf,inf,inf,inf,inf,inf,1583
1779239132.6004078388,-0.1265399903,-0.0427870788,0.1112964377,-0.0386186181,0.0251179831,0.0105880617,2.8080000877,nan,nan,-0.1000000015,0.0000000000,0.5600000024,0.0000000000,nan,nan,nan,nan,nan,nan,nan,nan,nan,nan,nan,nan,0.0489427112,0.0680016428,0.9131008983,-0.8178397417,-1.5105576515,0.0000000000,nan,nan,nan,nan,nan,nan,nan,nan,nan,nan,nan,nan,nan,nan,nan,nan,nan,nan,nan,nan,nan,0.0401022434,0.2801322937,inf,0.0000543594,inf,inf,inf,0.0000212193,0.0400607586,inf,inf,inf,inf,inf,inf,inf,1583
1779239132.6102731228,-0.1265399903,-0.0427870788,0.1112964377,-0.0386186181,0.0251179831,0.0105880617,2.8080000877,nan,nan,-0.1000000015,0.0000000000,0.5600000024,0.0000000000,nan,nan,nan,nan,nan,nan,nan,nan,nan,nan,nan,nan,0.0489427112,0.0680016428,0.9131008983,-0.8178397417,-1.5105576515,0.0000000000,nan,nan,nan,nan,nan,nan,nan,nan,nan,nan,nan,nan,nan,nan,nan,nan,nan,nan,nan,nan,nan,0.0499675274,0.2899975777,inf,0.0099196434,inf,inf,inf,0.0098865032,0.0499260426,inf,inf,inf,inf,inf,inf,inf,1583
1779239132.6202433109,-0.1300024837,-0.0417527109,0.1079262719,-0.0331089938,0.0195539807,0.0107485210,2.8080000877,nan,nan,-0.1000000015,0.0000000000,0.5600000024,0.0000000000,nan,nan,nan,nan,nan,nan,nan,nan,nan,nan,nan,nan,0.0489427112,0.0680016428,0.9131008983,-0.8178397417,-1.5105576515,0.0000000000,nan,nan,nan,nan,nan,nan,nan,nan,nan,nan,nan,nan,nan,nan,nan,nan,nan,nan,nan,nan,nan,0.0000121593,0.2999677658,inf,0.0198898315,inf,inf,inf,0.0198566914,0.0598962307,inf,inf,inf,inf,inf,inf,inf,1583
1779239132.6302242279,-0.1300024837,-0.0417527109,0.1079262719,-0.0331089938,0.0195539807,0.0107485210,2.8080000877,nan,nan,-0.1000000015,0.0000000000,0.5600000024,0.0000000000,nan,nan,nan,nan,nan,nan,nan,nan,nan,nan,nan,nan,0.0489427112,0.0680016428,0.9131008983,-0.8178397417,-1.5105576515,0.0000000000,nan,nan,nan,nan,nan,nan,nan,nan,nan,nan,nan,nan,nan,nan,nan,nan,nan,nan,nan,nan,nan,0.0099930763,0.3099486828,inf,0.0298707485,inf,inf,inf,0.0298376083,0.0698771477,inf,inf,inf,inf,inf,inf,inf,1583
1779239132.6402182579,-0.1300024837,-0.0417527109,0.1079262719,-0.0331089938,0.0195539807,0.0107485210,2.8080000877,nan,nan,-0.1000000015,0.0000000000,0.5600000024,0.0000000000,nan,nan,nan,nan,nan,nan,nan,nan,nan,nan,nan,nan,0.0489427112,0.0680016428,0.9131008983,-0.8178397417,-1.5105576515,0.0000000000,nan,nan,nan,nan,nan,nan,nan,nan,nan,nan,nan,nan,nan,nan,nan,nan,nan,nan,nan,nan,nan,0.0199871063,0.3199427128,inf,0.0398647785,inf,inf,inf,0.0398316383,0.0798711777,inf,inf,inf,inf,inf,inf,inf,1583
1779239132.6501815319,-0.1300024837,-0.0417527109,0.1079262719,-0.0331089938,0.0195539807,0.0107485210,2.8080000877,nan,nan,-0.1000000015,0.0000000000,0.5600000024,0.0000000000,nan,nan,nan,nan,nan,nan,nan,nan,nan,nan,nan,nan,0.0489427112,0.0680016428,0.9131008983,-0.8178397417,-1.5105576515,0.0000000000,nan,nan,nan,nan,nan,nan,nan,nan,nan,nan,nan,nan,nan,nan,nan,nan,nan,nan,nan,nan,nan,0.0299503803,0.3299059868,inf,0.0000071526,inf,inf,inf,0.0497949123,0.0898344517,inf,inf,inf,inf,inf,inf,inf,1583
1779239132.6602249146,-0.1330525428,-0.0398429036,0.1054201573,-0.0275892468,0.0222533881,0.0079969419,2.8080000877,nan,nan,-0.1000000015,0.0000000000,0.5600000024,0.0000000000,nan,nan,nan,nan,nan,nan,nan,nan,nan,nan,nan,nan,0.0489427112,0.0680016428,0.9131008983,0.0000696480,-1.3600025177,0.0000000000,nan,nan,nan,nan,nan,nan,nan,nan,nan,nan,nan,nan,nan,nan,nan,nan,nan,nan,nan,nan,nan,0.0000221729,0.3399493694,inf,0.0100505352,inf,inf,inf,0.0598382950,0.0000064373,inf,inf,inf,inf,inf,inf,inf,1583
1779239132.6702265739,-0.1330525428,-0.0398429036,0.1054201573,-0.0275892468,0.0222533881,0.0079969419,2.8080000877,nan,nan,-0.1000000015,0.0000000000,0.5600000024,0.0000000000,nan,nan,nan,nan,nan,nan,nan,nan,nan,nan,nan,nan,0.0489427112,0.0680016428,0.9131008983,0.0000696480,-1.3600025177,0.0000000000,nan,nan,nan,nan,nan,nan,nan,nan,nan,nan,nan,nan,nan,nan,nan,nan,nan,nan,nan,nan,nan,0.0100238323,0.3499510288,inf,0.0200521946,inf,inf,inf,0.0698399544,0.0100080967,inf,inf,inf,inf,inf,inf,inf,1583
1779239132.6802036762,-0.1330525428,-0.0398429036,0.1054201573,-0.0275892468,0.0222533881,0.0079969419,2.8080000877,nan,nan,-0.1000000015,0.0000000000,0.5600000024,0.0000000000,nan,nan,nan,nan,nan,nan,nan,nan,nan,nan,nan,nan,0.0489427112,0.0680016428,0.9131008983,0.0000696480,-1.3600025177,0.0000000000,nan,nan,nan,nan,nan,nan,nan,nan,nan,nan,nan,nan,nan,nan,nan,nan,nan,nan,nan,nan,nan,0.0200009346,0.3599281311,inf,0.0300292969,inf,inf,inf,0.0798170567,0.0199851990,inf,inf,inf,inf,inf,inf,inf,1583
1779239132.6902565956,-0.1330525428,-0.0398429036,0.1054201573,-0.0275892468,0.0222533881,0.0079969419,2.8080000877,nan,nan,-0.1000000015,0.0000000000,0.5600000024,0.0000000000,nan,nan,nan,nan,nan,nan,nan,nan,nan,nan,nan,nan,0.0489427112,0.0680016428,0.9131008983,0.0000696480,-1.3600025177,0.0000000000,nan,nan,nan,nan,nan,nan,nan,nan,nan,nan,nan,nan,nan,nan,nan,nan,nan,nan,nan,nan,nan,0.0300538540,0.3699810505,inf,0.0400822163,inf,inf,inf,0.0898699760,0.0300381184,inf,inf,inf,inf,inf,inf,inf,1583
1779239132.7001922131,-0.1330525428,-0.0398429036,0.1054201573,-0.0275892468,0.0222533881,0.0079969419,2.8080000877,nan,nan,-0.1000000015,0.0000000000,0.5600000024,0.0000000000,nan,nan,nan,nan,nan,nan,nan,nan,nan,nan,nan,nan,0.0489427112,0.0680016428,0.9131008983,0.0000696480,-1.3600025177,0.0000000000,nan,nan,nan,nan,nan,nan,nan,nan,nan,nan,nan,nan,nan,nan,nan,nan,nan,nan,nan,nan,nan,0.0399894714,0.3799166679,inf,0.0000076294,inf,inf,inf,0.0998055935,0.0399737358,inf,inf,inf,inf,inf,inf,inf,1583
1779239132.7102994919,-0.1330525428,-0.0398429036,0.1054201573,-0.0275892468,0.0222533881,0.0079969419,2.8080000877,nan,nan,-0.1000000015,0.0000000000,0.5600000024,0.0000000000,nan,nan,nan,nan,nan,nan,nan,nan,nan,nan,nan,nan,0.0537532233,0.0562349781,0.9179362655,0.0000696480,-1.3600025177,0.0000000000,nan,nan,nan,nan,nan,nan,nan,nan,nan,nan,nan,nan,nan,nan,nan,nan,nan,nan,nan,nan,nan,0.0500967503,0.3900239468,inf,0.0101149082,inf,inf,inf,0.0000078678,0.0500810146,inf,inf,inf,inf,inf,inf,inf,1583
1779239132.7202236652,-0.1356720775,-0.0371757001,0.1035661846,-0.0248419535,0.0167074211,0.0080960395,2.8080000877,nan,nan,-0.1000000015,0.0000000000,0.5600000024,0.0000000000,nan,nan,nan,nan,nan,nan,nan,nan,nan,nan,nan,nan,0.0537532233,0.0562349781,0.9179362655,0.0000696480,-1.3600025177,0.0000000000,nan,nan,nan,nan,nan,nan,nan,nan,nan,nan,nan,nan,nan,nan,nan,nan,nan,nan,nan,nan,nan,0.0000092983,0.3999481201,inf,0.0200390816,inf,inf,inf,0.0099320412,0.0600051880,inf,inf,inf,inf,inf,inf,inf,1583
1779239132.7302315235,-0.1356720775,-0.0371757001,0.1035661846,-0.0248419535,0.0167074211,0.0080960395,2.8080000877,nan,nan,-0.1000000015,0.0000000000,0.5600000024,0.0000000000,nan,nan,nan,nan,nan,nan,nan,nan,nan,nan,nan,nan,0.0537532233,0.0562349781,0.9179362655,0.0000696480,-1.3600025177,0.0000000000,nan,nan,nan,nan,nan,nan,nan,nan,nan,nan,nan,nan,nan,nan,nan,nan,nan,nan,nan,nan,nan,0.0100171566,0.4099559784,inf,0.0300469398,inf,inf,inf,0.0199398994,0.0700130463,inf,inf,inf,inf,inf,inf,inf,1583
1779239132.7402441502,-0.1356720775,-0.0371757001,0.1035661846,-0.0248419535,0.0167074211,0.0080960395,2.8080000877,nan,nan,-0.1000000015,0.0000000000,0.5600000024,0.0000000000,nan,nan,nan,nan,nan,nan,nan,nan,nan,nan,nan,nan,0.0537532233,0.0562349781,0.9179362655,0.0000696480,-1.3600025177,0.0000000000,nan,nan,nan,nan,nan,nan,nan,nan,nan,nan,nan,nan,nan,nan,nan,nan,nan,nan,nan,nan,nan,0.0200297832,0.4199686050,inf,0.0400595665,inf,inf,inf,0.0299525261,0.0800256729,inf,inf,inf,inf,inf,inf,inf,1583
1779239132.7502105236,-0.1356720775,-0.0371757001,0.1035661846,-0.0248419535,0.0167074211,0.0080960395,2.8080000877,nan,nan,-0.1000000015,0.0000000000,0.5600000024,0.0000000000,nan,nan,nan,nan,nan,nan,nan,nan,nan,nan,nan,nan,0.0537532233,0.0562349781,0.9179362655,0.0000696480,-1.3600025177,0.0000000000,nan,nan,nan,nan,nan,nan,nan,nan,nan,nan,nan,nan,nan,nan,nan,nan,nan,nan,nan,nan,nan,0.0299961567,0.4299349785,inf,0.0000102520,inf,inf,inf,0.0399188995,0.0899920464,inf,inf,inf,inf,inf,inf,inf,1583
1779239132.7602007389,-0.1337260902,-0.0438682958,0.1043805480,-0.0165380779,0.0166736650,0.0081653381,2.8080000877,nan,nan,-0.1000000015,0.0000000000,0.5600000024,0.0000000000,nan,nan,nan,nan,nan,nan,nan,nan,nan,nan,nan,nan,0.0537532233,0.0562349781,0.9179362655,-0.6676633358,-0.8360840082,0.0000000000,nan,nan,nan,nan,nan,nan,nan,nan,nan,nan,nan,nan,nan,nan,nan,nan,nan,nan,nan,nan,nan,0.0000247955,0.4399251938,inf,0.0100004673,inf,inf,inf,0.0499091148,0.0000069141,inf,inf,inf,inf,inf,inf,inf,1583
1779239132.7702074051,-0.1337260902,-0.0438682958,0.1043805480,-0.0165380779,0.0166736650,0.0081653381,2.8080000877,nan,nan,-0.1000000015,0.0000000000,0.5600000024,0.0000000000,nan,nan,nan,nan,nan,nan,nan,nan,nan,nan,nan,nan,0.0537532233,0.0562349781,0.9179362655,-0.6676633358,-0.8360840082,0.0000000000,nan,nan,nan,nan,nan,nan,nan,nan,nan,nan,nan,nan,nan,nan,nan,nan,nan,nan,nan,nan,nan,0.0100314617,0.4499318600,inf,0.0200071335,inf,inf,inf,0.0599157810,0.0100135803,inf,inf,inf,inf,inf,inf,inf,1583
1779239132.7802639008,-0.1337260902,-0.0438682958,0.1043805480,-0.0165380779,0.0166736650,0.0081653381,2.8080000877,nan,nan,-0.1000000015,0.0000000000,0.5600000024,0.0000000000,nan,nan,nan,nan,nan,nan,nan,nan,nan,nan,nan,nan,0.0537532233,0.0562349781,0.9179362655,-0.6676633358,-0.8360840082,0.0000000000,nan,nan,nan,nan,nan,nan,nan,nan,nan,nan,nan,nan,nan,nan,nan,nan,nan,nan,nan,nan,nan,0.0200879574,0.4599883556,inf,0.0300636292,inf,inf,inf,0.0699722767,0.0200700760,inf,inf,inf,inf,inf,inf,inf,1583
1779239132.7902526855,-0.1337260902,-0.0438682958,0.1043805480,-0.0165380779,0.0166736650,0.0081653381,2.8080000877,nan,nan,-0.1000000015,0.0000000000,0.5600000024,0.0000000000,nan,nan,nan,nan,nan,nan,nan,nan,nan,nan,nan,nan,0.0537532233,0.0562349781,0.9179362655,-0.6676633358,-0.8360840082,0.0000000000,nan,nan,nan,nan,nan,nan,nan,nan,nan,nan,nan,nan,nan,nan,nan,nan,nan,nan,nan,nan,nan,0.0300767422,0.4699771404,inf,0.0400524139,inf,inf,inf,0.0799610615,0.0300588608,inf,inf,inf,inf,inf,inf,inf,1583
1779239132.8002340794,-0.1337260902,-0.0438682958,0.1043805480,-0.0165380779,0.0166736650,0.0081653381,2.8080000877,nan,nan,-0.1000000015,0.0000000000,0.7599999905,0.0000000000,nan,nan,nan,nan,nan,nan,nan,nan,nan,nan,nan,nan,0.0537532233,0.0562349781,0.9179362655,-0.6676633358,-0.8360840082,0.0000000000,nan,nan,nan,nan,nan,nan,nan,nan,nan,nan,nan,nan,nan,nan,nan,nan,nan,nan,nan,nan,nan,0.0400581360,0.4799585342,inf,0.0000145435,inf,inf,inf,0.0899424553,0.0400402546,inf,inf,inf,inf,inf,inf,inf,1583
1779239132.8103048801,-0.1348999292,-0.0417504907,0.1044247076,-0.0248789348,0.0111382586,0.0053970412,2.8080000877,nan,nan,-0.1000000015,0.0000000000,0.7599999905,0.0000000000,nan,nan,nan,nan,nan,nan,nan,nan,nan,nan,nan,nan,0.0486482643,0.0658564419,0.9110776782,-0.6676633358,-0.8360840082,0.0000000000,nan,nan,nan,nan,nan,nan,nan,nan,nan,nan,nan,nan,nan,nan,nan,nan,nan,nan,nan,nan,nan,0.0000474453,0.4900293350,inf,0.0100853443,inf,inf,inf,0.0000157356,0.0501110554,inf,inf,inf,inf,inf,inf,inf,1583
1779239132.8202886581,-0.1348999292,-0.0417504907,0.1044247076,-0.0248789348,0.0111382586,0.0053970412,2.8080000877,nan,nan,-0.1000000015,0.0000000000,0.7599999905,0.0000000000,nan,nan,nan,nan,nan,nan,nan,nan,nan,nan,nan,nan,0.0486482643,0.0658564419,0.9110776782,-0.6676633358,-0.8360840082,0.0000000000,nan,nan,nan,nan,nan,nan,nan,nan,nan,nan,nan,nan,nan,nan,nan,nan,nan,nan,nan,nan,nan,0.0100312233,0.5000131130,inf,0.0200691223,inf,inf,inf,0.0099995136,0.0600948334,inf,inf,inf,inf,inf,inf,inf,1583
1779239132.8303229809,-0.1348999292,-0.0417504907,0.1044247076,-0.0248789348,0.0111382586,0.0053970412,2.8080000877,nan,nan,-0.1000000015,0.0000000000,0.7599999905,0.0000000000,nan,nan,nan,nan,nan,nan,nan,nan,nan,nan,nan,nan,0.0486482643,0.0658564419,0.9110776782,-0.6676633358,-0.8360840082,0.0000000000,nan,nan,nan,nan,nan,nan,nan,nan,nan,nan,nan,nan,nan,nan,nan,nan,nan,nan,nan,nan,nan,0.0200655460,0.5100474358,inf,0.0301034451,inf,inf,inf,0.0200338364,0.0701291561,inf,inf,inf,inf,inf,inf,inf,1583
1779239132.8403646946,-0.1348999292,-0.0417504907,0.1044247076,-0.0248789348,0.0111382586,0.0053970412,2.8080000877,nan,nan,-0.1000000015,0.0000000000,0.7599999905,0.0000000000,nan,nan,nan,nan,nan,nan,nan,nan,nan,nan,nan,nan,0.0486482643,0.0658564419,0.9110776782,-0.6676633358,-0.8360840082,0.0000000000,nan,nan,nan,nan,nan,nan,nan,nan,nan,nan,nan,nan,nan,nan,nan,nan,nan,nan,nan,nan,nan,0.0301072598,0.5200891495,inf,0.0401451588,inf,inf,inf,0.0300755501,0.0801708698,inf,inf,inf,inf,inf,inf,inf,1583
1779239132.8502666950,-0.1348999292,-0.0417504907,0.1044247076,-0.0248789348,0.0111382586,0.0053970412,2.8080000877,nan,nan,-0.1000000015,0.0000000000,0.7599999905,0.0000000000,nan,nan,nan,nan,nan,nan,nan,nan,nan,nan,nan,nan,0.0486482643,0.0658564419,0.9110776782,-0.6676633358,-0.8360840082,0.0000000000,nan,nan,nan,nan,nan,nan,nan,nan,nan,nan,nan,nan,nan,nan,nan,nan,nan,nan,nan,nan,nan,0.0400092602,0.5299911499,inf,0.0000174046,inf,inf,inf,0.0399775505,0.0900728703,inf,inf,inf,inf,inf,inf,inf,1583
1779239132.8603098392,-0.1367966533,-0.0434125029,0.1043483615,-0.0110326763,0.0138681919,0.0054588032,2.8080000877,nan,nan,-0.1000000015,0.0000000000,0.7599999905,0.0000000000,nan,nan,nan,nan,nan,nan,nan,nan,nan,nan,nan,nan,0.0486482643,0.0658564419,0.9110776782,-1.4884350300,-1.1094667912,0.0000000000,nan,nan,nan,nan,nan,nan,nan,nan,nan,nan,nan,nan,nan,nan,nan,nan,nan,nan,nan,nan,nan,0.0000464916,0.5400342941,inf,0.0100605488,inf,inf,inf,0.0500206947,0.0000159740,inf,inf,inf,inf,inf,inf,inf,1583
1779239132.8702771664,-0.1367966533,-0.0434125029,0.1043483615,-0.0110326763,0.0138681919,0.0054588032,2.8080000877,nan,nan,-0.1000000015,0.0000000000,0.7599999905,0.0000000000,nan,nan,nan,nan,nan,nan,nan,nan,nan,nan,nan,nan,0.0486482643,0.0658564419,0.9110776782,-1.4884350300,-1.1094667912,0.0000000000,nan,nan,nan,nan,nan,nan,nan,nan,nan,nan,nan,nan,nan,nan,nan,nan,nan,nan,nan,nan,nan,0.0100138187,0.5500016212,inf,0.0200278759,inf,inf,inf,0.0599880219,0.0099833012,inf,inf,inf,inf,inf,inf,inf,1583
1779239132.8803310394,-0.1367966533,-0.0434125029,0.1043483615,-0.0110326763,0.0138681919,0.0054588032,2.8080000877,nan,nan,-0.1000000015,0.0000000000,0.7599999905,0.0000000000,nan,nan,nan,nan,nan,nan,nan,nan,nan,nan,nan,nan,0.0486482643,0.0658564419,0.9110776782,-1.4884350300,-1.1094667912,0.0000000000,nan,nan,nan,nan,nan,nan,nan,nan,nan,nan,nan,nan,nan,nan,nan,nan,nan,nan,nan,nan,nan,0.0200676918,0.5600554943,inf,0.0300817490,inf,inf,inf,0.0700418949,0.0200371742,inf,inf,inf,inf,inf,inf,inf,1583
1779239132.8902730942,-0.1367966533,-0.0434125029,0.1043483615,-0.0110326763,0.0138681919,0.0054588032,2.8080000877,nan,nan,-0.1000000015,0.0000000000,0.7599999905,0.0000000000,nan,nan,nan,nan,nan,nan,nan,nan,nan,nan,nan,nan,0.0486482643,0.0658564419,0.9110776782,-1.4884350300,-1.1094667912,0.0000000000,nan,nan,nan,nan,nan,nan,nan,nan,nan,nan,nan,nan,nan,nan,nan,nan,nan,nan,nan,nan,nan,0.0300097466,0.5699975491,inf,0.0400238037,inf,inf,inf,0.0799839497,0.0299792290,inf,inf,inf,inf,inf,inf,inf,1583
1779239132.9002916813,-0.1367966533,-0.0434125029,0.1043483615,-0.0110326763,0.0138681919,0.0054588032,2.8080000877,nan,nan,-0.1000000015,0.0000000000,0.7599999905,0.0000000000,nan,nan,nan,nan,nan,nan,nan,nan,nan,nan,nan,nan,0.0511760078,0.0649721250,1.1000000238,-1.4884350300,-1.1094667912,0.0000000000,nan,nan,nan,nan,nan,nan,nan,nan,nan,nan,nan,nan,nan,nan,nan,nan,nan,nan,nan,nan,nan,0.0400283337,0.5800161362,inf,0.0000422001,inf,inf,inf,0.0000152588,0.0399978161,inf,inf,inf,inf,inf,inf,inf,1583
1779239132.9102604389,-0.1375328451,-0.0413644984,0.1051512659,-0.0221110840,0.0111307791,0.0054124506,2.8080000877,nan,nan,-0.1000000015,0.0000000000,0.7599999905,0.0000000000,nan,nan,nan,nan,nan,nan,nan,nan,nan,nan,nan,nan,0.0511760078,0.0649721250,1.1000000238,-1.4884350300,-1.1094667912,0.0000000000,nan,nan,nan,nan,nan,nan,nan,nan,nan,nan,nan,nan,nan,nan,nan,nan,nan,nan,nan,nan,nan,0.0000166893,0.5899848938,inf,0.0100109577,inf,inf,inf,0.0099840164,0.0499665737,inf,inf,inf,inf,inf,inf,inf,1583
1779239132.9202873707,-0.1375328451,-0.0413644984,0.1051512659,-0.0221110840,0.0111307791,0.0054124506,2.8080000877,nan,nan,-0.1000000015,0.0000000000,0.7599999905,0.0000000000,nan,nan,nan,nan,nan,nan,nan,nan,nan,nan,nan,nan,0.0511760078,0.0649721250,1.1000000238,-1.4884350300,-1.1094667912,0.0000000000,nan,nan,nan,nan,nan,nan,nan,nan,nan,nan,nan,nan,nan,nan,nan,nan,nan,nan,nan,nan,nan,0.0100436211,0.6000118256,inf,0.0200378895,inf,inf,inf,0.0200109482,0.0599935055,inf,inf,inf,inf,inf,inf,inf,1583
1779239132.9302949905,-0.1375328451,-0.0413644984,0.1051512659,-0.0221110840,0.0111307791,0.0054124506,2.8080000877,nan,nan,-0.1000000015,0.0000000000,0.7599999905,0.0000000000,nan,nan,nan,nan,nan,nan,nan,nan,nan,nan,nan,nan,0.0511760078,0.0649721250,1.1000000238,-1.4884350300,-1.1094667912,0.0000000000,nan,nan,nan,nan,nan,nan,nan,nan,nan,nan,nan,nan,nan,nan,nan,nan,nan,nan,nan,nan,nan,0.0200512409,0.6100194454,inf,0.0300455093,inf,inf,inf,0.0300185680,0.0700011253,inf,inf,inf,inf,inf,inf,inf,1583
1779239132.9402787685,-0.1375328451,-0.0413644984,0.1051512659,-0.0221110840,0.0111307791,0.0054124506,2.8080000877,nan,nan,-0.1000000015,0.0000000000,0.7599999905,0.0000000000,nan,nan,nan,nan,nan,nan,nan,nan,nan,nan,nan,nan,0.0511760078,0.0649721250,1.1000000238,-1.4884350300,-1.1094667912,0.0000000000,nan,nan,nan,nan,nan,nan,nan,nan,nan,nan,nan,nan,nan,nan,nan,nan,nan,nan,nan,nan,nan,0.0300350189,0.6200032234,inf,0.0400292873,inf,inf,inf,0.0400023460,0.0799849033,inf,inf,inf,inf,inf,inf,inf,1583
1779239132.9502756596,-0.1375328451,-0.0413644984,0.1051512659,-0.0221110840,0.0111307791,0.0054124506,2.8080000877,nan,nan,-0.1000000015,0.0000000000,0.9599999785,0.0000000000,nan,nan,nan,nan,nan,nan,nan,nan,nan,nan,nan,nan,0.0511760078,0.0649721250,1.1000000238,-1.4884350300,-1.1094667912,0.0000000000,nan,nan,nan,nan,nan,nan,nan,nan,nan,nan,nan,nan,nan,nan,nan,nan,nan,nan,nan,nan,nan,0.0400319099,0.6300001144,inf,0.0000171661,inf,inf,inf,0.0499992371,0.0899817944,inf,inf,inf,inf,inf,inf,inf,1583
1779239132.9603095055,-0.1374514401,-0.0398257524,0.1062998399,-0.0165755028,0.0111157562,0.0054432376,2.8080000877,nan,nan,-0.1000000015,0.0000000000,0.9599999785,0.0000000000,nan,nan,nan,nan,nan,nan,nan,nan,nan,nan,nan,nan,0.0511760078,0.0649721250,1.1000000238,-0.1117287427,-0.6279381514,0.0000000000,nan,nan,nan,nan,nan,nan,nan,nan,nan,nan,nan,nan,nan,nan,nan,nan,nan,nan,nan,nan,nan,0.0000474453,0.6400339603,inf,0.0100510120,inf,inf,inf,0.0600330830,0.0000150204,inf,inf,inf,inf,inf,inf,inf,1583
1779239132.9702997208,-0.1374514401,-0.0398257524,0.1062998399,-0.0165755028,0.0111157562,0.0054432376,2.8080000877,nan,nan,-0.1000000015,0.0000000000,0.9599999785,0.0000000000,nan,nan,nan,nan,nan,nan,nan,nan,nan,nan,nan,nan,0.0511760078,0.0649721250,1.1000000238,-0.1117287427,-0.6279381514,0.0000000000,nan,nan,nan,nan,nan,nan,nan,nan,nan,nan,nan,nan,nan,nan,nan,nan,nan,nan,nan,nan,nan,0.0100376606,0.6500241756,inf,0.0200412273,inf,inf,inf,0.0700232983,0.0100052357,inf,inf,inf,inf,inf,inf,inf,1583
1779239132.9802911282,-0.1374514401,-0.0398257524,0.1062998399,-0.0165755028,0.0111157562,0.0054432376,2.8080000877,nan,nan,-0.1000000015,0.0000000000,0.9599999785,0.0000000000,nan,nan,nan,nan,nan,nan,nan,nan,nan,nan,nan,nan,0.0511760078,0.0649721250,1.1000000238,-0.1117287427,-0.6279381514,0.0000000000,nan,nan,nan,nan,nan,nan,nan,nan,nan,nan,nan,nan,nan,nan,nan,nan,nan,nan,nan,nan,nan,0.0200290680,0.6600155830,inf,0.0300326347,inf,inf,inf,0.0800147057,0.0199966431,inf,inf,inf,inf,inf,inf,inf,1583
1779239132.9902646542,-0.1374514401,-0.0398257524,0.1062998399,-0.0165755028,0.0111157562,0.0054432376,2.8080000877,nan,nan,-0.1000000015,0.0000000000,0.9599999785,0.0000000000,nan,nan,nan,nan,nan,nan,nan,nan,nan,nan,nan,nan,0.0511760078,0.0649721250,1.1000000238,-0.1117287427,-0.6279381514,0.0000000000,nan,nan,nan,nan,nan,nan,nan,nan,nan,nan,nan,nan,nan,nan,nan,nan,nan,nan,nan,nan,nan,0.0300025940,0.6699891090,inf,0.0400061607,inf,inf,inf,0.0899882317,0.0299701691,inf,inf,inf,inf,inf,inf,inf,1583
1779239133.0002338886,-0.1374514401,-0.0398257524,0.1062998399,-0.0165755028,0.0111157562,0.0054432376,2.8080000877,nan,nan,-0.1000000015,0.0000000000,0.9599999785,0.0000000000,nan,nan,nan,nan,nan,nan,nan,nan,nan,nan,nan,nan,0.0488345027,0.0569745824,1.1000000238,-0.1117287427,-0.6279381514,0.0000000000,nan,nan,nan,nan,nan,nan,nan,nan,nan,nan,nan,nan,nan,nan,nan,nan,nan,nan,nan,nan,nan,0.0399718285,0.6799583435,inf,0.0000305176,inf,inf,inf,0.0000095367,0.0399394035,inf,inf,inf,inf,inf,inf,inf,1583
1779239133.0102312565,-0.1374691725,-0.0373099633,0.1081285179,-0.0110518571,0.0138529118,0.0026910986,2.8080000877,nan,nan,-0.1000000015,0.0000000000,0.9599999785,0.0000000000,nan,nan,nan,nan,nan,nan,nan,nan,nan,nan,nan,nan,0.0488345027,0.0569745824,1.1000000238,-0.1117287427,-0.6279381514,0.0000000000,nan,nan,nan,nan,nan,nan,nan,nan,nan,nan,nan,nan,nan,nan,nan,nan,nan,nan,nan,nan,nan,0.0000121593,0.6899557114,inf,0.0100278854,inf,inf,inf,0.0100069046,0.0499367714,inf,inf,inf,inf,inf,inf,inf,1583
1779239133.0202572346,-0.1374691725,-0.0373099633,0.1081285179,-0.0110518571,0.0138529118,0.0026910986,2.8080000877,nan,nan,-0.1000000015,0.0000000000,0.9599999785,0.0000000000,nan,nan,nan,nan,nan,nan,nan,nan,nan,nan,nan,nan,0.0488345027,0.0569745824,1.1000000238,-0.1117287427,-0.6279381514,0.0000000000,nan,nan,nan,nan,nan,nan,nan,nan,nan,nan,nan,nan,nan,nan,nan,nan,nan,nan,nan,nan,nan,0.0100381374,0.6999816895,inf,0.0200538635,inf,inf,inf,0.0200328827,0.0599627495,inf,inf,inf,inf,inf,inf,inf,1583
1779239133.0302524567,-0.1374691725,-0.0373099633,0.1081285179,-0.0110518571,0.0138529118,0.0026910986,2.8080000877,nan,nan,-0.1000000015,0.0000000000,0.9599999785,0.0000000000,nan,nan,nan,nan,nan,nan,nan,nan,nan,nan,nan,nan,0.0488345027,0.0569745824,1.1000000238,-0.1117287427,-0.6279381514,0.0000000000,nan,nan,nan,nan,nan,nan,nan,nan,nan,nan,nan,nan,nan,nan,nan,nan,nan,nan,nan,nan,nan,0.0200333595,0.7099769115,inf,0.0300490856,inf,inf,inf,0.0300281048,0.0699579716,inf,inf,inf,inf,inf,inf,inf,1583
1779239133.0402643681,-0.1374691725,-0.0373099633,0.1081285179,-0.0110518571,0.0138529118,0.0026910986,2.8080000877,nan,nan,-0.1000000015,0.0000000000,0.9599999785,0.0000000000,nan,nan,nan,nan,nan,nan,nan,nan,nan,nan,nan,nan,0.0488345027,0.0569745824,1.1000000238,-0.1117287427,-0.6279381514,0.0000000000,nan,nan,nan,nan,nan,nan,nan,nan,nan,nan,nan,nan,nan,nan,nan,nan,nan,nan,nan,nan,nan,0.0300452709,0.7199888229,inf,0.0400609970,inf,inf,inf,0.0400400162,0.0799698830,inf,inf,inf,inf,inf,inf,inf,1583
1779239133.0501935482,-0.1374691725,-0.0373099633,0.1081285179,-0.0110518571,0.0138529118,0.0026910986,2.8080000877,nan,nan,-0.1000000015,0.0000000000,0.9599999785,0.0000000000,nan,nan,nan,nan,nan,nan,nan,nan,nan,nan,nan,nan,0.0488345027,0.0569745824,1.1000000238,-0.1117287427,-0.6279381514,0.0000000000,nan,nan,nan,nan,nan,nan,nan,nan,nan,nan,nan,nan,nan,nan,nan,nan,nan,nan,nan,nan,nan,0.0399744511,0.7299180031,inf,0.0000088215,inf,inf,inf,0.0499691963,0.0898990631,inf,inf,inf,inf,inf,inf,inf,1583
1779239133.0603051186,-0.1376641840,-0.0366221555,0.1104789227,-0.0138266728,0.0083215893,0.0027101010,2.8080000877,nan,nan,-0.1000000015,0.0000000000,0.9599999785,0.0000000000,nan,nan,nan,nan,nan,nan,nan,nan,nan,nan,nan,nan,0.0488345027,0.0569745824,1.1000000238,-0.1655014753,-0.4988638759,0.0000000000,nan,nan,nan,nan,nan,nan,nan,nan,nan,nan,nan,nan,nan,nan,nan,nan,nan,nan,nan,nan,nan,0.0000452995,0.7400295734,inf,0.0101203918,inf,inf,inf,0.0600807667,0.0000143051,inf,inf,inf,inf,inf,inf,inf,1583
1779239133.0702943802,-0.1376641840,-0.0366221555,0.1104789227,-0.0138266728,0.0083215893,0.0027101010,2.8080000877,nan,nan,-0.1000000015,0.0000000000,0.9599999785,0.0000000000,nan,nan,nan,nan,nan,nan,nan,nan,nan,nan,nan,nan,0.0488345027,0.0569745824,1.1000000238,-0.1655014753,-0.4988638759,0.0000000000,nan,nan,nan,nan,nan,nan,nan,nan,nan,nan,nan,nan,nan,nan,nan,nan,nan,nan,nan,nan,nan,0.0100345612,0.7500188351,inf,0.0201096535,inf,inf,inf,0.0700700283,0.0100035667,inf,inf,inf,inf,inf,inf,inf,1583
1779239133.0802695751,-0.1376641840,-0.0366221555,0.1104789227,-0.0138266728,0.0083215893,0.0027101010,2.8080000877,nan,nan,-0.1000000015,0.0000000000,0.9599999785,0.0000000000,nan,nan,nan,nan,nan,nan,nan,nan,nan,nan,nan,nan,0.0488345027,0.0569745824,1.1000000238,-0.1655014753,-0.4988638759,0.0000000000,nan,nan,nan,nan,nan,nan,nan,nan,nan,nan,nan,nan,nan,nan,nan,nan,nan,nan,nan,nan,nan,0.0200097561,0.7599940300,inf,0.0300848484,inf,inf,inf,0.0800452232,0.0199787617,inf,inf,inf,inf,inf,inf,inf,1583
1779239133.0902295113,-0.1376641840,-0.0366221555,0.1104789227,-0.0138266728,0.0083215893,0.0027101010,2.8080000877,nan,nan,-0.1000000015,0.0000000000,0.9599999785,0.0000000000,nan,nan,nan,nan,nan,nan,nan,nan,nan,nan,nan,nan,0.0488345027,0.0569745824,1.1000000238,-0.1655014753,-0.4988638759,0.0000000000,nan,nan,nan,nan,nan,nan,nan,nan,nan,nan,nan,nan,nan,nan,nan,nan,nan,nan,nan,nan,nan,0.0299696922,0.7699539661,inf,0.0400447845,inf,inf,inf,0.0900051594,0.0299386978,inf,inf,inf,inf,inf,inf,inf,1583
1779239133.1002233028,-0.1376641840,-0.0366221555,0.1104789227,-0.0138266728,0.0083215893,0.0027101010,2.8080000877,nan,nan,-0.1000000015,0.0000000000,0.9599999785,0.0000000000,nan,nan,nan,nan,nan,nan,nan,nan,nan,nan,nan,nan,0.0488345027,0.0569745824,1.1000000238,-0.1655014753,-0.4988638759,0.0000000000,nan,nan,nan,nan,nan,nan,nan,nan,nan,nan,nan,nan,nan,nan,nan,nan,nan,nan,nan,nan,nan,0.0399634838,0.7799477577,inf,0.0000109673,inf,inf,inf,0.0999989510,0.0399324894,inf,inf,inf,inf,inf,inf,inf,1583
1779239133.1103148460,-0.1372442693,-0.0342612974,0.1127688736,-0.0110554009,0.0110853606,0.0027063491,2.8080000877,nan,nan,-0.1000000015,0.0000000000,0.9599999785,0.0000000000,nan,nan,nan,nan,nan,nan,nan,nan,nan,nan,nan,nan,0.0473806150,0.0521300659,1.1000000238,-0.1655014753,-0.4988638759,0.0000000000,nan,nan,nan,nan,nan,nan,nan,nan,nan,nan,nan,nan,nan,nan,nan,nan,nan,nan,nan,nan,nan,0.0000436306,0.7900393009,inf,0.0101025105,inf,inf,inf,0.0000140667,0.0500240326,inf,inf,inf,inf,inf,inf,inf,1583
1779239133.1202874184,-0.1372442693,-0.0342612974,0.1127688736,-0.0110554009,0.0110853606,0.0027063491,2.8080000877,nan,nan,-0.1000000015,0.0000000000,0.9599999785,0.0000000000,nan,nan,nan,nan,nan,nan,nan,nan,nan,nan,nan,nan,0.0473806150,0.0521300659,1.1000000238,-0.1655014753,-0.4988638759,0.0000000000,nan,nan,nan,nan,nan,nan,nan,nan,nan,nan,nan,nan,nan,nan,nan,nan,nan,nan,nan,nan,nan,0.0100162029,0.8000118732,inf,0.0200750828,inf,inf,inf,0.0099866390,0.0599966049,inf,inf,inf,inf,inf,inf,inf,1583
1779239133.1302886009,-0.1372442693,-0.0342612974,0.1127688736,-0.0110554009,0.0110853606,0.0027063491,2.8080000877,nan,nan,-0.1000000015,0.0000000000,0.9599999785,0.0000000000,nan,nan,nan,nan,nan,nan,nan,nan,nan,nan,nan,nan,0.0473806150,0.0521300659,1.1000000238,-0.1655014753,-0.4988638759,0.0000000000,nan,nan,nan,nan,nan,nan,nan,nan,nan,nan,nan,nan,nan,nan,nan,nan,nan,nan,nan,nan,nan,0.0200173855,0.8100130558,inf,0.0300762653,inf,inf,inf,0.0199878216,0.0699977875,inf,inf,inf,inf,inf,inf,inf,1583
1779239133.1403412819,-0.1372442693,-0.0342612974,0.1127688736,-0.0110554009,0.0110853606,0.0027063491,2.8080000877,nan,nan,-0.1000000015,0.0000000000,0.9599999785,0.0000000000,nan,nan,nan,nan,nan,nan,nan,nan,nan,nan,nan,nan,0.0473806150,0.0521300659,1.1000000238,-0.1655014753,-0.4988638759,0.0000000000,nan,nan,nan,nan,nan,nan,nan,nan,nan,nan,nan,nan,nan,nan,nan,nan,nan,nan,nan,nan,nan,0.0300700665,0.8200657368,inf,0.0401289463,inf,inf,inf,0.0300405025,0.0800504684,inf,inf,inf,inf,inf,inf,inf,1583
1779239133.1502780914,-0.1372442693,-0.0342612974,0.1127688736,-0.0110554009,0.0110853606,0.0027063491,2.8080000877,nan,nan,-0.1000000015,0.0000000000,0.9599999785,0.0000000000,nan,nan,nan,nan,nan,nan,nan,nan,nan,nan,nan,nan,0.0473806150,0.0521300659,1.1000000238,-0.1655014753,-0.4988638759,0.0000000000,nan,nan,nan,nan,nan,nan,nan,nan,nan,nan,nan,nan,nan,nan,nan,nan,nan,nan,nan,nan,nan,0.0400068760,0.8300025463,inf,0.0000181198,inf,inf,inf,0.0399773121,0.0899872780,inf,inf,inf,inf,inf,inf,inf,1583
1779239133.1603279114,-0.1373561919,-0.0329453088,0.1145087555,-0.0082950756,0.0055465256,0.0027445719,2.8080000877,nan,nan,-0.1000000015,0.0000000000,0.9599999785,0.0000000000,nan,nan,nan,nan,nan,nan,nan,nan,nan,nan,nan,nan,0.0473806150,0.0521300659,1.1000000238,-0.1425395310,-0.4123383164,0.0000000000,nan,nan,nan,nan,nan,nan,nan,nan,nan,nan,nan,nan,nan,nan,nan,nan,nan,nan,nan,nan,nan,0.0000562668,0.8400523663,inf,0.0100679398,inf,inf,inf,0.0500271320,0.0000185966,inf,inf,inf,inf,inf,inf,inf,1583
1779239133.1703279018,-0.1373561919,-0.0329453088,0.1145087555,-0.0082950756,0.0055465256,0.0027445719,2.8080000877,nan,nan,-0.1000000015,0.0000000000,0.9599999785,0.0000000000,nan,nan,nan,nan,nan,nan,nan,nan,nan,nan,nan,nan,0.0473806150,0.0521300659,1.1000000238,-0.1425395310,-0.4123383164,0.0000000000,nan,nan,nan,nan,nan,nan,nan,nan,nan,nan,nan,nan,nan,nan,nan,nan,nan,nan,nan,nan,nan,0.0100562572,0.8500523567,inf,0.0200679302,inf,inf,inf,0.0600271225,0.0100185871,inf,inf,inf,inf,inf,inf,inf,1583
1779239133.1802878380,-0.1373561919,-0.0329453088,0.1145087555,-0.0082950756,0.0055465256,0.0027445719,2.8080000877,nan,nan,-0.1000000015,0.0000000000,0.9599999785,0.0000000000,nan,nan,nan,nan,nan,nan,nan,nan,nan,nan,nan,nan,0.0473806150,0.0521300659,1.1000000238,-0.1425395310,-0.4123383164,0.0000000000,nan,nan,nan,nan,nan,nan,nan,nan,nan,nan,nan,nan,nan,nan,nan,nan,nan,nan,nan,nan,nan,0.0200161934,0.8600122929,inf,0.0300278664,inf,inf,inf,0.0699870586,0.0199785233,inf,inf,inf,inf,inf,inf,inf,1583
1779239133.1902925968,-0.1373561919,-0.0329453088,0.1145087555,-0.0082950756,0.0055465256,0.0027445719,2.8080000877,nan,nan,-0.1000000015,0.0000000000,0.9599999785,0.0000000000,nan,nan,nan,nan,nan,nan,nan,nan,nan,nan,nan,nan,0.0473806150,0.0521300659,1.1000000238,-0.1425395310,-0.4123383164,0.0000000000,nan,nan,nan,nan,nan,nan,nan,nan,nan,nan,nan,nan,nan,nan,nan,nan,nan,nan,nan,nan,nan,0.0300209522,0.8700170517,inf,0.0400326252,inf,inf,inf,0.0799918175,0.0299832821,inf,inf,inf,inf,inf,inf,inf,1583
1779239133.2003269196,-0.1373561919,-0.0329453088,0.1145087555,-0.0082950756,0.0055465256,0.0027445719,2.8080000877,nan,nan,-0.1000000015,0.0000000000,0.9599999785,0.0000000000,nan,nan,nan,nan,nan,nan,nan,nan,nan,nan,nan,nan,0.0459268093,0.0469522513,1.1000000238,-0.1425395310,-0.4123383164,0.0000000000,nan,nan,nan,nan,nan,nan,nan,nan,nan,nan,nan,nan,nan,nan,nan,nan,nan,nan,nan,nan,nan,0.0400552750,0.8800513744,inf,0.0000519753,inf,inf,inf,0.0000174046,0.0400176048,inf,inf,inf,inf,inf,inf,inf,1583
1779239133.2102549076,-0.1366961002,-0.0307774842,0.1162773892,-0.0082913649,0.0083140570,0.0027331219,2.8080000877,nan,nan,-0.1000000015,0.0000000000,0.9599999785,0.0000000000,nan,nan,nan,nan,nan,nan,nan,nan,nan,nan,nan,nan,0.0459268093,0.0469522513,1.1000000238,-0.1425395310,-0.4123383164,0.0000000000,nan,nan,nan,nan,nan,nan,nan,nan,nan,nan,nan,nan,nan,nan,nan,nan,nan,nan,nan,nan,nan,0.0000131130,0.8899793625,inf,0.0099799633,inf,inf,inf,0.0099453926,0.0499455929,inf,inf,inf,inf,inf,inf,inf,1583
1779239133.2202687263,-0.1366961002,-0.0307774842,0.1162773892,-0.0082913649,0.0083140570,0.0027331219,2.8080000877,nan,nan,-0.1000000015,0.0000000000,0.9599999785,0.0000000000,nan,nan,nan,nan,nan,nan,nan,nan,nan,nan,nan,nan,0.0459268093,0.0469522513,1.1000000238,-0.1425395310,-0.4123383164,0.0000000000,nan,nan,nan,nan,nan,nan,nan,nan,nan,nan,nan,nan,nan,nan,nan,nan,nan,nan,nan,nan,nan,0.0100269318,0.8999931812,inf,0.0199937820,inf,inf,inf,0.0199592113,0.0599594116,inf,inf,inf,inf,inf,inf,inf,1583
1779239133.2302658558,-0.1366961002,-0.0307774842,0.1162773892,-0.0082913649,0.0083140570,0.0027331219,2.8080000877,nan,nan,-0.1000000015,0.0000000000,0.9599999785,0.0000000000,nan,nan,nan,nan,nan,nan,nan,nan,nan,nan,nan,nan,0.0459268093,0.0469522513,1.1000000238,-0.1425395310,-0.4123383164,0.0000000000,nan,nan,nan,nan,nan,nan,nan,nan,nan,nan,nan,nan,nan,nan,nan,nan,nan,nan,nan,nan,nan,0.0200240612,0.9099903107,inf,0.0299909115,inf,inf,inf,0.0299563408,0.0699565411,inf,inf,inf,inf,inf,inf,inf,1583
1779239133.2402837276,-0.1366961002,-0.0307774842,0.1162773892,-0.0082913649,0.0083140570,0.0027331219,2.8080000877,nan,nan,-0.1000000015,0.0000000000,0.9599999785,0.0000000000,nan,nan,nan,nan,nan,nan,nan,nan,nan,nan,nan,nan,0.0459268093,0.0469522513,1.1000000238,-0.1425395310,-0.4123383164,0.0000000000,nan,nan,nan,nan,nan,nan,nan,nan,nan,nan,nan,nan,nan,nan,nan,nan,nan,nan,nan,nan,nan,0.0300419331,0.9200081825,inf,0.0400087833,inf,inf,inf,0.0399742126,0.0799744129,inf,inf,inf,inf,inf,inf,inf,1583
1779239133.2502348423,-0.1366961002,-0.0307774842,0.1162773892,-0.0082913649,0.0083140570,0.0027331219,2.8080000877,nan,nan,0.0000000000,0.0000000000,0.9599999785,0.0000000000,nan,nan,nan,nan,nan,nan,nan,nan,nan,nan,nan,nan,0.0459268093,0.0469522513,1.1000000238,-0.1425395310,-0.4123383164,0.0000000000,nan,nan,nan,nan,nan,nan,nan,nan,nan,nan,nan,nan,nan,nan,nan,nan,nan,nan,nan,nan,nan,0.0399930477,0.9299592972,inf,0.0000121593,inf,inf,inf,0.0499253273,0.0899255276,inf,inf,inf,inf,inf,inf,inf,1583
1779239133.2603275776,-0.1358664483,-0.0286500715,0.1176707819,-0.0083027427,0.0055350419,-0.0000229782,2.8080000877,nan,nan,0.0000000000,0.0000000000,0.9599999785,0.0000000000,nan,nan,nan,nan,nan,nan,nan,nan,nan,nan,nan,nan,0.0459268093,0.0469522513,1.1000000238,-0.0426315516,-2.1053764820,0.0000000000,nan,nan,nan,nan,nan,nan,nan,nan,nan,nan,nan,nan,nan,nan,nan,nan,nan,nan,nan,nan,nan,0.0000503063,0.9400520325,inf,0.0101048946,inf,inf,inf,0.0600180626,0.0000152588,inf,inf,inf,inf,inf,inf,inf,1583
1779239133.2703304291,-0.1358664483,-0.0286500715,0.1176707819,-0.0083027427,0.0055350419,-0.0000229782,2.8080000877,nan,nan,0.0000000000,0.0000000000,0.9599999785,0.0000000000,nan,nan,nan,nan,nan,nan,nan,nan,nan,nan,nan,nan,0.0459268093,0.0469522513,1.1000000238,-0.0426315516,-2.1053764820,0.0000000000,nan,nan,nan,nan,nan,nan,nan,nan,nan,nan,nan,nan,nan,nan,nan,nan,nan,nan,nan,nan,nan,0.0100531578,0.9500548840,inf,0.0201077461,inf,inf,inf,0.0700209141,0.0100181103,inf,inf,inf,inf,inf,inf,inf,1583
1779239133.2803237438,-0.1358664483,-0.0286500715,0.1176707819,-0.0083027427,0.0055350419,-0.0000229782,2.8080000877,nan,nan,0.0000000000,0.0000000000,0.9599999785,0.0000000000,nan,nan,nan,nan,nan,nan,nan,nan,nan,nan,nan,nan,0.0459268093,0.0469522513,1.1000000238,-0.0426315516,-2.1053764820,0.0000000000,nan,nan,nan,nan,nan,nan,nan,nan,nan,nan,nan,nan,nan,nan,nan,nan,nan,nan,nan,nan,nan,0.0200464725,0.9600481987,inf,0.0301010609,inf,inf,inf,0.0800142288,0.0200114250,inf,inf,inf,inf,inf,inf,inf,1583
1779239133.2903017998,-0.1358664483,-0.0286500715,0.1176707819,-0.0083027427,0.0055350419,-0.0000229782,2.8080000877,nan,nan,0.0000000000,0.0000000000,0.9599999785,0.0000000000,nan,nan,nan,nan,nan,nan,nan,nan,nan,nan,nan,nan,0.0459268093,0.0469522513,1.1000000238,-0.0426315516,-2.1053764820,0.0000000000,nan,nan,nan,nan,nan,nan,nan,nan,nan,nan,nan,nan,nan,nan,nan,nan,nan,nan,nan,nan,nan,0.0300245285,0.9700262547,inf,0.0400791168,inf,inf,inf,0.0899922848,0.0299894810,inf,inf,inf,inf,inf,inf,inf,1583
1779239133.3003048897,-0.1358664483,-0.0286500715,0.1176707819,-0.0083027427,0.0055350419,-0.0000229782,2.8080000877,nan,nan,0.0000000000,0.0000000000,0.9599999785,0.0000000000,nan,nan,nan,nan,nan,nan,nan,nan,nan,nan,nan,nan,0.0459268093,0.0469522513,1.1000000238,-0.0426315516,-2.1053764820,0.0000000000,nan,nan,nan,nan,nan,nan,nan,nan,nan,nan,nan,nan,nan,nan,nan,nan,nan,nan,nan,nan,nan,0.0400276184,0.9800293446,inf,0.0000202656,inf,inf,inf,0.0999953747,0.0399925709,inf,inf,inf,inf,inf,inf,inf,1583
1779239133.3103981018,-0.1349148303,-0.0265833214,0.1189299449,-0.0083027427,0.0055350419,-0.0000229782,2.8080000877,nan,nan,0.0000000000,0.0000000000,0.9599999785,0.0000000000,nan,nan,nan,nan,nan,nan,nan,nan,nan,nan,nan,nan,0.1727638692,0.0397677720,1.1000000238,-0.0426315516,-2.1053764820,0.0000000000,nan,nan,nan,nan,nan,nan,nan,nan,nan,nan,nan,nan,nan,nan,nan,nan,nan,nan,nan,nan,nan,0.0000598431,0.9901225567,inf,0.0101134777,inf,inf,inf,0.0000183582,0.0500857830,inf,inf,inf,inf,inf,inf,inf,1583
1779239133.3202989101,-0.1349148303,-0.0265833214,0.1189299449,-0.0083027427,0.0055350419,-0.0000229782,2.7390000820,nan,nan,0.0000000000,0.0000000000,0.9599999785,0.0000000000,nan,nan,nan,nan,nan,nan,nan,nan,nan,nan,nan,nan,0.1727638692,0.0397677720,1.1000000238,-0.0426315516,-2.1053764820,0.0000000000,nan,nan,nan,nan,nan,nan,nan,nan,nan,nan,nan,nan,nan,nan,nan,nan,nan,nan,nan,nan,nan,0.0099606514,0.0000162125,inf,0.0200142860,inf,inf,inf,0.0099191666,0.0599865913,inf,inf,inf,inf,inf,inf,inf,1583
1779239133.3303642273,-0.1349148303,-0.0265833214,0.1189299449,-0.0083027427,0.0055350419,-0.0000229782,2.7390000820,nan,nan,0.0000000000,0.0000000000,0.9599999785,0.0000000000,nan,nan,nan,nan,nan,nan,nan,nan,nan,nan,nan,nan,0.1727638692,0.0397677720,1.1000000238,-0.0426315516,-2.1053764820,0.0000000000,nan,nan,nan,nan,nan,nan,nan,nan,nan,nan,nan,nan,nan,nan,nan,nan,nan,nan,nan,nan,nan,0.0200259686,0.0100815296,inf,0.0300796032,inf,inf,inf,0.0199844837,0.0700519085,inf,inf,inf,inf,inf,inf,inf,1583
1779239133.3403494358,-0.1349148303,-0.0265833214,0.1189299449,-0.0083027427,0.0055350419,-0.0000229782,2.7390000820,nan,nan,0.0000000000,0.0000000000,0.9599999785,0.0000000000,nan,nan,nan,nan,nan,nan,nan,nan,nan,nan,nan,nan,0.1727638692,0.0397677720,1.1000000238,-0.0426315516,-2.1053764820,0.0000000000,nan,nan,nan,nan,nan,nan,nan,nan,nan,nan,nan,nan,nan,nan,nan,nan,nan,nan,nan,nan,nan,0.0300111771,0.0200667381,inf,0.0400648117,inf,inf,inf,0.0299696922,0.0800371170,inf,inf,inf,inf,inf,inf,inf,1583
1779239133.3503320217,-0.1349148303,-0.0265833214,0.1189299449,-0.0083027427,0.0055350419,-0.0000229782,2.7390000820,nan,nan,0.0000000000,0.0000000000,0.9599999785,0.0000000000,nan,nan,nan,nan,nan,nan,nan,nan,nan,nan,nan,nan,0.1727638692,0.0397677720,1.1000000238,-0.0426315516,-2.1053764820,0.0000000000,nan,nan,nan,nan,nan,nan,nan,nan,nan,nan,nan,nan,nan,nan,nan,nan,nan,nan,nan,nan,nan,0.0399937630,0.0300493240,inf,0.0000185966,inf,inf,inf,0.0399522781,0.0900197029,inf,inf,inf,inf,inf,inf,inf,1583
1779239133.3603663445,-0.1338457167,-0.0245900508,0.1204400733,-0.0027677409,0.0138378038,-0.0000191500,2.7390000820,nan,nan,0.0000000000,0.0000000000,0.9599999785,0.0000000000,nan,nan,nan,nan,nan,nan,nan,nan,nan,nan,nan,nan,0.1727638692,0.0397677720,1.1000000238,-0.0279707015,-1.9611963034,0.0000000000,nan,nan,nan,nan,nan,nan,nan,nan,nan,nan,nan,nan,nan,nan,nan,nan,nan,nan,nan,nan,nan,0.0000579357,0.0400836468,inf,0.0100529194,inf,inf,inf,0.0499866009,0.0000181198,inf,inf,inf,inf,inf,inf,inf,1583
1779239133.3703427315,-0.1338457167,-0.0245900508,0.1204400733,-0.0027677409,0.0138378038,-0.0000191500,2.7390000820,nan,nan,0.0000000000,0.0000000000,0.9599999785,0.0000000000,nan,nan,nan,nan,nan,nan,nan,nan,nan,nan,nan,nan,0.1727638692,0.0397677720,1.1000000238,-0.0279707015,-1.9611963034,0.0000000000,nan,nan,nan,nan,nan,nan,nan,nan,nan,nan,nan,nan,nan,nan,nan,nan,nan,nan,nan,nan,nan,0.0100343227,0.0500600338,inf,0.0200293064,inf,inf,inf,0.0599629879,0.0099945068,inf,inf,inf,inf,inf,inf,inf,1583
1779239133.3802697659,-0.1338457167,-0.0245900508,0.1204400733,-0.0027677409,0.0138378038,-0.0000191500,2.7390000820,nan,nan,0.0000000000,0.0000000000,0.9599999785,0.0000000000,nan,nan,nan,nan,nan,nan,nan,nan,nan,nan,nan,nan,0.1727638692,0.0397677720,1.1000000238,-0.0279707015,-1.9611963034,0.0000000000,nan,nan,nan,nan,nan,nan,nan,nan,nan,nan,nan,nan,nan,nan,nan,nan,nan,nan,nan,nan,nan,0.0199613571,0.0599870682,inf,0.0299563408,inf,inf,inf,0.0698900223,0.0199215412,inf,inf,inf,inf,inf,inf,inf,1583
1779239133.3902668953,-0.1338457167,-0.0245900508,0.1204400733,-0.0027677409,0.0138378038,-0.0000191500,2.7390000820,nan,nan,0.0000000000,0.0000000000,0.9599999785,0.0000000000,nan,nan,nan,nan,nan,nan,nan,nan,nan,nan,nan,nan,0.1727638692,0.0397677720,1.1000000238,-0.0279707015,-1.9611963034,0.0000000000,nan,nan,nan,nan,nan,nan,nan,nan,nan,nan,nan,nan,nan,nan,nan,nan,nan,nan,nan,nan,nan,0.0299584866,0.0699841976,inf,0.0399534702,inf,inf,inf,0.0798871517,0.0299186707,inf,inf,inf,inf,inf,inf,inf,1583
1779239133.4002013206,-0.1338457167,-0.0245900508,0.1204400733,-0.0027677409,0.0138378038,-0.0000191500,2.7390000820,nan,nan,0.0000000000,0.0000000000,0.9599999785,0.0000000000,nan,nan,nan,nan,nan,nan,nan,nan,nan,nan,nan,nan,0.1727638692,0.0397677720,1.1000000238,-0.0279707015,-1.9611963034,0.0000000000,nan,nan,nan,nan,nan,nan,nan,nan,nan,nan,nan,nan,nan,nan,nan,nan,nan,nan,nan,nan,nan,0.0398929119,0.0799186230,inf,0.0000088215,inf,inf,inf,0.0898215771,0.0398530960,inf,inf,inf,inf,inf,inf,inf,1583
1779239133.4102258682,-0.1325285435,-0.0227909274,0.1219345406,-0.0027677409,0.0138378038,-0.0000191500,2.7390000820,nan,nan,0.0000000000,0.0000000000,0.9599999785,0.0000000000,nan,nan,nan,nan,nan,nan,nan,nan,nan,nan,nan,nan,0.1687628031,0.0335564800,1.1000000238,-0.0279707015,-1.9611963034,0.0000000000,nan,nan,nan,nan,nan,nan,nan,nan,nan,nan,nan,nan,nan,nan,nan,nan,nan,nan,nan,nan,nan,0.0000281334,0.0899431705,inf,0.0100333691,inf,inf,inf,0.0000078678,0.0498776436,inf,inf,inf,inf,inf,inf,inf,1583
1779239133.4202332497,-0.1325285435,-0.0227909274,0.1219345406,-0.0027677409,0.0138378038,-0.0000191500,2.7390000820,nan,nan,0.0000000000,0.0000000000,0.9599999785,0.0000000000,nan,nan,nan,nan,nan,nan,nan,nan,nan,nan,nan,nan,0.1687628031,0.0335564800,1.1000000238,-0.0279707015,-1.9611963034,0.0000000000,nan,nan,nan,nan,nan,nan,nan,nan,nan,nan,nan,nan,nan,nan,nan,nan,nan,nan,nan,nan,nan,0.0100355148,0.0999505520,inf,0.0200407505,inf,inf,inf,0.0100152493,0.0598850250,inf,inf,inf,inf,inf,inf,inf,1583
1779239133.4302344322,-0.1325285435,-0.0227909274,0.1219345406,-0.0027677409,0.0138378038,-0.0000191500,2.7390000820,nan,nan,0.0000000000,0.0000000000,0.9599999785,0.0000000000,nan,nan,nan,nan,nan,nan,nan,nan,nan,nan,nan,nan,0.1687628031,0.0335564800,1.1000000238,-0.0279707015,-1.9611963034,0.0000000000,nan,nan,nan,nan,nan,nan,nan,nan,nan,nan,nan,nan,nan,nan,nan,nan,nan,nan,nan,nan,nan,0.0200366974,0.1099517345,inf,0.0300419331,inf,inf,inf,0.0200164318,0.0698862076,inf,inf,inf,inf,inf,inf,inf,1583
1779239133.4402616024,-0.1325285435,-0.0227909274,0.1219345406,-0.0027677409,0.0138378038,-0.0000191500,2.7390000820,nan,nan,0.0000000000,0.0000000000,0.9599999785,0.0000000000,nan,nan,nan,nan,nan,nan,nan,nan,nan,nan,nan,nan,0.1687628031,0.0335564800,1.1000000238,-0.0279707015,-1.9611963034,0.0000000000,nan,nan,nan,nan,nan,nan,nan,nan,nan,nan,nan,nan,nan,nan,nan,nan,nan,nan,nan,nan,nan,0.0300638676,0.1199789047,inf,0.0400691032,inf,inf,inf,0.0300436020,0.0799133778,inf,inf,inf,inf,inf,inf,inf,1583
1779239133.4502151012,-0.1325285435,-0.0227909274,0.1219345406,-0.0027677409,0.0138378038,-0.0000191500,2.7390000820,nan,nan,0.1000000015,0.0000000000,0.9599999785,0.0000000000,nan,nan,nan,nan,nan,nan,nan,nan,nan,nan,nan,nan,0.1687628031,0.0335564800,1.1000000238,-0.0279707015,-1.9611963034,0.0000000000,nan,nan,nan,nan,nan,nan,nan,nan,nan,nan,nan,nan,nan,nan,nan,nan,nan,nan,nan,nan,nan,0.0400173664,0.1299324036,inf,0.0000073910,inf,inf,inf,0.0399971008,0.0898668766,inf,inf,inf,inf,inf,inf,inf,1583
1779239133.4602155685,-0.1341667920,-0.0231885742,0.1216823161,-0.0027678284,0.0166054224,-0.0000229810,2.7390000820,nan,nan,0.1000000015,0.0000000000,0.9599999785,0.0000000000,nan,nan,nan,nan,nan,nan,nan,nan,nan,nan,nan,nan,0.1687628031,0.0335564800,1.1000000238,-0.8451805115,-4.4044346809,0.0000000000,nan,nan,nan,nan,nan,nan,nan,nan,nan,nan,nan,nan,nan,nan,nan,nan,nan,nan,nan,nan,nan,0.0000245571,0.1399328709,inf,0.0100078583,inf,inf,inf,0.0499975681,0.0000071526,inf,inf,inf,inf,inf,inf,inf,1583
1779239133.4702587128,-0.1341667920,-0.0231885742,0.1216823161,-0.0027678284,0.0166054224,-0.0000229810,2.7390000820,nan,nan,0.1000000015,0.0000000000,0.9599999785,0.0000000000,nan,nan,nan,nan,nan,nan,nan,nan,nan,nan,nan,nan,0.1687628031,0.0335564800,1.1000000238,-0.8451805115,-4.4044346809,0.0000000000,nan,nan,nan,nan,nan,nan,nan,nan,nan,nan,nan,nan,nan,nan,nan,nan,nan,nan,nan,nan,nan,0.0100677013,0.1499760151,inf,0.0200510025,inf,inf,inf,0.0600407124,0.0100502968,inf,inf,inf,inf,inf,inf,inf,1583
1779239133.4802672863,-0.1341667920,-0.0231885742,0.1216823161,-0.0027678284,0.0166054224,-0.0000229810,2.7390000820,nan,nan,0.1000000015,0.0000000000,0.9599999785,0.0000000000,nan,nan,nan,nan,nan,nan,nan,nan,nan,nan,nan,nan,0.1687628031,0.0335564800,1.1000000238,-0.8451805115,-4.4044346809,0.0000000000,nan,nan,nan,nan,nan,nan,nan,nan,nan,nan,nan,nan,nan,nan,nan,nan,nan,nan,nan,nan,nan,0.0200762749,0.1599845886,inf,0.0300595760,inf,inf,inf,0.0700492859,0.0200588703,inf,inf,inf,inf,inf,inf,inf,1583
1779239133.4902586937,-0.1341667920,-0.0231885742,0.1216823161,-0.0027678284,0.0166054224,-0.0000229810,2.7390000820,nan,nan,0.1000000015,0.0000000000,0.9599999785,0.0000000000,nan,nan,nan,nan,nan,nan,nan,nan,nan,nan,nan,nan,0.1687628031,0.0335564800,1.1000000238,-0.8451805115,-4.4044346809,0.0000000000,nan,nan,nan,nan,nan,nan,nan,nan,nan,nan,nan,nan,nan,nan,nan,nan,nan,nan,nan,nan,nan,0.0300676823,0.1699759960,inf,0.0400509834,inf,inf,inf,0.0800406933,0.0300502777,inf,inf,inf,inf,inf,inf,inf,1583
1779239133.5001785755,-0.1341667920,-0.0231885742,0.1216823161,-0.0027678284,0.0166054224,-0.0000229810,2.7390000820,nan,nan,0.1000000015,0.0000000000,0.9599999785,0.0000000000,nan,nan,nan,nan,nan,nan,nan,nan,nan,nan,nan,nan,0.1687628031,0.0335564800,1.1000000238,-0.8451805115,-4.4044346809,0.0000000000,nan,nan,nan,nan,nan,nan,nan,nan,nan,nan,nan,nan,nan,nan,nan,nan,nan,nan,nan,nan,nan,0.0399875641,0.1798958778,inf,0.0000071526,inf,inf,inf,0.0899605751,0.0399701595,inf,inf,inf,inf,inf,inf,inf,1583
1779239133.5102071762,-0.1328006834,-0.0222199559,0.1226218939,-0.0055358689,0.0193730187,-0.0000536251,2.7390000820,nan,nan,0.1000000015,0.0000000000,0.9599999785,0.0000000000,nan,nan,nan,nan,nan,nan,nan,nan,nan,nan,nan,nan,0.2989577055,0.0351358838,1.1000000238,-0.8451805115,-4.4044346809,0.0000000000,nan,nan,nan,nan,nan,nan,nan,nan,nan,nan,nan,nan,nan,nan,nan,nan,nan,nan,nan,nan,nan,0.0000236034,0.1899244785,inf,0.0100357533,inf,inf,inf,0.0000061989,0.0499987602,inf,inf,inf,inf,inf,inf,inf,1583
1779239133.5202770233,-0.1328006834,-0.0222199559,0.1226218939,-0.0055358689,0.0193730187,-0.0000536251,2.7390000820,nan,nan,0.1000000015,0.0000000000,0.9599999785,0.0000000000,nan,nan,nan,nan,nan,nan,nan,nan,nan,nan,nan,nan,0.2989577055,0.0351358838,1.1000000238,-0.8451805115,-4.4044346809,0.0000000000,nan,nan,nan,nan,nan,nan,nan,nan,nan,nan,nan,nan,nan,nan,nan,nan,nan,nan,nan,nan,nan,0.0100934505,0.1999943256,inf,0.0201056004,inf,inf,inf,0.0100760460,0.0600686073,inf,inf,inf,inf,inf,inf,inf,1583
1779239133.5302667618,-0.1328006834,-0.0222199559,0.1226218939,-0.0055358689,0.0193730187,-0.0000536251,2.7390000820,nan,nan,0.1000000015,0.0000000000,0.9599999785,0.0000000000,nan,nan,nan,nan,nan,nan,nan,nan,nan,nan,nan,nan,0.2989577055,0.0351358838,1.1000000238,-0.8451805115,-4.4044346809,0.0000000000,nan,nan,nan,nan,nan,nan,nan,nan,nan,nan,nan,nan,nan,nan,nan,nan,nan,nan,nan,nan,nan,0.0200831890,0.2099840641,inf,0.0300953388,inf,inf,inf,0.0200657845,0.0700583458,inf,inf,inf,inf,inf,inf,inf,1583
1779239133.5403075218,-0.1328006834,-0.0222199559,0.1226218939,-0.0055358689,0.0193730187,-0.0000536251,2.7390000820,nan,nan,0.1000000015,0.0000000000,0.9599999785,0.0000000000,nan,nan,nan,nan,nan,nan,nan,nan,nan,nan,nan,nan,0.2989577055,0.0351358838,1.1000000238,-0.8451805115,-4.4044346809,0.0000000000,nan,nan,nan,nan,nan,nan,nan,nan,nan,nan,nan,nan,nan,nan,nan,nan,nan,nan,nan,nan,nan,0.0301239491,0.2200248241,inf,0.0401360989,inf,inf,inf,0.0301065445,0.0800991058,inf,inf,inf,inf,inf,inf,inf,1583
1779239133.5502314568,-0.1328006834,-0.0222199559,0.1226218939,-0.0055358689,0.0193730187,-0.0000536251,2.7390000820,nan,nan,0.1000000015,0.0000000000,0.9599999785,0.0000000000,nan,nan,nan,nan,nan,nan,nan,nan,nan,nan,nan,nan,0.2989577055,0.0351358838,1.1000000238,-0.8451805115,-4.4044346809,0.0000000000,nan,nan,nan,nan,nan,nan,nan,nan,nan,nan,nan,nan,nan,nan,nan,nan,nan,nan,nan,nan,nan,0.0400478840,0.2299487591,inf,0.0000083447,inf,inf,inf,0.0400304794,0.0900230408,inf,inf,inf,inf,inf,inf,inf,1583
1779239133.5602071285,-0.1319396496,-0.0204913542,0.1233206466,-0.0083055339,0.0304438658,-0.0001264368,2.7390000820,nan,nan,0.1000000015,0.0000000000,0.9599999785,0.0000000000,nan,nan,nan,nan,nan,nan,nan,nan,nan,nan,nan,nan,0.2989577055,0.0351358838,1.1000000238,-0.1274963915,-3.5192918777,0.0000000000,nan,nan,nan,nan,nan,nan,nan,nan,nan,nan,nan,nan,nan,nan,nan,nan,nan,nan,nan,nan,nan,0.0000264645,0.2399244308,inf,0.0099840164,inf,inf,inf,0.0500061512,0.0000076294,inf,inf,inf,inf,inf,inf,inf,1583
1779239133.5702667236,-0.1319396496,-0.0204913542,0.1233206466,-0.0083055339,0.0304438658,-0.0001264368,2.7390000820,nan,nan,0.1000000015,0.0000000000,0.9599999785,0.0000000000,nan,nan,nan,nan,nan,nan,nan,nan,nan,nan,nan,nan,0.2989577055,0.0351358838,1.1000000238,-0.1274963915,-3.5192918777,0.0000000000,nan,nan,nan,nan,nan,nan,nan,nan,nan,nan,nan,nan,nan,nan,nan,nan,nan,nan,nan,nan,nan,0.0100860596,0.2499840260,inf,0.0200436115,inf,inf,inf,0.0600657463,0.0100672245,inf,inf,inf,inf,inf,inf,inf,1583
1779239133.5802676678,-0.1319396496,-0.0204913542,0.1233206466,-0.0083055339,0.0304438658,-0.0001264368,2.7390000820,nan,nan,0.1000000015,0.0000000000,0.9599999785,0.0000000000,nan,nan,nan,nan,nan,nan,nan,nan,nan,nan,nan,nan,0.2989577055,0.0351358838,1.1000000238,-0.1274963915,-3.5192918777,0.0000000000,nan,nan,nan,nan,nan,nan,nan,nan,nan,nan,nan,nan,nan,nan,nan,nan,nan,nan,nan,nan,nan,0.0200870037,0.2599849701,inf,0.0300445557,inf,inf,inf,0.0700666904,0.0200681686,inf,inf,inf,inf,inf,inf,inf,1583
1779239133.5902354717,-0.1319396496,-0.0204913542,0.1233206466,-0.0083055339,0.0304438658,-0.0001264368,2.7390000820,nan,nan,0.1000000015,0.0000000000,0.9599999785,0.0000000000,nan,nan,nan,nan,nan,nan,nan,nan,nan,nan,nan,nan,0.2989577055,0.0351358838,1.1000000238,-0.1274963915,-3.5192918777,0.0000000000,nan,nan,nan,nan,nan,nan,nan,nan,nan,nan,nan,nan,nan,nan,nan,nan,nan,nan,nan,nan,nan,0.0300548077,0.2699527740,inf,0.0400123596,inf,inf,inf,0.0800344944,0.0300359726,inf,inf,inf,inf,inf,inf,inf,1583
1779239133.6002922058,-0.1319396496,-0.0204913542,0.1233206466,-0.0083055339,0.0304438658,-0.0001264368,2.7390000820,nan,nan,0.1000000015,0.0000000000,0.9599999785,0.0000000000,nan,nan,nan,nan,nan,nan,nan,nan,nan,nan,nan,nan,0.2924492359,0.0312874392,1.1000000238,-0.1274963915,-3.5192918777,0.0000000000,nan,nan,nan,nan,nan,nan,nan,nan,nan,nan,nan,nan,nan,nan,nan,nan,nan,nan,nan,nan,nan,0.0401115417,0.2800095081,inf,0.0000503063,inf,inf,inf,0.0000157356,0.0400927067,inf,inf,inf,inf,inf,inf,inf,1583
1779239133.6102826595,-0.1296703219,-0.0197573062,0.1234326586,-0.0027263563,0.0304479022,0.0027263563,2.7390000820,nan,nan,0.1000000015,0.0000000000,0.9599999785,0.0000000000,nan,nan,nan,nan,nan,nan,nan,nan,nan,nan,nan,nan,0.2924492359,0.0312874392,1.1000000238,-0.1274963915,-3.5192918777,0.0000000000,nan,nan,nan,nan,nan,nan,nan,nan,nan,nan,nan,nan,nan,nan,nan,nan,nan,nan,nan,nan,nan,0.0000183582,0.2899999619,inf,0.0100407600,inf,inf,inf,0.0100061893,0.0500831604,inf,inf,inf,inf,inf,inf,inf,1583
1779239133.6203131676,-0.1296703219,-0.0197573062,0.1234326586,-0.0027263563,0.0304479022,0.0027263563,2.7390000820,nan,nan,0.1000000015,0.0000000000,0.9599999785,0.0000000000,nan,nan,nan,nan,nan,nan,nan,nan,nan,nan,nan,nan,0.2924492359,0.0312874392,1.1000000238,-0.1274963915,-3.5192918777,0.0000000000,nan,nan,nan,nan,nan,nan,nan,nan,nan,nan,nan,nan,nan,nan,nan,nan,nan,nan,nan,nan,nan,0.0100488663,0.3000304699,inf,0.0200712681,inf,inf,inf,0.0200366974,0.0601136684,inf,inf,inf,inf,inf,inf,inf,1583
1779239133.6302609444,-0.1296703219,-0.0197573062,0.1234326586,-0.0027263563,0.0304479022,0.0027263563,2.7390000820,nan,nan,0.1000000015,0.0000000000,0.9599999785,0.0000000000,nan,nan,nan,nan,nan,nan,nan,nan,nan,nan,nan,nan,0.2924492359,0.0312874392,1.1000000238,-0.1274963915,-3.5192918777,0.0000000000,nan,nan,nan,nan,nan,nan,nan,nan,nan,nan,nan,nan,nan,nan,nan,nan,nan,nan,nan,nan,nan,0.0199966431,0.3099782467,inf,0.0300190449,inf,inf,inf,0.0299844742,0.0700614452,inf,inf,inf,inf,inf,inf,inf,1583
1779239133.6402935982,-0.1296703219,-0.0197573062,0.1234326586,-0.0027263563,0.0304479022,0.0027263563,2.7390000820,nan,nan,0.1000000015,0.0000000000,0.9599999785,0.0000000000,nan,nan,nan,nan,nan,nan,nan,nan,nan,nan,nan,nan,0.2924492359,0.0312874392,1.1000000238,-0.1274963915,-3.5192918777,0.0000000000,nan,nan,nan,nan,nan,nan,nan,nan,nan,nan,nan,nan,nan,nan,nan,nan,nan,nan,nan,nan,nan,0.0300292969,0.3200109005,inf,0.0400516987,inf,inf,inf,0.0400171280,0.0800940990,inf,inf,inf,inf,inf,inf,inf,1583
1779239133.6502943039,-0.1296703219,-0.0197573062,0.1234326586,-0.0027263563,0.0304479022,0.0027263563,2.7390000820,nan,nan,0.2000000030,0.0000000000,0.9599999785,0.0000000000,nan,nan,nan,nan,nan,nan,nan,nan,nan,nan,nan,nan,0.2924492359,0.0312874392,1.1000000238,-0.1274963915,-3.5192918777,0.0000000000,nan,nan,nan,nan,nan,nan,nan,nan,nan,nan,nan,nan,nan,nan,nan,nan,nan,nan,nan,nan,nan,0.0400300026,0.3300116062,inf,0.0000188351,inf,inf,inf,0.0500178337,0.0900948048,inf,inf,inf,inf,inf,inf,inf,1583
1779239133.6603434086,-0.1266648769,-0.0193046443,0.1228965819,-0.0055377779,0.0359798368,-0.0000996352,2.7390000820,nan,nan,0.2000000030,0.0000000000,0.9599999785,0.0000000000,nan,nan,nan,nan,nan,nan,nan,nan,nan,nan,nan,nan,0.2924492359,0.0312874392,1.1000000238,-0.6672298312,-4.4657626152,0.0000000000,nan,nan,nan,nan,nan,nan,nan,nan,nan,nan,nan,nan,nan,nan,nan,nan,nan,nan,nan,nan,nan,0.0000526905,0.3400607109,inf,0.0100679398,inf,inf,inf,0.0600669384,0.0000183582,inf,inf,inf,inf,inf,inf,inf,1583
1779239133.6702606678,-0.1266648769,-0.0193046443,0.1228965819,-0.0055377779,0.0359798368,-0.0000996352,2.7390000820,nan,nan,0.2000000030,0.0000000000,0.9599999785,0.0000000000,nan,nan,nan,nan,nan,nan,nan,nan,nan,nan,nan,nan,0.2924492359,0.0312874392,1.1000000238,-0.6672298312,-4.4657626152,0.0000000000,nan,nan,nan,nan,nan,nan,nan,nan,nan,nan,nan,nan,nan,nan,nan,nan,nan,nan,nan,nan,nan,0.0099699497,0.3499779701,inf,0.0199851990,inf,inf,inf,0.0699841976,0.0099356174,inf,inf,inf,inf,inf,inf,inf,1583
1779239133.6803064346,-0.1266648769,-0.0193046443,0.1228965819,-0.0055377779,0.0359798368,-0.0000996352,2.7390000820,nan,nan,0.2000000030,0.0000000000,0.9599999785,0.0000000000,nan,nan,nan,nan,nan,nan,nan,nan,nan,nan,nan,nan,0.2924492359,0.0312874392,1.1000000238,-0.6672298312,-4.4657626152,0.0000000000,nan,nan,nan,nan,nan,nan,nan,nan,nan,nan,nan,nan,nan,nan,nan,nan,nan,nan,nan,nan,nan,0.0200157166,0.3600237370,inf,0.0300309658,inf,inf,inf,0.0800299644,0.0199813843,inf,inf,inf,inf,inf,inf,inf,1583
1779239133.6902613640,-0.1266648769,-0.0193046443,0.1228965819,-0.0055377779,0.0359798368,-0.0000996352,2.7390000820,nan,nan,0.2000000030,0.0000000000,0.9599999785,0.0000000000,nan,nan,nan,nan,nan,nan,nan,nan,nan,nan,nan,nan,0.2924492359,0.0312874392,1.1000000238,-0.6672298312,-4.4657626152,0.0000000000,nan,nan,nan,nan,nan,nan,nan,nan,nan,nan,nan,nan,nan,nan,nan,nan,nan,nan,nan,nan,nan,0.0299706459,0.3699786663,inf,0.0399858952,inf,inf,inf,0.0899848938,0.0299363136,inf,inf,inf,inf,inf,inf,inf,1583
1779239133.7002887726,-0.1266648769,-0.0193046443,0.1228965819,-0.0055377779,0.0359798368,-0.0000996352,2.7390000820,nan,nan,0.2000000030,0.0000000000,0.9599999785,0.0000000000,nan,nan,nan,nan,nan,nan,nan,nan,nan,nan,nan,nan,0.2924492359,0.0312874392,1.1000000238,-0.6672298312,-4.4657626152,0.0000000000,nan,nan,nan,nan,nan,nan,nan,nan,nan,nan,nan,nan,nan,nan,nan,nan,nan,nan,nan,nan,nan,0.0399980545,0.3800060749,inf,0.0000197887,inf,inf,inf,0.1000123024,0.0399637222,inf,inf,inf,inf,inf,inf,inf,1583
1779239133.7103347778,-0.1228361651,-0.0191426110,0.1214708537,-0.0055377779,0.0359798368,-0.0000996352,2.7390000820,nan,nan,0.2000000030,0.0000000000,0.9599999785,0.0000000000,nan,nan,nan,nan,nan,nan,nan,nan,nan,nan,nan,nan,0.4091484249,0.0333598703,1.1000000238,-0.6672298312,-4.4657626152,0.0000000000,nan,nan,nan,nan,nan,nan,nan,nan,nan,nan,nan,nan,nan,nan,nan,nan,nan,nan,nan,nan,nan,0.0000548363,0.3900520802,inf,0.0100657940,inf,inf,inf,0.0000205040,0.0500097275,inf,inf,inf,inf,inf,inf,inf,1583
1779239133.7203228474,-0.1228361651,-0.0191426110,0.1214708537,-0.0055377779,0.0359798368,-0.0000996352,2.7390000820,nan,nan,0.2000000030,0.0000000000,0.9599999785,0.0000000000,nan,nan,nan,nan,nan,nan,nan,nan,nan,nan,nan,nan,0.4091484249,0.0333598703,1.1000000238,-0.6672298312,-4.4657626152,0.0000000000,nan,nan,nan,nan,nan,nan,nan,nan,nan,nan,nan,nan,nan,nan,nan,nan,nan,nan,nan,nan,nan,0.0100429058,0.4000401497,inf,0.0200538635,inf,inf,inf,0.0100085735,0.0599977970,inf,inf,inf,inf,inf,inf,inf,1583
1779239133.7302587032,-0.1228361651,-0.0191426110,0.1214708537,-0.0055377779,0.0359798368,-0.0000996352,2.7390000820,nan,nan,0.2000000030,0.0000000000,0.9599999785,0.0000000000,nan,nan,nan,nan,nan,nan,nan,nan,nan,nan,nan,nan,0.4091484249,0.0333598703,1.1000000238,-0.6672298312,-4.4657626152,0.0000000000,nan,nan,nan,nan,nan,nan,nan,nan,nan,nan,nan,nan,nan,nan,nan,nan,nan,nan,nan,nan,nan,0.0199787617,0.4099760056,inf,0.0299897194,inf,inf,inf,0.0199444294,0.0699336529,inf,inf,inf,inf,inf,inf,inf,1583
1779239133.7402560711,-0.1228361651,-0.0191426110,0.1214708537,-0.0055377779,0.0359798368,-0.0000996352,2.7390000820,nan,nan,0.2000000030,0.0000000000,0.9599999785,0.0000000000,nan,nan,nan,nan,nan,nan,nan,nan,nan,nan,nan,nan,0.4091484249,0.0333598703,1.1000000238,-0.6672298312,-4.4657626152,0.0000000000,nan,nan,nan,nan,nan,nan,nan,nan,nan,nan,nan,nan,nan,nan,nan,nan,nan,nan,nan,nan,nan,0.0299761295,0.4199733734,inf,0.0399870872,inf,inf,inf,0.0299417973,0.0799310207,inf,inf,inf,inf,inf,inf,inf,1583
1779239133.7503032684,-0.1228361651,-0.0191426110,0.1214708537,-0.0055377779,0.0359798368,-0.0000996352,2.7390000820,nan,nan,0.2000000030,0.0000000000,0.9599999785,0.0000000000,nan,nan,nan,nan,nan,nan,nan,nan,nan,nan,nan,nan,0.4091484249,0.0333598703,1.1000000238,-0.6672298312,-4.4657626152,0.0000000000,nan,nan,nan,nan,nan,nan,nan,nan,nan,nan,nan,nan,nan,nan,nan,nan,nan,nan,nan,nan,nan,0.0400233269,0.4300205708,inf,0.0000212193,inf,inf,inf,0.0399889946,0.0899782181,inf,inf,inf,inf,inf,inf,inf,1583
1779239133.7603476048,-0.1180946156,-0.0192549415,0.1192571744,-0.0083700820,0.0442723527,-0.0029535575,2.7390000820,nan,nan,0.2000000030,0.0000000000,0.9599999785,0.0000000000,nan,nan,nan,nan,nan,nan,nan,nan,nan,nan,nan,nan,0.4091484249,0.0333598703,1.1000000238,-0.9233657718,-3.5885353088,0.0000000000,nan,nan,nan,nan,nan,nan,nan,nan,nan,nan,nan,nan,nan,nan,nan,nan,nan,nan,nan,nan,nan,0.0000693798,0.4400649071,inf,0.0100655556,inf,inf,inf,0.0500333309,0.0000169277,inf,inf,inf,inf,inf,inf,inf,1583
1779239133.7703022957,-0.1180946156,-0.0192549415,0.1192571744,-0.0083700820,0.0442723527,-0.0029535575,2.7390000820,nan,nan,0.2000000030,0.0000000000,0.9599999785,0.0000000000,nan,nan,nan,nan,nan,nan,nan,nan,nan,nan,nan,nan,0.4091484249,0.0333598703,1.1000000238,-0.9233657718,-3.5885353088,0.0000000000,nan,nan,nan,nan,nan,nan,nan,nan,nan,nan,nan,nan,nan,nan,nan,nan,nan,nan,nan,nan,nan,0.0100240707,0.4500195980,inf,0.0200202465,inf,inf,inf,0.0599880219,0.0099716187,inf,inf,inf,inf,inf,inf,inf,1583
1779239133.7802727222,-0.1180946156,-0.0192549415,0.1192571744,-0.0083700820,0.0442723527,-0.0029535575,2.7390000820,nan,nan,0.2000000030,0.0000000000,0.9599999785,0.0000000000,nan,nan,nan,nan,nan,nan,nan,nan,nan,nan,nan,nan,0.4091484249,0.0333598703,1.1000000238,-0.9233657718,-3.5885353088,0.0000000000,nan,nan,nan,nan,nan,nan,nan,nan,nan,nan,nan,nan,nan,nan,nan,nan,nan,nan,nan,nan,nan,0.0199944973,0.4599900246,inf,0.0299906731,inf,inf,inf,0.0699584484,0.0199420452,inf,inf,inf,inf,inf,inf,inf,1583
1779239133.7902591228,-0.1180946156,-0.0192549415,0.1192571744,-0.0083700820,0.0442723527,-0.0029535575,2.7390000820,nan,nan,0.2000000030,0.0000000000,0.9599999785,0.0000000000,nan,nan,nan,nan,nan,nan,nan,nan,nan,nan,nan,nan,0.4091484249,0.0333598703,1.1000000238,-0.9233657718,-3.5885353088,0.0000000000,nan,nan,nan,nan,nan,nan,nan,nan,nan,nan,nan,nan,nan,nan,nan,nan,nan,nan,nan,nan,nan,0.0299808979,0.4699764252,inf,0.0399770737,inf,inf,inf,0.0799448490,0.0299284458,inf,inf,inf,inf,inf,inf,inf,1583
1779239133.8002290726,-0.1180946156,-0.0192549415,0.1192571744,-0.0083700820,0.0442723527,-0.0029535575,2.7390000820,nan,nan,0.2000000030,0.0000000000,0.9599999785,0.0000000000,nan,nan,nan,nan,nan,nan,nan,nan,nan,nan,nan,nan,0.3899471462,0.0352571607,1.1000000238,-0.9233657718,-3.5885353088,0.0000000000,nan,nan,nan,nan,nan,nan,nan,nan,nan,nan,nan,nan,nan,nan,nan,nan,nan,nan,nan,nan,nan,0.0399508476,0.4799463749,inf,0.0000281334,inf,inf,inf,0.0000090599,0.0398983955,inf,inf,inf,inf,inf,inf,inf,1583
1779239133.8102259636,-0.1122373864,-0.0196203403,0.1163251176,-0.0083087577,0.0442838955,-0.0001840032,2.7390000820,nan,nan,0.2000000030,0.0000000000,0.9599999785,0.0000000000,nan,nan,nan,nan,nan,nan,nan,nan,nan,nan,nan,nan,0.3899471462,0.0352571607,1.1000000238,-0.9233657718,-3.5885353088,0.0000000000,nan,nan,nan,nan,nan,nan,nan,nan,nan,nan,nan,nan,nan,nan,nan,nan,nan,nan,nan,nan,nan,0.0000100136,0.4899432659,inf,0.0100250244,inf,inf,inf,0.0100059509,0.0498952866,inf,inf,inf,inf,inf,inf,inf,1583
1779239133.8202712536,-0.1122373864,-0.0196203403,0.1163251176,-0.0083087577,0.0442838955,-0.0001840032,2.7390000820,nan,nan,0.2000000030,0.0000000000,0.9599999785,0.0000000000,nan,nan,nan,nan,nan,nan,nan,nan,nan,nan,nan,nan,0.3899471462,0.0352571607,1.1000000238,-0.9233657718,-3.5885353088,0.0000000000,nan,nan,nan,nan,nan,nan,nan,nan,nan,nan,nan,nan,nan,nan,nan,nan,nan,nan,nan,nan,nan,0.0100553036,0.4999885559,inf,0.0200703144,inf,inf,inf,0.0200512409,0.0599405766,inf,inf,inf,inf,inf,inf,inf,1583
1779239133.8302400112,-0.1122373864,-0.0196203403,0.1163251176,-0.0083087577,0.0442838955,-0.0001840032,2.7390000820,nan,nan,0.2000000030,0.0000000000,0.9599999785,0.0000000000,nan,nan,nan,nan,nan,nan,nan,nan,nan,nan,nan,nan,0.3899471462,0.0352571607,1.1000000238,-0.9233657718,-3.5885353088,0.0000000000,nan,nan,nan,nan,nan,nan,nan,nan,nan,nan,nan,nan,nan,nan,nan,nan,nan,nan,nan,nan,nan,0.0200240612,0.5099573135,inf,0.0300390720,inf,inf,inf,0.0300199986,0.0699093342,inf,inf,inf,inf,inf,inf,inf,1583
1779239133.8402724266,-0.1122373864,-0.0196203403,0.1163251176,-0.0083087577,0.0442838955,-0.0001840032,2.7390000820,nan,nan,0.2000000030,0.0000000000,0.9599999785,0.0000000000,nan,nan,nan,nan,nan,nan,nan,nan,nan,nan,nan,nan,0.3899471462,0.0352571607,1.1000000238,-0.9233657718,-3.5885353088,0.0000000000,nan,nan,nan,nan,nan,nan,nan,nan,nan,nan,nan,nan,nan,nan,nan,nan,nan,nan,nan,nan,nan,0.0300564766,0.5199897289,inf,0.0400714874,inf,inf,inf,0.0400524139,0.0799417496,inf,inf,inf,inf,inf,inf,inf,1583
1779239133.8502316475,-0.1122373864,-0.0196203403,0.1163251176,-0.0083087577,0.0442838955,-0.0001840032,2.7390000820,nan,nan,0.2000000030,0.0000000000,0.9599999785,0.0000000000,nan,nan,nan,nan,nan,nan,nan,nan,nan,nan,nan,nan,0.3899471462,0.0352571607,1.1000000238,-0.9233657718,-3.5885353088,0.0000000000,nan,nan,nan,nan,nan,nan,nan,nan,nan,nan,nan,nan,nan,nan,nan,nan,nan,nan,nan,nan,nan,0.0400156975,0.5299489498,inf,0.0000119209,inf,inf,inf,0.0500116348,0.0899009705,inf,inf,inf,inf,inf,inf,inf,1583
1779239133.8602759838,-0.1051706448,-0.0202355739,0.1132002696,-0.0139093159,0.0442640065,-0.0030761832,2.7390000820,nan,nan,0.2000000030,0.0000000000,0.9599999785,0.0000000000,nan,nan,nan,nan,nan,nan,nan,nan,nan,nan,nan,nan,0.3899471462,0.0352571607,1.1000000238,-1.1417539120,-2.5069751740,0.0000000000,nan,nan,nan,nan,nan,nan,nan,nan,nan,nan,nan,nan,nan,nan,nan,nan,nan,nan,nan,nan,nan,0.0000360012,0.5399932861,inf,0.0100562572,inf,inf,inf,0.0600559711,0.0000114441,inf,inf,inf,inf,inf,inf,inf,1583
1779239133.8702561855,-0.1051706448,-0.0202355739,0.1132002696,-0.0139093159,0.0442640065,-0.0030761832,2.7390000820,nan,nan,0.2000000030,0.0000000000,0.9599999785,0.0000000000,nan,nan,nan,nan,nan,nan,nan,nan,nan,nan,nan,nan,0.3899471462,0.0352571607,1.1000000238,-1.1417539120,-2.5069751740,0.0000000000,nan,nan,nan,nan,nan,nan,nan,nan,nan,nan,nan,nan,nan,nan,nan,nan,nan,nan,nan,nan,nan,0.0100162029,0.5499734879,inf,0.0200364590,inf,inf,inf,0.0700361729,0.0099916458,inf,inf,inf,inf,inf,inf,inf,1583
1779239133.8803064823,-0.1051706448,-0.0202355739,0.1132002696,-0.0139093159,0.0442640065,-0.0030761832,2.7390000820,nan,nan,0.2000000030,0.0000000000,0.9599999785,0.0000000000,nan,nan,nan,nan,nan,nan,nan,nan,nan,nan,nan,nan,0.3899471462,0.0352571607,1.1000000238,-1.1417539120,-2.5069751740,0.0000000000,nan,nan,nan,nan,nan,nan,nan,nan,nan,nan,nan,nan,nan,nan,nan,nan,nan,nan,nan,nan,nan,0.0200664997,0.5600237846,inf,0.0300867558,inf,inf,inf,0.0800864697,0.0200419426,inf,inf,inf,inf,inf,inf,inf,1583
1779239133.8902325630,-0.1051706448,-0.0202355739,0.1132002696,-0.0139093159,0.0442640065,-0.0030761832,2.7390000820,nan,nan,0.2000000030,0.0000000000,0.9599999785,0.0000000000,nan,nan,nan,nan,nan,nan,nan,nan,nan,nan,nan,nan,0.3899471462,0.0352571607,1.1000000238,-1.1417539120,-2.5069751740,0.0000000000,nan,nan,nan,nan,nan,nan,nan,nan,nan,nan,nan,nan,nan,nan,nan,nan,nan,nan,nan,nan,nan,0.0299925804,0.5699498653,inf,0.0400128365,inf,inf,inf,0.0900125504,0.0299680233,inf,inf,inf,inf,inf,inf,inf,1583
1779239133.9002540112,-0.1051706448,-0.0202355739,0.1132002696,-0.0139093159,0.0442640065,-0.0030761832,2.7390000820,nan,nan,0.2000000030,0.0000000000,0.9599999785,0.0000000000,nan,nan,nan,nan,nan,nan,nan,nan,nan,nan,nan,nan,0.3632220924,0.0389239155,1.1000000238,-1.1417539120,-2.5069751740,0.0000000000,nan,nan,nan,nan,nan,nan,nan,nan,nan,nan,nan,nan,nan,nan,nan,nan,nan,nan,nan,nan,nan,0.0400140285,0.5799713135,inf,0.0000369549,inf,inf,inf,0.0000119209,0.0399894714,inf,inf,inf,inf,inf,inf,inf,1583
1779239133.9102783203,-0.0968630314,-0.0210151989,0.1102322042,-0.0138467665,0.0415151053,-0.0002874709,2.7390000820,nan,nan,0.2000000030,0.0000000000,0.9599999785,0.0000000000,nan,nan,nan,nan,nan,nan,nan,nan,nan,nan,nan,nan,0.3632220924,0.0389239155,1.1000000238,-1.1417539120,-2.5069751740,0.0000000000,nan,nan,nan,nan,nan,nan,nan,nan,nan,nan,nan,nan,nan,nan,nan,nan,nan,nan,nan,nan,nan,0.0000100136,0.5899956226,inf,0.0100612640,inf,inf,inf,0.0100362301,0.0500137806,inf,inf,inf,inf,inf,inf,inf,1583
1779239133.9202413559,-0.0968630314,-0.0210151989,0.1102322042,-0.0138467665,0.0415151053,-0.0002874709,2.7390000820,nan,nan,0.2000000030,0.0000000000,0.9599999785,0.0000000000,nan,nan,nan,nan,nan,nan,nan,nan,nan,nan,nan,nan,0.3632220924,0.0389239155,1.1000000238,-1.1417539120,-2.5069751740,0.0000000000,nan,nan,nan,nan,nan,nan,nan,nan,nan,nan,nan,nan,nan,nan,nan,nan,nan,nan,nan,nan,nan,0.0099730492,0.5999586582,inf,0.0200242996,inf,inf,inf,0.0199992657,0.0599768162,inf,inf,inf,inf,inf,inf,inf,1583
1779239133.9302406311,-0.0968630314,-0.0210151989,0.1102322042,-0.0138467665,0.0415151053,-0.0002874709,2.7390000820,nan,nan,0.2000000030,0.0000000000,0.9599999785,0.0000000000,nan,nan,nan,nan,nan,nan,nan,nan,nan,nan,nan,nan,0.3632220924,0.0389239155,1.1000000238,-1.1417539120,-2.5069751740,0.0000000000,nan,nan,nan,nan,nan,nan,nan,nan,nan,nan,nan,nan,nan,nan,nan,nan,nan,nan,nan,nan,nan,0.0199723244,0.6099579334,inf,0.0300235748,inf,inf,inf,0.0299985409,0.0699760914,inf,inf,inf,inf,inf,inf,inf,1583
1779239133.9402370453,-0.0968630314,-0.0210151989,0.1102322042,-0.0138467665,0.0415151053,-0.0002874709,2.7390000820,nan,nan,0.2000000030,0.0000000000,0.9599999785,0.0000000000,nan,nan,nan,nan,nan,nan,nan,nan,nan,nan,nan,nan,0.3632220924,0.0389239155,1.1000000238,-1.1417539120,-2.5069751740,0.0000000000,nan,nan,nan,nan,nan,nan,nan,nan,nan,nan,nan,nan,nan,nan,nan,nan,nan,nan,nan,nan,nan,0.0299687386,0.6199543476,inf,0.0400199890,inf,inf,inf,0.0399949551,0.0799725056,inf,inf,inf,inf,inf,inf,inf,1583
1779239133.9502010345,-0.0968630314,-0.0210151989,0.1102322042,-0.0138467665,0.0415151053,-0.0002874709,2.7390000820,nan,nan,0.2000000030,0.0000000000,0.9599999785,0.0000000000,nan,nan,nan,nan,nan,nan,nan,nan,nan,nan,nan,nan,0.3632220924,0.0389239155,1.1000000238,-1.1417539120,-2.5069751740,0.0000000000,nan,nan,nan,nan,nan,nan,nan,nan,nan,nan,nan,nan,nan,nan,nan,nan,nan,nan,nan,nan,nan,0.0399327278,0.6299183369,inf,0.0000095367,inf,inf,inf,0.0499589443,0.0899364948,inf,inf,inf,inf,inf,inf,inf,1583
1779239133.9602375031,-0.0872967169,-0.0218971763,0.1074467972,-0.0166632973,0.0359557061,-0.0030676949,2.7390000820,nan,nan,0.2000000030,0.0000000000,0.9599999785,0.0000000000,nan,nan,nan,nan,nan,nan,nan,nan,nan,nan,nan,nan,0.3632220924,0.0389239155,1.1000000238,-1.2323280573,-1.3836040497,0.0000000000,nan,nan,nan,nan,nan,nan,nan,nan,nan,nan,nan,nan,nan,nan,nan,nan,nan,nan,nan,nan,nan,0.0000312328,0.6399548054,inf,0.0100460052,inf,inf,inf,0.0599954128,0.0000090599,inf,inf,inf,inf,inf,inf,inf,1583
1779239133.9702551365,-0.0872967169,-0.0218971763,0.1074467972,-0.0166632973,0.0359557061,-0.0030676949,2.7390000820,nan,nan,0.2000000030,0.0000000000,0.9599999785,0.0000000000,nan,nan,nan,nan,nan,nan,nan,nan,nan,nan,nan,nan,0.3632220924,0.0389239155,1.1000000238,-1.2323280573,-1.3836040497,0.0000000000,nan,nan,nan,nan,nan,nan,nan,nan,nan,nan,nan,nan,nan,nan,nan,nan,nan,nan,nan,nan,nan,0.0100488663,0.6499724388,inf,0.0200636387,inf,inf,inf,0.0700130463,0.0100266933,inf,inf,inf,inf,inf,inf,inf,1583
1779239133.9802601337,-0.0872967169,-0.0218971763,0.1074467972,-0.0166632973,0.0359557061,-0.0030676949,2.7390000820,nan,nan,0.2000000030,0.0000000000,0.9599999785,0.0000000000,nan,nan,nan,nan,nan,nan,nan,nan,nan,nan,nan,nan,0.3632220924,0.0389239155,1.1000000238,-1.2323280573,-1.3836040497,0.0000000000,nan,nan,nan,nan,nan,nan,nan,nan,nan,nan,nan,nan,nan,nan,nan,nan,nan,nan,nan,nan,nan,0.0200538635,0.6599774361,inf,0.0300686359,inf,inf,inf,0.0800180435,0.0200316906,inf,inf,inf,inf,inf,inf,inf,1583
1779239133.9902145863,-0.0872967169,-0.0218971763,0.1074467972,-0.0166632973,0.0359557061,-0.0030676949,2.7390000820,nan,nan,0.2000000030,0.0000000000,0.9599999785,0.0000000000,nan,nan,nan,nan,nan,nan,nan,nan,nan,nan,nan,nan,0.3632220924,0.0389239155,1.1000000238,-1.2323280573,-1.3836040497,0.0000000000,nan,nan,nan,nan,nan,nan,nan,nan,nan,nan,nan,nan,nan,nan,nan,nan,nan,nan,nan,nan,nan,0.0300083160,0.6699318886,inf,0.0400230885,inf,inf,inf,0.0899724960,0.0299861431,inf,inf,inf,inf,inf,inf,inf,1583
1779239134.0002117157,-0.0872967169,-0.0218971763,0.1074467972,-0.0166632973,0.0359557061,-0.0030676949,2.7390000820,nan,nan,0.2000000030,0.0000000000,0.9599999785,0.0000000000,nan,nan,nan,nan,nan,nan,nan,nan,nan,nan,nan,nan,0.3300800323,0.0428619161,1.1000000238,-1.2323280573,-1.3836040497,0.0000000000,nan,nan,nan,nan,nan,nan,nan,nan,nan,nan,nan,nan,nan,nan,nan,nan,nan,nan,nan,nan,nan,0.0400054455,0.6799290180,inf,0.0000245571,inf,inf,inf,0.0000076294,0.0399832726,inf,inf,inf,inf,inf,inf,inf,1583
1779239134.0102300644,-0.0765660852,-0.0228609927,0.1048981622,-0.0194270622,0.0331836059,-0.0030904233,2.7390000820,nan,nan,0.2000000030,0.0000000000,0.9599999785,0.0000000000,nan,nan,nan,nan,nan,nan,nan,nan,nan,nan,nan,nan,0.3300800323,0.0428619161,1.1000000238,-1.2323280573,-1.3836040497,0.0000000000,nan,nan,nan,nan,nan,nan,nan,nan,nan,nan,nan,nan,nan,nan,nan,nan,nan,nan,nan,nan,nan,0.0000092983,0.6899473667,inf,0.0100429058,inf,inf,inf,0.0100259781,0.0500016212,inf,inf,inf,inf,inf,inf,inf,1583
1779239134.0202398300,-0.0765660852,-0.0228609927,0.1048981622,-0.0194270622,0.0331836059,-0.0030904233,2.7390000820,nan,nan,0.2000000030,0.0000000000,0.9599999785,0.0000000000,nan,nan,nan,nan,nan,nan,nan,nan,nan,nan,nan,nan,0.3300800323,0.0428619161,1.1000000238,-1.2323280573,-1.3836040497,0.0000000000,nan,nan,nan,nan,nan,nan,nan,nan,nan,nan,nan,nan,nan,nan,nan,nan,nan,nan,nan,nan,nan,0.0100190639,0.6999571323,inf,0.0200526714,inf,inf,inf,0.0200357437,0.0600113869,inf,inf,inf,inf,inf,inf,inf,1583
1779239134.0302526951,-0.0765660852,-0.0228609927,0.1048981622,-0.0194270622,0.0331836059,-0.0030904233,2.7390000820,nan,nan,0.2000000030,0.0000000000,0.9599999785,0.0000000000,nan,nan,nan,nan,nan,nan,nan,nan,nan,nan,nan,nan,0.3300800323,0.0428619161,1.1000000238,-1.2323280573,-1.3836040497,0.0000000000,nan,nan,nan,nan,nan,nan,nan,nan,nan,nan,nan,nan,nan,nan,nan,nan,nan,nan,nan,nan,nan,0.0200319290,0.7099699974,inf,0.0300655365,inf,inf,inf,0.0300486088,0.0700242519,inf,inf,inf,inf,inf,inf,inf,1583
1779239134.0402452946,-0.0765660852,-0.0228609927,0.1048981622,-0.0194270622,0.0331836059,-0.0030904233,2.7390000820,nan,nan,0.2000000030,0.0000000000,0.9599999785,0.0000000000,nan,nan,nan,nan,nan,nan,nan,nan,nan,nan,nan,nan,0.3300800323,0.0428619161,1.1000000238,-1.2323280573,-1.3836040497,0.0000000000,nan,nan,nan,nan,nan,nan,nan,nan,nan,nan,nan,nan,nan,nan,nan,nan,nan,nan,nan,nan,nan,0.0300245285,0.7199625969,inf,0.0400581360,inf,inf,inf,0.0400412083,0.0800168514,inf,inf,inf,inf,inf,inf,inf,1583
1779239134.0502336025,-0.0765660852,-0.0228609927,0.1048981622,-0.0194270622,0.0331836059,-0.0030904233,2.7390000820,nan,nan,0.2000000030,0.0000000000,0.9599999785,0.0000000000,nan,nan,nan,nan,nan,nan,nan,nan,nan,nan,nan,nan,0.3300800323,0.0428619161,1.1000000238,-1.2323280573,-1.3836040497,0.0000000000,nan,nan,nan,nan,nan,nan,nan,nan,nan,nan,nan,nan,nan,nan,nan,nan,nan,nan,nan,nan,nan,0.0400128365,0.7299509048,inf,0.0000114441,inf,inf,inf,0.0500295162,0.0900051594,inf,inf,inf,inf,inf,inf,inf,1583
1779239134.0602779388,-0.0630776808,-0.0171374790,0.1029860228,-0.0194120525,0.0248805050,-0.0030093974,2.7390000820,nan,nan,0.2000000030,0.0000000000,0.9599999785,0.0000000000,nan,nan,nan,nan,nan,nan,nan,nan,nan,nan,nan,nan,0.3300800323,0.0428619161,1.1000000238,1.3964853287,0.1808468699,0.0000000000,nan,nan,nan,nan,nan,nan,nan,nan,nan,nan,nan,nan,nan,nan,nan,nan,nan,nan,nan,nan,nan,0.0000386238,0.7399952412,inf,0.0100557804,inf,inf,inf,0.0600738525,0.0000121593,inf,inf,inf,inf,inf,inf,inf,1583
1779239134.0702834129,-0.0630776808,-0.0171374790,0.1029860228,-0.0194120525,0.0248805050,-0.0030093974,2.7390000820,nan,nan,0.2000000030,0.0000000000,0.9599999785,0.0000000000,nan,nan,nan,nan,nan,nan,nan,nan,nan,nan,nan,nan,0.3300800323,0.0428619161,1.1000000238,1.3964853287,0.1808468699,0.0000000000,nan,nan,nan,nan,nan,nan,nan,nan,nan,nan,nan,nan,nan,nan,nan,nan,nan,nan,nan,nan,nan,0.0100440979,0.7500007153,inf,0.0200612545,inf,inf,inf,0.0700793266,0.0100176334,inf,inf,inf,inf,inf,inf,inf,1583
1779239134.0802576542,-0.0630776808,-0.0171374790,0.1029860228,-0.0194120525,0.0248805050,-0.0030093974,2.7390000820,nan,nan,0.2000000030,0.0000000000,0.9599999785,0.0000000000,nan,nan,nan,nan,nan,nan,nan,nan,nan,nan,nan,nan,0.3300800323,0.0428619161,1.1000000238,1.3964853287,0.1808468699,0.0000000000,nan,nan,nan,nan,nan,nan,nan,nan,nan,nan,nan,nan,nan,nan,nan,nan,nan,nan,nan,nan,nan,0.0200183392,0.7599749565,inf,0.0300354958,inf,inf,inf,0.0800535679,0.0199918747,inf,inf,inf,inf,inf,inf,inf,1583
1779239134.0902519226,-0.0630776808,-0.0171374790,0.1029860228,-0.0194120525,0.0248805050,-0.0030093974,2.7390000820,nan,nan,0.2000000030,0.0000000000,0.9599999785,0.0000000000,nan,nan,nan,nan,nan,nan,nan,nan,nan,nan,nan,nan,0.3300800323,0.0428619161,1.1000000238,1.3964853287,0.1808468699,0.0000000000,nan,nan,nan,nan,nan,nan,nan,nan,nan,nan,nan,nan,nan,nan,nan,nan,nan,nan,nan,nan,nan,0.0300126076,0.7699692249,inf,0.0400297642,inf,inf,inf,0.0900478363,0.0299861431,inf,inf,inf,inf,inf,inf,inf,1583
1779239134.1002423763,-0.0630776808,-0.0171374790,0.1029860228,-0.0194120525,0.0248805050,-0.0030093974,2.7390000820,nan,nan,0.2000000030,0.0000000000,0.9599999785,0.0000000000,nan,nan,nan,nan,nan,nan,nan,nan,nan,nan,nan,nan,0.2900566459,0.0327831954,1.1000000238,1.3964853287,0.1808468699,0.0000000000,nan,nan,nan,nan,nan,nan,nan,nan,nan,nan,nan,nan,nan,nan,nan,nan,nan,nan,nan,nan,nan,0.0400030613,0.7799596786,inf,0.0000300407,inf,inf,inf,0.0000100136,0.0399765968,inf,inf,inf,inf,inf,inf,inf,1583
1779239134.1102364063,-0.0500605591,-0.0171813276,0.1005879641,-0.0110860381,0.0110547216,-0.0028289047,2.7390000820,nan,nan,0.2000000030,0.0000000000,0.9599999785,0.0000000000,nan,nan,nan,nan,nan,nan,nan,nan,nan,nan,nan,nan,0.2900566459,0.0327831954,1.1000000238,1.3964853287,0.1808468699,0.0000000000,nan,nan,nan,nan,nan,nan,nan,nan,nan,nan,nan,nan,nan,nan,nan,nan,nan,nan,nan,nan,nan,0.0000112057,0.7899537086,inf,0.0100240707,inf,inf,inf,0.0100040436,0.0499706268,inf,inf,inf,inf,inf,inf,inf,1583
1779239134.1202318668,-0.0500605591,-0.0171813276,0.1005879641,-0.0110860381,0.0110547216,-0.0028289047,2.7390000820,nan,nan,0.2000000030,0.0000000000,0.9599999785,0.0000000000,nan,nan,nan,nan,nan,nan,nan,nan,nan,nan,nan,nan,0.2900566459,0.0327831954,1.1000000238,1.3964853287,0.1808468699,0.0000000000,nan,nan,nan,nan,nan,nan,nan,nan,nan,nan,nan,nan,nan,nan,nan,nan,nan,nan,nan,nan,nan,0.0100066662,0.7999491692,inf,0.0200195312,inf,inf,inf,0.0199995041,0.0599660873,inf,inf,inf,inf,inf,inf,inf,1583
1779239134.1302497387,-0.0500605591,-0.0171813276,0.1005879641,-0.0110860381,0.0110547216,-0.0028289047,2.7390000820,nan,nan,0.2000000030,0.0000000000,0.9599999785,0.0000000000,nan,nan,nan,nan,nan,nan,nan,nan,nan,nan,nan,nan,0.2900566459,0.0327831954,1.1000000238,1.3964853287,0.1808468699,0.0000000000,nan,nan,nan,nan,nan,nan,nan,nan,nan,nan,nan,nan,nan,nan,nan,nan,nan,nan,nan,nan,nan,0.0200245380,0.8099670410,inf,0.0300374031,inf,inf,inf,0.0300173759,0.0699839592,inf,inf,inf,inf,inf,inf,inf,1583
1779239134.1402599812,-0.0500605591,-0.0171813276,0.1005879641,-0.0110860381,0.0110547216,-0.0028289047,2.7390000820,nan,nan,0.2000000030,0.0000000000,0.9599999785,0.0000000000,nan,nan,nan,nan,nan,nan,nan,nan,nan,nan,nan,nan,0.2900566459,0.0327831954,1.1000000238,1.3964853287,0.1808468699,0.0000000000,nan,nan,nan,nan,nan,nan,nan,nan,nan,nan,nan,nan,nan,nan,nan,nan,nan,nan,nan,nan,nan,0.0300347805,0.8199772835,inf,0.0400476456,inf,inf,inf,0.0400276184,0.0799942017,inf,inf,inf,inf,inf,inf,inf,1583
1779239134.1502254009,-0.0500605591,-0.0171813276,0.1005879641,-0.0110860381,0.0110547216,-0.0028289047,2.7390000820,nan,nan,0.2000000030,0.0000000000,1.1599999666,0.0000000000,nan,nan,nan,nan,nan,nan,nan,nan,nan,nan,nan,nan,0.2900566459,0.0327831954,1.1000000238,1.3964853287,0.1808468699,0.0000000000,nan,nan,nan,nan,nan,nan,nan,nan,nan,nan,nan,nan,nan,nan,nan,nan,nan,nan,nan,nan,nan,0.0400002003,0.8299427032,inf,0.0000109673,inf,inf,inf,0.0499930382,0.0899596214,inf,inf,inf,inf,inf,inf,inf,1583
1779239134.1602694988,-0.0363744609,-0.0173663646,0.0985346735,-0.0083183400,0.0110586260,-0.0028136038,2.7390000820,nan,nan,0.2000000030,0.0000000000,1.1599999666,0.0000000000,nan,nan,nan,nan,nan,nan,nan,nan,nan,nan,nan,nan,0.2900566459,0.0327831954,1.1000000238,-0.8618649840,0.4477836490,0.0000000000,nan,nan,nan,nan,nan,nan,nan,nan,nan,nan,nan,nan,nan,nan,nan,nan,nan,nan,nan,nan,nan,0.0000419617,0.8399868011,inf,0.0100550652,inf,inf,inf,0.0600371361,0.0000112057,inf,inf,inf,inf,inf,inf,inf,1583
1779239134.1702287197,-0.0363744609,-0.0173663646,0.0985346735,-0.0083183400,0.0110586260,-0.0028136038,2.7390000820,nan,nan,0.2000000030,0.0000000000,1.1599999666,0.0000000000,nan,nan,nan,nan,nan,nan,nan,nan,nan,nan,nan,nan,0.2900566459,0.0327831954,1.1000000238,-0.8618649840,0.4477836490,0.0000000000,nan,nan,nan,nan,nan,nan,nan,nan,nan,nan,nan,nan,nan,nan,nan,nan,nan,nan,nan,nan,nan,0.0100011826,0.8499460220,inf,0.0200142860,inf,inf,inf,0.0699963570,0.0099704266,inf,inf,inf,inf,inf,inf,inf,1583
1779239134.1802656651,-0.0363744609,-0.0173663646,0.0985346735,-0.0083183400,0.0110586260,-0.0028136038,2.7390000820,nan,nan,0.2000000030,0.0000000000,1.1599999666,0.0000000000,nan,nan,nan,nan,nan,nan,nan,nan,nan,nan,nan,nan,0.2900566459,0.0327831954,1.1000000238,-0.8618649840,0.4477836490,0.0000000000,nan,nan,nan,nan,nan,nan,nan,nan,nan,nan,nan,nan,nan,nan,nan,nan,nan,nan,nan,nan,nan,0.0200381279,0.8599829674,inf,0.0300512314,inf,inf,inf,0.0800333023,0.0200073719,inf,inf,inf,inf,inf,inf,inf,1583
1779239134.1902470589,-0.0363744609,-0.0173663646,0.0985346735,-0.0083183400,0.0110586260,-0.0028136038,2.7390000820,nan,nan,0.2000000030,0.0000000000,1.1599999666,0.0000000000,nan,nan,nan,nan,nan,nan,nan,nan,nan,nan,nan,nan,0.2900566459,0.0327831954,1.1000000238,-0.8618649840,0.4477836490,0.0000000000,nan,nan,nan,nan,nan,nan,nan,nan,nan,nan,nan,nan,nan,nan,nan,nan,nan,nan,nan,nan,nan,0.0300195217,0.8699643612,inf,0.0400326252,inf,inf,inf,0.0900146961,0.0299887657,inf,inf,inf,inf,inf,inf,inf,1583
1779239134.2002544403,-0.0363744609,-0.0173663646,0.0985346735,-0.0083183400,0.0110586260,-0.0028136038,2.7390000820,nan,nan,0.2000000030,0.0000000000,1.1599999666,0.0000000000,nan,nan,nan,nan,nan,nan,nan,nan,nan,nan,nan,nan,0.2496515512,0.0321936607,1.1000000238,-0.8618649840,0.4477836490,0.0000000000,nan,nan,nan,nan,nan,nan,nan,nan,nan,nan,nan,nan,nan,nan,nan,nan,nan,nan,nan,nan,nan,0.0400269032,0.8799717426,inf,0.0000329018,inf,inf,inf,0.0000109673,0.0399961472,inf,inf,inf,inf,inf,inf,inf,1583
1779239134.2102413177,-0.0221244711,-0.0177843757,0.0967562124,-0.0138496492,0.0082832916,-0.0028249937,2.7390000820,nan,nan,0.2000000030,0.0000000000,1.1599999666,0.0000000000,nan,nan,nan,nan,nan,nan,nan,nan,nan,nan,nan,nan,0.2496515512,0.0321936607,1.1000000238,-0.8618649840,0.4477836490,0.0000000000,nan,nan,nan,nan,nan,nan,nan,nan,nan,nan,nan,nan,nan,nan,nan,nan,nan,nan,nan,nan,nan,0.0000104904,0.8899586201,inf,0.0100197792,inf,inf,inf,0.0099978447,0.0499830246,inf,inf,inf,inf,inf,inf,inf,1583
1779239134.2202517986,-0.0221244711,-0.0177843757,0.0967562124,-0.0138496492,0.0082832916,-0.0028249937,2.7390000820,nan,nan,0.2000000030,0.0000000000,1.1599999666,0.0000000000,nan,nan,nan,nan,nan,nan,nan,nan,nan,nan,nan,nan,0.2496515512,0.0321936607,1.1000000238,-0.8618649840,0.4477836490,0.0000000000,nan,nan,nan,nan,nan,nan,nan,nan,nan,nan,nan,nan,nan,nan,nan,nan,nan,nan,nan,nan,nan,0.0100209713,0.8999691010,inf,0.0200302601,inf,inf,inf,0.0200083256,0.0599935055,inf,inf,inf,inf,inf,inf,inf,1583
1779239134.2302167416,-0.0221244711,-0.0177843757,0.0967562124,-0.0138496492,0.0082832916,-0.0028249937,2.7390000820,nan,nan,0.2000000030,0.0000000000,1.1599999666,0.0000000000,nan,nan,nan,nan,nan,nan,nan,nan,nan,nan,nan,nan,0.2496515512,0.0321936607,1.1000000238,-0.8618649840,0.4477836490,0.0000000000,nan,nan,nan,nan,nan,nan,nan,nan,nan,nan,nan,nan,nan,nan,nan,nan,nan,nan,nan,nan,nan,0.0199859142,0.9099340439,inf,0.0299952030,inf,inf,inf,0.0299732685,0.0699584484,inf,inf,inf,inf,inf,inf,inf,1583
1779239134.2402038574,-0.0221244711,-0.0177843757,0.0967562124,-0.0138496492,0.0082832916,-0.0028249937,2.7390000820,nan,nan,0.2000000030,0.0000000000,1.1599999666,0.0000000000,nan,nan,nan,nan,nan,nan,nan,nan,nan,nan,nan,nan,0.2496515512,0.0321936607,1.1000000238,-0.8618649840,0.4477836490,0.0000000000,nan,nan,nan,nan,nan,nan,nan,nan,nan,nan,nan,nan,nan,nan,nan,nan,nan,nan,nan,nan,nan,0.0299730301,0.9199211597,inf,0.0399823189,inf,inf,inf,0.0399603844,0.0799455643,inf,inf,inf,inf,inf,inf,inf,1583
1779239134.2502079010,-0.0221244711,-0.0177843757,0.0967562124,-0.0138496492,0.0082832916,-0.0028249937,2.7390000820,nan,nan,0.2000000030,0.0000000000,1.1599999666,0.0000000000,nan,nan,nan,nan,nan,nan,nan,nan,nan,nan,nan,nan,0.2496515512,0.0321936607,1.1000000238,-0.8618649840,0.4477836490,0.0000000000,nan,nan,nan,nan,nan,nan,nan,nan,nan,nan,nan,nan,nan,nan,nan,nan,nan,nan,nan,nan,nan,0.0399770737,0.9299252033,inf,0.0000092983,inf,inf,inf,0.0499644279,0.0899496078,inf,inf,inf,inf,inf,inf,inf,1583
1779239134.2602338791,-0.0116933258,-0.0181396212,0.0958601162,-0.0138378038,-0.0000191482,-0.0027674759,2.7390000820,nan,nan,0.2000000030,0.0000000000,1.1599999666,0.0000000000,nan,nan,nan,nan,nan,nan,nan,nan,nan,nan,nan,nan,0.2496515512,0.0321936607,1.1000000238,-0.9196767807,0.1313344240,0.0000000000,nan,nan,nan,nan,nan,nan,nan,nan,nan,nan,nan,nan,nan,nan,nan,nan,nan,nan,nan,nan,nan,0.0000259876,0.9399511814,inf,0.0100352764,inf,inf,inf,0.0599904060,0.0000081062,inf,inf,inf,inf,inf,inf,inf,1583
1779239134.2702474594,-0.0116933258,-0.0181396212,0.0958601162,-0.0138378038,-0.0000191482,-0.0027674759,2.7390000820,nan,nan,0.2000000030,0.0000000000,1.1599999666,0.0000000000,nan,nan,nan,nan,nan,nan,nan,nan,nan,nan,nan,nan,0.2496515512,0.0321936607,1.1000000238,-0.9196767807,0.1313344240,0.0000000000,nan,nan,nan,nan,nan,nan,nan,nan,nan,nan,nan,nan,nan,nan,nan,nan,nan,nan,nan,nan,nan,0.0100395679,0.9499647617,inf,0.0200488567,inf,inf,inf,0.0700039864,0.0100216866,inf,inf,inf,inf,inf,inf,inf,1583
1779239134.2802546024,-0.0116933258,-0.0181396212,0.0958601162,-0.0138378038,-0.0000191482,-0.0027674759,2.7390000820,nan,nan,0.2000000030,0.0000000000,1.1599999666,0.0000000000,nan,nan,nan,nan,nan,nan,nan,nan,nan,nan,nan,nan,0.2496515512,0.0321936607,1.1000000238,-0.9196767807,0.1313344240,0.0000000000,nan,nan,nan,nan,nan,nan,nan,nan,nan,nan,nan,nan,nan,nan,nan,nan,nan,nan,nan,nan,nan,0.0200467110,0.9599719048,inf,0.0300559998,inf,inf,inf,0.0800111294,0.0200288296,inf,inf,inf,inf,inf,inf,inf,1583
1779239134.2902925014,-0.0116933258,-0.0181396212,0.0958601162,-0.0138378038,-0.0000191482,-0.0027674759,2.7390000820,nan,nan,0.2000000030,0.0000000000,1.1599999666,0.0000000000,nan,nan,nan,nan,nan,nan,nan,nan,nan,nan,nan,nan,0.2496515512,0.0321936607,1.1000000238,-0.9196767807,0.1313344240,0.0000000000,nan,nan,nan,nan,nan,nan,nan,nan,nan,nan,nan,nan,nan,nan,nan,nan,nan,nan,nan,nan,nan,0.0300846100,0.9700098038,inf,0.0400938988,inf,inf,inf,0.0900490284,0.0300667286,inf,inf,inf,inf,inf,inf,inf,1583
1779239134.3002355099,-0.0116933258,-0.0181396212,0.0958601162,-0.0138378038,-0.0000191482,-0.0027674759,2.7390000820,nan,nan,0.2000000030,0.0000000000,1.1599999666,0.0000000000,nan,nan,nan,nan,nan,nan,nan,nan,nan,nan,nan,nan,0.2151108235,0.0347900093,1.1000000238,-0.9196767807,0.1313344240,0.0000000000,nan,nan,nan,nan,nan,nan,nan,nan,nan,nan,nan,nan,nan,nan,nan,nan,nan,nan,nan,nan,nan,0.0400276184,0.9799528122,inf,0.0000286102,inf,inf,inf,0.0000100136,0.0400097370,inf,inf,inf,inf,inf,inf,inf,1583
1779239134.3102328777,0.0023212088,-0.0188049097,0.0962820500,-0.0138416727,0.0027483250,-0.0027866321,2.7390000820,nan,nan,0.2000000030,0.0000000000,1.1599999666,0.0000000000,nan,nan,nan,nan,nan,nan,nan,nan,nan,nan,nan,nan,0.2151108235,0.0347900093,1.1000000238,-0.9196767807,0.1313344240,0.0000000000,nan,nan,nan,nan,nan,nan,nan,nan,nan,nan,nan,nan,nan,nan,nan,nan,nan,nan,nan,nan,nan,0.0000095367,0.9899501801,inf,0.0100259781,inf,inf,inf,0.0100073814,0.0500071049,inf,inf,inf,inf,inf,inf,inf,1583
1779239134.3203032017,0.0023212088,-0.0188049097,0.0962820500,-0.0138416727,0.0027483250,-0.0027866321,2.6700000763,nan,nan,0.2000000030,0.0000000000,1.1599999666,0.0000000000,nan,nan,nan,nan,nan,nan,nan,nan,nan,nan,nan,nan,0.2151108235,0.0347900093,1.1000000238,-0.9196767807,0.1313344240,0.0000000000,nan,nan,nan,nan,nan,nan,nan,nan,nan,nan,nan,nan,nan,nan,nan,nan,nan,nan,nan,nan,nan,0.0100798607,0.0000188351,inf,0.0200963020,inf,inf,inf,0.0200777054,0.0600774288,inf,inf,inf,inf,inf,inf,inf,1583
1779239134.3302936554,0.0023212088,-0.0188049097,0.0962820500,-0.0138416727,0.0027483250,-0.0027866321,2.6700000763,nan,nan,0.2000000030,0.0000000000,1.1599999666,0.0000000000,nan,nan,nan,nan,nan,nan,nan,nan,nan,nan,nan,nan,0.2151108235,0.0347900093,1.1000000238,-0.9196767807,0.1313344240,0.0000000000,nan,nan,nan,nan,nan,nan,nan,nan,nan,nan,nan,nan,nan,nan,nan,nan,nan,nan,nan,nan,nan,0.0200703144,0.0100092888,inf,0.0300867558,inf,inf,inf,0.0300681591,0.0700678825,inf,inf,inf,inf,inf,inf,inf,1583
1779239134.3402788639,0.0023212088,-0.0188049097,0.0962820500,-0.0138416727,0.0027483250,-0.0027866321,2.6700000763,nan,nan,0.2000000030,0.0000000000,1.1599999666,0.0000000000,nan,nan,nan,nan,nan,nan,nan,nan,nan,nan,nan,nan,0.2151108235,0.0347900093,1.1000000238,-0.9196767807,0.1313344240,0.0000000000,nan,nan,nan,nan,nan,nan,nan,nan,nan,nan,nan,nan,nan,nan,nan,nan,nan,nan,nan,nan,nan,0.0300555229,0.0199944973,inf,0.0400719643,inf,inf,inf,0.0400533676,0.0800530910,inf,inf,inf,inf,inf,inf,inf,1583
1779239134.3502779007,0.0023212088,-0.0188049097,0.0962820500,-0.0138416727,0.0027483250,-0.0027866321,2.6700000763,nan,nan,0.2000000030,0.0000000000,1.3600000143,0.0000000000,nan,nan,nan,nan,nan,nan,nan,nan,nan,nan,nan,nan,0.2151108235,0.0347900093,1.1000000238,-0.9196767807,0.1313344240,0.0000000000,nan,nan,nan,nan,nan,nan,nan,nan,nan,nan,nan,nan,nan,nan,nan,nan,nan,nan,nan,nan,nan,0.0400545597,0.0299935341,inf,0.0000171661,inf,inf,inf,0.0500524044,0.0900521278,inf,inf,inf,inf,inf,inf,inf,1583
1779239134.3603031635,0.0107555697,-0.0191648081,0.0983899087,-0.0166054383,0.0000000000,0.0000000000,2.6700000763,nan,nan,0.2000000030,0.0000000000,1.3600000143,0.0000000000,nan,nan,nan,nan,nan,nan,nan,nan,nan,nan,nan,nan,0.2151108235,0.0347900093,1.1000000238,-0.9866328239,-0.1313870549,0.0000000000,nan,nan,nan,nan,nan,nan,nan,nan,nan,nan,nan,nan,nan,nan,nan,nan,nan,nan,nan,nan,nan,0.0000386238,0.0400187969,inf,0.0100424290,inf,inf,inf,0.0600776672,0.0000126362,inf,inf,inf,inf,inf,inf,inf,1583
1779239134.3702776432,0.0107555697,-0.0191648081,0.0983899087,-0.0166054383,0.0000000000,0.0000000000,2.6700000763,nan,nan,0.2000000030,0.0000000000,1.3600000143,0.0000000000,nan,nan,nan,nan,nan,nan,nan,nan,nan,nan,nan,nan,0.2151108235,0.0347900093,1.1000000238,-0.9866328239,-0.1313870549,0.0000000000,nan,nan,nan,nan,nan,nan,nan,nan,nan,nan,nan,nan,nan,nan,nan,nan,nan,nan,nan,nan,nan,0.0100131035,0.0499932766,inf,0.0200169086,inf,inf,inf,0.0700521469,0.0099871159,inf,inf,inf,inf,inf,inf,inf,1583
1779239134.3802919388,0.0107555697,-0.0191648081,0.0983899087,-0.0166054383,0.0000000000,0.0000000000,2.6700000763,nan,nan,0.2000000030,0.0000000000,1.3600000143,0.0000000000,nan,nan,nan,nan,nan,nan,nan,nan,nan,nan,nan,nan,0.2151108235,0.0347900093,1.1000000238,-0.9866328239,-0.1313870549,0.0000000000,nan,nan,nan,nan,nan,nan,nan,nan,nan,nan,nan,nan,nan,nan,nan,nan,nan,nan,nan,nan,nan,0.0200273991,0.0600075722,inf,0.0300312042,inf,inf,inf,0.0800664425,0.0200014114,inf,inf,inf,inf,inf,inf,inf,1583
1779239134.3902499676,0.0107555697,-0.0191648081,0.0983899087,-0.0166054383,0.0000000000,0.0000000000,2.6700000763,nan,nan,0.2000000030,0.0000000000,1.3600000143,0.0000000000,nan,nan,nan,nan,nan,nan,nan,nan,nan,nan,nan,nan,0.2151108235,0.0347900093,1.1000000238,-0.9866328239,-0.1313870549,0.0000000000,nan,nan,nan,nan,nan,nan,nan,nan,nan,nan,nan,nan,nan,nan,nan,nan,nan,nan,nan,nan,nan,0.0299854279,0.0699656010,inf,0.0399892330,inf,inf,inf,0.0900244713,0.0299594402,inf,inf,inf,inf,inf,inf,inf,1583
1779239134.4002363682,0.0107555697,-0.0191648081,0.0983899087,-0.0166054383,0.0000000000,0.0000000000,2.6700000763,nan,nan,0.2000000030,0.0000000000,1.3600000143,0.0000000000,nan,nan,nan,nan,nan,nan,nan,nan,nan,nan,nan,nan,0.1898891032,0.0361526124,1.1000000238,-0.9866328239,-0.1313870549,0.0000000000,nan,nan,nan,nan,nan,nan,nan,nan,nan,nan,nan,nan,nan,nan,nan,nan,nan,nan,nan,nan,nan,0.0399718285,0.0799520016,inf,0.0000302792,inf,inf,inf,0.0000104904,0.0399458408,inf,inf,inf,inf,inf,inf,inf,1583
1779239134.4102256298,0.0235538688,-0.0199777484,0.1006205902,-0.0138456212,-0.0055158032,0.0028058045,2.6700000763,nan,nan,0.2000000030,0.0000000000,1.3600000143,0.0000000000,nan,nan,nan,nan,nan,nan,nan,nan,nan,nan,nan,nan,0.1898891032,0.0361526124,1.1000000238,-0.9866328239,-0.1313870549,0.0000000000,nan,nan,nan,nan,nan,nan,nan,nan,nan,nan,nan,nan,nan,nan,nan,nan,nan,nan,nan,nan,nan,0.0000123978,0.0899412632,inf,0.0100195408,inf,inf,inf,0.0099997520,0.0499351025,inf,inf,inf,inf,inf,inf,inf,1583
1779239134.4202237129,0.0235538688,-0.0199777484,0.1006205902,-0.0138456212,-0.0055158032,0.0028058045,2.6700000763,nan,nan,0.2000000030,0.0000000000,1.3600000143,0.0000000000,nan,nan,nan,nan,nan,nan,nan,nan,nan,nan,nan,nan,0.1898891032,0.0361526124,1.1000000238,-0.9866328239,-0.1313870549,0.0000000000,nan,nan,nan,nan,nan,nan,nan,nan,nan,nan,nan,nan,nan,nan,nan,nan,nan,nan,nan,nan,nan,0.0100104809,0.0999393463,inf,0.0200176239,inf,inf,inf,0.0199978352,0.0599331856,inf,inf,inf,inf,inf,inf,inf,1583
1779239134.4302053452,0.0235538688,-0.0199777484,0.1006205902,-0.0138456212,-0.0055158032,0.0028058045,2.6700000763,nan,nan,0.2000000030,0.0000000000,1.3600000143,0.0000000000,nan,nan,nan,nan,nan,nan,nan,nan,nan,nan,nan,nan,0.1898891032,0.0361526124,1.1000000238,-0.9866328239,-0.1313870549,0.0000000000,nan,nan,nan,nan,nan,nan,nan,nan,nan,nan,nan,nan,nan,nan,nan,nan,nan,nan,nan,nan,nan,0.0199921131,0.1099209785,inf,0.0299992561,inf,inf,inf,0.0299794674,0.0699148178,inf,inf,inf,inf,inf,inf,inf,1583
1779239134.4402375221,0.0235538688,-0.0199777484,0.1006205902,-0.0138456212,-0.0055158032,0.0028058045,2.6700000763,nan,nan,0.2000000030,0.0000000000,1.3600000143,0.0000000000,nan,nan,nan,nan,nan,nan,nan,nan,nan,nan,nan,nan,0.1898891032,0.0361526124,1.1000000238,-0.9866328239,-0.1313870549,0.0000000000,nan,nan,nan,nan,nan,nan,nan,nan,nan,nan,nan,nan,nan,nan,nan,nan,nan,nan,nan,nan,nan,0.0300242901,0.1199531555,inf,0.0400314331,inf,inf,inf,0.0400116444,0.0799469948,inf,inf,inf,inf,inf,inf,inf,1583
1779239134.4501869678,0.0235538688,-0.0199777484,0.1006205902,-0.0138456212,-0.0055158032,0.0028058045,2.6700000763,nan,nan,0.2000000030,0.0000000000,1.3600000143,0.0000000000,nan,nan,nan,nan,nan,nan,nan,nan,nan,nan,nan,nan,0.1898891032,0.0361526124,1.1000000238,-0.9866328239,-0.1313870549,0.0000000000,nan,nan,nan,nan,nan,nan,nan,nan,nan,nan,nan,nan,nan,nan,nan,nan,nan,nan,nan,nan,nan,0.0399737358,0.1299026012,inf,0.0000066757,inf,inf,inf,0.0499610901,0.0898964405,inf,inf,inf,inf,inf,inf,inf,1583
1779239134.4602227211,0.0361243263,-0.0209047236,0.1029997319,-0.0166132712,-0.0055119153,0.0028134348,2.6700000763,nan,nan,0.2000000030,0.0000000000,1.3600000143,0.0000000000,nan,nan,nan,nan,nan,nan,nan,nan,nan,nan,nan,nan,0.1898891032,0.0361526124,1.1000000238,-1.2297098637,0.9040042758,0.0000000000,nan,nan,nan,nan,nan,nan,nan,nan,nan,nan,nan,nan,nan,nan,nan,nan,nan,nan,nan,nan,nan,0.0000236034,0.1399383545,inf,0.0100424290,inf,inf,inf,0.0599968433,0.0000071526,inf,inf,inf,inf,inf,inf,inf,1583
1779239134.4702570438,0.0361243263,-0.0209047236,0.1029997319,-0.0166132712,-0.0055119153,0.0028134348,2.6700000763,nan,nan,0.2000000030,0.0000000000,1.3600000143,0.0000000000,nan,nan,nan,nan,nan,nan,nan,nan,nan,nan,nan,nan,0.1898891032,0.0361526124,1.1000000238,-1.2297098637,0.9040042758,0.0000000000,nan,nan,nan,nan,nan,nan,nan,nan,nan,nan,nan,nan,nan,nan,nan,nan,nan,nan,nan,nan,nan,0.0100579262,0.1499726772,inf,0.0200767517,inf,inf,inf,0.0700311661,0.0100414753,inf,inf,inf,inf,inf,inf,inf,1583
1779239134.4802303314,0.0361243263,-0.0209047236,0.1029997319,-0.0166132712,-0.0055119153,0.0028134348,2.6700000763,nan,nan,0.2000000030,0.0000000000,1.3600000143,0.0000000000,nan,nan,nan,nan,nan,nan,nan,nan,nan,nan,nan,nan,0.1898891032,0.0361526124,1.1000000238,-1.2297098637,0.9040042758,0.0000000000,nan,nan,nan,nan,nan,nan,nan,nan,nan,nan,nan,nan,nan,nan,nan,nan,nan,nan,nan,nan,nan,0.0200312138,0.1599459648,inf,0.0300500393,inf,inf,inf,0.0800044537,0.0200147629,inf,inf,inf,inf,inf,inf,inf,1583
1779239134.4902377129,0.0361243263,-0.0209047236,0.1029997319,-0.0166132712,-0.0055119153,0.0028134348,2.6700000763,nan,nan,0.2000000030,0.0000000000,1.3600000143,0.0000000000,nan,nan,nan,nan,nan,nan,nan,nan,nan,nan,nan,nan,0.1898891032,0.0361526124,1.1000000238,-1.2297098637,0.9040042758,0.0000000000,nan,nan,nan,nan,nan,nan,nan,nan,nan,nan,nan,nan,nan,nan,nan,nan,nan,nan,nan,nan,nan,0.0300385952,0.1699533463,inf,0.0400574207,inf,inf,inf,0.0900118351,0.0300221443,inf,inf,inf,inf,inf,inf,inf,1583
1779239134.5001974106,0.0361243263,-0.0209047236,0.1029997319,-0.0166132712,-0.0055119153,0.0028134348,2.6700000763,nan,nan,0.2000000030,0.0000000000,1.5599999428,0.0000000000,nan,nan,nan,nan,nan,nan,nan,nan,nan,nan,nan,nan,0.1634631157,0.0391980074,1.1000000238,-1.2297098637,0.9040042758,0.0000000000,nan,nan,nan,nan,nan,nan,nan,nan,nan,nan,nan,nan,nan,nan,nan,nan,nan,nan,nan,nan,nan,0.0399982929,0.1799130440,inf,0.0000205040,inf,inf,inf,0.0000059605,0.0399818420,inf,inf,inf,inf,inf,inf,inf,1583
1779239134.5102610588,0.0484115407,-0.0219329465,0.1050431058,-0.0166448611,-0.0137913265,0.0056501946,2.6700000763,nan,nan,0.2000000030,0.0000000000,1.5599999428,0.0000000000,nan,nan,nan,nan,nan,nan,nan,nan,nan,nan,nan,nan,0.1634631157,0.0391980074,1.1000000238,-1.2297098637,0.9040042758,0.0000000000,nan,nan,nan,nan,nan,nan,nan,nan,nan,nan,nan,nan,nan,nan,nan,nan,nan,nan,nan,nan,nan,0.0000088215,0.1899766922,inf,0.0100841522,inf,inf,inf,0.0100696087,0.0500454903,inf,inf,inf,inf,inf,inf,inf,1583
1779239134.5202684402,0.0484115407,-0.0219329465,0.1050431058,-0.0166448611,-0.0137913265,0.0056501946,2.6700000763,nan,nan,0.2000000030,0.0000000000,1.5599999428,0.0000000000,nan,nan,nan,nan,nan,nan,nan,nan,nan,nan,nan,nan,0.1634631157,0.0391980074,1.1000000238,-1.2297098637,0.9040042758,0.0000000000,nan,nan,nan,nan,nan,nan,nan,nan,nan,nan,nan,nan,nan,nan,nan,nan,nan,nan,nan,nan,nan,0.0100162029,0.1999840736,inf,0.0200915337,inf,inf,inf,0.0200769901,0.0600528717,inf,inf,inf,inf,inf,inf,inf,1583
1779239134.5302360058,0.0484115407,-0.0219329465,0.1050431058,-0.0166448611,-0.0137913265,0.0056501946,2.6700000763,nan,nan,0.2000000030,0.0000000000,1.5599999428,0.0000000000,nan,nan,nan,nan,nan,nan,nan,nan,nan,nan,nan,nan,0.1634631157,0.0391980074,1.1000000238,-1.2297098637,0.9040042758,0.0000000000,nan,nan,nan,nan,nan,nan,nan,nan,nan,nan,nan,nan,nan,nan,nan,nan,nan,nan,nan,nan,nan,0.0199837685,0.2099516392,inf,0.0300590992,inf,inf,inf,0.0300445557,0.0700204372,inf,inf,inf,inf,inf,inf,inf,1583
1779239134.5402379036,0.0484115407,-0.0219329465,0.1050431058,-0.0166448611,-0.0137913265,0.0056501946,2.6700000763,nan,nan,0.2000000030,0.0000000000,1.5599999428,0.0000000000,nan,nan,nan,nan,nan,nan,nan,nan,nan,nan,nan,nan,0.1634631157,0.0391980074,1.1000000238,-1.2297098637,0.9040042758,0.0000000000,nan,nan,nan,nan,nan,nan,nan,nan,nan,nan,nan,nan,nan,nan,nan,nan,nan,nan,nan,nan,nan,0.0299856663,0.2199535370,inf,0.0400609970,inf,inf,inf,0.0400464535,0.0800223351,inf,inf,inf,inf,inf,inf,inf,1583
1779239134.5502002239,0.0484115407,-0.0219329465,0.1050431058,-0.0166448611,-0.0137913265,0.0056501946,2.6700000763,nan,nan,0.2000000030,0.0000000000,1.5599999428,0.0000000000,nan,nan,nan,nan,nan,nan,nan,nan,nan,nan,nan,nan,0.1634631157,0.0391980074,1.1000000238,-1.2297098637,0.9040042758,0.0000000000,nan,nan,nan,nan,nan,nan,nan,nan,nan,nan,nan,nan,nan,nan,nan,nan,nan,nan,nan,nan,nan,0.0399479866,0.2299158573,inf,0.0000083447,inf,inf,inf,0.0500087738,0.0899846554,inf,inf,inf,inf,inf,inf,inf,1583
1779239134.5603013039,0.0602134466,-0.0230520032,0.1071216688,-0.0166301171,-0.0165818686,0.0029056185,2.6700000763,nan,nan,0.2000000030,0.0000000000,1.5599999428,0.0000000000,nan,nan,nan,nan,nan,nan,nan,nan,nan,nan,nan,nan,0.1634631157,0.0391980074,1.1000000238,-1.3566385508,0.8724461794,0.0000000000,nan,nan,nan,nan,nan,nan,nan,nan,nan,nan,nan,nan,nan,nan,nan,nan,nan,nan,nan,nan,nan,0.0000419617,0.2400169373,inf,0.0101094246,inf,inf,inf,0.0601098537,0.0000135899,inf,inf,inf,inf,inf,inf,inf,1583
1779239134.5703024864,0.0602134466,-0.0230520032,0.1071216688,-0.0166301171,-0.0165818686,0.0029056185,2.6700000763,nan,nan,0.2000000030,0.0000000000,1.5599999428,0.0000000000,nan,nan,nan,nan,nan,nan,nan,nan,nan,nan,nan,nan,0.1634631157,0.0391980074,1.1000000238,-1.3566385508,0.8724461794,0.0000000000,nan,nan,nan,nan,nan,nan,nan,nan,nan,nan,nan,nan,nan,nan,nan,nan,nan,nan,nan,nan,nan,0.0100431442,0.2500181198,inf,0.0201106071,inf,inf,inf,0.0701110363,0.0100147724,inf,inf,inf,inf,inf,inf,inf,1583
1779239134.5802857876,0.0602134466,-0.0230520032,0.1071216688,-0.0166301171,-0.0165818686,0.0029056185,2.6700000763,nan,nan,0.2000000030,0.0000000000,1.5599999428,0.0000000000,nan,nan,nan,nan,nan,nan,nan,nan,nan,nan,nan,nan,0.1634631157,0.0391980074,1.1000000238,-1.3566385508,0.8724461794,0.0000000000,nan,nan,nan,nan,nan,nan,nan,nan,nan,nan,nan,nan,nan,nan,nan,nan,nan,nan,nan,nan,nan,0.0200264454,0.2600014210,inf,0.0300939083,inf,inf,inf,0.0800943375,0.0199980736,inf,inf,inf,inf,inf,inf,inf,1583
1779239134.5903153419,0.0602134466,-0.0230520032,0.1071216688,-0.0166301171,-0.0165818686,0.0029056185,2.6700000763,nan,nan,0.2000000030,0.0000000000,1.5599999428,0.0000000000,nan,nan,nan,nan,nan,nan,nan,nan,nan,nan,nan,nan,0.1634631157,0.0391980074,1.1000000238,-1.3566385508,0.8724461794,0.0000000000,nan,nan,nan,nan,nan,nan,nan,nan,nan,nan,nan,nan,nan,nan,nan,nan,nan,nan,nan,nan,nan,0.0300559998,0.2700309753,inf,0.0401234627,inf,inf,inf,0.0901238918,0.0300276279,inf,inf,inf,inf,inf,inf,inf,1583
1779239134.6002633572,0.0602134466,-0.0230520032,0.1071216688,-0.0166301171,-0.0165818686,0.0029056185,2.6700000763,nan,nan,0.2000000030,0.0000000000,1.5599999428,0.0000000000,nan,nan,nan,nan,nan,nan,nan,nan,nan,nan,nan,nan,0.1634631157,0.0391980074,1.1000000238,-1.3566385508,0.8724461794,0.0000000000,nan,nan,nan,nan,nan,nan,nan,nan,nan,nan,nan,nan,nan,nan,nan,nan,nan,nan,nan,nan,nan,0.0400040150,0.2799789906,inf,0.0000197887,inf,inf,inf,0.1000719070,0.0399756432,inf,inf,inf,inf,inf,inf,inf,1583
1779239134.6102766991,0.0602134466,-0.0230520032,0.1071216688,-0.0166301171,-0.0165818686,0.0029056185,2.6700000763,nan,nan,0.2000000030,0.0000000000,1.5599999428,0.0000000000,nan,nan,nan,nan,nan,nan,nan,nan,nan,nan,nan,nan,0.1634631157,0.0391980074,1.1000000238,-1.3566385508,0.8724461794,0.0000000000,nan,nan,nan,nan,nan,nan,nan,nan,nan,nan,nan,nan,nan,nan,nan,nan,nan,nan,nan,nan,nan,0.0500173569,0.2899923325,inf,0.0100331306,inf,inf,inf,0.1100852489,0.0499889851,inf,inf,inf,inf,inf,inf,inf,1583
1779239134.6203041077,0.0602134466,-0.0230520032,0.1071216688,-0.0166301171,-0.0165818686,0.0029056185,2.6700000763,nan,nan,0.2000000030,0.0000000000,1.5599999428,0.0000000000,nan,nan,nan,nan,nan,nan,nan,nan,nan,nan,nan,nan,0.1634631157,0.0391980074,1.1000000238,-1.3566385508,0.8724461794,0.0000000000,nan,nan,nan,nan,nan,nan,nan,nan,nan,nan,nan,nan,nan,nan,nan,nan,nan,nan,nan,nan,nan,0.0600447655,0.3000197411,inf,0.0200605392,inf,inf,inf,0.1201126575,0.0600163937,inf,inf,inf,inf,inf,inf,inf,1583
1779239134.6302871704,0.0602134466,-0.0230520032,0.1071216688,-0.0166301171,-0.0165818686,0.0029056185,2.6700000763,nan,nan,0.2000000030,0.0000000000,1.5599999428,0.0000000000,nan,nan,nan,nan,nan,nan,nan,nan,nan,nan,nan,nan,0.1634631157,0.0391980074,1.1000000238,-1.3566385508,0.8724461794,0.0000000000,nan,nan,nan,nan,nan,nan,nan,nan,nan,nan,nan,nan,nan,nan,nan,nan,nan,nan,nan,nan,nan,0.0700278282,0.3100028038,inf,0.0300436020,inf,inf,inf,0.1300957203,0.0699994564,inf,inf,inf,inf,inf,inf,inf,1583
1779239134.6402869225,0.0602134466,-0.0230520032,0.1071216688,-0.0166301171,-0.0165818686,0.0029056185,2.6700000763,nan,nan,0.2000000030,0.0000000000,1.5599999428,0.0000000000,nan,nan,nan,nan,nan,nan,nan,nan,nan,nan,nan,nan,0.1634631157,0.0391980074,1.1000000238,-1.3566385508,0.8724461794,0.0000000000,nan,nan,nan,nan,nan,nan,nan,nan,nan,nan,nan,nan,nan,nan,nan,nan,nan,nan,nan,nan,nan,0.0800275803,0.3200025558,inf,0.0400433540,inf,inf,inf,0.1400954723,0.0799992085,inf,inf,inf,inf,inf,inf,inf,1583
1779239134.6502714157,0.0602134466,-0.0230520032,0.1071216688,-0.0166301171,-0.0165818686,0.0029056185,2.6700000763,nan,nan,0.2000000030,0.0000000000,1.5599999428,0.0000000000,nan,nan,nan,nan,nan,nan,nan,nan,nan,nan,nan,nan,0.1634631157,0.0391980074,1.1000000238,-1.3566385508,0.8724461794,0.0000000000,nan,nan,nan,nan,nan,nan,nan,nan,nan,nan,nan,nan,nan,nan,nan,nan,nan,nan,nan,nan,nan,0.0900120735,0.3299870491,inf,0.0000169277,inf,inf,inf,0.1500799656,0.0899837017,inf,inf,inf,inf,inf,inf,inf,1583
1779239134.6602747440,0.0602134466,-0.0230520032,0.1071216688,-0.0166301171,-0.0165818686,0.0029056185,2.6700000763,nan,nan,0.2000000030,0.0000000000,1.5599999428,0.0000000000,nan,nan,nan,nan,nan,nan,nan,nan,nan,nan,nan,nan,0.1634631157,0.0391980074,1.1000000238,-1.3566385508,0.8724461794,0.0000000000,nan,nan,nan,nan,nan,nan,nan,nan,nan,nan,nan,nan,nan,nan,nan,nan,nan,nan,nan,nan,nan,0.1000154018,0.3399903774,inf,0.0100202560,inf,inf,inf,0.1600832939,0.0999870300,inf,inf,inf,inf,inf,inf,inf,1583
1779239134.6703011990,0.0602134466,-0.0230520032,0.1071216688,-0.0166301171,-0.0165818686,0.0029056185,2.6700000763,nan,nan,0.2000000030,0.0000000000,1.5599999428,0.0000000000,nan,nan,nan,nan,nan,nan,nan,nan,nan,nan,nan,nan,0.1634631157,0.0391980074,1.1000000238,-1.3566385508,0.8724461794,0.0000000000,nan,nan,nan,nan,nan,nan,nan,nan,nan,nan,nan,nan,nan,nan,nan,nan,nan,nan,nan,nan,nan,0.1100418568,0.3500168324,inf,0.0200467110,inf,inf,inf,0.1701097488,0.1100134850,inf,inf,inf,inf,inf,inf,inf,1583
1779239134.6802480221,0.0602134466,-0.0230520032,0.1071216688,-0.0166301171,-0.0165818686,0.0029056185,2.6700000763,nan,nan,0.2000000030,0.0000000000,1.5599999428,0.0000000000,nan,nan,nan,nan,nan,nan,nan,nan,nan,nan,nan,nan,0.1634631157,0.0391980074,1.1000000238,-1.3566385508,0.8724461794,0.0000000000,nan,nan,nan,nan,nan,nan,nan,nan,nan,nan,nan,nan,nan,nan,nan,nan,nan,nan,nan,nan,nan,0.1199886799,0.3599636555,inf,0.0299935341,inf,inf,inf,0.1800565720,0.1199603081,inf,inf,inf,inf,inf,inf,inf,1583
1779239134.6902410984,0.0602134466,-0.0230520032,0.1071216688,-0.0166301171,-0.0165818686,0.0029056185,2.6700000763,nan,nan,0.2000000030,0.0000000000,1.5599999428,0.0000000000,nan,nan,nan,nan,nan,nan,nan,nan,nan,nan,nan,nan,0.1634631157,0.0391980074,1.1000000238,-1.3566385508,0.8724461794,0.0000000000,nan,nan,nan,nan,nan,nan,nan,nan,nan,nan,nan,nan,nan,nan,nan,nan,nan,nan,nan,nan,nan,0.1299817562,0.3699567318,inf,0.0399866104,inf,inf,inf,0.1900496483,0.1299533844,inf,inf,inf,inf,inf,inf,inf,1583
1779239134.7002112865,0.0602134466,-0.0230520032,0.1071216688,-0.0166301171,-0.0165818686,0.0029056185,2.6700000763,nan,nan,0.2000000030,0.0000000000,1.5599999428,0.0000000000,nan,nan,nan,nan,nan,nan,nan,nan,nan,nan,nan,nan,0.1634631157,0.0391980074,1.1000000238,-1.3566385508,0.8724461794,0.0000000000,nan,nan,nan,nan,nan,nan,nan,nan,nan,nan,nan,nan,nan,nan,nan,nan,nan,nan,nan,nan,nan,0.1399519444,0.3799269199,inf,0.0000114441,inf,inf,inf,0.2000198364,0.1399235725,inf,inf,inf,inf,inf,inf,inf,1583
1779239134.7102599144,0.0602134466,-0.0230520032,0.1071216688,-0.0166301171,-0.0165818686,0.0029056185,2.6700000763,nan,nan,0.2000000030,0.0000000000,1.5599999428,0.0000000000,nan,nan,nan,nan,nan,nan,nan,nan,nan,nan,nan,nan,0.1634631157,0.0391980074,1.1000000238,-1.3566385508,0.8724461794,0.0000000000,nan,nan,nan,nan,nan,nan,nan,nan,nan,nan,nan,nan,nan,nan,nan,nan,nan,nan,nan,nan,nan,0.1500005722,0.3899755478,inf,0.0100600719,inf,inf,inf,0.2100684643,0.1499722004,inf,inf,inf,inf,inf,inf,inf,1583
1779239134.7202239037,0.0602134466,-0.0230520032,0.1071216688,-0.0166301171,-0.0165818686,0.0029056185,2.6700000763,nan,nan,0.2000000030,0.0000000000,1.5599999428,0.0000000000,nan,nan,nan,nan,nan,nan,nan,nan,nan,nan,nan,nan,0.1634631157,0.0391980074,1.1000000238,-1.3566385508,0.8724461794,0.0000000000,nan,nan,nan,nan,nan,nan,nan,nan,nan,nan,nan,nan,nan,nan,nan,nan,nan,nan,nan,nan,nan,0.1599645615,0.3999395370,inf,0.0200240612,inf,inf,inf,0.2200324535,0.1599361897,inf,inf,inf,inf,inf,inf,inf,1583
1779239134.7302148342,0.0602134466,-0.0230520032,0.1071216688,-0.0166301171,-0.0165818686,0.0029056185,2.6700000763,nan,nan,0.2000000030,0.0000000000,1.5599999428,0.0000000000,nan,nan,nan,nan,nan,nan,nan,nan,nan,nan,nan,nan,0.1634631157,0.0391980074,1.1000000238,-1.3566385508,0.8724461794,0.0000000000,nan,nan,nan,nan,nan,nan,nan,nan,nan,nan,nan,nan,nan,nan,nan,nan,nan,nan,nan,nan,nan,0.1699554920,0.4099304676,inf,0.0300149918,inf,inf,inf,0.2300233841,0.1699271202,inf,inf,inf,inf,inf,inf,inf,1583
1779239134.7402133942,0.0602134466,-0.0230520032,0.1071216688,-0.0166301171,-0.0165818686,0.0029056185,2.6700000763,nan,nan,0.2000000030,0.0000000000,1.5599999428,0.0000000000,nan,nan,nan,nan,nan,nan,nan,nan,nan,nan,nan,nan,0.1634631157,0.0391980074,1.1000000238,-1.3566385508,0.8724461794,0.0000000000,nan,nan,nan,nan,nan,nan,nan,nan,nan,nan,nan,nan,nan,nan,nan,nan,nan,nan,nan,nan,nan,0.1799540520,0.4199290276,inf,0.0400135517,inf,inf,inf,0.2400219440,0.1799256802,inf,inf,inf,inf,inf,inf,inf,1583
1779239134.7501800060,0.0602134466,-0.0230520032,0.1071216688,-0.0166301171,-0.0165818686,0.0029056185,2.6700000763,nan,nan,0.2000000030,0.0000000000,1.5599999428,0.0000000000,nan,nan,nan,nan,nan,nan,nan,nan,nan,nan,nan,nan,0.1634631157,0.0391980074,1.1000000238,-1.3566385508,0.8724461794,0.0000000000,nan,nan,nan,nan,nan,nan,nan,nan,nan,nan,nan,nan,nan,nan,nan,nan,nan,nan,nan,nan,nan,0.1899206638,0.4298956394,inf,0.0000073910,inf,inf,inf,0.2499885559,0.1898922920,inf,inf,inf,inf,inf,inf,inf,1583
1779239134.7602486610,0.0602134466,-0.0230520032,0.1071216688,-0.0166301171,-0.0165818686,0.0029056185,2.6700000763,nan,nan,0.2000000030,0.0000000000,1.5599999428,0.0000000000,nan,nan,nan,nan,nan,nan,nan,nan,nan,nan,nan,nan,0.1634631157,0.0391980074,1.1000000238,-1.3566385508,0.8724461794,0.0000000000,nan,nan,nan,nan,nan,nan,nan,nan,nan,nan,nan,nan,nan,nan,nan,nan,nan,nan,nan,nan,nan,0.1999893188,0.4399642944,inf,0.0100760460,inf,inf,inf,0.2600572109,0.1999609470,inf,inf,inf,inf,inf,inf,inf,1583
1779239134.7702255249,0.0602134466,-0.0230520032,0.1071216688,-0.0166301171,-0.0165818686,0.0029056185,2.6700000763,nan,nan,0.2000000030,0.0000000000,1.5599999428,0.0000000000,nan,nan,nan,nan,nan,nan,nan,nan,nan,nan,nan,nan,0.1634631157,0.0391980074,1.1000000238,-1.3566385508,0.8724461794,0.0000000000,nan,nan,nan,nan,nan,nan,nan,nan,nan,nan,nan,nan,nan,nan,nan,nan,nan,nan,nan,nan,nan,0.2099661827,0.4499411583,inf,0.0200529099,inf,inf,inf,0.2700340748,0.2099378109,inf,inf,inf,inf,inf,inf,inf,1583
1779239134.7802398205,0.0602134466,-0.0230520032,0.1071216688,-0.0166301171,-0.0165818686,0.0029056185,2.6700000763,nan,nan,0.2000000030,0.0000000000,1.5599999428,0.0000000000,nan,nan,nan,nan,nan,nan,nan,nan,nan,nan,nan,nan,0.1634631157,0.0391980074,1.1000000238,-1.3566385508,0.8724461794,0.0000000000,nan,nan,nan,nan,nan,nan,nan,nan,nan,nan,nan,nan,nan,nan,nan,nan,nan,nan,nan,nan,nan,0.2199804783,0.4599554539,inf,0.0300672054,inf,inf,inf,0.2800483704,0.2199521065,inf,inf,inf,inf,inf,inf,inf,1583
1779239134.7902371883,0.0602134466,-0.0230520032,0.1071216688,-0.0166301171,-0.0165818686,0.0029056185,2.6700000763,nan,nan,0.2000000030,0.0000000000,1.5599999428,0.0000000000,nan,nan,nan,nan,nan,nan,nan,nan,nan,nan,nan,nan,0.1634631157,0.0391980074,1.1000000238,-1.3566385508,0.8724461794,0.0000000000,nan,nan,nan,nan,nan,nan,nan,nan,nan,nan,nan,nan,nan,nan,nan,nan,nan,nan,nan,nan,nan,0.2299778461,0.4699528217,inf,0.0400645733,inf,inf,inf,0.2900457382,0.2299494743,inf,inf,inf,inf,inf,inf,inf,1583
1779239134.8002426624,0.0602134466,-0.0230520032,0.1071216688,-0.0166301171,-0.0165818686,0.0029056185,2.6700000763,nan,nan,0.2000000030,0.0000000000,1.5599999428,0.0000000000,nan,nan,nan,nan,nan,nan,nan,nan,nan,nan,nan,nan,0.1634631157,0.0391980074,1.1000000238,-1.3566385508,0.8724461794,0.0000000000,nan,nan,nan,nan,nan,nan,nan,nan,nan,nan,nan,nan,nan,nan,nan,nan,nan,nan,nan,nan,nan,0.2399833202,0.4799582958,inf,0.0000114441,inf,inf,inf,0.3000512123,0.2399549484,inf,inf,inf,inf,inf,inf,inf,1583
1779239134.8102889061,0.0602134466,-0.0230520032,0.1071216688,-0.0166301171,-0.0165818686,0.0029056185,2.6700000763,nan,nan,0.2000000030,0.0000000000,1.5599999428,0.0000000000,nan,nan,nan,nan,nan,nan,nan,nan,nan,nan,nan,nan,0.1634631157,0.0391980074,1.1000000238,-1.3566385508,0.8724461794,0.0000000000,nan,nan,nan,nan,nan,nan,nan,nan,nan,nan,nan,nan,nan,nan,nan,nan,nan,nan,nan,nan,nan,0.2500295639,0.4900045395,inf,0.0100576878,inf,inf,inf,0.3100974560,0.2500011921,inf,inf,inf,inf,inf,inf,inf,1583
1779239134.8202693462,0.0602134466,-0.0230520032,0.1071216688,-0.0166301171,-0.0165818686,0.0029056185,2.6700000763,nan,nan,0.2000000030,0.0000000000,1.5599999428,0.0000000000,nan,nan,nan,nan,nan,nan,nan,nan,nan,nan,nan,nan,0.1634631157,0.0391980074,1.1000000238,-1.3566385508,0.8724461794,0.0000000000,nan,nan,nan,nan,nan,nan,nan,nan,nan,nan,nan,nan,nan,nan,nan,nan,nan,nan,nan,nan,nan,0.2600100040,0.4999849796,inf,0.0200381279,inf,inf,inf,0.3200778961,0.2599816322,inf,inf,inf,inf,inf,inf,inf,1583
1779239134.8302659988,0.0602134466,-0.0230520032,0.1071216688,-0.0166301171,-0.0165818686,0.0029056185,2.6700000763,nan,nan,0.2000000030,0.0000000000,1.5599999428,0.0000000000,nan,nan,nan,nan,nan,nan,nan,nan,nan,nan,nan,nan,0.1634631157,0.0391980074,1.1000000238,-1.3566385508,0.8724461794,0.0000000000,nan,nan,nan,nan,nan,nan,nan,nan,nan,nan,nan,nan,nan,nan,nan,nan,nan,nan,nan,nan,nan,0.2700066566,0.5099816322,inf,0.0300347805,inf,inf,inf,0.3300745487,0.2699782848,inf,inf,inf,inf,inf,inf,inf,1583
1779239134.8402068615,0.0602134466,-0.0230520032,0.1071216688,-0.0166301171,-0.0165818686,0.0029056185,2.6700000763,nan,nan,0.2000000030,0.0000000000,1.5599999428,0.0000000000,nan,nan,nan,nan,nan,nan,nan,nan,nan,nan,nan,nan,0.1634631157,0.0391980074,1.1000000238,-1.3566385508,0.8724461794,0.0000000000,nan,nan,nan,nan,nan,nan,nan,nan,nan,nan,nan,nan,nan,nan,nan,nan,nan,nan,nan,nan,nan,0.2799475193,0.5199224949,inf,0.0399756432,inf,inf,inf,0.3400154114,0.2799191475,inf,inf,inf,inf,inf,inf,inf,1583
1779239134.8502163887,0.0602134466,-0.0230520032,0.1071216688,-0.0166301171,-0.0165818686,0.0029056185,2.6700000763,nan,nan,0.2000000030,0.0000000000,1.5599999428,0.0000000000,nan,nan,nan,nan,nan,nan,nan,nan,nan,nan,nan,nan,0.1634631157,0.0391980074,1.1000000238,-1.3566385508,0.8724461794,0.0000000000,nan,nan,nan,nan,nan,nan,nan,nan,nan,nan,nan,nan,nan,nan,nan,nan,nan,nan,nan,nan,nan,0.2899570465,0.5299320221,inf,0.0000102520,inf,inf,inf,0.3500249386,0.2899286747,inf,inf,inf,inf,inf,inf,inf,1583
1779239134.8602721691,0.0602134466,-0.0230520032,0.1071216688,-0.0166301171,-0.0165818686,0.0029056185,2.6700000763,nan,nan,0.2000000030,0.0000000000,1.5599999428,0.0000000000,nan,nan,nan,nan,nan,nan,nan,nan,nan,nan,nan,nan,0.1634631157,0.0391980074,1.1000000238,-1.3566385508,0.8724461794,0.0000000000,nan,nan,nan,nan,nan,nan,nan,nan,nan,nan,nan,nan,nan,nan,nan,nan,nan,nan,nan,nan,nan,0.3000128269,0.5399878025,inf,0.0100660324,inf,inf,inf,0.3600807190,0.2999844551,inf,inf,inf,inf,inf,inf,inf,1583
1779239134.8702478409,0.0602134466,-0.0230520032,0.1071216688,-0.0166301171,-0.0165818686,0.0029056185,2.6700000763,nan,nan,0.2000000030,0.0000000000,1.5599999428,0.0000000000,nan,nan,nan,nan,nan,nan,nan,nan,nan,nan,nan,nan,0.1634631157,0.0391980074,1.1000000238,-1.3566385508,0.8724461794,0.0000000000,nan,nan,nan,nan,nan,nan,nan,nan,nan,nan,nan,nan,nan,nan,nan,nan,nan,nan,nan,nan,nan,0.3099884987,0.5499634743,inf,0.0200417042,inf,inf,inf,0.3700563908,0.3099601269,inf,inf,inf,inf,inf,inf,inf,1583
1779239134.8802287579,0.0602134466,-0.0230520032,0.1071216688,-0.0166301171,-0.0165818686,0.0029056185,2.6700000763,nan,nan,0.2000000030,0.0000000000,1.5599999428,0.0000000000,nan,nan,nan,nan,nan,nan,nan,nan,nan,nan,nan,nan,0.1634631157,0.0391980074,1.1000000238,-1.3566385508,0.8724461794,0.0000000000,nan,nan,nan,nan,nan,nan,nan,nan,nan,nan,nan,nan,nan,nan,nan,nan,nan,nan,nan,nan,nan,0.3199694157,0.5599443913,inf,0.0300226212,inf,inf,inf,0.3800373077,0.3199410439,inf,inf,inf,inf,inf,inf,inf,1583
1779239134.8902165890,0.0602134466,-0.0230520032,0.1071216688,-0.0166301171,-0.0165818686,0.0029056185,2.6700000763,nan,nan,0.2000000030,0.0000000000,1.5599999428,0.0000000000,nan,nan,nan,nan,nan,nan,nan,nan,nan,nan,nan,nan,0.1634631157,0.0391980074,1.1000000238,-1.3566385508,0.8724461794,0.0000000000,nan,nan,nan,nan,nan,nan,nan,nan,nan,nan,nan,nan,nan,nan,nan,nan,nan,nan,nan,nan,nan,0.3299572468,0.5699322224,inf,0.0400104523,inf,inf,inf,0.3900251389,0.3299288750,inf,inf,inf,inf,inf,inf,inf,1583
1779239134.9002273083,0.0602134466,-0.0230520032,0.1071216688,-0.0166301171,-0.0165818686,0.0029056185,2.6700000763,nan,nan,0.2000000030,0.0000000000,1.5599999428,0.0000000000,nan,nan,nan,nan,nan,nan,nan,nan,nan,nan,nan,nan,0.1634631157,0.0391980074,1.1000000238,-1.3566385508,0.8724461794,0.0000000000,nan,nan,nan,nan,nan,nan,nan,nan,nan,nan,nan,nan,nan,nan,nan,nan,nan,nan,nan,nan,nan,0.3399679661,0.5799429417,inf,0.0000112057,inf,inf,inf,0.4000358582,0.3399395943,inf,inf,inf,inf,inf,inf,inf,1583
1779239134.9102525711,0.0602134466,-0.0230520032,0.1071216688,-0.0166301171,-0.0165818686,0.0029056185,2.6700000763,nan,nan,0.2000000030,0.0000000000,1.5599999428,0.0000000000,nan,nan,nan,nan,nan,nan,nan,nan,nan,nan,nan,nan,0.1634631157,0.0391980074,1.1000000238,-1.3566385508,0.8724461794,0.0000000000,nan,nan,nan,nan,nan,nan,nan,nan,nan,nan,nan,nan,nan,nan,nan,nan,nan,nan,nan,nan,nan,0.3499932289,0.5899682045,inf,0.0100364685,inf,inf,inf,0.4100611210,0.3499648571,inf,inf,inf,inf,inf,inf,inf,1583
1779239134.9202976227,0.0602134466,-0.0230520032,0.1071216688,-0.0166301171,-0.0165818686,0.0029056185,2.6700000763,nan,nan,0.2000000030,0.0000000000,1.5599999428,0.0000000000,nan,nan,nan,nan,nan,nan,nan,nan,nan,nan,nan,nan,0.1634631157,0.0391980074,1.1000000238,-1.3566385508,0.8724461794,0.0000000000,nan,nan,nan,nan,nan,nan,nan,nan,nan,nan,nan,nan,nan,nan,nan,nan,nan,nan,nan,nan,nan,0.3600382805,0.6000132561,inf,0.0200815201,inf,inf,inf,0.4201061726,0.3600099087,inf,inf,inf,inf,inf,inf,inf,1583
1779239134.9302573204,0.0602134466,-0.0230520032,0.1071216688,-0.0166301171,-0.0165818686,0.0029056185,2.6700000763,nan,nan,0.2000000030,0.0000000000,1.5599999428,0.0000000000,nan,nan,nan,nan,nan,nan,nan,nan,nan,nan,nan,nan,0.1634631157,0.0391980074,1.1000000238,-1.3566385508,0.8724461794,0.0000000000,nan,nan,nan,nan,nan,nan,nan,nan,nan,nan,nan,nan,nan,nan,nan,nan,nan,nan,nan,nan,nan,0.3699979782,0.6099729538,inf,0.0300412178,inf,inf,inf,0.4300658703,0.3699696064,inf,inf,inf,inf,inf,inf,inf,1583
1779239134.9402430058,0.0602134466,-0.0230520032,0.1071216688,-0.0166301171,-0.0165818686,0.0029056185,2.6700000763,nan,nan,0.2000000030,0.0000000000,1.5599999428,0.0000000000,nan,nan,nan,nan,nan,nan,nan,nan,nan,nan,nan,nan,0.1634631157,0.0391980074,1.1000000238,-1.3566385508,0.8724461794,0.0000000000,nan,nan,nan,nan,nan,nan,nan,nan,nan,nan,nan,nan,nan,nan,nan,nan,nan,nan,nan,nan,nan,0.3799836636,0.6199586391,inf,0.0400269032,inf,inf,inf,0.4400515556,0.3799552917,inf,inf,inf,inf,inf,inf,inf,1583
1779239134.9501843452,0.0602134466,-0.0230520032,0.1071216688,-0.0166301171,-0.0165818686,0.0029056185,2.6700000763,nan,nan,0.2000000030,0.0000000000,1.5599999428,0.0000000000,nan,nan,nan,nan,nan,nan,nan,nan,nan,nan,nan,nan,0.1634631157,0.0391980074,1.1000000238,-1.3566385508,0.8724461794,0.0000000000,nan,nan,nan,nan,nan,nan,nan,nan,nan,nan,nan,nan,nan,nan,nan,nan,nan,nan,nan,nan,nan,0.3899250031,0.6298999786,inf,0.0000083447,inf,inf,inf,0.4499928951,0.3898966312,inf,inf,inf,inf,inf,inf,inf,1583
1779239134.9602293968,0.0602134466,-0.0230520032,0.1071216688,-0.0166301171,-0.0165818686,0.0029056185,2.6700000763,nan,nan,0.2000000030,0.0000000000,1.5599999428,0.0000000000,nan,nan,nan,nan,nan,nan,nan,nan,nan,nan,nan,nan,0.1634631157,0.0391980074,1.1000000238,-1.3566385508,0.8724461794,0.0000000000,nan,nan,nan,nan,nan,nan,nan,nan,nan,nan,nan,nan,nan,nan,nan,nan,nan,nan,nan,nan,nan,0.3999700546,0.6399450302,inf,0.0100533962,inf,inf,inf,0.4600379467,0.3999416828,inf,inf,inf,inf,inf,inf,inf,1583
1779239134.9702146053,0.0602134466,-0.0230520032,0.1071216688,-0.0166301171,-0.0165818686,0.0029056185,2.6700000763,nan,nan,0.2000000030,0.0000000000,1.5599999428,0.0000000000,nan,nan,nan,nan,nan,nan,nan,nan,nan,nan,nan,nan,0.1634631157,0.0391980074,1.1000000238,-1.3566385508,0.8724461794,0.0000000000,nan,nan,nan,nan,nan,nan,nan,nan,nan,nan,nan,nan,nan,nan,nan,nan,nan,nan,nan,nan,nan,0.4099552631,0.6499302387,inf,0.0200386047,inf,inf,inf,0.4700231552,0.4099268913,inf,inf,inf,inf,inf,inf,inf,1583
1779239134.9802243710,0.0602134466,-0.0230520032,0.1071216688,-0.0166301171,-0.0165818686,0.0029056185,2.6700000763,nan,nan,0.2000000030,0.0000000000,1.5599999428,0.0000000000,nan,nan,nan,nan,nan,nan,nan,nan,nan,nan,nan,nan,0.1634631157,0.0391980074,1.1000000238,-1.3566385508,0.8724461794,0.0000000000,nan,nan,nan,nan,nan,nan,nan,nan,nan,nan,nan,nan,nan,nan,nan,nan,nan,nan,nan,nan,nan,0.4199650288,0.6599400043,inf,0.0300483704,inf,inf,inf,0.4800329208,0.4199366570,inf,inf,inf,inf,inf,inf,inf,1583
1779239134.9902296066,0.0602134466,-0.0230520032,0.1071216688,-0.0166301171,-0.0165818686,0.0029056185,2.6700000763,nan,nan,0.2000000030,0.0000000000,1.5599999428,0.0000000000,nan,nan,nan,nan,nan,nan,nan,nan,nan,nan,nan,nan,0.1634631157,0.0391980074,1.1000000238,-1.3566385508,0.8724461794,0.0000000000,nan,nan,nan,nan,nan,nan,nan,nan,nan,nan,nan,nan,nan,nan,nan,nan,nan,nan,nan,nan,nan,0.4299702644,0.6699452400,inf,0.0400536060,inf,inf,inf,0.4900381565,0.4299418926,inf,inf,inf,inf,inf,inf,inf,1583
1779239135.0006978512,0.0602134466,-0.0230520032,0.1071216688,-0.0166301171,-0.0165818686,0.0029056185,2.6700000763,nan,nan,0.2000000030,0.0000000000,1.5599999428,0.0000000000,nan,nan,nan,nan,nan,nan,nan,nan,nan,nan,nan,nan,0.1634631157,0.0391980074,1.1000000238,-1.3566385508,0.8724461794,0.0000000000,nan,nan,nan,nan,nan,nan,nan,nan,nan,nan,nan,nan,nan,nan,nan,nan,nan,nan,nan,nan,nan,0.4404385090,0.6804134846,inf,0.0000138283,inf,inf,inf,0.5005064011,0.4404101372,inf,inf,inf,inf,inf,inf,inf,1583
1779239135.0102577209,0.0602134466,-0.0230520032,0.1071216688,-0.0166301171,-0.0165818686,0.0029056185,2.6700000763,nan,nan,0.2000000030,0.0000000000,1.5599999428,0.0000000000,nan,nan,nan,nan,nan,nan,nan,nan,nan,nan,nan,nan,0.1634631157,0.0391980074,1.1000000238,-1.3566385508,0.8724461794,0.0000000000,nan,nan,nan,nan,nan,nan,nan,nan,nan,nan,nan,nan,nan,nan,nan,nan,nan,nan,nan,nan,nan,0.4499983788,0.6899733543,inf,0.0095736980,inf,inf,inf,0.5100662708,0.4499700069,inf,inf,inf,inf,inf,inf,inf,1583
1779239135.0202796459,0.0602134466,-0.0230520032,0.1071216688,-0.0166301171,-0.0165818686,0.0029056185,2.6700000763,nan,nan,0.2000000030,0.0000000000,1.5599999428,0.0000000000,nan,nan,nan,nan,nan,nan,nan,nan,nan,nan,nan,nan,0.1634631157,0.0391980074,1.1000000238,-1.3566385508,0.8724461794,0.0000000000,nan,nan,nan,nan,nan,nan,nan,nan,nan,nan,nan,nan,nan,nan,nan,nan,nan,nan,nan,nan,nan,0.4600203037,0.6999952793,inf,0.0195956230,inf,inf,inf,0.5200881958,0.4599919319,inf,inf,inf,inf,inf,inf,inf,1583
1779239135.0303463936,0.0602134466,-0.0230520032,0.1071216688,-0.0166301171,-0.0165818686,0.0029056185,2.6700000763,nan,nan,0.2000000030,0.0000000000,1.5599999428,0.0000000000,nan,nan,nan,nan,nan,nan,nan,nan,nan,nan,nan,nan,0.1634631157,0.0391980074,1.1000000238,-1.3566385508,0.8724461794,0.0000000000,nan,nan,nan,nan,nan,nan,nan,nan,nan,nan,nan,nan,nan,nan,nan,nan,nan,nan,nan,nan,nan,0.4700870514,0.7100620270,inf,0.0296623707,inf,inf,inf,0.5301549435,0.4700586796,inf,inf,inf,inf,inf,inf,inf,1583
1779239135.0402326584,0.0602134466,-0.0230520032,0.1071216688,-0.0166301171,-0.0165818686,0.0029056185,2.6700000763,nan,nan,0.2000000030,0.0000000000,1.5599999428,0.0000000000,nan,nan,nan,nan,nan,nan,nan,nan,nan,nan,nan,nan,0.1634631157,0.0391980074,1.1000000238,-1.3566385508,0.8724461794,0.0000000000,nan,nan,nan,nan,nan,nan,nan,nan,nan,nan,nan,nan,nan,nan,nan,nan,nan,nan,nan,nan,nan,0.4799733162,0.7199482918,inf,0.0395486355,inf,inf,inf,0.5400412083,0.4799449444,inf,inf,inf,inf,inf,inf,inf,1583
1779239135.0502078533,0.0602134466,-0.0230520032,0.1071216688,-0.0166301171,-0.0165818686,0.0029056185,2.6700000763,nan,nan,0.2000000030,0.0000000000,1.5599999428,0.0000000000,nan,nan,nan,nan,nan,nan,nan,nan,nan,nan,nan,nan,0.1634631157,0.0391980074,1.1000000238,-1.3566385508,0.8724461794,0.0000000000,nan,nan,nan,nan,nan,nan,nan,nan,nan,nan,nan,nan,nan,nan,nan,nan,nan,nan,nan,nan,nan,0.4899485111,0.7299234867,inf,0.0000088215,inf,inf,inf,0.5500164032,0.4899201393,inf,inf,inf,inf,inf,inf,inf,1583
1779239135.0602240562,0.0602134466,-0.0230520032,0.1071216688,-0.0166301171,-0.0165818686,0.0029056185,2.6700000763,nan,nan,0.2000000030,0.0000000000,1.5599999428,0.0000000000,nan,nan,nan,nan,nan,nan,nan,nan,nan,nan,nan,nan,0.1634631157,0.0391980074,1.1000000238,-1.3566385508,0.8724461794,0.0000000000,nan,nan,nan,nan,nan,nan,nan,nan,nan,nan,nan,nan,nan,nan,nan,nan,nan,nan,nan,nan,nan,0.4999647141,0.7399396896,inf,0.0100250244,inf,inf,inf,0.5600326061,0.4999363422,inf,inf,inf,inf,inf,inf,inf,1583
1779239135.0702729225,0.0602134466,-0.0230520032,0.1071216688,-0.0166301171,-0.0165818686,0.0029056185,2.6700000763,nan,nan,0.2000000030,0.0000000000,1.5599999428,0.0000000000,nan,nan,nan,nan,nan,nan,nan,nan,nan,nan,nan,nan,0.1634631157,0.0391980074,1.1000000238,-1.3566385508,0.8724461794,0.0000000000,nan,nan,nan,nan,nan,nan,nan,nan,nan,nan,nan,nan,nan,nan,nan,nan,nan,nan,nan,nan,nan,0.5100135803,0.7499885559,inf,0.0200738907,inf,inf,inf,0.5700814724,0.5099852085,inf,inf,inf,inf,inf,inf,inf,1583
1779239135.0802898407,0.0602134466,-0.0230520032,0.1071216688,-0.0166301171,-0.0165818686,0.0029056185,2.6700000763,nan,nan,0.2000000030,0.0000000000,1.5599999428,0.0000000000,nan,nan,nan,nan,nan,nan,nan,nan,nan,nan,nan,nan,0.1634631157,0.0391980074,1.1000000238,-1.3566385508,0.8724461794,0.0000000000,nan,nan,nan,nan,nan,nan,nan,nan,nan,nan,nan,nan,nan,nan,nan,nan,nan,nan,nan,nan,nan,0.5200304985,0.7600054741,inf,0.0300908089,inf,inf,inf,0.5800983906,0.5200021267,inf,inf,inf,inf,inf,inf,inf,1583
1779239135.0902616978,0.0602134466,-0.0230520032,0.1071216688,-0.0166301171,-0.0165818686,0.0029056185,2.6700000763,nan,nan,0.2000000030,0.0000000000,1.5599999428,0.0000000000,nan,nan,nan,nan,nan,nan,nan,nan,nan,nan,nan,nan,0.1634631157,0.0391980074,1.1000000238,-1.3566385508,0.8724461794,0.0000000000,nan,nan,nan,nan,nan,nan,nan,nan,nan,nan,nan,nan,nan,nan,nan,nan,nan,nan,nan,nan,nan,0.5300023556,0.7699773312,inf,0.0400626659,inf,inf,inf,0.5900702477,0.5299739838,inf,inf,inf,inf,inf,inf,inf,1583
1779239135.1001949310,0.0602134466,-0.0230520032,0.1071216688,-0.0166301171,-0.0165818686,0.0029056185,2.6700000763,nan,nan,0.2000000030,0.0000000000,1.5599999428,0.0000000000,nan,nan,nan,nan,nan,nan,nan,nan,nan,nan,nan,nan,0.1634631157,0.0391980074,1.1000000238,-1.3566385508,0.8724461794,0.0000000000,nan,nan,nan,nan,nan,nan,nan,nan,nan,nan,nan,nan,nan,nan,nan,nan,nan,nan,nan,nan,nan,0.5399355888,0.7799105644,inf,0.0000088215,inf,inf,inf,0.6000034809,0.5399072170,inf,inf,inf,inf,inf,inf,inf,1583
1779239135.1102294922,0.0602134466,-0.0230520032,0.1071216688,-0.0166301171,-0.0165818686,0.0029056185,2.6700000763,nan,nan,0.2000000030,0.0000000000,1.5599999428,0.0000000000,nan,nan,nan,nan,nan,nan,nan,nan,nan,nan,nan,nan,0.1634631157,0.0391980074,1.1000000238,-1.3566385508,0.8724461794,0.0000000000,nan,nan,nan,nan,nan,nan,nan,nan,nan,nan,nan,nan,nan,nan,nan,nan,nan,nan,nan,nan,nan,0.5499701500,0.7899451256,inf,0.0100433826,inf,inf,inf,0.6100380421,0.5499417782,inf,inf,inf,inf,inf,inf,inf,1583
1779239135.1202340126,0.0602134466,-0.0230520032,0.1071216688,-0.0166301171,-0.0165818686,0.0029056185,2.6700000763,nan,nan,0.2000000030,0.0000000000,1.5599999428,0.0000000000,nan,nan,nan,nan,nan,nan,nan,nan,nan,nan,nan,nan,0.1634631157,0.0391980074,1.1000000238,-1.3566385508,0.8724461794,0.0000000000,nan,nan,nan,nan,nan,nan,nan,nan,nan,nan,nan,nan,nan,nan,nan,nan,nan,nan,nan,nan,nan,0.5599746704,0.7999496460,inf,0.0200479031,inf,inf,inf,0.6200425625,0.5599462986,inf,inf,inf,inf,inf,inf,inf,1583
1779239135.1302433014,0.0602134466,-0.0230520032,0.1071216688,-0.0166301171,-0.0165818686,0.0029056185,2.6700000763,nan,nan,0.2000000030,0.0000000000,1.5599999428,0.0000000000,nan,nan,nan,nan,nan,nan,nan,nan,nan,nan,nan,nan,0.1634631157,0.0391980074,1.1000000238,-1.3566385508,0.8724461794,0.0000000000,nan,nan,nan,nan,nan,nan,nan,nan,nan,nan,nan,nan,nan,nan,nan,nan,nan,nan,nan,nan,nan,0.5699839592,0.8099589348,inf,0.0300571918,inf,inf,inf,0.6300518513,0.5699555874,inf,inf,inf,inf,inf,inf,inf,1583
1779239135.1402513981,0.0602134466,-0.0230520032,0.1071216688,-0.0166301171,-0.0165818686,0.0029056185,2.6700000763,nan,nan,0.2000000030,0.0000000000,1.5599999428,0.0000000000,nan,nan,nan,nan,nan,nan,nan,nan,nan,nan,nan,nan,0.1634631157,0.0391980074,1.1000000238,-1.3566385508,0.8724461794,0.0000000000,nan,nan,nan,nan,nan,nan,nan,nan,nan,nan,nan,nan,nan,nan,nan,nan,nan,nan,nan,nan,nan,0.5799920559,0.8199670315,inf,0.0400652885,inf,inf,inf,0.6400599480,0.5799636841,inf,inf,inf,inf,inf,inf,inf,1583
1779239135.1501865387,0.0602134466,-0.0230520032,0.1071216688,-0.0166301171,-0.0165818686,0.0029056185,2.6700000763,nan,nan,0.2000000030,0.0000000000,1.5599999428,0.0000000000,nan,nan,nan,nan,nan,nan,nan,nan,nan,nan,nan,nan,0.1634631157,0.0391980074,1.1000000238,-1.3566385508,0.8724461794,0.0000000000,nan,nan,nan,nan,nan,nan,nan,nan,nan,nan,nan,nan,nan,nan,nan,nan,nan,nan,nan,nan,nan,0.5899271965,0.8299021721,inf,0.0000078678,inf,inf,inf,0.6499950886,0.5898988247,inf,inf,inf,inf,inf,inf,inf,1583
1779239135.1602907181,0.0602134466,-0.0230520032,0.1071216688,-0.0166301171,-0.0165818686,0.0029056185,2.6700000763,nan,nan,0.2000000030,0.0000000000,1.5599999428,0.0000000000,nan,nan,nan,nan,nan,nan,nan,nan,nan,nan,nan,nan,0.1634631157,0.0391980074,1.1000000238,-1.3566385508,0.8724461794,0.0000000000,nan,nan,nan,nan,nan,nan,nan,nan,nan,nan,nan,nan,nan,nan,nan,nan,nan,nan,nan,nan,nan,0.6000313759,0.8400063515,inf,0.0101120472,inf,inf,inf,0.6600992680,0.6000030041,inf,inf,inf,inf,inf,inf,inf,1583
1779239135.1702778339,0.0602134466,-0.0230520032,0.1071216688,-0.0166301171,-0.0165818686,0.0029056185,2.6700000763,nan,nan,0.2000000030,0.0000000000,1.5599999428,0.0000000000,nan,nan,nan,nan,nan,nan,nan,nan,nan,nan,nan,nan,0.1634631157,0.0391980074,1.1000000238,-1.3566385508,0.8724461794,0.0000000000,nan,nan,nan,nan,nan,nan,nan,nan,nan,nan,nan,nan,nan,nan,nan,nan,nan,nan,nan,nan,nan,0.6100184917,0.8499934673,inf,0.0200991631,inf,inf,inf,0.6700863838,0.6099901199,inf,inf,inf,inf,inf,inf,inf,1583
1779239135.1802415848,0.0602134466,-0.0230520032,0.1071216688,-0.0166301171,-0.0165818686,0.0029056185,2.6700000763,nan,nan,0.2000000030,0.0000000000,1.5599999428,0.0000000000,nan,nan,nan,nan,nan,nan,nan,nan,nan,nan,nan,nan,0.1634631157,0.0391980074,1.1000000238,-1.3566385508,0.8724461794,0.0000000000,nan,nan,nan,nan,nan,nan,nan,nan,nan,nan,nan,nan,nan,nan,nan,nan,nan,nan,nan,nan,nan,0.6199822426,0.8599572182,inf,0.0300629139,inf,inf,inf,0.6800501347,0.6199538708,inf,inf,inf,inf,inf,inf,inf,1583
1779239135.1902415752,0.0602134466,-0.0230520032,0.1071216688,-0.0166301171,-0.0165818686,0.0029056185,2.6700000763,nan,nan,0.2000000030,0.0000000000,1.5599999428,0.0000000000,nan,nan,nan,nan,nan,nan,nan,nan,nan,nan,nan,nan,0.1634631157,0.0391980074,1.1000000238,-1.3566385508,0.8724461794,0.0000000000,nan,nan,nan,nan,nan,nan,nan,nan,nan,nan,nan,nan,nan,nan,nan,nan,nan,nan,nan,nan,nan,0.6299822330,0.8699572086,inf,0.0400629044,inf,inf,inf,0.6900501251,0.6299538612,inf,inf,inf,inf,inf,inf,inf,1583
1779239135.2001984119,0.0602134466,-0.0230520032,0.1071216688,-0.0166301171,-0.0165818686,0.0029056185,2.6700000763,nan,nan,0.2000000030,0.0000000000,1.5599999428,0.0000000000,nan,nan,nan,nan,nan,nan,nan,nan,nan,nan,nan,nan,0.1634631157,0.0391980074,1.1000000238,-1.3566385508,0.8724461794,0.0000000000,nan,nan,nan,nan,nan,nan,nan,nan,nan,nan,nan,nan,nan,nan,nan,nan,nan,nan,nan,nan,nan,0.6399390697,0.8799140453,inf,0.0000081062,inf,inf,inf,0.7000069618,0.6399106979,inf,inf,inf,inf,inf,inf,inf,1583
1779239135.2102494240,0.0602134466,-0.0230520032,0.1071216688,-0.0166301171,-0.0165818686,0.0029056185,2.6700000763,nan,nan,0.2000000030,0.0000000000,1.5599999428,0.0000000000,nan,nan,nan,nan,nan,nan,nan,nan,nan,nan,nan,nan,0.1634631157,0.0391980074,1.1000000238,-1.3566385508,0.8724461794,0.0000000000,nan,nan,nan,nan,nan,nan,nan,nan,nan,nan,nan,nan,nan,nan,nan,nan,nan,nan,nan,nan,nan,0.6499900818,0.8899650574,inf,0.0100591183,inf,inf,inf,0.7100579739,0.6499617100,inf,inf,inf,inf,inf,inf,inf,1583
1779239135.2202408314,0.0602134466,-0.0230520032,0.1071216688,-0.0166301171,-0.0165818686,0.0029056185,2.6700000763,nan,nan,0.2000000030,0.0000000000,1.5599999428,0.0000000000,nan,nan,nan,nan,nan,nan,nan,nan,nan,nan,nan,nan,0.1634631157,0.0391980074,1.1000000238,-1.3566385508,0.8724461794,0.0000000000,nan,nan,nan,nan,nan,nan,nan,nan,nan,nan,nan,nan,nan,nan,nan,nan,nan,nan,nan,nan,nan,0.6599814892,0.8999564648,inf,0.0200505257,inf,inf,inf,0.7200493813,0.6599531174,inf,inf,inf,inf,inf,inf,inf,1583
1779239135.2302446365,0.0602134466,-0.0230520032,0.1071216688,-0.0166301171,-0.0165818686,0.0029056185,2.6700000763,nan,nan,0.2000000030,0.0000000000,1.5599999428,0.0000000000,nan,nan,nan,nan,nan,nan,nan,nan,nan,nan,nan,nan,0.1634631157,0.0391980074,1.1000000238,-1.3566385508,0.8724461794,0.0000000000,nan,nan,nan,nan,nan,nan,nan,nan,nan,nan,nan,nan,nan,nan,nan,nan,nan,nan,nan,nan,nan,0.6699852943,0.9099602699,inf,0.0300543308,inf,inf,inf,0.7300531864,0.6699569225,inf,inf,inf,inf,inf,inf,inf,1583
1779239135.2402684689,0.0602134466,-0.0230520032,0.1071216688,-0.0166301171,-0.0165818686,0.0029056185,2.6700000763,nan,nan,0.2000000030,0.0000000000,1.5599999428,0.0000000000,nan,nan,nan,nan,nan,nan,nan,nan,nan,nan,nan,nan,0.1634631157,0.0391980074,1.1000000238,-1.3566385508,0.8724461794,0.0000000000,nan,nan,nan,nan,nan,nan,nan,nan,nan,nan,nan,nan,nan,nan,nan,nan,nan,nan,nan,nan,nan,0.6800091267,0.9199841022,inf,0.0400781631,inf,inf,inf,0.7400770187,0.6799807549,inf,inf,inf,inf,inf,inf,inf,1583
1779239135.2502388954,0.0602134466,-0.0230520032,0.1071216688,-0.0166301171,-0.0165818686,0.0029056185,2.6700000763,nan,nan,0.2000000030,0.0000000000,1.5599999428,0.0000000000,nan,nan,nan,nan,nan,nan,nan,nan,nan,nan,nan,nan,0.1634631157,0.0391980074,1.1000000238,-1.3566385508,0.8724461794,0.0000000000,nan,nan,nan,nan,nan,nan,nan,nan,nan,nan,nan,nan,nan,nan,nan,nan,nan,nan,nan,nan,nan,0.6899795532,0.9299545288,inf,0.0000121593,inf,inf,inf,0.7500474453,0.6899511814,inf,inf,inf,inf,inf,inf,inf,1583
1779239135.2602779865,0.0602134466,-0.0230520032,0.1071216688,-0.0166301171,-0.0165818686,0.0029056185,2.6700000763,nan,nan,0.2000000030,0.0000000000,1.5599999428,0.0000000000,nan,nan,nan,nan,nan,nan,nan,nan,nan,nan,nan,nan,0.1634631157,0.0391980074,1.1000000238,-1.3566385508,0.8724461794,0.0000000000,nan,nan,nan,nan,nan,nan,nan,nan,nan,nan,nan,nan,nan,nan,nan,nan,nan,nan,nan,nan,nan,0.7000186443,0.9399936199,inf,0.0100512505,inf,inf,inf,0.7600865364,0.6999902725,inf,inf,inf,inf,inf,inf,inf,1583
1779239135.2702755928,0.0602134466,-0.0230520032,0.1071216688,-0.0166301171,-0.0165818686,0.0029056185,2.6700000763,nan,nan,0.2000000030,0.0000000000,1.5599999428,0.0000000000,nan,nan,nan,nan,nan,nan,nan,nan,nan,nan,nan,nan,0.1634631157,0.0391980074,1.1000000238,-1.3566385508,0.8724461794,0.0000000000,nan,nan,nan,nan,nan,nan,nan,nan,nan,nan,nan,nan,nan,nan,nan,nan,nan,nan,nan,nan,nan,0.7100162506,0.9499912262,inf,0.0200488567,inf,inf,inf,0.7700841427,0.7099878788,inf,inf,inf,inf,inf,inf,inf,1583
1779239135.2802538872,0.0602134466,-0.0230520032,0.1071216688,-0.0166301171,-0.0165818686,0.0029056185,2.6700000763,nan,nan,0.2000000030,0.0000000000,1.5599999428,0.0000000000,nan,nan,nan,nan,nan,nan,nan,nan,nan,nan,nan,nan,0.1634631157,0.0391980074,1.1000000238,-1.3566385508,0.8724461794,0.0000000000,nan,nan,nan,nan,nan,nan,nan,nan,nan,nan,nan,nan,nan,nan,nan,nan,nan,nan,nan,nan,nan,0.7199945450,0.9599695206,inf,0.0300271511,inf,inf,inf,0.7800624371,0.7199661732,inf,inf,inf,inf,inf,inf,inf,1583
1779239135.2902393341,0.0602134466,-0.0230520032,0.1071216688,-0.0166301171,-0.0165818686,0.0029056185,2.6700000763,nan,nan,0.2000000030,0.0000000000,1.5599999428,0.0000000000,nan,nan,nan,nan,nan,nan,nan,nan,nan,nan,nan,nan,0.1634631157,0.0391980074,1.1000000238,-1.3566385508,0.8724461794,0.0000000000,nan,nan,nan,nan,nan,nan,nan,nan,nan,nan,nan,nan,nan,nan,nan,nan,nan,nan,nan,nan,nan,0.7299799919,0.9699549675,inf,0.0400125980,inf,inf,inf,0.7900478840,0.7299516201,inf,inf,inf,inf,inf,inf,inf,1583
1779239135.3002185822,0.0602134466,-0.0230520032,0.1071216688,-0.0166301171,-0.0165818686,0.0029056185,2.6700000763,nan,nan,0.2000000030,0.0000000000,1.5599999428,0.0000000000,nan,nan,nan,nan,nan,nan,nan,nan,nan,nan,nan,nan,0.1634631157,0.0391980074,1.1000000238,-1.3566385508,0.8724461794,0.0000000000,nan,nan,nan,nan,nan,nan,nan,nan,nan,nan,nan,nan,nan,nan,nan,nan,nan,nan,nan,nan,nan,0.7399592400,0.9799342155,inf,0.0000071526,inf,inf,inf,0.8000271320,0.7399308681,inf,inf,inf,inf,inf,inf,inf,1583
1779239135.3102650642,0.0602134466,-0.0230520032,0.1071216688,-0.0166301171,-0.0165818686,0.0029056185,2.6700000763,nan,nan,0.2000000030,0.0000000000,1.5599999428,0.0000000000,nan,nan,nan,nan,nan,nan,nan,nan,nan,nan,nan,nan,0.1634631157,0.0391980074,1.1000000238,-1.3566385508,0.8724461794,0.0000000000,nan,nan,nan,nan,nan,nan,nan,nan,nan,nan,nan,nan,nan,nan,nan,nan,nan,nan,nan,nan,nan,0.7500057220,0.9899806976,inf,0.0100536346,inf,inf,inf,0.8100736141,0.7499773502,inf,inf,inf,inf,inf,inf,inf,1583
1779239135.3202393055,0.0602134466,-0.0230520032,0.1071216688,-0.0166301171,-0.0165818686,0.0029056185,2.6700000763,nan,nan,0.2000000030,0.0000000000,1.5599999428,0.0000000000,nan,nan,nan,nan,nan,nan,nan,nan,nan,nan,nan,nan,0.1634631157,0.0391980074,1.1000000238,-1.3566385508,0.8724461794,0.0000000000,nan,nan,nan,nan,nan,nan,nan,nan,nan,nan,nan,nan,nan,nan,nan,nan,nan,nan,nan,nan,nan,0.7599799633,0.9999549389,inf,0.0200278759,inf,inf,inf,0.8200478554,0.7599515915,inf,inf,inf,inf,inf,inf,inf,1583
1779239135.3302688599,0.0602134466,-0.0230520032,0.1071216688,-0.0166301171,-0.0165818686,0.0029056185,2.6700000763,nan,nan,0.2000000030,0.0000000000,1.5599999428,0.0000000000,nan,nan,nan,nan,nan,nan,nan,nan,nan,nan,nan,nan,0.1634631157,0.0391980074,1.1000000238,-1.3566385508,0.8724461794,0.0000000000,nan,nan,nan,nan,nan,nan,nan,nan,nan,nan,nan,nan,nan,nan,nan,nan,nan,nan,nan,nan,nan,0.7700095177,1.0099844933,inf,0.0300574303,inf,inf,inf,0.8300774097,0.7699811459,inf,inf,inf,inf,inf,inf,inf,1583
1779239135.3402783871,0.0602134466,-0.0230520032,0.1071216688,-0.0166301171,-0.0165818686,0.0029056185,2.6700000763,nan,nan,0.2000000030,0.0000000000,1.5599999428,0.0000000000,nan,nan,nan,nan,nan,nan,nan,nan,nan,nan,nan,nan,0.1634631157,0.0391980074,1.1000000238,-1.3566385508,0.8724461794,0.0000000000,nan,nan,nan,nan,nan,nan,nan,nan,nan,nan,nan,nan,nan,nan,nan,nan,nan,nan,nan,nan,nan,0.7800190449,1.0199940205,inf,0.0400669575,inf,inf,inf,0.8400869370,0.7799906731,inf,inf,inf,inf,inf,inf,inf,1583
1779239135.3502628803,0.0602134466,-0.0230520032,0.1071216688,-0.0166301171,-0.0165818686,0.0029056185,2.6700000763,nan,nan,0.2000000030,0.0000000000,1.5599999428,0.0000000000,nan,nan,nan,nan,nan,nan,nan,nan,nan,nan,nan,nan,0.1634631157,0.0391980074,1.1000000238,-1.3566385508,0.8724461794,0.0000000000,nan,nan,nan,nan,nan,nan,nan,nan,nan,nan,nan,nan,nan,nan,nan,nan,nan,nan,nan,nan,nan,0.7900035381,1.0299785137,inf,0.0000164509,inf,inf,inf,0.8500714302,0.7899751663,inf,inf,inf,inf,inf,inf,inf,1583
1779239135.3602712154,0.0602134466,-0.0230520032,0.1071216688,-0.0166301171,-0.0165818686,0.0029056185,2.6700000763,nan,nan,0.2000000030,0.0000000000,1.5599999428,0.0000000000,nan,nan,nan,nan,nan,nan,nan,nan,nan,nan,nan,nan,0.1634631157,0.0391980074,1.1000000238,-1.3566385508,0.8724461794,0.0000000000,nan,nan,nan,nan,nan,nan,nan,nan,nan,nan,nan,nan,nan,nan,nan,nan,nan,nan,nan,nan,nan,0.8000118732,1.0399868488,inf,0.0100247860,inf,inf,inf,0.8600797653,0.7999835014,inf,inf,inf,inf,inf,inf,inf,1583
1779239135.3702836037,0.0602134466,-0.0230520032,0.1071216688,-0.0166301171,-0.0165818686,0.0029056185,2.6700000763,nan,nan,0.2000000030,0.0000000000,1.5599999428,0.0000000000,nan,nan,nan,nan,nan,nan,nan,nan,nan,nan,nan,nan,0.1634631157,0.0391980074,1.1000000238,-1.3566385508,0.8724461794,0.0000000000,nan,nan,nan,nan,nan,nan,nan,nan,nan,nan,nan,nan,nan,nan,nan,nan,nan,nan,nan,nan,nan,0.8100242615,1.0499992371,inf,0.0200371742,inf,inf,inf,0.8700921535,0.8099958897,inf,inf,inf,inf,inf,inf,inf,1583
1779239135.3803069592,0.0602134466,-0.0230520032,0.1071216688,-0.0166301171,-0.0165818686,0.0029056185,2.6700000763,nan,nan,0.2000000030,0.0000000000,1.5599999428,0.0000000000,nan,nan,nan,nan,nan,nan,nan,nan,nan,nan,nan,nan,0.1634631157,0.0391980074,1.1000000238,-1.3566385508,0.8724461794,0.0000000000,nan,nan,nan,nan,nan,nan,nan,nan,nan,nan,nan,nan,nan,nan,nan,nan,nan,nan,nan,nan,nan,0.8200476170,1.0600225925,inf,0.0300605297,inf,inf,inf,0.8801155090,0.8200192451,inf,inf,inf,inf,inf,inf,inf,1583
1779239135.3903222084,0.0602134466,-0.0230520032,0.1071216688,-0.0166301171,-0.0165818686,0.0029056185,2.6700000763,nan,nan,0.2000000030,0.0000000000,1.5599999428,0.0000000000,nan,nan,nan,nan,nan,nan,nan,nan,nan,nan,nan,nan,0.1634631157,0.0391980074,1.1000000238,-1.3566385508,0.8724461794,0.0000000000,nan,nan,nan,nan,nan,nan,nan,nan,nan,nan,nan,nan,nan,nan,nan,nan,nan,nan,nan,nan,nan,0.8300628662,1.0700378418,inf,0.0400757790,inf,inf,inf,0.8901307583,0.8300344944,inf,inf,inf,inf,inf,inf,inf,1583
1779239135.4002730846,0.0602134466,-0.0230520032,0.1071216688,-0.0166301171,-0.0165818686,0.0029056185,2.6700000763,nan,nan,0.2000000030,0.0000000000,1.5599999428,0.0000000000,nan,nan,nan,nan,nan,nan,nan,nan,nan,nan,nan,nan,0.1634631157,0.0391980074,1.1000000238,-1.3566385508,0.8724461794,0.0000000000,nan,nan,nan,nan,nan,nan,nan,nan,nan,nan,nan,nan,nan,nan,nan,nan,nan,nan,nan,nan,nan,0.8400137424,1.0799887180,inf,0.0000166893,inf,inf,inf,0.9000816345,0.8399853706,inf,inf,inf,inf,inf,inf,inf,1583
1779239135.4102902412,0.0602134466,-0.0230520032,0.1071216688,-0.0166301171,-0.0165818686,0.0029056185,2.6700000763,nan,nan,0.2000000030,0.0000000000,1.5599999428,0.0000000000,nan,nan,nan,nan,nan,nan,nan,nan,nan,nan,nan,nan,0.1634631157,0.0391980074,1.1000000238,-1.3566385508,0.8724461794,0.0000000000,nan,nan,nan,nan,nan,nan,nan,nan,nan,nan,nan,nan,nan,nan,nan,nan,nan,nan,nan,nan,nan,0.8500308990,1.0900058746,inf,0.0100338459,inf,inf,inf,0.9100987911,0.8500025272,inf,inf,inf,inf,inf,inf,inf,1583
1779239135.4202623367,0.0602134466,-0.0230520032,0.1071216688,-0.0166301171,-0.0165818686,0.0029056185,2.6700000763,nan,nan,0.2000000030,0.0000000000,1.5599999428,0.0000000000,nan,nan,nan,nan,nan,nan,nan,nan,nan,nan,nan,nan,0.1634631157,0.0391980074,1.1000000238,-1.3566385508,0.8724461794,0.0000000000,nan,nan,nan,nan,nan,nan,nan,nan,nan,nan,nan,nan,nan,nan,nan,nan,nan,nan,nan,nan,nan,0.8600029945,1.0999779701,inf,0.0200059414,inf,inf,inf,0.9200708866,0.8599746227,inf,inf,inf,inf,inf,inf,inf,1583
1779239135.4302988052,0.0602134466,-0.0230520032,0.1071216688,-0.0166301171,-0.0165818686,0.0029056185,2.6700000763,nan,nan,0.2000000030,0.0000000000,1.5599999428,0.0000000000,nan,nan,nan,nan,nan,nan,nan,nan,nan,nan,nan,nan,0.1634631157,0.0391980074,1.1000000238,-1.3566385508,0.8724461794,0.0000000000,nan,nan,nan,nan,nan,nan,nan,nan,nan,nan,nan,nan,nan,nan,nan,nan,nan,nan,nan,nan,nan,0.8700394630,1.1100144386,inf,0.0300424099,inf,inf,inf,0.9301073551,0.8700110912,inf,inf,inf,inf,inf,inf,inf,1583
1779239135.4402871132,0.0602134466,-0.0230520032,0.1071216688,-0.0166301171,-0.0165818686,0.0029056185,2.6700000763,nan,nan,0.2000000030,0.0000000000,1.5599999428,0.0000000000,nan,nan,nan,nan,nan,nan,nan,nan,nan,nan,nan,nan,0.1634631157,0.0391980074,1.1000000238,-1.3566385508,0.8724461794,0.0000000000,nan,nan,nan,nan,nan,nan,nan,nan,nan,nan,nan,nan,nan,nan,nan,nan,nan,nan,nan,nan,nan,0.8800277710,1.1200027466,inf,0.0400307178,inf,inf,inf,0.9400956631,0.8799993992,inf,inf,inf,inf,inf,inf,inf,1583
1779239135.4502060413,0.0602134466,-0.0230520032,0.1071216688,-0.0166301171,-0.0165818686,0.0029056185,2.6700000763,nan,nan,0.2000000030,0.0000000000,1.5599999428,0.0000000000,nan,nan,nan,nan,nan,nan,nan,nan,nan,nan,nan,nan,0.1634631157,0.0391980074,1.1000000238,-1.3566385508,0.8724461794,0.0000000000,nan,nan,nan,nan,nan,nan,nan,nan,nan,nan,nan,nan,nan,nan,nan,nan,nan,nan,nan,nan,nan,0.8899466991,1.1299216747,inf,0.0000090599,inf,inf,inf,0.9500145912,0.8899183273,inf,inf,inf,inf,inf,inf,inf,1583
1779239135.4602260590,0.0602134466,-0.0230520032,0.1071216688,-0.0166301171,-0.0165818686,0.0029056185,2.6700000763,nan,nan,0.2000000030,0.0000000000,1.5599999428,0.0000000000,nan,nan,nan,nan,nan,nan,nan,nan,nan,nan,nan,nan,0.1634631157,0.0391980074,1.1000000238,-1.3566385508,0.8724461794,0.0000000000,nan,nan,nan,nan,nan,nan,nan,nan,nan,nan,nan,nan,nan,nan,nan,nan,nan,nan,nan,nan,nan,0.8999667168,1.1399416924,inf,0.0100290775,inf,inf,inf,0.9600346088,0.8999383450,inf,inf,inf,inf,inf,inf,inf,1583
1779239135.4702577591,0.0602134466,-0.0230520032,0.1071216688,-0.0166301171,-0.0165818686,0.0029056185,2.6700000763,nan,nan,0.2000000030,0.0000000000,1.5599999428,0.0000000000,nan,nan,nan,nan,nan,nan,nan,nan,nan,nan,nan,nan,0.1634631157,0.0391980074,1.1000000238,-1.3566385508,0.8724461794,0.0000000000,nan,nan,nan,nan,nan,nan,nan,nan,nan,nan,nan,nan,nan,nan,nan,nan,nan,nan,nan,nan,nan,0.9099984169,1.1499733925,inf,0.0200607777,inf,inf,inf,0.9700663090,0.9099700451,inf,inf,inf,inf,inf,inf,inf,1583
1779239135.4802653790,0.0602134466,-0.0230520032,0.1071216688,-0.0166301171,-0.0165818686,0.0029056185,2.6700000763,nan,nan,0.2000000030,0.0000000000,1.5599999428,0.0000000000,nan,nan,nan,nan,nan,nan,nan,nan,nan,nan,nan,nan,0.1634631157,0.0391980074,1.1000000238,-1.3566385508,0.8724461794,0.0000000000,nan,nan,nan,nan,nan,nan,nan,nan,nan,nan,nan,nan,nan,nan,nan,nan,nan,nan,nan,nan,nan,0.9200060368,1.1599810123,inf,0.0300683975,inf,inf,inf,0.9800739288,0.9199776649,inf,inf,inf,inf,inf,inf,inf,1583
1779239135.4902555943,0.0602134466,-0.0230520032,0.1071216688,-0.0166301171,-0.0165818686,0.0029056185,2.6700000763,nan,nan,0.2000000030,0.0000000000,1.5599999428,0.0000000000,nan,nan,nan,nan,nan,nan,nan,nan,nan,nan,nan,nan,0.1634631157,0.0391980074,1.1000000238,-1.3566385508,0.8724461794,0.0000000000,nan,nan,nan,nan,nan,nan,nan,nan,nan,nan,nan,nan,nan,nan,nan,nan,nan,nan,nan,nan,nan,0.9299962521,1.1699712276,inf,0.0400586128,inf,inf,inf,0.9900641441,0.9299678802,inf,inf,inf,inf,inf,inf,inf,1583
1779239135.5002415180,0.0602134466,-0.0230520032,0.1071216688,-0.0166301171,-0.0165818686,0.0029056185,2.6700000763,nan,nan,0.2000000030,0.0000000000,1.5599999428,0.0000000000,nan,nan,nan,nan,nan,nan,nan,nan,nan,nan,nan,nan,0.1634631157,0.0391980074,1.1000000238,-1.3566385508,0.8724461794,0.0000000000,nan,nan,nan,nan,nan,nan,nan,nan,nan,nan,nan,nan,nan,nan,nan,nan,nan,nan,nan,nan,nan,0.9399821758,1.1799571514,inf,0.0000135899,inf,inf,inf,1.0000500679,0.9399538040,inf,inf,inf,inf,inf,inf,inf,1583
1779239135.5102496147,0.0602134466,-0.0230520032,0.1071216688,-0.0166301171,-0.0165818686,0.0029056185,2.6700000763,nan,nan,0.2000000030,0.0000000000,1.5599999428,0.0000000000,nan,nan,nan,nan,nan,nan,nan,nan,nan,nan,nan,nan,0.1634631157,0.0391980074,1.1000000238,-1.3566385508,0.8724461794,0.0000000000,nan,nan,nan,nan,nan,nan,nan,nan,nan,nan,nan,nan,nan,nan,nan,nan,nan,nan,nan,nan,nan,0.9499902725,1.1899652481,inf,0.0100216866,inf,inf,inf,1.0100581646,0.9499619007,inf,inf,inf,inf,inf,inf,inf,1583
1779239135.5202610493,0.0602134466,-0.0230520032,0.1071216688,-0.0166301171,-0.0165818686,0.0029056185,2.6700000763,nan,nan,0.2000000030,0.0000000000,1.5599999428,0.0000000000,nan,nan,nan,nan,nan,nan,nan,nan,nan,nan,nan,nan,0.1634631157,0.0391980074,1.1000000238,-1.3566385508,0.8724461794,0.0000000000,nan,nan,nan,nan,nan,nan,nan,nan,nan,nan,nan,nan,nan,nan,nan,nan,nan,nan,nan,nan,nan,0.9600017071,1.1999766827,inf,0.0200331211,inf,inf,inf,1.0200695992,0.9599733353,inf,inf,inf,inf,inf,inf,inf,1583
1779239135.5302264690,0.0602134466,-0.0230520032,0.1071216688,-0.0166301171,-0.0165818686,0.0029056185,2.6700000763,nan,nan,0.2000000030,0.0000000000,1.5599999428,0.0000000000,nan,nan,nan,nan,nan,nan,nan,nan,nan,nan,nan,nan,0.1634631157,0.0391980074,1.1000000238,-1.3566385508,0.8724461794,0.0000000000,nan,nan,nan,nan,nan,nan,nan,nan,nan,nan,nan,nan,nan,nan,nan,nan,nan,nan,nan,nan,nan,0.9699671268,1.2099421024,inf,0.0299985409,inf,inf,inf,1.0300350189,0.9699387550,inf,inf,inf,inf,inf,inf,inf,1583
1779239135.5402541161,0.0602134466,-0.0230520032,0.1071216688,-0.0166301171,-0.0165818686,0.0029056185,2.6700000763,nan,nan,0.2000000030,0.0000000000,1.5599999428,0.0000000000,nan,nan,nan,nan,nan,nan,nan,nan,nan,nan,nan,nan,0.1634631157,0.0391980074,1.1000000238,-1.3566385508,0.8724461794,0.0000000000,nan,nan,nan,nan,nan,nan,nan,nan,nan,nan,nan,nan,nan,nan,nan,nan,nan,nan,nan,nan,nan,0.9799947739,1.2199697495,inf,0.0400261879,inf,inf,inf,1.0400626659,0.9799664021,inf,inf,inf,inf,inf,inf,inf,1583
1779239135.5502240658,0.0602134466,-0.0230520032,0.1071216688,-0.0166301171,-0.0165818686,0.0029056185,2.6700000763,nan,nan,0.2000000030,0.0000000000,1.5599999428,0.0000000000,nan,nan,nan,nan,nan,nan,nan,nan,nan,nan,nan,nan,0.1634631157,0.0391980074,1.1000000238,-1.3566385508,0.8724461794,0.0000000000,nan,nan,nan,nan,nan,nan,nan,nan,nan,nan,nan,nan,nan,nan,nan,nan,nan,nan,nan,nan,nan,0.9899647236,1.2299396992,inf,0.0000104904,inf,inf,inf,1.0500326157,0.9899363518,inf,inf,inf,inf,inf,inf,inf,1583
1779239135.5632655621,0.0602134466,-0.0230520032,0.1071216688,-0.0166301171,-0.0165818686,0.0029056185,2.6700000763,nan,nan,0.2000000030,0.0000000000,1.5599999428,0.0000000000,nan,nan,nan,nan,nan,nan,nan,nan,nan,nan,nan,nan,0.1634631157,0.0391980074,1.1000000238,-1.3566385508,0.8724461794,0.0000000000,nan,nan,nan,nan,nan,nan,nan,nan,nan,nan,nan,nan,nan,nan,nan,nan,nan,nan,nan,nan,nan,1.0030062199,1.2429811954,inf,0.0130519867,inf,inf,inf,1.0630741119,1.0029778481,inf,inf,inf,inf,inf,inf,inf,1583
1779239135.5702714920,0.0602134466,-0.0230520032,0.1071216688,-0.0166301171,-0.0165818686,0.0029056185,2.6700000763,nan,nan,0.2000000030,0.0000000000,1.5599999428,0.0000000000,nan,nan,nan,nan,nan,nan,nan,nan,nan,nan,nan,nan,0.1634631157,0.0391980074,1.1000000238,-1.3566385508,0.8724461794,0.0000000000,nan,nan,nan,nan,nan,nan,nan,nan,nan,nan,nan,nan,nan,nan,nan,nan,nan,nan,nan,nan,nan,1.0100121498,1.2499871254,inf,0.0200579166,inf,inf,inf,1.0700800419,1.0099837780,inf,inf,inf,inf,inf,inf,inf,1583
1779239135.5802640915,0.0602134466,-0.0230520032,0.1071216688,-0.0166301171,-0.0165818686,0.0029056185,2.6700000763,nan,nan,0.2000000030,0.0000000000,1.5599999428,0.0000000000,nan,nan,nan,nan,nan,nan,nan,nan,nan,nan,nan,nan,0.1634631157,0.0391980074,1.1000000238,-1.3566385508,0.8724461794,0.0000000000,nan,nan,nan,nan,nan,nan,nan,nan,nan,nan,nan,nan,nan,nan,nan,nan,nan,nan,nan,nan,nan,1.0200047493,1.2599797249,inf,0.0300505161,inf,inf,inf,1.0800726414,1.0199763775,inf,inf,inf,inf,inf,inf,inf,1583
1779239135.5902786255,0.0602134466,-0.0230520032,0.1071216688,-0.0166301171,-0.0165818686,0.0029056185,2.6700000763,nan,nan,0.2000000030,0.0000000000,1.5599999428,0.0000000000,nan,nan,nan,nan,nan,nan,nan,nan,nan,nan,nan,nan,0.1634631157,0.0391980074,1.1000000238,-1.3566385508,0.8724461794,0.0000000000,nan,nan,nan,nan,nan,nan,nan,nan,nan,nan,nan,nan,nan,nan,nan,nan,nan,nan,nan,nan,nan,1.0300192833,1.2699942589,inf,0.0400650501,inf,inf,inf,1.0900871754,1.0299909115,inf,inf,inf,inf,inf,inf,inf,1583
1779239135.6002020836,0.0602134466,-0.0230520032,0.1071216688,-0.0166301171,-0.0165818686,0.0029056185,2.6700000763,nan,nan,0.2000000030,0.0000000000,1.5599999428,0.0000000000,nan,nan,nan,nan,nan,nan,nan,nan,nan,nan,nan,nan,0.1634631157,0.0391980074,1.1000000238,-1.3566385508,0.8724461794,0.0000000000,nan,nan,nan,nan,nan,nan,nan,nan,nan,nan,nan,nan,nan,nan,nan,nan,nan,nan,nan,nan,nan,1.0399427414,1.2799177170,inf,0.0000131130,inf,inf,inf,1.1000106335,1.0399143696,inf,inf,inf,inf,inf,inf,inf,1583
1779239135.6102192402,0.0602134466,-0.0230520032,0.1071216688,-0.0166301171,-0.0165818686,0.0029056185,2.6700000763,nan,nan,0.2000000030,0.0000000000,1.5599999428,0.0000000000,nan,nan,nan,nan,nan,nan,nan,nan,nan,nan,nan,nan,0.1634631157,0.0391980074,1.1000000238,-1.3566385508,0.8724461794,0.0000000000,nan,nan,nan,nan,nan,nan,nan,nan,nan,nan,nan,nan,nan,nan,nan,nan,nan,nan,nan,nan,nan,1.0499598980,1.2899348736,inf,0.0100302696,inf,inf,inf,1.1100277901,1.0499315262,inf,inf,inf,inf,inf,inf,inf,1583
1779239135.6202557087,0.0602134466,-0.0230520032,0.1071216688,-0.0166301171,-0.0165818686,0.0029056185,2.6700000763,nan,nan,0.2000000030,0.0000000000,1.5599999428,0.0000000000,nan,nan,nan,nan,nan,nan,nan,nan,nan,nan,nan,nan,0.1634631157,0.0391980074,1.1000000238,-1.3566385508,0.8724461794,0.0000000000,nan,nan,nan,nan,nan,nan,nan,nan,nan,nan,nan,nan,nan,nan,nan,nan,nan,nan,nan,nan,nan,1.0599963665,1.2999713421,inf,0.0200667381,inf,inf,inf,1.1200642586,1.0599679947,inf,inf,inf,inf,inf,inf,inf,1583
1779239135.6302800179,0.0602134466,-0.0230520032,0.1071216688,-0.0166301171,-0.0165818686,0.0029056185,2.6700000763,nan,nan,0.2000000030,0.0000000000,1.5599999428,0.0000000000,nan,nan,nan,nan,nan,nan,nan,nan,nan,nan,nan,nan,0.1634631157,0.0391980074,1.1000000238,-1.3566385508,0.8724461794,0.0000000000,nan,nan,nan,nan,nan,nan,nan,nan,nan,nan,nan,nan,nan,nan,nan,nan,nan,nan,nan,nan,nan,1.0700206757,1.3099956512,inf,0.0300910473,inf,inf,inf,1.1300885677,1.0699923038,inf,inf,inf,inf,inf,inf,inf,1583
1779239135.6402554512,0.0602134466,-0.0230520032,0.1071216688,-0.0166301171,-0.0165818686,0.0029056185,2.6700000763,nan,nan,0.2000000030,0.0000000000,1.5599999428,0.0000000000,nan,nan,nan,nan,nan,nan,nan,nan,nan,nan,nan,nan,0.1634631157,0.0391980074,1.1000000238,-1.3566385508,0.8724461794,0.0000000000,nan,nan,nan,nan,nan,nan,nan,nan,nan,nan,nan,nan,nan,nan,nan,nan,nan,nan,nan,nan,nan,1.0799961090,1.3199710846,inf,0.0400664806,inf,inf,inf,1.1400640011,1.0799677372,inf,inf,inf,inf,inf,inf,inf,1583
1779239135.6502156258,0.0602134466,-0.0230520032,0.1071216688,-0.0166301171,-0.0165818686,0.0029056185,2.6700000763,nan,nan,0.2000000030,0.0000000000,1.5599999428,0.0000000000,nan,nan,nan,nan,nan,nan,nan,nan,nan,nan,nan,nan,0.1634631157,0.0391980074,1.1000000238,-1.3566385508,0.8724461794,0.0000000000,nan,nan,nan,nan,nan,nan,nan,nan,nan,nan,nan,nan,nan,nan,nan,nan,nan,nan,nan,nan,nan,1.0899562836,1.3299312592,inf,0.0000097752,inf,inf,inf,1.1500241756,1.0899279118,inf,inf,inf,inf,inf,inf,inf,1583
1779239135.6602537632,0.0602134466,-0.0230520032,0.1071216688,-0.0166301171,-0.0165818686,0.0029056185,2.6700000763,nan,nan,0.2000000030,0.0000000000,1.5599999428,0.0000000000,nan,nan,nan,nan,nan,nan,nan,nan,nan,nan,nan,nan,0.1634631157,0.0391980074,1.1000000238,-1.3566385508,0.8724461794,0.0000000000,nan,nan,nan,nan,nan,nan,nan,nan,nan,nan,nan,nan,nan,nan,nan,nan,nan,nan,nan,nan,nan,1.0999944210,1.3399693966,inf,0.0100479126,inf,inf,inf,1.1600623131,1.0999660492,inf,inf,inf,inf,inf,inf,inf,1583
1779239135.6702644825,0.0602134466,-0.0230520032,0.1071216688,-0.0166301171,-0.0165818686,0.0029056185,2.6700000763,nan,nan,0.2000000030,0.0000000000,1.5599999428,0.0000000000,nan,nan,nan,nan,nan,nan,nan,nan,nan,nan,nan,nan,0.1634631157,0.0391980074,1.1000000238,-1.3566385508,0.8724461794,0.0000000000,nan,nan,nan,nan,nan,nan,nan,nan,nan,nan,nan,nan,nan,nan,nan,nan,nan,nan,nan,nan,nan,1.1100051403,1.3499801159,inf,0.0200586319,inf,inf,inf,1.1700730324,1.1099767685,inf,inf,inf,inf,inf,inf,inf,1583
1779239135.6802649498,0.0602134466,-0.0230520032,0.1071216688,-0.0166301171,-0.0165818686,0.0029056185,2.6700000763,nan,nan,0.2000000030,0.0000000000,1.5599999428,0.0000000000,nan,nan,nan,nan,nan,nan,nan,nan,nan,nan,nan,nan,0.1634631157,0.0391980074,1.1000000238,-1.3566385508,0.8724461794,0.0000000000,nan,nan,nan,nan,nan,nan,nan,nan,nan,nan,nan,nan,nan,nan,nan,nan,nan,nan,nan,nan,nan,1.1200056076,1.3599805832,inf,0.0300590992,inf,inf,inf,1.1800734997,1.1199772358,inf,inf,inf,inf,inf,inf,inf,1583
1779239135.6902220249,0.0602134466,-0.0230520032,0.1071216688,-0.0166301171,-0.0165818686,0.0029056185,2.6700000763,nan,nan,0.2000000030,0.0000000000,1.5599999428,0.0000000000,nan,nan,nan,nan,nan,nan,nan,nan,nan,nan,nan,nan,0.1634631157,0.0391980074,1.1000000238,-1.3566385508,0.8724461794,0.0000000000,nan,nan,nan,nan,nan,nan,nan,nan,nan,nan,nan,nan,nan,nan,nan,nan,nan,nan,nan,nan,nan,1.1299626827,1.3699376583,inf,0.0400161743,inf,inf,inf,1.1900305748,1.1299343109,inf,inf,inf,inf,inf,inf,inf,1583
1779239135.7002260685,0.0602134466,-0.0230520032,0.1071216688,-0.0166301171,-0.0165818686,0.0029056185,2.6700000763,nan,nan,0.2000000030,0.0000000000,1.5599999428,0.0000000000,nan,nan,nan,nan,nan,nan,nan,nan,nan,nan,nan,nan,0.1634631157,0.0391980074,1.1000000238,-1.3566385508,0.8724461794,0.0000000000,nan,nan,nan,nan,nan,nan,nan,nan,nan,nan,nan,nan,nan,nan,nan,nan,nan,nan,nan,nan,nan,1.1399667263,1.3799417019,inf,0.0000112057,inf,inf,inf,1.2000346184,1.1399383545,inf,inf,inf,inf,inf,inf,inf,1583
1779239135.7102689743,0.0602134466,-0.0230520032,0.1071216688,-0.0166301171,-0.0165818686,0.0029056185,2.6700000763,nan,nan,0.2000000030,0.0000000000,1.5599999428,0.0000000000,nan,nan,nan,nan,nan,nan,nan,nan,nan,nan,nan,nan,0.1634631157,0.0391980074,1.1000000238,-1.3566385508,0.8724461794,0.0000000000,nan,nan,nan,nan,nan,nan,nan,nan,nan,nan,nan,nan,nan,nan,nan,nan,nan,nan,nan,nan,nan,1.1500096321,1.3899846077,inf,0.0100541115,inf,inf,inf,1.2100775242,1.1499812603,inf,inf,inf,inf,inf,inf,inf,1583
1779239135.7202627659,0.0602134466,-0.0230520032,0.1071216688,-0.0166301171,-0.0165818686,0.0029056185,2.6700000763,nan,nan,0.2000000030,0.0000000000,1.5599999428,0.0000000000,nan,nan,nan,nan,nan,nan,nan,nan,nan,nan,nan,nan,0.1634631157,0.0391980074,1.1000000238,-1.3566385508,0.8724461794,0.0000000000,nan,nan,nan,nan,nan,nan,nan,nan,nan,nan,nan,nan,nan,nan,nan,nan,nan,nan,nan,nan,nan,1.1600034237,1.3999783993,inf,0.0200479031,inf,inf,inf,1.2200713158,1.1599750519,inf,inf,inf,inf,inf,inf,inf,1583
1779239135.7302956581,0.0602134466,-0.0230520032,0.1071216688,-0.0166301171,-0.0165818686,0.0029056185,2.6700000763,nan,nan,0.2000000030,0.0000000000,1.5599999428,0.0000000000,nan,nan,nan,nan,nan,nan,nan,nan,nan,nan,nan,nan,0.1634631157,0.0391980074,1.1000000238,-1.3566385508,0.8724461794,0.0000000000,nan,nan,nan,nan,nan,nan,nan,nan,nan,nan,nan,nan,nan,nan,nan,nan,nan,nan,nan,nan,nan,1.1700363159,1.4100112915,inf,0.0300807953,inf,inf,inf,1.2301042080,1.1700079441,inf,inf,inf,inf,inf,inf,inf,1583
1779239135.7402644157,0.0602134466,-0.0230520032,0.1071216688,-0.0166301171,-0.0165818686,0.0029056185,2.6700000763,nan,nan,0.2000000030,0.0000000000,1.5599999428,0.0000000000,nan,nan,nan,nan,nan,nan,nan,nan,nan,nan,nan,nan,0.1634631157,0.0391980074,1.1000000238,-1.3566385508,0.8724461794,0.0000000000,nan,nan,nan,nan,nan,nan,nan,nan,nan,nan,nan,nan,nan,nan,nan,nan,nan,nan,nan,nan,nan,1.1800050735,1.4199800491,inf,0.0400495529,inf,inf,inf,1.2400729656,1.1799767017,inf,inf,inf,inf,inf,inf,inf,1583
1779239135.7502577305,0.0602134466,-0.0230520032,0.1071216688,-0.0166301171,-0.0165818686,0.0029056185,2.6700000763,nan,nan,0.2000000030,0.0000000000,1.5599999428,0.0000000000,nan,nan,nan,nan,nan,nan,nan,nan,nan,nan,nan,nan,0.1634631157,0.0391980074,1.1000000238,-1.3566385508,0.8724461794,0.0000000000,nan,nan,nan,nan,nan,nan,nan,nan,nan,nan,nan,nan,nan,nan,nan,nan,nan,nan,nan,nan,nan,1.1899983883,1.4299733639,inf,0.0500428677,inf,inf,inf,1.2500662804,1.1899700165,inf,inf,inf,inf,inf,inf,inf,1583
1779239135.7602903843,0.0602134466,-0.0230520032,0.1071216688,-0.0166301171,-0.0165818686,0.0029056185,2.6700000763,nan,nan,0.2000000030,0.0000000000,1.5599999428,0.0000000000,nan,nan,nan,nan,nan,nan,nan,nan,nan,nan,nan,nan,0.1634631157,0.0391980074,1.1000000238,-1.3566385508,0.8724461794,0.0000000000,nan,nan,nan,nan,nan,nan,nan,nan,nan,nan,nan,nan,nan,nan,nan,nan,nan,nan,nan,nan,nan,1.2000310421,1.4400060177,inf,0.0600755215,inf,inf,inf,1.2600989342,1.2000026703,inf,inf,inf,inf,inf,inf,inf,1583
1779239135.7702763081,0.0602134466,-0.0230520032,0.1071216688,-0.0166301171,-0.0165818686,0.0029056185,2.6700000763,nan,nan,0.2000000030,0.0000000000,1.5599999428,0.0000000000,nan,nan,nan,nan,nan,nan,nan,nan,nan,nan,nan,nan,0.1634631157,0.0391980074,1.1000000238,-1.3566385508,0.8724461794,0.0000000000,nan,nan,nan,nan,nan,nan,nan,nan,nan,nan,nan,nan,nan,nan,nan,nan,nan,nan,nan,nan,nan,1.2100169659,1.4499919415,inf,0.0700614452,inf,inf,inf,1.2700848579,1.2099885941,inf,inf,inf,inf,inf,inf,inf,1583
1779239135.7802708149,0.0602134466,-0.0230520032,0.1071216688,-0.0166301171,-0.0165818686,0.0029056185,2.6700000763,nan,nan,0.2000000030,0.0000000000,1.5599999428,0.0000000000,nan,nan,nan,nan,nan,nan,nan,nan,nan,nan,nan,nan,0.1634631157,0.0391980074,1.1000000238,-1.3566385508,0.8724461794,0.0000000000,nan,nan,nan,nan,nan,nan,nan,nan,nan,nan,nan,nan,nan,nan,nan,nan,nan,nan,nan,nan,nan,1.2200114727,1.4599864483,inf,0.0800559521,inf,inf,inf,1.2800793648,1.2199831009,inf,inf,inf,inf,inf,inf,inf,1583
1779239135.7902636528,0.0602134466,-0.0230520032,0.1071216688,-0.0166301171,-0.0165818686,0.0029056185,2.6700000763,nan,nan,0.2000000030,0.0000000000,1.5599999428,0.0000000000,nan,nan,nan,nan,nan,nan,nan,nan,nan,nan,nan,nan,0.1634631157,0.0391980074,1.1000000238,-1.3566385508,0.8724461794,0.0000000000,nan,nan,nan,nan,nan,nan,nan,nan,nan,nan,nan,nan,nan,nan,nan,nan,nan,nan,nan,nan,nan,1.2300043106,1.4699792862,inf,0.0900487900,inf,inf,inf,1.2900722027,1.2299759388,inf,inf,inf,inf,inf,inf,inf,1583
1779239135.8002552986,0.0602134466,-0.0230520032,0.1071216688,-0.0166301171,-0.0165818686,0.0029056185,2.6700000763,nan,nan,0.2000000030,0.0000000000,1.5599999428,0.0000000000,nan,nan,nan,nan,nan,nan,nan,nan,nan,nan,nan,nan,0.1634631157,0.0391980074,1.1000000238,-1.3566385508,0.8724461794,0.0000000000,nan,nan,nan,nan,nan,nan,nan,nan,nan,nan,nan,nan,nan,nan,nan,nan,nan,nan,nan,nan,nan,1.2399959564,1.4799709320,inf,0.1000404358,inf,inf,inf,1.3000638485,1.2399675846,inf,inf,inf,inf,inf,inf,inf,1583
1779239135.8102324009,0.0602134466,-0.0230520032,0.1071216688,-0.0166301171,-0.0165818686,0.0029056185,2.6700000763,nan,nan,0.2000000030,0.0000000000,1.5599999428,0.0000000000,nan,nan,nan,nan,nan,nan,nan,nan,nan,nan,nan,nan,0.1634631157,0.0391980074,1.1000000238,-1.3566385508,0.8724461794,0.0000000000,nan,nan,nan,nan,nan,nan,nan,nan,nan,nan,nan,nan,nan,nan,nan,nan,nan,nan,nan,nan,nan,1.2499730587,1.4899480343,inf,0.1100175381,inf,inf,inf,1.3100409508,1.2499446869,inf,inf,inf,inf,inf,inf,inf,1583
1779239135.8202574253,0.0602134466,-0.0230520032,0.1071216688,-0.0166301171,-0.0165818686,0.0029056185,2.6700000763,nan,nan,0.2000000030,0.0000000000,1.5599999428,0.0000000000,nan,nan,nan,nan,nan,nan,nan,nan,nan,nan,nan,nan,0.1634631157,0.0391980074,1.1000000238,-1.3566385508,0.8724461794,0.0000000000,nan,nan,nan,nan,nan,nan,nan,nan,nan,nan,nan,nan,nan,nan,nan,nan,nan,nan,nan,nan,nan,1.2599980831,1.4999730587,inf,0.1200425625,inf,inf,inf,1.3200659752,1.2599697113,inf,inf,inf,inf,inf,inf,inf,1583
1779239135.8302354813,0.0602134466,-0.0230520032,0.1071216688,-0.0166301171,-0.0165818686,0.0029056185,2.6700000763,nan,nan,0.2000000030,0.0000000000,1.5599999428,0.0000000000,nan,nan,nan,nan,nan,nan,nan,nan,nan,nan,nan,nan,0.1634631157,0.0391980074,1.1000000238,-1.3566385508,0.8724461794,0.0000000000,nan,nan,nan,nan,nan,nan,nan,nan,nan,nan,nan,nan,nan,nan,nan,nan,nan,nan,nan,nan,nan,1.2699761391,1.5099511147,inf,0.1300206184,inf,inf,inf,1.3300440311,1.2699477673,inf,inf,inf,inf,inf,inf,inf,1583
1779239135.8402612209,0.0602134466,-0.0230520032,0.1071216688,-0.0166301171,-0.0165818686,0.0029056185,2.6700000763,nan,nan,0.2000000030,0.0000000000,1.5599999428,0.0000000000,nan,nan,nan,nan,nan,nan,nan,nan,nan,nan,nan,nan,0.1634631157,0.0391980074,1.1000000238,-1.3566385508,0.8724461794,0.0000000000,nan,nan,nan,nan,nan,nan,nan,nan,nan,nan,nan,nan,nan,nan,nan,nan,nan,nan,nan,nan,nan,1.2800018787,1.5199768543,inf,0.1400463581,inf,inf,inf,1.3400697708,1.2799735069,inf,inf,inf,inf,inf,inf,inf,1583
1779239135.8502905369,0.0602134466,-0.0230520032,0.1071216688,-0.0166301171,-0.0165818686,0.0029056185,2.6700000763,nan,nan,0.2000000030,0.0000000000,1.5599999428,0.0000000000,nan,nan,nan,nan,nan,nan,nan,nan,nan,nan,nan,nan,0.1634631157,0.0391980074,1.1000000238,-1.3566385508,0.8724461794,0.0000000000,nan,nan,nan,nan,nan,nan,nan,nan,nan,nan,nan,nan,nan,nan,nan,nan,nan,nan,nan,nan,nan,1.2900311947,1.5300061703,inf,0.1500756741,inf,inf,inf,1.3500990868,1.2900028229,inf,inf,inf,inf,inf,inf,inf,1583
1779239135.8602554798,0.0602134466,-0.0230520032,0.1071216688,-0.0166301171,-0.0165818686,0.0029056185,2.6700000763,nan,nan,0.2000000030,0.0000000000,1.5599999428,0.0000000000,nan,nan,nan,nan,nan,nan,nan,nan,nan,nan,nan,nan,0.1634631157,0.0391980074,1.1000000238,-1.3566385508,0.8724461794,0.0000000000,nan,nan,nan,nan,nan,nan,nan,nan,nan,nan,nan,nan,nan,nan,nan,nan,nan,nan,nan,nan,nan,1.2999961376,1.5399711132,inf,0.1600406170,inf,inf,inf,1.3600640297,1.2999677658,inf,inf,inf,inf,inf,inf,inf,1583
1779239135.8702521324,0.0602134466,-0.0230520032,0.1071216688,-0.0166301171,-0.0165818686,0.0029056185,2.6700000763,nan,nan,0.2000000030,0.0000000000,1.5599999428,0.0000000000,nan,nan,nan,nan,nan,nan,nan,nan,nan,nan,nan,nan,0.1634631157,0.0391980074,1.1000000238,-1.3566385508,0.8724461794,0.0000000000,nan,nan,nan,nan,nan,nan,nan,nan,nan,nan,nan,nan,nan,nan,nan,nan,nan,nan,nan,nan,nan,1.3099927902,1.5499677658,inf,0.1700372696,inf,inf,inf,1.3700606823,1.3099644184,inf,inf,inf,inf,inf,inf,inf,1583
1779239135.8802564144,0.0602134466,-0.0230520032,0.1071216688,-0.0166301171,-0.0165818686,0.0029056185,2.6700000763,nan,nan,0.2000000030,0.0000000000,1.5599999428,0.0000000000,nan,nan,nan,nan,nan,nan,nan,nan,nan,nan,nan,nan,0.1634631157,0.0391980074,1.1000000238,-1.3566385508,0.8724461794,0.0000000000,nan,nan,nan,nan,nan,nan,nan,nan,nan,nan,nan,nan,nan,nan,nan,nan,nan,nan,nan,nan,nan,1.3199970722,1.5599720478,inf,0.1800415516,inf,inf,inf,1.3800649643,1.3199687004,inf,inf,inf,inf,inf,inf,inf,1583
1779239135.8902320862,0.0602134466,-0.0230520032,0.1071216688,-0.0166301171,-0.0165818686,0.0029056185,2.6700000763,nan,nan,0.2000000030,0.0000000000,1.5599999428,0.0000000000,nan,nan,nan,nan,nan,nan,nan,nan,nan,nan,nan,nan,0.1634631157,0.0391980074,1.1000000238,-1.3566385508,0.8724461794,0.0000000000,nan,nan,nan,nan,nan,nan,nan,nan,nan,nan,nan,nan,nan,nan,nan,nan,nan,nan,nan,nan,nan,1.3299727440,1.5699477196,inf,0.1900172234,inf,inf,inf,1.3900406361,1.3299443722,inf,inf,inf,inf,inf,inf,inf,1583
1779239135.9001927376,0.0602134466,-0.0230520032,0.1071216688,-0.0166301171,-0.0165818686,0.0029056185,2.6700000763,nan,nan,0.2000000030,0.0000000000,1.5599999428,0.0000000000,nan,nan,nan,nan,nan,nan,nan,nan,nan,nan,nan,nan,0.1634631157,0.0391980074,1.1000000238,-1.3566385508,0.8724461794,0.0000000000,nan,nan,nan,nan,nan,nan,nan,nan,nan,nan,nan,nan,nan,nan,nan,nan,nan,nan,nan,nan,nan,1.3399333954,1.5799083710,inf,0.1999778748,inf,inf,inf,1.4000012875,1.3399050236,inf,inf,inf,inf,inf,inf,inf,1583
1779239135.9102194309,0.0602134466,-0.0230520032,0.1071216688,-0.0166301171,-0.0165818686,0.0029056185,2.6700000763,nan,nan,0.2000000030,0.0000000000,1.5599999428,0.0000000000,nan,nan,nan,nan,nan,nan,nan,nan,nan,nan,nan,nan,0.1634631157,0.0391980074,1.1000000238,-1.3566385508,0.8724461794,0.0000000000,nan,nan,nan,nan,nan,nan,nan,nan,nan,nan,nan,nan,nan,nan,nan,nan,nan,nan,nan,nan,nan,1.3499600887,1.5899350643,inf,0.2100045681,inf,inf,inf,1.4100279808,1.3499317169,inf,inf,inf,inf,inf,inf,inf,1583
1779239135.9202401638,0.0602134466,-0.0230520032,0.1071216688,-0.0166301171,-0.0165818686,0.0029056185,2.6700000763,nan,nan,0.2000000030,0.0000000000,1.5599999428,0.0000000000,nan,nan,nan,nan,nan,nan,nan,nan,nan,nan,nan,nan,0.1634631157,0.0391980074,1.1000000238,-1.3566385508,0.8724461794,0.0000000000,nan,nan,nan,nan,nan,nan,nan,nan,nan,nan,nan,nan,nan,nan,nan,nan,nan,nan,nan,nan,nan,1.3599808216,1.5999557972,inf,0.2200253010,inf,inf,inf,1.4200487137,1.3599524498,inf,inf,inf,inf,inf,inf,inf,1583
1779239135.9302251339,0.0602134466,-0.0230520032,0.1071216688,-0.0166301171,-0.0165818686,0.0029056185,2.6700000763,nan,nan,0.2000000030,0.0000000000,1.5599999428,0.0000000000,nan,nan,nan,nan,nan,nan,nan,nan,nan,nan,nan,nan,0.1634631157,0.0391980074,1.1000000238,-1.3566385508,0.8724461794,0.0000000000,nan,nan,nan,nan,nan,nan,nan,nan,nan,nan,nan,nan,nan,nan,nan,nan,nan,nan,nan,nan,nan,1.3699657917,1.6099407673,inf,0.2300102711,inf,inf,inf,1.4300336838,1.3699374199,inf,inf,inf,inf,inf,inf,inf,1583
1779239135.9402542114,0.0602134466,-0.0230520032,0.1071216688,-0.0166301171,-0.0165818686,0.0029056185,2.6700000763,nan,nan,0.2000000030,0.0000000000,1.5599999428,0.0000000000,nan,nan,nan,nan,nan,nan,nan,nan,nan,nan,nan,nan,0.1634631157,0.0391980074,1.1000000238,-1.3566385508,0.8724461794,0.0000000000,nan,nan,nan,nan,nan,nan,nan,nan,nan,nan,nan,nan,nan,nan,nan,nan,nan,nan,nan,nan,nan,1.3799948692,1.6199698448,inf,0.2400393486,inf,inf,inf,1.4400627613,1.3799664974,inf,inf,inf,inf,inf,inf,inf,1583
1779239135.9502613544,0.0602134466,-0.0230520032,0.1071216688,-0.0166301171,-0.0165818686,0.0029056185,2.6700000763,nan,nan,0.2000000030,0.0000000000,1.5599999428,0.0000000000,nan,nan,nan,nan,nan,nan,nan,nan,nan,nan,nan,nan,0.1634631157,0.0391980074,1.1000000238,-1.3566385508,0.8724461794,0.0000000000,nan,nan,nan,nan,nan,nan,nan,nan,nan,nan,nan,nan,nan,nan,nan,nan,nan,nan,nan,nan,nan,1.3900020123,1.6299769878,inf,0.2500464916,inf,inf,inf,1.4500699043,1.3899736404,inf,inf,inf,inf,inf,inf,inf,1583
1779239135.9602980614,0.0602134466,-0.0230520032,0.1071216688,-0.0166301171,-0.0165818686,0.0029056185,2.6700000763,nan,nan,0.2000000030,0.0000000000,1.5599999428,0.0000000000,nan,nan,nan,nan,nan,nan,nan,nan,nan,nan,nan,nan,0.1634631157,0.0391980074,1.1000000238,-1.3566385508,0.8724461794,0.0000000000,nan,nan,nan,nan,nan,nan,nan,nan,nan,nan,nan,nan,nan,nan,nan,nan,nan,nan,nan,nan,nan,1.4000387192,1.6400136948,inf,0.2600831985,inf,inf,inf,1.4601066113,1.4000103474,inf,inf,inf,inf,inf,inf,inf,1583
1779239135.9702887535,0.0602134466,-0.0230520032,0.1071216688,-0.0166301171,-0.0165818686,0.0029056185,2.6700000763,nan,nan,0.2000000030,0.0000000000,1.5599999428,0.0000000000,nan,nan,nan,nan,nan,nan,nan,nan,nan,nan,nan,nan,0.1634631157,0.0391980074,1.1000000238,-1.3566385508,0.8724461794,0.0000000000,nan,nan,nan,nan,nan,nan,nan,nan,nan,nan,nan,nan,nan,nan,nan,nan,nan,nan,nan,nan,nan,1.4100294113,1.6500043869,inf,0.2700738907,inf,inf,inf,1.4700973034,1.4100010395,inf,inf,inf,inf,inf,inf,inf,1583
1779239135.9802532196,0.0602134466,-0.0230520032,0.1071216688,-0.0166301171,-0.0165818686,0.0029056185,2.6700000763,nan,nan,0.2000000030,0.0000000000,1.5599999428,0.0000000000,nan,nan,nan,nan,nan,nan,nan,nan,nan,nan,nan,nan,0.1634631157,0.0391980074,1.1000000238,-1.3566385508,0.8724461794,0.0000000000,nan,nan,nan,nan,nan,nan,nan,nan,nan,nan,nan,nan,nan,nan,nan,nan,nan,nan,nan,nan,nan,1.4199938774,1.6599688530,inf,0.2800383568,inf,inf,inf,1.4800617695,1.4199655056,inf,inf,inf,inf,inf,inf,inf,1583
1779239135.9902844429,0.0602134466,-0.0230520032,0.1071216688,-0.0166301171,-0.0165818686,0.0029056185,2.6700000763,nan,nan,0.2000000030,0.0000000000,1.5599999428,0.0000000000,nan,nan,nan,nan,nan,nan,nan,nan,nan,nan,nan,nan,0.1634631157,0.0391980074,1.1000000238,-1.3566385508,0.8724461794,0.0000000000,nan,nan,nan,nan,nan,nan,nan,nan,nan,nan,nan,nan,nan,nan,nan,nan,nan,nan,nan,nan,nan,1.4300251007,1.6700000763,inf,0.2900695801,inf,inf,inf,1.4900929928,1.4299967289,inf,inf,inf,inf,inf,inf,inf,1583
1779239136.0003123283,0.0602134466,-0.0230520032,0.1071216688,-0.0166301171,-0.0165818686,0.0029056185,2.6700000763,nan,nan,0.2000000030,0.0000000000,1.5599999428,0.0000000000,nan,nan,nan,nan,nan,nan,nan,nan,nan,nan,nan,nan,0.1634631157,0.0391980074,1.1000000238,-1.3566385508,0.8724461794,0.0000000000,nan,nan,nan,nan,nan,nan,nan,nan,nan,nan,nan,nan,nan,nan,nan,nan,nan,nan,nan,nan,nan,1.4400529861,1.6800279617,inf,0.3000974655,inf,inf,inf,1.5001208782,1.4400246143,inf,inf,inf,inf,inf,inf,inf,1583
1779239136.0102813244,0.0602134466,-0.0230520032,0.1071216688,-0.0166301171,-0.0165818686,0.0029056185,2.6700000763,nan,nan,0.2000000030,0.0000000000,1.5599999428,0.0000000000,nan,nan,nan,nan,nan,nan,nan,nan,nan,nan,nan,nan,0.1634631157,0.0391980074,1.1000000238,-1.3566385508,0.8724461794,0.0000000000,nan,nan,nan,nan,nan,nan,nan,nan,nan,nan,nan,nan,nan,nan,nan,nan,nan,nan,nan,nan,nan,1.4500219822,1.6899969578,inf,0.3100664616,inf,inf,inf,1.5100898743,1.4499936104,inf,inf,inf,inf,inf,inf,inf,1583
1779239136.0202834606,0.0602134466,-0.0230520032,0.1071216688,-0.0166301171,-0.0165818686,0.0029056185,2.6700000763,nan,nan,0.2000000030,0.0000000000,1.5599999428,0.0000000000,nan,nan,nan,nan,nan,nan,nan,nan,nan,nan,nan,nan,0.1634631157,0.0391980074,1.1000000238,-1.3566385508,0.8724461794,0.0000000000,nan,nan,nan,nan,nan,nan,nan,nan,nan,nan,nan,nan,nan,nan,nan,nan,nan,nan,nan,nan,nan,1.4600241184,1.6999990940,inf,0.3200685978,inf,inf,inf,1.5200920105,1.4599957466,inf,inf,inf,inf,inf,inf,inf,1583
1779239136.0302829742,0.0602134466,-0.0230520032,0.1071216688,-0.0166301171,-0.0165818686,0.0029056185,2.6700000763,nan,nan,0.2000000030,0.0000000000,1.5599999428,0.0000000000,nan,nan,nan,nan,nan,nan,nan,nan,nan,nan,nan,nan,0.1634631157,0.0391980074,1.1000000238,-1.3566385508,0.8724461794,0.0000000000,nan,nan,nan,nan,nan,nan,nan,nan,nan,nan,nan,nan,nan,nan,nan,nan,nan,nan,nan,nan,nan,1.4700236320,1.7099986076,inf,0.3300681114,inf,inf,inf,1.5300915241,1.4699952602,inf,inf,inf,inf,inf,inf,inf,1583
1779239136.0402710438,0.0602134466,-0.0230520032,0.1071216688,-0.0166301171,-0.0165818686,0.0029056185,2.6700000763,nan,nan,0.2000000030,0.0000000000,1.5599999428,0.0000000000,nan,nan,nan,nan,nan,nan,nan,nan,nan,nan,nan,nan,0.1634631157,0.0391980074,1.1000000238,-1.3566385508,0.8724461794,0.0000000000,nan,nan,nan,nan,nan,nan,nan,nan,nan,nan,nan,nan,nan,nan,nan,nan,nan,nan,nan,nan,nan,1.4800117016,1.7199866772,inf,0.3400561810,inf,inf,inf,1.5400795937,1.4799833298,inf,inf,inf,inf,inf,inf,inf,1583
1779239136.0502471924,0.0602134466,-0.0230520032,0.1071216688,-0.0166301171,-0.0165818686,0.0029056185,2.6700000763,nan,nan,0.2000000030,0.0000000000,1.5599999428,0.0000000000,nan,nan,nan,nan,nan,nan,nan,nan,nan,nan,nan,nan,0.1634631157,0.0391980074,1.1000000238,-1.3566385508,0.8724461794,0.0000000000,nan,nan,nan,nan,nan,nan,nan,nan,nan,nan,nan,nan,nan,nan,nan,nan,nan,nan,nan,nan,nan,1.4899878502,1.7299628258,inf,0.3500323296,inf,inf,inf,1.5500557423,1.4899594784,inf,inf,inf,inf,inf,inf,inf,1583
1779239136.0602817535,0.0602134466,-0.0230520032,0.1071216688,-0.0166301171,-0.0165818686,0.0029056185,2.6700000763,nan,nan,0.2000000030,0.0000000000,1.5599999428,0.0000000000,nan,nan,nan,nan,nan,nan,nan,nan,nan,nan,nan,nan,0.1634631157,0.0391980074,1.1000000238,-1.3566385508,0.8724461794,0.0000000000,nan,nan,nan,nan,nan,nan,nan,nan,nan,nan,nan,nan,nan,nan,nan,nan,nan,nan,nan,nan,nan,1.5000224113,1.7399973869,inf,0.3600668907,inf,inf,inf,1.5600903034,1.4999940395,inf,inf,inf,inf,inf,inf,inf,1583
1779239136.0702869892,0.0602134466,-0.0230520032,0.1071216688,-0.0166301171,-0.0165818686,0.0029056185,2.6700000763,nan,nan,0.2000000030,0.0000000000,1.5599999428,0.0000000000,nan,nan,nan,nan,nan,nan,nan,nan,nan,nan,nan,nan,0.1634631157,0.0391980074,1.1000000238,-1.3566385508,0.8724461794,0.0000000000,nan,nan,nan,nan,nan,nan,nan,nan,nan,nan,nan,nan,nan,nan,nan,nan,nan,nan,nan,nan,nan,1.5100276470,1.7500026226,inf,0.3700721264,inf,inf,inf,1.5700955391,1.5099992752,inf,inf,inf,inf,inf,inf,inf,1583
1779239136.0802762508,0.0602134466,-0.0230520032,0.1071216688,-0.0166301171,-0.0165818686,0.0029056185,2.6700000763,nan,nan,0.2000000030,0.0000000000,1.5599999428,0.0000000000,nan,nan,nan,nan,nan,nan,nan,nan,nan,nan,nan,nan,0.1634631157,0.0391980074,1.1000000238,-1.3566385508,0.8724461794,0.0000000000,nan,nan,nan,nan,nan,nan,nan,nan,nan,nan,nan,nan,nan,nan,nan,nan,nan,nan,nan,nan,nan,1.5200169086,1.7599918842,inf,0.3800613880,inf,inf,inf,1.5800848007,1.5199885368,inf,inf,inf,inf,inf,inf,inf,1583
1779239136.0903110504,0.0602134466,-0.0230520032,0.1071216688,-0.0166301171,-0.0165818686,0.0029056185,2.6700000763,nan,nan,0.2000000030,0.0000000000,1.5599999428,0.0000000000,nan,nan,nan,nan,nan,nan,nan,nan,nan,nan,nan,nan,0.1634631157,0.0391980074,1.1000000238,-1.3566385508,0.8724461794,0.0000000000,nan,nan,nan,nan,nan,nan,nan,nan,nan,nan,nan,nan,nan,nan,nan,nan,nan,nan,nan,nan,nan,1.5300517082,1.7700266838,inf,0.3900961876,inf,inf,inf,1.5901196003,1.5300233364,inf,inf,inf,inf,inf,inf,inf,1583
1779239136.1003358364,0.0602134466,-0.0230520032,0.1071216688,-0.0166301171,-0.0165818686,0.0029056185,2.6700000763,nan,nan,0.2000000030,0.0000000000,1.5599999428,0.0000000000,nan,nan,nan,nan,nan,nan,nan,nan,nan,nan,nan,nan,0.1634631157,0.0391980074,1.1000000238,-1.3566385508,0.8724461794,0.0000000000,nan,nan,nan,nan,nan,nan,nan,nan,nan,nan,nan,nan,nan,nan,nan,nan,nan,nan,nan,nan,nan,1.5400764942,1.7800514698,inf,0.4001209736,inf,inf,inf,1.6001443863,1.5400481224,inf,inf,inf,inf,inf,inf,inf,1583
1779239136.1103205681,0.0602134466,-0.0230520032,0.1071216688,-0.0166301171,-0.0165818686,0.0029056185,2.6700000763,nan,nan,0.2000000030,0.0000000000,1.5599999428,0.0000000000,nan,nan,nan,nan,nan,nan,nan,nan,nan,nan,nan,nan,0.1634631157,0.0391980074,1.1000000238,-1.3566385508,0.8724461794,0.0000000000,nan,nan,nan,nan,nan,nan,nan,nan,nan,nan,nan,nan,nan,nan,nan,nan,nan,nan,nan,nan,nan,1.5500612259,1.7900362015,inf,0.4101057053,inf,inf,inf,1.6101291180,1.5500328541,inf,inf,inf,inf,inf,inf,inf,1583
1779239136.1203808784,0.0602134466,-0.0230520032,0.1071216688,-0.0166301171,-0.0165818686,0.0029056185,2.6700000763,nan,nan,0.2000000030,0.0000000000,1.5599999428,0.0000000000,nan,nan,nan,nan,nan,nan,nan,nan,nan,nan,nan,nan,0.1634631157,0.0391980074,1.1000000238,-1.3566385508,0.8724461794,0.0000000000,nan,nan,nan,nan,nan,nan,nan,nan,nan,nan,nan,nan,nan,nan,nan,nan,nan,nan,nan,nan,nan,1.5601215363,1.8000965118,inf,0.4201660156,inf,inf,inf,1.6201894283,1.5600931644,inf,inf,inf,inf,inf,inf,inf,1583
1779239136.1303045750,0.0602134466,-0.0230520032,0.1071216688,-0.0166301171,-0.0165818686,0.0029056185,2.6700000763,nan,nan,0.2000000030,0.0000000000,1.5599999428,0.0000000000,nan,nan,nan,nan,nan,nan,nan,nan,nan,nan,nan,nan,0.1634631157,0.0391980074,1.1000000238,-1.3566385508,0.8724461794,0.0000000000,nan,nan,nan,nan,nan,nan,nan,nan,nan,nan,nan,nan,nan,nan,nan,nan,nan,nan,nan,nan,nan,1.5700452328,1.8100202084,inf,0.4300897121,inf,inf,inf,1.6301131248,1.5700168610,inf,inf,inf,inf,inf,inf,inf,1583
1779239136.1403152943,0.0602134466,-0.0230520032,0.1071216688,-0.0166301171,-0.0165818686,0.0029056185,2.6700000763,nan,nan,0.2000000030,0.0000000000,1.5599999428,0.0000000000,nan,nan,nan,nan,nan,nan,nan,nan,nan,nan,nan,nan,0.1634631157,0.0391980074,1.1000000238,-1.3566385508,0.8724461794,0.0000000000,nan,nan,nan,nan,nan,nan,nan,nan,nan,nan,nan,nan,nan,nan,nan,nan,nan,nan,nan,nan,nan,1.5800559521,1.8200309277,inf,0.4401004314,inf,inf,inf,1.6401238441,1.5800275803,inf,inf,inf,inf,inf,inf,inf,1583
1779239136.1503059864,0.0602134466,-0.0230520032,0.1071216688,-0.0166301171,-0.0165818686,0.0029056185,2.6700000763,nan,nan,0.2000000030,0.0000000000,1.5599999428,0.0000000000,nan,nan,nan,nan,nan,nan,nan,nan,nan,nan,nan,nan,0.1634631157,0.0391980074,1.1000000238,-1.3566385508,0.8724461794,0.0000000000,nan,nan,nan,nan,nan,nan,nan,nan,nan,nan,nan,nan,nan,nan,nan,nan,nan,nan,nan,nan,nan,1.5900466442,1.8300216198,inf,0.4500911236,inf,inf,inf,1.6501145363,1.5900182724,inf,inf,inf,inf,inf,inf,inf,1583
1779239136.1602900028,0.0602134466,-0.0230520032,0.1071216688,-0.0166301171,-0.0165818686,0.0029056185,2.6700000763,nan,nan,0.2000000030,0.0000000000,1.5599999428,0.0000000000,nan,nan,nan,nan,nan,nan,nan,nan,nan,nan,nan,nan,0.1634631157,0.0391980074,1.1000000238,-1.3566385508,0.8724461794,0.0000000000,nan,nan,nan,nan,nan,nan,nan,nan,nan,nan,nan,nan,nan,nan,nan,nan,nan,nan,nan,nan,nan,1.6000306606,1.8400056362,inf,0.4600751400,inf,inf,inf,1.6600985527,1.6000022888,inf,inf,inf,inf,inf,inf,inf,1583
1779239136.1702816486,0.0602134466,-0.0230520032,0.1071216688,-0.0166301171,-0.0165818686,0.0029056185,2.6700000763,nan,nan,0.2000000030,0.0000000000,1.5599999428,0.0000000000,nan,nan,nan,nan,nan,nan,nan,nan,nan,nan,nan,nan,0.1634631157,0.0391980074,1.1000000238,-1.3566385508,0.8724461794,0.0000000000,nan,nan,nan,nan,nan,nan,nan,nan,nan,nan,nan,nan,nan,nan,nan,nan,nan,nan,nan,nan,nan,1.6100223064,1.8499972820,inf,0.4700667858,inf,inf,inf,1.6700901985,1.6099939346,inf,inf,inf,inf,inf,inf,inf,1583
1779239136.1802992821,0.0602134466,-0.0230520032,0.1071216688,-0.0166301171,-0.0165818686,0.0029056185,2.6700000763,nan,nan,0.2000000030,0.0000000000,1.5599999428,0.0000000000,nan,nan,nan,nan,nan,nan,nan,nan,nan,nan,nan,nan,0.1634631157,0.0391980074,1.1000000238,-1.3566385508,0.8724461794,0.0000000000,nan,nan,nan,nan,nan,nan,nan,nan,nan,nan,nan,nan,nan,nan,nan,nan,nan,nan,nan,nan,nan,1.6200399399,1.8600149155,inf,0.4800844193,inf,inf,inf,1.6801078320,1.6200115681,inf,inf,inf,inf,inf,inf,inf,1583
1779239136.1902496815,0.0602134466,-0.0230520032,0.1071216688,-0.0166301171,-0.0165818686,0.0029056185,2.6700000763,nan,nan,0.2000000030,0.0000000000,1.5599999428,0.0000000000,nan,nan,nan,nan,nan,nan,nan,nan,nan,nan,nan,nan,0.1634631157,0.0391980074,1.1000000238,-1.3566385508,0.8724461794,0.0000000000,nan,nan,nan,nan,nan,nan,nan,nan,nan,nan,nan,nan,nan,nan,nan,nan,nan,nan,nan,nan,nan,1.6299903393,1.8699653149,inf,0.4900348186,inf,inf,inf,1.6900582314,1.6299619675,inf,inf,inf,inf,inf,inf,inf,1583
1779239136.2002761364,0.0602134466,-0.0230520032,0.1071216688,-0.0166301171,-0.0165818686,0.0029056185,2.6700000763,nan,nan,0.2000000030,0.0000000000,1.5599999428,0.0000000000,nan,nan,nan,nan,nan,nan,nan,nan,nan,nan,nan,nan,0.1634631157,0.0391980074,1.1000000238,-1.3566385508,0.8724461794,0.0000000000,nan,nan,nan,nan,nan,nan,nan,nan,nan,nan,nan,nan,nan,nan,nan,nan,nan,nan,nan,nan,nan,1.6400167942,1.8799917698,inf,0.5000612736,inf,inf,inf,1.7000846863,1.6399884224,inf,inf,inf,inf,inf,inf,inf,1583
1779239136.2103366852,0.0602134466,-0.0230520032,0.1071216688,-0.0166301171,-0.0165818686,0.0029056185,2.6700000763,nan,nan,0.2000000030,0.0000000000,1.5599999428,0.0000000000,nan,nan,nan,nan,nan,nan,nan,nan,nan,nan,nan,nan,0.1634631157,0.0391980074,1.1000000238,-1.3566385508,0.8724461794,0.0000000000,nan,nan,nan,nan,nan,nan,nan,nan,nan,nan,nan,nan,nan,nan,nan,nan,nan,nan,nan,nan,nan,1.6500773430,1.8900523186,inf,0.5101218224,inf,inf,inf,1.7101452351,1.6500489712,inf,inf,inf,inf,inf,inf,inf,1583
1779239136.2202794552,0.0602134466,-0.0230520032,0.1071216688,-0.0166301171,-0.0165818686,0.0029056185,2.6700000763,nan,nan,0.2000000030,0.0000000000,1.5599999428,0.0000000000,nan,nan,nan,nan,nan,nan,nan,nan,nan,nan,nan,nan,0.1634631157,0.0391980074,1.1000000238,-1.3566385508,0.8724461794,0.0000000000,nan,nan,nan,nan,nan,nan,nan,nan,nan,nan,nan,nan,nan,nan,nan,nan,nan,nan,nan,nan,nan,1.6600201130,1.8999950886,inf,0.5200645924,inf,inf,inf,1.7200880051,1.6599917412,inf,inf,inf,inf,inf,inf,inf,1583
1779239136.2302684784,0.0602134466,-0.0230520032,0.1071216688,-0.0166301171,-0.0165818686,0.0029056185,2.6700000763,nan,nan,0.2000000030,0.0000000000,1.5599999428,0.0000000000,nan,nan,nan,nan,nan,nan,nan,nan,nan,nan,nan,nan,0.1634631157,0.0391980074,1.1000000238,-1.3566385508,0.8724461794,0.0000000000,nan,nan,nan,nan,nan,nan,nan,nan,nan,nan,nan,nan,nan,nan,nan,nan,nan,nan,nan,nan,nan,1.6700091362,1.9099841118,inf,0.5300536156,inf,inf,inf,1.7300770283,1.6699807644,inf,inf,inf,inf,inf,inf,inf,1583
1779239136.2403187752,0.0602134466,-0.0230520032,0.1071216688,-0.0166301171,-0.0165818686,0.0029056185,2.6700000763,nan,nan,0.2000000030,0.0000000000,1.5599999428,0.0000000000,nan,nan,nan,nan,nan,nan,nan,nan,nan,nan,nan,nan,0.1634631157,0.0391980074,1.1000000238,-1.3566385508,0.8724461794,0.0000000000,nan,nan,nan,nan,nan,nan,nan,nan,nan,nan,nan,nan,nan,nan,nan,nan,nan,nan,nan,nan,nan,1.6800594330,1.9200344086,inf,0.5401039124,inf,inf,inf,1.7401273251,1.6800310612,inf,inf,inf,inf,inf,inf,inf,1583
1779239136.2502875328,0.0602134466,-0.0230520032,0.1071216688,-0.0166301171,-0.0165818686,0.0029056185,2.6700000763,nan,nan,0.2000000030,0.0000000000,1.5599999428,0.0000000000,nan,nan,nan,nan,nan,nan,nan,nan,nan,nan,nan,nan,0.1634631157,0.0391980074,1.1000000238,-1.3566385508,0.8724461794,0.0000000000,nan,nan,nan,nan,nan,nan,nan,nan,nan,nan,nan,nan,nan,nan,nan,nan,nan,nan,nan,nan,nan,1.6900281906,1.9300031662,inf,0.5500726700,inf,inf,inf,1.7500960827,1.6899998188,inf,inf,inf,inf,inf,inf,inf,1583
1779239136.2602915764,0.0602134466,-0.0230520032,0.1071216688,-0.0166301171,-0.0165818686,0.0029056185,2.6700000763,nan,nan,0.2000000030,0.0000000000,1.5599999428,0.0000000000,nan,nan,nan,nan,nan,nan,nan,nan,nan,nan,nan,nan,0.1634631157,0.0391980074,1.1000000238,-1.3566385508,0.8724461794,0.0000000000,nan,nan,nan,nan,nan,nan,nan,nan,nan,nan,nan,nan,nan,nan,nan,nan,nan,nan,nan,nan,nan,1.7000322342,1.9400072098,inf,0.5600767136,inf,inf,inf,1.7601001263,1.7000038624,inf,inf,inf,inf,inf,inf,inf,1583
1779239136.2702965736,0.0602134466,-0.0230520032,0.1071216688,-0.0166301171,-0.0165818686,0.0029056185,2.6700000763,nan,nan,0.2000000030,0.0000000000,1.5599999428,0.0000000000,nan,nan,nan,nan,nan,nan,nan,nan,nan,nan,nan,nan,0.1634631157,0.0391980074,1.1000000238,-1.3566385508,0.8724461794,0.0000000000,nan,nan,nan,nan,nan,nan,nan,nan,nan,nan,nan,nan,nan,nan,nan,nan,nan,nan,nan,nan,nan,1.7100372314,1.9500122070,inf,0.5700817108,inf,inf,inf,1.7701051235,1.7100088596,inf,inf,inf,inf,inf,inf,inf,1583
1779239136.2803225517,0.0602134466,-0.0230520032,0.1071216688,-0.0166301171,-0.0165818686,0.0029056185,2.6700000763,nan,nan,0.2000000030,0.0000000000,1.5599999428,0.0000000000,nan,nan,nan,nan,nan,nan,nan,nan,nan,nan,nan,nan,0.1634631157,0.0391980074,1.1000000238,-1.3566385508,0.8724461794,0.0000000000,nan,nan,nan,nan,nan,nan,nan,nan,nan,nan,nan,nan,nan,nan,nan,nan,nan,nan,nan,nan,nan,1.7200632095,1.9600381851,inf,0.5801076889,inf,inf,inf,1.7801311016,1.7200348377,inf,inf,inf,inf,inf,inf,inf,1583
1779239136.2902741432,0.0602134466,-0.0230520032,0.1071216688,-0.0166301171,-0.0165818686,0.0029056185,2.6700000763,nan,nan,0.2000000030,0.0000000000,1.5599999428,0.0000000000,nan,nan,nan,nan,nan,nan,nan,nan,nan,nan,nan,nan,0.1634631157,0.0391980074,1.1000000238,-1.3566385508,0.8724461794,0.0000000000,nan,nan,nan,nan,nan,nan,nan,nan,nan,nan,nan,nan,nan,nan,nan,nan,nan,nan,nan,nan,nan,1.7300148010,1.9699897766,inf,0.5900592804,inf,inf,inf,1.7900826931,1.7299864292,inf,inf,inf,inf,inf,inf,inf,1583
1779239136.3004028797,0.0602134466,-0.0230520032,0.1071216688,-0.0166301171,-0.0165818686,0.0029056185,2.6700000763,nan,nan,0.2000000030,0.0000000000,1.5599999428,0.0000000000,nan,nan,nan,nan,nan,nan,nan,nan,nan,nan,nan,nan,0.1634631157,0.0391980074,1.1000000238,-1.3566385508,0.8724461794,0.0000000000,nan,nan,nan,nan,nan,nan,nan,nan,nan,nan,nan,nan,nan,nan,nan,nan,nan,nan,nan,nan,nan,1.7401435375,1.9801185131,inf,0.6001880169,inf,inf,inf,1.8002114296,1.7401151657,inf,inf,inf,inf,inf,inf,inf,1583
1779239136.3102965355,0.0602134466,-0.0230520032,0.1071216688,-0.0166301171,-0.0165818686,0.0029056185,2.6700000763,nan,nan,0.2000000030,0.0000000000,1.5599999428,0.0000000000,nan,nan,nan,nan,nan,nan,nan,nan,nan,nan,nan,nan,0.1634631157,0.0391980074,1.1000000238,-1.3566385508,0.8724461794,0.0000000000,nan,nan,nan,nan,nan,nan,nan,nan,nan,nan,nan,nan,nan,nan,nan,nan,nan,nan,nan,nan,nan,1.7500371933,1.9900121689,inf,0.6100816727,inf,inf,inf,1.8101050854,1.7500088215,inf,inf,inf,inf,inf,inf,inf,1583
1779239136.3203020096,0.0602134466,-0.0230520032,0.1071216688,-0.0166301171,-0.0165818686,0.0029056185,2.6700000763,nan,nan,0.2000000030,0.0000000000,1.5599999428,0.0000000000,nan,nan,nan,nan,nan,nan,nan,nan,nan,nan,nan,nan,0.1634631157,0.0391980074,1.1000000238,-1.3566385508,0.8724461794,0.0000000000,nan,nan,nan,nan,nan,nan,nan,nan,nan,nan,nan,nan,nan,nan,nan,nan,nan,nan,nan,nan,nan,1.7600426674,2.0000176430,inf,0.6200871468,inf,inf,inf,1.8201105595,1.7600142956,inf,inf,inf,inf,inf,inf,inf,1575
1779239136.3302640915,0.0602134466,-0.0230520032,0.1071216688,-0.0166301171,-0.0165818686,0.0029056185,2.6700000763,nan,nan,0.2000000030,0.0000000000,1.5599999428,0.0000000000,nan,nan,nan,nan,nan,nan,nan,nan,nan,nan,nan,nan,0.1634631157,0.0391980074,1.1000000238,-1.3566385508,0.8724461794,0.0000000000,nan,nan,nan,nan,nan,nan,nan,nan,nan,nan,nan,nan,nan,nan,nan,nan,nan,nan,nan,nan,nan,1.7700047493,2.0099797249,inf,0.6300492287,inf,inf,inf,1.8300726414,1.7699763775,inf,inf,inf,inf,inf,inf,inf,1575
1779239136.3402893543,0.0602134466,-0.0230520032,0.1071216688,-0.0166301171,-0.0165818686,0.0029056185,2.6700000763,nan,nan,0.2000000030,0.0000000000,1.5599999428,0.0000000000,nan,nan,nan,nan,nan,nan,nan,nan,nan,nan,nan,nan,0.1634631157,0.0391980074,1.1000000238,-1.3566385508,0.8724461794,0.0000000000,nan,nan,nan,nan,nan,nan,nan,nan,nan,nan,nan,nan,nan,nan,nan,nan,nan,nan,nan,nan,nan,1.7800300121,2.0200049877,inf,0.6400744915,inf,inf,inf,1.8400979042,1.7800016403,inf,inf,inf,inf,inf,inf,inf,1575
1779239136.3502788544,0.0602134466,-0.0230520032,0.1071216688,-0.0166301171,-0.0165818686,0.0029056185,2.6700000763,nan,nan,0.2000000030,0.0000000000,1.5599999428,0.0000000000,nan,nan,nan,nan,nan,nan,nan,nan,nan,nan,nan,nan,0.1634631157,0.0391980074,1.1000000238,-1.3566385508,0.8724461794,0.0000000000,nan,nan,nan,nan,nan,nan,nan,nan,nan,nan,nan,nan,nan,nan,nan,nan,nan,nan,nan,nan,nan,1.7900195122,2.0299944878,inf,0.6500639915,inf,inf,inf,1.8500874043,1.7899911404,inf,inf,inf,inf,inf,inf,inf,1575
1779239136.3602950573,0.0602134466,-0.0230520032,0.1071216688,-0.0166301171,-0.0165818686,0.0029056185,2.6700000763,nan,nan,0.2000000030,0.0000000000,1.5599999428,0.0000000000,nan,nan,nan,nan,nan,nan,nan,nan,nan,nan,nan,nan,0.1634631157,0.0391980074,1.1000000238,-1.3566385508,0.8724461794,0.0000000000,nan,nan,nan,nan,nan,nan,nan,nan,nan,nan,nan,nan,nan,nan,nan,nan,nan,nan,nan,nan,nan,1.8000357151,2.0400106907,inf,0.6600801945,inf,inf,inf,1.8601036072,1.8000073433,inf,inf,inf,inf,inf,inf,inf,1575
1779239136.3704171181,0.0602134466,-0.0230520032,0.1071216688,-0.0166301171,-0.0165818686,0.0029056185,2.6700000763,nan,nan,0.2000000030,0.0000000000,1.5599999428,0.0000000000,nan,nan,nan,nan,nan,nan,nan,nan,nan,nan,nan,nan,0.1634631157,0.0391980074,1.1000000238,-1.3566385508,0.8724461794,0.0000000000,nan,nan,nan,nan,nan,nan,nan,nan,nan,nan,nan,nan,nan,nan,nan,nan,nan,nan,nan,nan,nan,1.8101577759,2.0501327515,inf,0.6702022552,inf,inf,inf,1.8702256680,1.8101294041,inf,inf,inf,inf,inf,inf,inf,1575
1779239136.3802971840,0.0602134466,-0.0230520032,0.1071216688,-0.0166301171,-0.0165818686,0.0029056185,2.6700000763,nan,nan,0.2000000030,0.0000000000,1.5599999428,0.0000000000,nan,nan,nan,nan,nan,nan,nan,nan,nan,nan,nan,nan,0.1634631157,0.0391980074,1.1000000238,-1.3566385508,0.8724461794,0.0000000000,nan,nan,nan,nan,nan,nan,nan,nan,nan,nan,nan,nan,nan,nan,nan,nan,nan,nan,nan,nan,nan,1.8200378418,2.0600128174,inf,0.6800823212,inf,inf,inf,1.8801057339,1.8200094700,inf,inf,inf,inf,inf,inf,inf,1575
1779239136.3903253078,0.0602134466,-0.0230520032,0.1071216688,-0.0166301171,-0.0165818686,0.0029056185,2.6700000763,nan,nan,0.2000000030,0.0000000000,1.5599999428,0.0000000000,nan,nan,nan,nan,nan,nan,nan,nan,nan,nan,nan,nan,0.1634631157,0.0391980074,1.1000000238,-1.3566385508,0.8724461794,0.0000000000,nan,nan,nan,nan,nan,nan,nan,nan,nan,nan,nan,nan,nan,nan,nan,nan,nan,nan,nan,nan,nan,1.8300659657,2.0700409412,inf,0.6901104450,inf,inf,inf,1.8901338577,1.8300375938,inf,inf,inf,inf,inf,inf,inf,1575
1779239136.4003152847,0.0602134466,-0.0230520032,0.1071216688,-0.0166301171,-0.0165818686,0.0029056185,2.6700000763,nan,nan,0.2000000030,0.0000000000,1.5599999428,0.0000000000,nan,nan,nan,nan,nan,nan,nan,nan,nan,nan,nan,nan,0.1634631157,0.0391980074,1.1000000238,-1.3566385508,0.8724461794,0.0000000000,nan,nan,nan,nan,nan,nan,nan,nan,nan,nan,nan,nan,nan,nan,nan,nan,nan,nan,nan,nan,nan,1.8400559425,2.0800309181,inf,0.7001004219,inf,inf,inf,1.9001238346,1.8400275707,inf,inf,inf,inf,inf,inf,inf,1575
1779239136.4102778435,0.0602134466,-0.0230520032,0.1071216688,-0.0166301171,-0.0165818686,0.0029056185,2.6700000763,nan,nan,0.2000000030,0.0000000000,1.5599999428,0.0000000000,nan,nan,nan,nan,nan,nan,nan,nan,nan,nan,nan,nan,0.1634631157,0.0391980074,1.1000000238,-1.3566385508,0.8724461794,0.0000000000,nan,nan,nan,nan,nan,nan,nan,nan,nan,nan,nan,nan,nan,nan,nan,nan,nan,nan,nan,nan,nan,1.8500185013,2.0899934769,inf,0.7100629807,inf,inf,inf,1.9100863934,1.8499901295,inf,inf,inf,inf,inf,inf,inf,1575
1779239136.4203093052,0.0602134466,-0.0230520032,0.1071216688,-0.0166301171,-0.0165818686,0.0029056185,2.6700000763,nan,nan,0.2000000030,0.0000000000,1.5599999428,0.0000000000,nan,nan,nan,nan,nan,nan,nan,nan,nan,nan,nan,nan,0.1634631157,0.0391980074,1.1000000238,-1.3566385508,0.8724461794,0.0000000000,nan,nan,nan,nan,nan,nan,nan,nan,nan,nan,nan,nan,nan,nan,nan,nan,nan,nan,nan,nan,nan,1.8600499630,2.1000249386,inf,0.7200944424,inf,inf,inf,1.9201178551,1.8600215912,inf,inf,inf,inf,inf,inf,inf,1575
1779239136.4303112030,0.0602134466,-0.0230520032,0.1071216688,-0.0166301171,-0.0165818686,0.0029056185,2.6700000763,nan,nan,0.2000000030,0.0000000000,1.5599999428,0.0000000000,nan,nan,nan,nan,nan,nan,nan,nan,nan,nan,nan,nan,0.1634631157,0.0391980074,1.1000000238,-1.3566385508,0.8724461794,0.0000000000,nan,nan,nan,nan,nan,nan,nan,nan,nan,nan,nan,nan,nan,nan,nan,nan,nan,nan,nan,nan,nan,1.8700518608,2.1100268364,inf,0.7300963402,inf,inf,inf,1.9301197529,1.8700234890,inf,inf,inf,inf,inf,inf,inf,1575
1779239136.4403471947,0.0602134466,-0.0230520032,0.1071216688,-0.0166301171,-0.0165818686,0.0029056185,2.6700000763,nan,nan,0.2000000030,0.0000000000,1.5599999428,0.0000000000,nan,nan,nan,nan,nan,nan,nan,nan,nan,nan,nan,nan,0.1634631157,0.0391980074,1.1000000238,-1.3566385508,0.8724461794,0.0000000000,nan,nan,nan,nan,nan,nan,nan,nan,nan,nan,nan,nan,nan,nan,nan,nan,nan,nan,nan,nan,nan,1.8800878525,2.1200628281,inf,0.7401323318,inf,inf,inf,1.9401557446,1.8800594807,inf,inf,inf,inf,inf,inf,inf,1575
1779239136.4502868652,0.0602134466,-0.0230520032,0.1071216688,-0.0166301171,-0.0165818686,0.0029056185,2.6700000763,nan,nan,0.2000000030,0.0000000000,1.5599999428,0.0000000000,nan,nan,nan,nan,nan,nan,nan,nan,nan,nan,nan,nan,0.1634631157,0.0391980074,1.1000000238,-1.3566385508,0.8724461794,0.0000000000,nan,nan,nan,nan,nan,nan,nan,nan,nan,nan,nan,nan,nan,nan,nan,nan,nan,nan,nan,nan,nan,1.8900275230,2.1300024986,inf,0.7500720024,inf,inf,inf,1.9500954151,1.8899991512,inf,inf,inf,inf,inf,inf,inf,1575
1779239136.4603242874,0.0602134466,-0.0230520032,0.1071216688,-0.0166301171,-0.0165818686,0.0029056185,2.6700000763,nan,nan,0.2000000030,0.0000000000,1.5599999428,0.0000000000,nan,nan,nan,nan,nan,nan,nan,nan,nan,nan,nan,nan,0.1634631157,0.0391980074,1.1000000238,-1.3566385508,0.8724461794,0.0000000000,nan,nan,nan,nan,nan,nan,nan,nan,nan,nan,nan,nan,nan,nan,nan,nan,nan,nan,nan,nan,nan,1.9000649452,2.1400399208,inf,0.7601094246,inf,inf,inf,1.9601328373,1.9000365734,inf,inf,inf,inf,inf,inf,inf,1575
1779239136.4703042507,0.0602134466,-0.0230520032,0.1071216688,-0.0166301171,-0.0165818686,0.0029056185,2.6700000763,nan,nan,0.2000000030,0.0000000000,1.5599999428,0.0000000000,nan,nan,nan,nan,nan,nan,nan,nan,nan,nan,nan,nan,0.1634631157,0.0391980074,1.1000000238,-1.3566385508,0.8724461794,0.0000000000,nan,nan,nan,nan,nan,nan,nan,nan,nan,nan,nan,nan,nan,nan,nan,nan,nan,nan,nan,nan,nan,1.9100449085,2.1500198841,inf,0.7700893879,inf,inf,inf,1.9701128006,1.9100165367,inf,inf,inf,inf,inf,inf,inf,1575
1779239136.4803199768,0.0602134466,-0.0230520032,0.1071216688,-0.0166301171,-0.0165818686,0.0029056185,2.6700000763,nan,nan,0.2000000030,0.0000000000,1.5599999428,0.0000000000,nan,nan,nan,nan,nan,nan,nan,nan,nan,nan,nan,nan,0.1634631157,0.0391980074,1.1000000238,-1.3566385508,0.8724461794,0.0000000000,nan,nan,nan,nan,nan,nan,nan,nan,nan,nan,nan,nan,nan,nan,nan,nan,nan,nan,nan,nan,nan,1.9200606346,2.1600356102,inf,0.7801051140,inf,inf,inf,1.9801285267,1.9200322628,inf,inf,inf,inf,inf,inf,inf,1575
1779239136.4903044701,0.0602134466,-0.0230520032,0.1071216688,-0.0166301171,-0.0165818686,0.0029056185,2.6700000763,nan,nan,0.2000000030,0.0000000000,1.5599999428,0.0000000000,nan,nan,nan,nan,nan,nan,nan,nan,nan,nan,nan,nan,0.1634631157,0.0391980074,1.1000000238,-1.3566385508,0.8724461794,0.0000000000,nan,nan,nan,nan,nan,nan,nan,nan,nan,nan,nan,nan,nan,nan,nan,nan,nan,nan,nan,nan,nan,1.9300451279,2.1700201035,inf,0.7900896072,inf,inf,inf,1.9901130199,1.9300167561,inf,inf,inf,inf,inf,inf,inf,1575
1779239136.5003156662,0.0602134466,-0.0230520032,0.1071216688,-0.0166301171,-0.0165818686,0.0029056185,2.6700000763,nan,nan,0.2000000030,0.0000000000,1.5599999428,0.0000000000,nan,nan,nan,nan,nan,nan,nan,nan,nan,nan,nan,nan,0.1634631157,0.0391980074,1.1000000238,-1.3566385508,0.8724461794,0.0000000000,nan,nan,nan,nan,nan,nan,nan,nan,nan,nan,nan,nan,nan,nan,nan,nan,nan,nan,nan,nan,nan,1.9400563240,2.1800312996,inf,0.8001008034,inf,inf,inf,2.0001242161,1.9400279522,inf,inf,inf,inf,inf,inf,inf,1063
1779239136.5103120804,0.0602134466,-0.0230520032,0.1071216688,-0.0166301171,-0.0165818686,0.0029056185,2.6700000763,nan,nan,0.2000000030,0.0000000000,1.5599999428,0.0000000000,nan,nan,nan,nan,nan,nan,nan,nan,nan,nan,nan,nan,0.1634631157,0.0391980074,1.1000000238,-1.3566385508,0.8724461794,0.0000000000,nan,nan,nan,nan,nan,nan,nan,nan,nan,nan,nan,nan,nan,nan,nan,nan,nan,nan,nan,nan,nan,1.9500527382,2.1900277138,inf,0.8100972176,inf,inf,inf,2.0101206303,1.9500243664,inf,inf,inf,inf,inf,inf,inf,1063
1779239136.5203123093,0.0602134466,-0.0230520032,0.1071216688,-0.0166301171,-0.0165818686,0.0029056185,2.6700000763,nan,nan,0.2000000030,0.0000000000,1.5599999428,0.0000000000,nan,nan,nan,nan,nan,nan,nan,nan,nan,nan,nan,nan,0.1634631157,0.0391980074,1.1000000238,-1.3566385508,0.8724461794,0.0000000000,nan,nan,nan,nan,nan,nan,nan,nan,nan,nan,nan,nan,nan,nan,nan,nan,nan,nan,nan,nan,nan,1.9600529671,2.2000279427,inf,0.8200974464,inf,inf,inf,2.0201208591,1.9600245953,inf,inf,inf,inf,inf,inf,inf,1063
1779239136.5303368568,0.0602134466,-0.0230520032,0.1071216688,-0.0166301171,-0.0165818686,0.0029056185,2.6700000763,nan,nan,0.2000000030,0.0000000000,1.5599999428,0.0000000000,nan,nan,nan,nan,nan,nan,nan,nan,nan,nan,nan,nan,0.1634631157,0.0391980074,1.1000000238,-1.3566385508,0.8724461794,0.0000000000,nan,nan,nan,nan,nan,nan,nan,nan,nan,nan,nan,nan,nan,nan,nan,nan,nan,nan,nan,nan,nan,1.9700775146,2.2100524902,inf,0.8301219940,inf,inf,inf,2.0301454067,1.9700491428,inf,inf,inf,inf,inf,inf,inf,1063
1779239136.5402779579,0.0602134466,-0.0230520032,0.1071216688,-0.0166301171,-0.0165818686,0.0029056185,2.6700000763,nan,nan,0.2000000030,0.0000000000,1.5599999428,0.0000000000,nan,nan,nan,nan,nan,nan,nan,nan,nan,nan,nan,nan,0.1634631157,0.0391980074,1.1000000238,-1.3566385508,0.8724461794,0.0000000000,nan,nan,nan,nan,nan,nan,nan,nan,nan,nan,nan,nan,nan,nan,nan,nan,nan,nan,nan,nan,nan,1.9800186157,2.2199935913,inf,0.8400630951,inf,inf,inf,2.0400865078,1.9799902439,inf,inf,inf,inf,inf,inf,inf,1063
1779239136.5502994061,0.0602134466,-0.0230520032,0.1071216688,-0.0166301171,-0.0165818686,0.0029056185,2.6700000763,nan,nan,0.2000000030,0.0000000000,1.5599999428,0.0000000000,nan,nan,nan,nan,nan,nan,nan,nan,nan,nan,nan,nan,0.1634631157,0.0391980074,1.1000000238,-1.3566385508,0.8724461794,0.0000000000,nan,nan,nan,nan,nan,nan,nan,nan,nan,nan,nan,nan,nan,nan,nan,nan,nan,nan,nan,nan,nan,1.9900400639,2.2300150394,inf,0.8500845432,inf,inf,inf,2.0501079559,1.9900116920,inf,inf,inf,inf,inf,inf,inf,1063
1779239136.5603260994,0.0602134466,-0.0230520032,0.1071216688,-0.0166301171,-0.0165818686,0.0029056185,2.6700000763,nan,nan,0.2000000030,0.0000000000,1.5599999428,0.0000000000,nan,nan,nan,nan,nan,nan,nan,nan,nan,nan,nan,nan,0.1634631157,0.0391980074,1.1000000238,-1.3566385508,0.8724461794,0.0000000000,nan,nan,nan,nan,nan,nan,nan,nan,nan,nan,nan,nan,nan,nan,nan,nan,nan,nan,nan,nan,nan,2.0000667572,2.2400417328,inf,0.8601112366,inf,inf,inf,2.0601346493,2.0000383854,inf,inf,inf,inf,inf,inf,inf,35
1779239136.5702896118,0.0602134466,-0.0230520032,0.1071216688,-0.0166301171,-0.0165818686,0.0029056185,2.6700000763,nan,nan,0.2000000030,0.0000000000,1.5599999428,0.0000000000,nan,nan,nan,nan,nan,nan,nan,nan,nan,nan,nan,nan,0.1634631157,0.0391980074,1.1000000238,-1.3566385508,0.8724461794,0.0000000000,nan,nan,nan,nan,nan,nan,nan,nan,nan,nan,nan,nan,nan,nan,nan,nan,nan,nan,nan,nan,nan,2.0100302696,2.2500052452,inf,0.8700747490,inf,inf,inf,2.0700981617,2.0100018978,inf,inf,inf,inf,inf,inf,inf,35
1779239136.5802874565,0.0602134466,-0.0230520032,0.1071216688,-0.0166301171,-0.0165818686,0.0029056185,2.6700000763,nan,nan,0.2000000030,0.0000000000,1.5599999428,0.0000000000,nan,nan,nan,nan,nan,nan,nan,nan,nan,nan,nan,nan,0.1634631157,0.0391980074,1.1000000238,-1.3566385508,0.8724461794,0.0000000000,nan,nan,nan,nan,nan,nan,nan,nan,nan,nan,nan,nan,nan,nan,nan,nan,nan,nan,nan,nan,nan,2.0200281143,2.2600030899,inf,0.8800725937,inf,inf,inf,2.0800960064,2.0199997425,inf,inf,inf,inf,inf,inf,inf,35
1779239136.5903503895,0.0602134466,-0.0230520032,0.1071216688,-0.0166301171,-0.0165818686,0.0029056185,2.6700000763,nan,nan,0.2000000030,0.0000000000,1.5599999428,0.0000000000,nan,nan,nan,nan,nan,nan,nan,nan,nan,nan,nan,nan,0.1634631157,0.0391980074,1.1000000238,-1.3566385508,0.8724461794,0.0000000000,nan,nan,nan,nan,nan,nan,nan,nan,nan,nan,nan,nan,nan,nan,nan,nan,nan,nan,nan,nan,nan,2.0300910473,2.2700660229,inf,0.8901355267,inf,inf,inf,2.0901589394,2.0300626755,inf,inf,inf,inf,inf,inf,inf,35
1779239136.6002972126,0.0602134466,-0.0230520032,0.1071216688,-0.0166301171,-0.0165818686,0.0029056185,2.6700000763,nan,nan,0.2000000030,0.0000000000,1.5599999428,0.0000000000,nan,nan,nan,nan,nan,nan,nan,nan,nan,nan,nan,nan,0.1634631157,0.0391980074,1.1000000238,-1.3566385508,0.8724461794,0.0000000000,nan,nan,nan,nan,nan,nan,nan,nan,nan,nan,nan,nan,nan,nan,nan,nan,nan,nan,nan,nan,nan,2.0400378704,2.2800128460,inf,0.9000823498,inf,inf,inf,2.1001057625,2.0400094986,inf,inf,inf,inf,inf,inf,inf,35
1779239136.6102826595,0.0602134466,-0.0230520032,0.1071216688,-0.0166301171,-0.0165818686,0.0029056185,2.6700000763,nan,nan,0.2000000030,0.0000000000,1.5599999428,0.0000000000,nan,nan,nan,nan,nan,nan,nan,nan,nan,nan,nan,nan,0.1634631157,0.0391980074,1.1000000238,-1.3566385508,0.8724461794,0.0000000000,nan,nan,nan,nan,nan,nan,nan,nan,nan,nan,nan,nan,nan,nan,nan,nan,nan,nan,nan,nan,nan,2.0500233173,2.2899982929,inf,0.9100677967,inf,inf,inf,2.1100912094,2.0499949455,inf,inf,inf,inf,inf,inf,inf,35
1779239136.6202850342,0.0602134466,-0.0230520032,0.1071216688,-0.0166301171,-0.0165818686,0.0029056185,2.6700000763,nan,nan,0.2000000030,0.0000000000,1.5599999428,0.0000000000,nan,nan,nan,nan,nan,nan,nan,nan,nan,nan,nan,nan,0.1634631157,0.0391980074,1.1000000238,-1.3566385508,0.8724461794,0.0000000000,nan,nan,nan,nan,nan,nan,nan,nan,nan,nan,nan,nan,nan,nan,nan,nan,nan,nan,nan,nan,nan,2.0600256920,2.3000006676,inf,0.9200701714,inf,inf,inf,2.1200935841,2.0599973202,inf,inf,inf,inf,inf,inf,inf,35
1779239136.6303792000,0.0602134466,-0.0230520032,0.1071216688,-0.0166301171,-0.0165818686,0.0029056185,2.6700000763,nan,nan,0.2000000030,0.0000000000,1.5599999428,0.0000000000,nan,nan,nan,nan,nan,nan,nan,nan,nan,nan,nan,nan,0.1634631157,0.0391980074,1.1000000238,-1.3566385508,0.8724461794,0.0000000000,nan,nan,nan,nan,nan,nan,nan,nan,nan,nan,nan,nan,nan,nan,nan,nan,nan,nan,nan,nan,nan,2.0701198578,2.3100948334,inf,0.9301643372,inf,inf,inf,2.1301877499,2.0700914860,inf,inf,inf,inf,inf,inf,inf,35
1779239136.6403131485,0.0602134466,-0.0230520032,0.1071216688,-0.0166301171,-0.0165818686,0.0029056185,2.6700000763,nan,nan,0.2000000030,0.0000000000,1.5599999428,0.0000000000,nan,nan,nan,nan,nan,nan,nan,nan,nan,nan,nan,nan,0.1634631157,0.0391980074,1.1000000238,-1.3566385508,0.8724461794,0.0000000000,nan,nan,nan,nan,nan,nan,nan,nan,nan,nan,nan,nan,nan,nan,nan,nan,nan,nan,nan,nan,nan,2.0800538063,2.3200287819,inf,0.9400982857,inf,inf,inf,2.1401216984,2.0800254345,inf,inf,inf,inf,inf,inf,inf,35
1779239136.6502971649,0.0602134466,-0.0230520032,0.1071216688,-0.0166301171,-0.0165818686,0.0029056185,2.6700000763,nan,nan,0.2000000030,0.0000000000,1.5599999428,0.0000000000,nan,nan,nan,nan,nan,nan,nan,nan,nan,nan,nan,nan,0.1634631157,0.0391980074,1.1000000238,-1.3566385508,0.8724461794,0.0000000000,nan,nan,nan,nan,nan,nan,nan,nan,nan,nan,nan,nan,nan,nan,nan,nan,nan,nan,nan,nan,nan,2.0900378227,2.3300127983,inf,0.9500823021,inf,inf,inf,2.1501057148,2.0900094509,inf,inf,inf,inf,inf,inf,inf,35
1779239136.6603219509,0.0602134466,-0.0230520032,0.1071216688,-0.0166301171,-0.0165818686,0.0029056185,2.6700000763,nan,nan,0.2000000030,0.0000000000,1.5599999428,0.0000000000,nan,nan,nan,nan,nan,nan,nan,nan,nan,nan,nan,nan,0.1634631157,0.0391980074,1.1000000238,-1.3566385508,0.8724461794,0.0000000000,nan,nan,nan,nan,nan,nan,nan,nan,nan,nan,nan,nan,nan,nan,nan,nan,nan,nan,nan,nan,nan,2.1000626087,2.3400375843,inf,0.9601070881,inf,inf,inf,2.1601305008,2.1000342369,inf,inf,inf,inf,inf,inf,inf,35
1779239136.6703424454,0.0602134466,-0.0230520032,0.1071216688,-0.0166301171,-0.0165818686,0.0029056185,2.6700000763,nan,nan,0.2000000030,0.0000000000,1.5599999428,0.0000000000,nan,nan,nan,nan,nan,nan,nan,nan,nan,nan,nan,nan,0.1634631157,0.0391980074,1.1000000238,-1.3566385508,0.8724461794,0.0000000000,nan,nan,nan,nan,nan,nan,nan,nan,nan,nan,nan,nan,nan,nan,nan,nan,nan,nan,nan,nan,nan,2.1100831032,2.3500580788,inf,0.9701275826,inf,inf,inf,2.1701509953,2.1100547314,inf,inf,inf,inf,inf,inf,inf,35
1779239136.6803474426,0.0602134466,-0.0230520032,0.1071216688,-0.0166301171,-0.0165818686,0.0029056185,2.6700000763,nan,nan,0.2000000030,0.0000000000,1.5599999428,0.0000000000,nan,nan,nan,nan,nan,nan,nan,nan,nan,nan,nan,nan,0.1634631157,0.0391980074,1.1000000238,-1.3566385508,0.8724461794,0.0000000000,nan,nan,nan,nan,nan,nan,nan,nan,nan,nan,nan,nan,nan,nan,nan,nan,nan,nan,nan,nan,nan,2.1200881004,2.3600630760,inf,0.9801325798,inf,inf,inf,2.1801559925,2.1200597286,inf,inf,inf,inf,inf,inf,inf,35
1779239136.6903603077,0.0602134466,-0.0230520032,0.1071216688,-0.0166301171,-0.0165818686,0.0029056185,2.6700000763,nan,nan,0.2000000030,0.0000000000,1.5599999428,0.0000000000,nan,nan,nan,nan,nan,nan,nan,nan,nan,nan,nan,nan,0.1634631157,0.0391980074,1.1000000238,-1.3566385508,0.8724461794,0.0000000000,nan,nan,nan,nan,nan,nan,nan,nan,nan,nan,nan,nan,nan,nan,nan,nan,nan,nan,nan,nan,nan,2.1301009655,2.3700759411,inf,0.9901454449,inf,inf,inf,2.1901688576,2.1300725937,inf,inf,inf,inf,inf,inf,inf,35
1779239136.7003691196,0.0602134466,-0.0230520032,0.1071216688,-0.0166301171,-0.0165818686,0.0029056185,2.6700000763,nan,nan,0.2000000030,0.0000000000,1.5599999428,0.0000000000,nan,nan,nan,nan,nan,nan,nan,nan,nan,nan,nan,nan,0.1634631157,0.0391980074,1.1000000238,-1.3566385508,0.8724461794,0.0000000000,nan,nan,nan,nan,nan,nan,nan,nan,nan,nan,nan,nan,nan,nan,nan,nan,nan,nan,nan,nan,nan,2.1401097775,2.3800847530,inf,1.0001542568,inf,inf,inf,2.2001776695,2.1400814056,inf,inf,inf,inf,inf,inf,inf,35
1779239136.7103431225,0.0602134466,-0.0230520032,0.1071216688,-0.0166301171,-0.0165818686,0.0029056185,2.6700000763,nan,nan,0.2000000030,0.0000000000,1.5599999428,0.0000000000,nan,nan,nan,nan,nan,nan,nan,nan,nan,nan,nan,nan,0.1634631157,0.0391980074,1.1000000238,-1.3566385508,0.8724461794,0.0000000000,nan,nan,nan,nan,nan,nan,nan,nan,nan,nan,nan,nan,nan,nan,nan,nan,nan,nan,nan,nan,nan,2.1500837803,2.3900587559,inf,1.0101282597,inf,inf,inf,2.2101516724,2.1500554085,inf,inf,inf,inf,inf,inf,inf,35
1779239136.7203509808,0.0602134466,-0.0230520032,0.1071216688,-0.0166301171,-0.0165818686,0.0029056185,2.6700000763,nan,nan,0.2000000030,0.0000000000,1.5599999428,0.0000000000,nan,nan,nan,nan,nan,nan,nan,nan,nan,nan,nan,nan,0.1634631157,0.0391980074,1.1000000238,-1.3566385508,0.8724461794,0.0000000000,nan,nan,nan,nan,nan,nan,nan,nan,nan,nan,nan,nan,nan,nan,nan,nan,nan,nan,nan,nan,nan,2.1600916386,2.4000666142,inf,1.0201361179,inf,inf,inf,2.2201595306,2.1600632668,inf,inf,inf,inf,inf,inf,inf,35
1779239136.7303555012,0.0602134466,-0.0230520032,0.1071216688,-0.0166301171,-0.0165818686,0.0029056185,2.6700000763,nan,nan,0.2000000030,0.0000000000,1.5599999428,0.0000000000,nan,nan,nan,nan,nan,nan,nan,nan,nan,nan,nan,nan,0.1634631157,0.0391980074,1.1000000238,-1.3566385508,0.8724461794,0.0000000000,nan,nan,nan,nan,nan,nan,nan,nan,nan,nan,nan,nan,nan,nan,nan,nan,nan,nan,nan,nan,nan,2.1700961590,2.4100711346,inf,1.0301406384,inf,inf,inf,2.2301640511,2.1700677872,inf,inf,inf,inf,inf,inf,inf,35
1779239136.7402946949,0.0602134466,-0.0230520032,0.1071216688,-0.0166301171,-0.0165818686,0.0029056185,2.6700000763,nan,nan,0.2000000030,0.0000000000,1.5599999428,0.0000000000,nan,nan,nan,nan,nan,nan,nan,nan,nan,nan,nan,nan,0.1634631157,0.0391980074,1.1000000238,-1.3566385508,0.8724461794,0.0000000000,nan,nan,nan,nan,nan,nan,nan,nan,nan,nan,nan,nan,nan,nan,nan,nan,nan,nan,nan,nan,nan,2.1800353527,2.4200103283,inf,1.0400798321,inf,inf,inf,2.2401032448,2.1800069809,inf,inf,inf,inf,inf,inf,inf,35
1779239136.7503046989,0.0602134466,-0.0230520032,0.1071216688,-0.0166301171,-0.0165818686,0.0029056185,2.6700000763,nan,nan,0.2000000030,0.0000000000,1.5599999428,0.0000000000,nan,nan,nan,nan,nan,nan,nan,nan,nan,nan,nan,nan,0.1634631157,0.0391980074,1.1000000238,-1.3566385508,0.8724461794,0.0000000000,nan,nan,nan,nan,nan,nan,nan,nan,nan,nan,nan,nan,nan,nan,nan,nan,nan,nan,nan,nan,nan,2.1900453568,2.4300203323,inf,1.0500898361,inf,inf,inf,2.2501132488,2.1900169849,inf,inf,inf,inf,inf,inf,inf,35
1779239136.7602925301,0.0602134466,-0.0230520032,0.1071216688,-0.0166301171,-0.0165818686,0.0029056185,2.6700000763,nan,nan,0.2000000030,0.0000000000,1.5599999428,0.0000000000,nan,nan,nan,nan,nan,nan,nan,nan,nan,nan,nan,nan,0.1634631157,0.0391980074,1.1000000238,-1.3566385508,0.8724461794,0.0000000000,nan,nan,nan,nan,nan,nan,nan,nan,nan,nan,nan,nan,nan,nan,nan,nan,nan,nan,nan,nan,nan,2.2000331879,2.4400081635,inf,1.0600776672,inf,inf,inf,2.2601010799,2.2000048161,inf,inf,inf,inf,inf,inf,inf,35
1779239136.7703218460,0.0602134466,-0.0230520032,0.1071216688,-0.0166301171,-0.0165818686,0.0029056185,2.6700000763,nan,nan,0.2000000030,0.0000000000,1.5599999428,0.0000000000,nan,nan,nan,nan,nan,nan,nan,nan,nan,nan,nan,nan,0.1634631157,0.0391980074,1.1000000238,-1.3566385508,0.8724461794,0.0000000000,nan,nan,nan,nan,nan,nan,nan,nan,nan,nan,nan,nan,nan,nan,nan,nan,nan,nan,nan,nan,nan,2.2100625038,2.4500374794,inf,1.0701069832,inf,inf,inf,2.2701303959,2.2100341320,inf,inf,inf,inf,inf,inf,inf,35
1779239136.7802813053,0.0602134466,-0.0230520032,0.1071216688,-0.0166301171,-0.0165818686,0.0029056185,2.6700000763,nan,nan,0.2000000030,0.0000000000,1.5599999428,0.0000000000,nan,nan,nan,nan,nan,nan,nan,nan,nan,nan,nan,nan,0.1634631157,0.0391980074,1.1000000238,-1.3566385508,0.8724461794,0.0000000000,nan,nan,nan,nan,nan,nan,nan,nan,nan,nan,nan,nan,nan,nan,nan,nan,nan,nan,nan,nan,nan,2.2200219631,2.4599969387,inf,1.0800664425,inf,inf,inf,2.2800898552,2.2199935913,inf,inf,inf,inf,inf,inf,inf,35
1779239136.7903060913,0.0602134466,-0.0230520032,0.1071216688,-0.0166301171,-0.0165818686,0.0029056185,2.6700000763,nan,nan,0.2000000030,0.0000000000,1.5599999428,0.0000000000,nan,nan,nan,nan,nan,nan,nan,nan,nan,nan,nan,nan,0.1634631157,0.0391980074,1.1000000238,-1.3566385508,0.8724461794,0.0000000000,nan,nan,nan,nan,nan,nan,nan,nan,nan,nan,nan,nan,nan,nan,nan,nan,nan,nan,nan,nan,nan,2.2300467491,2.4700217247,inf,1.0900912285,inf,inf,inf,2.2901146412,2.2300183773,inf,inf,inf,inf,inf,inf,inf,35
1779239136.8003373146,0.0602134466,-0.0230520032,0.1071216688,-0.0166301171,-0.0165818686,0.0029056185,2.6700000763,nan,nan,0.2000000030,0.0000000000,1.5599999428,0.0000000000,nan,nan,nan,nan,nan,nan,nan,nan,nan,nan,nan,nan,0.1634631157,0.0391980074,1.1000000238,-1.3566385508,0.8724461794,0.0000000000,nan,nan,nan,nan,nan,nan,nan,nan,nan,nan,nan,nan,nan,nan,nan,nan,nan,nan,nan,nan,nan,2.2400779724,2.4800529480,inf,1.1001224518,inf,inf,inf,2.3001458645,2.2400496006,inf,inf,inf,inf,inf,inf,inf,35
1779239136.8102989197,0.0602134466,-0.0230520032,0.1071216688,-0.0166301171,-0.0165818686,0.0029056185,2.6700000763,nan,nan,0.2000000030,0.0000000000,1.5599999428,0.0000000000,nan,nan,nan,nan,nan,nan,nan,nan,nan,nan,nan,nan,0.1634631157,0.0391980074,1.1000000238,-1.3566385508,0.8724461794,0.0000000000,nan,nan,nan,nan,nan,nan,nan,nan,nan,nan,nan,nan,nan,nan,nan,nan,nan,nan,nan,nan,nan,2.2500395775,2.4900145531,inf,1.1100840569,inf,inf,inf,2.3101074696,2.2500112057,inf,inf,inf,inf,inf,inf,inf,35
1779239136.8203299046,0.0602134466,-0.0230520032,0.1071216688,-0.0166301171,-0.0165818686,0.0029056185,2.6700000763,nan,nan,0.2000000030,0.0000000000,1.5599999428,0.0000000000,nan,nan,nan,nan,nan,nan,nan,nan,nan,nan,nan,nan,0.1634631157,0.0391980074,1.1000000238,-1.3566385508,0.8724461794,0.0000000000,nan,nan,nan,nan,nan,nan,nan,nan,nan,nan,nan,nan,nan,nan,nan,nan,nan,nan,nan,nan,nan,2.2600705624,2.5000455379,inf,1.1201150417,inf,inf,inf,2.3201384544,2.2600421906,inf,inf,inf,inf,inf,inf,inf,35
1779239136.8302931786,0.0602134466,-0.0230520032,0.1071216688,-0.0166301171,-0.0165818686,0.0029056185,2.6700000763,nan,nan,0.2000000030,0.0000000000,1.5599999428,0.0000000000,nan,nan,nan,nan,nan,nan,nan,nan,nan,nan,nan,nan,0.1634631157,0.0391980074,1.1000000238,-1.3566385508,0.8724461794,0.0000000000,nan,nan,nan,nan,nan,nan,nan,nan,nan,nan,nan,nan,nan,nan,nan,nan,nan,nan,nan,nan,nan,2.2700338364,2.5100088120,inf,1.1300783157,inf,inf,inf,2.3301017284,2.2700054646,inf,inf,inf,inf,inf,inf,inf,35
1779239136.8402860165,0.0602134466,-0.0230520032,0.1071216688,-0.0166301171,-0.0165818686,0.0029056185,2.6700000763,nan,nan,0.2000000030,0.0000000000,1.5599999428,0.0000000000,nan,nan,nan,nan,nan,nan,nan,nan,nan,nan,nan,nan,0.1634631157,0.0391980074,1.1000000238,-1.3566385508,0.8724461794,0.0000000000,nan,nan,nan,nan,nan,nan,nan,nan,nan,nan,nan,nan,nan,nan,nan,nan,nan,nan,nan,nan,nan,2.2800266743,2.5200016499,inf,1.1400711536,inf,inf,inf,2.3400945663,2.2799983025,inf,inf,inf,inf,inf,inf,inf,35
1779239136.8502495289,0.0602134466,-0.0230520032,0.1071216688,-0.0166301171,-0.0165818686,0.0029056185,2.6700000763,nan,nan,0.2000000030,0.0000000000,1.5599999428,0.0000000000,nan,nan,nan,nan,nan,nan,nan,nan,nan,nan,nan,nan,0.1634631157,0.0391980074,1.1000000238,-1.3566385508,0.8724461794,0.0000000000,nan,nan,nan,nan,nan,nan,nan,nan,nan,nan,nan,nan,nan,nan,nan,nan,nan,nan,nan,nan,nan,2.2899901867,2.5299651623,inf,1.1500346661,inf,inf,inf,2.3500580788,2.2899618149,inf,inf,inf,inf,inf,inf,inf,35
1779239136.8602635860,0.0602134466,-0.0230520032,0.1071216688,-0.0166301171,-0.0165818686,0.0029056185,2.6700000763,nan,nan,0.2000000030,0.0000000000,1.5599999428,0.0000000000,nan,nan,nan,nan,nan,nan,nan,nan,nan,nan,nan,nan,0.1634631157,0.0391980074,1.1000000238,-1.3566385508,0.8724461794,0.0000000000,nan,nan,nan,nan,nan,nan,nan,nan,nan,nan,nan,nan,nan,nan,nan,nan,nan,nan,nan,nan,nan,2.3000042439,2.5399792194,inf,1.1600487232,inf,inf,inf,2.3600721359,2.2999758720,inf,inf,inf,inf,inf,inf,inf,35
1779239136.8702452183,0.0602134466,-0.0230520032,0.1071216688,-0.0166301171,-0.0165818686,0.0029056185,2.6700000763,nan,nan,0.2000000030,0.0000000000,1.5599999428,0.0000000000,nan,nan,nan,nan,nan,nan,nan,nan,nan,nan,nan,nan,0.1634631157,0.0391980074,1.1000000238,-1.3566385508,0.8724461794,0.0000000000,nan,nan,nan,nan,nan,nan,nan,nan,nan,nan,nan,nan,nan,nan,nan,nan,nan,nan,nan,nan,nan,2.3099858761,2.5499608517,inf,1.1700303555,inf,inf,inf,2.3700537682,2.3099575043,inf,inf,inf,inf,inf,inf,inf,35
1779239136.8802292347,0.0602134466,-0.0230520032,0.1071216688,-0.0166301171,-0.0165818686,0.0029056185,2.6700000763,nan,nan,0.2000000030,0.0000000000,1.5599999428,0.0000000000,nan,nan,nan,nan,nan,nan,nan,nan,nan,nan,nan,nan,0.1634631157,0.0391980074,1.1000000238,-1.3566385508,0.8724461794,0.0000000000,nan,nan,nan,nan,nan,nan,nan,nan,nan,nan,nan,nan,nan,nan,nan,nan,nan,nan,nan,nan,nan,2.3199698925,2.5599448681,inf,1.1800143719,inf,inf,inf,2.3800377846,2.3199415207,inf,inf,inf,inf,inf,inf,inf,35
1779239136.8902177811,0.0602134466,-0.0230520032,0.1071216688,-0.0166301171,-0.0165818686,0.0029056185,2.6700000763,nan,nan,0.2000000030,0.0000000000,1.5599999428,0.0000000000,nan,nan,nan,nan,nan,nan,nan,nan,nan,nan,nan,nan,0.1634631157,0.0391980074,1.1000000238,-1.3566385508,0.8724461794,0.0000000000,nan,nan,nan,nan,nan,nan,nan,nan,nan,nan,nan,nan,nan,nan,nan,nan,nan,nan,nan,nan,nan,2.3299584389,2.5699334145,inf,1.1900029182,inf,inf,inf,2.3900263309,2.3299300671,inf,inf,inf,inf,inf,inf,inf,35
1779239136.9003040791,0.0602134466,-0.0230520032,0.1071216688,-0.0166301171,-0.0165818686,0.0029056185,2.6700000763,nan,nan,0.2000000030,0.0000000000,1.5599999428,0.0000000000,nan,nan,nan,nan,nan,nan,nan,nan,nan,nan,nan,nan,0.1634631157,0.0391980074,1.1000000238,-1.3566385508,0.8724461794,0.0000000000,nan,nan,nan,nan,nan,nan,nan,nan,nan,nan,nan,nan,nan,nan,nan,nan,nan,nan,nan,nan,nan,2.3400447369,2.5800197124,inf,1.2000892162,inf,inf,inf,2.4001126289,2.3400163651,inf,inf,inf,inf,inf,inf,inf,35
1779239136.9102673531,0.0602134466,-0.0230520032,0.1071216688,-0.0166301171,-0.0165818686,0.0029056185,2.6700000763,nan,nan,0.2000000030,0.0000000000,1.5599999428,0.0000000000,nan,nan,nan,nan,nan,nan,nan,nan,nan,nan,nan,nan,0.1634631157,0.0391980074,1.1000000238,-1.3566385508,0.8724461794,0.0000000000,nan,nan,nan,nan,nan,nan,nan,nan,nan,nan,nan,nan,nan,nan,nan,nan,nan,nan,nan,nan,nan,2.3500080109,2.5899829865,inf,1.2100524902,inf,inf,inf,2.4100759029,2.3499796391,inf,inf,inf,inf,inf,inf,inf,35
1779239136.9202616215,0.0602134466,-0.0230520032,0.1071216688,-0.0166301171,-0.0165818686,0.0029056185,2.6700000763,nan,nan,0.2000000030,0.0000000000,1.5599999428,0.0000000000,nan,nan,nan,nan,nan,nan,nan,nan,nan,nan,nan,nan,0.1634631157,0.0391980074,1.1000000238,-1.3566385508,0.8724461794,0.0000000000,nan,nan,nan,nan,nan,nan,nan,nan,nan,nan,nan,nan,nan,nan,nan,nan,nan,nan,nan,nan,nan,2.3600022793,2.5999772549,inf,1.2200467587,inf,inf,inf,2.4200701714,2.3599739075,inf,inf,inf,inf,inf,inf,inf,35
1779239136.9302852154,0.0602134466,-0.0230520032,0.1071216688,-0.0166301171,-0.0165818686,0.0029056185,2.6700000763,nan,nan,0.2000000030,0.0000000000,1.5599999428,0.0000000000,nan,nan,nan,nan,nan,nan,nan,nan,nan,nan,nan,nan,0.1634631157,0.0391980074,1.1000000238,-1.3566385508,0.8724461794,0.0000000000,nan,nan,nan,nan,nan,nan,nan,nan,nan,nan,nan,nan,nan,nan,nan,nan,nan,nan,nan,nan,nan,2.3700258732,2.6100008488,inf,1.2300703526,inf,inf,inf,2.4300937653,2.3699975014,inf,inf,inf,inf,inf,inf,inf,35
1779239136.9402635098,0.0602134466,-0.0230520032,0.1071216688,-0.0166301171,-0.0165818686,0.0029056185,2.6700000763,nan,nan,0.2000000030,0.0000000000,1.5599999428,0.0000000000,nan,nan,nan,nan,nan,nan,nan,nan,nan,nan,nan,nan,0.1634631157,0.0391980074,1.1000000238,-1.3566385508,0.8724461794,0.0000000000,nan,nan,nan,nan,nan,nan,nan,nan,nan,nan,nan,nan,nan,nan,nan,nan,nan,nan,nan,nan,nan,2.3800041676,2.6199791431,inf,1.2400486469,inf,inf,inf,2.4400720596,2.3799757957,inf,inf,inf,inf,inf,inf,inf,35
1779239136.9502272606,0.0602134466,-0.0230520032,0.1071216688,-0.0166301171,-0.0165818686,0.0029056185,2.6700000763,nan,nan,0.2000000030,0.0000000000,1.5599999428,0.0000000000,nan,nan,nan,nan,nan,nan,nan,nan,nan,nan,nan,nan,0.1634631157,0.0391980074,1.1000000238,-1.3566385508,0.8724461794,0.0000000000,nan,nan,nan,nan,nan,nan,nan,nan,nan,nan,nan,nan,nan,nan,nan,nan,nan,nan,nan,nan,nan,2.3899679184,2.6299428940,inf,1.2500123978,inf,inf,inf,2.4500358105,2.3899395466,inf,inf,inf,inf,inf,inf,inf,35
1779239136.9602239132,0.0602134466,-0.0230520032,0.1071216688,-0.0166301171,-0.0165818686,0.0029056185,2.6700000763,nan,nan,0.2000000030,0.0000000000,1.5599999428,0.0000000000,nan,nan,nan,nan,nan,nan,nan,nan,nan,nan,nan,nan,0.1634631157,0.0391980074,1.1000000238,-1.3566385508,0.8724461794,0.0000000000,nan,nan,nan,nan,nan,nan,nan,nan,nan,nan,nan,nan,nan,nan,nan,nan,nan,nan,nan,nan,nan,2.3999645710,2.6399395466,inf,1.2600090504,inf,inf,inf,2.4600324631,2.3999361992,inf,inf,inf,inf,inf,inf,inf,35
1779239136.9702613354,0.0602134466,-0.0230520032,0.1071216688,-0.0166301171,-0.0165818686,0.0029056185,2.6700000763,nan,nan,0.2000000030,0.0000000000,1.5599999428,0.0000000000,nan,nan,nan,nan,nan,nan,nan,nan,nan,nan,nan,nan,0.1634631157,0.0391980074,1.1000000238,-1.3566385508,0.8724461794,0.0000000000,nan,nan,nan,nan,nan,nan,nan,nan,nan,nan,nan,nan,nan,nan,nan,nan,nan,nan,nan,nan,nan,2.4100019932,2.6499769688,inf,1.2700464725,inf,inf,inf,2.4700698853,2.4099736214,inf,inf,inf,inf,inf,inf,inf,35
1779239136.9802558422,0.0602134466,-0.0230520032,0.1071216688,-0.0166301171,-0.0165818686,0.0029056185,2.6700000763,nan,nan,0.2000000030,0.0000000000,1.5599999428,0.0000000000,nan,nan,nan,nan,nan,nan,nan,nan,nan,nan,nan,nan,0.1634631157,0.0391980074,1.1000000238,-1.3566385508,0.8724461794,0.0000000000,nan,nan,nan,nan,nan,nan,nan,nan,nan,nan,nan,nan,nan,nan,nan,nan,nan,nan,nan,nan,nan,2.4199965000,2.6599714756,inf,1.2800409794,inf,inf,inf,2.4800643921,2.4199681282,inf,inf,inf,inf,inf,inf,inf,35
1779239136.9902462959,0.0602134466,-0.0230520032,0.1071216688,-0.0166301171,-0.0165818686,0.0029056185,2.6700000763,nan,nan,0.2000000030,0.0000000000,1.5599999428,0.0000000000,nan,nan,nan,nan,nan,nan,nan,nan,nan,nan,nan,nan,0.1634631157,0.0391980074,1.1000000238,-1.3566385508,0.8724461794,0.0000000000,nan,nan,nan,nan,nan,nan,nan,nan,nan,nan,nan,nan,nan,nan,nan,nan,nan,nan,nan,nan,nan,2.4299869537,2.6699619293,inf,1.2900314331,inf,inf,inf,2.4900548458,2.4299585819,inf,inf,inf,inf,inf,inf,inf,35
1779239137.0002977848,0.0602134466,-0.0230520032,0.1071216688,-0.0166301171,-0.0165818686,0.0029056185,2.6700000763,nan,nan,0.2000000030,0.0000000000,1.5599999428,0.0000000000,nan,nan,nan,nan,nan,nan,nan,nan,nan,nan,nan,nan,0.1634631157,0.0391980074,1.1000000238,-1.3566385508,0.8724461794,0.0000000000,nan,nan,nan,nan,nan,nan,nan,nan,nan,nan,nan,nan,nan,nan,nan,nan,nan,nan,nan,nan,nan,2.4400384426,2.6800134182,inf,1.3000829220,inf,inf,inf,2.5001063347,2.4400100708,inf,inf,inf,inf,inf,inf,inf,35
1779239137.0102713108,0.0602134466,-0.0230520032,0.1071216688,-0.0166301171,-0.0165818686,0.0029056185,2.6700000763,nan,nan,0.2000000030,0.0000000000,1.5599999428,0.0000000000,nan,nan,nan,nan,nan,nan,nan,nan,nan,nan,nan,nan,0.1634631157,0.0391980074,1.1000000238,-1.3566385508,0.8724461794,0.0000000000,nan,nan,nan,nan,nan,nan,nan,nan,nan,nan,nan,nan,nan,nan,nan,nan,nan,nan,nan,nan,nan,2.4500119686,2.6899869442,inf,1.3100564480,inf,inf,inf,2.5100798607,2.4499835968,inf,inf,inf,inf,inf,inf,inf,35
1779239137.0202546120,0.0602134466,-0.0230520032,0.1071216688,-0.0166301171,-0.0165818686,0.0029056185,2.6700000763,nan,nan,0.2000000030,0.0000000000,1.5599999428,0.0000000000,nan,nan,nan,nan,nan,nan,nan,nan,nan,nan,nan,nan,0.1634631157,0.0391980074,1.1000000238,-1.3566385508,0.8724461794,0.0000000000,nan,nan,nan,nan,nan,nan,nan,nan,nan,nan,nan,nan,nan,nan,nan,nan,nan,nan,nan,nan,nan,2.4599952698,2.6999702454,inf,1.3200397491,inf,inf,inf,2.5200631618,2.4599668980,inf,inf,inf,inf,inf,inf,inf,35
1779239137.0302631855,0.0602134466,-0.0230520032,0.1071216688,-0.0166301171,-0.0165818686,0.0029056185,2.6700000763,nan,nan,0.2000000030,0.0000000000,1.5599999428,0.0000000000,nan,nan,nan,nan,nan,nan,nan,nan,nan,nan,nan,nan,0.1634631157,0.0391980074,1.1000000238,-1.3566385508,0.8724461794,0.0000000000,nan,nan,nan,nan,nan,nan,nan,nan,nan,nan,nan,nan,nan,nan,nan,nan,nan,nan,nan,nan,nan,2.4700038433,2.7099788189,inf,1.3300483227,inf,inf,inf,2.5300717354,2.4699754715,inf,inf,inf,inf,inf,inf,inf,35
1779239137.0402972698,0.0602134466,-0.0230520032,0.1071216688,-0.0166301171,-0.0165818686,0.0029056185,2.6700000763,nan,nan,0.2000000030,0.0000000000,1.5599999428,0.0000000000,nan,nan,nan,nan,nan,nan,nan,nan,nan,nan,nan,nan,0.1634631157,0.0391980074,1.1000000238,-1.3566385508,0.8724461794,0.0000000000,nan,nan,nan,nan,nan,nan,nan,nan,nan,nan,nan,nan,nan,nan,nan,nan,nan,nan,nan,nan,nan,2.4800379276,2.7200129032,inf,1.3400824070,inf,inf,inf,2.5401058197,2.4800095558,inf,inf,inf,inf,inf,inf,inf,35
1779239137.0502929688,0.0602134466,-0.0230520032,0.1071216688,-0.0166301171,-0.0165818686,0.0029056185,2.6700000763,nan,nan,0.2000000030,0.0000000000,1.5599999428,0.0000000000,nan,nan,nan,nan,nan,nan,nan,nan,nan,nan,nan,nan,0.1634631157,0.0391980074,1.1000000238,-1.3566385508,0.8724461794,0.0000000000,nan,nan,nan,nan,nan,nan,nan,nan,nan,nan,nan,nan,nan,nan,nan,nan,nan,nan,nan,nan,nan,2.4900336266,2.7300086021,inf,1.3500781059,inf,inf,inf,2.5501015186,2.4900052547,inf,inf,inf,inf,inf,inf,inf,35
1779239137.0602912903,0.0602134466,-0.0230520032,0.1071216688,-0.0166301171,-0.0165818686,0.0029056185,2.6700000763,nan,nan,0.2000000030,0.0000000000,1.5599999428,0.0000000000,nan,nan,nan,nan,nan,nan,nan,nan,nan,nan,nan,nan,0.1634631157,0.0391980074,1.1000000238,-1.3566385508,0.8724461794,0.0000000000,nan,nan,nan,nan,nan,nan,nan,nan,nan,nan,nan,nan,nan,nan,nan,nan,nan,nan,nan,nan,nan,2.5000319481,2.7400069237,inf,1.3600764275,inf,inf,inf,2.5600998402,2.5000035763,inf,inf,inf,inf,inf,inf,inf,35
1779239137.0702729225,0.0602134466,-0.0230520032,0.1071216688,-0.0166301171,-0.0165818686,0.0029056185,2.6700000763,nan,nan,0.2000000030,0.0000000000,1.5599999428,0.0000000000,nan,nan,nan,nan,nan,nan,nan,nan,nan,nan,nan,nan,0.1634631157,0.0391980074,1.1000000238,-1.3566385508,0.8724461794,0.0000000000,nan,nan,nan,nan,nan,nan,nan,nan,nan,nan,nan,nan,nan,nan,nan,nan,nan,nan,nan,nan,nan,2.5100135803,2.7499885559,inf,1.3700580597,inf,inf,inf,2.5700814724,2.5099852085,inf,inf,inf,inf,inf,inf,inf,35
1779239137.0802967548,0.0602134466,-0.0230520032,0.1071216688,-0.0166301171,-0.0165818686,0.0029056185,2.6700000763,nan,nan,0.2000000030,0.0000000000,1.5599999428,0.0000000000,nan,nan,nan,nan,nan,nan,nan,nan,nan,nan,nan,nan,0.1634631157,0.0391980074,1.1000000238,-1.3566385508,0.8724461794,0.0000000000,nan,nan,nan,nan,nan,nan,nan,nan,nan,nan,nan,nan,nan,nan,nan,nan,nan,nan,nan,nan,nan,2.5200374126,2.7600123882,inf,1.3800818920,inf,inf,inf,2.5801053047,2.5200090408,inf,inf,inf,inf,inf,inf,inf,35
1779239137.0902862549,0.0602134466,-0.0230520032,0.1071216688,-0.0166301171,-0.0165818686,0.0029056185,2.6700000763,nan,nan,0.2000000030,0.0000000000,1.5599999428,0.0000000000,nan,nan,nan,nan,nan,nan,nan,nan,nan,nan,nan,nan,0.1634631157,0.0391980074,1.1000000238,-1.3566385508,0.8724461794,0.0000000000,nan,nan,nan,nan,nan,nan,nan,nan,nan,nan,nan,nan,nan,nan,nan,nan,nan,nan,nan,nan,nan,2.5300269127,2.7700018883,inf,1.3900713921,inf,inf,inf,2.5900948048,2.5299985409,inf,inf,inf,inf,inf,inf,inf,35
1779239137.1003112793,0.0602134466,-0.0230520032,0.1071216688,-0.0166301171,-0.0165818686,0.0029056185,2.6700000763,nan,nan,0.2000000030,0.0000000000,1.5599999428,0.0000000000,nan,nan,nan,nan,nan,nan,nan,nan,nan,nan,nan,nan,0.1634631157,0.0391980074,1.1000000238,-1.3566385508,0.8724461794,0.0000000000,nan,nan,nan,nan,nan,nan,nan,nan,nan,nan,nan,nan,nan,nan,nan,nan,nan,nan,nan,nan,nan,2.5400519371,2.7800269127,inf,1.4000964165,inf,inf,inf,2.6001198292,2.5400235653,inf,inf,inf,inf,inf,inf,inf,35
1779239137.1103301048,0.0602134466,-0.0230520032,0.1071216688,-0.0166301171,-0.0165818686,0.0029056185,2.6700000763,nan,nan,0.2000000030,0.0000000000,1.5599999428,0.0000000000,nan,nan,nan,nan,nan,nan,nan,nan,nan,nan,nan,nan,0.1634631157,0.0391980074,1.1000000238,-1.3566385508,0.8724461794,0.0000000000,nan,nan,nan,nan,nan,nan,nan,nan,nan,nan,nan,nan,nan,nan,nan,nan,nan,nan,nan,nan,nan,2.5500707626,2.7900457382,inf,1.4101152420,inf,inf,inf,2.6101386547,2.5500423908,inf,inf,inf,inf,inf,inf,inf,35
1779239137.1203222275,0.0602134466,-0.0230520032,0.1071216688,-0.0166301171,-0.0165818686,0.0029056185,2.6700000763,nan,nan,0.2000000030,0.0000000000,1.5599999428,0.0000000000,nan,nan,nan,nan,nan,nan,nan,nan,nan,nan,nan,nan,0.1634631157,0.0391980074,1.1000000238,-1.3566385508,0.8724461794,0.0000000000,nan,nan,nan,nan,nan,nan,nan,nan,nan,nan,nan,nan,nan,nan,nan,nan,nan,nan,nan,nan,nan,2.5600628853,2.8000378609,inf,1.4201073647,inf,inf,inf,2.6201307774,2.5600345135,inf,inf,inf,inf,inf,inf,inf,35
1779239137.1303191185,0.0602134466,-0.0230520032,0.1071216688,-0.0166301171,-0.0165818686,0.0029056185,2.6700000763,nan,nan,0.2000000030,0.0000000000,1.5599999428,0.0000000000,nan,nan,nan,nan,nan,nan,nan,nan,nan,nan,nan,nan,0.1634631157,0.0391980074,1.1000000238,-1.3566385508,0.8724461794,0.0000000000,nan,nan,nan,nan,nan,nan,nan,nan,nan,nan,nan,nan,nan,nan,nan,nan,nan,nan,nan,nan,nan,2.5700597763,2.8100347519,inf,1.4301042557,inf,inf,inf,2.6301276684,2.5700314045,inf,inf,inf,inf,inf,inf,inf,35
1779239137.1403293610,0.0602134466,-0.0230520032,0.1071216688,-0.0166301171,-0.0165818686,0.0029056185,2.6700000763,nan,nan,0.2000000030,0.0000000000,1.5599999428,0.0000000000,nan,nan,nan,nan,nan,nan,nan,nan,nan,nan,nan,nan,0.1634631157,0.0391980074,1.1000000238,-1.3566385508,0.8724461794,0.0000000000,nan,nan,nan,nan,nan,nan,nan,nan,nan,nan,nan,nan,nan,nan,nan,nan,nan,nan,nan,nan,nan,2.5800700188,2.8200449944,inf,1.4401144981,inf,inf,inf,2.6401379108,2.5800416470,inf,inf,inf,inf,inf,inf,inf,35
