pose_x,pose_y,pose_z,pose_roll,pose_pitch,pose_yaw,cmd_x,cmd_y,cmd_z,cmd_yaw,f1,f2,f3,f4,pwm1,pwm2,pwm3,pwm4,bodyFx,bodyFy,bodyFz,worldFx,worldFy,worldFz,bodyTx,bodyTy,bodyTz,stateVx,stateVy,stateVz,posVx,posVy,posVz,accWx,accWy,accWz,velDes_vx,velDes_vy,velDes_vz,attDes_roll,attDes_pitch,attDes_yaw,status_battery_voltage,pm_vbat,zero_bias_count,mobForceNone_x,mobForceNone_y,mobForceNone_z,mobForceResidual_x,mobForceResidual_y,mobForceResidual_z,mobTorque_x,mobTorque_y,mobTorque_z,mobResidual_x,mobResidual_y,mobResidual_z,accRawBody_x,accRawBody_y,accRawBody_z,gyroBody_x,gyroBody_y,gyroBody_z
nan,nan,nan,nan,nan,nan,nan,nan,nan,nan,nan,nan,nan,nan,nan,nan,nan,nan,nan,nan,nan,nan,nan,nan,nan,nan,nan,nan,nan,nan,nan,nan,nan,nan,nan,nan,nan,nan,nan,nan,nan,nan,nan,nan,nan,nan,nan,nan,nan,nan,nan,nan,nan,nan,nan,nan,nan,nan,nan,nan,nan,nan,nan
nan,nan,nan,nan,nan,nan,nan,nan,nan,nan,nan,nan,nan,nan,nan,nan,nan,nan,nan,nan,nan,nan,nan,nan,nan,nan,nan,nan,nan,nan,nan,nan,nan,nan,nan,nan,nan,nan,nan,nan,nan,nan,nan,nan,nan,nan,nan,nan,nan,nan,nan,nan,nan,nan,nan,nan,nan,nan,nan,nan,nan,nan,nan
nan,nan,nan,nan,nan,nan,nan,nan,nan,nan,nan,nan,nan,nan,nan,nan,nan,nan,nan,nan,nan,nan,nan,nan,nan,nan,nan,nan,nan,nan,nan,nan,nan,nan,nan,nan,nan,nan,nan,nan,nan,nan,nan,nan,nan,nan,nan,nan,nan,nan,nan,nan,nan,nan,nan,nan,nan,nan,nan,nan,nan,nan,nan
nan,nan,nan,nan,nan,nan,nan,nan,nan,nan,nan,nan,nan,nan,nan,nan,nan,nan,nan,nan,nan,nan,nan,nan,nan,nan,nan,nan,nan,nan,nan,nan,nan,nan,nan,nan,nan,nan,nan,nan,nan,nan,nan,nan,nan,nan,nan,nan,nan,nan,nan,nan,nan,nan,nan,nan,nan,nan,nan,nan,nan,nan,nan
nan,nan,nan,nan,nan,nan,nan,nan,nan,nan,nan,nan,nan,nan,nan,nan,nan,nan,nan,nan,nan,nan,nan,nan,nan,nan,nan,nan,nan,nan,nan,nan,nan,nan,nan,nan,nan,nan,nan,nan,nan,nan,nan,nan,nan,nan,nan,nan,nan,nan,nan,nan,nan,nan,nan,nan,nan,nan,nan,nan,nan,nan,nan
nan,nan,nan,nan,nan,nan,nan,nan,nan,nan,nan,nan,nan,nan,nan,nan,nan,nan,nan,nan,nan,nan,nan,nan,nan,nan,nan,nan,nan,nan,nan,nan,nan,nan,nan,nan,nan,nan,nan,nan,nan,nan,nan,nan,nan,nan,nan,nan,nan,nan,nan,nan,nan,nan,nan,nan,nan,nan,nan,nan,nan,nan,nan
nan,nan,nan,nan,nan,nan,nan,nan,nan,nan,nan,nan,nan,nan,nan,nan,nan,nan,nan,nan,nan,nan,nan,nan,nan,nan,nan,nan,nan,nan,nan,nan,nan,nan,nan,nan,nan,nan,nan,nan,nan,nan,nan,nan,nan,nan,nan,nan,nan,nan,nan,nan,nan,nan,nan,nan,nan,nan,nan,nan,nan,nan,nan
nan,nan,nan,nan,nan,nan,nan,nan,nan,nan,nan,nan,nan,nan,nan,nan,nan,nan,nan,nan,nan,nan,nan,nan,nan,nan,nan,nan,nan,nan,nan,nan,nan,nan,nan,nan,nan,nan,nan,nan,nan,nan,nan,nan,nan,nan,nan,nan,nan,nan,nan,nan,nan,nan,nan,nan,nan,nan,nan,nan,nan,nan,nan
nan,nan,nan,nan,nan,nan,nan,nan,nan,nan,nan,nan,nan,nan,nan,nan,nan,nan,nan,nan,nan,nan,nan,nan,nan,nan,nan,nan,nan,nan,nan,nan,nan,nan,nan,nan,nan,nan,nan,nan,nan,nan,nan,nan,nan,nan,nan,nan,nan,nan,nan,nan,nan,nan,nan,nan,nan,nan,nan,nan,nan,nan,nan
nan,nan,nan,nan,nan,nan,nan,nan,nan,nan,0.0000000000,0.0000000000,0.0000000000,0.0000000000,nan,nan,nan,nan,nan,nan,nan,nan,nan,nan,nan,nan,nan,nan,nan,nan,0.0019722506,-0.0000269044,0.0001442021,nan,nan,nan,nan,nan,nan,nan,nan,nan,nan,nan,nan,nan,nan,nan,nan,nan,nan,nan,nan,nan,nan,nan,nan,nan,nan,nan,nan,nan,nan
nan,nan,nan,nan,nan,nan,nan,nan,nan,nan,0.0000000000,0.0000000000,0.0000000000,0.0000000000,nan,nan,nan,nan,nan,nan,nan,nan,nan,nan,nan,nan,nan,-0.0082383519,-0.0003836710,-0.0013710348,0.0019722506,-0.0000269044,0.0001442021,nan,nan,nan,0.0000000000,0.0000000000,0.0000000000,nan,nan,nan,nan,3.8956012726,nan,nan,nan,nan,nan,nan,nan,nan,nan,nan,nan,nan,nan,nan,nan,nan,nan,nan,nan
-0.0188498572,0.1029766724,0.0908699855,0.0000000000,0.0636641966,0.0000000000,nan,nan,nan,nan,0.0000000000,0.0000000000,0.0000000000,0.0000000000,nan,nan,nan,nan,nan,nan,nan,nan,nan,nan,nan,nan,nan,-0.0082383519,-0.0003836710,-0.0013710348,0.0019722506,-0.0000269044,0.0001442021,-0.0180008020,-0.0015420312,0.0110956766,0.0000000000,0.0000000000,0.0000000000,nan,nan,nan,nan,3.8956012726,nan,nan,nan,nan,nan,nan,nan,nan,nan,nan,nan,nan,nan,-0.0655301288,-0.0000174186,0.9991586208,0.0415360145,-0.2844704390,0.2215062082
-0.0188498572,0.1029766724,0.0908699855,0.0000000000,0.0636641966,0.0000000000,nan,nan,nan,nan,0.0000000000,0.0000000000,0.0000000000,0.0000000000,nan,nan,nan,nan,nan,nan,nan,nan,nan,nan,nan,nan,nan,-0.0103830406,-0.0007025728,-0.0016896048,-0.0009586978,-0.0001330389,-0.0003252640,-0.0180008020,-0.0015420312,0.0110956766,0.0000000000,0.0000000000,0.0000000000,nan,nan,nan,nan,3.8956012726,nan,nan,nan,nan,nan,nan,nan,nan,nan,nan,nan,nan,nan,-0.0655301288,-0.0000174186,0.9991586208,0.0415360145,-0.2844704390,0.2215062082
-0.0193605144,0.1029418781,0.0907820240,0.0000000000,0.0636641966,0.0000000000,nan,nan,nan,nan,0.0000000000,0.0000000000,0.0000000000,0.0000000000,nan,nan,nan,nan,nan,nan,nan,nan,nan,nan,nan,nan,nan,-0.0103830406,-0.0007025728,-0.0016896048,-0.0009586978,-0.0001330389,-0.0003252640,-0.0180008020,-0.0015420312,0.0110956766,0.0000000000,0.0000000000,0.0000000000,0.0000000000,0.0000000000,0.0383334979,nan,3.8956012726,nan,nan,nan,nan,nan,nan,nan,nan,nan,nan,nan,nan,nan,-0.0670630410,-0.0023369973,0.9995111227,0.0235590041,-0.0099673821,-0.0165739302
-0.0193605144,0.1029418781,0.0907820240,0.0000000000,0.0636641966,0.0000000000,nan,nan,nan,nan,0.0000000000,0.0000000000,0.0000000000,0.0000000000,nan,nan,nan,nan,nan,nan,nan,nan,nan,nan,nan,nan,nan,-0.0103830406,-0.0007025728,-0.0016896048,-0.0037178278,-0.0003800887,-0.0007154237,-0.0278857835,-0.0143683143,-0.0051274234,0.0000000000,0.0000000000,0.0000000000,0.0000000000,0.0000000000,0.0383334979,nan,3.8956012726,nan,nan,nan,nan,nan,nan,nan,nan,nan,nan,nan,nan,nan,-0.0670630410,-0.0023369973,0.9995111227,0.0235590041,-0.0099673821,-0.0165739302
-0.0193605144,0.1029418781,0.0907820240,0.0000000000,0.0636641966,0.0000000000,nan,nan,nan,nan,0.0000000000,0.0000000000,0.0000000000,0.0000000000,nan,nan,nan,nan,nan,nan,nan,nan,nan,nan,nan,nan,nan,-0.0132865235,-0.0015349829,-0.0017882587,-0.0037178278,-0.0003800887,-0.0007154237,-0.0278857835,-0.0143683143,-0.0051274234,0.0000000000,0.0000000000,0.0000000000,0.0000000000,0.0000000000,0.0383334979,nan,3.8956012726,nan,nan,nan,nan,nan,nan,nan,nan,nan,nan,nan,nan,nan,-0.0670630410,-0.0023369973,0.9995111227,0.0235590041,-0.0099673821,-0.0165739302
-0.0200106055,0.1028665826,0.0906896219,0.0000000000,0.0636641966,0.0000000000,nan,nan,nan,nan,0.0000000000,0.0000000000,0.0000000000,0.0000000000,nan,nan,nan,nan,nan,nan,nan,nan,nan,nan,nan,nan,nan,-0.0132865235,-0.0015349829,-0.0017882587,-0.0037178278,-0.0003800887,-0.0007154237,-0.0446132049,-0.0035397229,-0.0259265546,0.0000000000,0.0000000000,0.0000000000,0.0000000000,0.0000000000,0.0383334979,nan,3.8956012726,nan,nan,nan,nan,nan,nan,nan,nan,nan,nan,nan,nan,nan,-0.0665312484,-0.0013003057,0.9973384142,0.1047700867,-0.0002156582,-0.0698791444
-0.0200106055,0.1028665826,0.0906896219,0.0000000000,0.0636641966,0.0000000000,nan,nan,nan,nan,0.0000000000,0.0000000000,0.0000000000,0.0000000000,nan,nan,nan,nan,nan,nan,nan,nan,nan,nan,nan,nan,nan,-0.0071147331,-0.0012805305,-0.0006091354,0.0057931035,0.0001643849,0.0009634926,-0.0446132049,-0.0035397229,-0.0259265546,0.0000000000,0.0000000000,0.0000000000,0.0000000000,0.0000000000,0.0383334979,nan,3.8956012726,nan,nan,nan,nan,nan,nan,nan,nan,nan,nan,nan,nan,nan,-0.0665312484,-0.0013003057,0.9973384142,0.1047700867,-0.0002156582,-0.0698791444
-0.0185160544,0.1029408649,0.0909583271,0.0000000000,0.0636641966,0.0000000000,nan,nan,nan,nan,0.0000000000,0.0000000000,0.0000000000,0.0000000000,nan,nan,nan,nan,nan,nan,nan,nan,nan,nan,nan,nan,nan,-0.0071147331,-0.0012805305,-0.0006091354,0.0057931035,0.0001643849,0.0009634926,-0.0446132049,-0.0035397229,-0.0259265546,0.0000000000,0.0000000000,0.0000000000,0.0000000000,0.0000000000,0.0363172404,nan,3.8956012726,nan,nan,nan,nan,nan,nan,nan,nan,nan,nan,nan,nan,nan,-0.0643975064,-0.0007332821,0.9977406859,-0.2095942199,-0.0040916856,0.1016378552
-0.0185160544,0.1029408649,0.0909583271,0.0000000000,0.0636641966,0.0000000000,nan,nan,nan,nan,0.0000000000,0.0000000000,0.0000000000,0.0000000000,nan,nan,nan,nan,nan,nan,nan,nan,nan,nan,nan,nan,nan,-0.0071147331,-0.0012805305,-0.0006091354,0.0020728097,-0.0002083985,0.0005179300,-0.0196368825,-0.0026408785,-0.0039474554,0.0000000000,0.0000000000,0.0000000000,0.0000000000,0.0000000000,0.0363172404,nan,3.8956012726,nan,nan,nan,nan,nan,nan,nan,nan,nan,nan,nan,nan,nan,-0.0643975064,-0.0007332821,0.9977406859,-0.2095942199,-0.0040916856,0.1016378552
-0.0185160544,0.1029408649,0.0909583271,0.0000000000,0.0636641966,0.0000000000,nan,nan,nan,nan,0.0000000000,0.0000000000,0.0000000000,0.0000000000,nan,nan,nan,nan,nan,nan,nan,nan,nan,nan,nan,nan,nan,-0.0095982170,-0.0013859719,-0.0007626874,0.0020728097,-0.0002083985,0.0005179300,-0.0196368825,-0.0026408785,-0.0039474554,0.0000000000,0.0000000000,0.0000000000,0.0000000000,0.0000000000,0.0363172404,nan,3.8956012726,nan,nan,nan,nan,nan,nan,nan,nan,nan,nan,nan,nan,nan,-0.0643975064,-0.0007332821,0.9977406859,-0.2095942199,-0.0040916856,0.1016378552
-0.0189833455,0.1028752998,0.0909204558,0.0000000000,0.0636641966,0.0000000000,nan,nan,nan,nan,0.0000000000,0.0000000000,0.0000000000,0.0000000000,nan,nan,nan,nan,nan,nan,nan,nan,nan,nan,nan,nan,nan,-0.0095982170,-0.0013859719,-0.0007626874,0.0020728097,-0.0002083985,0.0005179300,-0.0062372223,-0.0120399855,-0.0112365950,0.0000000000,0.0000000000,0.0000000000,0.0000000000,0.0000000000,0.0363172404,nan,3.8956012726,nan,nan,nan,nan,nan,nan,nan,nan,nan,nan,nan,nan,nan,-0.0654976293,-0.0007248342,0.9963766932,-0.0519153923,-0.0530272126,0.0841656774
-0.0189833455,0.1028752998,0.0909204558,0.0000000000,0.0636641966,0.0000000000,nan,nan,nan,nan,0.0000000000,0.0000000000,0.0000000000,0.0000000000,nan,nan,nan,nan,nan,nan,nan,nan,nan,nan,nan,nan,nan,-0.0122581264,-0.0018950157,-0.0010734433,-0.0013064732,-0.0005390256,0.0001481922,-0.0062372223,-0.0120399855,-0.0112365950,0.0000000000,0.0000000000,0.0000000000,0.0000000000,0.0000000000,0.0363172404,nan,3.8956012726,nan,nan,nan,nan,nan,nan,nan,nan,nan,nan,nan,nan,nan,-0.0654976293,-0.0007248342,0.9963766932,-0.0519153923,-0.0530272126,0.0841656774
-0.0195835605,0.1027901843,0.0908669531,0.0000000000,0.0636641966,0.0000000000,nan,nan,nan,nan,0.0000000000,0.0000000000,0.0000000000,0.0000000000,nan,nan,nan,nan,nan,nan,nan,nan,nan,nan,nan,nan,nan,-0.0122581264,-0.0018950157,-0.0010734433,-0.0013064732,-0.0005390256,0.0001481922,-0.0062372223,-0.0120399855,-0.0112365950,0.0000000000,0.0000000000,0.0000000000,0.0000000000,0.0000000000,0.0391218886,nan,3.8956012726,nan,nan,nan,nan,nan,nan,nan,nan,nan,nan,nan,nan,nan,-0.0674301535,-0.0017728349,0.9974130392,0.0769349262,-0.0160950180,0.1209420338
-0.0195835605,0.1027901843,0.0908669531,0.0000000000,0.0636641966,0.0000000000,nan,nan,nan,nan,0.0000000000,0.0000000000,0.0000000000,0.0000000000,nan,nan,nan,nan,nan,nan,nan,nan,nan,nan,nan,nan,nan,-0.0122581264,-0.0018950157,-0.0010734433,0.0049544591,0.0003448995,0.0006195756,-0.0168510675,-0.0203863829,0.0001333165,0.0000000000,0.0000000000,0.0000000000,0.0000000000,0.0000000000,0.0391218886,nan,3.8956012726,nan,nan,nan,nan,nan,nan,nan,nan,nan,nan,nan,nan,nan,-0.0674301535,-0.0017728349,0.9974130392,0.0769349262,-0.0160950180,0.1209420338
-0.0195835605,0.1027901843,0.0908669531,0.0000000000,0.0636641966,0.0000000000,nan,nan,nan,nan,0.0000000000,0.0000000000,0.0000000000,0.0000000000,nan,nan,nan,nan,nan,nan,nan,nan,nan,nan,nan,nan,nan,-0.0077300114,-0.0011832616,-0.0002549676,0.0049544591,0.0003448995,0.0006195756,-0.0168510675,-0.0203863829,0.0001333165,0.0000000000,0.0000000000,0.0000000000,0.0000000000,0.0000000000,0.0391218886,nan,3.8956012726,nan,nan,nan,nan,nan,nan,nan,nan,nan,nan,nan,nan,nan,-0.0674301535,-0.0017728349,0.9974130392,0.0769349262,-0.0160950180,0.1209420338
-0.0184177365,0.1029372662,0.0909794122,0.0000000000,0.0636641966,0.0000000000,nan,nan,nan,nan,0.0000000000,0.0000000000,0.0000000000,0.0000000000,nan,nan,nan,nan,nan,nan,nan,nan,nan,nan,nan,nan,nan,-0.0077300114,-0.0011832616,-0.0002549676,0.0049544591,0.0003448995,0.0006195756,-0.0023803103,0.0222854372,-0.0158558954,0.0000000000,0.0000000000,0.0000000000,0.0000000000,0.0000000000,0.0391218886,3.8949999809,3.8956012726,nan,nan,nan,nan,nan,nan,nan,nan,nan,nan,nan,nan,nan,-0.0643767938,0.0019177609,0.9953523874,-0.1559865773,0.0194153916,0.0028021487
-0.0184177365,0.1029372662,0.0909794122,0.0000000000,0.0636641966,0.0000000000,nan,nan,nan,nan,0.0000000000,0.0000000000,0.0000000000,0.0000000000,nan,nan,nan,nan,nan,nan,nan,nan,nan,nan,nan,nan,nan,-0.0101058977,-0.0008512796,-0.0007905252,0.0013587442,-0.0000499516,0.0003181497,-0.0023803103,0.0222854372,-0.0158558954,0.0000000000,0.0000000000,0.0000000000,0.0000000000,0.0000000000,0.0391218886,3.8949999809,3.8956012726,nan,nan,nan,nan,nan,nan,nan,nan,nan,nan,nan,nan,nan,-0.0643767938,0.0019177609,0.9953523874,-0.1559865773,0.0194153916,0.0028021487
-0.0189113971,0.1028908044,0.0909383595,0.0000000000,0.0636641966,0.0000000000,nan,nan,nan,nan,0.0000000000,0.0000000000,0.0000000000,0.0000000000,nan,nan,nan,nan,nan,nan,nan,nan,nan,nan,nan,nan,nan,-0.0101058977,-0.0008512796,-0.0007905252,0.0013587442,-0.0000499516,0.0003181497,-0.0023803103,0.0222854372,-0.0158558954,0.0000000000,0.0000000000,0.0000000000,0.0000000000,0.0000000000,0.0395410359,3.8949999809,3.8956012726,nan,nan,nan,nan,nan,nan,nan,nan,nan,nan,nan,nan,nan,-0.0644444451,0.0003936652,0.9974185824,0.0800631493,0.0814766511,-0.2542481422
-0.0189113971,0.1028908044,0.0909383595,0.0000000000,0.0636641966,0.0000000000,nan,nan,nan,nan,0.0000000000,0.0000000000,0.0000000000,0.0000000000,nan,nan,nan,nan,nan,nan,nan,nan,nan,nan,nan,nan,nan,-0.0101058977,-0.0008512796,-0.0007905252,0.0016647970,0.0001707712,0.0002827003,-0.0143181682,0.0128974300,-0.0117447181,0.0000000000,0.0000000000,0.0000000000,0.0000000000,0.0000000000,0.0395410359,3.8949999809,3.8956012726,nan,nan,nan,nan,nan,nan,nan,nan,nan,nan,nan,nan,nan,-0.0644444451,0.0003936652,0.9974185824,0.0800631493,0.0814766511,-0.2542481422
-0.0189113971,0.1028908044,0.0909383595,0.0000000000,0.0636641966,0.0000000000,nan,nan,nan,nan,0.0000000000,0.0000000000,0.0000000000,0.0000000000,nan,nan,nan,nan,nan,nan,nan,nan,nan,nan,nan,nan,nan,-0.0096674981,-0.0003041479,-0.0007708315,0.0016647970,0.0001707712,0.0002827003,-0.0143181682,0.0128974300,-0.0117447181,0.0000000000,0.0000000000,0.0000000000,0.0000000000,0.0000000000,0.0395410359,3.8949999809,3.8956012726,nan,nan,nan,nan,nan,nan,nan,nan,nan,nan,nan,nan,nan,-0.0644444451,0.0003936652,0.9974185824,0.0800631493,0.0814766511,-0.2542481422
-0.0187921245,0.1029444560,0.0909447074,0.0000000000,0.0636641966,0.0000000000,nan,nan,nan,nan,0.0000000000,0.0000000000,0.0000000000,0.0000000000,nan,nan,nan,nan,nan,nan,nan,nan,nan,nan,nan,nan,nan,-0.0096674981,-0.0003041479,-0.0007708315,0.0016647970,0.0001707712,0.0002827003,-0.0232654810,0.0118417703,-0.0276380349,0.0000000000,0.0000000000,0.0000000000,0.0000000000,0.0000000000,0.0395410359,3.8949999809,3.8956012726,nan,nan,nan,nan,nan,nan,nan,nan,nan,nan,nan,nan,nan,-0.0667310730,-0.0003311090,0.9943745136,-0.2225924879,-0.0440004840,0.1336512417
-0.0187921245,0.1029444560,0.0909447074,0.0000000000,0.0636641966,0.0000000000,nan,nan,nan,nan,0.0000000000,0.0000000000,0.0000000000,0.0000000000,nan,nan,nan,nan,nan,nan,nan,nan,nan,nan,nan,nan,nan,-0.0085721109,0.0000482563,-0.0016901079,-0.0016167214,0.0000778038,-0.0001370141,-0.0232654810,0.0118417703,-0.0276380349,0.0000000000,0.0000000000,0.0000000000,0.0000000000,0.0000000000,0.0395410359,3.8949999809,3.8956012726,nan,nan,nan,nan,nan,nan,nan,nan,nan,nan,nan,nan,nan,-0.0667310730,-0.0003311090,0.9943745136,-0.2225924879,-0.0440004840,0.1336512417
-0.0186149124,0.1029802635,0.0909282938,0.0000000000,0.0636641966,0.0000000000,nan,nan,nan,nan,0.0000000000,0.0000000000,0.0000000000,0.0000000000,nan,nan,nan,nan,nan,nan,nan,nan,nan,nan,nan,nan,nan,-0.0085721109,0.0000482563,-0.0016901079,-0.0016167214,0.0000778038,-0.0001370141,-0.0232654810,0.0118417703,-0.0276380349,0.0000000000,0.0000000000,0.0000000000,0.0000000000,0.0000000000,0.0409853347,3.8949999809,3.8956012726,nan,nan,nan,nan,nan,nan,nan,nan,nan,nan,nan,nan,nan,-0.0659496486,-0.0019433264,0.9944615364,0.0395192206,-0.3919979334,-0.0316945165
-0.0186149124,0.1029802635,0.0909282938,0.0000000000,0.0636641966,0.0000000000,nan,nan,nan,nan,0.0000000000,0.0000000000,0.0000000000,0.0000000000,nan,nan,nan,nan,nan,nan,nan,nan,nan,nan,nan,nan,nan,-0.0085721109,0.0000482563,-0.0016901079,-0.0005867458,0.0002073122,-0.0002823992,-0.0010600180,-0.0112598166,-0.0054659774,0.0000000000,0.0000000000,0.0000000000,0.0000000000,0.0000000000,0.0409853347,3.8949999809,3.8956012726,nan,nan,nan,nan,nan,nan,nan,nan,nan,nan,nan,nan,nan,-0.0659496486,-0.0019433264,0.9944615364,0.0395192206,-0.3919979334,-0.0316945165
-0.0186149124,0.1029802635,0.0909282938,0.0000000000,0.0636641966,0.0000000000,nan,nan,nan,nan,0.0000000000,0.0000000000,0.0000000000,0.0000000000,nan,nan,nan,nan,nan,nan,nan,nan,nan,nan,nan,nan,nan,-0.0110516148,-0.0002123862,-0.0022226290,-0.0005867458,0.0002073122,-0.0002823992,-0.0010600180,-0.0112598166,-0.0054659774,0.0000000000,0.0000000000,0.0000000000,0.0000000000,0.0000000000,0.0409853347,3.8949999809,3.8956012726,nan,nan,nan,nan,nan,nan,nan,nan,nan,nan,nan,nan,nan,-0.0659496486,-0.0019433264,0.9944615364,0.0395192206,-0.3919979334,-0.0316945165
-0.0191604365,0.1029697508,0.0908154696,0.0000000000,0.0636641966,0.0000000000,nan,nan,nan,nan,0.0000000000,0.0000000000,0.0000000000,0.0000000000,nan,nan,nan,nan,nan,nan,nan,nan,nan,nan,nan,nan,nan,-0.0110516148,-0.0002123862,-0.0022226290,-0.0005867458,0.0002073122,-0.0002823992,-0.0181630403,-0.0128220916,0.0072084479,0.0000000000,0.0000000000,0.0000000000,0.0000000000,0.0000000000,0.0409853347,3.8949999809,3.8956012726,nan,nan,nan,nan,nan,nan,nan,nan,nan,nan,nan,nan,nan,-0.0638756230,-0.0023808335,0.9971845746,0.2508271039,-0.0564632900,-0.2078111917
-0.0191604365,0.1029697508,0.0908154696,0.0000000000,0.0636641966,0.0000000000,nan,nan,nan,nan,0.0000000000,0.0000000000,0.0000000000,0.0000000000,nan,nan,nan,nan,nan,nan,nan,nan,nan,nan,nan,nan,nan,-0.0141771147,-0.0003324282,-0.0027690022,-0.0036892751,0.0000774317,-0.0008839521,-0.0181630403,-0.0128220916,0.0072084479,0.0000000000,0.0000000000,0.0000000000,0.0000000000,0.0000000000,0.0409853347,3.8949999809,3.8956012726,nan,nan,nan,nan,nan,nan,nan,nan,nan,nan,nan,nan,nan,-0.0638756230,-0.0023808335,0.9971845746,0.2508271039,-0.0564632900,-0.2078111917
-0.0198488347,0.1029552221,0.0906760320,0.0000000000,0.0636641966,0.0000000000,nan,nan,nan,nan,0.0000000000,0.0000000000,0.0000000000,0.0000000000,nan,nan,nan,nan,nan,nan,nan,nan,nan,nan,nan,nan,nan,-0.0141771147,-0.0003324282,-0.0027690022,-0.0036892751,0.0000774317,-0.0008839521,-0.0181630403,-0.0128220916,0.0072084479,0.0000000000,0.0000000000,0.0000000000,0.0000000000,0.0000000000,0.0400271341,3.8949999809,3.8956012726,nan,nan,nan,nan,nan,nan,nan,nan,nan,nan,nan,nan,nan,-0.0649591386,0.0001390820,0.9984408617,-0.2692746520,0.3734067678,-0.2210022658
-0.0198488347,0.1029552221,0.0906760320,0.0000000000,0.0636641966,0.0000000000,nan,nan,nan,nan,0.0000000000,0.0000000000,0.0000000000,0.0000000000,nan,nan,nan,nan,nan,nan,nan,nan,nan,nan,nan,nan,nan,-0.0141771147,-0.0003324282,-0.0027690022,0.0048511946,0.0002950174,0.0006291119,-0.0132358549,-0.0020684605,0.0040439344,0.0000000000,0.0000000000,0.0000000000,0.0000000000,0.0000000000,0.0400271341,3.8949999809,3.8956012726,nan,nan,nan,nan,nan,nan,nan,nan,nan,nan,nan,nan,nan,-0.0649591386,0.0001390820,0.9984408617,-0.2692746520,0.3734067678,-0.2210022658
-0.0198488347,0.1029552221,0.0906760320,0.0000000000,0.0636641966,0.0000000000,nan,nan,nan,nan,0.0000000000,0.0000000000,0.0000000000,0.0000000000,nan,nan,nan,nan,nan,nan,nan,nan,nan,nan,nan,nan,nan,-0.0071692420,0.0001940974,-0.0011246483,0.0048511946,0.0002950174,0.0006291119,-0.0132358549,-0.0020684605,0.0040439344,0.0000000000,0.0000000000,0.0000000000,0.0000000000,0.0000000000,0.0400271341,3.8949999809,3.8956012726,nan,nan,nan,nan,nan,nan,nan,nan,nan,nan,nan,nan,nan,-0.0649591386,0.0001390820,0.9984408617,-0.2692746520,0.3734067678,-0.2210022658
-0.0183836557,0.1030031592,0.0909307450,0.0000000000,0.0636641966,0.0000000000,nan,nan,nan,nan,0.0000000000,0.0000000000,0.0000000000,0.0000000000,nan,nan,nan,nan,nan,nan,nan,nan,nan,nan,nan,nan,nan,-0.0071692420,0.0001940974,-0.0011246483,0.0048511946,0.0002950174,0.0006291119,-0.0017247864,-0.0042183795,-0.0063225944,0.0000000000,0.0000000000,0.0000000000,0.0000000000,0.0000000000,0.0400271341,3.8949999809,3.8956012726,nan,nan,nan,nan,nan,nan,nan,nan,nan,nan,nan,nan,nan,-0.0649951696,-0.0008945687,0.9997065067,0.1646552235,0.2534560263,0.1343831420
-0.0183836557,0.1030031592,0.0909307450,0.0000000000,0.0636641966,0.0000000000,nan,nan,nan,nan,0.0000000000,0.0000000000,0.0000000000,0.0000000000,nan,nan,nan,nan,nan,nan,nan,nan,nan,nan,nan,nan,nan,-0.0100377193,-0.0003096388,-0.0014762691,0.0012906202,0.0001789013,0.0000606640,-0.0017247864,-0.0042183795,-0.0063225944,0.0000000000,0.0000000000,0.0000000000,0.0000000000,0.0000000000,0.0400271341,3.8949999809,3.8956012726,nan,nan,nan,nan,nan,nan,nan,nan,nan,nan,nan,nan,nan,-0.0649951696,-0.0008945687,0.9997065067,0.1646552235,0.2534560263,0.1343831420
-0.0188738946,0.1029881090,0.0908528715,0.0000000000,0.0636641966,0.0000000000,nan,nan,nan,nan,0.0000000000,0.0000000000,0.0000000000,0.0000000000,nan,nan,nan,nan,nan,nan,nan,nan,nan,nan,nan,nan,nan,-0.0100377193,-0.0003096388,-0.0014762691,0.0012906202,0.0001789013,0.0000606640,-0.0017247864,-0.0042183795,-0.0063225944,0.0000000000,0.0000000000,0.0000000000,0.0000000000,0.0000000000,0.0349614397,3.8949999809,3.8956012726,nan,nan,nan,nan,nan,nan,nan,nan,nan,nan,nan,nan,nan,-0.0660716742,-0.0002334059,0.9959558249,0.0064978139,-0.0528372303,0.0516019650
-0.0188738946,0.1029881090,0.0908528715,0.0000000000,0.0636641966,0.0000000000,nan,nan,nan,nan,0.0000000000,0.0000000000,0.0000000000,0.0000000000,nan,nan,nan,nan,nan,nan,nan,nan,nan,nan,nan,nan,nan,-0.0100377193,-0.0003096388,-0.0014762691,-0.0019945675,0.0000668910,-0.0004344496,-0.0199516043,0.0353626199,-0.0190771259,0.0000000000,0.0000000000,0.0000000000,0.0000000000,0.0000000000,0.0349614397,3.8949999809,3.8956012726,nan,nan,nan,nan,nan,nan,nan,nan,nan,nan,nan,nan,nan,-0.0660716742,-0.0002334059,0.9959558249,0.0064978139,-0.0528372303,0.0516019650
-0.0188738946,0.1029881090,0.0908528715,0.0000000000,0.0636641966,0.0000000000,nan,nan,nan,nan,0.0000000000,0.0000000000,0.0000000000,0.0000000000,nan,nan,nan,nan,nan,nan,nan,nan,nan,nan,nan,nan,nan,-0.0122388126,0.0001059137,-0.0021222830,-0.0019945675,0.0000668910,-0.0004344496,-0.0199516043,0.0353626199,-0.0190771259,0.0000000000,0.0000000000,0.0000000000,0.0000000000,0.0000000000,0.0349614397,3.8949999809,3.8956012726,nan,nan,nan,nan,nan,nan,nan,nan,nan,nan,nan,nan,nan,-0.0660716742,-0.0002334059,0.9959558249,0.0064978139,-0.0528372303,0.0516019650
-0.0194927938,0.1029915959,0.0907445401,0.0000000000,0.0636641966,0.0000000000,nan,nan,nan,nan,0.0000000000,0.0000000000,0.0000000000,0.0000000000,nan,nan,nan,nan,nan,nan,nan,nan,nan,nan,nan,nan,nan,-0.0122388126,0.0001059137,-0.0021222830,-0.0019945675,0.0000668910,-0.0004344496,0.0048198700,0.0132246884,-0.0114085032,0.0000000000,0.0000000000,0.0000000000,0.0000000000,0.0000000000,0.0349614397,3.8949999809,3.8956012726,nan,nan,nan,nan,nan,nan,nan,nan,nan,nan,nan,nan,nan,-0.0653053075,-0.0020134393,0.9983297586,0.0677688941,0.2426692843,-0.1317403316
-0.0194927938,0.1029915959,0.0907445401,0.0000000000,0.0636641966,0.0000000000,nan,nan,nan,nan,0.0000000000,0.0000000000,0.0000000000,0.0000000000,nan,nan,nan,nan,nan,nan,nan,nan,nan,nan,nan,nan,nan,-0.0150552895,0.0001120632,-0.0025816099,-0.0051227971,0.0001017525,-0.0009584334,0.0048198700,0.0132246884,-0.0114085032,0.0000000000,0.0000000000,0.0000000000,0.0000000000,0.0000000000,0.0349614397,3.8949999809,3.8956012726,nan,nan,nan,nan,nan,nan,nan,nan,nan,nan,nan,nan,nan,-0.0653053075,-0.0020134393,0.9983297586,0.0677688941,0.2426692843,-0.1317403316
-0.0202352349,0.1029976010,0.0906160697,0.0000000000,0.0636641966,0.0000000000,nan,nan,nan,nan,0.0000000000,0.0000000000,0.0000000000,0.0000000000,nan,nan,nan,nan,nan,nan,nan,nan,nan,nan,nan,nan,nan,-0.0150552895,0.0001120632,-0.0025816099,-0.0051227971,0.0001017525,-0.0009584334,0.0048198700,0.0132246884,-0.0114085032,0.0000000000,0.0000000000,0.0000000000,0.0000000000,0.0000000000,0.0362669826,3.8949999809,3.8956012726,nan,nan,nan,nan,nan,nan,nan,nan,nan,nan,nan,nan,nan,-0.0624440424,-0.0000904509,0.9979857802,-0.0850918293,-0.2712413073,0.1616004705
-0.0202352349,0.1029976010,0.0906160697,0.0000000000,0.0636641966,0.0000000000,nan,nan,nan,nan,0.0000000000,0.0000000000,0.0000000000,0.0000000000,nan,nan,nan,nan,nan,nan,nan,nan,nan,nan,nan,nan,nan,-0.0150552895,0.0001120632,-0.0025816099,0.0044543068,0.0001073354,0.0009019061,-0.0010867231,-0.0172163378,-0.0046116994,0.0000000000,0.0000000000,0.0000000000,0.0000000000,0.0000000000,0.0362669826,3.8949999809,3.8956012726,nan,nan,nan,nan,nan,nan,nan,nan,nan,nan,nan,nan,nan,-0.0624440424,-0.0000904509,0.9979857802,-0.0850918293,-0.2712413073,0.1616004705
-0.0202352349,0.1029976010,0.0906160697,0.0000000000,0.0636641966,0.0000000000,nan,nan,nan,nan,0.0000000000,0.0000000000,0.0000000000,0.0000000000,nan,nan,nan,nan,nan,nan,nan,nan,nan,nan,nan,nan,nan,-0.0072785984,0.0001089274,-0.0009622170,0.0044543068,0.0001073354,0.0009019061,-0.0010867231,-0.0172163378,-0.0046116994,0.0000000000,0.0000000000,0.0000000000,0.0000000000,0.0000000000,0.0362669826,3.8949999809,3.8956012726,nan,nan,nan,nan,nan,nan,nan,nan,nan,nan,nan,nan,nan,-0.0624440424,-0.0000904509,0.9979857802,-0.0850918293,-0.2712413073,0.1616004705
-0.0186478440,0.1030059680,0.0909302980,0.0000000000,0.0636641966,0.0000000000,nan,nan,nan,nan,0.0000000000,0.0000000000,0.0000000000,0.0000000000,nan,nan,nan,nan,nan,nan,nan,nan,nan,nan,nan,nan,nan,-0.0072785984,0.0001089274,-0.0009622170,0.0044543068,0.0001073354,0.0009019061,-0.0136092138,-0.0059890836,-0.0178942345,0.0000000000,0.0000000000,0.0000000000,0.0000000000,0.0000000000,0.0362669826,3.8949999809,3.8956012726,nan,nan,nan,nan,nan,nan,nan,nan,nan,nan,nan,nan,nan,-0.0652520806,-0.0019524026,0.9940360188,-0.0048254356,0.1773804873,0.1080917642
-0.0186478440,0.1030059680,0.0909302980,0.0000000000,0.0636641966,0.0000000000,nan,nan,nan,nan,0.0000000000,0.0000000000,0.0000000000,0.0000000000,nan,nan,nan,nan,nan,nan,nan,nan,nan,nan,nan,nan,nan,-0.0098601347,0.0000665188,-0.0019142595,0.0010576698,0.0001238778,0.0003088630,-0.0136092138,-0.0059890836,-0.0178942345,0.0000000000,0.0000000000,0.0000000000,0.0000000000,0.0000000000,0.0362669826,3.8949999809,3.8956012726,nan,nan,nan,nan,nan,nan,nan,nan,nan,nan,nan,nan,nan,-0.0652520806,-0.0019524026,0.9940360188,-0.0048254356,0.1773804873,0.1080917642
-0.0182444043,0.1030006036,0.0909652859,0.0000000000,0.0636641966,0.0000000000,nan,nan,nan,nan,0.0000000000,0.0000000000,0.0000000000,0.0000000000,nan,nan,nan,nan,nan,nan,nan,nan,nan,nan,nan,nan,nan,-0.0098601347,0.0000665188,-0.0019142595,0.0010576698,0.0001238778,0.0003088630,-0.0136092138,-0.0059890836,-0.0178942345,0.0000000000,0.0000000000,0.0000000000,0.0000000000,0.0000000000,0.0405047908,3.8949999809,3.8956012726,nan,nan,nan,nan,nan,nan,nan,nan,nan,nan,nan,nan,nan,-0.0662281215,-0.0040625581,0.9958394766,-0.0048254356,0.1773804873,0.1080917642
-0.0182444043,0.1030006036,0.0909652859,0.0000000000,0.0636641966,0.0000000000,nan,nan,nan,nan,0.0000000000,0.0000000000,0.0000000000,0.0000000000,nan,nan,nan,nan,nan,nan,nan,nan,nan,nan,nan,nan,nan,-0.0098601347,0.0000665188,-0.0019142595,0.0028458387,-0.0000026519,0.0003912153,-0.0065436279,-0.0191939138,-0.0259312335,0.0000000000,0.0000000000,0.0000000000,0.0000000000,0.0000000000,0.0405047908,3.8949999809,3.8956012726,nan,nan,nan,nan,nan,nan,nan,nan,nan,nan,nan,nan,nan,-0.0662281215,-0.0040625581,0.9958394766,-0.1037779003,-0.0691946372,-0.3205878139
-0.0182444043,0.1030006036,0.0909652859,0.0000000000,0.0636641966,0.0000000000,nan,nan,nan,nan,0.0000000000,0.0000000000,0.0000000000,0.0000000000,nan,nan,nan,nan,nan,nan,nan,nan,nan,nan,nan,nan,nan,-0.0083638066,-0.0005020557,-0.0017468409,0.0028458387,-0.0000026519,0.0003912153,-0.0065436279,-0.0191939138,-0.0259312335,0.0000000000,0.0000000000,0.0000000000,0.0000000000,0.0000000000,0.0405047908,3.8949999809,3.8956012726,nan,nan,nan,nan,nan,nan,nan,nan,nan,nan,nan,nan,nan,-0.0662281215,-0.0040625581,0.9958394766,-0.1037779003,-0.0691946372,-0.3205878139
-0.0186476391,0.1029786989,0.0908807814,0.0000000000,0.0636641966,0.0000000000,nan,nan,nan,nan,0.0000000000,0.0000000000,0.0000000000,0.0000000000,nan,nan,nan,nan,nan,nan,nan,nan,nan,nan,nan,nan,nan,-0.0083638066,-0.0005020557,-0.0017468409,0.0028458387,-0.0000026519,0.0003912153,-0.0084401434,0.0032302379,-0.0000730902,0.0000000000,0.0000000000,0.0000000000,0.0000000000,0.0000000000,0.0405047908,3.8949999809,3.8956012726,nan,nan,nan,nan,nan,nan,nan,nan,nan,nan,nan,nan,nan,-0.0676927641,0.0002931402,0.9980426431,0.2002169788,0.0038218210,-0.0850292146
-0.0186476391,0.1029786989,0.0908807814,0.0000000000,0.0636641966,0.0000000000,nan,nan,nan,nan,0.0000000000,0.0000000000,0.0000000000,0.0000000000,nan,nan,nan,nan,nan,nan,nan,nan,nan,nan,nan,nan,nan,-0.0108561702,-0.0002165890,-0.0019436468,-0.0003900198,-0.0001107728,-0.0002343449,-0.0084401434,0.0032302379,-0.0000730902,0.0000000000,0.0000000000,0.0000000000,0.0000000000,0.0000000000,0.0405047908,3.8949999809,3.8956012726,nan,nan,nan,nan,nan,nan,nan,nan,nan,nan,nan,nan,nan,-0.0676927641,0.0002931402,0.9980426431,0.2002169788,0.0038218210,-0.0850292146
-0.0191778466,0.1029661968,0.0907836333,0.0000000000,0.0636641966,0.0000000000,nan,nan,nan,nan,0.0000000000,0.0000000000,0.0000000000,0.0000000000,nan,nan,nan,nan,nan,nan,nan,nan,nan,nan,nan,nan,nan,-0.0108561702,-0.0002165890,-0.0019436468,-0.0003900198,-0.0001107728,-0.0002343449,-0.0084401434,0.0032302379,-0.0000730902,0.0000000000,0.0000000000,0.0000000000,0.0000000000,0.0000000000,0.0423949175,3.8949999809,3.8956012726,nan,nan,nan,nan,nan,nan,nan,nan,nan,nan,nan,nan,nan,-0.0644386038,-0.0020626334,0.9949547648,0.1503005028,0.4690414965,-0.1422099024
-0.0191778466,0.1029661968,0.0907836333,0.0000000000,0.0636641966,0.0000000000,nan,nan,nan,nan,0.0000000000,0.0000000000,0.0000000000,0.0000000000,nan,nan,nan,nan,nan,nan,nan,nan,nan,nan,nan,nan,nan,-0.0108561702,-0.0002165890,-0.0019436468,0.0045098979,0.0000757479,0.0007971483,-0.0087789167,-0.0110787544,-0.0060699950,0.0000000000,0.0000000000,0.0000000000,0.0000000000,0.0000000000,0.0423949175,3.8949999809,3.8956012726,nan,nan,nan,nan,nan,nan,nan,nan,nan,nan,nan,nan,nan,-0.0644386038,-0.0020626334,0.9949547648,0.1503005028,0.4690414965,-0.1422099024
-0.0191778466,0.1029661968,0.0907836333,0.0000000000,0.0636641966,0.0000000000,nan,nan,nan,nan,0.0000000000,0.0000000000,0.0000000000,0.0000000000,nan,nan,nan,nan,nan,nan,nan,nan,nan,nan,nan,nan,nan,-0.0073885680,-0.0001892540,-0.0005383283,0.0045098979,0.0000757479,0.0007971483,-0.0087789167,-0.0110787544,-0.0060699950,0.0000000000,0.0000000000,0.0000000000,0.0000000000,0.0000000000,0.0423949175,3.8949999809,3.8956012726,nan,nan,nan,nan,nan,nan,nan,nan,nan,nan,nan,nan,nan,-0.0644386038,-0.0020626334,0.9949547648,0.1503005028,0.4690414965,-0.1422099024
-0.0183359347,0.1029913723,0.0909717828,0.0000000000,0.0636641966,0.0000000000,nan,nan,nan,nan,0.0000000000,0.0000000000,0.0000000000,0.0000000000,nan,nan,nan,nan,nan,nan,nan,nan,nan,nan,nan,nan,nan,-0.0073885680,-0.0001892540,-0.0005383283,0.0045098979,0.0000757479,0.0007971483,-0.0059850127,-0.0074508628,-0.0143508222,0.0000000000,0.0000000000,0.0000000000,0.0000000000,0.0000000000,0.0423949175,3.8949999809,3.8956012726,nan,nan,nan,nan,nan,nan,nan,nan,nan,nan,nan,nan,nan,-0.0666333213,-0.0017154032,0.9960776567,0.1625115424,0.0477743000,0.0637421086
-0.0183359347,0.1029913723,0.0909717828,0.0000000000,0.0636641966,0.0000000000,nan,nan,nan,nan,0.0000000000,0.0000000000,0.0000000000,0.0000000000,nan,nan,nan,nan,nan,nan,nan,nan,nan,nan,nan,nan,nan,-0.0099359853,-0.0001492416,-0.0010622126,0.0011001532,-0.0000005622,0.0003816669,-0.0059850127,-0.0074508628,-0.0143508222,0.0000000000,0.0000000000,0.0000000000,0.0000000000,0.0000000000,0.0423949175,3.8949999809,3.8956012726,nan,nan,nan,nan,nan,nan,nan,nan,nan,nan,nan,nan,nan,-0.0666333213,-0.0017154032,0.9960776567,0.1625115424,0.0477743000,0.0637421086
-0.0188203249,0.1029789820,0.0909154192,0.0000000000,0.0664332044,0.0000000000,nan,nan,nan,nan,0.0000000000,0.0000000000,0.0000000000,0.0000000000,nan,nan,nan,nan,nan,nan,nan,nan,nan,nan,nan,nan,nan,-0.0099359853,-0.0001492416,-0.0010622126,0.0011001532,-0.0000005622,0.0003816669,-0.0059850127,-0.0074508628,-0.0143508222,0.0000000000,0.0000000000,0.0000000000,0.0000000000,0.0000000000,0.0439671762,3.8949999809,3.8956012726,nan,nan,nan,nan,nan,nan,nan,nan,nan,nan,nan,nan,nan,-0.0637422651,-0.0024531640,0.9973365664,-0.2140924335,-0.2461414635,0.1195119545
-0.0188203249,0.1029789820,0.0909154192,0.0000000000,0.0664332044,0.0000000000,nan,nan,nan,nan,0.0000000000,0.0000000000,0.0000000000,0.0000000000,nan,nan,nan,nan,nan,nan,nan,nan,nan,nan,nan,nan,nan,-0.0099359853,-0.0001492416,-0.0010622126,-0.0021115239,-0.0001069494,-0.0001243482,0.0058506019,-0.0038548543,-0.0283092950,0.0000000000,0.0000000000,0.0000000000,0.0000000000,0.0000000000,0.0439671762,3.8949999809,3.8956012726,nan,nan,nan,nan,nan,nan,nan,nan,nan,nan,nan,nan,nan,-0.0637422651,-0.0024531640,0.9973365664,-0.2140924335,-0.2461414635,0.1195119545
-0.0188203249,0.1029789820,0.0909154192,0.0000000000,0.0664332044,0.0000000000,nan,nan,nan,nan,0.0000000000,0.0000000000,0.0000000000,0.0000000000,nan,nan,nan,nan,nan,nan,nan,nan,nan,nan,nan,nan,nan,-0.0124213407,-0.0007891629,-0.0023036147,-0.0021115239,-0.0001069494,-0.0001243482,0.0058506019,-0.0038548543,-0.0283092950,0.0000000000,0.0000000000,0.0000000000,0.0000000000,0.0000000000,0.0439671762,3.8949999809,3.8956012726,nan,nan,nan,nan,nan,nan,nan,nan,nan,nan,nan,nan,nan,-0.0637422651,-0.0024531640,0.9973365664,-0.2140924335,-0.2461414635,0.1195119545
-0.0194292217,0.1029450148,0.0908100903,0.0000000000,0.0664332044,0.0000000000,nan,nan,nan,nan,0.0000000000,0.0000000000,0.0000000000,0.0000000000,nan,nan,nan,nan,nan,nan,nan,nan,nan,nan,nan,nan,nan,-0.0124213407,-0.0007891629,-0.0023036147,-0.0021115239,-0.0001069494,-0.0001243482,0.0091008041,-0.0119860629,-0.0084346086,0.0000000000,0.0000000000,0.0000000000,0.0000000000,0.0000000000,0.0439671762,3.8949999809,3.8956012726,nan,nan,nan,nan,nan,nan,nan,nan,nan,nan,nan,nan,nan,-0.0663872883,0.0005991307,0.9989467859,-0.0421918035,-0.0062261699,-0.1660656035
-0.0194292217,0.1029450148,0.0908100903,0.0000000000,0.0664332044,0.0000000000,nan,nan,nan,nan,0.0000000000,0.0000000000,0.0000000000,0.0000000000,nan,nan,nan,nan,nan,nan,nan,nan,nan,nan,nan,nan,nan,-0.0151302973,-0.0008223716,-0.0023566135,-0.0052317870,-0.0002624370,-0.0007421477,0.0091008041,-0.0119860629,-0.0084346086,0.0000000000,0.0000000000,0.0000000000,0.0000000000,0.0000000000,0.0439671762,3.8949999809,3.8956012726,nan,nan,nan,nan,nan,nan,nan,nan,nan,nan,nan,nan,nan,-0.0663872883,0.0005991307,0.9989467859,-0.0421918035,-0.0062261699,-0.1660656035
-0.0184266157,0.1029825583,0.0909643322,0.0000000000,0.0664332044,0.0000000000,nan,nan,nan,nan,0.0000000000,0.0000000000,0.0000000000,0.0000000000,nan,nan,nan,nan,nan,nan,nan,nan,nan,nan,nan,nan,nan,-0.0151302973,-0.0008223716,-0.0023566135,-0.0052317870,-0.0002624370,-0.0007421477,0.0091008041,-0.0119860629,-0.0084346086,0.0000000000,0.0000000000,0.0000000000,0.0000000000,0.0000000000,0.0435444564,3.8949999809,3.8956012726,nan,nan,nan,nan,nan,nan,nan,nan,nan,nan,nan,nan,nan,-0.0648429468,-0.0027586755,0.9982249737,-0.0269984491,0.0238958895,-0.0245443210
-0.0184266157,0.1029825583,0.0909643322,0.0000000000,0.0664332044,0.0000000000,nan,nan,nan,nan,0.0000000000,0.0000000000,0.0000000000,0.0000000000,nan,nan,nan,nan,nan,nan,nan,nan,nan,nan,nan,nan,nan,-0.0151302973,-0.0008223716,-0.0023566135,0.0023130861,0.0000219274,0.0004381306,0.0100825448,-0.0007403801,0.0050940947,0.0000000000,0.0000000000,0.0000000000,0.0000000000,0.0000000000,0.0435444564,3.8949999809,3.8956012726,nan,nan,nan,nan,nan,nan,nan,nan,nan,nan,nan,nan,nan,-0.0648429468,-0.0027586755,0.9982249737,-0.0269984491,0.0238958895,-0.0245443210
-0.0184266157,0.1029825583,0.0909643322,0.0000000000,0.0664332044,0.0000000000,nan,nan,nan,nan,0.0000000000,0.0000000000,0.0000000000,0.0000000000,nan,nan,nan,nan,nan,nan,nan,nan,nan,nan,nan,nan,nan,-0.0087581100,-0.0006856785,-0.0011544990,0.0023130861,0.0000219274,0.0004381306,0.0100825448,-0.0007403801,0.0050940947,0.0000000000,0.0000000000,0.0000000000,0.0000000000,0.0000000000,0.0435444564,3.8949999809,3.8956012726,nan,nan,nan,nan,nan,nan,nan,nan,nan,nan,nan,nan,nan,-0.0648429468,-0.0027586755,0.9982249737,-0.0269984491,0.0238958895,-0.0245443210
-0.0188575983,0.1029528379,0.0909065157,0.0000000000,0.0664332044,0.0000000000,nan,nan,nan,nan,0.0000000000,0.0000000000,0.0000000000,0.0000000000,nan,nan,nan,nan,nan,nan,nan,nan,nan,nan,nan,nan,nan,-0.0087581100,-0.0006856785,-0.0011544990,0.0023130861,0.0000219274,0.0004381306,0.0077775721,-0.0093396166,0.0161149278,0.0000000000,0.0000000000,0.0000000000,0.0000000000,0.0000000000,0.0435444564,3.8949999809,3.8956012726,nan,nan,nan,nan,nan,nan,nan,nan,nan,nan,nan,nan,nan,-0.0647585019,0.0004691033,0.9972698092,-0.1224687323,0.2549205720,0.0857360512
-0.0188575983,0.1029528379,0.0909065157,0.0000000000,0.0664332044,0.0000000000,nan,nan,nan,nan,0.0000000000,0.0000000000,0.0000000000,0.0000000000,nan,nan,nan,nan,nan,nan,nan,nan,nan,nan,nan,nan,nan,-0.0115136672,-0.0006729626,-0.0010640530,-0.0009503551,-0.0001634880,-0.0000114714,0.0077775721,-0.0093396166,0.0161149278,0.0000000000,0.0000000000,0.0000000000,0.0000000000,0.0000000000,0.0435444564,3.8949999809,3.8956012726,nan,nan,nan,nan,nan,nan,nan,nan,nan,nan,nan,nan,nan,-0.0647585019,0.0004691033,0.9972698092,-0.1224687323,0.2549205720,0.0857360512
-0.0194199737,0.1029201075,0.0908451453,0.0000000000,0.0664332044,0.0000000000,nan,nan,nan,nan,0.0000000000,0.0000000000,0.0000000000,0.0000000000,nan,nan,nan,nan,nan,nan,nan,nan,nan,nan,nan,nan,nan,-0.0115136672,-0.0006729626,-0.0010640530,-0.0009503551,-0.0001634880,-0.0000114714,0.0077775721,-0.0093396166,0.0161149278,0.0000000000,0.0000000000,0.0000000000,0.0000000000,0.0000000000,0.0407681093,3.8949999809,3.8956012726,nan,nan,nan,nan,nan,nan,nan,nan,nan,nan,nan,nan,nan,-0.0654952601,-0.0026455189,0.9998425841,-0.2117478400,-0.1002131477,-0.3132026494
-0.0194199737,0.1029201075,0.0908451453,0.0000000000,0.0664332044,0.0000000000,nan,nan,nan,nan,0.0000000000,0.0000000000,0.0000000000,0.0000000000,nan,nan,nan,nan,nan,nan,nan,nan,nan,nan,nan,nan,nan,-0.0076764612,-0.0006979468,-0.0000513075,0.0035997143,0.0001145550,0.0005834948,-0.0061674551,0.0009718483,0.0177942477,0.0000000000,0.0000000000,0.0000000000,0.0000000000,0.0000000000,0.0407681093,3.8949999809,3.8956012726,nan,nan,nan,nan,nan,nan,nan,nan,nan,nan,nan,nan,nan,-0.0654952601,-0.0026455189,0.9998425841,-0.2117478400,-0.1002131477,-0.3132026494
-0.0194199737,0.1029201075,0.0908451453,0.0000000000,0.0664332044,0.0000000000,nan,nan,nan,nan,0.0000000000,0.0000000000,0.0000000000,0.0000000000,nan,nan,nan,nan,nan,nan,nan,nan,nan,nan,nan,nan,nan,-0.0076764612,-0.0006979468,-0.0000513075,0.0035997143,0.0001145550,0.0005834948,-0.0061674551,0.0009718483,0.0177942477,0.0000000000,0.0000000000,0.0000000000,0.0000000000,0.0000000000,0.0407681093,3.8949999809,3.8956012726,nan,nan,nan,nan,nan,nan,nan,nan,nan,nan,nan,nan,nan,-0.0654952601,-0.0026455189,0.9998425841,-0.2117478400,-0.1002131477,-0.3132026494
-0.0186506696,0.1029512808,0.0909716561,0.0000000000,0.0664332044,0.0000000000,nan,nan,nan,nan,0.0000000000,0.0000000000,0.0000000000,0.0000000000,nan,nan,nan,nan,nan,nan,nan,nan,nan,nan,nan,nan,nan,-0.0076764612,-0.0006979468,-0.0000513075,0.0035997143,0.0001145550,0.0005834948,0.0057382490,-0.0102965841,0.0103332000,0.0000000000,0.0000000000,0.0000000000,0.0000000000,0.0000000000,0.0407681093,3.8949999809,3.8956012726,nan,nan,nan,nan,nan,nan,nan,nan,nan,nan,nan,nan,nan,-0.0657320693,-0.0014212559,0.9979740977,0.1162445918,-0.1759090722,0.0940195993
-0.0186506696,0.1029512808,0.0909716561,0.0000000000,0.0664332044,0.0000000000,nan,nan,nan,nan,0.0000000000,0.0000000000,0.0000000000,0.0000000000,nan,nan,nan,nan,nan,nan,nan,nan,nan,nan,nan,nan,nan,-0.0100702578,-0.0011016512,0.0002304251,0.0003060137,-0.0001828700,0.0004161310,0.0057382490,-0.0102965841,0.0103332000,0.0000000000,0.0000000000,0.0000000000,0.0000000000,0.0000000000,0.0407681093,3.8949999809,3.8956012726,nan,nan,nan,nan,nan,nan,nan,nan,nan,nan,nan,nan,nan,-0.0657320693,-0.0014212559,0.9979740977,0.1162445918,-0.1759090722,0.0940195993
-0.0180805847,0.1029918119,0.0910034105,0.0000000000,0.0664332044,0.0000000000,nan,nan,nan,nan,0.0000000000,0.0000000000,0.0000000000,0.0000000000,nan,nan,nan,nan,nan,nan,nan,nan,nan,nan,nan,nan,nan,-0.0100702578,-0.0011016512,0.0002304251,0.0003060137,-0.0001828700,0.0004161310,0.0057382490,-0.0102965841,0.0103332000,0.0000000000,0.0000000000,0.0000000000,0.0000000000,0.0000000000,0.0390777774,3.8949999809,3.8956012726,nan,nan,nan,nan,nan,nan,nan,nan,nan,nan,nan,nan,nan,-0.0640295297,-0.0015244709,0.9971306324,0.0292009488,-0.0204818472,-0.1142769456
-0.0180805847,0.1029918119,0.0910034105,0.0000000000,0.0664332044,0.0000000000,nan,nan,nan,nan,0.0000000000,0.0000000000,0.0000000000,0.0000000000,nan,nan,nan,nan,nan,nan,nan,nan,nan,nan,nan,nan,nan,-0.0100702578,-0.0011016512,0.0002304251,0.0035349790,0.0001280755,0.0004863122,0.0145776914,-0.0008962871,-0.0091046998,0.0000000000,0.0000000000,0.0000000000,0.0000000000,0.0000000000,0.0390777774,3.8949999809,3.8956012726,nan,nan,nan,nan,nan,nan,nan,nan,nan,nan,nan,nan,nan,-0.0640295297,-0.0015244709,0.9971306324,0.0292009488,-0.0204818472,-0.1142769456
-0.0180805847,0.1029918119,0.0910034105,0.0000000000,0.0664332044,0.0000000000,nan,nan,nan,nan,0.0000000000,0.0000000000,0.0000000000,0.0000000000,nan,nan,nan,nan,nan,nan,nan,nan,nan,nan,nan,nan,nan,-0.0075367000,-0.0009664550,-0.0002398035,0.0035349790,0.0001280755,0.0004863122,0.0145776914,-0.0008962871,-0.0091046998,0.0000000000,0.0000000000,0.0000000000,0.0000000000,0.0000000000,0.0390777774,3.8949999809,3.8956012726,nan,nan,nan,nan,nan,nan,nan,nan,nan,nan,nan,nan,nan,-0.0640295297,-0.0015244709,0.9971306324,0.0292009488,-0.0204818472,-0.1142769456
-0.0184445884,0.1029483825,0.0909924060,0.0000000000,0.0664332044,0.0000000000,nan,nan,nan,nan,0.0000000000,0.0000000000,0.0000000000,0.0000000000,nan,nan,nan,nan,nan,nan,nan,nan,nan,nan,nan,nan,nan,-0.0075367000,-0.0009664550,-0.0002398035,0.0035349790,0.0001280755,0.0004863122,-0.0061933082,0.0050181937,-0.0209961832,0.0000000000,0.0000000000,0.0000000000,0.0000000000,0.0000000000,0.0390777774,3.8949999809,3.8956012726,nan,nan,nan,nan,nan,nan,nan,nan,nan,nan,nan,nan,nan,-0.0646838620,-0.0002505378,0.9979177713,0.0746590421,-0.0240127407,-0.0142849442
-0.0184445884,0.1029483825,0.0909924060,0.0000000000,0.0664332044,0.0000000000,nan,nan,nan,nan,0.0000000000,0.0000000000,0.0000000000,0.0000000000,nan,nan,nan,nan,nan,nan,nan,nan,nan,nan,nan,nan,nan,-0.0097490717,-0.0008438209,-0.0012728800,0.0003961414,-0.0001651917,0.0001689500,-0.0061933082,0.0050181937,-0.0209961832,0.0000000000,0.0000000000,0.0000000000,0.0000000000,0.0000000000,0.0390777774,3.8949999809,3.8956012726,nan,nan,nan,nan,nan,nan,nan,nan,nan,nan,nan,nan,nan,-0.0646838620,-0.0002505378,0.9979177713,0.0746590421,-0.0240127407,-0.0142849442
-0.0189161208,0.1029024646,0.0909314752,0.0000000000,0.0664332044,0.0000000000,nan,nan,nan,nan,0.0000000000,0.0000000000,0.0000000000,0.0000000000,nan,nan,nan,nan,nan,nan,nan,nan,nan,nan,nan,nan,nan,-0.0097490717,-0.0008438209,-0.0012728800,0.0003961414,-0.0001651917,0.0001689500,-0.0061933082,0.0050181937,-0.0209961832,0.0000000000,0.0000000000,0.0000000000,0.0000000000,0.0000000000,0.0384041667,3.8949999809,3.8956012726,nan,nan,nan,nan,nan,nan,nan,nan,nan,nan,nan,nan,nan,-0.0653548762,0.0001069730,0.9964313507,-0.2787128985,-0.1354370117,0.1897620708
-0.0189161208,0.1029024646,0.0909314752,0.0000000000,0.0664332044,0.0000000000,nan,nan,nan,nan,0.0000000000,0.0000000000,0.0000000000,0.0000000000,nan,nan,nan,nan,nan,nan,nan,nan,nan,nan,nan,nan,nan,-0.0091180317,-0.0003839860,-0.0014467249,0.0011821896,0.0000294609,0.0000702937,-0.0026256195,-0.0002803839,-0.0211599041,0.0000000000,0.0000000000,0.0000000000,0.0000000000,0.0000000000,0.0384041667,3.8949999809,3.8956012726,nan,nan,nan,nan,nan,nan,nan,nan,nan,nan,nan,nan,nan,-0.0653548762,0.0001069730,0.9964313507,-0.2787128985,-0.1354370117,0.1897620708
-0.0189161208,0.1029024646,0.0909314752,0.0000000000,0.0664332044,0.0000000000,nan,nan,nan,nan,0.0000000000,0.0000000000,0.0000000000,0.0000000000,nan,nan,nan,nan,nan,nan,nan,nan,nan,nan,nan,nan,nan,-0.0091180317,-0.0003839860,-0.0014467249,0.0011821896,0.0000294609,0.0000702937,-0.0026256195,-0.0002803839,-0.0211599041,0.0000000000,0.0000000000,0.0000000000,0.0000000000,0.0000000000,0.0384041667,3.8949999809,3.8956012726,nan,nan,nan,nan,nan,nan,nan,nan,nan,nan,nan,nan,nan,-0.0653548762,0.0001069730,0.9964313507,-0.2787128985,-0.1354370117,0.1897620708
-0.0187483616,0.1029430553,0.0909160599,0.0000000000,0.0664332044,0.0000000000,nan,nan,nan,nan,0.0000000000,0.0000000000,0.0000000000,0.0000000000,nan,nan,nan,nan,nan,nan,nan,nan,nan,nan,nan,nan,nan,-0.0091180317,-0.0003839860,-0.0014467249,0.0011821896,0.0000294609,0.0000702937,0.0023209644,-0.0071730688,-0.0155664580,0.0000000000,0.0000000000,0.0000000000,0.0000000000,0.0000000000,0.0384041667,3.8949999809,3.8956012726,nan,nan,nan,nan,nan,nan,nan,nan,nan,nan,nan,nan,nan,-0.0649421513,-0.0004432897,0.9972288609,0.0814586207,0.3599345088,0.1956359148
-0.0187483616,0.1029430553,0.0909160599,0.0000000000,0.0664332044,0.0000000000,nan,nan,nan,nan,0.0000000000,0.0000000000,0.0000000000,0.0000000000,nan,nan,nan,nan,nan,nan,nan,nan,nan,nan,nan,nan,nan,-0.0117450217,-0.0002389260,-0.0021118233,-0.0018482270,-0.0000750320,-0.0003986756,0.0023209644,-0.0071730688,-0.0155664580,0.0000000000,0.0000000000,0.0000000000,0.0000000000,0.0000000000,0.0384041667,3.8949999809,3.8956012726,nan,nan,nan,nan,nan,nan,nan,nan,nan,nan,nan,nan,nan,-0.0649421513,-0.0004432897,0.9972288609,0.0814586207,0.3599345088,0.1956359148
-0.0193204843,0.1029306129,0.0908101574,0.0000000000,0.0664332044,0.0000000000,nan,nan,nan,nan,0.0000000000,0.0000000000,0.0000000000,0.0000000000,nan,nan,nan,nan,nan,nan,nan,nan,nan,nan,nan,nan,nan,-0.0117450217,-0.0002389260,-0.0021118233,-0.0018482270,-0.0000750320,-0.0003986756,0.0023209644,-0.0071730688,-0.0155664580,0.0000000000,0.0000000000,0.0000000000,0.0000000000,0.0000000000,0.0414530262,3.8949999809,3.8956012726,nan,nan,nan,nan,nan,nan,nan,nan,nan,nan,nan,nan,nan,-0.0667484701,-0.0022122741,0.9965823889,0.0814586207,0.3599345088,0.1956359148
-0.0193204843,0.1029306129,0.0908101574,0.0000000000,0.0664332044,0.0000000000,nan,nan,nan,nan,0.0000000000,0.0000000000,0.0000000000,0.0000000000,nan,nan,nan,nan,nan,nan,nan,nan,nan,nan,nan,nan,nan,-0.0117450217,-0.0002389260,-0.0021118233,-0.0047593345,-0.0001101189,-0.0009724193,-0.0029270444,0.0063748881,-0.0151033588,0.0000000000,0.0000000000,0.0000000000,0.0000000000,0.0000000000,0.0414530262,3.8949999809,3.8956012726,nan,nan,nan,nan,nan,nan,nan,nan,nan,nan,nan,nan,nan,-0.0667484701,-0.0022122741,0.9965823889,-0.1520801336,-0.1840238571,0.1636251360
-0.0193204843,0.1029306129,0.0908101574,0.0000000000,0.0664332044,0.0000000000,nan,nan,nan,nan,0.0000000000,0.0000000000,0.0000000000,0.0000000000,nan,nan,nan,nan,nan,nan,nan,nan,nan,nan,nan,nan,nan,-0.0146436254,-0.0000051895,-0.0028700212,-0.0047593345,-0.0001101189,-0.0009724193,-0.0029270444,0.0063748881,-0.0151033588,0.0000000000,0.0000000000,0.0000000000,0.0000000000,0.0000000000,0.0414530262,3.8949999809,3.8956012726,nan,nan,nan,nan,nan,nan,nan,nan,nan,nan,nan,nan,nan,-0.0667484701,-0.0022122741,0.9965823889,-0.1520801336,-0.1840238571,0.1636251360
-0.0200371817,0.1029255614,0.0906626508,0.0000000000,0.0664332044,0.0000000000,nan,nan,nan,nan,0.0000000000,0.0000000000,0.0000000000,0.0000000000,nan,nan,nan,nan,nan,nan,nan,nan,nan,nan,nan,nan,nan,-0.0146436254,-0.0000051895,-0.0028700212,-0.0047593345,-0.0001101189,-0.0009724193,-0.0032849559,0.0097821523,-0.0120359091,0.0000000000,0.0000000000,0.0000000000,0.0000000000,0.0000000000,0.0414530262,3.8949999809,3.8956012726,nan,nan,nan,nan,nan,nan,nan,nan,nan,nan,nan,nan,nan,-0.0646516681,-0.0007144736,0.9963505268,-0.3566578031,-0.1682378501,0.0255271215
-0.0200371817,0.1029255614,0.0906626508,0.0000000000,0.0664332044,0.0000000000,nan,nan,nan,nan,0.0000000000,0.0000000000,0.0000000000,0.0000000000,nan,nan,nan,nan,nan,nan,nan,nan,nan,nan,nan,nan,nan,-0.0173701849,0.0000554269,-0.0035387694,-0.0077594081,-0.0000826423,-0.0016047647,-0.0032849559,0.0097821523,-0.0120359091,0.0000000000,0.0000000000,0.0000000000,0.0000000000,0.0000000000,0.0414530262,3.8949999809,3.8956012726,nan,nan,nan,nan,nan,nan,nan,nan,nan,nan,nan,nan,nan,-0.0646516681,-0.0007144736,0.9963505268,-0.3566578031,-0.1682378501,0.0255271215
-0.0208913609,0.1029262245,0.0904825926,0.0000000000,0.0664332044,0.0000000000,nan,nan,nan,nan,0.0000000000,0.0000000000,0.0000000000,0.0000000000,nan,nan,nan,nan,nan,nan,nan,nan,nan,nan,nan,nan,nan,-0.0173701849,0.0000554269,-0.0035387694,-0.0077594081,-0.0000826423,-0.0016047647,-0.0032849559,0.0097821523,-0.0120359091,0.0000000000,0.0000000000,0.0000000000,0.0000000000,0.0000000000,0.0464626104,3.8949999809,3.8956012726,nan,nan,nan,nan,nan,nan,nan,nan,nan,nan,nan,nan,nan,-0.0661607534,-0.0020581945,0.9980457425,0.0633918494,-0.1719110608,-0.0141799161
-0.0208913609,0.1029262245,0.0904825926,0.0000000000,0.0664332044,0.0000000000,nan,nan,nan,nan,0.0000000000,0.0000000000,0.0000000000,0.0000000000,nan,nan,nan,nan,nan,nan,nan,nan,nan,nan,nan,nan,nan,-0.0173701849,0.0000554269,-0.0035387694,0.0071497448,0.0003700926,0.0009998541,-0.0006438456,0.0009364627,0.0037153210,0.0000000000,0.0000000000,0.0000000000,0.0000000000,0.0000000000,0.0464626104,3.8949999809,3.8956012726,nan,nan,nan,nan,nan,nan,nan,nan,nan,nan,nan,nan,nan,-0.0661607534,-0.0020581945,0.9980457425,0.0633918494,-0.1719110608,-0.0141799161
-0.0208913609,0.1029262245,0.0904825926,0.0000000000,0.0664332044,0.0000000000,nan,nan,nan,nan,0.0000000000,0.0000000000,0.0000000000,0.0000000000,nan,nan,nan,nan,nan,nan,nan,nan,nan,nan,nan,nan,nan,-0.0066422727,0.0000824534,-0.0016799248,0.0071497448,0.0003700926,0.0009998541,-0.0006438456,0.0009364627,0.0037153210,0.0000000000,0.0000000000,0.0000000000,0.0000000000,0.0000000000,0.0464626104,3.8949999809,3.8956012726,nan,nan,nan,nan,nan,nan,nan,nan,nan,nan,nan,nan,nan,-0.0661607534,-0.0020581945,0.9980457425,0.0633918494,-0.1719110608,-0.0141799161
-0.0183469336,0.1030090824,0.0909118131,0.0000000000,0.0664332044,0.0000000000,nan,nan,nan,nan,0.0000000000,0.0000000000,0.0000000000,0.0000000000,nan,nan,nan,nan,nan,nan,nan,nan,nan,nan,nan,nan,nan,-0.0066422727,0.0000824534,-0.0016799248,0.0071497448,0.0003700926,0.0009998541,0.0233420245,-0.0046478449,-0.0023429794,0.0000000000,0.0000000000,0.0000000000,0.0000000000,0.0000000000,0.0464626104,3.8949999809,3.8956012726,nan,nan,nan,nan,nan,nan,nan,nan,nan,nan,nan,nan,nan,-0.0655644238,-0.0027316501,0.9977391958,0.1476784497,0.0521682687,0.0910573378
-0.0183469336,0.1030090824,0.0909118131,0.0000000000,0.0664332044,0.0000000000,nan,nan,nan,nan,0.0000000000,0.0000000000,0.0000000000,0.0000000000,nan,nan,nan,nan,nan,nan,nan,nan,nan,nan,nan,nan,nan,-0.0083766859,0.0002872156,-0.0021941834,0.0032238711,0.0003364866,0.0001903627,0.0233420245,-0.0046478449,-0.0023429794,0.0000000000,0.0000000000,0.0000000000,0.0000000000,0.0000000000,0.0464626104,3.8949999809,3.8956012726,nan,nan,nan,nan,nan,nan,nan,nan,nan,nan,nan,nan,nan,-0.0655644238,-0.0027316501,0.9977391958,0.1476784497,0.0521682687,0.0910573378
-0.0187580343,0.1030240357,0.0907994881,0.0000000000,0.0664332044,0.0000000000,nan,nan,nan,nan,0.0000000000,0.0000000000,0.0000000000,0.0000000000,nan,nan,nan,nan,nan,nan,nan,nan,nan,nan,nan,nan,nan,-0.0083766859,0.0002872156,-0.0021941834,0.0032238711,0.0003364866,0.0001903627,0.0233420245,-0.0046478449,-0.0023429794,0.0000000000,0.0000000000,0.0000000000,0.0000000000,0.0000000000,0.0478430837,3.8949999809,3.8956012726,nan,nan,nan,nan,nan,nan,nan,nan,nan,nan,nan,nan,nan,-0.0647637621,0.0001151340,0.9984250069,0.1476784497,0.0521682687,0.0910573378
-0.0187580343,0.1030240357,0.0907994881,0.0000000000,0.0664332044,0.0000000000,nan,nan,nan,nan,0.0000000000,0.0000000000,0.0000000000,0.0000000000,nan,nan,nan,nan,nan,nan,nan,nan,nan,nan,nan,nan,nan,-0.0072496952,0.0004152277,-0.0010642988,0.0035085869,0.0002279189,0.0005837298,0.0066325539,0.0121418536,0.0296196565,0.0000000000,0.0000000000,0.0000000000,0.0000000000,0.0000000000,0.0478430837,3.8949999809,3.8956012726,nan,nan,nan,nan,nan,nan,nan,nan,nan,nan,nan,nan,nan,-0.0647637621,0.0001151340,0.9984250069,0.3259395659,-0.0880446732,-0.1731700897
-0.0187580343,0.1030240357,0.0907994881,0.0000000000,0.0664332044,0.0000000000,nan,nan,nan,nan,0.0000000000,0.0000000000,0.0000000000,0.0000000000,nan,nan,nan,nan,nan,nan,nan,nan,nan,nan,nan,nan,nan,-0.0072496952,0.0004152277,-0.0010642988,0.0035085869,0.0002279189,0.0005837298,0.0066325539,0.0121418536,0.0296196565,0.0000000000,0.0000000000,0.0000000000,0.0000000000,0.0000000000,0.0478430837,3.8949999809,3.8956012726,nan,nan,nan,nan,nan,nan,nan,nan,nan,nan,nan,nan,nan,-0.0647637621,0.0001151340,0.9984250069,0.3259395659,-0.0880446732,-0.1731700897
-0.0185757596,0.1030292958,0.0908971205,0.0000000000,0.0664332044,0.0000000000,nan,nan,nan,nan,0.0000000000,0.0000000000,0.0000000000,0.0000000000,nan,nan,nan,nan,nan,nan,nan,nan,nan,nan,nan,nan,nan,-0.0072496952,0.0004152277,-0.0010642988,0.0035085869,0.0002279189,0.0005837298,0.0068026939,0.0058177141,-0.0023195907,0.0000000000,0.0000000000,0.0000000000,0.0000000000,0.0000000000,0.0478430837,3.8949999809,3.8956012726,nan,nan,nan,nan,nan,nan,nan,nan,nan,nan,nan,nan,nan,-0.0639609322,-0.0001081462,0.9977087379,0.0662809163,0.1116241142,0.1267329156
-0.0185757596,0.1030292958,0.0908971205,0.0000000000,0.0664332044,0.0000000000,nan,nan,nan,nan,0.0000000000,0.0000000000,0.0000000000,0.0000000000,nan,nan,nan,nan,nan,nan,nan,nan,nan,nan,nan,nan,nan,-0.0087403441,0.0009944835,-0.0013047708,0.0004393033,0.0003557548,0.0000888183,0.0068026939,0.0058177141,-0.0023195907,0.0000000000,0.0000000000,0.0000000000,0.0000000000,0.0000000000,0.0478430837,3.8949999809,3.8956012726,nan,nan,nan,nan,nan,nan,nan,nan,nan,nan,nan,nan,nan,-0.0639609322,-0.0001081462,0.9977087379,0.0662809163,0.1116241142,0.1267329156
-0.0190260224,0.1030754671,0.0908273011,0.0000000000,0.0664332044,0.0000000000,nan,nan,nan,nan,0.0000000000,0.0000000000,0.0000000000,0.0000000000,nan,nan,nan,nan,nan,nan,nan,nan,nan,nan,nan,nan,nan,-0.0087403441,0.0009944835,-0.0013047708,0.0004393033,0.0003557548,0.0000888183,0.0068026939,0.0058177141,-0.0023195907,0.0000000000,0.0000000000,0.0000000000,0.0000000000,0.0000000000,0.0492769331,3.8949999809,3.8956012726,nan,nan,nan,nan,nan,nan,nan,nan,nan,nan,nan,nan,nan,-0.0648694560,-0.0000581032,0.9955984950,0.0613885075,0.1898394227,0.2323685884
-0.0190260224,0.1030754671,0.0908273011,0.0000000000,0.0664332044,0.0000000000,nan,nan,nan,nan,0.0000000000,0.0000000000,0.0000000000,0.0000000000,nan,nan,nan,nan,nan,nan,nan,nan,nan,nan,nan,nan,nan,-0.0058264802,0.0005345389,-0.0006353721,0.0044103069,0.0000054431,0.0008104427,0.0096431710,0.0090791723,-0.0116616869,0.0000000000,0.0000000000,0.0000000000,0.0000000000,0.0000000000,0.0492769331,3.8949999809,3.8956012726,nan,nan,nan,nan,nan,nan,nan,nan,nan,nan,nan,nan,nan,-0.0648694560,-0.0000581032,0.9955984950,0.0613885075,0.1898394227,0.2323685884
-0.0190260224,0.1030754671,0.0908273011,0.0000000000,0.0664332044,0.0000000000,nan,nan,nan,nan,0.0000000000,0.0000000000,0.0000000000,0.0000000000,nan,nan,nan,nan,nan,nan,nan,nan,nan,nan,nan,nan,nan,-0.0058264802,0.0005345389,-0.0006353721,0.0044103069,0.0000054431,0.0008104427,0.0096431710,0.0090791723,-0.0116616869,0.0000000000,0.0000000000,0.0000000000,0.0000000000,0.0000000000,0.0492769331,3.8949999809,3.8956012726,nan,nan,nan,nan,nan,nan,nan,nan,nan,nan,nan,nan,nan,-0.0648694560,-0.0000581032,0.9955984950,0.0613885075,0.1898394227,0.2323685884
-0.0182723831,0.1030222625,0.0909684822,0.0000000000,0.0664332044,0.0000000000,nan,nan,nan,nan,0.0000000000,0.0000000000,0.0000000000,0.0000000000,nan,nan,nan,nan,nan,nan,nan,nan,nan,nan,nan,nan,nan,-0.0058264802,0.0005345389,-0.0006353721,0.0044103069,0.0000054431,0.0008104427,-0.0115376990,0.0175187215,-0.0262955148,0.0000000000,0.0000000000,0.0000000000,0.0000000000,0.0000000000,0.0492769331,3.8949999809,3.8956012726,nan,nan,nan,nan,nan,nan,nan,nan,nan,nan,nan,nan,nan,-0.0643654987,0.0002418755,0.9952428341,0.0094195362,-0.2827584743,0.1700003743
-0.0182723831,0.1030222625,0.0909684822,0.0000000000,0.0664332044,0.0000000000,nan,nan,nan,nan,0.0000000000,0.0000000000,0.0000000000,0.0000000000,nan,nan,nan,nan,nan,nan,nan,nan,nan,nan,nan,nan,nan,-0.0074870274,0.0006157154,-0.0014234210,0.0014479391,0.0001314957,0.0003318925,-0.0115376990,0.0175187215,-0.0262955148,0.0000000000,0.0000000000,0.0000000000,0.0000000000,0.0000000000,0.0492769331,3.8949999809,3.8956012726,nan,nan,nan,nan,nan,nan,nan,nan,nan,nan,nan,nan,nan,-0.0643654987,0.0002418755,0.9952428341,0.0094195362,-0.2827584743,0.1700003743
-0.0186574403,0.1030469313,0.0908917338,0.0000000000,0.0664332044,0.0000000000,nan,nan,nan,nan,0.0000000000,0.0000000000,0.0000000000,0.0000000000,nan,nan,nan,nan,nan,nan,nan,nan,nan,nan,nan,nan,nan,-0.0074870274,0.0006157154,-0.0014234210,0.0014479391,0.0001314957,0.0003318925,-0.0115376990,0.0175187215,-0.0262955148,0.0000000000,0.0000000000,0.0000000000,0.0000000000,0.0000000000,0.0456830934,3.8949999809,3.8956012726,nan,nan,nan,nan,nan,nan,nan,nan,nan,nan,nan,nan,nan,-0.0648560748,-0.0026629036,0.9984910488,0.0073195887,-0.2114375234,-0.1502070129
-0.0186574403,0.1030469313,0.0908917338,0.0000000000,0.0664332044,0.0000000000,nan,nan,nan,nan,0.0000000000,0.0000000000,0.0000000000,0.0000000000,nan,nan,nan,nan,nan,nan,nan,nan,nan,nan,nan,nan,nan,-0.0074870274,0.0006157154,-0.0014234210,0.0018884514,-0.0000185586,0.0003768028,-0.0068498426,0.0092204129,-0.0057495674,0.0000000000,0.0000000000,0.0000000000,0.0000000000,0.0000000000,0.0456830934,3.8949999809,3.8956012726,nan,nan,nan,nan,nan,nan,nan,nan,nan,nan,nan,nan,nan,-0.0648560748,-0.0026629036,0.9984910488,0.0073195887,-0.2114375234,-0.1502070129
-0.0186574403,0.1030469313,0.0908917338,0.0000000000,0.0664332044,0.0000000000,nan,nan,nan,nan,0.0000000000,0.0000000000,0.0000000000,0.0000000000,nan,nan,nan,nan,nan,nan,nan,nan,nan,nan,nan,nan,nan,-0.0077504744,-0.0001075340,-0.0013624852,0.0018884514,-0.0000185586,0.0003768028,-0.0068498426,0.0092204129,-0.0057495674,0.0000000000,0.0000000000,0.0000000000,0.0000000000,0.0000000000,0.0456830934,3.8949999809,3.8956012726,nan,nan,nan,nan,nan,nan,nan,nan,nan,nan,nan,nan,nan,-0.0648560748,-0.0026629036,0.9984910488,0.0073195887,-0.2114375234,-0.1502070129
-0.0185571108,0.1030131578,0.0909168795,0.0000000000,0.0664332044,0.0000000000,nan,nan,nan,nan,0.0000000000,0.0000000000,0.0000000000,0.0000000000,nan,nan,nan,nan,nan,nan,nan,nan,nan,nan,nan,nan,nan,-0.0077504744,-0.0001075340,-0.0013624852,0.0018884514,-0.0000185586,0.0003768028,0.0130383894,-0.0123831062,-0.0163394604,0.0000000000,0.0000000000,0.0000000000,0.0000000000,0.0000000000,0.0456830934,3.8949999809,3.8956012726,nan,nan,nan,nan,nan,nan,nan,nan,nan,nan,nan,nan,nan,-0.0645244569,-0.0012552557,0.9965897202,-0.0118162837,-0.2832106352,0.2135686427
-0.0185571108,0.1030131578,0.0909168795,0.0000000000,0.0664332044,0.0000000000,nan,nan,nan,nan,0.0000000000,0.0000000000,0.0000000000,0.0000000000,nan,nan,nan,nan,nan,nan,nan,nan,nan,nan,nan,nan,nan,-0.0097590350,-0.0000855024,-0.0016198076,-0.0009549269,-0.0000222733,-0.0001068068,0.0130383894,-0.0123831062,-0.0163394604,0.0000000000,0.0000000000,0.0000000000,0.0000000000,0.0000000000,0.0456830934,3.8949999809,3.8956012726,nan,nan,nan,nan,nan,nan,nan,nan,nan,nan,nan,nan,nan,-0.0645244569,-0.0012552557,0.9965897202,-0.0118162837,-0.2832106352,0.2135686427
-0.0190562773,0.1030104235,0.0908235833,0.0000000000,0.0664332044,0.0000000000,nan,nan,nan,nan,0.0000000000,0.0000000000,0.0000000000,0.0000000000,nan,nan,nan,nan,nan,nan,nan,nan,nan,nan,nan,nan,nan,-0.0097590350,-0.0000855024,-0.0016198076,-0.0009549269,-0.0000222733,-0.0001068068,0.0130383894,-0.0123831062,-0.0163394604,0.0000000000,0.0000000000,0.0000000000,0.0000000000,0.0000000000,0.0461857617,3.8949999809,3.8956012726,nan,nan,nan,nan,nan,nan,nan,nan,nan,nan,nan,nan,nan,-0.0648960546,0.0002506631,0.9972129464,0.0291140005,-0.0034672064,0.1662080139
-0.0190562773,0.1030104235,0.0908235833,0.0000000000,0.0664332044,0.0000000000,nan,nan,nan,nan,0.0000000000,0.0000000000,0.0000000000,0.0000000000,nan,nan,nan,nan,nan,nan,nan,nan,nan,nan,nan,nan,nan,-0.0126632499,0.0001122792,-0.0025252053,-0.0036765458,-0.0000223521,-0.0006852494,-0.0072895419,0.0045424229,-0.0087369103,0.0000000000,0.0000000000,0.0000000000,0.0000000000,0.0000000000,0.0461857617,3.8949999809,3.8956012726,nan,nan,nan,nan,nan,nan,nan,nan,nan,nan,nan,nan,nan,-0.0648960546,0.0002506631,0.9972129464,0.0291140005,-0.0034672064,0.1662080139
-0.0190562773,0.1030104235,0.0908235833,0.0000000000,0.0664332044,0.0000000000,nan,nan,nan,nan,0.0000000000,0.0000000000,0.0000000000,0.0000000000,nan,nan,nan,nan,nan,nan,nan,nan,nan,nan,nan,nan,nan,-0.0126632499,0.0001122792,-0.0025252053,-0.0036765458,-0.0000223521,-0.0006852494,-0.0072895419,0.0045424229,-0.0087369103,0.0000000000,0.0000000000,0.0000000000,0.0000000000,0.0000000000,0.0461857617,3.8949999809,3.8956012726,nan,nan,nan,nan,nan,nan,nan,nan,nan,nan,nan,nan,nan,-0.0648960546,0.0002506631,0.9972129464,0.0291140005,-0.0034672064,0.1662080139
-0.0196757745,0.1030148119,0.0906956941,0.0000000000,0.0664332044,0.0000000000,nan,nan,nan,nan,0.0000000000,0.0000000000,0.0000000000,0.0000000000,nan,nan,nan,nan,nan,nan,nan,nan,nan,nan,nan,nan,nan,-0.0126632499,0.0001122792,-0.0025252053,-0.0036765458,-0.0000223521,-0.0006852494,0.0169392154,0.0201793034,-0.0251494609,0.0000000000,0.0000000000,0.0000000000,0.0000000000,0.0000000000,0.0461857617,3.8949999809,3.8956012726,nan,nan,nan,nan,nan,nan,nan,nan,nan,nan,nan,nan,nan,-0.0646763518,0.0008485206,0.9952033162,0.1539331526,-0.0129919983,0.3273163736
-0.0196757745,0.1030148119,0.0906956941,0.0000000000,0.0664332044,0.0000000000,nan,nan,nan,nan,0.0000000000,0.0000000000,0.0000000000,0.0000000000,nan,nan,nan,nan,nan,nan,nan,nan,nan,nan,nan,nan,nan,-0.0148635861,0.0004558336,-0.0034058252,-0.0063020051,0.0000302425,-0.0012859404,0.0169392154,0.0201793034,-0.0251494609,0.0000000000,0.0000000000,0.0000000000,0.0000000000,0.0000000000,0.0461857617,3.8949999809,3.8956012726,nan,nan,nan,nan,nan,nan,nan,nan,nan,nan,nan,nan,nan,-0.0646763518,0.0008485206,0.9952033162,0.1539331526,-0.0129919983,0.3273163736
-0.0204372983,0.1030345410,0.0905173942,0.0000000000,0.0664332044,0.0000000000,nan,nan,nan,nan,0.0000000000,0.0000000000,0.0000000000,0.0000000000,nan,nan,nan,nan,nan,nan,nan,nan,nan,nan,nan,nan,nan,-0.0148635861,0.0004558336,-0.0034058252,-0.0063020051,0.0000302425,-0.0012859404,0.0169392154,0.0201793034,-0.0251494609,0.0000000000,0.0000000000,0.0000000000,0.0000000000,0.0000000000,0.0496487580,3.8949999809,3.8956012726,nan,nan,nan,nan,nan,nan,nan,nan,nan,nan,nan,nan,nan,-0.0649756640,-0.0012060611,0.9963166714,0.2122962773,-0.2135107368,-0.0333848372
-0.0204372983,0.1030345410,0.0905173942,0.0000000000,0.0664332044,0.0000000000,nan,nan,nan,nan,0.0000000000,0.0000000000,0.0000000000,0.0000000000,nan,nan,nan,nan,nan,nan,nan,nan,nan,nan,nan,nan,nan,-0.0148635861,0.0004558336,-0.0034058252,-0.0091347247,0.0001487049,-0.0020192883,-0.0025110894,-0.0002517449,0.0096163312,0.0000000000,0.0000000000,0.0000000000,0.0000000000,0.0000000000,0.0496487580,3.8949999809,3.8956012726,nan,nan,nan,nan,nan,nan,nan,nan,nan,nan,nan,nan,nan,-0.0649756640,-0.0012060611,0.9963166714,0.2122962773,-0.2135107368,-0.0333848372
-0.0204372983,0.1030345410,0.0905173942,0.0000000000,0.0664332044,0.0000000000,nan,nan,nan,nan,0.0000000000,0.0000000000,0.0000000000,0.0000000000,nan,nan,nan,nan,nan,nan,nan,nan,nan,nan,nan,nan,nan,-0.0183911361,0.0003908344,-0.0042111753,-0.0091347247,0.0001487049,-0.0020192883,-0.0025110894,-0.0002517449,0.0096163312,0.0000000000,0.0000000000,0.0000000000,0.0000000000,0.0000000000,0.0496487580,3.8949999809,3.8956012726,nan,nan,nan,nan,nan,nan,nan,nan,nan,nan,nan,nan,nan,-0.0649756640,-0.0012060611,0.9963166714,0.2122962773,-0.2135107368,-0.0333848372
-0.0213426277,0.1030539349,0.0903046951,0.0000000000,0.0664332044,0.0000000000,nan,nan,nan,nan,0.0000000000,0.0000000000,0.0000000000,0.0000000000,nan,nan,nan,nan,nan,nan,nan,nan,nan,nan,nan,nan,nan,-0.0183911361,0.0003908344,-0.0042111753,-0.0091347247,0.0001487049,-0.0020192883,-0.0143282767,0.0148947341,-0.0272106044,0.0000000000,0.0000000000,0.0000000000,0.0000000000,0.0000000000,0.0496487580,3.8949999809,3.8956012726,nan,nan,nan,nan,nan,nan,nan,nan,nan,nan,nan,nan,nan,-0.0648724437,-0.0022505263,0.9966289997,-0.1125383154,0.2796122134,0.0828886032
-0.0213426277,0.1030539349,0.0903046951,0.0000000000,0.0664332044,0.0000000000,nan,nan,nan,nan,0.0000000000,0.0000000000,0.0000000000,0.0000000000,nan,nan,nan,nan,nan,nan,nan,nan,nan,nan,nan,nan,nan,-0.0211358014,0.0002759113,-0.0047621815,-0.0118205100,0.0001864021,-0.0026637537,-0.0143282767,0.0148947341,-0.0272106044,0.0000000000,0.0000000000,0.0000000000,0.0000000000,0.0000000000,0.0496487580,3.8949999809,3.8956012726,nan,nan,nan,nan,nan,nan,nan,nan,nan,nan,nan,nan,nan,-0.0648724437,-0.0022505263,0.9966289997,-0.1125383154,0.2796122134,0.0828886032
-0.0224099625,0.1030645370,0.0900575668,0.0000000000,0.0664332044,0.0000000000,nan,nan,nan,nan,0.0000000000,0.0000000000,0.0000000000,0.0000000000,nan,nan,nan,nan,nan,nan,nan,nan,nan,nan,nan,nan,nan,-0.0211358014,0.0002759113,-0.0047621815,-0.0118205100,0.0001864021,-0.0026637537,-0.0143282767,0.0148947341,-0.0272106044,0.0000000000,0.0000000000,0.0000000000,0.0000000000,0.0000000000,0.0517595224,3.8949999809,3.8956012726,nan,nan,nan,nan,nan,nan,nan,nan,nan,nan,nan,nan,nan,-0.0657594278,-0.0005299397,0.9972412586,-0.0828084126,0.3297531307,0.1739833206
-0.0224099625,0.1030645370,0.0900575668,0.0000000000,0.0664332044,0.0000000000,nan,nan,nan,nan,0.0000000000,0.0000000000,0.0000000000,0.0000000000,nan,nan,nan,nan,nan,nan,nan,nan,nan,nan,nan,nan,nan,-0.0211358014,0.0002759113,-0.0047621815,-0.0149236303,0.0001880900,-0.0033964028,0.0090442365,0.0099100256,-0.0032633313,0.0000000000,0.0000000000,0.0000000000,0.0000000000,0.0000000000,0.0517595224,3.8949999809,3.8956012726,nan,nan,nan,nan,nan,nan,nan,nan,nan,nan,nan,nan,nan,-0.0657594278,-0.0005299397,0.9972412586,-0.0828084126,0.3297531307,0.1739833206
-0.0224099625,0.1030645370,0.0900575668,0.0000000000,0.0664332044,0.0000000000,nan,nan,nan,nan,0.0000000000,0.0000000000,0.0000000000,0.0000000000,nan,nan,nan,nan,nan,nan,nan,nan,nan,nan,nan,nan,nan,-0.0248995703,0.0001935715,-0.0053670029,-0.0149236303,0.0001880900,-0.0033964028,0.0090442365,0.0099100256,-0.0032633313,0.0000000000,0.0000000000,0.0000000000,0.0000000000,0.0000000000,0.0517595224,3.8949999809,3.8956012726,nan,nan,nan,nan,nan,nan,nan,nan,nan,nan,nan,nan,nan,-0.0657594278,-0.0005299397,0.9972412586,-0.0828084126,0.3297531307,0.1739833206
-0.0236361790,0.1030760407,0.0897872522,0.0000000000,0.0664332044,0.0000000000,nan,nan,nan,nan,0.0000000000,0.0000000000,0.0000000000,0.0000000000,nan,nan,nan,nan,nan,nan,nan,nan,nan,nan,nan,nan,nan,-0.0248995703,0.0001935715,-0.0053670029,-0.0149236303,0.0001880900,-0.0033964028,-0.0107365930,-0.0297004599,-0.0090339482,0.0000000000,0.0000000000,0.0000000000,0.0000000000,0.0000000000,0.0517595224,3.8949999809,3.8956012726,nan,nan,nan,nan,nan,nan,nan,nan,nan,nan,nan,nan,nan,-0.0674187765,-0.0048955134,0.9992973208,-0.0482005216,-0.2849139571,0.1775848418
-0.0236361790,0.1030760407,0.0897872522,0.0000000000,0.0664332044,0.0000000000,nan,nan,nan,nan,0.0000000000,0.0000000000,0.0000000000,0.0000000000,nan,nan,nan,nan,nan,nan,nan,nan,nan,nan,nan,nan,nan,-0.0278024077,-0.0003481600,-0.0050755045,-0.0177328978,0.0001706566,-0.0038806556,-0.0107365930,-0.0297004599,-0.0090339482,0.0000000000,0.0000000000,0.0000000000,0.0000000000,0.0000000000,0.0517595224,3.8949999809,3.8956012726,nan,nan,nan,nan,nan,nan,nan,nan,nan,nan,nan,nan,nan,-0.0674187765,-0.0048955134,0.9992973208,-0.0482005216,-0.2849139571,0.1775848418
-0.0250375699,0.1030611619,0.0895184800,0.0000000000,0.0664332044,0.0000000000,nan,nan,nan,nan,0.0000000000,0.0000000000,0.0000000000,0.0000000000,nan,nan,nan,nan,nan,nan,nan,nan,nan,nan,nan,nan,nan,-0.0278024077,-0.0003481600,-0.0050755045,-0.0177328978,0.0001706566,-0.0038806556,-0.0107365930,-0.0297004599,-0.0090339482,0.0000000000,0.0000000000,0.0000000000,0.0000000000,0.0000000000,0.0540665723,3.8949999809,3.8956012726,nan,nan,nan,nan,nan,nan,nan,nan,nan,nan,nan,nan,nan,-0.0671946779,-0.0021779379,0.9978210926,0.0182847623,0.1514010578,0.1088631600
-0.0250375699,0.1030611619,0.0895184800,0.0000000000,0.0664332044,0.0000000000,nan,nan,nan,nan,0.0000000000,0.0000000000,0.0000000000,0.0000000000,nan,nan,nan,nan,nan,nan,nan,nan,nan,nan,nan,nan,nan,-0.0086821429,-0.0009398968,-0.0011489020,-0.0211654902,-0.0000337380,-0.0043730251,-0.0086772423,-0.0161246154,-0.0058401991,0.0000000000,0.0000000000,0.0000000000,0.0000000000,0.0000000000,0.0540665723,3.8949999809,3.8956012726,nan,nan,nan,nan,nan,nan,nan,nan,nan,nan,nan,nan,nan,-0.0671946779,-0.0021779379,0.9978210926,0.0182847623,0.1514010578,0.1088631600
-0.0250375699,0.1030611619,0.0895184800,0.0000000000,0.0664332044,0.0000000000,nan,nan,nan,nan,0.0000000000,0.0000000000,0.0000000000,0.0000000000,nan,nan,nan,nan,nan,nan,nan,nan,nan,nan,nan,nan,nan,-0.0086821429,-0.0009398968,-0.0011489020,-0.0211654902,-0.0000337380,-0.0043730251,-0.0086772423,-0.0161246154,-0.0058401991,0.0000000000,0.0000000000,0.0000000000,0.0000000000,0.0000000000,0.0540665723,3.8949999809,3.8956012726,nan,nan,nan,nan,nan,nan,nan,nan,nan,nan,nan,nan,nan,-0.0671946779,-0.0021779379,0.9978210926,0.0182847623,0.1514010578,0.1088631600
-0.0184554365,0.1029737592,0.0909404382,0.0000000000,0.0664332044,0.0000000000,nan,nan,nan,nan,0.0000000000,0.0000000000,0.0000000000,0.0000000000,nan,nan,nan,nan,nan,nan,nan,nan,nan,nan,nan,nan,nan,-0.0086821429,-0.0009398968,-0.0011489020,-0.0211654902,-0.0000337380,-0.0043730251,0.0064389142,-0.0092114629,-0.0004701162,0.0000000000,0.0000000000,0.0000000000,0.0000000000,0.0000000000,0.0540665723,3.8949999809,3.8956012726,nan,nan,nan,nan,nan,nan,nan,nan,nan,nan,nan,nan,nan,-0.0661510900,-0.0010754166,0.9957892299,0.0173399281,0.2887693644,0.0929684341
-0.0184554365,0.1029737592,0.0909404382,0.0000000000,0.0664332044,0.0000000000,nan,nan,nan,nan,0.0000000000,0.0000000000,0.0000000000,0.0000000000,nan,nan,nan,nan,nan,nan,nan,nan,nan,nan,nan,nan,nan,-0.0107149640,-0.0009919999,-0.0013770954,0.0167499296,-0.0004745156,0.0037669861,0.0064389142,-0.0092114629,-0.0004701162,0.0000000000,0.0000000000,0.0000000000,0.0000000000,0.0000000000,0.0540665723,3.8949999809,3.8956012726,nan,nan,nan,nan,nan,nan,nan,nan,nan,nan,nan,nan,nan,-0.0661510900,-0.0010754166,0.9957892299,0.0173399281,0.2887693644,0.0929684341
-0.0190065671,0.1029218957,0.0908737779,0.0000000000,0.0664332044,0.0000000000,nan,nan,nan,nan,0.0000000000,0.0000000000,0.0000000000,0.0000000000,nan,nan,nan,nan,nan,nan,nan,nan,nan,nan,nan,nan,nan,-0.0107149640,-0.0009919999,-0.0013770954,0.0167499296,-0.0004745156,0.0037669861,0.0064389142,-0.0092114629,-0.0004701162,0.0000000000,0.0000000000,0.0000000000,0.0000000000,0.0000000000,0.0525578856,3.8949999809,3.8956012726,nan,nan,nan,nan,nan,nan,nan,nan,nan,nan,nan,nan,nan,-0.0648854524,-0.0009199416,0.9972492456,0.1329394579,0.1430816054,-0.0641451851
-0.0190065671,0.1029218957,0.0908737779,0.0000000000,0.0664332044,0.0000000000,nan,nan,nan,nan,0.0000000000,0.0000000000,0.0000000000,0.0000000000,nan,nan,nan,nan,nan,nan,nan,nan,nan,nan,nan,nan,nan,-0.0107149640,-0.0009919999,-0.0013770954,0.0090771290,-0.0006715307,0.0024460473,0.0195280369,-0.0081056552,-0.0199278966,0.0000000000,0.0000000000,0.0000000000,0.0000000000,0.0000000000,0.0525578856,3.8949999809,3.8956012726,nan,nan,nan,nan,nan,nan,nan,nan,nan,nan,nan,nan,nan,-0.0648854524,-0.0009199416,0.9972492456,0.1329394579,0.1430816054,-0.0641451851
-0.0190065671,0.1029218957,0.0908737779,0.0000000000,0.0664332044,0.0000000000,nan,nan,nan,nan,0.0000000000,0.0000000000,0.0000000000,0.0000000000,nan,nan,nan,nan,nan,nan,nan,nan,nan,nan,nan,nan,nan,-0.0138765424,-0.0011437465,-0.0014515991,0.0090771290,-0.0006715307,0.0024460473,0.0195280369,-0.0081056552,-0.0199278966,0.0000000000,0.0000000000,0.0000000000,0.0000000000,0.0000000000,0.0525578856,3.8949999809,3.8956012726,nan,nan,nan,nan,nan,nan,nan,nan,nan,nan,nan,nan,nan,-0.0648854524,-0.0009199416,0.9972492456,0.1329394579,0.1430816054,-0.0641451851
-0.0196872801,0.1028654426,0.0908017755,0.0000000000,0.0664332044,0.0000000000,nan,nan,nan,nan,0.0000000000,0.0000000000,0.0000000000,0.0000000000,nan,nan,nan,nan,nan,nan,nan,nan,nan,nan,nan,nan,nan,-0.0138765424,-0.0011437465,-0.0014515991,0.0090771290,-0.0006715307,0.0024460473,-0.0024753746,0.0013276706,-0.0025488015,0.0000000000,0.0000000000,0.0000000000,0.0000000000,0.0000000000,0.0525578856,3.8949999809,3.8956012726,nan,nan,nan,nan,nan,nan,nan,nan,nan,nan,nan,nan,nan,-0.0678285956,-0.0008364837,0.9946066737,-0.0526169352,-0.0820034966,0.0422998257
-0.0196872801,0.1028654426,0.0908017755,0.0000000000,0.0664332044,0.0000000000,nan,nan,nan,nan,0.0000000000,0.0000000000,0.0000000000,0.0000000000,nan,nan,nan,nan,nan,nan,nan,nan,nan,nan,nan,nan,nan,-0.0163069721,-0.0010367545,-0.0020733851,0.0025727728,-0.0007621878,0.0012774382,-0.0024753746,0.0013276706,-0.0025488015,0.0000000000,0.0000000000,0.0000000000,0.0000000000,0.0000000000,0.0525578856,3.8949999809,3.8956012726,nan,nan,nan,nan,nan,nan,nan,nan,nan,nan,nan,nan,nan,-0.0678285956,-0.0008364837,0.9946066737,-0.0526169352,-0.0820034966,0.0422998257
-0.0205130018,0.1028066650,0.0906921923,0.0000000000,0.0664332044,0.0000000000,nan,nan,nan,nan,0.0000000000,0.0000000000,0.0000000000,0.0000000000,nan,nan,nan,nan,nan,nan,nan,nan,nan,nan,nan,nan,nan,-0.0163069721,-0.0010367545,-0.0020733851,0.0025727728,-0.0007621878,0.0012774382,-0.0024753746,0.0013276706,-0.0025488015,0.0000000000,0.0000000000,0.0000000000,0.0000000000,0.0000000000,0.0490695052,3.8949999809,3.8956012726,nan,nan,nan,nan,nan,nan,nan,nan,nan,nan,nan,nan,nan,-0.0643104166,-0.0013277173,0.9992431998,-0.0785793886,0.1462929845,-0.0108715557
-0.0205130018,0.1028066650,0.0906921923,0.0000000000,0.0664332044,0.0000000000,nan,nan,nan,nan,0.0000000000,0.0000000000,0.0000000000,0.0000000000,nan,nan,nan,nan,nan,nan,nan,nan,nan,nan,nan,nan,nan,-0.0163069721,-0.0010367545,-0.0020733851,-0.0029101053,-0.0009361174,0.0003359411,0.0137581769,0.0125489794,0.0281590223,0.0000000000,0.0000000000,0.0000000000,0.0000000000,0.0000000000,0.0490695052,3.8949999809,3.8956012726,nan,nan,nan,nan,nan,nan,nan,nan,nan,nan,nan,nan,nan,-0.0643104166,-0.0013277173,0.9992431998,-0.0785793886,0.1462929845,-0.0108715557
-0.0205130018,0.1028066650,0.0906921923,0.0000000000,0.0664332044,0.0000000000,nan,nan,nan,nan,0.0000000000,0.0000000000,0.0000000000,0.0000000000,nan,nan,nan,nan,nan,nan,nan,nan,nan,nan,nan,nan,nan,-0.0194628574,-0.0012251833,-0.0018528021,-0.0029101053,-0.0009361174,0.0003359411,0.0137581769,0.0125489794,0.0281590223,0.0000000000,0.0000000000,0.0000000000,0.0000000000,0.0000000000,0.0490695052,3.8949999809,3.8956012726,nan,nan,nan,nan,nan,nan,nan,nan,nan,nan,nan,nan,nan,-0.0643104166,-0.0013277173,0.9992431998,-0.0785793886,0.1462929845,-0.0108715557
-0.0214747936,0.1027408764,0.0905873850,0.0000000000,0.0664332044,0.0000000000,nan,nan,nan,nan,0.0000000000,0.0000000000,0.0000000000,0.0000000000,nan,nan,nan,nan,nan,nan,nan,nan,nan,nan,nan,nan,nan,-0.0194628574,-0.0012251833,-0.0018528021,-0.0029101053,-0.0009361174,0.0003359411,0.0012300867,0.0064318511,-0.0134836799,0.0000000000,0.0000000000,0.0000000000,0.0000000000,0.0000000000,0.0490695052,3.8949999809,3.8956012726,nan,nan,nan,nan,nan,nan,nan,nan,nan,nan,nan,nan,nan,-0.0647417754,-0.0031785825,0.9966472387,-0.1973228753,-0.0672266036,0.1113335565
-0.0214747936,0.1027408764,0.0905873850,0.0000000000,0.0664332044,0.0000000000,nan,nan,nan,nan,0.0000000000,0.0000000000,0.0000000000,0.0000000000,nan,nan,nan,nan,nan,nan,nan,nan,nan,nan,nan,nan,nan,-0.0225948468,-0.0014613706,-0.0023378695,-0.0075957300,-0.0010368670,-0.0003270219,0.0012300867,0.0064318511,-0.0134836799,0.0000000000,0.0000000000,0.0000000000,0.0000000000,0.0000000000,0.0490695052,3.8949999809,3.8956012726,nan,nan,nan,nan,nan,nan,nan,nan,nan,nan,nan,nan,nan,-0.0647417754,-0.0031785825,0.9966472387,-0.1973228753,-0.0672266036,0.1113335565
-0.0225857925,0.1026685461,0.0904672965,0.0000000000,0.0664332044,0.0000000000,nan,nan,nan,nan,0.0000000000,0.0000000000,0.0000000000,0.0000000000,nan,nan,nan,nan,nan,nan,nan,nan,nan,nan,nan,nan,nan,-0.0225948468,-0.0014613706,-0.0023378695,-0.0075957300,-0.0010368670,-0.0003270219,0.0012300867,0.0064318511,-0.0134836799,0.0000000000,0.0000000000,0.0000000000,0.0000000000,0.0000000000,0.0466822237,3.8949999809,3.8956012726,nan,nan,nan,nan,nan,nan,nan,nan,nan,nan,nan,nan,nan,-0.0658603460,-0.0013493531,0.9977109432,-0.2665732205,0.1176997274,-0.0870525464
-0.0225857925,0.1026685461,0.0904672965,0.0000000000,0.0664332044,0.0000000000,nan,nan,nan,nan,0.0000000000,0.0000000000,0.0000000000,0.0000000000,nan,nan,nan,nan,nan,nan,nan,nan,nan,nan,nan,nan,nan,-0.0259599220,-0.0013547960,-0.0022128238,-0.0120370733,-0.0011465161,-0.0009408312,0.0043936498,0.0024156522,0.0024628474,0.0000000000,0.0000000000,0.0000000000,0.0000000000,0.0000000000,0.0466822237,3.8949999809,3.8956012726,nan,nan,nan,nan,nan,nan,nan,nan,nan,nan,nan,nan,nan,-0.0658603460,-0.0013493531,0.9977109432,-0.2665732205,0.1176997274,-0.0870525464
-0.0225857925,0.1026685461,0.0904672965,0.0000000000,0.0664332044,0.0000000000,nan,nan,nan,nan,0.0000000000,0.0000000000,0.0000000000,0.0000000000,nan,nan,nan,nan,nan,nan,nan,nan,nan,nan,nan,nan,nan,-0.0259599220,-0.0013547960,-0.0022128238,-0.0120370733,-0.0011465161,-0.0009408312,0.0043936498,0.0024156522,0.0024628474,0.0000000000,0.0000000000,0.0000000000,0.0000000000,0.0000000000,0.0466822237,3.8949999809,3.8956012726,nan,nan,nan,nan,nan,nan,nan,nan,nan,nan,nan,nan,nan,-0.0658603460,-0.0013493531,0.9977109432,-0.2665732205,0.1176997274,-0.0870525464
-0.0238676388,0.1026001275,0.0903410763,0.0000000000,0.0664332044,0.0000000000,nan,nan,nan,nan,0.0000000000,0.0000000000,0.0000000000,0.0000000000,nan,nan,nan,nan,nan,nan,nan,nan,nan,nan,nan,nan,nan,-0.0259599220,-0.0013547960,-0.0022128238,-0.0120370733,-0.0011465161,-0.0009408312,0.0019152216,0.0131498929,0.0068038204,0.0000000000,0.0000000000,0.0000000000,0.0000000000,0.0000000000,0.0466822237,3.8949999809,3.8956012726,nan,nan,nan,nan,nan,nan,nan,nan,nan,nan,nan,nan,nan,-0.0667613596,-0.0007118484,0.9985738993,-0.0217862409,-0.1621451527,-0.1709973812
-0.0238676388,0.1026001275,0.0903410763,0.0000000000,0.0664332044,0.0000000000,nan,nan,nan,nan,0.0000000000,0.0000000000,0.0000000000,0.0000000000,nan,nan,nan,nan,nan,nan,nan,nan,nan,nan,nan,nan,nan,-0.0299441069,-0.0010757518,-0.0022499133,-0.0160203297,-0.0011930242,-0.0013341715,0.0019152216,0.0131498929,0.0068038204,0.0000000000,0.0000000000,0.0000000000,0.0000000000,0.0000000000,0.0466822237,3.8949999809,3.8956012726,nan,nan,nan,nan,nan,nan,nan,nan,nan,nan,nan,nan,nan,-0.0667613596,-0.0007118484,0.9985738993,-0.0217862409,-0.1621451527,-0.1709973812
-0.0253443848,0.1025420353,0.0902177617,0.0000000000,0.0664332044,0.0000000000,nan,nan,nan,nan,0.0000000000,0.0000000000,0.0000000000,0.0000000000,nan,nan,nan,nan,nan,nan,nan,nan,nan,nan,nan,nan,nan,-0.0299441069,-0.0010757518,-0.0022499133,-0.0160203297,-0.0011930242,-0.0013341715,0.0019152216,0.0131498929,0.0068038204,0.0000000000,0.0000000000,0.0000000000,0.0000000000,0.0000000000,0.0428626984,3.8949999809,3.8956012726,nan,nan,nan,nan,nan,nan,nan,nan,nan,nan,nan,nan,nan,-0.0665781349,0.0020356823,0.9975914359,-0.0717084631,0.1833622605,0.0518010110
-0.0253443848,0.1025420353,0.0902177617,0.0000000000,0.0664332044,0.0000000000,nan,nan,nan,nan,0.0000000000,0.0000000000,0.0000000000,0.0000000000,nan,nan,nan,nan,nan,nan,nan,nan,nan,nan,nan,nan,nan,-0.0299441069,-0.0010757518,-0.0022499133,-0.0203105863,-0.0011032608,-0.0016805797,0.0016072156,0.0222586989,-0.0179538764,0.0000000000,0.0000000000,0.0000000000,0.0000000000,0.0000000000,0.0428626984,3.8949999809,3.8956012726,nan,nan,nan,nan,nan,nan,nan,nan,nan,nan,nan,nan,nan,-0.0665781349,0.0020356823,0.9975914359,-0.0717084631,0.1833622605,0.0518010110
-0.0253443848,0.1025420353,0.0902177617,0.0000000000,0.0664332044,0.0000000000,nan,nan,nan,nan,0.0000000000,0.0000000000,0.0000000000,0.0000000000,nan,nan,nan,nan,nan,nan,nan,nan,nan,nan,nan,nan,nan,-0.0336090401,-0.0004079706,-0.0025970365,-0.0203105863,-0.0011032608,-0.0016805797,0.0016072156,0.0222586989,-0.0179538764,0.0000000000,0.0000000000,0.0000000000,0.0000000000,0.0000000000,0.0428626984,3.8949999809,3.8956012726,nan,nan,nan,nan,nan,nan,nan,nan,nan,nan,nan,nan,nan,-0.0665781349,0.0020356823,0.9975914359,-0.0717084631,0.1833622605,0.0518010110
-0.0183878746,0.1030037254,0.0909819677,0.0000000000,0.0664332044,0.0000000000,nan,nan,nan,nan,0.0000000000,0.0000000000,0.0000000000,0.0000000000,nan,nan,nan,nan,nan,nan,nan,nan,nan,nan,nan,nan,nan,-0.0336090401,-0.0004079706,-0.0025970365,-0.0203105863,-0.0011032608,-0.0016805797,-0.0053554373,0.0092277229,-0.0178293306,0.0000000000,0.0000000000,0.0000000000,0.0000000000,0.0000000000,0.0428626984,3.8949999809,3.8956012726,nan,nan,nan,nan,nan,nan,nan,nan,nan,nan,nan,nan,nan,-0.0655241236,-0.0011870409,0.9963922501,0.0976523533,-0.1101154536,0.0412945487
-0.0183878746,0.1030037254,0.0909819677,0.0000000000,0.0664332044,0.0000000000,nan,nan,nan,nan,0.0000000000,0.0000000000,0.0000000000,0.0000000000,nan,nan,nan,nan,nan,nan,nan,nan,nan,nan,nan,nan,nan,-0.0097793955,0.0007974493,-0.0009852728,0.0213068612,0.0015865645,0.0026727894,-0.0053554373,0.0092277229,-0.0178293306,0.0000000000,0.0000000000,0.0000000000,0.0000000000,0.0000000000,0.0428626984,3.8949999809,3.8956012726,nan,nan,nan,nan,nan,nan,nan,nan,nan,nan,nan,nan,nan,-0.0655241236,-0.0011870409,0.9963922501,0.0976523533,-0.1101154536,0.0412945487
-0.0188641362,0.1030396819,0.0909349620,0.0000000000,0.0664332044,0.0000000000,nan,nan,nan,nan,0.0000000000,0.0000000000,0.0000000000,0.0000000000,nan,nan,nan,nan,nan,nan,nan,nan,nan,nan,nan,nan,nan,-0.0097793955,0.0007974493,-0.0009852728,0.0213068612,0.0015865645,0.0026727894,-0.0053554373,0.0092277229,-0.0178293306,0.0000000000,0.0000000000,0.0000000000,0.0000000000,0.0000000000,0.0475123264,3.8949999809,3.8956012726,nan,nan,nan,nan,nan,nan,nan,nan,nan,nan,nan,nan,nan,-0.0644097552,-0.0006858074,0.9985646009,-0.2612986863,-0.1103388369,-0.0526422188
-0.0188641362,0.1030396819,0.0909349620,0.0000000000,0.0664332044,0.0000000000,nan,nan,nan,nan,0.0000000000,0.0000000000,0.0000000000,0.0000000000,nan,nan,nan,nan,nan,nan,nan,nan,nan,nan,nan,nan,nan,-0.0097793955,0.0007974493,-0.0009852728,0.0128660221,0.0013985500,0.0016939047,0.0065973899,0.0070805540,0.0032545603,0.0000000000,0.0000000000,0.0000000000,0.0000000000,0.0000000000,0.0475123264,3.8949999809,3.8956012726,nan,nan,nan,nan,nan,nan,nan,nan,nan,nan,nan,nan,nan,-0.0644097552,-0.0006858074,0.9985646009,-0.2612986863,-0.1103388369,-0.0526422188
-0.0188641362,0.1030396819,0.0909349620,0.0000000000,0.0664332044,0.0000000000,nan,nan,nan,nan,0.0000000000,0.0000000000,0.0000000000,0.0000000000,nan,nan,nan,nan,nan,nan,nan,nan,nan,nan,nan,nan,nan,-0.0115557294,0.0008869520,-0.0009023373,0.0128660221,0.0013985500,0.0016939047,0.0065973899,0.0070805540,0.0032545603,0.0000000000,0.0000000000,0.0000000000,0.0000000000,0.0000000000,0.0475123264,3.8949999809,3.8956012726,nan,nan,nan,nan,nan,nan,nan,nan,nan,nan,nan,nan,nan,-0.0644097552,-0.0006858074,0.9985646009,-0.2612986863,-0.1103388369,-0.0526422188
-0.0184870791,0.1030302346,0.0909765512,0.0000000000,0.0664332044,0.0000000000,nan,nan,nan,nan,0.0000000000,0.0000000000,0.0000000000,0.0000000000,nan,nan,nan,nan,nan,nan,nan,nan,nan,nan,nan,nan,nan,-0.0115557294,0.0008869520,-0.0009023373,0.0128660221,0.0013985500,0.0016939047,0.0099985050,-0.0061047766,-0.0028850164,0.0000000000,0.0000000000,0.0000000000,0.0000000000,0.0000000000,0.0475123264,3.8949999809,3.8956012726,nan,nan,nan,nan,nan,nan,nan,nan,nan,nan,nan,nan,nan,-0.0654049739,-0.0021052770,0.9949513078,0.1098071411,0.2763152719,0.0771597102
-0.0184870791,0.1030302346,0.0909765512,0.0000000000,0.0664332044,0.0000000000,nan,nan,nan,nan,0.0000000000,0.0000000000,0.0000000000,0.0000000000,nan,nan,nan,nan,nan,nan,nan,nan,nan,nan,nan,nan,nan,-0.0095015662,0.0004439369,-0.0010712703,0.0112427929,0.0009160714,0.0014261201,0.0099985050,-0.0061047766,-0.0028850164,0.0000000000,0.0000000000,0.0000000000,0.0000000000,0.0000000000,0.0475123264,3.8949999809,3.8956012726,nan,nan,nan,nan,nan,nan,nan,nan,nan,nan,nan,nan,nan,-0.0654049739,-0.0021052770,0.9949513078,0.1098071411,0.2763152719,0.0771597102
-0.0189494677,0.1030521914,0.0909225792,0.0000000000,0.0664332044,0.0000000000,nan,nan,nan,nan,0.0000000000,0.0000000000,0.0000000000,0.0000000000,nan,nan,nan,nan,nan,nan,nan,nan,nan,nan,nan,nan,nan,-0.0095015662,0.0004439369,-0.0010712703,0.0112427929,0.0009160714,0.0014261201,0.0099985050,-0.0061047766,-0.0028850164,0.0000000000,0.0000000000,0.0000000000,0.0000000000,0.0000000000,0.0488464236,3.8949999809,3.8956012726,nan,nan,nan,nan,nan,nan,nan,nan,nan,nan,nan,nan,nan,-0.0653339922,0.0016137089,0.9984781146,-0.1324874312,0.2323594540,-0.0124502946
-0.0189494677,0.1030521914,0.0909225792,0.0000000000,0.0664332044,0.0000000000,nan,nan,nan,nan,0.0000000000,0.0000000000,0.0000000000,0.0000000000,nan,nan,nan,nan,nan,nan,nan,nan,nan,nan,nan,nan,nan,-0.0095015662,0.0004439369,-0.0010712703,0.0054838578,0.0008751111,0.0006989696,0.0205963794,0.0090008937,0.0226907060,0.0000000000,0.0000000000,0.0000000000,0.0000000000,0.0000000000,0.0488464236,3.8949999809,3.8956012726,nan,nan,nan,nan,nan,nan,nan,nan,nan,nan,nan,nan,nan,-0.0653339922,0.0016137089,0.9984781146,-0.1324874312,0.2323594540,-0.0124502946
-0.0189494677,0.1030521914,0.0909225792,0.0000000000,0.0664332044,0.0000000000,nan,nan,nan,nan,0.0000000000,0.0000000000,0.0000000000,0.0000000000,nan,nan,nan,nan,nan,nan,nan,nan,nan,nan,nan,nan,nan,-0.0113179553,0.0010704842,-0.0011409089,0.0054838578,0.0008751111,0.0006989696,0.0205963794,0.0090008937,0.0226907060,0.0000000000,0.0000000000,0.0000000000,0.0000000000,0.0000000000,0.0488464236,3.8949999809,3.8956012726,nan,nan,nan,nan,nan,nan,nan,nan,nan,nan,nan,nan,nan,-0.0653339922,0.0016137089,0.9984781146,-0.1324874312,0.2323594540,-0.0124502946
-0.0195305068,0.1031034812,0.0908601284,0.0000000000,0.0664332044,0.0000000000,nan,nan,nan,nan,0.0000000000,0.0000000000,0.0000000000,0.0000000000,nan,nan,nan,nan,nan,nan,nan,nan,nan,nan,nan,nan,nan,-0.0113179553,0.0010704842,-0.0011409089,0.0054838578,0.0008751111,0.0006989696,0.0267984048,0.0194009952,-0.0277000163,0.0000000000,0.0000000000,0.0000000000,0.0000000000,0.0000000000,0.0488464236,3.8949999809,3.8956012726,nan,nan,nan,nan,nan,nan,nan,nan,nan,nan,nan,nan,nan,-0.0635173097,0.0003513736,0.9962640405,0.2620653212,0.1100892574,-0.0186346732
-0.0195305068,0.1031034812,0.0908601284,0.0000000000,0.0664332044,0.0000000000,nan,nan,nan,nan,0.0000000000,0.0000000000,0.0000000000,0.0000000000,nan,nan,nan,nan,nan,nan,nan,nan,nan,nan,nan,nan,nan,-0.0140871089,0.0013166084,-0.0017231827,0.0005216299,0.0009496025,0.0001738287,0.0267984048,0.0194009952,-0.0277000163,0.0000000000,0.0000000000,0.0000000000,0.0000000000,0.0000000000,0.0488464236,3.8949999809,3.8956012726,nan,nan,nan,nan,nan,nan,nan,nan,nan,nan,nan,nan,nan,-0.0635173097,0.0003513736,0.9962640405,0.2620653212,0.1100892574,-0.0186346732
-0.0202267356,0.1031658426,0.0907800868,0.0000000000,0.0664332044,0.0000000000,nan,nan,nan,nan,0.0000000000,0.0000000000,0.0000000000,0.0000000000,nan,nan,nan,nan,nan,nan,nan,nan,nan,nan,nan,nan,nan,-0.0140871089,0.0013166084,-0.0017231827,0.0005216299,0.0009496025,0.0001738287,0.0267984048,0.0194009952,-0.0277000163,0.0000000000,0.0000000000,0.0000000000,0.0000000000,0.0000000000,0.0514657125,3.8949999809,3.8956012726,nan,nan,nan,nan,nan,nan,nan,nan,nan,nan,nan,nan,nan,-0.0653769895,-0.0020009065,0.9998146296,0.0909749046,0.0235961098,0.0517018884
-0.0202267356,0.1031658426,0.0907800868,0.0000000000,0.0664332044,0.0000000000,nan,nan,nan,nan,0.0000000000,0.0000000000,0.0000000000,0.0000000000,nan,nan,nan,nan,nan,nan,nan,nan,nan,nan,nan,nan,nan,-0.0162356161,0.0008852670,-0.0014681431,-0.0037330699,0.0009964266,-0.0003580755,0.0012264922,0.0039734794,0.0136357071,0.0000000000,0.0000000000,0.0000000000,0.0000000000,0.0000000000,0.0514657125,3.8949999809,3.8956012726,nan,nan,nan,nan,nan,nan,nan,nan,nan,nan,nan,nan,nan,-0.0653769895,-0.0020009065,0.9998146296,0.0909749046,0.0235961098,0.0517018884
-0.0202267356,0.1031658426,0.0907800868,0.0000000000,0.0664332044,0.0000000000,nan,nan,nan,nan,0.0000000000,0.0000000000,0.0000000000,0.0000000000,nan,nan,nan,nan,nan,nan,nan,nan,nan,nan,nan,nan,nan,-0.0162356161,0.0008852670,-0.0014681431,-0.0037330699,0.0009964266,-0.0003580755,0.0012264922,0.0039734794,0.0136357071,0.0000000000,0.0000000000,0.0000000000,0.0000000000,0.0000000000,0.0514657125,3.8949999809,3.8956012726,nan,nan,nan,nan,nan,nan,nan,nan,nan,nan,nan,nan,nan,-0.0653769895,-0.0020009065,0.9998146296,0.0909749046,0.0235961098,0.0517018884
-0.0183597617,0.1030171141,0.0909828991,0.0000000000,0.0664332044,0.0000000000,nan,nan,nan,nan,0.0000000000,0.0000000000,0.0000000000,0.0000000000,nan,nan,nan,nan,nan,nan,nan,nan,nan,nan,nan,nan,nan,-0.0162356161,0.0008852670,-0.0014681431,-0.0037330699,0.0009964266,-0.0003580755,0.0136947716,-0.0049205380,0.0085638324,0.0000000000,0.0000000000,0.0000000000,0.0000000000,0.0000000000,0.0514657125,3.8949999809,3.8956012726,nan,nan,nan,nan,nan,nan,nan,nan,nan,nan,nan,nan,nan,-0.0656309575,-0.0012715202,0.9976384044,-0.1540326029,-0.1503410041,-0.2580249012
-0.0183597617,0.1030171141,0.0909828991,0.0000000000,0.0664332044,0.0000000000,nan,nan,nan,nan,0.0000000000,0.0000000000,0.0000000000,0.0000000000,nan,nan,nan,nan,nan,nan,nan,nan,nan,nan,nan,nan,nan,-0.0075052129,-0.0004794180,-0.0005861350,0.0077402014,-0.0001942310,0.0008852325,0.0136947716,-0.0049205380,0.0085638324,0.0000000000,0.0000000000,0.0000000000,0.0000000000,0.0000000000,0.0514657125,3.8949999809,3.8956012726,nan,nan,nan,nan,nan,nan,nan,nan,nan,nan,nan,nan,nan,-0.0656309575,-0.0012715202,0.9976384044,-0.1540326029,-0.1503410041,-0.2580249012
-0.0187211074,0.1029954255,0.0909487605,0.0000000000,0.0664332044,0.0000000000,nan,nan,nan,nan,0.0000000000,0.0000000000,0.0000000000,0.0000000000,nan,nan,nan,nan,nan,nan,nan,nan,nan,nan,nan,nan,nan,-0.0075052129,-0.0004794180,-0.0005861350,0.0077402014,-0.0001942310,0.0008852325,0.0136947716,-0.0049205380,0.0085638324,0.0000000000,0.0000000000,0.0000000000,0.0000000000,0.0000000000,0.0486061536,3.8949999809,3.8956012726,nan,nan,nan,nan,nan,nan,nan,nan,nan,nan,nan,nan,nan,-0.0656177923,-0.0000611493,0.9966644049,0.1288903654,0.0541834533,0.0339402631
-0.0187211074,0.1029954255,0.0909487605,0.0000000000,0.0664332044,0.0000000000,nan,nan,nan,nan,0.0000000000,0.0000000000,0.0000000000,0.0000000000,nan,nan,nan,nan,nan,nan,nan,nan,nan,nan,nan,nan,nan,-0.0075052129,-0.0004794180,-0.0005861350,0.0034705414,-0.0002381865,0.0004250991,0.0066210399,0.0077845561,-0.0055799983,0.0000000000,0.0000000000,0.0000000000,0.0000000000,0.0000000000,0.0486061536,3.8949999809,3.8956012726,nan,nan,nan,nan,nan,nan,nan,nan,nan,nan,nan,nan,nan,-0.0656177923,-0.0000611493,0.9966644049,0.1288903654,0.0541834533,0.0339402631
-0.0187211074,0.1029954255,0.0909487605,0.0000000000,0.0664332044,0.0000000000,nan,nan,nan,nan,0.0000000000,0.0000000000,0.0000000000,0.0000000000,nan,nan,nan,nan,nan,nan,nan,nan,nan,nan,nan,nan,nan,-0.0092388252,-0.0001980313,-0.0009925299,0.0034705414,-0.0002381865,0.0004250991,0.0066210399,0.0077845561,-0.0055799983,0.0000000000,0.0000000000,0.0000000000,0.0000000000,0.0000000000,0.0486061536,3.8949999809,3.8956012726,nan,nan,nan,nan,nan,nan,nan,nan,nan,nan,nan,nan,nan,-0.0656177923,-0.0000611493,0.9966644049,0.1288903654,0.0541834533,0.0339402631
-0.0180923026,0.1029974297,0.0909916386,0.0000000000,0.0664332044,0.0000000000,nan,nan,nan,nan,0.0000000000,0.0000000000,0.0000000000,0.0000000000,nan,nan,nan,nan,nan,nan,nan,nan,nan,nan,nan,nan,nan,-0.0092388252,-0.0001980313,-0.0009925299,0.0034705414,-0.0002381865,0.0004250991,0.0008982011,-0.0049066572,0.0148940282,0.0000000000,0.0000000000,0.0000000000,0.0000000000,0.0000000000,0.0486061536,3.8949999809,3.8956012726,nan,nan,nan,nan,nan,nan,nan,nan,nan,nan,nan,nan,nan,-0.0650192946,-0.0020608138,0.9992638826,0.0864101499,0.3280047774,0.1244658902
-0.0180923026,0.1029974297,0.0909916386,0.0000000000,0.0664332044,0.0000000000,nan,nan,nan,nan,0.0000000000,0.0000000000,0.0000000000,0.0000000000,nan,nan,nan,nan,nan,nan,nan,nan,nan,nan,nan,nan,nan,-0.0069417213,-0.0005203867,-0.0005166933,0.0061512762,-0.0001683150,0.0005855425,0.0008982011,-0.0049066572,0.0148940282,0.0000000000,0.0000000000,0.0000000000,0.0000000000,0.0000000000,0.0486061536,3.8949999809,3.8956012726,nan,nan,nan,nan,nan,nan,nan,nan,nan,nan,nan,nan,nan,-0.0650192946,-0.0020608138,0.9992638826,0.0864101499,0.3280047774,0.1244658902
-0.0184305832,0.1029766276,0.0909602866,0.0000000000,0.0664332044,0.0000000000,nan,nan,nan,nan,0.0000000000,0.0000000000,0.0000000000,0.0000000000,nan,nan,nan,nan,nan,nan,nan,nan,nan,nan,nan,nan,nan,-0.0069417213,-0.0005203867,-0.0005166933,0.0061512762,-0.0001683150,0.0005855425,0.0008982011,-0.0049066572,0.0148940282,0.0000000000,0.0000000000,0.0000000000,0.0000000000,0.0000000000,0.0509538129,3.8949999809,3.8956012726,nan,nan,nan,nan,nan,nan,nan,nan,nan,nan,nan,nan,nan,-0.0671232343,-0.0010891891,0.9982905388,-0.1833215207,-0.1957703233,0.1954716593
-0.0184305832,0.1029766276,0.0909602866,0.0000000000,0.0664332044,0.0000000000,nan,nan,nan,nan,0.0000000000,0.0000000000,0.0000000000,0.0000000000,nan,nan,nan,nan,nan,nan,nan,nan,nan,nan,nan,nan,nan,-0.0088328235,-0.0004929214,-0.0010359233,0.0024238157,-0.0002546730,0.0002036018,0.0079614716,-0.0033549310,-0.0125551419,0.0000000000,0.0000000000,0.0000000000,0.0000000000,0.0000000000,0.0509538129,3.8949999809,3.8956012726,nan,nan,nan,nan,nan,nan,nan,nan,nan,nan,nan,nan,nan,-0.0671232343,-0.0010891891,0.9982905388,-0.1833215207,-0.1957703233,0.1954716593
-0.0184305832,0.1029766276,0.0909602866,0.0000000000,0.0664332044,0.0000000000,nan,nan,nan,nan,0.0000000000,0.0000000000,0.0000000000,0.0000000000,nan,nan,nan,nan,nan,nan,nan,nan,nan,nan,nan,nan,nan,-0.0088328235,-0.0004929214,-0.0010359233,0.0024238157,-0.0002546730,0.0002036018,0.0079614716,-0.0033549310,-0.0125551419,0.0000000000,0.0000000000,0.0000000000,0.0000000000,0.0000000000,0.0509538129,3.8949999809,3.8956012726,nan,nan,nan,nan,nan,nan,nan,nan,nan,nan,nan,nan,nan,-0.0671232343,-0.0010891891,0.9982905388,-0.1833215207,-0.1957703233,0.1954716593
-0.0188815948,0.1029541418,0.0909056440,0.0000000000,0.0664332044,0.0000000000,nan,nan,nan,nan,0.0000000000,0.0000000000,0.0000000000,0.0000000000,nan,nan,nan,nan,nan,nan,nan,nan,nan,nan,nan,nan,nan,-0.0088328235,-0.0004929214,-0.0010359233,0.0024238157,-0.0002546730,0.0002036018,0.0014445130,0.0065815053,-0.0117681064,0.0000000000,0.0000000000,0.0000000000,0.0000000000,0.0000000000,0.0509538129,3.8949999809,3.8956012726,nan,nan,nan,nan,nan,nan,nan,nan,nan,nan,nan,nan,nan,-0.0665764064,-0.0016280953,0.9966703653,0.1320459843,0.1117012799,0.0043968735
-0.0188815948,0.1029541418,0.0909056440,0.0000000000,0.0664332044,0.0000000000,nan,nan,nan,nan,0.0000000000,0.0000000000,0.0000000000,0.0000000000,nan,nan,nan,nan,nan,nan,nan,nan,nan,nan,nan,nan,nan,-0.0119399419,-0.0005886249,-0.0010488373,-0.0009790235,-0.0003454610,-0.0001694700,0.0014445130,0.0065815053,-0.0117681064,0.0000000000,0.0000000000,0.0000000000,0.0000000000,0.0000000000,0.0509538129,3.8949999809,3.8956012726,nan,nan,nan,nan,nan,nan,nan,nan,nan,nan,nan,nan,nan,-0.0665764064,-0.0016280953,0.9966703653,0.1320459843,0.1117012799,0.0043968735
-0.0194611605,0.1029199511,0.0908449739,0.0000000000,0.0664332044,0.0000000000,nan,nan,nan,nan,0.0000000000,0.0000000000,0.0000000000,0.0000000000,nan,nan,nan,nan,nan,nan,nan,nan,nan,nan,nan,nan,nan,-0.0119399419,-0.0005886249,-0.0010488373,-0.0009790235,-0.0003454610,-0.0001694700,0.0014445130,0.0065815053,-0.0117681064,0.0000000000,0.0000000000,0.0000000000,0.0000000000,0.0000000000,0.0505174622,3.8949999809,3.8956012726,nan,nan,nan,nan,nan,nan,nan,nan,nan,nan,nan,nan,nan,-0.0639754459,-0.0002432370,0.9948873520,-0.0938978046,-0.2325190902,-0.1300006062
-0.0194611605,0.1029199511,0.0908449739,0.0000000000,0.0664332044,0.0000000000,nan,nan,nan,nan,0.0000000000,0.0000000000,0.0000000000,0.0000000000,nan,nan,nan,nan,nan,nan,nan,nan,nan,nan,nan,nan,nan,-0.0119399419,-0.0005886249,-0.0010488373,-0.0042046667,-0.0004187175,-0.0005274094,0.0048018624,0.0118306046,-0.0065091206,0.0000000000,0.0000000000,0.0000000000,0.0000000000,0.0000000000,0.0505174622,3.8949999809,3.8956012726,nan,nan,nan,nan,nan,nan,nan,nan,nan,nan,nan,nan,nan,-0.0639754459,-0.0002432370,0.9948873520,-0.0938978046,-0.2325190902,-0.1300006062
-0.0194611605,0.1029199511,0.0908449739,0.0000000000,0.0664332044,0.0000000000,nan,nan,nan,nan,0.0000000000,0.0000000000,0.0000000000,0.0000000000,nan,nan,nan,nan,nan,nan,nan,nan,nan,nan,nan,nan,nan,-0.0136749856,-0.0004766732,-0.0017575229,-0.0042046667,-0.0004187175,-0.0005274094,0.0048018624,0.0118306046,-0.0065091206,0.0000000000,0.0000000000,0.0000000000,0.0000000000,0.0000000000,0.0505174622,3.8949999809,3.8956012726,nan,nan,nan,nan,nan,nan,nan,nan,nan,nan,nan,nan,nan,-0.0639754459,-0.0002432370,0.9948873520,-0.0938978046,-0.2325190902,-0.1300006062
-0.0201549958,0.1028895751,0.0907575488,0.0000000000,0.0664332044,0.0000000000,nan,nan,nan,nan,0.0000000000,0.0000000000,0.0000000000,0.0000000000,nan,nan,nan,nan,nan,nan,nan,nan,nan,nan,nan,nan,nan,-0.0136749856,-0.0004766732,-0.0017575229,-0.0042046667,-0.0004187175,-0.0005274094,0.0153442528,0.0025889950,-0.0266773384,0.0000000000,0.0000000000,0.0000000000,0.0000000000,0.0000000000,0.0505174622,3.8949999809,3.8956012726,nan,nan,nan,nan,nan,nan,nan,nan,nan,nan,nan,nan,nan,-0.0647395402,-0.0005609654,0.9943506122,0.0586550646,0.1182957143,0.0287677068
-0.0201549958,0.1028895751,0.0907575488,0.0000000000,0.0664332044,0.0000000000,nan,nan,nan,nan,0.0000000000,0.0000000000,0.0000000000,0.0000000000,nan,nan,nan,nan,nan,nan,nan,nan,nan,nan,nan,nan,nan,-0.0164560694,-0.0008568908,-0.0022916778,-0.0070799678,-0.0004945616,-0.0009088456,0.0153442528,0.0025889950,-0.0266773384,0.0000000000,0.0000000000,0.0000000000,0.0000000000,0.0000000000,0.0505174622,3.8949999809,3.8956012726,nan,nan,nan,nan,nan,nan,nan,nan,nan,nan,nan,nan,nan,-0.0647395402,-0.0005609654,0.9943506122,0.0586550646,0.1182957143,0.0287677068
-0.0209628865,0.1028502360,0.0906433836,0.0000000000,0.0664332044,0.0000000000,nan,nan,nan,nan,0.0000000000,0.0000000000,0.0000000000,0.0000000000,nan,nan,nan,nan,nan,nan,nan,nan,nan,nan,nan,nan,nan,-0.0164560694,-0.0008568908,-0.0022916778,-0.0070799678,-0.0004945616,-0.0009088456,0.0153442528,0.0025889950,-0.0266773384,0.0000000000,0.0000000000,0.0000000000,0.0000000000,0.0000000000,0.0528082587,3.8949999809,3.8956012726,nan,nan,nan,nan,nan,nan,nan,nan,nan,nan,nan,nan,nan,-0.0642758608,-0.0008839589,0.9982337952,0.0006584854,-0.0759990513,-0.0928371102
-0.0209628865,0.1028502360,0.0906433836,0.0000000000,0.0664332044,0.0000000000,nan,nan,nan,nan,0.0000000000,0.0000000000,0.0000000000,0.0000000000,nan,nan,nan,nan,nan,nan,nan,nan,nan,nan,nan,nan,nan,-0.0164560694,-0.0008568908,-0.0022916778,-0.0099293282,-0.0005729847,-0.0013077046,0.0013393272,-0.0203278866,-0.0078586582,0.0000000000,0.0000000000,0.0000000000,0.0000000000,0.0000000000,0.0528082587,3.8949999809,3.8956012726,nan,nan,nan,nan,nan,nan,nan,nan,nan,nan,nan,nan,nan,-0.0642758608,-0.0008839589,0.9982337952,0.0006584854,-0.0759990513,-0.0928371102
-0.0209628865,0.1028502360,0.0906433836,0.0000000000,0.0664332044,0.0000000000,nan,nan,nan,nan,0.0000000000,0.0000000000,0.0000000000,0.0000000000,nan,nan,nan,nan,nan,nan,nan,nan,nan,nan,nan,nan,nan,-0.0181785487,-0.0008824389,-0.0021572139,-0.0099293282,-0.0005729847,-0.0013077046,0.0013393272,-0.0203278866,-0.0078586582,0.0000000000,0.0000000000,0.0000000000,0.0000000000,0.0000000000,0.0528082587,3.8949999809,3.8956012726,nan,nan,nan,nan,nan,nan,nan,nan,nan,nan,nan,nan,nan,-0.0642758608,-0.0008839589,0.9982337952,0.0006584854,-0.0759990513,-0.0928371102
-0.0218884144,0.1028064936,0.0905245915,0.0000000000,0.0664332044,0.0000000000,nan,nan,nan,nan,0.0000000000,0.0000000000,0.0000000000,0.0000000000,nan,nan,nan,nan,nan,nan,nan,nan,nan,nan,nan,nan,nan,-0.0181785487,-0.0008824389,-0.0021572139,-0.0099293282,-0.0005729847,-0.0013077046,-0.0166972540,-0.0138985841,-0.0129895899,0.0000000000,0.0000000000,0.0000000000,0.0000000000,0.0000000000,0.0528082587,3.8949999809,3.8956012726,nan,nan,nan,nan,nan,nan,nan,nan,nan,nan,nan,nan,nan,-0.0664302334,-0.0002095653,0.9992767572,-0.0408055596,-0.2146205902,-0.1222371459
-0.0218884144,0.1028064936,0.0905245915,0.0000000000,0.0664332044,0.0000000000,nan,nan,nan,nan,0.0000000000,0.0000000000,0.0000000000,0.0000000000,nan,nan,nan,nan,nan,nan,nan,nan,nan,nan,nan,nan,nan,-0.0071464092,-0.0004279362,-0.0008297703,0.0091985445,0.0003948880,0.0011713684,-0.0166972540,-0.0138985841,-0.0129895899,0.0000000000,0.0000000000,0.0000000000,0.0000000000,0.0000000000,0.0528082587,3.8949999809,3.8956012726,nan,nan,nan,nan,nan,nan,nan,nan,nan,nan,nan,nan,nan,-0.0664302334,-0.0002095653,0.9992767572,-0.0408055596,-0.2146205902,-0.1222371459
-0.0186076313,0.1029684320,0.0909532607,0.0000000000,0.0664332044,0.0000000000,nan,nan,nan,nan,0.0000000000,0.0000000000,0.0000000000,0.0000000000,nan,nan,nan,nan,nan,nan,nan,nan,nan,nan,nan,nan,nan,-0.0071464092,-0.0004279362,-0.0008297703,0.0091985445,0.0003948880,0.0011713684,-0.0166972540,-0.0138985841,-0.0129895899,0.0000000000,0.0000000000,0.0000000000,0.0000000000,0.0000000000,0.0502736978,3.8949999809,3.8956012726,nan,nan,nan,nan,nan,nan,nan,nan,nan,nan,nan,nan,nan,-0.0654716268,-0.0027188454,0.9965518117,0.0179432463,0.0174197052,0.1485304683
-0.0186076313,0.1029684320,0.0909532607,0.0000000000,0.0664332044,0.0000000000,nan,nan,nan,nan,0.0000000000,0.0000000000,0.0000000000,0.0000000000,nan,nan,nan,nan,nan,nan,nan,nan,nan,nan,nan,nan,nan,-0.0088670421,-0.0005957872,-0.0006957470,0.0046365499,0.0001570375,0.0006537151,0.0186464228,0.0022537562,0.0094292201,0.0000000000,0.0000000000,0.0000000000,0.0000000000,0.0000000000,0.0502736978,3.8949999809,3.8956012726,nan,nan,nan,nan,nan,nan,nan,nan,nan,nan,nan,nan,nan,-0.0654716268,-0.0027188454,0.9965518117,0.0179432463,0.0174197052,0.1485304683
-0.0186076313,0.1029684320,0.0909532607,0.0000000000,0.0664332044,0.0000000000,nan,nan,nan,nan,0.0000000000,0.0000000000,0.0000000000,0.0000000000,nan,nan,nan,nan,nan,nan,nan,nan,nan,nan,nan,nan,nan,-0.0088670421,-0.0005957872,-0.0006957470,0.0046365499,0.0001570375,0.0006537151,0.0186464228,0.0022537562,0.0094292201,0.0000000000,0.0000000000,0.0000000000,0.0000000000,0.0000000000,0.0502736978,3.8949999809,3.8956012726,nan,nan,nan,nan,nan,nan,nan,nan,nan,nan,nan,nan,nan,-0.0654716268,-0.0027188454,0.9965518117,0.0179432463,0.0174197052,0.1485304683
-0.0190617945,0.1029384509,0.0909171999,0.0000000000,0.0664332044,0.0000000000,nan,nan,nan,nan,0.0000000000,0.0000000000,0.0000000000,0.0000000000,nan,nan,nan,nan,nan,nan,nan,nan,nan,nan,nan,nan,nan,-0.0088670421,-0.0005957872,-0.0006957470,0.0046365499,0.0001570375,0.0006537151,-0.0046053352,0.0028512848,-0.0112664159,0.0000000000,0.0000000000,0.0000000000,0.0000000000,0.0000000000,0.0502736978,3.8949999809,3.8956012726,nan,nan,nan,nan,nan,nan,nan,nan,nan,nan,nan,nan,nan,-0.0646036118,-0.0006148603,0.9973898530,-0.0227744766,0.2181666493,-0.0574468821
-0.0190617945,0.1029384509,0.0909171999,0.0000000000,0.0664332044,0.0000000000,nan,nan,nan,nan,0.0000000000,0.0000000000,0.0000000000,0.0000000000,nan,nan,nan,nan,nan,nan,nan,nan,nan,nan,nan,nan,nan,-0.0115290275,-0.0009056928,-0.0007119079,0.0006214685,-0.0000608276,0.0002923287,-0.0046053352,0.0028512848,-0.0112664159,0.0000000000,0.0000000000,0.0000000000,0.0000000000,0.0000000000,0.0502736978,3.8949999809,3.8956012726,nan,nan,nan,nan,nan,nan,nan,nan,nan,nan,nan,nan,nan,-0.0646036118,-0.0006148603,0.9973898530,-0.0227744766,0.2181666493,-0.0574468821
-0.0196275804,0.1028972864,0.0908800215,0.0000000000,0.0664332044,0.0000000000,nan,nan,nan,nan,0.0000000000,0.0000000000,0.0000000000,0.0000000000,nan,nan,nan,nan,nan,nan,nan,nan,nan,nan,nan,nan,nan,-0.0115290275,-0.0009056928,-0.0007119079,0.0006214685,-0.0000608276,0.0002923287,-0.0046053352,0.0028512848,-0.0112664159,0.0000000000,0.0000000000,0.0000000000,0.0000000000,0.0000000000,0.0504947156,3.8949999809,3.8956012726,nan,nan,nan,nan,nan,nan,nan,nan,nan,nan,nan,nan,nan,-0.0650343373,-0.0022637954,0.9976873994,-0.4147276878,-0.2365292013,0.3003208935
-0.0196275804,0.1028972864,0.0908800215,0.0000000000,0.0664332044,0.0000000000,nan,nan,nan,nan,0.0000000000,0.0000000000,0.0000000000,0.0000000000,nan,nan,nan,nan,nan,nan,nan,nan,nan,nan,nan,nan,nan,-0.0133404098,-0.0012976812,-0.0008134369,-0.0028560997,-0.0003183979,-0.0000319954,0.0226117205,-0.0120312637,0.0123130670,0.0000000000,0.0000000000,0.0000000000,0.0000000000,0.0000000000,0.0504947156,3.8949999809,3.8956012726,nan,nan,nan,nan,nan,nan,nan,nan,nan,nan,nan,nan,nan,-0.0650343373,-0.0022637954,0.9976873994,-0.4147276878,-0.2365292013,0.3003208935
-0.0196275804,0.1028972864,0.0908800215,0.0000000000,0.0664332044,0.0000000000,nan,nan,nan,nan,0.0000000000,0.0000000000,0.0000000000,0.0000000000,nan,nan,nan,nan,nan,nan,nan,nan,nan,nan,nan,nan,nan,-0.0133404098,-0.0012976812,-0.0008134369,-0.0028560997,-0.0003183979,-0.0000319954,0.0226117205,-0.0120312637,0.0123130670,0.0000000000,0.0000000000,0.0000000000,0.0000000000,0.0000000000,0.0504947156,3.8949999809,3.8956012726,nan,nan,nan,nan,nan,nan,nan,nan,nan,nan,nan,nan,nan,-0.0650343373,-0.0022637954,0.9976873994,-0.4147276878,-0.2365292013,0.3003208935
-0.0203108098,0.1028322577,0.0908367634,0.0000000000,0.0664332044,0.0000000000,nan,nan,nan,nan,0.0000000000,0.0000000000,0.0000000000,0.0000000000,nan,nan,nan,nan,nan,nan,nan,nan,nan,nan,nan,nan,nan,-0.0133404098,-0.0012976812,-0.0008134369,-0.0028560997,-0.0003183979,-0.0000319954,-0.0006801420,-0.0032948824,0.0101870196,0.0000000000,0.0000000000,0.0000000000,0.0000000000,0.0000000000,0.0504947156,3.8949999809,3.8956012726,nan,nan,nan,nan,nan,nan,nan,nan,nan,nan,nan,nan,nan,-0.0634030774,-0.0010807303,0.9992073178,-0.0095867813,0.0037892081,0.1565942317
-0.0203108098,0.1028322577,0.0908367634,0.0000000000,0.0664332044,0.0000000000,nan,nan,nan,nan,0.0000000000,0.0000000000,0.0000000000,0.0000000000,nan,nan,nan,nan,nan,nan,nan,nan,nan,nan,nan,nan,nan,-0.0057486556,-0.0008058155,0.0003545828,0.0088922223,0.0004796073,0.0008394172,-0.0006801420,-0.0032948824,0.0101870196,0.0000000000,0.0000000000,0.0000000000,0.0000000000,0.0000000000,0.0504947156,3.8949999809,3.8956012726,nan,nan,nan,nan,nan,nan,nan,nan,nan,nan,nan,nan,nan,-0.0634030774,-0.0010807303,0.9992073178,-0.0095867813,0.0037892081,0.1565942317
-0.0182681549,0.1029680297,0.0910119563,0.0000000000,0.0664332044,0.0000000000,nan,nan,nan,nan,0.0000000000,0.0000000000,0.0000000000,0.0000000000,nan,nan,nan,nan,nan,nan,nan,nan,nan,nan,nan,nan,nan,-0.0057486556,-0.0008058155,0.0003545828,0.0088922223,0.0004796073,0.0008394172,-0.0006801420,-0.0032948824,0.0101870196,0.0000000000,0.0000000000,0.0000000000,0.0000000000,0.0000000000,0.0514414646,3.8949999809,3.8956012726,nan,nan,nan,nan,nan,nan,nan,nan,nan,nan,nan,nan,nan,-0.0630759224,0.0014683743,0.9999351501,-0.0223637316,0.1704054326,-0.0965288952
-0.0182681549,0.1029680297,0.0910119563,0.0000000000,0.0664332044,0.0000000000,nan,nan,nan,nan,0.0000000000,0.0000000000,0.0000000000,0.0000000000,nan,nan,nan,nan,nan,nan,nan,nan,nan,nan,nan,nan,nan,-0.0072099180,-0.0005090511,0.0004621368,0.0046733604,0.0001949179,0.0007047643,0.0271946769,-0.0199418142,-0.0051525668,0.0000000000,0.0000000000,0.0000000000,0.0000000000,0.0000000000,0.0514414646,3.8949999809,3.8956012726,nan,nan,nan,nan,nan,nan,nan,nan,nan,nan,nan,nan,nan,-0.0630759224,0.0014683743,0.9999351501,-0.0223637316,0.1704054326,-0.0965288952
-0.0182681549,0.1029680297,0.0910119563,0.0000000000,0.0664332044,0.0000000000,nan,nan,nan,nan,0.0000000000,0.0000000000,0.0000000000,0.0000000000,nan,nan,nan,nan,nan,nan,nan,nan,nan,nan,nan,nan,nan,-0.0072099180,-0.0005090511,0.0004621368,0.0046733604,0.0001949179,0.0007047643,0.0271946769,-0.0199418142,-0.0051525668,0.0000000000,0.0000000000,0.0000000000,0.0000000000,0.0000000000,0.0514414646,3.8949999809,3.8956012726,nan,nan,nan,nan,nan,nan,nan,nan,nan,nan,nan,nan,nan,-0.0630759224,0.0014683743,0.9999351501,-0.0223637316,0.1704054326,-0.0965288952
-0.0186447445,0.1029385179,0.0910279974,0.0000000000,0.0664332044,0.0000000000,nan,nan,nan,nan,0.0000000000,0.0000000000,0.0000000000,0.0000000000,nan,nan,nan,nan,nan,nan,nan,nan,nan,nan,nan,nan,nan,-0.0072099180,-0.0005090511,0.0004621368,0.0046733604,0.0001949179,0.0007047643,0.0073054619,-0.0011262130,-0.0050367918,0.0000000000,0.0000000000,0.0000000000,0.0000000000,0.0000000000,0.0514414646,3.8949999809,3.8956012726,nan,nan,nan,nan,nan,nan,nan,nan,nan,nan,nan,nan,nan,-0.0646790639,0.0008727583,0.9956949353,0.0344726741,-0.0110620856,-0.0572064742
-0.0186447445,0.1029385179,0.0910279974,0.0000000000,0.0664332044,0.0000000000,nan,nan,nan,nan,0.0000000000,0.0000000000,0.0000000000,0.0000000000,nan,nan,nan,nan,nan,nan,nan,nan,nan,nan,nan,nan,nan,-0.0080451481,-0.0007075526,-0.0002847119,0.0036799265,0.0001796776,0.0004545988,0.0073054619,-0.0011262130,-0.0050367918,0.0000000000,0.0000000000,0.0000000000,0.0000000000,0.0000000000,0.0514414646,3.8949999809,3.8956012726,nan,nan,nan,nan,nan,nan,nan,nan,nan,nan,nan,nan,nan,-0.0646790639,0.0008727583,0.9956949353,0.0344726741,-0.0110620856,-0.0572064742
-0.0186321884,0.1029483527,0.0909998789,0.0000000000,0.0664332044,0.0000000000,nan,nan,nan,nan,0.0000000000,0.0000000000,0.0000000000,0.0000000000,nan,nan,nan,nan,nan,nan,nan,nan,nan,nan,nan,nan,nan,-0.0080451481,-0.0007075526,-0.0002847119,0.0036799265,0.0001796776,0.0004545988,0.0073054619,-0.0011262130,-0.0050367918,0.0000000000,0.0000000000,0.0000000000,0.0000000000,0.0000000000,0.0483109020,3.8949999809,3.8956012726,nan,nan,nan,nan,nan,nan,nan,nan,nan,nan,nan,nan,nan,-0.0653474480,-0.0001792416,0.9979811311,0.0381739698,0.1298034489,-0.1116831303
-0.0186321884,0.1029483527,0.0909998789,0.0000000000,0.0664332044,0.0000000000,nan,nan,nan,nan,0.0000000000,0.0000000000,0.0000000000,0.0000000000,nan,nan,nan,nan,nan,nan,nan,nan,nan,nan,nan,nan,nan,-0.0080451481,-0.0007075526,-0.0002847119,0.0002743069,0.0000111126,0.0002351035,-0.0009313175,0.0111026913,-0.0062103281,0.0000000000,0.0000000000,0.0000000000,0.0000000000,0.0000000000,0.0483109020,3.8949999809,3.8956012726,nan,nan,nan,nan,nan,nan,nan,nan,nan,nan,nan,nan,nan,-0.0653474480,-0.0001792416,0.9979811311,0.0381739698,0.1298034489,-0.1116831303
-0.0186321884,0.1029483527,0.0909998789,0.0000000000,0.0664332044,0.0000000000,nan,nan,nan,nan,0.0000000000,0.0000000000,0.0000000000,0.0000000000,nan,nan,nan,nan,nan,nan,nan,nan,nan,nan,nan,nan,nan,-0.0099769672,-0.0002382154,-0.0003887778,0.0002743069,0.0000111126,0.0002351035,-0.0009313175,0.0111026913,-0.0062103281,0.0000000000,0.0000000000,0.0000000000,0.0000000000,0.0000000000,0.0483109020,3.8949999809,3.8956012726,nan,nan,nan,nan,nan,nan,nan,nan,nan,nan,nan,nan,nan,-0.0653474480,-0.0001792416,0.9979811311,0.0381739698,0.1298034489,-0.1116831303
-0.0191511009,0.1029359102,0.0909720361,0.0000000000,0.0664332044,0.0000000000,nan,nan,nan,nan,0.0000000000,0.0000000000,0.0000000000,0.0000000000,nan,nan,nan,nan,nan,nan,nan,nan,nan,nan,nan,nan,nan,-0.0099769672,-0.0002382154,-0.0003887778,0.0002743069,0.0000111126,0.0002351035,0.0093767773,0.0045341551,-0.0036814071,0.0000000000,0.0000000000,0.0000000000,0.0000000000,0.0000000000,0.0483109020,3.8949999809,3.8956012726,nan,nan,nan,nan,nan,nan,nan,nan,nan,nan,nan,nan,nan,-0.0649058297,-0.0003212772,0.9976899624,0.1059098691,0.0036821060,-0.0332961753
-0.0191511009,0.1029359102,0.0909720361,0.0000000000,0.0664332044,0.0000000000,nan,nan,nan,nan,0.0000000000,0.0000000000,0.0000000000,0.0000000000,nan,nan,nan,nan,nan,nan,nan,nan,nan,nan,nan,nan,nan,-0.0080182711,0.0001471061,-0.0007160763,0.0029816239,0.0002664254,0.0002009216,0.0093767773,0.0045341551,-0.0036814071,0.0000000000,0.0000000000,0.0000000000,0.0000000000,0.0000000000,0.0483109020,3.8949999809,3.8956012726,nan,nan,nan,nan,nan,nan,nan,nan,nan,nan,nan,nan,nan,-0.0649058297,-0.0003212772,0.9976899624,0.1059098691,0.0036821060,-0.0332961753
-0.0186397750,0.1029898450,0.0909742936,0.0000000000,0.0664332044,0.0000000000,nan,nan,nan,nan,0.0000000000,0.0000000000,0.0000000000,0.0000000000,nan,nan,nan,nan,nan,nan,nan,nan,nan,nan,nan,nan,nan,-0.0080182711,0.0001471061,-0.0007160763,0.0029816239,0.0002664254,0.0002009216,0.0093767773,0.0045341551,-0.0036814071,0.0000000000,0.0000000000,0.0000000000,0.0000000000,0.0000000000,0.0450353883,3.8949999809,3.8956012726,nan,nan,nan,nan,nan,nan,nan,nan,nan,nan,nan,nan,nan,-0.0644872487,-0.0015054005,0.9957686663,0.2526618242,-0.1075798497,0.0040056524
-0.0186397750,0.1029898450,0.0909742936,0.0000000000,0.0664332044,0.0000000000,nan,nan,nan,nan,0.0000000000,0.0000000000,0.0000000000,0.0000000000,nan,nan,nan,nan,nan,nan,nan,nan,nan,nan,nan,nan,nan,-0.0097463606,-0.0000914145,-0.0009519015,-0.0001991515,0.0002172994,-0.0000585437,0.0055229529,-0.0116012432,-0.0183193274,0.0000000000,0.0000000000,0.0000000000,0.0000000000,0.0000000000,0.0450353883,3.8949999809,3.8956012726,nan,nan,nan,nan,nan,nan,nan,nan,nan,nan,nan,nan,nan,-0.0644872487,-0.0015054005,0.9957686663,0.2526618242,-0.1075798497,0.0040056524
-0.0186397750,0.1029898450,0.0909742936,0.0000000000,0.0664332044,0.0000000000,nan,nan,nan,nan,0.0000000000,0.0000000000,0.0000000000,0.0000000000,nan,nan,nan,nan,nan,nan,nan,nan,nan,nan,nan,nan,nan,-0.0097463606,-0.0000914145,-0.0009519015,-0.0001991515,0.0002172994,-0.0000585437,0.0055229529,-0.0116012432,-0.0183193274,0.0000000000,0.0000000000,0.0000000000,0.0000000000,0.0000000000,0.0450353883,3.8949999809,3.8956012726,nan,nan,nan,nan,nan,nan,nan,nan,nan,nan,nan,nan,nan,-0.0644872487,-0.0015054005,0.9957686663,0.2526618242,-0.1075798497,0.0040056524
-0.0191452578,0.1029871255,0.0909268185,0.0000000000,0.0664332044,0.0000000000,nan,nan,nan,nan,0.0000000000,0.0000000000,0.0000000000,0.0000000000,nan,nan,nan,nan,nan,nan,nan,nan,nan,nan,nan,nan,nan,-0.0097463606,-0.0000914145,-0.0009519015,-0.0001991515,0.0002172994,-0.0000585437,0.0121987863,0.0041634226,-0.0176702868,0.0000000000,0.0000000000,0.0000000000,0.0000000000,0.0000000000,0.0450353883,3.8949999809,3.8956012726,nan,nan,nan,nan,nan,nan,nan,nan,nan,nan,nan,nan,nan,-0.0631412268,0.0007626952,0.9971403480,0.1863899231,0.3382210433,-0.0989211425
-0.0191452578,0.1029871255,0.0909268185,0.0000000000,0.0664332044,0.0000000000,nan,nan,nan,nan,0.0000000000,0.0000000000,0.0000000000,0.0000000000,nan,nan,nan,nan,nan,nan,nan,nan,nan,nan,nan,nan,nan,-0.0075833998,0.0000247396,-0.0005952367,0.0026552679,0.0002121190,0.0001286262,0.0121987863,0.0041634226,-0.0176702868,0.0000000000,0.0000000000,0.0000000000,0.0000000000,0.0000000000,0.0450353883,3.8949999809,3.8956012726,nan,nan,nan,nan,nan,nan,nan,nan,nan,nan,nan,nan,nan,-0.0631412268,0.0007626952,0.9971403480,0.1863899231,0.3382210433,-0.0989211425
-0.0186283775,0.1029978320,0.0909615457,0.0000000000,0.0664332044,0.0000000000,nan,nan,nan,nan,0.0000000000,0.0000000000,0.0000000000,0.0000000000,nan,nan,nan,nan,nan,nan,nan,nan,nan,nan,nan,nan,nan,-0.0075833998,0.0000247396,-0.0005952367,0.0026552679,0.0002121190,0.0001286262,0.0121987863,0.0041634226,-0.0176702868,0.0000000000,0.0000000000,0.0000000000,0.0000000000,0.0000000000,0.0434419960,3.8949999809,3.8956012726,nan,nan,nan,nan,nan,nan,nan,nan,nan,nan,nan,nan,nan,-0.0665633157,-0.0006877563,0.9976865649,-0.0079109222,-0.0278909467,0.1380484104
-0.0186283775,0.1029978320,0.0909615457,0.0000000000,0.0664332044,0.0000000000,nan,nan,nan,nan,0.0000000000,0.0000000000,0.0000000000,0.0000000000,nan,nan,nan,nan,nan,nan,nan,nan,nan,nan,nan,nan,nan,-0.0095549431,-0.0002686001,-0.0007040492,-0.0003593362,0.0001295449,-0.0001136044,0.0140750231,-0.0119534489,0.0162026361,0.0000000000,0.0000000000,0.0000000000,0.0000000000,0.0000000000,0.0434419960,3.8949999809,3.8956012726,nan,nan,nan,nan,nan,nan,nan,nan,nan,nan,nan,nan,nan,-0.0665633157,-0.0006877563,0.9976865649,-0.0079109222,-0.0278909467,0.1380484104
-0.0186283775,0.1029978320,0.0909615457,0.0000000000,0.0664332044,0.0000000000,nan,nan,nan,nan,0.0000000000,0.0000000000,0.0000000000,0.0000000000,nan,nan,nan,nan,nan,nan,nan,nan,nan,nan,nan,nan,nan,-0.0095549431,-0.0002686001,-0.0007040492,-0.0003593362,0.0001295449,-0.0001136044,0.0140750231,-0.0119534489,0.0162026361,0.0000000000,0.0000000000,0.0000000000,0.0000000000,0.0000000000,0.0434419960,3.8949999809,3.8956012726,nan,nan,nan,nan,nan,nan,nan,nan,nan,nan,nan,nan,nan,-0.0665633157,-0.0006877563,0.9976865649,-0.0079109222,-0.0278909467,0.1380484104
-0.0191220790,0.1029855385,0.0909178481,0.0000000000,0.0664332044,0.0000000000,nan,nan,nan,nan,0.0000000000,0.0000000000,0.0000000000,0.0000000000,nan,nan,nan,nan,nan,nan,nan,nan,nan,nan,nan,nan,nan,-0.0095549431,-0.0002686001,-0.0007040492,-0.0003593362,0.0001295449,-0.0001136044,-0.0009721675,-0.0226454604,-0.0088731498,0.0000000000,0.0000000000,0.0000000000,0.0000000000,0.0000000000,0.0434419960,3.8949999809,3.8956012726,nan,nan,nan,nan,nan,nan,nan,nan,nan,nan,nan,nan,nan,-0.0658576861,-0.0021734915,0.9963780642,0.1661219746,-0.0567618683,0.1317902356
-0.0191220790,0.1029855385,0.0909178481,0.0000000000,0.0664332044,0.0000000000,nan,nan,nan,nan,0.0000000000,0.0000000000,0.0000000000,0.0000000000,nan,nan,nan,nan,nan,nan,nan,nan,nan,nan,nan,nan,nan,-0.0072292783,-0.0004510207,-0.0006871636,0.0042837937,0.0001062577,0.0002273434,-0.0009721675,-0.0226454604,-0.0088731498,0.0000000000,0.0000000000,0.0000000000,0.0000000000,0.0000000000,0.0434419960,3.8949999809,3.8956012726,nan,nan,nan,nan,nan,nan,nan,nan,nan,nan,nan,nan,nan,-0.0658576861,-0.0021734915,0.9963780642,0.1661219746,-0.0567618683,0.1317902356
-0.0183295254,0.1029814482,0.0909643173,0.0000000000,0.0664332044,0.0000000000,nan,nan,nan,nan,0.0000000000,0.0000000000,0.0000000000,0.0000000000,nan,nan,nan,nan,nan,nan,nan,nan,nan,nan,nan,nan,nan,-0.0072292783,-0.0004510207,-0.0006871636,0.0042837937,0.0001062577,0.0002273434,-0.0009721675,-0.0226454604,-0.0088731498,0.0000000000,0.0000000000,0.0000000000,0.0000000000,0.0000000000,0.0451493710,3.8949999809,3.8956012726,nan,nan,nan,nan,nan,nan,nan,nan,nan,nan,nan,nan,nan,-0.0654376149,-0.0015848713,0.9952647090,0.1909829676,0.0616363361,-0.0267543402
-0.0183295254,0.1029814482,0.0909643173,0.0000000000,0.0664332044,0.0000000000,nan,nan,nan,nan,0.0000000000,0.0000000000,0.0000000000,0.0000000000,nan,nan,nan,nan,nan,nan,nan,nan,nan,nan,nan,nan,nan,-0.0092620915,-0.0002985102,-0.0016943706,0.0009082010,-0.0000389843,-0.0001651812,0.0063459137,0.0181128457,-0.0217931587,0.0000000000,0.0000000000,0.0000000000,0.0000000000,0.0000000000,0.0451493710,3.8949999809,3.8956012726,nan,nan,nan,nan,nan,nan,nan,nan,nan,nan,nan,nan,nan,-0.0654376149,-0.0015848713,0.9952647090,0.1909829676,0.0616363361,-0.0267543402
-0.0183295254,0.1029814482,0.0909643173,0.0000000000,0.0664332044,0.0000000000,nan,nan,nan,nan,0.0000000000,0.0000000000,0.0000000000,0.0000000000,nan,nan,nan,nan,nan,nan,nan,nan,nan,nan,nan,nan,nan,-0.0092620915,-0.0002985102,-0.0016943706,0.0009082010,-0.0000389843,-0.0001651812,0.0063459137,0.0181128457,-0.0217931587,0.0000000000,0.0000000000,0.0000000000,0.0000000000,0.0000000000,0.0451493710,3.8949999809,3.8956012726,nan,nan,nan,nan,nan,nan,nan,nan,nan,nan,nan,nan,nan,-0.0654376149,-0.0015848713,0.9952647090,0.1909829676,0.0616363361,-0.0267543402
-0.0188105088,0.1029685587,0.0908746719,0.0000000000,0.0664332044,0.0000000000,nan,nan,nan,nan,0.0000000000,0.0000000000,0.0000000000,0.0000000000,nan,nan,nan,nan,nan,nan,nan,nan,nan,nan,nan,nan,nan,-0.0092620915,-0.0002985102,-0.0016943706,0.0009082010,-0.0000389843,-0.0001651812,-0.0086585656,0.0082380921,-0.0075680516,0.0000000000,0.0000000000,0.0000000000,0.0000000000,0.0000000000,0.0451493710,3.8949999809,3.8956012726,nan,nan,nan,nan,nan,nan,nan,nan,nan,nan,nan,nan,nan,-0.0662555397,-0.0004302454,0.9940112233,0.1376216263,0.0569158345,-0.2189802676
-0.0188105088,0.1029685587,0.0908746719,0.0000000000,0.0664332044,0.0000000000,nan,nan,nan,nan,0.0000000000,0.0000000000,0.0000000000,0.0000000000,nan,nan,nan,nan,nan,nan,nan,nan,nan,nan,nan,nan,nan,-0.0097347964,0.0001922744,-0.0017305377,0.0015248127,0.0000787529,-0.0000048981,-0.0086585656,0.0082380921,-0.0075680516,0.0000000000,0.0000000000,0.0000000000,0.0000000000,0.0000000000,0.0451493710,3.8949999809,3.8956012726,nan,nan,nan,nan,nan,nan,nan,nan,nan,nan,nan,nan,nan,-0.0662555397,-0.0004302454,0.9940112233,0.1376216263,0.0569158345,-0.2189802676
-0.0187130049,0.1029931307,0.0908879787,0.0000000000,0.0664332044,0.0000000000,nan,nan,nan,nan,0.0000000000,0.0000000000,0.0000000000,0.0000000000,nan,nan,nan,nan,nan,nan,nan,nan,nan,nan,nan,nan,nan,-0.0097347964,0.0001922744,-0.0017305377,0.0015248127,0.0000787529,-0.0000048981,-0.0086585656,0.0082380921,-0.0075680516,0.0000000000,0.0000000000,0.0000000000,0.0000000000,0.0000000000,0.0444336720,3.8949999809,3.8956012726,nan,nan,nan,nan,nan,nan,nan,nan,nan,nan,nan,nan,nan,-0.0670427829,-0.0013443268,0.9984015226,-0.1092166603,-0.3183353245,-0.0297616273
-0.0187130049,0.1029931307,0.0908879787,0.0000000000,0.0664332044,0.0000000000,nan,nan,nan,nan,0.0000000000,0.0000000000,0.0000000000,0.0000000000,nan,nan,nan,nan,nan,nan,nan,nan,nan,nan,nan,nan,nan,-0.0122569380,0.0000669216,-0.0018740353,-0.0018236710,0.0000612603,-0.0005079323,0.0043250839,0.0208375528,-0.0104425428,0.0000000000,0.0000000000,0.0000000000,0.0000000000,0.0000000000,0.0444336720,3.8949999809,3.8956012726,nan,nan,nan,nan,nan,nan,nan,nan,nan,nan,nan,nan,nan,-0.0670427829,-0.0013443268,0.9984015226,-0.1092166603,-0.3183353245,-0.0297616273
-0.0187130049,0.1029931307,0.0908879787,0.0000000000,0.0664332044,0.0000000000,nan,nan,nan,nan,0.0000000000,0.0000000000,0.0000000000,0.0000000000,nan,nan,nan,nan,nan,nan,nan,nan,nan,nan,nan,nan,nan,-0.0122569380,0.0000669216,-0.0018740353,-0.0018236710,0.0000612603,-0.0005079323,0.0043250839,0.0208375528,-0.0104425428,0.0000000000,0.0000000000,0.0000000000,0.0000000000,0.0000000000,0.0444336720,3.8949999809,3.8956012726,nan,nan,nan,nan,nan,nan,nan,nan,nan,nan,nan,nan,nan,-0.0670427829,-0.0013443268,0.9984015226,-0.1092166603,-0.3183353245,-0.0297616273
-0.0193366352,0.1029994637,0.0907870308,0.0000000000,0.0664332044,0.0000000000,nan,nan,nan,nan,0.0000000000,0.0000000000,0.0000000000,0.0000000000,nan,nan,nan,nan,nan,nan,nan,nan,nan,nan,nan,nan,nan,-0.0122569380,0.0000669216,-0.0018740353,-0.0018236710,0.0000612603,-0.0005079323,0.0244599208,-0.0118400492,0.0112675847,0.0000000000,0.0000000000,0.0000000000,0.0000000000,0.0000000000,0.0444336720,3.8949999809,3.8956012726,nan,nan,nan,nan,nan,nan,nan,nan,nan,nan,nan,nan,nan,-0.0620274879,-0.0019716078,0.9971792102,0.0539095663,-0.0023726276,0.2378217131
-0.0193366352,0.1029994637,0.0907870308,0.0000000000,0.0664332044,0.0000000000,nan,nan,nan,nan,0.0000000000,0.0000000000,0.0000000000,0.0000000000,nan,nan,nan,nan,nan,nan,nan,nan,nan,nan,nan,nan,nan,-0.0069983033,0.0002977927,-0.0005344240,-0.0050291633,0.0001321294,-0.0009700002,0.0244599208,-0.0118400492,0.0112675847,0.0000000000,0.0000000000,0.0000000000,0.0000000000,0.0000000000,0.0444336720,3.8949999809,3.8956012726,nan,nan,nan,nan,nan,nan,nan,nan,nan,nan,nan,nan,nan,-0.0620274879,-0.0019716078,0.9971792102,0.0539095663,-0.0023726276,0.2378217131
-0.0182645768,0.1030101329,0.0909746438,0.0000000000,0.0664332044,0.0000000000,nan,nan,nan,nan,0.0000000000,0.0000000000,0.0000000000,0.0000000000,nan,nan,nan,nan,nan,nan,nan,nan,nan,nan,nan,nan,nan,-0.0069983033,0.0002977927,-0.0005344240,-0.0050291633,0.0001321294,-0.0009700002,0.0244599208,-0.0118400492,0.0112675847,0.0000000000,0.0000000000,0.0000000000,0.0000000000,0.0000000000,0.0445621386,3.8949999809,3.8956012726,nan,nan,nan,nan,nan,nan,nan,nan,nan,nan,nan,nan,nan,-0.0657008290,-0.0007441666,0.9977324009,-0.0374455862,0.0455615111,-0.0961159617
-0.0182645768,0.1030101329,0.0909746438,0.0000000000,0.0664332044,0.0000000000,nan,nan,nan,nan,0.0000000000,0.0000000000,0.0000000000,0.0000000000,nan,nan,nan,nan,nan,nan,nan,nan,nan,nan,nan,nan,nan,-0.0085265748,0.0004901701,-0.0009078272,0.0014480044,0.0001603659,0.0002442943,0.0001299823,0.0157795101,-0.0068891896,0.0000000000,0.0000000000,0.0000000000,0.0000000000,0.0000000000,0.0445621386,3.8949999809,3.8956012726,nan,nan,nan,nan,nan,nan,nan,nan,nan,nan,nan,nan,nan,-0.0657008290,-0.0007441666,0.9977324009,-0.0374455862,0.0455615111,-0.0961159617
-0.0182645768,0.1030101329,0.0909746438,0.0000000000,0.0664332044,0.0000000000,nan,nan,nan,nan,0.0000000000,0.0000000000,0.0000000000,0.0000000000,nan,nan,nan,nan,nan,nan,nan,nan,nan,nan,nan,nan,nan,-0.0085265748,0.0004901701,-0.0009078272,0.0014480044,0.0001603659,0.0002442943,0.0001299823,0.0157795101,-0.0068891896,0.0000000000,0.0000000000,0.0000000000,0.0000000000,0.0000000000,0.0445621386,3.8949999809,3.8956012726,nan,nan,nan,nan,nan,nan,nan,nan,nan,nan,nan,nan,nan,-0.0657008290,-0.0007441666,0.9977324009,-0.0374455862,0.0455615111,-0.0961159617
-0.0186959598,0.1030317768,0.0909227207,0.0000000000,0.0664332044,0.0000000000,nan,nan,nan,nan,0.0000000000,0.0000000000,0.0000000000,0.0000000000,nan,nan,nan,nan,nan,nan,nan,nan,nan,nan,nan,nan,nan,-0.0085265748,0.0004901701,-0.0009078272,0.0014480044,0.0001603659,0.0002442943,-0.0071128299,0.0082135862,-0.0145502118,0.0000000000,0.0000000000,0.0000000000,0.0000000000,0.0000000000,0.0445621386,3.8949999809,3.8956012726,nan,nan,nan,nan,nan,nan,nan,nan,nan,nan,nan,nan,nan,-0.0664414763,-0.0006886935,0.9969555736,0.2569423914,0.0021842027,0.1549452245
-0.0186959598,0.1030317768,0.0909227207,0.0000000000,0.0664332044,0.0000000000,nan,nan,nan,nan,0.0000000000,0.0000000000,0.0000000000,0.0000000000,nan,nan,nan,nan,nan,nan,nan,nan,nan,nan,nan,nan,nan,-0.0080381539,0.0003210956,-0.0011055713,0.0021630058,0.0000763947,0.0003250764,-0.0071128299,0.0082135862,-0.0145502118,0.0000000000,0.0000000000,0.0000000000,0.0000000000,0.0000000000,0.0445621386,3.8949999809,3.8956012726,nan,nan,nan,nan,nan,nan,nan,nan,nan,nan,nan,nan,nan,-0.0664414763,-0.0006886935,0.9969555736,0.2569423914,0.0021842027,0.1549452245
-0.0185522940,0.1030221581,0.0909415036,0.0000000000,0.0664332044,0.0000000000,nan,nan,nan,nan,0.0000000000,0.0000000000,0.0000000000,0.0000000000,nan,nan,nan,nan,nan,nan,nan,nan,nan,nan,nan,nan,nan,-0.0080381539,0.0003210956,-0.0011055713,0.0021630058,0.0000763947,0.0003250764,-0.0071128299,0.0082135862,-0.0145502118,0.0000000000,0.0000000000,0.0000000000,0.0000000000,0.0000000000,0.0423493758,3.8949999809,3.8956012726,nan,nan,nan,nan,nan,nan,nan,nan,nan,nan,nan,nan,nan,-0.0662105829,-0.0013893960,0.9962117076,-0.0663245991,0.0889774114,0.1781059057
-0.0185522940,0.1030221581,0.0909415036,0.0000000000,0.0664332044,0.0000000000,nan,nan,nan,nan,0.0000000000,0.0000000000,0.0000000000,0.0000000000,nan,nan,nan,nan,nan,nan,nan,nan,nan,nan,nan,nan,nan,-0.0080381539,0.0003210956,-0.0011055713,-0.0008295195,0.0001193576,-0.0000575176,0.0042658499,-0.0033484839,0.0054098442,0.0000000000,0.0000000000,0.0000000000,0.0000000000,0.0000000000,0.0423493758,3.8949999809,3.8956012726,nan,nan,nan,nan,nan,nan,nan,nan,nan,nan,nan,nan,nan,-0.0662105829,-0.0013893960,0.9962117076,-0.0663245991,0.0889774114,0.1781059057
-0.0185522940,0.1030221581,0.0909415036,0.0000000000,0.0664332044,0.0000000000,nan,nan,nan,nan,0.0000000000,0.0000000000,0.0000000000,0.0000000000,nan,nan,nan,nan,nan,nan,nan,nan,nan,nan,nan,nan,nan,-0.0100346794,0.0001628698,-0.0010679589,-0.0008295195,0.0001193576,-0.0000575176,0.0042658499,-0.0033484839,0.0054098442,0.0000000000,0.0000000000,0.0000000000,0.0000000000,0.0000000000,0.0423493758,3.8949999809,3.8956012726,nan,nan,nan,nan,nan,nan,nan,nan,nan,nan,nan,nan,nan,-0.0662105829,-0.0013893960,0.9962117076,-0.0663245991,0.0889774114,0.1781059057
-0.0190683771,0.1030332521,0.0908817351,0.0000000000,0.0664332044,0.0000000000,nan,nan,nan,nan,0.0000000000,0.0000000000,0.0000000000,0.0000000000,nan,nan,nan,nan,nan,nan,nan,nan,nan,nan,nan,nan,nan,-0.0100346794,0.0001628698,-0.0010679589,-0.0008295195,0.0001193576,-0.0000575176,0.0268379860,-0.0062222835,-0.0168645401,0.0000000000,0.0000000000,0.0000000000,0.0000000000,0.0000000000,0.0423493758,3.8949999809,3.8956012726,nan,nan,nan,nan,nan,nan,nan,nan,nan,nan,nan,nan,nan,-0.0641026720,0.0000040579,0.9974259138,0.2143135071,-0.0593730360,0.1981228143
-0.0190683771,0.1030332521,0.0908817351,0.0000000000,0.0664332044,0.0000000000,nan,nan,nan,nan,0.0000000000,0.0000000000,0.0000000000,0.0000000000,nan,nan,nan,nan,nan,nan,nan,nan,nan,nan,nan,nan,nan,-0.0065063681,-0.0000407172,-0.0004836085,-0.0036415877,0.0001599823,-0.0004013350,0.0268379860,-0.0062222835,-0.0168645401,0.0000000000,0.0000000000,0.0000000000,0.0000000000,0.0000000000,0.0423493758,3.8949999809,3.8956012726,nan,nan,nan,nan,nan,nan,nan,nan,nan,nan,nan,nan,nan,-0.0641026720,0.0000040579,0.9974259138,0.2143135071,-0.0593730360,0.1981228143
-0.0182448439,0.1030006558,0.0909778923,0.0000000000,0.0664332044,0.0000000000,nan,nan,nan,nan,0.0000000000,0.0000000000,0.0000000000,0.0000000000,nan,nan,nan,nan,nan,nan,nan,nan,nan,nan,nan,nan,nan,-0.0065063681,-0.0000407172,-0.0004836085,-0.0036415877,0.0001599823,-0.0004013350,0.0268379860,-0.0062222835,-0.0168645401,0.0000000000,0.0000000000,0.0000000000,0.0000000000,0.0000000000,0.0397107527,3.8949999809,3.8956012726,nan,nan,nan,nan,nan,nan,nan,nan,nan,nan,nan,nan,nan,-0.0627694204,-0.0023156411,0.9986864924,-0.0671227798,-0.0486309938,0.1772073060
-0.0182448439,0.1030006558,0.0909778923,0.0000000000,0.0664332044,0.0000000000,nan,nan,nan,nan,0.0000000000,0.0000000000,0.0000000000,0.0000000000,nan,nan,nan,nan,nan,nan,nan,nan,nan,nan,nan,nan,nan,-0.0079063615,-0.0002907624,-0.0007057367,0.0012950080,-0.0000903843,0.0001847822,0.0150832552,0.0004860101,0.0037492348,0.0000000000,0.0000000000,0.0000000000,0.0000000000,0.0000000000,0.0397107527,3.8949999809,3.8956012726,nan,nan,nan,nan,nan,nan,nan,nan,nan,nan,nan,nan,nan,-0.0627694204,-0.0023156411,0.9986864924,-0.0671227798,-0.0486309938,0.1772073060
-0.0182448439,0.1030006558,0.0909778923,0.0000000000,0.0664332044,0.0000000000,nan,nan,nan,nan,0.0000000000,0.0000000000,0.0000000000,0.0000000000,nan,nan,nan,nan,nan,nan,nan,nan,nan,nan,nan,nan,nan,-0.0079063615,-0.0002907624,-0.0007057367,0.0012950080,-0.0000903843,0.0001847822,0.0150832552,0.0004860101,0.0037492348,0.0000000000,0.0000000000,0.0000000000,0.0000000000,0.0000000000,0.0397107527,3.8949999809,3.8956012726,nan,nan,nan,nan,nan,nan,nan,nan,nan,nan,nan,nan,nan,-0.0627694204,-0.0023156411,0.9986864924,-0.0671227798,-0.0486309938,0.1772073060
-0.0186586566,0.1029859036,0.0909333080,0.0000000000,0.0664332044,0.0000000000,nan,nan,nan,nan,0.0000000000,0.0000000000,0.0000000000,0.0000000000,nan,nan,nan,nan,nan,nan,nan,nan,nan,nan,nan,nan,nan,-0.0079063615,-0.0002907624,-0.0007057367,0.0012950080,-0.0000903843,0.0001847822,-0.0042738984,-0.0070519894,-0.0253704842,0.0000000000,0.0000000000,0.0000000000,0.0000000000,0.0000000000,0.0397107527,3.8949999809,3.8956012726,nan,nan,nan,nan,nan,nan,nan,nan,nan,nan,nan,nan,nan,-0.0626500547,-0.0011477827,0.9961410761,0.1620634049,0.1864547580,0.1215107217
-0.0186586566,0.1029859036,0.0909333080,0.0000000000,0.0664332044,0.0000000000,nan,nan,nan,nan,0.0000000000,0.0000000000,0.0000000000,0.0000000000,nan,nan,nan,nan,nan,nan,nan,nan,nan,nan,nan,nan,nan,-0.0107804490,-0.0006674420,-0.0018616857,-0.0015612396,-0.0001682049,-0.0001867347,-0.0042738984,-0.0070519894,-0.0253704842,0.0000000000,0.0000000000,0.0000000000,0.0000000000,0.0000000000,0.0397107527,3.8949999809,3.8956012726,nan,nan,nan,nan,nan,nan,nan,nan,nan,nan,nan,nan,nan,-0.0626500547,-0.0011477827,0.9961410761,0.1620634049,0.1864547580,0.1215107217
-0.0191841181,0.1029602513,0.0908453688,0.0000000000,0.0664332044,0.0000000000,nan,nan,nan,nan,0.0000000000,0.0000000000,0.0000000000,0.0000000000,nan,nan,nan,nan,nan,nan,nan,nan,nan,nan,nan,nan,nan,-0.0107804490,-0.0006674420,-0.0018616857,-0.0015612396,-0.0001682049,-0.0001867347,-0.0042738984,-0.0070519894,-0.0253704842,0.0000000000,0.0000000000,0.0000000000,0.0000000000,0.0000000000,0.0423053950,3.8949999809,3.8956012726,nan,nan,nan,nan,nan,nan,nan,nan,nan,nan,nan,nan,nan,-0.0655027330,0.0002082847,0.9979511499,-0.1704708189,0.2648781836,-0.0287307706
-0.0191841181,0.1029602513,0.0908453688,0.0000000000,0.0664332044,0.0000000000,nan,nan,nan,nan,0.0000000000,0.0000000000,0.0000000000,0.0000000000,nan,nan,nan,nan,nan,nan,nan,nan,nan,nan,nan,nan,nan,-0.0107804490,-0.0006674420,-0.0018616857,-0.0042853341,-0.0002690232,-0.0006837434,-0.0046197544,0.0079229912,-0.0250816327,0.0000000000,0.0000000000,0.0000000000,0.0000000000,0.0000000000,0.0423053950,3.8949999809,3.8956012726,nan,nan,nan,nan,nan,nan,nan,nan,nan,nan,nan,nan,nan,-0.0655027330,0.0002082847,0.9979511499,-0.1704708189,0.2648781836,-0.0287307706
-0.0191841181,0.1029602513,0.0908453688,0.0000000000,0.0664332044,0.0000000000,nan,nan,nan,nan,0.0000000000,0.0000000000,0.0000000000,0.0000000000,nan,nan,nan,nan,nan,nan,nan,nan,nan,nan,nan,nan,nan,-0.0136344824,-0.0004768622,-0.0022302447,-0.0042853341,-0.0002690232,-0.0006837434,-0.0046197544,0.0079229912,-0.0250816327,0.0000000000,0.0000000000,0.0000000000,0.0000000000,0.0000000000,0.0423053950,3.8949999809,3.8956012726,nan,nan,nan,nan,nan,nan,nan,nan,nan,nan,nan,nan,nan,-0.0655027330,0.0002082847,0.9979511499,-0.1704708189,0.2648781836,-0.0287307706
-0.0198604204,0.1029345766,0.0907301307,0.0000000000,0.0664332044,0.0000000000,nan,nan,nan,nan,0.0000000000,0.0000000000,0.0000000000,0.0000000000,nan,nan,nan,nan,nan,nan,nan,nan,nan,nan,nan,nan,nan,-0.0136344824,-0.0004768622,-0.0022302447,-0.0042853341,-0.0002690232,-0.0006837434,0.0046774405,-0.0102190487,-0.0032025201,0.0000000000,0.0000000000,0.0000000000,0.0000000000,0.0000000000,0.0423053950,3.8949999809,3.8956012726,nan,nan,nan,nan,nan,nan,nan,nan,nan,nan,nan,nan,nan,-0.0649325773,-0.0017389037,0.9981595278,0.2703480422,-0.3861281574,0.3042086661
-0.0198604204,0.1029345766,0.0907301307,0.0000000000,0.0664332044,0.0000000000,nan,nan,nan,nan,0.0000000000,0.0000000000,0.0000000000,0.0000000000,nan,nan,nan,nan,nan,nan,nan,nan,nan,nan,nan,nan,nan,-0.0063095461,-0.0005092876,-0.0008627110,-0.0042853341,-0.0002690232,-0.0006837434,0.0046774405,-0.0102190487,-0.0032025201,0.0000000000,0.0000000000,0.0000000000,0.0000000000,0.0000000000,0.0423053950,3.8949999809,3.8956012726,nan,nan,nan,nan,nan,nan,nan,nan,nan,nan,nan,nan,nan,-0.0649325773,-0.0017389037,0.9981595278,0.2703480422,-0.3861281574,0.3042086661
-0.0185482930,0.1029673070,0.0909393653,0.0000000000,0.0664332044,0.0000000000,nan,nan,nan,nan,0.0000000000,0.0000000000,0.0000000000,0.0000000000,nan,nan,nan,nan,nan,nan,nan,nan,nan,nan,nan,nan,nan,-0.0063095461,-0.0005092876,-0.0008627110,-0.0042853341,-0.0002690232,-0.0006837434,0.0046774405,-0.0102190487,-0.0032025201,0.0000000000,0.0000000000,0.0000000000,0.0000000000,0.0000000000,0.0452688597,3.8949999809,3.8956012726,nan,nan,nan,nan,nan,nan,nan,nan,nan,nan,nan,nan,nan,-0.0655739382,-0.0022990007,0.9991217852,0.0042146626,-0.2932949662,0.0151014943
-0.0185482930,0.1029673070,0.0909393653,0.0000000000,0.0664332044,0.0000000000,nan,nan,nan,nan,0.0000000000,0.0000000000,0.0000000000,0.0000000000,nan,nan,nan,nan,nan,nan,nan,nan,nan,nan,nan,nan,nan,-0.0063095461,-0.0005092876,-0.0008627110,0.0012860023,-0.0001644618,0.0002202699,0.0079221660,-0.0096171219,0.0187555291,0.0000000000,0.0000000000,0.0000000000,0.0000000000,0.0000000000,0.0452688597,3.8949999809,3.8956012726,nan,nan,nan,nan,nan,nan,nan,nan,nan,nan,nan,nan,nan,-0.0655739382,-0.0022990007,0.9991217852,0.0042146626,-0.2932949662,0.0151014943
-0.0185482930,0.1029673070,0.0909393653,0.0000000000,0.0664332044,0.0000000000,nan,nan,nan,nan,0.0000000000,0.0000000000,0.0000000000,0.0000000000,nan,nan,nan,nan,nan,nan,nan,nan,nan,nan,nan,nan,nan,-0.0086239083,-0.0009953608,-0.0008504214,0.0012860023,-0.0001644618,0.0002202699,0.0079221660,-0.0096171219,0.0187555291,0.0000000000,0.0000000000,0.0000000000,0.0000000000,0.0000000000,0.0452688597,3.8949999809,3.8956012726,nan,nan,nan,nan,nan,nan,nan,nan,nan,nan,nan,nan,nan,-0.0655739382,-0.0022990007,0.9991217852,0.0042146626,-0.2932949662,0.0151014943
-0.0188930817,0.1029310152,0.0909010693,0.0000000000,0.0664332044,0.0000000000,nan,nan,nan,nan,0.0000000000,0.0000000000,0.0000000000,0.0000000000,nan,nan,nan,nan,nan,nan,nan,nan,nan,nan,nan,nan,nan,-0.0086239083,-0.0009953608,-0.0008504214,0.0012860023,-0.0001644618,0.0002202699,0.0094259800,0.0034930995,0.0106723383,0.0000000000,0.0000000000,0.0000000000,0.0000000000,0.0000000000,0.0452688597,3.8949999809,3.8956012726,nan,nan,nan,nan,nan,nan,nan,nan,nan,nan,nan,nan,nan,-0.0652196407,-0.0005699786,0.9969272614,-0.0995934680,-0.0596175157,0.2170633227
-0.0188930817,0.1029310152,0.0909010693,0.0000000000,0.0664332044,0.0000000000,nan,nan,nan,nan,0.0000000000,0.0000000000,0.0000000000,0.0000000000,nan,nan,nan,nan,nan,nan,nan,nan,nan,nan,nan,nan,nan,-0.0109513309,-0.0007925194,-0.0009938083,-0.0011283259,-0.0003090196,-0.0000514532,0.0094259800,0.0034930995,0.0106723383,0.0000000000,0.0000000000,0.0000000000,0.0000000000,0.0000000000,0.0452688597,3.8949999809,3.8956012726,nan,nan,nan,nan,nan,nan,nan,nan,nan,nan,nan,nan,nan,-0.0652196407,-0.0005699786,0.9969272614,-0.0995934680,-0.0596175157,0.2170633227
-0.0194295030,0.1028898433,0.0908452943,0.0000000000,0.0664332044,0.0000000000,nan,nan,nan,nan,0.0000000000,0.0000000000,0.0000000000,0.0000000000,nan,nan,nan,nan,nan,nan,nan,nan,nan,nan,nan,nan,nan,-0.0109513309,-0.0007925194,-0.0009938083,-0.0011283259,-0.0003090196,-0.0000514532,0.0094259800,0.0034930995,0.0106723383,0.0000000000,0.0000000000,0.0000000000,0.0000000000,0.0000000000,0.0470513105,3.8949999809,3.8956012726,nan,nan,nan,nan,nan,nan,nan,nan,nan,nan,nan,nan,nan,-0.0658708885,0.0001091902,0.9985165596,0.0787406266,-0.0308343917,0.2185374945
-0.0194295030,0.1028898433,0.0908452943,0.0000000000,0.0664332044,0.0000000000,nan,nan,nan,nan,0.0000000000,0.0000000000,0.0000000000,0.0000000000,nan,nan,nan,nan,nan,nan,nan,nan,nan,nan,nan,nan,nan,-0.0061271479,-0.0001432704,-0.0004955532,0.0055595282,0.0002922662,0.0006917536,0.0022865499,0.0092639700,-0.0183199123,0.0000000000,0.0000000000,0.0000000000,0.0000000000,0.0000000000,0.0470513105,3.8949999809,3.8956012726,nan,nan,nan,nan,nan,nan,nan,nan,nan,nan,nan,nan,nan,-0.0658708885,0.0001091902,0.9985165596,0.0787406266,-0.0308343917,0.2185374945
-0.0194295030,0.1028898433,0.0908452943,0.0000000000,0.0664332044,0.0000000000,nan,nan,nan,nan,0.0000000000,0.0000000000,0.0000000000,0.0000000000,nan,nan,nan,nan,nan,nan,nan,nan,nan,nan,nan,nan,nan,-0.0061271479,-0.0001432704,-0.0004955532,0.0055595282,0.0002922662,0.0006917536,0.0022865499,0.0092639700,-0.0183199123,0.0000000000,0.0000000000,0.0000000000,0.0000000000,0.0000000000,0.0470513105,3.8949999809,3.8956012726,nan,nan,nan,nan,nan,nan,nan,nan,nan,nan,nan,nan,nan,-0.0658708885,0.0001091902,0.9985165596,0.0787406266,-0.0308343917,0.2185374945
-0.0182768144,0.1029942632,0.0909796208,0.0000000000,0.0664332044,0.0000000000,nan,nan,nan,nan,0.0000000000,0.0000000000,0.0000000000,0.0000000000,nan,nan,nan,nan,nan,nan,nan,nan,nan,nan,nan,nan,nan,-0.0061271479,-0.0001432704,-0.0004955532,0.0055595282,0.0002922662,0.0006917536,-0.0080944290,-0.0163631272,0.0043503288,0.0000000000,0.0000000000,0.0000000000,0.0000000000,0.0000000000,0.0470513105,3.8949999809,3.8956012726,nan,nan,nan,nan,nan,nan,nan,nan,nan,nan,nan,nan,nan,-0.0654938594,-0.0019376857,0.9969495535,0.0331418142,0.0690996647,0.0268631335
-0.0182768144,0.1029942632,0.0909796208,0.0000000000,0.0664332044,0.0000000000,nan,nan,nan,nan,0.0000000000,0.0000000000,0.0000000000,0.0000000000,nan,nan,nan,nan,nan,nan,nan,nan,nan,nan,nan,nan,nan,-0.0088484110,-0.0002944015,-0.0006471379,0.0022431251,0.0002019533,0.0003409850,-0.0080944290,-0.0163631272,0.0043503288,0.0000000000,0.0000000000,0.0000000000,0.0000000000,0.0000000000,0.0470513105,3.8949999809,3.8956012726,nan,nan,nan,nan,nan,nan,nan,nan,nan,nan,nan,nan,nan,-0.0654938594,-0.0019376857,0.9969495535,0.0331418142,0.0690996647,0.0268631335
-0.0187036507,0.1029845253,0.0909424722,0.0000000000,0.0664332044,0.0000000000,nan,nan,nan,nan,0.0000000000,0.0000000000,0.0000000000,0.0000000000,nan,nan,nan,nan,nan,nan,nan,nan,nan,nan,nan,nan,nan,-0.0088484110,-0.0002944015,-0.0006471379,0.0022431251,0.0002019533,0.0003409850,-0.0080944290,-0.0163631272,0.0043503288,0.0000000000,0.0000000000,0.0000000000,0.0000000000,0.0000000000,0.0500165373,3.8949999809,3.8956012726,nan,nan,nan,nan,nan,nan,nan,nan,nan,nan,nan,nan,nan,-0.0653841570,-0.0008084318,0.9968476892,-0.1178079918,0.0824806690,-0.0107254796
-0.0187036507,0.1029845253,0.0909424722,0.0000000000,0.0664332044,0.0000000000,nan,nan,nan,nan,0.0000000000,0.0000000000,0.0000000000,0.0000000000,nan,nan,nan,nan,nan,nan,nan,nan,nan,nan,nan,nan,nan,-0.0088484110,-0.0002944015,-0.0006471379,-0.0009279205,0.0000607607,0.0000317560,0.0015330337,-0.0073196744,-0.0228667073,0.0000000000,0.0000000000,0.0000000000,0.0000000000,0.0000000000,0.0500165373,3.8949999809,3.8956012726,nan,nan,nan,nan,nan,nan,nan,nan,nan,nan,nan,nan,nan,-0.0653841570,-0.0008084318,0.9968476892,-0.1178079918,0.0824806690,-0.0107254796
-0.0187036507,0.1029845253,0.0909424722,0.0000000000,0.0664332044,0.0000000000,nan,nan,nan,nan,0.0000000000,0.0000000000,0.0000000000,0.0000000000,nan,nan,nan,nan,nan,nan,nan,nan,nan,nan,nan,nan,nan,-0.0113159921,-0.0003963257,-0.0012223390,-0.0009279205,0.0000607607,0.0000317560,0.0015330337,-0.0073196744,-0.0228667073,0.0000000000,0.0000000000,0.0000000000,0.0000000000,0.0000000000,0.0500165373,3.8949999809,3.8956012726,nan,nan,nan,nan,nan,nan,nan,nan,nan,nan,nan,nan,nan,-0.0653841570,-0.0008084318,0.9968476892,-0.1178079918,0.0824806690,-0.0107254796
-0.0192553326,0.1029641628,0.0908811390,0.0000000000,0.0664332044,0.0000000000,nan,nan,nan,nan,0.0000000000,0.0000000000,0.0000000000,0.0000000000,nan,nan,nan,nan,nan,nan,nan,nan,nan,nan,nan,nan,nan,-0.0113159921,-0.0003963257,-0.0012223390,-0.0009279205,0.0000607607,0.0000317560,-0.0094033405,-0.0013467403,-0.0114254598,0.0000000000,0.0000000000,0.0000000000,0.0000000000,0.0000000000,0.0500165373,3.8949999809,3.8956012726,nan,nan,nan,nan,nan,nan,nan,nan,nan,nan,nan,nan,nan,-0.0656916797,-0.0011447873,0.9961071014,-0.0609429777,0.3663369417,0.0708492026
-0.0192553326,0.1029641628,0.0908811390,0.0000000000,0.0664332044,0.0000000000,nan,nan,nan,nan,0.0000000000,0.0000000000,0.0000000000,0.0000000000,nan,nan,nan,nan,nan,nan,nan,nan,nan,nan,nan,nan,nan,-0.0139271552,-0.0007825582,-0.0021686114,-0.0038973698,-0.0001031771,-0.0004237680,-0.0094033405,-0.0013467403,-0.0114254598,0.0000000000,0.0000000000,0.0000000000,0.0000000000,0.0000000000,0.0500165373,3.8949999809,3.8956012726,nan,nan,nan,nan,nan,nan,nan,nan,nan,nan,nan,nan,nan,-0.0656916797,-0.0011447873,0.9961071014,-0.0609429777,0.3663369417,0.0708492026
-0.0199318081,0.1029285342,0.0907704383,0.0000000000,0.0664332044,0.0000000000,nan,nan,nan,nan,0.0000000000,0.0000000000,0.0000000000,0.0000000000,nan,nan,nan,nan,nan,nan,nan,nan,nan,nan,nan,nan,nan,-0.0139271552,-0.0007825582,-0.0021686114,-0.0038973698,-0.0001031771,-0.0004237680,-0.0094033405,-0.0013467403,-0.0114254598,0.0000000000,0.0000000000,0.0000000000,0.0000000000,0.0000000000,0.0506246500,3.8949999809,3.8956012726,nan,nan,nan,nan,nan,nan,nan,nan,nan,nan,nan,nan,nan,-0.0627108589,-0.0034928482,0.9957428575,0.2513698339,-0.3042181432,-0.3257738352
-0.0199318081,0.1029285342,0.0907704383,0.0000000000,0.0664332044,0.0000000000,nan,nan,nan,nan,0.0000000000,0.0000000000,0.0000000000,0.0000000000,nan,nan,nan,nan,nan,nan,nan,nan,nan,nan,nan,nan,nan,-0.0139271552,-0.0007825582,-0.0021686114,-0.0066332314,-0.0002866345,-0.0009921530,0.0137711726,-0.0051521822,-0.0012103737,0.0000000000,0.0000000000,0.0000000000,0.0000000000,0.0000000000,0.0506246500,3.8949999809,3.8956012726,nan,nan,nan,nan,nan,nan,nan,nan,nan,nan,nan,nan,nan,-0.0627108589,-0.0034928482,0.9957428575,0.2513698339,-0.3042181432,-0.3257738352
-0.0199318081,0.1029285342,0.0907704383,0.0000000000,0.0664332044,0.0000000000,nan,nan,nan,nan,0.0000000000,0.0000000000,0.0000000000,0.0000000000,nan,nan,nan,nan,nan,nan,nan,nan,nan,nan,nan,nan,nan,-0.0159737319,-0.0011104734,-0.0029551389,-0.0066332314,-0.0002866345,-0.0009921530,0.0137711726,-0.0051521822,-0.0012103737,0.0000000000,0.0000000000,0.0000000000,0.0000000000,0.0000000000,0.0506246500,3.8949999809,3.8956012726,nan,nan,nan,nan,nan,nan,nan,nan,nan,nan,nan,nan,nan,-0.0627108589,-0.0034928482,0.9957428575,0.2513698339,-0.3042181432,-0.3257738352
-0.0207176264,0.1028774306,0.0906207636,0.0000000000,0.0664332044,0.0000000000,nan,nan,nan,nan,0.0000000000,0.0000000000,0.0000000000,0.0000000000,nan,nan,nan,nan,nan,nan,nan,nan,nan,nan,nan,nan,nan,-0.0159737319,-0.0011104734,-0.0029551389,-0.0066332314,-0.0002866345,-0.0009921530,0.0129609434,0.0269047394,-0.0260429140,0.0000000000,0.0000000000,0.0000000000,0.0000000000,0.0000000000,0.0506246500,3.8949999809,3.8956012726,nan,nan,nan,nan,nan,nan,nan,nan,nan,nan,nan,nan,nan,-0.0631570071,-0.0011182302,0.9945073724,-0.0281621777,-0.0965292901,-0.1086965054
-0.0207176264,0.1028774306,0.0906207636,0.0000000000,0.0664332044,0.0000000000,nan,nan,nan,nan,0.0000000000,0.0000000000,0.0000000000,0.0000000000,nan,nan,nan,nan,nan,nan,nan,nan,nan,nan,nan,nan,nan,-0.0183900520,-0.0009511677,-0.0038443415,-0.0093926359,-0.0005252504,-0.0016020841,0.0129609434,0.0269047394,-0.0260429140,0.0000000000,0.0000000000,0.0000000000,0.0000000000,0.0000000000,0.0506246500,3.8949999809,3.8956012726,nan,nan,nan,nan,nan,nan,nan,nan,nan,nan,nan,nan,nan,-0.0631570071,-0.0011182302,0.9945073724,-0.0281621777,-0.0965292901,-0.1086965054
-0.0216254555,0.1028239802,0.0904313475,0.0000000000,0.0664332044,0.0000000000,nan,nan,nan,nan,0.0000000000,0.0000000000,0.0000000000,0.0000000000,nan,nan,nan,nan,nan,nan,nan,nan,nan,nan,nan,nan,nan,-0.0183900520,-0.0009511677,-0.0038443415,-0.0093926359,-0.0005252504,-0.0016020841,0.0129609434,0.0269047394,-0.0260429140,0.0000000000,0.0000000000,0.0000000000,0.0000000000,0.0000000000,0.0494113006,3.8949999809,3.8956012726,nan,nan,nan,nan,nan,nan,nan,nan,nan,nan,nan,nan,nan,-0.0659043863,0.0003794093,0.9950773716,0.2207311094,0.0312910005,-0.1851446778
-0.0216254555,0.1028239802,0.0904313475,0.0000000000,0.0664332044,0.0000000000,nan,nan,nan,nan,0.0000000000,0.0000000000,0.0000000000,0.0000000000,nan,nan,nan,nan,nan,nan,nan,nan,nan,nan,nan,nan,nan,-0.0183900520,-0.0009511677,-0.0038443415,-0.0118456595,-0.0006240520,-0.0022662820,0.0000464204,0.0105621945,-0.0029955287,0.0000000000,0.0000000000,0.0000000000,0.0000000000,0.0000000000,0.0494113006,3.8949999809,3.8956012726,nan,nan,nan,nan,nan,nan,nan,nan,nan,nan,nan,nan,nan,-0.0659043863,0.0003794093,0.9950773716,0.2207311094,0.0312910005,-0.1851446778
-0.0216254555,0.1028239802,0.0904313475,0.0000000000,0.0664332044,0.0000000000,nan,nan,nan,nan,0.0000000000,0.0000000000,0.0000000000,0.0000000000,nan,nan,nan,nan,nan,nan,nan,nan,nan,nan,nan,nan,nan,-0.0212950539,-0.0008398384,-0.0044868127,-0.0118456595,-0.0006240520,-0.0022662820,0.0000464204,0.0105621945,-0.0029955287,0.0000000000,0.0000000000,0.0000000000,0.0000000000,0.0000000000,0.0494113006,3.8949999809,3.8956012726,nan,nan,nan,nan,nan,nan,nan,nan,nan,nan,nan,nan,nan,-0.0663887337,-0.0025757500,0.9976201057,0.2207311094,0.0312910005,-0.1851446778
-0.0226739198,0.1027796641,0.0902027786,0.0000000000,0.0664332044,0.0000000000,nan,nan,nan,nan,0.0000000000,0.0000000000,0.0000000000,0.0000000000,nan,nan,nan,nan,nan,nan,nan,nan,nan,nan,nan,nan,nan,-0.0212950539,-0.0008398384,-0.0044868127,-0.0118456595,-0.0006240520,-0.0022662820,0.0063542100,-0.0079696970,-0.0175346304,0.0000000000,0.0000000000,0.0000000000,0.0000000000,0.0000000000,0.0494113006,3.8949999809,3.8956012726,nan,nan,nan,nan,nan,nan,nan,nan,nan,nan,nan,nan,nan,-0.0663887337,-0.0025757500,0.9976201057,-0.1013585478,0.0218462460,-0.1026185602
-0.0226739198,0.1027796641,0.0902027786,0.0000000000,0.0664332044,0.0000000000,nan,nan,nan,nan,0.0000000000,0.0000000000,0.0000000000,0.0000000000,nan,nan,nan,nan,nan,nan,nan,nan,nan,nan,nan,nan,nan,-0.0246179737,-0.0013573673,-0.0046985741,-0.0147314928,-0.0007403648,-0.0029252458,0.0063542100,-0.0079696970,-0.0175346304,0.0000000000,0.0000000000,0.0000000000,0.0000000000,0.0000000000,0.0494113006,3.8949999809,3.8956012726,nan,nan,nan,nan,nan,nan,nan,nan,nan,nan,nan,nan,nan,-0.0663887337,-0.0025757500,0.9976201057,-0.1013585478,0.0218462460,-0.1026185602
-0.0182919819,0.1029843241,0.0909683928,0.0000000000,0.0664332044,0.0000000000,nan,nan,nan,nan,0.0000000000,0.0000000000,0.0000000000,0.0000000000,nan,nan,nan,nan,nan,nan,nan,nan,nan,nan,nan,nan,nan,-0.0246179737,-0.0013573673,-0.0046985741,-0.0147314928,-0.0007403648,-0.0029252458,0.0063542100,-0.0079696970,-0.0175346304,0.0000000000,0.0000000000,0.0000000000,0.0000000000,0.0000000000,0.0454930179,3.8949999809,3.8956012726,nan,nan,nan,nan,nan,nan,nan,nan,nan,nan,nan,nan,nan,-0.0662536621,-0.0023599379,0.9960332513,0.0191895626,-0.0424781218,-0.1794839501
-0.0182919819,0.1029843241,0.0909683928,0.0000000000,0.0664332044,0.0000000000,nan,nan,nan,nan,0.0000000000,0.0000000000,0.0000000000,0.0000000000,nan,nan,nan,nan,nan,nan,nan,nan,nan,nan,nan,nan,nan,-0.0081283664,-0.0009826348,-0.0017554084,0.0140686212,0.0006057461,0.0022423628,0.0056272256,-0.0254025850,-0.0224755276,0.0000000000,0.0000000000,0.0000000000,0.0000000000,0.0000000000,0.0454930179,3.8949999809,3.8956012726,nan,nan,nan,nan,nan,nan,nan,nan,nan,nan,nan,nan,nan,-0.0662536621,-0.0023599379,0.9960332513,0.0191895626,-0.0424781218,-0.1794839501
-0.0182919819,0.1029843241,0.0909683928,0.0000000000,0.0664332044,0.0000000000,nan,nan,nan,nan,0.0000000000,0.0000000000,0.0000000000,0.0000000000,nan,nan,nan,nan,nan,nan,nan,nan,nan,nan,nan,nan,nan,-0.0081283664,-0.0009826348,-0.0017554084,0.0140686212,0.0006057461,0.0022423628,0.0056272256,-0.0254025850,-0.0224755276,0.0000000000,0.0000000000,0.0000000000,0.0000000000,0.0000000000,0.0454930179,3.8949999809,3.8956012726,nan,nan,nan,nan,nan,nan,nan,nan,nan,nan,nan,nan,nan,-0.0662536621,-0.0023599379,0.9960332513,0.0191895626,-0.0424781218,-0.1794839501
-0.0186821986,0.1029419526,0.0908834562,0.0000000000,0.0664332044,0.0000000000,nan,nan,nan,nan,0.0000000000,0.0000000000,0.0000000000,0.0000000000,nan,nan,nan,nan,nan,nan,nan,nan,nan,nan,nan,nan,nan,-0.0081283664,-0.0009826348,-0.0017554084,0.0140686212,0.0006057461,0.0022423628,0.0177801661,0.0177759640,0.0032042742,0.0000000000,0.0000000000,0.0000000000,0.0000000000,0.0000000000,0.0454930179,3.8949999809,3.8956012726,nan,nan,nan,nan,nan,nan,nan,nan,nan,nan,nan,nan,nan,-0.0663043335,0.0015376549,0.9981210232,0.1047786325,0.2334868163,0.0974529833
-0.0186821986,0.1029419526,0.0908834562,0.0000000000,0.0664332044,0.0000000000,nan,nan,nan,nan,0.0000000000,0.0000000000,0.0000000000,0.0000000000,nan,nan,nan,nan,nan,nan,nan,nan,nan,nan,nan,nan,nan,-0.0101401620,-0.0008551927,-0.0018063841,0.0080674523,0.0001822294,0.0011763290,0.0177801661,0.0177759640,0.0032042742,0.0000000000,0.0000000000,0.0000000000,0.0000000000,0.0000000000,0.0454930179,3.8949999809,3.8956012726,nan,nan,nan,nan,nan,nan,nan,nan,nan,nan,nan,nan,nan,-0.0663043335,0.0015376549,0.9981210232,0.1047786325,0.2334868163,0.0974529833
-0.0191804841,0.1028937995,0.0907870531,0.0000000000,0.0664332044,0.0000000000,nan,nan,nan,nan,0.0000000000,0.0000000000,0.0000000000,0.0000000000,nan,nan,nan,nan,nan,nan,nan,nan,nan,nan,nan,nan,nan,-0.0101401620,-0.0008551927,-0.0018063841,0.0080674523,0.0001822294,0.0011763290,0.0177801661,0.0177759640,0.0032042742,0.0000000000,0.0000000000,0.0000000000,0.0000000000,0.0000000000,0.0450303406,3.8949999809,3.8956012726,nan,nan,nan,nan,nan,nan,nan,nan,nan,nan,nan,nan,nan,-0.0670744255,0.0002314229,0.9942061901,-0.2148050219,-0.3860133588,-0.1410308033
-0.0191804841,0.1028937995,0.0907870531,0.0000000000,0.0664332044,0.0000000000,nan,nan,nan,nan,0.0000000000,0.0000000000,0.0000000000,0.0000000000,nan,nan,nan,nan,nan,nan,nan,nan,nan,nan,nan,nan,nan,-0.0127122160,-0.0011625162,-0.0031132295,0.0029287427,-0.0001417160,0.0002551029,0.0103646563,-0.0011128178,-0.0165581461,0.0000000000,0.0000000000,0.0000000000,0.0000000000,0.0000000000,0.0450303406,3.8949999809,3.8956012726,nan,nan,nan,nan,nan,nan,nan,nan,nan,nan,nan,nan,nan,-0.0670744255,0.0002314229,0.9942061901,-0.2148050219,-0.3860133588,-0.1410308033
-0.0191804841,0.1028937995,0.0907870531,0.0000000000,0.0664332044,0.0000000000,nan,nan,nan,nan,0.0000000000,0.0000000000,0.0000000000,0.0000000000,nan,nan,nan,nan,nan,nan,nan,nan,nan,nan,nan,nan,nan,-0.0127122160,-0.0011625162,-0.0031132295,0.0029287427,-0.0001417160,0.0002551029,0.0103646563,-0.0011128178,-0.0165581461,0.0000000000,0.0000000000,0.0000000000,0.0000000000,0.0000000000,0.0450303406,3.8949999809,3.8956012726,nan,nan,nan,nan,nan,nan,nan,nan,nan,nan,nan,nan,nan,-0.0670744255,0.0002314229,0.9942061901,-0.2148050219,-0.3860133588,-0.1410308033
-0.0198009387,0.1028373539,0.0906384811,0.0000000000,0.0664332044,0.0000000000,nan,nan,nan,nan,0.0000000000,0.0000000000,0.0000000000,0.0000000000,nan,nan,nan,nan,nan,nan,nan,nan,nan,nan,nan,nan,nan,-0.0127122160,-0.0011625162,-0.0031132295,0.0029287427,-0.0001417160,0.0002551029,0.0113649750,-0.0080134720,0.0021120145,0.0000000000,0.0000000000,0.0000000000,0.0000000000,0.0000000000,0.0450303406,3.8949999809,3.8956012726,nan,nan,nan,nan,nan,nan,nan,nan,nan,nan,nan,nan,nan,-0.0630040392,-0.0003782207,0.9981355667,0.0155305760,-0.0631623268,-0.1100572944
-0.0198009387,0.1028373539,0.0906384811,0.0000000000,0.0664332044,0.0000000000,nan,nan,nan,nan,0.0000000000,0.0000000000,0.0000000000,0.0000000000,nan,nan,nan,nan,nan,nan,nan,nan,nan,nan,nan,nan,nan,-0.0148906931,-0.0012753989,-0.0035946618,-0.0014075392,-0.0004048161,-0.0007226230,0.0113649750,-0.0080134720,0.0021120145,0.0000000000,0.0000000000,0.0000000000,0.0000000000,0.0000000000,0.0450303406,3.8949999809,3.8956012726,nan,nan,nan,nan,nan,nan,nan,nan,nan,nan,nan,nan,nan,-0.0630040392,-0.0003782207,0.9981355667,0.0155305760,-0.0631623268,-0.1100572944
-0.0205345843,0.1027754918,0.0904544815,0.0000000000,0.0664332044,0.0000000000,nan,nan,nan,nan,0.0000000000,0.0000000000,0.0000000000,0.0000000000,nan,nan,nan,nan,nan,nan,nan,nan,nan,nan,nan,nan,nan,-0.0148906931,-0.0012753989,-0.0035946618,-0.0014075392,-0.0004048161,-0.0007226230,0.0113649750,-0.0080134720,0.0021120145,0.0000000000,0.0000000000,0.0000000000,0.0000000000,0.0000000000,0.0417804010,3.8949999809,3.8956012726,nan,nan,nan,nan,nan,nan,nan,nan,nan,nan,nan,nan,nan,-0.0669514909,-0.0023227055,0.9977923632,0.1856443137,-0.2318453342,0.0982522145
-0.0205345843,0.1027754918,0.0904544815,0.0000000000,0.0664332044,0.0000000000,nan,nan,nan,nan,0.0000000000,0.0000000000,0.0000000000,0.0000000000,nan,nan,nan,nan,nan,nan,nan,nan,nan,nan,nan,nan,nan,-0.0175433531,-0.0017632669,-0.0037628787,-0.0051659085,-0.0006581273,-0.0015225427,0.0145356394,-0.0190713201,0.0116266040,0.0000000000,0.0000000000,0.0000000000,0.0000000000,0.0000000000,0.0417804010,3.8949999809,3.8956012726,nan,nan,nan,nan,nan,nan,nan,nan,nan,nan,nan,nan,nan,-0.0669514909,-0.0023227055,0.9977923632,0.1856443137,-0.2318453342,0.0982522145
-0.0205345843,0.1027754918,0.0904544815,0.0000000000,0.0664332044,0.0000000000,nan,nan,nan,nan,0.0000000000,0.0000000000,0.0000000000,0.0000000000,nan,nan,nan,nan,nan,nan,nan,nan,nan,nan,nan,nan,nan,-0.0175433531,-0.0017632669,-0.0037628787,-0.0051659085,-0.0006581273,-0.0015225427,0.0145356394,-0.0190713201,0.0116266040,0.0000000000,0.0000000000,0.0000000000,0.0000000000,0.0000000000,0.0417804010,3.8949999809,3.8956012726,nan,nan,nan,nan,nan,nan,nan,nan,nan,nan,nan,nan,nan,-0.0669514909,-0.0023227055,0.9977923632,0.1856443137,-0.2318453342,0.0982522145
-0.0213973690,0.1026934162,0.0902595669,0.0000000000,0.0664332044,0.0000000000,nan,nan,nan,nan,0.0000000000,0.0000000000,0.0000000000,0.0000000000,nan,nan,nan,nan,nan,nan,nan,nan,nan,nan,nan,nan,nan,-0.0175433531,-0.0017632669,-0.0037628787,-0.0051659085,-0.0006581273,-0.0015225427,0.0018157643,0.0140703255,-0.0127773359,0.0000000000,0.0000000000,0.0000000000,0.0000000000,0.0000000000,0.0417804010,3.8949999809,3.8956012726,nan,nan,nan,nan,nan,nan,nan,nan,nan,nan,nan,nan,nan,-0.0651395619,0.0014913654,0.9964694381,0.0516129248,0.0959419832,0.0651110187
-0.0213973690,0.1026934162,0.0902595669,0.0000000000,0.0664332044,0.0000000000,nan,nan,nan,nan,0.0000000000,0.0000000000,0.0000000000,0.0000000000,nan,nan,nan,nan,nan,nan,nan,nan,nan,nan,nan,nan,nan,-0.0201300830,-0.0013389336,-0.0041703666,-0.0097299460,-0.0009914755,-0.0024074980,0.0018157643,0.0140703255,-0.0127773359,0.0000000000,0.0000000000,0.0000000000,0.0000000000,0.0000000000,0.0417804010,3.8949999809,3.8956012726,nan,nan,nan,nan,nan,nan,nan,nan,nan,nan,nan,nan,nan,-0.0651395619,0.0014913654,0.9964694381,0.0516129248,0.0959419832,0.0651110187
-0.0223888811,0.1026213765,0.0900464654,0.0000000000,0.0664332044,0.0000000000,nan,nan,nan,nan,0.0000000000,0.0000000000,0.0000000000,0.0000000000,nan,nan,nan,nan,nan,nan,nan,nan,nan,nan,nan,nan,nan,-0.0201300830,-0.0013389336,-0.0041703666,-0.0097299460,-0.0009914755,-0.0024074980,0.0018157643,0.0140703255,-0.0127773359,0.0000000000,0.0000000000,0.0000000000,0.0000000000,0.0000000000,0.0407348648,3.8949999809,3.8956012726,nan,nan,nan,nan,nan,nan,nan,nan,nan,nan,nan,nan,nan,-0.0664175972,-0.0007551965,0.9965773821,-0.0405499525,0.0566890761,-0.0637283698
-0.0223888811,0.1026213765,0.0900464654,0.0000000000,0.0664332044,0.0000000000,nan,nan,nan,nan,0.0000000000,0.0000000000,0.0000000000,0.0000000000,nan,nan,nan,nan,nan,nan,nan,nan,nan,nan,nan,nan,nan,-0.0201300830,-0.0013389336,-0.0041703666,-0.0118646268,-0.0010443154,-0.0027617151,-0.0023460805,0.0038189266,-0.0208008867,0.0000000000,0.0000000000,0.0000000000,0.0000000000,0.0000000000,0.0407348648,3.8949999809,3.8956012726,nan,nan,nan,nan,nan,nan,nan,nan,nan,nan,nan,nan,nan,-0.0664175972,-0.0007551965,0.9965773821,-0.0405499525,0.0566890761,-0.0637283698
-0.0223888811,0.1026213765,0.0900464654,0.0000000000,0.0664332044,0.0000000000,nan,nan,nan,nan,0.0000000000,0.0000000000,0.0000000000,0.0000000000,nan,nan,nan,nan,nan,nan,nan,nan,nan,nan,nan,nan,nan,-0.0235683527,-0.0014808868,-0.0047837100,-0.0118646268,-0.0010443154,-0.0027617151,-0.0023460805,0.0038189266,-0.0208008867,0.0000000000,0.0000000000,0.0000000000,0.0000000000,0.0000000000,0.0407348648,3.8949999809,3.8956012726,nan,nan,nan,nan,nan,nan,nan,nan,nan,nan,nan,nan,nan,-0.0664175972,-0.0007551965,0.9965773821,-0.0405499525,0.0566890761,-0.0637283698
-0.0235443562,0.1025501639,0.0898049250,0.0000000000,0.0664332044,0.0000000000,nan,nan,nan,nan,0.0000000000,0.0000000000,0.0000000000,0.0000000000,nan,nan,nan,nan,nan,nan,nan,nan,nan,nan,nan,nan,nan,-0.0235683527,-0.0014808868,-0.0047837100,-0.0118646268,-0.0010443154,-0.0027617151,0.0019006999,-0.0003339557,-0.0073201298,0.0000000000,0.0000000000,0.0000000000,0.0000000000,0.0000000000,0.0407348648,3.8949999809,3.8956012726,nan,nan,nan,nan,nan,nan,nan,nan,nan,nan,nan,nan,nan,-0.0651611760,-0.0004134201,0.9946737289,0.0060339160,-0.0486269407,0.0268996451
-0.0235443562,0.1025501639,0.0898049250,0.0000000000,0.0664332044,0.0000000000,nan,nan,nan,nan,0.0000000000,0.0000000000,0.0000000000,0.0000000000,nan,nan,nan,nan,nan,nan,nan,nan,nan,nan,nan,nan,nan,-0.0267049875,-0.0013101860,-0.0055213822,-0.0165756941,-0.0011863130,-0.0037040773,0.0019006999,-0.0003339557,-0.0073201298,0.0000000000,0.0000000000,0.0000000000,0.0000000000,0.0000000000,0.0407348648,3.8949999809,3.8956012726,nan,nan,nan,nan,nan,nan,nan,nan,nan,nan,nan,nan,nan,-0.0651611760,-0.0004134201,0.9946737289,0.0060339160,-0.0486269407,0.0268996451
-0.0248619020,0.1024818048,0.0895233750,0.0000000000,0.0664332044,0.0000000000,nan,nan,nan,nan,0.0000000000,0.0000000000,0.0000000000,0.0000000000,nan,nan,nan,nan,nan,nan,nan,nan,nan,nan,nan,nan,nan,-0.0267049875,-0.0013101860,-0.0055213822,-0.0165756941,-0.0011863130,-0.0037040773,0.0019006999,-0.0003339557,-0.0073201298,0.0000000000,0.0000000000,0.0000000000,0.0000000000,0.0000000000,0.0404308252,3.8949999809,3.8956012726,nan,nan,nan,nan,nan,nan,nan,nan,nan,nan,nan,nan,nan,-0.0644011050,0.0006452537,0.9956542253,-0.1106055230,0.0368208885,-0.0540292598
-0.0248619020,0.1024818048,0.0895233750,0.0000000000,0.0664332044,0.0000000000,nan,nan,nan,nan,0.0000000000,0.0000000000,0.0000000000,0.0000000000,nan,nan,nan,nan,nan,nan,nan,nan,nan,nan,nan,nan,nan,-0.0301278885,-0.0015264988,-0.0057997946,-0.0185572803,-0.0012287900,-0.0040432978,0.0124757066,0.0088943420,-0.0075505101,0.0000000000,0.0000000000,0.0000000000,0.0000000000,0.0000000000,0.0404308252,3.8949999809,3.8956012726,nan,nan,nan,nan,nan,nan,nan,nan,nan,nan,nan,nan,nan,-0.0644011050,0.0006452537,0.9956542253,-0.1106055230,0.0368208885,-0.0540292598
-0.0248619020,0.1024818048,0.0895233750,0.0000000000,0.0664332044,0.0000000000,nan,nan,nan,nan,0.0000000000,0.0000000000,0.0000000000,0.0000000000,nan,nan,nan,nan,nan,nan,nan,nan,nan,nan,nan,nan,nan,-0.0301278885,-0.0015264988,-0.0057997946,-0.0185572803,-0.0012287900,-0.0040432978,0.0124757066,0.0088943420,-0.0075505101,0.0000000000,0.0000000000,0.0000000000,0.0000000000,0.0000000000,0.0404308252,3.8949999809,3.8956012726,nan,nan,nan,nan,nan,nan,nan,nan,nan,nan,nan,nan,nan,-0.0644011050,0.0006452537,0.9956542253,-0.1106055230,0.0368208885,-0.0540292598
-0.0264099184,0.1024005562,0.0892104357,0.0000000000,0.0664332044,0.0000000000,nan,nan,nan,nan,0.0000000000,0.0000000000,0.0000000000,0.0000000000,nan,nan,nan,nan,nan,nan,nan,nan,nan,nan,nan,nan,nan,-0.0301278885,-0.0015264988,-0.0057997946,-0.0185572803,-0.0012287900,-0.0040432978,0.0152858784,0.0004649049,-0.0032463742,0.0000000000,0.0000000000,0.0000000000,0.0000000000,0.0000000000,0.0404308252,3.8949999809,3.8956012726,nan,nan,nan,nan,nan,nan,nan,nan,nan,nan,nan,nan,nan,-0.0655294880,-0.0005492011,0.9968907833,0.1691444665,0.0297936462,0.0956734717
-0.0264099184,0.1024005562,0.0892104357,0.0000000000,0.0664332044,0.0000000000,nan,nan,nan,nan,0.0000000000,0.0000000000,0.0000000000,0.0000000000,nan,nan,nan,nan,nan,nan,nan,nan,nan,nan,nan,nan,nan,-0.0336487107,-0.0016479265,-0.0062984289,-0.0218005385,-0.0012844274,-0.0045930562,0.0152858784,0.0004649049,-0.0032463742,0.0000000000,0.0000000000,0.0000000000,0.0000000000,0.0000000000,0.0404308252,3.8949999809,3.8956012726,nan,nan,nan,nan,nan,nan,nan,nan,nan,nan,nan,nan,nan,-0.0655294880,-0.0005492011,0.9968907833,0.1691444665,0.0297936462,0.0956734717
-0.0181566905,0.1029893681,0.0909809917,0.0000000000,0.0664332044,0.0000000000,nan,nan,nan,nan,0.0000000000,0.0000000000,0.0000000000,0.0000000000,nan,nan,nan,nan,nan,nan,nan,nan,nan,nan,nan,nan,nan,-0.0336487107,-0.0016479265,-0.0062984289,-0.0218005385,-0.0012844274,-0.0045930562,0.0152858784,0.0004649049,-0.0032463742,0.0000000000,0.0000000000,0.0000000000,0.0000000000,0.0000000000,0.0394169874,3.8949999809,3.8956012726,nan,nan,nan,nan,nan,nan,nan,nan,nan,nan,nan,nan,nan,-0.0643973053,-0.0017502280,0.9980320930,-0.0965023488,-0.1792649329,0.0561732277
-0.0181566905,0.1029893681,0.0909809917,0.0000000000,0.0664332044,0.0000000000,nan,nan,nan,nan,0.0000000000,0.0000000000,0.0000000000,0.0000000000,nan,nan,nan,nan,nan,nan,nan,nan,nan,nan,nan,nan,nan,-0.0090316469,-0.0001140938,-0.0013018620,0.0322027169,0.0024754175,0.0069456822,0.0103755202,-0.0135836555,0.0025259973,0.0000000000,0.0000000000,0.0000000000,0.0000000000,0.0000000000,0.0394169874,3.8949999809,3.8956012726,nan,nan,nan,nan,nan,nan,nan,nan,nan,nan,nan,nan,nan,-0.0643973053,-0.0017502280,0.9980320930,-0.0965023488,-0.1792649329,0.0561732277
-0.0181566905,0.1029893681,0.0909809917,0.0000000000,0.0664332044,0.0000000000,-0.1000000015,0.0000000000,-0.0399999991,0.0000000000,0.0000000000,0.0000000000,0.0000000000,0.0000000000,nan,nan,nan,nan,nan,nan,nan,nan,nan,nan,nan,nan,nan,-0.0090316469,-0.0001140938,-0.0013018620,0.0322027169,0.0024754175,0.0069456822,0.0103755202,-0.0135836555,0.0025259973,0.0000000000,0.0000000000,0.0000000000,0.0000000000,0.0000000000,0.0394169874,3.8949999809,3.8956012726,nan,nan,nan,nan,nan,nan,nan,nan,nan,nan,nan,nan,nan,-0.0642081052,-0.0009667580,0.9966987371,-0.0965023488,-0.1792649329,0.0561732277
-0.0186032262,0.1029888168,0.0909106582,0.0000000000,0.0664332044,0.0000000000,-0.1000000015,0.0000000000,-0.0399999991,0.0000000000,0.0000000000,0.0000000000,0.0000000000,0.0000000000,nan,nan,nan,nan,nan,nan,nan,nan,nan,nan,nan,nan,nan,-0.0090316469,-0.0001140938,-0.0013018620,0.0322027169,0.0024754175,0.0069456822,0.0170247275,0.0047840872,0.0025435388,0.0000000000,0.0000000000,0.0000000000,0.0000000000,0.0000000000,0.0394169874,3.8949999809,3.8956012726,nan,nan,nan,nan,nan,nan,nan,nan,nan,nan,nan,nan,nan,-0.0642081052,-0.0009667580,0.9966987371,-0.0916475132,-0.2087190896,0.1461928189
-0.0186032262,0.1029888168,0.0909106582,0.0000000000,0.0664332044,0.0000000000,-0.1000000015,0.0000000000,-0.0399999991,0.0000000000,0.0000000000,0.0000000000,0.0000000000,0.0000000000,nan,nan,nan,nan,nan,nan,nan,nan,nan,nan,nan,nan,nan,-0.0113207689,0.0001141179,-0.0014827239,0.0206195582,0.0017774805,0.0046255016,0.0170247275,0.0047840872,0.0025435388,0.0000000000,0.0000000000,0.0000000000,0.0000000000,0.0000000000,0.0394169874,3.8949999809,3.8956012726,nan,nan,nan,nan,nan,nan,nan,nan,nan,nan,nan,nan,nan,-0.0642081052,-0.0009667580,0.9966987371,-0.0916475132,-0.2087190896,0.1461928189
-0.0191558227,0.1029921174,0.0908329561,0.0000000000,0.0664332044,0.0000000000,-0.1000000015,0.0000000000,-0.0399999991,0.0000000000,0.0000000000,0.0000000000,0.0000000000,0.0000000000,nan,nan,nan,nan,nan,nan,nan,nan,nan,nan,nan,nan,nan,-0.0113207689,0.0001141179,-0.0014827239,0.0206195582,0.0017774805,0.0046255016,0.0170247275,0.0047840872,0.0025435388,0.0000000000,0.0000000000,0.0000000000,0.0000000000,0.0000000000,0.0420959406,3.8949999809,3.8956012726,nan,nan,nan,nan,nan,nan,nan,nan,nan,nan,nan,nan,nan,-0.0643520579,-0.0020939091,0.9970598817,0.1150850952,-0.1520764083,-0.0188756958
-0.0191558227,0.1029921174,0.0908329561,0.0000000000,0.0664332044,0.0000000000,-0.1000000015,0.0000000000,-0.0399999991,0.0000000000,0.0000000000,0.0000000000,0.0000000000,0.0000000000,nan,nan,nan,nan,nan,nan,nan,nan,nan,nan,nan,nan,nan,-0.0113207689,0.0001141179,-0.0014827239,0.0120461946,0.0013129668,0.0029861194,-0.0066761374,-0.0217264667,-0.0135129159,0.0000000000,0.0000000000,0.0000000000,0.0000000000,0.0000000000,0.0420959406,3.8949999809,3.8956012726,nan,nan,nan,nan,nan,nan,nan,nan,nan,nan,nan,nan,nan,-0.0643520579,-0.0020939091,0.9970598817,0.1150850952,-0.1520764083,-0.0188756958
-0.0191558227,0.1029921174,0.0908329561,0.0000000000,0.0664332044,0.0000000000,-0.1000000015,0.0000000000,-0.0399999991,0.0000000000,0.0000000000,0.0000000000,0.0000000000,0.0000000000,nan,nan,nan,nan,nan,nan,nan,nan,nan,nan,nan,nan,nan,-0.0136103006,-0.0002700226,-0.0017964673,0.0120461946,0.0013129668,0.0029861194,-0.0066761374,-0.0217264667,-0.0135129159,0.0000000000,0.0000000000,0.0000000000,0.0000000000,0.0000000000,0.0420959406,3.8949999809,3.8956012726,nan,nan,nan,nan,nan,nan,nan,nan,nan,nan,nan,nan,nan,-0.0643520579,-0.0020939091,0.9970598817,0.1150850952,-0.1520764083,-0.0188756958
-0.0198221859,0.1029809117,0.0907412022,0.0000000000,0.0664332044,0.0000000000,-0.1000000015,0.0000000000,-0.0399999991,0.0000000000,0.0000000000,0.0000000000,0.0000000000,0.0000000000,nan,nan,nan,nan,nan,nan,nan,nan,nan,nan,nan,nan,nan,-0.0136103006,-0.0002700226,-0.0017964673,0.0120461946,0.0013129668,0.0029861194,-0.0208056476,-0.0077203796,-0.0042678830,0.0000000000,0.0000000000,0.0000000000,0.0000000000,0.0000000000,0.0420959406,3.8949999809,3.8956012726,nan,nan,nan,nan,nan,nan,nan,nan,nan,nan,nan,nan,nan,-0.0645020455,-0.0010350598,0.9983186126,0.1266714334,-0.2996714115,-0.0690095946
-0.0198221859,0.1029809117,0.0907412022,0.0000000000,0.0664332044,0.0000000000,-0.1000000015,0.0000000000,-0.0399999991,0.0000000000,0.0000000000,0.0000000000,0.0000000000,0.0000000000,nan,nan,nan,nan,nan,nan,nan,nan,nan,nan,nan,nan,nan,-0.0166780408,-0.0003921377,-0.0020113532,0.0048445850,0.0008475403,0.0016207465,-0.0208056476,-0.0077203796,-0.0042678830,0.0000000000,0.0000000000,0.0000000000,0.0000000000,0.0000000000,0.0420959406,3.8949999809,3.8956012726,nan,nan,nan,nan,nan,nan,nan,nan,nan,nan,nan,nan,nan,-0.0645020455,-0.0010350598,0.9983186126,0.1266714334,-0.2996714115,-0.0690095946
-0.0206350572,0.1029589027,0.0906348974,0.0000000000,0.0664332044,0.0000000000,-0.1000000015,0.0000000000,-0.0399999991,0.0000000000,0.0000000000,0.0000000000,0.0000000000,0.0000000000,nan,nan,nan,nan,nan,nan,nan,nan,nan,nan,nan,nan,nan,-0.0166780408,-0.0003921377,-0.0020113532,0.0048445850,0.0008475403,0.0016207465,-0.0208056476,-0.0077203796,-0.0042678830,0.0000000000,0.0000000000,0.0000000000,0.0000000000,0.0000000000,0.0394068100,3.8949999809,3.8956012726,nan,nan,nan,nan,nan,nan,nan,nan,nan,nan,nan,nan,nan,-0.0651661903,0.0003139248,0.9977563620,0.1520664990,-0.3716889322,0.0249291975
-0.0206350572,0.1029589027,0.0906348974,0.0000000000,0.0664332044,0.0000000000,-0.1000000015,0.0000000000,-0.0399999991,0.0000000000,0.0000000000,0.0000000000,0.0000000000,0.0000000000,nan,nan,nan,nan,nan,nan,nan,nan,nan,nan,nan,nan,nan,-0.0166780408,-0.0003921377,-0.0020113532,-0.0011565259,0.0005155712,0.0006014507,-0.0014790302,0.0041704872,-0.0108313831,0.0000000000,0.0000000000,0.0000000000,0.0000000000,0.0000000000,0.0394068100,3.8949999809,3.8956012726,nan,nan,nan,nan,nan,nan,nan,nan,nan,nan,nan,nan,nan,-0.0651661903,0.0003139248,0.9977563620,0.1520664990,-0.3716889322,0.0249291975
-0.0206350572,0.1029589027,0.0906348974,0.0000000000,0.0664332044,0.0000000000,-0.1000000015,0.0000000000,-0.0399999991,0.0000000000,0.0000000000,0.0000000000,0.0000000000,0.0000000000,nan,nan,nan,nan,nan,nan,nan,nan,nan,nan,nan,nan,nan,-0.0195658505,-0.0005531293,-0.0023392059,-0.0011565259,0.0005155712,0.0006014507,-0.0014790302,0.0041704872,-0.0108313831,0.0000000000,0.0000000000,0.0000000000,0.0000000000,0.0000000000,0.0394068100,3.8949999809,3.8956012726,nan,nan,nan,nan,nan,nan,nan,nan,nan,nan,nan,nan,nan,-0.0651661903,0.0003139248,0.9977563620,0.1520664990,-0.3716889322,0.0249291975
-0.0216007084,0.1029364839,0.0905122235,0.0000000000,0.0664332044,0.0000000000,-0.1000000015,0.0000000000,-0.0399999991,0.0000000000,0.0000000000,0.0000000000,0.0000000000,0.0000000000,nan,nan,nan,nan,nan,nan,nan,nan,nan,nan,nan,nan,nan,-0.0195658505,-0.0005531293,-0.0023392059,-0.0011565259,0.0005155712,0.0006014507,0.0076158252,-0.0000088369,-0.0154805044,0.0000000000,0.0000000000,0.0000000000,0.0000000000,0.0000000000,0.0394068100,3.8949999809,3.8956012726,nan,nan,nan,nan,nan,nan,nan,nan,nan,nan,nan,nan,nan,-0.0632340014,0.0010415108,0.9970481992,0.0360944420,0.0501706861,0.1036948785
-0.0216007084,0.1029364839,0.0905122235,0.0000000000,0.0664332044,0.0000000000,-0.1000000015,0.0000000000,-0.0399999991,0.0000000000,0.0000000000,0.0000000000,0.0000000000,0.0000000000,nan,nan,nan,nan,nan,nan,nan,nan,nan,nan,nan,nan,nan,-0.0224612039,-0.0003916132,-0.0028498122,-0.0062688268,0.0002779525,-0.0002795636,0.0076158252,-0.0000088369,-0.0154805044,0.0000000000,0.0000000000,0.0000000000,0.0000000000,0.0000000000,0.0394068100,3.8949999809,3.8956012726,nan,nan,nan,nan,nan,nan,nan,nan,nan,nan,nan,nan,nan,-0.0632340014,0.0010415108,0.9970481992,0.0360944420,0.0501706861,0.1036948785
-0.0227051079,0.1029198840,0.0903658569,0.0000000000,0.0664332044,0.0000000000,-0.1000000015,0.0000000000,-0.0399999991,0.0000000000,0.0000000000,0.0000000000,0.0000000000,0.0000000000,nan,nan,nan,nan,nan,nan,nan,nan,nan,nan,nan,nan,nan,-0.0224612039,-0.0003916132,-0.0028498122,-0.0062688268,0.0002779525,-0.0002795636,0.0076158252,-0.0000088369,-0.0154805044,0.0000000000,0.0000000000,0.0000000000,3.4685606956,0.2075455785,0.0000000000,3.8949999809,3.8956012726,nan,nan,nan,nan,nan,nan,nan,nan,nan,nan,nan,nan,nan,-0.0650041923,-0.0012871044,0.9954358339,-0.1083333343,0.0338881239,0.1364049315
-0.0227051079,0.1029198840,0.0903658569,0.0000000000,0.0664332044,0.0000000000,-0.1000000015,0.0000000000,-0.0399999991,0.0000000000,0.0909163058,0.0536354631,0.0743694231,0.1020065621,nan,nan,nan,nan,nan,nan,nan,nan,nan,nan,nan,nan,nan,-0.0125118084,-0.0005005870,-0.0043483600,-0.0106842620,0.0000831746,-0.0010491401,0.0003081858,0.0015722654,-0.0267784949,0.0000000000,0.0000000000,0.0000000000,3.4685606956,0.2075455785,0.0000000000,3.8949999809,3.8956012726,nan,nan,nan,nan,nan,nan,nan,nan,nan,nan,nan,nan,nan,-0.0650041923,-0.0012871044,0.9954358339,-0.1083333343,0.0338881239,0.1364049315
-0.0227051079,0.1029198840,0.0903658569,0.0000000000,0.0664332044,0.0000000000,-0.1000000015,0.0000000000,-0.0399999991,0.0000000000,0.0909163058,0.0536354631,0.0743694231,0.1020065621,nan,nan,nan,nan,nan,nan,nan,nan,nan,nan,nan,nan,nan,-0.0125118084,-0.0005005870,-0.0043483600,-0.0106842620,0.0000831746,-0.0010491401,0.0003081858,0.0015722654,-0.0267784949,-0.0973526388,-0.1747636199,-0.2598057687,3.4685606956,0.2075455785,0.0000000000,3.8949999809,3.8956012726,nan,nan,nan,nan,nan,nan,nan,nan,nan,nan,nan,nan,nan,-0.0650041923,-0.0012871044,0.9954358339,-0.1083333343,0.0338881239,0.1364049315
-0.0234402753,0.1028949544,0.0901574492,0.0000000000,0.0664332044,0.0000000000,-0.1000000015,0.0000000000,-0.0399999991,0.0000000000,0.0929640681,0.0502327010,0.0709666610,0.1074357256,nan,nan,nan,nan,nan,nan,nan,nan,nan,nan,nan,nan,nan,-0.0125118084,-0.0005005870,-0.0043483600,-0.0106842620,0.0000831746,-0.0010491401,0.0093192980,-0.0234189387,-0.0018231620,-0.0973526388,-0.1747636199,-0.2598057687,3.4685606956,0.2075455785,0.0000000000,3.8949999809,3.8956012726,nan,nan,nan,nan,nan,nan,nan,nan,nan,nan,nan,nan,nan,-0.0646513700,-0.0012797712,0.9974202514,0.0554289632,0.0188622735,-0.0280255806
-0.0234402753,0.1028949544,0.0901574492,0.0000000000,0.0664332044,0.0000000000,-0.1000000015,0.0000000000,-0.0399999991,0.0000000000,0.0929640681,0.0502327010,0.0709666610,0.1074357256,nan,nan,nan,nan,nan,nan,nan,nan,nan,nan,nan,nan,nan,0.0160696134,-0.0004446394,-0.0069755479,-0.0085528186,-0.0000679869,-0.0021676519,0.0093192980,-0.0234189387,-0.0018231620,-0.0973526388,-0.1747636199,-0.2598057687,3.4685606956,0.2075455785,0.0000000000,3.8949999809,3.8956012726,nan,nan,nan,nan,nan,nan,nan,nan,nan,nan,nan,nan,nan,-0.0646513700,-0.0012797712,0.9974202514,0.0554289632,0.0188622735,-0.0280255806
-0.0227773376,0.1028724462,0.0898268446,0.0000000000,0.0664332044,0.0000000000,-0.1000000015,0.0000000000,-0.0399999991,0.0000000000,0.0929640681,0.0502327010,0.0709666610,0.1074357256,nan,nan,nan,nan,nan,nan,nan,nan,nan,nan,nan,nan,nan,0.0160696134,-0.0004446394,-0.0069755479,-0.0085528186,-0.0000679869,-0.0021676519,0.0093192980,-0.0234189387,-0.0018231620,-0.0973526388,-0.1747636199,-0.2598057687,3.4860668182,2.4223644733,0.0000000000,3.8949999809,3.8956012726,nan,nan,nan,nan,nan,nan,nan,nan,nan,nan,nan,nan,nan,-0.0714606270,-0.0093105678,0.9971218109,0.0554289632,0.0188622735,-0.0280255806
-0.0227773376,0.1028724462,0.0898268446,0.0000000000,0.0664332044,0.0000000000,-0.1000000015,0.0000000000,-0.0399999991,0.0000000000,0.0421057455,0.0989791751,0.0208224617,0.1588128507,nan,nan,nan,nan,nan,nan,nan,nan,nan,nan,nan,nan,nan,0.0591168404,0.0000019753,-0.0056606596,0.0277623683,0.0006365603,0.0040106191,-0.0381665900,-0.1225127801,0.0260353144,-0.0973526388,-0.1747636199,-0.2598057687,3.4860668182,2.4223644733,0.0000000000,3.8949999809,3.8956012726,nan,nan,nan,nan,nan,nan,nan,nan,nan,nan,nan,nan,nan,-0.0714606270,-0.0093105678,0.9971218109,0.0554289632,0.0188622735,-0.0280255806
-0.0227773376,0.1028724462,0.0898268446,0.0000000000,0.0664332044,0.0000000000,-0.1000000015,0.0000000000,-0.0399999991,0.0000000000,0.0421057455,0.0989791751,0.0208224617,0.1588128507,nan,nan,nan,nan,nan,nan,nan,nan,nan,nan,nan,nan,nan,0.0591168404,0.0000019753,-0.0056606596,0.0277623683,0.0006365603,0.0040106191,-0.0381665900,-0.1225127801,0.0260353144,-0.1421627402,-0.1756145954,-0.2674712539,3.4860668182,2.4223644733,0.0000000000,3.8949999809,3.7425220013,nan,nan,nan,nan,nan,nan,nan,nan,nan,nan,nan,nan,nan,-0.0684208274,-0.0102115395,1.0003169775,0.0554289632,0.0188622735,-0.0280255806
-0.0156477205,0.1029995009,0.0907952785,0.0000000000,0.0664332044,0.0000000000,-0.1000000015,0.0000000000,-0.0399999991,0.0000000000,0.1055130884,0.0341802090,0.0682810768,0.1111100987,nan,nan,nan,nan,nan,nan,nan,nan,nan,nan,nan,nan,nan,0.0591168404,0.0000019753,-0.0056606596,0.0277623683,0.0006365603,0.0040106191,0.0089949993,-0.0213244148,-0.0175966118,-0.1421627402,-0.1756145954,-0.2674712539,3.4860668182,2.4223644733,0.0000000000,3.8949999809,3.7425220013,nan,nan,nan,nan,nan,nan,nan,nan,nan,nan,nan,nan,nan,-0.0684208274,-0.0102115395,1.0003169775,1.2411065102,3.6768479347,1.7444269657
-0.0156477205,0.1029995009,0.0907952785,0.0000000000,0.0664332044,0.0000000000,-0.1000000015,0.0000000000,-0.0399999991,0.0000000000,0.1055130884,0.0341802090,0.0682810768,0.1111100987,nan,nan,nan,nan,nan,nan,nan,nan,nan,nan,nan,nan,nan,0.0887209773,-0.0000559731,-0.0064647594,0.0382554010,0.0004560369,0.0014378335,0.0089949993,-0.0213244148,-0.0175966118,-0.1421627402,-0.1756145954,-0.2674712539,3.4860668182,2.4223644733,0.0000000000,3.8949999809,3.7425220013,nan,nan,nan,nan,nan,nan,nan,nan,nan,nan,nan,nan,nan,-0.0684208274,-0.0102115395,1.0003169775,1.2411065102,3.6768479347,1.7444269657
-0.0113568213,0.1029964685,0.0905151442,0.0000959708,0.0692022681,0.0027725216,-0.1000000015,0.0000000000,-0.0399999991,0.0000000000,0.1055130884,0.0341802090,0.0682810768,0.1111100987,nan,nan,nan,nan,nan,nan,nan,nan,nan,nan,nan,nan,nan,0.0887209773,-0.0000559731,-0.0064647594,0.0382554010,0.0004560369,0.0014378335,0.0089949993,-0.0213244148,-0.0175966118,-0.1421627402,-0.1756145954,-0.2674712539,3.4861371517,3.8503746986,0.0000000000,3.8949999809,3.7425220013,nan,nan,nan,nan,nan,nan,nan,nan,nan,nan,nan,nan,nan,-0.0329003893,-0.0204483010,1.0117685795,3.4709682465,20.8601379395,18.4523258209
-0.0113568213,0.1029964685,0.0905151442,0.0000959708,0.0692022681,0.0027725216,-0.1000000015,0.0000000000,-0.0399999991,0.0000000000,0.1630762219,-0.0013153277,0.0590524152,0.0946486667,nan,nan,nan,nan,nan,nan,nan,nan,nan,nan,nan,nan,nan,0.0886927322,-0.0006234588,0.0017806594,0.0182475410,0.0003302840,0.0021408142,0.2571606934,-0.2221038043,0.2376717776,-0.1421627402,-0.1756145954,-0.2674712539,3.4861371517,3.8503746986,0.0000000000,3.8949999809,3.7425220013,nan,nan,nan,nan,nan,nan,nan,nan,nan,nan,nan,nan,nan,-0.0329003893,-0.0204483010,1.0117685795,3.4709682465,20.8601379395,18.4523258209
-0.0113568213,0.1029964685,0.0905151442,0.0000959708,0.0692022681,0.0027725216,-0.1000000015,0.0000000000,-0.0399999991,0.0000000000,0.1630762219,-0.0013153277,0.0590524152,0.0946486667,nan,nan,nan,nan,nan,nan,nan,nan,nan,nan,nan,nan,nan,0.0886927322,-0.0006234588,0.0017806594,0.0182475410,0.0003302840,0.0021408142,0.2571606934,-0.2221038043,0.2376717776,-0.0994302779,-0.1741913259,-0.2638163567,3.4861371517,3.8503746986,0.0000000000,3.8949999809,3.6633431911,nan,nan,nan,nan,nan,nan,nan,nan,nan,nan,nan,nan,nan,-0.0329003893,-0.0204483010,1.0117685795,3.4709682465,20.8601379395,18.4523258209
-0.0124270469,0.1029672176,0.0909359753,0.0115132327,0.0968533478,0.0088705200,-0.1000000015,0.0000000000,-0.0399999991,0.0000000000,0.0890455544,0.0694590732,-0.0143465325,0.1660547853,nan,nan,nan,nan,nan,nan,nan,nan,nan,nan,nan,nan,nan,0.0886927322,-0.0006234588,0.0017806594,0.0182475410,0.0003302840,0.0021408142,0.2083695382,-0.0977968425,0.2884712219,-0.0994302779,-0.1741913259,-0.2638163567,3.4861371517,3.8503746986,0.0000000000,3.6150000095,3.6633431911,nan,nan,nan,nan,nan,nan,nan,nan,nan,nan,nan,nan,nan,-0.0748267621,-0.0049868659,1.0257230997,29.1271305084,63.0668487549,-3.8007290363
-0.0124270469,0.1029672176,0.0909359753,0.0115132327,0.0968533478,0.0088705200,-0.1000000015,0.0000000000,-0.0399999991,0.0000000000,0.0890455544,0.0694590732,-0.0143465325,0.1660547853,nan,nan,nan,nan,nan,nan,nan,nan,nan,nan,nan,nan,nan,0.1335534155,-0.0073473137,0.0116186533,0.0401548520,-0.0003224033,0.0031871030,0.2083695382,-0.0977968425,0.2884712219,-0.0994302779,-0.1741913259,-0.2638163567,3.4861371517,3.8503746986,0.0000000000,3.6150000095,3.6633431911,nan,nan,nan,nan,nan,nan,nan,nan,nan,nan,nan,nan,nan,-0.0748267621,-0.0049868659,1.0257230997,29.1271305084,63.0668487549,-3.8007290363
-0.0059758369,0.1026310846,0.0914968848,0.0336877724,0.1467443953,0.0052518238,-0.1000000015,0.0000000000,-0.0399999991,0.0000000000,0.0890455544,0.0694590732,-0.0143465325,0.1660547853,nan,nan,nan,nan,nan,nan,nan,nan,nan,nan,nan,nan,nan,0.1335534155,-0.0073473137,0.0116186533,0.0401548520,-0.0003224033,0.0031871030,0.2083695382,-0.0977968425,0.2884712219,-0.0994302779,-0.1741913259,-0.2638163567,2.9493474960,5.2603888512,0.0000000000,3.6150000095,3.6633431911,nan,nan,nan,nan,nan,nan,nan,nan,nan,nan,nan,nan,nan,-0.1713813543,0.0191620328,0.9868919849,31.2621421814,38.4586868286,-18.0682849884
-0.0059758369,0.1026310846,0.0914968848,0.0336877724,0.1467443953,0.0052518238,-0.1000000015,0.0000000000,-0.0399999991,0.0000000000,0.1702266037,0.0247348752,0.0316807814,0.0861799046,nan,nan,nan,nan,nan,nan,nan,nan,nan,nan,nan,nan,nan,0.1547800452,-0.0306348130,-0.0006997883,0.0234656055,-0.0094958656,0.0066510160,-0.2651344240,-0.2228202820,-0.0647935867,-0.0994302779,-0.1741913259,-0.2638163567,2.9493474960,5.2603888512,0.0000000000,3.6150000095,3.6633431911,nan,nan,nan,nan,nan,nan,nan,nan,nan,nan,nan,nan,nan,-0.1713813543,0.0191620328,0.9868919849,31.2621421814,38.4586868286,-18.0682849884
-0.0059758369,0.1026310846,0.0914968848,0.0336877724,0.1467443953,0.0052518238,-0.1000000015,0.0000000000,-0.0399999991,0.0000000000,0.1702266037,0.0247348752,0.0316807814,0.0861799046,nan,nan,nan,nan,nan,nan,nan,nan,nan,nan,nan,nan,nan,0.1547800452,-0.0306348130,-0.0006997883,0.0234656055,-0.0094958656,0.0066510160,-0.2651344240,-0.2228202820,-0.0647935867,-0.0982477367,-0.1629566252,-0.2655090988,2.9493474960,5.2603888512,0.0000000000,3.6150000095,3.6263930798,nan,nan,nan,nan,nan,nan,nan,nan,nan,nan,nan,nan,nan,-0.1713813543,0.0191620328,0.9868919849,31.2621421814,38.4586868286,-18.0682849884
-0.0054359930,0.1003329754,0.0918618366,0.0547737674,0.1637874429,-0.0093927244,-0.1000000015,0.0000000000,-0.0399999991,0.0000000000,0.0471351184,0.1204760820,-0.0172976274,0.1727046669,nan,nan,nan,nan,nan,nan,nan,nan,nan,nan,nan,nan,nan,0.1547800452,-0.0306348130,-0.0006997883,0.0234656055,-0.0094958656,0.0066510160,-0.3827726543,-0.1291006207,-0.3825581968,-0.0982477367,-0.1629566252,-0.2655090988,2.9493474960,5.2603888512,0.0000000000,3.6150000095,3.6263930798,nan,nan,nan,nan,nan,nan,nan,nan,nan,nan,nan,nan,nan,-0.1969001293,0.0503672287,0.9630116224,14.0784254074,-54.3345375061,-20.9834747314
-0.0054359930,0.1003329754,0.0918618366,0.0547737674,0.1637874429,-0.0093927244,-0.1000000015,0.0000000000,-0.0399999991,0.0000000000,0.0471351184,0.1204760820,-0.0172976274,0.1727046669,nan,nan,nan,nan,nan,nan,nan,nan,nan,nan,nan,nan,nan,0.2218373567,-0.0591188408,-0.0290619023,0.0640452132,-0.0173116066,0.0030031260,-0.3827726543,-0.1291006207,-0.3825581968,-0.0982477367,-0.1629566252,-0.2655090988,2.9493474960,5.2603888512,0.0000000000,3.6150000095,3.6263930798,nan,nan,nan,nan,nan,nan,nan,nan,nan,nan,nan,nan,nan,-0.1969001293,0.0503672287,0.9630116224,14.0784254074,-54.3345375061,-20.9834747314
0.0053187013,0.0975257307,0.0907462388,0.0592402177,0.1062502899,-0.0328955526,-0.1000000015,0.0000000000,-0.0399999991,0.0000000000,0.0471351184,0.1204760820,-0.0172976274,0.1727046669,nan,nan,nan,nan,nan,nan,nan,nan,nan,nan,nan,nan,nan,0.2218373567,-0.0591188408,-0.0290619023,0.0640452132,-0.0173116066,0.0030031260,-0.3827726543,-0.1291006207,-0.3825581968,-0.0982477367,-0.1629566252,-0.2655090988,1.4976613522,6.9212541580,0.0000000000,3.6150000095,3.6263930798,nan,nan,nan,nan,nan,nan,nan,nan,nan,nan,nan,nan,nan,-0.1740968674,0.0597199723,0.9773551822,-16.2370109558,-86.9215164185,-19.4455928802
0.0053187013,0.0975257307,0.0907462388,0.0592402177,0.1062502899,-0.0328955526,-0.1000000015,0.0000000000,-0.0399999991,0.0000000000,-0.0260074772,0.1653315127,0.0984115377,0.0897627249,nan,nan,nan,nan,nan,nan,nan,nan,nan,nan,nan,nan,nan,0.2218373567,-0.0591188408,-0.0290619023,0.1112973690,-0.0314740650,-0.0066505191,-0.6089599729,0.1422745883,-0.1562405378,-0.0982477367,-0.1629566252,-0.2655090988,1.4976613522,6.9212541580,0.0000000000,3.6150000095,3.6263930798,nan,nan,nan,nan,nan,nan,nan,nan,nan,nan,nan,nan,nan,-0.1740968674,0.0597199723,0.9773551822,-16.2370109558,-86.9215164185,-19.4455928802
0.0053187013,0.0975257307,0.0907462388,0.0592402177,0.1062502899,-0.0328955526,-0.1000000015,0.0000000000,-0.0399999991,0.0000000000,-0.0260074772,0.1653315127,0.0984115377,0.0897627249,nan,nan,nan,nan,nan,nan,nan,nan,nan,nan,nan,nan,nan,0.2620674074,-0.0904388353,-0.0505667850,0.1112973690,-0.0314740650,-0.0066505191,-0.6089599729,0.1422745883,-0.1562405378,-0.1790409386,-0.1581093520,-0.2515389025,1.4976613522,6.9212541580,0.0000000000,3.6150000095,3.6633431911,nan,nan,nan,nan,nan,nan,nan,nan,nan,nan,nan,nan,nan,-0.0765649378,0.0654958785,1.0146721601,-16.2370109558,-86.9215164185,-19.4455928802
0.0182688180,0.0931711420,0.0885739997,0.0460996764,0.0398980121,-0.0489241210,-0.1000000015,0.0000000000,-0.0399999991,0.0000000000,0.0019592585,0.1393331885,-0.0400671400,0.2225497961,nan,nan,nan,nan,nan,nan,nan,nan,nan,nan,nan,nan,nan,0.2620674074,-0.0904388353,-0.0505667850,0.1112973690,-0.0314740650,-0.0066505191,-0.0089925034,0.1807554662,0.2993108034,-0.1790409386,-0.1581093520,-0.2515389025,1.4976613522,6.9212541580,0.0000000000,3.6150000095,3.6633431911,nan,nan,nan,nan,nan,nan,nan,nan,nan,nan,nan,nan,nan,-0.0765649378,0.0654958785,1.0146721601,-18.6501350403,-55.4383926392,0.8194633126
0.0182688180,0.0931711420,0.0885739997,0.0460996764,0.0398980121,-0.0489241210,-0.1000000015,0.0000000000,-0.0399999991,0.0000000000,0.0019592585,0.1393331885,-0.0400671400,0.2225497961,nan,nan,nan,nan,nan,nan,nan,nan,nan,nan,nan,nan,nan,0.2697576284,-0.1150899157,-0.0500026233,0.1511973888,-0.0489387251,-0.0172233414,-0.0089925034,0.1807554662,0.2993108034,-0.1790409386,-0.1581093520,-0.2515389025,1.4976613522,6.9212541580,0.0000000000,3.6150000095,3.6633431911,nan,nan,nan,nan,nan,nan,nan,nan,nan,nan,nan,nan,nan,-0.0765649378,0.0654958785,1.0146721601,-18.6501350403,-55.4383926392,0.8194633126
0.0317773819,0.0875473395,0.0863302723,0.0278257139,-0.0047279862,-0.0581981212,-0.1000000015,0.0000000000,-0.0399999991,0.0000000000,0.0019592585,0.1393331885,-0.0400671400,0.2225497961,nan,nan,nan,nan,nan,nan,nan,nan,nan,nan,nan,nan,nan,0.2697576284,-0.1150899157,-0.0500026233,0.1511973888,-0.0489387251,-0.0172233414,-0.0089925034,0.1807554662,0.2993108034,-0.1790409386,-0.1581093520,-0.2515389025,0.4322520792,6.6443085670,0.0000000000,3.6150000095,3.6633431911,nan,nan,nan,nan,nan,nan,nan,nan,nan,nan,nan,nan,nan,0.0302332249,0.0159265511,1.0058920383,-19.5835380554,-29.0841083527,-8.4167165756
0.0317773819,0.0875473395,0.0863302723,0.0278257139,-0.0047279862,-0.0581981212,-0.1000000015,0.0000000000,-0.0399999991,0.0000000000,0.0062500956,0.1249836013,0.1267841607,0.0604074188,nan,nan,nan,nan,nan,nan,nan,nan,nan,nan,nan,nan,nan,0.0304976907,-0.0630396828,-0.0148924785,0.1836601049,-0.0685648173,-0.0240099039,0.0968213901,-0.1432449520,0.0614717826,-0.1790409386,-0.1581093520,-0.2515389025,0.4322520792,6.6443085670,0.0000000000,3.6150000095,3.6633431911,nan,nan,nan,nan,nan,nan,nan,nan,nan,nan,nan,nan,nan,0.0302332249,0.0159265511,1.0058920383,-19.5835380554,-29.0841083527,-8.4167165756
0.0317773819,0.0875473395,0.0863302723,0.0278257139,-0.0047279862,-0.0581981212,-0.1000000015,0.0000000000,-0.0399999991,0.0000000000,0.0062500956,0.1249836013,0.1267841607,0.0604074188,nan,nan,nan,nan,nan,nan,nan,nan,nan,nan,nan,nan,nan,0.0304976907,-0.0630396828,-0.0148924785,0.1836601049,-0.0685648173,-0.0240099039,0.0968213901,-0.1432449520,0.0614717826,0.2409006059,-0.2465019822,-0.3175397515,0.4322520792,6.6443085670,0.0000000000,3.6150000095,3.6105573177,nan,nan,nan,nan,nan,nan,nan,nan,nan,nan,nan,nan,nan,0.0278661791,-0.0325585976,1.0260448456,-19.5835380554,-29.0841083527,-8.4167165756
-0.0109127993,0.0972706378,0.0926507562,0.0174891173,-0.0299474594,-0.0583971927,-0.1000000015,0.0000000000,-0.0399999991,0.0000000000,0.1840238124,-0.0320836194,0.1019485816,0.0565682463,nan,nan,nan,nan,nan,nan,nan,nan,nan,nan,nan,nan,nan,0.0304976907,-0.0630396828,-0.0148924785,0.1836601049,-0.0685648173,-0.0240099039,0.0513126515,-0.3301405311,0.1829511970,0.2409006059,-0.2465019822,-0.3175397515,0.4322520792,6.6443085670,0.0000000000,3.6150000095,3.6105573177,nan,nan,nan,nan,nan,nan,nan,nan,nan,nan,nan,nan,nan,0.0278661791,-0.0325585976,1.0260448456,8.6648359299,16.0903015137,15.0755958557
-0.0109127993,0.0972706378,0.0926507562,0.0174891173,-0.0299474594,-0.0583971927,-0.1000000015,0.0000000000,-0.0399999991,0.0000000000,0.1840238124,-0.0320836194,0.1019485816,0.0565682463,nan,nan,nan,nan,nan,nan,nan,nan,nan,nan,nan,nan,nan,-0.0077693774,-0.0685549006,-0.0080360696,-0.0857889354,-0.0019893344,0.0139461700,0.0513126515,-0.3301405311,0.1829511970,0.2409006059,-0.2465019822,-0.3175397515,0.4322520792,6.6443085670,0.0000000000,3.6150000095,3.6105573177,nan,nan,nan,nan,nan,nan,nan,nan,nan,nan,nan,nan,nan,0.0278661791,-0.0325585976,1.0260448456,8.6648359299,16.0903015137,15.0755958557
-0.0110596437,0.0938657224,0.0921788961,0.0275940760,0.0034939561,-0.0525462237,-0.1000000015,0.0000000000,-0.0399999991,0.0000000000,0.1840238124,-0.0320836194,0.1019485816,0.0565682463,nan,nan,nan,nan,nan,nan,nan,nan,nan,nan,nan,nan,nan,-0.0077693774,-0.0685549006,-0.0080360696,-0.0857889354,-0.0019893344,0.0139461700,0.0513126515,-0.3301405311,0.1829511970,0.2409006059,-0.2465019822,-0.3175397515,1.5600515604,0.4780739546,0.0000000000,3.6150000095,3.6105573177,nan,nan,nan,nan,nan,nan,nan,nan,nan,nan,nan,nan,nan,0.0529785864,-0.0250904430,0.9514746070,19.1622333527,29.4096069336,3.6405470371
-0.0110596437,0.0938657224,0.0921788961,0.0275940760,0.0034939561,-0.0525462237,-0.1000000015,0.0000000000,-0.0399999991,0.0000000000,0.1442679465,0.0206027329,0.0362584889,0.1125841215,nan,nan,nan,nan,nan,nan,nan,nan,nan,nan,nan,nan,nan,-0.0324168466,-0.0798481926,-0.0236160569,-0.0678762347,-0.0207581259,0.0070440648,0.4409323633,-0.5148622990,-0.4207504392,0.2409006059,-0.2465019822,-0.3175397515,1.5600515604,0.4780739546,0.0000000000,3.6150000095,3.6105573177,nan,nan,nan,nan,nan,nan,nan,nan,nan,nan,nan,nan,nan,0.0529785864,-0.0250904430,0.9514746070,19.1622333527,29.4096069336,3.6405470371
-0.0110596437,0.0938657224,0.0921788961,0.0275940760,0.0034939561,-0.0525462237,-0.1000000015,0.0000000000,-0.0399999991,0.0000000000,0.1442679465,0.0206027329,0.0362584889,0.1125841215,nan,nan,nan,nan,nan,nan,nan,nan,nan,nan,nan,nan,nan,-0.0324168466,-0.0798481926,-0.0236160569,-0.0678762347,-0.0207581259,0.0070440648,0.4409323633,-0.5148622990,-0.4207504392,-0.1072531939,-0.1494006813,-0.2592624426,1.5600515604,0.4780739546,0.0000000000,3.6150000095,3.6052787304,nan,nan,nan,nan,nan,nan,nan,nan,nan,nan,nan,nan,nan,-0.0427806750,0.0598945729,1.0196256638,19.1622333527,29.4096069336,3.6405470371
-0.0125236092,0.0899362117,0.0910491645,0.0330210119,0.0090347859,-0.0441415841,-0.1000000015,0.0000000000,-0.0399999991,0.0000000000,0.1735866368,-0.0039215689,0.1192401052,0.0216495004,nan,nan,nan,nan,nan,nan,nan,nan,nan,nan,nan,nan,nan,-0.0324168466,-0.0798481926,-0.0236160569,-0.0678762347,-0.0207581259,0.0070440648,-0.2902820408,0.4657156467,0.3305711746,-0.1072531939,-0.1494006813,-0.2592624426,1.5600515604,0.4780739546,0.0000000000,3.6150000095,3.6052787304,nan,nan,nan,nan,nan,nan,nan,nan,nan,nan,nan,nan,nan,-0.0427806750,0.0598945729,1.0196256638,-0.9472913742,-14.4025049210,12.2999181747
-0.0125236092,0.0899362117,0.0910491645,0.0330210119,0.0090347859,-0.0441415841,-0.1000000015,0.0000000000,-0.0399999991,0.0000000000,0.1735866368,-0.0039215689,0.1192401052,0.0216495004,nan,nan,nan,nan,nan,nan,nan,nan,nan,nan,nan,nan,nan,-0.0519908182,-0.0958954245,-0.0196473375,-0.0588587001,-0.0376923643,-0.0024798987,-0.2902820408,0.4657156467,0.3305711746,-0.1072531939,-0.1494006813,-0.2592624426,1.5600515604,0.4780739546,0.0000000000,3.6150000095,3.6052787304,nan,nan,nan,nan,nan,nan,nan,nan,nan,nan,nan,nan,nan,-0.0427806750,0.0598945729,1.0196256638,-0.9472913742,-14.4025049210,12.2999181747
-0.0149643961,0.0852149799,0.0898730382,0.0385810046,0.0090501685,-0.0385810046,-0.1000000015,0.0000000000,-0.0399999991,0.0000000000,0.1735866368,-0.0039215689,0.1192401052,0.0216495004,nan,nan,nan,nan,nan,nan,nan,nan,nan,nan,nan,nan,nan,-0.0519908182,-0.0958954245,-0.0196473375,-0.0588587001,-0.0376923643,-0.0024798987,-0.2902820408,0.4657156467,0.3305711746,-0.1072531939,-0.1494006813,-0.2592624426,0.3199311197,0.1684468985,0.0000000000,3.6150000095,3.6052787304,nan,nan,nan,nan,nan,nan,nan,nan,nan,nan,nan,nan,nan,-0.0148287509,0.0427424386,0.9974553585,0.8203040957,-6.4380254745,2.9628233910
-0.0149643961,0.0852149799,0.0898730382,0.0385810046,0.0090501685,-0.0385810046,-0.1000000015,0.0000000000,-0.0399999991,0.0000000000,0.0160646979,0.1509239376,-0.0154695967,0.1506858915,nan,nan,nan,nan,nan,nan,nan,nan,nan,nan,nan,nan,nan,-0.0731164813,-0.1135079563,-0.0133105423,-0.0592661835,-0.0553698838,-0.0062025739,-0.2863739133,0.0389873050,-0.1003136635,-0.1072531939,-0.1494006813,-0.2592624426,0.3199311197,0.1684468985,0.0000000000,3.6150000095,3.6052787304,nan,nan,nan,nan,nan,nan,nan,nan,nan,nan,nan,nan,nan,-0.0148287509,0.0427424386,0.9974553585,0.8203040957,-6.4380254745,2.9628233910
-0.0149643961,0.0852149799,0.0898730382,0.0385810046,0.0090501685,-0.0385810046,-0.1000000015,0.0000000000,-0.0399999991,0.0000000000,0.0160646979,0.1509239376,-0.0154695967,0.1506858915,nan,nan,nan,nan,nan,nan,nan,nan,nan,nan,nan,nan,nan,-0.0731164813,-0.1135079563,-0.0133105423,-0.0592661835,-0.0553698838,-0.0062025739,-0.2863739133,0.0389873050,-0.1003136635,-0.0797771066,-0.2066019773,-0.2783628702,0.3199311197,0.1684468985,0.0000000000,3.6150000095,3.6422288418,nan,nan,nan,nan,nan,nan,nan,nan,nan,nan,nan,nan,nan,-0.0211065747,0.0409326367,0.9659627676,0.8203040957,-6.4380254745,2.9628233910
-0.0194639582,0.0971118882,0.0935709476,0.0414291786,0.0038574432,-0.0525208148,-0.1000000015,0.0000000000,-0.0399999991,0.0000000000,0.1614740193,-0.0122865643,0.1433768272,0.0164034497,nan,nan,nan,nan,nan,nan,nan,nan,nan,nan,nan,nan,nan,-0.0731164813,-0.1135079563,-0.0133105423,-0.0592661835,-0.0553698838,-0.0062025739,0.0395031571,0.0794537142,-0.4520055652,-0.0797771066,-0.2066019773,-0.2783628702,0.3199311197,0.1684468985,0.0000000000,3.6150000095,3.6422288418,nan,nan,nan,nan,nan,nan,nan,nan,nan,nan,nan,nan,nan,-0.0211065747,0.0409326367,0.9659627676,-1.5310287476,-8.0712213516,4.9922780991
-0.0194639582,0.0971118882,0.0935709476,0.0414291786,0.0038574432,-0.0525208148,-0.1000000015,0.0000000000,-0.0399999991,0.0000000000,0.1614740193,-0.0122865643,0.1433768272,0.0164034497,nan,nan,nan,nan,nan,nan,nan,nan,nan,nan,nan,nan,nan,-0.0986326709,-0.0543973558,-0.0121550458,-0.0690600201,0.0215838403,0.0134687265,0.0395031571,0.0794537142,-0.4520055652,-0.0797771066,-0.2066019773,-0.2783628702,0.3199311197,0.1684468985,0.0000000000,3.6150000095,3.6422288418,nan,nan,nan,nan,nan,nan,nan,nan,nan,nan,nan,nan,nan,-0.0211065747,0.0409326367,0.9659627676,-1.5310287476,-8.0712213516,4.9922780991
-0.0242539626,0.0944448858,0.0929638073,0.0415672717,-0.0018471507,-0.0443322606,-0.1000000015,0.0000000000,-0.0399999991,0.0000000000,0.1614740193,-0.0122865643,0.1433768272,0.0164034497,nan,nan,nan,nan,nan,nan,nan,nan,nan,nan,nan,nan,nan,-0.0986326709,-0.0543973558,-0.0121550458,-0.0690600201,0.0215838403,0.0134687265,0.0395031571,0.0794537142,-0.4520055652,-0.0797771066,-0.2066019773,-0.2783628702,1.2689186335,-0.8231582046,0.0000000000,3.6150000095,3.6422288418,nan,nan,nan,nan,nan,nan,nan,nan,nan,nan,nan,nan,nan,0.0343274325,0.0413614176,1.0622800589,-3.8573889732,0.0455315299,11.3778333664
-0.0242539626,0.0944448858,0.0929638073,0.0415672717,-0.0018471507,-0.0443322606,-0.1000000015,0.0000000000,-0.0399999991,0.0000000000,0.0038483255,0.1386648417,-0.0402777158,0.1935607046,nan,nan,nan,nan,nan,nan,nan,nan,nan,nan,nan,nan,nan,-0.1245686188,-0.0685947612,0.0029254055,-0.0799290091,-0.0000406255,0.0072317729,0.0175781623,0.1119502485,0.1749872863,-0.0797771066,-0.2066019773,-0.2783628702,1.2689186335,-0.8231582046,0.0000000000,3.6150000095,3.6422288418,nan,nan,nan,nan,nan,nan,nan,nan,nan,nan,nan,nan,nan,0.0343274325,0.0413614176,1.0622800589,-3.8573889732,0.0455315299,11.3778333664
-0.0242539626,0.0944448858,0.0929638073,0.0415672717,-0.0018471507,-0.0443322606,-0.1000000015,0.0000000000,-0.0399999991,0.0000000000,0.0038483255,0.1386648417,-0.0402777158,0.1935607046,nan,nan,nan,nan,nan,nan,nan,nan,nan,nan,nan,nan,nan,-0.1245686188,-0.0685947612,0.0029254055,-0.0799290091,-0.0000406255,0.0072317729,0.0175781623,0.1119502485,0.1749872863,-0.0707529187,-0.1502968222,-0.2653438449,1.2689186335,-0.8231582046,0.0000000000,3.6150000095,3.6369502544,nan,nan,nan,nan,nan,nan,nan,nan,nan,nan,nan,nan,nan,0.0343274325,0.0413614176,1.0622800589,-3.8573889732,0.0455315299,11.3778333664
-0.0303483624,0.0910847336,0.0927904993,0.0415071631,0.0008616697,-0.0415071631,-0.1000000015,0.0000000000,-0.0399999991,0.0000000000,0.1661341339,-0.0109224077,0.1492454410,-0.0015777829,nan,nan,nan,nan,nan,nan,nan,nan,nan,nan,nan,nan,nan,-0.1245686188,-0.0685947612,0.0029254055,-0.0799290091,-0.0000406255,0.0072317729,0.1316675246,-0.0549123138,-0.2897687256,-0.0707529187,-0.1502968222,-0.2653438449,1.2689186335,-0.8231582046,0.0000000000,3.6150000095,3.6369502544,nan,nan,nan,nan,nan,nan,nan,nan,nan,nan,nan,nan,nan,-0.0067508183,0.0280655921,0.9885347486,2.8721802235,9.3733377457,-1.3220493793
-0.0303483624,0.0910847336,0.0927904993,0.0415071631,0.0008616697,-0.0415071631,-0.1000000015,0.0000000000,-0.0399999991,0.0000000000,0.1661341339,-0.0109224077,0.1492454410,-0.0015777829,nan,nan,nan,nan,nan,nan,nan,nan,nan,nan,nan,nan,nan,-0.1488956362,-0.0822883993,-0.0019587411,-0.0930648148,-0.0195229296,0.0043186652,0.1316675246,-0.0549123138,-0.2897687256,-0.0707529187,-0.1502968222,-0.2653438449,1.2689186335,-0.8231582046,0.0000000000,3.6150000095,3.6369502544,nan,nan,nan,nan,nan,nan,nan,nan,nan,nan,nan,nan,nan,-0.0067508183,0.0280655921,0.9885347486,2.8721802235,9.3733377457,-1.3220493793
-0.0376655310,0.0870358944,0.0924553946,0.0414548651,0.0035706554,-0.0386823694,-0.1000000015,0.0000000000,-0.0399999991,0.0000000000,0.1661341339,-0.0109224077,0.1492454410,-0.0015777829,nan,nan,nan,nan,nan,nan,nan,nan,nan,nan,nan,nan,nan,-0.1488956362,-0.0822883993,-0.0019587411,-0.0930648148,-0.0195229296,0.0043186652,-0.0638900772,-0.1122249514,0.0960498750,-0.0707529187,-0.1502968222,-0.2653438449,0.6427837014,-1.8471932411,0.0000000000,3.6150000095,3.6369502544,nan,nan,nan,nan,nan,nan,nan,nan,nan,nan,nan,nan,nan,-0.0107551878,0.0403941795,1.0184859037,3.1529519558,-5.2923159599,7.6523022652
-0.0376655310,0.0870358944,0.0924553946,0.0414548651,0.0035706554,-0.0386823694,-0.1000000015,0.0000000000,-0.0399999991,0.0000000000,-0.0078095677,0.1616235673,-0.0420935377,0.1884611398,nan,nan,nan,nan,nan,nan,nan,nan,nan,nan,nan,nan,nan,-0.1723286957,-0.0973466560,0.0024578727,-0.1110822037,-0.0379936695,0.0010494953,-0.0638900772,-0.1122249514,0.0960498750,-0.0707529187,-0.1502968222,-0.2653438449,0.6427837014,-1.8471932411,0.0000000000,3.6150000095,3.6369502544,nan,nan,nan,nan,nan,nan,nan,nan,nan,nan,nan,nan,nan,-0.0107551878,0.0403941795,1.0184859037,3.1529519558,-5.2923159599,7.6523022652
-0.0376655310,0.0870358944,0.0924553946,0.0414548651,0.0035706554,-0.0386823694,-0.1000000015,0.0000000000,-0.0399999991,0.0000000000,-0.0078095677,0.1616235673,-0.0420935377,0.1884611398,nan,nan,nan,nan,nan,nan,nan,nan,nan,nan,nan,nan,nan,-0.1723286957,-0.0973466560,0.0024578727,-0.1110822037,-0.0379936695,0.0010494953,-0.0638900772,-0.1122249514,0.0960498750,-0.0431958586,-0.1296746582,-0.2635158002,0.6427837014,-1.8471932411,0.0000000000,3.6150000095,3.6369502544,nan,nan,nan,nan,nan,nan,nan,nan,nan,nan,nan,nan,nan,-0.0107551878,0.0403941795,1.0184859037,3.1529519558,-5.2923159599,7.6523022652
-0.0461548045,0.0822479427,0.0921428949,0.0414016515,0.0063370970,-0.0386252992,-0.1000000015,0.0000000000,-0.0399999991,0.0000000000,0.1472648233,0.0163668282,0.1187182441,0.0204989705,nan,nan,nan,nan,nan,nan,nan,nan,nan,nan,nan,nan,nan,-0.1723286957,-0.0973466560,0.0024578727,-0.1110822037,-0.0379936695,0.0010494953,0.0491537526,-0.2974637449,-0.1864472479,-0.0431958586,-0.1296746582,-0.2635158002,0.6427837014,-1.8471932411,0.0000000000,3.6150000095,3.6369502544,nan,nan,nan,nan,nan,nan,nan,nan,nan,nan,nan,nan,nan,-0.0207126066,0.0204903390,0.9774915576,1.8571020365,5.2549486160,-5.4353237152
-0.0461548045,0.0822479427,0.0921428949,0.0414016515,0.0063370970,-0.0386252992,-0.1000000015,0.0000000000,-0.0399999991,0.0000000000,0.1472648233,0.0163668282,0.1187182441,0.0204989705,nan,nan,nan,nan,nan,nan,nan,nan,nan,nan,nan,nan,nan,-0.1946740299,-0.1120845973,-0.0040348452,-0.1280737817,-0.0546824895,-0.0010502734,0.0491537526,-0.2974637449,-0.1864472479,-0.0431958586,-0.1296746582,-0.2635158002,0.6427837014,-1.8471932411,0.0000000000,3.6150000095,3.6369502544,nan,nan,nan,nan,nan,nan,nan,nan,nan,nan,nan,nan,nan,-0.0207126066,0.0204903390,0.9774915576,1.8571020365,5.2549486160,-5.4353237152
-0.0557581298,0.0767153949,0.0915556028,0.0413612277,0.0090463232,-0.0358009288,-0.1000000015,0.0000000000,-0.0399999991,0.0000000000,0.1472648233,0.0163668282,0.1187182441,0.0204989705,nan,nan,nan,nan,nan,nan,nan,nan,nan,nan,nan,nan,nan,-0.1946740299,-0.1120845973,-0.0040348452,-0.1280737817,-0.0546824895,-0.0010502734,0.0491537526,-0.2974637449,-0.1864472479,-0.0431958586,-0.1296746582,-0.2635158002,-0.4531698823,-2.8305511475,0.0000000000,3.6150000095,3.6369502544,nan,nan,nan,nan,nan,nan,nan,nan,nan,nan,nan,nan,nan,-0.0119515974,0.0483524539,1.0235116482,-8.0350217819,7.2252469063,7.6220664978
-0.0557581298,0.0767153949,0.0915556028,0.0413612277,0.0090463232,-0.0358009288,-0.1000000015,0.0000000000,-0.0399999991,0.0000000000,0.0036987870,0.1441245228,-0.0530006886,0.2065644413,nan,nan,nan,nan,nan,nan,nan,nan,nan,nan,nan,nan,nan,-0.1946740299,-0.1120845973,-0.0040348452,-0.1490727514,-0.0720455721,-0.0046210680,-0.0215634592,0.0744993836,0.3159519732,-0.0431958586,-0.1296746582,-0.2635158002,-0.4531698823,-2.8305511475,0.0000000000,3.6150000095,3.6369502544,nan,nan,nan,nan,nan,nan,nan,nan,nan,nan,nan,nan,nan,-0.0119515974,0.0483524539,1.0235116482,-8.0350217819,7.2252469063,7.6220664978
-0.0557581298,0.0767153949,0.0915556028,0.0413612277,0.0090463232,-0.0358009288,-0.1000000015,0.0000000000,-0.0399999991,0.0000000000,0.0036987870,0.1441245228,-0.0530006886,0.2065644413,nan,nan,nan,nan,nan,nan,nan,nan,nan,nan,nan,nan,nan,-0.2153027952,-0.1262617558,-0.0004883804,-0.1490727514,-0.0720455721,-0.0046210680,-0.0215634592,0.0744993836,0.3159519732,-0.0114753954,-0.1040199399,-0.2604117095,-0.4531698823,-2.8305511475,0.0000000000,3.6150000095,3.6052787304,nan,nan,nan,nan,nan,nan,nan,nan,nan,nan,nan,nan,nan,-0.0171586182,0.0294547454,0.9885767698,-8.0350217819,7.2252469063,7.6220664978
-0.0663996488,0.0704757422,0.0909521356,0.0301199761,0.0171902453,-0.0384949177,-0.1000000015,0.0000000000,-0.0399999991,0.0000000000,0.0929030329,0.0678416118,0.0604684539,0.0792065337,nan,nan,nan,nan,nan,nan,nan,nan,nan,nan,nan,nan,nan,-0.2153027952,-0.1262617558,-0.0004883804,-0.1490727514,-0.0720455721,-0.0046210680,-0.0182876457,-0.0844303370,-0.0980414376,-0.0114753954,-0.1040199399,-0.2604117095,-0.4531698823,-2.8305511475,0.0000000000,3.6150000095,3.6052787304,nan,nan,nan,nan,nan,nan,nan,nan,nan,nan,nan,nan,nan,-0.0171586182,0.0294547454,0.9885767698,-8.8766822815,10.0460395813,-8.6500635147
-0.0663996488,0.0704757422,0.0909521356,0.0301199761,0.0171902453,-0.0384949177,-0.1000000015,0.0000000000,0.1599999964,0.0000000000,0.0929030329,0.0678416118,0.0604684539,0.0792065337,nan,nan,nan,nan,nan,nan,nan,nan,nan,nan,nan,nan,nan,-0.2330390513,-0.1357051730,-0.0052706124,-0.1665354967,-0.0866210535,-0.0063347793,-0.0182876457,-0.0844303370,-0.0980414376,-0.0114753954,-0.1040199399,-0.2604117095,-0.4531698823,-2.8305511475,0.0000000000,3.6150000095,3.6052787304,nan,nan,nan,nan,nan,nan,nan,nan,nan,nan,nan,nan,nan,-0.0171586182,0.0294547454,0.9885767698,-8.8766822815,10.0460395813,-8.6500635147
-0.0779388100,0.0637278557,0.0902186334,0.0217117730,0.0225642952,-0.0385077766,-0.1000000015,0.0000000000,0.1599999964,0.0000000000,0.0929030329,0.0678416118,0.0604684539,0.0792065337,nan,nan,nan,nan,nan,nan,nan,nan,nan,nan,nan,nan,nan,-0.2330390513,-0.1357051730,-0.0052706124,-0.1665354967,-0.0866210535,-0.0063347793,-0.0182876457,-0.0844303370,-0.0980414376,-0.0114753954,-0.1040199399,-0.2604117095,-1.2959353924,-3.6891472340,0.0000000000,3.6150000095,3.6052787304,nan,nan,nan,nan,nan,nan,nan,nan,nan,nan,nan,nan,nan,-0.0300778300,-0.0021993259,1.0071238279,-7.5163950920,10.8670444489,7.3057293892
-0.0779388100,0.0637278557,0.0902186334,0.0217117730,0.0225642952,-0.0385077766,-0.1000000015,0.0000000000,0.1599999964,0.0000000000,0.0717570782,0.1168688536,0.0043488215,0.1760494411,nan,nan,nan,nan,nan,nan,nan,nan,nan,nan,nan,nan,nan,-0.2467513680,-0.1415486038,0.0013636727,-0.1873227656,-0.1013611853,-0.0092316307,-0.0682370663,-0.0336206928,0.3071601093,-0.0114753954,-0.1040199399,-0.2604117095,-1.2959353924,-3.6891472340,0.0000000000,3.6150000095,3.6052787304,nan,nan,nan,nan,nan,nan,nan,nan,nan,nan,nan,nan,nan,-0.0300778300,-0.0021993259,1.0071238279,-7.5163950920,10.8670444489,7.3057293892
-0.0779388100,0.0637278557,0.0902186334,0.0217117730,0.0225642952,-0.0385077766,-0.1000000015,0.0000000000,0.1599999964,0.0000000000,0.0717570782,0.1168688536,0.0043488215,0.1760494411,nan,nan,nan,nan,nan,nan,nan,nan,nan,nan,nan,nan,nan,-0.2467513680,-0.1415486038,0.0013636727,-0.1873227656,-0.1013611853,-0.0092316307,-0.0682370663,-0.0336206928,0.3071601093,0.0233088247,-0.0763833448,0.1425593197,-1.2959353924,-3.6891472340,0.0000000000,3.6150000095,3.5630500317,nan,nan,nan,nan,nan,nan,nan,nan,nan,nan,nan,nan,nan,-0.0300778300,-0.0021993259,1.0071238279,-7.5163950920,10.8670444489,7.3057293892
-0.0901928023,0.0566759035,0.0896390975,0.0159191013,0.0335485751,-0.0412561965,-0.1000000015,0.0000000000,0.1599999964,0.0000000000,0.0216800198,0.1591393948,-0.0148470290,0.1947905719,nan,nan,nan,nan,nan,nan,nan,nan,nan,nan,nan,nan,nan,-0.2467513680,-0.1415486038,0.0013636727,-0.1873227656,-0.1013611853,-0.0092316307,0.0537370294,-0.1779203713,0.0283777080,0.0233088247,-0.0763833448,0.1425593197,-1.2959353924,-3.6891472340,0.0000000000,3.6150000095,3.5630500317,nan,nan,nan,nan,nan,nan,nan,nan,nan,nan,nan,nan,nan,-0.0172625780,0.0038223467,1.0333799124,2.9478316307,13.0252294540,-9.6277561188
-0.0901928023,0.0566759035,0.0896390975,0.0159191013,0.0335485751,-0.0412561965,-0.1000000015,0.0000000000,0.1599999964,0.0000000000,0.0216800198,0.1591393948,-0.0148470290,0.1947905719,nan,nan,nan,nan,nan,nan,nan,nan,nan,nan,nan,nan,nan,-0.2556248605,-0.1448446661,0.0130275209,-0.2018762231,-0.1112190038,-0.0076738610,0.0537370294,-0.1779203713,0.0283777080,0.0233088247,-0.0763833448,0.1425593197,-1.2959353924,-3.6891472340,0.0000000000,3.6150000095,3.5630500317,nan,nan,nan,nan,nan,nan,nan,nan,nan,nan,nan,nan,nan,-0.0172625780,0.0038223467,1.0333799124,2.9478316307,13.0252294540,-9.6277561188
-0.1029484123,0.0494538918,0.0897351578,0.0075007277,0.0389117759,-0.0413782989,-0.1000000015,0.0000000000,0.1599999964,0.0000000000,0.0216800198,0.1591393948,-0.0148470290,0.1947905719,nan,nan,nan,nan,nan,nan,nan,nan,nan,nan,nan,nan,nan,-0.2556248605,-0.1448446661,0.0130275209,-0.2018762231,-0.1112190038,-0.0076738610,0.0537370294,-0.1779203713,0.0283777080,0.0233088247,-0.0763833448,0.1425593197,-1.9234433174,-4.2454195023,0.0000000000,3.6150000095,3.5630500317,nan,nan,nan,nan,nan,nan,nan,nan,nan,nan,nan,nan,nan,-0.0294537190,0.0075111552,1.0310732126,-21.5774745941,13.7314310074,5.1667733192
-0.1029484123,0.0494538918,0.0897351578,0.0075007277,0.0389117759,-0.0413782989,-0.1000000015,0.0000000000,0.1599999964,0.0000000000,0.1413778961,0.0138063636,0.1033463031,0.1021316871,nan,nan,nan,nan,nan,nan,nan,nan,nan,nan,nan,nan,nan,-0.2603878379,-0.1438497305,0.0240718108,-0.2190596014,-0.1214905530,-0.0043430906,0.2564503849,0.0598606020,0.2018283457,0.0233088247,-0.0763833448,0.1425593197,-1.9234433174,-4.2454195023,0.0000000000,3.6150000095,3.5630500317,nan,nan,nan,nan,nan,nan,nan,nan,nan,nan,nan,nan,nan,-0.0294537190,0.0075111552,1.0310732126,-21.5774745941,13.7314310074,5.1667733192
-0.1029484123,0.0494538918,0.0897351578,0.0075007277,0.0389117759,-0.0413782989,-0.1000000015,0.0000000000,0.3600000143,0.0000000000,0.1413778961,0.0138063636,0.1033463031,0.1021316871,nan,nan,nan,nan,nan,nan,nan,nan,nan,nan,nan,nan,nan,-0.2603878379,-0.1438497305,0.0240718108,-0.2190596014,-0.1214905530,-0.0043430906,0.2564503849,0.0598606020,0.2018283457,0.0575035587,-0.0510053970,0.1380303353,-1.9234433174,-4.2454195023,0.0000000000,3.6150000095,3.5630500317,nan,nan,nan,nan,nan,nan,nan,nan,nan,nan,nan,nan,nan,0.0057051838,-0.0108434111,1.0177699327,-21.5774745941,13.7314310074,5.1667733192
-0.1159861907,0.0422616936,0.0902730227,-0.0119349094,0.0440606089,-0.0390210735,-0.1000000015,0.0000000000,0.3600000143,0.0000000000,0.0188021678,0.1714351177,-0.0122285802,0.1829587370,nan,nan,nan,nan,nan,nan,nan,nan,nan,nan,nan,nan,nan,-0.2603878379,-0.1438497305,0.0240718108,-0.2190596014,-0.1214905530,-0.0043430906,0.2359677255,-0.2145757228,0.2212773561,0.0575035587,-0.0510053970,0.1380303353,-1.9234433174,-4.2454195023,0.0000000000,3.5840001106,3.5630500317,nan,nan,nan,nan,nan,nan,nan,nan,nan,nan,nan,nan,nan,0.0057051838,-0.0108434111,1.0177699327,-1.9882079363,-1.1710088253,-5.6870298386
-0.1159861907,0.0422616936,0.0902730227,-0.0119349094,0.0440606089,-0.0390210735,-0.1000000015,0.0000000000,0.3600000143,0.0000000000,0.0188021678,0.1714351177,-0.0122285802,0.1829587370,nan,nan,nan,nan,nan,nan,nan,nan,nan,nan,nan,nan,nan,-0.2631036639,-0.1348227113,0.0314591229,-0.2280256003,-0.1253037453,0.0005739570,0.2359677255,-0.2145757228,0.2212773561,0.0575035587,-0.0510053970,0.1380303353,-1.9234433174,-4.2454195023,0.0000000000,3.5840001106,3.5630500317,nan,nan,nan,nan,nan,nan,nan,nan,nan,nan,nan,nan,nan,0.0057051838,-0.0108434111,1.0177699327,-1.9882079363,-1.1710088253,-5.6870298386
-0.1291887313,0.0354778320,0.0912304670,-0.0118229603,0.0413094267,-0.0362325180,-0.1000000015,0.0000000000,0.3600000143,0.0000000000,0.0188021678,0.1714351177,-0.0122285802,0.1829587370,nan,nan,nan,nan,nan,nan,nan,nan,nan,nan,nan,nan,nan,-0.2631036639,-0.1348227113,0.0314591229,-0.2280256003,-0.1253037453,0.0005739570,0.2359677255,-0.2145757228,0.2212773561,0.0575035587,-0.0510053970,0.1380303353,-1.7706811428,-4.7541384697,0.0000000000,3.5840001106,3.5630500317,nan,nan,nan,nan,nan,nan,nan,nan,nan,nan,nan,nan,nan,-0.0155521687,-0.0189679954,1.0235180855,-3.9660251141,20.1309051514,10.6597871780
-0.1291887313,0.0354778320,0.0912304670,-0.0118229603,0.0413094267,-0.0362325180,-0.1000000015,0.0000000000,0.3600000143,0.0000000000,0.1447592974,0.0501472503,0.0624765418,0.1678553522,nan,nan,nan,nan,nan,nan,nan,nan,nan,nan,nan,nan,nan,-0.2645076215,-0.1250355244,0.0458849892,-0.2404243946,-0.1281988770,0.0071181469,0.4338177741,-0.0879237875,0.2620242834,0.0575035587,-0.0510053970,0.1380303353,-1.7706811428,-4.7541384697,0.0000000000,3.5840001106,3.5630500317,nan,nan,nan,nan,nan,nan,nan,nan,nan,nan,nan,nan,nan,-0.0155521687,-0.0189679954,1.0235180855,-3.9660251141,20.1309051514,10.6597871780
-0.1291887313,0.0354778320,0.0912304670,-0.0118229603,0.0413094267,-0.0362325180,-0.1000000015,0.0000000000,0.3600000143,0.0000000000,0.1447592974,0.0501472503,0.0624765418,0.1678553522,nan,nan,nan,nan,nan,nan,nan,nan,nan,nan,nan,nan,nan,-0.2645076215,-0.1250355244,0.0458849892,-0.2404243946,-0.1281988770,0.0071181469,0.4338177741,-0.0879237875,0.2620242834,0.0921302214,-0.0304133352,0.5300068259,-1.7706811428,-4.7541384697,0.0000000000,3.5840001106,3.5366568565,nan,nan,nan,nan,nan,nan,nan,nan,nan,nan,nan,nan,nan,-0.0155521687,-0.0189679954,1.0235180855,-3.9660251141,20.1309051514,10.6597871780
-0.0117639089,0.1017988324,0.0993847549,-0.0206177296,0.0549121245,-0.0448695741,-0.1000000015,0.0000000000,0.3600000143,0.0000000000,0.0623331070,0.0718181133,0.0343358517,0.2438117117,nan,nan,nan,nan,nan,nan,nan,nan,nan,nan,nan,nan,nan,-0.2645076215,-0.1250355244,0.0458849892,-0.2404243946,-0.1281988770,0.0071181469,0.4448655844,0.0742365122,0.7075961828,0.0921302214,-0.0304133352,0.5300068259,-1.7706811428,-4.7541384697,0.0000000000,3.5840001106,3.5366568565,nan,nan,nan,nan,nan,nan,nan,nan,nan,nan,nan,nan,nan,-0.0091891503,-0.0170490276,1.0760684013,-10.2925052643,8.1253070831,4.9128794670
-0.0117639089,0.1017988324,0.0993847549,-0.0206177296,0.0549121245,-0.0448695741,-0.1000000015,0.0000000000,0.3600000143,0.0000000000,0.0623331070,0.0718181133,0.0343358517,0.2438117117,nan,nan,nan,nan,nan,nan,nan,nan,nan,nan,nan,nan,nan,0.0643549636,0.0635044426,0.0699151903,0.4799832106,0.2770089507,0.0511690341,0.4448655844,0.0742365122,0.7075961828,0.0921302214,-0.0304133352,0.5300068259,-1.7706811428,-4.7541384697,0.0000000000,3.5840001106,3.5366568565,nan,nan,nan,nan,nan,nan,nan,nan,nan,nan,nan,nan,nan,-0.0091891503,-0.0170490276,1.0760684013,-10.2925052643,8.1253070831,4.9128794670
-0.0087160021,0.1049404293,0.1026637852,0.0021704868,0.0332564225,-0.0359488757,-0.1000000015,0.0000000000,0.3600000143,0.0000000000,0.0623331070,0.0718181133,0.0343358517,0.2438117117,nan,nan,nan,nan,nan,nan,nan,nan,nan,nan,nan,nan,nan,0.0643549636,0.0635044426,0.0699151903,0.4799832106,0.2770089507,0.0511690341,0.4448655844,0.0742365122,0.7075961828,0.0921302214,-0.0304133352,0.5300068259,3.3951346874,-0.2823104858,0.0000000000,3.5840001106,3.5366568565,nan,nan,nan,nan,nan,nan,nan,nan,nan,nan,nan,nan,nan,-0.0037948885,-0.0159903523,1.0555791855,114.5904464722,-90.9324722290,17.3506736755
-0.0087160021,0.1049404293,0.1026637852,0.0021704868,0.0332564225,-0.0359488757,-0.1000000015,0.0000000000,0.3600000143,0.0000000000,0.1297932416,0.1745082885,0.1297932416,-0.0254795160,nan,nan,nan,nan,nan,nan,nan,nan,nan,nan,nan,nan,nan,0.0738720596,0.0726348311,0.1037431583,0.3643338084,0.2186312675,0.0580343604,0.2057708204,-0.3512937427,0.5867189765,0.0921302214,-0.0304133352,0.5300068259,3.3951346874,-0.2823104858,0.0000000000,3.5840001106,3.5366568565,nan,nan,nan,nan,nan,nan,nan,nan,nan,nan,nan,nan,nan,-0.0037948885,-0.0159903523,1.0555791855,114.5904464722,-90.9324722290,17.3506736755
-0.0087160021,0.1049404293,0.1026637852,0.0021704868,0.0332564225,-0.0359488757,-0.1000000015,0.0000000000,0.5600000024,0.0000000000,0.1297932416,0.1745082885,0.1297932416,-0.0254795160,nan,nan,nan,nan,nan,nan,nan,nan,nan,nan,nan,nan,nan,0.0738720596,0.0726348311,0.1037431583,0.3643338084,0.2186312675,0.0580343604,0.2057708204,-0.3512937427,0.5867189765,-0.1301228404,-0.1997649819,0.4921707809,3.3951346874,-0.2823104858,0.0000000000,3.5840001106,3.5260996819,nan,nan,nan,nan,nan,nan,nan,nan,nan,nan,nan,nan,nan,-0.0037948885,-0.0159903523,1.0555791855,114.5904464722,-90.9324722290,17.3506736755
-0.0051270509,0.1086507812,0.1076279357,0.0779073603,-0.0265801572,-0.0287357307,-0.1000000015,0.0000000000,0.5600000024,0.0000000000,0.0459143966,0.1532646716,0.0093781948,0.2613961995,nan,nan,nan,nan,nan,nan,nan,nan,nan,nan,nan,nan,nan,0.0738720596,0.0726348311,0.1037431583,0.3643338084,0.2186312675,0.0580343604,-0.5527212620,-1.0275430679,0.7770154476,-0.1301228404,-0.1997649819,0.4921707809,3.3951346874,-0.2823104858,0.0000000000,3.5840001106,3.5260996819,nan,nan,nan,nan,nan,nan,nan,nan,nan,nan,nan,nan,nan,-0.0081029395,-0.0117034353,1.0693591833,-6.9913029671,-1.5863126516,-1.3277546167
-0.0051270509,0.1086507812,0.1076279357,0.0779073603,-0.0265801572,-0.0287357307,-0.1000000015,0.0000000000,0.5600000024,0.0000000000,0.0459143966,0.1532646716,0.0093781948,0.2613961995,nan,nan,nan,nan,nan,nan,nan,nan,nan,nan,nan,nan,nan,0.0545201339,0.0461844951,0.1410854012,0.2873658240,0.1797737330,0.0733066425,-0.5527212620,-1.0275430679,0.7770154476,-0.1301228404,-0.1997649819,0.4921707809,3.3951346874,-0.2823104858,0.0000000000,3.5840001106,3.5260996819,nan,nan,nan,nan,nan,nan,nan,nan,nan,nan,nan,nan,nan,-0.0081029395,-0.0117034353,1.0693591833,-6.9913029671,-1.5863126516,-1.3277546167
-0.0023695861,0.1112658605,0.1144593880,0.0582982783,-0.0131070308,-0.0253018082,-0.1000000015,0.0000000000,0.5600000024,0.0000000000,0.0459143966,0.1532646716,0.0093781948,0.2613961995,nan,nan,nan,nan,nan,nan,nan,nan,nan,nan,nan,nan,nan,0.0545201339,0.0461844951,0.1410854012,0.2873658240,0.1797737330,0.0733066425,-0.5527212620,-1.0275430679,0.7770154476,-0.1301228404,-0.1997649819,0.4921707809,4.1110553741,2.0102112293,0.0000000000,3.5840001106,3.5260996819,nan,nan,nan,nan,nan,nan,nan,nan,nan,nan,nan,nan,nan,-0.0137553178,-0.0100995079,1.0914820433,-12.4131488800,19.0728149414,8.8105859756
-0.0023695861,0.1112658605,0.1144593880,0.0582982783,-0.0131070308,-0.0253018082,-0.1000000015,0.0000000000,0.5600000024,0.0000000000,0.1264515221,0.0854413733,0.0438513793,0.2028320879,nan,nan,nan,nan,nan,nan,nan,nan,nan,nan,nan,nan,nan,0.0396672040,0.0243439842,0.1892815232,0.2195342779,0.1405270398,0.0941134244,-0.0204589106,-0.5650635958,0.9665658474,-0.1301228404,-0.1997649819,0.4921707809,4.1110553741,2.0102112293,0.0000000000,3.5840001106,3.5260996819,nan,nan,nan,nan,nan,nan,nan,nan,nan,nan,nan,nan,nan,-0.0137553178,-0.0100995079,1.0914820433,-12.4131488800,19.0728149414,8.8105859756
-0.0023695861,0.1112658605,0.1144593880,0.0582982783,-0.0131070308,-0.0253018082,-0.1000000015,0.0000000000,0.5600000024,0.0000000000,0.1264515221,0.0854413733,0.0438513793,0.2028320879,nan,nan,nan,nan,nan,nan,nan,nan,nan,nan,nan,nan,nan,0.0396672040,0.0243439842,0.1892815232,0.2195342779,0.1405270398,0.0941134244,-0.0204589106,-0.5650635958,0.9665658474,-0.1313934326,-0.1998813450,0.8490304947,4.1110553741,2.0102112293,0.0000000000,3.5840001106,3.4838709831,nan,nan,nan,nan,nan,nan,nan,nan,nan,nan,nan,nan,nan,0.0042263274,-0.0030202339,1.1006143093,-12.4131488800,19.0728149414,8.8105859756
-0.0004655341,0.1127289534,0.1236874387,0.0526898907,-0.0076442433,-0.0251187779,-0.1000000015,0.0000000000,0.5600000024,0.0000000000,0.0074525066,0.2226962745,0.0485358983,0.1667811126,nan,nan,nan,nan,nan,nan,nan,nan,nan,nan,nan,nan,nan,0.0396672040,0.0243439842,0.1892815232,0.2195342779,0.1405270398,0.0941134244,-0.2136630118,-0.6845622063,0.8811555505,-0.1313934326,-0.1998813450,0.8490304947,4.1110553741,2.0102112293,0.0000000000,3.5840001106,3.4838709831,nan,nan,nan,nan,nan,nan,nan,nan,nan,nan,nan,nan,nan,0.0042263274,-0.0030202339,1.1006143093,9.9355096817,-18.0369396210,-6.0773739815
-0.0004655341,0.1127289534,0.1236874387,0.0526898907,-0.0076442433,-0.0251187779,-0.1000000015,0.0000000000,0.5600000024,0.0000000000,0.0074525066,0.2226962745,0.0485358983,0.1667811126,nan,nan,nan,nan,nan,nan,nan,nan,nan,nan,nan,nan,nan,0.0273306165,0.0041165724,0.2358894795,0.1714046448,0.1097092181,0.1260589808,-0.2136630118,-0.6845622063,0.8811555505,-0.1313934326,-0.1998813450,0.8490304947,4.1110553741,2.0102112293,0.0000000000,3.5840001106,3.4838709831,nan,nan,nan,nan,nan,nan,nan,nan,nan,nan,nan,nan,nan,0.0042263274,-0.0030202339,1.1006143093,9.9355096817,-18.0369396210,-6.0773739815
0.0008297277,0.1132029742,0.1357271671,0.0556023337,-0.0186747058,-0.0254385561,-0.1000000015,0.0000000000,0.5600000024,0.0000000000,0.0074525066,0.2226962745,0.0485358983,0.1667811126,nan,nan,nan,nan,nan,nan,nan,nan,nan,nan,nan,nan,nan,0.0273306165,0.0041165724,0.2358894795,0.1714046448,0.1097092181,0.1260589808,-0.2136630118,-0.6845622063,0.8811555505,-0.1313934326,-0.1998813450,0.8490304947,3.4421401024,1.8128368855,0.0000000000,3.5840001106,3.4838709831,nan,nan,nan,nan,nan,nan,nan,nan,nan,nan,nan,nan,nan,-0.0115722846,-0.0170758199,1.0600730181,1.9489049911,2.3025994301,9.3279838562
0.0008297277,0.1132029742,0.1357271671,0.0556023337,-0.0186747058,-0.0254385561,-0.1000000015,0.0000000000,0.5600000024,0.0000000000,0.1114610583,0.1076401919,0.0743633211,0.1556756049,nan,nan,nan,nan,nan,nan,nan,nan,nan,nan,nan,nan,nan,0.0124279242,-0.0147623559,0.2604213357,0.1284276843,0.0788812116,0.1595618278,-0.1166850701,-0.5748827457,0.4929881394,-0.1313934326,-0.1998813450,0.8490304947,3.4421401024,1.8128368855,0.0000000000,3.5840001106,3.4838709831,nan,nan,nan,nan,nan,nan,nan,nan,nan,nan,nan,nan,nan,-0.0115722846,-0.0170758199,1.0600730181,1.9489049911,2.3025994301,9.3279838562
0.0008297277,0.1132029742,0.1357271671,0.0556023337,-0.0186747058,-0.0254385561,-0.1000000015,0.0000000000,0.5600000024,0.0000000000,0.1114610583,0.1076401919,0.0743633211,0.1556756049,nan,nan,nan,nan,nan,nan,nan,nan,nan,nan,nan,nan,nan,0.0124279242,-0.0147623559,0.2604213357,0.1284276843,0.0788812116,0.1595618278,-0.1166850701,-0.5748827457,0.4929881394,-0.1297764331,-0.1946238875,0.7939964533,3.4421401024,1.8128368855,0.0000000000,3.5840001106,3.5366568565,nan,nan,nan,nan,nan,nan,nan,nan,nan,nan,nan,nan,nan,-0.0115722846,-0.0170758199,1.0600730181,1.9489049911,2.3025994301,9.3279838562
0.0087113511,0.0869917944,0.1451302469,0.0501706554,-0.0125188859,-0.0529210386,-0.1000000015,0.0000000000,0.5600000024,0.0000000000,0.0990859866,0.1828458160,0.0039673457,0.1781094074,nan,nan,nan,nan,nan,nan,nan,nan,nan,nan,nan,nan,nan,0.0124279242,-0.0147623559,0.2604213357,0.1284276843,0.0788812116,0.1595618278,-0.1437638998,-0.5530421138,0.1537735909,-0.1297764331,-0.1946238875,0.7939964533,3.4421401024,1.8128368855,0.0000000000,3.5840001106,3.5366568565,nan,nan,nan,nan,nan,nan,nan,nan,nan,nan,nan,nan,nan,0.0223906804,-0.0036901012,1.0217858553,-10.8872375488,-0.9634811282,-7.4585642815
0.0087113511,0.0869917944,0.1451302469,0.0501706554,-0.0125188859,-0.0529210386,-0.1000000015,0.0000000000,0.5600000024,0.0000000000,0.0990859866,0.1828458160,0.0039673457,0.1781094074,nan,nan,nan,nan,nan,nan,nan,nan,nan,nan,nan,nan,nan,0.0182923637,-0.1377472878,0.2589314580,0.1389611065,-0.0990735441,0.1680384129,-0.1437638998,-0.5530421138,0.1537735909,-0.1297764331,-0.1946238875,0.7939964533,3.4421401024,1.8128368855,0.0000000000,3.5840001106,3.5366568565,nan,nan,nan,nan,nan,nan,nan,nan,nan,nan,nan,nan,nan,0.0223906804,-0.0036901012,1.0217858553,-10.8872375488,-0.9634811282,-7.4585642815
0.0095089348,0.0801624358,0.1580137610,0.0365560145,-0.0211833976,-0.0529883307,-0.1000000015,0.0000000000,0.5600000024,0.0000000000,0.0990859866,0.1828458160,0.0039673457,0.1781094074,nan,nan,nan,nan,nan,nan,nan,nan,nan,nan,nan,nan,nan,0.0182923637,-0.1377472878,0.2589314580,0.1389611065,-0.0990735441,0.1680384129,-0.1437638998,-0.5530421138,0.1537735909,-0.1297764331,-0.1946238875,0.7939964533,-1.3291893005,2.1925311089,0.0000000000,3.5840001106,3.5366568565,nan,nan,nan,nan,nan,nan,nan,nan,nan,nan,nan,nan,nan,-0.0133600086,-0.0177814905,0.9972354770,-43.6725502014,-26.1988925934,12.1205377579
0.0095089348,0.0801624358,0.1580137610,0.0365560145,-0.0211833976,-0.0529883307,-0.1000000015,0.0000000000,0.5600000024,0.0000000000,0.0848279595,0.1174883693,0.0736888722,0.1750270873,nan,nan,nan,nan,nan,nan,nan,nan,nan,nan,nan,nan,nan,0.0043228567,-0.1540766805,0.2579353452,0.1027372479,-0.1110469848,0.1907576472,-0.2152937055,-0.2782106102,0.0321783982,-0.1297764331,-0.1946238875,0.7939964533,-1.3291893005,2.1925311089,0.0000000000,3.5840001106,3.5366568565,nan,nan,nan,nan,nan,nan,nan,nan,nan,nan,nan,nan,nan,-0.0133600086,-0.0177814905,0.9972354770,-43.6725502014,-26.1988925934,12.1205377579
0.0095089348,0.0801624358,0.1580137610,0.0365560145,-0.0211833976,-0.0529883307,-0.1000000015,0.0000000000,0.5600000024,0.0000000000,0.0848279595,0.1174883693,0.0736888722,0.1750270873,nan,nan,nan,nan,nan,nan,nan,nan,nan,nan,nan,nan,nan,0.0043228567,-0.1540766805,0.2579353452,0.1027372479,-0.1110469848,0.1907576472,-0.2152937055,-0.2782106102,0.0321783982,-0.1399965882,-0.1136621758,0.7502109408,-1.3291893005,2.1925311089,0.0000000000,3.5840001106,3.4997067451,nan,nan,nan,nan,nan,nan,nan,nan,nan,nan,nan,nan,nan,0.0026318503,0.0145639563,1.0100694895,-43.6725502014,-26.1988925934,12.1205377579
0.0156886727,0.0640410483,0.1787684113,-0.0020934975,-0.0304979360,-0.0442575266,-0.1000000015,0.0000000000,0.5600000024,0.0000000000,0.0473182276,0.1717280895,-0.0383550785,0.2047425061,nan,nan,nan,nan,nan,nan,nan,nan,nan,nan,nan,nan,nan,0.0043228567,-0.1540766805,0.2579353452,0.1027372479,-0.1110469848,0.1907576472,-0.3361948133,0.0698177963,0.0376549028,-0.1399965882,-0.1136621758,0.7502109408,-1.3291893005,2.1925311089,0.0000000000,3.5840001106,3.4997067451,nan,nan,nan,nan,nan,nan,nan,nan,nan,nan,nan,nan,nan,0.0026318503,0.0145639563,1.0100694895,-20.0741462708,3.9353294373,1.0299032927
0.0156886727,0.0640410483,0.1787684113,-0.0020934975,-0.0304979360,-0.0442575266,-0.1000000015,0.0000000000,0.5600000024,0.0000000000,0.0473182276,0.1717280895,-0.0383550785,0.2047425061,nan,nan,nan,nan,nan,nan,nan,nan,nan,nan,nan,nan,nan,0.0126604531,-0.2060294896,0.3131531179,0.1114449278,-0.1772499382,0.2613960803,-0.3361948133,0.0698177963,0.0376549028,-0.1399965882,-0.1136621758,0.7502109408,-1.3291893005,2.1925311089,0.0000000000,3.5840001106,3.4997067451,nan,nan,nan,nan,nan,nan,nan,nan,nan,nan,nan,nan,nan,0.0026318503,0.0145639563,1.0100694895,-20.0741462708,3.9353294373,1.0299032927
0.0162298549,0.0535533354,0.1942496449,-0.0133028868,-0.0279386155,-0.0385667942,-0.1000000015,0.0000000000,0.5600000024,0.0000000000,0.0473182276,0.1717280895,-0.0383550785,0.2047425061,nan,nan,nan,nan,nan,nan,nan,nan,nan,nan,nan,nan,nan,0.0126604531,-0.2060294896,0.3131531179,0.1114449278,-0.1772499382,0.2613960803,-0.3361948133,0.0698177963,0.0376549028,-0.1399965882,-0.1136621758,0.7502109408,-2.9717912674,2.1209499836,0.0000000000,3.5840001106,3.4997067451,nan,nan,nan,nan,nan,nan,nan,nan,nan,nan,nan,nan,nan,-0.0098357648,-0.0142692737,0.9554944634,-23.4630069733,-22.7369899750,9.5305070877
0.0162298549,0.0535533354,0.1942496449,-0.0133028868,-0.0279386155,-0.0385667942,-0.1000000015,0.0000000000,0.5600000024,0.0000000000,0.1233173162,0.0760082453,0.1276142597,0.1116044894,nan,nan,nan,nan,nan,nan,nan,nan,nan,nan,nan,nan,nan,-0.0022514423,-0.2066211551,0.2972928584,0.0811184794,-0.1847556829,0.2708847523,-0.1198697016,0.0882530436,-0.5410253406,-0.1399965882,-0.1136621758,0.7502109408,-2.9717912674,2.1209499836,0.0000000000,3.5840001106,3.4997067451,nan,nan,nan,nan,nan,nan,nan,nan,nan,nan,nan,nan,nan,-0.0098357648,-0.0142692737,0.9554944634,-23.4630069733,-22.7369899750,9.5305070877
0.0162298549,0.0535533354,0.1942496449,-0.0133028868,-0.0279386155,-0.0385667942,-0.1000000015,0.0000000000,0.5600000024,0.0000000000,0.1233173162,0.0760082453,0.1276142597,0.1116044894,nan,nan,nan,nan,nan,nan,nan,nan,nan,nan,nan,nan,nan,-0.0022514423,-0.2066211551,0.2972928584,0.0811184794,-0.1847556829,0.2708847523,-0.1198697016,0.0882530436,-0.5410253406,-0.1501061767,-0.0551871248,0.6688709259,-2.9717912674,2.1209499836,0.0000000000,3.5840001106,3.4997067451,nan,nan,nan,nan,nan,nan,nan,nan,nan,nan,nan,nan,nan,-0.0098357648,-0.0142692737,0.9554944634,-23.4630069733,-22.7369899750,9.5305070877
0.0157796461,0.0430698358,0.2089290172,-0.0325393519,-0.0420565895,-0.0325393519,-0.1000000015,0.0000000000,0.5600000024,0.0000000000,0.0380315855,0.1760463864,-0.0233127344,0.2386633158,nan,nan,nan,nan,nan,nan,nan,nan,nan,nan,nan,nan,nan,-0.0022514423,-0.2066211551,0.2972928584,0.0811184794,-0.1847556829,0.2708847523,-0.4943910837,0.3313738108,-0.1624900401,-0.1501061767,-0.0551871248,0.6688709259,-2.9717912674,2.1209499836,0.0000000000,3.5840001106,3.4997067451,nan,nan,nan,nan,nan,nan,nan,nan,nan,nan,nan,nan,nan,-0.0016086781,0.0095532304,0.9783852696,-23.5425148010,6.7893767357,-0.2080730796
0.0157796461,0.0430698358,0.2089290172,-0.0325393519,-0.0420565895,-0.0325393519,-0.1000000015,0.0000000000,0.5600000024,0.0000000000,0.0380315855,0.1760463864,-0.0233127344,0.2386633158,nan,nan,nan,nan,nan,nan,nan,nan,nan,nan,nan,nan,nan,-0.0022086299,-0.2208892852,0.2895724475,0.0887442604,-0.2216966599,0.2842389941,-0.4943910837,0.3313738108,-0.1624900401,-0.1501061767,-0.0551871248,0.6688709259,-2.9717912674,2.1209499836,0.0000000000,3.5840001106,3.4997067451,nan,nan,nan,nan,nan,nan,nan,nan,nan,nan,nan,nan,nan,-0.0016086781,0.0095532304,0.9783852696,-23.5425148010,6.7893767357,-0.2080730796
0.0209772587,0.0272977799,0.2240706980,-0.0466549799,-0.0337865088,-0.0241304744,-0.1000000015,0.0000000000,0.5600000024,0.0000000000,0.0380315855,0.1760463864,-0.0233127344,0.2386633158,nan,nan,nan,nan,nan,nan,nan,nan,nan,nan,nan,nan,nan,-0.0022086299,-0.2208892852,0.2895724475,0.0887442604,-0.2216966599,0.2842389941,-0.4943910837,0.3313738108,-0.1624900401,-0.1501061767,-0.0551871248,0.6688709259,-3.8335087299,1.8041505814,0.0000000000,3.5840001106,3.4997067451,nan,nan,nan,nan,nan,nan,nan,nan,nan,nan,nan,nan,nan,-0.0073731397,-0.0016167668,0.9584637284,-18.9960308075,-13.8536462784,2.0345551968
0.0209772587,0.0272977799,0.2240706980,-0.0466549799,-0.0337865088,-0.0241304744,-0.1000000015,0.0000000000,0.5600000024,0.0000000000,0.1819485873,0.0152162975,0.1710414290,0.0651987493,nan,nan,nan,nan,nan,nan,nan,nan,nan,nan,nan,nan,nan,-0.0200853068,-0.2087948322,0.2755518258,0.0604274124,-0.2193832844,0.2809632719,-0.2112415284,0.5137456059,-0.3835802972,-0.1501061767,-0.0551871248,0.6688709259,-3.8335087299,1.8041505814,0.0000000000,3.5840001106,3.4997067451,nan,nan,nan,nan,nan,nan,nan,nan,nan,nan,nan,nan,nan,-0.0073731397,-0.0016167668,0.9584637284,-18.9960308075,-13.8536462784,2.0345551968
0.0209772587,0.0272977799,0.2240706980,-0.0466549799,-0.0337865088,-0.0241304744,-0.1000000015,0.0000000000,0.5600000024,0.0000000000,0.1819485873,0.0152162975,0.1710414290,0.0651987493,nan,nan,nan,nan,nan,nan,nan,nan,nan,nan,nan,nan,nan,-0.0200853068,-0.2087948322,0.2755518258,0.0604274124,-0.2193832844,0.2809632719,-0.2112415284,0.5137456059,-0.3835802972,-0.1536430568,-0.0073127374,0.6141835451,-3.8335087299,1.8041505814,0.0000000000,3.5840001106,3.4997067451,nan,nan,nan,nan,nan,nan,nan,nan,nan,nan,nan,nan,nan,-0.0073731397,-0.0016167668,0.9584637284,-18.9960308075,-13.8536462784,2.0345551968
0.0196464919,0.0168116502,0.2376352102,-0.0604718465,-0.0421688979,-0.0208802340,-0.1000000015,0.0000000000,0.5600000024,0.0000000000,0.0272129402,0.1840451658,-0.0070801862,0.2360784411,nan,nan,nan,nan,nan,nan,nan,nan,nan,nan,nan,nan,nan,-0.0200853068,-0.2087948322,0.2755518258,0.0604274124,-0.2193832844,0.2809632719,-0.5148575902,0.5224000812,-0.2514565885,-0.1536430568,-0.0073127374,0.6141835451,-3.8335087299,1.8041505814,0.0000000000,3.5840001106,3.4997067451,nan,nan,nan,nan,nan,nan,nan,nan,nan,nan,nan,nan,nan,0.0031998167,0.0010283712,0.9678424597,-7.7469010353,-4.7876148224,2.1429312229
0.0196464919,0.0168116502,0.2376352102,-0.0604718465,-0.0421688979,-0.0208802340,-0.1000000015,0.0000000000,0.5600000024,0.0000000000,0.0272129402,0.1840451658,-0.0070801862,0.2360784411,nan,nan,nan,nan,nan,nan,nan,nan,nan,nan,nan,nan,nan,-0.0376183987,-0.1929321736,0.2494864166,0.0504220128,-0.2304534912,0.2717863321,-0.5148575902,0.5224000812,-0.2514565885,-0.1536430568,-0.0073127374,0.6141835451,-3.8335087299,1.8041505814,0.0000000000,3.5840001106,3.4997067451,nan,nan,nan,nan,nan,nan,nan,nan,nan,nan,nan,nan,nan,0.0031998167,0.0010283712,0.9678424597,-7.7469010353,-4.7876148224,2.1429312229
0.0201858450,0.0048589427,0.2487544566,-0.0633441014,-0.0365770215,-0.0182270660,-0.1000000015,0.0000000000,0.5600000024,0.0000000000,0.0272129402,0.1840451658,-0.0070801862,0.2360784411,nan,nan,nan,nan,nan,nan,nan,nan,nan,nan,nan,nan,nan,-0.0376183987,-0.1929321736,0.2494864166,0.0504220128,-0.2304534912,0.2717863321,-0.5148575902,0.5224000812,-0.2514565885,-0.1536430568,-0.0073127374,0.6141835451,-4.2099924088,1.7198801041,0.0000000000,3.5840001106,3.4997067451,nan,nan,nan,nan,nan,nan,nan,nan,nan,nan,nan,nan,nan,0.0006247478,-0.0021827454,0.9761535525,-6.2730536461,1.2054710388,-1.5903455019
0.0201858450,0.0048589427,0.2487544566,-0.0633441014,-0.0365770215,-0.0182270660,-0.1000000015,0.0000000000,0.5600000024,0.0000000000,0.2028046101,0.0069214925,0.1871610582,0.0376165435,nan,nan,nan,nan,nan,nan,nan,nan,nan,nan,nan,nan,nan,-0.0574191995,-0.1722140312,0.2385144085,0.0229339805,-0.2166737318,0.2616779804,-0.2186774164,0.7021312714,-0.2774270177,-0.1536430568,-0.0073127374,0.6141835451,-4.2099924088,1.7198801041,0.0000000000,3.5840001106,3.4997067451,nan,nan,nan,nan,nan,nan,nan,nan,nan,nan,nan,nan,nan,0.0006247478,-0.0021827454,0.9761535525,-6.2730536461,1.2054710388,-1.5903455019
0.0201858450,0.0048589427,0.2487544566,-0.0633441014,-0.0365770215,-0.0182270660,-0.1000000015,0.0000000000,0.5600000024,0.0000000000,0.2028046101,0.0069214925,0.1871610582,0.0376165435,nan,nan,nan,nan,nan,nan,nan,nan,nan,nan,nan,nan,nan,-0.0574191995,-0.1722140312,0.2385144085,0.0229339805,-0.2166737318,0.2616779804,-0.2186774164,0.7021312714,-0.2774270177,-0.1456998289,0.0246309619,0.5726792812,-4.2099924088,1.7198801041,0.0000000000,3.5840001106,3.5366568565,nan,nan,nan,nan,nan,nan,nan,nan,nan,nan,nan,nan,nan,0.0006247478,-0.0021827454,0.9761535525,-6.2730536461,1.2054710388,-1.5903455019
0.0169847794,-0.0036819233,0.2604857385,-0.0661649209,-0.0365107023,-0.0154088563,-0.1000000015,0.0000000000,0.5600000024,0.0000000000,0.0168123916,0.1912230104,0.0052704662,0.2308537513,nan,nan,nan,nan,nan,nan,nan,nan,nan,nan,nan,nan,nan,-0.0574191995,-0.1722140312,0.2385144085,0.0229339805,-0.2166737318,0.2616779804,-0.4091744423,0.5820890069,-0.1898357123,-0.1456998289,0.0246309619,0.5726792812,-4.2099924088,1.7198801041,0.0000000000,3.5840001106,3.5366568565,nan,nan,nan,nan,nan,nan,nan,nan,nan,nan,nan,nan,nan,0.0057538296,0.0013015067,0.9805180430,-7.7875323296,1.9716769457,7.5837669373
0.0169847794,-0.0036819233,0.2604857385,-0.0661649209,-0.0365107023,-0.0154088563,-0.1000000015,0.0000000000,0.5600000024,0.0000000000,0.0168123916,0.1912230104,0.0052704662,0.2308537513,nan,nan,nan,nan,nan,nan,nan,nan,nan,nan,nan,nan,nan,-0.0797528848,-0.1389277577,0.2104667425,0.0059882365,-0.2052332759,0.2435517758,-0.4091744423,0.5820890069,-0.1898357123,-0.1456998289,0.0246309619,0.5726792812,-4.2099924088,1.7198801041,0.0000000000,3.5840001106,3.5366568565,nan,nan,nan,nan,nan,nan,nan,nan,nan,nan,nan,nan,nan,0.0057538296,0.0013015067,0.9805180430,-7.7875323296,1.9716769457,7.5837669373
0.0144069567,-0.0110407863,0.2690283060,-0.0690294570,-0.0281379505,-0.0128758082,-0.1000000015,0.0000000000,0.5600000024,0.0000000000,0.0168123916,0.1912230104,0.0052704662,0.2308537513,nan,nan,nan,nan,nan,nan,nan,nan,nan,nan,nan,nan,nan,-0.0797528848,-0.1389277577,0.2104667425,0.0059882365,-0.2052332759,0.2435517758,-0.4091744423,0.5820890069,-0.1898357123,-0.1456998289,0.0246309619,0.5726792812,-2.8390011787,0.6750193834,0.0000000000,3.5840001106,3.5366568565,nan,nan,nan,nan,nan,nan,nan,nan,nan,nan,nan,nan,nan,0.0131677222,-0.0040935157,0.9859696627,0.7256696820,-0.0586785562,-7.7678213120
0.0144069567,-0.0110407863,0.2690283060,-0.0690294570,-0.0281379505,-0.0128758082,-0.1000000015,0.0000000000,0.5600000024,0.0000000000,0.2163057923,0.0002746624,0.2026947439,0.0187319759,nan,nan,nan,nan,nan,nan,nan,nan,nan,nan,nan,nan,nan,-0.0981788710,-0.1132773608,0.2022257447,-0.0203473102,-0.1828272790,0.2310478538,-0.1366209537,0.7592381835,-0.1510224789,-0.1456998289,0.0246309619,0.5726792812,-2.8390011787,0.6750193834,0.0000000000,3.5840001106,3.5366568565,nan,nan,nan,nan,nan,nan,nan,nan,nan,nan,nan,nan,nan,0.0131677222,-0.0040935157,0.9859696627,0.7256696820,-0.0586785562,-7.7678213120
0.0144069567,-0.0110407863,0.2690283060,-0.0690294570,-0.0281379505,-0.0128758082,-0.1000000015,0.0000000000,0.5600000024,0.0000000000,0.2163057923,0.0002746624,0.2026947439,0.0187319759,nan,nan,nan,nan,nan,nan,nan,nan,nan,nan,nan,nan,nan,-0.0981788710,-0.1132773608,0.2022257447,-0.0203473102,-0.1828272790,0.2310478538,-0.1366209537,0.7592381835,-0.1510224789,-0.1304190755,0.0398740657,0.5398890376,-2.8390011787,0.6750193834,0.0000000000,3.5840001106,3.5208210945,nan,nan,nan,nan,nan,nan,nan,nan,nan,nan,nan,nan,nan,0.0131677222,-0.0040935157,0.9859696627,0.7256696820,-0.0586785562,-7.7678213120
0.0091874721,-0.0165263619,0.2789847255,-0.0634897916,-0.0281021854,-0.0129536980,-0.1000000015,0.0000000000,0.5600000024,0.0000000000,0.0366552249,0.1710994244,-0.0055603879,0.2599862814,nan,nan,nan,nan,nan,nan,nan,nan,nan,nan,nan,nan,nan,-0.0981788710,-0.1132773608,0.2022257447,-0.0203473102,-0.1828272790,0.2310478538,-0.2591741979,0.5695604682,-0.2181941271,-0.1304190755,0.0398740657,0.5398890376,-2.8390011787,0.6750193834,0.0000000000,3.5840001106,3.5208210945,nan,nan,nan,nan,nan,nan,nan,nan,nan,nan,nan,nan,nan,0.0000975626,-0.0043021152,0.9847032428,6.5584998131,-0.0380446278,12.1395721436
0.0091874721,-0.0165263619,0.2789847255,-0.0634897916,-0.0281021854,-0.0129536980,-0.1000000015,0.0000000000,0.5600000024,0.0000000000,0.0366552249,0.1710994244,-0.0055603879,0.2599862814,nan,nan,nan,nan,nan,nan,nan,nan,nan,nan,nan,nan,nan,-0.1100833714,-0.0624986216,0.1521441638,-0.0276265070,-0.1457503289,0.1850002110,-0.2591741979,0.5695604682,-0.2181941271,-0.1304190755,0.0398740657,0.5398890376,-2.8390011787,0.6750193834,0.0000000000,3.5840001106,3.5208210945,nan,nan,nan,nan,nan,nan,nan,nan,nan,nan,nan,nan,nan,0.0000975626,-0.0043021152,0.9847032428,6.5584998131,-0.0380446278,12.1395721436
0.0064907852,-0.0173471980,0.2806549668,-0.0524135868,-0.0225690513,-0.0160205761,-0.1000000015,0.0000000000,0.5600000024,0.0000000000,0.0366552249,0.1710994244,-0.0055603879,0.2599862814,nan,nan,nan,nan,nan,nan,nan,nan,nan,nan,nan,nan,nan,-0.1100833714,-0.0624986216,0.1521441638,-0.0276265070,-0.1457503289,0.1850002110,-0.2591741979,0.5695604682,-0.2181941271,-0.1304190755,0.0398740657,0.5398890376,-0.4629204273,0.5170858502,0.0000000000,3.5840001106,3.5208210945,nan,nan,nan,nan,nan,nan,nan,nan,nan,nan,nan,nan,nan,0.0148853809,-0.0045654476,1.0040278435,11.6371469498,-3.8557889462,-9.9998397827
0.0064907852,-0.0173471980,0.2806549668,-0.0524135868,-0.0225690513,-0.0160205761,-0.1000000015,0.0000000000,0.5600000024,0.0000000000,0.2128633559,0.0052674147,0.1962798536,0.0301640350,nan,nan,nan,nan,nan,nan,nan,nan,nan,nan,nan,nan,nan,-0.1262906194,-0.0380833484,0.1499332190,-0.0522949472,-0.1189741641,0.1736086011,-0.1379929185,0.4662318826,0.0182924308,-0.1304190755,0.0398740657,0.5398890376,-0.4629204273,0.5170858502,0.0000000000,3.5840001106,3.5208210945,nan,nan,nan,nan,nan,nan,nan,nan,nan,nan,nan,nan,nan,0.0148853809,-0.0045654476,1.0040278435,11.6371469498,-3.8557889462,-9.9998397827
0.0064907852,-0.0173471980,0.2806549668,-0.0524135868,-0.0225690513,-0.0160205761,-0.1000000015,0.0000000000,0.5600000024,0.0000000000,0.2128633559,0.0052674147,0.1962798536,0.0301640350,nan,nan,nan,nan,nan,nan,nan,nan,nan,nan,nan,nan,nan,-0.1262906194,-0.0380833484,0.1499332190,-0.0522949472,-0.1189741641,0.1736086011,-0.1379929185,0.4662318826,0.0182924308,-0.1149280667,0.0349855497,0.5282110572,-0.4629204273,0.5170858502,0.0000000000,3.5840001106,3.5155425072,nan,nan,nan,nan,nan,nan,nan,nan,nan,nan,nan,nan,nan,0.0148853809,-0.0045654476,1.0040278435,11.6371469498,-3.8557889462,-9.9998397827
-0.0000777665,-0.0190370157,0.2880361676,-0.0441382841,-0.0224412696,-0.0133466970,-0.1000000015,0.0000000000,0.5600000024,0.0000000000,0.0776562169,0.1327473968,0.0537605882,0.1918974668,nan,nan,nan,nan,nan,nan,nan,nan,nan,nan,nan,nan,nan,-0.1262906194,-0.0380833484,0.1499332190,-0.0522949472,-0.1189741641,0.1736086011,-0.1709706336,0.2498153150,-0.0129913446,-0.1149280667,0.0349855497,0.5282110572,-0.4629204273,0.5170858502,0.0000000000,3.5099999905,3.5155425072,nan,nan,nan,nan,nan,nan,nan,nan,nan,nan,nan,nan,nan,0.0000561131,-0.0168346707,1.0061292648,6.5150356293,9.4905366898,13.5528945923
-0.0000777665,-0.0190370157,0.2880361676,-0.0441382841,-0.0224412696,-0.0133466970,-0.1000000015,0.0000000000,0.5600000024,0.0000000000,0.0776562169,0.1327473968,0.0537605882,0.1918974668,nan,nan,nan,nan,nan,nan,nan,nan,nan,nan,nan,nan,nan,-0.1292217225,-0.0083544869,0.1323265731,-0.0516305268,-0.0976423398,0.1513859481,-0.1709706336,0.2498153150,-0.0129913446,-0.1149280667,0.0349855497,0.5282110572,-0.4629204273,0.5170858502,0.0000000000,3.5099999905,3.5155425072,nan,nan,nan,nan,nan,nan,nan,nan,nan,nan,nan,nan,nan,0.0000561131,-0.0168346707,1.0061292648,6.5150356293,9.4905366898,13.5528945923
-0.0027567819,-0.0200589243,0.2919744253,-0.0386565997,-0.0113894722,-0.0163886402,-0.1000000015,0.0000000000,0.5600000024,0.0000000000,0.0776562169,0.1327473968,0.0537605882,0.1918974668,nan,nan,nan,nan,nan,nan,nan,nan,nan,nan,nan,nan,nan,-0.1292217225,-0.0083544869,0.1323265731,-0.0516305268,-0.0976423398,0.1513859481,-0.1709706336,0.2498153150,-0.0129913446,-0.1149280667,0.0349855497,0.5282110572,-0.4332898855,0.4280090332,0.0000000000,3.5099999905,3.5155425072,nan,nan,nan,nan,nan,nan,nan,nan,nan,nan,nan,nan,nan,0.0143748680,-0.0067066494,0.9948346615,6.6790776253,-2.3081271648,-12.4978570938
-0.0027567819,-0.0200589243,0.2919744253,-0.0386565997,-0.0113894722,-0.0163886402,-0.1000000015,0.0000000000,0.5600000024,0.0000000000,0.2148531377,0.0003845274,0.2087556273,0.0232303347,nan,nan,nan,nan,nan,nan,nan,nan,nan,nan,nan,nan,nan,-0.1409555227,0.0122418515,0.1311168224,-0.0741508082,-0.0699424520,0.1441634297,0.0368262492,0.2152364552,-0.0686439723,-0.1149280667,0.0349855497,0.5282110572,-0.4332898855,0.4280090332,0.0000000000,3.5099999905,3.5155425072,nan,nan,nan,nan,nan,nan,nan,nan,nan,nan,nan,nan,nan,0.0143748680,-0.0067066494,0.9948346615,6.6790776253,-2.3081271648,-12.4978570938
-0.0027567819,-0.0200589243,0.2919744253,-0.0386565997,-0.0113894722,-0.0163886402,-0.1000000015,0.0000000000,0.5600000024,0.0000000000,0.2148531377,0.0003845274,0.2087556273,0.0232303347,nan,nan,nan,nan,nan,nan,nan,nan,nan,nan,nan,nan,nan,-0.1409555227,0.0122418515,0.1311168224,-0.0741508082,-0.0699424520,0.1441634297,0.0368262492,0.2152364552,-0.0686439723,-0.1002383977,0.0295809619,0.5092520714,-0.4332898855,0.4280090332,0.0000000000,3.5099999905,3.4680352211,nan,nan,nan,nan,nan,nan,nan,nan,nan,nan,nan,nan,nan,0.0143748680,-0.0067066494,0.9948346615,6.6790776253,-2.3081271648,-12.4978570938
-0.0100017646,-0.0192344468,0.2984004021,-0.0330984228,-0.0141111925,-0.0163745706,-0.1000000015,0.0000000000,0.5600000024,0.0000000000,0.0660746172,0.1379385144,0.0206881817,0.1810788214,nan,nan,nan,nan,nan,nan,nan,nan,nan,nan,nan,nan,nan,-0.1409555227,0.0122418515,0.1311168224,-0.0741508082,-0.0699424520,0.1441634297,-0.1221755221,0.2041051537,0.0401247665,-0.1002383977,0.0295809619,0.5092520714,-0.4332898855,0.4280090332,0.0000000000,3.5099999905,3.4680352211,nan,nan,nan,nan,nan,nan,nan,nan,nan,nan,nan,nan,nan,-0.0006129052,-0.0141651807,1.0080699921,13.6616573334,6.3801217079,13.9772253036
-0.0100017646,-0.0192344468,0.2984004021,-0.0330984228,-0.0141111925,-0.0163745706,-0.1000000015,0.0000000000,0.5600000024,0.0000000000,0.0660746172,0.1379385144,0.0206881817,0.1810788214,nan,nan,nan,nan,nan,nan,nan,nan,nan,nan,nan,nan,nan,-0.1833684295,0.0124098826,0.2011208683,-0.1263503879,-0.0767157823,0.2126707584,-0.1221755221,0.2041051537,0.0401247665,-0.1002383977,0.0295809619,0.5092520714,-0.4332898855,0.4280090332,0.0000000000,3.5099999905,3.4680352211,nan,nan,nan,nan,nan,nan,nan,nan,nan,nan,nan,nan,nan,-0.0006129052,-0.0141651807,1.0080699921,13.6616573334,6.3801217079,13.9772253036
-0.0237656944,-0.0234331675,0.3185751736,-0.0193575351,-0.0028746002,-0.0110429278,-0.1000000015,0.0000000000,0.5600000024,0.0000000000,0.0660746172,0.1379385144,0.0206881817,0.1810788214,nan,nan,nan,nan,nan,nan,nan,nan,nan,nan,nan,nan,nan,-0.1833684295,0.0124098826,0.2011208683,-0.1263503879,-0.0767157823,0.2126707584,-0.1221755221,0.2041051537,0.0401247665,-0.1002383977,0.0295809619,0.5092520714,-1.6574927568,-3.1878759861,0.0000000000,3.5099999905,3.4680352211,nan,nan,nan,nan,nan,nan,nan,nan,nan,nan,nan,nan,nan,0.0230359565,-0.0116921198,0.9525700808,4.4147510529,15.8452234268,-12.8673486710
-0.0237656944,-0.0234331675,0.3185751736,-0.0193575351,-0.0028746002,-0.0110429278,-0.1000000015,0.0000000000,0.5600000024,0.0000000000,0.0999923721,0.1106309667,0.0415320061,0.1856321096,nan,nan,nan,nan,nan,nan,nan,nan,nan,nan,nan,nan,nan,-0.1953056157,0.0273220409,0.1812136322,-0.1430230737,-0.0499892719,0.2052810639,0.0975815579,0.0649978220,-0.6056084037,-0.1002383977,0.0295809619,0.5092520714,-1.6574927568,-3.1878759861,0.0000000000,3.5099999905,3.4680352211,nan,nan,nan,nan,nan,nan,nan,nan,nan,nan,nan,nan,nan,0.0230359565,-0.0116921198,0.9525700808,4.4147510529,15.8452234268,-12.8673486710
-0.0237656944,-0.0234331675,0.3185751736,-0.0193575351,-0.0028746002,-0.0110429278,-0.1000000015,0.0000000000,0.5600000024,0.0000000000,0.0999923721,0.1106309667,0.0415320061,0.1856321096,nan,nan,nan,nan,nan,nan,nan,nan,nan,nan,nan,nan,nan,-0.1953056157,0.0273220409,0.1812136322,-0.1430230737,-0.0499892719,0.2052810639,0.0975815579,0.0649978220,-0.6056084037,-0.0619352832,0.0341087021,0.4432185292,-1.6574927568,-3.1878759861,0.0000000000,3.5099999905,3.4891495705,nan,nan,nan,nan,nan,nan,nan,nan,nan,nan,nan,nan,nan,-0.0039878357,-0.0217559375,0.9840915203,4.4147510529,15.8452234268,-12.8673486710
-0.0336735360,-0.0220290236,0.3275838792,-0.0166051840,-0.0000919114,-0.0110698403,-0.1000000015,0.0000000000,0.5600000024,0.0000000000,0.0694956928,0.1360433400,0.0483161695,0.1812344640,nan,nan,nan,nan,nan,nan,nan,nan,nan,nan,nan,nan,nan,-0.1953056157,0.0273220409,0.1812136322,-0.1430230737,-0.0499892719,0.2052810639,0.1026075780,0.1067931056,-0.2459917814,-0.0619352832,0.0341087021,0.4432185292,-1.6574927568,-3.1878759861,0.0000000000,3.5099999905,3.4891495705,nan,nan,nan,nan,nan,nan,nan,nan,nan,nan,nan,nan,nan,-0.0039878357,-0.0217559375,0.9840915203,-0.1068730652,2.1443948746,12.8758716583
-0.0336735360,-0.0220290236,0.3275838792,-0.0166051840,-0.0000919114,-0.0110698403,-0.1000000015,0.0000000000,0.5600000024,0.0000000000,0.0694956928,0.1360433400,0.0483161695,0.1812344640,nan,nan,nan,nan,nan,nan,nan,nan,nan,nan,nan,nan,nan,-0.1984160393,0.0267526172,0.1644326448,-0.1529143900,-0.0450399555,0.1942501366,0.1026075780,0.1067931056,-0.2459917814,-0.0619352832,0.0341087021,0.4432185292,-1.6574927568,-3.1878759861,0.0000000000,3.5099999905,3.4891495705,nan,nan,nan,nan,nan,nan,nan,nan,nan,nan,nan,nan,nan,-0.0039878357,-0.0217559375,0.9840915203,-0.1068730652,2.1443948746,12.8758716583
-0.0425194763,-0.0231761150,0.3349777162,-0.0111162927,0.0082411167,-0.0111162927,-0.1000000015,0.0000000000,0.5600000024,0.0000000000,0.0694956928,0.1360433400,0.0483161695,0.1812344640,nan,nan,nan,nan,nan,nan,nan,nan,nan,nan,nan,nan,nan,-0.1984160393,0.0267526172,0.1644326448,-0.1529143900,-0.0450399555,0.1942501366,0.1026075780,0.1067931056,-0.2459917814,-0.0619352832,0.0341087021,0.4432185292,-0.7119256258,-1.9946887493,0.0000000000,3.5099999905,3.4891495705,nan,nan,nan,nan,nan,nan,nan,nan,nan,nan,nan,nan,nan,0.0177407078,-0.0109775895,0.9826517105,7.4893903732,13.3405694962,-12.2950439453
-0.0425194763,-0.0231761150,0.3349777162,-0.0111162927,0.0082411167,-0.0111162927,-0.1000000015,0.0000000000,0.5600000024,0.0000000000,0.0863263905,0.1190844625,0.0785137713,0.1506157070,nan,nan,nan,nan,nan,nan,nan,nan,nan,nan,nan,nan,nan,-0.2042786479,0.0374448895,0.1547586024,-0.1667717248,-0.0235818848,0.1837902367,0.1582624018,-0.0497156531,-0.2514805794,-0.0619352832,0.0341087021,0.4432185292,-0.7119256258,-1.9946887493,0.0000000000,3.5099999905,3.4891495705,nan,nan,nan,nan,nan,nan,nan,nan,nan,nan,nan,nan,nan,0.0177407078,-0.0109775895,0.9826517105,7.4893903732,13.3405694962,-12.2950439453
-0.0425194763,-0.0231761150,0.3349777162,-0.0111162927,0.0082411167,-0.0111162927,-0.1000000015,0.0000000000,0.5600000024,0.0000000000,0.0863263905,0.1190844625,0.0785137713,0.1506157070,nan,nan,nan,nan,nan,nan,nan,nan,nan,nan,nan,nan,nan,-0.2042786479,0.0374448895,0.1547586024,-0.1667717248,-0.0235818848,0.1837902367,0.1582624018,-0.0497156531,-0.2514805794,-0.0343307368,0.0312511064,0.4161987901,-0.7119256258,-1.9946887493,0.0000000000,3.5099999905,3.5102639198,nan,nan,nan,nan,nan,nan,nan,nan,nan,nan,nan,nan,nan,0.0177407078,-0.0109775895,0.9826517105,7.4893903732,13.3405694962,-12.2950439453
-0.0530611984,-0.0212452281,0.3427198827,-0.0083641777,0.0110239982,-0.0111165907,-0.1000000015,0.0000000000,0.5600000024,0.0000000000,0.0863263905,0.1190844625,0.0785137713,0.1506157070,nan,nan,nan,nan,nan,nan,nan,nan,nan,nan,nan,nan,nan,-0.2042786479,0.0374448895,0.1547586024,-0.1667717248,-0.0235818848,0.1837902367,0.2457823455,0.0268463939,-0.1113865376,-0.0343307368,0.0312511064,0.4161987901,-0.7119256258,-1.9946887493,0.0000000000,3.5099999905,3.5102639198,nan,nan,nan,nan,nan,nan,nan,nan,nan,nan,nan,nan,nan,0.0049143885,-0.0213145446,0.9941127896,2.7959332466,-2.5007786751,12.0877504349
-0.0530611984,-0.0212452281,0.3427198827,-0.0083641777,0.0110239982,-0.0111165907,-0.1000000015,0.0000000000,0.5600000024,0.0000000000,0.0479407981,0.1681330651,0.0399023443,0.1808957160,nan,nan,nan,nan,nan,nan,nan,nan,nan,nan,nan,nan,nan,-0.1946483403,0.0379386805,0.1435794085,-0.1809038073,-0.0059363241,0.1766467094,0.2457823455,0.0268463939,-0.1113865376,-0.0343307368,0.0312511064,0.4161987901,-0.7119256258,-1.9946887493,0.0000000000,3.5099999905,3.5102639198,nan,nan,nan,nan,nan,nan,nan,nan,nan,nan,nan,nan,nan,0.0049143885,-0.0213145446,0.9941127896,2.7959332466,-2.5007786751,12.0877504349
-0.0608012378,-0.0203208644,0.3492503464,-0.0028597097,0.0165898472,-0.0110943356,-0.1000000015,0.0000000000,0.5600000024,0.0000000000,0.0479407981,0.1681330651,0.0399023443,0.1808957160,nan,nan,nan,nan,nan,nan,nan,nan,nan,nan,nan,nan,nan,-0.1946483403,0.0379386805,0.1435794085,-0.1809038073,-0.0059363241,0.1766467094,0.2457823455,0.0268463939,-0.1113865376,-0.0343307368,0.0312511064,0.4161987901,0.0079822540,-1.8014204502,0.0000000000,3.5099999905,3.5102639198,nan,nan,nan,nan,nan,nan,nan,nan,nan,nan,nan,nan,nan,0.0146230385,-0.0168004408,0.9772208929,7.5848488808,13.6384620667,-12.6526126862
-0.0608012378,-0.0203208644,0.3492503464,-0.0028597097,0.0165898472,-0.0110943356,-0.1000000015,0.0000000000,0.5600000024,0.0000000000,0.1251697540,0.0864179507,0.0871625841,0.1395132393,nan,nan,nan,nan,nan,nan,nan,nan,nan,nan,nan,nan,nan,-0.1956000179,0.0453006774,0.1297812462,-0.1737620085,0.0019189750,0.1620969027,0.2673105299,-0.1156687513,-0.2891261280,-0.0343307368,0.0312511064,0.4161987901,0.0079822540,-1.8014204502,0.0000000000,3.5099999905,3.5102639198,nan,nan,nan,nan,nan,nan,nan,nan,nan,nan,nan,nan,nan,0.0146230385,-0.0168004408,0.9772208929,7.5848488808,13.6384620667,-12.6526126862
-0.0608012378,-0.0203208644,0.3492503464,-0.0028597097,0.0165898472,-0.0110943356,-0.1000000015,0.0000000000,0.5600000024,0.0000000000,0.1251697540,0.0864179507,0.0871625841,0.1395132393,nan,nan,nan,nan,nan,nan,nan,nan,nan,nan,nan,nan,nan,-0.1956000179,0.0453006774,0.1297812462,-0.1737620085,0.0019189750,0.1620969027,0.2673105299,-0.1156687513,-0.2891261280,-0.0138140582,0.0252262931,0.3941401839,0.0079822540,-1.8014204502,0.0000000000,3.5099999905,3.4785923958,nan,nan,nan,nan,nan,nan,nan,nan,nan,nan,nan,nan,nan,0.0050625722,-0.0287304670,0.9778260589,7.5848488808,13.6384620667,-12.6526126862
-0.0706777051,-0.0180314966,0.3556378782,-0.0029019275,0.0193534583,-0.0138665615,-0.1000000015,0.0000000000,0.5600000024,0.0000000000,0.1251697540,0.0864179507,0.0871625841,0.1395132393,nan,nan,nan,nan,nan,nan,nan,nan,nan,nan,nan,nan,nan,-0.1956000179,0.0453006774,0.1297812462,-0.1737620085,0.0019189750,0.1620969027,0.2935131490,-0.1268099248,-0.2153061777,-0.0138140582,0.0252262931,0.3941401839,0.0079822540,-1.8014204502,0.0000000000,3.5099999905,3.4785923958,nan,nan,nan,nan,nan,nan,nan,nan,nan,nan,nan,nan,nan,0.0050625722,-0.0287304670,0.9778260589,3.8012645245,-1.6400882006,10.6059837341
-0.0706777051,-0.0180314966,0.3556378782,-0.0029019275,0.0193534583,-0.0138665615,-0.1000000015,0.0000000000,0.5600000024,0.0000000000,0.0501869246,0.1624567062,0.0397863761,0.1883970499,nan,nan,nan,nan,nan,nan,nan,nan,nan,nan,nan,nan,nan,-0.1419209838,0.0315044299,0.0705515891,-0.1830291301,0.0146776019,0.1538277715,0.2935131490,-0.1268099248,-0.2153061777,-0.0138140582,0.0252262931,0.3941401839,0.0079822540,-1.8014204502,0.0000000000,3.5099999905,3.4785923958,nan,nan,nan,nan,nan,nan,nan,nan,nan,nan,nan,nan,nan,0.0050625722,-0.0287304670,0.9778260589,3.8012645245,-1.6400882006,10.6059837341
-0.0676042736,-0.0198856574,0.3522003293,-0.0001072501,0.0193727952,-0.0110717796,-0.1000000015,0.0000000000,0.5600000024,0.0000000000,0.0501869246,0.1624567062,0.0397863761,0.1883970499,nan,nan,nan,nan,nan,nan,nan,nan,nan,nan,nan,nan,nan,-0.1419209838,0.0315044299,0.0705515891,-0.1830291301,0.0146776019,0.1538277715,0.2935131490,-0.1268099248,-0.2153061777,-0.0138140582,0.0252262931,0.3941401839,-1.4018822908,2.6581659317,0.0000000000,3.5099999905,3.4785923958,nan,nan,nan,nan,nan,nan,nan,nan,nan,nan,nan,nan,nan,0.0152605763,-0.0139760859,0.9849418998,3.6234908104,3.0680799484,-11.0744800568
-0.0676042736,-0.0198856574,0.3522003293,-0.0001072501,0.0193727952,-0.0110717796,-0.1000000015,0.0000000000,0.5600000024,0.0000000000,0.0822644383,0.1378622204,0.0650827810,0.1717555523,nan,nan,nan,nan,nan,nan,nan,nan,nan,nan,nan,nan,nan,-0.1337093562,0.0341613926,0.0624407083,-0.1171607450,0.0016673574,0.0917735472,0.2757621109,-0.2082079351,-0.0627494007,-0.0138140582,0.0252262931,0.3941401839,-1.4018822908,2.6581659317,0.0000000000,3.5099999905,3.4785923958,nan,nan,nan,nan,nan,nan,nan,nan,nan,nan,nan,nan,nan,0.0152605763,-0.0139760859,0.9849418998,3.6234908104,3.0680799484,-11.0744800568
-0.0676042736,-0.0198856574,0.3522003293,-0.0001072501,0.0193727952,-0.0110717796,-0.1000000015,0.0000000000,0.5600000024,0.0000000000,0.0822644383,0.1378622204,0.0650827810,0.1717555523,nan,nan,nan,nan,nan,nan,nan,nan,nan,nan,nan,nan,nan,-0.1337093562,0.0341613926,0.0624407083,-0.1171607450,0.0016673574,0.0917735472,0.2757621109,-0.2082079351,-0.0627494007,-0.0119651649,0.0249821357,0.3993522823,-1.4018822908,2.6581659317,0.0000000000,3.5099999905,3.4838709831,nan,nan,nan,nan,nan,nan,nan,nan,nan,nan,nan,nan,nan,-0.0002742781,-0.0156360362,1.0082460642,3.6234908104,3.0680799484,-11.0744800568
-0.0743448287,-0.0181729291,0.3553082049,-0.0000957502,0.0138374853,-0.0138388103,-0.1000000015,0.0000000000,0.5600000024,0.0000000000,0.0905989185,0.1248096451,0.0704509094,0.1652338505,nan,nan,nan,nan,nan,nan,nan,nan,nan,nan,nan,nan,nan,-0.1337093562,0.0341613926,0.0624407083,-0.1171607450,0.0016673574,0.0917735472,0.2725222409,-0.0578056946,0.1287428290,-0.0119651649,0.0249821357,0.3993522823,-1.4018822908,2.6581659317,0.0000000000,3.5099999905,3.4838709831,nan,nan,nan,nan,nan,nan,nan,nan,nan,nan,nan,nan,nan,-0.0002742781,-0.0156360362,1.0082460642,-4.6869521141,-3.0746238232,10.7169189453
-0.0743448287,-0.0181729291,0.3553082049,-0.0000957502,0.0138374853,-0.0138388103,-0.1000000015,0.0000000000,0.5600000024,0.0000000000,0.0905989185,0.1248096451,0.0704509094,0.1652338505,nan,nan,nan,nan,nan,nan,nan,nan,nan,nan,nan,nan,nan,-0.1293407977,0.0354716219,0.0652117506,-0.1232685223,0.0108875586,0.0852555111,0.2725222409,-0.0578056946,0.1287428290,-0.0119651649,0.0249821357,0.3993522823,-1.4018822908,2.6581659317,0.0000000000,3.5099999905,3.4838709831,nan,nan,nan,nan,nan,nan,nan,nan,nan,nan,nan,nan,nan,-0.0002742781,-0.0156360362,1.0082460642,-4.6869521141,-3.0746238232,10.7169189453
-0.0808012784,-0.0163763426,0.3585575521,-0.0028597097,0.0165898472,-0.0110943356,-0.1000000015,0.0000000000,0.5600000024,0.0000000000,0.0905989185,0.1248096451,0.0704509094,0.1652338505,nan,nan,nan,nan,nan,nan,nan,nan,nan,nan,nan,nan,nan,-0.1293407977,0.0354716219,0.0652117506,-0.1232685223,0.0108875586,0.0852555111,0.2725222409,-0.0578056946,0.1287428290,-0.0119651649,0.0249821357,0.3993522823,0.3018330336,-1.5916194916,0.0000000000,3.5099999905,3.4838709831,nan,nan,nan,nan,nan,nan,nan,nan,nan,nan,nan,nan,nan,0.0156102087,-0.0171805676,0.9909052849,2.0053796768,16.0981540680,-9.3295822144
-0.0808012784,-0.0163763426,0.3585575521,-0.0028597097,0.0165898472,-0.0110943356,-0.1000000015,0.0000000000,0.5600000024,0.0000000000,0.0692942739,0.1458701491,0.0489326343,0.1877409071,nan,nan,nan,nan,nan,nan,nan,nan,nan,nan,nan,nan,nan,-0.1223527864,0.0383138917,0.0637352839,-0.1236907169,0.0179733969,0.0794614255,0.1946440488,-0.1736699641,-0.1358881295,-0.0119651649,0.0249821357,0.3993522823,0.3018330336,-1.5916194916,0.0000000000,3.5099999905,3.4838709831,nan,nan,nan,nan,nan,nan,nan,nan,nan,nan,nan,nan,nan,0.0156102087,-0.0171805676,0.9909052849,2.0053796768,16.0981540680,-9.3295822144
-0.0808012784,-0.0163763426,0.3585575521,-0.0028597097,0.0165898472,-0.0110943356,-0.1000000015,0.0000000000,0.5600000024,0.0000000000,0.0692942739,0.1458701491,0.0489326343,0.1877409071,nan,nan,nan,nan,nan,nan,nan,nan,nan,nan,nan,nan,nan,-0.1223527864,0.0383138917,0.0637352839,-0.1236907169,0.0179733969,0.0794614255,0.1946440488,-0.1736699641,-0.1358881295,-0.0014927257,0.0198670458,0.3892992735,0.3018330336,-1.5916194916,0.0000000000,3.5099999905,3.4997067451,nan,nan,nan,nan,nan,nan,nan,nan,nan,nan,nan,nan,nan,0.0156102087,-0.0171805676,0.9909052849,2.0053796768,16.0981540680,-9.3295822144
-0.0869586468,-0.0144658703,0.3617601097,-0.0001072501,0.0193727952,-0.0110717796,-0.1000000015,0.0000000000,0.5600000024,0.0000000000,0.0926100612,0.1322041750,0.0609811582,0.1667627990,nan,nan,nan,nan,nan,nan,nan,nan,nan,nan,nan,nan,nan,-0.1223527864,0.0383138917,0.0637352839,-0.1236907169,0.0179733969,0.0794614255,0.3646109998,-0.1101974770,-0.0176480673,-0.0014927257,0.0198670458,0.3892992735,0.3018330336,-1.5916194916,0.0000000000,3.5099999905,3.4997067451,nan,nan,nan,nan,nan,nan,nan,nan,nan,nan,nan,nan,nan,0.0035381289,-0.0226600710,1.0041370392,6.5327215195,-2.3729162216,11.9007463455
-0.0869586468,-0.0144658703,0.3617601097,-0.0001072501,0.0193727952,-0.0110717796,-0.1000000015,0.0000000000,0.5600000024,0.0000000000,0.0926100612,0.1322041750,0.0609811582,0.1667627990,nan,nan,nan,nan,nan,nan,nan,nan,nan,nan,nan,nan,nan,-0.1156357974,0.0394337103,0.0629400015,-0.1246619150,0.0240850747,0.0762867928,0.3646109998,-0.1101974770,-0.0176480673,-0.0014927257,0.0198670458,0.3892992735,0.3018330336,-1.5916194916,0.0000000000,3.5099999905,3.4997067451,nan,nan,nan,nan,nan,nan,nan,nan,nan,nan,nan,nan,nan,0.0035381289,-0.0226600710,1.0041370392,6.5327215195,-2.3729162216,11.9007463455
-0.0927072018,-0.0124915401,0.3649099469,0.0026758622,0.0166204886,-0.0110483764,-0.1000000015,0.0000000000,0.5600000024,0.0000000000,0.0926100612,0.1322041750,0.0609811582,0.1667627990,nan,nan,nan,nan,nan,nan,nan,nan,nan,nan,nan,nan,nan,-0.1156357974,0.0394337103,0.0629400015,-0.1246619150,0.0240850747,0.0762867928,0.3646109998,-0.1101974770,-0.0176480673,-0.0014927257,0.0198670458,0.3892992735,0.4738630056,-1.4899876118,0.0000000000,3.5099999905,3.4997067451,nan,nan,nan,nan,nan,nan,nan,nan,nan,nan,nan,nan,nan,0.0165575538,-0.0155952191,1.0077258348,0.9160977006,3.0998718739,-8.6951379776
-0.0927072018,-0.0124915401,0.3649099469,0.0026758622,0.0166204886,-0.0110483764,-0.1000000015,0.0000000000,0.5600000024,0.0000000000,0.0699595660,0.1474937052,0.0298100263,0.2044037580,nan,nan,nan,nan,nan,nan,nan,nan,nan,nan,nan,nan,nan,-0.1061181277,0.0392437540,0.0644259602,-0.1204983890,0.0282012466,0.0724110156,0.1706397980,-0.2008712739,-0.0260932017,-0.0014927257,0.0198670458,0.3892992735,0.4738630056,-1.4899876118,0.0000000000,3.5099999905,3.4997067451,nan,nan,nan,nan,nan,nan,nan,nan,nan,nan,nan,nan,nan,0.0165575538,-0.0155952191,1.0077258348,0.9160977006,3.0998718739,-8.6951379776
-0.0927072018,-0.0124915401,0.3649099469,0.0026758622,0.0166204886,-0.0110483764,-0.1000000015,0.0000000000,0.5600000024,0.0000000000,0.0699595660,0.1474937052,0.0298100263,0.2044037580,nan,nan,nan,nan,nan,nan,nan,nan,nan,nan,nan,nan,nan,-0.1061181277,0.0392437540,0.0644259602,-0.1204983890,0.0282012466,0.0724110156,0.1706397980,-0.2008712739,-0.0260932017,0.0110325702,0.0129556432,0.3766910732,0.4738630056,-1.4899876118,0.0000000000,3.5099999905,3.4574780464,nan,nan,nan,nan,nan,nan,nan,nan,nan,nan,nan,nan,nan,0.0071057938,-0.0153430570,0.9976925254,0.9160977006,3.0998718739,-8.6951379776
-0.0980492458,-0.0105274534,0.3681037724,-0.0000919339,0.0221405916,-0.0083041740,-0.1000000015,0.0000000000,0.5600000024,0.0000000000,0.1118425280,0.1043839231,0.0813427940,0.1568078101,nan,nan,nan,nan,nan,nan,nan,nan,nan,nan,nan,nan,nan,-0.1061181277,0.0392437540,0.0644259602,-0.1204983890,0.0282012466,0.0724110156,0.3369515538,-0.0769103244,-0.0970941931,0.0110325702,0.0129556432,0.3766910732,0.4738630056,-1.4899876118,0.0000000000,3.5099999905,3.4574780464,nan,nan,nan,nan,nan,nan,nan,nan,nan,nan,nan,nan,nan,0.0071057938,-0.0153430570,0.9976925254,1.6206140518,1.4578002691,10.9953155518
-0.0980492458,-0.0105274534,0.3681037724,-0.0000919339,0.0221405916,-0.0083041740,-0.1000000015,0.0000000000,0.5600000024,0.0000000000,0.1118425280,0.1043839231,0.0813427940,0.1568078101,nan,nan,nan,nan,nan,nan,nan,nan,nan,nan,nan,nan,nan,-0.0976899415,0.0386021547,0.0611769930,-0.1175931394,0.0316625647,0.0710190535,0.3369515538,-0.0769103244,-0.0970941931,0.0110325702,0.0129556432,0.3766910732,0.4738630056,-1.4899876118,0.0000000000,3.5099999905,3.4574780464,nan,nan,nan,nan,nan,nan,nan,nan,nan,nan,nan,nan,nan,0.0071057938,-0.0153430570,0.9976925254,1.6206140518,1.4578002691,10.9953155518
-0.1028705984,-0.0086039426,0.3711919785,0.0026988617,0.0166167692,-0.0082805177,-0.1000000015,0.0000000000,0.5600000024,0.0000000000,0.1118425280,0.1043839231,0.0813427940,0.1568078101,nan,nan,nan,nan,nan,nan,nan,nan,nan,nan,nan,nan,nan,-0.0976899415,0.0386021547,0.0611769930,-0.1175931394,0.0316625647,0.0710190535,0.3369515538,-0.0769103244,-0.0970941931,0.0110325702,0.0129556432,0.3766910732,0.5476772785,-1.2791128159,0.0000000000,3.5099999905,3.4574780464,nan,nan,nan,nan,nan,nan,nan,nan,nan,nan,nan,nan,nan,0.0186671223,-0.0146856690,1.0116237402,8.1539459229,-0.9397243857,-7.3713245392
-0.1028705984,-0.0086039426,0.3711919785,0.0026988617,0.0166167692,-0.0082805177,-0.1000000015,0.0000000000,0.5600000024,0.0000000000,0.0295628291,0.1971984506,-0.0035523004,0.2288029343,nan,nan,nan,nan,nan,nan,nan,nan,nan,nan,nan,nan,nan,-0.0976899415,0.0386021547,0.0611769930,-0.1099428982,0.0332333930,0.0682641119,0.1802103519,-0.2682121098,0.0082445741,0.0110325702,0.0129556432,0.3766910732,0.5476772785,-1.2791128159,0.0000000000,3.5099999905,3.4574780464,nan,nan,nan,nan,nan,nan,nan,nan,nan,nan,nan,nan,nan,0.0186671223,-0.0146856690,1.0116237402,8.1539459229,-0.9397243857,-7.3713245392
-0.1028705984,-0.0086039426,0.3711919785,0.0026988617,0.0166167692,-0.0082805177,-0.1000000015,0.0000000000,0.5600000024,0.0000000000,0.0295628291,0.1971984506,-0.0035523004,0.2288029343,nan,nan,nan,nan,nan,nan,nan,nan,nan,nan,nan,nan,nan,-0.0849074125,0.0365346149,0.0618431047,-0.1099428982,0.0332333930,0.0682641119,0.1802103519,-0.2682121098,0.0082445741,0.0202760249,0.0071815411,0.3643777072,0.5476772785,-1.2791128159,0.0000000000,3.5099999905,3.4574780464,nan,nan,nan,nan,nan,nan,nan,nan,nan,nan,nan,nan,nan,-0.0039566518,-0.0196352378,0.9957192540,8.1539459229,-0.9397243857,-7.3713245392
-0.1071553752,-0.0067752632,0.3743282259,0.0082457239,0.0138720485,-0.0082457239,-0.1000000015,0.0000000000,0.5600000024,0.0000000000,0.1349691004,0.0776928365,0.1168352813,0.1239887103,nan,nan,nan,nan,nan,nan,nan,nan,nan,nan,nan,nan,nan,-0.0849074125,0.0365346149,0.0618431047,-0.1099428982,0.0332333930,0.0682641119,0.2327591181,-0.2523384392,-0.0617325678,0.0202760249,0.0071815411,0.3643777072,0.5476772785,-1.2791128159,0.0000000000,3.5099999905,3.4574780464,nan,nan,nan,nan,nan,nan,nan,nan,nan,nan,nan,nan,nan,-0.0039566518,-0.0196352378,0.9957192540,6.4683675766,3.2182626724,8.7934646606
-0.1071553752,-0.0067752632,0.3743282259,0.0082457239,0.0138720485,-0.0082457239,-0.1000000015,0.0000000000,0.5600000024,0.0000000000,0.1349691004,0.0776928365,0.1168352813,0.1239887103,nan,nan,nan,nan,nan,nan,nan,nan,nan,nan,nan,nan,nan,-0.0769934803,0.0324194804,0.0610631108,-0.1038884595,0.0342245102,0.0677819327,0.2327591181,-0.2523384392,-0.0617325678,0.0202760249,0.0071815411,0.3643777072,0.5476772785,-1.2791128159,0.0000000000,3.5099999905,3.4574780464,nan,nan,nan,nan,nan,nan,nan,nan,nan,nan,nan,nan,nan,-0.0039566518,-0.0196352378,0.9957192540,6.4683675766,3.2182626724,8.7934646606
-0.1207497269,-0.0064428323,0.3979338408,0.0054779902,0.0138606250,-0.0082649132,-0.1000000015,0.0000000000,0.5600000024,0.0000000000,0.1349691004,0.0776928365,0.1168352813,0.1239887103,nan,nan,nan,nan,nan,nan,nan,nan,nan,nan,nan,nan,nan,-0.0769934803,0.0324194804,0.0610631108,-0.1038884595,0.0342245102,0.0677819327,0.2327591181,-0.2523384392,-0.0617325678,0.0202760249,0.0071815411,0.3643777072,-0.2098391950,-4.5043487549,0.0000000000,3.5099999905,3.4574780464,nan,nan,nan,nan,nan,nan,nan,nan,nan,nan,nan,nan,nan,0.0147028835,-0.0119214961,0.9885232449,-6.3697652817,5.8101263046,-8.9835405350
-0.1207497269,-0.0064428323,0.3979338408,0.0054779902,0.0138606250,-0.0082649132,-0.1000000015,0.0000000000,0.5600000024,0.0000000000,0.0343968868,0.1729121953,0.0197116043,0.2045899183,nan,nan,nan,nan,nan,nan,nan,nan,nan,nan,nan,nan,nan,-0.0971805379,0.0221124012,0.1115383953,-0.1466224343,0.0260156617,0.1733701378,0.1688928902,-0.2546989620,-0.1476106197,0.0202760249,0.0071815411,0.3643777072,-0.2098391950,-4.5043487549,0.0000000000,3.5099999905,3.4574780464,nan,nan,nan,nan,nan,nan,nan,nan,nan,nan,nan,nan,nan,0.0147028835,-0.0119214961,0.9885232449,-6.3697652817,5.8101263046,-8.9835405350
-0.1207497269,-0.0064428323,0.3979338408,0.0054779902,0.0138606250,-0.0082649132,-0.1000000015,0.0000000000,0.5600000024,0.0000000000,0.0343968868,0.1729121953,0.0197116043,0.2045899183,nan,nan,nan,nan,nan,nan,nan,nan,nan,nan,nan,nan,nan,-0.0971805379,0.0221124012,0.1115383953,-0.1466224343,0.0260156617,0.1733701378,0.1688928902,-0.2546989620,-0.1476106197,0.0421221778,0.0059071630,0.3075123131,-0.2098391950,-4.5043487549,0.0000000000,3.5099999905,3.5155425072,nan,nan,nan,nan,nan,nan,nan,nan,nan,nan,nan,nan,nan,0.0147028835,-0.0119214961,0.9885232449,-6.3697652817,5.8101263046,-8.9835405350
-0.1256298274,-0.0053393780,0.4035797119,0.0026760935,0.0221520621,-0.0082735224,-0.1000000015,0.0000000000,0.5600000024,0.0000000000,0.1043106765,0.1128252149,0.0633798763,0.1609338522,nan,nan,nan,nan,nan,nan,nan,nan,nan,nan,nan,nan,nan,-0.0971805379,0.0221124012,0.1115383953,-0.1466224343,0.0260156617,0.1733701378,0.3472314477,-0.1266599000,-0.2669119537,0.0421221778,0.0059071630,0.3075123131,-0.2098391950,-4.5043487549,0.0000000000,3.5099999905,3.5155425072,nan,nan,nan,nan,nan,nan,nan,nan,nan,nan,nan,nan,nan,-0.0030904720,-0.0162098501,0.9693351984,6.3311815262,9.3177022934,10.3705835342
-0.1256298274,-0.0053393780,0.4035797119,0.0026760935,0.0221520621,-0.0082735224,-0.1000000015,0.0000000000,0.7599999905,0.0000000000,0.1043106765,0.1128252149,0.0633798763,0.1609338522,nan,nan,nan,nan,nan,nan,nan,nan,nan,nan,nan,nan,nan,-0.0881514028,0.0191626549,0.0993143171,-0.1343202591,0.0248814430,0.1578672081,0.3472314477,-0.1266599000,-0.2669119537,0.0421221778,0.0059071630,0.3075123131,-0.2098391950,-4.5043487549,0.0000000000,3.5099999905,3.5155425072,nan,nan,nan,nan,nan,nan,nan,nan,nan,nan,nan,nan,nan,-0.0030904720,-0.0162098501,0.9693351984,6.3311815262,9.3177022934,10.3705835342
-0.1257248223,-0.0046152845,0.4053695798,0.0054747978,0.0221559352,-0.0054747978,-0.1000000015,0.0000000000,0.7599999905,0.0000000000,0.1043106765,0.1128252149,0.0633798763,0.1609338522,nan,nan,nan,nan,nan,nan,nan,nan,nan,nan,nan,nan,nan,-0.0881514028,0.0191626549,0.0993143171,-0.1343202591,0.0248814430,0.1578672081,0.3472314477,-0.1266599000,-0.2669119537,0.0421221778,0.0059071630,0.3075123131,0.0563634187,0.3988196850,0.0000000000,3.5099999905,3.5155425072,nan,nan,nan,nan,nan,nan,nan,nan,nan,nan,nan,nan,nan,0.0102757886,0.0003521050,0.9788650870,2.2973504066,-7.7858915329,-10.4577426910
-0.1257248223,-0.0046152845,0.4053695798,0.0054747978,0.0221559352,-0.0054747978,-0.1000000015,0.0000000000,0.7599999905,0.0000000000,0.0866559893,0.1675349027,0.0588296354,0.2042603195,nan,nan,nan,nan,nan,nan,nan,nan,nan,nan,nan,nan,nan,-0.0509847626,0.0121293832,0.0720877722,-0.0952427313,0.0213585272,0.1214637756,0.2087231129,-0.1387881935,-0.1359892786,0.0421221778,0.0059071630,0.3075123131,0.0563634187,0.3988196850,0.0000000000,3.5099999905,3.5155425072,nan,nan,nan,nan,nan,nan,nan,nan,nan,nan,nan,nan,nan,0.0102757886,0.0003521050,0.9788650870,2.2973504066,-7.7858915329,-10.4577426910
-0.1257248223,-0.0046152845,0.4053695798,0.0054747978,0.0221559352,-0.0054747978,-0.1000000015,0.0000000000,0.7599999905,0.0000000000,0.0866559893,0.1675349027,0.0588296354,0.2042603195,nan,nan,nan,nan,nan,nan,nan,nan,nan,nan,nan,nan,nan,-0.0509847626,0.0121293832,0.0720877722,-0.0952427313,0.0213585272,0.1214637756,0.2087231129,-0.1387881935,-0.1359892786,0.0451884568,0.0056595155,0.6931226254,0.0563634187,0.3988196850,0.0000000000,3.5099999905,3.4152493477,nan,nan,nan,nan,nan,nan,nan,nan,nan,nan,nan,nan,nan,0.0102757886,0.0003521050,0.9788650870,2.2973504066,-7.7858915329,-10.4577426910
-0.1283119619,-0.0040065353,0.4090500474,0.0026988617,0.0166167692,-0.0082805177,-0.1000000015,0.0000000000,0.7599999905,0.0000000000,0.1295521557,0.1130663007,0.1004196256,0.1633905619,nan,nan,nan,nan,nan,nan,nan,nan,nan,nan,nan,nan,nan,-0.0509847626,0.0121293832,0.0720877722,-0.0952427313,0.0213585272,0.1214637756,0.3016576171,-0.1200831831,0.5029237270,0.0451884568,0.0056595155,0.6931226254,0.0563634187,0.3988196850,0.0000000000,3.4460000992,3.4152493477,nan,nan,nan,nan,nan,nan,nan,nan,nan,nan,nan,nan,nan,-0.0058597317,-0.0184154585,1.0391507149,1.7206692696,3.7881493568,7.9957237244
-0.1283119619,-0.0040065353,0.4090500474,0.0026988617,0.0166167692,-0.0082805177,-0.1000000015,0.0000000000,0.7599999905,0.0000000000,0.1295521557,0.1130663007,0.1004196256,0.1633905619,nan,nan,nan,nan,nan,nan,nan,nan,nan,nan,nan,nan,nan,-0.0399741232,0.0076989750,0.0883950889,-0.0831393301,0.0184912402,0.1116865426,0.3016576171,-0.1200831831,0.5029237270,0.0451884568,0.0056595155,0.6931226254,0.0563634187,0.3988196850,0.0000000000,3.4460000992,3.4152493477,nan,nan,nan,nan,nan,nan,nan,nan,nan,nan,nan,nan,nan,-0.0058597317,-0.0184154585,1.0391507149,1.7206692696,3.7881493568,7.9957237244
-0.1255274862,-0.0039008220,0.4130896926,-0.0000804376,0.0193729256,-0.0083038161,-0.1000000015,0.0000000000,0.7599999905,0.0000000000,0.1295521557,0.1130663007,0.1004196256,0.1633905619,nan,nan,nan,nan,nan,nan,nan,nan,nan,nan,nan,nan,nan,-0.0399741232,0.0076989750,0.0883950889,-0.0831393301,0.0184912402,0.1116865426,0.3016576171,-0.1200831831,0.5029237270,0.0451884568,0.0056595155,0.6931226254,-0.2088692933,0.4337616861,0.0000000000,3.4460000992,3.4152493477,nan,nan,nan,nan,nan,nan,nan,nan,nan,nan,nan,nan,nan,0.0150489341,-0.0090862364,1.0455462933,0.6330245137,-0.8523902893,-11.6971292496
-0.1255274862,-0.0039008220,0.4130896926,-0.0000804376,0.0193729256,-0.0083038161,-0.1000000015,0.0000000000,0.7599999905,0.0000000000,0.0475532189,0.2037995011,0.0049927523,0.2487403750,nan,nan,nan,nan,nan,nan,nan,nan,nan,nan,nan,nan,nan,0.0025336307,0.0005134616,0.1127953678,-0.0415948331,0.0132197952,0.1050426140,0.1776459813,-0.2318322212,0.4379938841,0.0451884568,0.0056595155,0.6931226254,-0.2088692933,0.4337616861,0.0000000000,3.4460000992,3.4152493477,nan,nan,nan,nan,nan,nan,nan,nan,nan,nan,nan,nan,nan,0.0150489341,-0.0090862364,1.0455462933,0.6330245137,-0.8523902893,-11.6971292496
-0.1255274862,-0.0039008220,0.4130896926,-0.0000804376,0.0193729256,-0.0083038161,-0.1000000015,0.0000000000,0.7599999905,0.0000000000,0.0475532189,0.2037995011,0.0049927523,0.2487403750,nan,nan,nan,nan,nan,nan,nan,nan,nan,nan,nan,nan,nan,0.0025336307,0.0005134616,0.1127953678,-0.0415948331,0.0132197952,0.1050426140,0.1776459813,-0.2318322212,0.4379938841,0.0366585739,0.0077326549,0.6713349223,-0.2088692933,0.4337616861,0.0000000000,3.4460000992,3.4310851097,nan,nan,nan,nan,nan,nan,nan,nan,nan,nan,nan,nan,nan,-0.0111807939,-0.0153875025,1.0673507452,0.6330245137,-0.8523902893,-11.6971292496
-0.1254037470,-0.0039033089,0.4186202288,-0.0000612780,0.0110700518,-0.0110707301,-0.1000000015,0.0000000000,0.7599999905,0.0000000000,0.1652063876,0.0745922029,0.1397116035,0.1156145632,nan,nan,nan,nan,nan,nan,nan,nan,nan,nan,nan,nan,nan,0.0025336307,0.0005134616,0.1127953678,-0.0415948331,0.0132197952,0.1050426140,0.2050180435,-0.0295381453,0.6005289555,0.0366585739,0.0077326549,0.6713349223,-0.2088692933,0.4337616861,0.0000000000,3.4460000992,3.4310851097,nan,nan,nan,nan,nan,nan,nan,nan,nan,nan,nan,nan,nan,-0.0111807939,-0.0153875025,1.0673507452,-1.3393371105,-4.0057258606,0.9400878549
-0.1254037470,-0.0039033089,0.4186202288,-0.0000612780,0.0110700518,-0.0110707301,-0.1000000015,0.0000000000,0.7599999905,0.0000000000,0.1652063876,0.0745922029,0.1397116035,0.1156145632,nan,nan,nan,nan,nan,nan,nan,nan,nan,nan,nan,nan,nan,0.0134231756,-0.0034213420,0.1373566836,-0.0275789090,0.0089112967,0.1089045927,0.2050180435,-0.0295381453,0.6005289555,0.0366585739,0.0077326549,0.6713349223,-0.2088692933,0.4337616861,0.0000000000,3.4460000992,3.4310851097,nan,nan,nan,nan,nan,nan,nan,nan,nan,nan,nan,nan,nan,-0.0111807939,-0.0153875025,1.0673507452,-1.3393371105,-4.0057258606,0.9400878549
-0.1238063201,-0.0041399444,0.4182948172,-0.0000574466,0.0083024484,-0.0138381743,-0.1000000015,0.0000000000,0.7599999905,0.0000000000,0.1652063876,0.0745922029,0.1397116035,0.1156145632,nan,nan,nan,nan,nan,nan,nan,nan,nan,nan,nan,nan,nan,0.0134231756,-0.0034213420,0.1373566836,-0.0275789090,0.0089112967,0.1089045927,0.2050180435,-0.0295381453,0.6005289555,0.0366585739,0.0077326549,0.6713349223,-0.3943328559,0.3397583067,0.0000000000,3.4460000992,3.4310851097,nan,nan,nan,nan,nan,nan,nan,nan,nan,nan,nan,nan,nan,0.0133548612,-0.0074807303,1.0498607159,0.5848676562,-3.6240134239,-1.5828517675
-0.1238063201,-0.0041399444,0.4182948172,-0.0000574466,0.0083024484,-0.0138381743,-0.1000000015,0.0000000000,0.7599999905,0.0000000000,0.0495765619,0.2080811858,0.0144380871,0.2559273839,nan,nan,nan,nan,nan,nan,nan,nan,nan,nan,nan,nan,nan,0.0323659219,-0.0099826558,0.1292197108,-0.0100007365,0.0046725199,0.0797906369,0.0675098598,-0.1604023427,0.4793535769,0.0366585739,0.0077326549,0.6713349223,-0.3943328559,0.3397583067,0.0000000000,3.4460000992,3.4310851097,nan,nan,nan,nan,nan,nan,nan,nan,nan,nan,nan,nan,nan,0.0133548612,-0.0074807303,1.0498607159,0.5848676562,-3.6240134239,-1.5828517675
-0.1238063201,-0.0041399444,0.4182948172,-0.0000574466,0.0083024484,-0.0138381743,-0.1000000015,0.0000000000,0.7599999905,0.0000000000,0.0495765619,0.2080811858,0.0144380871,0.2559273839,nan,nan,nan,nan,nan,nan,nan,nan,nan,nan,nan,nan,nan,0.0323659219,-0.0099826558,0.1292197108,-0.0100007365,0.0046725199,0.0797906369,0.0675098598,-0.1604023427,0.4793535769,0.0255590789,0.0103154266,0.6526997685,-0.3943328559,0.3397583067,0.0000000000,3.4460000992,3.4363636971,nan,nan,nan,nan,nan,nan,nan,nan,nan,nan,nan,nan,nan,-0.0111578256,-0.0169618707,1.0621495247,0.5848676562,-3.6240134239,-1.5828517675
-0.1221441329,-0.0046811872,0.4246188700,-0.0000459564,0.0055348989,-0.0166056288,-0.1000000015,0.0000000000,0.7599999905,0.0000000000,0.2140322030,0.0328160524,0.1747615784,0.0722453669,nan,nan,nan,nan,nan,nan,nan,nan,nan,nan,nan,nan,nan,0.0323659219,-0.0099826558,0.1292197108,-0.0100007365,0.0046725199,0.0797906369,0.0963425264,-0.0888897032,0.5500546098,0.0255590789,0.0103154266,0.6526997685,-0.3943328559,0.3397583067,0.0000000000,3.4460000992,3.4363636971,nan,nan,nan,nan,nan,nan,nan,nan,nan,nan,nan,nan,nan,-0.0111578256,-0.0169618707,1.0621495247,-6.8242244720,-5.0790686607,-5.9535741806
-0.1221441329,-0.0046811872,0.4246188700,-0.0000459564,0.0055348989,-0.0166056288,-0.1000000015,0.0000000000,0.7599999905,0.0000000000,0.2140322030,0.0328160524,0.1747615784,0.0722453669,nan,nan,nan,nan,nan,nan,nan,nan,nan,nan,nan,nan,nan,0.0413203463,-0.0143289482,0.1544273347,0.0032017611,-0.0002478085,0.0951667577,0.0963425264,-0.0888897032,0.5500546098,0.0255590789,0.0103154266,0.6526997685,-0.3943328559,0.3397583067,0.0000000000,3.4460000992,3.4363636971,nan,nan,nan,nan,nan,nan,nan,nan,nan,nan,nan,nan,nan,-0.0111578256,-0.0169618707,1.0621495247,-6.8242244720,-5.0790686607,-5.9535741806
-0.1140217856,-0.0052635558,0.4419419467,-0.0027444769,-0.0027904221,-0.0166016409,-0.1000000015,0.0000000000,0.7599999905,0.0000000000,0.2140322030,0.0328160524,0.1747615784,0.0722453669,nan,nan,nan,nan,nan,nan,nan,nan,nan,nan,nan,nan,nan,0.0413203463,-0.0143289482,0.1544273347,0.0032017611,-0.0002478085,0.0951667577,0.0963425264,-0.0888897032,0.5500546098,0.0255590789,0.0103154266,0.6526997685,-0.6737231016,0.6100853682,0.0000000000,3.4460000992,3.4363636971,nan,nan,nan,nan,nan,nan,nan,nan,nan,nan,nan,nan,nan,0.0054084784,-0.0078368243,1.0479515791,-0.3581322432,-5.7693557739,0.8522726297
-0.1140217856,-0.0052635558,0.4419419467,-0.0027444769,-0.0027904221,-0.0166016409,-0.1000000015,0.0000000000,0.7599999905,0.0000000000,0.0246829949,0.1776943654,-0.0116975661,0.2352819145,nan,nan,nan,nan,nan,nan,nan,nan,nan,nan,nan,nan,nan,0.0792265460,-0.0171651803,0.2337607741,0.0515955277,-0.0039948262,0.1753205359,-0.0995998383,-0.1177319437,0.4542748928,0.0255590789,0.0103154266,0.6526997685,-0.6737231016,0.6100853682,0.0000000000,3.4460000992,3.4363636971,nan,nan,nan,nan,nan,nan,nan,nan,nan,nan,nan,nan,nan,0.0054084784,-0.0078368243,1.0479515791,-0.3581322432,-5.7693557739,0.8522726297
-0.1140217856,-0.0052635558,0.4419419467,-0.0027444769,-0.0027904221,-0.0166016409,-0.1000000015,0.0000000000,0.7599999905,0.0000000000,0.0246829949,0.1776943654,-0.0116975661,0.2352819145,nan,nan,nan,nan,nan,nan,nan,nan,nan,nan,nan,nan,nan,0.0792265460,-0.0171651803,0.2337607741,0.0515955277,-0.0039948262,0.1753205359,-0.0995998383,-0.1177319437,0.4542748928,-0.0011960659,0.0130961081,0.5815517902,-0.6737231016,0.6100853682,0.0000000000,3.4460000992,3.4944281578,nan,nan,nan,nan,nan,nan,nan,nan,nan,nan,nan,nan,nan,0.0054084784,-0.0078368243,1.0479515791,-0.3581322432,-5.7693557739,0.8522726297
-0.1105806157,-0.0060783499,0.4514127970,-0.0027215223,-0.0055578718,-0.0165979545,-0.1000000015,0.0000000000,0.7599999905,0.0000000000,0.2316441685,0.0083619440,0.2059662789,0.0292545985,nan,nan,nan,nan,nan,nan,nan,nan,nan,nan,nan,nan,nan,0.0792265460,-0.0171651803,0.2337607741,0.0515955277,-0.0039948262,0.1753205359,-0.0394754820,-0.0516125523,0.1857906133,-0.0011960659,0.0130961081,0.5815517902,-0.6737231016,0.6100853682,0.0000000000,3.4460000992,3.4944281578,nan,nan,nan,nan,nan,nan,nan,nan,nan,nan,nan,nan,nan,-0.0019064216,-0.0164395235,1.0104933977,-5.9041681290,-8.3180551529,-8.3151903152
-0.1105806157,-0.0060783499,0.4514127970,-0.0027215223,-0.0055578718,-0.0165979545,-0.1000000015,0.0000000000,0.7599999905,0.0000000000,0.2316441685,0.0083619440,0.2059662789,0.0292545985,nan,nan,nan,nan,nan,nan,nan,nan,nan,nan,nan,nan,nan,0.0864611417,-0.0214888733,0.2443004102,0.0615391247,-0.0090602161,0.1920959502,-0.0394754820,-0.0516125523,0.1857906133,-0.0011960659,0.0130961081,0.5815517902,-0.6737231016,0.6100853682,0.0000000000,3.4460000992,3.4944281578,nan,nan,nan,nan,nan,nan,nan,nan,nan,nan,nan,nan,nan,-0.0019064216,-0.0164395235,1.0104933977,-5.9041681290,-8.3180551529,-8.3151903152
-0.1060458049,-0.0072826426,0.4634937346,-0.0054011789,-0.0138907346,-0.0193361163,-0.1000000015,0.0000000000,0.7599999905,0.0000000000,0.2316441685,0.0083619440,0.2059662789,0.0292545985,nan,nan,nan,nan,nan,nan,nan,nan,nan,nan,nan,nan,nan,0.0864611417,-0.0214888733,0.2443004102,0.0615391247,-0.0090602161,0.1920959502,-0.0394754820,-0.0516125523,0.1857906133,-0.0011960659,0.0130961081,0.5815517902,-0.8433933258,1.4385479689,0.0000000000,3.4460000992,3.4944281578,nan,nan,nan,nan,nan,nan,nan,nan,nan,nan,nan,nan,nan,0.0025476366,-0.0186499916,1.0199716091,-1.9942164421,4.3796510696,4.0020756721
-0.1060458049,-0.0072826426,0.4634937346,-0.0054011789,-0.0138907346,-0.0193361163,-0.1000000015,0.0000000000,0.7599999905,0.0000000000,0.0323796459,0.1891752481,0.0022583352,0.2454566360,nan,nan,nan,nan,nan,nan,nan,nan,nan,nan,nan,nan,nan,0.0897398144,-0.0248487275,0.2559204698,0.0656124800,-0.0123499194,0.1953620315,-0.3016610444,-0.1732265502,0.2156722248,-0.0011960659,0.0130961081,0.5815517902,-0.8433933258,1.4385479689,0.0000000000,3.4460000992,3.4944281578,nan,nan,nan,nan,nan,nan,nan,nan,nan,nan,nan,nan,nan,0.0025476366,-0.0186499916,1.0199716091,-1.9942164421,4.3796510696,4.0020756721
-0.1060458049,-0.0072826426,0.4634937346,-0.0054011789,-0.0138907346,-0.0193361163,-0.1000000015,0.0000000000,0.7599999905,0.0000000000,0.0323796459,0.1891752481,0.0022583352,0.2454566360,nan,nan,nan,nan,nan,nan,nan,nan,nan,nan,nan,nan,nan,0.0897398144,-0.0248487275,0.2559204698,0.0656124800,-0.0123499194,0.1953620315,-0.3016610444,-0.1732265502,0.2156722248,-0.0115694823,0.0187778473,0.5350468755,-0.8433933258,1.4385479689,0.0000000000,3.4460000992,3.4363636971,nan,nan,nan,nan,nan,nan,nan,nan,nan,nan,nan,nan,nan,0.0025476366,-0.0186499916,1.0199716091,-1.9942164421,4.3796510696,4.0020756721
-0.1013231203,-0.0086758863,0.4761140943,-0.0053819497,-0.0138981959,-0.0221039965,-0.1000000015,0.0000000000,0.7599999905,0.0000000000,0.2141481787,0.0133272298,0.2011169642,0.0362951122,nan,nan,nan,nan,nan,nan,nan,nan,nan,nan,nan,nan,nan,0.0897398144,-0.0248487275,0.2559204698,0.0656124800,-0.0123499194,0.1953620315,-0.0989996120,-0.0128259631,0.1956244558,-0.0115694823,0.0187778473,0.5350468755,-0.8433933258,1.4385479689,0.0000000000,3.4460000992,3.4363636971,nan,nan,nan,nan,nan,nan,nan,nan,nan,nan,nan,nan,nan,-0.0060587665,-0.0127040455,1.0217494965,1.5102586746,-12.6053409576,-8.3581495285
-0.1013231203,-0.0086758863,0.4761140943,-0.0053819497,-0.0138981959,-0.0221039965,-0.1000000015,0.0000000000,0.7599999905,0.0000000000,0.2141481787,0.0133272298,0.2011169642,0.0362951122,nan,nan,nan,nan,nan,nan,nan,nan,nan,nan,nan,nan,nan,0.0924990773,-0.0281274673,0.2661007345,0.0781270713,-0.0184502173,0.2237737775,-0.0989996120,-0.0128259631,0.1956244558,-0.0115694823,0.0187778473,0.5350468755,-0.8433933258,1.4385479689,0.0000000000,3.4460000992,3.4363636971,nan,nan,nan,nan,nan,nan,nan,nan,nan,nan,nan,nan,nan,-0.0060587665,-0.0127040455,1.0217494965,1.5102586746,-12.6053409576,-8.3581495285
-0.0933992863,-0.0082574906,0.4890210330,-0.0053210324,-0.0194331170,-0.0220902024,-0.1000000015,0.0000000000,0.7599999905,0.0000000000,0.2141481787,0.0133272298,0.2011169642,0.0362951122,nan,nan,nan,nan,nan,nan,nan,nan,nan,nan,nan,nan,nan,0.0924990773,-0.0281274673,0.2661007345,0.0781270713,-0.0184502173,0.2237737775,-0.0989996120,-0.0128259631,0.1956244558,-0.0115694823,0.0187778473,0.5350468755,-1.0663356781,1.6120340824,0.0000000000,3.4460000992,3.4363636971,nan,nan,nan,nan,nan,nan,nan,nan,nan,nan,nan,nan,nan,-0.0065982752,-0.0103767961,1.0192399025,-0.8030731678,-5.3364701271,6.5142574310
-0.0933992863,-0.0082574906,0.4890210330,-0.0053210324,-0.0194331170,-0.0220902024,-0.1000000015,0.0000000000,0.7599999905,0.0000000000,0.0380651578,0.1822385043,-0.0077393763,0.2480781376,nan,nan,nan,nan,nan,nan,nan,nan,nan,nan,nan,nan,nan,0.1058579907,-0.0222450569,0.2733094692,0.0970194861,-0.0090504624,0.2219481468,-0.3535498381,-0.0620266907,0.1443841308,-0.0115694823,0.0187778473,0.5350468755,-1.0663356781,1.6120340824,0.0000000000,3.4460000992,3.4363636971,nan,nan,nan,nan,nan,nan,nan,nan,nan,nan,nan,nan,nan,-0.0065982752,-0.0103767961,1.0192399025,-0.8030731678,-5.3364701271,6.5142574310
-0.0933992863,-0.0082574906,0.4890210330,-0.0053210324,-0.0194331170,-0.0220902024,-0.1000000015,0.0000000000,0.7599999905,0.0000000000,0.0380651578,0.1822385043,-0.0077393763,0.2480781376,nan,nan,nan,nan,nan,nan,nan,nan,nan,nan,nan,nan,nan,0.1058579907,-0.0222450569,0.2733094692,0.0970194861,-0.0090504624,0.2219481468,-0.3535498381,-0.0620266907,0.1443841308,-0.0330732279,0.0180141199,0.4799697399,-1.0663356781,1.6120340824,0.0000000000,3.4460000992,3.4627566338,nan,nan,nan,nan,nan,nan,nan,nan,nan,nan,nan,nan,nan,-0.0054863449,-0.0117067769,1.0034270287,-0.8030731678,-5.3364701271,6.5142574310
-0.0878419057,-0.0095274532,0.5025266409,-0.0080282597,-0.0249987128,-0.0220423364,-0.1000000015,0.0000000000,0.7599999905,0.0000000000,0.2289402634,0.0100465408,0.1992401034,0.0181399249,nan,nan,nan,nan,nan,nan,nan,nan,nan,nan,nan,nan,nan,0.1058579907,-0.0222450569,0.2733094692,0.0970194861,-0.0090504624,0.2219481468,-0.2558588684,-0.0582397282,0.1290737838,-0.0330732279,0.0180141199,0.4799697399,-1.0663356781,1.6120340824,0.0000000000,3.4460000992,3.4627566338,nan,nan,nan,nan,nan,nan,nan,nan,nan,nan,nan,nan,nan,-0.0054863449,-0.0117067769,1.0034270287,2.5639233589,-6.9278411865,-11.2541637421
-0.0878419057,-0.0095274532,0.5025266409,-0.0080282597,-0.0249987128,-0.0220423364,-0.1000000015,0.0000000000,0.7599999905,0.0000000000,0.2289402634,0.0100465408,0.1992401034,0.0181399249,nan,nan,nan,nan,nan,nan,nan,nan,nan,nan,nan,nan,nan,0.1034515351,-0.0249381252,0.2776064277,0.1052864715,-0.0151588256,0.2477301806,-0.2558588684,-0.0582397282,0.1290737838,-0.0330732279,0.0180141199,0.4799697399,-1.0663356781,1.6120340824,0.0000000000,3.4460000992,3.4627566338,nan,nan,nan,nan,nan,nan,nan,nan,nan,nan,nan,nan,nan,-0.0054863449,-0.0117067769,1.0034270287,2.5639233589,-6.9278411865,-11.2541637421
-0.0850326568,-0.0095186988,0.5067573786,-0.0051572791,-0.0305106150,-0.0248328133,-0.1000000015,0.0000000000,0.7599999905,0.0000000000,0.2289402634,0.0100465408,0.1992401034,0.0181399249,nan,nan,nan,nan,nan,nan,nan,nan,nan,nan,nan,nan,nan,0.1034515351,-0.0249381252,0.2776064277,0.1052864715,-0.0151588256,0.2477301806,-0.2558588684,-0.0582397282,0.1290737838,-0.0330732279,0.0180141199,0.4799697399,-0.9981064796,1.8767275810,0.0000000000,3.4460000992,3.4627566338,nan,nan,nan,nan,nan,nan,nan,nan,nan,nan,nan,nan,nan,-0.0049669161,-0.0190944709,0.9964671135,-2.1868467331,-6.9648685455,10.7033023834
-0.0850326568,-0.0095186988,0.5067573786,-0.0051572791,-0.0305106150,-0.0248328133,-0.1000000015,0.0000000000,0.7599999905,0.0000000000,0.0421820432,0.2065278143,0.0200503562,0.2556985021,nan,nan,nan,nan,nan,nan,nan,nan,nan,nan,nan,nan,nan,0.0849098489,-0.0217592772,0.2163348347,0.0847259983,-0.0089753177,0.1833032519,-0.3475498855,-0.1368535012,-0.0179661550,-0.0330732279,0.0180141199,0.4799697399,-0.9981064796,1.8767275810,0.0000000000,3.4460000992,3.4627566338,nan,nan,nan,nan,nan,nan,nan,nan,nan,nan,nan,nan,nan,-0.0049669161,-0.0190944709,0.9964671135,-2.1868467331,-6.9648685455,10.7033023834
-0.0850326568,-0.0095186988,0.5067573786,-0.0051572791,-0.0305106150,-0.0248328133,-0.1000000015,0.0000000000,0.7599999905,0.0000000000,0.0421820432,0.2065278143,0.0200503562,0.2556985021,nan,nan,nan,nan,nan,nan,nan,nan,nan,nan,nan,nan,nan,0.0849098489,-0.0217592772,0.2163348347,0.0847259983,-0.0089753177,0.1833032519,-0.3475498855,-0.1368535012,-0.0179661550,-0.0363838375,0.0196672883,0.4623413682,-0.9981064796,1.8767275810,0.0000000000,3.4460000992,3.4363636971,nan,nan,nan,nan,nan,nan,nan,nan,nan,nan,nan,nan,nan,-0.0049669161,-0.0190944709,0.9964671135,-2.1868467331,-6.9648685455,10.7033023834
-0.0806042477,-0.0107221603,0.5175178647,-0.0078916220,-0.0333126137,-0.0247807056,-0.1000000015,0.0000000000,0.7599999905,0.0000000000,0.2321171910,0.0007171740,0.1936461478,0.0345983058,nan,nan,nan,nan,nan,nan,nan,nan,nan,nan,nan,nan,nan,0.0849098489,-0.0217592772,0.2163348347,0.0847259983,-0.0089753177,0.1833032519,-0.3193712533,-0.0210682675,0.3101842701,-0.0363838375,0.0196672883,0.4623413682,-0.9981064796,1.8767275810,0.0000000000,3.4460000992,3.4363636971,nan,nan,nan,nan,nan,nan,nan,nan,nan,nan,nan,nan,nan,0.0002646252,-0.0172506329,1.0383052826,0.7861298919,3.4965951443,-12.8090791702
-0.0806042477,-0.0107221603,0.5175178647,-0.0078916220,-0.0333126137,-0.0247807056,-0.1000000015,0.0000000000,0.7599999905,0.0000000000,0.2321171910,0.0007171740,0.1936461478,0.0345983058,nan,nan,nan,nan,nan,nan,nan,nan,nan,nan,nan,nan,nan,0.0754602030,-0.0237537604,0.2266846597,0.0879623368,-0.0146451844,0.2024161816,-0.3193712533,-0.0210682675,0.3101842701,-0.0363838375,0.0196672883,0.4623413682,-0.9981064796,1.8767275810,0.0000000000,3.4460000992,3.4363636971,nan,nan,nan,nan,nan,nan,nan,nan,nan,nan,nan,nan,nan,0.0002646252,-0.0172506329,1.0383052826,0.7861298919,3.4965951443,-12.8090791702
-0.0766484290,-0.0120447632,0.5287032127,-0.0079255911,-0.0305449514,-0.0247905608,-0.1000000015,0.0000000000,0.7599999905,0.0000000000,0.2321171910,0.0007171740,0.1936461478,0.0345983058,nan,nan,nan,nan,nan,nan,nan,nan,nan,nan,nan,nan,nan,0.0754602030,-0.0237537604,0.2266846597,0.0879623368,-0.0146451844,0.2024161816,-0.3322636485,-0.0757393837,0.0475682691,-0.0363838375,0.0196672883,0.4623413682,-0.9701710939,1.3862913847,0.0000000000,3.4460000992,3.4363636971,nan,nan,nan,nan,nan,nan,nan,nan,nan,nan,nan,nan,nan,-0.0015533301,-0.0195008349,1.0124258995,3.1284606457,-1.3424905539,13.5310716629
-0.0766484290,-0.0120447632,0.5287032127,-0.0079255911,-0.0305449514,-0.0247905608,-0.1000000015,0.0000000000,0.7599999905,0.0000000000,0.0223117433,0.1700190753,-0.0170229655,0.2208926529,nan,nan,nan,nan,nan,nan,nan,nan,nan,nan,nan,nan,nan,0.0766360164,-0.0278760847,0.2854042649,0.0938520804,-0.0197882019,0.2513705790,-0.3322636485,-0.0757393837,0.0475682691,-0.0363838375,0.0196672883,0.4623413682,-0.9701710939,1.3862913847,0.0000000000,3.4460000992,3.4363636971,nan,nan,nan,nan,nan,nan,nan,nan,nan,nan,nan,nan,nan,-0.0015533301,-0.0195008349,1.0124258995,3.1284606457,-1.3424905539,13.5310716629
-0.0766484290,-0.0120447632,0.5287032127,-0.0079255911,-0.0305449514,-0.0247905608,-0.1000000015,0.0000000000,0.7599999905,0.0000000000,0.0223117433,0.1700190753,-0.0170229655,0.2208926529,nan,nan,nan,nan,nan,nan,nan,nan,nan,nan,nan,nan,nan,0.0766360164,-0.0278760847,0.2854042649,0.0938520804,-0.0197882019,0.2513705790,-0.3322636485,-0.0757393837,0.0475682691,-0.0509481020,0.0265929289,0.3761670589,-0.9701710939,1.3862913847,0.0000000000,3.4460000992,3.4944281578,nan,nan,nan,nan,nan,nan,nan,nan,nan,nan,nan,nan,nan,-0.0044618640,-0.0099266674,0.9770632386,3.1284606457,-1.3424905539,13.5310716629
-0.0705580115,-0.0140985940,0.5511189699,-0.0078916220,-0.0333126137,-0.0247807056,-0.1000000015,0.0000000000,0.7599999905,0.0000000000,0.2245212495,-0.0007660029,0.1988922060,0.0241886023,nan,nan,nan,nan,nan,nan,nan,nan,nan,nan,nan,nan,nan,0.0766360164,-0.0278760847,0.2854042649,0.0938520804,-0.0197882019,0.2513705790,-0.3530616164,-0.0338924564,-0.1667479724,-0.0509481020,0.0265929289,0.3761670589,-0.9701710939,1.3862913847,0.0000000000,3.4460000992,3.4944281578,nan,nan,nan,nan,nan,nan,nan,nan,nan,nan,nan,nan,nan,-0.0044618640,-0.0099266674,0.9770632386,-4.4308066368,-7.5500850677,-10.1044464111
-0.0705580115,-0.0140985940,0.5511189699,-0.0078916220,-0.0333126137,-0.0247807056,-0.1000000015,0.0000000000,0.7599999905,0.0000000000,0.2245212495,-0.0007660029,0.1988922060,0.0241886023,nan,nan,nan,nan,nan,nan,nan,nan,nan,nan,nan,nan,nan,0.0663898215,-0.0302661620,0.2762034237,0.0918506309,-0.0247943606,0.2713288367,-0.3530616164,-0.0338924564,-0.1667479724,-0.0509481020,0.0265929289,0.3761670589,-0.9701710939,1.3862913847,0.0000000000,3.4460000992,3.4944281578,nan,nan,nan,nan,nan,nan,nan,nan,nan,nan,nan,nan,nan,-0.0044618640,-0.0099266674,0.9770632386,-4.4308066368,-7.5500850677,-10.1044464111
-0.0670575052,-0.0157888774,0.5649237633,-0.0079076422,-0.0360694279,-0.0220019272,-0.1000000015,0.0000000000,0.7599999905,0.0000000000,0.2245212495,-0.0007660029,0.1988922060,0.0241886023,nan,nan,nan,nan,nan,nan,nan,nan,nan,nan,nan,nan,nan,0.0663898215,-0.0302661620,0.2762034237,0.0918506309,-0.0247943606,0.2713288367,-0.3530616164,-0.0338924564,-0.1667479724,-0.0509481020,0.0265929289,0.3761670589,-1.2498182058,1.3297815323,0.0000000000,3.4460000992,3.4944281578,nan,nan,nan,nan,nan,nan,nan,nan,nan,nan,nan,nan,nan,-0.0017605975,-0.0142379981,0.9859735370,-0.2871410251,3.9426398277,11.3281726837
-0.0670575052,-0.0157888774,0.5649237633,-0.0079076422,-0.0360694279,-0.0220019272,-0.1000000015,0.0000000000,0.7599999905,0.0000000000,0.0225589387,0.1967803538,-0.0013702603,0.2243991792,nan,nan,nan,nan,nan,nan,nan,nan,nan,nan,nan,nan,nan,0.0543064922,-0.0323192216,0.2682415843,0.0816613287,-0.0258561485,0.2594036162,-0.3940064907,-0.0716280639,-0.1469662637,-0.0509481020,0.0265929289,0.3761670589,-1.2498182058,1.3297815323,0.0000000000,3.4460000992,3.4944281578,nan,nan,nan,nan,nan,nan,nan,nan,nan,nan,nan,nan,nan,-0.0017605975,-0.0142379981,0.9859735370,-0.2871410251,3.9426398277,11.3281726837
-0.0670575052,-0.0157888774,0.5649237633,-0.0079076422,-0.0360694279,-0.0220019272,-0.1000000015,0.0000000000,0.7599999905,0.0000000000,0.0225589387,0.1967803538,-0.0013702603,0.2243991792,nan,nan,nan,nan,nan,nan,nan,nan,nan,nan,nan,nan,nan,0.0543064922,-0.0323192216,0.2682415843,0.0816613287,-0.0258561485,0.2594036162,-0.3940064907,-0.0716280639,-0.1469662637,-0.0550167337,0.0330502316,0.3283739984,-1.2498182058,1.3297815323,0.0000000000,3.4460000992,3.4627566338,nan,nan,nan,nan,nan,nan,nan,nan,nan,nan,nan,nan,nan,0.0009655143,-0.0183540005,0.9822442532,-0.2871410251,3.9426398277,11.3281726837
-0.0641853362,-0.0175801553,0.5783308744,-0.0107362464,-0.0305644014,-0.0219795990,-0.1000000015,0.0000000000,0.7599999905,0.0000000000,0.2199771106,-0.0027405205,0.2006592005,0.0233859774,nan,nan,nan,nan,nan,nan,nan,nan,nan,nan,nan,nan,nan,0.0543064922,-0.0323192216,0.2682415843,0.0816613287,-0.0258561485,0.2594036162,-0.2352085412,0.0264650192,-0.1735284179,-0.0550167337,0.0330502316,0.3283739984,-1.2498182058,1.3297815323,0.0000000000,3.4460000992,3.4627566338,nan,nan,nan,nan,nan,nan,nan,nan,nan,nan,nan,nan,nan,0.0009655143,-0.0183540005,0.9822442532,-5.8957843781,-7.6674189568,-9.7595043182
-0.0641853362,-0.0175801553,0.5783308744,-0.0107362464,-0.0305644014,-0.0219795990,-0.1000000015,0.0000000000,0.7599999905,0.0000000000,0.2199771106,-0.0027405205,0.2006592005,0.0233859774,nan,nan,nan,nan,nan,nan,nan,nan,nan,nan,nan,nan,nan,0.0424787402,-0.0339953899,0.2591297626,0.0752215534,-0.0304856561,0.2716062069,-0.2352085412,0.0264650192,-0.1735284179,-0.0550167337,0.0330502316,0.3283739984,-1.2498182058,1.3297815323,0.0000000000,3.4460000992,3.4627566338,nan,nan,nan,nan,nan,nan,nan,nan,nan,nan,nan,nan,nan,0.0009655143,-0.0183540005,0.9822442532,-5.8957843781,-7.6674189568,-9.7595043182
-0.0619371012,-0.0194544271,0.5913022161,-0.0135210553,-0.0333437771,-0.0191507817,-0.1000000015,0.0000000000,0.7599999905,0.0000000000,0.2199771106,-0.0027405205,0.2006592005,0.0233859774,nan,nan,nan,nan,nan,nan,nan,nan,nan,nan,nan,nan,nan,0.0424787402,-0.0339953899,0.2591297626,0.0752215534,-0.0304856561,0.2716062069,-0.3679079115,-0.0431459397,-0.1295146644,-0.0550167337,0.0330502316,0.3283739984,-1.4253056049,1.0042412281,0.0000000000,3.4460000992,3.4627566338,nan,nan,nan,nan,nan,nan,nan,nan,nan,nan,nan,nan,nan,-0.0054822634,-0.0148761766,0.9845598936,-1.4864735603,-2.9367897511,12.6450405121
-0.0619371012,-0.0194544271,0.5913022161,-0.0135210553,-0.0333437771,-0.0191507817,-0.1000000015,0.0000000000,0.7599999905,0.0000000000,0.0338933393,0.2076691836,0.0161989778,0.2424170375,nan,nan,nan,nan,nan,nan,nan,nan,nan,nan,nan,nan,nan,0.0199176073,-0.0273499470,0.2021109909,0.0512499660,-0.0211364031,0.1921187788,-0.3679079115,-0.0431459397,-0.1295146644,-0.0550167337,0.0330502316,0.3283739984,-1.4253056049,1.0042412281,0.0000000000,3.4460000992,3.4627566338,nan,nan,nan,nan,nan,nan,nan,nan,nan,nan,nan,nan,nan,-0.0054822634,-0.0148761766,0.9845598936,-1.4864735603,-2.9367897511,12.6450405121
-0.0619371012,-0.0194544271,0.5913022161,-0.0135210553,-0.0333437771,-0.0191507817,-0.1000000015,0.0000000000,0.7599999905,0.0000000000,0.0338933393,0.2076691836,0.0161989778,0.2424170375,nan,nan,nan,nan,nan,nan,nan,nan,nan,nan,nan,nan,nan,0.0199176073,-0.0273499470,0.2021109909,0.0512499660,-0.0211364031,0.1921187788,-0.3679079115,-0.0431459397,-0.1295146644,-0.0506978631,0.0347876921,0.3169174194,-1.4253056049,1.0042412281,0.0000000000,3.4460000992,3.4363636971,nan,nan,nan,nan,nan,nan,nan,nan,nan,nan,nan,nan,nan,0.0061135800,-0.0160348285,1.0115741491,-1.4864735603,-2.9367897511,12.6450405121
-0.0628844574,-0.0194229521,0.5911542773,-0.0135469859,-0.0305760696,-0.0191686741,-0.1000000015,0.0000000000,0.7599999905,0.0000000000,0.2307011634,-0.0062500956,0.1917845458,0.0287449472,nan,nan,nan,nan,nan,nan,nan,nan,nan,nan,nan,nan,nan,0.0199176073,-0.0273499470,0.2021109909,0.0512499660,-0.0211364031,0.1921187788,-0.2497924417,-0.0467393063,0.0084655993,-0.0506978631,0.0347876921,0.3169174194,-1.4253056049,1.0042412281,0.0000000000,3.4460000992,3.4363636971,nan,nan,nan,nan,nan,nan,nan,nan,nan,nan,nan,nan,nan,0.0061135800,-0.0160348285,1.0115741491,7.6156826019,4.6952347755,-10.1971502304
-0.0628844574,-0.0194229521,0.5911542773,-0.0135469859,-0.0305760696,-0.0191686741,-0.1000000015,0.0000000000,0.7599999905,0.0000000000,0.2307011634,-0.0062500956,0.1917845458,0.0287449472,nan,nan,nan,nan,nan,nan,nan,nan,nan,nan,nan,nan,nan,0.0056519336,-0.0268360879,0.2036683559,0.0414017215,-0.0247876085,0.2034723163,-0.2497924417,-0.0467393063,0.0084655993,-0.0506978631,0.0347876921,0.3169174194,-1.4253056049,1.0042412281,0.0000000000,3.4460000992,3.4363636971,nan,nan,nan,nan,nan,nan,nan,nan,nan,nan,nan,nan,nan,0.0061135800,-0.0160348285,1.0115741491,7.6156826019,4.6952347755,-10.1971502304
-0.0625292286,-0.0209034607,0.6012983322,-0.0108309497,-0.0250142264,-0.0192394189,-0.1000000015,0.0000000000,0.7599999905,0.0000000000,0.2307011634,-0.0062500956,0.1917845458,0.0287449472,nan,nan,nan,nan,nan,nan,nan,nan,nan,nan,nan,nan,nan,0.0056519336,-0.0268360879,0.2036683559,0.0414017215,-0.0247876085,0.2034723163,-0.2497924417,-0.0467393063,0.0084655993,-0.0506978631,0.0347876921,0.3169174194,-1.3351128101,0.3842073381,0.0000000000,3.4460000992,3.4363636971,nan,nan,nan,nan,nan,nan,nan,nan,nan,nan,nan,nan,nan,-0.0036764119,-0.0160479750,0.9918338060,-0.3735741079,2.7256374359,11.8422870636
-0.0625292286,-0.0209034607,0.6012983322,-0.0108309497,-0.0250142264,-0.0192394189,-0.1000000015,0.0000000000,0.7599999905,0.0000000000,0.0296360739,0.1778011769,0.0008392462,0.2130922526,nan,nan,nan,nan,nan,nan,nan,nan,nan,nan,nan,nan,nan,0.0022055712,-0.0304102283,0.2376789004,0.0417394452,-0.0283088926,0.2304114550,-0.2548210621,-0.0912706926,-0.0413146727,-0.0506978631,0.0347876921,0.3169174194,-1.3351128101,0.3842073381,0.0000000000,3.4460000992,3.4363636971,nan,nan,nan,nan,nan,nan,nan,nan,nan,nan,nan,nan,nan,-0.0036764119,-0.0160479750,0.9918338060,-0.3735741079,2.7256374359,11.8422870636
-0.0625292286,-0.0209034607,0.6012983322,-0.0108309497,-0.0250142264,-0.0192394189,-0.1000000015,0.0000000000,0.7599999905,0.0000000000,0.0296360739,0.1778011769,0.0008392462,0.2130922526,nan,nan,nan,nan,nan,nan,nan,nan,nan,nan,nan,nan,nan,0.0022055712,-0.0304102283,0.2376789004,0.0417394452,-0.0283088926,0.2304114550,-0.2548210621,-0.0912706926,-0.0413146727,-0.0619013272,0.0453101210,0.2208116055,-1.3351128101,0.3842073381,0.0000000000,3.4460000992,3.4838709831,nan,nan,nan,nan,nan,nan,nan,nan,nan,nan,nan,nan,nan,-0.0036764119,-0.0160479750,0.9918338060,-0.3735741079,2.7256374359,11.8422870636
-0.0606233813,-0.0231281538,0.6186910272,-0.0108572373,-0.0222466598,-0.0192538012,-0.1000000015,0.0000000000,0.7599999905,0.0000000000,0.2333959043,-0.0134981312,0.1843289882,0.0345891528,nan,nan,nan,nan,nan,nan,nan,nan,nan,nan,nan,nan,nan,0.0022055712,-0.0304102283,0.2376789004,0.0417394452,-0.0283088926,0.2304114550,-0.1731464416,-0.0242098812,-0.3994788527,-0.0619013272,0.0453101210,0.2208116055,-1.3351128101,0.3842073381,0.0000000000,3.4830000401,3.4838709831,nan,nan,nan,nan,nan,nan,nan,nan,nan,nan,nan,nan,nan,0.0000861545,-0.0072065862,0.9605164528,-3.6818039417,-6.4570322037,-11.1073226929
-0.0606233813,-0.0231281538,0.6186910272,-0.0108572373,-0.0222466598,-0.0192538012,-0.1000000015,0.0000000000,0.7599999905,0.0000000000,0.2333959043,-0.0134981312,0.1843289882,0.0345891528,nan,nan,nan,nan,nan,nan,nan,nan,nan,nan,nan,nan,nan,-0.0085092941,-0.0316174030,0.2229132056,0.0292523131,-0.0313960910,0.2406790257,-0.1731464416,-0.0242098812,-0.3994788527,-0.0619013272,0.0453101210,0.2208116055,-1.3351128101,0.3842073381,0.0000000000,3.4830000401,3.4838709831,nan,nan,nan,nan,nan,nan,nan,nan,nan,nan,nan,nan,nan,0.0000861545,-0.0072065862,0.9605164528,-3.6818039417,-6.4570322037,-11.1073226929
-0.0611595176,-0.0252054278,0.6320590973,-0.0164240755,-0.0222771568,-0.0164240755,-0.1000000015,0.0000000000,0.7599999905,0.0000000000,0.2333959043,-0.0134981312,0.1843289882,0.0345891528,nan,nan,nan,nan,nan,nan,nan,nan,nan,nan,nan,nan,nan,-0.0085092941,-0.0316174030,0.2229132056,0.0292523131,-0.0313960910,0.2406790257,-0.1731464416,-0.0242098812,-0.3994788527,-0.0619013272,0.0453101210,0.2208116055,-1.5836402178,0.2567144930,0.0000000000,3.4830000401,3.4838709831,nan,nan,nan,nan,nan,nan,nan,nan,nan,nan,nan,nan,nan,-0.0015046789,-0.0177674964,0.9810615778,-5.5176181793,2.1119081974,14.4480257034
-0.0611595176,-0.0252054278,0.6320590973,-0.0164240755,-0.0222771568,-0.0164240755,-0.1000000015,0.0000000000,0.7599999905,0.0000000000,0.0335271247,0.1609521657,0.0024780652,0.2093598843,nan,nan,nan,nan,nan,nan,nan,nan,nan,nan,nan,nan,nan,-0.0151346195,-0.0359432101,0.2557118833,0.0245153364,-0.0371754356,0.2713490427,-0.1219277158,-0.0140009541,-0.2603467107,-0.0619013272,0.0453101210,0.2208116055,-1.5836402178,0.2567144930,0.0000000000,3.4830000401,3.4838709831,nan,nan,nan,nan,nan,nan,nan,nan,nan,nan,nan,nan,nan,-0.0015046789,-0.0177674964,0.9810615778,-5.5176181793,2.1119081974,14.4480257034
-0.0611595176,-0.0252054278,0.6320590973,-0.0164240755,-0.0222771568,-0.0164240755,-0.1000000015,0.0000000000,0.7599999905,0.0000000000,0.0335271247,0.1609521657,0.0024780652,0.2093598843,nan,nan,nan,nan,nan,nan,nan,nan,nan,nan,nan,nan,nan,-0.0151346195,-0.0359432101,0.2557118833,0.0245153364,-0.0371754356,0.2713490427,-0.1219277158,-0.0140009541,-0.2603467107,-0.0543405302,0.0564974174,0.1489134282,-1.5836402178,0.2567144930,0.0000000000,3.4830000401,3.4944281578,nan,nan,nan,nan,nan,nan,nan,nan,nan,nan,nan,nan,nan,0.0160498265,-0.0024329452,0.9430906177,-5.5176181793,2.1119081974,14.4480257034
-0.0610681698,-0.0282035060,0.6520352960,-0.0192597480,-0.0167383170,-0.0136777464,-0.1000000015,0.0000000000,0.7599999905,0.0000000000,0.0925825909,0.1197131351,0.0735759512,0.1431021690,nan,nan,nan,nan,nan,nan,nan,nan,nan,nan,nan,nan,nan,-0.0151346195,-0.0359432101,0.2557118833,0.0245153364,-0.0371754356,0.2713490427,-0.1259439588,0.0694794282,-0.5785504580,-0.0543405302,0.0564974174,0.1489134282,-1.5836402178,0.2567144930,0.0000000000,3.4830000401,3.4944281578,nan,nan,nan,nan,nan,nan,nan,nan,nan,nan,nan,nan,nan,0.0160498265,-0.0024329452,0.9430906177,-6.1561913490,1.3050945997,-9.6840620041
-0.0610681698,-0.0282035060,0.6520352960,-0.0192597480,-0.0167383170,-0.0136777464,-0.1000000015,0.0000000000,0.7599999905,0.0000000000,0.0925825909,0.1197131351,0.0735759512,0.1431021690,nan,nan,nan,nan,nan,nan,nan,nan,nan,nan,nan,nan,nan,-0.0246494934,-0.0342095345,0.2323646843,0.0112280445,-0.0392931439,0.2746239901,-0.1259439588,0.0694794282,-0.5785504580,-0.0543405302,0.0564974174,0.1489134282,-1.5836402178,0.2567144930,0.0000000000,3.4830000401,3.4944281578,nan,nan,nan,nan,nan,nan,nan,nan,nan,nan,nan,nan,nan,0.0160498265,-0.0024329452,0.9430906177,-6.1561913490,1.3050945997,-9.6840620041
-0.0623822361,-0.0300637428,0.6634512544,-0.0220276644,-0.0167572294,-0.0136545687,-0.1000000015,0.0000000000,0.7599999905,0.0000000000,0.0925825909,0.1197131351,0.0735759512,0.1431021690,nan,nan,nan,nan,nan,nan,nan,nan,nan,nan,nan,nan,nan,-0.0246494934,-0.0342095345,0.2323646843,0.0112280445,-0.0392931439,0.2746239901,-0.1259439588,0.0694794282,-0.5785504580,-0.0543405302,0.0564974174,0.1489134282,-1.7131856680,0.0470638722,0.0000000000,3.4830000401,3.4944281578,nan,nan,nan,nan,nan,nan,nan,nan,nan,nan,nan,nan,nan,-0.0047420603,-0.0176209398,0.9430024624,-1.3585879803,-3.6805272102,14.7973136902
-0.0623822361,-0.0300637428,0.6634512544,-0.0220276644,-0.0167572294,-0.0136545687,-0.1000000015,0.0000000000,0.7599999905,0.0000000000,0.0525123999,0.1547783613,-0.0037415123,0.2254276425,nan,nan,nan,nan,nan,nan,nan,nan,nan,nan,nan,nan,nan,-0.0312238298,-0.0298219267,0.1930271089,0.0051218169,-0.0350501426,0.2384204715,-0.0213424377,0.0570800975,-0.4062207043,-0.0543405302,0.0564974174,0.1489134282,-1.7131856680,0.0470638722,0.0000000000,3.4830000401,3.4944281578,nan,nan,nan,nan,nan,nan,nan,nan,nan,nan,nan,nan,nan,-0.0047420603,-0.0176209398,0.9430024624,-1.3585879803,-3.6805272102,14.7973136902
-0.0623822361,-0.0300637428,0.6634512544,-0.0220276644,-0.0167572294,-0.0136545687,-0.1000000015,0.0000000000,0.7599999905,0.0000000000,0.0525123999,0.1547783613,-0.0037415123,0.2254276425,nan,nan,nan,nan,nan,nan,nan,nan,nan,nan,nan,nan,nan,-0.0312238298,-0.0298219267,0.1930271089,0.0051218169,-0.0350501426,0.2384204715,-0.0213424377,0.0570800975,-0.4062207043,-0.0461335629,0.0551059283,0.1632769406,-1.7131856680,0.0470638722,0.0000000000,3.4830000401,3.4469208717,nan,nan,nan,nan,nan,nan,nan,nan,nan,nan,nan,nan,nan,0.0103439353,-0.0107785827,0.9561233521,-1.3585879803,-3.6805272102,14.7973136902
-0.0635402054,-0.0313783847,0.6711180806,-0.0220654516,-0.0139593173,-0.0109171469,-0.1000000015,0.0000000000,0.7599999905,0.0000000000,0.1037399918,0.1098496988,0.0692118704,0.1462088972,nan,nan,nan,nan,nan,nan,nan,nan,nan,nan,nan,nan,nan,-0.0312238298,-0.0298219267,0.1930271089,0.0051218169,-0.0350501426,0.2384204715,-0.0892241299,-0.0119264768,-0.4010967910,-0.0461335629,0.0551059283,0.1632769406,-1.7131856680,0.0470638722,0.0000000000,3.4830000401,3.4469208717,nan,nan,nan,nan,nan,nan,nan,nan,nan,nan,nan,nan,nan,0.0103439353,-0.0107785827,0.9561233521,2.0788841248,10.6591300964,-10.1123495102
-0.0635402054,-0.0313783847,0.6711180806,-0.0220654516,-0.0139593173,-0.0109171469,-0.1000000015,0.0000000000,0.7599999905,0.0000000000,0.1037399918,0.1098496988,0.0692118704,0.1462088972,nan,nan,nan,nan,nan,nan,nan,nan,nan,nan,nan,nan,nan,-0.0399202704,-0.0257477351,0.1733573526,-0.0078470046,-0.0351066329,0.2310285121,-0.0892241299,-0.0119264768,-0.4010967910,-0.0461335629,0.0551059283,0.1632769406,-1.7131856680,0.0470638722,0.0000000000,3.4830000401,3.4469208717,nan,nan,nan,nan,nan,nan,nan,nan,nan,nan,nan,nan,nan,0.0103439353,-0.0107785827,0.9561233521,2.0788841248,10.6591300964,-10.1123495102
-0.0651644394,-0.0325047076,0.6780194044,-0.0220801971,-0.0111919295,-0.0109475030,-0.1000000015,0.0000000000,0.7599999905,0.0000000000,0.1037399918,0.1098496988,0.0692118704,0.1462088972,nan,nan,nan,nan,nan,nan,nan,nan,nan,nan,nan,nan,nan,-0.0399202704,-0.0257477351,0.1733573526,-0.0078470046,-0.0351066329,0.2310285121,-0.0892241299,-0.0119264768,-0.4010967910,-0.0461335629,0.0551059283,0.1632769406,-1.5759153366,-0.2160156369,0.0000000000,3.4830000401,3.4469208717,nan,nan,nan,nan,nan,nan,nan,nan,nan,nan,nan,nan,nan,-0.0058234232,-0.0201073308,0.9546737671,5.0188241005,-6.4140715599,14.0799636841
-0.0651644394,-0.0325047076,0.6780194044,-0.0220801971,-0.0111919295,-0.0109475030,-0.1000000015,0.0000000000,0.7599999905,0.0000000000,0.0691752508,0.1429983974,0.0240207538,0.1963073164,nan,nan,nan,nan,nan,nan,nan,nan,nan,nan,nan,nan,nan,-0.0468706861,-0.0225358587,0.1354825199,-0.0149798738,-0.0316427425,0.1910682172,-0.0434472635,0.1154051200,-0.4373033345,-0.0461335629,0.0551059283,0.1632769406,-1.5759153366,-0.2160156369,0.0000000000,3.4830000401,3.4469208717,nan,nan,nan,nan,nan,nan,nan,nan,nan,nan,nan,nan,nan,-0.0058234232,-0.0201073308,0.9546737671,5.0188241005,-6.4140715599,14.0799636841
-0.0651644394,-0.0325047076,0.6780194044,-0.0220801971,-0.0111919295,-0.0109475030,-0.1000000015,0.0000000000,0.7599999905,0.0000000000,0.0691752508,0.1429983974,0.0240207538,0.1963073164,nan,nan,nan,nan,nan,nan,nan,nan,nan,nan,nan,nan,nan,-0.0468706861,-0.0225358587,0.1354825199,-0.0149798738,-0.0316427425,0.1910682172,-0.0434472635,0.1154051200,-0.4373033345,-0.0357118212,0.0601398051,0.1476698518,-1.5759153366,-0.2160156369,0.0000000000,3.4830000401,3.4521994591,nan,nan,nan,nan,nan,nan,nan,nan,nan,nan,nan,nan,nan,0.0106970770,-0.0047902172,0.9754511118,5.0188241005,-6.4140715599,14.0799636841
-0.0674633160,-0.0337279961,0.6827153563,-0.0193124190,-0.0111767689,-0.0109629806,-0.1000000015,0.0000000000,0.7599999905,0.0000000000,0.0726482049,0.1421377957,0.0461524390,0.1720637828,nan,nan,nan,nan,nan,nan,nan,nan,nan,nan,nan,nan,nan,-0.0468706861,-0.0225358587,0.1354825199,-0.0149798738,-0.0316427425,0.1910682172,-0.1313598156,0.0339788087,-0.1694540679,-0.0357118212,0.0601398051,0.1476698518,-1.5759153366,-0.2160156369,0.0000000000,3.4830000401,3.4521994591,nan,nan,nan,nan,nan,nan,nan,nan,nan,nan,nan,nan,nan,0.0106970770,-0.0047902172,0.9754511118,-3.4121880531,0.7046741843,-8.8560638428
-0.0674633160,-0.0337279961,0.6827153563,-0.0193124190,-0.0111767689,-0.0109629806,-0.1000000015,0.0000000000,0.7599999905,0.0000000000,0.0726482049,0.1421377957,0.0461524390,0.1720637828,nan,nan,nan,nan,nan,nan,nan,nan,nan,nan,nan,nan,nan,-0.0543684587,-0.0192509070,0.1210960224,-0.0272440705,-0.0302161146,0.1791606694,-0.1313598156,0.0339788087,-0.1694540679,-0.0357118212,0.0601398051,0.1476698518,-1.5759153366,-0.2160156369,0.0000000000,3.4830000401,3.4521994591,nan,nan,nan,nan,nan,nan,nan,nan,nan,nan,nan,nan,nan,0.0106970770,-0.0047902172,0.9754511118,-3.4121880531,0.7046741843,-8.8560638428
-0.0701751560,-0.0347863585,0.6887808442,-0.0248856147,-0.0056380145,-0.0082331665,-0.1000000015,0.0000000000,0.7599999905,0.0000000000,0.0726482049,0.1421377957,0.0461524390,0.1720637828,nan,nan,nan,nan,nan,nan,nan,nan,nan,nan,nan,nan,nan,-0.0543684587,-0.0192509070,0.1210960224,-0.0272440705,-0.0302161146,0.1791606694,0.1626211852,0.1761043817,-0.3054597378,-0.0357118212,0.0601398051,0.1476698518,-1.4956085682,-0.5121890903,0.0000000000,3.4830000401,3.4521994591,nan,nan,nan,nan,nan,nan,nan,nan,nan,nan,nan,nan,nan,0.0013072919,-0.0183338262,0.9682247639,0.2619361877,-0.3269173801,11.7696037292
-0.0701751560,-0.0347863585,0.6887808442,-0.0248856147,-0.0056380145,-0.0082331665,-0.1000000015,0.0000000000,0.7599999905,0.0000000000,0.1063981131,0.1084367186,0.0795361251,0.1421713680,nan,nan,nan,nan,nan,nan,nan,nan,nan,nan,nan,nan,nan,-0.0505572259,-0.0064828023,0.0798438340,-0.0218990557,-0.0166722070,0.1326539069,0.1626211852,0.1761043817,-0.3054597378,-0.0357118212,0.0601398051,0.1476698518,-1.4956085682,-0.5121890903,0.0000000000,3.4830000401,3.4521994591,nan,nan,nan,nan,nan,nan,nan,nan,nan,nan,nan,nan,nan,0.0013072919,-0.0183338262,0.9682247639,0.2619361877,-0.3269173801,11.7696037292
-0.0701751560,-0.0347863585,0.6887808442,-0.0248856147,-0.0056380145,-0.0082331665,-0.1000000015,0.0000000000,0.7599999905,0.0000000000,0.1063981131,0.1084367186,0.0795361251,0.1421713680,nan,nan,nan,nan,nan,nan,nan,nan,nan,nan,nan,nan,nan,-0.0505572259,-0.0064828023,0.0798438340,-0.0218990557,-0.0166722070,0.1326539069,0.1626211852,0.1761043817,-0.3054597378,-0.0390756801,0.0497352891,0.1501968503,-1.4956085682,-0.5121890903,0.0000000000,3.4830000401,3.4680352211,nan,nan,nan,nan,nan,nan,nan,nan,nan,nan,nan,nan,nan,0.0119075906,-0.0087737469,0.9863784313,0.2619361877,-0.3269173801,11.7696037292
-0.0711689070,-0.0337895118,0.6893948913,-0.0221291691,-0.0028592605,-0.0082715263,-0.1000000015,0.0000000000,0.7599999905,0.0000000000,0.0434760079,0.1763820946,0.0164614338,0.2045563459,nan,nan,nan,nan,nan,nan,nan,nan,nan,nan,nan,nan,nan,-0.0505572259,-0.0064828023,0.0798438340,-0.0218990557,-0.0166722070,0.1326539069,-0.0324696638,0.0359133184,-0.1437263191,-0.0390756801,0.0497352891,0.1501968503,-1.4956085682,-0.5121890903,0.0000000000,3.4830000401,3.4680352211,nan,nan,nan,nan,nan,nan,nan,nan,nan,nan,nan,nan,nan,0.0119075906,-0.0087737469,0.9863784313,3.4968695641,3.6132431030,-9.1106376648
-0.0711689070,-0.0337895118,0.6893948913,-0.0221291691,-0.0028592605,-0.0082715263,-0.1000000015,0.0000000000,0.7599999905,0.0000000000,0.0434760079,0.1763820946,0.0164614338,0.2045563459,nan,nan,nan,nan,nan,nan,nan,nan,nan,nan,nan,nan,nan,-0.0544717386,-0.0011968762,0.0679416507,-0.0327872783,-0.0136322603,0.1192632690,-0.0324696638,0.0359133184,-0.1437263191,-0.0390756801,0.0497352891,0.1501968503,-1.4956085682,-0.5121890903,0.0000000000,3.4830000401,3.4680352211,nan,nan,nan,nan,nan,nan,nan,nan,nan,nan,nan,nan,nan,0.0119075906,-0.0087737469,0.9863784313,3.4968695641,3.6132431030,-9.1106376648
-0.0738892779,-0.0339173786,0.6928130388,-0.0193614944,-0.0028478113,-0.0082754751,-0.1000000015,0.0000000000,0.7599999905,0.0000000000,0.0434760079,0.1763820946,0.0164614338,0.2045563459,nan,nan,nan,nan,nan,nan,nan,nan,nan,nan,nan,nan,nan,-0.0544717386,-0.0011968762,0.0679416507,-0.0327872783,-0.0136322603,0.1192632690,-0.0324696638,0.0359133184,-0.1437263191,-0.0390756801,0.0497352891,0.1501968503,-1.0370874405,-0.5106910467,0.0000000000,3.4830000401,3.4680352211,nan,nan,nan,nan,nan,nan,nan,nan,nan,nan,nan,nan,nan,-0.0069870367,-0.0214582831,0.9904383421,3.0773065090,3.8897192478,9.6848087311
-0.0738892779,-0.0339173786,0.6928130388,-0.0193614944,-0.0028478113,-0.0082754751,-0.1000000015,0.0000000000,0.7599999905,0.0000000000,0.1299000531,0.0870405138,0.1080247238,0.1174364910,nan,nan,nan,nan,nan,nan,nan,nan,nan,nan,nan,nan,nan,-0.0636443496,0.0019745540,0.0769333541,-0.0365176834,-0.0101602236,0.1023931950,0.1184229702,0.0440157540,-0.2471185476,-0.0390756801,0.0497352891,0.1501968503,-1.0370874405,-0.5106910467,0.0000000000,3.4830000401,3.4680352211,nan,nan,nan,nan,nan,nan,nan,nan,nan,nan,nan,nan,nan,-0.0069870367,-0.0214582831,0.9904383421,3.0773065090,3.8897192478,9.6848087311
-0.0738892779,-0.0339173786,0.6928130388,-0.0193614944,-0.0028478113,-0.0082754751,-0.1000000015,0.0000000000,0.7599999905,0.0000000000,0.1299000531,0.0870405138,0.1080247238,0.1174364910,nan,nan,nan,nan,nan,nan,nan,nan,nan,nan,nan,nan,nan,-0.0636443496,0.0019745540,0.0769333541,-0.0365176834,-0.0101602236,0.1023931950,0.1184229702,0.0440157540,-0.2471185476,-0.0139968880,0.0572717376,0.0979704335,-1.0370874405,-0.5106910467,0.0000000000,3.4830000401,3.4416422844,nan,nan,nan,nan,nan,nan,nan,nan,nan,nan,nan,nan,nan,0.0109093199,-0.0062999171,0.9842912555,3.0773065090,3.8897192478,9.6848087311
-0.0779498518,-0.0339398533,0.6988399029,-0.0193729256,-0.0000804225,-0.0083022579,-0.1000000015,0.0000000000,0.7599999905,0.0000000000,0.0312321670,0.1929839104,-0.0099336235,0.2283054888,nan,nan,nan,nan,nan,nan,nan,nan,nan,nan,nan,nan,nan,-0.0636443496,0.0019745540,0.0769333541,-0.0365176834,-0.0101602236,0.1023931950,-0.0209193304,-0.0412374064,-0.1840259135,-0.0139968880,0.0572717376,0.0979704335,-1.0370874405,-0.5106910467,0.0000000000,3.4830000401,3.4416422844,nan,nan,nan,nan,nan,nan,nan,nan,nan,nan,nan,nan,nan,0.0109093199,-0.0062999171,0.9842912555,-2.9258944988,4.4331550598,-6.2761387825
-0.0779498518,-0.0339398533,0.6988399029,-0.0193729256,-0.0000804225,-0.0083022579,-0.1000000015,0.0000000000,0.7599999905,0.0000000000,0.0312321670,0.1929839104,-0.0099336235,0.2283054888,nan,nan,nan,nan,nan,nan,nan,nan,nan,nan,nan,nan,nan,-0.0668898746,0.0050628837,0.0658349842,-0.0520589612,-0.0068678888,0.1084077284,-0.0209193304,-0.0412374064,-0.1840259135,-0.0139968880,0.0572717376,0.0979704335,-1.0370874405,-0.5106910467,0.0000000000,3.4830000401,3.4416422844,nan,nan,nan,nan,nan,nan,nan,nan,nan,nan,nan,nan,nan,0.0109093199,-0.0062999171,0.9842912555,-2.9258944988,4.4331550598,-6.2761387825
-0.0812943503,-0.0337414928,0.7021547556,-0.0193807322,0.0027137866,-0.0055616531,-0.1000000015,0.0000000000,0.7599999905,0.0000000000,0.0312321670,0.1929839104,-0.0099336235,0.2283054888,nan,nan,nan,nan,nan,nan,nan,nan,nan,nan,nan,nan,nan,-0.0668898746,0.0050628837,0.0658349842,-0.0520589612,-0.0068678888,0.1084077284,0.1805450469,-0.0321445130,-0.2534253597,-0.0139968880,0.0572717376,0.0979704335,-0.9177559614,-0.8043199778,0.0000000000,3.4830000401,3.4416422844,nan,nan,nan,nan,nan,nan,nan,nan,nan,nan,nan,nan,nan,-0.0042527686,-0.0196888279,0.9806991220,1.6231201887,2.9159076214,8.5239686966
-0.0812943503,-0.0337414928,0.7021547556,-0.0193807322,0.0027137866,-0.0055616531,-0.1000000015,0.0000000000,0.7599999905,0.0000000000,0.1549706310,0.0739330128,0.1137956828,0.0987502858,nan,nan,nan,nan,nan,nan,nan,nan,nan,nan,nan,nan,nan,-0.0632077008,0.0066706557,0.0553927943,-0.0532749556,-0.0038110232,0.0934368148,0.1805450469,-0.0321445130,-0.2534253597,-0.0139968880,0.0572717376,0.0979704335,-0.9177559614,-0.8043199778,0.0000000000,3.4830000401,3.4416422844,nan,nan,nan,nan,nan,nan,nan,nan,nan,nan,nan,nan,nan,-0.0042527686,-0.0196888279,0.9806991220,1.6231201887,2.9159076214,8.5239686966
-0.0812943503,-0.0337414928,0.7021547556,-0.0193807322,0.0027137866,-0.0055616531,-0.1000000015,0.0000000000,0.7599999905,0.0000000000,0.1549706310,0.0739330128,0.1137956828,0.0987502858,nan,nan,nan,nan,nan,nan,nan,nan,nan,nan,nan,nan,nan,-0.0632077008,0.0066706557,0.0553927943,-0.0532749556,-0.0038110232,0.0934368148,0.1805450469,-0.0321445130,-0.2534253597,-0.0168155469,0.0578447245,0.1014873162,-0.9177559614,-0.8043199778,0.0000000000,3.4830000401,3.4152493477,nan,nan,nan,nan,nan,nan,nan,nan,nan,nan,nan,nan,nan,0.0143516054,-0.0059581748,0.9612962604,1.6231201887,2.9159076214,8.5239686966
-0.0836346745,-0.0337425135,0.7050256729,-0.0166208817,0.0054889212,-0.0055809181,-0.1000000015,0.0000000000,0.7599999905,0.0000000000,0.0286594965,0.1895506233,-0.0060486766,0.2330510467,nan,nan,nan,nan,nan,nan,nan,nan,nan,nan,nan,nan,nan,-0.0632077008,0.0066706557,0.0553927943,-0.0532749556,-0.0038110232,0.0934368148,0.0151173007,-0.0731228963,-0.3302133381,-0.0168155469,0.0578447245,0.1014873162,-0.9177559614,-0.8043199778,0.0000000000,3.4830000401,3.4152493477,nan,nan,nan,nan,nan,nan,nan,nan,nan,nan,nan,nan,nan,0.0143516054,-0.0059581748,0.9612962604,1.0993642807,-1.4782818556,-2.0533545017
-0.0836346745,-0.0337425135,0.7050256729,-0.0166208817,0.0054889212,-0.0055809181,-0.1000000015,0.0000000000,0.7599999905,0.0000000000,0.0286594965,0.1895506233,-0.0060486766,0.2330510467,nan,nan,nan,nan,nan,nan,nan,nan,nan,nan,nan,nan,nan,-0.0630628914,0.0087264599,0.0406225435,-0.0545960031,-0.0019456855,0.0835139677,0.0151173007,-0.0731228963,-0.3302133381,-0.0168155469,0.0578447245,0.1014873162,-0.9177559614,-0.8043199778,0.0000000000,3.4830000401,3.4152493477,nan,nan,nan,nan,nan,nan,nan,nan,nan,nan,nan,nan,nan,0.0143516054,-0.0059581748,0.9612962604,1.0993642807,-1.4782818556,-2.0533545017
-0.0868002996,-0.0333394110,0.7071393728,-0.0166054224,-0.0000229779,-0.0027674468,-0.1000000015,0.0000000000,0.7599999905,0.0000000000,0.0286594965,0.1895506233,-0.0060486766,0.2330510467,nan,nan,nan,nan,nan,nan,nan,nan,nan,nan,nan,nan,nan,-0.0630628914,0.0087264599,0.0406225435,-0.0545960031,-0.0019456855,0.0835139677,0.0151173007,-0.0731228963,-0.3302133381,-0.0168155469,0.0578447245,0.1014873162,-0.8762253523,-0.7849575281,0.0000000000,3.4830000401,3.4152493477,nan,nan,nan,nan,nan,nan,nan,nan,nan,nan,nan,nan,nan,-0.0080577182,-0.0240168888,0.9759721756,2.8195183277,9.7243251801,2.7012600899
-0.0868002996,-0.0333394110,0.7071393728,-0.0166054224,-0.0000229779,-0.0027674468,-0.1000000015,0.0000000000,0.7599999905,0.0000000000,0.2103395164,0.0132478829,0.1849057823,0.0365697742,nan,nan,nan,nan,nan,nan,nan,nan,nan,nan,nan,nan,nan,-0.0611341186,0.0143027203,0.0294966549,-0.0541952886,0.0005223769,0.0696314126,0.0998088494,0.0051868623,-0.2562770545,-0.0168155469,0.0578447245,0.1014873162,-0.8762253523,-0.7849575281,0.0000000000,3.4830000401,3.4152493477,nan,nan,nan,nan,nan,nan,nan,nan,nan,nan,nan,nan,nan,-0.0080577182,-0.0240168888,0.9759721756,2.8195183277,9.7243251801,2.7012600899
-0.0868002996,-0.0333394110,0.7071393728,-0.0166054224,-0.0000229779,-0.0027674468,-0.1000000015,0.0000000000,0.7599999905,0.0000000000,0.2103395164,0.0132478829,0.1849057823,0.0365697742,nan,nan,nan,nan,nan,nan,nan,nan,nan,nan,nan,nan,nan,-0.0611341186,0.0143027203,0.0294966549,-0.0541952886,0.0005223769,0.0696314126,0.0998088494,0.0051868623,-0.2562770545,-0.0070989304,0.0479923040,0.0990878418,-0.8762253523,-0.7849575281,0.0000000000,3.4830000401,3.3994135857,nan,nan,nan,nan,nan,nan,nan,nan,nan,nan,nan,nan,nan,0.0112510631,-0.0095043657,0.9857842922,2.8195183277,9.7243251801,2.7012600899
-0.0894159228,-0.0320039019,0.7085833549,-0.0138456212,0.0055158032,-0.0028058045,-0.1000000015,0.0000000000,0.7599999905,0.0000000000,0.0306187551,0.1894041449,-0.0071900515,0.2340154201,nan,nan,nan,nan,nan,nan,nan,nan,nan,nan,nan,nan,nan,-0.0611341186,0.0143027203,0.0294966549,-0.0541952886,0.0005223769,0.0696314126,0.0064656232,-0.0865570679,-0.1455763727,-0.0070989304,0.0479923040,0.0990878418,-0.8762253523,-0.7849575281,0.0000000000,3.4830000401,3.3994135857,nan,nan,nan,nan,nan,nan,nan,nan,nan,nan,nan,nan,nan,0.0112510631,-0.0095043657,0.9857842922,2.7743163109,-4.1976385117,4.1850490570
-0.0894159228,-0.0320039019,0.7085833549,-0.0138456212,0.0055158032,-0.0028058045,-0.1000000015,0.0000000000,0.7599999905,0.0000000000,0.0306187551,0.1894041449,-0.0071900515,0.2340154201,nan,nan,nan,nan,nan,nan,nan,nan,nan,nan,nan,nan,nan,-0.0601902939,0.0154623473,0.0210231971,-0.0564216413,0.0084370971,0.0580013804,0.0064656232,-0.0865570679,-0.1455763727,-0.0070989304,0.0479923040,0.0990878418,-0.8762253523,-0.7849575281,0.0000000000,3.4830000401,3.3994135857,nan,nan,nan,nan,nan,nan,nan,nan,nan,nan,nan,nan,nan,0.0112510631,-0.0095043657,0.9857842922,2.7743163109,-4.1976385117,4.1850490570
-0.0924333036,-0.0312502533,0.7096754313,-0.0110740719,0.0027521784,-0.0027828262,-0.1000000015,0.0000000000,0.7599999905,0.0000000000,0.0306187551,0.1894041449,-0.0071900515,0.2340154201,nan,nan,nan,nan,nan,nan,nan,nan,nan,nan,nan,nan,nan,-0.0601902939,0.0154623473,0.0210231971,-0.0564216413,0.0084370971,0.0580013804,0.1703127772,-0.0774219781,-0.1163631082,-0.0070989304,0.0479923040,0.0990878418,-0.6832448840,-0.8285707235,0.0000000000,3.4830000401,3.3994135857,nan,nan,nan,nan,nan,nan,nan,nan,nan,nan,nan,nan,nan,-0.0003526866,-0.0176181309,0.9950793386,0.3534963131,0.9436486959,-2.3746974468
-0.0924333036,-0.0312502533,0.7096754313,-0.0110740719,0.0027521784,-0.0027828262,-0.1000000015,0.0000000000,0.7599999905,0.0000000000,0.2230777442,-0.0031982912,0.1998352110,0.0261203945,nan,nan,nan,nan,nan,nan,nan,nan,nan,nan,nan,nan,nan,-0.0594247952,0.0156367552,0.0167569946,-0.0548053756,0.0095855268,0.0470819846,0.1703127772,-0.0774219781,-0.1163631082,-0.0070989304,0.0479923040,0.0990878418,-0.6832448840,-0.8285707235,0.0000000000,3.4830000401,3.3994135857,nan,nan,nan,nan,nan,nan,nan,nan,nan,nan,nan,nan,nan,-0.0003526866,-0.0176181309,0.9950793386,0.3534963131,0.9436486959,-2.3746974468
-0.0924333036,-0.0312502533,0.7096754313,-0.0110740719,0.0027521784,-0.0027828262,0.0000000000,0.0000000000,0.7599999905,0.0000000000,0.2230777442,-0.0031982912,0.1998352110,0.0261203945,nan,nan,nan,nan,nan,nan,nan,nan,nan,nan,nan,nan,nan,-0.0594247952,0.0156367552,0.0167569946,-0.0548053756,0.0095855268,0.0470819846,0.1703127772,-0.0774219781,-0.1163631082,0.1109727845,0.0582852252,0.1061997861,-0.6832448840,-0.8285707235,0.0000000000,3.4830000401,3.4363636971,nan,nan,nan,nan,nan,nan,nan,nan,nan,nan,nan,nan,nan,-0.0003526866,-0.0176181309,0.9950793386,0.3534963131,0.9436486959,-2.3746974468
-0.0928164199,-0.0314515494,0.7094684243,-0.0138456212,0.0055158032,-0.0028058045,0.0000000000,0.0000000000,0.7599999905,0.0000000000,0.0210086219,0.2018097192,0.0040833144,0.2232761234,nan,nan,nan,nan,nan,nan,nan,nan,nan,nan,nan,nan,nan,-0.0594247952,0.0156367552,0.0167569946,-0.0548053756,0.0095855268,0.0470819846,-0.0233739857,-0.0859301910,-0.0786298513,0.1109727845,0.0582852252,0.1061997861,-0.6832448840,-0.8285707235,0.0000000000,3.4830000401,3.4363636971,nan,nan,nan,nan,nan,nan,nan,nan,nan,nan,nan,nan,nan,0.0123797134,-0.0114265531,0.9854555726,-3.2575826645,-2.5927345753,5.0087857246
-0.0928164199,-0.0314515494,0.7094684243,-0.0138456212,0.0055158032,-0.0028058045,0.0000000000,0.0000000000,0.7599999905,0.0000000000,0.0210086219,0.2018097192,0.0040833144,0.2232761234,nan,nan,nan,nan,nan,nan,nan,nan,nan,nan,nan,nan,nan,-0.0443783514,0.0115145361,0.0056968438,-0.0435525738,0.0064134323,0.0323189571,-0.0233739857,-0.0859301910,-0.0786298513,0.1109727845,0.0582852252,0.1061997861,-0.6832448840,-0.8285707235,0.0000000000,3.4830000401,3.4363636971,nan,nan,nan,nan,nan,nan,nan,nan,nan,nan,nan,nan,nan,0.0123797134,-0.0114265531,0.9854555726,-3.2575826645,-2.5927345753,5.0087857246
-0.0950498953,-0.0308853760,0.7097833157,-0.0138379758,0.0055349571,-0.0000382970,0.0000000000,0.0000000000,0.7599999905,0.0000000000,0.0210086219,0.2018097192,0.0040833144,0.2232761234,nan,nan,nan,nan,nan,nan,nan,nan,nan,nan,nan,nan,nan,-0.0443783514,0.0115145361,0.0056968438,-0.0435525738,0.0064134323,0.0323189571,-0.0233739857,-0.0859301910,-0.0786298513,0.1109727845,0.0582852252,0.1061997861,-0.7480625510,-2.3869512081,0.0000000000,3.4830000401,3.4363636971,nan,nan,nan,nan,nan,nan,nan,nan,nan,nan,nan,nan,nan,-0.0049382728,-0.0166942738,0.9969481230,0.5087354779,22.1042919159,-4.6488890648
-0.0950498953,-0.0308853760,0.7097833157,-0.0138379758,0.0055349571,-0.0000382970,0.0000000000,0.0000000000,0.7599999905,0.0000000000,0.2196597308,-0.0019897765,0.2049073130,0.0265659578,nan,nan,nan,nan,nan,nan,nan,nan,nan,nan,nan,nan,nan,-0.0414450355,0.0121583054,0.0048867646,-0.0416710004,0.0073000891,0.0250524785,0.1282497942,0.0485102199,0.0030697885,0.1109727845,0.0582852252,0.1061997861,-0.7480625510,-2.3869512081,0.0000000000,3.4830000401,3.4363636971,nan,nan,nan,nan,nan,nan,nan,nan,nan,nan,nan,nan,nan,-0.0049382728,-0.0166942738,0.9969481230,0.5087354779,22.1042919159,-4.6488890648
-0.0950498953,-0.0308853760,0.7097833157,-0.0138379758,0.0055349571,-0.0000382970,0.0000000000,0.0000000000,0.7599999905,0.0000000000,0.2196597308,-0.0019897765,0.2049073130,0.0265659578,nan,nan,nan,nan,nan,nan,nan,nan,nan,nan,nan,nan,nan,-0.0414450355,0.0121583054,0.0048867646,-0.0416710004,0.0073000891,0.0250524785,0.1282497942,0.0485102199,0.0030697885,0.1406770051,0.0471245348,0.0914180800,-0.7480625510,-2.3869512081,0.0000000000,3.4830000401,3.4099707603,nan,nan,nan,nan,nan,nan,nan,nan,nan,nan,nan,nan,nan,0.0124970954,-0.0088851554,0.9904592633,0.5087354779,22.1042919159,-4.6488890648
-0.0981249511,-0.0299655143,0.7108837366,-0.0138392478,0.0166050402,-0.0001149051,0.0000000000,0.0000000000,0.7599999905,0.0000000000,0.0260257889,0.1902311742,-0.0017181659,0.2340673059,nan,nan,nan,nan,nan,nan,nan,nan,nan,nan,nan,nan,nan,-0.0414450355,0.0121583054,0.0048867646,-0.0416710004,0.0073000891,0.0250524785,0.0918392390,-0.1199068353,-0.0196864065,0.1406770051,0.0471245348,0.0914180800,-0.7480625510,-2.3869512081,0.0000000000,3.4830000401,3.4099707603,nan,nan,nan,nan,nan,nan,nan,nan,nan,nan,nan,nan,nan,0.0124970954,-0.0088851554,0.9904592633,1.1210335493,-10.0368947983,6.3534531593
-0.0981249511,-0.0299655143,0.7108837366,-0.0138392478,0.0166050402,-0.0001149051,0.0000000000,0.0000000000,0.7599999905,0.0000000000,0.0260257889,0.1902311742,-0.0017181659,0.2340673059,nan,nan,nan,nan,nan,nan,nan,nan,nan,nan,nan,nan,nan,-0.0393138081,0.0135806417,0.0068165846,-0.0482153594,0.0110170934,0.0244250689,0.0918392390,-0.1199068353,-0.0196864065,0.1406770051,0.0471245348,0.0914180800,-0.7480625510,-2.3869512081,0.0000000000,3.4830000401,3.4099707603,nan,nan,nan,nan,nan,nan,nan,nan,nan,nan,nan,nan,nan,0.0124970954,-0.0088851554,0.9904592633,1.1210335493,-10.0368947983,6.3534531593
-0.1001288444,-0.0292884782,0.7112557888,-0.0138388103,0.0138374853,-0.0000957502,0.0000000000,0.0000000000,0.7599999905,0.0000000000,0.0260257889,0.1902311742,-0.0017181659,0.2340673059,nan,nan,nan,nan,nan,nan,nan,nan,nan,nan,nan,nan,nan,-0.0393138081,0.0135806417,0.0068165846,-0.0482153594,0.0110170934,0.0244250689,0.0918392390,-0.1199068353,-0.0196864065,0.1406770051,0.0471245348,0.0914180800,-0.7038187981,-2.2534232140,0.0000000000,3.4830000401,3.4099707603,nan,nan,nan,nan,nan,nan,nan,nan,nan,nan,nan,nan,nan,-0.0002198698,-0.0209772382,1.0009746552,4.4495468140,13.7590856552,-7.8309469223
-0.1001288444,-0.0292884782,0.7112557888,-0.0138388103,0.0138374853,-0.0000957502,0.0000000000,0.0000000000,0.7599999905,0.0000000000,0.2277592123,-0.0029602502,0.1963378340,0.0270664543,nan,nan,nan,nan,nan,nan,nan,nan,nan,nan,nan,nan,nan,-0.0393138081,0.0135806417,0.0068165846,-0.0435790531,0.0110437348,0.0194523223,0.2704269886,-0.0554559194,0.0266118497,0.1406770051,0.0471245348,0.0914180800,-0.7038187981,-2.2534232140,0.0000000000,3.4830000401,3.4099707603,nan,nan,nan,nan,nan,nan,nan,nan,nan,nan,nan,nan,nan,-0.0002198698,-0.0209772382,1.0009746552,4.4495468140,13.7590856552,-7.8309469223
-0.1001288444,-0.0292884782,0.7112557888,-0.0138388103,0.0138374853,-0.0000957502,0.0000000000,0.0000000000,0.7599999905,0.0000000000,0.2277592123,-0.0029602502,0.1963378340,0.0270664543,nan,nan,nan,nan,nan,nan,nan,nan,nan,nan,nan,nan,nan,-0.0316727087,0.0130438451,0.0067397365,-0.0435790531,0.0110437348,0.0194523223,0.2704269886,-0.0554559194,0.0266118497,0.1352573931,0.0441329516,0.0937052369,-0.7038187981,-2.2534232140,0.0000000000,3.4830000401,3.3730206490,nan,nan,nan,nan,nan,nan,nan,nan,nan,nan,nan,nan,nan,0.0032009643,-0.0177742448,1.0016213655,4.4495468140,13.7590856552,-7.8309469223
-0.1016365513,-0.0279015917,0.7120988369,-0.0083041740,0.0221405916,-0.0000919339,0.0000000000,0.0000000000,0.7599999905,0.0000000000,0.0158113986,0.1960143447,0.0072114142,0.2270023674,nan,nan,nan,nan,nan,nan,nan,nan,nan,nan,nan,nan,nan,-0.0316727087,0.0130438451,0.0067397365,-0.0435790531,0.0110437348,0.0194523223,0.1440120786,-0.2069549114,0.0548913255,0.1352573931,0.0441329516,0.0937052369,-0.7038187981,-2.2534232140,0.0000000000,3.4040000439,3.3730206490,nan,nan,nan,nan,nan,nan,nan,nan,nan,nan,nan,nan,nan,0.0032009643,-0.0177742448,1.0016213655,4.4778747559,-3.3276393414,8.1292324066
-0.1016365513,-0.0279015917,0.7120988369,-0.0083041740,0.0221405916,-0.0000919339,0.1000000015,0.0000000000,0.7599999905,0.0000000000,0.0158113986,0.1960143447,0.0072114142,0.2270023674,nan,nan,nan,nan,nan,nan,nan,nan,nan,nan,nan,nan,nan,-0.0187459346,0.0142792044,0.0105278874,-0.0380161218,0.0153606320,0.0189205818,0.1440120786,-0.2069549114,0.0548913255,0.1352573931,0.0441329516,0.0937052369,-0.7038187981,-2.2534232140,0.0000000000,3.4040000439,3.3730206490,nan,nan,nan,nan,nan,nan,nan,nan,nan,nan,nan,nan,nan,0.0032009643,-0.0177742448,1.0016213655,4.4778747559,-3.3276393414,8.1292324066
-0.1025218517,-0.0272023752,0.7126176357,-0.0110717796,0.0193727952,-0.0001072501,0.1000000015,0.0000000000,0.7599999905,0.0000000000,0.0158113986,0.1960143447,0.0072114142,0.2270023674,nan,nan,nan,nan,nan,nan,nan,nan,nan,nan,nan,nan,nan,-0.0187459346,0.0142792044,0.0105278874,-0.0380161218,0.0153606320,0.0189205818,0.1440120786,-0.2069549114,0.0548913255,0.1352573931,0.0441329516,0.0937052369,-0.6928073764,-3.6701970100,0.0000000000,3.4040000439,3.3730206490,nan,nan,nan,nan,nan,nan,nan,nan,nan,nan,nan,nan,nan,0.0059953774,-0.0146125890,0.9956542850,1.6502441168,5.6622543335,-9.9688415527
-0.1025218517,-0.0272023752,0.7126176357,-0.0110717796,0.0193727952,-0.0001072501,0.1000000015,0.0000000000,0.7599999905,0.0000000000,0.2193575948,0.0037109943,0.2050568461,0.0207095444,nan,nan,nan,nan,nan,nan,nan,nan,nan,nan,nan,nan,nan,-0.0187459346,0.0142792044,0.0105278874,-0.0312273391,0.0142837772,0.0161642525,0.2581888139,-0.0112261707,-0.0189689528,0.1352573931,0.0441329516,0.0937052369,-0.6928073764,-3.6701970100,0.0000000000,3.4040000439,3.3730206490,nan,nan,nan,nan,nan,nan,nan,nan,nan,nan,nan,nan,nan,0.0059953774,-0.0146125890,0.9956542850,1.6502441168,5.6622543335,-9.9688415527
-0.1025218517,-0.0272023752,0.7126176357,-0.0110717796,0.0193727952,-0.0001072501,0.1000000015,0.0000000000,0.7599999905,0.0000000000,0.2193575948,0.0037109943,0.2050568461,0.0207095444,nan,nan,nan,nan,nan,nan,nan,nan,nan,nan,nan,nan,nan,-0.0080132792,0.0129317390,0.0089600263,-0.0312273391,0.0142837772,0.0161642525,0.2581888139,-0.0112261707,-0.0189689528,0.2620297670,0.0406394936,0.0921992809,-0.6928073764,-3.6701970100,0.0000000000,3.4040000439,3.3888564110,nan,nan,nan,nan,nan,nan,nan,nan,nan,nan,nan,nan,nan,0.0088110575,-0.0204024166,0.9883015156,1.6502441168,5.6622543335,-9.9688415527
-0.1022119746,-0.0259126704,0.7131683230,-0.0110734026,0.0276758728,-0.0001532444,0.1000000015,0.0000000000,0.7599999905,0.0000000000,0.0155397886,0.2018036246,0.0092774853,0.2230075598,nan,nan,nan,nan,nan,nan,nan,nan,nan,nan,nan,nan,nan,-0.0080132792,0.0129317390,0.0089600263,-0.0312273391,0.0142837772,0.0161642525,0.2951329350,-0.1108020023,-0.0939536467,0.2620297670,0.0406394936,0.0921992809,-0.6928073764,-3.6701970100,0.0000000000,3.4040000439,3.3888564110,nan,nan,nan,nan,nan,nan,nan,nan,nan,nan,nan,nan,nan,0.0088110575,-0.0204024166,0.9883015156,1.0030251741,4.7587924004,10.7773532867
-0.1022119746,-0.0259126704,0.7131683230,-0.0110734026,0.0276758728,-0.0001532444,0.1000000015,0.0000000000,0.7599999905,0.0000000000,0.0155397886,0.2018036246,0.0092774853,0.2230075598,nan,nan,nan,nan,nan,nan,nan,nan,nan,nan,nan,nan,nan,0.0094227325,0.0146777155,0.0060420334,-0.0195537303,0.0179830287,0.0148609290,0.2951329350,-0.1108020023,-0.0939536467,0.2620297670,0.0406394936,0.0921992809,-0.6928073764,-3.6701970100,0.0000000000,3.4040000439,3.3888564110,nan,nan,nan,nan,nan,nan,nan,nan,nan,nan,nan,nan,nan,0.0088110575,-0.0204024166,0.9883015156,1.0030251741,4.7587924004,10.7773532867
-0.1016545221,-0.0251918361,0.7134824395,-0.0138417927,0.0276756332,-0.0001915555,0.1000000015,0.0000000000,0.7599999905,0.0000000000,0.0155397886,0.2018036246,0.0092774853,0.2230075598,nan,nan,nan,nan,nan,nan,nan,nan,nan,nan,nan,nan,nan,0.0094227325,0.0146777155,0.0060420334,-0.0195537303,0.0179830287,0.0148609290,0.2951329350,-0.1108020023,-0.0939536467,0.2620297670,0.0406394936,0.0921992809,-0.6052868366,-3.0439877510,0.0000000000,3.4040000439,3.3888564110,nan,nan,nan,nan,nan,nan,nan,nan,nan,nan,nan,nan,nan,0.0024216962,-0.0155047216,0.9947049618,-5.6096262932,3.6408650875,-12.6345958710
-0.1016545221,-0.0251918361,0.7134824395,-0.0138417927,0.0276756332,-0.0001915555,0.1000000015,0.0000000000,0.7599999905,0.0000000000,0.2306126505,-0.0054962998,0.1945525408,0.0306706354,nan,nan,nan,nan,nan,nan,nan,nan,nan,nan,nan,nan,nan,0.0260156132,0.0134240557,0.0043568811,-0.0091389325,0.0167474840,0.0120866187,0.2828625739,-0.0486779213,0.0010279405,0.2620297670,0.0406394936,0.0921992809,-0.6052868366,-3.0439877510,0.0000000000,3.4040000439,3.3888564110,nan,nan,nan,nan,nan,nan,nan,nan,nan,nan,nan,nan,nan,0.0024216962,-0.0155047216,0.9947049618,-5.6096262932,3.6408650875,-12.6345958710
-0.1016545221,-0.0251918361,0.7134824395,-0.0138417927,0.0276756332,-0.0001915555,0.1000000015,0.0000000000,0.7599999905,0.0000000000,0.2306126505,-0.0054962998,0.1945525408,0.0306706354,nan,nan,nan,nan,nan,nan,nan,nan,nan,nan,nan,nan,nan,0.0260156132,0.0134240557,0.0043568811,-0.0091389325,0.0167474840,0.0120866187,0.2828625739,-0.0486779213,0.0010279405,0.2563759685,0.0397043601,0.0919973701,-0.6052868366,-3.0439877510,0.0000000000,3.4040000439,3.4258065224,nan,nan,nan,nan,nan,nan,nan,nan,nan,nan,nan,nan,nan,-0.0036084440,-0.0196655076,0.9888374209,-5.6096262932,3.6408650875,-12.6345958710
-0.1005762592,-0.0246435814,0.7136614919,-0.0138426277,0.0304433991,-0.0002107280,0.1000000015,0.0000000000,0.7599999905,0.0000000000,0.0561532006,0.1640711129,0.0212832838,0.2102082968,nan,nan,nan,nan,nan,nan,nan,nan,nan,nan,nan,nan,nan,0.0260156132,0.0134240557,0.0043568811,-0.0091389325,0.0167474840,0.0120866187,0.2367020100,-0.0213427879,-0.0107910372,0.2563759685,0.0397043601,0.0919973701,-0.6052868366,-3.0439877510,0.0000000000,3.4040000439,3.4258065224,nan,nan,nan,nan,nan,nan,nan,nan,nan,nan,nan,nan,nan,-0.0036084440,-0.0196655076,0.9888374209,7.4764885902,4.6987509727,14.0222110748
-0.1005762592,-0.0246435814,0.7136614919,-0.0138426277,0.0304433991,-0.0002107280,0.1000000015,0.0000000000,0.7599999905,0.0000000000,0.0561532006,0.1640711129,0.0212832838,0.2102082968,nan,nan,nan,nan,nan,nan,nan,nan,nan,nan,nan,nan,nan,0.0455696918,0.0127337892,0.0013004933,0.0012048167,0.0154767390,0.0097392639,0.2367020100,-0.0213427879,-0.0107910372,0.2563759685,0.0397043601,0.0919973701,-0.6052868366,-3.0439877510,0.0000000000,3.4040000439,3.4258065224,nan,nan,nan,nan,nan,nan,nan,nan,nan,nan,nan,nan,nan,-0.0036084440,-0.0196655076,0.9888374209,7.4764885902,4.6987509727,14.0222110748
-0.0983219519,-0.0239794627,0.7137417197,-0.0110748023,0.0332115105,-0.0001839242,0.1000000015,0.0000000000,0.7599999905,0.0000000000,0.0561532006,0.1640711129,0.0212832838,0.2102082968,nan,nan,nan,nan,nan,nan,nan,nan,nan,nan,nan,nan,nan,0.0455696918,0.0127337892,0.0013004933,0.0012048167,0.0154767390,0.0097392639,0.2408326566,-0.0850297138,-0.0531178638,0.2563759685,0.0397043601,0.0919973701,-0.5574011803,-2.3652546406,0.0000000000,3.4040000439,3.4258065224,nan,nan,nan,nan,nan,nan,nan,nan,nan,nan,nan,nan,nan,0.0084442087,-0.0146413036,0.9982361197,-0.1217705980,5.3117699623,-11.4490108490
-0.0983219519,-0.0239794627,0.7137417197,-0.0110748023,0.0332115105,-0.0001839242,0.1000000015,0.0000000000,0.7599999905,0.0000000000,0.1885191202,0.0273594279,0.1583489776,0.0776348561,nan,nan,nan,nan,nan,nan,nan,nan,nan,nan,nan,nan,nan,0.0664632097,0.0108284913,-0.0016184786,0.0145672765,0.0143320234,0.0070725442,0.2408326566,-0.0850297138,-0.0531178638,0.2563759685,0.0397043601,0.0919973701,-0.5574011803,-2.3652546406,0.0000000000,3.4040000439,3.4258065224,nan,nan,nan,nan,nan,nan,nan,nan,nan,nan,nan,nan,nan,0.0084442087,-0.0146413036,0.9982361197,-0.1217705980,5.3117699623,-11.4490108490
-0.0983219519,-0.0239794627,0.7137417197,-0.0110748023,0.0332115105,-0.0001839242,0.1000000015,0.0000000000,0.7599999905,0.0000000000,0.1885191202,0.0273594279,0.1583489776,0.0776348561,nan,nan,nan,nan,nan,nan,nan,nan,nan,nan,nan,nan,nan,0.0664632097,0.0108284913,-0.0016184786,0.0145672765,0.0143320234,0.0070725442,0.2408326566,-0.0850297138,-0.0531178638,0.2450476140,0.0377168395,0.0928629935,-0.5574011803,-2.3652546406,0.0000000000,3.4040000439,3.4152493477,nan,nan,nan,nan,nan,nan,nan,nan,nan,nan,nan,nan,nan,-0.0097535001,-0.0204285849,1.0009646416,-0.1217705980,5.3117699623,-11.4490108490
-0.0951040089,-0.0234286003,0.7136544585,-0.0110288134,0.0332268056,0.0025847213,0.1000000015,0.0000000000,0.7599999905,0.0000000000,0.1703944504,0.0536568277,0.1456443220,0.0835706145,nan,nan,nan,nan,nan,nan,nan,nan,nan,nan,nan,nan,nan,0.0664632097,0.0108284913,-0.0016184786,0.0145672765,0.0143320234,0.0070725442,0.2635283470,-0.0655559599,-0.0000005847,0.2450476140,0.0377168395,0.0928629935,-0.5574011803,-2.3652546406,0.0000000000,3.4040000439,3.4152493477,nan,nan,nan,nan,nan,nan,nan,nan,nan,nan,nan,nan,nan,-0.0097535001,-0.0204285849,1.0009646416,0.4500238597,4.6824612617,10.1256895065
-0.0951040089,-0.0234286003,0.7136544585,-0.0110288134,0.0332268056,0.0025847213,0.1000000015,0.0000000000,0.7599999905,0.0000000000,0.1703944504,0.0536568277,0.1456443220,0.0835706145,nan,nan,nan,nan,nan,nan,nan,nan,nan,nan,nan,nan,nan,0.0884575695,0.0090201823,-0.0030328736,0.0303891711,0.0133294798,0.0043545961,0.2635283470,-0.0655559599,-0.0000005847,0.2450476140,0.0377168395,0.0928629935,-0.5574011803,-2.3652546406,0.0000000000,3.4040000439,3.4152493477,nan,nan,nan,nan,nan,nan,nan,nan,nan,nan,nan,nan,nan,-0.0097535001,-0.0204285849,1.0009646416,0.4500238597,4.6824612617,10.1256895065
-0.0907941237,-0.0229688939,0.7134587169,-0.0138004728,0.0304625270,0.0025577107,0.1000000015,0.0000000000,0.7599999905,0.0000000000,0.1703944504,0.0536568277,0.1456443220,0.0835706145,nan,nan,nan,nan,nan,nan,nan,nan,nan,nan,nan,nan,nan,0.0884575695,0.0090201823,-0.0030328736,0.0303891711,0.0133294798,0.0043545961,0.2178034633,-0.0823573023,-0.0173305627,0.2450476140,0.0377168395,0.0928629935,-0.6114439964,-1.4721968174,0.0000000000,3.4040000439,3.4152493477,nan,nan,nan,nan,nan,nan,nan,nan,nan,nan,nan,nan,nan,0.0056908890,-0.0080556693,0.9998996854,-3.2430899143,-4.9173631668,-4.6635479927
-0.0907941237,-0.0229688939,0.7134587169,-0.0138004728,0.0304625270,0.0025577107,0.1000000015,0.0000000000,0.7599999905,0.0000000000,0.1084824950,0.1078660265,0.1285999864,0.1064377874,nan,nan,nan,nan,nan,nan,nan,nan,nan,nan,nan,nan,nan,0.1103526950,0.0074859355,-0.0013874669,0.0471341647,0.0118409861,0.0022593567,0.2178034633,-0.0823573023,-0.0173305627,0.2450476140,0.0377168395,0.0928629935,-0.6114439964,-1.4721968174,0.0000000000,3.4040000439,3.4152493477,nan,nan,nan,nan,nan,nan,nan,nan,nan,nan,nan,nan,nan,0.0056908890,-0.0080556693,0.9998996854,-3.2430899143,-4.9173631668,-4.6635479927
-0.0907941237,-0.0229688939,0.7134587169,-0.0138004728,0.0304625270,0.0025577107,0.1000000015,0.0000000000,0.7599999905,0.0000000000,0.1084824950,0.1078660265,0.1285999864,0.1064377874,nan,nan,nan,nan,nan,nan,nan,nan,nan,nan,nan,nan,nan,0.1103526950,0.0074859355,-0.0013874669,0.0471341647,0.0118409861,0.0022593567,0.2178034633,-0.0823573023,-0.0173305627,0.2158759087,0.0329494067,0.0905285627,-0.6114439964,-1.4721968174,0.0000000000,3.4040000439,3.3835778236,nan,nan,nan,nan,nan,nan,nan,nan,nan,nan,nan,nan,nan,-0.0163664930,-0.0201717205,1.0086710453,-3.2430899143,-4.9173631668,-4.6635479927
-0.0828869268,-0.0219420549,0.7139747739,-0.0138034719,0.0276947622,0.0025767162,0.1000000015,0.0000000000,0.7599999905,0.0000000000,0.2303105295,-0.0083253225,0.1928343624,0.0340062566,nan,nan,nan,nan,nan,nan,nan,nan,nan,nan,nan,nan,nan,0.1103526950,0.0074859355,-0.0013874669,0.0471341647,0.0118409861,0.0022593567,0.3193542957,-0.0668375641,0.0623313226,0.2158759087,0.0329494067,0.0905285627,-0.6114439964,-1.4721968174,0.0000000000,3.4040000439,3.3835778236,nan,nan,nan,nan,nan,nan,nan,nan,nan,nan,nan,nan,nan,-0.0163664930,-0.0201717205,1.0086710453,3.3767175674,5.5316672325,4.4655661583
-0.0828869268,-0.0219420549,0.7139747739,-0.0138034719,0.0276947622,0.0025767162,0.1000000015,0.0000000000,0.7599999905,0.0000000000,0.2303105295,-0.0083253225,0.1928343624,0.0340062566,nan,nan,nan,nan,nan,nan,nan,nan,nan,nan,nan,nan,nan,0.1407409906,0.0087963678,0.0037513752,0.0803662166,0.0143379252,0.0048195221,0.3193542957,-0.0668375641,0.0623313226,0.2158759087,0.0329494067,0.0905285627,-0.6114439964,-1.4721968174,0.0000000000,3.4040000439,3.3835778236,nan,nan,nan,nan,nan,nan,nan,nan,nan,nan,nan,nan,nan,-0.0163664930,-0.0201717205,1.0086710453,3.3767175674,5.5316672325,4.4655661583
-0.0759554803,-0.0215022545,0.7140303850,-0.0110038048,0.0249386845,0.0053983851,0.1000000015,0.0000000000,0.7599999905,0.0000000000,0.2303105295,-0.0083253225,0.1928343624,0.0340062566,nan,nan,nan,nan,nan,nan,nan,nan,nan,nan,nan,nan,nan,0.1407409906,0.0087963678,0.0037513752,0.0803662166,0.0143379252,0.0048195221,0.3193542957,-0.0668375641,0.0623313226,0.2158759087,0.0329494067,0.0905285627,-0.5768691897,-0.4306344986,0.0000000000,3.4040000439,3.3835778236,nan,nan,nan,nan,nan,nan,nan,nan,nan,nan,nan,nan,nan,0.0070287338,-0.0122262193,0.9988532066,-0.0420082174,-11.3253288269,-3.0473051071
-0.0759554803,-0.0215022545,0.7140303850,-0.0110038048,0.0249386845,0.0053983851,0.1000000015,0.0000000000,0.7599999905,0.0000000000,0.0655405521,0.1539208144,0.0851880684,0.1479453743,nan,nan,nan,nan,nan,nan,nan,nan,nan,nan,nan,nan,nan,0.1612857282,0.0071720253,0.0029594062,0.0969129577,0.0124880653,0.0036883526,0.1052353755,-0.1050364897,-0.0141414916,0.2158759087,0.0329494067,0.0905285627,-0.5768691897,-0.4306344986,0.0000000000,3.4040000439,3.3835778236,nan,nan,nan,nan,nan,nan,nan,nan,nan,nan,nan,nan,nan,0.0070287338,-0.0122262193,0.9988532066,-0.0420082174,-11.3253288269,-3.0473051071
-0.0759554803,-0.0215022545,0.7140303850,-0.0110038048,0.0249386845,0.0053983851,0.1000000015,0.0000000000,0.7599999905,0.0000000000,0.0655405521,0.1539208144,0.0851880684,0.1479453743,nan,nan,nan,nan,nan,nan,nan,nan,nan,nan,nan,nan,nan,0.1612857282,0.0071720253,0.0029594062,0.0969129577,0.0124880653,0.0036883526,0.1052353755,-0.1050364897,-0.0141414916,0.1967814714,0.0337428823,0.0919121206,-0.5768691897,-0.4306344986,0.0000000000,3.4040000439,3.3571848869,nan,nan,nan,nan,nan,nan,nan,nan,nan,nan,nan,nan,nan,-0.0170748271,-0.0154215544,1.0138925314,-0.0420082174,-11.3253288269,-3.0473051071
-0.0679920316,-0.0211389735,0.7140487432,-0.0138162557,0.0166241751,0.0026528574,0.1000000015,0.0000000000,0.7599999905,0.0000000000,0.2297703624,-0.0045563439,0.1956695020,0.0300053414,nan,nan,nan,nan,nan,nan,nan,nan,nan,nan,nan,nan,nan,0.1612857282,0.0071720253,0.0029594062,0.0969129577,0.0124880653,0.0036883526,0.1685537696,0.0627625734,0.1054755896,0.1967814714,0.0337428823,0.0919121206,-0.5768691897,-0.4306344986,0.0000000000,3.4040000439,3.3571848869,nan,nan,nan,nan,nan,nan,nan,nan,nan,nan,nan,nan,nan,-0.0170748271,-0.0154215544,1.0138925314,0.0479243472,2.2348082066,2.2747743130
-0.0679920316,-0.0211389735,0.7140487432,-0.0138162557,0.0166241751,0.0026528574,0.1000000015,0.0000000000,0.7599999905,0.0000000000,0.2297703624,-0.0045563439,0.1956695020,0.0300053414,nan,nan,nan,nan,nan,nan,nan,nan,nan,nan,nan,nan,nan,0.1791622341,0.0063696136,0.0070822071,0.1163217649,0.0110436501,0.0030492912,0.1685537696,0.0627625734,0.1054755896,0.1967814714,0.0337428823,0.0919121206,-0.5768691897,-0.4306344986,0.0000000000,3.4040000439,3.3571848869,nan,nan,nan,nan,nan,nan,nan,nan,nan,nan,nan,nan,nan,-0.0170748271,-0.0154215544,1.0138925314,0.0479243472,2.2348082066,2.2747743130
-0.0591180362,-0.0208257847,0.7142074704,-0.0138162557,0.0166241751,0.0026528574,0.1000000015,0.0000000000,0.7599999905,0.0000000000,0.2297703624,-0.0045563439,0.1956695020,0.0300053414,nan,nan,nan,nan,nan,nan,nan,nan,nan,nan,nan,nan,nan,0.1791622341,0.0063696136,0.0070822071,0.1163217649,0.0110436501,0.0030492912,0.1685537696,0.0627625734,0.1054755896,0.1967814714,0.0337428823,0.0919121206,-0.5816323757,0.4271202385,0.0000000000,3.4040000439,3.3571848869,nan,nan,nan,nan,nan,nan,nan,nan,nan,nan,nan,nan,nan,0.0012875403,-0.0122672943,0.9936482906,5.4157800674,-13.9870481491,-0.4725812376
-0.0591180362,-0.0208257847,0.7142074704,-0.0138162557,0.0166241751,0.0026528574,0.1000000015,0.0000000000,0.7599999905,0.0000000000,0.0577859171,0.1624017805,0.0903547779,0.1409170777,nan,nan,nan,nan,nan,nan,nan,nan,nan,nan,nan,nan,nan,0.1962261647,0.0047859019,0.0069202571,0.1326805055,0.0095029287,0.0032379616,0.0197562650,-0.1717466861,-0.0294319615,0.1967814714,0.0337428823,0.0919121206,-0.5816323757,0.4271202385,0.0000000000,3.4040000439,3.3571848869,nan,nan,nan,nan,nan,nan,nan,nan,nan,nan,nan,nan,nan,0.0012875403,-0.0122672943,0.9936482906,5.4157800674,-13.9870481491,-0.4725812376
-0.0493902676,-0.0205838960,0.7143976688,-0.0138303039,0.0055541002,0.0027292108,0.1000000015,0.0000000000,0.7599999905,0.0000000000,0.0577859171,0.1624017805,0.0903547779,0.1409170777,nan,nan,nan,nan,nan,nan,nan,nan,nan,nan,nan,nan,nan,0.1962261647,0.0047859019,0.0069202571,0.1326805055,0.0095029287,0.0032379616,0.0197562650,-0.1717466861,-0.0294319615,0.1677463204,0.0332863033,0.0907705650,-0.5816323757,0.4271202385,0.0000000000,3.4040000439,3.3730206490,nan,nan,nan,nan,nan,nan,nan,nan,nan,nan,nan,nan,nan,-0.0170418117,-0.0197260119,1.0083428621,5.4157800674,-13.9870481491,-0.4725812376
-0.0493902676,-0.0205838960,0.7143976688,-0.0138303039,0.0055541002,0.0027292108,0.1000000015,0.0000000000,0.7599999905,0.0000000000,0.2210208327,-0.0016357672,0.1979308873,0.0328770913,nan,nan,nan,nan,nan,nan,nan,nan,nan,nan,nan,nan,nan,0.1962261647,0.0047859019,0.0069202571,0.1326805055,0.0095029287,0.0032379616,0.0589085184,0.0408304706,0.1174670607,0.1677463204,0.0332863033,0.0907705650,-0.5816323757,0.4271202385,0.0000000000,3.4040000439,3.3730206490,nan,nan,nan,nan,nan,nan,nan,nan,nan,nan,nan,nan,nan,-0.0170418117,-0.0197260119,1.0083428621,-4.5358562469,-4.5040369034,1.7854955196
-0.0493902676,-0.0205838960,0.7143976688,-0.0138303039,0.0055541002,0.0027292108,0.1000000015,0.0000000000,0.7599999905,0.0000000000,0.2210208327,-0.0016357672,0.1979308873,0.0328770913,nan,nan,nan,nan,nan,nan,nan,nan,nan,nan,nan,nan,nan,0.2093251646,0.0032560199,0.0107602589,0.1517553627,0.0080860090,0.0036256453,0.0589085184,0.0408304706,0.1174670607,0.1677463204,0.0332863033,0.0907705650,-0.5816323757,0.4271202385,0.0000000000,3.4040000439,3.3730206490,nan,nan,nan,nan,nan,nan,nan,nan,nan,nan,nan,nan,nan,-0.0170418117,-0.0197260119,1.0083428621,-4.5358562469,-4.5040369034,1.7854955196
-0.0389779881,-0.0204246994,0.7147098780,-0.0138340142,0.0027866215,0.0027483356,0.1000000015,0.0000000000,0.7599999905,0.0000000000,0.2210208327,-0.0016357672,0.1979308873,0.0328770913,nan,nan,nan,nan,nan,nan,nan,nan,nan,nan,nan,nan,nan,0.2093251646,0.0032560199,0.0107602589,0.1517553627,0.0080860090,0.0036256453,0.0589085184,0.0408304706,0.1174670607,0.1677463204,0.0332863033,0.0907705650,-0.6380980611,1.1232950687,0.0000000000,3.4040000439,3.3730206490,nan,nan,nan,nan,nan,nan,nan,nan,nan,nan,nan,nan,nan,0.0023237981,-0.0054000025,0.9938070774,3.2360765934,-9.1931343079,-4.0999999046
-0.0389779881,-0.0204246994,0.7147098780,-0.0138340142,0.0027866215,0.0027483356,0.1000000015,0.0000000000,0.7599999905,0.0000000000,0.0703013688,0.1509361416,0.1020096168,0.1290180832,nan,nan,nan,nan,nan,nan,nan,nan,nan,nan,nan,nan,nan,0.2205967903,0.0023052252,0.0092617385,0.1657172590,0.0065930989,0.0042682183,-0.1349913776,-0.0102054775,-0.0072926478,0.1677463204,0.0332863033,0.0907705650,-0.6380980611,1.1232950687,0.0000000000,3.4040000439,3.3730206490,nan,nan,nan,nan,nan,nan,nan,nan,nan,nan,nan,nan,nan,0.0023237981,-0.0054000025,0.9938070774,3.2360765934,-9.1931343079,-4.0999999046
-0.0389779881,-0.0204246994,0.7147098780,-0.0138340142,0.0027866215,0.0027483356,0.1000000015,0.0000000000,0.7599999905,0.0000000000,0.0703013688,0.1509361416,0.1020096168,0.1290180832,nan,nan,nan,nan,nan,nan,nan,nan,nan,nan,nan,nan,nan,0.2205967903,0.0023052252,0.0092617385,0.1657172590,0.0065930989,0.0042682183,-0.1349913776,-0.0102054775,-0.0072926478,0.1363258362,0.0338399410,0.0893462151,-0.6380980611,1.1232950687,0.0000000000,3.4040000439,3.3941349983,nan,nan,nan,nan,nan,nan,nan,nan,nan,nan,nan,nan,nan,-0.0131209167,-0.0205267165,1.0067057610,3.2360765934,-9.1931343079,-4.0999999046
-0.0349516794,-0.0180159267,0.7149991989,-0.0138456212,-0.0055158032,0.0028058045,0.1000000015,0.0000000000,0.7599999905,0.0000000000,0.2128725201,-0.0009033341,0.2029602528,0.0387670733,nan,nan,nan,nan,nan,nan,nan,nan,nan,nan,nan,nan,nan,0.2205967903,0.0023052252,0.0092617385,0.1657172590,0.0065930989,0.0042682183,-0.0908042118,0.0298452731,0.0639732182,0.1363258362,0.0338399410,0.0893462151,-0.6380980611,1.1232950687,0.0000000000,3.4040000439,3.3941349983,nan,nan,nan,nan,nan,nan,nan,nan,nan,nan,nan,nan,nan,-0.0131209167,-0.0205267165,1.0067057610,-0.8766631484,-4.9021587372,1.7197649479
-0.0349516794,-0.0180159267,0.7149991989,-0.0138456212,-0.0055158032,0.0028058045,0.1000000015,0.0000000000,0.7599999905,0.0000000000,0.2128725201,-0.0009033341,0.2029602528,0.0387670733,nan,nan,nan,nan,nan,nan,nan,nan,nan,nan,nan,nan,nan,0.2012104839,0.0093371440,0.0094570387,0.1407643408,0.0189801529,0.0045800610,-0.0908042118,0.0298452731,0.0639732182,0.1363258362,0.0338399410,0.0893462151,-0.6380980611,1.1232950687,0.0000000000,3.4040000439,3.3941349983,nan,nan,nan,nan,nan,nan,nan,nan,nan,nan,nan,nan,nan,-0.0131209167,-0.0205267165,1.0067057610,-0.8766631484,-4.9021587372,1.7197649479
-0.0249077827,-0.0175497308,0.7153101563,-0.0110703491,-0.0055350049,0.0000306376,0.1000000015,0.0000000000,0.7599999905,0.0000000000,0.2128725201,-0.0009033341,0.2029602528,0.0387670733,nan,nan,nan,nan,nan,nan,nan,nan,nan,nan,nan,nan,nan,0.2012104839,0.0093371440,0.0094570387,0.1407643408,0.0189801529,0.0045800610,-0.1601984352,-0.1161357090,-0.0392658077,0.1363258362,0.0338399410,0.0893462151,-0.5049079061,1.2894208431,0.0000000000,3.4040000439,3.3941349983,nan,nan,nan,nan,nan,nan,nan,nan,nan,nan,nan,nan,nan,-0.0016307542,-0.0105452118,1.0030285120,4.5434155464,3.8338575363,-5.4959435463
-0.0249077827,-0.0175497308,0.7153101563,-0.0110703491,-0.0055350049,0.0000306376,0.1000000015,0.0000000000,0.7599999905,0.0000000000,0.1113084629,0.1189990118,0.0598123148,0.1599969566,nan,nan,nan,nan,nan,nan,nan,nan,nan,nan,nan,nan,nan,0.2065111399,0.0074750846,0.0124297356,0.1550338417,0.0159955081,0.0054841544,-0.1601984352,-0.1161357090,-0.0392658077,0.1363258362,0.0338399410,0.0893462151,-0.5049079061,1.2894208431,0.0000000000,3.4040000439,3.3941349983,nan,nan,nan,nan,nan,nan,nan,nan,nan,nan,nan,nan,nan,-0.0016307542,-0.0105452118,1.0030285120,4.5434155464,3.8338575363,-5.4959435463
-0.0249077827,-0.0175497308,0.7153101563,-0.0110703491,-0.0055350049,0.0000306376,0.1000000015,0.0000000000,0.7599999905,0.0000000000,0.1113084629,0.1189990118,0.0598123148,0.1599969566,nan,nan,nan,nan,nan,nan,nan,nan,nan,nan,nan,nan,nan,0.2065111399,0.0074750846,0.0124297356,0.1550338417,0.0159955081,0.0054841544,-0.1601984352,-0.1161357090,-0.0392658077,0.1207799613,0.0279520471,0.0871455818,-0.5049079061,1.2894208431,0.0000000000,3.4040000439,3.3307919502,nan,nan,nan,nan,nan,nan,nan,nan,nan,nan,nan,nan,nan,-0.0147156566,-0.0197630394,1.0115172863,4.5434155464,3.8338575363,-5.4959435463
-0.0146073932,-0.0171758719,0.7157984376,-0.0083030290,-0.0110701263,0.0000459585,0.1000000015,0.0000000000,0.7599999905,0.0000000000,0.2255985439,-0.0067017628,0.1997436583,0.0320531018,nan,nan,nan,nan,nan,nan,nan,nan,nan,nan,nan,nan,nan,0.2065111399,0.0074750846,0.0124297356,0.1550338417,0.0159955081,0.0054841544,-0.1300891340,-0.0869276375,0.1591436714,0.1207799613,0.0279520471,0.0871455818,-0.5049079061,1.2894208431,0.0000000000,3.4040000439,3.3307919502,nan,nan,nan,nan,nan,nan,nan,nan,nan,nan,nan,nan,nan,-0.0147156566,-0.0197630394,1.0115172863,-3.2690930367,-14.8320026398,3.1513576508
-0.0146073932,-0.0171758719,0.7157984376,-0.0083030290,-0.0110701263,0.0000459585,0.1000000015,0.0000000000,0.7599999905,0.0000000000,0.2255985439,-0.0067017628,0.1997436583,0.0320531018,nan,nan,nan,nan,nan,nan,nan,nan,nan,nan,nan,nan,nan,0.2041692585,0.0042575770,0.0177056417,0.1645848751,0.0141588319,0.0077733719,-0.1300891340,-0.0869276375,0.1591436714,0.1207799613,0.0279520471,0.0871455818,-0.5049079061,1.2894208431,0.0000000000,3.4040000439,3.3307919502,nan,nan,nan,nan,nan,nan,nan,nan,nan,nan,nan,nan,nan,-0.0147156566,-0.0197630394,1.0115172863,-3.2690930367,-14.8320026398,3.1513576508
-0.0052955924,-0.0168386474,0.7166624069,-0.0110707301,-0.0110700518,0.0000612780,0.1000000015,0.0000000000,0.7599999905,0.0000000000,0.2255985439,-0.0067017628,0.1997436583,0.0320531018,nan,nan,nan,nan,nan,nan,nan,nan,nan,nan,nan,nan,nan,0.2041692585,0.0042575770,0.0177056417,0.1645848751,0.0141588319,0.0077733719,-0.1980356425,-0.0484376960,0.0440166704,0.1207799613,0.0279520471,0.0871455818,-0.5730079412,1.2824730873,0.0000000000,3.4040000439,3.3307919502,nan,nan,nan,nan,nan,nan,nan,nan,nan,nan,nan,nan,nan,0.0085059293,-0.0021133278,1.0071998835,-1.3840144873,11.5539617538,-4.1845951080
-0.0052955924,-0.0168386474,0.7166624069,-0.0110707301,-0.0110700518,0.0000612780,0.1000000015,0.0000000000,0.7599999905,0.0000000000,0.1224353462,0.1029282063,0.0653666034,0.1580804139,nan,nan,nan,nan,nan,nan,nan,nan,nan,nan,nan,nan,nan,0.2042573988,0.0015689718,0.0213834811,0.1725420356,0.0110147400,0.0100996746,-0.1980356425,-0.0484376960,0.0440166704,0.1207799613,0.0279520471,0.0871455818,-0.5730079412,1.2824730873,0.0000000000,3.4040000439,3.3307919502,nan,nan,nan,nan,nan,nan,nan,nan,nan,nan,nan,nan,nan,0.0085059293,-0.0021133278,1.0071998835,-1.3840144873,11.5539617538,-4.1845951080
-0.0052955924,-0.0168386474,0.7166624069,-0.0110707301,-0.0110700518,0.0000612780,0.1000000015,0.0000000000,0.7599999905,0.0000000000,0.1224353462,0.1029282063,0.0653666034,0.1580804139,nan,nan,nan,nan,nan,nan,nan,nan,nan,nan,nan,nan,nan,0.2042573988,0.0015689718,0.0213834811,0.1725420356,0.0110147400,0.0100996746,-0.1980356425,-0.0484376960,0.0440166704,0.0956830531,0.0281067844,0.0823461711,-0.5730079412,1.2824730873,0.0000000000,3.4040000439,3.3677420616,nan,nan,nan,nan,nan,nan,nan,nan,nan,nan,nan,nan,nan,0.0085059293,-0.0021133278,1.0071998835,-1.3840144873,11.5539617538,-4.1845951080
0.0049227630,-0.0167639013,0.7175928950,-0.0110710166,-0.0138376050,0.0000766002,0.1000000015,0.0000000000,0.7599999905,0.0000000000,0.2177370936,0.0073151751,0.1783260852,0.0468970798,nan,nan,nan,nan,nan,nan,nan,nan,nan,nan,nan,nan,nan,0.2042573988,0.0015689718,0.0213834811,0.1725420356,0.0110147400,0.0100996746,-0.2287443876,-0.0181351602,0.0651555285,0.0956830531,0.0281067844,0.0823461711,-0.5730079412,1.2824730873,0.0000000000,3.4040000439,3.3677420616,nan,nan,nan,nan,nan,nan,nan,nan,nan,nan,nan,nan,nan,-0.0138390530,-0.0249960832,1.0115211010,2.9325532913,-16.6214485168,5.7798056602
0.0049227630,-0.0167639013,0.7175928950,-0.0110710166,-0.0138376050,0.0000766002,0.1000000015,0.0000000000,0.7599999905,0.0000000000,0.2177370936,0.0073151751,0.1783260852,0.0468970798,nan,nan,nan,nan,nan,nan,nan,nan,nan,nan,nan,nan,nan,0.2029429376,-0.0013015104,0.0228757393,0.1822484881,0.0082574384,0.0125309592,-0.2287443876,-0.0181351602,0.0651555285,0.0956830531,0.0281067844,0.0823461711,-0.5730079412,1.2824730873,0.0000000000,3.4040000439,3.3677420616,nan,nan,nan,nan,nan,nan,nan,nan,nan,nan,nan,nan,nan,-0.0138390530,-0.0249960832,1.0115211010,2.9325532913,-16.6214485168,5.7798056602
0.0150937941,-0.0168290790,0.7186082602,-0.0110985798,-0.0193574551,0.0028751389,0.1000000015,0.0000000000,0.7599999905,0.0000000000,0.2177370936,0.0073151751,0.1783260852,0.0468970798,nan,nan,nan,nan,nan,nan,nan,nan,nan,nan,nan,nan,nan,0.2029429376,-0.0013015104,0.0228757393,0.1822484881,0.0082574384,0.0125309592,-0.2287443876,-0.0181351602,0.0651555285,0.0956830531,0.0281067844,0.0823461711,-0.7043953538,1.5684171915,0.0000000000,3.4040000439,3.3677420616,nan,nan,nan,nan,nan,nan,nan,nan,nan,nan,nan,nan,nan,-0.0017518380,-0.0050288807,0.9967357516,-4.5328640938,2.2170605659,-3.7268967628
0.0150937941,-0.0168290790,0.7186082602,-0.0110985798,-0.0193574551,0.0028751389,0.1000000015,0.0000000000,0.7599999905,0.0000000000,0.0916609466,0.1238391772,0.0415686294,0.1920103878,nan,nan,nan,nan,nan,nan,nan,nan,nan,nan,nan,nan,nan,0.1984971166,-0.0040997854,0.0234619658,0.1846166104,0.0052515767,0.0146700824,-0.2750274539,-0.0837061480,-0.0546334609,0.0956830531,0.0281067844,0.0823461711,-0.7043953538,1.5684171915,0.0000000000,3.4040000439,3.3677420616,nan,nan,nan,nan,nan,nan,nan,nan,nan,nan,nan,nan,nan,-0.0017518380,-0.0050288807,0.9967357516,-4.5328640938,2.2170605659,-3.7268967628
0.0150937941,-0.0168290790,0.7186082602,-0.0110985798,-0.0193574551,0.0028751389,0.1000000015,0.0000000000,0.7599999905,0.0000000000,0.0916609466,0.1238391772,0.0415686294,0.1920103878,nan,nan,nan,nan,nan,nan,nan,nan,nan,nan,nan,nan,nan,0.1984971166,-0.0040997854,0.0234619658,0.1846166104,0.0052515767,0.0146700824,-0.2750274539,-0.0837061480,-0.0546334609,0.0701014400,0.0293368753,0.0778173953,-0.7043953538,1.5684171915,0.0000000000,3.4040000439,3.3994135857,nan,nan,nan,nan,nan,nan,nan,nan,nan,nan,nan,nan,nan,-0.0180584863,-0.0199816152,0.9920356274,-4.5328640938,2.2170605659,-3.7268967628
0.0250499677,-0.0170375630,0.7196900845,-0.0110717796,-0.0193727952,0.0001072501,0.1000000015,0.0000000000,0.7599999905,0.0000000000,0.2203677446,-0.0025024796,0.2034180313,0.0318516828,nan,nan,nan,nan,nan,nan,nan,nan,nan,nan,nan,nan,nan,0.1984971166,-0.0040997854,0.0234619658,0.1846166104,0.0052515767,0.0146700824,-0.1853387654,-0.0218483508,0.0996318832,0.0701014400,0.0293368753,0.0778173953,-0.7043953538,1.5684171915,0.0000000000,3.3619999886,3.3994135857,nan,nan,nan,nan,nan,nan,nan,nan,nan,nan,nan,nan,nan,-0.0180584863,-0.0199816152,0.9920356274,0.6006402373,-13.9779329300,2.6146452427
0.0250499677,-0.0170375630,0.7196900845,-0.0110717796,-0.0193727952,0.0001072501,0.1000000015,0.0000000000,0.7599999905,0.0000000000,0.2203677446,-0.0025024796,0.2034180313,0.0318516828,nan,nan,nan,nan,nan,nan,nan,nan,nan,nan,nan,nan,nan,0.1634463966,-0.0057429234,0.0187265612,0.1512825340,0.0030371305,0.0114999469,-0.1853387654,-0.0218483508,0.0996318832,0.0701014400,0.0293368753,0.0778173953,-0.7043953538,1.5684171915,0.0000000000,3.3619999886,3.3994135857,nan,nan,nan,nan,nan,nan,nan,nan,nan,nan,nan,nan,nan,-0.0180584863,-0.0199816152,0.9920356274,0.6006402373,-13.9779329300,2.6146452427
0.0272854473,-0.0172481593,0.7197696567,-0.0138403613,-0.0221402523,0.0001532232,0.1000000015,0.0000000000,0.7599999905,0.0000000000,0.2203677446,-0.0025024796,0.2034180313,0.0318516828,nan,nan,nan,nan,nan,nan,nan,nan,nan,nan,nan,nan,nan,0.1634463966,-0.0057429234,0.0187265612,0.1512825340,0.0030371305,0.0114999469,-0.1853387654,-0.0218483508,0.0996318832,0.0701014400,0.0293368753,0.0778173953,-0.7619045973,0.8709816933,0.0000000000,3.3619999886,3.3994135857,nan,nan,nan,nan,nan,nan,nan,nan,nan,nan,nan,nan,nan,0.0004429075,-0.0109554864,0.9949609637,-1.9075926542,11.6642904282,-0.0969102904
0.0272854473,-0.0172481593,0.7197696567,-0.0138403613,-0.0221402523,0.0001532232,0.1000000015,0.0000000000,0.7599999905,0.0000000000,0.0261295494,0.1891752481,-0.0004913405,0.2364538163,nan,nan,nan,nan,nan,nan,nan,nan,nan,nan,nan,nan,nan,0.1546091139,-0.0074516819,0.0171285234,0.1514125019,0.0004552440,0.0128865438,-0.3839237988,-0.0635639131,-0.0116312820,0.0701014400,0.0293368753,0.0778173953,-0.7619045973,0.8709816933,0.0000000000,3.3619999886,3.3994135857,nan,nan,nan,nan,nan,nan,nan,nan,nan,nan,nan,nan,nan,0.0004429075,-0.0109554864,0.9949609637,-1.9075926542,11.6642904282,-0.0969102904
0.0350625850,-0.0176244061,0.7206069827,-0.0138162557,-0.0166241751,-0.0026528574,0.1000000015,0.0000000000,0.7599999905,0.0000000000,0.0261295494,0.1891752481,-0.0004913405,0.2364538163,nan,nan,nan,nan,nan,nan,nan,nan,nan,nan,nan,nan,nan,0.1546091139,-0.0074516819,0.0171285234,0.1514125019,0.0004552440,0.0128865438,-0.3839237988,-0.0635639131,-0.0116312820,0.0631510466,0.0309828687,0.0766333193,-0.7619045973,0.8709816933,0.0000000000,3.3619999886,3.3360705376,nan,nan,nan,nan,nan,nan,nan,nan,nan,nan,nan,nan,nan,-0.0035091767,-0.0215812046,0.9983126521,-1.9075926542,11.6642904282,-0.0969102904
0.0350625850,-0.0176244061,0.7206069827,-0.0138162557,-0.0166241751,-0.0026528574,0.1000000015,0.0000000000,0.7599999905,0.0000000000,0.2167788297,0.0087983524,0.2056153268,0.0257480741,nan,nan,nan,nan,nan,nan,nan,nan,nan,nan,nan,nan,nan,0.1546091139,-0.0074516819,0.0171285234,0.1514125019,0.0004552440,0.0128865438,-0.2188382745,0.0264427457,0.0650654808,0.0631510466,0.0309828687,0.0766333193,-0.7619045973,0.8709816933,0.0000000000,3.3619999886,3.3360705376,nan,nan,nan,nan,nan,nan,nan,nan,nan,nan,nan,nan,nan,-0.0035091767,-0.0215812046,0.9983126521,-4.4224562645,-17.5954055786,-2.0392351151
0.0350625850,-0.0176244061,0.7206069827,-0.0138162557,-0.0166241751,-0.0026528574,0.1000000015,0.0000000000,0.7599999905,0.0000000000,0.2167788297,0.0087983524,0.2056153268,0.0257480741,nan,nan,nan,nan,nan,nan,nan,nan,nan,nan,nan,nan,nan,0.1133854687,-0.0056781354,0.0080514541,0.1136781275,0.0014136382,0.0053754244,-0.2188382745,0.0264427457,0.0650654808,0.0631510466,0.0309828687,0.0766333193,-0.7619045973,0.8709816933,0.0000000000,3.3619999886,3.3360705376,nan,nan,nan,nan,nan,nan,nan,nan,nan,nan,nan,nan,nan,-0.0035091767,-0.0215812046,0.9983126521,-4.4224562645,-17.5954055786,-2.0392351151
0.0349512883,-0.0174246617,0.7197811604,-0.0165748138,-0.0249306172,-0.0025612266,0.1000000015,0.0000000000,0.7599999905,0.0000000000,0.2167788297,0.0087983524,0.2056153268,0.0257480741,nan,nan,nan,nan,nan,nan,nan,nan,nan,nan,nan,nan,nan,0.1133854687,-0.0056781354,0.0080514541,0.1136781275,0.0014136382,0.0053754244,-0.3207103908,0.0005911913,0.1018234193,0.0631510466,0.0309828687,0.0766333193,-0.7124773860,0.1097737253,0.0000000000,3.3619999886,3.3360705376,nan,nan,nan,nan,nan,nan,nan,nan,nan,nan,nan,nan,nan,0.0002023569,-0.0103655271,1.0146024227,-2.1713962555,27.1042098999,3.7224550247
0.0349512883,-0.0174246617,0.7197811604,-0.0165748138,-0.0249306172,-0.0025612266,0.1000000015,0.0000000000,0.7599999905,0.0000000000,0.0285343714,0.1937651634,-0.0036957352,0.2310643196,nan,nan,nan,nan,nan,nan,nan,nan,nan,nan,nan,nan,nan,0.1003258675,-0.0051438324,0.0131447604,0.1114082560,-0.0005204270,0.0068310676,-0.3207103908,0.0005911913,0.1018234193,0.0631510466,0.0309828687,0.0766333193,-0.7124773860,0.1097737253,0.0000000000,3.3619999886,3.3360705376,nan,nan,nan,nan,nan,nan,nan,nan,nan,nan,nan,nan,nan,0.0002023569,-0.0103655271,1.0146024227,-2.1713962555,27.1042098999,3.7224550247
0.0349512883,-0.0174246617,0.7197811604,-0.0165748138,-0.0249306172,-0.0025612266,0.1000000015,0.0000000000,0.7599999905,0.0000000000,0.0285343714,0.1937651634,-0.0036957352,0.2310643196,nan,nan,nan,nan,nan,nan,nan,nan,nan,nan,nan,nan,nan,0.1003258675,-0.0051438324,0.0131447604,0.1114082560,-0.0005204270,0.0068310676,-0.3207103908,0.0005911913,0.1018234193,0.0643282160,0.0310421120,0.0773723572,-0.7124773860,0.1097737253,0.0000000000,3.3619999886,3.3730206490,nan,nan,nan,nan,nan,nan,nan,nan,nan,nan,nan,nan,nan,0.0002023569,-0.0103655271,1.0146024227,-2.1713962555,27.1042098999,3.7224550247
0.0400337987,-0.0176939107,0.7204323411,-0.0165979545,-0.0055578718,-0.0027215223,0.1000000015,0.0000000000,0.7599999905,0.0000000000,0.1817532629,0.0433234163,0.2040436417,0.0256717801,nan,nan,nan,nan,nan,nan,nan,nan,nan,nan,nan,nan,nan,0.1003258675,-0.0051438324,0.0131447604,0.1114082560,-0.0005204270,0.0068310676,0.0498119108,0.1303729415,-0.0852214172,0.0643282160,0.0310421120,0.0773723572,-0.7124773860,0.1097737253,0.0000000000,3.3619999886,3.3730206490,nan,nan,nan,nan,nan,nan,nan,nan,nan,nan,nan,nan,nan,-0.0116739869,-0.0174466223,0.9899335504,1.4403470755,-8.0822839737,-0.1783205420
0.0400337987,-0.0176939107,0.7204323411,-0.0165979545,-0.0055578718,-0.0027215223,0.1000000015,0.0000000000,0.7599999905,0.0000000000,0.1817532629,0.0433234163,0.2040436417,0.0256717801,nan,nan,nan,nan,nan,nan,nan,nan,nan,nan,nan,nan,nan,0.1295534670,-0.0013143653,0.0154854394,0.1502684951,0.0016698696,0.0154792219,0.0498119108,0.1303729415,-0.0852214172,0.0643282160,0.0310421120,0.0773723572,-0.7124773860,0.1097737253,0.0000000000,3.3619999886,3.3730206490,nan,nan,nan,nan,nan,nan,nan,nan,nan,nan,nan,nan,nan,-0.0116739869,-0.0174466223,0.9899335504,1.4403470755,-8.0822839737,-0.1783205420
0.0527186245,-0.0172639918,0.7223053575,-0.0166066302,-0.0138373398,0.0001149003,0.1000000015,0.0000000000,0.7599999905,0.0000000000,0.1817532629,0.0433234163,0.2040436417,0.0256717801,nan,nan,nan,nan,nan,nan,nan,nan,nan,nan,nan,nan,nan,0.1295534670,-0.0013143653,0.0154854394,0.1502684951,0.0016698696,0.0154792219,-0.3071785867,-0.0387171768,-0.0907821208,0.0643282160,0.0310421120,0.0773723572,-0.4133424759,3.0182542801,0.0000000000,3.3619999886,3.3730206490,nan,nan,nan,nan,nan,nan,nan,nan,nan,nan,nan,nan,nan,0.0015211239,-0.0033182686,0.9862923622,5.9006571770,-12.5532846451,2.1508746147
0.0527186245,-0.0172639918,0.7223053575,-0.0166066302,-0.0138373398,0.0001149003,0.1000000015,0.0000000000,0.7599999905,0.0000000000,0.0174196996,0.2017303854,0.0092469677,0.2249301970,nan,nan,nan,nan,nan,nan,nan,nan,nan,nan,nan,nan,nan,0.1221345663,-0.0009597060,0.0126390914,0.1424416006,0.0008551242,0.0151070980,-0.3071785867,-0.0387171768,-0.0907821208,0.0643282160,0.0310421120,0.0773723572,-0.4133424759,3.0182542801,0.0000000000,3.3619999886,3.3730206490,nan,nan,nan,nan,nan,nan,nan,nan,nan,nan,nan,nan,nan,0.0015211239,-0.0033182686,0.9862923622,5.9006571770,-12.5532846451,2.1508746147
0.0527186245,-0.0172639918,0.7223053575,-0.0166066302,-0.0138373398,0.0001149003,0.1000000015,0.0000000000,0.7599999905,0.0000000000,0.0174196996,0.2017303854,0.0092469677,0.2249301970,nan,nan,nan,nan,nan,nan,nan,nan,nan,nan,nan,nan,nan,0.1221345663,-0.0009597060,0.0126390914,0.1424416006,0.0008551242,0.0151070980,-0.3071785867,-0.0387171768,-0.0907821208,0.0360790938,0.0297348183,0.0722804889,-0.4133424759,3.0182542801,0.0000000000,3.3619999886,3.3730206490,nan,nan,nan,nan,nan,nan,nan,nan,nan,nan,nan,nan,nan,-0.0179204568,-0.0224106610,0.9934648275,5.9006571770,-12.5532846451,2.1508746147
0.0588611700,-0.0173215307,0.7229675651,-0.0138403613,-0.0221402523,0.0001532232,0.1000000015,0.0000000000,0.7599999905,0.0000000000,0.2274113148,-0.0090699624,0.1978759468,0.0363683552,nan,nan,nan,nan,nan,nan,nan,nan,nan,nan,nan,nan,nan,0.1221345663,-0.0009597060,0.0126390914,0.1424416006,0.0008551242,0.0151070980,-0.1962059289,0.0644383654,-0.0068967910,0.0360790938,0.0297348183,0.0722804889,-0.4133424759,3.0182542801,0.0000000000,3.3619999886,3.3730206490,nan,nan,nan,nan,nan,nan,nan,nan,nan,nan,nan,nan,nan,-0.0179204568,-0.0224106610,0.9934648275,-0.2943785489,2.8378026485,-1.9604912996
0.0588611700,-0.0173215307,0.7229675651,-0.0138403613,-0.0221402523,0.0001532232,0.1000000015,0.0000000000,0.7599999905,0.0000000000,0.2274113148,-0.0090699624,0.1978759468,0.0363683552,nan,nan,nan,nan,nan,nan,nan,nan,nan,nan,nan,nan,nan,0.1139419898,0.0002517660,0.0105322292,0.1425195634,0.0023948343,0.0132942768,-0.1962059289,0.0644383654,-0.0068967910,0.0360790938,0.0297348183,0.0722804889,-0.4133424759,3.0182542801,0.0000000000,3.3619999886,3.3730206490,nan,nan,nan,nan,nan,nan,nan,nan,nan,nan,nan,nan,nan,-0.0179204568,-0.0224106610,0.9934648275,-0.2943785489,2.8378026485,-1.9604912996
0.0653577968,-0.0170069560,0.7233333588,-0.0138392478,-0.0166050402,0.0001149051,0.1000000015,0.0000000000,0.7599999905,0.0000000000,0.2274113148,-0.0090699624,0.1978759468,0.0363683552,nan,nan,nan,nan,nan,nan,nan,nan,nan,nan,nan,nan,nan,0.1139419898,0.0002517660,0.0105322292,0.1425195634,0.0023948343,0.0132942768,-0.3161304593,-0.0253608376,-0.0629616529,0.0360790938,0.0297348183,0.0722804889,-0.4768216014,1.0836039782,0.0000000000,3.3619999886,3.3730206490,nan,nan,nan,nan,nan,nan,nan,nan,nan,nan,nan,nan,nan,0.0002926777,-0.0129580507,0.9984530807,2.2047030926,-2.9235310555,3.9647006989
0.0653577968,-0.0170069560,0.7233333588,-0.0138392478,-0.0166050402,0.0001149051,0.1000000015,0.0000000000,0.7599999905,0.0000000000,0.0338719785,0.1901182681,-0.0073914705,0.2363530993,nan,nan,nan,nan,nan,nan,nan,nan,nan,nan,nan,nan,nan,0.1032207385,0.0001707336,0.0090755038,0.1322653443,0.0017627692,0.0124501679,-0.3161304593,-0.0253608376,-0.0629616529,0.0360790938,0.0297348183,0.0722804889,-0.4768216014,1.0836039782,0.0000000000,3.3619999886,3.3730206490,nan,nan,nan,nan,nan,nan,nan,nan,nan,nan,nan,nan,nan,0.0002926777,-0.0129580507,0.9984530807,2.2047030926,-2.9235310555,3.9647006989
0.0653577968,-0.0170069560,0.7233333588,-0.0138392478,-0.0166050402,0.0001149051,0.1000000015,0.0000000000,0.7599999905,0.0000000000,0.0338719785,0.1901182681,-0.0073914705,0.2363530993,nan,nan,nan,nan,nan,nan,nan,nan,nan,nan,nan,nan,nan,0.1032207385,0.0001707336,0.0090755038,0.1322653443,0.0017627692,0.0124501679,-0.3161304593,-0.0253608376,-0.0629616529,0.0238751024,0.0288078468,0.0710920766,-0.4768216014,1.0836039782,0.0000000000,3.3619999886,3.3360705376,nan,nan,nan,nan,nan,nan,nan,nan,nan,nan,nan,nan,nan,-0.0104848156,-0.0167637169,1.0041278601,2.2047030926,-2.9235310555,3.9647006989
0.0705674887,-0.0170051195,0.7238137126,-0.0110717796,-0.0193727952,0.0001072501,0.1000000015,0.0000000000,0.7599999905,0.0000000000,0.0338719785,0.1901182681,-0.0073914705,0.2363530993,nan,nan,nan,nan,nan,nan,nan,nan,nan,nan,nan,nan,nan,0.1032207385,0.0001707336,0.0090755038,0.1322653443,0.0017627692,0.0124501679,-0.1877428442,0.0138866538,-0.0049888445,0.0238751024,0.0288078468,0.0710920766,-0.4768216014,1.0836039782,0.0000000000,3.3619999886,3.3360705376,nan,nan,nan,nan,nan,nan,nan,nan,nan,nan,nan,nan,nan,-0.0104848156,-0.0167637169,1.0041278601,5.3739371300,-3.7689015865,-6.0144057274
0.0705674887,-0.0170051195,0.7238137126,-0.0110717796,-0.0193727952,0.0001072501,0.1000000015,0.0000000000,0.7599999905,0.0000000000,0.2268162072,0.0086243991,0.1881681532,0.0305485632,nan,nan,nan,nan,nan,nan,nan,nan,nan,nan,nan,nan,nan,0.0910325497,-0.0018838978,0.0084030014,0.1247142032,0.0012087509,0.0115648573,-0.1877428442,0.0138866538,-0.0049888445,0.0238751024,0.0288078468,0.0710920766,-0.4768216014,1.0836039782,0.0000000000,3.3619999886,3.3360705376,nan,nan,nan,nan,nan,nan,nan,nan,nan,nan,nan,nan,nan,-0.0104848156,-0.0167637169,1.0041278601,5.3739371300,-3.7689015865,-6.0144057274
0.0751813725,-0.0170906521,0.7242442966,-0.0083038161,-0.0193729256,0.0000804376,0.1000000015,0.0000000000,0.7599999905,0.0000000000,0.2268162072,0.0086243991,0.1881681532,0.0305485632,nan,nan,nan,nan,nan,nan,nan,nan,nan,nan,nan,nan,nan,0.0910325497,-0.0018838978,0.0084030014,0.1247142032,0.0012087509,0.0115648573,-0.1877428442,0.0138866538,-0.0049888445,0.0238751024,0.0288078468,0.0710920766,-0.7174176574,0.6461935043,0.0000000000,3.3619999886,3.3360705376,nan,nan,nan,nan,nan,nan,nan,nan,nan,nan,nan,nan,nan,-0.0027946252,-0.0192499012,1.0037904978,-5.1714439392,-4.0598492622,8.1350994110
0.0751813725,-0.0170906521,0.7242442966,-0.0083038161,-0.0193729256,0.0000804376,0.1000000015,0.0000000000,0.7599999905,0.0000000000,0.0261448082,0.1855466664,0.0005279622,0.2411200255,nan,nan,nan,nan,nan,nan,nan,nan,nan,nan,nan,nan,nan,0.0778864101,-0.0051389365,0.0094088577,0.1131041124,0.0000339710,0.0107175903,-0.3088001311,-0.1225785092,0.0007788492,0.0238751024,0.0288078468,0.0710920766,-0.7174176574,0.6461935043,0.0000000000,3.3619999886,3.3360705376,nan,nan,nan,nan,nan,nan,nan,nan,nan,nan,nan,nan,nan,-0.0027946252,-0.0192499012,1.0037904978,-5.1714439392,-4.0598492622,8.1350994110
0.0791396797,-0.0173355956,0.7247213125,-0.0138162557,-0.0166241751,-0.0026528574,0.1000000015,0.0000000000,0.7599999905,0.0000000000,0.0261448082,0.1855466664,0.0005279622,0.2411200255,nan,nan,nan,nan,nan,nan,nan,nan,nan,nan,nan,nan,nan,0.0778864101,-0.0051389365,0.0094088577,0.1131041124,0.0000339710,0.0107175903,-0.3088001311,-0.1225785092,0.0007788492,0.0161754377,0.0299269184,0.0693344846,-0.7174176574,0.6461935043,0.0000000000,3.3619999886,3.3466277122,nan,nan,nan,nan,nan,nan,nan,nan,nan,nan,nan,nan,nan,-0.0065916628,-0.0135365212,0.9953242540,-5.1714439392,-4.0598492622,8.1350994110
0.0791396797,-0.0173355956,0.7247213125,-0.0138162557,-0.0166241751,-0.0026528574,0.1000000015,0.0000000000,0.7599999905,0.0000000000,0.2095613033,0.0111940186,0.1952361465,0.0375555046,nan,nan,nan,nan,nan,nan,nan,nan,nan,nan,nan,nan,nan,0.0778864101,-0.0051389365,0.0094088577,0.1131041124,0.0000339710,0.0107175903,-0.1627012491,0.0512943529,-0.0213487707,0.0161754377,0.0299269184,0.0693344846,-0.7174176574,0.6461935043,0.0000000000,3.3619999886,3.3466277122,nan,nan,nan,nan,nan,nan,nan,nan,nan,nan,nan,nan,nan,-0.0065916628,-0.0135365212,0.9953242540,-3.4336297512,-3.0895104408,-7.5469889641
0.0791396797,-0.0173355956,0.7247213125,-0.0138162557,-0.0166241751,-0.0026528574,0.1000000015,0.0000000000,0.7599999905,0.0000000000,0.2095613033,0.0111940186,0.1952361465,0.0375555046,nan,nan,nan,nan,nan,nan,nan,nan,nan,nan,nan,nan,nan,0.0630887523,-0.0048085926,0.0035168917,0.1035996675,-0.0015474736,0.0105517386,-0.1627012491,0.0512943529,-0.0213487707,0.0161754377,0.0299269184,0.0693344846,-0.7174176574,0.6461935043,0.0000000000,3.3619999886,3.3466277122,nan,nan,nan,nan,nan,nan,nan,nan,nan,nan,nan,nan,nan,-0.0065916628,-0.0135365212,0.9953242540,-3.4336297512,-3.0895104408,-7.5469889641
0.0819406435,-0.0172219705,0.7241962552,-0.0138392478,-0.0166050402,0.0001149051,0.1000000015,0.0000000000,0.7599999905,0.0000000000,0.2095613033,0.0111940186,0.1952361465,0.0375555046,nan,nan,nan,nan,nan,nan,nan,nan,nan,nan,nan,nan,nan,0.0630887523,-0.0048085926,0.0035168917,0.1035996675,-0.0015474736,0.0105517386,-0.1627012491,0.0512943529,-0.0213487707,0.0161754377,0.0299269184,0.0693344846,-0.6049835086,0.2100786865,0.0000000000,3.3619999886,3.3466277122,nan,nan,nan,nan,nan,nan,nan,nan,nan,nan,nan,nan,nan,-0.0011388828,-0.0126446113,0.9899669290,-2.4737060070,8.2890911102,6.0395708084
0.0819406435,-0.0172219705,0.7241962552,-0.0138392478,-0.0166050402,0.0001149051,0.1000000015,0.0000000000,0.7599999905,0.0000000000,0.0415472649,0.1743556857,-0.0134248883,0.2537575364,nan,nan,nan,nan,nan,nan,nan,nan,nan,nan,nan,nan,nan,0.0497702919,-0.0057513765,0.0006271810,0.0883261114,-0.0007333588,0.0045638322,-0.2985038757,-0.0720451176,-0.0628856346,0.0161754377,0.0299269184,0.0693344846,-0.6049835086,0.2100786865,0.0000000000,3.3619999886,3.3466277122,nan,nan,nan,nan,nan,nan,nan,nan,nan,nan,nan,nan,nan,-0.0011388828,-0.0126446113,0.9899669290,-2.4737060070,8.2890911102,6.0395708084
0.0819406435,-0.0172219705,0.7241962552,-0.0138392478,-0.0166050402,0.0001149051,0.2000000030,0.0000000000,0.7599999905,0.0000000000,0.0415472649,0.1743556857,-0.0134248883,0.2537575364,nan,nan,nan,nan,nan,nan,nan,nan,nan,nan,nan,nan,nan,0.0497702919,-0.0057513765,0.0006271810,0.0883261114,-0.0007333588,0.0045638322,-0.2985038757,-0.0720451176,-0.0628856346,0.0130140670,0.0301415175,0.0714550838,-0.6049835086,0.2100786865,0.0000000000,3.3619999886,3.3360705376,nan,nan,nan,nan,nan,nan,nan,nan,nan,nan,nan,nan,nan,-0.0036907624,-0.0145072984,0.9879010320,-2.4737060070,8.2890911102,6.0395708084
0.0845005885,-0.0175039880,0.7242363691,-0.0138231217,-0.0110890954,-0.0026910058,0.2000000030,0.0000000000,0.7599999905,0.0000000000,0.0415472649,0.1743556857,-0.0134248883,0.2537575364,nan,nan,nan,nan,nan,nan,nan,nan,nan,nan,nan,nan,nan,0.0497702919,-0.0057513765,0.0006271810,0.0883261114,-0.0007333588,0.0045638322,-0.0768044665,-0.0141632110,-0.0712839961,0.0130140670,0.0301415175,0.0714550838,-0.6049835086,0.2100786865,0.0000000000,3.3619999886,3.3360705376,nan,nan,nan,nan,nan,nan,nan,nan,nan,nan,nan,nan,nan,-0.0036907624,-0.0145072984,0.9879010320,4.0533242226,1.7962063551,-9.0646600723
0.0845005885,-0.0175039880,0.7242363691,-0.0138231217,-0.0110890954,-0.0026910058,0.2000000030,0.0000000000,0.7599999905,0.0000000000,0.2161440551,0.0217502099,0.1880796552,0.0319432355,nan,nan,nan,nan,nan,nan,nan,nan,nan,nan,nan,nan,nan,0.0387758985,-0.0061640884,-0.0034312317,0.0777903721,-0.0021212725,0.0031941996,-0.0768044665,-0.0141632110,-0.0712839961,0.0130140670,0.0301415175,0.0714550838,-0.6049835086,0.2100786865,0.0000000000,3.3619999886,3.3360705376,nan,nan,nan,nan,nan,nan,nan,nan,nan,nan,nan,nan,nan,-0.0036907624,-0.0145072984,0.9879010320,4.0533242226,1.7962063551,-9.0646600723
0.0864913687,-0.0178094711,0.7241013050,-0.0110554009,-0.0110853606,-0.0027063491,0.2000000030,0.0000000000,0.7599999905,0.0000000000,0.2161440551,0.0217502099,0.1880796552,0.0319432355,nan,nan,nan,nan,nan,nan,nan,nan,nan,nan,nan,nan,nan,0.0387758985,-0.0061640884,-0.0034312317,0.0777903721,-0.0021212725,0.0031941996,-0.0768044665,-0.0141632110,-0.0712839961,0.0130140670,0.0301415175,0.0714550838,-0.7772318125,-1.7243943214,0.0000000000,3.3619999886,3.3360705376,nan,nan,nan,nan,nan,nan,nan,nan,nan,nan,nan,nan,nan,-0.0045298478,-0.0095931953,0.9954526424,-3.5821440220,12.7120618820,4.6003775597
0.0864913687,-0.0178094711,0.7241013050,-0.0110554009,-0.0110853606,-0.0027063491,0.2000000030,0.0000000000,0.7599999905,0.0000000000,0.0229037926,0.1940123588,0.0056610974,0.2345464379,nan,nan,nan,nan,nan,nan,nan,nan,nan,nan,nan,nan,nan,0.0280746054,-0.0075231898,-0.0035083306,0.0655139908,-0.0032776929,0.0014271233,-0.2249659002,-0.0416969024,0.0536809489,0.0130140670,0.0301415175,0.0714550838,-0.7772318125,-1.7243943214,0.0000000000,3.3619999886,3.3360705376,nan,nan,nan,nan,nan,nan,nan,nan,nan,nan,nan,nan,nan,-0.0045298478,-0.0095931953,0.9954526424,-3.5821440220,12.7120618820,4.6003775597
0.0864913687,-0.0178094711,0.7241013050,-0.0110554009,-0.0110853606,-0.0027063491,0.2000000030,0.0000000000,0.7599999905,0.0000000000,0.0229037926,0.1940123588,0.0056610974,0.2345464379,nan,nan,nan,nan,nan,nan,nan,nan,nan,nan,nan,nan,nan,0.0280746054,-0.0075231898,-0.0035083306,0.0655139908,-0.0032776929,0.0014271233,-0.2249659002,-0.0416969024,0.0536809489,0.1415246129,0.0325295180,0.0725981295,-0.7772318125,-1.7243943214,0.0000000000,3.3619999886,3.3307919502,nan,nan,nan,nan,nan,nan,nan,nan,nan,nan,nan,nan,nan,-0.0046724104,-0.0120933549,0.9800358415,-3.5821440220,12.7120618820,4.6003775597
0.0879579037,-0.0181734506,0.7239021659,-0.0138454621,0.0027291687,-0.0055541209,0.2000000030,0.0000000000,0.7599999905,0.0000000000,0.2052033395,0.0177065693,0.1735744327,0.0647653937,nan,nan,nan,nan,nan,nan,nan,nan,nan,nan,nan,nan,nan,0.0280746054,-0.0075231898,-0.0035083306,0.0655139908,-0.0032776929,0.0014271233,0.1287149489,0.1261751056,-0.0820142180,0.1415246129,0.0325295180,0.0725981295,-0.7772318125,-1.7243943214,0.0000000000,3.3619999886,3.3307919502,nan,nan,nan,nan,nan,nan,nan,nan,nan,nan,nan,nan,nan,-0.0046724104,-0.0120933549,0.9800358415,-5.1683869362,4.5502700806,-3.8022420406
0.0879579037,-0.0181734506,0.7239021659,-0.0138454621,0.0027291687,-0.0055541209,0.2000000030,0.0000000000,0.7599999905,0.0000000000,0.2052033395,0.0177065693,0.1735744327,0.0647653937,nan,nan,nan,nan,nan,nan,nan,nan,nan,nan,nan,nan,nan,0.0224872436,-0.0075750928,-0.0114408433,0.0554879755,-0.0044786124,-0.0006313716,0.1287149489,0.1261751056,-0.0820142180,0.1415246129,0.0325295180,0.0725981295,-0.7772318125,-1.7243943214,0.0000000000,3.3619999886,3.3307919502,nan,nan,nan,nan,nan,nan,nan,nan,nan,nan,nan,nan,nan,-0.0046724104,-0.0120933549,0.9800358415,-5.1683869362,4.5502700806,-3.8022420406
0.0891109481,-0.0185456425,0.7233640552,-0.0166208817,0.0054889212,-0.0055809181,0.2000000030,0.0000000000,0.7599999905,0.0000000000,0.2052033395,0.0177065693,0.1735744327,0.0647653937,nan,nan,nan,nan,nan,nan,nan,nan,nan,nan,nan,nan,nan,0.0224872436,-0.0075750928,-0.0114408433,0.0554879755,-0.0044786124,-0.0006313716,0.1287149489,0.1261751056,-0.0820142180,0.1415246129,0.0325295180,0.0725981295,-0.7964904904,-1.7610445023,0.0000000000,3.3619999886,3.3307919502,nan,nan,nan,nan,nan,nan,nan,nan,nan,nan,nan,nan,nan,0.0019142042,-0.0120314071,0.9927845001,3.6780138016,-0.6792020798,4.6721367836
0.0891109481,-0.0185456425,0.7233640552,-0.0166208817,0.0054889212,-0.0055809181,0.2000000030,0.0000000000,0.7599999905,0.0000000000,0.0358403921,0.1956389844,-0.0045197224,0.2356725484,nan,nan,nan,nan,nan,nan,nan,nan,nan,nan,nan,nan,nan,0.0189067870,-0.0065489020,-0.0185262766,0.0457457453,-0.0051031848,-0.0041470374,0.0004250046,-0.0417856723,-0.1441327035,0.1415246129,0.0325295180,0.0725981295,-0.7964904904,-1.7610445023,0.0000000000,3.3619999886,3.3307919502,nan,nan,nan,nan,nan,nan,nan,nan,nan,nan,nan,nan,nan,0.0019142042,-0.0120314071,0.9927845001,3.6780138016,-0.6792020798,4.6721367836
0.0891109481,-0.0185456425,0.7233640552,-0.0166208817,0.0054889212,-0.0055809181,0.2000000030,0.0000000000,0.7599999905,0.0000000000,0.0358403921,0.1956389844,-0.0045197224,0.2356725484,nan,nan,nan,nan,nan,nan,nan,nan,nan,nan,nan,nan,nan,0.0189067870,-0.0065489020,-0.0185262766,0.0457457453,-0.0051031848,-0.0041470374,0.0004250046,-0.0417856723,-0.1441327035,0.1401267499,0.0337388553,0.0772941560,-0.7964904904,-1.7610445023,0.0000000000,3.3619999886,3.2991201878,nan,nan,nan,nan,nan,nan,nan,nan,nan,nan,nan,nan,nan,-0.0062576178,-0.0152106490,0.9864299297,3.6780138016,-0.6792020798,4.6721367836
0.0900869146,-0.0188655406,0.7224786282,-0.0166287786,0.0082563719,-0.0056039766,0.2000000030,0.0000000000,0.7599999905,0.0000000000,0.2378515303,-0.0155611513,0.1853971183,0.0569100492,nan,nan,nan,nan,nan,nan,nan,nan,nan,nan,nan,nan,nan,0.0189067870,-0.0065489020,-0.0185262766,0.0457457453,-0.0051031848,-0.0041470374,0.1672267169,0.0503956415,-0.1707772911,0.1401267499,0.0337388553,0.0772941560,-0.7964904904,-1.7610445023,0.0000000000,3.3619999886,3.2991201878,nan,nan,nan,nan,nan,nan,nan,nan,nan,nan,nan,nan,nan,-0.0062576178,-0.0152106490,0.9864299297,-1.5765923262,6.7457900047,-2.6070480347
0.0900869146,-0.0188655406,0.7224786282,-0.0166287786,0.0082563719,-0.0056039766,0.2000000030,0.0000000000,0.7599999905,0.0000000000,0.2378515303,-0.0155611513,0.1853971183,0.0569100492,nan,nan,nan,nan,nan,nan,nan,nan,nan,nan,nan,nan,nan,0.0175856799,-0.0057121939,-0.0251959749,0.0388338640,-0.0053996108,-0.0086565111,0.1672267169,0.0503956415,-0.1707772911,0.1401267499,0.0337388553,0.0772941560,-0.7964904904,-1.7610445023,0.0000000000,3.3619999886,3.2991201878,nan,nan,nan,nan,nan,nan,nan,nan,nan,nan,nan,nan,nan,-0.0062576178,-0.0152106490,0.9864299297,-1.5765923262,6.7457900047,-2.6070480347
0.0908229426,-0.0169608910,0.7231108546,-0.0166257616,0.0138143465,-0.0028825452,0.2000000030,0.0000000000,0.7599999905,0.0000000000,0.2378515303,-0.0155611513,0.1853971183,0.0569100492,nan,nan,nan,nan,nan,nan,nan,nan,nan,nan,nan,nan,nan,0.0175856799,-0.0057121939,-0.0251959749,0.0388338640,-0.0053996108,-0.0086565111,0.0807425752,0.0517933778,-0.1630677432,0.1401267499,0.0337388553,0.0772941560,0.1907367408,-1.8571394682,0.0000000000,3.3619999886,3.2991201878,nan,nan,nan,nan,nan,nan,nan,nan,nan,nan,nan,nan,nan,-0.0014382581,-0.0110152289,0.9853241444,-1.0801317692,-0.4721080065,8.9419584274
0.0908229426,-0.0169608910,0.7231108546,-0.0166257616,0.0138143465,-0.0028825452,0.2000000030,0.0000000000,0.7599999905,0.0000000000,0.0271549560,0.1996124238,0.0053467616,0.2328832000,nan,nan,nan,nan,nan,nan,nan,nan,nan,nan,nan,nan,nan,0.0169436112,0.0034077826,-0.0255984105,0.0318483226,0.0062549636,-0.0037603923,0.0807425752,0.0517933778,-0.1630677432,0.1401267499,0.0337388553,0.0772941560,0.1907367408,-1.8571394682,0.0000000000,3.3619999886,3.2991201878,nan,nan,nan,nan,nan,nan,nan,nan,nan,nan,nan,nan,nan,-0.0014382581,-0.0110152289,0.9853241444,-1.0801317692,-0.4721080065,8.9419584274
0.0908229426,-0.0169608910,0.7231108546,-0.0166257616,0.0138143465,-0.0028825452,0.2000000030,0.0000000000,0.7599999905,0.0000000000,0.0271549560,0.1996124238,0.0053467616,0.2328832000,nan,nan,nan,nan,nan,nan,nan,nan,nan,nan,nan,nan,nan,0.0169436112,0.0034077826,-0.0255984105,0.0318483226,0.0062549636,-0.0037603923,0.0807425752,0.0517933778,-0.1630677432,0.1385773718,0.0287127569,0.0794334337,0.1907367408,-1.8571394682,0.0000000000,3.3619999886,3.2991201878,nan,nan,nan,nan,nan,nan,nan,nan,nan,nan,nan,nan,nan,-0.0019139638,-0.0155427773,1.0012774467,-1.0801317692,-0.4721080065,8.9419584274
0.0916762650,-0.0167846978,0.7218878269,-0.0138622133,0.0165858734,-0.0028826667,0.2000000030,0.0000000000,0.7599999905,0.0000000000,0.2398596257,0.0034363319,0.1766323447,0.0443244092,nan,nan,nan,nan,nan,nan,nan,nan,nan,nan,nan,nan,nan,0.0169436112,0.0034077826,-0.0255984105,0.0318483226,0.0062549636,-0.0037603923,0.1872040927,0.0879618675,-0.1358384341,0.1385773718,0.0287127569,0.0794334337,0.1907367408,-1.8571394682,0.0000000000,3.3619999886,3.2991201878,nan,nan,nan,nan,nan,nan,nan,nan,nan,nan,nan,nan,nan,-0.0019139638,-0.0155427773,1.0012774467,4.7972021103,5.5142784119,-3.3646833897
0.0916762650,-0.0167846978,0.7218878269,-0.0138622133,0.0165858734,-0.0028826667,0.2000000030,0.0000000000,0.7599999905,0.0000000000,0.2398596257,0.0034363319,0.1766323447,0.0443244092,nan,nan,nan,nan,nan,nan,nan,nan,nan,nan,nan,nan,nan,0.0191540457,0.0042980243,-0.0278188158,0.0283747911,0.0057587572,-0.0097286683,0.1872040927,0.0879618675,-0.1358384341,0.1385773718,0.0287127569,0.0794334337,0.1907367408,-1.8571394682,0.0000000000,3.3619999886,3.2991201878,nan,nan,nan,nan,nan,nan,nan,nan,nan,nan,nan,nan,nan,-0.0019139638,-0.0155427773,1.0012774467,4.7972021103,5.5142784119,-3.3646833897
0.0926379040,-0.0165569950,0.7205287814,-0.0110717796,0.0193727952,-0.0001072501,0.2000000030,0.0000000000,0.7599999905,0.0000000000,0.2398596257,0.0034363319,0.1766323447,0.0443244092,nan,nan,nan,nan,nan,nan,nan,nan,nan,nan,nan,nan,nan,0.0191540457,0.0042980243,-0.0278188158,0.0283747911,0.0057587572,-0.0097286683,0.1247415319,-0.0821756423,0.0226135235,0.1385773718,0.0287127569,0.0794334337,-0.4808205664,-1.5686553717,0.0000000000,3.3619999886,3.2991201878,nan,nan,nan,nan,nan,nan,nan,nan,nan,nan,nan,nan,nan,0.0036119490,-0.0122704701,1.0005878210,-1.3129633665,1.4028162956,8.4867076874
0.0926379040,-0.0165569950,0.7205287814,-0.0110717796,0.0193727952,-0.0001072501,0.2000000030,0.0000000000,0.7599999905,0.0000000000,0.0243686587,0.1969359964,0.0089509422,0.2363775223,nan,nan,nan,nan,nan,nan,nan,nan,nan,nan,nan,nan,nan,0.0229926091,0.0034527471,-0.0294945743,0.0259825848,0.0053247022,-0.0146256052,0.1247415319,-0.0821756423,0.0226135235,0.1385773718,0.0287127569,0.0794334337,-0.4808205664,-1.5686553717,0.0000000000,3.3619999886,3.2991201878,nan,nan,nan,nan,nan,nan,nan,nan,nan,nan,nan,nan,nan,0.0036119490,-0.0122704701,1.0005878210,-1.3129633665,1.4028162956,8.4867076874
0.0926379040,-0.0165569950,0.7205287814,-0.0110717796,0.0193727952,-0.0001072501,0.2000000030,0.0000000000,0.7599999905,0.0000000000,0.0243686587,0.1969359964,0.0089509422,0.2363775223,nan,nan,nan,nan,nan,nan,nan,nan,nan,nan,nan,nan,nan,0.0229926091,0.0034527471,-0.0294945743,0.0259825848,0.0053247022,-0.0146256052,0.1247415319,-0.0821756423,0.0226135235,0.1350020766,0.0271085240,0.0856620222,-0.4808205664,-1.5686553717,0.0000000000,3.3619999886,3.2938416004,nan,nan,nan,nan,nan,nan,nan,nan,nan,nan,nan,nan,nan,-0.0002705465,-0.0164997447,0.9842104316,-1.3129633665,1.4028162956,8.4867076874
0.0937817991,-0.0163596980,0.7190608382,-0.0138392478,0.0166050402,-0.0001149051,0.2000000030,0.0000000000,0.7599999905,0.0000000000,0.2145540565,0.0054077976,0.1832730621,0.0653391331,nan,nan,nan,nan,nan,nan,nan,nan,nan,nan,nan,nan,nan,0.0229926091,0.0034527471,-0.0294945743,0.0259825848,0.0053247022,-0.0146256052,0.1585264355,0.0214989502,-0.0687515661,0.1350020766,0.0271085240,0.0856620222,-0.4808205664,-1.5686553717,0.0000000000,3.2829999924,3.2938416004,nan,nan,nan,nan,nan,nan,nan,nan,nan,nan,nan,nan,nan,-0.0002705465,-0.0164997447,0.9842104316,-2.0608658791,-3.2646965981,-8.7786588669
0.0937817991,-0.0163596980,0.7190608382,-0.0138392478,0.0166050402,-0.0001149051,0.2000000030,0.0000000000,0.7599999905,0.0000000000,0.2145540565,0.0054077976,0.1832730621,0.0653391331,nan,nan,nan,nan,nan,nan,nan,nan,nan,nan,nan,nan,nan,0.0267206933,0.0032214762,-0.0323633701,0.0252095759,0.0048245634,-0.0185914468,0.1585264355,0.0214989502,-0.0687515661,0.1350020766,0.0271085240,0.0856620222,-0.4808205664,-1.5686553717,0.0000000000,3.2829999924,3.2938416004,nan,nan,nan,nan,nan,nan,nan,nan,nan,nan,nan,nan,nan,-0.0002705465,-0.0164997447,0.9842104316,-2.0608658791,-3.2646965981,-8.7786588669
0.0973527879,-0.0131956767,0.7173646688,-0.0138392478,0.0166050402,-0.0001149051,0.2000000030,0.0000000000,0.7599999905,0.0000000000,0.2145540565,0.0054077976,0.1832730621,0.0653391331,nan,nan,nan,nan,nan,nan,nan,nan,nan,nan,nan,nan,nan,0.0267206933,0.0032214762,-0.0323633701,0.0252095759,0.0048245634,-0.0185914468,0.1585264355,0.0214989502,-0.0687515661,0.1350020766,0.0271085240,0.0856620222,0.4178894162,-0.8539159298,0.0000000000,3.2829999924,3.2938416004,nan,nan,nan,nan,nan,nan,nan,nan,nan,nan,nan,nan,nan,0.0018963401,-0.0165328756,0.9970857501,2.5200715065,-1.5102825165,9.3191890717
0.0973527879,-0.0131956767,0.7173646688,-0.0138392478,0.0166050402,-0.0001149051,0.2000000030,0.0000000000,0.7599999905,0.0000000000,0.0405462757,0.1934233606,-0.0060639353,0.2410498261,nan,nan,nan,nan,nan,nan,nan,nan,nan,nan,nan,nan,nan,0.0420969166,0.0181360524,-0.0349577740,0.0384741351,0.0209105164,-0.0228862707,0.1762169600,0.0027175299,-0.0642778575,0.1350020766,0.0271085240,0.0856620222,0.4178894162,-0.8539159298,0.0000000000,3.2829999924,3.2938416004,nan,nan,nan,nan,nan,nan,nan,nan,nan,nan,nan,nan,nan,0.0018963401,-0.0165328756,0.9970857501,2.5200715065,-1.5102825165,9.3191890717
0.0994427279,-0.0122790132,0.7156596780,-0.0083038161,0.0193729256,-0.0000804376,0.2000000030,0.0000000000,0.7599999905,0.0000000000,0.0405462757,0.1934233606,-0.0060639353,0.2410498261,nan,nan,nan,nan,nan,nan,nan,nan,nan,nan,nan,nan,nan,0.0420969166,0.0181360524,-0.0349577740,0.0384741351,0.0209105164,-0.0228862707,0.1762169600,0.0027175299,-0.0642778575,0.1258114874,0.0190252475,0.0930093899,0.4178894162,-0.8539159298,0.0000000000,3.2829999924,3.2832844257,nan,nan,nan,nan,nan,nan,nan,nan,nan,nan,nan,nan,nan,-0.0049617602,-0.0173275806,0.9859143496,2.5200715065,-1.5102825165,9.3191890717
0.0994427279,-0.0122790132,0.7156596780,-0.0083038161,0.0193729256,-0.0000804376,0.2000000030,0.0000000000,0.7599999905,0.0000000000,0.2338048369,0.0013916228,0.2024750262,0.0348943323,nan,nan,nan,nan,nan,nan,nan,nan,nan,nan,nan,nan,nan,0.0420969166,0.0181360524,-0.0349577740,0.0384741351,0.0209105164,-0.0228862707,0.1383838505,-0.0600311421,-0.0663565472,0.1258114874,0.0190252475,0.0930093899,0.4178894162,-0.8539159298,0.0000000000,3.2829999924,3.2832844257,nan,nan,nan,nan,nan,nan,nan,nan,nan,nan,nan,nan,nan,-0.0049617602,-0.0173275806,0.9859143496,12.9210529327,-1.2559823990,-12.3299007416
0.0994427279,-0.0122790132,0.7156596780,-0.0083038161,0.0193729256,-0.0000804376,0.2000000030,0.0000000000,0.7599999905,0.0000000000,0.2338048369,0.0013916228,0.2024750262,0.0348943323,nan,nan,nan,nan,nan,nan,nan,nan,nan,nan,nan,nan,nan,0.0483833402,0.0165974237,-0.0404265560,0.0397337340,0.0200561862,-0.0263195038,0.1383838505,-0.0600311421,-0.0663565472,0.1258114874,0.0190252475,0.0930093899,0.4178894162,-0.8539159298,0.0000000000,3.2829999924,3.2832844257,nan,nan,nan,nan,nan,nan,nan,nan,nan,nan,nan,nan,nan,-0.0049617602,-0.0173275806,0.9859143496,12.9210529327,-1.2559823990,-12.3299007416
0.1019320339,-0.0113779185,0.7136203051,-0.0027678284,0.0166054224,-0.0000229810,0.2000000030,0.0000000000,0.7599999905,0.0000000000,0.2338048369,0.0013916228,0.2024750262,0.0348943323,nan,nan,nan,nan,nan,nan,nan,nan,nan,nan,nan,nan,nan,0.0483833402,0.0165974237,-0.0404265560,0.0397337340,0.0200561862,-0.0263195038,0.0989765525,-0.1341268867,-0.1621187329,0.1258114874,0.0190252475,0.0930093899,-0.1068169922,-0.8456617594,0.0000000000,3.2829999924,3.2832844257,nan,nan,nan,nan,nan,nan,nan,nan,nan,nan,nan,nan,nan,-0.0038702809,-0.0191369429,0.9944273233,3.7102317810,3.7553548813,8.8861722946
0.1019320339,-0.0113779185,0.7136203051,-0.0027678284,0.0166054224,-0.0000229810,0.2000000030,0.0000000000,0.7599999905,0.0000000000,0.0526649915,0.1829404235,0.0259678047,0.2119447738,nan,nan,nan,nan,nan,nan,nan,nan,nan,nan,nan,nan,nan,0.0542917363,0.0121664051,-0.0453030206,0.0433202200,0.0191804506,-0.0307625812,0.0989765525,-0.1341268867,-0.1621187329,0.1258114874,0.0190252475,0.0930093899,-0.1068169922,-0.8456617594,0.0000000000,3.2829999924,3.2832844257,nan,nan,nan,nan,nan,nan,nan,nan,nan,nan,nan,nan,nan,-0.0038702809,-0.0191369429,0.9944273233,3.7102317810,3.7553548813,8.8861722946
0.1019320339,-0.0113779185,0.7136203051,-0.0027678284,0.0166054224,-0.0000229810,0.2000000030,0.0000000000,0.7599999905,0.0000000000,0.0526649915,0.1829404235,0.0259678047,0.2119447738,nan,nan,nan,nan,nan,nan,nan,nan,nan,nan,nan,nan,nan,0.0542917363,0.0121664051,-0.0453030206,0.0433202200,0.0191804506,-0.0307625812,0.0989765525,-0.1341268867,-0.1621187329,0.1166139320,0.0165935885,0.1028485596,-0.1068169922,-0.8456617594,0.0000000000,3.2829999924,3.2727272511,nan,nan,nan,nan,nan,nan,nan,nan,nan,nan,nan,nan,nan,0.0041860826,-0.0114480546,0.9845134616,3.7102317810,3.7553548813,8.8861722946
0.1046246961,-0.0107176565,0.7113997936,-0.0055546315,0.0138300905,-0.0028060302,0.2000000030,0.0000000000,0.7599999905,0.0000000000,0.2294529676,0.0057923249,0.1950652450,0.0489082187,nan,nan,nan,nan,nan,nan,nan,nan,nan,nan,nan,nan,nan,0.0542917363,0.0121664051,-0.0453030206,0.0433202200,0.0191804506,-0.0307625812,0.1196575761,-0.1222252324,-0.0884180889,0.1166139320,0.0165935885,0.1028485596,-0.1068169922,-0.8456617594,0.0000000000,3.2829999924,3.2727272511,nan,nan,nan,nan,nan,nan,nan,nan,nan,nan,nan,nan,nan,0.0041860826,-0.0114480546,0.9845134616,2.2420578003,-1.3460880518,-11.4130287170
0.1046246961,-0.0107176565,0.7113997936,-0.0055546315,0.0138300905,-0.0028060302,0.2000000030,0.0000000000,0.7599999905,0.0000000000,0.2294529676,0.0057923249,0.1950652450,0.0489082187,nan,nan,nan,nan,nan,nan,nan,nan,nan,nan,nan,nan,nan,0.0586886853,0.0087250788,-0.0521070287,0.0463686697,0.0168937575,-0.0351482444,0.1196575761,-0.1222252324,-0.0884180889,0.1166139320,0.0165935885,0.1028485596,-0.1068169922,-0.8456617594,0.0000000000,3.2829999924,3.2727272511,nan,nan,nan,nan,nan,nan,nan,nan,nan,nan,nan,nan,nan,0.0041860826,-0.0114480546,0.9845134616,2.2420578003,-1.3460880518,-11.4130287170
0.1075965762,-0.0102668516,0.7088202834,-0.0055354870,0.0138377638,-0.0000383001,0.2000000030,0.0000000000,0.7599999905,0.0000000000,0.2294529676,0.0057923249,0.1950652450,0.0489082187,nan,nan,nan,nan,nan,nan,nan,nan,nan,nan,nan,nan,nan,0.0586886853,0.0087250788,-0.0521070287,0.0463686697,0.0168937575,-0.0351482444,0.0556169860,-0.0326884836,-0.0652438179,0.1166139320,0.0165935885,0.1028485596,-0.2891725898,-0.5824010372,0.0000000000,3.2829999924,3.2727272511,nan,nan,nan,nan,nan,nan,nan,nan,nan,nan,nan,nan,nan,-0.0146190673,-0.0147287035,0.9946222305,3.2318956852,0.4297730327,12.1365718842
0.1075965762,-0.0102668516,0.7088202834,-0.0055354870,0.0138377638,-0.0000383001,0.2000000030,0.0000000000,0.7599999905,0.0000000000,0.0858655721,0.1458701491,0.0442084409,0.2027130574,nan,nan,nan,nan,nan,nan,nan,nan,nan,nan,nan,nan,nan,0.0654316545,0.0035210776,-0.0540511645,0.0511038490,0.0144718401,-0.0403162539,0.0556169860,-0.0326884836,-0.0652438179,0.1166139320,0.0165935885,0.1028485596,-0.2891725898,-0.5824010372,0.0000000000,3.2829999924,3.2727272511,nan,nan,nan,nan,nan,nan,nan,nan,nan,nan,nan,nan,nan,-0.0146190673,-0.0147287035,0.9946222305,3.2318956852,0.4297730327,12.1365718842
0.1108473390,-0.0100305919,0.7061363459,-0.0055546315,0.0138300905,-0.0028060302,0.2000000030,0.0000000000,0.7599999905,0.0000000000,0.0858655721,0.1458701491,0.0442084409,0.2027130574,nan,nan,nan,nan,nan,nan,nan,nan,nan,nan,nan,nan,nan,0.0654316545,0.0035210776,-0.0540511645,0.0511038490,0.0144718401,-0.0403162539,0.0556169860,-0.0326884836,-0.0652438179,0.1069807261,0.0165034961,0.1147239506,-0.2891725898,-0.5824010372,0.0000000000,3.2829999924,3.2568914890,nan,nan,nan,nan,nan,nan,nan,nan,nan,nan,nan,nan,nan,0.0050364304,-0.0099264076,0.9999178052,3.2318956852,0.4297730327,12.1365718842
0.1108473390,-0.0100305919,0.7061363459,-0.0055546315,0.0138300905,-0.0028060302,0.2000000030,0.0000000000,0.7599999905,0.0000000000,0.2029541582,0.0347203799,0.1748531312,0.0673746839,nan,nan,nan,nan,nan,nan,nan,nan,nan,nan,nan,nan,nan,0.0654316545,0.0035210776,-0.0540511645,0.0511038490,0.0144718401,-0.0403162539,0.0539767519,-0.1228983551,-0.0859026164,0.1069807261,0.0165034961,0.1147239506,-0.2891725898,-0.5824010372,0.0000000000,3.2829999924,3.2568914890,nan,nan,nan,nan,nan,nan,nan,nan,nan,nan,nan,nan,nan,0.0050364304,-0.0099264076,0.9999178052,-1.4471908808,-2.6874732971,-12.9937143326
0.1108473390,-0.0100305919,0.7061363459,-0.0055546315,0.0138300905,-0.0028060302,0.2000000030,0.0000000000,0.7599999905,0.0000000000,0.2029541582,0.0347203799,0.1748531312,0.0673746839,nan,nan,nan,nan,nan,nan,nan,nan,nan,nan,nan,nan,nan,0.0699213445,-0.0003747119,-0.0550188124,0.0549840964,0.0111655053,-0.0436161719,0.0539767519,-0.1228983551,-0.0859026164,0.1069807261,0.0165034961,0.1147239506,-0.2891725898,-0.5824010372,0.0000000000,3.2829999924,3.2568914890,nan,nan,nan,nan,nan,nan,nan,nan,nan,nan,nan,nan,nan,0.0050364304,-0.0099264076,0.9999178052,-1.4471908808,-2.6874732971,-12.9937143326
0.1124020442,-0.0059589208,0.7059749961,-0.0055467165,0.0082949480,-0.0027905816,0.2000000030,0.0000000000,0.7599999905,0.0000000000,0.2029541582,0.0347203799,0.1748531312,0.0673746839,nan,nan,nan,nan,nan,nan,nan,nan,nan,nan,nan,nan,nan,0.0699213445,-0.0003747119,-0.0550188124,0.0549840964,0.0111655053,-0.0436161719,0.0640645698,-0.1056288481,-0.1503664255,0.1069807261,0.0165034961,0.1147239506,0.5227200389,-0.6921582818,0.0000000000,3.2829999924,3.2568914890,nan,nan,nan,nan,nan,nan,nan,nan,nan,nan,nan,nan,nan,-0.0152450763,-0.0200291108,0.9945527911,-3.2465074062,-0.4065269828,10.0673866272
0.1124020442,-0.0059589208,0.7059749961,-0.0055467165,0.0082949480,-0.0027905816,0.2000000030,0.0000000000,0.7599999905,0.0000000000,0.1365835071,0.0866742954,0.1223804131,0.1276478320,nan,nan,nan,nan,nan,nan,nan,nan,nan,nan,nan,nan,nan,0.0671487749,0.0088645350,-0.0493996702,0.0494929478,0.0300946478,-0.0332937166,0.0640645698,-0.1056288481,-0.1503664255,0.1069807261,0.0165034961,0.1147239506,0.5227200389,-0.6921582818,0.0000000000,3.2829999924,3.2568914890,nan,nan,nan,nan,nan,nan,nan,nan,nan,nan,nan,nan,nan,-0.0152450763,-0.0200291108,0.9945527911,-3.2465074062,-0.4065269828,10.0673866272
0.1157534719,-0.0054618851,0.7035176754,-0.0027829861,0.0110663702,-0.0027829861,0.3000000119,0.0000000000,0.7599999905,0.0000000000,0.1365835071,0.0866742954,0.1223804131,0.1276478320,nan,nan,nan,nan,nan,nan,nan,nan,nan,nan,nan,nan,nan,0.0671487749,0.0088645350,-0.0493996702,0.0494929478,0.0300946478,-0.0332937166,0.0640645698,-0.1056288481,-0.1503664255,0.0995814279,0.0096262321,0.1202652454,0.5227200389,-0.6921582818,0.0000000000,3.2829999924,3.2304985523,nan,nan,nan,nan,nan,nan,nan,nan,nan,nan,nan,nan,nan,0.0070166499,-0.0100640981,0.9835152030,-3.2465074062,-0.4065269828,10.0673866272
0.1157534719,-0.0054618851,0.7035176754,-0.0027829861,0.0110663702,-0.0027829861,0.3000000119,0.0000000000,0.7599999905,0.0000000000,0.1780087054,0.0605203360,0.1583306640,0.0876936018,nan,nan,nan,nan,nan,nan,nan,nan,nan,nan,nan,nan,nan,0.0671487749,0.0088645350,-0.0493996702,0.0494929478,0.0300946478,-0.0332937166,0.0543155335,-0.1547466666,-0.2545830905,0.0995814279,0.0096262321,0.1202652454,0.5227200389,-0.6921582818,0.0000000000,3.2829999924,3.2304985523,nan,nan,nan,nan,nan,nan,nan,nan,nan,nan,nan,nan,nan,0.0070166499,-0.0100640981,0.9835152030,5.9882287979,-1.9972000122,-8.7424631119
0.1157534719,-0.0054618851,0.7035176754,-0.0027829861,0.0110663702,-0.0027829861,0.3000000119,0.0000000000,0.7599999905,0.0000000000,0.1780087054,0.0605203360,0.1583306640,0.0876936018,nan,nan,nan,nan,nan,nan,nan,nan,nan,nan,nan,nan,nan,0.0703618303,0.0050286250,-0.0572506711,0.0541111045,0.0238884576,-0.0380145051,0.0543155335,-0.1547466666,-0.2545830905,0.0995814279,0.0096262321,0.1202652454,0.5227200389,-0.6921582818,0.0000000000,3.2829999924,3.2304985523,nan,nan,nan,nan,nan,nan,nan,nan,nan,nan,nan,nan,nan,0.0070166499,-0.0100640981,0.9835152030,5.9882287979,-1.9972000122,-8.7424631119
0.1192971468,-0.0052034669,0.7005653381,-0.0027829861,0.0110663702,-0.0027829861,0.3000000119,0.0000000000,0.7599999905,0.0000000000,0.1780087054,0.0605203360,0.1583306640,0.0876936018,nan,nan,nan,nan,nan,nan,nan,nan,nan,nan,nan,nan,nan,0.0703618303,0.0050286250,-0.0572506711,0.0541111045,0.0238884576,-0.0380145051,0.0543155335,-0.1547466666,-0.2545830905,0.0995814279,0.0096262321,0.1202652454,-0.2714569569,-2.0414841175,0.0000000000,3.2829999924,3.2304985523,nan,nan,nan,nan,nan,nan,nan,nan,nan,nan,nan,nan,nan,-0.0103196474,-0.0214357767,0.9880478978,0.4860121310,3.3054769039,9.9715156555
0.1192971468,-0.0052034669,0.7005653381,-0.0027829861,0.0110663702,-0.0027829861,0.3000000119,0.0000000000,0.7599999905,0.0000000000,0.1460654587,0.0921461806,0.1133135036,0.1386678964,nan,nan,nan,nan,nan,nan,nan,nan,nan,nan,nan,nan,nan,0.0752542019,-0.0025556020,-0.0698390231,0.0597760677,0.0183838457,-0.0456717163,0.0733634681,-0.0754773170,-0.1074987277,0.0995814279,0.0096262321,0.1202652454,-0.2714569569,-2.0414841175,0.0000000000,3.2829999924,3.2304985523,nan,nan,nan,nan,nan,nan,nan,nan,nan,nan,nan,nan,nan,-0.0103196474,-0.0214357767,0.9880478978,0.4860121310,3.3054769039,9.9715156555
0.1192971468,-0.0052034669,0.7005653381,-0.0027829861,0.0110663702,-0.0027829861,0.3000000119,0.0000000000,0.7599999905,0.0000000000,0.1460654587,0.0921461806,0.1133135036,0.1386678964,nan,nan,nan,nan,nan,nan,nan,nan,nan,nan,nan,nan,nan,0.0752542019,-0.0025556020,-0.0698390231,0.0597760677,0.0183838457,-0.0456717163,0.0733634681,-0.0754773170,-0.1074987277,0.2197815329,0.0096743340,0.1347278506,-0.2714569569,-2.0414841175,0.0000000000,3.2829999924,3.2093842030,nan,nan,nan,nan,nan,nan,nan,nan,nan,nan,nan,nan,nan,0.0026938554,-0.0126017993,0.9809308648,0.4860121310,3.3054769039,9.9715156555
0.1230477840,-0.0052471445,0.6971162558,-0.0055546315,0.0138300905,-0.0028060302,0.3000000119,0.0000000000,0.7599999905,0.0000000000,0.1803036630,0.0626077652,0.1506218165,0.0979659781,nan,nan,nan,nan,nan,nan,nan,nan,nan,nan,nan,nan,nan,0.0752542019,-0.0025556020,-0.0698390231,0.0597760677,0.0183838457,-0.0456717163,0.0052244356,-0.1103113443,-0.1731343120,0.2197815329,0.0096743340,0.1347278506,-0.2714569569,-2.0414841175,0.0000000000,3.2829999924,3.2093842030,nan,nan,nan,nan,nan,nan,nan,nan,nan,nan,nan,nan,nan,0.0026938554,-0.0126017993,0.9809308648,-2.9918887615,3.7072041035,-9.4324674606
0.1230477840,-0.0052471445,0.6971162558,-0.0055546315,0.0138300905,-0.0028060302,0.3000000119,0.0000000000,0.7599999905,0.0000000000,0.1803036630,0.0626077652,0.1506218165,0.0979659781,nan,nan,nan,nan,nan,nan,nan,nan,nan,nan,nan,nan,nan,0.0800305307,-0.0070085186,-0.0753262490,0.0638594031,0.0123708155,-0.0521586053,0.0052244356,-0.1103113443,-0.1731343120,0.2197815329,0.0096743340,0.1347278506,-0.2714569569,-2.0414841175,0.0000000000,3.2829999924,3.2093842030,nan,nan,nan,nan,nan,nan,nan,nan,nan,nan,nan,nan,nan,0.0026938554,-0.0126017993,0.9809308648,-2.9918887615,3.7072041035,-9.4324674606
0.1329989582,-0.0019869548,0.6890720129,-0.0055586374,0.0165976982,-0.0028137796,0.3000000119,0.0000000000,0.7599999905,0.0000000000,0.1803036630,0.0626077652,0.1506218165,0.0979659781,nan,nan,nan,nan,nan,nan,nan,nan,nan,nan,nan,nan,nan,0.0800305307,-0.0070085186,-0.0753262490,0.0638594031,0.0123708155,-0.0521586053,0.1359554827,-0.0749483407,-0.0644064993,0.2197815329,0.0096743340,0.1347278506,-0.5153748393,-1.6477476358,0.0000000000,3.2829999924,3.2093842030,nan,nan,nan,nan,nan,nan,nan,nan,nan,nan,nan,nan,nan,-0.0117044067,-0.0219810531,0.9989554286,-2.3754746914,-7.8104314804,9.1677684784
0.1329989582,-0.0019869548,0.6890720129,-0.0055586374,0.0165976982,-0.0028137796,0.3000000119,0.0000000000,0.7599999905,0.0000000000,0.1788052171,0.0566109717,0.1545250714,0.1279743612,nan,nan,nan,nan,nan,nan,nan,nan,nan,nan,nan,nan,nan,0.1145589724,0.0020012704,-0.0980180800,0.1043225303,0.0275509451,-0.0846114829,0.1359554827,-0.0749483407,-0.0644064993,0.2197815329,0.0096743340,0.1347278506,-0.5153748393,-1.6477476358,0.0000000000,3.2829999924,3.2093842030,nan,nan,nan,nan,nan,nan,nan,nan,nan,nan,nan,nan,nan,-0.0117044067,-0.0219810531,0.9989554286,-2.3754746914,-7.8104314804,9.1677684784
0.1329989582,-0.0019869548,0.6890720129,-0.0055586374,0.0165976982,-0.0028137796,0.3000000119,0.0000000000,0.7599999905,0.0000000000,0.1788052171,0.0566109717,0.1545250714,0.1279743612,nan,nan,nan,nan,nan,nan,nan,nan,nan,nan,nan,nan,nan,0.1145589724,0.0020012704,-0.0980180800,0.1043225303,0.0275509451,-0.0846114829,0.1359554827,-0.0749483407,-0.0644064993,0.1988699138,0.0058994871,0.1610604227,-0.5153748393,-1.6477476358,0.0000000000,3.2829999924,3.2093842030,nan,nan,nan,nan,nan,nan,nan,nan,nan,nan,nan,nan,nan,0.0083605815,-0.0050633126,1.0165959597,-2.3754746914,-7.8104314804,9.1677684784
0.1386718303,-0.0017943213,0.6841915250,-0.0055506581,0.0110625091,-0.0027982977,0.3000000119,0.0000000000,0.7599999905,0.0000000000,0.1340871304,0.1218249798,0.0978927314,0.1446890980,nan,nan,nan,nan,nan,nan,nan,nan,nan,nan,nan,nan,nan,0.1145589724,0.0020012704,-0.0980180800,0.1043225303,0.0275509451,-0.0846114829,0.0314485691,-0.0898717418,0.1749756038,0.1988699138,0.0058994871,0.1610604227,-0.5153748393,-1.6477476358,0.0000000000,3.2829999924,3.2093842030,nan,nan,nan,nan,nan,nan,nan,nan,nan,nan,nan,nan,nan,0.0083605815,-0.0050633126,1.0165959597,6.5675177574,0.5572597384,-7.3894853592
0.1386718303,-0.0017943213,0.6841915250,-0.0055506581,0.0110625091,-0.0027982977,0.3000000119,0.0000000000,0.7599999905,0.0000000000,0.1340871304,0.1218249798,0.0978927314,0.1446890980,nan,nan,nan,nan,nan,nan,nan,nan,nan,nan,nan,nan,nan,0.1206884682,-0.0012241197,-0.0918656811,0.1066246852,0.0204464421,-0.0867924094,0.0314485691,-0.0898717418,0.1749756038,0.1988699138,0.0058994871,0.1610604227,-0.5153748393,-1.6477476358,0.0000000000,3.2829999924,3.2093842030,nan,nan,nan,nan,nan,nan,nan,nan,nan,nan,nan,nan,nan,0.0083605815,-0.0050633126,1.0165959597,6.5675177574,0.5572597384,-7.3894853592
0.1447278708,-0.0018197964,0.6795758009,-0.0027829861,0.0110663702,-0.0027829861,0.3000000119,0.0000000000,0.7599999905,0.0000000000,0.1340871304,0.1218249798,0.0978927314,0.1446890980,nan,nan,nan,nan,nan,nan,nan,nan,nan,nan,nan,nan,nan,0.1206884682,-0.0012241197,-0.0918656811,0.1066246852,0.0204464421,-0.0867924094,0.1751657426,-0.0551521555,-0.0181977060,0.1988699138,0.0058994871,0.1610604227,-0.2546392381,-0.6818078160,0.0000000000,3.2829999924,3.2093842030,nan,nan,nan,nan,nan,nan,nan,nan,nan,nan,nan,nan,nan,-0.0100917546,-0.0158220418,1.0036216974,2.6377577782,2.1152021885,3.7015032768
0.1447278708,-0.0018197964,0.6795758009,-0.0027829861,0.0110663702,-0.0027829861,0.3000000119,0.0000000000,0.7599999905,0.0000000000,0.2094392329,0.0354802795,0.1770473868,0.0803601146,nan,nan,nan,nan,nan,nan,nan,nan,nan,nan,nan,nan,nan,0.1297138482,-0.0085115219,-0.0908181146,0.1126788929,0.0143369455,-0.0889540762,0.1751657426,-0.0551521555,-0.0181977060,0.1988699138,0.0058994871,0.1610604227,-0.2546392381,-0.6818078160,0.0000000000,3.2829999924,3.2093842030,nan,nan,nan,nan,nan,nan,nan,nan,nan,nan,nan,nan,nan,-0.0100917546,-0.0158220418,1.0036216974,2.6377577782,2.1152021885,3.7015032768
0.1447278708,-0.0018197964,0.6795758009,-0.0027829861,0.0110663702,-0.0027829861,0.3000000119,0.0000000000,0.7599999905,0.0000000000,0.2094392329,0.0354802795,0.1770473868,0.0803601146,nan,nan,nan,nan,nan,nan,nan,nan,nan,nan,nan,nan,nan,0.1297138482,-0.0085115219,-0.0908181146,0.1126788929,0.0143369455,-0.0889540762,0.1751657426,-0.0551521555,-0.0181977060,0.1758922935,0.0053148954,0.1817968041,-0.2546392381,-0.6818078160,0.0000000000,3.2829999924,3.2938416004,nan,nan,nan,nan,nan,nan,nan,nan,nan,nan,nan,nan,nan,0.0075979275,-0.0064096325,1.0397731066,2.6377577782,2.1152021885,3.7015032768
0.1511595696,-0.0021443292,0.6750486493,-0.0027829861,0.0110663702,-0.0027829861,0.3000000119,0.0000000000,0.7599999905,0.0000000000,0.0759411007,0.1661158204,0.0394293144,0.2188510001,nan,nan,nan,nan,nan,nan,nan,nan,nan,nan,nan,nan,nan,0.1297138482,-0.0085115219,-0.0908181146,0.1126788929,0.0143369455,-0.0889540762,0.0114242993,-0.1562655866,0.2830473483,0.1758922935,0.0053148954,0.1817968041,-0.2546392381,-0.6818078160,0.0000000000,3.2829999924,3.2938416004,nan,nan,nan,nan,nan,nan,nan,nan,nan,nan,nan,nan,nan,0.0075979275,-0.0064096325,1.0397731066,-2.4152300358,-6.9731516838,-4.0980043411
0.1511595696,-0.0021443292,0.6750486493,-0.0027829861,0.0110663702,-0.0027829861,0.3000000119,0.0000000000,0.7599999905,0.0000000000,0.0759411007,0.1661158204,0.0394293144,0.2188510001,nan,nan,nan,nan,nan,nan,nan,nan,nan,nan,nan,nan,nan,0.1363856494,-0.0136184394,-0.0806125626,0.1167655811,0.0078493841,-0.0877194926,0.0114242993,-0.1562655866,0.2830473483,0.1758922935,0.0053148954,0.1817968041,-0.2546392381,-0.6818078160,0.0000000000,3.2829999924,3.2938416004,nan,nan,nan,nan,nan,nan,nan,nan,nan,nan,nan,nan,nan,0.0075979275,-0.0064096325,1.0397731066,-2.4152300358,-6.9731516838,-4.0980043411
0.1579949409,-0.0027873006,0.6709656715,-0.0055696525,0.0082795656,-0.0083258082,0.3000000119,0.0000000000,0.7599999905,0.0000000000,0.0759411007,0.1661158204,0.0394293144,0.2188510001,nan,nan,nan,nan,nan,nan,nan,nan,nan,nan,nan,nan,nan,0.1363856494,-0.0136184394,-0.0806125626,0.1167655811,0.0078493841,-0.0877194926,0.1342085749,-0.0285364036,-0.1931388080,0.1758922935,0.0053148954,0.1817968041,-0.5621781349,-0.1850386113,0.0000000000,3.2829999924,3.2938416004,nan,nan,nan,nan,nan,nan,nan,nan,nan,nan,nan,nan,nan,-0.0123744486,-0.0181846935,0.9919670820,-0.4840723276,-5.7531061172,-2.6982476711
0.1579949409,-0.0027873006,0.6709656715,-0.0055696525,0.0082795656,-0.0083258082,0.3000000119,0.0000000000,0.7599999905,0.0000000000,0.2308903635,0.0240573753,0.1743404269,0.0764446482,nan,nan,nan,nan,nan,nan,nan,nan,nan,nan,nan,nan,nan,0.1445175856,-0.0203174446,-0.0841717273,0.1244104654,0.0016523107,-0.0867051333,0.1342085749,-0.0285364036,-0.1931388080,0.1758922935,0.0053148954,0.1817968041,-0.5621781349,-0.1850386113,0.0000000000,3.2829999924,3.2938416004,nan,nan,nan,nan,nan,nan,nan,nan,nan,nan,nan,nan,nan,-0.0123744486,-0.0181846935,0.9919670820,-0.4840723276,-5.7531061172,-2.6982476711
0.1579949409,-0.0027873006,0.6709656715,-0.0055696525,0.0082795656,-0.0083258082,0.3000000119,0.0000000000,0.7599999905,0.0000000000,0.2308903635,0.0240573753,0.1743404269,0.0764446482,nan,nan,nan,nan,nan,nan,nan,nan,nan,nan,nan,nan,nan,0.1445175856,-0.0203174446,-0.0841717273,0.1244104654,0.0016523107,-0.0867051333,0.1342085749,-0.0285364036,-0.1931388080,0.1555670053,0.0099709695,0.1972576976,-0.5621781349,-0.1850386113,0.0000000000,3.2829999924,3.1302053928,nan,nan,nan,nan,nan,nan,nan,nan,nan,nan,nan,nan,nan,-0.0032890907,-0.0081670787,0.9882162213,-0.4840723276,-5.7531061172,-2.6982476711
0.1651683748,-0.0037073717,0.6667729020,-0.0055580832,0.0055120424,-0.0083180291,0.3000000119,0.0000000000,0.7599999905,0.0000000000,0.0398138426,0.2062348425,0.0164309144,0.2500038147,nan,nan,nan,nan,nan,nan,nan,nan,nan,nan,nan,nan,nan,0.1445175856,-0.0203174446,-0.0841717273,0.1244104654,0.0016523107,-0.0867051333,-0.0381085202,-0.1128721312,-0.0448896624,0.1555670053,0.0099709695,0.1972576976,-0.5621781349,-0.1850386113,0.0000000000,3.2829999924,3.1302053928,nan,nan,nan,nan,nan,nan,nan,nan,nan,nan,nan,nan,nan,-0.0032890907,-0.0081670787,0.9882162213,-4.7670636177,-5.4495296478,3.9057843685
0.1651683748,-0.0037073717,0.6667729020,-0.0055580832,0.0055120424,-0.0083180291,0.3000000119,0.0000000000,0.7599999905,0.0000000000,0.0398138426,0.2062348425,0.0164309144,0.2500038147,nan,nan,nan,nan,nan,nan,nan,nan,nan,nan,nan,nan,nan,0.1485007405,-0.0246054307,-0.0892727003,0.1289000213,-0.0043697851,-0.0861031711,-0.0381085202,-0.1128721312,-0.0448896624,0.1555670053,0.0099709695,0.1972576976,-0.5621781349,-0.1850386113,0.0000000000,3.2829999924,3.1302053928,nan,nan,nan,nan,nan,nan,nan,nan,nan,nan,nan,nan,nan,-0.0032890907,-0.0081670787,0.9882162213,-4.7670636177,-5.4495296478,3.9057843685
0.1628905684,-0.0027718253,0.6694585085,-0.0083140880,0.0027330275,-0.0083140880,0.3000000119,0.0000000000,0.7599999905,0.0000000000,0.0398138426,0.2062348425,0.0164309144,0.2500038147,nan,nan,nan,nan,nan,nan,nan,nan,nan,nan,nan,nan,nan,0.1485007405,-0.0246054307,-0.0892727003,0.1289000213,-0.0043697851,-0.0861031711,-0.0381085202,-0.1128721312,-0.0448896624,0.1555670053,0.0099709695,0.1972576976,0.2699570954,-5.6725187302,0.0000000000,3.2829999924,3.1302053928,nan,nan,nan,nan,nan,nan,nan,nan,nan,nan,nan,nan,nan,-0.0072548194,-0.0103574898,1.0034643412,1.9635869265,5.2395668030,-8.8325242996
0.1628905684,-0.0027718253,0.6694585085,-0.0083140880,0.0027330275,-0.0083140880,0.3000000119,0.0000000000,0.7599999905,0.0000000000,0.2632608712,-0.0026276037,0.1901091039,0.0589974858,nan,nan,nan,nan,nan,nan,nan,nan,nan,nan,nan,nan,nan,0.1154513732,-0.0203013178,-0.0676706359,0.0883628353,0.0009361438,-0.0530483797,0.0146533232,-0.0157111045,0.0713243410,0.1555670053,0.0099709695,0.1972576976,0.2699570954,-5.6725187302,0.0000000000,3.2829999924,3.1302053928,nan,nan,nan,nan,nan,nan,nan,nan,nan,nan,nan,nan,nan,-0.0072548194,-0.0103574898,1.0034643412,1.9635869265,5.2395668030,-8.8325242996
0.1628905684,-0.0027718253,0.6694585085,-0.0083140880,0.0027330275,-0.0083140880,0.3000000119,0.0000000000,0.7599999905,0.0000000000,0.2632608712,-0.0026276037,0.1901091039,0.0589974858,nan,nan,nan,nan,nan,nan,nan,nan,nan,nan,nan,nan,nan,0.1154513732,-0.0203013178,-0.0676706359,0.0883628353,0.0009361438,-0.0530483797,0.0146533232,-0.0157111045,0.0713243410,0.1524324417,0.0108036688,0.1983380467,0.2699570954,-5.6725187302,0.0000000000,3.2829999924,3.1988270283,nan,nan,nan,nan,nan,nan,nan,nan,nan,nan,nan,nan,nan,0.0063529122,-0.0110277813,0.9870314598,1.9635869265,5.2395668030,-8.8325242996
0.1686656475,-0.0037183918,0.6660263538,-0.0083494345,0.0165822498,-0.0056045561,0.3000000119,0.0000000000,0.7599999905,0.0000000000,0.0266056322,0.2242527008,0.0279362183,0.2302830666,nan,nan,nan,nan,nan,nan,nan,nan,nan,nan,nan,nan,nan,0.1154513732,-0.0203013178,-0.0676706359,0.0883628353,0.0009361438,-0.0530483797,0.2258292586,-0.0576180555,-0.2427144200,0.1524324417,0.0108036688,0.1983380467,0.2699570954,-5.6725187302,0.0000000000,3.2829999924,3.1988270283,nan,nan,nan,nan,nan,nan,nan,nan,nan,nan,nan,nan,nan,0.0063529122,-0.0110277813,0.9870314598,-2.5196611881,-11.5892124176,12.8253545761
0.1686656475,-0.0037183918,0.6660263538,-0.0083494345,0.0165822498,-0.0056045561,0.3000000119,0.0000000000,0.7599999905,0.0000000000,0.0266056322,0.2242527008,0.0279362183,0.2302830666,nan,nan,nan,nan,nan,nan,nan,nan,nan,nan,nan,nan,nan,0.1205433309,-0.0238162205,-0.0721808523,0.0952614099,-0.0048681847,-0.0569199547,0.2258292586,-0.0576180555,-0.2427144200,0.1524324417,0.0108036688,0.1983380467,0.2699570954,-5.6725187302,0.0000000000,3.2829999924,3.1988270283,nan,nan,nan,nan,nan,nan,nan,nan,nan,nan,nan,nan,nan,0.0063529122,-0.0110277813,0.9870314598,-2.5196611881,-11.5892124176,12.8253545761
0.1747074723,-0.0048680627,0.6623952389,-0.0110778701,0.0027368520,-0.0055503392,0.3000000119,0.0000000000,0.7599999905,0.0000000000,0.0266056322,0.2242527008,0.0279362183,0.2302830666,nan,nan,nan,nan,nan,nan,nan,nan,nan,nan,nan,nan,nan,0.1205433309,-0.0238162205,-0.0721808523,0.0952614099,-0.0048681847,-0.0569199547,-0.1364820898,-0.0119936634,0.2630194724,0.1524324417,0.0108036688,0.1983380467,-0.8566186428,-0.1642103195,0.0000000000,3.2829999924,3.1988270283,nan,nan,nan,nan,nan,nan,nan,nan,nan,nan,nan,nan,nan,-0.0007407658,-0.0053151925,1.0212744474,-4.8712706566,5.3454999924,-11.4254131317
0.1747074723,-0.0048680627,0.6623952389,-0.0110778701,0.0027368520,-0.0055503392,0.3000000119,0.0000000000,0.7599999905,0.0000000000,0.1959136426,0.0624032989,0.1295063794,0.1324849427,nan,nan,nan,nan,nan,nan,nan,nan,nan,nan,nan,nan,nan,0.1476939619,-0.0280085038,-0.0836225301,0.1314726621,-0.0108233439,-0.0783898085,-0.1364820898,-0.0119936634,0.2630194724,0.1524324417,0.0108036688,0.1983380467,-0.8566186428,-0.1642103195,0.0000000000,3.2829999924,3.1988270283,nan,nan,nan,nan,nan,nan,nan,nan,nan,nan,nan,nan,nan,-0.0007407658,-0.0053151925,1.0212744474,-4.8712706566,5.3454999924,-11.4254131317
0.1747074723,-0.0048680627,0.6623952389,-0.0110778701,0.0027368520,-0.0055503392,0.3000000119,0.0000000000,0.7599999905,0.0000000000,0.1959136426,0.0624032989,0.1295063794,0.1324849427,nan,nan,nan,nan,nan,nan,nan,nan,nan,nan,nan,nan,nan,0.1476939619,-0.0280085038,-0.0836225301,0.1314726621,-0.0108233439,-0.0783898085,-0.1364820898,-0.0119936634,0.2630194724,0.1249867529,0.0148023861,0.2214666307,-0.8566186428,-0.1642103195,0.0000000000,3.2829999924,3.2199413776,nan,nan,nan,nan,nan,nan,nan,nan,nan,nan,nan,nan,nan,-0.0044909040,-0.0176291987,0.9744999409,-4.8712706566,5.3454999924,-11.4254131317
0.1864691973,-0.0062790699,0.6555209756,-0.0111092718,0.0138069118,-0.0056120012,0.3000000119,0.0000000000,0.7599999905,0.0000000000,0.1543267071,0.1078416109,0.1971557289,0.0602395684,nan,nan,nan,nan,nan,nan,nan,nan,nan,nan,nan,nan,nan,0.1476939619,-0.0280085038,-0.0836225301,0.1314726621,-0.0108233439,-0.0783898085,0.2344057709,0.0055599730,-0.2559232712,0.1249867529,0.0148023861,0.2214666307,-0.8566186428,-0.1642103195,0.0000000000,3.0929999352,3.2199413776,nan,nan,nan,nan,nan,nan,nan,nan,nan,nan,nan,nan,nan,-0.0044909040,-0.0176291987,0.9744999409,1.6175665855,-5.3035488129,11.3487462997
0.1864691973,-0.0062790699,0.6555209756,-0.0111092718,0.0138069118,-0.0056120012,0.3000000119,0.0000000000,0.7599999905,0.0000000000,0.1543267071,0.1078416109,0.1971557289,0.0602395684,nan,nan,nan,nan,nan,nan,nan,nan,nan,nan,nan,nan,nan,0.1551199555,-0.0306310132,-0.0918306261,0.1350073963,-0.0151624298,-0.0798183456,0.2344057709,0.0055599730,-0.2559232712,0.1249867529,0.0148023861,0.2214666307,-0.8566186428,-0.1642103195,0.0000000000,3.0929999352,3.2199413776,nan,nan,nan,nan,nan,nan,nan,nan,nan,nan,nan,nan,nan,-0.0044909040,-0.0176291987,0.9744999409,1.6175665855,-5.3035488129,11.3487462997
0.1941519827,-0.0077216360,0.6509540081,-0.0110625524,-0.0027981265,-0.0055197024,0.3000000119,0.0000000000,0.7599999905,0.0000000000,0.1543267071,0.1078416109,0.1971557289,0.0602395684,nan,nan,nan,nan,nan,nan,nan,nan,nan,nan,nan,nan,nan,0.1551199555,-0.0306310132,-0.0918306261,0.1350073963,-0.0151624298,-0.0798183456,0.2344057709,0.0055599730,-0.2559232712,0.1249867529,0.0148023861,0.2214666307,-1.0536086559,0.7553974986,0.0000000000,3.0929999352,3.2199413776,nan,nan,nan,nan,nan,nan,nan,nan,nan,nan,nan,nan,nan,-0.0023842617,-0.0121569382,0.9817284942,-11.1499090195,-6.6624617577,-10.4763946533
0.1941519827,-0.0077216360,0.6509540081,-0.0110625524,-0.0027981265,-0.0055197024,0.3000000119,0.0000000000,0.7599999905,0.0000000000,0.1720393747,0.0763164759,0.1306691170,0.1418326199,nan,nan,nan,nan,nan,nan,nan,nan,nan,nan,nan,nan,nan,0.1624581218,-0.0244159251,-0.0899230838,0.1482174993,-0.0100835618,-0.0797786191,-0.2315104604,-0.0069270660,0.0396464616,0.1249867529,0.0148023861,0.2214666307,-1.0536086559,0.7553974986,0.0000000000,3.0929999352,3.2199413776,nan,nan,nan,nan,nan,nan,nan,nan,nan,nan,nan,nan,nan,-0.0023842617,-0.0121569382,0.9817284942,-11.1499090195,-6.6624617577,-10.4763946533
0.1941519827,-0.0077216360,0.6509540081,-0.0110625524,-0.0027981265,-0.0055197024,0.3000000119,0.0000000000,0.7599999905,0.0000000000,0.1720393747,0.0763164759,0.1306691170,0.1418326199,nan,nan,nan,nan,nan,nan,nan,nan,nan,nan,nan,nan,nan,0.1624581218,-0.0244159251,-0.0899230838,0.1482174993,-0.0100835618,-0.0797786191,-0.2315104604,-0.0069270660,0.0396464616,0.1031174958,0.0153949792,0.2371166050,-1.0536086559,0.7553974986,0.0000000000,3.0929999352,3.1143696308,nan,nan,nan,nan,nan,nan,nan,nan,nan,nan,nan,nan,nan,-0.0098735439,-0.0179107245,0.9670386910,-11.1499090195,-6.6624617577,-10.4763946533
0.2031632364,-0.0074277823,0.6471338868,-0.0166130804,0.0027214803,-0.0055578923,0.3000000119,0.0000000000,0.7599999905,0.0000000000,0.1542595625,0.1188769415,0.1510429531,0.1055527627,nan,nan,nan,nan,nan,nan,nan,nan,nan,nan,nan,nan,nan,0.1624581218,-0.0244159251,-0.0899230838,0.1482174993,-0.0100835618,-0.0797786191,0.0793962628,0.0842049271,-0.3736856282,0.1031174958,0.0153949792,0.2371166050,-1.0536086559,0.7553974986,0.0000000000,3.0929999352,3.1143696308,nan,nan,nan,nan,nan,nan,nan,nan,nan,nan,nan,nan,nan,-0.0098735439,-0.0179107245,0.9670386910,9.7241973877,-3.0203688145,9.2333116531
0.2031632364,-0.0074277823,0.6471338868,-0.0166130804,0.0027214803,-0.0055578923,0.3000000119,0.0000000000,0.7599999905,0.0000000000,0.1542595625,0.1188769415,0.1510429531,0.1055527627,nan,nan,nan,nan,nan,nan,nan,nan,nan,nan,nan,nan,nan,0.1648493260,-0.0246524420,-0.1039398313,0.1508309394,-0.0134645849,-0.0831433684,0.0793962628,0.0842049271,-0.3736856282,0.1031174958,0.0153949792,0.2371166050,-1.0536086559,0.7553974986,0.0000000000,3.0929999352,3.1143696308,nan,nan,nan,nan,nan,nan,nan,nan,nan,nan,nan,nan,nan,-0.0098735439,-0.0179107245,0.9670386910,9.7241973877,-3.0203688145,9.2333116531
0.2113603055,-0.0085837664,0.6420263052,-0.0110474880,-0.0083331265,-0.0054891912,0.3000000119,0.0000000000,0.7599999905,0.0000000000,0.1542595625,0.1188769415,0.1510429531,0.1055527627,nan,nan,nan,nan,nan,nan,nan,nan,nan,nan,nan,nan,nan,0.1648493260,-0.0246524420,-0.1039398313,0.1508309394,-0.0134645849,-0.0831433684,-0.2449332923,-0.0858118683,-0.0254710577,0.1031174958,0.0153949792,0.2371166050,-0.8677976131,1.0896073580,0.0000000000,3.0929999352,3.1143696308,nan,nan,nan,nan,nan,nan,nan,nan,nan,nan,nan,nan,nan,-0.0048163347,-0.0058035236,0.9940072298,-7.4461174011,-4.8832688332,-9.6103448868
0.2113603055,-0.0085837664,0.6420263052,-0.0110474880,-0.0083331265,-0.0054891912,0.3000000119,0.0000000000,0.7599999905,0.0000000000,0.1912169158,0.0607400648,0.1667597443,0.1092942730,nan,nan,nan,nan,nan,nan,nan,nan,nan,nan,nan,nan,nan,0.1595533788,-0.0233839136,-0.1028763428,0.1520466357,-0.0127534848,-0.0853362679,-0.2449332923,-0.0858118683,-0.0254710577,0.1031174958,0.0153949792,0.2371166050,-0.8677976131,1.0896073580,0.0000000000,3.0929999352,3.1143696308,nan,nan,nan,nan,nan,nan,nan,nan,nan,nan,nan,nan,nan,-0.0048163347,-0.0058035236,0.9940072298,-7.4461174011,-4.8832688332,-9.6103448868
0.2113603055,-0.0085837664,0.6420263052,-0.0110474880,-0.0083331265,-0.0054891912,0.3000000119,0.0000000000,0.7599999905,0.0000000000,0.1912169158,0.0607400648,0.1667597443,0.1092942730,nan,nan,nan,nan,nan,nan,nan,nan,nan,nan,nan,nan,nan,0.1595533788,-0.0233839136,-0.1028763428,0.1520466357,-0.0127534848,-0.0853362679,-0.2449332923,-0.0858118683,-0.0254710577,0.0841881931,0.0185503233,0.2575568855,-0.8677976131,1.0896073580,0.0000000000,3.0929999352,3.0351905823,nan,nan,nan,nan,nan,nan,nan,nan,nan,nan,nan,nan,nan,-0.0048163347,-0.0058035236,0.9940072298,-7.4461174011,-4.8832688332,-9.6103448868
0.2113603055,-0.0085837664,0.6420263052,-0.0110474880,-0.0083331265,-0.0054891912,0.3000000119,0.0000000000,0.7599999905,0.0000000000,0.1912169158,0.0607400648,0.1667597443,0.1092942730,nan,nan,nan,nan,nan,nan,nan,nan,nan,nan,nan,nan,nan,0.1595533788,-0.0233839136,-0.1028763428,0.1520466357,-0.0127534848,-0.0853362679,-0.2449332923,-0.0858118683,-0.0254710577,0.0841881931,0.0185503233,0.2575568855,-0.8677976131,1.0896073580,0.0000000000,3.0929999352,3.0351905823,nan,nan,nan,nan,nan,nan,nan,nan,nan,nan,nan,nan,nan,-0.0048163347,-0.0058035236,0.9940072298,-7.4461174011,-4.8832688332,-9.6103448868
0.2113603055,-0.0085837664,0.6420263052,-0.0110474880,-0.0083331265,-0.0054891912,0.3000000119,0.0000000000,0.7599999905,0.0000000000,0.1912169158,0.0607400648,0.1667597443,0.1092942730,nan,nan,nan,nan,nan,nan,nan,nan,nan,nan,nan,nan,nan,0.1595533788,-0.0233839136,-0.1028763428,0.1520466357,-0.0127534848,-0.0853362679,-0.2449332923,-0.0858118683,-0.0254710577,0.0841881931,0.0185503233,0.2575568855,-0.8677976131,1.0896073580,0.0000000000,3.0929999352,3.0351905823,nan,nan,nan,nan,nan,nan,nan,nan,nan,nan,nan,nan,nan,-0.0048163347,-0.0058035236,0.9940072298,-7.4461174011,-4.8832688332,-9.6103448868
0.2113603055,-0.0085837664,0.6420263052,-0.0110474880,-0.0083331265,-0.0054891912,0.3000000119,0.0000000000,0.7599999905,0.0000000000,0.1912169158,0.0607400648,0.1667597443,0.1092942730,nan,nan,nan,nan,nan,nan,nan,nan,nan,nan,nan,nan,nan,0.1595533788,-0.0233839136,-0.1028763428,0.1520466357,-0.0127534848,-0.0853362679,-0.2449332923,-0.0858118683,-0.0254710577,0.0841881931,0.0185503233,0.2575568855,-0.8677976131,1.0896073580,0.0000000000,3.0929999352,3.0351905823,nan,nan,nan,nan,nan,nan,nan,nan,nan,nan,nan,nan,nan,-0.0048163347,-0.0058035236,0.9940072298,-7.4461174011,-4.8832688332,-9.6103448868
0.2113603055,-0.0085837664,0.6420263052,-0.0110474880,-0.0083331265,-0.0054891912,0.3000000119,0.0000000000,0.7599999905,0.0000000000,0.1912169158,0.0607400648,0.1667597443,0.1092942730,nan,nan,nan,nan,nan,nan,nan,nan,nan,nan,nan,nan,nan,0.1595533788,-0.0233839136,-0.1028763428,0.1520466357,-0.0127534848,-0.0853362679,-0.2449332923,-0.0858118683,-0.0254710577,0.0841881931,0.0185503233,0.2575568855,-0.8677976131,1.0896073580,0.0000000000,3.0929999352,3.0351905823,nan,nan,nan,nan,nan,nan,nan,nan,nan,nan,nan,nan,nan,-0.0048163347,-0.0058035236,0.9940072298,-7.4461174011,-4.8832688332,-9.6103448868
0.2113603055,-0.0085837664,0.6420263052,-0.0110474880,-0.0083331265,-0.0054891912,0.3000000119,0.0000000000,0.7599999905,0.0000000000,0.1912169158,0.0607400648,0.1667597443,0.1092942730,nan,nan,nan,nan,nan,nan,nan,nan,nan,nan,nan,nan,nan,0.1595533788,-0.0233839136,-0.1028763428,0.1520466357,-0.0127534848,-0.0853362679,-0.2449332923,-0.0858118683,-0.0254710577,0.0841881931,0.0185503233,0.2575568855,-0.8677976131,1.0896073580,0.0000000000,3.0929999352,3.0351905823,nan,nan,nan,nan,nan,nan,nan,nan,nan,nan,nan,nan,nan,-0.0048163347,-0.0058035236,0.9940072298,-7.4461174011,-4.8832688332,-9.6103448868
0.2113603055,-0.0085837664,0.6420263052,-0.0110474880,-0.0083331265,-0.0054891912,0.3000000119,0.0000000000,0.7599999905,0.0000000000,0.1912169158,0.0607400648,0.1667597443,0.1092942730,nan,nan,nan,nan,nan,nan,nan,nan,nan,nan,nan,nan,nan,0.1595533788,-0.0233839136,-0.1028763428,0.1520466357,-0.0127534848,-0.0853362679,-0.2449332923,-0.0858118683,-0.0254710577,0.0841881931,0.0185503233,0.2575568855,-0.8677976131,1.0896073580,0.0000000000,3.0929999352,3.0351905823,nan,nan,nan,nan,nan,nan,nan,nan,nan,nan,nan,nan,nan,-0.0048163347,-0.0058035236,0.9940072298,-7.4461174011,-4.8832688332,-9.6103448868
0.2113603055,-0.0085837664,0.6420263052,-0.0110474880,-0.0083331265,-0.0054891912,0.3000000119,0.0000000000,0.7599999905,0.0000000000,0.1912169158,0.0607400648,0.1667597443,0.1092942730,nan,nan,nan,nan,nan,nan,nan,nan,nan,nan,nan,nan,nan,0.1595533788,-0.0233839136,-0.1028763428,0.1520466357,-0.0127534848,-0.0853362679,-0.2449332923,-0.0858118683,-0.0254710577,0.0841881931,0.0185503233,0.2575568855,-0.8677976131,1.0896073580,0.0000000000,3.0929999352,3.0351905823,nan,nan,nan,nan,nan,nan,nan,nan,nan,nan,nan,nan,nan,-0.0048163347,-0.0058035236,0.9940072298,-7.4461174011,-4.8832688332,-9.6103448868
0.2113603055,-0.0085837664,0.6420263052,-0.0110474880,-0.0083331265,-0.0054891912,0.3000000119,0.0000000000,0.7599999905,0.0000000000,0.1912169158,0.0607400648,0.1667597443,0.1092942730,nan,nan,nan,nan,nan,nan,nan,nan,nan,nan,nan,nan,nan,0.1595533788,-0.0233839136,-0.1028763428,0.1520466357,-0.0127534848,-0.0853362679,-0.2449332923,-0.0858118683,-0.0254710577,0.0841881931,0.0185503233,0.2575568855,-0.8677976131,1.0896073580,0.0000000000,3.0929999352,3.0351905823,nan,nan,nan,nan,nan,nan,nan,nan,nan,nan,nan,nan,nan,-0.0048163347,-0.0058035236,0.9940072298,-7.4461174011,-4.8832688332,-9.6103448868
0.2113603055,-0.0085837664,0.6420263052,-0.0110474880,-0.0083331265,-0.0054891912,0.3000000119,0.0000000000,0.7599999905,0.0000000000,0.1912169158,0.0607400648,0.1667597443,0.1092942730,nan,nan,nan,nan,nan,nan,nan,nan,nan,nan,nan,nan,nan,0.1595533788,-0.0233839136,-0.1028763428,0.1520466357,-0.0127534848,-0.0853362679,-0.2449332923,-0.0858118683,-0.0254710577,0.0841881931,0.0185503233,0.2575568855,-0.8677976131,1.0896073580,0.0000000000,3.0929999352,3.0351905823,nan,nan,nan,nan,nan,nan,nan,nan,nan,nan,nan,nan,nan,-0.0048163347,-0.0058035236,0.9940072298,-7.4461174011,-4.8832688332,-9.6103448868
0.2113603055,-0.0085837664,0.6420263052,-0.0110474880,-0.0083331265,-0.0054891912,0.3000000119,0.0000000000,0.7599999905,0.0000000000,0.1912169158,0.0607400648,0.1667597443,0.1092942730,nan,nan,nan,nan,nan,nan,nan,nan,nan,nan,nan,nan,nan,0.1595533788,-0.0233839136,-0.1028763428,0.1520466357,-0.0127534848,-0.0853362679,-0.2449332923,-0.0858118683,-0.0254710577,0.0841881931,0.0185503233,0.2575568855,-0.8677976131,1.0896073580,0.0000000000,3.0929999352,3.0351905823,nan,nan,nan,nan,nan,nan,nan,nan,nan,nan,nan,nan,nan,-0.0048163347,-0.0058035236,0.9940072298,-7.4461174011,-4.8832688332,-9.6103448868
0.2113603055,-0.0085837664,0.6420263052,-0.0110474880,-0.0083331265,-0.0054891912,0.3000000119,0.0000000000,0.7599999905,0.0000000000,0.1912169158,0.0607400648,0.1667597443,0.1092942730,nan,nan,nan,nan,nan,nan,nan,nan,nan,nan,nan,nan,nan,0.1595533788,-0.0233839136,-0.1028763428,0.1520466357,-0.0127534848,-0.0853362679,-0.2449332923,-0.0858118683,-0.0254710577,0.0841881931,0.0185503233,0.2575568855,-0.8677976131,1.0896073580,0.0000000000,3.0929999352,3.0351905823,nan,nan,nan,nan,nan,nan,nan,nan,nan,nan,nan,nan,nan,-0.0048163347,-0.0058035236,0.9940072298,-7.4461174011,-4.8832688332,-9.6103448868
0.2113603055,-0.0085837664,0.6420263052,-0.0110474880,-0.0083331265,-0.0054891912,0.3000000119,0.0000000000,0.7599999905,0.0000000000,0.1912169158,0.0607400648,0.1667597443,0.1092942730,nan,nan,nan,nan,nan,nan,nan,nan,nan,nan,nan,nan,nan,0.1595533788,-0.0233839136,-0.1028763428,0.1520466357,-0.0127534848,-0.0853362679,-0.2449332923,-0.0858118683,-0.0254710577,0.0841881931,0.0185503233,0.2575568855,-0.8677976131,1.0896073580,0.0000000000,3.0929999352,3.0351905823,nan,nan,nan,nan,nan,nan,nan,nan,nan,nan,nan,nan,nan,-0.0048163347,-0.0058035236,0.9940072298,-7.4461174011,-4.8832688332,-9.6103448868
0.2113603055,-0.0085837664,0.6420263052,-0.0110474880,-0.0083331265,-0.0054891912,0.3000000119,0.0000000000,0.7599999905,0.0000000000,0.1912169158,0.0607400648,0.1667597443,0.1092942730,nan,nan,nan,nan,nan,nan,nan,nan,nan,nan,nan,nan,nan,0.1595533788,-0.0233839136,-0.1028763428,0.1520466357,-0.0127534848,-0.0853362679,-0.2449332923,-0.0858118683,-0.0254710577,0.0841881931,0.0185503233,0.2575568855,-0.8677976131,1.0896073580,0.0000000000,3.0929999352,3.0351905823,nan,nan,nan,nan,nan,nan,nan,nan,nan,nan,nan,nan,nan,-0.0048163347,-0.0058035236,0.9940072298,-7.4461174011,-4.8832688332,-9.6103448868
0.2113603055,-0.0085837664,0.6420263052,-0.0110474880,-0.0083331265,-0.0054891912,0.3000000119,0.0000000000,0.7599999905,0.0000000000,0.1912169158,0.0607400648,0.1667597443,0.1092942730,nan,nan,nan,nan,nan,nan,nan,nan,nan,nan,nan,nan,nan,0.1595533788,-0.0233839136,-0.1028763428,0.1520466357,-0.0127534848,-0.0853362679,-0.2449332923,-0.0858118683,-0.0254710577,0.0841881931,0.0185503233,0.2575568855,-0.8677976131,1.0896073580,0.0000000000,3.0929999352,3.0351905823,nan,nan,nan,nan,nan,nan,nan,nan,nan,nan,nan,nan,nan,-0.0048163347,-0.0058035236,0.9940072298,-7.4461174011,-4.8832688332,-9.6103448868
0.2113603055,-0.0085837664,0.6420263052,-0.0110474880,-0.0083331265,-0.0054891912,0.3000000119,0.0000000000,0.7599999905,0.0000000000,0.1912169158,0.0607400648,0.1667597443,0.1092942730,nan,nan,nan,nan,nan,nan,nan,nan,nan,nan,nan,nan,nan,0.1595533788,-0.0233839136,-0.1028763428,0.1520466357,-0.0127534848,-0.0853362679,-0.2449332923,-0.0858118683,-0.0254710577,0.0841881931,0.0185503233,0.2575568855,-0.8677976131,1.0896073580,0.0000000000,3.0929999352,3.0351905823,nan,nan,nan,nan,nan,nan,nan,nan,nan,nan,nan,nan,nan,-0.0048163347,-0.0058035236,0.9940072298,-7.4461174011,-4.8832688332,-9.6103448868
0.2113603055,-0.0085837664,0.6420263052,-0.0110474880,-0.0083331265,-0.0054891912,0.3000000119,0.0000000000,0.7599999905,0.0000000000,0.1912169158,0.0607400648,0.1667597443,0.1092942730,nan,nan,nan,nan,nan,nan,nan,nan,nan,nan,nan,nan,nan,0.1595533788,-0.0233839136,-0.1028763428,0.1520466357,-0.0127534848,-0.0853362679,-0.2449332923,-0.0858118683,-0.0254710577,0.0841881931,0.0185503233,0.2575568855,-0.8677976131,1.0896073580,0.0000000000,3.0929999352,3.0351905823,nan,nan,nan,nan,nan,nan,nan,nan,nan,nan,nan,nan,nan,-0.0048163347,-0.0058035236,0.9940072298,-7.4461174011,-4.8832688332,-9.6103448868
0.2113603055,-0.0085837664,0.6420263052,-0.0110474880,-0.0083331265,-0.0054891912,0.3000000119,0.0000000000,0.7599999905,0.0000000000,0.1912169158,0.0607400648,0.1667597443,0.1092942730,nan,nan,nan,nan,nan,nan,nan,nan,nan,nan,nan,nan,nan,0.1595533788,-0.0233839136,-0.1028763428,0.1520466357,-0.0127534848,-0.0853362679,-0.2449332923,-0.0858118683,-0.0254710577,0.0841881931,0.0185503233,0.2575568855,-0.8677976131,1.0896073580,0.0000000000,3.0929999352,3.0351905823,nan,nan,nan,nan,nan,nan,nan,nan,nan,nan,nan,nan,nan,-0.0048163347,-0.0058035236,0.9940072298,-7.4461174011,-4.8832688332,-9.6103448868
0.2113603055,-0.0085837664,0.6420263052,-0.0110474880,-0.0083331265,-0.0054891912,0.3000000119,0.0000000000,0.7599999905,0.0000000000,0.1912169158,0.0607400648,0.1667597443,0.1092942730,nan,nan,nan,nan,nan,nan,nan,nan,nan,nan,nan,nan,nan,0.1595533788,-0.0233839136,-0.1028763428,0.1520466357,-0.0127534848,-0.0853362679,-0.2449332923,-0.0858118683,-0.0254710577,0.0841881931,0.0185503233,0.2575568855,-0.8677976131,1.0896073580,0.0000000000,3.0929999352,3.0351905823,nan,nan,nan,nan,nan,nan,nan,nan,nan,nan,nan,nan,nan,-0.0048163347,-0.0058035236,0.9940072298,-7.4461174011,-4.8832688332,-9.6103448868
0.2113603055,-0.0085837664,0.6420263052,-0.0110474880,-0.0083331265,-0.0054891912,0.3000000119,0.0000000000,0.7599999905,0.0000000000,0.1912169158,0.0607400648,0.1667597443,0.1092942730,nan,nan,nan,nan,nan,nan,nan,nan,nan,nan,nan,nan,nan,0.1595533788,-0.0233839136,-0.1028763428,0.1520466357,-0.0127534848,-0.0853362679,-0.2449332923,-0.0858118683,-0.0254710577,0.0841881931,0.0185503233,0.2575568855,-0.8677976131,1.0896073580,0.0000000000,3.0929999352,3.0351905823,nan,nan,nan,nan,nan,nan,nan,nan,nan,nan,nan,nan,nan,-0.0048163347,-0.0058035236,0.9940072298,-7.4461174011,-4.8832688332,-9.6103448868
0.2113603055,-0.0085837664,0.6420263052,-0.0110474880,-0.0083331265,-0.0054891912,0.3000000119,0.0000000000,0.7599999905,0.0000000000,0.1912169158,0.0607400648,0.1667597443,0.1092942730,nan,nan,nan,nan,nan,nan,nan,nan,nan,nan,nan,nan,nan,0.1595533788,-0.0233839136,-0.1028763428,0.1520466357,-0.0127534848,-0.0853362679,-0.2449332923,-0.0858118683,-0.0254710577,0.0841881931,0.0185503233,0.2575568855,-0.8677976131,1.0896073580,0.0000000000,3.0929999352,3.0351905823,nan,nan,nan,nan,nan,nan,nan,nan,nan,nan,nan,nan,nan,-0.0048163347,-0.0058035236,0.9940072298,-7.4461174011,-4.8832688332,-9.6103448868
0.2113603055,-0.0085837664,0.6420263052,-0.0110474880,-0.0083331265,-0.0054891912,0.3000000119,0.0000000000,0.7599999905,0.0000000000,0.1912169158,0.0607400648,0.1667597443,0.1092942730,nan,nan,nan,nan,nan,nan,nan,nan,nan,nan,nan,nan,nan,0.1595533788,-0.0233839136,-0.1028763428,0.1520466357,-0.0127534848,-0.0853362679,-0.2449332923,-0.0858118683,-0.0254710577,0.0841881931,0.0185503233,0.2575568855,-0.8677976131,1.0896073580,0.0000000000,3.0929999352,3.0351905823,nan,nan,nan,nan,nan,nan,nan,nan,nan,nan,nan,nan,nan,-0.0048163347,-0.0058035236,0.9940072298,-7.4461174011,-4.8832688332,-9.6103448868
0.2113603055,-0.0085837664,0.6420263052,-0.0110474880,-0.0083331265,-0.0054891912,0.3000000119,0.0000000000,0.7599999905,0.0000000000,0.1912169158,0.0607400648,0.1667597443,0.1092942730,nan,nan,nan,nan,nan,nan,nan,nan,nan,nan,nan,nan,nan,0.1595533788,-0.0233839136,-0.1028763428,0.1520466357,-0.0127534848,-0.0853362679,-0.2449332923,-0.0858118683,-0.0254710577,0.0841881931,0.0185503233,0.2575568855,-0.8677976131,1.0896073580,0.0000000000,3.0929999352,3.0351905823,nan,nan,nan,nan,nan,nan,nan,nan,nan,nan,nan,nan,nan,-0.0048163347,-0.0058035236,0.9940072298,-7.4461174011,-4.8832688332,-9.6103448868
0.2113603055,-0.0085837664,0.6420263052,-0.0110474880,-0.0083331265,-0.0054891912,0.3000000119,0.0000000000,0.7599999905,0.0000000000,0.1912169158,0.0607400648,0.1667597443,0.1092942730,nan,nan,nan,nan,nan,nan,nan,nan,nan,nan,nan,nan,nan,0.1595533788,-0.0233839136,-0.1028763428,0.1520466357,-0.0127534848,-0.0853362679,-0.2449332923,-0.0858118683,-0.0254710577,0.0841881931,0.0185503233,0.2575568855,-0.8677976131,1.0896073580,0.0000000000,3.0929999352,3.0351905823,nan,nan,nan,nan,nan,nan,nan,nan,nan,nan,nan,nan,nan,-0.0048163347,-0.0058035236,0.9940072298,-7.4461174011,-4.8832688332,-9.6103448868
0.2113603055,-0.0085837664,0.6420263052,-0.0110474880,-0.0083331265,-0.0054891912,0.3000000119,0.0000000000,0.7599999905,0.0000000000,0.1912169158,0.0607400648,0.1667597443,0.1092942730,nan,nan,nan,nan,nan,nan,nan,nan,nan,nan,nan,nan,nan,0.1595533788,-0.0233839136,-0.1028763428,0.1520466357,-0.0127534848,-0.0853362679,-0.2449332923,-0.0858118683,-0.0254710577,0.0841881931,0.0185503233,0.2575568855,-0.8677976131,1.0896073580,0.0000000000,3.0929999352,3.0351905823,nan,nan,nan,nan,nan,nan,nan,nan,nan,nan,nan,nan,nan,-0.0048163347,-0.0058035236,0.9940072298,-7.4461174011,-4.8832688332,-9.6103448868
0.2113603055,-0.0085837664,0.6420263052,-0.0110474880,-0.0083331265,-0.0054891912,0.3000000119,0.0000000000,0.7599999905,0.0000000000,0.1912169158,0.0607400648,0.1667597443,0.1092942730,nan,nan,nan,nan,nan,nan,nan,nan,nan,nan,nan,nan,nan,0.1595533788,-0.0233839136,-0.1028763428,0.1520466357,-0.0127534848,-0.0853362679,-0.2449332923,-0.0858118683,-0.0254710577,0.0841881931,0.0185503233,0.2575568855,-0.8677976131,1.0896073580,0.0000000000,3.0929999352,3.0351905823,nan,nan,nan,nan,nan,nan,nan,nan,nan,nan,nan,nan,nan,-0.0048163347,-0.0058035236,0.9940072298,-7.4461174011,-4.8832688332,-9.6103448868
0.2113603055,-0.0085837664,0.6420263052,-0.0110474880,-0.0083331265,-0.0054891912,0.3000000119,0.0000000000,0.7599999905,0.0000000000,0.1912169158,0.0607400648,0.1667597443,0.1092942730,nan,nan,nan,nan,nan,nan,nan,nan,nan,nan,nan,nan,nan,0.1595533788,-0.0233839136,-0.1028763428,0.1520466357,-0.0127534848,-0.0853362679,-0.2449332923,-0.0858118683,-0.0254710577,0.0841881931,0.0185503233,0.2575568855,-0.8677976131,1.0896073580,0.0000000000,3.0929999352,3.0351905823,nan,nan,nan,nan,nan,nan,nan,nan,nan,nan,nan,nan,nan,-0.0048163347,-0.0058035236,0.9940072298,-7.4461174011,-4.8832688332,-9.6103448868
0.2113603055,-0.0085837664,0.6420263052,-0.0110474880,-0.0083331265,-0.0054891912,0.3000000119,0.0000000000,0.7599999905,0.0000000000,0.1912169158,0.0607400648,0.1667597443,0.1092942730,nan,nan,nan,nan,nan,nan,nan,nan,nan,nan,nan,nan,nan,0.1595533788,-0.0233839136,-0.1028763428,0.1520466357,-0.0127534848,-0.0853362679,-0.2449332923,-0.0858118683,-0.0254710577,0.0841881931,0.0185503233,0.2575568855,-0.8677976131,1.0896073580,0.0000000000,3.0929999352,3.0351905823,nan,nan,nan,nan,nan,nan,nan,nan,nan,nan,nan,nan,nan,-0.0048163347,-0.0058035236,0.9940072298,-7.4461174011,-4.8832688332,-9.6103448868
0.2113603055,-0.0085837664,0.6420263052,-0.0110474880,-0.0083331265,-0.0054891912,0.3000000119,0.0000000000,0.7599999905,0.0000000000,0.1912169158,0.0607400648,0.1667597443,0.1092942730,nan,nan,nan,nan,nan,nan,nan,nan,nan,nan,nan,nan,nan,0.1595533788,-0.0233839136,-0.1028763428,0.1520466357,-0.0127534848,-0.0853362679,-0.2449332923,-0.0858118683,-0.0254710577,0.0841881931,0.0185503233,0.2575568855,-0.8677976131,1.0896073580,0.0000000000,3.0929999352,3.0351905823,nan,nan,nan,nan,nan,nan,nan,nan,nan,nan,nan,nan,nan,-0.0048163347,-0.0058035236,0.9940072298,-7.4461174011,-4.8832688332,-9.6103448868
0.2113603055,-0.0085837664,0.6420263052,-0.0110474880,-0.0083331265,-0.0054891912,0.3000000119,0.0000000000,0.7599999905,0.0000000000,0.1912169158,0.0607400648,0.1667597443,0.1092942730,nan,nan,nan,nan,nan,nan,nan,nan,nan,nan,nan,nan,nan,0.1595533788,-0.0233839136,-0.1028763428,0.1520466357,-0.0127534848,-0.0853362679,-0.2449332923,-0.0858118683,-0.0254710577,0.0841881931,0.0185503233,0.2575568855,-0.8677976131,1.0896073580,0.0000000000,3.0929999352,3.0351905823,nan,nan,nan,nan,nan,nan,nan,nan,nan,nan,nan,nan,nan,-0.0048163347,-0.0058035236,0.9940072298,-7.4461174011,-4.8832688332,-9.6103448868
0.2113603055,-0.0085837664,0.6420263052,-0.0110474880,-0.0083331265,-0.0054891912,0.3000000119,0.0000000000,0.7599999905,0.0000000000,0.1912169158,0.0607400648,0.1667597443,0.1092942730,nan,nan,nan,nan,nan,nan,nan,nan,nan,nan,nan,nan,nan,0.1595533788,-0.0233839136,-0.1028763428,0.1520466357,-0.0127534848,-0.0853362679,-0.2449332923,-0.0858118683,-0.0254710577,0.0841881931,0.0185503233,0.2575568855,-0.8677976131,1.0896073580,0.0000000000,3.0929999352,3.0351905823,nan,nan,nan,nan,nan,nan,nan,nan,nan,nan,nan,nan,nan,-0.0048163347,-0.0058035236,0.9940072298,-7.4461174011,-4.8832688332,-9.6103448868
0.2113603055,-0.0085837664,0.6420263052,-0.0110474880,-0.0083331265,-0.0054891912,0.3000000119,0.0000000000,0.7599999905,0.0000000000,0.1912169158,0.0607400648,0.1667597443,0.1092942730,nan,nan,nan,nan,nan,nan,nan,nan,nan,nan,nan,nan,nan,0.1595533788,-0.0233839136,-0.1028763428,0.1520466357,-0.0127534848,-0.0853362679,-0.2449332923,-0.0858118683,-0.0254710577,0.0841881931,0.0185503233,0.2575568855,-0.8677976131,1.0896073580,0.0000000000,3.0929999352,3.0351905823,nan,nan,nan,nan,nan,nan,nan,nan,nan,nan,nan,nan,nan,-0.0048163347,-0.0058035236,0.9940072298,-7.4461174011,-4.8832688332,-9.6103448868
0.2113603055,-0.0085837664,0.6420263052,-0.0110474880,-0.0083331265,-0.0054891912,0.3000000119,0.0000000000,0.7599999905,0.0000000000,0.1912169158,0.0607400648,0.1667597443,0.1092942730,nan,nan,nan,nan,nan,nan,nan,nan,nan,nan,nan,nan,nan,0.1595533788,-0.0233839136,-0.1028763428,0.1520466357,-0.0127534848,-0.0853362679,-0.2449332923,-0.0858118683,-0.0254710577,0.0841881931,0.0185503233,0.2575568855,-0.8677976131,1.0896073580,0.0000000000,3.0929999352,3.0351905823,nan,nan,nan,nan,nan,nan,nan,nan,nan,nan,nan,nan,nan,-0.0048163347,-0.0058035236,0.9940072298,-7.4461174011,-4.8832688332,-9.6103448868
0.2113603055,-0.0085837664,0.6420263052,-0.0110474880,-0.0083331265,-0.0054891912,0.3000000119,0.0000000000,0.7599999905,0.0000000000,0.1912169158,0.0607400648,0.1667597443,0.1092942730,nan,nan,nan,nan,nan,nan,nan,nan,nan,nan,nan,nan,nan,0.1595533788,-0.0233839136,-0.1028763428,0.1520466357,-0.0127534848,-0.0853362679,-0.2449332923,-0.0858118683,-0.0254710577,0.0841881931,0.0185503233,0.2575568855,-0.8677976131,1.0896073580,0.0000000000,3.0929999352,3.0351905823,nan,nan,nan,nan,nan,nan,nan,nan,nan,nan,nan,nan,nan,-0.0048163347,-0.0058035236,0.9940072298,-7.4461174011,-4.8832688332,-9.6103448868
0.2113603055,-0.0085837664,0.6420263052,-0.0110474880,-0.0083331265,-0.0054891912,0.3000000119,0.0000000000,0.7599999905,0.0000000000,0.1912169158,0.0607400648,0.1667597443,0.1092942730,nan,nan,nan,nan,nan,nan,nan,nan,nan,nan,nan,nan,nan,0.1595533788,-0.0233839136,-0.1028763428,0.1520466357,-0.0127534848,-0.0853362679,-0.2449332923,-0.0858118683,-0.0254710577,0.0841881931,0.0185503233,0.2575568855,-0.8677976131,1.0896073580,0.0000000000,3.0929999352,3.0351905823,nan,nan,nan,nan,nan,nan,nan,nan,nan,nan,nan,nan,nan,-0.0048163347,-0.0058035236,0.9940072298,-7.4461174011,-4.8832688332,-9.6103448868
0.2113603055,-0.0085837664,0.6420263052,-0.0110474880,-0.0083331265,-0.0054891912,0.3000000119,0.0000000000,0.7599999905,0.0000000000,0.1912169158,0.0607400648,0.1667597443,0.1092942730,nan,nan,nan,nan,nan,nan,nan,nan,nan,nan,nan,nan,nan,0.1595533788,-0.0233839136,-0.1028763428,0.1520466357,-0.0127534848,-0.0853362679,-0.2449332923,-0.0858118683,-0.0254710577,0.0841881931,0.0185503233,0.2575568855,-0.8677976131,1.0896073580,0.0000000000,3.0929999352,3.0351905823,nan,nan,nan,nan,nan,nan,nan,nan,nan,nan,nan,nan,nan,-0.0048163347,-0.0058035236,0.9940072298,-7.4461174011,-4.8832688332,-9.6103448868
0.2113603055,-0.0085837664,0.6420263052,-0.0110474880,-0.0083331265,-0.0054891912,0.3000000119,0.0000000000,0.7599999905,0.0000000000,0.1912169158,0.0607400648,0.1667597443,0.1092942730,nan,nan,nan,nan,nan,nan,nan,nan,nan,nan,nan,nan,nan,0.1595533788,-0.0233839136,-0.1028763428,0.1520466357,-0.0127534848,-0.0853362679,-0.2449332923,-0.0858118683,-0.0254710577,0.0841881931,0.0185503233,0.2575568855,-0.8677976131,1.0896073580,0.0000000000,3.0929999352,3.0351905823,nan,nan,nan,nan,nan,nan,nan,nan,nan,nan,nan,nan,nan,-0.0048163347,-0.0058035236,0.9940072298,-7.4461174011,-4.8832688332,-9.6103448868
0.2113603055,-0.0085837664,0.6420263052,-0.0110474880,-0.0083331265,-0.0054891912,0.3000000119,0.0000000000,0.7599999905,0.0000000000,0.1912169158,0.0607400648,0.1667597443,0.1092942730,nan,nan,nan,nan,nan,nan,nan,nan,nan,nan,nan,nan,nan,0.1595533788,-0.0233839136,-0.1028763428,0.1520466357,-0.0127534848,-0.0853362679,-0.2449332923,-0.0858118683,-0.0254710577,0.0841881931,0.0185503233,0.2575568855,-0.8677976131,1.0896073580,0.0000000000,3.0929999352,3.0351905823,nan,nan,nan,nan,nan,nan,nan,nan,nan,nan,nan,nan,nan,-0.0048163347,-0.0058035236,0.9940072298,-7.4461174011,-4.8832688332,-9.6103448868
0.2113603055,-0.0085837664,0.6420263052,-0.0110474880,-0.0083331265,-0.0054891912,0.3000000119,0.0000000000,0.7599999905,0.0000000000,0.1912169158,0.0607400648,0.1667597443,0.1092942730,nan,nan,nan,nan,nan,nan,nan,nan,nan,nan,nan,nan,nan,0.1595533788,-0.0233839136,-0.1028763428,0.1520466357,-0.0127534848,-0.0853362679,-0.2449332923,-0.0858118683,-0.0254710577,0.0841881931,0.0185503233,0.2575568855,-0.8677976131,1.0896073580,0.0000000000,3.0929999352,3.0351905823,nan,nan,nan,nan,nan,nan,nan,nan,nan,nan,nan,nan,nan,-0.0048163347,-0.0058035236,0.9940072298,-7.4461174011,-4.8832688332,-9.6103448868
0.2113603055,-0.0085837664,0.6420263052,-0.0110474880,-0.0083331265,-0.0054891912,0.3000000119,0.0000000000,0.7599999905,0.0000000000,0.1912169158,0.0607400648,0.1667597443,0.1092942730,nan,nan,nan,nan,nan,nan,nan,nan,nan,nan,nan,nan,nan,0.1595533788,-0.0233839136,-0.1028763428,0.1520466357,-0.0127534848,-0.0853362679,-0.2449332923,-0.0858118683,-0.0254710577,0.0841881931,0.0185503233,0.2575568855,-0.8677976131,1.0896073580,0.0000000000,3.0929999352,3.0351905823,nan,nan,nan,nan,nan,nan,nan,nan,nan,nan,nan,nan,nan,-0.0048163347,-0.0058035236,0.9940072298,-7.4461174011,-4.8832688332,-9.6103448868
0.2113603055,-0.0085837664,0.6420263052,-0.0110474880,-0.0083331265,-0.0054891912,0.3000000119,0.0000000000,0.7599999905,0.0000000000,0.1912169158,0.0607400648,0.1667597443,0.1092942730,nan,nan,nan,nan,nan,nan,nan,nan,nan,nan,nan,nan,nan,0.1595533788,-0.0233839136,-0.1028763428,0.1520466357,-0.0127534848,-0.0853362679,-0.2449332923,-0.0858118683,-0.0254710577,0.0841881931,0.0185503233,0.2575568855,-0.8677976131,1.0896073580,0.0000000000,3.0929999352,3.0351905823,nan,nan,nan,nan,nan,nan,nan,nan,nan,nan,nan,nan,nan,-0.0048163347,-0.0058035236,0.9940072298,-7.4461174011,-4.8832688332,-9.6103448868
0.2113603055,-0.0085837664,0.6420263052,-0.0110474880,-0.0083331265,-0.0054891912,0.3000000119,0.0000000000,0.7599999905,0.0000000000,0.1912169158,0.0607400648,0.1667597443,0.1092942730,nan,nan,nan,nan,nan,nan,nan,nan,nan,nan,nan,nan,nan,0.1595533788,-0.0233839136,-0.1028763428,0.1520466357,-0.0127534848,-0.0853362679,-0.2449332923,-0.0858118683,-0.0254710577,0.0841881931,0.0185503233,0.2575568855,-0.8677976131,1.0896073580,0.0000000000,3.0929999352,3.0351905823,nan,nan,nan,nan,nan,nan,nan,nan,nan,nan,nan,nan,nan,-0.0048163347,-0.0058035236,0.9940072298,-7.4461174011,-4.8832688332,-9.6103448868
0.2113603055,-0.0085837664,0.6420263052,-0.0110474880,-0.0083331265,-0.0054891912,0.3000000119,0.0000000000,0.7599999905,0.0000000000,0.1912169158,0.0607400648,0.1667597443,0.1092942730,nan,nan,nan,nan,nan,nan,nan,nan,nan,nan,nan,nan,nan,0.1595533788,-0.0233839136,-0.1028763428,0.1520466357,-0.0127534848,-0.0853362679,-0.2449332923,-0.0858118683,-0.0254710577,0.0841881931,0.0185503233,0.2575568855,-0.8677976131,1.0896073580,0.0000000000,3.0929999352,3.0351905823,nan,nan,nan,nan,nan,nan,nan,nan,nan,nan,nan,nan,nan,-0.0048163347,-0.0058035236,0.9940072298,-7.4461174011,-4.8832688332,-9.6103448868
0.2113603055,-0.0085837664,0.6420263052,-0.0110474880,-0.0083331265,-0.0054891912,0.3000000119,0.0000000000,0.7599999905,0.0000000000,0.1912169158,0.0607400648,0.1667597443,0.1092942730,nan,nan,nan,nan,nan,nan,nan,nan,nan,nan,nan,nan,nan,0.1595533788,-0.0233839136,-0.1028763428,0.1520466357,-0.0127534848,-0.0853362679,-0.2449332923,-0.0858118683,-0.0254710577,0.0841881931,0.0185503233,0.2575568855,-0.8677976131,1.0896073580,0.0000000000,3.0929999352,3.0351905823,nan,nan,nan,nan,nan,nan,nan,nan,nan,nan,nan,nan,nan,-0.0048163347,-0.0058035236,0.9940072298,-7.4461174011,-4.8832688332,-9.6103448868
0.2113603055,-0.0085837664,0.6420263052,-0.0110474880,-0.0083331265,-0.0054891912,0.3000000119,0.0000000000,0.7599999905,0.0000000000,0.1912169158,0.0607400648,0.1667597443,0.1092942730,nan,nan,nan,nan,nan,nan,nan,nan,nan,nan,nan,nan,nan,0.1595533788,-0.0233839136,-0.1028763428,0.1520466357,-0.0127534848,-0.0853362679,-0.2449332923,-0.0858118683,-0.0254710577,0.0841881931,0.0185503233,0.2575568855,-0.8677976131,1.0896073580,0.0000000000,3.0929999352,3.0351905823,nan,nan,nan,nan,nan,nan,nan,nan,nan,nan,nan,nan,nan,-0.0048163347,-0.0058035236,0.9940072298,-7.4461174011,-4.8832688332,-9.6103448868
0.2113603055,-0.0085837664,0.6420263052,-0.0110474880,-0.0083331265,-0.0054891912,0.3000000119,0.0000000000,0.7599999905,0.0000000000,0.1912169158,0.0607400648,0.1667597443,0.1092942730,nan,nan,nan,nan,nan,nan,nan,nan,nan,nan,nan,nan,nan,0.1595533788,-0.0233839136,-0.1028763428,0.1520466357,-0.0127534848,-0.0853362679,-0.2449332923,-0.0858118683,-0.0254710577,0.0841881931,0.0185503233,0.2575568855,-0.8677976131,1.0896073580,0.0000000000,3.0929999352,3.0351905823,nan,nan,nan,nan,nan,nan,nan,nan,nan,nan,nan,nan,nan,-0.0048163347,-0.0058035236,0.9940072298,-7.4461174011,-4.8832688332,-9.6103448868
0.2113603055,-0.0085837664,0.6420263052,-0.0110474880,-0.0083331265,-0.0054891912,0.3000000119,0.0000000000,0.7599999905,0.0000000000,0.1912169158,0.0607400648,0.1667597443,0.1092942730,nan,nan,nan,nan,nan,nan,nan,nan,nan,nan,nan,nan,nan,0.1595533788,-0.0233839136,-0.1028763428,0.1520466357,-0.0127534848,-0.0853362679,-0.2449332923,-0.0858118683,-0.0254710577,0.0841881931,0.0185503233,0.2575568855,-0.8677976131,1.0896073580,0.0000000000,3.0929999352,3.0351905823,nan,nan,nan,nan,nan,nan,nan,nan,nan,nan,nan,nan,nan,-0.0048163347,-0.0058035236,0.9940072298,-7.4461174011,-4.8832688332,-9.6103448868
0.2113603055,-0.0085837664,0.6420263052,-0.0110474880,-0.0083331265,-0.0054891912,0.3000000119,0.0000000000,0.7599999905,0.0000000000,0.1912169158,0.0607400648,0.1667597443,0.1092942730,nan,nan,nan,nan,nan,nan,nan,nan,nan,nan,nan,nan,nan,0.1595533788,-0.0233839136,-0.1028763428,0.1520466357,-0.0127534848,-0.0853362679,-0.2449332923,-0.0858118683,-0.0254710577,0.0841881931,0.0185503233,0.2575568855,-0.8677976131,1.0896073580,0.0000000000,3.0929999352,3.0351905823,nan,nan,nan,nan,nan,nan,nan,nan,nan,nan,nan,nan,nan,-0.0048163347,-0.0058035236,0.9940072298,-7.4461174011,-4.8832688332,-9.6103448868
0.2113603055,-0.0085837664,0.6420263052,-0.0110474880,-0.0083331265,-0.0054891912,0.3000000119,0.0000000000,0.7599999905,0.0000000000,0.1912169158,0.0607400648,0.1667597443,0.1092942730,nan,nan,nan,nan,nan,nan,nan,nan,nan,nan,nan,nan,nan,0.1595533788,-0.0233839136,-0.1028763428,0.1520466357,-0.0127534848,-0.0853362679,-0.2449332923,-0.0858118683,-0.0254710577,0.0841881931,0.0185503233,0.2575568855,-0.8677976131,1.0896073580,0.0000000000,3.0929999352,3.0351905823,nan,nan,nan,nan,nan,nan,nan,nan,nan,nan,nan,nan,nan,-0.0048163347,-0.0058035236,0.9940072298,-7.4461174011,-4.8832688332,-9.6103448868
0.2113603055,-0.0085837664,0.6420263052,-0.0110474880,-0.0083331265,-0.0054891912,0.3000000119,0.0000000000,0.7599999905,0.0000000000,0.1912169158,0.0607400648,0.1667597443,0.1092942730,nan,nan,nan,nan,nan,nan,nan,nan,nan,nan,nan,nan,nan,0.1595533788,-0.0233839136,-0.1028763428,0.1520466357,-0.0127534848,-0.0853362679,-0.2449332923,-0.0858118683,-0.0254710577,0.0841881931,0.0185503233,0.2575568855,-0.8677976131,1.0896073580,0.0000000000,3.0929999352,3.0351905823,nan,nan,nan,nan,nan,nan,nan,nan,nan,nan,nan,nan,nan,-0.0048163347,-0.0058035236,0.9940072298,-7.4461174011,-4.8832688332,-9.6103448868
0.2113603055,-0.0085837664,0.6420263052,-0.0110474880,-0.0083331265,-0.0054891912,0.3000000119,0.0000000000,0.7599999905,0.0000000000,0.1912169158,0.0607400648,0.1667597443,0.1092942730,nan,nan,nan,nan,nan,nan,nan,nan,nan,nan,nan,nan,nan,0.1595533788,-0.0233839136,-0.1028763428,0.1520466357,-0.0127534848,-0.0853362679,-0.2449332923,-0.0858118683,-0.0254710577,0.0841881931,0.0185503233,0.2575568855,-0.8677976131,1.0896073580,0.0000000000,3.0929999352,3.0351905823,nan,nan,nan,nan,nan,nan,nan,nan,nan,nan,nan,nan,nan,-0.0048163347,-0.0058035236,0.9940072298,-7.4461174011,-4.8832688332,-9.6103448868
0.2113603055,-0.0085837664,0.6420263052,-0.0110474880,-0.0083331265,-0.0054891912,0.3000000119,0.0000000000,0.7599999905,0.0000000000,0.1912169158,0.0607400648,0.1667597443,0.1092942730,nan,nan,nan,nan,nan,nan,nan,nan,nan,nan,nan,nan,nan,0.1595533788,-0.0233839136,-0.1028763428,0.1520466357,-0.0127534848,-0.0853362679,-0.2449332923,-0.0858118683,-0.0254710577,0.0841881931,0.0185503233,0.2575568855,-0.8677976131,1.0896073580,0.0000000000,3.0929999352,3.0351905823,nan,nan,nan,nan,nan,nan,nan,nan,nan,nan,nan,nan,nan,-0.0048163347,-0.0058035236,0.9940072298,-7.4461174011,-4.8832688332,-9.6103448868
0.2113603055,-0.0085837664,0.6420263052,-0.0110474880,-0.0083331265,-0.0054891912,0.3000000119,0.0000000000,0.7599999905,0.0000000000,0.1912169158,0.0607400648,0.1667597443,0.1092942730,nan,nan,nan,nan,nan,nan,nan,nan,nan,nan,nan,nan,nan,0.1595533788,-0.0233839136,-0.1028763428,0.1520466357,-0.0127534848,-0.0853362679,-0.2449332923,-0.0858118683,-0.0254710577,0.0841881931,0.0185503233,0.2575568855,-0.8677976131,1.0896073580,0.0000000000,3.0929999352,3.0351905823,nan,nan,nan,nan,nan,nan,nan,nan,nan,nan,nan,nan,nan,-0.0048163347,-0.0058035236,0.9940072298,-7.4461174011,-4.8832688332,-9.6103448868
0.2113603055,-0.0085837664,0.6420263052,-0.0110474880,-0.0083331265,-0.0054891912,0.3000000119,0.0000000000,0.7599999905,0.0000000000,0.1912169158,0.0607400648,0.1667597443,0.1092942730,nan,nan,nan,nan,nan,nan,nan,nan,nan,nan,nan,nan,nan,0.1595533788,-0.0233839136,-0.1028763428,0.1520466357,-0.0127534848,-0.0853362679,-0.2449332923,-0.0858118683,-0.0254710577,0.0841881931,0.0185503233,0.2575568855,-0.8677976131,1.0896073580,0.0000000000,3.0929999352,3.0351905823,nan,nan,nan,nan,nan,nan,nan,nan,nan,nan,nan,nan,nan,-0.0048163347,-0.0058035236,0.9940072298,-7.4461174011,-4.8832688332,-9.6103448868
0.2113603055,-0.0085837664,0.6420263052,-0.0110474880,-0.0083331265,-0.0054891912,0.3000000119,0.0000000000,0.7599999905,0.0000000000,0.1912169158,0.0607400648,0.1667597443,0.1092942730,nan,nan,nan,nan,nan,nan,nan,nan,nan,nan,nan,nan,nan,0.1595533788,-0.0233839136,-0.1028763428,0.1520466357,-0.0127534848,-0.0853362679,-0.2449332923,-0.0858118683,-0.0254710577,0.0841881931,0.0185503233,0.2575568855,-0.8677976131,1.0896073580,0.0000000000,3.0929999352,3.0351905823,nan,nan,nan,nan,nan,nan,nan,nan,nan,nan,nan,nan,nan,-0.0048163347,-0.0058035236,0.9940072298,-7.4461174011,-4.8832688332,-9.6103448868
0.2113603055,-0.0085837664,0.6420263052,-0.0110474880,-0.0083331265,-0.0054891912,0.3000000119,0.0000000000,0.7599999905,0.0000000000,0.1912169158,0.0607400648,0.1667597443,0.1092942730,nan,nan,nan,nan,nan,nan,nan,nan,nan,nan,nan,nan,nan,0.1595533788,-0.0233839136,-0.1028763428,0.1520466357,-0.0127534848,-0.0853362679,-0.2449332923,-0.0858118683,-0.0254710577,0.0841881931,0.0185503233,0.2575568855,-0.8677976131,1.0896073580,0.0000000000,3.0929999352,3.0351905823,nan,nan,nan,nan,nan,nan,nan,nan,nan,nan,nan,nan,nan,-0.0048163347,-0.0058035236,0.9940072298,-7.4461174011,-4.8832688332,-9.6103448868
0.2113603055,-0.0085837664,0.6420263052,-0.0110474880,-0.0083331265,-0.0054891912,0.3000000119,0.0000000000,0.7599999905,0.0000000000,0.1912169158,0.0607400648,0.1667597443,0.1092942730,nan,nan,nan,nan,nan,nan,nan,nan,nan,nan,nan,nan,nan,0.1595533788,-0.0233839136,-0.1028763428,0.1520466357,-0.0127534848,-0.0853362679,-0.2449332923,-0.0858118683,-0.0254710577,0.0841881931,0.0185503233,0.2575568855,-0.8677976131,1.0896073580,0.0000000000,3.0929999352,3.0351905823,nan,nan,nan,nan,nan,nan,nan,nan,nan,nan,nan,nan,nan,-0.0048163347,-0.0058035236,0.9940072298,-7.4461174011,-4.8832688332,-9.6103448868
0.2113603055,-0.0085837664,0.6420263052,-0.0110474880,-0.0083331265,-0.0054891912,0.3000000119,0.0000000000,0.7599999905,0.0000000000,0.1912169158,0.0607400648,0.1667597443,0.1092942730,nan,nan,nan,nan,nan,nan,nan,nan,nan,nan,nan,nan,nan,0.1595533788,-0.0233839136,-0.1028763428,0.1520466357,-0.0127534848,-0.0853362679,-0.2449332923,-0.0858118683,-0.0254710577,0.0841881931,0.0185503233,0.2575568855,-0.8677976131,1.0896073580,0.0000000000,3.0929999352,3.0351905823,nan,nan,nan,nan,nan,nan,nan,nan,nan,nan,nan,nan,nan,-0.0048163347,-0.0058035236,0.9940072298,-7.4461174011,-4.8832688332,-9.6103448868
0.2113603055,-0.0085837664,0.6420263052,-0.0110474880,-0.0083331265,-0.0054891912,0.3000000119,0.0000000000,0.7599999905,0.0000000000,0.1912169158,0.0607400648,0.1667597443,0.1092942730,nan,nan,nan,nan,nan,nan,nan,nan,nan,nan,nan,nan,nan,0.1595533788,-0.0233839136,-0.1028763428,0.1520466357,-0.0127534848,-0.0853362679,-0.2449332923,-0.0858118683,-0.0254710577,0.0841881931,0.0185503233,0.2575568855,-0.8677976131,1.0896073580,0.0000000000,3.0929999352,3.0351905823,nan,nan,nan,nan,nan,nan,nan,nan,nan,nan,nan,nan,nan,-0.0048163347,-0.0058035236,0.9940072298,-7.4461174011,-4.8832688332,-9.6103448868
0.2113603055,-0.0085837664,0.6420263052,-0.0110474880,-0.0083331265,-0.0054891912,0.3000000119,0.0000000000,0.7599999905,0.0000000000,0.1912169158,0.0607400648,0.1667597443,0.1092942730,nan,nan,nan,nan,nan,nan,nan,nan,nan,nan,nan,nan,nan,0.1595533788,-0.0233839136,-0.1028763428,0.1520466357,-0.0127534848,-0.0853362679,-0.2449332923,-0.0858118683,-0.0254710577,0.0841881931,0.0185503233,0.2575568855,-0.8677976131,1.0896073580,0.0000000000,3.0929999352,3.0351905823,nan,nan,nan,nan,nan,nan,nan,nan,nan,nan,nan,nan,nan,-0.0048163347,-0.0058035236,0.9940072298,-7.4461174011,-4.8832688332,-9.6103448868
0.2113603055,-0.0085837664,0.6420263052,-0.0110474880,-0.0083331265,-0.0054891912,0.3000000119,0.0000000000,0.7599999905,0.0000000000,0.1912169158,0.0607400648,0.1667597443,0.1092942730,nan,nan,nan,nan,nan,nan,nan,nan,nan,nan,nan,nan,nan,0.1595533788,-0.0233839136,-0.1028763428,0.1520466357,-0.0127534848,-0.0853362679,-0.2449332923,-0.0858118683,-0.0254710577,0.0841881931,0.0185503233,0.2575568855,-0.8677976131,1.0896073580,0.0000000000,3.0929999352,3.0351905823,nan,nan,nan,nan,nan,nan,nan,nan,nan,nan,nan,nan,nan,-0.0048163347,-0.0058035236,0.9940072298,-7.4461174011,-4.8832688332,-9.6103448868
0.2113603055,-0.0085837664,0.6420263052,-0.0110474880,-0.0083331265,-0.0054891912,0.3000000119,0.0000000000,0.7599999905,0.0000000000,0.1912169158,0.0607400648,0.1667597443,0.1092942730,nan,nan,nan,nan,nan,nan,nan,nan,nan,nan,nan,nan,nan,0.1595533788,-0.0233839136,-0.1028763428,0.1520466357,-0.0127534848,-0.0853362679,-0.2449332923,-0.0858118683,-0.0254710577,0.0841881931,0.0185503233,0.2575568855,-0.8677976131,1.0896073580,0.0000000000,3.0929999352,3.0351905823,nan,nan,nan,nan,nan,nan,nan,nan,nan,nan,nan,nan,nan,-0.0048163347,-0.0058035236,0.9940072298,-7.4461174011,-4.8832688332,-9.6103448868
0.2113603055,-0.0085837664,0.6420263052,-0.0110474880,-0.0083331265,-0.0054891912,0.3000000119,0.0000000000,0.7599999905,0.0000000000,0.1912169158,0.0607400648,0.1667597443,0.1092942730,nan,nan,nan,nan,nan,nan,nan,nan,nan,nan,nan,nan,nan,0.1595533788,-0.0233839136,-0.1028763428,0.1520466357,-0.0127534848,-0.0853362679,-0.2449332923,-0.0858118683,-0.0254710577,0.0841881931,0.0185503233,0.2575568855,-0.8677976131,1.0896073580,0.0000000000,3.0929999352,3.0351905823,nan,nan,nan,nan,nan,nan,nan,nan,nan,nan,nan,nan,nan,-0.0048163347,-0.0058035236,0.9940072298,-7.4461174011,-4.8832688332,-9.6103448868
0.2113603055,-0.0085837664,0.6420263052,-0.0110474880,-0.0083331265,-0.0054891912,0.3000000119,0.0000000000,0.7599999905,0.0000000000,0.1912169158,0.0607400648,0.1667597443,0.1092942730,nan,nan,nan,nan,nan,nan,nan,nan,nan,nan,nan,nan,nan,0.1595533788,-0.0233839136,-0.1028763428,0.1520466357,-0.0127534848,-0.0853362679,-0.2449332923,-0.0858118683,-0.0254710577,0.0841881931,0.0185503233,0.2575568855,-0.8677976131,1.0896073580,0.0000000000,3.0929999352,3.0351905823,nan,nan,nan,nan,nan,nan,nan,nan,nan,nan,nan,nan,nan,-0.0048163347,-0.0058035236,0.9940072298,-7.4461174011,-4.8832688332,-9.6103448868
0.2113603055,-0.0085837664,0.6420263052,-0.0110474880,-0.0083331265,-0.0054891912,0.3000000119,0.0000000000,0.7599999905,0.0000000000,0.1912169158,0.0607400648,0.1667597443,0.1092942730,nan,nan,nan,nan,nan,nan,nan,nan,nan,nan,nan,nan,nan,0.1595533788,-0.0233839136,-0.1028763428,0.1520466357,-0.0127534848,-0.0853362679,-0.2449332923,-0.0858118683,-0.0254710577,0.0841881931,0.0185503233,0.2575568855,-0.8677976131,1.0896073580,0.0000000000,3.0929999352,3.0351905823,nan,nan,nan,nan,nan,nan,nan,nan,nan,nan,nan,nan,nan,-0.0048163347,-0.0058035236,0.9940072298,-7.4461174011,-4.8832688332,-9.6103448868
0.2113603055,-0.0085837664,0.6420263052,-0.0110474880,-0.0083331265,-0.0054891912,0.3000000119,0.0000000000,0.7599999905,0.0000000000,0.1912169158,0.0607400648,0.1667597443,0.1092942730,nan,nan,nan,nan,nan,nan,nan,nan,nan,nan,nan,nan,nan,0.1595533788,-0.0233839136,-0.1028763428,0.1520466357,-0.0127534848,-0.0853362679,-0.2449332923,-0.0858118683,-0.0254710577,0.0841881931,0.0185503233,0.2575568855,-0.8677976131,1.0896073580,0.0000000000,3.0929999352,3.0351905823,nan,nan,nan,nan,nan,nan,nan,nan,nan,nan,nan,nan,nan,-0.0048163347,-0.0058035236,0.9940072298,-7.4461174011,-4.8832688332,-9.6103448868
0.2113603055,-0.0085837664,0.6420263052,-0.0110474880,-0.0083331265,-0.0054891912,0.3000000119,0.0000000000,0.7599999905,0.0000000000,0.1912169158,0.0607400648,0.1667597443,0.1092942730,nan,nan,nan,nan,nan,nan,nan,nan,nan,nan,nan,nan,nan,0.1595533788,-0.0233839136,-0.1028763428,0.1520466357,-0.0127534848,-0.0853362679,-0.2449332923,-0.0858118683,-0.0254710577,0.0841881931,0.0185503233,0.2575568855,-0.8677976131,1.0896073580,0.0000000000,3.0929999352,3.0351905823,nan,nan,nan,nan,nan,nan,nan,nan,nan,nan,nan,nan,nan,-0.0048163347,-0.0058035236,0.9940072298,-7.4461174011,-4.8832688332,-9.6103448868
0.2113603055,-0.0085837664,0.6420263052,-0.0110474880,-0.0083331265,-0.0054891912,0.3000000119,0.0000000000,0.7599999905,0.0000000000,0.1912169158,0.0607400648,0.1667597443,0.1092942730,nan,nan,nan,nan,nan,nan,nan,nan,nan,nan,nan,nan,nan,0.1595533788,-0.0233839136,-0.1028763428,0.1520466357,-0.0127534848,-0.0853362679,-0.2449332923,-0.0858118683,-0.0254710577,0.0841881931,0.0185503233,0.2575568855,-0.8677976131,1.0896073580,0.0000000000,3.0929999352,3.0351905823,nan,nan,nan,nan,nan,nan,nan,nan,nan,nan,nan,nan,nan,-0.0048163347,-0.0058035236,0.9940072298,-7.4461174011,-4.8832688332,-9.6103448868
0.2113603055,-0.0085837664,0.6420263052,-0.0110474880,-0.0083331265,-0.0054891912,0.3000000119,0.0000000000,0.7599999905,0.0000000000,0.1912169158,0.0607400648,0.1667597443,0.1092942730,nan,nan,nan,nan,nan,nan,nan,nan,nan,nan,nan,nan,nan,0.1595533788,-0.0233839136,-0.1028763428,0.1520466357,-0.0127534848,-0.0853362679,-0.2449332923,-0.0858118683,-0.0254710577,0.0841881931,0.0185503233,0.2575568855,-0.8677976131,1.0896073580,0.0000000000,3.0929999352,3.0351905823,nan,nan,nan,nan,nan,nan,nan,nan,nan,nan,nan,nan,nan,-0.0048163347,-0.0058035236,0.9940072298,-7.4461174011,-4.8832688332,-9.6103448868
0.2113603055,-0.0085837664,0.6420263052,-0.0110474880,-0.0083331265,-0.0054891912,0.3000000119,0.0000000000,0.7599999905,0.0000000000,0.1912169158,0.0607400648,0.1667597443,0.1092942730,nan,nan,nan,nan,nan,nan,nan,nan,nan,nan,nan,nan,nan,0.1595533788,-0.0233839136,-0.1028763428,0.1520466357,-0.0127534848,-0.0853362679,-0.2449332923,-0.0858118683,-0.0254710577,0.0841881931,0.0185503233,0.2575568855,-0.8677976131,1.0896073580,0.0000000000,3.0929999352,3.0351905823,nan,nan,nan,nan,nan,nan,nan,nan,nan,nan,nan,nan,nan,-0.0048163347,-0.0058035236,0.9940072298,-7.4461174011,-4.8832688332,-9.6103448868
0.2113603055,-0.0085837664,0.6420263052,-0.0110474880,-0.0083331265,-0.0054891912,0.3000000119,0.0000000000,0.7599999905,0.0000000000,0.1912169158,0.0607400648,0.1667597443,0.1092942730,nan,nan,nan,nan,nan,nan,nan,nan,nan,nan,nan,nan,nan,0.1595533788,-0.0233839136,-0.1028763428,0.1520466357,-0.0127534848,-0.0853362679,-0.2449332923,-0.0858118683,-0.0254710577,0.0841881931,0.0185503233,0.2575568855,-0.8677976131,1.0896073580,0.0000000000,3.0929999352,3.0351905823,nan,nan,nan,nan,nan,nan,nan,nan,nan,nan,nan,nan,nan,-0.0048163347,-0.0058035236,0.9940072298,-7.4461174011,-4.8832688332,-9.6103448868
0.2113603055,-0.0085837664,0.6420263052,-0.0110474880,-0.0083331265,-0.0054891912,0.3000000119,0.0000000000,0.7599999905,0.0000000000,0.1912169158,0.0607400648,0.1667597443,0.1092942730,nan,nan,nan,nan,nan,nan,nan,nan,nan,nan,nan,nan,nan,0.1595533788,-0.0233839136,-0.1028763428,0.1520466357,-0.0127534848,-0.0853362679,-0.2449332923,-0.0858118683,-0.0254710577,0.0841881931,0.0185503233,0.2575568855,-0.8677976131,1.0896073580,0.0000000000,3.0929999352,3.0351905823,nan,nan,nan,nan,nan,nan,nan,nan,nan,nan,nan,nan,nan,-0.0048163347,-0.0058035236,0.9940072298,-7.4461174011,-4.8832688332,-9.6103448868
0.2113603055,-0.0085837664,0.6420263052,-0.0110474880,-0.0083331265,-0.0054891912,0.3000000119,0.0000000000,0.7599999905,0.0000000000,0.1912169158,0.0607400648,0.1667597443,0.1092942730,nan,nan,nan,nan,nan,nan,nan,nan,nan,nan,nan,nan,nan,0.1595533788,-0.0233839136,-0.1028763428,0.1520466357,-0.0127534848,-0.0853362679,-0.2449332923,-0.0858118683,-0.0254710577,0.0841881931,0.0185503233,0.2575568855,-0.8677976131,1.0896073580,0.0000000000,3.0929999352,3.0351905823,nan,nan,nan,nan,nan,nan,nan,nan,nan,nan,nan,nan,nan,-0.0048163347,-0.0058035236,0.9940072298,-7.4461174011,-4.8832688332,-9.6103448868
0.2113603055,-0.0085837664,0.6420263052,-0.0110474880,-0.0083331265,-0.0054891912,0.3000000119,0.0000000000,0.7599999905,0.0000000000,0.1912169158,0.0607400648,0.1667597443,0.1092942730,nan,nan,nan,nan,nan,nan,nan,nan,nan,nan,nan,nan,nan,0.1595533788,-0.0233839136,-0.1028763428,0.1520466357,-0.0127534848,-0.0853362679,-0.2449332923,-0.0858118683,-0.0254710577,0.0841881931,0.0185503233,0.2575568855,-0.8677976131,1.0896073580,0.0000000000,3.0929999352,3.0351905823,nan,nan,nan,nan,nan,nan,nan,nan,nan,nan,nan,nan,nan,-0.0048163347,-0.0058035236,0.9940072298,-7.4461174011,-4.8832688332,-9.6103448868
0.2113603055,-0.0085837664,0.6420263052,-0.0110474880,-0.0083331265,-0.0054891912,0.3000000119,0.0000000000,0.7599999905,0.0000000000,0.1912169158,0.0607400648,0.1667597443,0.1092942730,nan,nan,nan,nan,nan,nan,nan,nan,nan,nan,nan,nan,nan,0.1595533788,-0.0233839136,-0.1028763428,0.1520466357,-0.0127534848,-0.0853362679,-0.2449332923,-0.0858118683,-0.0254710577,0.0841881931,0.0185503233,0.2575568855,-0.8677976131,1.0896073580,0.0000000000,3.0929999352,3.0351905823,nan,nan,nan,nan,nan,nan,nan,nan,nan,nan,nan,nan,nan,-0.0048163347,-0.0058035236,0.9940072298,-7.4461174011,-4.8832688332,-9.6103448868
0.2113603055,-0.0085837664,0.6420263052,-0.0110474880,-0.0083331265,-0.0054891912,0.3000000119,0.0000000000,0.7599999905,0.0000000000,0.1912169158,0.0607400648,0.1667597443,0.1092942730,nan,nan,nan,nan,nan,nan,nan,nan,nan,nan,nan,nan,nan,0.1595533788,-0.0233839136,-0.1028763428,0.1520466357,-0.0127534848,-0.0853362679,-0.2449332923,-0.0858118683,-0.0254710577,0.0841881931,0.0185503233,0.2575568855,-0.8677976131,1.0896073580,0.0000000000,3.0929999352,3.0351905823,nan,nan,nan,nan,nan,nan,nan,nan,nan,nan,nan,nan,nan,-0.0048163347,-0.0058035236,0.9940072298,-7.4461174011,-4.8832688332,-9.6103448868
0.2113603055,-0.0085837664,0.6420263052,-0.0110474880,-0.0083331265,-0.0054891912,0.3000000119,0.0000000000,0.7599999905,0.0000000000,0.1912169158,0.0607400648,0.1667597443,0.1092942730,nan,nan,nan,nan,nan,nan,nan,nan,nan,nan,nan,nan,nan,0.1595533788,-0.0233839136,-0.1028763428,0.1520466357,-0.0127534848,-0.0853362679,-0.2449332923,-0.0858118683,-0.0254710577,0.0841881931,0.0185503233,0.2575568855,-0.8677976131,1.0896073580,0.0000000000,3.0929999352,3.0351905823,nan,nan,nan,nan,nan,nan,nan,nan,nan,nan,nan,nan,nan,-0.0048163347,-0.0058035236,0.9940072298,-7.4461174011,-4.8832688332,-9.6103448868
0.2113603055,-0.0085837664,0.6420263052,-0.0110474880,-0.0083331265,-0.0054891912,0.3000000119,0.0000000000,0.7599999905,0.0000000000,0.1912169158,0.0607400648,0.1667597443,0.1092942730,nan,nan,nan,nan,nan,nan,nan,nan,nan,nan,nan,nan,nan,0.1595533788,-0.0233839136,-0.1028763428,0.1520466357,-0.0127534848,-0.0853362679,-0.2449332923,-0.0858118683,-0.0254710577,0.0841881931,0.0185503233,0.2575568855,-0.8677976131,1.0896073580,0.0000000000,3.0929999352,3.0351905823,nan,nan,nan,nan,nan,nan,nan,nan,nan,nan,nan,nan,nan,-0.0048163347,-0.0058035236,0.9940072298,-7.4461174011,-4.8832688332,-9.6103448868
0.2113603055,-0.0085837664,0.6420263052,-0.0110474880,-0.0083331265,-0.0054891912,0.3000000119,0.0000000000,0.7599999905,0.0000000000,0.1912169158,0.0607400648,0.1667597443,0.1092942730,nan,nan,nan,nan,nan,nan,nan,nan,nan,nan,nan,nan,nan,0.1595533788,-0.0233839136,-0.1028763428,0.1520466357,-0.0127534848,-0.0853362679,-0.2449332923,-0.0858118683,-0.0254710577,0.0841881931,0.0185503233,0.2575568855,-0.8677976131,1.0896073580,0.0000000000,3.0929999352,3.0351905823,nan,nan,nan,nan,nan,nan,nan,nan,nan,nan,nan,nan,nan,-0.0048163347,-0.0058035236,0.9940072298,-7.4461174011,-4.8832688332,-9.6103448868
0.2113603055,-0.0085837664,0.6420263052,-0.0110474880,-0.0083331265,-0.0054891912,0.3000000119,0.0000000000,0.7599999905,0.0000000000,0.1912169158,0.0607400648,0.1667597443,0.1092942730,nan,nan,nan,nan,nan,nan,nan,nan,nan,nan,nan,nan,nan,0.1595533788,-0.0233839136,-0.1028763428,0.1520466357,-0.0127534848,-0.0853362679,-0.2449332923,-0.0858118683,-0.0254710577,0.0841881931,0.0185503233,0.2575568855,-0.8677976131,1.0896073580,0.0000000000,3.0929999352,3.0351905823,nan,nan,nan,nan,nan,nan,nan,nan,nan,nan,nan,nan,nan,-0.0048163347,-0.0058035236,0.9940072298,-7.4461174011,-4.8832688332,-9.6103448868
0.2113603055,-0.0085837664,0.6420263052,-0.0110474880,-0.0083331265,-0.0054891912,0.3000000119,0.0000000000,0.7599999905,0.0000000000,0.1912169158,0.0607400648,0.1667597443,0.1092942730,nan,nan,nan,nan,nan,nan,nan,nan,nan,nan,nan,nan,nan,0.1595533788,-0.0233839136,-0.1028763428,0.1520466357,-0.0127534848,-0.0853362679,-0.2449332923,-0.0858118683,-0.0254710577,0.0841881931,0.0185503233,0.2575568855,-0.8677976131,1.0896073580,0.0000000000,3.0929999352,3.0351905823,nan,nan,nan,nan,nan,nan,nan,nan,nan,nan,nan,nan,nan,-0.0048163347,-0.0058035236,0.9940072298,-7.4461174011,-4.8832688332,-9.6103448868
0.2113603055,-0.0085837664,0.6420263052,-0.0110474880,-0.0083331265,-0.0054891912,0.3000000119,0.0000000000,0.7599999905,0.0000000000,0.1912169158,0.0607400648,0.1667597443,0.1092942730,nan,nan,nan,nan,nan,nan,nan,nan,nan,nan,nan,nan,nan,0.1595533788,-0.0233839136,-0.1028763428,0.1520466357,-0.0127534848,-0.0853362679,-0.2449332923,-0.0858118683,-0.0254710577,0.0841881931,0.0185503233,0.2575568855,-0.8677976131,1.0896073580,0.0000000000,3.0929999352,3.0351905823,nan,nan,nan,nan,nan,nan,nan,nan,nan,nan,nan,nan,nan,-0.0048163347,-0.0058035236,0.9940072298,-7.4461174011,-4.8832688332,-9.6103448868
0.2113603055,-0.0085837664,0.6420263052,-0.0110474880,-0.0083331265,-0.0054891912,0.3000000119,0.0000000000,0.7599999905,0.0000000000,0.1912169158,0.0607400648,0.1667597443,0.1092942730,nan,nan,nan,nan,nan,nan,nan,nan,nan,nan,nan,nan,nan,0.1595533788,-0.0233839136,-0.1028763428,0.1520466357,-0.0127534848,-0.0853362679,-0.2449332923,-0.0858118683,-0.0254710577,0.0841881931,0.0185503233,0.2575568855,-0.8677976131,1.0896073580,0.0000000000,3.0929999352,3.0351905823,nan,nan,nan,nan,nan,nan,nan,nan,nan,nan,nan,nan,nan,-0.0048163347,-0.0058035236,0.9940072298,-7.4461174011,-4.8832688332,-9.6103448868
0.2113603055,-0.0085837664,0.6420263052,-0.0110474880,-0.0083331265,-0.0054891912,0.3000000119,0.0000000000,0.7599999905,0.0000000000,0.1912169158,0.0607400648,0.1667597443,0.1092942730,nan,nan,nan,nan,nan,nan,nan,nan,nan,nan,nan,nan,nan,0.1595533788,-0.0233839136,-0.1028763428,0.1520466357,-0.0127534848,-0.0853362679,-0.2449332923,-0.0858118683,-0.0254710577,0.0841881931,0.0185503233,0.2575568855,-0.8677976131,1.0896073580,0.0000000000,3.0929999352,3.0351905823,nan,nan,nan,nan,nan,nan,nan,nan,nan,nan,nan,nan,nan,-0.0048163347,-0.0058035236,0.9940072298,-7.4461174011,-4.8832688332,-9.6103448868
0.2113603055,-0.0085837664,0.6420263052,-0.0110474880,-0.0083331265,-0.0054891912,0.3000000119,0.0000000000,0.7599999905,0.0000000000,0.1912169158,0.0607400648,0.1667597443,0.1092942730,nan,nan,nan,nan,nan,nan,nan,nan,nan,nan,nan,nan,nan,0.1595533788,-0.0233839136,-0.1028763428,0.1520466357,-0.0127534848,-0.0853362679,-0.2449332923,-0.0858118683,-0.0254710577,0.0841881931,0.0185503233,0.2575568855,-0.8677976131,1.0896073580,0.0000000000,3.0929999352,3.0351905823,nan,nan,nan,nan,nan,nan,nan,nan,nan,nan,nan,nan,nan,-0.0048163347,-0.0058035236,0.9940072298,-7.4461174011,-4.8832688332,-9.6103448868
0.2113603055,-0.0085837664,0.6420263052,-0.0110474880,-0.0083331265,-0.0054891912,0.3000000119,0.0000000000,0.7599999905,0.0000000000,0.1912169158,0.0607400648,0.1667597443,0.1092942730,nan,nan,nan,nan,nan,nan,nan,nan,nan,nan,nan,nan,nan,0.1595533788,-0.0233839136,-0.1028763428,0.1520466357,-0.0127534848,-0.0853362679,-0.2449332923,-0.0858118683,-0.0254710577,0.0841881931,0.0185503233,0.2575568855,-0.8677976131,1.0896073580,0.0000000000,3.0929999352,3.0351905823,nan,nan,nan,nan,nan,nan,nan,nan,nan,nan,nan,nan,nan,-0.0048163347,-0.0058035236,0.9940072298,-7.4461174011,-4.8832688332,-9.6103448868
0.2113603055,-0.0085837664,0.6420263052,-0.0110474880,-0.0083331265,-0.0054891912,0.3000000119,0.0000000000,0.7599999905,0.0000000000,0.1912169158,0.0607400648,0.1667597443,0.1092942730,nan,nan,nan,nan,nan,nan,nan,nan,nan,nan,nan,nan,nan,0.1595533788,-0.0233839136,-0.1028763428,0.1520466357,-0.0127534848,-0.0853362679,-0.2449332923,-0.0858118683,-0.0254710577,0.0841881931,0.0185503233,0.2575568855,-0.8677976131,1.0896073580,0.0000000000,3.0929999352,3.0351905823,nan,nan,nan,nan,nan,nan,nan,nan,nan,nan,nan,nan,nan,-0.0048163347,-0.0058035236,0.9940072298,-7.4461174011,-4.8832688332,-9.6103448868
0.2113603055,-0.0085837664,0.6420263052,-0.0110474880,-0.0083331265,-0.0054891912,0.3000000119,0.0000000000,0.7599999905,0.0000000000,0.1912169158,0.0607400648,0.1667597443,0.1092942730,nan,nan,nan,nan,nan,nan,nan,nan,nan,nan,nan,nan,nan,0.1595533788,-0.0233839136,-0.1028763428,0.1520466357,-0.0127534848,-0.0853362679,-0.2449332923,-0.0858118683,-0.0254710577,0.0841881931,0.0185503233,0.2575568855,-0.8677976131,1.0896073580,0.0000000000,3.0929999352,3.0351905823,nan,nan,nan,nan,nan,nan,nan,nan,nan,nan,nan,nan,nan,-0.0048163347,-0.0058035236,0.9940072298,-7.4461174011,-4.8832688332,-9.6103448868
0.2113603055,-0.0085837664,0.6420263052,-0.0110474880,-0.0083331265,-0.0054891912,0.3000000119,0.0000000000,0.7599999905,0.0000000000,0.1912169158,0.0607400648,0.1667597443,0.1092942730,nan,nan,nan,nan,nan,nan,nan,nan,nan,nan,nan,nan,nan,0.1595533788,-0.0233839136,-0.1028763428,0.1520466357,-0.0127534848,-0.0853362679,-0.2449332923,-0.0858118683,-0.0254710577,0.0841881931,0.0185503233,0.2575568855,-0.8677976131,1.0896073580,0.0000000000,3.0929999352,3.0351905823,nan,nan,nan,nan,nan,nan,nan,nan,nan,nan,nan,nan,nan,-0.0048163347,-0.0058035236,0.9940072298,-7.4461174011,-4.8832688332,-9.6103448868
0.2113603055,-0.0085837664,0.6420263052,-0.0110474880,-0.0083331265,-0.0054891912,0.3000000119,0.0000000000,0.7599999905,0.0000000000,0.1912169158,0.0607400648,0.1667597443,0.1092942730,nan,nan,nan,nan,nan,nan,nan,nan,nan,nan,nan,nan,nan,0.1595533788,-0.0233839136,-0.1028763428,0.1520466357,-0.0127534848,-0.0853362679,-0.2449332923,-0.0858118683,-0.0254710577,0.0841881931,0.0185503233,0.2575568855,-0.8677976131,1.0896073580,0.0000000000,3.0929999352,3.0351905823,nan,nan,nan,nan,nan,nan,nan,nan,nan,nan,nan,nan,nan,-0.0048163347,-0.0058035236,0.9940072298,-7.4461174011,-4.8832688332,-9.6103448868
0.2113603055,-0.0085837664,0.6420263052,-0.0110474880,-0.0083331265,-0.0054891912,0.3000000119,0.0000000000,0.7599999905,0.0000000000,0.1912169158,0.0607400648,0.1667597443,0.1092942730,nan,nan,nan,nan,nan,nan,nan,nan,nan,nan,nan,nan,nan,0.1595533788,-0.0233839136,-0.1028763428,0.1520466357,-0.0127534848,-0.0853362679,-0.2449332923,-0.0858118683,-0.0254710577,0.0841881931,0.0185503233,0.2575568855,-0.8677976131,1.0896073580,0.0000000000,3.0929999352,3.0351905823,nan,nan,nan,nan,nan,nan,nan,nan,nan,nan,nan,nan,nan,-0.0048163347,-0.0058035236,0.9940072298,-7.4461174011,-4.8832688332,-9.6103448868
0.2113603055,-0.0085837664,0.6420263052,-0.0110474880,-0.0083331265,-0.0054891912,0.3000000119,0.0000000000,0.7599999905,0.0000000000,0.1912169158,0.0607400648,0.1667597443,0.1092942730,nan,nan,nan,nan,nan,nan,nan,nan,nan,nan,nan,nan,nan,0.1595533788,-0.0233839136,-0.1028763428,0.1520466357,-0.0127534848,-0.0853362679,-0.2449332923,-0.0858118683,-0.0254710577,0.0841881931,0.0185503233,0.2575568855,-0.8677976131,1.0896073580,0.0000000000,3.0929999352,3.0351905823,nan,nan,nan,nan,nan,nan,nan,nan,nan,nan,nan,nan,nan,-0.0048163347,-0.0058035236,0.9940072298,-7.4461174011,-4.8832688332,-9.6103448868
0.2113603055,-0.0085837664,0.6420263052,-0.0110474880,-0.0083331265,-0.0054891912,0.3000000119,0.0000000000,0.7599999905,0.0000000000,0.1912169158,0.0607400648,0.1667597443,0.1092942730,nan,nan,nan,nan,nan,nan,nan,nan,nan,nan,nan,nan,nan,0.1595533788,-0.0233839136,-0.1028763428,0.1520466357,-0.0127534848,-0.0853362679,-0.2449332923,-0.0858118683,-0.0254710577,0.0841881931,0.0185503233,0.2575568855,-0.8677976131,1.0896073580,0.0000000000,3.0929999352,3.0351905823,nan,nan,nan,nan,nan,nan,nan,nan,nan,nan,nan,nan,nan,-0.0048163347,-0.0058035236,0.9940072298,-7.4461174011,-4.8832688332,-9.6103448868
0.2113603055,-0.0085837664,0.6420263052,-0.0110474880,-0.0083331265,-0.0054891912,0.3000000119,0.0000000000,0.7599999905,0.0000000000,0.1912169158,0.0607400648,0.1667597443,0.1092942730,nan,nan,nan,nan,nan,nan,nan,nan,nan,nan,nan,nan,nan,0.1595533788,-0.0233839136,-0.1028763428,0.1520466357,-0.0127534848,-0.0853362679,-0.2449332923,-0.0858118683,-0.0254710577,0.0841881931,0.0185503233,0.2575568855,-0.8677976131,1.0896073580,0.0000000000,3.0929999352,3.0351905823,nan,nan,nan,nan,nan,nan,nan,nan,nan,nan,nan,nan,nan,-0.0048163347,-0.0058035236,0.9940072298,-7.4461174011,-4.8832688332,-9.6103448868
0.2113603055,-0.0085837664,0.6420263052,-0.0110474880,-0.0083331265,-0.0054891912,0.3000000119,0.0000000000,0.7599999905,0.0000000000,0.1912169158,0.0607400648,0.1667597443,0.1092942730,nan,nan,nan,nan,nan,nan,nan,nan,nan,nan,nan,nan,nan,0.1595533788,-0.0233839136,-0.1028763428,0.1520466357,-0.0127534848,-0.0853362679,-0.2449332923,-0.0858118683,-0.0254710577,0.0841881931,0.0185503233,0.2575568855,-0.8677976131,1.0896073580,0.0000000000,3.0929999352,3.0351905823,nan,nan,nan,nan,nan,nan,nan,nan,nan,nan,nan,nan,nan,-0.0048163347,-0.0058035236,0.9940072298,-7.4461174011,-4.8832688332,-9.6103448868
0.2113603055,-0.0085837664,0.6420263052,-0.0110474880,-0.0083331265,-0.0054891912,0.3000000119,0.0000000000,0.7599999905,0.0000000000,0.1912169158,0.0607400648,0.1667597443,0.1092942730,nan,nan,nan,nan,nan,nan,nan,nan,nan,nan,nan,nan,nan,0.1595533788,-0.0233839136,-0.1028763428,0.1520466357,-0.0127534848,-0.0853362679,-0.2449332923,-0.0858118683,-0.0254710577,0.0841881931,0.0185503233,0.2575568855,-0.8677976131,1.0896073580,0.0000000000,3.0929999352,3.0351905823,nan,nan,nan,nan,nan,nan,nan,nan,nan,nan,nan,nan,nan,-0.0048163347,-0.0058035236,0.9940072298,-7.4461174011,-4.8832688332,-9.6103448868
0.2113603055,-0.0085837664,0.6420263052,-0.0110474880,-0.0083331265,-0.0054891912,0.3000000119,0.0000000000,0.7599999905,0.0000000000,0.1912169158,0.0607400648,0.1667597443,0.1092942730,nan,nan,nan,nan,nan,nan,nan,nan,nan,nan,nan,nan,nan,0.1595533788,-0.0233839136,-0.1028763428,0.1520466357,-0.0127534848,-0.0853362679,-0.2449332923,-0.0858118683,-0.0254710577,0.0841881931,0.0185503233,0.2575568855,-0.8677976131,1.0896073580,0.0000000000,3.0929999352,3.0351905823,nan,nan,nan,nan,nan,nan,nan,nan,nan,nan,nan,nan,nan,-0.0048163347,-0.0058035236,0.9940072298,-7.4461174011,-4.8832688332,-9.6103448868
0.2113603055,-0.0085837664,0.6420263052,-0.0110474880,-0.0083331265,-0.0054891912,0.3000000119,0.0000000000,0.7599999905,0.0000000000,0.1912169158,0.0607400648,0.1667597443,0.1092942730,nan,nan,nan,nan,nan,nan,nan,nan,nan,nan,nan,nan,nan,0.1595533788,-0.0233839136,-0.1028763428,0.1520466357,-0.0127534848,-0.0853362679,-0.2449332923,-0.0858118683,-0.0254710577,0.0841881931,0.0185503233,0.2575568855,-0.8677976131,1.0896073580,0.0000000000,3.0929999352,3.0351905823,nan,nan,nan,nan,nan,nan,nan,nan,nan,nan,nan,nan,nan,-0.0048163347,-0.0058035236,0.9940072298,-7.4461174011,-4.8832688332,-9.6103448868
0.2113603055,-0.0085837664,0.6420263052,-0.0110474880,-0.0083331265,-0.0054891912,0.3000000119,0.0000000000,0.7599999905,0.0000000000,0.1912169158,0.0607400648,0.1667597443,0.1092942730,nan,nan,nan,nan,nan,nan,nan,nan,nan,nan,nan,nan,nan,0.1595533788,-0.0233839136,-0.1028763428,0.1520466357,-0.0127534848,-0.0853362679,-0.2449332923,-0.0858118683,-0.0254710577,0.0841881931,0.0185503233,0.2575568855,-0.8677976131,1.0896073580,0.0000000000,3.0929999352,3.0351905823,nan,nan,nan,nan,nan,nan,nan,nan,nan,nan,nan,nan,nan,-0.0048163347,-0.0058035236,0.9940072298,-7.4461174011,-4.8832688332,-9.6103448868
0.2113603055,-0.0085837664,0.6420263052,-0.0110474880,-0.0083331265,-0.0054891912,0.3000000119,0.0000000000,0.7599999905,0.0000000000,0.1912169158,0.0607400648,0.1667597443,0.1092942730,nan,nan,nan,nan,nan,nan,nan,nan,nan,nan,nan,nan,nan,0.1595533788,-0.0233839136,-0.1028763428,0.1520466357,-0.0127534848,-0.0853362679,-0.2449332923,-0.0858118683,-0.0254710577,0.0841881931,0.0185503233,0.2575568855,-0.8677976131,1.0896073580,0.0000000000,3.0929999352,3.0351905823,nan,nan,nan,nan,nan,nan,nan,nan,nan,nan,nan,nan,nan,-0.0048163347,-0.0058035236,0.9940072298,-7.4461174011,-4.8832688332,-9.6103448868
0.2113603055,-0.0085837664,0.6420263052,-0.0110474880,-0.0083331265,-0.0054891912,0.3000000119,0.0000000000,0.7599999905,0.0000000000,0.1912169158,0.0607400648,0.1667597443,0.1092942730,nan,nan,nan,nan,nan,nan,nan,nan,nan,nan,nan,nan,nan,0.1595533788,-0.0233839136,-0.1028763428,0.1520466357,-0.0127534848,-0.0853362679,-0.2449332923,-0.0858118683,-0.0254710577,0.0841881931,0.0185503233,0.2575568855,-0.8677976131,1.0896073580,0.0000000000,3.0929999352,3.0351905823,nan,nan,nan,nan,nan,nan,nan,nan,nan,nan,nan,nan,nan,-0.0048163347,-0.0058035236,0.9940072298,-7.4461174011,-4.8832688332,-9.6103448868
0.2113603055,-0.0085837664,0.6420263052,-0.0110474880,-0.0083331265,-0.0054891912,0.3000000119,0.0000000000,0.7599999905,0.0000000000,0.1912169158,0.0607400648,0.1667597443,0.1092942730,nan,nan,nan,nan,nan,nan,nan,nan,nan,nan,nan,nan,nan,0.1595533788,-0.0233839136,-0.1028763428,0.1520466357,-0.0127534848,-0.0853362679,-0.2449332923,-0.0858118683,-0.0254710577,0.0841881931,0.0185503233,0.2575568855,-0.8677976131,1.0896073580,0.0000000000,3.0929999352,3.0351905823,nan,nan,nan,nan,nan,nan,nan,nan,nan,nan,nan,nan,nan,-0.0048163347,-0.0058035236,0.9940072298,-7.4461174011,-4.8832688332,-9.6103448868
0.2113603055,-0.0085837664,0.6420263052,-0.0110474880,-0.0083331265,-0.0054891912,0.3000000119,0.0000000000,0.7599999905,0.0000000000,0.1912169158,0.0607400648,0.1667597443,0.1092942730,nan,nan,nan,nan,nan,nan,nan,nan,nan,nan,nan,nan,nan,0.1595533788,-0.0233839136,-0.1028763428,0.1520466357,-0.0127534848,-0.0853362679,-0.2449332923,-0.0858118683,-0.0254710577,0.0841881931,0.0185503233,0.2575568855,-0.8677976131,1.0896073580,0.0000000000,3.0929999352,3.0351905823,nan,nan,nan,nan,nan,nan,nan,nan,nan,nan,nan,nan,nan,-0.0048163347,-0.0058035236,0.9940072298,-7.4461174011,-4.8832688332,-9.6103448868
0.2113603055,-0.0085837664,0.6420263052,-0.0110474880,-0.0083331265,-0.0054891912,0.3000000119,0.0000000000,0.7599999905,0.0000000000,0.1912169158,0.0607400648,0.1667597443,0.1092942730,nan,nan,nan,nan,nan,nan,nan,nan,nan,nan,nan,nan,nan,0.1595533788,-0.0233839136,-0.1028763428,0.1520466357,-0.0127534848,-0.0853362679,-0.2449332923,-0.0858118683,-0.0254710577,0.0841881931,0.0185503233,0.2575568855,-0.8677976131,1.0896073580,0.0000000000,3.0929999352,3.0351905823,nan,nan,nan,nan,nan,nan,nan,nan,nan,nan,nan,nan,nan,-0.0048163347,-0.0058035236,0.9940072298,-7.4461174011,-4.8832688332,-9.6103448868
0.2113603055,-0.0085837664,0.6420263052,-0.0110474880,-0.0083331265,-0.0054891912,0.3000000119,0.0000000000,0.7599999905,0.0000000000,0.1912169158,0.0607400648,0.1667597443,0.1092942730,nan,nan,nan,nan,nan,nan,nan,nan,nan,nan,nan,nan,nan,0.1595533788,-0.0233839136,-0.1028763428,0.1520466357,-0.0127534848,-0.0853362679,-0.2449332923,-0.0858118683,-0.0254710577,0.0841881931,0.0185503233,0.2575568855,-0.8677976131,1.0896073580,0.0000000000,3.0929999352,3.0351905823,nan,nan,nan,nan,nan,nan,nan,nan,nan,nan,nan,nan,nan,-0.0048163347,-0.0058035236,0.9940072298,-7.4461174011,-4.8832688332,-9.6103448868
0.2113603055,-0.0085837664,0.6420263052,-0.0110474880,-0.0083331265,-0.0054891912,0.3000000119,0.0000000000,0.7599999905,0.0000000000,0.1912169158,0.0607400648,0.1667597443,0.1092942730,nan,nan,nan,nan,nan,nan,nan,nan,nan,nan,nan,nan,nan,0.1595533788,-0.0233839136,-0.1028763428,0.1520466357,-0.0127534848,-0.0853362679,-0.2449332923,-0.0858118683,-0.0254710577,0.0841881931,0.0185503233,0.2575568855,-0.8677976131,1.0896073580,0.0000000000,3.0929999352,3.0351905823,nan,nan,nan,nan,nan,nan,nan,nan,nan,nan,nan,nan,nan,-0.0048163347,-0.0058035236,0.9940072298,-7.4461174011,-4.8832688332,-9.6103448868
0.2113603055,-0.0085837664,0.6420263052,-0.0110474880,-0.0083331265,-0.0054891912,0.3000000119,0.0000000000,0.7599999905,0.0000000000,0.1912169158,0.0607400648,0.1667597443,0.1092942730,nan,nan,nan,nan,nan,nan,nan,nan,nan,nan,nan,nan,nan,0.1595533788,-0.0233839136,-0.1028763428,0.1520466357,-0.0127534848,-0.0853362679,-0.2449332923,-0.0858118683,-0.0254710577,0.0841881931,0.0185503233,0.2575568855,-0.8677976131,1.0896073580,0.0000000000,3.0929999352,3.0351905823,nan,nan,nan,nan,nan,nan,nan,nan,nan,nan,nan,nan,nan,-0.0048163347,-0.0058035236,0.9940072298,-7.4461174011,-4.8832688332,-9.6103448868
0.2113603055,-0.0085837664,0.6420263052,-0.0110474880,-0.0083331265,-0.0054891912,0.3000000119,0.0000000000,0.7599999905,0.0000000000,0.1912169158,0.0607400648,0.1667597443,0.1092942730,nan,nan,nan,nan,nan,nan,nan,nan,nan,nan,nan,nan,nan,0.1595533788,-0.0233839136,-0.1028763428,0.1520466357,-0.0127534848,-0.0853362679,-0.2449332923,-0.0858118683,-0.0254710577,0.0841881931,0.0185503233,0.2575568855,-0.8677976131,1.0896073580,0.0000000000,3.0929999352,3.0351905823,nan,nan,nan,nan,nan,nan,nan,nan,nan,nan,nan,nan,nan,-0.0048163347,-0.0058035236,0.9940072298,-7.4461174011,-4.8832688332,-9.6103448868
0.2113603055,-0.0085837664,0.6420263052,-0.0110474880,-0.0083331265,-0.0054891912,0.3000000119,0.0000000000,0.7599999905,0.0000000000,0.1912169158,0.0607400648,0.1667597443,0.1092942730,nan,nan,nan,nan,nan,nan,nan,nan,nan,nan,nan,nan,nan,0.1595533788,-0.0233839136,-0.1028763428,0.1520466357,-0.0127534848,-0.0853362679,-0.2449332923,-0.0858118683,-0.0254710577,0.0841881931,0.0185503233,0.2575568855,-0.8677976131,1.0896073580,0.0000000000,3.0929999352,3.0351905823,nan,nan,nan,nan,nan,nan,nan,nan,nan,nan,nan,nan,nan,-0.0048163347,-0.0058035236,0.9940072298,-7.4461174011,-4.8832688332,-9.6103448868
0.2113603055,-0.0085837664,0.6420263052,-0.0110474880,-0.0083331265,-0.0054891912,0.3000000119,0.0000000000,0.7599999905,0.0000000000,0.1912169158,0.0607400648,0.1667597443,0.1092942730,nan,nan,nan,nan,nan,nan,nan,nan,nan,nan,nan,nan,nan,0.1595533788,-0.0233839136,-0.1028763428,0.1520466357,-0.0127534848,-0.0853362679,-0.2449332923,-0.0858118683,-0.0254710577,0.0841881931,0.0185503233,0.2575568855,-0.8677976131,1.0896073580,0.0000000000,3.0929999352,3.0351905823,nan,nan,nan,nan,nan,nan,nan,nan,nan,nan,nan,nan,nan,-0.0048163347,-0.0058035236,0.9940072298,-7.4461174011,-4.8832688332,-9.6103448868
0.2113603055,-0.0085837664,0.6420263052,-0.0110474880,-0.0083331265,-0.0054891912,0.3000000119,0.0000000000,0.7599999905,0.0000000000,0.1912169158,0.0607400648,0.1667597443,0.1092942730,nan,nan,nan,nan,nan,nan,nan,nan,nan,nan,nan,nan,nan,0.1595533788,-0.0233839136,-0.1028763428,0.1520466357,-0.0127534848,-0.0853362679,-0.2449332923,-0.0858118683,-0.0254710577,0.0841881931,0.0185503233,0.2575568855,-0.8677976131,1.0896073580,0.0000000000,3.0929999352,3.0351905823,nan,nan,nan,nan,nan,nan,nan,nan,nan,nan,nan,nan,nan,-0.0048163347,-0.0058035236,0.9940072298,-7.4461174011,-4.8832688332,-9.6103448868
0.2113603055,-0.0085837664,0.6420263052,-0.0110474880,-0.0083331265,-0.0054891912,0.3000000119,0.0000000000,0.7599999905,0.0000000000,0.1912169158,0.0607400648,0.1667597443,0.1092942730,nan,nan,nan,nan,nan,nan,nan,nan,nan,nan,nan,nan,nan,0.1595533788,-0.0233839136,-0.1028763428,0.1520466357,-0.0127534848,-0.0853362679,-0.2449332923,-0.0858118683,-0.0254710577,0.0841881931,0.0185503233,0.2575568855,-0.8677976131,1.0896073580,0.0000000000,3.0929999352,3.0351905823,nan,nan,nan,nan,nan,nan,nan,nan,nan,nan,nan,nan,nan,-0.0048163347,-0.0058035236,0.9940072298,-7.4461174011,-4.8832688332,-9.6103448868
0.2113603055,-0.0085837664,0.6420263052,-0.0110474880,-0.0083331265,-0.0054891912,0.3000000119,0.0000000000,0.7599999905,0.0000000000,0.1912169158,0.0607400648,0.1667597443,0.1092942730,nan,nan,nan,nan,nan,nan,nan,nan,nan,nan,nan,nan,nan,0.1595533788,-0.0233839136,-0.1028763428,0.1520466357,-0.0127534848,-0.0853362679,-0.2449332923,-0.0858118683,-0.0254710577,0.0841881931,0.0185503233,0.2575568855,-0.8677976131,1.0896073580,0.0000000000,3.0929999352,3.0351905823,nan,nan,nan,nan,nan,nan,nan,nan,nan,nan,nan,nan,nan,-0.0048163347,-0.0058035236,0.9940072298,-7.4461174011,-4.8832688332,-9.6103448868
0.2113603055,-0.0085837664,0.6420263052,-0.0110474880,-0.0083331265,-0.0054891912,0.3000000119,0.0000000000,0.7599999905,0.0000000000,0.1912169158,0.0607400648,0.1667597443,0.1092942730,nan,nan,nan,nan,nan,nan,nan,nan,nan,nan,nan,nan,nan,0.1595533788,-0.0233839136,-0.1028763428,0.1520466357,-0.0127534848,-0.0853362679,-0.2449332923,-0.0858118683,-0.0254710577,0.0841881931,0.0185503233,0.2575568855,-0.8677976131,1.0896073580,0.0000000000,3.0929999352,3.0351905823,nan,nan,nan,nan,nan,nan,nan,nan,nan,nan,nan,nan,nan,-0.0048163347,-0.0058035236,0.9940072298,-7.4461174011,-4.8832688332,-9.6103448868
0.2113603055,-0.0085837664,0.6420263052,-0.0110474880,-0.0083331265,-0.0054891912,0.3000000119,0.0000000000,0.7599999905,0.0000000000,0.1912169158,0.0607400648,0.1667597443,0.1092942730,nan,nan,nan,nan,nan,nan,nan,nan,nan,nan,nan,nan,nan,0.1595533788,-0.0233839136,-0.1028763428,0.1520466357,-0.0127534848,-0.0853362679,-0.2449332923,-0.0858118683,-0.0254710577,0.0841881931,0.0185503233,0.2575568855,-0.8677976131,1.0896073580,0.0000000000,3.0929999352,3.0351905823,nan,nan,nan,nan,nan,nan,nan,nan,nan,nan,nan,nan,nan,-0.0048163347,-0.0058035236,0.9940072298,-7.4461174011,-4.8832688332,-9.6103448868
0.2113603055,-0.0085837664,0.6420263052,-0.0110474880,-0.0083331265,-0.0054891912,0.3000000119,0.0000000000,0.7599999905,0.0000000000,0.1912169158,0.0607400648,0.1667597443,0.1092942730,nan,nan,nan,nan,nan,nan,nan,nan,nan,nan,nan,nan,nan,0.1595533788,-0.0233839136,-0.1028763428,0.1520466357,-0.0127534848,-0.0853362679,-0.2449332923,-0.0858118683,-0.0254710577,0.0841881931,0.0185503233,0.2575568855,-0.8677976131,1.0896073580,0.0000000000,3.0929999352,3.0351905823,nan,nan,nan,nan,nan,nan,nan,nan,nan,nan,nan,nan,nan,-0.0048163347,-0.0058035236,0.9940072298,-7.4461174011,-4.8832688332,-9.6103448868
0.2113603055,-0.0085837664,0.6420263052,-0.0110474880,-0.0083331265,-0.0054891912,0.3000000119,0.0000000000,0.7599999905,0.0000000000,0.1912169158,0.0607400648,0.1667597443,0.1092942730,nan,nan,nan,nan,nan,nan,nan,nan,nan,nan,nan,nan,nan,0.1595533788,-0.0233839136,-0.1028763428,0.1520466357,-0.0127534848,-0.0853362679,-0.2449332923,-0.0858118683,-0.0254710577,0.0841881931,0.0185503233,0.2575568855,-0.8677976131,1.0896073580,0.0000000000,3.0929999352,3.0351905823,nan,nan,nan,nan,nan,nan,nan,nan,nan,nan,nan,nan,nan,-0.0048163347,-0.0058035236,0.9940072298,-7.4461174011,-4.8832688332,-9.6103448868
0.2113603055,-0.0085837664,0.6420263052,-0.0110474880,-0.0083331265,-0.0054891912,0.3000000119,0.0000000000,0.7599999905,0.0000000000,0.1912169158,0.0607400648,0.1667597443,0.1092942730,nan,nan,nan,nan,nan,nan,nan,nan,nan,nan,nan,nan,nan,0.1595533788,-0.0233839136,-0.1028763428,0.1520466357,-0.0127534848,-0.0853362679,-0.2449332923,-0.0858118683,-0.0254710577,0.0841881931,0.0185503233,0.2575568855,-0.8677976131,1.0896073580,0.0000000000,3.0929999352,3.0351905823,nan,nan,nan,nan,nan,nan,nan,nan,nan,nan,nan,nan,nan,-0.0048163347,-0.0058035236,0.9940072298,-7.4461174011,-4.8832688332,-9.6103448868
0.2113603055,-0.0085837664,0.6420263052,-0.0110474880,-0.0083331265,-0.0054891912,0.3000000119,0.0000000000,0.7599999905,0.0000000000,0.1912169158,0.0607400648,0.1667597443,0.1092942730,nan,nan,nan,nan,nan,nan,nan,nan,nan,nan,nan,nan,nan,0.1595533788,-0.0233839136,-0.1028763428,0.1520466357,-0.0127534848,-0.0853362679,-0.2449332923,-0.0858118683,-0.0254710577,0.0841881931,0.0185503233,0.2575568855,-0.8677976131,1.0896073580,0.0000000000,3.0929999352,3.0351905823,nan,nan,nan,nan,nan,nan,nan,nan,nan,nan,nan,nan,nan,-0.0048163347,-0.0058035236,0.9940072298,-7.4461174011,-4.8832688332,-9.6103448868
0.2113603055,-0.0085837664,0.6420263052,-0.0110474880,-0.0083331265,-0.0054891912,0.3000000119,0.0000000000,0.7599999905,0.0000000000,0.1912169158,0.0607400648,0.1667597443,0.1092942730,nan,nan,nan,nan,nan,nan,nan,nan,nan,nan,nan,nan,nan,0.1595533788,-0.0233839136,-0.1028763428,0.1520466357,-0.0127534848,-0.0853362679,-0.2449332923,-0.0858118683,-0.0254710577,0.0841881931,0.0185503233,0.2575568855,-0.8677976131,1.0896073580,0.0000000000,3.0929999352,3.0351905823,nan,nan,nan,nan,nan,nan,nan,nan,nan,nan,nan,nan,nan,-0.0048163347,-0.0058035236,0.9940072298,-7.4461174011,-4.8832688332,-9.6103448868
0.2113603055,-0.0085837664,0.6420263052,-0.0110474880,-0.0083331265,-0.0054891912,0.3000000119,0.0000000000,0.7599999905,0.0000000000,0.1912169158,0.0607400648,0.1667597443,0.1092942730,nan,nan,nan,nan,nan,nan,nan,nan,nan,nan,nan,nan,nan,0.1595533788,-0.0233839136,-0.1028763428,0.1520466357,-0.0127534848,-0.0853362679,-0.2449332923,-0.0858118683,-0.0254710577,0.0841881931,0.0185503233,0.2575568855,-0.8677976131,1.0896073580,0.0000000000,3.0929999352,3.0351905823,nan,nan,nan,nan,nan,nan,nan,nan,nan,nan,nan,nan,nan,-0.0048163347,-0.0058035236,0.9940072298,-7.4461174011,-4.8832688332,-9.6103448868
0.2113603055,-0.0085837664,0.6420263052,-0.0110474880,-0.0083331265,-0.0054891912,0.3000000119,0.0000000000,0.7599999905,0.0000000000,0.1912169158,0.0607400648,0.1667597443,0.1092942730,nan,nan,nan,nan,nan,nan,nan,nan,nan,nan,nan,nan,nan,0.1595533788,-0.0233839136,-0.1028763428,0.1520466357,-0.0127534848,-0.0853362679,-0.2449332923,-0.0858118683,-0.0254710577,0.0841881931,0.0185503233,0.2575568855,-0.8677976131,1.0896073580,0.0000000000,3.0929999352,3.0351905823,nan,nan,nan,nan,nan,nan,nan,nan,nan,nan,nan,nan,nan,-0.0048163347,-0.0058035236,0.9940072298,-7.4461174011,-4.8832688332,-9.6103448868
0.2113603055,-0.0085837664,0.6420263052,-0.0110474880,-0.0083331265,-0.0054891912,0.3000000119,0.0000000000,0.7599999905,0.0000000000,0.1912169158,0.0607400648,0.1667597443,0.1092942730,nan,nan,nan,nan,nan,nan,nan,nan,nan,nan,nan,nan,nan,0.1595533788,-0.0233839136,-0.1028763428,0.1520466357,-0.0127534848,-0.0853362679,-0.2449332923,-0.0858118683,-0.0254710577,0.0841881931,0.0185503233,0.2575568855,-0.8677976131,1.0896073580,0.0000000000,3.0929999352,3.0351905823,nan,nan,nan,nan,nan,nan,nan,nan,nan,nan,nan,nan,nan,-0.0048163347,-0.0058035236,0.9940072298,-7.4461174011,-4.8832688332,-9.6103448868
0.2113603055,-0.0085837664,0.6420263052,-0.0110474880,-0.0083331265,-0.0054891912,0.3000000119,0.0000000000,0.7599999905,0.0000000000,0.1912169158,0.0607400648,0.1667597443,0.1092942730,nan,nan,nan,nan,nan,nan,nan,nan,nan,nan,nan,nan,nan,0.1595533788,-0.0233839136,-0.1028763428,0.1520466357,-0.0127534848,-0.0853362679,-0.2449332923,-0.0858118683,-0.0254710577,0.0841881931,0.0185503233,0.2575568855,-0.8677976131,1.0896073580,0.0000000000,3.0929999352,3.0351905823,nan,nan,nan,nan,nan,nan,nan,nan,nan,nan,nan,nan,nan,-0.0048163347,-0.0058035236,0.9940072298,-7.4461174011,-4.8832688332,-9.6103448868
0.2113603055,-0.0085837664,0.6420263052,-0.0110474880,-0.0083331265,-0.0054891912,0.3000000119,0.0000000000,0.7599999905,0.0000000000,0.1912169158,0.0607400648,0.1667597443,0.1092942730,nan,nan,nan,nan,nan,nan,nan,nan,nan,nan,nan,nan,nan,0.1595533788,-0.0233839136,-0.1028763428,0.1520466357,-0.0127534848,-0.0853362679,-0.2449332923,-0.0858118683,-0.0254710577,0.0841881931,0.0185503233,0.2575568855,-0.8677976131,1.0896073580,0.0000000000,3.0929999352,3.0351905823,nan,nan,nan,nan,nan,nan,nan,nan,nan,nan,nan,nan,nan,-0.0048163347,-0.0058035236,0.9940072298,-7.4461174011,-4.8832688332,-9.6103448868
0.2113603055,-0.0085837664,0.6420263052,-0.0110474880,-0.0083331265,-0.0054891912,0.3000000119,0.0000000000,0.7599999905,0.0000000000,0.1912169158,0.0607400648,0.1667597443,0.1092942730,nan,nan,nan,nan,nan,nan,nan,nan,nan,nan,nan,nan,nan,0.1595533788,-0.0233839136,-0.1028763428,0.1520466357,-0.0127534848,-0.0853362679,-0.2449332923,-0.0858118683,-0.0254710577,0.0841881931,0.0185503233,0.2575568855,-0.8677976131,1.0896073580,0.0000000000,3.0929999352,3.0351905823,nan,nan,nan,nan,nan,nan,nan,nan,nan,nan,nan,nan,nan,-0.0048163347,-0.0058035236,0.9940072298,-7.4461174011,-4.8832688332,-9.6103448868
0.2113603055,-0.0085837664,0.6420263052,-0.0110474880,-0.0083331265,-0.0054891912,0.3000000119,0.0000000000,0.7599999905,0.0000000000,0.1912169158,0.0607400648,0.1667597443,0.1092942730,nan,nan,nan,nan,nan,nan,nan,nan,nan,nan,nan,nan,nan,0.1595533788,-0.0233839136,-0.1028763428,0.1520466357,-0.0127534848,-0.0853362679,-0.2449332923,-0.0858118683,-0.0254710577,0.0841881931,0.0185503233,0.2575568855,-0.8677976131,1.0896073580,0.0000000000,3.0929999352,3.0351905823,nan,nan,nan,nan,nan,nan,nan,nan,nan,nan,nan,nan,nan,-0.0048163347,-0.0058035236,0.9940072298,-7.4461174011,-4.8832688332,-9.6103448868
0.2113603055,-0.0085837664,0.6420263052,-0.0110474880,-0.0083331265,-0.0054891912,0.3000000119,0.0000000000,0.7599999905,0.0000000000,0.1912169158,0.0607400648,0.1667597443,0.1092942730,nan,nan,nan,nan,nan,nan,nan,nan,nan,nan,nan,nan,nan,0.1595533788,-0.0233839136,-0.1028763428,0.1520466357,-0.0127534848,-0.0853362679,-0.2449332923,-0.0858118683,-0.0254710577,0.0841881931,0.0185503233,0.2575568855,-0.8677976131,1.0896073580,0.0000000000,3.0929999352,3.0351905823,nan,nan,nan,nan,nan,nan,nan,nan,nan,nan,nan,nan,nan,-0.0048163347,-0.0058035236,0.9940072298,-7.4461174011,-4.8832688332,-9.6103448868
0.2113603055,-0.0085837664,0.6420263052,-0.0110474880,-0.0083331265,-0.0054891912,0.3000000119,0.0000000000,0.7599999905,0.0000000000,0.1912169158,0.0607400648,0.1667597443,0.1092942730,nan,nan,nan,nan,nan,nan,nan,nan,nan,nan,nan,nan,nan,0.1595533788,-0.0233839136,-0.1028763428,0.1520466357,-0.0127534848,-0.0853362679,-0.2449332923,-0.0858118683,-0.0254710577,0.0841881931,0.0185503233,0.2575568855,-0.8677976131,1.0896073580,0.0000000000,3.0929999352,3.0351905823,nan,nan,nan,nan,nan,nan,nan,nan,nan,nan,nan,nan,nan,-0.0048163347,-0.0058035236,0.9940072298,-7.4461174011,-4.8832688332,-9.6103448868
0.2113603055,-0.0085837664,0.6420263052,-0.0110474880,-0.0083331265,-0.0054891912,0.3000000119,0.0000000000,0.7599999905,0.0000000000,0.1912169158,0.0607400648,0.1667597443,0.1092942730,nan,nan,nan,nan,nan,nan,nan,nan,nan,nan,nan,nan,nan,0.1595533788,-0.0233839136,-0.1028763428,0.1520466357,-0.0127534848,-0.0853362679,-0.2449332923,-0.0858118683,-0.0254710577,0.0841881931,0.0185503233,0.2575568855,-0.8677976131,1.0896073580,0.0000000000,3.0929999352,3.0351905823,nan,nan,nan,nan,nan,nan,nan,nan,nan,nan,nan,nan,nan,-0.0048163347,-0.0058035236,0.9940072298,-7.4461174011,-4.8832688332,-9.6103448868
0.2113603055,-0.0085837664,0.6420263052,-0.0110474880,-0.0083331265,-0.0054891912,0.3000000119,0.0000000000,0.7599999905,0.0000000000,0.1912169158,0.0607400648,0.1667597443,0.1092942730,nan,nan,nan,nan,nan,nan,nan,nan,nan,nan,nan,nan,nan,0.1595533788,-0.0233839136,-0.1028763428,0.1520466357,-0.0127534848,-0.0853362679,-0.2449332923,-0.0858118683,-0.0254710577,0.0841881931,0.0185503233,0.2575568855,-0.8677976131,1.0896073580,0.0000000000,3.0929999352,3.0351905823,nan,nan,nan,nan,nan,nan,nan,nan,nan,nan,nan,nan,nan,-0.0048163347,-0.0058035236,0.9940072298,-7.4461174011,-4.8832688332,-9.6103448868
0.2113603055,-0.0085837664,0.6420263052,-0.0110474880,-0.0083331265,-0.0054891912,0.3000000119,0.0000000000,0.7599999905,0.0000000000,0.1912169158,0.0607400648,0.1667597443,0.1092942730,nan,nan,nan,nan,nan,nan,nan,nan,nan,nan,nan,nan,nan,0.1595533788,-0.0233839136,-0.1028763428,0.1520466357,-0.0127534848,-0.0853362679,-0.2449332923,-0.0858118683,-0.0254710577,0.0841881931,0.0185503233,0.2575568855,-0.8677976131,1.0896073580,0.0000000000,3.0929999352,3.0351905823,nan,nan,nan,nan,nan,nan,nan,nan,nan,nan,nan,nan,nan,-0.0048163347,-0.0058035236,0.9940072298,-7.4461174011,-4.8832688332,-9.6103448868
0.2113603055,-0.0085837664,0.6420263052,-0.0110474880,-0.0083331265,-0.0054891912,0.3000000119,0.0000000000,0.7599999905,0.0000000000,0.1912169158,0.0607400648,0.1667597443,0.1092942730,nan,nan,nan,nan,nan,nan,nan,nan,nan,nan,nan,nan,nan,0.1595533788,-0.0233839136,-0.1028763428,0.1520466357,-0.0127534848,-0.0853362679,-0.2449332923,-0.0858118683,-0.0254710577,0.0841881931,0.0185503233,0.2575568855,-0.8677976131,1.0896073580,0.0000000000,3.0929999352,3.0351905823,nan,nan,nan,nan,nan,nan,nan,nan,nan,nan,nan,nan,nan,-0.0048163347,-0.0058035236,0.9940072298,-7.4461174011,-4.8832688332,-9.6103448868
0.2113603055,-0.0085837664,0.6420263052,-0.0110474880,-0.0083331265,-0.0054891912,0.3000000119,0.0000000000,0.7599999905,0.0000000000,0.1912169158,0.0607400648,0.1667597443,0.1092942730,nan,nan,nan,nan,nan,nan,nan,nan,nan,nan,nan,nan,nan,0.1595533788,-0.0233839136,-0.1028763428,0.1520466357,-0.0127534848,-0.0853362679,-0.2449332923,-0.0858118683,-0.0254710577,0.0841881931,0.0185503233,0.2575568855,-0.8677976131,1.0896073580,0.0000000000,3.0929999352,3.0351905823,nan,nan,nan,nan,nan,nan,nan,nan,nan,nan,nan,nan,nan,-0.0048163347,-0.0058035236,0.9940072298,-7.4461174011,-4.8832688332,-9.6103448868
0.2113603055,-0.0085837664,0.6420263052,-0.0110474880,-0.0083331265,-0.0054891912,0.3000000119,0.0000000000,0.7599999905,0.0000000000,0.1912169158,0.0607400648,0.1667597443,0.1092942730,nan,nan,nan,nan,nan,nan,nan,nan,nan,nan,nan,nan,nan,0.1595533788,-0.0233839136,-0.1028763428,0.1520466357,-0.0127534848,-0.0853362679,-0.2449332923,-0.0858118683,-0.0254710577,0.0841881931,0.0185503233,0.2575568855,-0.8677976131,1.0896073580,0.0000000000,3.0929999352,3.0351905823,nan,nan,nan,nan,nan,nan,nan,nan,nan,nan,nan,nan,nan,-0.0048163347,-0.0058035236,0.9940072298,-7.4461174011,-4.8832688332,-9.6103448868
0.2113603055,-0.0085837664,0.6420263052,-0.0110474880,-0.0083331265,-0.0054891912,0.3000000119,0.0000000000,0.7599999905,0.0000000000,0.1912169158,0.0607400648,0.1667597443,0.1092942730,nan,nan,nan,nan,nan,nan,nan,nan,nan,nan,nan,nan,nan,0.1595533788,-0.0233839136,-0.1028763428,0.1520466357,-0.0127534848,-0.0853362679,-0.2449332923,-0.0858118683,-0.0254710577,0.0841881931,0.0185503233,0.2575568855,-0.8677976131,1.0896073580,0.0000000000,3.0929999352,3.0351905823,nan,nan,nan,nan,nan,nan,nan,nan,nan,nan,nan,nan,nan,-0.0048163347,-0.0058035236,0.9940072298,-7.4461174011,-4.8832688332,-9.6103448868
0.2113603055,-0.0085837664,0.6420263052,-0.0110474880,-0.0083331265,-0.0054891912,0.3000000119,0.0000000000,0.7599999905,0.0000000000,0.1912169158,0.0607400648,0.1667597443,0.1092942730,nan,nan,nan,nan,nan,nan,nan,nan,nan,nan,nan,nan,nan,0.1595533788,-0.0233839136,-0.1028763428,0.1520466357,-0.0127534848,-0.0853362679,-0.2449332923,-0.0858118683,-0.0254710577,0.0841881931,0.0185503233,0.2575568855,-0.8677976131,1.0896073580,0.0000000000,3.0929999352,3.0351905823,nan,nan,nan,nan,nan,nan,nan,nan,nan,nan,nan,nan,nan,-0.0048163347,-0.0058035236,0.9940072298,-7.4461174011,-4.8832688332,-9.6103448868
0.2113603055,-0.0085837664,0.6420263052,-0.0110474880,-0.0083331265,-0.0054891912,0.3000000119,0.0000000000,0.7599999905,0.0000000000,0.1912169158,0.0607400648,0.1667597443,0.1092942730,nan,nan,nan,nan,nan,nan,nan,nan,nan,nan,nan,nan,nan,0.1595533788,-0.0233839136,-0.1028763428,0.1520466357,-0.0127534848,-0.0853362679,-0.2449332923,-0.0858118683,-0.0254710577,0.0841881931,0.0185503233,0.2575568855,-0.8677976131,1.0896073580,0.0000000000,3.0929999352,3.0351905823,nan,nan,nan,nan,nan,nan,nan,nan,nan,nan,nan,nan,nan,-0.0048163347,-0.0058035236,0.9940072298,-7.4461174011,-4.8832688332,-9.6103448868
0.2113603055,-0.0085837664,0.6420263052,-0.0110474880,-0.0083331265,-0.0054891912,0.3000000119,0.0000000000,0.7599999905,0.0000000000,0.1912169158,0.0607400648,0.1667597443,0.1092942730,nan,nan,nan,nan,nan,nan,nan,nan,nan,nan,nan,nan,nan,0.1595533788,-0.0233839136,-0.1028763428,0.1520466357,-0.0127534848,-0.0853362679,-0.2449332923,-0.0858118683,-0.0254710577,0.0841881931,0.0185503233,0.2575568855,-0.8677976131,1.0896073580,0.0000000000,3.0929999352,3.0351905823,nan,nan,nan,nan,nan,nan,nan,nan,nan,nan,nan,nan,nan,-0.0048163347,-0.0058035236,0.9940072298,-7.4461174011,-4.8832688332,-9.6103448868
0.2113603055,-0.0085837664,0.6420263052,-0.0110474880,-0.0083331265,-0.0054891912,0.3000000119,0.0000000000,0.7599999905,0.0000000000,0.1912169158,0.0607400648,0.1667597443,0.1092942730,nan,nan,nan,nan,nan,nan,nan,nan,nan,nan,nan,nan,nan,0.1595533788,-0.0233839136,-0.1028763428,0.1520466357,-0.0127534848,-0.0853362679,-0.2449332923,-0.0858118683,-0.0254710577,0.0841881931,0.0185503233,0.2575568855,-0.8677976131,1.0896073580,0.0000000000,3.0929999352,3.0351905823,nan,nan,nan,nan,nan,nan,nan,nan,nan,nan,nan,nan,nan,-0.0048163347,-0.0058035236,0.9940072298,-7.4461174011,-4.8832688332,-9.6103448868
0.2113603055,-0.0085837664,0.6420263052,-0.0110474880,-0.0083331265,-0.0054891912,0.3000000119,0.0000000000,0.7599999905,0.0000000000,0.1912169158,0.0607400648,0.1667597443,0.1092942730,nan,nan,nan,nan,nan,nan,nan,nan,nan,nan,nan,nan,nan,0.1595533788,-0.0233839136,-0.1028763428,0.1520466357,-0.0127534848,-0.0853362679,-0.2449332923,-0.0858118683,-0.0254710577,0.0841881931,0.0185503233,0.2575568855,-0.8677976131,1.0896073580,0.0000000000,3.0929999352,3.0351905823,nan,nan,nan,nan,nan,nan,nan,nan,nan,nan,nan,nan,nan,-0.0048163347,-0.0058035236,0.9940072298,-7.4461174011,-4.8832688332,-9.6103448868
0.2113603055,-0.0085837664,0.6420263052,-0.0110474880,-0.0083331265,-0.0054891912,0.3000000119,0.0000000000,0.7599999905,0.0000000000,0.1912169158,0.0607400648,0.1667597443,0.1092942730,nan,nan,nan,nan,nan,nan,nan,nan,nan,nan,nan,nan,nan,0.1595533788,-0.0233839136,-0.1028763428,0.1520466357,-0.0127534848,-0.0853362679,-0.2449332923,-0.0858118683,-0.0254710577,0.0841881931,0.0185503233,0.2575568855,-0.8677976131,1.0896073580,0.0000000000,3.0929999352,3.0351905823,nan,nan,nan,nan,nan,nan,nan,nan,nan,nan,nan,nan,nan,-0.0048163347,-0.0058035236,0.9940072298,-7.4461174011,-4.8832688332,-9.6103448868
0.2113603055,-0.0085837664,0.6420263052,-0.0110474880,-0.0083331265,-0.0054891912,0.3000000119,0.0000000000,0.7599999905,0.0000000000,0.1912169158,0.0607400648,0.1667597443,0.1092942730,nan,nan,nan,nan,nan,nan,nan,nan,nan,nan,nan,nan,nan,0.1595533788,-0.0233839136,-0.1028763428,0.1520466357,-0.0127534848,-0.0853362679,-0.2449332923,-0.0858118683,-0.0254710577,0.0841881931,0.0185503233,0.2575568855,-0.8677976131,1.0896073580,0.0000000000,3.0929999352,3.0351905823,nan,nan,nan,nan,nan,nan,nan,nan,nan,nan,nan,nan,nan,-0.0048163347,-0.0058035236,0.9940072298,-7.4461174011,-4.8832688332,-9.6103448868
0.2113603055,-0.0085837664,0.6420263052,-0.0110474880,-0.0083331265,-0.0054891912,0.3000000119,0.0000000000,0.7599999905,0.0000000000,0.1912169158,0.0607400648,0.1667597443,0.1092942730,nan,nan,nan,nan,nan,nan,nan,nan,nan,nan,nan,nan,nan,0.1595533788,-0.0233839136,-0.1028763428,0.1520466357,-0.0127534848,-0.0853362679,-0.2449332923,-0.0858118683,-0.0254710577,0.0841881931,0.0185503233,0.2575568855,-0.8677976131,1.0896073580,0.0000000000,3.0929999352,3.0351905823,nan,nan,nan,nan,nan,nan,nan,nan,nan,nan,nan,nan,nan,-0.0048163347,-0.0058035236,0.9940072298,-7.4461174011,-4.8832688332,-9.6103448868
0.2113603055,-0.0085837664,0.6420263052,-0.0110474880,-0.0083331265,-0.0054891912,0.3000000119,0.0000000000,0.7599999905,0.0000000000,0.1912169158,0.0607400648,0.1667597443,0.1092942730,nan,nan,nan,nan,nan,nan,nan,nan,nan,nan,nan,nan,nan,0.1595533788,-0.0233839136,-0.1028763428,0.1520466357,-0.0127534848,-0.0853362679,-0.2449332923,-0.0858118683,-0.0254710577,0.0841881931,0.0185503233,0.2575568855,-0.8677976131,1.0896073580,0.0000000000,3.0929999352,3.0351905823,nan,nan,nan,nan,nan,nan,nan,nan,nan,nan,nan,nan,nan,-0.0048163347,-0.0058035236,0.9940072298,-7.4461174011,-4.8832688332,-9.6103448868
0.2113603055,-0.0085837664,0.6420263052,-0.0110474880,-0.0083331265,-0.0054891912,0.3000000119,0.0000000000,0.7599999905,0.0000000000,0.1912169158,0.0607400648,0.1667597443,0.1092942730,nan,nan,nan,nan,nan,nan,nan,nan,nan,nan,nan,nan,nan,0.1595533788,-0.0233839136,-0.1028763428,0.1520466357,-0.0127534848,-0.0853362679,-0.2449332923,-0.0858118683,-0.0254710577,0.0841881931,0.0185503233,0.2575568855,-0.8677976131,1.0896073580,0.0000000000,3.0929999352,3.0351905823,nan,nan,nan,nan,nan,nan,nan,nan,nan,nan,nan,nan,nan,-0.0048163347,-0.0058035236,0.9940072298,-7.4461174011,-4.8832688332,-9.6103448868
0.2113603055,-0.0085837664,0.6420263052,-0.0110474880,-0.0083331265,-0.0054891912,0.3000000119,0.0000000000,0.7599999905,0.0000000000,0.1912169158,0.0607400648,0.1667597443,0.1092942730,nan,nan,nan,nan,nan,nan,nan,nan,nan,nan,nan,nan,nan,0.1595533788,-0.0233839136,-0.1028763428,0.1520466357,-0.0127534848,-0.0853362679,-0.2449332923,-0.0858118683,-0.0254710577,0.0841881931,0.0185503233,0.2575568855,-0.8677976131,1.0896073580,0.0000000000,3.0929999352,3.0351905823,nan,nan,nan,nan,nan,nan,nan,nan,nan,nan,nan,nan,nan,-0.0048163347,-0.0058035236,0.9940072298,-7.4461174011,-4.8832688332,-9.6103448868
0.2113603055,-0.0085837664,0.6420263052,-0.0110474880,-0.0083331265,-0.0054891912,0.3000000119,0.0000000000,0.7599999905,0.0000000000,0.1912169158,0.0607400648,0.1667597443,0.1092942730,nan,nan,nan,nan,nan,nan,nan,nan,nan,nan,nan,nan,nan,0.1595533788,-0.0233839136,-0.1028763428,0.1520466357,-0.0127534848,-0.0853362679,-0.2449332923,-0.0858118683,-0.0254710577,0.0841881931,0.0185503233,0.2575568855,-0.8677976131,1.0896073580,0.0000000000,3.0929999352,3.0351905823,nan,nan,nan,nan,nan,nan,nan,nan,nan,nan,nan,nan,nan,-0.0048163347,-0.0058035236,0.9940072298,-7.4461174011,-4.8832688332,-9.6103448868
0.2113603055,-0.0085837664,0.6420263052,-0.0110474880,-0.0083331265,-0.0054891912,0.3000000119,0.0000000000,0.7599999905,0.0000000000,0.1912169158,0.0607400648,0.1667597443,0.1092942730,nan,nan,nan,nan,nan,nan,nan,nan,nan,nan,nan,nan,nan,0.1595533788,-0.0233839136,-0.1028763428,0.1520466357,-0.0127534848,-0.0853362679,-0.2449332923,-0.0858118683,-0.0254710577,0.0841881931,0.0185503233,0.2575568855,-0.8677976131,1.0896073580,0.0000000000,3.0929999352,3.0351905823,nan,nan,nan,nan,nan,nan,nan,nan,nan,nan,nan,nan,nan,-0.0048163347,-0.0058035236,0.9940072298,-7.4461174011,-4.8832688332,-9.6103448868
0.2113603055,-0.0085837664,0.6420263052,-0.0110474880,-0.0083331265,-0.0054891912,0.3000000119,0.0000000000,0.7599999905,0.0000000000,0.1912169158,0.0607400648,0.1667597443,0.1092942730,nan,nan,nan,nan,nan,nan,nan,nan,nan,nan,nan,nan,nan,0.1595533788,-0.0233839136,-0.1028763428,0.1520466357,-0.0127534848,-0.0853362679,-0.2449332923,-0.0858118683,-0.0254710577,0.0841881931,0.0185503233,0.2575568855,-0.8677976131,1.0896073580,0.0000000000,3.0929999352,3.0351905823,nan,nan,nan,nan,nan,nan,nan,nan,nan,nan,nan,nan,nan,-0.0048163347,-0.0058035236,0.9940072298,-7.4461174011,-4.8832688332,-9.6103448868
0.2113603055,-0.0085837664,0.6420263052,-0.0110474880,-0.0083331265,-0.0054891912,0.3000000119,0.0000000000,0.7599999905,0.0000000000,0.1912169158,0.0607400648,0.1667597443,0.1092942730,nan,nan,nan,nan,nan,nan,nan,nan,nan,nan,nan,nan,nan,0.1595533788,-0.0233839136,-0.1028763428,0.1520466357,-0.0127534848,-0.0853362679,-0.2449332923,-0.0858118683,-0.0254710577,0.0841881931,0.0185503233,0.2575568855,-0.8677976131,1.0896073580,0.0000000000,3.0929999352,3.0351905823,nan,nan,nan,nan,nan,nan,nan,nan,nan,nan,nan,nan,nan,-0.0048163347,-0.0058035236,0.9940072298,-7.4461174011,-4.8832688332,-9.6103448868
0.2113603055,-0.0085837664,0.6420263052,-0.0110474880,-0.0083331265,-0.0054891912,0.3000000119,0.0000000000,0.7599999905,0.0000000000,0.1912169158,0.0607400648,0.1667597443,0.1092942730,nan,nan,nan,nan,nan,nan,nan,nan,nan,nan,nan,nan,nan,0.1595533788,-0.0233839136,-0.1028763428,0.1520466357,-0.0127534848,-0.0853362679,-0.2449332923,-0.0858118683,-0.0254710577,0.0841881931,0.0185503233,0.2575568855,-0.8677976131,1.0896073580,0.0000000000,3.0929999352,3.0351905823,nan,nan,nan,nan,nan,nan,nan,nan,nan,nan,nan,nan,nan,-0.0048163347,-0.0058035236,0.9940072298,-7.4461174011,-4.8832688332,-9.6103448868
0.2113603055,-0.0085837664,0.6420263052,-0.0110474880,-0.0083331265,-0.0054891912,0.3000000119,0.0000000000,0.7599999905,0.0000000000,0.1912169158,0.0607400648,0.1667597443,0.1092942730,nan,nan,nan,nan,nan,nan,nan,nan,nan,nan,nan,nan,nan,0.1595533788,-0.0233839136,-0.1028763428,0.1520466357,-0.0127534848,-0.0853362679,-0.2449332923,-0.0858118683,-0.0254710577,0.0841881931,0.0185503233,0.2575568855,-0.8677976131,1.0896073580,0.0000000000,3.0929999352,3.0351905823,nan,nan,nan,nan,nan,nan,nan,nan,nan,nan,nan,nan,nan,-0.0048163347,-0.0058035236,0.9940072298,-7.4461174011,-4.8832688332,-9.6103448868
0.2113603055,-0.0085837664,0.6420263052,-0.0110474880,-0.0083331265,-0.0054891912,0.3000000119,0.0000000000,0.7599999905,0.0000000000,0.1912169158,0.0607400648,0.1667597443,0.1092942730,nan,nan,nan,nan,nan,nan,nan,nan,nan,nan,nan,nan,nan,0.1595533788,-0.0233839136,-0.1028763428,0.1520466357,-0.0127534848,-0.0853362679,-0.2449332923,-0.0858118683,-0.0254710577,0.0841881931,0.0185503233,0.2575568855,-0.8677976131,1.0896073580,0.0000000000,3.0929999352,3.0351905823,nan,nan,nan,nan,nan,nan,nan,nan,nan,nan,nan,nan,nan,-0.0048163347,-0.0058035236,0.9940072298,-7.4461174011,-4.8832688332,-9.6103448868
0.2113603055,-0.0085837664,0.6420263052,-0.0110474880,-0.0083331265,-0.0054891912,0.3000000119,0.0000000000,0.7599999905,0.0000000000,0.1912169158,0.0607400648,0.1667597443,0.1092942730,nan,nan,nan,nan,nan,nan,nan,nan,nan,nan,nan,nan,nan,0.1595533788,-0.0233839136,-0.1028763428,0.1520466357,-0.0127534848,-0.0853362679,-0.2449332923,-0.0858118683,-0.0254710577,0.0841881931,0.0185503233,0.2575568855,-0.8677976131,1.0896073580,0.0000000000,3.0929999352,3.0351905823,nan,nan,nan,nan,nan,nan,nan,nan,nan,nan,nan,nan,nan,-0.0048163347,-0.0058035236,0.9940072298,-7.4461174011,-4.8832688332,-9.6103448868
0.2113603055,-0.0085837664,0.6420263052,-0.0110474880,-0.0083331265,-0.0054891912,0.3000000119,0.0000000000,0.7599999905,0.0000000000,0.1912169158,0.0607400648,0.1667597443,0.1092942730,nan,nan,nan,nan,nan,nan,nan,nan,nan,nan,nan,nan,nan,0.1595533788,-0.0233839136,-0.1028763428,0.1520466357,-0.0127534848,-0.0853362679,-0.2449332923,-0.0858118683,-0.0254710577,0.0841881931,0.0185503233,0.2575568855,-0.8677976131,1.0896073580,0.0000000000,3.0929999352,3.0351905823,nan,nan,nan,nan,nan,nan,nan,nan,nan,nan,nan,nan,nan,-0.0048163347,-0.0058035236,0.9940072298,-7.4461174011,-4.8832688332,-9.6103448868
0.2113603055,-0.0085837664,0.6420263052,-0.0110474880,-0.0083331265,-0.0054891912,0.3000000119,0.0000000000,0.7599999905,0.0000000000,0.1912169158,0.0607400648,0.1667597443,0.1092942730,nan,nan,nan,nan,nan,nan,nan,nan,nan,nan,nan,nan,nan,0.1595533788,-0.0233839136,-0.1028763428,0.1520466357,-0.0127534848,-0.0853362679,-0.2449332923,-0.0858118683,-0.0254710577,0.0841881931,0.0185503233,0.2575568855,-0.8677976131,1.0896073580,0.0000000000,3.0929999352,3.0351905823,nan,nan,nan,nan,nan,nan,nan,nan,nan,nan,nan,nan,nan,-0.0048163347,-0.0058035236,0.9940072298,-7.4461174011,-4.8832688332,-9.6103448868
0.2113603055,-0.0085837664,0.6420263052,-0.0110474880,-0.0083331265,-0.0054891912,0.3000000119,0.0000000000,0.7599999905,0.0000000000,0.1912169158,0.0607400648,0.1667597443,0.1092942730,nan,nan,nan,nan,nan,nan,nan,nan,nan,nan,nan,nan,nan,0.1595533788,-0.0233839136,-0.1028763428,0.1520466357,-0.0127534848,-0.0853362679,-0.2449332923,-0.0858118683,-0.0254710577,0.0841881931,0.0185503233,0.2575568855,-0.8677976131,1.0896073580,0.0000000000,3.0929999352,3.0351905823,nan,nan,nan,nan,nan,nan,nan,nan,nan,nan,nan,nan,nan,-0.0048163347,-0.0058035236,0.9940072298,-7.4461174011,-4.8832688332,-9.6103448868
0.2113603055,-0.0085837664,0.6420263052,-0.0110474880,-0.0083331265,-0.0054891912,0.3000000119,0.0000000000,0.7599999905,0.0000000000,0.1912169158,0.0607400648,0.1667597443,0.1092942730,nan,nan,nan,nan,nan,nan,nan,nan,nan,nan,nan,nan,nan,0.1595533788,-0.0233839136,-0.1028763428,0.1520466357,-0.0127534848,-0.0853362679,-0.2449332923,-0.0858118683,-0.0254710577,0.0841881931,0.0185503233,0.2575568855,-0.8677976131,1.0896073580,0.0000000000,3.0929999352,3.0351905823,nan,nan,nan,nan,nan,nan,nan,nan,nan,nan,nan,nan,nan,-0.0048163347,-0.0058035236,0.9940072298,-7.4461174011,-4.8832688332,-9.6103448868
0.2113603055,-0.0085837664,0.6420263052,-0.0110474880,-0.0083331265,-0.0054891912,0.3000000119,0.0000000000,0.7599999905,0.0000000000,0.1912169158,0.0607400648,0.1667597443,0.1092942730,nan,nan,nan,nan,nan,nan,nan,nan,nan,nan,nan,nan,nan,0.1595533788,-0.0233839136,-0.1028763428,0.1520466357,-0.0127534848,-0.0853362679,-0.2449332923,-0.0858118683,-0.0254710577,0.0841881931,0.0185503233,0.2575568855,-0.8677976131,1.0896073580,0.0000000000,3.0929999352,3.0351905823,nan,nan,nan,nan,nan,nan,nan,nan,nan,nan,nan,nan,nan,-0.0048163347,-0.0058035236,0.9940072298,-7.4461174011,-4.8832688332,-9.6103448868
0.2113603055,-0.0085837664,0.6420263052,-0.0110474880,-0.0083331265,-0.0054891912,0.3000000119,0.0000000000,0.7599999905,0.0000000000,0.1912169158,0.0607400648,0.1667597443,0.1092942730,nan,nan,nan,nan,nan,nan,nan,nan,nan,nan,nan,nan,nan,0.1595533788,-0.0233839136,-0.1028763428,0.1520466357,-0.0127534848,-0.0853362679,-0.2449332923,-0.0858118683,-0.0254710577,0.0841881931,0.0185503233,0.2575568855,-0.8677976131,1.0896073580,0.0000000000,3.0929999352,3.0351905823,nan,nan,nan,nan,nan,nan,nan,nan,nan,nan,nan,nan,nan,-0.0048163347,-0.0058035236,0.9940072298,-7.4461174011,-4.8832688332,-9.6103448868
0.2113603055,-0.0085837664,0.6420263052,-0.0110474880,-0.0083331265,-0.0054891912,0.3000000119,0.0000000000,0.7599999905,0.0000000000,0.1912169158,0.0607400648,0.1667597443,0.1092942730,nan,nan,nan,nan,nan,nan,nan,nan,nan,nan,nan,nan,nan,0.1595533788,-0.0233839136,-0.1028763428,0.1520466357,-0.0127534848,-0.0853362679,-0.2449332923,-0.0858118683,-0.0254710577,0.0841881931,0.0185503233,0.2575568855,-0.8677976131,1.0896073580,0.0000000000,3.0929999352,3.0351905823,nan,nan,nan,nan,nan,nan,nan,nan,nan,nan,nan,nan,nan,-0.0048163347,-0.0058035236,0.9940072298,-7.4461174011,-4.8832688332,-9.6103448868
0.2113603055,-0.0085837664,0.6420263052,-0.0110474880,-0.0083331265,-0.0054891912,0.3000000119,0.0000000000,0.7599999905,0.0000000000,0.1912169158,0.0607400648,0.1667597443,0.1092942730,nan,nan,nan,nan,nan,nan,nan,nan,nan,nan,nan,nan,nan,0.1595533788,-0.0233839136,-0.1028763428,0.1520466357,-0.0127534848,-0.0853362679,-0.2449332923,-0.0858118683,-0.0254710577,0.0841881931,0.0185503233,0.2575568855,-0.8677976131,1.0896073580,0.0000000000,3.0929999352,3.0351905823,nan,nan,nan,nan,nan,nan,nan,nan,nan,nan,nan,nan,nan,-0.0048163347,-0.0058035236,0.9940072298,-7.4461174011,-4.8832688332,-9.6103448868
0.2113603055,-0.0085837664,0.6420263052,-0.0110474880,-0.0083331265,-0.0054891912,0.3000000119,0.0000000000,0.7599999905,0.0000000000,0.1912169158,0.0607400648,0.1667597443,0.1092942730,nan,nan,nan,nan,nan,nan,nan,nan,nan,nan,nan,nan,nan,0.1595533788,-0.0233839136,-0.1028763428,0.1520466357,-0.0127534848,-0.0853362679,-0.2449332923,-0.0858118683,-0.0254710577,0.0841881931,0.0185503233,0.2575568855,-0.8677976131,1.0896073580,0.0000000000,3.0929999352,3.0351905823,nan,nan,nan,nan,nan,nan,nan,nan,nan,nan,nan,nan,nan,-0.0048163347,-0.0058035236,0.9940072298,-7.4461174011,-4.8832688332,-9.6103448868
0.2113603055,-0.0085837664,0.6420263052,-0.0110474880,-0.0083331265,-0.0054891912,0.3000000119,0.0000000000,0.7599999905,0.0000000000,0.1912169158,0.0607400648,0.1667597443,0.1092942730,nan,nan,nan,nan,nan,nan,nan,nan,nan,nan,nan,nan,nan,0.1595533788,-0.0233839136,-0.1028763428,0.1520466357,-0.0127534848,-0.0853362679,-0.2449332923,-0.0858118683,-0.0254710577,0.0841881931,0.0185503233,0.2575568855,-0.8677976131,1.0896073580,0.0000000000,3.0929999352,3.0351905823,nan,nan,nan,nan,nan,nan,nan,nan,nan,nan,nan,nan,nan,-0.0048163347,-0.0058035236,0.9940072298,-7.4461174011,-4.8832688332,-9.6103448868
0.2113603055,-0.0085837664,0.6420263052,-0.0110474880,-0.0083331265,-0.0054891912,0.3000000119,0.0000000000,0.7599999905,0.0000000000,0.1912169158,0.0607400648,0.1667597443,0.1092942730,nan,nan,nan,nan,nan,nan,nan,nan,nan,nan,nan,nan,nan,0.1595533788,-0.0233839136,-0.1028763428,0.1520466357,-0.0127534848,-0.0853362679,-0.2449332923,-0.0858118683,-0.0254710577,0.0841881931,0.0185503233,0.2575568855,-0.8677976131,1.0896073580,0.0000000000,3.0929999352,3.0351905823,nan,nan,nan,nan,nan,nan,nan,nan,nan,nan,nan,nan,nan,-0.0048163347,-0.0058035236,0.9940072298,-7.4461174011,-4.8832688332,-9.6103448868
0.2113603055,-0.0085837664,0.6420263052,-0.0110474880,-0.0083331265,-0.0054891912,0.3000000119,0.0000000000,0.7599999905,0.0000000000,0.1912169158,0.0607400648,0.1667597443,0.1092942730,nan,nan,nan,nan,nan,nan,nan,nan,nan,nan,nan,nan,nan,0.1595533788,-0.0233839136,-0.1028763428,0.1520466357,-0.0127534848,-0.0853362679,-0.2449332923,-0.0858118683,-0.0254710577,0.0841881931,0.0185503233,0.2575568855,-0.8677976131,1.0896073580,0.0000000000,3.0929999352,3.0351905823,nan,nan,nan,nan,nan,nan,nan,nan,nan,nan,nan,nan,nan,-0.0048163347,-0.0058035236,0.9940072298,-7.4461174011,-4.8832688332,-9.6103448868
0.2113603055,-0.0085837664,0.6420263052,-0.0110474880,-0.0083331265,-0.0054891912,0.3000000119,0.0000000000,0.7599999905,0.0000000000,0.1912169158,0.0607400648,0.1667597443,0.1092942730,nan,nan,nan,nan,nan,nan,nan,nan,nan,nan,nan,nan,nan,0.1595533788,-0.0233839136,-0.1028763428,0.1520466357,-0.0127534848,-0.0853362679,-0.2449332923,-0.0858118683,-0.0254710577,0.0841881931,0.0185503233,0.2575568855,-0.8677976131,1.0896073580,0.0000000000,3.0929999352,3.0351905823,nan,nan,nan,nan,nan,nan,nan,nan,nan,nan,nan,nan,nan,-0.0048163347,-0.0058035236,0.9940072298,-7.4461174011,-4.8832688332,-9.6103448868
0.2113603055,-0.0085837664,0.6420263052,-0.0110474880,-0.0083331265,-0.0054891912,0.3000000119,0.0000000000,0.7599999905,0.0000000000,0.1912169158,0.0607400648,0.1667597443,0.1092942730,nan,nan,nan,nan,nan,nan,nan,nan,nan,nan,nan,nan,nan,0.1595533788,-0.0233839136,-0.1028763428,0.1520466357,-0.0127534848,-0.0853362679,-0.2449332923,-0.0858118683,-0.0254710577,0.0841881931,0.0185503233,0.2575568855,-0.8677976131,1.0896073580,0.0000000000,3.0929999352,3.0351905823,nan,nan,nan,nan,nan,nan,nan,nan,nan,nan,nan,nan,nan,-0.0048163347,-0.0058035236,0.9940072298,-7.4461174011,-4.8832688332,-9.6103448868
0.2113603055,-0.0085837664,0.6420263052,-0.0110474880,-0.0083331265,-0.0054891912,0.3000000119,0.0000000000,0.7599999905,0.0000000000,0.1912169158,0.0607400648,0.1667597443,0.1092942730,nan,nan,nan,nan,nan,nan,nan,nan,nan,nan,nan,nan,nan,0.1595533788,-0.0233839136,-0.1028763428,0.1520466357,-0.0127534848,-0.0853362679,-0.2449332923,-0.0858118683,-0.0254710577,0.0841881931,0.0185503233,0.2575568855,-0.8677976131,1.0896073580,0.0000000000,3.0929999352,3.0351905823,nan,nan,nan,nan,nan,nan,nan,nan,nan,nan,nan,nan,nan,-0.0048163347,-0.0058035236,0.9940072298,-7.4461174011,-4.8832688332,-9.6103448868
0.2113603055,-0.0085837664,0.6420263052,-0.0110474880,-0.0083331265,-0.0054891912,0.3000000119,0.0000000000,0.7599999905,0.0000000000,0.1912169158,0.0607400648,0.1667597443,0.1092942730,nan,nan,nan,nan,nan,nan,nan,nan,nan,nan,nan,nan,nan,0.1595533788,-0.0233839136,-0.1028763428,0.1520466357,-0.0127534848,-0.0853362679,-0.2449332923,-0.0858118683,-0.0254710577,0.0841881931,0.0185503233,0.2575568855,-0.8677976131,1.0896073580,0.0000000000,3.0929999352,3.0351905823,nan,nan,nan,nan,nan,nan,nan,nan,nan,nan,nan,nan,nan,-0.0048163347,-0.0058035236,0.9940072298,-7.4461174011,-4.8832688332,-9.6103448868
0.2113603055,-0.0085837664,0.6420263052,-0.0110474880,-0.0083331265,-0.0054891912,0.3000000119,0.0000000000,0.7599999905,0.0000000000,0.1912169158,0.0607400648,0.1667597443,0.1092942730,nan,nan,nan,nan,nan,nan,nan,nan,nan,nan,nan,nan,nan,0.1595533788,-0.0233839136,-0.1028763428,0.1520466357,-0.0127534848,-0.0853362679,-0.2449332923,-0.0858118683,-0.0254710577,0.0841881931,0.0185503233,0.2575568855,-0.8677976131,1.0896073580,0.0000000000,3.0929999352,3.0351905823,nan,nan,nan,nan,nan,nan,nan,nan,nan,nan,nan,nan,nan,-0.0048163347,-0.0058035236,0.9940072298,-7.4461174011,-4.8832688332,-9.6103448868
0.2113603055,-0.0085837664,0.6420263052,-0.0110474880,-0.0083331265,-0.0054891912,0.3000000119,0.0000000000,0.7599999905,0.0000000000,0.1912169158,0.0607400648,0.1667597443,0.1092942730,nan,nan,nan,nan,nan,nan,nan,nan,nan,nan,nan,nan,nan,0.1595533788,-0.0233839136,-0.1028763428,0.1520466357,-0.0127534848,-0.0853362679,-0.2449332923,-0.0858118683,-0.0254710577,0.0841881931,0.0185503233,0.2575568855,-0.8677976131,1.0896073580,0.0000000000,3.0929999352,3.0351905823,nan,nan,nan,nan,nan,nan,nan,nan,nan,nan,nan,nan,nan,-0.0048163347,-0.0058035236,0.9940072298,-7.4461174011,-4.8832688332,-9.6103448868
0.2113603055,-0.0085837664,0.6420263052,-0.0110474880,-0.0083331265,-0.0054891912,0.3000000119,0.0000000000,0.7599999905,0.0000000000,0.1912169158,0.0607400648,0.1667597443,0.1092942730,nan,nan,nan,nan,nan,nan,nan,nan,nan,nan,nan,nan,nan,0.1595533788,-0.0233839136,-0.1028763428,0.1520466357,-0.0127534848,-0.0853362679,-0.2449332923,-0.0858118683,-0.0254710577,0.0841881931,0.0185503233,0.2575568855,-0.8677976131,1.0896073580,0.0000000000,3.0929999352,3.0351905823,nan,nan,nan,nan,nan,nan,nan,nan,nan,nan,nan,nan,nan,-0.0048163347,-0.0058035236,0.9940072298,-7.4461174011,-4.8832688332,-9.6103448868
0.2113603055,-0.0085837664,0.6420263052,-0.0110474880,-0.0083331265,-0.0054891912,0.3000000119,0.0000000000,0.7599999905,0.0000000000,0.1912169158,0.0607400648,0.1667597443,0.1092942730,nan,nan,nan,nan,nan,nan,nan,nan,nan,nan,nan,nan,nan,0.1595533788,-0.0233839136,-0.1028763428,0.1520466357,-0.0127534848,-0.0853362679,-0.2449332923,-0.0858118683,-0.0254710577,0.0841881931,0.0185503233,0.2575568855,-0.8677976131,1.0896073580,0.0000000000,3.0929999352,3.0351905823,nan,nan,nan,nan,nan,nan,nan,nan,nan,nan,nan,nan,nan,-0.0048163347,-0.0058035236,0.9940072298,-7.4461174011,-4.8832688332,-9.6103448868
0.2113603055,-0.0085837664,0.6420263052,-0.0110474880,-0.0083331265,-0.0054891912,0.3000000119,0.0000000000,0.7599999905,0.0000000000,0.1912169158,0.0607400648,0.1667597443,0.1092942730,nan,nan,nan,nan,nan,nan,nan,nan,nan,nan,nan,nan,nan,0.1595533788,-0.0233839136,-0.1028763428,0.1520466357,-0.0127534848,-0.0853362679,-0.2449332923,-0.0858118683,-0.0254710577,0.0841881931,0.0185503233,0.2575568855,-0.8677976131,1.0896073580,0.0000000000,3.0929999352,3.0351905823,nan,nan,nan,nan,nan,nan,nan,nan,nan,nan,nan,nan,nan,-0.0048163347,-0.0058035236,0.9940072298,-7.4461174011,-4.8832688332,-9.6103448868
0.2113603055,-0.0085837664,0.6420263052,-0.0110474880,-0.0083331265,-0.0054891912,0.3000000119,0.0000000000,0.7599999905,0.0000000000,0.1912169158,0.0607400648,0.1667597443,0.1092942730,nan,nan,nan,nan,nan,nan,nan,nan,nan,nan,nan,nan,nan,0.1595533788,-0.0233839136,-0.1028763428,0.1520466357,-0.0127534848,-0.0853362679,-0.2449332923,-0.0858118683,-0.0254710577,0.0841881931,0.0185503233,0.2575568855,-0.8677976131,1.0896073580,0.0000000000,3.0929999352,3.0351905823,nan,nan,nan,nan,nan,nan,nan,nan,nan,nan,nan,nan,nan,-0.0048163347,-0.0058035236,0.9940072298,-7.4461174011,-4.8832688332,-9.6103448868
0.2113603055,-0.0085837664,0.6420263052,-0.0110474880,-0.0083331265,-0.0054891912,0.3000000119,0.0000000000,0.7599999905,0.0000000000,0.1912169158,0.0607400648,0.1667597443,0.1092942730,nan,nan,nan,nan,nan,nan,nan,nan,nan,nan,nan,nan,nan,0.1595533788,-0.0233839136,-0.1028763428,0.1520466357,-0.0127534848,-0.0853362679,-0.2449332923,-0.0858118683,-0.0254710577,0.0841881931,0.0185503233,0.2575568855,-0.8677976131,1.0896073580,0.0000000000,3.0929999352,3.0351905823,nan,nan,nan,nan,nan,nan,nan,nan,nan,nan,nan,nan,nan,-0.0048163347,-0.0058035236,0.9940072298,-7.4461174011,-4.8832688332,-9.6103448868
0.2113603055,-0.0085837664,0.6420263052,-0.0110474880,-0.0083331265,-0.0054891912,0.3000000119,0.0000000000,0.7599999905,0.0000000000,0.1912169158,0.0607400648,0.1667597443,0.1092942730,nan,nan,nan,nan,nan,nan,nan,nan,nan,nan,nan,nan,nan,0.1595533788,-0.0233839136,-0.1028763428,0.1520466357,-0.0127534848,-0.0853362679,-0.2449332923,-0.0858118683,-0.0254710577,0.0841881931,0.0185503233,0.2575568855,-0.8677976131,1.0896073580,0.0000000000,3.0929999352,3.0351905823,nan,nan,nan,nan,nan,nan,nan,nan,nan,nan,nan,nan,nan,-0.0048163347,-0.0058035236,0.9940072298,-7.4461174011,-4.8832688332,-9.6103448868
0.2113603055,-0.0085837664,0.6420263052,-0.0110474880,-0.0083331265,-0.0054891912,0.3000000119,0.0000000000,0.7599999905,0.0000000000,0.1912169158,0.0607400648,0.1667597443,0.1092942730,nan,nan,nan,nan,nan,nan,nan,nan,nan,nan,nan,nan,nan,0.1595533788,-0.0233839136,-0.1028763428,0.1520466357,-0.0127534848,-0.0853362679,-0.2449332923,-0.0858118683,-0.0254710577,0.0841881931,0.0185503233,0.2575568855,-0.8677976131,1.0896073580,0.0000000000,3.0929999352,3.0351905823,nan,nan,nan,nan,nan,nan,nan,nan,nan,nan,nan,nan,nan,-0.0048163347,-0.0058035236,0.9940072298,-7.4461174011,-4.8832688332,-9.6103448868
0.2113603055,-0.0085837664,0.6420263052,-0.0110474880,-0.0083331265,-0.0054891912,0.3000000119,0.0000000000,0.7599999905,0.0000000000,0.1912169158,0.0607400648,0.1667597443,0.1092942730,nan,nan,nan,nan,nan,nan,nan,nan,nan,nan,nan,nan,nan,0.1595533788,-0.0233839136,-0.1028763428,0.1520466357,-0.0127534848,-0.0853362679,-0.2449332923,-0.0858118683,-0.0254710577,0.0841881931,0.0185503233,0.2575568855,-0.8677976131,1.0896073580,0.0000000000,3.0929999352,3.0351905823,nan,nan,nan,nan,nan,nan,nan,nan,nan,nan,nan,nan,nan,-0.0048163347,-0.0058035236,0.9940072298,-7.4461174011,-4.8832688332,-9.6103448868
0.2113603055,-0.0085837664,0.6420263052,-0.0110474880,-0.0083331265,-0.0054891912,0.3000000119,0.0000000000,0.7599999905,0.0000000000,0.1912169158,0.0607400648,0.1667597443,0.1092942730,nan,nan,nan,nan,nan,nan,nan,nan,nan,nan,nan,nan,nan,0.1595533788,-0.0233839136,-0.1028763428,0.1520466357,-0.0127534848,-0.0853362679,-0.2449332923,-0.0858118683,-0.0254710577,0.0841881931,0.0185503233,0.2575568855,-0.8677976131,1.0896073580,0.0000000000,3.0929999352,3.0351905823,nan,nan,nan,nan,nan,nan,nan,nan,nan,nan,nan,nan,nan,-0.0048163347,-0.0058035236,0.9940072298,-7.4461174011,-4.8832688332,-9.6103448868
0.2113603055,-0.0085837664,0.6420263052,-0.0110474880,-0.0083331265,-0.0054891912,0.3000000119,0.0000000000,0.7599999905,0.0000000000,0.1912169158,0.0607400648,0.1667597443,0.1092942730,nan,nan,nan,nan,nan,nan,nan,nan,nan,nan,nan,nan,nan,0.1595533788,-0.0233839136,-0.1028763428,0.1520466357,-0.0127534848,-0.0853362679,-0.2449332923,-0.0858118683,-0.0254710577,0.0841881931,0.0185503233,0.2575568855,-0.8677976131,1.0896073580,0.0000000000,3.0929999352,3.0351905823,nan,nan,nan,nan,nan,nan,nan,nan,nan,nan,nan,nan,nan,-0.0048163347,-0.0058035236,0.9940072298,-7.4461174011,-4.8832688332,-9.6103448868
0.2113603055,-0.0085837664,0.6420263052,-0.0110474880,-0.0083331265,-0.0054891912,0.3000000119,0.0000000000,0.7599999905,0.0000000000,0.1912169158,0.0607400648,0.1667597443,0.1092942730,nan,nan,nan,nan,nan,nan,nan,nan,nan,nan,nan,nan,nan,0.1595533788,-0.0233839136,-0.1028763428,0.1520466357,-0.0127534848,-0.0853362679,-0.2449332923,-0.0858118683,-0.0254710577,0.0841881931,0.0185503233,0.2575568855,-0.8677976131,1.0896073580,0.0000000000,3.0929999352,3.0351905823,nan,nan,nan,nan,nan,nan,nan,nan,nan,nan,nan,nan,nan,-0.0048163347,-0.0058035236,0.9940072298,-7.4461174011,-4.8832688332,-9.6103448868
0.2113603055,-0.0085837664,0.6420263052,-0.0110474880,-0.0083331265,-0.0054891912,0.3000000119,0.0000000000,0.7599999905,0.0000000000,0.1912169158,0.0607400648,0.1667597443,0.1092942730,nan,nan,nan,nan,nan,nan,nan,nan,nan,nan,nan,nan,nan,0.1595533788,-0.0233839136,-0.1028763428,0.1520466357,-0.0127534848,-0.0853362679,-0.2449332923,-0.0858118683,-0.0254710577,0.0841881931,0.0185503233,0.2575568855,-0.8677976131,1.0896073580,0.0000000000,3.0929999352,3.0351905823,nan,nan,nan,nan,nan,nan,nan,nan,nan,nan,nan,nan,nan,-0.0048163347,-0.0058035236,0.9940072298,-7.4461174011,-4.8832688332,-9.6103448868
0.2113603055,-0.0085837664,0.6420263052,-0.0110474880,-0.0083331265,-0.0054891912,0.3000000119,0.0000000000,0.7599999905,0.0000000000,0.1912169158,0.0607400648,0.1667597443,0.1092942730,nan,nan,nan,nan,nan,nan,nan,nan,nan,nan,nan,nan,nan,0.1595533788,-0.0233839136,-0.1028763428,0.1520466357,-0.0127534848,-0.0853362679,-0.2449332923,-0.0858118683,-0.0254710577,0.0841881931,0.0185503233,0.2575568855,-0.8677976131,1.0896073580,0.0000000000,3.0929999352,3.0351905823,nan,nan,nan,nan,nan,nan,nan,nan,nan,nan,nan,nan,nan,-0.0048163347,-0.0058035236,0.9940072298,-7.4461174011,-4.8832688332,-9.6103448868
0.2113603055,-0.0085837664,0.6420263052,-0.0110474880,-0.0083331265,-0.0054891912,0.3000000119,0.0000000000,0.7599999905,0.0000000000,0.1912169158,0.0607400648,0.1667597443,0.1092942730,nan,nan,nan,nan,nan,nan,nan,nan,nan,nan,nan,nan,nan,0.1595533788,-0.0233839136,-0.1028763428,0.1520466357,-0.0127534848,-0.0853362679,-0.2449332923,-0.0858118683,-0.0254710577,0.0841881931,0.0185503233,0.2575568855,-0.8677976131,1.0896073580,0.0000000000,3.0929999352,3.0351905823,nan,nan,nan,nan,nan,nan,nan,nan,nan,nan,nan,nan,nan,-0.0048163347,-0.0058035236,0.9940072298,-7.4461174011,-4.8832688332,-9.6103448868
0.2113603055,-0.0085837664,0.6420263052,-0.0110474880,-0.0083331265,-0.0054891912,0.3000000119,0.0000000000,0.7599999905,0.0000000000,0.1912169158,0.0607400648,0.1667597443,0.1092942730,nan,nan,nan,nan,nan,nan,nan,nan,nan,nan,nan,nan,nan,0.1595533788,-0.0233839136,-0.1028763428,0.1520466357,-0.0127534848,-0.0853362679,-0.2449332923,-0.0858118683,-0.0254710577,0.0841881931,0.0185503233,0.2575568855,-0.8677976131,1.0896073580,0.0000000000,3.0929999352,3.0351905823,nan,nan,nan,nan,nan,nan,nan,nan,nan,nan,nan,nan,nan,-0.0048163347,-0.0058035236,0.9940072298,-7.4461174011,-4.8832688332,-9.6103448868
0.2113603055,-0.0085837664,0.6420263052,-0.0110474880,-0.0083331265,-0.0054891912,0.3000000119,0.0000000000,0.7599999905,0.0000000000,0.1912169158,0.0607400648,0.1667597443,0.1092942730,nan,nan,nan,nan,nan,nan,nan,nan,nan,nan,nan,nan,nan,0.1595533788,-0.0233839136,-0.1028763428,0.1520466357,-0.0127534848,-0.0853362679,-0.2449332923,-0.0858118683,-0.0254710577,0.0841881931,0.0185503233,0.2575568855,-0.8677976131,1.0896073580,0.0000000000,3.0929999352,3.0351905823,nan,nan,nan,nan,nan,nan,nan,nan,nan,nan,nan,nan,nan,-0.0048163347,-0.0058035236,0.9940072298,-7.4461174011,-4.8832688332,-9.6103448868
0.2113603055,-0.0085837664,0.6420263052,-0.0110474880,-0.0083331265,-0.0054891912,0.3000000119,0.0000000000,0.7599999905,0.0000000000,0.1912169158,0.0607400648,0.1667597443,0.1092942730,nan,nan,nan,nan,nan,nan,nan,nan,nan,nan,nan,nan,nan,0.1595533788,-0.0233839136,-0.1028763428,0.1520466357,-0.0127534848,-0.0853362679,-0.2449332923,-0.0858118683,-0.0254710577,0.0841881931,0.0185503233,0.2575568855,-0.8677976131,1.0896073580,0.0000000000,3.0929999352,3.0351905823,nan,nan,nan,nan,nan,nan,nan,nan,nan,nan,nan,nan,nan,-0.0048163347,-0.0058035236,0.9940072298,-7.4461174011,-4.8832688332,-9.6103448868
0.2113603055,-0.0085837664,0.6420263052,-0.0110474880,-0.0083331265,-0.0054891912,0.3000000119,0.0000000000,0.7599999905,0.0000000000,0.1912169158,0.0607400648,0.1667597443,0.1092942730,nan,nan,nan,nan,nan,nan,nan,nan,nan,nan,nan,nan,nan,0.1595533788,-0.0233839136,-0.1028763428,0.1520466357,-0.0127534848,-0.0853362679,-0.2449332923,-0.0858118683,-0.0254710577,0.0841881931,0.0185503233,0.2575568855,-0.8677976131,1.0896073580,0.0000000000,3.0929999352,3.0351905823,nan,nan,nan,nan,nan,nan,nan,nan,nan,nan,nan,nan,nan,-0.0048163347,-0.0058035236,0.9940072298,-7.4461174011,-4.8832688332,-9.6103448868
0.2113603055,-0.0085837664,0.6420263052,-0.0110474880,-0.0083331265,-0.0054891912,0.3000000119,0.0000000000,0.7599999905,0.0000000000,0.1912169158,0.0607400648,0.1667597443,0.1092942730,nan,nan,nan,nan,nan,nan,nan,nan,nan,nan,nan,nan,nan,0.1595533788,-0.0233839136,-0.1028763428,0.1520466357,-0.0127534848,-0.0853362679,-0.2449332923,-0.0858118683,-0.0254710577,0.0841881931,0.0185503233,0.2575568855,-0.8677976131,1.0896073580,0.0000000000,3.0929999352,3.0351905823,nan,nan,nan,nan,nan,nan,nan,nan,nan,nan,nan,nan,nan,-0.0048163347,-0.0058035236,0.9940072298,-7.4461174011,-4.8832688332,-9.6103448868
0.2113603055,-0.0085837664,0.6420263052,-0.0110474880,-0.0083331265,-0.0054891912,0.3000000119,0.0000000000,0.7599999905,0.0000000000,0.1912169158,0.0607400648,0.1667597443,0.1092942730,nan,nan,nan,nan,nan,nan,nan,nan,nan,nan,nan,nan,nan,0.1595533788,-0.0233839136,-0.1028763428,0.1520466357,-0.0127534848,-0.0853362679,-0.2449332923,-0.0858118683,-0.0254710577,0.0841881931,0.0185503233,0.2575568855,-0.8677976131,1.0896073580,0.0000000000,3.0929999352,3.0351905823,nan,nan,nan,nan,nan,nan,nan,nan,nan,nan,nan,nan,nan,-0.0048163347,-0.0058035236,0.9940072298,-7.4461174011,-4.8832688332,-9.6103448868
0.2113603055,-0.0085837664,0.6420263052,-0.0110474880,-0.0083331265,-0.0054891912,0.3000000119,0.0000000000,0.7599999905,0.0000000000,0.1912169158,0.0607400648,0.1667597443,0.1092942730,nan,nan,nan,nan,nan,nan,nan,nan,nan,nan,nan,nan,nan,0.1595533788,-0.0233839136,-0.1028763428,0.1520466357,-0.0127534848,-0.0853362679,-0.2449332923,-0.0858118683,-0.0254710577,0.0841881931,0.0185503233,0.2575568855,-0.8677976131,1.0896073580,0.0000000000,3.0929999352,3.0351905823,nan,nan,nan,nan,nan,nan,nan,nan,nan,nan,nan,nan,nan,-0.0048163347,-0.0058035236,0.9940072298,-7.4461174011,-4.8832688332,-9.6103448868
0.2113603055,-0.0085837664,0.6420263052,-0.0110474880,-0.0083331265,-0.0054891912,0.3000000119,0.0000000000,0.7599999905,0.0000000000,0.1912169158,0.0607400648,0.1667597443,0.1092942730,nan,nan,nan,nan,nan,nan,nan,nan,nan,nan,nan,nan,nan,0.1595533788,-0.0233839136,-0.1028763428,0.1520466357,-0.0127534848,-0.0853362679,-0.2449332923,-0.0858118683,-0.0254710577,0.0841881931,0.0185503233,0.2575568855,-0.8677976131,1.0896073580,0.0000000000,3.0929999352,3.0351905823,nan,nan,nan,nan,nan,nan,nan,nan,nan,nan,nan,nan,nan,-0.0048163347,-0.0058035236,0.9940072298,-7.4461174011,-4.8832688332,-9.6103448868
0.2113603055,-0.0085837664,0.6420263052,-0.0110474880,-0.0083331265,-0.0054891912,0.3000000119,0.0000000000,0.7599999905,0.0000000000,0.1912169158,0.0607400648,0.1667597443,0.1092942730,nan,nan,nan,nan,nan,nan,nan,nan,nan,nan,nan,nan,nan,0.1595533788,-0.0233839136,-0.1028763428,0.1520466357,-0.0127534848,-0.0853362679,-0.2449332923,-0.0858118683,-0.0254710577,0.0841881931,0.0185503233,0.2575568855,-0.8677976131,1.0896073580,0.0000000000,3.0929999352,3.0351905823,nan,nan,nan,nan,nan,nan,nan,nan,nan,nan,nan,nan,nan,-0.0048163347,-0.0058035236,0.9940072298,-7.4461174011,-4.8832688332,-9.6103448868
0.2113603055,-0.0085837664,0.6420263052,-0.0110474880,-0.0083331265,-0.0054891912,0.3000000119,0.0000000000,0.7599999905,0.0000000000,0.1912169158,0.0607400648,0.1667597443,0.1092942730,nan,nan,nan,nan,nan,nan,nan,nan,nan,nan,nan,nan,nan,0.1595533788,-0.0233839136,-0.1028763428,0.1520466357,-0.0127534848,-0.0853362679,-0.2449332923,-0.0858118683,-0.0254710577,0.0841881931,0.0185503233,0.2575568855,-0.8677976131,1.0896073580,0.0000000000,3.0929999352,3.0351905823,nan,nan,nan,nan,nan,nan,nan,nan,nan,nan,nan,nan,nan,-0.0048163347,-0.0058035236,0.9940072298,-7.4461174011,-4.8832688332,-9.6103448868
0.2113603055,-0.0085837664,0.6420263052,-0.0110474880,-0.0083331265,-0.0054891912,0.3000000119,0.0000000000,0.7599999905,0.0000000000,0.1912169158,0.0607400648,0.1667597443,0.1092942730,nan,nan,nan,nan,nan,nan,nan,nan,nan,nan,nan,nan,nan,0.1595533788,-0.0233839136,-0.1028763428,0.1520466357,-0.0127534848,-0.0853362679,-0.2449332923,-0.0858118683,-0.0254710577,0.0841881931,0.0185503233,0.2575568855,-0.8677976131,1.0896073580,0.0000000000,3.0929999352,3.0351905823,nan,nan,nan,nan,nan,nan,nan,nan,nan,nan,nan,nan,nan,-0.0048163347,-0.0058035236,0.9940072298,-7.4461174011,-4.8832688332,-9.6103448868
0.2113603055,-0.0085837664,0.6420263052,-0.0110474880,-0.0083331265,-0.0054891912,0.3000000119,0.0000000000,0.7599999905,0.0000000000,0.1912169158,0.0607400648,0.1667597443,0.1092942730,nan,nan,nan,nan,nan,nan,nan,nan,nan,nan,nan,nan,nan,0.1595533788,-0.0233839136,-0.1028763428,0.1520466357,-0.0127534848,-0.0853362679,-0.2449332923,-0.0858118683,-0.0254710577,0.0841881931,0.0185503233,0.2575568855,-0.8677976131,1.0896073580,0.0000000000,3.0929999352,3.0351905823,nan,nan,nan,nan,nan,nan,nan,nan,nan,nan,nan,nan,nan,-0.0048163347,-0.0058035236,0.9940072298,-7.4461174011,-4.8832688332,-9.6103448868
0.2113603055,-0.0085837664,0.6420263052,-0.0110474880,-0.0083331265,-0.0054891912,0.3000000119,0.0000000000,0.7599999905,0.0000000000,0.1912169158,0.0607400648,0.1667597443,0.1092942730,nan,nan,nan,nan,nan,nan,nan,nan,nan,nan,nan,nan,nan,0.1595533788,-0.0233839136,-0.1028763428,0.1520466357,-0.0127534848,-0.0853362679,-0.2449332923,-0.0858118683,-0.0254710577,0.0841881931,0.0185503233,0.2575568855,-0.8677976131,1.0896073580,0.0000000000,3.0929999352,3.0351905823,nan,nan,nan,nan,nan,nan,nan,nan,nan,nan,nan,nan,nan,-0.0048163347,-0.0058035236,0.9940072298,-7.4461174011,-4.8832688332,-9.6103448868
0.2113603055,-0.0085837664,0.6420263052,-0.0110474880,-0.0083331265,-0.0054891912,0.3000000119,0.0000000000,0.7599999905,0.0000000000,0.1912169158,0.0607400648,0.1667597443,0.1092942730,nan,nan,nan,nan,nan,nan,nan,nan,nan,nan,nan,nan,nan,0.1595533788,-0.0233839136,-0.1028763428,0.1520466357,-0.0127534848,-0.0853362679,-0.2449332923,-0.0858118683,-0.0254710577,0.0841881931,0.0185503233,0.2575568855,-0.8677976131,1.0896073580,0.0000000000,3.0929999352,3.0351905823,nan,nan,nan,nan,nan,nan,nan,nan,nan,nan,nan,nan,nan,-0.0048163347,-0.0058035236,0.9940072298,-7.4461174011,-4.8832688332,-9.6103448868
0.2113603055,-0.0085837664,0.6420263052,-0.0110474880,-0.0083331265,-0.0054891912,0.3000000119,0.0000000000,0.7599999905,0.0000000000,0.1912169158,0.0607400648,0.1667597443,0.1092942730,nan,nan,nan,nan,nan,nan,nan,nan,nan,nan,nan,nan,nan,0.1595533788,-0.0233839136,-0.1028763428,0.1520466357,-0.0127534848,-0.0853362679,-0.2449332923,-0.0858118683,-0.0254710577,0.0841881931,0.0185503233,0.2575568855,-0.8677976131,1.0896073580,0.0000000000,3.0929999352,3.0351905823,nan,nan,nan,nan,nan,nan,nan,nan,nan,nan,nan,nan,nan,-0.0048163347,-0.0058035236,0.9940072298,-7.4461174011,-4.8832688332,-9.6103448868
0.2113603055,-0.0085837664,0.6420263052,-0.0110474880,-0.0083331265,-0.0054891912,0.3000000119,0.0000000000,0.7599999905,0.0000000000,0.1912169158,0.0607400648,0.1667597443,0.1092942730,nan,nan,nan,nan,nan,nan,nan,nan,nan,nan,nan,nan,nan,0.1595533788,-0.0233839136,-0.1028763428,0.1520466357,-0.0127534848,-0.0853362679,-0.2449332923,-0.0858118683,-0.0254710577,0.0841881931,0.0185503233,0.2575568855,-0.8677976131,1.0896073580,0.0000000000,3.0929999352,3.0351905823,nan,nan,nan,nan,nan,nan,nan,nan,nan,nan,nan,nan,nan,-0.0048163347,-0.0058035236,0.9940072298,-7.4461174011,-4.8832688332,-9.6103448868
0.2113603055,-0.0085837664,0.6420263052,-0.0110474880,-0.0083331265,-0.0054891912,0.3000000119,0.0000000000,0.7599999905,0.0000000000,0.1912169158,0.0607400648,0.1667597443,0.1092942730,nan,nan,nan,nan,nan,nan,nan,nan,nan,nan,nan,nan,nan,0.1595533788,-0.0233839136,-0.1028763428,0.1520466357,-0.0127534848,-0.0853362679,-0.2449332923,-0.0858118683,-0.0254710577,0.0841881931,0.0185503233,0.2575568855,-0.8677976131,1.0896073580,0.0000000000,3.0929999352,3.0351905823,nan,nan,nan,nan,nan,nan,nan,nan,nan,nan,nan,nan,nan,-0.0048163347,-0.0058035236,0.9940072298,-7.4461174011,-4.8832688332,-9.6103448868
0.2113603055,-0.0085837664,0.6420263052,-0.0110474880,-0.0083331265,-0.0054891912,0.3000000119,0.0000000000,0.7599999905,0.0000000000,0.1912169158,0.0607400648,0.1667597443,0.1092942730,nan,nan,nan,nan,nan,nan,nan,nan,nan,nan,nan,nan,nan,0.1595533788,-0.0233839136,-0.1028763428,0.1520466357,-0.0127534848,-0.0853362679,-0.2449332923,-0.0858118683,-0.0254710577,0.0841881931,0.0185503233,0.2575568855,-0.8677976131,1.0896073580,0.0000000000,3.0929999352,3.0351905823,nan,nan,nan,nan,nan,nan,nan,nan,nan,nan,nan,nan,nan,-0.0048163347,-0.0058035236,0.9940072298,-7.4461174011,-4.8832688332,-9.6103448868
0.2113603055,-0.0085837664,0.6420263052,-0.0110474880,-0.0083331265,-0.0054891912,0.3000000119,0.0000000000,0.7599999905,0.0000000000,0.1912169158,0.0607400648,0.1667597443,0.1092942730,nan,nan,nan,nan,nan,nan,nan,nan,nan,nan,nan,nan,nan,0.1595533788,-0.0233839136,-0.1028763428,0.1520466357,-0.0127534848,-0.0853362679,-0.2449332923,-0.0858118683,-0.0254710577,0.0841881931,0.0185503233,0.2575568855,-0.8677976131,1.0896073580,0.0000000000,3.0929999352,3.0351905823,nan,nan,nan,nan,nan,nan,nan,nan,nan,nan,nan,nan,nan,-0.0048163347,-0.0058035236,0.9940072298,-7.4461174011,-4.8832688332,-9.6103448868
0.2113603055,-0.0085837664,0.6420263052,-0.0110474880,-0.0083331265,-0.0054891912,0.3000000119,0.0000000000,0.7599999905,0.0000000000,0.1912169158,0.0607400648,0.1667597443,0.1092942730,nan,nan,nan,nan,nan,nan,nan,nan,nan,nan,nan,nan,nan,0.1595533788,-0.0233839136,-0.1028763428,0.1520466357,-0.0127534848,-0.0853362679,-0.2449332923,-0.0858118683,-0.0254710577,0.0841881931,0.0185503233,0.2575568855,-0.8677976131,1.0896073580,0.0000000000,3.0929999352,3.0351905823,nan,nan,nan,nan,nan,nan,nan,nan,nan,nan,nan,nan,nan,-0.0048163347,-0.0058035236,0.9940072298,-7.4461174011,-4.8832688332,-9.6103448868
0.2113603055,-0.0085837664,0.6420263052,-0.0110474880,-0.0083331265,-0.0054891912,0.3000000119,0.0000000000,0.7599999905,0.0000000000,0.1912169158,0.0607400648,0.1667597443,0.1092942730,nan,nan,nan,nan,nan,nan,nan,nan,nan,nan,nan,nan,nan,0.1595533788,-0.0233839136,-0.1028763428,0.1520466357,-0.0127534848,-0.0853362679,-0.2449332923,-0.0858118683,-0.0254710577,0.0841881931,0.0185503233,0.2575568855,-0.8677976131,1.0896073580,0.0000000000,3.0929999352,3.0351905823,nan,nan,nan,nan,nan,nan,nan,nan,nan,nan,nan,nan,nan,-0.0048163347,-0.0058035236,0.9940072298,-7.4461174011,-4.8832688332,-9.6103448868
0.2113603055,-0.0085837664,0.6420263052,-0.0110474880,-0.0083331265,-0.0054891912,0.3000000119,0.0000000000,0.7599999905,0.0000000000,0.1912169158,0.0607400648,0.1667597443,0.1092942730,nan,nan,nan,nan,nan,nan,nan,nan,nan,nan,nan,nan,nan,0.1595533788,-0.0233839136,-0.1028763428,0.1520466357,-0.0127534848,-0.0853362679,-0.2449332923,-0.0858118683,-0.0254710577,0.0841881931,0.0185503233,0.2575568855,-0.8677976131,1.0896073580,0.0000000000,3.0929999352,3.0351905823,nan,nan,nan,nan,nan,nan,nan,nan,nan,nan,nan,nan,nan,-0.0048163347,-0.0058035236,0.9940072298,-7.4461174011,-4.8832688332,-9.6103448868
0.2113603055,-0.0085837664,0.6420263052,-0.0110474880,-0.0083331265,-0.0054891912,0.3000000119,0.0000000000,0.7599999905,0.0000000000,0.1912169158,0.0607400648,0.1667597443,0.1092942730,nan,nan,nan,nan,nan,nan,nan,nan,nan,nan,nan,nan,nan,0.1595533788,-0.0233839136,-0.1028763428,0.1520466357,-0.0127534848,-0.0853362679,-0.2449332923,-0.0858118683,-0.0254710577,0.0841881931,0.0185503233,0.2575568855,-0.8677976131,1.0896073580,0.0000000000,3.0929999352,3.0351905823,nan,nan,nan,nan,nan,nan,nan,nan,nan,nan,nan,nan,nan,-0.0048163347,-0.0058035236,0.9940072298,-7.4461174011,-4.8832688332,-9.6103448868
0.2113603055,-0.0085837664,0.6420263052,-0.0110474880,-0.0083331265,-0.0054891912,0.3000000119,0.0000000000,0.7599999905,0.0000000000,0.1912169158,0.0607400648,0.1667597443,0.1092942730,nan,nan,nan,nan,nan,nan,nan,nan,nan,nan,nan,nan,nan,0.1595533788,-0.0233839136,-0.1028763428,0.1520466357,-0.0127534848,-0.0853362679,-0.2449332923,-0.0858118683,-0.0254710577,0.0841881931,0.0185503233,0.2575568855,-0.8677976131,1.0896073580,0.0000000000,3.0929999352,3.0351905823,nan,nan,nan,nan,nan,nan,nan,nan,nan,nan,nan,nan,nan,-0.0048163347,-0.0058035236,0.9940072298,-7.4461174011,-4.8832688332,-9.6103448868
0.2113603055,-0.0085837664,0.6420263052,-0.0110474880,-0.0083331265,-0.0054891912,0.3000000119,0.0000000000,0.7599999905,0.0000000000,0.1912169158,0.0607400648,0.1667597443,0.1092942730,nan,nan,nan,nan,nan,nan,nan,nan,nan,nan,nan,nan,nan,0.1595533788,-0.0233839136,-0.1028763428,0.1520466357,-0.0127534848,-0.0853362679,-0.2449332923,-0.0858118683,-0.0254710577,0.0841881931,0.0185503233,0.2575568855,-0.8677976131,1.0896073580,0.0000000000,3.0929999352,3.0351905823,nan,nan,nan,nan,nan,nan,nan,nan,nan,nan,nan,nan,nan,-0.0048163347,-0.0058035236,0.9940072298,-7.4461174011,-4.8832688332,-9.6103448868
0.2113603055,-0.0085837664,0.6420263052,-0.0110474880,-0.0083331265,-0.0054891912,0.3000000119,0.0000000000,0.7599999905,0.0000000000,0.1912169158,0.0607400648,0.1667597443,0.1092942730,nan,nan,nan,nan,nan,nan,nan,nan,nan,nan,nan,nan,nan,0.1595533788,-0.0233839136,-0.1028763428,0.1520466357,-0.0127534848,-0.0853362679,-0.2449332923,-0.0858118683,-0.0254710577,0.0841881931,0.0185503233,0.2575568855,-0.8677976131,1.0896073580,0.0000000000,3.0929999352,3.0351905823,nan,nan,nan,nan,nan,nan,nan,nan,nan,nan,nan,nan,nan,-0.0048163347,-0.0058035236,0.9940072298,-7.4461174011,-4.8832688332,-9.6103448868
0.2113603055,-0.0085837664,0.6420263052,-0.0110474880,-0.0083331265,-0.0054891912,0.3000000119,0.0000000000,0.7599999905,0.0000000000,0.1912169158,0.0607400648,0.1667597443,0.1092942730,nan,nan,nan,nan,nan,nan,nan,nan,nan,nan,nan,nan,nan,0.1595533788,-0.0233839136,-0.1028763428,0.1520466357,-0.0127534848,-0.0853362679,-0.2449332923,-0.0858118683,-0.0254710577,0.0841881931,0.0185503233,0.2575568855,-0.8677976131,1.0896073580,0.0000000000,3.0929999352,3.0351905823,nan,nan,nan,nan,nan,nan,nan,nan,nan,nan,nan,nan,nan,-0.0048163347,-0.0058035236,0.9940072298,-7.4461174011,-4.8832688332,-9.6103448868
0.2113603055,-0.0085837664,0.6420263052,-0.0110474880,-0.0083331265,-0.0054891912,0.3000000119,0.0000000000,0.7599999905,0.0000000000,0.1912169158,0.0607400648,0.1667597443,0.1092942730,nan,nan,nan,nan,nan,nan,nan,nan,nan,nan,nan,nan,nan,0.1595533788,-0.0233839136,-0.1028763428,0.1520466357,-0.0127534848,-0.0853362679,-0.2449332923,-0.0858118683,-0.0254710577,0.0841881931,0.0185503233,0.2575568855,-0.8677976131,1.0896073580,0.0000000000,3.0929999352,3.0351905823,nan,nan,nan,nan,nan,nan,nan,nan,nan,nan,nan,nan,nan,-0.0048163347,-0.0058035236,0.9940072298,-7.4461174011,-4.8832688332,-9.6103448868
0.2113603055,-0.0085837664,0.6420263052,-0.0110474880,-0.0083331265,-0.0054891912,0.3000000119,0.0000000000,0.7599999905,0.0000000000,0.1912169158,0.0607400648,0.1667597443,0.1092942730,nan,nan,nan,nan,nan,nan,nan,nan,nan,nan,nan,nan,nan,0.1595533788,-0.0233839136,-0.1028763428,0.1520466357,-0.0127534848,-0.0853362679,-0.2449332923,-0.0858118683,-0.0254710577,0.0841881931,0.0185503233,0.2575568855,-0.8677976131,1.0896073580,0.0000000000,3.0929999352,3.0351905823,nan,nan,nan,nan,nan,nan,nan,nan,nan,nan,nan,nan,nan,-0.0048163347,-0.0058035236,0.9940072298,-7.4461174011,-4.8832688332,-9.6103448868
0.2113603055,-0.0085837664,0.6420263052,-0.0110474880,-0.0083331265,-0.0054891912,0.3000000119,0.0000000000,0.7599999905,0.0000000000,0.1912169158,0.0607400648,0.1667597443,0.1092942730,nan,nan,nan,nan,nan,nan,nan,nan,nan,nan,nan,nan,nan,0.1595533788,-0.0233839136,-0.1028763428,0.1520466357,-0.0127534848,-0.0853362679,-0.2449332923,-0.0858118683,-0.0254710577,0.0841881931,0.0185503233,0.2575568855,-0.8677976131,1.0896073580,0.0000000000,3.0929999352,3.0351905823,nan,nan,nan,nan,nan,nan,nan,nan,nan,nan,nan,nan,nan,-0.0048163347,-0.0058035236,0.9940072298,-7.4461174011,-4.8832688332,-9.6103448868
0.2113603055,-0.0085837664,0.6420263052,-0.0110474880,-0.0083331265,-0.0054891912,0.3000000119,0.0000000000,0.7599999905,0.0000000000,0.1912169158,0.0607400648,0.1667597443,0.1092942730,nan,nan,nan,nan,nan,nan,nan,nan,nan,nan,nan,nan,nan,0.1595533788,-0.0233839136,-0.1028763428,0.1520466357,-0.0127534848,-0.0853362679,-0.2449332923,-0.0858118683,-0.0254710577,0.0841881931,0.0185503233,0.2575568855,-0.8677976131,1.0896073580,0.0000000000,3.0929999352,3.0351905823,nan,nan,nan,nan,nan,nan,nan,nan,nan,nan,nan,nan,nan,-0.0048163347,-0.0058035236,0.9940072298,-7.4461174011,-4.8832688332,-9.6103448868
0.2113603055,-0.0085837664,0.6420263052,-0.0110474880,-0.0083331265,-0.0054891912,0.3000000119,0.0000000000,0.7599999905,0.0000000000,0.1912169158,0.0607400648,0.1667597443,0.1092942730,nan,nan,nan,nan,nan,nan,nan,nan,nan,nan,nan,nan,nan,0.1595533788,-0.0233839136,-0.1028763428,0.1520466357,-0.0127534848,-0.0853362679,-0.2449332923,-0.0858118683,-0.0254710577,0.0841881931,0.0185503233,0.2575568855,-0.8677976131,1.0896073580,0.0000000000,3.0929999352,3.0351905823,nan,nan,nan,nan,nan,nan,nan,nan,nan,nan,nan,nan,nan,-0.0048163347,-0.0058035236,0.9940072298,-7.4461174011,-4.8832688332,-9.6103448868
0.2113603055,-0.0085837664,0.6420263052,-0.0110474880,-0.0083331265,-0.0054891912,0.3000000119,0.0000000000,0.7599999905,0.0000000000,0.1912169158,0.0607400648,0.1667597443,0.1092942730,nan,nan,nan,nan,nan,nan,nan,nan,nan,nan,nan,nan,nan,0.1595533788,-0.0233839136,-0.1028763428,0.1520466357,-0.0127534848,-0.0853362679,-0.2449332923,-0.0858118683,-0.0254710577,0.0841881931,0.0185503233,0.2575568855,-0.8677976131,1.0896073580,0.0000000000,3.0929999352,3.0351905823,nan,nan,nan,nan,nan,nan,nan,nan,nan,nan,nan,nan,nan,-0.0048163347,-0.0058035236,0.9940072298,-7.4461174011,-4.8832688332,-9.6103448868
0.2113603055,-0.0085837664,0.6420263052,-0.0110474880,-0.0083331265,-0.0054891912,0.3000000119,0.0000000000,0.7599999905,0.0000000000,0.1912169158,0.0607400648,0.1667597443,0.1092942730,nan,nan,nan,nan,nan,nan,nan,nan,nan,nan,nan,nan,nan,0.1595533788,-0.0233839136,-0.1028763428,0.1520466357,-0.0127534848,-0.0853362679,-0.2449332923,-0.0858118683,-0.0254710577,0.0841881931,0.0185503233,0.2575568855,-0.8677976131,1.0896073580,0.0000000000,3.0929999352,3.0351905823,nan,nan,nan,nan,nan,nan,nan,nan,nan,nan,nan,nan,nan,-0.0048163347,-0.0058035236,0.9940072298,-7.4461174011,-4.8832688332,-9.6103448868
0.2113603055,-0.0085837664,0.6420263052,-0.0110474880,-0.0083331265,-0.0054891912,0.3000000119,0.0000000000,0.7599999905,0.0000000000,0.1912169158,0.0607400648,0.1667597443,0.1092942730,nan,nan,nan,nan,nan,nan,nan,nan,nan,nan,nan,nan,nan,0.1595533788,-0.0233839136,-0.1028763428,0.1520466357,-0.0127534848,-0.0853362679,-0.2449332923,-0.0858118683,-0.0254710577,0.0841881931,0.0185503233,0.2575568855,-0.8677976131,1.0896073580,0.0000000000,3.0929999352,3.0351905823,nan,nan,nan,nan,nan,nan,nan,nan,nan,nan,nan,nan,nan,-0.0048163347,-0.0058035236,0.9940072298,-7.4461174011,-4.8832688332,-9.6103448868
0.2113603055,-0.0085837664,0.6420263052,-0.0110474880,-0.0083331265,-0.0054891912,0.3000000119,0.0000000000,0.7599999905,0.0000000000,0.1912169158,0.0607400648,0.1667597443,0.1092942730,nan,nan,nan,nan,nan,nan,nan,nan,nan,nan,nan,nan,nan,0.1595533788,-0.0233839136,-0.1028763428,0.1520466357,-0.0127534848,-0.0853362679,-0.2449332923,-0.0858118683,-0.0254710577,0.0841881931,0.0185503233,0.2575568855,-0.8677976131,1.0896073580,0.0000000000,3.0929999352,3.0351905823,nan,nan,nan,nan,nan,nan,nan,nan,nan,nan,nan,nan,nan,-0.0048163347,-0.0058035236,0.9940072298,-7.4461174011,-4.8832688332,-9.6103448868
0.2113603055,-0.0085837664,0.6420263052,-0.0110474880,-0.0083331265,-0.0054891912,0.3000000119,0.0000000000,0.7599999905,0.0000000000,0.1912169158,0.0607400648,0.1667597443,0.1092942730,nan,nan,nan,nan,nan,nan,nan,nan,nan,nan,nan,nan,nan,0.1595533788,-0.0233839136,-0.1028763428,0.1520466357,-0.0127534848,-0.0853362679,-0.2449332923,-0.0858118683,-0.0254710577,0.0841881931,0.0185503233,0.2575568855,-0.8677976131,1.0896073580,0.0000000000,3.0929999352,3.0351905823,nan,nan,nan,nan,nan,nan,nan,nan,nan,nan,nan,nan,nan,-0.0048163347,-0.0058035236,0.9940072298,-7.4461174011,-4.8832688332,-9.6103448868
0.2113603055,-0.0085837664,0.6420263052,-0.0110474880,-0.0083331265,-0.0054891912,0.3000000119,0.0000000000,0.7599999905,0.0000000000,0.1912169158,0.0607400648,0.1667597443,0.1092942730,nan,nan,nan,nan,nan,nan,nan,nan,nan,nan,nan,nan,nan,0.1595533788,-0.0233839136,-0.1028763428,0.1520466357,-0.0127534848,-0.0853362679,-0.2449332923,-0.0858118683,-0.0254710577,0.0841881931,0.0185503233,0.2575568855,-0.8677976131,1.0896073580,0.0000000000,3.0929999352,3.0351905823,nan,nan,nan,nan,nan,nan,nan,nan,nan,nan,nan,nan,nan,-0.0048163347,-0.0058035236,0.9940072298,-7.4461174011,-4.8832688332,-9.6103448868
0.2113603055,-0.0085837664,0.6420263052,-0.0110474880,-0.0083331265,-0.0054891912,0.3000000119,0.0000000000,0.7599999905,0.0000000000,0.1912169158,0.0607400648,0.1667597443,0.1092942730,nan,nan,nan,nan,nan,nan,nan,nan,nan,nan,nan,nan,nan,0.1595533788,-0.0233839136,-0.1028763428,0.1520466357,-0.0127534848,-0.0853362679,-0.2449332923,-0.0858118683,-0.0254710577,0.0841881931,0.0185503233,0.2575568855,-0.8677976131,1.0896073580,0.0000000000,3.0929999352,3.0351905823,nan,nan,nan,nan,nan,nan,nan,nan,nan,nan,nan,nan,nan,-0.0048163347,-0.0058035236,0.9940072298,-7.4461174011,-4.8832688332,-9.6103448868
0.2113603055,-0.0085837664,0.6420263052,-0.0110474880,-0.0083331265,-0.0054891912,0.3000000119,0.0000000000,0.7599999905,0.0000000000,0.1912169158,0.0607400648,0.1667597443,0.1092942730,nan,nan,nan,nan,nan,nan,nan,nan,nan,nan,nan,nan,nan,0.1595533788,-0.0233839136,-0.1028763428,0.1520466357,-0.0127534848,-0.0853362679,-0.2449332923,-0.0858118683,-0.0254710577,0.0841881931,0.0185503233,0.2575568855,-0.8677976131,1.0896073580,0.0000000000,3.0929999352,3.0351905823,nan,nan,nan,nan,nan,nan,nan,nan,nan,nan,nan,nan,nan,-0.0048163347,-0.0058035236,0.9940072298,-7.4461174011,-4.8832688332,-9.6103448868
0.2113603055,-0.0085837664,0.6420263052,-0.0110474880,-0.0083331265,-0.0054891912,0.3000000119,0.0000000000,0.7599999905,0.0000000000,0.1912169158,0.0607400648,0.1667597443,0.1092942730,nan,nan,nan,nan,nan,nan,nan,nan,nan,nan,nan,nan,nan,0.1595533788,-0.0233839136,-0.1028763428,0.1520466357,-0.0127534848,-0.0853362679,-0.2449332923,-0.0858118683,-0.0254710577,0.0841881931,0.0185503233,0.2575568855,-0.8677976131,1.0896073580,0.0000000000,3.0929999352,3.0351905823,nan,nan,nan,nan,nan,nan,nan,nan,nan,nan,nan,nan,nan,-0.0048163347,-0.0058035236,0.9940072298,-7.4461174011,-4.8832688332,-9.6103448868
0.2113603055,-0.0085837664,0.6420263052,-0.0110474880,-0.0083331265,-0.0054891912,0.3000000119,0.0000000000,0.7599999905,0.0000000000,0.1912169158,0.0607400648,0.1667597443,0.1092942730,nan,nan,nan,nan,nan,nan,nan,nan,nan,nan,nan,nan,nan,0.1595533788,-0.0233839136,-0.1028763428,0.1520466357,-0.0127534848,-0.0853362679,-0.2449332923,-0.0858118683,-0.0254710577,0.0841881931,0.0185503233,0.2575568855,-0.8677976131,1.0896073580,0.0000000000,3.0929999352,3.0351905823,nan,nan,nan,nan,nan,nan,nan,nan,nan,nan,nan,nan,nan,-0.0048163347,-0.0058035236,0.9940072298,-7.4461174011,-4.8832688332,-9.6103448868
0.2113603055,-0.0085837664,0.6420263052,-0.0110474880,-0.0083331265,-0.0054891912,0.3000000119,0.0000000000,0.7599999905,0.0000000000,0.1912169158,0.0607400648,0.1667597443,0.1092942730,nan,nan,nan,nan,nan,nan,nan,nan,nan,nan,nan,nan,nan,0.1595533788,-0.0233839136,-0.1028763428,0.1520466357,-0.0127534848,-0.0853362679,-0.2449332923,-0.0858118683,-0.0254710577,0.0841881931,0.0185503233,0.2575568855,-0.8677976131,1.0896073580,0.0000000000,3.0929999352,3.0351905823,nan,nan,nan,nan,nan,nan,nan,nan,nan,nan,nan,nan,nan,-0.0048163347,-0.0058035236,0.9940072298,-7.4461174011,-4.8832688332,-9.6103448868
0.2113603055,-0.0085837664,0.6420263052,-0.0110474880,-0.0083331265,-0.0054891912,0.3000000119,0.0000000000,0.7599999905,0.0000000000,0.1912169158,0.0607400648,0.1667597443,0.1092942730,nan,nan,nan,nan,nan,nan,nan,nan,nan,nan,nan,nan,nan,0.1595533788,-0.0233839136,-0.1028763428,0.1520466357,-0.0127534848,-0.0853362679,-0.2449332923,-0.0858118683,-0.0254710577,0.0841881931,0.0185503233,0.2575568855,-0.8677976131,1.0896073580,0.0000000000,3.0929999352,3.0351905823,nan,nan,nan,nan,nan,nan,nan,nan,nan,nan,nan,nan,nan,-0.0048163347,-0.0058035236,0.9940072298,-7.4461174011,-4.8832688332,-9.6103448868
